date,0d,1m,2m,3m,6m,9m,1y,2y,3y,4y,5y,6y,7y,8y,9y,10y
2012-01-04,2.3431,2.5759,2.7381,2.7476,2.659,2.6429,2.7278,2.8296,2.8657,2.99,3.0468,3.3137,3.3469,3.4258,3.437,3.4395
2012-01-05,2.8456,2.786,2.75,2.7581,2.6899,2.6529,2.7404,2.8322,2.8913,2.9919,3.0749,3.3019,3.3526,3.434,3.4318,3.4304
2012-01-06,2.8435,2.7769,2.737,2.7455,2.6345,2.65,2.7391,2.8287,2.8741,2.9707,3.023,3.2696,3.3068,3.3991,3.3977,3.397
2012-01-09,2.8456,2.7812,2.73,2.7138,2.6576,2.6285,2.7308,2.8405,2.8789,2.9708,3.0243,3.2707,3.3025,3.38,3.38,3.3806
2012-01-10,2.5389,2.6453,2.7095,2.7101,2.6515,2.6285,2.7283,2.8338,2.8802,2.9709,3.0286,3.2764,3.3062,3.3988,3.4021,3.403
2012-01-11,2.0856,2.494,2.7395,2.74,2.7453,2.7545,2.7884,2.8527,2.8775,2.9817,3.0297,3.2742,3.3245,3.4163,3.4198,3.4208
2012-01-12,2.3206,2.5821,2.7395,2.74,2.7457,2.7546,2.7841,2.8424,2.8761,2.971,3.0376,3.2794,3.2924,3.3987,3.3988,3.402
2012-01-13,2.7077,2.7273,2.7395,2.74,2.7544,2.7634,2.7938,2.8518,2.8809,2.9924,3.0382,3.2834,3.3062,3.4007,3.409,3.4108
2012-01-16,3.0439,2.9043,2.7993,2.7972,2.7854,2.8019,2.8251,2.874,2.8985,3.0022,3.0582,3.2986,3.3212,3.4127,3.4213,3.4233
2012-01-17,4.2381,3.4967,2.9135,2.8056,2.7953,2.8039,2.8208,2.8559,2.9069,3.0142,3.0556,3.2895,3.305,3.3994,3.4034,3.4045
2012-01-18,5.0381,3.8274,2.9351,2.8527,2.7978,2.8239,2.8614,2.8788,2.9143,3.0118,3.0659,3.2695,3.3045,3.3906,3.3946,3.3957
2012-01-19,3.5689,3.1756,2.8957,2.8824,2.7053,2.7941,2.8439,2.8786,2.9072,2.9954,3.0356,3.2482,3.2841,3.3741,3.375,3.3758
2012-01-20,2.1489,2.5713,2.8705,2.8977,2.7103,2.8037,2.8155,2.8634,2.8942,2.9799,3.0307,3.2381,3.2817,3.3791,3.38,3.3808
2012-01-21,2.1406,2.5651,2.8626,2.896,2.7053,2.7998,2.8169,2.8577,2.8952,2.9864,3.0367,3.2401,3.2787,3.369,3.3803,3.3811
2012-01-29,1.9706,2.5752,2.8791,2.8984,2.6823,2.7692,2.7757,2.8486,2.8817,2.9914,3.0333,3.2408,3.2814,3.3689,3.3787,3.3812
2012-01-30,1.6292,2.4798,2.8664,2.8786,2.6824,2.7712,2.7757,2.8361,2.8858,2.9952,3.0561,3.2559,3.2892,3.3808,3.3963,3.4005
2012-01-31,1.7389,2.5123,2.8813,2.9083,2.7081,2.7612,2.7658,2.8406,2.8893,3.009,3.0502,3.2613,3.2988,3.3903,3.4031,3.4064
2012-02-01,1.7364,2.5466,2.8983,2.9182,2.7364,2.7712,2.7829,2.8548,2.9075,3.0147,3.1131,3.3022,3.3517,3.4242,3.4333,3.4318
2012-02-02,1.7389,2.5783,2.938,2.9624,2.7361,2.7612,2.7733,2.872,2.9059,3.0213,3.1073,3.3218,3.3581,3.433,3.44,3.441
2012-02-03,1.6956,2.558,2.9331,2.9623,2.7352,2.7611,2.7803,2.8736,2.9058,3.0217,3.1113,3.3133,3.3615,3.43,3.438,3.436
2012-02-06,1.5464,2.3974,2.9428,2.9667,2.7275,2.7611,2.8131,2.8755,2.9149,3.0686,3.1409,3.3534,3.3951,3.469,3.479,3.4785
2012-02-07,1.5481,2.3983,2.9424,2.965,2.6866,2.7611,2.8176,2.8766,2.9119,3.0567,3.1364,3.3446,3.3961,3.4698,3.48,3.481
2012-02-08,1.5381,2.4543,3.0367,3.0619,2.7663,2.8733,2.9275,2.9402,2.9761,3.0872,3.1666,3.3647,3.4119,3.5019,3.5094,3.5098
2012-02-09,1.5381,2.4557,3.0456,3.0674,2.869,2.9138,2.9589,3.0004,3.0283,3.1356,3.1726,3.3985,3.4406,3.532,3.54,3.5409
2012-02-10,1.6681,2.4846,3.0134,3.0343,2.8626,2.9197,2.9547,3.0081,3.0251,3.1261,3.1601,3.3803,3.422,3.5154,3.5257,3.521
2012-02-13,1.6697,2.4777,3.0257,3.0515,2.8583,2.8927,2.9037,2.9732,3.0243,3.0913,3.1291,3.3463,3.3989,3.5142,3.5229,3.5148
2012-02-14,1.9787,2.6186,3.0689,3.0888,2.8502,2.9151,2.9325,2.9862,3.0158,3.0915,3.1382,3.328,3.3971,3.5132,3.5234,3.516
2012-02-15,1.9889,2.6472,3.0641,3.0654,2.9256,2.9264,2.9437,3.0136,3.0253,3.131,3.1607,3.3479,3.4338,3.5335,3.5395,3.5335
2012-02-16,2.5739,2.8657,3.0639,3.0633,2.9256,2.93,2.9696,3.0195,3.0369,3.1401,3.1709,3.3516,3.4426,3.5305,3.5346,3.5361
2012-02-17,3.0705,3.0921,3.1136,3.1065,2.9412,2.9688,2.9856,3.0351,3.0601,3.1585,3.1978,3.3857,3.452,3.5314,3.5347,3.5361
2012-02-20,3.0539,3.0663,3.077,3.0706,2.9051,2.9066,2.9219,2.986,3.0061,3.1008,3.148,3.3703,3.4199,3.4994,3.5088,3.5116
2012-02-21,3.1064,3.0905,3.077,3.0771,2.9002,2.9306,2.936,2.9965,3.0376,3.101,3.1459,3.3588,3.4327,3.499,3.5141,3.5164
2012-02-22,2.9789,2.9478,2.9221,2.9211,2.9002,2.9314,2.9395,3.0023,3.0491,3.1153,3.174,3.3588,3.43,3.5002,3.5201,3.5276
2012-02-23,3.0394,2.9959,2.9604,2.9611,2.8797,2.9339,2.9412,3.004,3.0487,3.121,3.1741,3.3761,3.4219,3.5008,3.5189,3.5254
2012-02-24,2.8774,2.9316,2.9751,2.9466,2.8962,2.9178,2.9269,2.9976,3.0497,3.1198,3.1814,3.3789,3.4218,3.5029,3.5143,3.5164
2012-02-27,2.0623,2.5786,2.9673,2.9682,2.9247,2.9297,2.9371,3.0021,3.0634,3.1388,3.2072,3.4036,3.4494,3.5391,3.5494,3.5501
2012-02-28,1.7309,2.4444,2.9673,2.9673,2.9196,2.9265,2.9468,3.0129,3.0693,3.1629,3.2274,3.3979,3.4647,3.5391,3.5444,3.5464
2012-02-29,1.6425,2.4194,2.9723,2.9646,2.9202,2.9272,2.9475,3.0154,3.0602,3.1305,3.2029,3.3858,3.4379,3.5271,3.532,3.534
2012-03-01,1.5559,2.3925,2.9755,2.9651,2.9197,2.9269,2.9305,2.9982,3.0624,3.141,3.2025,3.3951,3.4455,3.54,3.5486,3.55
2012-03-02,1.5784,2.4161,2.9801,2.9657,2.9186,2.9269,2.9256,3.0036,3.0626,3.1513,3.2231,3.415,3.4757,3.5506,3.559,3.5616
2012-03-05,1.4957,2.4282,2.9907,2.9769,2.9082,2.9243,2.9307,3.009,3.0626,3.1596,3.2286,3.4087,3.4926,3.5576,3.56,3.5614
2012-03-06,1.3646,2.3939,2.9852,2.9533,2.8782,2.9127,2.9322,3.009,3.0326,3.1455,3.2133,3.4022,3.4621,3.54,3.5446,3.5465
2012-03-07,1.3646,2.3622,2.9068,2.8993,2.8583,2.8956,2.9013,3.0102,3.0338,3.1537,3.1896,3.3732,3.4325,3.5258,3.5297,3.5316
2012-03-08,1.3638,2.3282,2.9068,2.8996,2.8572,2.8916,2.8958,2.9646,3.0025,3.1376,3.1871,3.3641,3.4342,3.5268,3.5298,3.5316
2012-03-09,1.358,2.3198,2.8968,2.8956,2.8561,2.8719,2.8922,2.968,3.004,3.1492,3.1715,3.3786,3.4309,3.5241,3.5344,3.5367
2012-03-12,1.355,2.3096,2.8824,2.8648,2.8261,2.8375,2.8595,2.9422,2.9993,3.1305,3.1498,3.3596,3.4197,3.5241,3.5231,3.5242
2012-03-13,1.4667,2.3351,2.8574,2.8594,2.8208,2.8368,2.8654,2.9571,2.9817,3.1178,3.1576,3.3636,3.4223,3.5236,3.5382,3.5401
2012-03-14,1.4631,2.3338,2.8574,2.8593,2.821,2.8426,2.8785,2.9638,2.9926,3.1311,3.1752,3.3652,3.4454,3.5283,3.544,3.5451
2012-03-15,1.5969,2.3791,2.8526,2.8588,2.8211,2.8409,2.8872,2.9791,2.9953,3.1611,3.1902,3.3953,3.4555,3.5481,3.5595,3.5589
2012-03-16,1.6775,2.4106,2.8572,2.8636,2.8211,2.8439,2.869,2.9703,2.9876,3.1394,3.1881,3.3713,3.4456,3.5381,3.5457,3.5483
2012-03-19,1.6942,2.4143,2.8477,2.8496,2.8311,2.8437,2.8452,2.9625,2.9909,3.1515,3.1826,3.3751,3.4407,3.5481,3.5574,3.559
2012-03-20,1.7984,2.4459,2.8379,2.8399,2.8311,2.8461,2.8711,2.9708,2.9869,3.1336,3.2038,3.373,3.4513,3.5557,3.56,3.5601
2012-03-21,1.847,2.4602,2.833,2.8396,2.8316,2.8525,2.8775,2.969,2.9901,3.1345,3.2148,3.388,3.4473,3.5507,3.5581,3.5608
2012-03-22,1.9975,2.5134,2.828,2.8347,2.8315,2.8502,2.8816,2.9685,2.9948,3.1431,3.1863,3.3719,3.4514,3.5407,3.5488,3.5502
2012-03-23,2.0117,2.5191,2.8287,2.8354,2.8277,2.8507,2.8528,2.9436,2.9788,3.1173,3.1597,3.3748,3.4307,3.5187,3.5255,3.5267
2012-03-26,1.9834,2.5047,2.823,2.8299,2.8284,2.8512,2.8436,2.9458,2.9708,3.104,3.1676,3.3694,3.4261,3.5189,3.5222,3.5247
2012-03-27,1.8475,2.4537,2.823,2.8299,2.8289,2.8538,2.8436,2.9384,2.9732,3.1171,3.1688,3.3813,3.4335,3.5289,3.5385,3.5403
2012-03-28,1.9342,2.4897,2.823,2.8034,2.8228,2.8539,2.8485,2.913,2.9631,3.1184,3.1521,3.3569,3.4242,3.5163,3.5197,3.5223
2012-03-29,1.9,2.4477,2.778,2.7755,2.7718,2.8257,2.8336,2.8603,2.9278,3.0724,3.142,3.3519,3.4098,3.4963,3.5112,3.5143
2012-03-30,1.9759,2.4569,2.7503,2.7559,2.7682,2.8072,2.8355,2.8587,2.933,3.0818,3.1236,3.3457,3.4038,3.4916,3.5015,3.5054
2012-03-31,1.9725,2.4557,2.7505,2.7562,2.7685,2.8098,2.8355,2.8542,2.9225,3.0815,3.1236,3.3397,3.4016,3.486,3.498,3.5004
2012-04-01,1.9384,2.4441,2.7584,2.7662,2.7701,2.8262,2.8551,2.8755,2.9252,3.1014,3.1436,3.3588,3.4242,3.5003,3.5181,3.5204
2012-04-05,2.3025,2.5805,2.759,2.771,2.7754,2.8479,2.8595,2.8733,2.9163,3.1133,3.1362,3.3614,3.4219,3.5128,3.5195,3.5191
2012-04-06,2.528,2.6646,2.7583,2.7698,2.783,2.8458,2.8731,2.8818,2.9152,3.1186,3.1411,3.3591,3.4275,3.5135,3.52,3.5203
2012-04-09,2.2117,2.5498,2.7649,2.7766,2.7857,2.8584,2.8698,2.8792,2.9301,3.1118,3.1418,3.3736,3.4323,3.5226,3.5323,3.5352
2012-04-10,2.2938,2.568,2.7456,2.7569,2.7794,2.8433,2.8712,2.8872,2.9121,3.0786,3.1307,3.3723,3.422,3.5216,3.5334,3.5366
2012-04-11,2.2967,2.5694,2.7456,2.7569,2.7751,2.8287,2.8714,2.8875,2.9136,3.0816,3.124,3.3569,3.4337,3.5116,3.5271,3.5308
2012-04-12,2.3467,2.5879,2.7456,2.7569,2.7715,2.8795,2.8994,2.9053,2.9222,3.0917,3.1439,3.3841,3.4272,3.5216,3.5373,3.5407
2012-04-13,2.5708,2.6766,2.7455,2.7539,2.7715,2.8794,2.8799,2.8942,2.9272,3.1035,3.1511,3.3878,3.4218,3.5021,3.5223,3.5277
2012-04-16,2.468,2.6374,2.7495,2.7575,2.7614,2.8803,2.8835,2.8949,2.925,3.0968,3.1529,3.3862,3.4321,3.5022,3.5245,3.5318
2012-04-17,2.1783,2.5347,2.7595,2.7676,2.7714,2.8434,2.872,2.8827,2.9235,3.0937,3.1531,3.3713,3.4203,3.5002,3.5225,3.5291
2012-04-18,2.1762,2.5283,2.7493,2.7574,2.7614,2.8237,2.8545,2.879,2.9226,3.1118,3.1605,3.3926,3.4247,3.5082,3.5302,3.5366
2012-04-19,2.3772,2.5945,2.7359,2.7441,2.7642,2.8184,2.846,2.8674,2.9371,3.118,3.1733,3.397,3.4325,3.5206,3.5447,3.5518
2012-04-20,2.578,2.6707,2.7371,2.7447,2.7511,2.7993,2.837,2.8627,2.9303,3.1099,3.1603,3.3842,3.4281,3.5156,3.536,3.5414
2012-04-23,2.5047,2.6407,2.7321,2.7389,2.7591,2.805,2.8473,2.8767,2.922,3.0904,3.1642,3.375,3.4214,3.5226,3.5385,3.5407
2012-04-24,2.3942,2.5805,2.7221,2.7396,2.7514,2.8026,2.8439,2.8786,2.93,3.0825,3.1602,3.3785,3.4159,3.5056,3.5251,3.5302
2012-04-25,2.6437,2.6979,2.7521,2.7712,2.7814,2.8144,2.8455,2.8907,2.9451,3.107,3.1577,3.386,3.4283,3.508,3.5301,3.5369
2012-04-26,2.5838,2.6635,2.7421,2.7668,2.7879,2.8054,2.8489,2.8972,2.9569,3.1177,3.1545,3.3632,3.4266,3.4989,3.5328,3.5357
2012-04-27,2.433,2.6115,2.7383,2.7652,2.7925,2.8084,2.8541,2.905,2.9529,3.1144,3.1538,3.348,3.4162,3.4939,3.5255,3.5389
2012-04-28,1.9447,2.4158,2.7397,2.7637,2.7903,2.8092,2.8562,2.9081,2.9582,3.1233,3.1508,3.3539,3.4126,3.4926,3.5251,3.5391
2012-05-02,1.9847,2.4154,2.7093,2.7624,2.778,2.7849,2.845,2.9052,2.9672,3.118,3.1589,3.3465,3.4238,3.4966,3.5291,3.5449
2012-05-03,2.103,2.4246,2.6993,2.7733,2.784,2.7853,2.8496,2.9122,2.989,3.1149,3.1608,3.3669,3.4151,3.4917,3.5268,3.5454
2012-05-04,2.1054,2.4249,2.6975,2.7617,2.7871,2.805,2.8618,2.9163,3.0044,3.119,3.1651,3.3536,3.4285,3.4897,3.5254,3.5512
2012-05-07,2.1105,2.3992,2.6492,2.7477,2.7866,2.803,2.8612,2.9109,2.9972,3.1159,3.1634,3.3423,3.4223,3.4869,3.5246,3.5518
2012-05-08,1.6163,2.2054,2.6663,2.7557,2.7729,2.7877,2.8572,2.9112,2.998,3.1058,3.1592,3.3548,3.4209,3.4853,3.5234,3.552
2012-05-09,1.543,2.1718,2.6596,2.73,2.75,2.7504,2.8399,2.9034,2.9778,3.0836,3.1588,3.3671,3.4105,3.4829,3.5189,3.5414
2012-05-10,1.5146,2.1946,2.678,2.7001,2.7025,2.7083,2.7978,2.8564,2.9642,3.0415,3.1243,3.3589,3.3994,3.4732,3.5084,3.5287
2012-05-11,1.5129,2.2145,2.6401,2.6421,2.6451,2.653,2.7531,2.8102,2.9248,2.9676,3.0901,3.2986,3.3687,3.4411,3.4743,3.4907
2012-05-14,1.1601,1.9015,2.3603,2.37,2.37,2.3774,2.5488,2.6864,2.8044,2.8339,3.0241,3.2301,3.3511,3.3938,3.4247,3.4461
2012-05-15,1.1105,1.9145,2.3997,2.3998,2.3616,2.3035,2.4766,2.5692,2.6444,2.7436,2.8374,3.1635,3.2572,3.3561,3.3912,3.405
2012-05-16,1.0654,1.9347,2.4181,2.428,2.3679,2.2784,2.4042,2.5082,2.5847,2.691,2.8068,3.1176,3.2049,3.34,3.3576,3.3618
2012-05-17,1.0494,1.9036,2.362,2.3713,2.3437,2.294,2.4267,2.5527,2.6848,2.7442,2.8909,3.2042,3.2366,3.3727,3.4042,3.4116
2012-05-18,1.0654,1.8726,2.3276,2.3368,2.3277,2.2937,2.4196,2.5299,2.6371,2.707,2.8192,3.1698,3.2065,3.3532,3.3595,3.3614
2012-05-21,1.0522,1.7693,2.2495,2.29,2.293,2.2935,2.4317,2.5533,2.6672,2.7224,2.8367,3.1893,3.2076,3.3699,3.3834,3.3866
2012-05-22,1.0588,1.7646,2.2365,2.277,2.2894,2.2949,2.3817,2.5606,2.6383,2.7354,2.8442,3.199,3.2245,3.3647,3.3893,3.3948
2012-05-23,1.083,1.8144,2.2545,2.2556,2.2814,2.2969,2.3517,2.5603,2.6412,2.7456,2.8404,3.1966,3.2151,3.3544,3.3767,3.3825
2012-05-24,1.1213,1.8019,2.1632,2.2056,2.2159,2.2248,2.261,2.4746,2.4928,2.672,2.7346,3.1347,3.1718,3.3424,3.3581,3.3619
2012-05-25,1.1396,1.7426,2.1432,2.1756,2.1825,2.1866,2.2347,2.4184,2.4544,2.5917,2.6454,3.036,3.1186,3.2894,3.2991,3.3019
2012-05-28,1.1497,1.7722,2.1661,2.1819,2.1959,2.199,2.25,2.4134,2.4502,2.6387,2.6878,3.0673,3.1681,3.3294,3.339,3.3418
2012-05-29,1.1422,1.7721,2.1712,2.187,2.199,2.1958,2.25,2.4253,2.4498,2.6754,2.7335,3.0946,3.1825,3.3573,3.3688,3.3718
2012-05-30,1.1438,1.796,2.2022,2.2189,2.2134,2.1941,2.2534,2.4346,2.5089,2.713,2.78,3.1167,3.2002,3.368,3.3746,3.3766
2012-05-31,1.1168,1.7462,2.1498,2.17,2.18,2.1814,2.2307,2.4131,2.4454,2.6953,2.796,3.1033,3.1521,3.3366,3.342,3.3443
2012-06-01,1.133,1.7453,2.1428,2.1633,2.1701,2.1709,2.2042,2.3707,2.4178,2.6373,2.8199,3.0924,3.1493,3.3277,3.3387,3.3416
2012-06-04,1.1563,1.7478,2.1378,2.1593,2.1638,2.1775,2.2,2.357,2.4221,2.6155,2.8271,3.0799,3.1553,3.3385,3.3446,3.3469
2012-06-05,1.2363,1.797,2.1429,2.1482,2.154,2.1931,2.2104,2.3624,2.4519,2.6336,2.8629,3.1002,3.1777,3.3541,3.355,3.3568
2012-06-06,1.4397,1.8666,2.1431,2.16,2.1624,2.191,2.2215,2.3779,2.4563,2.6465,2.901,3.1297,3.185,3.3486,3.3586,3.36
2012-06-07,1.6388,1.9404,2.1494,2.1655,2.176,2.2066,2.2514,2.4083,2.4644,2.6496,2.8983,3.1141,3.1926,3.3584,3.3728,3.3751
2012-06-08,1.6413,1.8396,2.0378,2.1205,2.1264,2.134,2.1587,2.3194,2.3929,2.6011,2.838,3.0547,3.1458,3.2989,3.3087,3.3101
2012-06-11,1.5576,1.8327,2.0377,2.0711,2.1099,2.1683,2.1779,2.3453,2.4233,2.6291,2.9186,3.1169,3.1709,3.3286,3.3461,3.3491
2012-06-12,1.6247,1.8516,2.0284,2.0619,2.1114,2.1755,2.1889,2.3634,2.4819,2.6468,2.9222,3.129,3.1983,3.3286,3.3626,3.3747
2012-06-13,1.7318,1.9041,2.0486,2.0826,2.1115,2.1861,2.209,2.3865,2.5342,2.6822,2.9734,3.138,3.2117,3.3414,3.3806,3.3909
2012-06-14,1.7863,1.9259,2.0492,2.0832,2.1234,2.1969,2.2508,2.4012,2.5719,2.6924,2.9909,3.1382,3.2185,3.3498,3.3902,3.4009
2012-06-15,1.7972,1.9262,2.0487,2.0832,2.0896,2.212,2.246,2.3864,2.5608,2.6736,2.984,3.1253,3.2045,3.3492,3.3848,3.3932
2012-06-18,1.7768,1.9148,2.0475,2.0832,2.0951,2.226,2.2609,2.4286,2.5996,2.7521,3.0625,3.1517,3.2486,3.3754,3.4036,3.4107
2012-06-19,1.9288,1.9884,2.0479,2.0849,2.102,2.2842,2.3308,2.447,2.6365,2.7745,3.058,3.1466,3.2234,3.384,3.4051,3.4093
2012-06-20,2.2222,2.1404,2.0822,2.0856,2.1074,2.2944,2.3708,2.4635,2.6627,2.7923,3.0573,3.156,3.2223,3.3998,3.4087,3.4101
2012-06-21,2.5347,2.2518,2.0822,2.0823,2.0846,2.3144,2.3655,2.4338,2.6241,2.7666,3.0301,3.1412,3.2015,3.3898,3.3988,3.4001
2012-06-25,2.5954,2.2735,2.0803,2.0808,2.1356,2.3297,2.3666,2.4212,2.6384,2.7565,2.9961,3.1357,3.1902,3.3601,3.3666,3.3677
2012-06-26,2.8221,2.3659,2.0906,2.081,2.1322,2.3377,2.3616,2.4078,2.602,2.7216,2.9631,3.1166,3.1602,3.3501,3.3631,3.3653
2012-06-27,2.4413,2.2087,2.0818,2.111,2.1892,2.3377,2.3716,2.3828,2.5523,2.7084,2.92,3.093,3.1222,3.3201,3.3245,3.3252
2012-06-28,2.4929,2.2157,2.0727,2.1004,2.2196,2.3383,2.3566,2.3583,2.5277,2.6787,2.8981,3.0877,3.1221,3.3151,3.3238,3.3253
2012-06-29,2.5454,2.2492,2.0714,2.0991,2.2184,2.3152,2.342,2.3509,2.5235,2.6702,2.9143,3.0791,3.1039,3.3154,3.3239,3.3253
2012-07-02,2.5538,2.2472,2.0633,2.1034,2.2187,2.3193,2.347,2.3495,2.5474,2.6853,2.9393,3.0892,3.115,3.3241,3.3337,3.3353
2012-07-03,2.1922,2.1173,2.0724,2.1162,2.2261,2.2911,2.3452,2.3465,2.5729,2.6807,2.9173,3.0849,3.1113,3.3025,3.3178,3.3204
2012-07-04,1.5654,1.8297,2.0524,2.1058,2.2099,2.2911,2.3252,2.3424,2.5491,2.6807,2.9204,3.0847,3.1005,3.2945,3.3155,3.3195
2012-07-05,1.5472,1.8063,2.0242,2.0773,2.2014,2.2861,2.3129,2.3354,2.5305,2.669,2.9035,3.08,3.0964,3.288,3.3144,3.3193
2012-07-06,1.2947,1.6883,1.9873,2.0404,2.1602,2.2103,2.2525,2.2683,2.4879,2.623,2.8499,3.0355,3.0663,3.2598,3.29,3.296
2012-07-09,1.2883,1.6717,1.9622,2.0132,2.1476,2.1536,2.1979,2.2553,2.4749,2.5896,2.8256,3.0058,3.036,3.2398,3.266,3.2709
2012-07-10,1.2723,1.637,1.9256,1.9847,2.1288,2.1536,2.2161,2.2518,2.451,2.5886,2.8053,2.9862,3.0239,3.2217,3.2495,3.2549
2012-07-11,1.2914,1.5841,1.8766,1.9799,2.1328,2.1443,2.2236,2.2458,2.4269,2.5851,2.7841,2.9812,3.0072,3.2105,3.2351,3.2398
2012-07-12,1.3336,1.5921,1.8506,1.9699,2.1221,2.1641,2.2287,2.235,2.4204,2.5723,2.7656,2.9799,3.0152,3.2128,3.2438,3.2502
2012-07-13,1.4239,1.6294,1.8349,1.9674,2.1404,2.1649,2.2171,2.247,2.4397,2.5863,2.7706,2.9874,3.0312,3.2212,3.2525,3.2591
2012-07-16,1.402,1.6082,1.8144,1.9903,2.1332,2.1899,2.2353,2.2461,2.4453,2.5857,2.7881,2.9894,3.0449,3.2383,3.269,3.2752
2012-07-17,1.5771,1.7018,1.8264,2.0105,2.14,2.2181,2.2453,2.2486,2.3949,2.6021,2.809,2.9951,3.061,3.2558,3.2802,3.285
2012-07-18,1.8788,1.8841,1.8893,2.0567,2.1466,2.2281,2.2513,2.2666,2.3979,2.6149,2.8167,3.0006,3.0721,3.2658,3.2827,3.2858
2012-07-19,1.9304,1.9351,1.9398,2.0484,2.1446,2.2218,2.2591,2.2973,2.4137,2.627,2.8136,3.0107,3.0658,3.2586,3.2817,3.286
2012-07-20,2.0717,2.0758,2.0798,2.0893,2.1442,2.2231,2.2699,2.2934,2.3848,2.6161,2.8045,3.0013,3.0574,3.2586,3.2775,3.281
2012-07-23,2.2722,2.1326,2.0489,2.1189,2.1412,2.2298,2.2849,2.2998,2.4083,2.617,2.8123,2.9877,3.0504,3.2534,3.2725,3.276
2012-07-24,1.8964,1.9724,2.0485,2.1389,2.1502,2.2291,2.2891,2.2996,2.4009,2.6167,2.8106,2.9781,3.0647,3.2573,3.273,3.2759
2012-07-25,1.6259,1.8395,2.0531,2.1446,2.1867,2.2299,2.2819,2.3445,2.4904,2.6345,2.8137,2.9884,3.0707,3.2573,3.273,3.276
2012-07-26,1.6047,1.8189,2.0331,2.151,2.2191,2.2599,2.278,2.3476,2.578,2.6299,2.8127,2.9891,3.0715,3.2497,3.2718,3.2763
2012-07-27,1.5446,1.8237,2.0689,2.1358,2.2615,2.28,2.2977,2.3551,2.6046,2.6435,2.8333,2.9943,3.0757,3.2501,3.2719,3.2764
2012-07-30,1.4729,1.8223,2.1008,2.1592,2.265,2.285,2.2952,2.354,2.6024,2.6381,2.8429,3.0101,3.0775,3.2481,3.2707,3.2755
2012-07-31,1.543,1.8629,2.1327,2.1992,2.2908,2.295,2.3077,2.3709,2.6257,2.6499,2.8614,3.0255,3.0997,3.2481,3.2826,3.2915
2012-08-01,1.5639,1.9031,2.1637,2.2118,2.3108,2.312,2.3277,2.3617,2.6158,2.6512,2.8648,3.0387,3.1065,3.2442,3.2813,3.2921
2012-08-02,1.4821,1.914,2.1968,2.2166,2.3011,2.3121,2.3306,2.3588,2.6212,2.6532,2.8548,3.0319,3.1041,3.2454,3.2776,3.2861
2012-08-03,1.448,1.9024,2.2168,2.2518,2.4012,2.3368,2.3553,2.3713,2.6321,2.654,2.8628,3.0394,3.1102,3.2492,3.2815,3.2902
2012-08-06,1.423,1.9245,2.2524,2.2749,2.4064,2.3456,2.3728,2.4145,2.6602,2.6834,2.8921,3.0633,3.1297,3.2515,3.2943,3.31
2012-08-07,1.4791,1.9657,2.2834,2.3049,2.4275,2.3556,2.4078,2.5645,2.6902,2.7061,2.9171,3.0727,3.1579,3.2617,3.3118,3.33
2012-08-08,1.4929,1.9841,2.2981,2.3143,2.4499,2.3852,2.4378,2.5956,2.7155,2.7361,2.9592,3.1178,3.182,3.2778,3.3296,3.3545
2012-08-09,1.5438,2.0115,2.3161,2.3362,2.4273,2.3853,2.4381,2.5862,2.6777,2.7323,2.9504,3.1033,3.1715,3.2736,3.296,3.3023
2012-08-10,1.6039,2.0419,2.3055,2.3062,2.415,2.3853,2.3959,2.5738,2.6567,2.7247,2.9478,3.0716,3.168,3.2661,3.2792,3.2825
2012-08-13,1.3788,1.9355,2.2955,2.3172,2.4199,2.404,2.4134,2.5916,2.6841,2.7231,2.9762,3.1095,3.1907,3.2719,3.2953,3.3029
2012-08-14,1.6197,2.0009,2.2985,2.3568,2.4313,2.419,2.4183,2.616,2.7202,2.7535,3.0012,3.1337,3.2073,3.2719,3.2987,3.3105
2012-08-15,2.0563,2.1809,2.3054,2.4051,2.4607,2.4538,2.4572,2.6797,2.7651,2.8035,3.0454,3.1641,3.2225,3.29,3.3228,3.3402
2012-08-16,2.0389,2.1919,2.345,2.4262,2.4952,2.4532,2.4622,2.6919,2.7841,2.8135,3.0555,3.1686,3.2365,3.2924,3.3249,3.3467
2012-08-17,2.1196,2.2592,2.3988,2.4762,2.5478,2.5078,2.4745,2.7032,2.7841,2.8297,3.0705,3.1652,3.2228,3.2968,3.3235,3.3342
2012-08-20,2.2971,2.3884,2.4797,2.5662,2.6427,2.5578,2.5216,2.7377,2.8616,2.9159,3.0813,3.177,3.266,3.3083,3.3366,3.3564
2012-08-21,2.4346,2.5115,2.5884,2.6216,2.633,2.5798,2.5566,2.7987,2.8905,2.9369,3.0972,3.168,3.2796,3.329,3.3512,3.3578
2012-08-22,2.0247,2.3695,2.6071,2.6328,2.6413,2.6372,2.5814,2.8201,2.935,3.0123,3.173,3.2263,3.3175,3.3655,3.3853,3.3935
2012-08-23,1.9997,2.3536,2.6132,2.6528,2.6284,2.6671,2.63,2.8118,2.9254,3.0218,3.122,3.1866,3.2913,3.3627,3.3696,3.3702
2012-08-24,1.643,2.213,2.605,2.6469,2.6281,2.6261,2.6275,2.7914,2.9152,3.0079,3.0614,3.1413,3.2296,3.3161,3.3341,3.3364
2012-08-27,1.6422,2.213,2.5835,2.6069,2.6224,2.6231,2.6412,2.8146,2.9328,3.0092,3.0715,3.1498,3.2213,3.3272,3.3449,3.3498
2012-08-28,1.6448,2.2086,2.5487,2.5469,2.5643,2.6531,2.6863,2.818,2.9594,3.0265,3.0816,3.1644,3.2348,3.3243,3.3527,3.3634
2012-08-29,1.5438,2.1802,2.562,2.5469,2.5623,2.6631,2.6963,2.8408,2.9784,3.0355,3.0815,3.1762,3.249,3.3324,3.3832,3.3943
2012-08-30,1.3284,2.0932,2.552,2.5269,2.5483,2.6675,2.6917,2.8598,2.9813,3.0428,3.0971,3.1932,3.2596,3.3294,3.3782,3.3904
2012-08-31,1.0103,1.9628,2.5374,2.5269,2.5724,2.675,2.6806,2.8629,2.9766,3.0384,3.1063,3.1994,3.2572,3.3093,3.3536,3.3928
2012-09-03,0.9947,1.9219,2.4883,2.4995,2.5394,2.6534,2.6775,2.8523,2.9402,3.0382,3.0954,3.1986,3.2609,3.3113,3.3588,3.4001
2012-09-04,0.9521,1.8912,2.4695,2.4879,2.5079,2.5868,2.6251,2.826,2.9041,3.0019,3.0727,3.1831,3.2621,3.3121,3.3553,3.3836
2012-09-05,1.0821,1.9604,2.4901,2.4888,2.5116,2.5868,2.6255,2.8203,2.925,3.0319,3.0762,3.2142,3.2778,3.3198,3.3582,3.3887
2012-09-06,1.0683,1.96,2.495,2.4927,2.5179,2.5878,2.6155,2.8321,2.9389,3.0401,3.0761,3.2156,3.2932,3.3281,3.3629,3.3963
2012-09-07,1.0699,1.9588,2.495,2.4933,2.5403,2.5987,2.6364,2.8518,2.9879,3.0971,3.1258,3.2707,3.3378,3.3622,3.3882,3.4162
2012-09-10,1.2438,2.0439,2.524,2.523,2.5472,2.606,2.6475,2.8738,3.0498,3.1333,3.1826,3.3269,3.4006,3.415,3.4367,3.4611
2012-09-11,1.4439,2.1069,2.5048,2.5035,2.5601,2.6016,2.6574,2.9024,3.076,3.1511,3.203,3.3198,3.4025,3.415,3.4415,3.4714
2012-09-12,1.543,2.1055,2.5065,2.5948,2.6573,2.6613,2.7023,3.0069,3.165,3.2108,3.2645,3.3434,3.4406,3.4531,3.4708,3.4909
2012-09-13,1.6279,2.1557,2.5254,2.5977,2.6894,2.7012,2.7365,3.048,3.1784,3.2221,3.2689,3.3347,3.4264,3.4531,3.4701,3.4834
2012-09-14,1.6178,2.2299,2.6221,2.6571,2.7,2.7544,2.7984,3.1032,3.2262,3.2678,3.3079,3.3816,3.4721,3.5116,3.5359,3.5485
2012-09-17,1.6596,2.2486,2.6417,2.6934,2.7197,2.7698,2.7984,3.1059,3.2586,3.3032,3.3521,3.4062,3.5065,3.5279,3.5431,3.5717
2012-09-18,1.8664,2.3043,2.6201,2.6892,2.7277,2.7698,2.8022,3.0593,3.1967,3.2403,3.2963,3.3728,3.4469,3.4779,3.502,3.5216
2012-09-19,2.4455,2.5378,2.6302,2.7193,2.737,2.7897,2.8022,3.0674,3.2096,3.2577,3.3072,3.3738,3.4418,3.4619,3.4817,3.5166
2012-09-20,2.9439,2.7409,2.6191,2.6954,2.736,2.7716,2.8271,3.0547,3.1877,3.2549,3.2823,3.3508,3.42,3.4593,3.4913,3.5171
2012-09-21,3.2339,2.8622,2.6391,2.7027,2.7461,2.7757,2.8401,3.0305,3.1539,3.2495,3.2806,3.3716,3.4221,3.445,3.4686,3.4998
2012-09-24,3.3338,2.9379,2.6991,2.7215,2.7592,2.7979,2.8401,3.0317,3.154,3.2628,3.2891,3.3758,3.431,3.4581,3.4784,3.4956
2012-09-25,3.4446,2.9779,2.6979,2.7129,2.7593,2.8029,2.8485,2.9873,3.0961,3.2005,3.2434,3.3261,3.3813,3.4376,3.4626,3.4676
2012-09-26,1.9422,2.4034,2.6981,2.7131,2.7422,2.7784,2.8318,2.921,3.0563,3.1558,3.1764,3.2949,3.3536,3.4178,3.4406,3.4444
2012-09-27,1.9439,2.4179,2.7085,2.7184,2.7422,2.7607,2.8121,2.908,3.0548,3.1343,3.1495,3.2708,3.3738,3.4024,3.4287,3.4525
2012-09-28,1.6704,2.3023,2.696,2.716,2.7289,2.7368,2.7921,2.9291,3.0573,3.1363,3.1719,3.2897,3.3806,3.4084,3.4339,3.4575
2012-09-29,2.4746,2.6114,2.706,2.7201,2.7234,2.7368,2.7921,2.9306,3.0665,3.1366,3.1738,3.2944,3.3827,3.4096,3.4344,3.4574
2012-10-08,2.9139,2.7742,2.6899,2.7025,2.706,2.7185,2.7845,2.9333,3.0865,3.174,3.2033,3.3206,3.4173,3.4335,3.4498,3.4814
2012-10-09,2.5582,2.6189,2.6797,2.7203,2.721,2.7235,2.7844,2.9336,3.0906,3.1716,3.2048,3.3245,3.4283,3.4399,3.4647,3.4921
2012-10-10,1.8447,2.3464,2.6725,2.7067,2.691,2.6985,2.7644,2.942,3.1014,3.1785,3.2158,3.3423,3.4333,3.4463,3.4737,3.5036
2012-10-11,1.6422,2.1957,2.5959,2.6936,2.69,2.6919,2.762,2.9419,3.0779,3.1758,3.2068,3.3359,3.4314,3.4412,3.4651,3.499
2012-10-12,1.6175,2.1804,2.5859,2.682,2.6852,2.6853,2.7543,2.9409,3.0534,3.1561,3.184,3.3237,3.4197,3.4371,3.4584,3.4807
2012-10-15,1.2355,1.9892,2.5759,2.6894,2.6934,2.6935,2.7511,2.9189,3.0436,3.1517,3.1704,3.3076,3.4229,3.4359,3.4523,3.473
2012-10-16,1.4004,2.0783,2.5859,2.7231,2.7272,2.7316,2.7641,2.9357,3.0355,3.152,3.1879,3.3319,3.4442,3.4563,3.4711,3.4903
2012-10-17,1.4138,2.1271,2.647,2.7703,2.7744,2.7774,2.8441,2.9577,3.0575,3.1728,3.1992,3.3466,3.4514,3.4639,3.4781,3.5036
2012-10-18,1.3889,2.109,2.6461,2.7845,2.7745,2.7981,2.8971,2.9589,3.0599,3.1824,3.2001,3.3521,3.4681,3.4791,3.49,3.519
2012-10-19,1.3905,2.0623,2.6491,2.8934,2.813,2.834,2.922,2.9727,3.077,3.1827,3.2148,3.3603,3.4723,3.48,3.4975,3.535
2012-10-22,1.4382,2.1212,2.7212,2.8854,2.8111,2.8207,2.905,2.9599,3.055,3.1807,3.2115,3.3534,3.4654,3.4784,3.5022,3.5293
2012-10-23,1.5393,2.1314,2.7065,2.8994,2.821,2.8228,2.9061,2.9731,3.0597,3.1827,3.2133,3.3564,3.4684,3.4871,3.5109,3.5454
2012-10-24,1.958,2.3522,2.7464,2.9074,2.8205,2.8233,2.9421,2.9885,3.084,3.2066,3.2257,3.3607,3.4783,3.494,3.5129,3.5478
2012-10-25,1.9038,2.3432,2.7767,2.9275,2.8166,2.8422,2.9764,2.9994,3.0849,3.2096,3.2291,3.3709,3.4769,3.4966,3.5196,3.5672
2012-10-26,2.5096,2.6728,2.836,2.944,2.8666,2.8795,2.9766,3.0004,3.0813,3.2106,3.2378,3.3865,3.479,3.5007,3.5316,3.5727
2012-10-29,3.0538,2.9426,2.8755,2.9203,2.9015,2.9095,2.9848,3.0194,3.0793,3.2012,3.2228,3.405,3.4798,3.5057,3.5363,3.5668
2012-10-30,2.2531,2.5317,2.7813,2.8683,2.8451,2.8521,2.9533,3.0085,3.0503,3.1843,3.2103,3.3876,3.471,3.5034,3.5351,3.5648
2012-10-31,2.1497,2.419,2.6836,2.7921,2.8315,2.8363,2.9327,3.0243,3.04,3.1909,3.2152,3.394,3.4809,3.5056,3.5363,3.5739
2012-11-01,2.238,2.5229,2.76,2.829,2.8316,2.8363,2.9429,3.0542,3.0753,3.2109,3.2353,3.4136,3.5058,3.5185,3.5474,3.5984
2012-11-02,2.1205,2.5101,2.8454,2.929,2.8365,2.8563,2.9555,3.0786,3.092,3.1835,3.2164,3.4148,3.5054,3.5274,3.5552,3.5852
2012-11-05,2.1379,2.5471,2.8528,2.909,2.8415,2.8563,2.9475,3.0809,3.0869,3.1859,3.206,3.4211,3.4938,3.52,3.5517,3.5872
2012-11-06,1.9713,2.4819,2.8669,2.8994,2.8415,2.8463,2.9438,3.0764,3.0857,3.1748,3.2,3.4305,3.504,3.5223,3.5459,3.5771
2012-11-07,2.0334,2.5435,2.866,2.8793,2.8315,2.8463,2.9341,3.0764,3.0786,3.1787,3.1994,3.4185,3.506,3.5267,3.5461,3.5644
2012-11-08,2.0894,2.5619,2.8911,2.8816,2.8216,2.8463,2.9423,3.0564,3.0637,3.1686,3.1943,3.3976,3.4867,3.5145,3.5391,3.5609
2012-11-09,2.183,2.6047,2.8887,2.8784,2.8099,2.8447,2.9377,3.044,3.044,3.1481,3.1833,3.3896,3.4706,3.508,3.5356,3.5594
2012-11-12,2.0868,2.6045,2.9168,2.8795,2.8108,2.8414,2.9424,3.0482,3.0492,3.1552,3.1902,3.3946,3.4781,3.5054,3.5332,3.5585
2012-11-13,1.8846,2.5308,2.9019,2.8871,2.8107,2.8314,2.9224,3.0383,3.0492,3.147,3.1761,3.3921,3.4633,3.5031,3.5282,3.547
2012-11-14,1.8621,2.4984,2.8712,2.8838,2.8107,2.8239,2.9188,3.0334,3.0498,3.1441,3.1711,3.3491,3.448,3.4893,3.5165,3.5356
2012-11-15,1.8421,2.5178,2.8674,2.8576,2.8106,2.8239,2.9152,3.0297,3.045,3.1437,3.1686,3.3353,3.4353,3.483,3.5118,3.5279
2012-11-16,1.8421,2.5228,2.8623,2.8573,2.8015,2.8146,2.8886,3.0107,3.0353,3.1176,3.1492,3.3095,3.4233,3.4654,3.4942,3.5133
2012-11-19,1.7186,2.5051,2.852,2.8534,2.8055,2.8053,2.8633,2.9797,2.9953,3.0782,3.1259,3.292,3.4068,3.4523,3.4839,3.501
2012-11-20,1.8068,2.5063,2.8213,2.8277,2.8055,2.8053,2.8263,2.9697,2.9965,3.0906,3.1286,3.3003,3.4143,3.4579,3.4895,3.5111
2012-11-21,1.8688,2.5451,2.8169,2.8241,2.8142,2.8149,2.8116,2.9797,2.9865,3.1097,3.1454,3.3159,3.4314,3.4569,3.4859,3.5205
2012-11-22,1.8797,2.5532,2.8245,2.829,2.8142,2.8199,2.8216,2.9797,2.9856,3.1103,3.1781,3.3159,3.4444,3.4703,3.4882,3.5357
2012-11-23,1.8172,2.553,2.8134,2.8155,2.8142,2.8224,2.8231,2.9947,2.9959,3.1206,3.1801,3.3234,3.4449,3.4621,3.4973,3.5428
2012-11-26,1.8639,2.4646,2.8269,2.8255,2.8212,2.8291,2.8399,3.0076,3.0156,3.1284,3.1852,3.3234,3.4549,3.4676,3.5028,3.5511
2012-11-27,1.8755,2.4744,2.8357,2.8355,2.8271,2.8359,2.8439,3.0128,3.0216,3.1333,3.2047,3.3264,3.4581,3.4748,3.5104,3.557
2012-11-28,1.8797,2.4005,2.826,2.8453,2.8371,2.8359,2.8315,3.0177,3.0186,3.1419,3.2313,3.3516,3.455,3.4728,3.5087,3.5535
2012-11-29,1.8295,2.3857,2.8311,2.8577,2.8337,2.8389,2.8665,3.0177,3.0317,3.1557,3.2474,3.3583,3.4414,3.467,3.4991,3.5311
2012-11-30,1.7179,2.3415,2.8301,2.8617,2.8245,2.8321,2.8834,3.0274,3.0534,3.1633,3.2636,3.3633,3.439,3.4751,3.5067,3.5332
2012-12-03,1.7227,2.3174,2.7842,2.8664,2.8274,2.8471,2.8744,3.0473,3.0659,3.1691,3.2647,3.3642,3.4562,3.4774,3.5063,3.5397
2012-12-04,1.7147,2.3275,2.8039,2.8913,2.8374,2.8573,2.8815,3.0532,3.0904,3.1838,3.2795,3.3753,3.4593,3.4778,3.5094,3.5498
2012-12-05,1.7646,2.3729,2.8286,2.8923,2.8574,2.882,2.9106,3.0926,3.1104,3.1895,3.2912,3.3778,3.4648,3.487,3.5219,3.5622
2012-12-06,1.7545,2.4046,2.8519,2.8714,2.8574,2.8742,2.8986,3.1295,3.1538,3.1946,3.2912,3.3791,3.469,3.5052,3.5355,3.558
2012-12-07,1.8149,2.4356,2.8533,2.8714,2.8615,2.8742,2.8952,3.1296,3.1591,3.1933,3.3014,3.3899,3.4702,3.5114,3.5419,3.5689
2012-12-10,1.8137,2.4425,2.8427,2.8714,2.8715,2.8816,2.8975,3.1339,3.1651,3.203,3.308,3.3916,3.472,3.5154,3.5512,3.5707
2012-12-11,1.8547,2.4887,2.8571,2.8715,2.8716,2.8818,2.8999,3.1311,3.162,3.2006,3.3009,3.39,3.4648,3.5154,3.547,3.5658
2012-12-12,1.8647,2.4852,2.8477,2.8716,2.8816,2.8898,2.9089,3.1286,3.1522,3.1971,3.293,3.3901,3.4645,3.5146,3.5491,3.5666
2012-12-13,1.8793,2.4722,2.8157,2.8416,2.8544,2.8759,2.9007,3.1217,3.1446,3.199,3.2875,3.3867,3.456,3.5126,3.5541,3.5649
2012-12-14,1.8606,2.391,2.7678,2.8162,2.8509,2.8545,2.8919,3.1253,3.1585,3.2023,3.2911,3.3878,3.4683,3.5128,3.5497,3.5781
2012-12-17,1.8606,2.4342,2.7567,2.7941,2.8484,2.8594,2.8937,3.1239,3.1562,3.2069,3.3003,3.3944,3.47,3.5064,3.5452,3.5814
2012-12-18,1.8846,2.4498,2.7721,2.8141,2.8442,2.8608,2.9114,3.12,3.1518,3.2064,3.289,3.3919,3.4768,3.5135,3.55,3.5843
2012-12-19,1.8321,2.4444,2.7732,2.8141,2.844,2.8499,2.9063,3.1289,3.1517,3.2065,3.2906,3.3965,3.4849,3.5147,3.5542,3.5942
2012-12-20,2.0426,2.5634,2.8095,2.8341,2.864,2.8847,2.9102,3.1362,3.1576,3.2074,3.2976,3.4043,3.496,3.516,3.5588,3.6086
2012-12-21,1.8247,2.5314,2.8158,2.8342,2.863,2.8886,2.9179,3.1408,3.157,3.2073,3.2958,3.4041,3.4958,3.5248,3.5649,3.606
2012-12-24,1.7047,2.5392,2.8309,2.8503,2.862,2.8708,2.9375,3.1477,3.1595,3.2082,3.2986,3.4115,3.4951,3.5235,3.5555,3.6009
2012-12-25,1.7047,2.6535,2.8516,2.848,2.872,2.8666,2.9178,3.1327,3.1569,3.208,3.3025,3.4167,3.4888,3.5224,3.5594,3.5955
2012-12-26,1.7076,2.6766,2.8571,2.853,2.8541,2.8552,2.9278,3.1227,3.1528,3.2075,3.2821,3.4085,3.4812,3.5223,3.5585,3.5925
2012-12-27,1.6971,2.4447,2.8957,2.8475,2.8516,2.8436,2.9073,3.0997,3.1262,3.1603,3.251,3.4022,3.4656,3.5155,3.5519,3.5803
2012-12-28,1.6906,2.4319,2.879,2.7882,2.8016,2.8179,2.8985,3.063,3.1001,3.1529,3.2335,3.3898,3.4655,3.5123,3.5485,3.5752
2012-12-31,3.2706,3.0744,2.8781,2.7821,2.7967,2.8262,2.905,3.0589,3.0956,3.1484,3.2227,3.3898,3.4658,3.513,3.546,3.5738
2013-01-04,1.9617,2.5344,2.8781,2.7876,2.7967,2.8303,2.9189,3.0955,3.136,3.1822,3.2723,3.4246,3.5029,3.5287,3.5659,3.6062
2013-01-05,1.7086,2.427,2.8581,2.7486,2.7717,2.8059,2.8768,3.048,3.0942,3.1579,3.2541,3.4152,3.4961,3.5195,3.5581,3.6003
2013-01-06,1.6036,2.3814,2.8481,2.7178,2.7273,2.7962,2.8688,3.0391,3.0983,3.1537,3.24,3.4047,3.5002,3.5195,3.5555,3.595
2013-01-07,1.5575,2.3641,2.8481,2.7277,2.7136,2.7912,2.8689,3.0415,3.0912,3.1625,3.2407,3.4133,3.495,3.5194,3.5565,3.5965
2013-01-08,1.5496,2.3408,2.8181,2.6878,2.6829,2.7711,2.8498,3.0208,3.0646,3.1399,3.2183,3.4092,3.4743,3.5144,3.5545,3.5943
2013-01-09,1.5116,2.3282,2.8181,2.6975,2.6982,2.7551,2.8341,3.0088,3.0536,3.1483,3.2143,3.4034,3.4673,3.5089,3.5438,3.575
2013-01-10,1.5127,2.3269,2.8181,2.6973,2.7032,2.7639,2.8547,3.0298,3.0741,3.1733,3.2393,3.4168,3.4907,3.5306,3.5637,3.595
2013-01-11,1.5086,2.3357,2.8346,2.7016,2.7074,2.7659,2.8648,3.0427,3.0869,3.2112,3.2607,3.4226,3.512,3.5379,3.5635,3.5999
2013-01-14,1.4827,2.255,2.7624,2.6369,2.675,2.7587,2.8361,3.0653,3.099,3.2277,3.2564,3.423,3.5112,3.5378,3.5707,3.6023
2013-01-15,1.5096,2.2718,2.7291,2.6467,2.675,2.7715,2.7995,3.0485,3.09,3.2175,3.2489,3.4279,3.5014,3.5297,3.5646,3.6008
2013-01-16,1.4257,2.2207,2.7003,2.6319,2.665,2.7775,2.811,3.0535,3.0964,3.2206,3.2497,3.423,3.5035,3.5249,3.5624,3.6047
2013-01-17,1.3336,2.1963,2.6917,2.6301,2.655,2.7664,2.8111,3.0454,3.0911,3.2119,3.2353,3.4176,3.4991,3.5246,3.5606,3.5986
2013-01-18,1.2336,2.0914,2.592,2.6084,2.6299,2.758,2.7811,3.02,3.0784,3.1866,3.213,3.4123,3.4896,3.5152,3.5487,3.5834
2013-01-21,1.1626,2.084,2.5809,2.6117,2.6309,2.714,2.8002,3.0298,3.0729,3.1828,3.2057,3.4171,3.4745,3.5152,3.5468,3.5743
2013-01-22,1.1316,2.0822,2.5855,2.6191,2.6363,2.7021,2.7902,3.0371,3.0729,3.1796,3.2086,3.4251,3.4698,3.5138,3.553,3.5705
2013-01-23,1.1456,2.0779,2.6098,2.6664,2.6662,2.7197,2.8373,3.0372,3.0968,3.1998,3.2293,3.4236,3.4627,3.5055,3.5383,3.5682
2013-01-24,1.2711,2.1292,2.6186,2.6764,2.6911,2.724,2.8383,3.0432,3.1112,3.2044,3.2417,3.4285,3.4797,3.5205,3.5533,3.5816
2013-01-25,1.3076,2.1704,2.5925,2.6636,2.7023,2.7308,2.834,3.0264,3.1074,3.2109,3.2335,3.4159,3.4793,3.5225,3.5558,3.5837
2013-01-28,1.3046,2.085,2.6132,2.6633,2.7135,2.7676,2.8495,3.0431,3.139,3.2232,3.2551,3.4364,3.4884,3.5225,3.5619,3.6042
2013-01-29,1.3046,2.1159,2.6332,2.6744,2.7276,2.7875,2.8226,3.0406,3.1129,3.2202,3.2627,3.4444,3.4955,3.526,3.5576,3.6116
2013-01-30,1.3046,2.0967,2.6432,2.7028,2.7427,2.7484,2.8091,3.0634,3.1274,3.2385,3.2695,3.4443,3.498,3.526,3.5635,3.6053
2013-01-31,1.5146,2.2086,2.6632,2.7132,2.7427,2.7434,2.8047,3.0561,3.1129,3.2256,3.2653,3.4391,3.5002,3.531,3.5665,3.6054
2013-02-01,1.8792,2.33,2.6481,2.7086,2.7331,2.7334,2.8064,3.0509,3.1126,3.2202,3.2633,3.4387,3.4781,3.5226,3.5626,3.6004
2013-02-04,2.0377,2.404,2.6643,2.7134,2.7376,2.6669,2.7824,3.0546,3.1159,3.2242,3.2687,3.4275,3.4812,3.5114,3.5537,3.6016
2013-02-05,2.4546,2.5688,2.6635,2.6937,2.7373,2.6446,2.7709,3.0451,3.1056,3.2145,3.2724,3.4304,3.4708,3.5119,3.5516,3.591
2013-02-06,2.8006,2.715,2.6636,2.6835,2.7376,2.6461,2.7869,3.0436,3.0956,3.2118,3.273,3.4305,3.4612,3.5125,3.5544,3.5922
2013-02-07,2.851,2.7341,2.6636,2.6842,2.7376,2.6477,2.7883,3.0423,3.0855,3.2044,3.2659,3.4351,3.471,3.5122,3.5525,3.5928
2013-02-08,1.9196,2.3591,2.6536,2.6793,2.707,2.6477,2.7658,3.0149,3.066,3.2063,3.2652,3.4163,3.4656,3.5122,3.5508,3.5859
2013-02-16,1.1846,2.0527,2.5736,2.5493,2.607,2.6472,2.7161,3.012,3.0564,3.2,3.2656,3.4232,3.4671,3.5135,3.5538,3.5922
2013-02-17,1.1036,1.9414,2.4986,2.5442,2.5897,2.6459,2.7117,3.0022,3.051,3.1954,3.2665,3.424,3.4644,3.5138,3.5512,3.5847
2013-02-18,1.0706,1.977,2.5651,2.6001,2.6246,2.6416,2.722,3.0361,3.066,3.2306,3.2692,3.426,3.4723,3.508,3.5493,3.5929
2013-02-19,1.074,1.9899,2.578,2.6101,2.6299,2.6542,2.7091,3.0288,3.0613,3.2409,3.2776,3.4342,3.4772,3.5081,3.5482,3.5931
2013-02-20,1.0845,2.0214,2.598,2.61,2.6299,2.6567,2.6929,3.0138,3.0638,3.2387,3.2652,3.4196,3.4598,3.4971,3.5312,3.5632
2013-02-21,1.2227,2.081,2.603,2.6067,2.63,2.6712,2.7059,3.0147,3.0672,3.2487,3.2794,3.4201,3.4627,3.4982,3.531,3.5623
2013-02-22,1.4046,2.0864,2.5623,2.6174,2.6393,2.6965,2.7107,3.0174,3.0828,3.2703,3.2811,3.4356,3.4747,3.4986,3.5322,3.5708
2013-02-25,1.5407,2.1977,2.6121,2.6274,2.6493,2.7056,2.7199,3.0459,3.1081,3.289,3.2967,3.4498,3.4792,3.5144,3.5482,3.5821
2013-02-26,2.8447,2.7297,2.6603,2.6774,2.6865,2.7618,2.7862,3.0762,3.1082,3.293,3.3018,3.4501,3.481,3.5156,3.554,3.5948
2013-02-27,3.0866,2.8132,2.6491,2.6674,2.6815,2.7295,2.7528,3.0657,3.1025,3.2762,3.2928,3.4425,3.4762,3.5141,3.5517,3.5904
2013-02-28,3.1656,2.8834,2.6992,2.6874,2.7115,2.7411,2.7612,3.0767,3.1078,3.288,3.2978,3.448,3.4769,3.5181,3.5605,3.5957
2013-03-01,3.2906,2.9304,2.7028,2.6962,2.734,2.7479,2.7727,3.0641,3.1136,3.291,3.3048,3.4484,3.4744,3.5135,3.5507,3.5878
2013-03-04,2.4481,2.6073,2.7028,2.6991,2.7264,2.7367,2.7727,3.0603,3.0943,3.2623,3.2707,3.4362,3.4731,3.5129,3.5471,3.5785
2013-03-05,2.1727,2.4734,2.6828,2.707,2.7219,2.7342,2.7656,3.0572,3.0935,3.25,3.2721,3.4343,3.4626,3.516,3.5497,3.576
2013-03-06,2.0127,2.4172,2.6854,2.7004,2.7174,2.7333,2.7639,3.0479,3.0943,3.2509,3.2571,3.4395,3.4672,3.5161,3.5515,3.5802
2013-03-07,1.6407,2.2933,2.6979,2.7071,2.7233,2.7376,2.7645,3.0508,3.0972,3.2637,3.2768,3.4422,3.4727,3.5164,3.551,3.5813
2013-03-08,1.6227,2.2727,2.6857,2.6975,2.734,2.7405,2.7675,3.0559,3.1025,3.2661,3.2792,3.4425,3.4756,3.519,3.5587,3.5816
2013-03-11,1.3862,2.2054,2.7185,2.7345,2.7438,2.7441,2.7719,3.0567,3.1119,3.2819,3.2976,3.4557,3.4827,3.5241,3.5559,3.583
2013-03-12,1.2497,2.1607,2.7235,2.7346,2.7438,2.744,2.7669,3.0583,3.1015,3.27,3.2879,3.4509,3.4834,3.5246,3.5588,3.5897
2013-03-13,1.2267,2.1537,2.7235,2.7347,2.7389,2.7395,2.7659,3.0526,3.0984,3.2621,3.2791,3.4512,3.4778,3.5241,3.5594,3.5898
2013-03-14,1.2117,2.1517,2.7274,2.7347,2.7399,2.734,2.7687,3.0554,3.1065,3.2671,3.2838,3.4515,3.4808,3.5281,3.563,3.5919
2013-03-15,1.2486,2.1635,2.7174,2.7216,2.7249,2.7311,2.7503,3.0508,3.1047,3.2782,3.2989,3.4617,3.4906,3.5283,3.5611,3.5919
2013-03-18,1.7386,2.3366,2.7032,2.7097,2.7152,2.7152,2.7594,3.0539,3.1075,3.2723,3.2983,3.4622,3.4879,3.5304,3.5699,3.5971
2013-03-19,1.5127,2.2396,2.6952,2.7097,2.7248,2.7152,2.7514,3.0573,3.0953,3.2756,3.2954,3.4624,3.4882,3.533,3.5654,3.5922
2013-03-20,1.2657,2.1539,2.6951,2.6997,2.6661,2.6666,2.7441,3.0631,3.0963,3.2806,3.2936,3.4619,3.48,3.5296,3.5569,3.5722
2013-03-21,1.1726,2.1189,2.695,2.6996,2.6584,2.6507,2.7341,3.0635,3.0964,3.2876,3.3051,3.4629,3.4885,3.535,3.563,3.5819
2013-03-22,1.0917,2.0576,2.6772,2.7107,2.6316,2.629,2.7341,3.0639,3.0961,3.2821,3.306,3.4629,3.4876,3.5381,3.564,3.5816
2013-03-25,1.0187,2.0331,2.6586,2.6701,2.5963,2.6032,2.7221,3.0621,3.0965,3.2758,3.3028,3.4633,3.4859,3.533,3.5598,3.577
2013-03-26,1.0587,2.0997,2.6978,2.6701,2.6056,2.6045,2.7121,3.0628,3.0965,3.276,3.3029,3.4673,3.488,3.5359,3.5596,3.5717
2013-03-27,1.1757,2.1313,2.7078,2.67,2.6244,2.6045,2.6879,3.0586,3.1053,3.2796,3.303,3.4679,3.4872,3.5366,3.5548,3.5611
2013-03-28,1.2347,2.1555,2.708,2.6699,2.6356,2.6234,2.6855,3.0389,3.0912,3.2713,3.2999,3.4597,3.4726,3.525,3.5474,3.5505
2013-03-29,2.1686,2.4982,2.6959,2.6658,2.63,2.6221,2.679,3.0345,3.0917,3.2693,3.2972,3.4646,3.4751,3.5299,3.5399,3.5392
2013-04-01,1.4762,2.2388,2.6988,2.6677,2.6177,2.6199,2.6799,3.0257,3.0744,3.2435,3.2741,3.4482,3.4514,3.5153,3.5301,3.5303
2013-04-02,1.5036,2.2508,2.6991,2.6581,2.622,2.6209,2.6716,2.9828,3.0253,3.2267,3.2434,3.416,3.4244,3.4953,3.5077,3.5106
2013-04-03,1.5776,2.2772,2.6991,2.6485,2.6271,2.6232,2.6741,2.9706,3.0255,3.2085,3.2305,3.3943,3.4153,3.4896,3.4986,3.5005
2013-04-07,1.5177,2.2256,2.6504,2.6356,2.6168,2.6203,2.6702,2.9629,3.016,3.1889,3.2143,3.3826,3.3959,3.474,3.4878,3.4907
2013-04-08,1.6654,2.2669,2.6278,2.5862,2.5768,2.5759,2.6432,2.9948,3.0374,3.2237,3.2392,3.4005,3.4076,3.4808,3.4888,3.4905
2013-04-09,1.6247,2.2568,2.6361,2.5812,2.582,2.581,2.6421,2.9739,3.0244,3.204,3.2261,3.388,3.4056,3.4666,3.47,3.4705
2013-04-10,1.6082,2.2492,2.6338,2.5809,2.5223,2.5888,2.6504,2.9609,3.0072,3.1841,3.2064,3.3837,3.3999,3.4576,3.4598,3.4624
2013-04-11,1.5516,2.2186,2.621,2.5654,2.5272,2.5855,2.6575,2.9782,3.021,3.2,3.217,3.3979,3.403,3.4676,3.4698,3.4705
2013-04-12,1.5085,2.1958,2.6083,2.5677,2.5635,2.618,2.679,2.9756,3.0067,3.19,3.208,3.3951,3.3996,3.4618,3.4647,3.4655
2013-04-15,1.538,2.2052,2.6055,2.5844,2.5747,2.6048,2.6636,2.9762,3.0103,3.1889,3.1959,3.3763,3.3795,3.4368,3.44,3.4405
2013-04-16,1.5016,2.1444,2.5541,2.5742,2.5795,2.6197,2.6719,2.9602,2.9813,3.1469,3.1589,3.339,3.3451,3.3892,3.3981,3.4005
2013-04-17,1.4985,2.1397,2.5544,2.5793,2.5797,2.6326,2.7085,2.9746,2.9897,3.1673,3.1903,3.349,3.3537,3.4017,3.4094,3.4131
2013-04-18,1.6926,2.2191,2.5566,2.5746,2.5943,2.6306,2.7585,2.9791,3.0087,3.1886,3.2081,3.3748,3.3819,3.4158,3.4411,3.4431
2013-04-19,1.9877,2.3414,2.5745,2.5919,2.6178,2.7123,2.8663,2.9838,3.0185,3.1972,3.2214,3.3849,3.3829,3.4248,3.4449,3.4503
2013-04-22,2.1216,2.3845,2.5795,2.6108,2.6895,2.7276,2.8898,3.0042,3.0423,3.2048,3.2349,3.4149,3.4179,3.4579,3.4753,3.4867
2013-04-23,2.4546,2.5325,2.5795,2.5628,2.7318,2.7695,2.8495,2.9689,3.031,3.1697,3.1999,3.3778,3.3829,3.4294,3.4645,3.4629
2013-04-24,2.7274,2.6885,2.6497,2.6122,2.7824,2.7906,2.8243,2.9661,3.0268,3.1725,3.1978,3.3583,3.3648,3.4246,3.4426,3.4498
2013-04-25,2.9574,2.8079,2.6797,2.6466,2.7776,2.7859,2.8311,2.9695,3.0104,3.1729,3.1953,3.345,3.3513,3.415,3.4277,3.4314
2013-04-26,1.6664,2.8534,2.6748,2.6417,2.7789,2.8088,2.8162,2.9665,3.008,3.1407,3.1503,3.3449,3.3501,3.415,3.4277,3.4313
2013-04-27,1.6824,2.81,2.6746,2.6368,2.7599,2.788,2.7905,2.9609,2.9966,3.122,3.1406,3.3349,3.3452,3.41,3.4277,3.4311
2013-04-28,1.6764,2.75,2.6685,2.6307,2.7405,2.7579,2.7842,2.9602,2.975,3.1194,3.1329,3.3352,3.3458,3.4145,3.4277,3.4314
2013-05-02,1.6464,2.608,2.6415,2.6134,2.7333,2.7475,2.7768,2.9523,2.9801,3.1166,3.1471,3.3206,3.3302,3.3889,3.4067,3.4119
2013-05-03,1.8464,2.5417,2.5978,2.5901,2.6841,2.7552,2.7759,2.9513,2.9783,3.1094,3.1346,3.3226,3.3302,3.3789,3.4078,3.4212
2013-05-06,1.8264,2.5417,2.6128,2.5952,2.7139,2.7843,2.8008,2.9733,3.0029,3.1349,3.147,3.3363,3.3402,3.3834,3.4256,3.4354
2013-05-07,1.5064,2.5587,2.6127,2.5902,2.7195,2.79,2.8052,2.9664,2.997,3.0898,3.0962,3.3295,3.3245,3.3715,3.4256,3.4261
2013-05-08,1.4564,2.5652,2.6371,2.6124,2.7437,2.8227,2.8329,2.9683,3.0127,3.1247,3.1282,3.3461,3.3551,3.3738,3.4316,3.4345
2013-05-09,1.5564,2.5812,2.657,2.6642,2.7403,2.823,2.833,2.9701,3.0216,3.1197,3.1232,3.3341,3.3351,3.3688,3.4237,3.4317
2013-05-10,1.5864,2.5827,2.662,2.6612,2.7095,2.8299,2.8305,2.9865,3.0375,3.0948,3.1003,3.3153,3.3253,3.3688,3.4198,3.4212
2013-05-13,1.6037,2.6267,2.6631,2.6844,2.7648,2.8398,2.8416,2.9869,3.0468,3.0968,3.098,3.3257,3.3328,3.3623,3.4218,3.4238
2013-05-14,1.6864,2.6187,2.6589,2.6847,2.7287,2.8171,2.8412,2.9776,3.0594,3.1008,3.1016,3.3274,3.3303,3.3622,3.4226,3.4248
2013-05-15,1.6909,2.5617,2.6987,2.722,2.741,2.8193,2.8298,2.9863,3.0601,3.103,3.1373,3.3186,3.3204,3.3615,3.4167,3.4218
2013-05-16,2.1484,2.7087,2.7132,2.7271,2.7405,2.8381,2.8459,2.9972,3.0627,3.1069,3.1435,3.3186,3.325,3.3618,3.4145,3.4219
2013-05-17,2.2903,3.0088,2.7054,2.7298,2.7498,2.8538,2.8622,3.008,3.0627,3.105,3.1436,3.3381,3.3401,3.3637,3.4185,3.4213
2013-05-20,2.4034,3.4588,2.7595,2.7618,2.7648,2.8561,2.8653,3.0378,3.0761,3.1168,3.1436,3.3408,3.3412,3.3637,3.423,3.4253
2013-05-21,2.8064,3.4538,2.7595,2.7719,2.7925,2.8561,2.8812,3.0352,3.0831,3.1208,3.1436,3.3437,3.3451,3.3685,3.424,3.4253
2013-05-22,2.8704,3.3978,2.7718,2.7672,2.7793,2.8632,2.8714,3.0315,3.0809,3.1197,3.1445,3.3438,3.34,3.3681,3.4106,3.4153
2013-05-23,2.9274,3.3768,2.7642,2.7674,2.7817,2.8522,2.8649,3.0204,3.0772,3.1197,3.1288,3.3358,3.338,3.3729,3.4069,3.413
2013-05-24,2.7504,3.3368,2.7442,2.7653,2.782,2.8532,2.8673,3.0154,3.075,3.1098,3.1288,3.3338,3.336,3.373,3.4105,3.4181
2013-05-27,2.8064,3.1328,2.7523,2.7642,2.775,2.8528,2.8655,3.0179,3.0708,3.1079,3.1169,3.3286,3.3341,3.3729,3.4106,3.4166
2013-05-28,2.5964,3.0875,2.7549,2.7594,2.7689,2.8407,2.8609,3.0179,3.056,3.0912,3.0978,3.3285,3.3308,3.373,3.4116,3.4206
2013-05-29,2.2964,2.8218,2.8049,2.7596,2.7732,2.8525,2.861,3.023,3.053,3.1234,3.1443,3.3418,3.3455,3.3738,3.4205,3.434
2013-05-30,2.6364,2.8918,2.791,2.7598,2.7975,2.8575,2.8609,3.032,3.0561,3.1261,3.1468,3.3421,3.3431,3.3883,3.4227,3.434
2013-05-31,3.7474,3.1578,2.83,2.7771,2.7974,2.868,2.8682,3.0454,3.0607,3.1491,3.1573,3.3418,3.3446,3.3884,3.4249,3.4399
2013-06-03,3.8154,3.359,2.8234,2.762,2.8177,2.8593,2.8714,3.0615,3.0813,3.1549,3.1704,3.3648,3.3651,3.4066,3.4349,3.4478
2013-06-04,3.7334,3.3326,2.8268,2.7821,2.8287,2.8809,2.8812,3.0656,3.0822,3.1605,3.1763,3.3697,3.375,3.4066,3.4495,3.4603
2013-06-05,3.8394,3.4776,2.8469,2.8506,2.8664,2.8975,2.9112,3.0851,3.0917,3.1685,3.1897,3.3868,3.3903,3.4098,3.4555,3.4615
2013-06-06,5.1984,3.7637,2.8716,2.9344,2.9461,2.9399,2.9362,3.1049,3.1111,3.1829,3.2097,3.3895,3.4003,3.4098,3.4576,3.4651
2013-06-07,7.5104,4.8152,3.0485,3.1058,3.0715,3.0407,3.0309,3.1359,3.1386,3.2235,3.2286,3.4181,3.4202,3.4298,3.4634,3.4822
2013-06-08,8.4974,4.8197,3.1068,3.2006,3.1738,3.1006,3.1007,3.1386,3.1648,3.2282,3.2353,3.4199,3.4205,3.4392,3.4634,3.4822
2013-06-09,6.2064,4.4084,3.0886,3.0903,3.1738,3.0303,3.0844,3.1084,3.11,3.1905,3.2205,3.3697,3.3715,3.4097,3.4168,3.4491
2013-06-13,5.2074,4.2494,3.5979,3.3482,3.1738,3.1416,3.0859,3.134,3.1401,3.2173,3.2567,3.3848,3.3916,3.4097,3.4431,3.4591
2013-06-14,5.4844,4.209,3.6084,3.0983,3.1867,3.3416,3.1024,3.1989,3.2002,3.2426,3.275,3.3974,3.4116,3.4297,3.456,3.4689
2013-06-17,3.3294,4.3589,3.5416,3.0611,3.1425,3.2921,3.1,3.2092,3.2103,3.2632,3.2814,3.4076,3.415,3.4331,3.4703,3.4785
2013-06-18,4.1124,4.4545,3.7703,3.2111,3.244,3.3291,3.1509,3.25,3.2599,3.2843,3.3015,3.4299,3.4305,3.4433,3.4803,3.4818
2013-06-19,6.1764,4.8915,4.0443,3.3932,3.3826,3.4362,3.2606,3.3388,3.3597,3.3729,3.3809,3.4848,3.4906,3.5033,3.5473,3.5516
2013-06-20,11.9604,6.575,5.6346,5.0132,4.1903,3.9826,3.5606,3.6007,3.6054,3.6129,3.6209,3.6248,3.6259,3.6286,3.6669,3.7016
2013-06-21,7.0084,6.4661,5.6411,5.1132,4.1744,3.8954,3.6106,3.5965,3.5992,3.582,3.5797,3.6148,3.5991,3.5986,3.623,3.6014
2013-06-24,5.0054,5.6231,5.527,5.0132,4.3744,3.8973,3.6504,3.6394,3.55,3.5576,3.5397,3.5851,3.5691,3.5836,3.623,3.5999
2013-06-25,4.2524,5.1389,5.265,4.8151,4.3744,3.8951,3.6504,3.5794,3.4617,3.5111,3.5108,3.5796,3.5555,3.5756,3.618,3.5999
2013-06-26,4.0694,4.8537,4.545,4.5697,3.9337,3.3883,3.5738,3.4774,3.322,3.3571,3.3611,3.4744,3.4532,3.5232,3.5497,3.55
2013-06-27,4.0774,4.6927,4.1565,3.9691,3.8824,3.3493,3.4463,3.3779,3.3287,3.3246,3.3258,3.4186,3.3997,3.4958,3.5393,3.5231
2013-06-28,3.4574,4.545,4.0465,4.0691,3.7712,3.2445,3.4812,3.2192,3.2033,3.2976,3.2909,3.3883,3.3852,3.4883,3.5318,3.5125
2013-07-01,2.9724,4.325,3.9,3.9601,3.5667,3.2569,3.4706,3.2183,3.2334,3.2976,3.2911,3.4021,3.3861,3.4983,3.5397,3.5245
2013-07-02,2.6024,3.9396,3.8683,3.7875,3.5108,3.2201,3.3721,3.1739,3.1604,3.2876,3.2917,3.4033,3.3883,3.5032,3.5398,3.5243
2013-07-03,2.5164,3.7669,3.7483,3.7137,3.4065,3.3377,3.4212,3.1739,3.1204,3.2839,3.275,3.3956,3.3934,3.5083,3.5398,3.5302
2013-07-04,2.4644,3.6645,3.5683,3.6337,3.3919,3.3725,3.3912,3.1581,3.1083,3.2744,3.2629,3.3956,3.4021,3.516,3.5239,3.5102
2013-07-05,2.4964,3.4312,3.4405,3.5337,3.3505,3.3428,3.3716,3.1476,3.0954,3.269,3.2629,3.3954,3.3997,3.516,3.5239,3.5127
2013-07-08,2.4724,3.3144,3.3907,3.4999,3.3517,3.3524,3.3916,3.1676,3.1311,3.3002,3.2933,3.4196,3.4185,3.5241,3.5399,3.5177
2013-07-09,2.4654,3.3787,3.4407,3.4999,3.3818,3.3476,3.4016,3.1935,3.1778,3.324,3.3272,3.43,3.4266,3.5247,3.5399,3.5202
2013-07-10,2.5674,3.4576,3.4707,3.5499,3.4215,3.4567,3.5001,3.2417,3.2235,3.3467,3.3492,3.5016,3.4877,3.5671,3.5997,3.5802
2013-07-11,2.7711,3.4786,3.5207,3.6099,3.4315,3.447,3.5001,3.2743,3.2783,3.3992,3.3796,3.5343,3.5256,3.5911,3.5999,3.5902
2013-07-12,2.8164,3.4962,3.5407,3.5599,3.4694,3.447,3.5006,3.3011,3.3306,3.4571,3.4115,3.5726,3.5571,3.6011,3.6047,3.6001
2013-07-15,2.8162,3.5134,3.566,3.5899,3.5477,3.447,3.4998,3.3005,3.3436,3.4671,3.4247,3.5626,3.5571,3.6061,3.615,3.6102
2013-07-16,2.5294,3.4421,3.5623,3.5699,3.542,3.4224,3.4299,3.3081,3.3414,3.4715,3.4391,3.5796,3.5771,3.6181,3.6348,3.619
2013-07-17,2.4844,3.487,3.5616,3.5599,3.5366,3.4369,3.4345,3.3347,3.3514,3.4874,3.4657,3.6196,3.6231,3.6381,3.6789,3.669
2013-07-18,2.5144,3.4649,3.5324,3.5699,3.4913,3.4916,3.4544,3.3573,3.4015,3.4984,3.479,3.6046,3.6201,3.6481,3.6828,3.6903
2013-07-19,2.5264,3.5239,3.5424,3.5599,3.4985,3.4849,3.4624,3.3718,3.4315,3.4932,3.4982,3.6135,3.6249,3.6581,3.7028,3.7051
2013-07-22,2.5899,3.5924,3.5824,3.5799,3.6348,3.522,3.5248,3.4526,3.5281,3.5495,3.548,3.6432,3.6601,3.6814,3.7389,3.7401
2013-07-23,2.6219,3.6124,3.6124,3.5799,3.6643,3.5527,3.5503,3.5929,3.6239,3.6211,3.5984,3.6832,3.69,3.7031,3.7589,3.7602
2013-07-24,2.7164,3.7124,3.6424,3.6099,3.6938,3.5527,3.5746,3.6076,3.6439,3.6679,3.705,3.7271,3.7702,3.7731,3.7944,3.7952
2013-07-25,2.8359,3.6824,3.6426,3.6099,3.6438,3.5199,3.5107,3.5768,3.5727,3.6343,3.6956,3.7147,3.7,3.7214,3.7191,3.7102
2013-07-26,2.9362,3.592,3.5926,3.4806,3.6327,3.4911,3.5034,3.5429,3.5767,3.6185,3.6668,3.6897,3.69,3.7114,3.7048,3.7152
2013-07-29,3.0127,3.622,3.5426,3.4606,3.5839,3.5025,3.5128,3.5643,3.602,3.6329,3.6712,3.6995,3.7,3.7164,3.7217,3.7228
2013-07-30,2.9506,3.562,3.4926,3.4106,3.4239,3.4856,3.5,3.5529,3.5835,3.6324,3.6705,3.6846,3.6837,3.7164,3.7245,3.7227
2013-07-31,2.9587,3.542,3.4426,3.4406,3.45,3.4959,3.4908,3.5369,3.5551,3.6224,3.6551,3.6746,3.6602,3.7016,3.7142,3.7214
2013-08-01,2.8087,3.502,3.3926,3.3906,3.4,3.4214,3.4347,3.4748,3.5252,3.6224,3.6135,3.6587,3.6402,3.6916,3.7148,3.7053
2013-08-02,2.5136,3.392,3.3889,3.3869,3.3905,3.3488,3.3938,3.4744,3.5224,3.5958,3.6187,3.6442,3.6402,3.6816,3.7096,3.7034
2013-08-05,2.3596,3.4312,3.3852,3.3569,3.3605,3.3955,3.419,3.4856,3.5324,3.6132,3.6275,3.6573,3.6577,3.6916,3.7173,3.7104
2013-08-06,2.3596,3.523,3.4361,3.3669,3.3705,3.3968,3.4047,3.506,3.5424,3.6293,3.6323,3.667,3.6733,3.7016,3.7248,3.7153
2013-08-07,2.3602,3.5025,3.4343,3.3838,3.3911,3.4142,3.4069,3.5091,3.5524,3.6576,3.6841,3.7217,3.7119,3.7339,3.7696,3.7703
2013-08-08,2.4237,3.5175,3.469,3.4383,3.4193,3.4562,3.4271,3.5377,3.5724,3.7251,3.7313,3.7583,3.7707,3.7739,3.8388,3.8455
2013-08-09,2.1737,3.3975,3.409,3.4383,3.3893,3.4433,3.4333,3.5627,3.6024,3.7481,3.7453,3.7722,3.7826,3.7939,3.8337,3.8407
2013-08-12,2.2241,3.3975,3.404,3.4283,3.3993,3.4544,3.4479,3.5829,3.6224,3.7666,3.776,3.7923,3.8061,3.8208,3.8442,3.8513
2013-08-13,2.485,3.3775,3.394,3.4283,3.4093,3.5124,3.4837,3.6429,3.6824,3.8393,3.8407,3.8572,3.871,3.8758,3.9218,3.9252
2013-08-14,2.6946,3.3765,3.3935,3.4283,3.4506,3.5418,3.5373,3.7552,3.7867,3.8893,3.8881,3.9243,3.9249,3.9258,3.9443,3.9516
2013-08-15,2.5426,3.4221,3.4313,3.4583,3.4806,3.5218,3.5541,3.7464,3.7746,3.8893,3.8905,3.9243,3.9397,3.9358,3.9559,3.9602
2013-08-16,2.4687,3.4677,3.4932,3.5366,3.6295,3.6076,3.6041,3.7464,3.7931,3.8679,3.8717,3.9336,3.9344,3.9298,3.9459,3.9401
2013-08-19,2.6627,3.6502,3.5845,3.5366,3.6295,3.6287,3.6241,3.826,3.8831,3.8944,3.896,3.9693,3.97,3.9778,3.9897,4.0103
2013-08-20,3.1137,3.9432,3.736,3.5466,3.6495,3.6287,3.6241,3.856,3.9081,3.9524,3.9868,4.0089,4.0147,4.0178,4.0396,4.0881
2013-08-21,2.7766,3.8052,3.7024,3.5966,3.6559,3.6272,3.6341,3.8152,3.8798,3.9324,3.9416,3.9815,3.9757,4.0178,4.0396,4.0382
2013-08-22,2.6167,3.7832,3.7014,3.6166,3.6339,3.6453,3.6436,3.8152,3.871,3.9296,3.9316,3.9997,3.9902,4.0078,4.0348,4.0302
2013-08-23,2.5247,3.7332,3.6806,3.6066,3.6041,3.6444,3.6435,3.7887,3.8261,3.878,3.8714,3.9587,3.9551,3.9778,3.9846,3.9916
2013-08-26,2.2966,3.7242,3.6711,3.5966,3.5841,3.6099,3.6212,3.7431,3.8017,3.8445,3.8474,3.929,3.9357,3.9578,3.9598,3.9555
2013-08-27,2.2657,3.6912,3.6546,3.5966,3.5959,3.5953,3.6215,3.764,3.8219,3.8506,3.8517,3.9292,3.941,3.9628,3.9699,3.9654
2013-08-28,2.3577,3.6462,3.6271,3.5866,3.5959,3.5871,3.6235,3.7932,3.8468,3.8894,3.8964,3.9783,3.9961,3.9993,4.0298,4.0222
2013-08-29,2.2167,3.6202,3.6291,3.6166,3.6161,3.603,3.6086,3.8024,3.862,3.8993,3.9084,3.9933,4.0003,4.0093,4.025,4.03
2013-08-30,2.2936,3.6222,3.6208,3.6066,3.6024,3.6005,3.6186,3.8008,3.8438,3.8994,3.9181,3.9879,3.9899,4.0058,4.0146,4.0354
2013-09-02,2.2785,3.4172,3.5285,3.6269,3.6261,3.6079,3.6173,3.8049,3.8518,3.9104,3.9187,3.9946,3.9953,4.0155,4.0301,4.0356
2013-09-03,2.2603,3.3402,3.4984,3.6438,3.6173,3.6002,3.6173,3.8468,3.8707,3.9188,3.9218,3.9996,4.0001,4.0123,4.0252,4.0404
2013-09-04,2.2647,3.3982,3.5524,3.6938,3.6343,3.6013,3.598,3.9008,3.9002,3.9516,3.974,4.0196,4.0201,4.0289,4.0548,4.055
2013-09-05,2.1497,3.3912,3.5328,3.6616,3.6163,3.6124,3.6055,3.9094,3.9303,3.9494,3.9564,4.0096,4.0105,4.0289,4.0503,4.055
2013-09-06,2.2097,3.3941,3.5228,3.6426,3.6663,3.6086,3.6012,3.8966,3.9281,3.9482,3.9557,4.0092,4.0003,4.0242,4.0349,4.0455
2013-09-09,2.1797,3.5081,3.583,3.649,3.5981,3.6087,3.6106,3.9005,3.936,3.9596,3.9616,4.0397,4.0398,4.0396,4.0549,4.055
2013-09-10,2.1551,3.7721,3.7216,3.6621,3.5969,3.5984,3.6106,3.9005,3.9573,3.9855,3.9974,4.06,4.0693,4.0607,4.0846,4.065
2013-09-11,2.2736,4.0481,3.8691,3.6811,3.577,3.5947,3.6106,3.939,3.9815,4.0143,4.0244,4.1237,4.1293,4.1107,4.1195,4.1341
2013-09-12,2.2267,4.1661,3.9491,3.7231,3.5705,3.5948,3.5906,3.9181,3.9516,4.0091,4.021,4.1337,4.1286,4.1207,4.125,4.1291
2013-09-13,2.2387,4.2208,3.9368,3.7039,3.5615,3.5887,3.6106,3.8879,3.9174,4.0124,4.0165,4.1339,4.12,4.1307,4.1294,4.1406
2013-09-16,2.2676,4.1708,3.9328,3.7499,3.5729,3.57,3.5906,3.8684,3.8976,4.0004,4.0128,4.1307,4.1104,4.1233,4.1198,4.1201
2013-09-17,2.6527,4.1708,3.9328,3.6927,3.5692,3.5453,3.5906,3.824,3.8693,3.987,3.9846,4.0805,4.0521,4.0929,4.0891,4.0721
2013-09-18,2.7167,4.1408,3.9222,3.7016,3.5499,3.5451,3.5906,3.7969,3.8717,3.9952,3.9882,4.0711,4.0415,4.0821,4.0884,4.0502
2013-09-22,2.7327,4.1408,3.8809,3.7016,3.5392,3.5397,3.573,3.7776,3.8251,3.9316,3.9195,4.0077,3.9735,4.0197,4.0198,3.9851
2013-09-23,2.9746,4.1968,3.88,3.7316,3.5538,3.5302,3.5881,3.8196,3.8697,3.9366,3.9362,4.0193,4.0202,4.0247,4.0248,4.0095
2013-09-24,2.7741,4.3017,3.85,3.7134,3.5593,3.5501,3.61,3.8369,3.8528,3.9428,3.9223,4.0243,4.0233,4.0347,4.0348,4.0201
2013-09-25,2.5066,4.2488,3.8434,3.7034,3.4425,3.5155,3.6,3.7943,3.8226,3.889,3.9047,4.0097,4.0114,4.0338,4.0348,4.0202
2013-09-26,2.2717,4.0278,3.7817,3.6537,3.4425,3.4403,3.5501,3.7694,3.7947,3.853,3.8579,3.9896,3.9861,4.004,4.0044,3.9901
2013-09-27,2.3073,4.0028,3.7636,3.6037,3.3987,3.4236,3.5501,3.7763,3.7964,3.8367,3.8806,3.9994,3.9999,4.004,4.0094,4.0002
2013-09-29,2.3096,3.9728,3.7572,3.6058,3.4026,3.4146,3.5601,3.7753,3.7972,3.8523,3.8844,4.0095,3.9999,4.0085,4.0144,4.0002
2013-09-30,2.2857,3.9428,3.7572,3.5338,3.3737,3.4166,3.5451,3.774,3.7873,3.8581,3.8755,3.9947,3.9987,4.0122,4.0144,3.9954
2013-10-08,2.2116,3.8208,3.7673,3.5477,3.4009,3.4429,3.5451,3.748,3.7928,3.8297,3.88,3.9961,3.9867,4.0125,4.0185,3.9903
2013-10-09,2.3916,3.8558,3.7673,3.5477,3.4282,3.4524,3.5539,3.7442,3.7998,3.8447,3.8825,4.0161,4.0111,4.0271,4.0264,4.0316
2013-10-10,2.4876,3.8558,3.7567,3.5177,3.4009,3.4546,3.5627,3.7207,3.7945,3.8348,3.8838,4.0012,4.0054,4.011,4.0197,4.0166
2013-10-11,2.2596,3.8558,3.7521,3.5177,3.4107,3.5127,3.5427,3.6849,3.7933,3.8389,3.8838,4.017,4.0195,4.0148,4.0206,4.0265
2013-10-12,2.1867,3.7608,3.7421,3.5145,3.4089,3.5115,3.5427,3.689,3.7927,3.8405,3.8784,4.0035,4.0095,4.0141,4.0189,4.0263
2013-10-14,2.2727,3.8058,3.7493,3.5232,3.4356,3.4966,3.5427,3.696,3.8125,3.8574,3.9074,4.0522,4.0568,4.0506,4.0497,4.0663
2013-10-15,2.2766,3.7988,3.7493,3.5032,3.4407,3.4962,3.5169,3.6899,3.8278,3.8774,3.9023,4.0413,4.0744,4.0704,4.0697,4.0791
2013-10-16,2.2146,3.7918,3.7684,3.4832,3.4408,3.4968,3.5169,3.6995,3.8273,3.9145,3.9284,4.0485,4.0744,4.0795,4.0932,4.0966
2013-10-17,2.1976,3.7848,3.7484,3.4682,3.4408,3.49,3.5469,3.7071,3.8266,3.878,3.9335,4.0685,4.0943,4.0995,4.0996,4.0966
2013-10-18,2.1607,3.6984,3.6984,3.4621,3.4364,3.4941,3.5469,3.7571,3.8503,3.9106,3.9446,4.0795,4.0943,4.109,4.1048,4.1055
2013-10-21,2.2197,3.6388,3.6584,3.4821,3.4416,3.4951,3.5522,3.7379,3.8515,3.9198,3.9607,4.0935,4.106,4.1195,4.1251,4.1105
2013-10-22,2.2116,3.6188,3.6181,3.5121,3.4419,3.4955,3.5522,3.7544,3.8714,3.9364,3.9627,4.0918,4.1195,4.1244,4.1392,4.1305
2013-10-23,2.9897,3.5988,3.6176,3.5321,3.4418,3.4962,3.5645,3.7491,3.8866,3.9303,3.9577,4.0933,4.1349,4.1346,4.1473,4.1491
2013-10-24,3.2977,4.1848,3.6377,3.6308,3.5017,3.6278,3.6445,3.8349,3.9078,3.9837,3.9909,4.1326,4.1502,4.1546,4.1721,4.194
2013-10-25,3.4767,4.1848,3.7377,3.759,3.567,3.7186,3.7445,3.8267,3.9383,4.0152,4.0186,4.1362,4.16,4.1638,4.1784,4.214
2013-10-28,3.5436,4.1848,3.8077,3.7859,3.5838,3.744,3.7649,3.8886,3.9587,4.0175,4.0659,4.163,4.1501,4.1544,4.1789,4.204
2013-10-29,3.5557,4.134,3.9077,3.7856,3.6194,3.7672,3.7852,3.9504,4.0442,4.0421,4.0995,4.1873,4.16,4.1788,4.202,4.2173
2013-10-30,3.9397,4.0834,3.8429,3.7856,3.82,4.0073,4.0152,4.0104,4.0527,4.0593,4.1154,4.1916,4.17,4.1988,4.2115,4.2173
2013-10-31,3.2996,3.971,3.8532,3.8256,3.8202,3.9291,3.9752,3.9789,4.0099,4.0667,4.0654,4.1644,4.1302,4.1985,4.2097,4.1806
2013-11-01,3.1979,3.8894,3.8132,3.7934,3.8047,3.8762,3.9422,3.9564,3.9952,4.027,4.0533,4.1231,4.1102,4.162,4.1884,4.1556
2013-11-04,3.0568,3.5324,3.7632,3.7979,3.8047,3.8608,3.9222,3.9614,4.0063,4.0384,4.0593,4.1424,4.1472,4.1639,4.1887,4.1731
2013-11-05,2.8744,3.5824,3.7132,3.7351,3.7868,3.9486,3.9522,4.0018,4.0438,4.071,4.0793,4.1712,4.17,4.1746,4.21,4.2106
2013-11-06,2.6196,3.6835,3.7735,3.7751,3.8802,3.9685,3.9752,4.0138,4.0717,4.1691,4.1693,4.2246,4.204,4.2095,4.2245,4.2206
2013-11-07,2.6897,3.7885,3.8228,3.8151,3.8945,3.9892,4.0118,4.1412,4.1617,4.1976,4.1994,4.2914,4.2783,4.2572,4.2739,4.2945
2013-11-08,2.7206,3.8915,3.8573,3.8551,3.9271,4.0152,4.0214,4.1436,4.2039,4.2608,4.2431,4.3357,4.3071,4.2887,4.3018,4.3186
2013-11-11,2.5596,4.0835,3.9896,3.9875,4.0054,4.083,4.1587,4.2809,4.3999,4.3908,4.3781,4.458,4.4102,4.3619,4.3914,4.4034
2013-11-12,2.4387,3.9372,4.0305,4.0142,4.0465,4.0783,4.1209,4.2836,4.3626,4.374,4.344,4.4324,4.3701,4.3719,4.3928,4.4146
2013-11-13,2.4957,3.9872,4.109,4.1142,4.0493,4.1024,4.1142,4.3295,4.363,4.4257,4.3971,4.4967,4.4701,4.4319,4.4527,4.4628
2013-11-14,3.3477,4.0612,4.1736,4.2142,4.0902,4.1324,4.0956,4.3341,4.3886,4.4084,4.4,4.5019,4.4789,4.4744,4.4987,4.5006
2013-11-15,3.6137,4.6852,4.3934,4.3642,4.1602,4.1857,4.1454,4.4029,4.4639,4.4962,4.4698,4.5898,4.5577,4.5483,4.5482,4.6006
2013-11-18,3.6727,5.1412,4.5384,4.4907,4.2102,4.2099,4.156,4.4008,4.4832,4.5278,4.4998,4.612,4.5869,4.5744,4.5882,4.6619
2013-11-19,3.2347,4.8572,4.4584,4.5043,4.2278,4.2128,4.1362,4.3974,4.4748,4.5226,4.5098,4.6313,4.6287,4.6241,4.624,4.6722
2013-11-20,3.2167,4.9152,4.4584,4.5534,4.2417,4.2494,4.1808,4.3799,4.5003,4.5724,4.5124,4.6603,4.6387,4.6741,4.7122,4.7222
2013-11-21,3.0487,4.921,4.4097,4.505,4.1917,4.2012,4.156,4.3567,4.4507,4.5411,4.495,4.6503,4.6156,4.6741,4.6791,4.7009
2013-11-22,3.0587,4.871,4.3497,4.468,4.1527,4.1622,4.1265,4.3055,4.343,4.5172,4.4538,4.6216,4.5064,4.6125,4.6234,4.6509
2013-11-25,3.0067,4.891,4.3697,4.4485,4.1734,4.1822,4.1215,4.2988,4.3889,4.5012,4.4582,4.6496,4.5461,4.6141,4.6291,4.6159
2013-11-26,2.9057,4.911,4.3497,4.4037,4.1986,4.2022,4.1067,4.2743,4.3805,4.4812,4.4512,4.6296,4.5514,4.6141,4.6191,4.6059
2013-11-27,2.9237,4.861,4.3997,4.3687,4.1757,4.1822,4.1017,4.2533,4.3582,4.3991,4.3714,4.5563,4.4745,4.5641,4.5657,4.5511
2013-11-28,2.9057,4.861,4.3897,4.3287,4.1557,4.1622,4.0472,4.2255,4.308,4.3683,4.3323,4.4885,4.403,4.5041,4.4993,4.4313
2013-11-29,2.8857,4.771,4.3101,4.2787,4.045,4.0703,3.9787,4.1662,4.2652,4.3075,4.2612,4.4356,4.3807,4.4201,4.4236,4.3612
2013-12-02,2.9077,4.6948,4.4,4.3698,4.165,4.1603,4.0385,4.2717,4.3716,4.3991,4.3517,4.5319,4.4754,4.497,4.4988,4.4812
2013-12-03,2.8847,4.6948,4.36,4.3598,4.1404,4.1603,4.0484,4.259,4.3243,4.3931,4.3519,4.5119,4.4319,4.487,4.4888,4.4412
2013-12-04,2.8832,4.6498,4.36,4.4329,4.1105,4.1138,4.0029,4.2006,4.3045,4.3696,4.3419,4.4786,4.4513,4.487,4.473,4.4262
2013-12-05,2.8627,4.5398,4.41,4.4867,4.1605,4.1586,4.0341,4.2923,4.3693,4.4381,4.3736,4.519,4.4851,4.4967,4.5177,4.4962
2013-12-06,2.8597,4.492,4.4193,4.5457,4.167,4.1624,4.0364,4.3363,4.3777,4.4615,4.3868,4.5526,4.4993,4.4992,4.5371,4.5162
2013-12-09,2.7797,4.535,4.4608,4.5857,4.1845,4.17,4.0364,4.3822,4.3991,4.478,4.4418,4.594,4.5353,4.5492,4.5745,4.5413
2013-12-10,2.7797,4.5574,4.482,4.6057,4.2052,4.17,4.0284,4.3799,4.4096,4.5226,4.5124,4.644,4.6105,4.6244,4.6241,4.6012
2013-12-11,2.7317,4.5517,4.4942,4.6395,4.2413,4.1904,4.0489,4.4099,4.3802,4.4726,4.478,4.6639,4.65,4.6544,4.6498,4.6213
2013-12-12,2.6817,4.6017,4.4792,4.5595,4.2244,4.1744,4.0336,4.3617,4.3651,4.4629,4.4287,4.6434,4.6018,4.6413,4.6246,4.5913
2013-12-13,2.6538,4.5714,4.4641,4.5595,4.2156,4.1702,4.034,4.3085,4.3241,4.4263,4.3886,4.5924,4.5218,4.5895,4.5781,4.5411
2013-12-16,2.6687,4.6502,4.5285,4.6095,4.2422,4.1702,4.039,4.3101,4.3471,4.4483,4.4337,4.6006,4.5614,4.5972,4.5826,4.5539
2013-12-17,2.6917,4.7802,4.5905,4.6335,4.2373,4.138,4.029,4.3371,4.3655,4.4584,4.4343,4.6204,4.5808,4.5972,4.5925,4.5639
2013-12-18,2.8097,5.1202,4.839,4.6672,4.2556,4.1879,4.0689,4.3671,4.371,4.4932,4.45,4.6552,4.5901,4.5972,4.5993,4.5814
2013-12-19,2.8677,5.2702,4.9614,4.7619,4.2861,4.1879,4.0953,4.4034,4.411,4.5279,4.4705,4.6852,4.6108,4.6272,4.624,4.6016
2013-12-20,2.9487,5.2702,4.9577,4.7383,4.2377,4.1938,4.1053,4.4104,4.4157,4.5116,4.4799,4.6747,4.6017,4.6372,4.634,4.6016
2013-12-23,3.2367,5.3962,5.0413,4.7968,4.2511,4.1591,4.1253,4.4056,4.4153,4.4987,4.4804,4.6615,4.6119,4.6422,4.6341,4.6017
2013-12-24,2.8667,5.1707,4.8796,4.7025,4.2595,4.1091,4.1546,4.4084,4.4214,4.4838,4.4559,4.6415,4.5639,4.6222,4.6173,4.5566
2013-12-25,2.7717,5.0747,4.8068,4.653,4.2572,4.0891,4.1546,4.419,4.4125,4.4788,4.4564,4.6468,4.5712,4.6252,4.6185,4.5666
2013-12-26,2.7227,5.0547,4.7843,4.618,4.2511,4.0841,4.1546,4.369,4.3719,4.4837,4.4418,4.6369,4.566,4.6152,4.6152,4.5579
2013-12-27,2.2347,4.9547,4.7501,4.6621,4.2421,4.0555,4.1496,4.3645,4.3718,4.4869,4.4474,4.6558,4.5821,4.6152,4.6155,4.5437
2013-12-30,1.9267,4.9547,4.7351,4.6321,4.2003,4.0388,4.1522,4.3405,4.3763,4.4988,4.4389,4.6573,4.5767,4.616,4.6085,4.5437
2013-12-31,1.8697,4.7457,4.6202,4.6113,4.1741,4.1648,4.2189,4.3378,4.4162,4.5129,4.4583,4.6571,4.5824,4.616,4.605,4.5518
2014-01-02,2.0697,4.8457,4.6709,4.6113,4.1864,4.1651,4.2251,4.3497,4.4538,4.5139,4.5068,4.6583,4.6111,4.626,4.6251,4.6018
2014-01-03,2.0447,5.1367,4.789,4.5792,4.1306,4.1625,4.231,4.3792,4.4237,4.522,4.5169,4.6583,4.6398,4.646,4.6488,4.6415
2014-01-06,1.9587,5.4107,4.7464,4.5453,4.1116,4.1408,4.2132,4.3982,4.4051,4.5339,4.5293,4.7085,4.6698,4.666,4.6772,4.6569
2014-01-07,1.9587,5.2607,4.6691,4.5358,4.1017,4.1466,4.2503,4.3528,4.3692,4.5339,4.5143,4.6885,4.6328,4.666,4.6696,4.642
2014-01-08,1.9587,4.9857,4.4682,4.4064,4.0223,4.0754,4.181,4.2895,4.3568,4.5189,4.4712,4.6735,4.5847,4.646,4.6593,4.5919
2014-01-09,1.9587,5.3177,4.5811,4.3059,4.047,4.0693,4.1839,4.3132,4.3292,4.4889,4.4508,4.6387,4.5745,4.626,4.6345,4.5969
2014-01-10,1.9587,4.9982,4.3291,4.1223,4.0371,4.0165,4.1339,4.3099,4.3286,4.5073,4.4414,4.6377,4.5703,4.626,4.6145,4.6016
2014-01-13,1.9587,4.9482,4.2092,3.9306,3.898,3.9252,4.0615,4.2981,4.3333,4.499,4.4387,4.649,4.5853,4.636,4.6352,4.597
2014-01-14,1.9602,4.953,4.1935,3.8998,3.8975,3.8944,4.0384,4.288,4.308,4.4889,4.4163,4.659,4.5861,4.646,4.6487,4.602
2014-01-15,1.972,4.953,4.1609,3.8356,3.8705,3.8043,3.9984,4.2484,4.2896,4.4737,4.3677,4.6239,4.5282,4.6282,4.6487,4.5523
2014-01-16,1.993,4.904,4.2102,3.9661,3.8884,3.7743,3.9584,4.2482,4.2667,4.4739,4.3733,4.629,4.5521,4.6382,4.6591,4.5871
2014-01-17,2.0377,5.175,4.3207,3.9161,3.8384,3.757,3.9163,4.2003,4.2509,4.4802,4.375,4.6481,4.5652,4.6582,4.66,4.5969
2014-01-20,2.6087,5.383,4.4804,4.0386,3.9323,3.784,3.891,4.1934,4.2196,4.4587,4.3814,4.6493,4.5568,4.6427,4.67,4.5923
2014-01-21,2.3617,5.338,4.313,3.9123,3.8026,3.6546,3.7799,4.097,4.172,4.374,4.3482,4.5678,4.4941,4.6222,4.6183,4.5423
2014-01-22,2.3967,4.861,4.0259,3.8176,3.7258,3.6035,3.73,3.9885,4.0635,4.3089,4.2856,4.5293,4.4783,4.5972,4.5974,4.5023
2014-01-23,2.4207,4.719,3.9531,3.8321,3.7754,3.6527,3.6974,3.8882,4.0481,4.3488,4.32,4.549,4.4779,4.5972,4.5742,4.4825
2014-01-24,2.44,4.719,3.9031,3.7321,3.686,3.6037,3.678,3.7958,3.9817,4.323,4.3074,4.5589,4.4919,4.6003,4.602,4.5123
2014-01-26,3.1207,4.897,3.9638,3.6755,3.6318,3.5519,3.639,3.7892,3.9317,4.271,4.272,4.5087,4.4392,4.5803,4.5788,4.4777
2014-01-27,3.2547,4.732,4.0586,3.6979,3.5818,3.5266,3.6054,3.7472,3.9292,4.2486,4.2261,4.5003,4.4262,4.5603,4.5609,4.4802
2014-01-28,3.5684,5.035,4.0989,3.6961,3.5378,3.5264,3.6054,3.8001,4.035,4.2311,4.2154,4.5277,4.4454,4.5479,4.5485,4.5027
2014-01-29,3.5207,4.894,4.1048,3.6875,3.5178,3.5263,3.6044,3.798,4.0191,4.238,4.2262,4.5343,4.4345,4.5477,4.5494,4.5102
2014-01-30,3.1557,3.9885,4.0136,3.6419,3.5178,3.5163,3.6094,3.818,4.0398,4.238,4.2185,4.5412,4.4353,4.5477,4.5494,4.5019
2014-02-07,2.9907,3.968,3.7636,3.5673,3.4501,3.4528,3.5653,3.768,3.9405,4.2176,4.1888,4.5188,4.4048,4.534,4.5294,4.4781
2014-02-08,2.9707,4.229,3.4764,3.4494,3.4945,3.4804,3.5839,3.7775,3.9405,4.2216,4.1885,4.488,4.4104,4.534,4.511,4.468
2014-02-10,3.0242,4.217,3.3764,3.3794,3.4544,3.458,3.5039,3.7046,3.9215,4.2469,4.2098,4.4912,4.4125,4.544,4.5185,4.4831
2014-02-11,2.8577,4.126,3.3861,3.4094,3.4544,3.5026,3.5517,3.7292,3.9386,4.2548,4.2092,4.4807,4.4043,4.544,4.5295,4.4881
2014-02-12,2.7457,4.018,3.2886,3.3645,3.4105,3.4627,3.5448,3.7252,3.9031,4.2471,4.1914,4.4751,4.4087,4.544,4.5408,4.4783
2014-02-13,2.2897,3.997,3.3386,3.2945,3.3605,3.366,3.4683,3.7076,3.8334,4.2519,4.1864,4.4629,4.4015,4.5399,4.5508,4.4783
2014-02-14,1.8487,3.861,3.3571,3.2747,3.3514,3.39,3.4654,3.6807,3.7912,4.2201,4.1913,4.4718,4.4002,4.5483,4.5508,4.4781
2014-02-17,1.6217,3.833,3.33,3.2747,3.3634,3.3823,3.4339,3.6694,3.8212,4.2336,4.2099,4.497,4.422,4.5584,4.578,4.5135
2014-02-18,1.3907,3.7665,3.28,3.2947,3.3781,3.3323,3.4061,3.6639,3.8303,4.2226,4.2429,4.512,4.4377,4.5584,4.5816,4.5385
2014-02-19,1.1137,3.7622,3.3137,3.2737,3.3531,3.3313,3.3925,3.6461,3.8503,4.2226,4.2452,4.522,4.4497,4.5735,4.5944,4.5535
2014-02-20,0.6917,3.588,3.2595,3.2237,3.303,3.2823,3.3585,3.6351,3.8468,4.2326,4.2291,4.5263,4.4427,4.5738,4.5848,4.5336
2014-02-21,0.4747,3.544,3.1993,3.1937,3.273,3.2823,3.3523,3.6251,3.8243,4.1976,4.1938,4.5252,4.4443,4.5734,4.5763,4.5234
2014-02-24,0.4107,3.336,3.1894,3.1867,3.266,3.2795,3.3503,3.6251,3.8243,4.1923,4.1581,4.4875,4.4134,4.5434,4.5565,4.4836
2014-02-25,0.5307,3.316,3.171,3.1867,3.256,3.2067,3.294,3.5544,3.7798,4.1006,4.1054,4.3599,4.304,4.4429,4.4317,4.4336
2014-02-26,0.5607,3.2475,3.131,3.1567,3.226,3.1894,3.2764,3.535,3.7798,4.1421,4.1458,4.3999,4.317,4.4429,4.4497,4.4496
2014-02-27,0.5607,3.172,3.0639,3.1067,3.156,3.1172,3.2464,3.5099,3.7057,4.0399,4.0616,4.3249,4.2396,4.3929,4.3682,4.3896
2014-02-28,0.7565,3.12,3.0357,3.1218,3.1711,3.1501,3.2775,3.5399,3.7407,4.0798,4.0923,4.3292,4.2495,4.4129,4.4068,4.4276
2014-03-03,1.0957,3.126,3.0637,3.1718,3.2211,3.2154,3.3075,3.5709,3.7573,4.1323,4.1278,4.3384,4.3046,4.4329,4.4348,4.4576
2014-03-04,1.0937,3.193,3.1306,3.1718,3.2211,3.2154,3.3325,3.6238,3.8051,4.1681,4.1969,4.3918,4.3846,4.4993,4.4806,4.5026
2014-03-05,1.1007,3.2261,3.1041,3.1708,3.1893,3.1711,3.2933,3.6238,3.8213,4.1881,4.2094,4.414,4.3881,4.5241,4.4979,4.5176
2014-03-06,1.0654,3.2261,3.1041,3.159,3.1893,3.2168,3.2733,3.6538,3.8475,4.1958,4.2066,4.4191,4.3714,4.524,4.4901,4.5145
2014-03-07,1.0055,3.1531,3.1341,3.1433,3.2193,3.2156,3.2509,3.632,3.8175,4.2058,4.1849,4.4425,4.3671,4.5234,4.4898,4.5142
2014-03-10,0.9797,3.1131,3.0841,3.1048,3.1337,3.0972,3.2002,3.5426,3.7335,4.1673,4.1716,4.4423,4.3364,4.4741,4.4709,4.5043
2014-03-11,0.9797,3.081,3.0341,3.1039,3.1337,2.9594,3.2401,3.5258,3.7131,4.1553,4.1651,4.4436,4.3509,4.4741,4.4632,4.5125
2014-03-12,1.0067,2.911,3.0311,3.0939,3.0781,3.0289,3.2083,3.5411,3.6767,4.125,4.149,4.4437,4.3521,4.4533,4.4507,4.5024
2014-03-13,1.0667,2.961,3.0811,3.1485,3.0881,2.9589,3.1621,3.5047,3.7063,4.1286,4.149,4.4267,4.3234,4.4262,4.4362,4.5024
2014-03-14,0.9832,3.011,3.0611,3.1485,3.0881,2.8693,3.1621,3.4772,3.6763,4.1297,4.119,4.4091,4.3041,4.4217,4.4268,4.4924
2014-03-17,0.9757,2.8406,2.918,2.9787,2.9881,2.7693,3.1133,3.5122,3.7063,4.121,4.1039,4.4292,4.3066,4.4217,4.4164,4.482
2014-03-18,1.1567,2.8448,2.9179,2.9787,2.9781,2.7593,3.1033,3.531,3.7183,4.121,4.143,4.4492,4.3337,4.4282,4.4439,4.5095
2014-03-19,1.9092,3.0757,3.056,3.0829,2.9781,2.7893,3.1333,3.576,3.7838,4.1843,4.1646,4.4506,4.3546,4.4382,4.449,4.5095
2014-03-20,2.1177,3.1827,3.0804,3.0729,2.9781,2.7893,3.1133,3.5669,3.836,4.2058,4.1628,4.4538,4.3254,4.4382,4.4697,4.5195
2014-03-21,1.6067,3.2087,3.0991,3.0868,2.9896,2.8193,3.1433,3.5862,3.8414,4.1621,4.136,4.4538,4.3247,4.4231,4.4539,4.5044
2014-03-24,1.6067,3.3352,3.126,3.0568,2.9596,2.8393,3.1233,3.554,3.8192,4.1921,4.149,4.4643,4.3279,4.4331,4.4644,4.5148
2014-03-25,1.6067,3.4737,3.1179,3.0071,2.9096,2.8393,3.1033,3.5152,3.8117,4.1581,4.149,4.4656,4.3337,4.4131,4.4688,4.5192
2014-03-26,1.6267,3.3287,3.1118,2.9571,2.8667,2.8293,3.1033,3.4125,3.8143,4.1781,4.1467,4.4718,4.3338,4.4131,4.4656,4.4992
2014-03-27,1.7647,3.4317,3.1264,2.922,2.8367,2.8293,3.0995,3.405,3.826,4.1767,4.1481,4.4538,4.335,4.4331,4.4773,4.5109
2014-03-28,1.7967,3.2627,3.0764,2.9347,2.8367,2.7993,3.1095,3.4083,3.8171,4.2154,4.1774,4.4645,4.3399,4.4331,4.4768,4.5104
2014-03-31,1.8467,3.1107,3.0563,2.9172,2.8233,2.8384,3.0901,3.4055,3.8261,4.2064,4.1595,4.4554,4.3301,4.423,4.4703,4.5004
2014-04-01,1.9127,3.0937,3.0536,2.9125,2.8483,2.8684,3.0892,3.4255,3.863,4.2076,4.1619,4.4757,4.3539,4.423,4.4762,4.4954
2014-04-02,1.9967,3.0937,3.0429,2.9325,2.9183,2.9184,3.0892,3.4329,3.8641,4.2076,4.1648,4.4995,4.3639,4.4305,4.487,4.4904
2014-04-03,1.9967,3.0937,2.9968,2.9625,2.9982,2.9084,3.0851,3.4347,3.9017,4.2118,4.1943,4.5172,4.3886,4.4504,4.5067,4.4904
2014-04-04,1.8097,3.0907,3.0078,2.9705,3.0482,2.9487,3.1158,3.4547,3.9324,4.1921,4.2057,4.5186,4.4036,4.4613,4.5124,4.4904
2014-04-08,1.7597,2.9307,3.0463,3.0042,3.0493,3.0536,3.1759,3.4702,3.9373,4.2092,4.1873,4.5092,4.3945,4.4629,4.5143,4.4499
2014-04-09,1.7867,2.8947,3.0034,3.0047,3.1128,3.136,3.2659,3.6006,3.9873,4.2163,4.1941,4.5246,4.3801,4.4682,4.5415,4.4771
2014-04-10,1.7867,2.8687,3.0217,3.0593,3.1916,3.196,3.3147,3.6179,4.042,4.2234,4.1913,4.513,4.3611,4.4502,4.5253,4.4571
2014-04-11,1.7967,2.9367,3.0772,3.1243,3.2416,3.346,3.5647,3.6685,4.0213,4.205,4.1673,4.488,4.3502,4.4402,4.516,4.4521
2014-04-14,1.6957,2.9153,3.0703,3.0849,3.2036,3.3114,3.5574,3.6885,4.0231,4.1922,4.1587,4.458,4.3152,4.4114,4.4911,4.4248
2014-04-15,1.5257,2.8523,3.0342,3.0549,3.2212,3.3114,3.5374,3.6759,4.025,4.1973,4.1606,4.4712,4.3101,4.4039,4.4815,4.4001
2014-04-16,1.3947,2.8486,3.0202,3.0327,3.223,3.3014,3.5174,3.6795,4.026,4.2118,4.1454,4.4485,4.3003,4.3965,4.4638,4.3601
2014-04-17,1.2777,2.8236,2.8404,2.8704,3.0959,3.1843,3.4003,3.6224,3.942,4.0975,4.0624,4.3758,4.2251,4.3222,4.3933,4.2749
2014-04-18,1.1767,2.7247,2.8204,2.9404,3.2212,3.3843,3.5003,3.6697,3.921,4.0957,4.0821,4.3817,4.2253,4.3346,4.4168,4.2997
2014-04-21,1.1567,2.5617,2.8337,2.9704,3.1599,3.4343,3.6059,3.7008,3.9246,4.1212,4.0843,4.3931,4.2404,4.3346,4.412,4.2997
2014-04-22,1.1029,2.6027,2.9788,3.0204,3.16,3.4344,3.5786,3.7008,3.9254,4.1213,4.067,4.3925,4.2404,4.3346,4.3956,4.2997
2014-04-23,1.1397,2.7458,3.0188,3.0604,3.2641,3.4353,3.581,3.724,3.9458,4.1312,4.0614,4.3941,4.2504,4.3546,4.4247,4.3297
2014-04-24,1.4797,3.1147,3.0588,3.0914,3.2866,3.4853,3.6141,3.7213,3.9686,4.1569,4.0314,4.3921,4.2407,4.3546,4.4334,4.3394
2014-04-25,1.4867,3.0807,3.1123,3.1404,3.3678,3.5591,3.5944,3.7223,3.9362,4.1451,4.0209,4.3821,4.2557,4.357,4.4245,4.3294
2014-04-28,1.5827,3.3947,3.1275,3.1246,3.3445,3.5991,3.5957,3.7278,3.9462,4.1373,4.0068,4.3821,4.2508,4.3555,4.4248,4.3301
2014-04-29,1.7807,3.3665,3.1284,3.1264,3.3471,3.5991,3.5808,3.7244,3.9589,4.1373,4.0053,4.3821,4.2508,4.353,4.42,4.3202
2014-04-30,1.6767,3.3275,3.0584,3.0979,3.3596,3.5803,3.5774,3.724,3.9541,4.1351,4.0353,4.3621,4.2408,4.3304,4.3948,4.3002
2014-05-04,1.5767,3.2235,3.0584,3.0979,3.3355,3.5578,3.5562,3.7209,3.9435,4.1131,4.0806,4.3521,4.2408,4.3137,4.3702,4.2902
2014-05-05,1.5467,3.0025,3.0504,3.1179,3.3378,3.5615,3.5613,3.7227,3.9611,4.1036,4.0956,4.3321,4.2361,4.3137,4.3602,4.3002
2014-05-06,1.5467,2.8855,3.0304,3.105,3.3251,3.5502,3.5509,3.7206,3.977,4.0636,4.0758,4.2821,4.2109,4.2762,4.3102,4.2803
2014-05-07,1.5467,2.8265,3.0508,3.1081,3.3179,3.5298,3.5267,3.7155,3.9765,4.0536,4.0657,4.2321,4.2059,4.2612,4.3002,4.2803
2014-05-08,1.4067,2.7345,3.0002,3.0942,3.3421,3.4998,3.497,3.7091,3.9304,4.0236,4.0307,4.1772,4.1509,4.2048,4.2402,4.2303
2014-05-09,1.3972,2.7175,2.9502,3.0442,3.3416,3.4976,3.4687,3.6431,3.9039,3.9736,3.991,4.0675,4.0548,4.0948,4.1202,4.1205
2014-05-12,1.3902,2.6045,2.9499,2.9942,3.348,3.5093,3.4974,3.6731,3.9291,3.9836,3.991,4.0675,4.0698,4.1023,4.1202,4.1205
2014-05-13,1.5267,2.5615,2.9399,2.9512,3.3626,3.5093,3.5024,3.6731,3.933,3.9936,3.9997,4.0475,4.084,4.1174,4.1402,4.1505
2014-05-14,1.5433,2.512,2.9392,3.0012,3.4019,3.5058,3.5132,3.6822,3.9464,3.9936,4.0424,4.0575,4.084,4.1311,4.1702,4.1704
2014-05-15,1.5267,2.5955,2.9782,3.0312,3.4031,3.5083,3.5126,3.6979,3.9564,3.9936,4.0322,4.0675,4.1152,4.1419,4.1802,4.1915
2014-05-16,1.5467,2.6345,2.9282,3.0429,3.4137,3.5147,3.5139,3.6949,3.9664,4.0036,4.0424,4.0675,4.1259,4.1419,4.1802,4.1919
2014-05-19,1.5727,2.6805,2.9582,3.0629,3.3837,3.4947,3.4882,3.6833,3.9474,3.9836,4.0472,4.0575,4.1054,4.1245,4.1652,4.1708
2014-05-20,1.6037,3.0395,2.9582,3.0937,3.4107,3.4997,3.5036,3.6833,3.9644,4.0036,4.0427,4.0675,4.1056,4.1246,4.1652,4.177
2014-05-21,1.6047,3.0445,2.9582,3.0937,3.2495,3.5097,3.5037,3.6833,3.9599,4.0082,4.0425,4.0675,4.1056,4.1246,4.1652,4.177
2014-05-22,1.5867,3.0475,2.9882,3.0937,3.1913,3.4697,3.4682,3.7133,3.9419,4.0032,4.0212,4.0575,4.1058,4.1246,4.1652,4.177
2014-05-23,1.6067,2.913,2.9382,3.0576,3.1529,3.4422,3.4584,3.7133,3.945,4.0008,4.011,4.0575,4.0948,4.1098,4.1452,4.1574
2014-05-26,1.5792,2.8838,2.9482,3.0576,3.1726,3.4522,3.4562,3.7133,3.946,3.9918,4.0011,4.055,4.0996,4.1098,4.1552,4.1674
2014-05-27,1.6177,2.782,2.8782,3.024,3.1752,3.3522,3.3587,3.7133,3.9258,3.9818,4.0018,4.045,4.0962,4.1098,4.1452,4.1574
2014-05-28,1.5867,2.7235,2.8482,2.999,3.1552,3.3947,3.3732,3.6933,3.8899,3.9472,3.9618,4.005,4.0684,4.0874,4.1152,4.1457
2014-05-29,1.5867,2.6605,2.8182,2.969,3.1152,3.3953,3.3589,3.6933,3.8846,3.937,3.9459,3.982,4.0375,4.0574,4.0852,4.1159
2014-05-30,1.6467,2.6445,2.7982,2.919,3.099,3.3028,3.3589,3.671,3.8622,3.9199,3.9339,3.9606,4.0072,4.0324,4.0652,4.0714
2014-06-03,1.5977,2.4995,2.703,2.8737,3.0791,3.255,3.3139,3.6116,3.7859,3.8411,3.8628,3.9118,3.9821,3.995,4.0152,4.0214
2014-06-04,1.6377,2.7145,2.8105,2.8737,3.058,3.126,3.2339,3.6074,3.7451,3.8163,3.8542,3.8865,3.9376,3.9697,4.0052,4.0114
2014-06-05,1.6827,2.7452,2.8005,2.8237,3.008,3.0475,3.1739,3.6074,3.7545,3.8254,3.8648,3.9114,3.9846,4.0022,4.0256,4.0314
2014-06-06,1.6875,2.8122,2.8642,2.8737,3.0247,3.0509,3.1939,3.5912,3.7643,3.8405,3.8854,3.9192,3.9798,4.01,4.0456,4.0614
2014-06-09,1.7067,2.9392,2.9092,2.9137,3.0171,3.0428,3.1739,3.5912,3.7543,3.8337,3.8863,3.9192,3.9803,4.0165,4.059,4.0714
2014-06-10,1.6967,2.9392,2.9092,2.9137,2.9824,3.0147,3.1489,3.5719,3.7341,3.8066,3.8452,3.8894,3.9605,3.9966,4.054,4.0614
2014-06-11,1.7187,2.9412,2.9092,2.9137,3.033,3.1381,3.2489,3.6004,3.7242,3.8019,3.8295,3.8894,3.9623,3.9986,4.054,4.0614
2014-06-12,1.7237,3.0002,2.8892,2.8937,3.0116,3.1381,3.3289,3.5932,3.7153,3.792,3.8363,3.8904,3.9624,3.9986,4.0566,4.064
2014-06-13,1.7267,2.9352,2.8892,2.9136,3.0458,3.0989,3.3489,3.6036,3.7475,3.8174,3.867,3.9104,3.9862,4.0285,4.0766,4.084
2014-06-16,1.7267,2.9292,2.8892,2.9136,3.0458,3.1116,3.3298,3.5936,3.7072,3.7856,3.8429,3.8819,3.965,4.005,4.0616,4.064
2014-06-17,1.7267,2.8122,2.9092,2.9636,3.0958,3.1361,3.3498,3.5936,3.7372,3.7983,3.8359,3.8821,3.9648,4.0026,4.0516,4.054
2014-06-18,1.7657,3.0123,3.0201,3.0298,3.1535,3.1968,3.3898,3.6225,3.7522,3.8123,3.8459,3.8898,3.9697,4.0078,4.0516,4.054
2014-06-19,1.8247,3.2733,3.1201,3.1298,3.2035,3.228,3.4123,3.6273,3.731,3.8093,3.8491,3.9017,3.9819,4.0087,4.0406,4.0408
2014-06-20,1.8857,3.5453,3.2078,3.2113,3.2135,3.218,3.4039,3.6209,3.7264,3.8009,3.8364,3.8847,3.9599,4.0025,4.0456,4.0515
2014-06-23,1.8817,3.6363,3.2478,3.2513,3.2513,3.2513,3.3788,3.6,3.7376,3.8113,3.8517,3.8924,3.9586,4.0021,4.0456,4.0515
2014-06-24,2.0977,3.7483,3.2078,3.2162,3.2163,3.2213,3.3805,3.6011,3.7379,3.7996,3.831,3.8805,3.9608,3.9972,4.0356,4.0515
2014-06-25,2.1217,3.6223,3.2378,3.2462,3.2463,3.2463,3.3901,3.6047,3.7313,3.7948,3.8261,3.8805,3.961,3.9973,4.0356,4.0557
2014-06-26,2.1007,3.4153,3.1878,3.1962,3.2063,3.2163,3.3615,3.5906,3.7355,3.8,3.8362,3.8805,3.973,4.005,4.0356,4.0472
2014-06-27,2.0117,3.3923,3.1927,3.1802,3.1963,3.2163,3.364,3.5945,3.7408,3.8024,3.8368,3.8805,3.9795,4.0084,4.0391,4.0485
2014-06-30,2.0397,3.3843,3.1405,3.1555,3.1771,3.1981,3.3814,3.6031,3.7822,3.8256,3.844,3.8836,3.9856,4.0211,4.0591,4.0612
2014-07-01,2.1437,3.3813,3.1653,3.1716,3.1871,3.1996,3.405,3.6268,3.8068,3.8459,3.8528,3.9064,4.0213,4.0489,4.0791,4.0812
2014-07-02,2.1467,3.2713,3.2153,3.1816,3.2071,3.2496,3.4561,3.6755,3.8562,3.8986,3.903,3.9615,4.0777,4.099,4.1191,4.1212
2014-07-03,2.0867,2.8123,3.1853,3.2016,3.2271,3.3057,3.4656,3.679,3.8873,3.9288,3.9327,3.9841,4.0937,4.1166,4.1391,4.1503
2014-07-04,2.0667,2.7433,3.2038,3.2095,3.2271,3.3618,3.4506,3.6816,3.9007,3.9392,3.954,3.9919,4.0916,4.1318,4.1741,4.1747
2014-07-07,2.0787,2.7273,3.1538,3.1595,3.1783,3.3118,3.4441,3.6592,3.8669,3.9125,3.941,3.9722,4.0703,4.0956,4.1211,4.1212
2014-07-08,2.3797,2.7263,3.094,3.1097,3.1772,3.3118,3.4326,3.6461,3.8527,3.9078,3.954,3.9899,4.0845,4.1007,4.1111,4.1162
2014-07-09,2.4777,2.7803,3.1139,3.1183,3.2272,3.3915,3.4839,3.6815,3.8556,3.9106,3.9477,3.985,4.0829,4.1033,4.1211,4.1276
2014-07-10,2.4267,2.8348,3.1439,3.1683,3.2172,3.3816,3.5115,3.698,3.858,3.9185,3.9529,3.994,4.0918,4.1072,4.1161,4.1298
2014-07-11,2.4117,2.9233,3.1532,3.1783,3.2172,3.3777,3.5115,3.687,3.8631,3.9202,3.9578,3.99,4.0811,4.0968,4.1061,4.1198
2014-07-14,2.3817,2.9933,3.1532,3.1683,3.2472,3.3477,3.5196,3.6895,3.8821,3.9314,3.9623,4.0004,4.09,4.1046,4.1061,4.1298
2014-07-15,2.3447,3.0673,3.1914,3.2263,3.2972,3.5023,3.5893,3.7329,3.8822,3.9442,3.9786,4.0287,4.1304,4.1346,4.1361,4.1571
2014-07-16,2.3739,3.1423,3.2576,3.2883,3.3672,3.5223,3.7277,3.8229,3.9301,3.972,4.0154,4.0687,4.1714,4.1846,4.1961,4.2171
2014-07-17,2.3732,3.2383,3.2576,3.2892,3.409,3.6069,3.7771,3.8681,3.9695,4.0172,4.0667,4.1215,4.2215,4.2346,4.2461,4.267
2014-07-18,2.3717,3.3803,3.3576,3.3792,3.4769,3.7091,3.8653,3.9681,3.9768,4.0346,4.0767,4.129,4.2281,4.2546,4.2761,4.3019
2014-07-21,2.4447,3.6803,3.4176,3.405,3.499,3.6491,3.8088,3.9105,3.9196,3.9915,4.055,4.1135,4.2238,4.25,4.2711,4.3017
2014-07-22,2.3797,3.7653,3.4576,3.425,3.4798,3.5809,3.7799,3.8816,3.9344,3.994,4.055,4.102,4.1929,4.2285,4.2511,4.2717
2014-07-23,2.4217,3.7913,3.4779,3.455,3.5098,3.5857,3.7794,3.8668,3.919,3.9742,4.0292,4.0946,4.2053,4.2435,4.2681,4.2967
2014-07-24,2.4397,3.6683,3.4279,3.455,3.5098,3.5853,3.7369,3.8868,3.9112,3.9768,4.0347,4.0973,4.2055,4.2461,4.2728,4.2967
2014-07-25,2.4947,3.4103,3.4679,3.495,3.6098,3.6353,3.7238,3.8722,3.8954,3.9619,4.0202,4.0851,4.1929,4.2337,4.258,4.2711
2014-07-28,2.5007,3.3125,3.4676,3.495,3.6098,3.6353,3.7274,3.8872,3.8954,3.9573,4.0157,4.0812,4.192,4.229,4.2487,4.2713
2014-07-29,2.497,3.3151,3.5376,3.565,3.7098,3.7198,3.7576,3.8872,3.9181,3.9724,4.0244,4.0865,4.1921,4.2417,4.2737,4.2805
2014-07-30,2.5469,3.4181,3.5676,3.5832,3.7448,3.7502,3.7576,3.8954,3.9337,3.9828,4.0285,4.0942,4.2025,4.2493,4.2782,4.2905
2014-07-31,2.5507,3.4741,3.5676,3.5832,3.7248,3.7204,3.738,3.8738,3.9286,3.9678,4.0014,4.0694,4.1778,4.2245,4.2532,4.2655
2014-08-01,2.5927,3.4841,3.5976,3.6132,3.7548,3.7184,3.7231,3.8648,3.9323,3.9681,3.9957,4.067,4.1672,4.217,4.2396,4.2569
2014-08-04,2.5787,3.4291,3.5634,3.6029,3.7306,3.7084,3.7131,3.8553,3.9228,3.9587,3.9859,4.0574,4.1583,4.2073,4.2296,4.253
2014-08-05,2.5417,3.3801,3.5634,3.5752,3.7306,3.7055,3.7165,3.8571,3.9216,3.953,3.9759,4.0575,4.1693,4.2163,4.2373,4.2576
2014-08-06,2.4477,3.3781,3.5134,3.5252,3.7037,3.7105,3.7112,3.8543,3.9227,3.953,3.9821,4.0605,4.1693,4.2163,4.2373,4.2463
2014-08-07,2.4367,3.3851,3.5134,3.5252,3.7337,3.7034,3.7014,3.8545,3.9352,3.9556,3.9771,4.0688,4.185,4.2294,4.2473,4.2563
2014-08-08,2.3977,3.3251,3.4787,3.5281,3.7637,3.7094,3.703,3.8417,3.907,3.9399,3.9807,4.0688,4.1854,4.2396,4.2623,4.2712
2014-08-11,2.3517,3.3901,3.481,3.5134,3.7637,3.7094,3.728,3.8537,3.928,3.9505,3.9809,4.0708,4.1893,4.2501,4.2793,4.2815
2014-08-12,2.3127,3.3781,3.4727,3.4782,3.7637,3.7094,3.748,3.8742,3.9491,3.9568,3.9724,4.0773,4.2107,4.256,4.2797,4.2815
2014-08-13,2.2887,3.4441,3.4727,3.5011,3.7637,3.7671,3.7924,3.8887,3.9336,3.9456,3.9655,4.0635,4.1899,4.2331,4.2547,4.255
2014-08-14,2.2847,3.4571,3.4227,3.4609,3.7374,3.7547,3.7766,3.8625,3.897,3.913,3.9369,4.0265,4.1445,4.1855,4.2049,4.21
2014-08-15,2.2857,3.3981,3.4727,3.5109,3.7374,3.7347,3.7443,3.8865,3.9147,3.9315,3.9625,4.0364,4.1411,4.1827,4.2,4.2002
2014-08-18,2.2547,3.5041,3.4727,3.5109,3.7524,3.7497,3.7474,3.8944,3.9274,3.9323,3.9465,4.0398,4.1632,4.1981,4.2149,4.2153
2014-08-19,2.2317,3.5571,3.4427,3.4909,3.7381,3.7389,3.7434,3.8919,3.9432,3.9645,3.9939,4.0725,4.1821,4.2132,4.2298,4.2422
2014-08-20,2.2297,3.4801,3.4521,3.5003,3.7432,3.756,3.7834,3.9145,3.9551,3.9758,4.013,4.0889,4.192,4.2259,4.2398,4.2523
2014-08-21,2.2447,3.4321,3.4866,3.5303,3.7432,3.7583,3.8049,3.9195,3.9378,3.9672,4.0059,4.0803,4.1822,4.2235,4.2449,4.2512
2014-08-22,2.2397,3.4389,3.533,3.5503,3.8432,3.8006,3.8121,3.9274,3.9406,3.9694,4.0056,4.0805,4.1824,4.2262,4.2499,4.256
2014-08-25,2.2877,3.4451,3.533,3.5803,3.8432,3.7718,3.8148,3.9315,3.9471,3.9772,4.0157,4.0823,4.1773,4.2192,4.2401,4.2524
2014-08-26,2.3197,3.4661,3.513,3.5603,3.8222,3.7718,3.8276,3.9492,3.9734,3.9931,4.017,4.085,4.1716,4.2169,4.2401,4.2462
2014-08-27,2.3877,3.4441,3.463,3.5103,3.8222,3.7717,3.807,3.9213,3.9373,3.9656,3.9991,4.0602,4.1359,4.1946,4.2251,4.231
2014-08-28,2.4027,3.3991,3.493,3.5403,3.8422,3.7629,3.7973,3.9163,3.9387,3.9557,3.9778,4.0528,4.1427,4.1972,4.2251,4.2254
2014-08-29,2.4347,3.3801,3.4701,3.5117,3.8722,3.766,3.8103,3.9032,3.9555,3.9605,3.9709,4.0531,4.1542,4.2047,4.2302,4.2361
2014-09-01,2.4327,3.3231,3.4593,3.4881,3.8291,3.7653,3.8041,3.9142,3.9533,3.9579,3.9725,4.0584,4.1656,4.2152,4.2399,4.2405
2014-09-02,2.3737,3.3621,3.4893,3.5181,3.8202,3.7794,3.7937,3.9146,3.9497,3.9555,3.9728,4.0536,4.1608,4.2081,4.2306,4.249
2014-09-03,2.3507,3.2991,3.5238,3.5481,3.7664,3.761,3.8193,3.912,3.9616,3.968,3.9892,4.0738,4.1867,4.2283,4.2455,4.264
2014-09-04,2.3417,3.2361,3.497,3.5322,3.7519,3.7537,3.8022,3.9049,3.9664,3.972,3.9825,4.0708,4.1875,4.231,4.2506,4.2814
2014-09-05,2.3337,3.2311,3.477,3.5122,3.7319,3.7671,3.7808,3.9104,3.9644,3.9696,3.9829,4.0708,4.2013,4.2311,4.2558,4.2928
2014-09-09,2.3427,3.2841,3.4882,3.5119,3.7219,3.7572,3.7948,3.9185,3.976,3.9809,3.9835,4.0739,4.2066,4.2345,4.256,4.2868
2014-09-10,2.3657,3.3141,3.5205,3.5504,3.7719,3.7798,3.7904,3.9365,4.0137,4.0199,4.031,4.1039,4.2105,4.2369,4.256,4.2934
2014-09-11,2.3857,3.3465,3.5505,3.5604,3.7619,3.7924,3.8059,3.9456,4.0168,4.02,4.0399,4.1131,4.2173,4.2369,4.256,4.2937
2014-09-12,2.3797,3.4289,3.5305,3.5839,3.815,3.8224,3.8225,3.9532,4.0112,4.0144,4.0267,4.1004,4.21,4.2344,4.2614,4.2793
2014-09-15,2.3777,3.4949,3.4955,3.5939,3.865,3.8024,3.8024,3.9434,3.9912,3.9919,4.0021,4.0783,4.1907,4.215,4.2415,4.2597
2014-09-16,2.4297,3.5009,3.5235,3.6033,3.905,3.8369,3.8284,3.9601,3.9996,4.0012,4.0178,4.0884,4.2009,4.2252,4.2517,4.2634
2014-09-17,2.4237,3.4569,3.4715,3.5433,3.8116,3.8115,3.7924,3.9193,3.9702,3.9727,3.9921,4.0486,4.1552,4.1779,4.2,4.2008
2014-09-18,2.4177,3.5769,3.5015,3.5633,3.8229,3.7995,3.7675,3.8764,3.9006,3.9203,3.9544,3.9938,4.0802,4.1056,4.13,4.1438
2014-09-19,2.4167,3.5269,3.4815,3.5633,3.8129,3.7543,3.7733,3.8199,3.8412,3.8657,3.9052,3.9365,4.01,4.0241,4.03,4.031
2014-09-22,2.3737,3.4912,3.4815,3.5633,3.8038,3.7497,3.7929,3.8245,3.8304,3.8657,3.918,3.9269,3.9801,3.9993,4.01,4.011
2014-09-23,2.2927,3.4922,3.4815,3.5912,3.8038,3.7623,3.7637,3.8302,3.8302,3.8572,3.9,3.9195,3.9826,3.9919,3.99,3.9911
2014-09-24,2.2677,3.5442,3.5465,3.6412,3.7829,3.7844,3.7819,3.8509,3.871,3.896,3.9363,3.9509,4.0189,4.0269,4.0357,4.0425
2014-09-25,2.2537,3.5423,3.5465,3.6412,3.7606,3.7553,3.7521,3.8313,3.8613,3.8849,3.9226,3.9335,3.9918,3.9938,3.9957,4.0025
2014-09-26,2.2847,3.5563,3.5565,3.6612,3.7984,3.7437,3.7462,3.8337,3.8617,3.8851,3.9228,3.9447,3.9918,3.9938,3.9957,4.0092
2014-09-28,2.2647,3.5513,3.5665,3.6712,3.8084,3.7274,3.7401,3.8343,3.8456,3.8826,3.9328,3.9512,3.9949,3.9938,3.9957,4.0227
2014-09-29,2.1497,3.4964,3.5665,3.6712,3.8084,3.7415,3.7511,3.8245,3.8256,3.8704,3.9204,3.9312,3.955,3.9664,3.9857,3.9925
2014-09-30,2.1392,3.4884,3.5565,3.6612,3.7984,3.7493,3.7401,3.8117,3.8121,3.8589,3.9098,3.9192,3.9398,3.954,3.9757,3.9824
2014-10-08,2.1467,3.5316,3.5901,3.686,3.7884,3.7598,3.7408,3.8202,3.8206,3.8631,3.9098,3.9192,3.9628,3.9717,3.9857,3.993
2014-10-09,2.169,3.5551,3.6034,3.6892,3.7684,3.7395,3.7409,3.8202,3.8205,3.8656,3.9146,3.9417,3.9914,3.9954,4.0,4.0014
2014-10-10,2.1732,3.5816,3.6229,3.7021,3.7693,3.7394,3.7358,3.8166,3.8182,3.8645,3.9148,3.9393,3.9888,3.9954,4.0063,4.0131
2014-10-11,2.1507,3.6106,3.634,3.6918,3.7421,3.7439,3.7262,3.8056,3.8059,3.846,3.8894,3.9258,3.984,3.9879,3.9963,3.9965
2014-10-13,2.2327,3.6626,3.6655,3.6939,3.7384,3.7241,3.721,3.7802,3.7809,3.8285,3.8814,3.9037,3.9676,3.975,3.9916,3.9953
2014-10-14,2.2347,3.5736,3.5772,3.5939,3.6747,3.64,3.6716,3.7003,3.7013,3.7576,3.7689,3.8142,3.8608,3.8729,3.9,3.9015
2014-10-15,2.1947,3.4764,3.4946,3.5659,3.6002,3.5712,3.6355,3.6359,3.6413,3.6888,3.7153,3.7442,3.8066,3.8129,3.82,3.8215
2014-10-16,2.1707,3.4536,3.4606,3.5859,3.6002,3.5405,3.5672,3.6109,3.6111,3.6588,3.6903,3.723,3.7955,3.803,3.81,3.8116
2014-10-17,2.1577,3.4446,3.456,3.5488,3.5802,3.5357,3.5385,3.5912,3.6002,3.6008,3.6139,3.6748,3.7835,3.796,3.803,3.811
2014-10-20,2.1247,3.4206,3.439,3.5356,3.5502,3.5036,3.501,3.5227,3.5316,3.5538,3.5879,3.6289,3.7148,3.729,3.7349,3.7441
2014-10-21,2.1117,3.3702,3.3847,3.4956,3.4975,3.4688,3.4849,3.5045,3.5114,3.5263,3.5524,3.6091,3.7121,3.7229,3.7288,3.7323
2014-10-22,2.1157,3.3702,3.3448,3.4468,3.4564,3.4723,3.4851,3.5149,3.5317,3.5351,3.5539,3.6374,3.7692,3.7816,3.7875,3.7929
2014-10-23,2.1197,3.3503,3.3548,3.4527,3.4587,3.4756,3.4764,3.5106,3.5328,3.5417,3.5662,3.6514,3.7824,3.7978,3.8037,3.8108
2014-10-24,2.1419,3.3174,3.3348,3.4142,3.4153,3.4837,3.4966,3.5103,3.512,3.5367,3.5768,3.6496,3.769,3.786,3.7919,3.8013
2014-10-27,2.1419,3.317,3.3691,3.4833,3.4853,3.4704,3.4516,3.4896,3.5248,3.5565,3.5868,3.6696,3.7542,3.7666,3.7725,3.7756
2014-10-28,2.1207,3.3068,3.3491,3.4542,3.4366,3.4063,3.4163,3.456,3.4954,3.5257,3.5519,3.66,3.7286,3.7356,3.7391,3.7424
2014-10-29,2.1177,3.2668,3.3241,3.4043,3.3766,3.3809,3.4024,3.4276,3.4545,3.4982,3.55,3.6416,3.7007,3.71,3.7138,3.7176
2014-10-30,2.1237,3.2978,3.3767,3.4043,3.3606,3.3722,3.381,3.4183,3.4558,3.504,3.5571,3.6433,3.7265,3.7535,3.7615,3.7688
2014-10-31,2.1287,3.2958,3.3582,3.3819,3.3543,3.3529,3.3555,3.3977,3.4376,3.4936,3.5571,3.6595,3.7309,3.7454,3.7521,3.7559
2014-11-03,2.1177,3.2198,3.2919,3.3504,3.3043,3.2822,3.2953,3.3356,3.3772,3.4391,3.5101,3.5999,3.6717,3.691,3.6976,3.7007
2014-11-04,2.1117,3.2018,3.2918,3.302,3.27,3.2427,3.2426,3.2865,3.3277,3.4013,3.4895,3.5551,3.6016,3.6266,3.6346,3.6412
2014-11-05,2.1117,3.1478,3.2348,3.252,3.25,3.2327,3.2463,3.2802,3.317,3.3808,3.4563,3.5135,3.5618,3.5919,3.6015,3.6117
2014-11-06,2.1277,3.1618,3.2347,3.252,3.2386,3.2349,3.2329,3.2853,3.3335,3.3967,3.4664,3.5182,3.5644,3.5933,3.6072,3.6223
2014-11-07,2.1387,3.1598,3.2647,3.267,3.2647,3.199,3.1972,3.2378,3.2791,3.3368,3.4017,3.4538,3.5,3.5296,3.545,3.5631
2014-11-10,2.1087,3.1818,3.2552,3.2443,3.2364,3.1985,3.18,3.2111,3.2428,3.2934,3.3518,3.3987,3.4421,3.4745,3.4933,3.5132
2014-11-11,2.0627,3.1656,3.2068,3.2175,3.2302,3.1738,3.1555,3.1911,3.227,3.2724,3.3217,3.3772,3.4326,3.4635,3.4793,3.4981
2014-11-12,2.0527,3.1208,3.1552,3.157,3.2085,3.2073,3.1515,3.1917,3.2308,3.2965,3.3728,3.4417,3.5033,3.5343,3.5436,3.556
2014-11-13,2.0427,3.096,3.1086,3.137,3.1693,3.2062,3.1517,3.2143,3.274,3.3459,3.4229,3.4819,3.5328,3.5652,3.5762,3.5924
2014-11-14,2.0557,3.121,3.1495,3.1786,3.1997,3.1673,3.1544,3.2262,3.2945,3.3764,3.4638,3.5401,3.5989,3.6244,3.6333,3.6466
2014-11-17,2.0787,3.1166,3.1695,3.1986,3.2,3.1805,3.1692,3.2556,3.3416,3.4192,3.4937,3.5761,3.6335,3.6511,3.6572,3.6609
2014-11-18,2.0727,3.1056,3.1695,3.1986,3.1801,3.1805,3.1522,3.2393,3.3204,3.3936,3.4637,3.5207,3.5649,3.5885,3.5966,3.607
2014-11-19,2.0737,3.1364,3.1995,3.2086,3.2105,3.1906,3.1522,3.2563,3.3576,3.405,3.4318,3.5138,3.5807,3.5984,3.6056,3.6154
2014-11-20,2.1087,3.2574,3.2585,3.234,3.2254,3.2208,3.2121,3.2936,3.3688,3.4289,3.4833,3.5516,3.6088,3.6329,3.6417,3.6521
2014-11-21,2.1557,3.2174,3.2191,3.2671,3.3001,3.2897,3.2686,3.3276,3.3831,3.447,3.5141,3.5778,3.6235,3.6411,3.647,3.6514
2014-11-24,2.1237,3.1724,3.1491,3.158,3.1521,3.0946,3.1325,3.2029,3.2846,3.3345,3.3727,3.4109,3.4428,3.4626,3.4689,3.4767
2014-11-25,2.1287,3.2654,3.1024,3.1197,3.1141,3.0363,3.0041,3.152,3.2845,3.3454,3.3802,3.4484,3.4954,3.51,3.516,3.5216
2014-11-26,2.1427,3.2244,3.1056,3.1197,3.0741,3.0181,3.0302,3.1538,3.2725,3.3454,3.4002,3.4447,3.477,3.4996,3.5098,3.5228
2014-11-27,2.1537,3.2244,3.0559,3.057,3.0399,3.0377,3.0302,3.1602,3.2868,3.3601,3.4139,3.447,3.4616,3.4847,3.5042,3.5243
2014-11-28,2.1777,3.2245,3.1059,3.1082,3.0511,3.0438,3.0347,3.1644,3.2913,3.3583,3.4036,3.4358,3.4521,3.4772,3.5009,3.5249
2014-12-01,2.2157,3.2185,3.1034,3.1095,3.0329,3.035,3.0243,3.1536,3.2689,3.3396,3.3946,3.4276,3.4497,3.4746,3.4939,3.5145
2014-12-02,2.2127,3.2155,3.1038,3.1295,3.0583,3.0524,3.0443,3.1662,3.2873,3.396,3.4655,3.4853,3.4908,3.5075,3.5317,3.5553
2014-12-03,2.2037,3.1636,3.088,3.1295,3.0676,3.0636,3.0643,3.1995,3.3355,3.4523,3.5372,3.5643,3.5754,3.5925,3.6079,3.6238
2014-12-04,2.2017,3.1281,3.118,3.1296,3.067,3.0796,3.0557,3.229,3.3833,3.4869,3.5729,3.6332,3.6517,3.6578,3.6596,3.6633
2014-12-05,2.1977,3.1472,3.1859,3.1896,3.1833,3.151,3.1431,3.2894,3.4337,3.5493,3.6549,3.7324,3.7628,3.7711,3.7741,3.7759
2014-12-08,2.2107,3.1736,3.2154,3.2196,3.2215,3.205,3.1983,3.336,3.4731,3.6029,3.7104,3.752,3.7667,3.7814,3.7858,3.7918
2014-12-09,2.3597,3.3503,3.3654,3.3696,3.3497,3.3736,3.3669,3.4484,3.525,3.6171,3.7094,3.7472,3.7499,3.75,3.75,3.7532
2014-12-10,2.3757,3.2479,3.3061,3.3002,3.3324,3.3747,3.3769,3.4046,3.4363,3.5158,3.6101,3.6769,3.7023,3.7071,3.7094,3.7111
2014-12-11,2.3787,3.2139,3.2736,3.2693,3.25,3.3254,3.3609,3.3842,3.4355,3.4515,3.6682,3.7183,3.725,3.725,3.725,3.7282
2014-12-12,2.3837,3.3266,3.3236,3.3101,3.2597,3.297,3.3326,3.3864,3.4412,3.5086,3.6658,3.7186,3.7371,3.7461,3.749,3.7513
2014-12-15,2.3837,3.3387,3.3345,3.3203,3.3175,3.2953,3.3309,3.3938,3.4603,3.5652,3.6808,3.7397,3.763,3.7747,3.7784,3.7815
2014-12-16,2.3837,3.4392,3.3593,3.3114,3.3017,3.2927,3.3283,3.3698,3.4171,3.5273,3.6546,3.7034,3.7229,3.7409,3.7462,3.7522
2014-12-17,2.4817,3.6844,3.4943,3.4214,3.4021,3.3878,3.4383,3.4395,3.4469,3.5194,3.611,3.6582,3.6953,3.7178,3.7248,3.7377
2014-12-18,2.8457,3.911,3.7574,3.5816,3.4202,3.4591,3.4999,3.4678,3.4612,3.5271,3.6102,3.6561,3.6958,3.7245,3.7403,3.7614
2014-12-19,2.9717,3.871,3.718,3.5416,3.4202,3.4606,3.525,3.4898,3.4807,3.5281,3.5875,3.6229,3.6548,3.678,3.6921,3.7106
2014-12-22,3.0677,3.851,3.698,3.5037,3.3863,3.436,3.495,3.4701,3.4557,3.5085,3.5909,3.6341,3.6676,3.6881,3.6945,3.703
2014-12-23,3.0327,3.841,3.665,3.4615,3.3907,3.4015,3.4801,3.4255,3.4129,3.4911,3.575,3.5973,3.6069,3.6247,3.6422,3.6604
2014-12-24,2.9717,3.7827,3.595,3.4358,3.3607,3.3316,3.4005,3.4018,3.4048,3.4484,3.5027,3.5391,3.5698,3.5857,3.5908,3.5975
2014-12-25,2.9147,3.7327,3.5492,3.3862,3.3015,3.3018,3.3418,3.3524,3.37,3.4435,3.5259,3.5504,3.5626,3.5852,3.6079,3.6305
2014-12-26,2.8517,3.7327,3.5792,3.4162,3.2767,3.3059,3.3189,3.3673,3.4178,3.4864,3.5357,3.5472,3.5515,3.5718,3.6035,3.6339
2014-12-29,2.7807,3.6627,3.5292,3.3803,3.2508,3.2607,3.273,3.3187,3.3683,3.4531,3.5308,3.5526,3.5621,3.5809,3.6009,3.6213
2014-12-30,2.7457,3.6327,3.5117,3.3753,3.2313,3.2125,3.2486,3.3041,3.3653,3.442,3.5222,3.5676,3.5947,3.6113,3.6169,3.6213
2014-12-31,2.7937,3.5818,3.5117,3.3322,3.207,3.2325,3.2586,3.3082,3.3631,3.4356,3.5126,3.5721,3.6055,3.6151,3.6187,3.6219
2015-01-04,2.9057,3.6228,3.5336,3.3351,3.2039,3.2425,3.2537,3.3145,3.3759,3.4481,3.5221,3.5633,3.5931,3.6131,3.6193,3.6285
2015-01-05,2.6867,3.3578,3.341,3.3551,3.2338,3.2738,3.2314,3.3071,3.3783,3.4507,3.522,3.5663,3.5955,3.6136,3.6196,3.6251
2015-01-06,2.2977,3.3584,3.4259,3.3722,3.202,3.2738,3.2189,3.2901,3.3589,3.4409,3.5238,3.5659,3.596,3.6191,3.6265,3.6353
2015-01-07,2.2977,3.4463,3.4302,3.3722,3.1822,3.2013,3.1767,3.2522,3.3255,3.412,3.5001,3.5493,3.5876,3.6161,3.6277,3.6408
2015-01-08,2.2467,3.4963,3.4639,3.3734,3.2022,3.201,3.189,3.2515,3.3146,3.4145,3.5199,3.558,3.5799,3.6066,3.6228,3.6415
2015-01-09,2.2467,3.5163,3.4965,3.3534,3.2054,3.2098,3.1787,3.2576,3.3337,3.4265,3.5212,3.5632,3.5915,3.6147,3.6229,3.6348
2015-01-12,2.1947,3.5173,3.5067,3.3634,3.2117,3.2049,3.2146,3.2544,3.3025,3.4096,3.5217,3.5558,3.5746,3.6,3.6175,3.6371
2015-01-13,2.1747,3.5223,3.4792,3.3433,3.2123,3.2062,3.2014,3.232,3.2681,3.3568,3.4551,3.4976,3.5301,3.5572,3.5697,3.5836
2015-01-14,2.1437,3.4191,3.4761,3.3433,3.218,3.2162,3.2012,3.2196,3.246,3.3367,3.4379,3.4713,3.4925,3.516,3.528,3.5411
2015-01-15,2.1387,3.4171,3.3961,3.2933,3.2248,3.2164,3.2059,3.209,3.2267,3.3452,3.4575,3.4836,3.4957,3.5138,3.5294,3.5464
2015-01-16,2.1407,3.3431,3.3091,3.208,3.1601,3.2018,3.2029,3.2088,3.2248,3.3103,3.4011,3.4252,3.439,3.4615,3.4815,3.5017
2015-01-19,2.1477,3.2782,3.2682,3.1906,3.1801,3.2018,3.1887,3.2026,3.2254,3.312,3.4013,3.4252,3.4385,3.4543,3.4633,3.475
2015-01-20,2.1747,3.3347,3.247,3.2206,3.1776,3.1962,3.1812,3.1936,3.2166,3.3128,3.399,3.4185,3.4277,3.4423,3.4561,3.4711
2015-01-21,2.1957,3.3912,3.2553,3.2006,3.2028,3.2011,3.1752,3.1909,3.2161,3.3012,3.382,3.4025,3.4132,3.4315,3.4487,3.4672
2015-01-22,2.1787,3.3572,3.2189,3.1606,3.1533,3.2011,3.1652,3.1809,3.2055,3.285,3.3651,3.3864,3.3986,3.4177,3.4343,3.4521
2015-01-23,2.1357,3.3162,3.1879,3.1706,3.1454,3.2111,3.1606,3.1741,3.196,3.2701,3.3513,3.3797,3.4002,3.4219,3.4356,3.452
2015-01-26,2.0957,3.1752,3.1497,3.1428,3.128,3.1422,3.1427,3.143,3.1534,3.2381,3.3272,3.3502,3.3645,3.3886,3.4108,3.4341
2015-01-27,2.0817,3.1516,3.1497,3.1428,3.1097,3.1044,3.0817,3.1241,3.1701,3.2444,3.322,3.3654,3.3979,3.4174,3.4239,3.4309
2015-01-28,2.0977,3.1578,3.1313,3.1147,3.1217,3.1083,3.0955,3.1333,3.1794,3.2799,3.3806,3.41,3.4275,3.4487,3.4611,3.4767
2015-01-29,2.1727,3.1307,3.1301,3.1547,3.1028,3.1079,3.098,3.1405,3.1927,3.3059,3.4086,3.4373,3.4502,3.468,3.4813,3.4966
2015-01-30,2.2207,3.185,3.1853,3.1847,3.1428,3.147,3.0963,3.1553,3.2198,3.3283,3.4117,3.4321,3.4402,3.4574,3.4795,3.5019
2015-02-02,2.2967,3.223,3.1853,3.1947,3.1368,3.1207,3.0832,3.1417,3.2044,3.2997,3.3753,3.3939,3.4036,3.4247,3.4491,3.4729
2015-02-03,2.3621,3.2417,3.2402,3.2347,3.1567,3.1344,3.0907,3.1432,3.2033,3.3162,3.3787,3.3876,3.3901,3.4035,3.4287,3.4533
2015-02-04,2.3807,3.303,3.2002,3.1699,3.1543,3.1368,3.0906,3.1288,3.1788,3.2973,3.3697,3.3815,3.3851,3.4014,3.4305,3.4589
2015-02-05,2.2737,3.1512,3.1655,3.1513,3.0543,3.0762,3.0804,3.082,3.098,3.2326,3.3384,3.3589,3.368,3.3804,3.3908,3.4018
2015-02-06,2.2637,3.144,3.1655,3.1513,3.0286,3.0883,3.0912,3.1066,3.1377,3.2529,3.3498,3.3724,3.3843,3.4019,3.417,3.4325
2015-02-09,2.2197,3.144,3.1432,3.1228,3.0586,3.0818,3.0856,3.1147,3.1536,3.2474,3.328,3.3485,3.358,3.3776,3.4007,3.4236
2015-02-10,2.2597,3.15,3.1688,3.1516,3.1162,3.089,3.0932,3.1102,3.1443,3.2543,3.3277,3.3407,3.3453,3.3647,3.3977,3.4299
2015-02-11,2.3397,3.163,3.1664,3.1516,3.0786,3.0844,3.0928,3.1037,3.1308,3.2275,3.2856,3.2934,3.2982,3.3221,3.3598,3.3955
2015-02-12,2.4657,3.174,3.1664,3.1388,3.0789,3.0806,3.0872,3.0947,3.1145,3.1867,3.2509,3.2654,3.2718,3.3008,3.3449,3.3865
2015-02-13,2.4987,3.1247,3.1867,3.1088,3.0815,3.0778,3.0859,3.086,3.0872,3.145,3.2167,3.2447,3.2613,3.2915,3.3236,3.3552
2015-02-15,2.5827,3.1546,3.1503,3.1135,3.052,3.0532,3.0656,3.066,3.0733,3.1413,3.2118,3.2344,3.2413,3.2692,3.3164,3.3625
2015-02-16,2.5897,3.1646,3.107,3.0756,3.0182,3.0432,3.0801,3.0527,3.0588,3.1288,3.1967,3.2152,3.2206,3.2477,3.2933,3.3374
2015-02-17,2.8077,3.1646,3.1072,3.0756,3.0182,3.0325,3.0624,3.0744,3.0948,3.1425,3.1974,3.2208,3.2314,3.2609,3.2999,3.3373
2015-02-25,2.7357,3.2132,3.0872,3.0656,3.0014,3.0459,3.0353,3.0524,3.0764,3.1337,3.1821,3.1945,3.1982,3.2336,3.2942,3.349
2015-02-26,2.7057,3.216,3.1176,3.0491,2.9858,3.0719,3.0353,3.0525,3.0762,3.1317,3.1934,3.2163,3.2258,3.2606,3.3108,3.3594
2015-02-27,2.7257,3.2571,3.1376,3.0691,3.0531,3.0562,3.0438,3.0786,3.1142,3.1632,3.2128,3.2329,3.2412,3.275,3.3255,3.3745
2015-02-28,2.7257,3.2572,3.1676,3.0991,3.0731,3.0684,3.0396,3.0866,3.1311,3.1835,3.2164,3.2236,3.2257,3.255,3.3089,3.3602
2015-03-02,2.7377,3.2429,3.16,3.0811,3.0231,3.07,3.0488,3.0959,3.1428,3.1881,3.233,3.2585,3.2745,3.307,3.3481,3.3883
2015-03-03,2.7347,3.2729,3.1604,3.0511,3.0233,3.0754,3.0341,3.0843,3.1364,3.1943,3.2541,3.2845,3.3022,3.3333,3.368,3.4022
2015-03-04,2.7307,3.2719,3.2337,3.0811,3.0229,3.0657,3.0291,3.0928,3.1524,3.1983,3.2406,3.2705,3.2926,3.3227,3.3549,3.3869
2015-03-05,2.7177,3.2699,3.2809,3.0811,3.0624,3.0959,3.0518,3.1269,3.1961,3.2449,3.2882,3.3199,3.3427,3.3731,3.405,3.4369
2015-03-06,2.7007,3.3138,3.3154,3.1061,3.0911,3.1234,3.0576,3.1643,3.2515,3.283,3.3015,3.3246,3.3425,3.3787,3.4277,3.4753
2015-03-09,2.6657,3.4314,3.4338,3.191,3.1325,3.1585,3.0787,3.1728,3.2563,3.3019,3.3327,3.3675,3.3962,3.4284,3.4602,3.4922
2015-03-10,2.6347,3.5314,3.4801,3.1942,3.1288,3.161,3.0812,3.1837,3.2711,3.3051,3.3269,3.3485,3.3624,3.4041,3.4649,3.5228
2015-03-11,2.6317,3.5071,3.4526,3.1763,3.123,3.166,3.0615,3.1377,3.2085,3.2623,3.2969,3.3116,3.3161,3.3461,3.3838,3.4466
2015-03-12,2.7491,3.5571,3.4143,3.1469,3.1182,3.1067,3.0495,3.1288,3.2016,3.2535,3.2825,3.2926,3.2961,3.329,3.381,3.4412
2015-03-13,2.7207,3.5054,3.3625,3.1676,3.1261,3.1384,3.0944,3.1602,3.226,3.2912,3.3305,3.3384,3.3411,3.3742,3.4328,3.4879
2015-03-16,2.6877,3.5709,3.419,3.1496,3.1198,3.1095,3.0944,3.165,3.2356,3.292,3.3397,3.3665,3.383,3.4236,3.4775,3.5301
2015-03-17,2.6607,3.5709,3.377,3.1496,3.1224,3.1243,3.1142,3.1675,3.2207,3.2713,3.3201,3.3575,3.3902,3.4364,3.4901,3.5428
2015-03-18,2.6537,3.6236,3.3636,3.1303,3.1282,3.1184,3.1042,3.1687,3.2332,3.2894,3.3404,3.3784,3.4101,3.454,3.5035,3.5519
2015-03-19,2.6167,3.5746,3.3166,3.1192,3.1429,3.1198,3.0992,3.1629,3.2267,3.2834,3.3357,3.3736,3.4051,3.4462,3.4908,3.5348
2015-03-20,2.5787,3.5077,3.2495,3.1192,3.1327,3.1217,3.102,3.1589,3.2157,3.259,3.2943,3.3332,3.371,3.4116,3.4537,3.4958
2015-03-23,2.5017,3.5375,3.2152,3.1424,3.133,3.1196,3.1032,3.1745,3.2458,3.2839,3.3029,3.3482,3.3976,3.4334,3.4626,3.4933
2015-03-24,2.5027,3.5735,3.1944,3.1374,3.1063,3.1147,3.1031,3.1734,3.2487,3.2846,3.3086,3.3565,3.4079,3.4402,3.4609,3.4841
2015-03-25,2.4947,3.5077,3.2144,3.1574,3.1285,3.1299,3.1183,3.1775,3.2367,3.2844,3.3254,3.3669,3.4066,3.4417,3.4721,3.5037
2015-03-26,2.5007,3.58,3.2466,3.2063,3.1942,3.1358,3.1483,3.1929,3.2376,3.3029,3.3799,3.4402,3.4934,3.5223,3.5316,3.544
2015-03-27,2.4907,3.58,3.3172,3.2736,3.1685,3.1652,3.1833,3.215,3.2466,3.3244,3.4271,3.464,3.4838,3.5145,3.5407,3.5678
2015-03-30,2.4877,3.547,3.3175,3.2936,3.1656,3.1501,3.1833,3.23,3.2766,3.3556,3.4526,3.4988,3.532,3.5586,3.57,3.5849
2015-03-31,2.4677,3.5895,3.3345,3.2673,3.1724,3.1701,3.2236,3.2651,3.3066,3.3765,3.4625,3.5452,3.6047,3.6306,3.6392,3.6483
2015-04-01,2.3717,3.4495,3.3441,3.2267,3.1127,3.1608,3.2186,3.2552,3.2917,3.3627,3.4525,3.5044,3.5475,3.5757,3.5857,3.5997
2015-04-02,2.2797,3.3254,3.2212,3.137,3.1021,3.1209,3.1743,3.2176,3.2609,3.3297,3.4113,3.4618,3.502,3.5257,3.5333,3.5438
2015-04-03,2.1717,3.296,3.161,3.137,3.109,3.1188,3.1753,3.2181,3.261,3.3246,3.4013,3.496,3.556,3.5655,3.5692,3.572
2015-04-07,2.0507,3.2276,3.1356,3.153,3.1202,3.1247,3.1801,3.2282,3.2764,3.3578,3.4549,3.5148,3.5579,3.5816,3.5891,3.5987
2015-04-08,2.0177,3.2404,3.1109,3.119,3.0927,3.1223,3.1802,3.2411,3.302,3.3829,3.4749,3.5719,3.6486,3.675,3.6843,3.6938
2015-04-09,1.9337,3.1205,3.0608,3.019,3.0327,3.0583,3.1202,3.1991,3.2779,3.3692,3.4671,3.5729,3.6547,3.6837,3.6938,3.704
2015-04-10,1.8237,3.089,3.0609,3.039,3.0327,3.094,3.1602,3.2085,3.2571,3.3518,3.4695,3.5637,3.6389,3.6715,3.6823,3.6947
2015-04-13,1.7397,3.0291,2.961,3.0072,3.0773,3.0802,3.1602,3.219,3.2779,3.3661,3.467,3.5307,3.5864,3.6248,3.6442,3.6685
2015-04-14,1.7067,3.0291,3.0043,3.0327,3.0721,3.0899,3.1302,3.166,3.2023,3.3206,3.4744,3.5281,3.5624,3.5936,3.6049,3.6211
2015-04-15,1.7067,3.0291,3.0034,3.0501,3.0721,3.0852,3.1002,3.1412,3.1827,3.2865,3.417,3.488,3.541,3.5721,3.5819,3.5954
2015-04-16,1.7877,3.1136,3.0652,3.0498,3.0501,3.0579,3.0729,3.1358,3.1988,3.3019,3.4207,3.4931,3.5329,3.5499,3.5563,3.56
2015-04-17,1.8577,3.0431,3.0432,3.0448,3.03,3.0566,3.1628,3.1946,3.2273,3.3028,3.3977,3.4761,3.5307,3.5501,3.5577,3.5627
2015-04-20,1.6767,2.8934,2.918,2.955,2.98,3.0276,3.0872,3.1192,3.1526,3.2266,3.3165,3.3671,3.4094,3.4362,3.4452,3.4554
2015-04-21,1.5917,2.7934,2.818,2.885,2.9919,2.882,3.0092,3.0629,3.1193,3.1985,3.2857,3.3265,3.357,3.3822,3.3932,3.4055
2015-04-22,1.5387,2.3366,2.768,2.8283,3.0194,2.9415,3.0152,3.0783,3.145,3.2165,3.2891,3.3426,3.3776,3.3945,3.4005,3.4052
2015-04-23,1.4977,2.3647,2.758,2.8199,2.9728,2.9659,2.9713,3.0931,3.2109,3.2646,3.2936,3.3754,3.4118,3.4139,3.4149,3.4151
2015-04-24,1.4407,2.3822,2.7112,2.8198,2.9731,2.9315,2.9276,3.0838,3.2255,3.2819,3.3075,3.3719,3.42,3.4349,3.4411,3.4454
2015-04-27,1.3957,2.3998,2.6586,2.6971,2.9206,2.8874,2.8663,3.0224,3.1722,3.2391,3.274,3.3325,3.3712,3.3868,3.3922,3.3952
2015-04-28,1.3487,2.4174,2.6867,2.7071,2.8996,2.8452,2.8266,3.0108,3.1735,3.2355,3.2623,3.3121,3.3512,3.3697,3.3759,3.3804
2015-04-29,1.3287,2.435,2.7048,2.7071,2.9343,2.8293,2.8267,3.0048,3.1664,3.2294,3.2581,3.3147,3.3617,3.3856,3.3935,3.4
2015-04-30,1.2797,2.4358,2.6238,2.7044,2.7856,2.6782,2.694,2.9479,3.1561,3.2256,3.2533,3.3173,3.3503,3.3503,3.3503,3.3503
2015-05-04,1.2087,2.3057,2.5967,2.6244,2.7659,2.7174,2.7296,2.9425,3.1421,3.2251,3.2656,3.3193,3.3516,3.37,3.376,3.3804
2015-05-05,1.1537,2.2775,2.5932,2.6531,2.7903,2.7265,2.7278,2.952,3.1496,3.2251,3.2599,3.3174,3.3623,3.3861,3.394,3.4006
2015-05-06,1.1127,2.2859,2.5034,2.5531,2.708,2.7111,2.708,2.9396,3.1516,3.2357,3.2788,3.3727,3.4324,3.4467,3.4512,3.456
2015-05-07,1.1127,2.3886,2.426,2.5419,2.7402,2.6871,2.6912,2.9164,3.1273,3.2237,3.2828,3.3905,3.44,3.44,3.44,3.4401
2015-05-08,1.1127,2.4258,2.4024,2.5146,2.704,2.6762,2.6821,2.8935,3.0917,3.1868,3.2484,3.3529,3.4002,3.394,3.3814,3.3703
2015-05-11,1.0147,2.1972,2.2758,2.4198,2.6513,2.6434,2.6562,2.8605,3.0523,3.1484,3.217,3.3466,3.41,3.4026,3.388,3.3752
2015-05-12,0.9597,2.1878,2.2252,2.3427,2.6036,2.5959,2.5691,2.7899,2.9941,3.0946,3.1677,3.3277,3.41,3.408,3.4038,3.4002
2015-05-13,0.9167,2.1378,2.0752,2.1927,2.4769,2.4571,2.4501,2.7139,2.9361,3.0149,3.0637,3.2656,3.3914,3.3973,3.3996,3.4002
2015-05-14,0.8517,2.0378,1.9658,2.0701,2.385,2.3527,2.3557,2.6248,2.8524,2.9338,2.9869,3.2192,3.3672,3.3761,3.3795,3.3803
2015-05-15,0.7477,1.8878,1.9058,2.0574,2.3229,2.3274,2.344,2.5626,2.7681,2.9163,3.0508,3.2407,3.3559,3.3789,3.3876,3.3907
2015-05-18,0.7217,1.8378,1.905,2.0129,2.3148,2.325,2.374,2.5985,2.8204,2.9617,3.082,3.2471,3.3586,3.3922,3.4046,3.4109
2015-05-19,0.7027,1.8885,1.9491,2.0447,2.3148,2.374,2.4574,2.6794,2.8995,3.0103,3.1007,3.2584,3.3746,3.4105,3.4235,3.4311
2015-05-20,0.7017,1.9864,2.0491,2.0598,2.2448,2.3619,2.4391,2.6438,2.8494,2.9921,3.1197,3.289,3.3918,3.4155,3.4244,3.4282
2015-05-21,0.7027,1.9712,2.0705,2.0998,2.3411,2.3683,2.4373,2.6416,2.8446,2.987,3.1151,3.2837,3.3874,3.4123,3.4216,3.4257
2015-05-22,0.7067,2.0717,1.9806,2.0622,2.3161,2.3458,2.3822,2.6078,2.8293,3.0,3.1538,3.2925,3.3723,3.4005,3.4106,3.416
2015-05-25,0.7087,2.1031,2.0022,2.1122,2.2017,2.211,2.2462,2.5413,2.8389,3.0138,3.1707,3.3115,3.3874,3.4155,3.4255,3.431
2015-05-26,0.7097,1.9674,2.0055,1.9901,2.0757,1.9891,2.0338,2.4745,2.895,3.0792,3.1997,3.3612,3.4597,3.499,3.5127,3.5214
2015-05-27,0.7097,1.9174,1.9306,1.9167,1.9877,1.8291,1.8707,2.397,2.8766,3.0751,3.1597,3.3613,3.485,3.4985,3.5038,3.5055
2015-05-28,0.7127,1.9538,2.0005,1.9913,2.0463,1.8891,1.9369,2.4314,2.9029,3.1357,3.3171,3.5148,3.5874,3.5812,3.5696,3.5652
2015-05-29,0.8184,1.9017,1.9652,2.0038,2.1527,2.0476,1.9387,2.4457,2.9196,3.1384,3.2924,3.4992,3.5831,3.5912,3.5944,3.5954
2015-06-01,0.8063,1.9611,2.0058,2.0238,2.0627,2.0264,1.9947,2.4763,2.924,3.161,3.3434,3.5446,3.6243,3.6349,3.6391,3.6404
2015-06-02,0.8134,1.9622,1.9758,2.0036,2.0478,1.9865,1.9651,2.4482,2.8957,3.1162,3.2809,3.4796,3.566,3.5804,3.5861,3.588
2015-06-03,0.8184,1.9246,1.9491,1.9531,1.9525,1.9616,1.9356,2.4302,2.8868,3.1049,3.2647,3.4577,3.562,3.5934,3.6051,3.6111
2015-06-04,0.8263,1.829,1.8811,1.9131,1.9151,1.9259,1.8813,2.4008,2.8782,3.0962,3.2512,3.4407,3.5419,3.5734,3.5851,3.5912
2015-06-05,0.8303,1.8768,1.92,1.9409,1.9012,1.8742,1.8763,2.3931,2.8672,3.0854,3.2418,3.4266,3.5273,3.5618,3.5743,3.5814
2015-06-08,0.8403,1.819,1.87,1.8605,1.8833,1.8738,1.8576,2.3824,2.8603,3.0837,3.2459,3.4215,3.5116,3.5434,3.5549,3.5613
2015-06-09,0.8504,1.7972,1.8009,1.9005,1.8609,1.834,1.7786,2.3442,2.8572,3.0853,3.2453,3.4149,3.5014,3.5367,3.549,3.5565
2015-06-10,0.5964,1.9172,1.8172,1.8131,1.8274,1.7461,1.7097,2.325,2.88,3.1047,3.2527,3.422,3.5181,3.5642,3.5796,3.5912
2015-06-11,0.6033,1.758,1.7026,1.7831,1.8074,1.7255,1.7103,2.3379,2.9023,3.1265,3.2733,3.4471,3.5462,3.5926,3.6082,3.6197
2015-06-12,0.6173,1.7611,1.6841,1.7431,1.7963,1.7562,1.687,2.3278,2.9018,3.1159,3.2518,3.4309,3.5404,3.5918,3.609,3.6226
2015-06-15,0.6344,1.7912,1.7258,1.7742,1.7563,1.7169,1.6482,2.3263,2.9282,3.1459,3.2833,3.4635,3.5769,3.6334,3.652,3.6681
2015-06-16,0.6443,1.6832,1.7349,1.7667,1.7908,1.7167,1.6407,2.3326,2.9342,3.1454,3.2756,3.4431,3.5394,3.5836,3.5984,3.6099
2015-06-17,0.6643,1.6929,1.7498,1.7996,1.8508,1.7294,1.689,2.3643,2.9468,3.1493,3.2737,3.4334,3.5296,3.5766,3.5922,3.6052
2015-06-18,0.8454,1.8224,1.9257,1.8022,1.8611,1.7306,1.7044,2.3682,2.8998,3.1295,3.2044,3.3594,3.4926,3.5411,3.5584,3.573
2015-06-19,0.9104,2.0722,1.8649,1.8492,1.8228,1.7425,1.7494,2.3287,2.8662,3.1033,3.1853,3.3693,3.5115,3.5548,3.571,3.5825
2015-06-23,0.9384,2.0422,1.7685,1.8354,1.8485,1.7202,1.7159,2.3244,2.857,3.1007,3.1923,3.3845,3.528,3.5752,3.5924,3.6054
2015-06-24,1.1314,2.3576,1.808,1.8275,1.8121,1.7463,1.7165,2.329,2.8687,3.1175,3.2127,3.3982,3.5318,3.5783,3.5951,3.6079
2015-06-25,1.1503,2.4715,1.758,1.8151,1.8556,1.6915,1.7128,2.3252,2.8699,3.1184,3.2129,3.3994,3.5317,3.5751,3.591,3.6028
2015-06-26,1.1503,2.4715,1.758,1.8151,1.8485,1.7915,1.7628,2.3226,2.8662,3.1162,3.2134,3.3998,3.5322,3.5785,3.5951,3.608
2015-06-29,1.1334,2.3215,1.6871,1.7912,1.8657,1.7577,1.7528,2.327,2.8859,3.1119,3.2278,3.4128,3.5307,3.5751,3.5907,3.603
2015-06-30,1.0503,1.9996,1.6872,1.9197,1.8659,1.7104,1.7378,2.343,2.8973,3.1258,3.2084,3.3959,3.5338,3.5722,3.5871,3.5976
2015-07-01,0.9564,1.9996,1.9029,1.9684,1.8573,1.7329,1.7378,2.3517,2.8917,3.0974,3.1678,3.381,3.5464,3.5865,3.6023,3.6127
2015-07-02,0.9542,2.0606,1.8981,1.9883,1.8773,1.7672,1.7745,2.3481,2.8785,3.0993,3.1822,3.4063,3.5639,3.5997,3.6139,3.6223
2015-07-03,0.9524,2.0206,1.9804,1.9641,1.8874,1.7896,1.774,2.3613,2.8843,3.0868,3.1587,3.3763,3.5252,3.5541,3.5657,3.5719
2015-07-06,0.9603,1.9616,1.8954,1.9327,1.8489,1.7411,1.7455,2.3164,2.8328,3.0367,3.1125,3.3207,3.4527,3.4769,3.4866,3.4917
2015-07-07,0.9693,1.9276,1.9229,1.9161,1.9283,1.9144,1.9155,2.3714,2.8252,3.0365,3.1321,3.323,3.4151,3.4283,3.4337,3.4361
2015-07-08,0.9804,1.8773,2.0879,1.9634,2.0537,2.0046,2.2655,2.5534,2.8402,3.0095,3.1249,3.352,3.4481,3.4434,3.4355,3.4307
2015-07-09,0.9914,1.9456,2.1869,2.0827,2.2014,2.0895,2.2655,2.5407,2.8148,2.9842,3.1061,3.3404,3.4399,3.4386,3.4365,3.4358
2015-07-10,1.0034,2.0556,2.2869,2.2668,2.2867,2.3365,2.3555,2.5895,2.8226,2.9877,3.1226,3.3523,3.4698,3.4816,3.4865,3.4885
2015-07-13,1.0173,2.061,2.271,2.3095,2.2398,2.3027,2.4455,2.6425,2.8391,2.9994,3.1448,3.358,3.4741,3.4911,3.4981,3.5014
2015-07-14,1.0314,2.063,2.3408,2.3603,2.384,2.3428,2.4486,2.6482,2.8475,3.0155,3.1711,3.383,3.5016,3.5217,3.53,3.5341
2015-07-15,1.0383,2.1042,2.3615,2.3352,2.4038,2.3828,2.4368,2.6429,2.8486,3.0174,3.1715,3.3842,3.5098,3.5342,3.544,3.5495
2015-07-16,1.0563,2.1483,2.3371,2.3767,2.4039,2.4282,2.4471,2.6483,2.8485,3.0045,3.1569,3.372,3.4962,3.5218,3.5301,3.5208
2015-07-17,1.0754,2.1016,2.2879,2.3894,2.4315,2.448,2.4501,2.6507,2.8487,3.0098,3.1563,3.352,3.4706,3.4959,3.5061,3.5123
2015-07-20,0.9834,2.0548,2.1957,2.3387,2.4238,2.4131,2.4583,2.6548,2.8503,3.0106,3.1573,3.3429,3.4623,3.4884,3.4967,3.5009
2015-07-21,0.9974,2.1556,2.2104,2.3273,2.4064,2.4243,2.4417,2.6323,2.8201,2.9998,3.1765,3.3654,3.4773,3.5037,3.5143,3.5214
2015-07-22,1.0164,2.0246,2.1336,2.2183,2.394,2.3881,2.4071,2.63,2.8485,3.0135,3.1586,3.3682,3.4825,3.502,3.51,3.5145
2015-07-23,1.0254,2.0506,2.1336,2.1183,2.3538,2.3143,2.3335,2.588,2.8373,3.0159,3.1658,3.3292,3.4284,3.4593,3.4705,3.4751
2015-07-24,1.0304,1.9525,2.1748,2.1189,2.2701,2.2449,2.336,2.5865,2.8378,3.013,3.1576,3.3042,3.3986,3.4386,3.4526,3.4602
2015-07-27,1.0674,1.923,2.1363,2.0589,2.2475,2.2315,2.3113,2.5716,2.8309,3.0107,3.1596,3.3148,3.4093,3.4426,3.4546,3.4602
2015-07-28,1.0814,2.0067,2.1561,2.1022,2.2482,2.1868,2.2617,2.5659,2.8654,3.0324,3.1501,3.3183,3.4078,3.4272,3.4362,3.4401
2015-07-29,1.0204,1.9367,2.1564,2.1522,2.1964,2.1892,2.2388,2.5331,2.8202,3.007,3.1553,3.3102,3.3938,3.4178,3.4267,3.4302
2015-07-30,0.9414,1.8386,2.1816,2.181,2.2423,2.2372,2.2318,2.5585,2.8682,3.0406,3.1617,3.3077,3.3945,3.4244,3.4352,3.4402
2015-07-31,0.8634,1.8022,2.2102,2.212,2.2373,2.2639,2.253,2.5707,2.8712,3.0478,3.1798,3.3585,3.4468,3.4639,3.472,3.4752
2015-08-03,0.8814,1.7557,2.1916,2.2003,2.2314,2.2388,2.3038,2.5997,2.8888,3.0663,3.2048,3.3795,3.4613,3.4672,3.4696,3.47
2015-08-04,0.8904,1.7557,2.1267,2.1743,2.2774,2.2547,2.3254,2.604,2.8777,3.0545,3.1981,3.3769,3.4613,3.4673,3.4696,3.47
2015-08-05,0.9014,1.7689,2.1196,2.1469,2.2633,2.2686,2.2428,2.575,2.8852,3.0662,3.203,3.3799,3.4614,3.4673,3.4696,3.4701
2015-08-06,0.9104,1.7968,2.0992,2.1665,2.2261,2.1858,2.2073,2.5576,2.8867,3.0524,3.1646,3.3645,3.4599,3.46,3.46,3.46
2015-08-07,0.9224,1.8909,2.0992,2.0865,2.2014,2.1938,2.1753,2.5458,2.8891,3.0556,3.1633,3.3268,3.4204,3.4433,3.452,3.4553
2015-08-10,0.9504,1.9796,2.1193,2.1567,2.164,2.1599,2.1843,2.5481,2.8876,3.061,3.1799,3.3301,3.4224,3.4566,3.4689,3.4755
2015-08-11,0.9794,1.9731,2.2642,2.2377,2.2011,2.204,2.2433,2.6125,2.9594,3.1331,3.2516,3.4197,3.504,3.5184,3.524,3.5256
2015-08-12,1.0074,1.9578,2.238,2.2191,2.2373,2.2405,2.3181,2.6458,2.9635,3.1375,3.2661,3.4347,3.5191,3.5331,3.5386,3.5402
2015-08-13,1.0344,1.9778,2.188,2.2484,2.269,2.2323,2.2883,2.6218,2.9397,3.1241,3.2649,3.4126,3.4856,3.505,3.5124,3.5153
2015-08-14,1.0604,2.02,2.2043,2.2023,2.2449,2.241,2.3273,2.6216,2.9117,3.1001,3.2558,3.4166,3.4883,3.4995,3.5039,3.5052
2015-08-17,1.0944,2.0894,2.236,2.2509,2.2579,2.2225,2.2466,2.5957,2.9324,3.1154,3.2521,3.4252,3.5033,3.5128,3.5167,3.5176
2015-08-18,1.1384,2.0545,2.236,2.2395,2.2596,2.2335,2.2621,2.5994,2.9249,3.1138,3.2623,3.4405,3.5104,3.5118,3.5124,3.5126
2015-08-19,1.1814,2.1618,2.2423,2.2509,2.2651,2.2329,2.2571,2.5982,2.9263,3.1186,3.2705,3.4424,3.5119,3.5174,3.5196,3.5201
2015-08-20,1.2234,2.2005,2.2691,2.2996,2.2695,2.2547,2.2608,2.5983,2.9211,3.1155,3.2723,3.4526,3.5199,3.5166,3.5104,3.5051
2015-08-21,1.2404,2.2305,2.2391,2.2524,2.2521,2.2527,2.2608,2.5949,2.9132,3.0985,3.2463,3.4321,3.5048,3.5026,3.4985,3.4951
2015-08-24,1.2594,2.2515,2.2249,2.2111,2.247,2.238,2.2807,2.6141,2.9325,3.1057,3.2399,3.4197,3.4898,3.4854,3.4771,3.4701
2015-08-25,1.2724,2.1335,2.2384,2.2337,2.2469,2.2464,2.28,2.6179,2.9376,3.0907,3.202,3.396,3.4788,3.4741,3.4652,3.4577
2015-08-26,1.1794,2.1339,2.1684,2.2537,2.2598,2.2362,2.2657,2.6039,2.9234,3.0785,3.1924,3.3782,3.4548,3.449,3.4381,3.429
2015-08-27,1.2324,2.1409,2.2653,2.2737,2.281,2.2735,2.2661,2.6081,2.9256,3.0692,3.1689,3.334,3.3999,3.3977,3.3935,3.3902
2015-08-28,1.2474,2.1819,2.2233,2.2495,2.2628,2.2557,2.2735,2.6081,2.9202,3.0634,3.1634,3.3151,3.3762,3.3788,3.3799,3.3803
2015-08-31,1.6068,2.5413,2.2253,2.2608,2.3,2.2848,2.2519,2.6069,2.9311,3.0568,3.1345,3.2764,3.33,3.3294,3.3284,3.3252
2015-09-01,1.6268,2.3569,2.158,2.2549,2.2829,2.257,2.2628,2.6191,2.9348,3.0496,3.1178,3.2585,3.3149,3.3115,3.3052,3.3002
2015-09-02,1.8368,2.3679,2.1611,2.2434,2.2497,2.227,2.2586,2.6202,2.9493,3.0709,3.1428,3.2696,3.3149,3.3115,3.3052,3.3002
2015-09-06,1.7068,2.3569,2.1541,2.1862,2.2766,2.247,2.254,2.6155,2.9405,3.0659,3.1459,3.2788,3.3249,3.3237,3.3217,3.3203
2015-09-07,1.7098,2.2957,2.1717,2.2133,2.2916,2.2571,2.2643,2.6338,2.9659,3.1022,3.1924,3.3134,3.3499,3.3464,3.3401,3.3353
2015-09-08,1.7028,2.1554,2.1716,2.2482,2.3008,2.2941,2.2737,2.6465,2.9774,3.096,3.1763,3.3073,3.3564,3.3588,3.3598,3.3603
2015-09-09,1.6018,2.0646,2.1306,2.2068,2.3059,2.2927,2.2543,2.6491,2.9902,3.1114,3.1843,3.3047,3.3457,3.3469,3.3474,3.3478
2015-09-10,1.5048,2.1046,2.1401,2.2078,2.2996,2.288,2.2546,2.6511,2.9938,3.1158,3.1901,3.3139,3.3549,3.3526,3.3484,3.3453
2015-09-11,1.4059,2.1016,2.1444,2.2194,2.3266,2.277,2.2543,2.6374,2.9765,3.1074,3.1918,3.3069,3.34,3.3401,3.3401,3.3404
2015-09-14,1.4048,2.0837,2.1002,2.1707,2.2957,2.2774,2.2862,2.6499,2.9708,3.1051,3.1718,3.2958,3.3448,3.3413,3.335,3.3303
2015-09-15,1.4048,2.137,2.1065,2.1769,2.2728,2.2784,2.3261,2.6599,2.9683,3.0942,3.1562,3.2709,3.3149,3.3138,3.3117,3.3104
2015-09-16,1.4058,2.187,2.152,2.1671,2.2597,2.2515,2.333,2.6619,2.9681,3.0858,3.1413,3.268,3.3248,3.3213,3.315,3.3103
2015-09-17,1.4048,2.1669,2.1523,2.197,2.2507,2.2468,2.3062,2.6614,2.9822,3.1069,3.1666,3.2773,3.32,3.32,3.32,3.3204
2015-09-18,1.4058,2.1269,2.1473,2.227,2.3196,2.2679,2.3292,2.6677,2.9739,3.0911,3.1467,3.2737,3.3297,3.325,3.3166,3.3105
2015-09-21,1.4068,2.2301,2.1983,2.2646,2.3295,2.3029,2.3271,2.684,2.9905,3.0941,3.1419,3.2664,3.3249,3.3237,3.3216,3.3204
2015-09-22,1.4138,2.2801,2.2071,2.2492,2.3039,2.3129,2.3078,2.6775,2.9815,3.0981,3.1548,3.2784,3.3299,3.3288,3.3267,3.3255
2015-09-23,1.4138,2.2065,2.1932,2.2525,2.3095,2.3029,2.3086,2.7111,3.0098,3.1076,3.1507,3.2778,3.3399,3.3387,3.3366,3.3354
2015-09-24,1.4148,2.2907,2.2054,2.2641,2.3193,2.3162,2.2893,2.7004,2.9981,3.0913,3.132,3.2619,3.3271,3.3247,3.3206,3.318
2015-09-25,1.4128,2.3407,2.2229,2.2533,2.3423,2.3191,2.3625,2.6949,2.9772,3.0762,3.1226,3.2594,3.3248,3.321,3.3145,3.3101
2015-09-28,1.4158,2.2907,2.1902,2.242,2.3294,2.3114,2.4032,2.7033,2.9605,3.0502,3.0929,3.2355,3.3048,3.3011,3.2948,3.2906
2015-09-29,1.4128,2.2537,2.1885,2.1939,2.3193,2.3012,2.389,2.7003,2.9483,3.0235,3.0574,3.1975,3.2696,3.2635,3.2529,3.2457
2015-09-30,1.4948,2.2537,2.1885,2.2139,2.3299,2.3279,2.3919,2.6715,2.9183,3.0212,3.0529,3.1894,3.2598,3.2537,3.2432,3.2362
2015-10-08,1.5648,2.2547,2.1697,2.1806,2.3177,2.3203,2.4031,2.6588,2.9041,3.0132,3.0433,3.1881,3.2474,3.2455,3.2424,3.2409
2015-10-09,1.5618,2.2577,2.1961,2.2259,2.2916,2.3241,2.4091,2.6396,2.8535,2.9421,2.9739,3.113,3.1794,3.1712,3.1574,3.1486
2015-10-10,1.5598,2.2577,2.2005,2.2348,2.2826,2.3052,2.4116,2.6315,2.8389,2.9236,2.9538,3.084,3.1539,3.1581,3.1599,3.1612
2015-10-12,1.5578,2.2567,2.2305,2.2553,2.3199,2.3154,2.4269,2.6436,2.8497,2.9336,2.9641,3.0975,3.1598,3.1567,3.1513,3.1488
2015-10-13,1.5558,2.1932,2.2105,2.2753,2.3393,2.3154,2.4186,2.6359,2.8297,2.8998,2.9237,3.0585,3.1246,3.1195,3.111,3.1064
2015-10-14,1.5558,2.1932,2.2405,2.3474,2.3395,2.3106,2.4084,2.6263,2.8037,2.8568,2.8729,2.9935,3.0548,3.0509,3.0445,3.0414
2015-10-15,1.5568,2.1932,2.242,2.3395,2.3249,2.3156,2.419,2.5908,2.7751,2.8639,2.9059,3.0517,3.1143,3.1054,3.0905,3.0814
2015-10-16,1.5548,2.1902,2.2358,2.3425,2.4023,2.4054,2.432,2.635,2.8315,2.9241,2.966,3.0932,3.1446,3.1382,3.1276,3.1216
2015-10-19,1.5578,2.1912,2.2291,2.3513,2.3547,2.4032,2.4286,2.6236,2.8122,2.9111,2.9676,3.0909,3.1372,3.1327,3.1252,3.1214
2015-10-20,1.5588,2.1729,2.2256,2.358,2.3548,2.4034,2.4255,2.614,2.792,2.8711,2.9058,3.0289,3.0796,3.0744,3.0659,3.0615
2015-10-21,1.5608,2.1729,2.2268,2.3516,2.355,2.4091,2.4273,2.6112,2.7872,2.8694,2.9087,3.0245,3.0698,3.0673,3.0629,3.0616
2015-10-22,1.5598,2.2235,2.26,2.3537,2.3722,2.3819,2.4234,2.6059,2.7827,2.8612,2.8962,3.0229,3.0744,3.0679,3.0573,3.0516
2015-10-23,1.5648,2.2285,2.2615,2.3516,2.3636,2.3787,2.4454,2.6099,2.7779,2.8526,2.8865,3.0099,3.0598,3.0552,3.0474,3.04
2015-10-26,1.4958,2.281,2.307,2.3708,2.3764,2.3718,2.4237,2.5905,2.7533,2.8241,2.8562,2.9666,3.0156,3.0183,3.0197,3.02
2015-10-27,1.4958,2.2941,2.328,2.388,2.3547,2.3228,2.3748,2.5492,2.7139,2.7815,2.8112,2.9266,2.9772,2.9789,2.9798,2.98
2015-10-28,1.4918,2.2341,2.248,2.3628,2.328,2.3637,2.3698,2.5544,2.7247,2.7922,2.8215,2.9445,2.9949,2.993,2.9899,2.987
2015-10-29,1.4938,2.2423,2.2596,2.3414,2.3655,2.345,2.3683,2.5434,2.7158,2.8183,2.8915,3.0105,3.0501,3.0501,3.05,3.05
2015-10-30,1.4938,2.2423,2.2671,2.3564,2.3866,2.3589,2.3513,2.548,2.7381,2.8425,2.9112,3.0196,3.0573,3.059,3.0598,3.06
2015-11-02,1.4888,2.2423,2.3564,2.3254,2.3774,2.382,2.4032,2.5614,2.7159,2.8198,2.9032,3.0064,3.055,3.0545,3.0535,3.0525
2015-11-03,1.4878,2.2423,2.3455,2.3388,2.3847,2.3852,2.4284,2.5845,2.7414,2.8455,2.9284,3.0317,3.08,3.08,3.08,3.08
2015-11-04,1.4858,2.2508,2.335,2.3516,2.4039,2.3993,2.4312,2.6075,2.7809,2.8902,2.9734,3.0663,3.1163,3.1289,3.1335,3.1351
2015-11-05,1.4828,2.2624,2.3972,2.3216,2.3845,2.3843,2.4342,2.6099,2.7618,2.8718,2.9657,3.0832,3.14,3.135,3.1246,3.115
2015-11-06,1.4828,2.2857,2.3905,2.3649,2.3955,2.3977,2.463,2.6186,2.7781,2.882,2.9647,3.0789,3.1349,3.1329,3.1287,3.125
2015-11-09,1.4818,2.3329,2.4857,2.4834,2.4628,2.4987,2.5389,2.6887,2.8381,2.9497,3.0479,3.1821,3.2499,3.2417,3.225,3.2099
2015-11-10,1.4788,2.3334,2.4486,2.5145,2.4575,2.489,2.555,2.6964,2.8431,2.9543,3.0523,3.1627,3.1973,3.1989,3.1998,3.2001
2015-11-11,1.4778,2.3411,2.4721,2.4567,2.458,2.4912,2.5616,2.6978,2.8405,2.9385,3.0195,3.1067,3.1424,3.1384,3.13,3.1226
2015-11-12,1.5778,2.3629,2.5159,2.5204,2.4457,2.5303,2.5499,2.687,2.8196,2.9188,3.0058,3.0998,3.14,3.139,3.1369,3.1351
2015-11-13,1.5798,2.3682,2.5101,2.5204,2.4494,2.5139,2.5589,2.6953,2.8329,2.9173,2.9836,3.085,3.135,3.1329,3.1287,3.1251
2015-11-16,1.5778,2.3682,2.5318,2.5469,2.4607,2.5024,2.6041,2.7108,2.8314,2.9118,2.9792,3.0786,3.1307,3.1337,3.1348,3.1352
2015-11-17,1.5758,2.3164,2.4956,2.5224,2.4628,2.5179,2.5911,2.7096,2.8379,2.9234,2.9948,3.0915,3.1366,3.1341,3.1293,3.1252
2015-11-18,1.5748,2.2664,2.4729,2.5222,2.5164,2.5793,2.5907,2.7156,2.8375,2.9295,3.0119,3.1135,3.1599,3.1557,3.1474,3.1402
2015-11-19,1.5788,2.2686,2.4889,2.5093,2.514,2.5732,2.5948,2.7308,2.8638,2.9412,3.0021,3.1187,3.1798,3.1713,3.1546,3.1402
2015-11-20,1.5778,2.2686,2.5016,2.5043,2.5495,2.5567,2.5764,2.719,2.8573,2.9277,2.9786,3.0994,3.1648,3.1563,3.1396,3.1251
2015-11-23,1.5788,2.2212,2.5045,2.5252,2.5493,2.5498,2.5849,2.7259,2.8636,2.9356,2.9892,3.1048,3.1649,3.1574,3.1427,3.1302
2015-11-24,1.5788,2.1912,2.4922,2.5307,2.5468,2.5496,2.5676,2.7094,2.8455,2.9139,2.9638,3.0793,3.1399,3.1329,3.1192,3.1077
2015-11-25,1.5788,2.1922,2.4917,2.5211,2.5497,2.5453,2.5802,2.725,2.86,2.911,2.941,3.061,3.1299,3.1201,3.1012,3.0853
2015-11-26,1.5788,2.1645,2.4781,2.4969,2.5305,2.5414,2.5639,2.7235,2.8513,2.8885,2.909,3.0212,3.0899,3.0812,3.0644,3.0503
2015-11-27,1.5798,2.1685,2.4868,2.5169,2.5504,2.5554,2.5738,2.7127,2.8336,2.8756,2.9005,3.0134,3.0799,3.0756,3.0756,3.0603
2015-11-30,1.5818,2.1745,2.52,2.5701,2.5706,2.5779,2.5754,2.715,2.8277,2.8633,2.8843,2.9871,3.0475,3.0458,3.0427,3.0404
2015-12-01,1.5818,2.1719,2.5791,2.5743,2.5829,2.5788,2.5754,2.6881,2.7925,2.8461,2.8884,2.9944,3.05,3.05,3.05,3.0504
2015-12-02,1.5798,2.1552,2.5563,2.5499,2.5523,2.5642,2.5656,2.6813,2.7885,2.8494,2.9003,3.0095,3.0649,3.0605,3.052,3.0454
2015-12-03,1.6298,2.2075,2.5252,2.5627,2.5671,2.5488,2.5506,2.6353,2.7152,2.7896,2.8656,2.9856,3.0449,3.0416,3.0353,3.0304
2015-12-04,1.638,2.2075,2.4715,2.5033,2.5221,2.5185,2.5351,2.6213,2.7071,2.7865,2.8661,2.9746,3.0251,3.0251,3.025,3.0254
2015-12-07,1.641,2.2075,2.4951,2.5098,2.5029,2.5012,2.5201,2.6241,2.7242,2.7966,2.8651,2.9831,3.0399,3.0371,3.0318,3.028
2015-12-08,1.647,2.2075,2.4656,2.4713,2.4739,2.4843,2.4911,2.6053,2.7099,2.7775,2.8393,2.9605,3.0199,3.0154,3.0069,3.0005
2015-12-09,1.646,2.2575,2.4502,2.4516,2.471,2.4702,2.4866,2.6014,2.7106,2.7707,2.8226,2.9442,3.005,3.003,2.9993,2.9968
2015-12-10,1.647,2.2585,2.449,2.4411,2.4528,2.458,2.4841,2.5973,2.7115,2.7741,2.8277,2.9452,3.0025,3.0022,3.0017,3.0018
2015-12-11,1.648,2.2785,2.4047,2.3967,2.4029,2.4274,2.4644,2.5853,2.706,2.7673,2.8178,2.9332,2.9907,2.9919,2.9924,2.9931
2015-12-14,1.646,2.3638,2.4394,2.4019,2.4365,2.4494,2.4523,2.6006,2.7333,2.7944,2.8434,2.9693,3.03,3.03,3.03,3.0306
2015-12-15,1.646,2.385,2.4018,2.4038,2.4043,2.4392,2.4474,2.6023,2.7387,2.7895,2.8263,2.9524,3.015,3.015,3.015,3.0157
2015-12-16,1.648,2.3704,2.4006,2.3988,2.3998,2.4001,2.4028,2.5784,2.7292,2.7835,2.82,2.9296,2.9907,2.9969,2.9995,3.0007
2015-12-17,1.651,2.3387,2.3859,2.3821,2.3981,2.3816,2.3907,2.5608,2.6961,2.7364,2.7667,2.9121,2.99,2.9888,2.9867,2.9857
2015-12-18,1.674,2.3651,2.3639,2.3661,2.3746,2.3599,2.3647,2.5355,2.666,2.7049,2.7344,2.8752,2.95,2.9477,2.9434,2.9408
2015-12-21,1.701,2.2944,2.2795,2.3332,2.3494,2.3398,2.3601,2.4752,2.5836,2.6448,2.6996,2.8044,2.8653,2.875,2.8789,2.8811
2015-12-22,1.733,2.2452,2.2792,2.3301,2.3519,2.3466,2.3204,2.4513,2.5761,2.6243,2.6629,2.7867,2.8529,2.8577,2.8596,2.861
2015-12-23,1.761,2.2874,2.3064,2.3505,2.3606,2.3528,2.3332,2.4605,2.5722,2.6292,2.6794,2.7888,2.8415,2.8439,2.8449,2.846
2015-12-24,1.761,2.3265,2.3332,2.3302,2.3387,2.3288,2.3135,2.4452,2.5603,2.6159,2.663,2.762,2.805,2.8038,2.8017,2.801
2015-12-25,1.771,2.3251,2.3274,2.3061,2.3056,2.284,2.2946,2.4355,2.5694,2.619,2.6565,2.7629,2.8102,2.809,2.8068,2.8061
2015-12-28,1.781,2.2931,2.3068,2.3015,2.3137,2.3001,2.3076,2.4268,2.5413,2.6031,2.6585,2.7619,2.805,2.8026,2.7983,2.7961
2015-12-29,1.777,2.2893,2.3003,2.3015,2.3079,2.3023,2.3076,2.4128,2.5153,2.5888,2.66,2.7668,2.81,2.8088,2.8066,2.8061
2015-12-30,1.777,2.1987,2.2049,2.2656,2.261,2.2833,2.2979,2.4204,2.5395,2.623,2.7014,2.8023,2.8399,2.8363,2.8298,2.8261
2015-12-31,1.777,2.2017,2.2049,2.2507,2.2581,2.2943,2.2979,2.4235,2.5466,2.6265,2.7014,2.8008,2.8361,2.832,2.8255,2.8212
2016-01-04,1.927,2.2663,2.3035,2.3002,2.3166,2.343,2.3479,2.4598,2.5697,2.661,2.7488,2.8396,2.8701,2.8701,2.87,2.871
2016-01-05,2.027,2.2816,2.3528,2.3,2.307,2.335,2.368,2.4944,2.6173,2.7055,2.7871,2.8725,2.8999,2.8975,2.8931,2.8911
2016-01-06,2.009,2.3264,2.3333,2.3296,2.3299,2.3409,2.369,2.5038,2.6322,2.7003,2.7598,2.8468,2.8817,2.8839,2.8849,2.8861
2016-01-07,1.955,2.2918,2.3482,2.3473,2.3412,2.3454,2.37,2.4928,2.611,2.6859,2.7538,2.8336,2.8599,2.8574,2.8531,2.8511
2016-01-08,1.947,2.2966,2.3311,2.3219,2.3132,2.3362,2.3634,2.479,2.5906,2.6656,2.7347,2.814,2.8402,2.8389,2.8367,2.8362
2016-01-11,1.94,2.2568,2.3009,2.3099,2.3132,2.3287,2.3511,2.4683,2.5792,2.6381,2.693,2.7888,2.8249,2.823,2.8198,2.8187
2016-01-12,1.9,2.2257,2.3078,2.3081,2.2994,2.3,2.3054,2.4384,2.5618,2.6145,2.662,2.7651,2.8048,2.8004,2.7928,2.7887
2016-01-13,1.9,2.2257,2.2892,2.2773,2.2706,2.275,2.2804,2.4048,2.5192,2.5615,2.6005,2.7071,2.7497,2.7434,2.7326,2.7237
2016-01-14,1.9,2.2243,2.2642,2.2589,2.2496,2.2593,2.2793,2.4043,2.5199,2.5647,2.6084,2.7303,2.7796,2.772,2.7591,2.7513
2016-01-15,1.876,2.2105,2.2512,2.2292,2.229,2.2507,2.2782,2.4336,2.5601,2.5962,2.628,2.7335,2.7773,2.769,2.7549,2.7464
2016-01-18,1.874,2.1975,2.2491,2.2491,2.2493,2.2506,2.2618,2.4282,2.565,2.6057,2.6431,2.7617,2.8094,2.8005,2.7854,2.7764
2016-01-19,1.974,2.2576,2.2652,2.2502,2.2573,2.2599,2.2724,2.4361,2.577,2.6221,2.6643,2.7901,2.8392,2.8277,2.8082,2.7964
2016-01-20,2.074,2.3666,2.3983,2.3959,2.3191,2.3155,2.3105,2.469,2.6063,2.6516,2.6934,2.8101,2.8542,2.8426,2.8232,2.8114
2016-01-21,2.1335,2.3266,2.3466,2.3266,2.3191,2.3295,2.3006,2.4682,2.5995,2.6365,2.6714,2.7844,2.8293,2.819,2.8017,2.7914
2016-01-22,2.1475,2.2518,2.2514,2.2591,2.3064,2.3305,2.306,2.4427,2.5647,2.616,2.6657,2.775,2.8144,2.8034,2.7851,2.7741
2016-01-25,2.1285,2.3004,2.2883,2.28,2.2824,2.3283,2.3109,2.4802,2.6301,2.694,2.7514,2.8485,2.8796,2.8737,2.864,2.859
2016-01-26,2.1165,2.2414,2.2504,2.2499,2.2445,2.3216,2.311,2.4759,2.6228,2.6967,2.7633,2.8529,2.8796,2.8743,2.8657,2.8616
2016-01-27,2.1145,2.2092,2.2533,2.2913,2.3039,2.3402,2.3519,2.4919,2.6209,2.7124,2.7994,2.8929,2.9196,2.9144,2.9057,2.9016
2016-01-28,2.1115,2.2459,2.2535,2.2871,2.3066,2.3931,2.3608,2.4991,2.624,2.7048,2.7814,2.871,2.8973,2.894,2.8886,2.8866
2016-01-29,2.1085,2.2024,2.2457,2.2276,2.3024,2.3501,2.3214,2.4772,2.6149,2.6845,2.7492,2.8416,2.8695,2.8616,2.8486,2.8419
2016-02-01,2.0765,2.191,2.2269,2.2305,2.2928,2.3199,2.3109,2.4461000000000004,2.5813,2.6535,2.7257,2.7901499999999997,2.8546,2.848666666666667,2.8427333333333333,2.8368
2016-02-02,2.0435,2.2057,2.2495,2.2406,2.2797,2.3332,2.3208,2.4592,2.5976,2.6735499999999996,2.7495,2.82695,2.9044,2.8968666666666665,2.8893333333333335,2.8818
2016-02-03,1.9825,2.1208,2.2137,2.219,2.2877,2.35,2.316,2.46005,2.6041,2.67745,2.7508,2.8323,2.9138,2.9064666666666668,2.8991333333333333,2.8918
2016-02-04,1.8825,2.2023,2.245,2.2505,2.2964,2.35,2.316,2.4437499999999996,2.5715,2.65135,2.7312,2.81025,2.8893,2.877866666666667,2.866433333333333,2.855
2016-02-05,1.7825,2.1287,2.1951,2.2271,2.277,2.33,2.3259,2.4448,2.5637,2.6458,2.7279,2.8133999999999997,2.8989,2.8837666666666664,2.8686333333333334,2.8535
2016-02-06,1.8795,2.1868,2.2028,2.2271,2.2686,2.3263,2.3268,2.4471499999999997,2.5675,2.6534,2.7393,2.81865,2.898,2.883166666666667,2.868333333333333,2.8535
2016-02-14,1.6765,2.1003,2.2325,2.256,2.2805,2.3004,2.3018,2.4398999999999997,2.578,2.6310000000000002,2.684,2.766,2.848,2.8393666666666664,2.8307333333333333,2.8221
2016-02-15,1.6755,2.0899,2.191,2.251,2.2741,2.2714,2.3192,2.4482999999999997,2.5774,2.6285499999999997,2.6797,2.7719,2.8641,2.8551,2.8461,2.8371
2016-02-16,1.6725,2.0996,2.1941,2.2551,2.2794,2.2818,2.3452,2.45555,2.5659,2.6374,2.7089,2.7939,2.8789,2.865133333333333,2.851366666666667,2.8376
2016-02-17,1.6665,2.0977,2.1919,2.2324,2.2546,2.2695,2.2817,2.42745,2.5732,2.6437999999999997,2.7144,2.7965999999999998,2.8788,2.8642333333333334,2.849666666666667,2.8351
2016-02-18,1.6495,2.1486,2.2045,2.2371,2.25,2.2591,2.2718,2.4176,2.5634,2.63435,2.7053,2.78965,2.874,2.8610333333333333,2.848066666666667,2.8351
2016-02-19,1.6365,2.1418,2.1999,2.1541,2.1592,2.241,2.251,2.409,2.567,2.63355,2.7001,2.7832999999999997,2.8665,2.8527,2.8388999999999998,2.8251
2016-02-22,1.6325,2.1246,2.1697,2.0626,2.2067,2.2307,2.2678,2.40925,2.5507,2.6096999999999997,2.6687,2.7714,2.8741,2.8636,2.8531,2.8426
2016-02-23,1.7325,2.161,2.1905,2.1082,2.1571,2.2139,2.2622,2.41505,2.5679,2.6129,2.6579,2.7636,2.8693,2.8612333333333333,2.8531666666666666,2.8451
2016-02-24,1.7555,2.145,2.1905,2.1034,2.1475,2.2039,2.2638,2.39065,2.5175,2.58365,2.6498,2.7599,2.87,2.8692,2.8684,2.8676
2016-02-25,1.8035,2.2475,2.1933,2.1178,2.1721,2.2421,2.2834,2.40765,2.5319,2.5984999999999996,2.6651,2.77235,2.8796,2.8747666666666665,2.8699333333333334,2.8651
2016-02-26,1.8475,2.2512,2.1545,2.0511,2.2022,2.2354,2.2764,2.40235,2.5283,2.5891,2.6499,2.76465,2.8794,2.8713,2.8632,2.8551
2016-02-29,1.8065,2.1994,2.1221,2.1012,2.203,2.2187,2.2576,2.3973,2.537,2.5911999999999997,2.6454,2.7561999999999998,2.867,2.8614,2.8558,2.8502
2016-03-01,1.7675,2.0736,2.0998,2.1141,2.1931,2.1788,2.2086,2.36905,2.5295,2.57485,2.6202,2.7399999999999998,2.8598,2.8574333333333333,2.8550666666666666,2.8527
2016-03-02,1.7115,2.0408,2.0669,2.0806,2.1702,2.1706,2.2093,2.35755,2.5058,2.5637499999999998,2.6217,2.7466,2.8715,2.8727333333333336,2.8739666666666666,2.8752
2016-03-03,1.7065,2.0569,2.0898,2.0513,2.1617,2.1784,2.2132,2.3625,2.5118,2.5747,2.6376,2.7653,2.893,2.8954,2.8977999999999997,2.9002
2016-03-04,1.6995,2.0861,2.087,2.0166,2.1118,2.1505,2.1742,2.3409,2.5076,2.56765,2.6277,2.7553,2.8829,2.887,2.8911,2.8952
2016-03-07,1.7005,2.0387,2.0396,2.0365,2.1108,2.1655,2.1902,2.3537,2.5172,2.5833,2.6494,2.7809999999999997,2.9126,2.9185,2.9244,2.9303
2016-03-08,1.6995,2.0582,2.0538,2.0074,2.1155,2.1546,2.187,2.35585,2.5247,2.5924500000000004,2.6602,2.7923999999999998,2.9246,2.9281333333333333,2.9316666666666666,2.9352
2016-03-09,1.6995,1.9979,2.0365,1.9781,2.1111,2.133,2.1864,2.3456,2.5048,2.5646,2.6244,2.75415,2.8839,2.8868666666666667,2.8898333333333333,2.8928
2016-03-10,1.6965,2.0226,2.0315,2.0004,2.1098,2.1278,2.1895,2.3369,2.4843,2.5446,2.6049,2.7350000000000003,2.8651,2.8651666666666666,2.8652333333333333,2.8653
2016-03-11,1.7791,2.0176,1.9989,1.9402,2.0528,2.125,2.1612,2.3247,2.4882,2.53045,2.5727,2.7113500000000004,2.85,2.8484333333333334,2.8468666666666667,2.8453
2016-03-14,1.7831,2.0019,2.0064,1.9707,2.0378,2.1275,2.1469,2.2954499999999998,2.444,2.51655,2.5891,2.7153,2.8415,2.8444666666666665,2.8474333333333335,2.8504
2016-03-15,1.7871,2.0019,2.0148,1.9873,2.0464,2.1101,2.1275,2.26715,2.4068,2.49535,2.5839,2.7103,2.8367,2.8379333333333334,2.8391666666666664,2.8404
2016-03-16,1.7401,2.0014,2.0011,1.9803,2.0254,2.1096,2.1012,2.2390999999999996,2.377,2.4681499999999996,2.5593,2.6805,2.8017,2.8029333333333333,2.8041666666666667,2.8054
2016-03-17,1.7401,2.0049,2.0053,1.9902,2.0293,2.0639,2.0788,2.2236000000000002,2.3684,2.4671999999999996,2.566,2.6896999999999998,2.8134,2.8140666666666667,2.8147333333333333,2.8154
2016-03-18,1.8601,2.0049,1.9789,1.9573,2.0266,2.047,2.0551,2.1997,2.3443,2.44985,2.5554,2.6882,2.821,2.8216333333333337,2.8222666666666667,2.8229
2016-03-21,1.7597,2.0263,2.0016,1.9914,2.0253,2.0214,2.0552,2.20575,2.3563,2.46235,2.5684,2.6934,2.8184,2.822433333333333,2.8264666666666667,2.8305
2016-03-22,1.8097,2.0333,2.0089,2.0006,2.0514,2.0416,2.0842,2.22225,2.3603,2.4621,2.5639,2.6953,2.8267,2.8279333333333336,2.8291666666666666,2.8304
2016-03-23,1.8597,2.0368,2.0198,2.0196,2.046,2.0413,2.0589,2.197,2.3351,2.442,2.5489,2.67865,2.8084,2.8158333333333334,2.8232666666666666,2.8307
2016-03-24,1.9397,2.0817,2.0404,2.0298,2.0461,2.0505,2.069,2.1912000000000003,2.3134,2.4215999999999998,2.5298,2.6665,2.8032,2.8124333333333333,2.8216666666666668,2.8309
2016-03-25,1.9337,2.0634,2.0311,1.9771,2.0364,2.091,2.053,2.1793,2.3056,2.4118500000000003,2.5181,2.6545,2.7909,2.8043,2.8177000000000003,2.8311
2016-03-28,1.9367,2.0674,2.0043,1.9539,2.0571,2.0908,2.0918,2.2075,2.3232,2.42855,2.5339,2.6752000000000002,2.8165,2.8331666666666666,2.849833333333333,2.8665
2016-03-29,1.9007,2.0572,1.994,1.9894,2.0622,2.0899,2.1039,2.2001500000000003,2.2964,2.40585,2.5153,2.6633,2.8113,2.8245333333333336,2.8377666666666665,2.851
2016-03-30,1.9507,2.0947,2.0051,2.0012,2.0665,2.0907,2.0796,2.19375,2.3079,2.38985,2.4718,2.6317500000000003,2.7917,2.8065333333333333,2.8213666666666666,2.8362
2016-03-31,1.9637,2.115,2.0241,2.0187,2.0721,2.0763,2.0861,2.1943,2.3025,2.38725,2.472,2.6271500000000003,2.7823,2.802166666666667,2.822033333333333,2.8419
2016-04-01,1.8407,1.9842,1.9853,2.0008,2.0767,2.0887,2.0964,2.20235,2.3083,2.38995,2.4716,2.62465,2.7777,2.7992,2.8207,2.8422
2016-04-05,1.7997,1.9894,2.0114,2.0156,2.0661,2.0758,2.0854,2.2032499999999997,2.3211,2.40435,2.4876,2.6334999999999997,2.7794,2.8075,2.8356,2.8637
2016-04-06,1.7897,1.975,2.0237,2.0487,2.0746,2.092,2.1057,2.22615,2.3466,2.4215,2.4964,2.6405000000000003,2.7846,2.8127,2.8408,2.8689
2016-04-07,1.785,2.0154,2.0339,2.0708,2.095,2.1207,2.1358,2.25335,2.3709,2.4328,2.4947,2.6502499999999998,2.8058,2.8388333333333335,2.8718666666666666,2.9049
2016-04-08,1.7867,2.0271,2.0544,2.0577,2.1004,2.1522,2.1677,2.2737,2.3797,2.44205,2.5044,2.65545,2.8065,2.8429333333333333,2.879366666666667,2.9158
2016-04-11,1.7417,2.0405,2.0828,2.0845,2.1253,2.1621,2.1776,2.28125,2.3849,2.45295,2.521,2.6662999999999997,2.8116,2.8441,2.8766,2.9091
2016-04-12,1.7497,2.0128,2.0565,2.1064,2.1195,2.1624,2.1893,2.2921,2.3949,2.46045,2.526,2.67135,2.8167,2.8478,2.8789000000000002,2.91
2016-04-13,1.7527,2.0148,2.0854,2.1257,2.1483,2.2049,2.2319,2.32855,2.4252,2.52155,2.6179,2.7225,2.8271,2.8604333333333334,2.8937666666666666,2.9271
2016-04-14,1.7557,2.0148,2.1046,2.1461,2.1691,2.1982,2.2259,2.3396500000000002,2.4534,2.5492,2.645,2.7493499999999997,2.8537,2.8808666666666665,2.9080333333333335,2.9352
2016-04-15,1.7217,2.0148,2.0763,2.1111,2.1403,2.1807,2.2172,2.3353,2.4534,2.54345,2.6335,2.7348,2.8361,2.862433333333333,2.8887666666666667,2.9151
2016-04-18,1.6947,2.0148,2.0958,2.0872,2.1259,2.1834,2.2187,2.3287,2.4387,2.53225,2.6258,2.7286,2.8314,2.8558333333333334,2.8802666666666665,2.9047
2016-04-19,1.7507,2.0158,2.0933,2.1006,2.1492,2.1892,2.2143,2.319,2.4237,2.5314,2.6391,2.7423,2.8455,2.865666666666667,2.8858333333333333,2.906
2016-04-20,1.7647,2.025,2.1012,2.1016,2.1815,2.2096,2.2296,2.3428500000000003,2.4561,2.5765000000000002,2.6969,2.80865,2.9204,2.9222,2.924,2.9258
2016-04-21,1.7757,2.0751,2.0979,2.1026,2.2017,2.2171,2.2349,2.3508500000000003,2.4668,2.5845000000000002,2.7022,2.8223,2.9424,2.9352,2.928,2.9208
2016-04-22,1.8847,2.1632,2.1711,2.161,2.2016,2.2576,2.2706,2.38345,2.4963,2.6068000000000002,2.7173,2.85595,2.9946,2.9733666666666667,2.9521333333333333,2.9309
2016-04-25,1.9117,2.1808,2.1963,2.1999,2.2434,2.2886,2.3273,2.45345,2.5796,2.6889499999999997,2.7983,2.92635,3.0544,3.0149999999999997,2.9756,2.9362
2016-04-26,1.8027,2.1455,2.1687,2.1828,2.2291,2.2566,2.3011,2.4307,2.5603,2.6619,2.7635,2.8840500000000002,3.0046,2.9768,2.949,2.9212
2016-04-27,1.8407,2.1491,2.1455,2.1775,2.2357,2.2639,2.2805,2.41865,2.5568,2.6451000000000002,2.7334,2.8565,2.9796,2.9566666666666666,2.9337333333333335,2.9108
2016-04-28,1.8877,2.1668,2.1459,2.2038,2.2473,2.2935,2.3029,2.42985,2.5568,2.6502,2.7436,2.8491,2.9546,2.9318333333333335,2.9090666666666665,2.8863
2016-04-29,1.8157,2.132,2.1479,2.194,2.2268,2.2891,2.307,2.44435,2.5817,2.6549500000000004,2.7282,2.8438,2.9594,2.9367,2.914,2.8913
2016-05-03,1.77,2.125,2.1766,2.2098,2.2011,2.2789,2.2752,2.4253,2.5754,2.6423,2.7092,2.8293500000000003,2.9495,2.929333333333333,2.9091666666666667,2.889
2016-05-04,1.7167,2.1497,2.1758,2.198,2.2526,2.2759,2.3126,2.44865,2.5847,2.65185,2.719,2.8268,2.9346,2.9219,2.9092000000000002,2.8965
2016-05-05,1.7177,2.1364,2.171,2.2343,2.2779,2.299,2.35,2.46355,2.5771,2.64825,2.7194,2.8295500000000002,2.9397,2.9270333333333336,2.9143666666666665,2.9017
2016-05-06,1.7167,2.1238,2.2071,2.2153,2.251,2.2847,2.3403,2.464,2.5877,2.6559999999999997,2.7243,2.8319,2.9395,2.9268666666666667,2.9142333333333332,2.9016
2016-05-09,1.7157,2.1228,2.209,2.2216,2.259,2.2956,2.3526,2.46295,2.5733,2.6314,2.6895,2.80205,2.9146,2.9036666666666666,2.8927333333333336,2.8818
2016-05-10,1.7157,2.1009,2.2167,2.2186,2.23,2.2837,2.3248,2.44435,2.5639,2.6295,2.6951,2.79535,2.8956,2.8970666666666665,2.8985333333333334,2.9
2016-05-11,1.7157,2.1179,2.1946,2.2107,2.2329,2.2793,2.3071,2.4307499999999997,2.5544,2.63405,2.7137,2.80625,2.8988,2.9017,2.9046000000000003,2.9075
2016-05-12,1.7167,2.0851,2.1742,2.1861,2.2411,2.2991,2.3002,2.4173,2.5344,2.6181,2.7018,2.79855,2.8953,2.8960333333333335,2.8967666666666667,2.8975
2016-05-13,1.7187,2.0892,2.1904,2.1999,2.2077,2.2885,2.2905,2.4077,2.5249,2.6136,2.7023,2.80145,2.9006,2.9020666666666664,2.9035333333333333,2.905
2016-05-16,1.7217,2.0927,2.1983,2.1999,2.2021,2.2729,2.2992,2.40215,2.5051,2.60855,2.712,2.8165500000000003,2.9211,2.9232333333333336,2.9253666666666667,2.9275
2016-05-17,1.7277,2.0505,2.1994,2.2047,2.2017,2.2682,2.2989,2.4022,2.5055,2.6128,2.7201,2.83,2.9399,2.9366000000000003,2.9333,2.93
2016-05-18,1.7277,2.0463,2.199,2.2106,2.2203,2.274,2.3131,2.4246499999999997,2.5362,2.65115,2.7661,2.8729,2.9797,2.9714666666666667,2.963233333333333,2.955
2016-05-19,1.7267,2.1127,2.2224,2.2,2.2261,2.2697,2.3143,2.428,2.5417,2.654,2.7663,2.878,2.9897,2.9798,2.9699,2.96
2016-05-20,1.7247,2.1067,2.1878,2.1904,2.2319,2.2697,2.3064,2.4217,2.537,2.6389,2.7408,2.86015,2.9795,2.9696666666666665,2.9598333333333335,2.95
2016-05-23,1.7747,2.1161,2.1676,2.1797,2.2132,2.2747,2.3004,2.4218,2.5432,2.64765,2.7521,2.86785,2.9836,2.974066666666667,2.9645333333333332,2.955
2016-05-24,1.7727,2.0846,2.1406,2.1749,2.217,2.2776,2.3187,2.43085,2.543,2.64505,2.7471,2.8602,2.9733,2.9605333333333332,2.947766666666667,2.935
2016-05-25,1.8227,2.0846,2.1618,2.181,2.2089,2.2786,2.313,2.4345499999999998,2.5561,2.6506999999999996,2.7453,2.8574499999999996,2.9696,2.9597666666666664,2.9499333333333335,2.9401
2016-05-26,1.8727,2.1136,2.1673,2.1701,2.2155,2.2786,2.3194,2.4419,2.5644,2.66075,2.7571,2.8646000000000003,2.9721,2.9614333333333334,2.950766666666667,2.9401
2016-05-27,1.8727,2.1146,2.149,2.153,2.2187,2.2792,2.3168,2.4601,2.6034,2.68135,2.7593,2.8681,2.9769,2.9663,2.9557,2.9451
2016-05-30,1.8737,2.115,2.1618,2.1682,2.2075,2.2772,2.3196,2.4646999999999997,2.6098,2.68295,2.7561,2.86925,2.9824,2.9808,2.9792,2.9776
2016-05-31,1.8237,2.1031,2.1501,2.1896,2.2151,2.2873,2.3201,2.46375,2.6074,2.6793500000000003,2.7513,2.8666,2.9819,2.9829666666666665,2.9840333333333335,2.9851
2016-06-01,1.8537,2.1258,2.199,2.1902,2.216,2.278,2.3438,2.47285,2.6019,2.6769,2.7519,2.86885,2.9858,2.988933333333333,2.9920666666666667,2.9952
2016-06-02,1.8517,2.1226,2.2001,2.2002,2.2411,2.2831,2.3753,2.4911,2.6069,2.6859,2.7649,2.88155,2.9982,3.0030333333333337,3.0078666666666667,3.0127
2016-06-03,1.8467,2.1721,2.2065,2.2021,2.2396,2.281,2.3975,2.5014000000000003,2.6053,2.6943,2.7833,2.89295,3.0026,3.0068,3.011,3.0152
2016-06-06,1.7957,2.1864,2.1932,2.1811,2.2403,2.2905,2.4022,2.504,2.6058,2.6883999999999997,2.771,2.8798,2.9886,2.9937666666666667,2.9989333333333335,3.0041
2016-06-07,1.7977,2.1488,2.1576,2.1684,2.2428,2.2912,2.3979,2.5,2.6021,2.6917999999999997,2.7815,2.8853999999999997,2.9893,2.995233333333333,3.0011666666666668,3.0071
2016-06-08,1.7977,2.0951,2.1469,2.1935,2.2357,2.2927,2.4041,2.50655,2.609,2.7125500000000002,2.8161,2.9086499999999997,3.0012,3.0033666666666665,3.005533333333333,3.0077
2016-06-12,1.7977,2.0991,2.1534,2.1987,2.2393,2.3006,2.416,2.5123,2.6086,2.7081,2.8076,2.9105499999999997,3.0135,3.0107666666666666,3.0080333333333336,3.0053
2016-06-13,1.7946,2.1163,2.1855,2.2176,2.2677,2.3115,2.413,2.5104499999999996,2.6079,2.71095,2.814,2.90375,2.9935,2.9949666666666666,2.9964333333333335,2.9979
2016-06-14,1.7446,2.075,2.1472,2.2153,2.2754,2.314,2.4087,2.50285,2.597,2.6894,2.7818,2.8729,2.964,2.9644666666666666,2.964933333333333,2.9654
2016-06-15,1.6946,2.0823,2.1493,2.2135,2.2782,2.329,2.4071,2.50615,2.6052,2.6898,2.7744,2.86715,2.9599,2.9600666666666666,2.9602333333333335,2.9604
2016-06-16,1.6966,2.0723,2.151,2.2076,2.2719,2.3289,2.4006,2.4972,2.5938,2.6775,2.7612,2.84915,2.9371,2.9399,2.9427,2.9455
2016-06-17,1.6996,2.0954,2.1357,2.183,2.2376,2.3403,2.3989,2.4978,2.5967,2.6788999999999996,2.7611,2.84825,2.9354,2.9362333333333335,2.9370666666666665,2.9379
2016-06-20,1.6546,2.1138,2.1638,2.1904,2.2033,2.335,2.4061,2.49735,2.5886,2.67955,2.7705,2.8561,2.9417,2.9438333333333335,2.9459666666666666,2.9481
2016-06-21,1.6636,2.1139,2.1488,2.1859,2.2416,2.3537,2.4076,2.5033000000000003,2.599,2.6862500000000002,2.7735,2.85675,2.94,2.940166666666667,2.9403333333333332,2.9405
2016-06-22,1.6716,2.1353,2.17,2.1815,2.2261,2.3251,2.402,2.4994,2.5968,2.6738999999999997,2.751,2.8356,2.9202,2.9236999999999997,2.9272,2.9307
2016-06-23,1.6766,2.1251,2.1714,2.2059,2.252,2.3329,2.3979,2.4903,2.5827,2.6662,2.7497,2.83495,2.9202,2.9236999999999997,2.9272,2.9307
2016-06-24,1.6796,2.0864,2.1855,2.2022,2.2742,2.3413,2.4005,2.48415,2.5678,2.6378500000000003,2.7079,2.794,2.8801,2.880333333333333,2.8805666666666667,2.8808
2016-06-27,1.6826,2.1408,2.1661,2.1987,2.2761,2.3393,2.3985,2.4706,2.5427,2.60765,2.6726,2.7563,2.84,2.8369999999999997,2.834,2.831
2016-06-28,1.7846,2.1411,2.1507,2.1849,2.2663,2.3133,2.3917,2.4742,2.5567,2.62115,2.6856,2.7753,2.865,2.863666666666667,2.8623333333333334,2.861
2016-06-29,1.8826,2.1265,2.1259,2.187,2.267,2.3374,2.4022,2.48065,2.5591,2.6264000000000003,2.6937,2.7818500000000004,2.87,2.8662,2.8624,2.8586
2016-06-30,1.8816,2.0997,2.1001,2.1978,2.2718,2.336,2.3901,2.4692499999999997,2.5484,2.61745,2.6865,2.76825,2.85,2.8470333333333335,2.8440666666666665,2.8411
2016-07-01,1.8716,2.0773,2.1336,2.1951,2.2692,2.325,2.3611,2.4452,2.5293,2.5924500000000004,2.6556,2.7329,2.8102,2.8080666666666665,2.8059333333333334,2.8038
2016-07-04,1.8586,2.0836,2.1122,2.1896,2.2634,2.3315,2.3611,2.4536499999999997,2.5462,2.60885,2.6715,2.7508,2.8301,2.8305333333333333,2.8309666666666664,2.8314
2016-07-05,1.9086,2.0345,2.1327,2.2129,2.2572,2.3335,2.3464,2.4471,2.5478,2.6153500000000003,2.6829,2.76645,2.85,2.8504666666666667,2.8509333333333333,2.8514
2016-07-06,1.9386,2.044,2.1356,2.227,2.2545,2.3255,2.3317,2.4377,2.5437,2.6052999999999997,2.6669,2.7485999999999997,2.8303,2.8323666666666667,2.834433333333333,2.8365
2016-07-07,1.9686,2.096,2.1375,2.2049,2.2463,2.2911,2.317,2.41765,2.5183,2.5831,2.6479,2.7314499999999997,2.815,2.8122,2.8094,2.8066
2016-07-08,1.9676,2.1066,2.14,2.1844,2.197,2.2708,2.3074,2.4133999999999998,2.5194,2.58435,2.6493,2.72975,2.8102,2.8073333333333332,2.804466666666667,2.8016
2016-07-11,1.9676,2.1025,2.1471,2.1923,2.1957,2.2681,2.3039,2.4176,2.5313,2.59495,2.6586,2.7394999999999996,2.8204,2.8225333333333333,2.8246666666666664,2.8268
2016-07-12,1.9656,2.1487,2.1413,2.196,2.2216,2.275,2.3131,2.42205,2.531,2.60575,2.6805,2.7554499999999997,2.8304,2.8325333333333336,2.8346666666666667,2.8368
2016-07-13,1.9646,2.1985,2.1436,2.2152,2.2208,2.2781,2.3295,2.4368,2.5441,2.62275,2.7014,2.7733,2.8452,2.8466,2.8480000000000003,2.8494
2016-07-14,1.9646,2.1465,2.1562,2.1931,2.2226,2.2798,2.3191,2.42545,2.5318,2.613,2.6942,2.7624,2.8306,2.8335666666666666,2.8365333333333336,2.8395
2016-07-15,1.9676,2.1384,2.1586,2.1724,2.203,2.2602,2.3187,2.42225,2.5258,2.6037999999999997,2.6818,2.7560000000000002,2.8302,2.8291666666666666,2.8281333333333336,2.8271
2016-07-18,1.9176,2.1309,2.1495,2.1638,2.186,2.254,2.2994,2.41275,2.5261,2.6018,2.6775,2.75375,2.83,2.8290333333333333,2.828066666666667,2.8271
2016-07-19,1.8946,2.0753,2.1464,2.155,2.1684,2.2328,2.2938,2.4080500000000002,2.5223,2.58915,2.656,2.7430000000000003,2.83,2.826566666666667,2.8231333333333333,2.8197
2016-07-20,1.8966,2.0686,2.1292,2.1575,2.1808,2.2144,2.265,2.388,2.511,2.566,2.621,2.71055,2.8001,2.799933333333333,2.7997666666666667,2.7996
2016-07-21,1.8996,2.0322,2.111,2.1574,2.1806,2.207,2.2404,2.3659,2.4914,2.5463,2.6012,2.69065,2.7801,2.780266666666667,2.7804333333333333,2.7806
2016-07-22,1.9146,2.0089,2.0955,2.1553,2.1913,2.226,2.2629,2.37355,2.4842,2.54035,2.5965,2.6899,2.7833,2.785766666666667,2.7882333333333333,2.7907
2016-07-25,1.9236,2.0274,2.1364,2.1508,2.2138,2.229,2.2629,2.3790999999999998,2.4953,2.5435,2.5917,2.69835,2.805,2.8056,2.8062,2.8068
2016-07-26,1.9566,2.0625,2.1564,2.1512,2.1965,2.234,2.2663,2.38355,2.5008,2.54635,2.5919,2.691,2.7901,2.7904999999999998,2.7909,2.7913
2016-07-27,1.9576,2.0658,2.1467,2.1439,2.1664,2.2068,2.2423,2.3648,2.4873,2.5347,2.5821,2.6886,2.7951,2.7956333333333334,2.7961666666666667,2.7967
2016-07-28,1.9476,2.0493,2.1436,2.1509,2.1834,2.2038,2.2383,2.3549,2.4715,2.5269999999999997,2.5825,2.6837999999999997,2.7851,2.785633333333333,2.786166666666667,2.7867
2016-07-29,1.9366,2.0606,2.1021,2.1463,2.1951,2.208,2.2394,2.3598,2.4802,2.53145,2.5827,2.67895,2.7752,2.775733333333333,2.776266666666667,2.7768
2016-08-01,1.9508,2.0402,2.1141,2.1465,2.1966,2.2099,2.2369,2.35755,2.4782,2.53065,2.5831,2.68165,2.7802,2.781133333333333,2.7820666666666667,2.783
2016-08-02,1.9468,2.0934,2.1204,2.1168,2.1928,2.1978,2.2454,2.3434,2.4414,2.5126999999999997,2.584,2.6820500000000003,2.7801,2.7798,2.7795,2.7792
2016-08-03,1.9086,2.0651,2.1001,2.1035,2.1759,2.1806,2.2157,2.3249999999999997,2.4343,2.5068,2.5793,2.6746999999999996,2.7701,2.7706666666666666,2.771233333333333,2.7718
2016-08-04,1.8866,2.0593,2.0789,2.0973,2.1604,2.1804,2.196,2.3141,2.4322,2.5059,2.5796,2.6714,2.7632,2.7652666666666668,2.767333333333333,2.7694
2016-08-05,1.9266,2.0411,2.1,2.0958,2.1545,2.1668,2.186,2.2993,2.4126,2.48365,2.5547,2.64715,2.7396,2.7441999999999998,2.7488,2.7534
2016-08-08,1.9296,2.0954,2.1081,2.0743,2.1578,2.1601,2.1851,2.2967,2.4083,2.4818,2.5553,2.6416,2.7279,2.7343333333333333,2.7407666666666666,2.7472
2016-08-09,1.9346,2.0596,2.0998,2.0911,2.1438,2.1538,2.1789,2.2811500000000002,2.3834,2.457,2.5306,2.6162,2.7018,2.7053666666666665,2.7089333333333334,2.7125
2016-08-10,1.9416,2.08,2.0797,2.0805,2.1259,2.1468,2.169,2.2701000000000002,2.3712,2.43575,2.5003,2.5912,2.6821,2.6864,2.6907,2.695
2016-08-11,1.9456,2.085,2.0663,2.0814,2.0967,2.145,2.1531,2.2687,2.3843,2.43575,2.4872,2.58415,2.6811,2.6832333333333334,2.6853666666666665,2.6875
2016-08-12,1.9456,2.0629,2.0604,2.0648,2.043,2.1052,2.1385,2.2542,2.3699,2.42255,2.4752,2.5705999999999998,2.666,2.6673666666666667,2.6687333333333334,2.6701
2016-08-15,1.9479,2.003,2.0024,2.0474,2.0509,2.1121,2.1302,2.24285,2.3555,2.4105499999999997,2.4656,2.5486,2.6316,2.6344333333333334,2.6372666666666666,2.6401
2016-08-16,1.9166,1.9527,1.9844,2.0279,2.0506,2.0923,2.0955,2.22605,2.3566,2.41645,2.4763,2.5686,2.6609,2.6622999999999997,2.6637,2.6651
2016-08-17,1.9166,1.9464,1.9879,2.031,2.0507,2.1055,2.1004,2.22865,2.3569,2.42715,2.4974,2.59165,2.6859,2.6873,2.6887000000000003,2.6901
2016-08-18,1.9176,1.9551,1.9939,2.0228,2.0514,2.0909,2.0904,2.2188499999999998,2.3473,2.4266,2.5059,2.59795,2.69,2.6867,2.6834,2.6801
2016-08-19,1.9476,1.972,2.0051,2.0008,2.0426,2.0958,2.1015,2.2347,2.3679,2.44715,2.5264,2.6208,2.7152,2.7101666666666664,2.7051333333333334,2.7001
2016-08-22,1.8979,1.9323,1.9761,1.9833,2.0552,2.092,2.1032,2.24365,2.3841,2.4459999999999997,2.5079,2.6001999999999996,2.6925,2.6883666666666666,2.6842333333333332,2.6801
2016-08-23,1.9076,1.9518,1.9841,2.0153,2.0542,2.0956,2.1026,2.24875,2.3949,2.4697,2.5445,2.64715,2.7498,2.7399,2.73,2.7201
2016-08-24,1.9176,1.9649,2.0041,2.0091,2.0556,2.1081,2.1108,2.26035,2.4099,2.4847,2.5595,2.66085,2.7622,2.7515,2.7408,2.7301
2016-08-25,1.8686,1.9835,1.9967,2.0005,2.0564,2.1046,2.1199,2.27045,2.421,2.48495,2.5489,2.64935,2.7498,2.7399,2.73,2.7201
2016-08-26,1.8785,1.9965,2.0009,2.0001,2.0465,2.109,2.1262,2.2788,2.4314,2.48745,2.5435,2.6416,2.7397,2.7240333333333333,2.7083666666666666,2.6927
2016-08-29,1.8835,1.9862,1.997,2.0035,2.025,2.1065,2.1282,2.2701000000000002,2.412,2.4865500000000003,2.5611,2.6615,2.7619,2.7434,2.7249,2.7064
2016-08-30,1.8975,1.9663,1.996,2.0038,2.0616,2.1224,2.1286,2.2780500000000004,2.4275,2.4969,2.5663,2.6841,2.8019,2.7855,2.7691,2.7527
2016-08-31,1.8995,1.9936,2.0007,2.0054,2.0703,2.1157,2.116,2.27175,2.4275,2.4994,2.5713,2.6803999999999997,2.7895,2.773833333333333,2.758166666666667,2.7425
2016-09-01,1.8605,1.9944,2.0005,2.0012,2.0526,2.0908,2.113,2.26335,2.4137,2.4879499999999997,2.5622,2.674,2.7858,2.772266666666667,2.7587333333333333,2.7452
2016-09-02,1.8605,2.0077,2.0246,2.0249,2.0591,2.1146,2.1297,2.27675,2.4238,2.49285,2.5619,2.66835,2.7748,2.7649333333333335,2.7550666666666666,2.7452
2016-09-05,1.8645,1.9975,2.0009,2.0142,2.0704,2.1092,2.1267,2.27585,2.425,2.49915,2.5733,2.6814,2.7895,2.7764333333333333,2.7633666666666667,2.7503
2016-09-06,1.8715,1.989,2.0393,2.0491,2.055,2.1049,2.1359,2.2831,2.4303,2.50155,2.5728,2.68325,2.7937,2.7834,2.7731,2.7628
2016-09-07,1.8448,1.994,2.0422,2.04,2.0781,2.1104,2.128,2.2794,2.4308,2.50195,2.5731,2.68655,2.8,2.7950999999999997,2.7902,2.7853
2016-09-08,1.8455,2.0179,2.0507,2.0492,2.055,2.1064,2.1405,2.2830500000000002,2.4256,2.49975,2.5739,2.6782000000000004,2.7825,2.7801,2.7777000000000003,2.7753
2016-09-09,1.8495,2.0336,2.0219,2.0295,2.0528,2.1356,2.1622,2.2935499999999998,2.4249,2.49405,2.5632,2.66785,2.7725,2.7709333333333332,2.7693666666666665,2.7678
2016-09-12,1.8595,2.0437,2.0501,2.0299,2.0506,2.1457,2.1854,2.31825,2.4511,2.5146499999999996,2.5782,2.6866,2.795,2.7938666666666667,2.792733333333333,2.7916
2016-09-13,1.8725,2.0566,2.06,2.0292,2.0464,2.1416,2.1722,2.30945,2.4467,2.50995,2.5732,2.6741,2.775,2.7718,2.7686,2.7654
2016-09-14,1.8925,2.0839,2.0996,2.0893,2.0997,2.1343,2.1717,2.3094,2.4471,2.50895,2.5708,2.6654,2.76,2.7592999999999996,2.7586,2.7579
2016-09-18,1.9252,2.0927,2.0984,2.0983,2.1033,2.1304,2.1834,2.3156999999999996,2.448,2.5114,2.5748,2.668,2.7612,2.7626333333333335,2.7640666666666664,2.7655
2016-09-19,1.9392,2.0713,2.0925,2.1101,2.1109,2.1304,2.1784,2.308,2.4376,2.50375,2.5699,2.66495,2.76,2.7601666666666667,2.760333333333333,2.7605
2016-09-20,1.9442,2.0822,2.0991,2.0988,2.1004,2.1433,2.1734,2.3006,2.4278,2.4979,2.568,2.65775,2.7475,2.7460333333333335,2.7445666666666666,2.7431
2016-09-21,2.0022,2.0996,2.0985,2.1025,2.1167,2.1401,2.1734,2.3056,2.4378,2.5044000000000004,2.571,2.66425,2.7575,2.7556,2.7537,2.7518
2016-09-22,2.0332,2.0944,2.0924,2.0599,2.0926,2.1446,2.1634,2.29225,2.4211,2.4924999999999997,2.5639,2.65695,2.75,2.7485333333333335,2.7470666666666665,2.7456
2016-09-23,2.032,2.0496,2.0691,2.0487,2.0901,2.1456,2.1584,2.2782,2.398,2.4754500000000004,2.5529,2.64895,2.745,2.7406,2.7361999999999997,2.7318
2016-09-26,2.0292,2.0529,2.0636,2.0523,2.0976,2.1498,2.1534,2.2802,2.407,2.4772,2.5474,2.6412,2.735,2.7285666666666666,2.7221333333333333,2.7157
2016-09-27,2.0312,2.0985,2.0396,2.0434,2.0957,2.1603,2.1684,2.28335,2.3983,2.47595,2.5536,2.64615,2.7387,2.7306,2.7225,2.7144
2016-09-28,2.0312,2.0495,2.0392,2.0501,2.0928,2.1479,2.1684,2.27295,2.3775,2.4692,2.5609,2.65045,2.74,2.7348000000000003,2.7296,2.7244
2016-09-29,1.9812,2.0036,1.9833,2.0347,2.0912,2.1433,2.1684,2.2784,2.3884,2.4718,2.5552,2.6501,2.745,2.7394000000000003,2.7338,2.7282
2016-09-30,1.9812,1.9909,1.9723,2.0482,2.0753,2.1401,2.1584,2.2847,2.411,2.47995,2.5489,2.6445,2.7401,2.735333333333333,2.730566666666667,2.7258
2016-10-08,1.8472,1.9782,1.9813,2.0574,2.0799,2.1443,2.1507,2.2822500000000003,2.4138,2.4792500000000004,2.5447,2.6348000000000003,2.7249,2.7181666666666664,2.7114333333333334,2.7047
2016-10-09,1.8292,1.9779,1.9857,2.0579,2.0799,2.1536,2.16,2.2864,2.4128,2.4651,2.5174,2.60615,2.6949,2.6886,2.6823,2.676
2016-10-10,1.8292,1.9193,1.9672,2.0448,2.091,2.146,2.1487,2.2733499999999998,2.398,2.4557,2.5134,2.5991999999999997,2.685,2.681166666666667,2.6773333333333333,2.6735
2016-10-11,1.8502,1.9388,1.9509,2.0222,2.0757,2.1486,2.1513,2.27465,2.398,2.456,2.514,2.60325,2.6925,2.6895,2.6865,2.6835
2016-10-12,1.8472,1.9308,1.931,1.9957,2.0846,2.1669,2.159,2.2784,2.3978,2.45875,2.5197,2.6114499999999996,2.7032,2.7054,2.7076,2.7098
2016-10-13,1.8482,1.9241,1.9311,1.9982,2.0869,2.1415,2.1467,2.2677,2.3887,2.4575,2.5263,2.61315,2.7,2.7003333333333335,2.7006666666666668,2.701
2016-10-14,1.8502,1.9098,1.9078,1.9427,2.0644,2.1367,2.1381,2.25805,2.378,2.42285,2.4677,2.5702499999999997,2.6728,2.680266666666667,2.687733333333333,2.6952
2016-10-17,1.8562,1.9548,1.9546,1.9803,2.0693,2.1402,2.1495,2.26895,2.3884,2.4288999999999996,2.4694,2.5675999999999997,2.6658,2.674,2.6822,2.6904
2016-10-18,1.8702,1.9368,1.9525,1.975,2.0722,2.1392,2.1446,2.23185,2.3191,2.3911,2.4631,2.56595,2.6688,2.6780333333333335,2.6872666666666665,2.6965
2016-10-19,1.9202,1.9342,1.9506,1.9665,2.0914,2.1397,2.1361,2.2224,2.3087,2.3719,2.4351,2.5435499999999998,2.652,2.6568,2.6616,2.6664
2016-10-20,1.9122,1.9258,1.9346,1.9519,2.0823,2.1361,2.1361,2.21435,2.2926,2.35985,2.4271,2.52555,2.624,2.6332666666666666,2.6425333333333336,2.6518
2016-10-21,1.9062,1.9656,1.9557,1.9777,2.0383,2.1284,2.1461,2.22425,2.3024,2.354,2.4056,2.4979500000000003,2.5903,2.6085666666666665,2.6268333333333334,2.6451
2016-10-24,1.9152,1.9279,1.9524,1.9765,2.0094,2.1349,2.1593,2.2385,2.3177,2.36505,2.4124,2.50565,2.5989,2.6191,2.6393,2.6595
2016-10-25,1.9517,1.9717,1.9805,1.9981,2.0095,2.1292,2.1493,2.2259,2.3025,2.35575,2.409,2.51,2.611,2.635966666666667,2.6609333333333334,2.6859
2016-10-26,2.0178,2.0143,2.0201,2.0293,2.0413,2.1557,2.1803,2.2594,2.3385,2.39705,2.4556,2.55525,2.6549,2.6766,2.6983,2.72
2016-10-27,2.0633,2.0012,2.0047,2.0211,2.0403,2.1702,2.187,2.26795,2.3489,2.39745,2.446,2.5541,2.6622,2.6770666666666667,2.691933333333333,2.7068
2016-10-28,1.9976,1.9541,2.0046,2.0087,2.0293,2.1557,2.1751,2.2574,2.3397,2.39045,2.4412,2.5526,2.664,2.6769000000000003,2.6898,2.7027
2016-10-31,2.0381,1.9802,2.0089,2.0229,2.0319,2.1475,2.1711,2.2559,2.3407,2.3962499999999998,2.4518,2.564,2.6762,2.6983,2.7204,2.7425
2016-11-01,1.9923,2.0001,1.9995,1.997,2.0709,2.1433,2.1741,2.2628500000000003,2.3516,2.40175,2.4519,2.5777,2.7035,2.7148333333333334,2.7261666666666664,2.7375
2016-11-02,2.0119,2.018,2.0021,2.0009,2.0715,2.1393,2.1621,2.2568,2.3515,2.3941,2.4367,2.5690999999999997,2.7015,2.7134,2.7253,2.7372
2016-11-03,1.947,1.995,2.0072,2.0052,2.0735,2.15,2.15,2.2459000000000002,2.3418,2.39195,2.4421,2.56915,2.6962,2.7075,2.7188000000000003,2.7301
2016-11-04,1.967,2.0005,2.002,1.9982,2.0734,2.1354,2.1391,2.24065,2.3422,2.3973,2.4524,2.57625,2.7001,2.7113666666666667,2.7226333333333335,2.7339
2016-11-07,1.9411,1.9929,2.0171,2.0113,2.0927,2.15,2.1451,2.2516,2.3581,2.4122,2.4663,2.5911999999999997,2.7161,2.726566666666667,2.737033333333333,2.7475
2016-11-08,1.9665,2.0212,2.0317,2.0242,2.0772,2.1501,2.1451,2.2542999999999997,2.3635,2.4184,2.4733,2.60855,2.7438,2.7503333333333333,2.7568666666666664,2.7634
2016-11-09,1.9853,1.9963,2.0314,2.021,2.0754,2.1359,2.1401,2.2545,2.3689,2.4288,2.4887,2.6123000000000003,2.7359,2.745633333333333,2.7553666666666667,2.7651
2016-11-10,1.9653,2.0229,2.0332,2.046,2.0733,2.1361,2.1401,2.2546,2.3691,2.4264,2.4837,2.62255,2.7614,2.7718000000000003,2.7822,2.7926
2016-11-11,1.9453,2.0054,2.0459,2.0432,2.1132,2.1344,2.1406,2.2560000000000002,2.3714,2.4482999999999997,2.5252,2.65355,2.7819,2.792933333333333,2.8039666666666667,2.815
2016-11-14,1.9653,2.0146,2.0529,2.05,2.1101,2.1212,2.1313,2.24845,2.3656,2.4766500000000002,2.5877,2.701,2.8143,2.8287666666666667,2.843233333333333,2.8577
2016-11-15,1.9927,2.0268,2.0477,2.0514,2.1373,2.152,2.1618,2.284,2.4062,2.50425,2.6023,2.71385,2.8254,2.8336333333333332,2.8418666666666668,2.8501
2016-11-16,1.9504,1.9789,2.0461,2.052,2.1142,2.1505,2.1514,2.2791,2.4068,2.51245,2.6181,2.7272499999999997,2.8364,2.846,2.8556,2.8652
2016-11-17,1.9524,1.9666,2.0544,2.072,2.136,2.1804,2.1813,2.3065499999999997,2.4318,2.5478,2.6638,2.75775,2.8517,2.8696333333333333,2.887566666666667,2.9055
2016-11-18,1.9584,1.9952,2.0554,2.0866,2.1715,2.2248,2.2258,2.33605,2.4463,2.55225,2.6582,2.75775,2.8573,2.8682333333333334,2.8791666666666664,2.8901
2016-11-21,1.9384,2.0335,2.0905,2.1316,2.162,2.1894,2.2027,2.3297,2.4567,2.56305,2.6694,2.763,2.8566,2.8661,2.8756,2.8851
2016-11-22,1.9262,2.0353,2.0979,2.1271,2.1375,2.1805,2.1753,2.317,2.4587,2.55895,2.6592,2.7564,2.8536,2.8587000000000002,2.8638,2.8689
2016-11-23,1.8762,2.0425,2.067,2.1225,2.1375,2.1852,2.1853,2.32205,2.4588,2.55395,2.6491,2.737,2.8249,2.8316333333333334,2.8383666666666665,2.8451
2016-11-24,1.8637,2.0698,2.0979,2.1499,2.1571,2.2001,2.2002,2.33785,2.4755,2.5568999999999997,2.6383,2.7361500000000003,2.834,2.8394,2.8448,2.8502
2016-11-25,1.884,2.0637,2.1006,2.1295,2.2133,2.2293,2.2294,2.3698,2.5102,2.5789,2.6476,2.7503,2.853,2.857,2.861,2.865
2016-11-28,1.984,2.0785,2.1248,2.1577,2.2119,2.2199,2.22,2.3661000000000003,2.5122,2.58545,2.6587,2.7464500000000003,2.8342,2.8395333333333332,2.844866666666667,2.8502
2016-11-29,2.034,2.1438,2.1948,2.1931,2.2579,2.2597,2.2599,2.4062,2.5525,2.63105,2.7096,2.7998000000000003,2.89,2.8902,2.8904,2.8906
2016-11-30,2.2536,2.2977,2.2973,2.2976,2.2984,2.2996,2.301,2.4518500000000003,2.6027,2.66545,2.7282,2.8272500000000003,2.9263,2.934266666666667,2.9422333333333333,2.9502
2016-12-01,2.4036,2.4105,2.412,2.4006,2.3527,2.3244,2.327,2.48535,2.6437,2.7138,2.7839,2.87505,2.9662,2.9739,2.9816000000000003,2.9893
2016-12-02,2.3377,2.3564,2.3978,2.3934,2.3971,2.3508,2.3509,2.50705,2.6632,2.7262,2.7892,2.8875,2.9858,2.987033333333333,2.9882666666666666,2.9895
2016-12-05,2.1722,2.3428,2.3703,2.3805,2.4396,2.3981,2.3974,2.5095,2.6216,2.7173499999999997,2.8131,2.91765,3.0222,3.0248666666666666,3.0275333333333334,3.0302
2016-12-06,2.1587,2.3716,2.3637,2.3668,2.4534,2.3981,2.3702,2.5178000000000003,2.6654,2.7858,2.9062,3.0086,3.111,3.112366666666667,3.1137333333333332,3.1151
2016-12-07,2.0421,2.358,2.3962,2.3809,2.4337,2.3986,2.3984,2.5353000000000003,2.6722,2.78385,2.8955,2.9905,3.0855,3.0862333333333334,3.0869666666666666,3.0877
2016-12-08,2.0198,2.2998,2.3682,2.3677,2.4076,2.3827,2.44,2.55505,2.6701,2.7668000000000004,2.8635,2.9617500000000003,3.06,3.0651,3.0702,3.0753
2016-12-09,2.0554,2.3574,2.3832,2.4052,2.4337,2.4377,2.5096,2.59955,2.6895,2.7653999999999996,2.8413,2.94955,3.0578,3.0669666666666666,3.0761333333333334,3.0853
2016-12-12,2.0592,2.3701,2.4089,2.4564,2.4995,2.5825,2.5744,2.6437999999999997,2.7132,2.80875,2.9043,3.0055,3.1067,3.1197333333333335,3.1327666666666665,3.1458
2016-12-13,2.1181,2.3283,2.3644,2.3759,2.4586,2.5985,2.5995,2.6741,2.7487,2.83605,2.9234,3.02855,3.1337,3.1512333333333333,3.168766666666667,3.1863
2016-12-14,2.0181,2.4976,2.639,2.5396,2.6088,2.6645,2.7059,2.7274000000000003,2.7489,2.8573,2.9657,3.052,3.1383,3.1650666666666667,3.1918333333333333,3.2186
2016-12-15,2.0181,2.599,2.7411,2.6742,2.716,2.8,2.8556,2.88595,2.9163,3.00345,3.0906,3.1842499999999996,3.2779,3.2957666666666667,3.313633333333333,3.3315
2016-12-16,2.0371,2.6793,2.8592,2.8714,2.9068,2.9051,2.9874,2.9930000000000003,2.9986,3.02735,3.0561,3.15825,3.2604,3.2670333333333335,3.2736666666666667,3.2803
2016-12-19,2.2663,3.016,3.022,3.0404,3.046,3.0441,3.0491,3.04945,3.0498,3.09905,3.1483,3.2205,3.2927,3.3056666666666668,3.318633333333333,3.3316
2016-12-20,2.5013,3.156,3.1144,3.0948,3.1054,3.072,3.0491,3.0860000000000003,3.1229,3.1567499999999997,3.1906,3.24225,3.2939,3.3205666666666667,3.347233333333333,3.3739
2016-12-21,2.315,2.9531,3.0375,3.0908,3.0312,2.936,2.9194,2.9891,3.0588,3.0981,3.1374,3.19365,3.2499,3.2604333333333333,3.2709666666666664,3.2815
2016-12-22,2.2915,2.9494,3.0501,3.0496,2.9979,2.8791,2.8718,2.9653,3.0588,3.0631500000000003,3.0675,3.1229,3.1783,3.1824666666666666,3.1866333333333334,3.1908
2016-12-23,2.2915,2.8775,2.8582,2.8525,2.9108,2.742,2.7165,2.8573,2.9981,2.9997,3.0013,3.0673000000000004,3.1333,3.1478333333333333,3.1623666666666668,3.1769
2016-12-26,2.3115,2.8335,2.8948,2.8517,2.9036,2.7391,2.7236,2.8257,2.9278,2.935,2.9422,3.0046,3.067,3.096366666666667,3.1257333333333333,3.1551
2016-12-27,2.2615,2.8035,2.8474,2.8665,2.8718,2.7494,2.7348,2.8302,2.9256,2.9291500000000004,2.9327,3.0194,3.1061,3.125,3.1439,3.1628
2016-12-28,2.2435,2.8118,2.8478,2.8563,2.8968,2.7494,2.7507,2.8356500000000002,2.9206,2.924,2.9274,3.0033000000000003,3.0792,3.093566666666667,3.1079333333333334,3.1223
2016-12-29,2.2245,2.7037,2.7499,2.7023,2.702,2.7167,2.718,2.76235,2.8067,2.83205,2.8574,2.9347000000000003,3.012,3.0237,3.0354,3.0471
2016-12-30,2.1752,2.4657,2.6499,2.6515,2.6535,2.6497,2.6493,2.71715,2.785,2.8195,2.854,2.9229000000000003,2.9918,2.9983666666666666,3.0049333333333332,3.0115
2016-12-31,2.1752,2.4657,2.6189,2.6474,2.6494,2.6497,2.6503,2.71765,2.785,2.8195,2.854,2.9229000000000003,2.9918,2.9983666666666666,3.0049333333333332,3.0115
2017-01-03,4.3,3.743133333333333,3.1862666666666666,2.6294,2.7152,2.731351351351351,2.7484,2.7874499999999998,2.8265,2.8571,2.8877,2.96205,3.0364,3.0594,3.0824,3.1054
2017-01-04,4.3,3.7477,3.1954,2.6431,2.6687,2.7077648648648647,2.749,2.80445,2.8599,2.8969,2.9339,3.0023999999999997,3.0709,3.108033333333333,3.145166666666667,3.1823
2017-01-05,4.3,3.733633333333333,3.1672666666666665,2.6009,2.6709,2.7241702702702706,2.7804,2.81855,2.8567,2.89365,2.9306,3.03715,3.1437,3.1653333333333333,3.1869666666666667,3.2086
2017-01-06,4.3,3.737833333333333,3.1756666666666664,2.6135,2.6888,2.733118918918919,2.7799,2.80735,2.8348,2.8941,2.9534,3.0477499999999997,3.1421,3.1598333333333333,3.177566666666667,3.1953
2017-01-09,4.3,3.737833333333333,3.1756666666666664,2.6135,2.6665,2.714418918918919,2.765,2.7904999999999998,2.816,2.88025,2.9445,3.0265500000000003,3.1086,3.1288,3.149,3.1692
2017-01-10,4.3,3.7338999999999998,3.1677999999999997,2.6017,2.6531,2.6881756756756756,2.7252,2.77215,2.8191,2.8655,2.9119,3.00195,3.092,3.1210666666666667,3.1501333333333332,3.1792
2017-01-11,4.3,3.7352333333333334,3.1704666666666665,2.6057,2.6583,2.686564864864865,2.7164,2.7847,2.853,2.9030500000000004,2.9531,3.04195,3.1308,3.1557,3.1805999999999996,3.2055
2017-01-12,4.3,3.7272,3.1544,2.5816,2.6432,2.677983783783784,2.7147,2.76265,2.8106,2.8861,2.9616,3.03605,3.1105,3.1366,3.1627,3.1888
2017-01-13,4.3,3.717033333333333,3.1340666666666666,2.5511,2.589,2.636481081081081,2.6866,2.7493499999999997,2.8121,2.87865,2.9452,3.02595,3.1067,3.138533333333333,3.1703666666666668,3.2022
2017-01-16,4.3,3.710066666666666,3.120133333333333,2.5302,2.5532,2.586864864864865,2.6224,2.7078499999999996,2.7933,2.87645,2.9596,3.0411,3.1226,3.1649333333333334,3.2072666666666665,3.2496
2017-01-17,4.3,3.726933333333333,3.1538666666666666,2.5808,2.6303,2.648494594594595,2.6677,2.7529500000000002,2.8382,2.9106,2.983,3.0681000000000003,3.1532,3.191866666666667,3.2305333333333333,3.2692
2017-01-18,4.3,3.7341666666666664,3.168333333333333,2.6025,2.6494,2.643854054054054,2.638,2.7287,2.8194,2.8903,2.9612,3.06365,3.1661,3.2001333333333335,3.234166666666667,3.2682
2017-01-19,4.3,3.7479,3.1958,2.6437,2.6348,2.650854054054054,2.6678,2.7423,2.8168,2.89415,2.9715,3.09015,3.2088,3.2253333333333334,3.2418666666666667,3.2584
2017-01-20,4.3,3.7200333333333333,3.1400666666666663,2.5601,2.611,2.6257405405405407,2.6413,2.7247500000000002,2.8082,2.8850499999999997,2.9619,3.0735,3.1851,3.2047333333333334,3.2243666666666666,3.244
2017-01-22,4.3,3.708333333333333,3.1166666666666663,2.525,2.5935,2.617581081081081,2.643,2.71515,2.7873,2.8759,2.9645,3.0758,3.1871,3.2097333333333333,3.2323666666666666,3.255
2017-01-23,4.3,3.7152666666666665,3.130533333333333,2.5458,2.5835,2.612397297297297,2.6429,2.71185,2.7808,2.8688000000000002,2.9568,3.0797,3.2026,3.2160333333333333,3.2294666666666667,3.2429
2017-01-24,4.3,3.7146999999999997,3.1294,2.5441,2.5931,2.616791891891892,2.6418,2.71895,2.7961,2.88455,2.973,3.1016500000000002,3.2303,3.2481,3.2659000000000002,3.2837
2017-01-25,4.3,3.710233333333333,3.1204666666666663,2.5307,2.6141,2.633656756756757,2.6543,2.7378,2.8213,2.9244,3.0275,3.1464,3.2653,3.2923,3.3192999999999997,3.3463
2017-01-26,4.3,3.694033333333333,3.0880666666666663,2.4821,2.6009,2.637289189189189,2.6757,2.74845,2.8212,2.9293500000000003,3.0375,3.1576,3.2777,3.3006333333333333,3.3235666666666663,3.3465
2017-02-03,4.3,3.7306999999999997,3.1613999999999995,2.5921,2.6634,2.7007621621621625,2.7402,2.79765,2.8551,2.9671000000000003,3.0791,3.1955,3.3119,3.3484000000000003,3.3849,3.4214
2017-02-04,4.3,3.7364666666666664,3.172933333333333,2.6094,2.6693,2.729283783783784,2.7926,2.8348,2.877,2.99185,3.1067,3.2031,3.2995,3.3363,3.3731,3.4099
2017-02-06,4.3,3.7417666666666665,3.183533333333333,2.6253,2.7095,2.7748837837837836,2.8439,2.8759,2.9079,3.0073,3.1067,3.2199500000000003,3.3332,3.3856333333333333,3.438066666666667,3.4905
2017-02-07,4.3,3.752533333333333,3.2050666666666663,2.6576,2.7013,2.7951432432432433,2.8942,2.9248000000000003,2.9554,3.03285,3.1103,3.2295,3.3487,3.3946666666666667,3.4406333333333334,3.4866
2017-02-08,4.3,3.7424,3.1848,2.6272,2.7013,2.7795270270270267,2.8621,2.90645,2.9508,3.0305999999999997,3.1104,3.21595,3.3215,3.3673666666666664,3.4132333333333333,3.4591
2017-02-09,4.3,3.7508333333333335,3.2016666666666667,2.6525,2.7249,2.77602972972973,2.83,2.8907,2.9514,3.008,3.0646,3.1681500000000002,3.2717,3.3194,3.3671,3.4148
2017-02-10,4.3,3.7376,3.1752000000000002,2.6128,2.6823,2.756927027027027,2.8357,2.89335,2.951,3.0025999999999997,3.0542,3.17725,3.3003,3.3458,3.3912999999999998,3.4368
2017-02-13,4.3,3.733633333333333,3.1672666666666665,2.6009,2.6793,2.7607378378378375,2.8467,2.8916999999999997,2.9367,2.98565,3.0346,3.1662,3.2978,3.3382666666666667,3.3787333333333334,3.4192
2017-02-14,4.3,3.7317666666666667,3.1635333333333335,2.5953,2.6708,2.744745945945946,2.8228,2.88735,2.9519,2.99825,3.0446,3.1603499999999998,3.2761,3.3209666666666666,3.3658333333333332,3.4107
2017-02-15,4.3,3.741133333333333,3.1822666666666666,2.6234,2.6996,2.759437837837838,2.8226,2.8716,2.9206,2.9884,3.0562,3.1652500000000003,3.2743,3.3181333333333334,3.361966666666667,3.4058
2017-02-16,4.3,3.7343,3.1686,2.6029,2.7039,2.7568297297297297,2.8127,2.8571999999999997,2.9017,2.9847,3.0677,3.151,3.2343,3.2748333333333335,3.315366666666667,3.3559
2017-02-17,4.3,3.7203,3.1406,2.5609,2.6919,2.7436135135135133,2.7982,2.83935,2.8805,2.96155,3.0426,3.1204,3.1982,3.2425,3.2868,3.3311
2017-02-20,4.3,3.7169333333333334,3.1338666666666666,2.5508,2.6407,2.694116216216216,2.7505,2.81555,2.8806,2.9386,2.9966,3.0905,3.1844,3.216666666666667,3.2489333333333335,3.2812
2017-02-21,4.3,3.7315666666666667,3.1631333333333336,2.5947,2.6533,2.684094594594595,2.7166,2.7809,2.8452,2.9271000000000003,3.009,3.1059,3.2028,3.2356333333333334,3.2684666666666664,3.3013
2017-02-22,4.3,3.7390999999999996,3.1782,2.6173,2.6511,2.6791216216216216,2.7087,2.7880000000000003,2.8673,2.9377000000000004,3.0081,3.0972500000000003,3.1864,3.2189,3.2514,3.2839
2017-02-23,4.3,3.7312,3.1624,2.5936,2.6438,2.670167567567568,2.698,2.77775,2.8575,2.93055,3.0036,3.0925000000000002,3.1814,3.2114,3.2414,3.2714
2017-02-24,4.3,3.7325999999999997,3.1651999999999996,2.5978,2.6634,2.6845621621621625,2.7069,2.7977499999999997,2.8886,2.9481,3.0076,3.10535,3.2031,3.2326,3.2620999999999998,3.2916
2017-02-27,4.3,3.727333333333333,3.1546666666666665,2.582,2.6417,2.675218918918919,2.7106,2.8025499999999997,2.8945,2.9380499999999996,2.9816,3.0833,3.185,3.2190333333333334,3.2530666666666668,3.2871
2017-02-28,4.3,3.732166666666666,3.164333333333333,2.5965,2.6398,2.674972972972973,2.7121,2.8061,2.9001,2.95,2.9999,3.0945,3.1891,3.2234,3.2577,3.292
2017-03-01,4.3,3.7367999999999997,3.1735999999999995,2.6104,2.6412,2.6768108108108106,2.7144,2.8019,2.8894,2.9542,3.019,3.1059,3.1928,3.2369333333333334,3.281066666666667,3.3252
2017-03-02,4.3,3.7366,3.1732,2.6098,2.6176,2.6877027027027025,2.7617,2.8257,2.8897,2.9673499999999997,3.045,3.1174999999999997,3.19,3.242766666666667,3.295533333333333,3.3483
2017-03-03,4.3,3.7347333333333332,3.1694666666666667,2.6042,2.6422,2.7190648648648645,2.8002,2.8513,2.9024,2.97075,3.0391,3.1182499999999997,3.1974,3.2507,3.304,3.3573
2017-03-06,4.3,3.7447999999999997,3.1895999999999995,2.6344,2.694,2.738756756756757,2.786,2.8405,2.895,2.9677,3.0404,3.11875,3.1971,3.2519,3.3066999999999998,3.3615
2017-03-07,4.3,3.7489666666666666,3.1979333333333333,2.6469,2.6908,2.7369675675675675,2.7857,2.85555,2.9254,2.98205,3.0387,3.11805,3.1974,3.253033333333333,3.308666666666667,3.3643
2017-03-08,4.3,3.750633333333333,3.2012666666666663,2.6519,2.719,2.770372972972973,2.8246,2.89135,2.9581,3.016,3.0739,3.1421,3.2103,3.276466666666667,3.342633333333333,3.4088
2017-03-09,4.3,3.758233333333333,3.216466666666667,2.6747,2.7136,2.7735351351351354,2.8368,2.8858,2.9348,3.0182,3.1016,3.16005,3.2185,3.2840333333333334,3.3495666666666666,3.4151
2017-03-10,4.3,3.758833333333333,3.2176666666666662,2.6765,2.7204,2.7723081081081085,2.8271,2.87995,2.9328,3.04175,3.1507,3.17455,3.1984,3.2708,3.3432,3.4156
2017-03-13,4.3,3.7544666666666666,3.2089333333333334,2.6634,2.7386,2.775183783783784,2.8138,2.8608000000000002,2.9078,3.02205,3.1363,3.17535,3.2144,3.2713,3.3282,3.3851
2017-03-14,4.3,3.7674333333333334,3.234866666666667,2.7023,2.7247,2.776608108108108,2.8314,2.87415,2.9169,3.01835,3.1198,3.1568,3.1938,3.250966666666667,3.308133333333333,3.3653
2017-03-15,4.3,3.7731,3.2462,2.7193,2.7665,2.800554054054054,2.8365,2.8765,2.9165,3.01825,3.12,3.1624499999999998,3.2049,3.2540666666666667,3.303233333333333,3.3524
2017-03-16,4.3,3.7687,3.2374,2.7061,2.8014,2.8294216216216217,2.859,2.8888499999999997,2.9187,3.00985,3.101,3.137,3.173,3.218566666666667,3.264133333333333,3.3097
2017-03-17,4.3,3.7884666666666664,3.2769333333333335,2.7654,2.8202,2.841897297297297,2.8648,2.897,2.9292,3.02135,3.1135,3.1423,3.1711,3.2182,3.2653,3.3124
2017-03-20,4.3,3.7855999999999996,3.2712,2.7568,2.8499,2.8537918918918916,2.8579,2.895,2.9321,3.02625,3.1204,3.16575,3.2111,3.245433333333333,3.2797666666666667,3.3141
2017-03-21,4.3,3.8017,3.3034,2.8051,2.8204,2.8561567567567567,2.8939,2.9349,2.9759,3.06,3.1441,3.1974,3.2507,3.2718333333333334,3.2929666666666666,3.3141
2017-03-22,4.3,3.8187666666666664,3.337533333333333,2.8563,2.8604,2.8740702702702703,2.8885,2.95115,3.0138,3.08305,3.1523,3.1965,3.2407,3.2627333333333333,3.2847666666666666,3.3068
2017-03-23,4.3,3.819733333333333,3.3394666666666666,2.8592,2.864,2.8737783783783786,2.8841,2.9791499999999997,3.0742,3.1083,3.1424,3.1866,3.2308,3.255,3.2792,3.3034
2017-03-24,4.3,3.8209,3.3417999999999997,2.8627,2.8577,2.854781081081081,2.8517,2.9568000000000003,3.0619,3.0829500000000003,3.104,3.1500000000000004,3.196,3.2149666666666668,3.2339333333333333,3.2529
2017-03-27,4.3,3.8243666666666667,3.3487333333333336,2.8731,2.8576,2.85472972972973,2.8517,2.9465,3.0413,3.0618499999999997,3.0824,3.1394,3.1964,3.2126333333333332,3.2288666666666668,3.2451
2017-03-28,4.3,3.819033333333333,3.3380666666666663,2.8571,2.8326,2.839459459459459,2.8467,2.9393,3.0319,3.0538499999999997,3.0758,3.1437,3.2116,3.2285999999999997,3.2456,3.2626
2017-03-29,4.3,3.8332333333333333,3.3664666666666667,2.8997,2.832,2.837935135135135,2.8442,2.9401,3.036,3.05585,3.0757,3.1511,3.2265,3.2408333333333332,3.2551666666666668,3.2695
2017-03-30,4.3,3.8286333333333333,3.3572666666666664,2.8859,2.8299,2.8369054054054055,2.8443,2.9348,3.0253,3.0542000000000002,3.0831,3.1502499999999998,3.2174,3.2412666666666667,3.2651333333333334,3.289
2017-03-31,4.3,3.8271666666666664,3.354333333333333,2.8815,2.8375,2.8500027027027026,2.8632,2.9409,3.0186,3.0484,3.0782,3.1527,3.2272,3.2457333333333334,3.2642666666666664,3.2828
2017-04-01,4.3,3.8257,3.3514,2.8771,2.8788,2.8951945945945945,2.9125,2.95775,3.003,3.0437000000000003,3.0844,3.15085,3.2173,3.2358666666666664,3.2544333333333335,3.273
2017-04-05,4.3,3.8301666666666665,3.360333333333333,2.8905,2.8918,2.922789189189189,2.9555,2.99125,3.027,3.0576499999999998,3.0883,3.1559,3.2235,3.2524,3.2813,3.3102
2017-04-06,4.3,3.8234999999999997,3.347,2.8705,2.895,2.9346972972972973,2.9766,3.0011,3.0256,3.0675999999999997,3.1096,3.16125,3.2129,3.2455666666666665,3.2782333333333336,3.3109
2017-04-07,4.3,3.8302,3.3604000000000003,2.8906,2.8986,2.946081081081081,2.9962,3.0099,3.0236,3.0562,3.0888,3.1612,3.2336,3.2546,3.2756000000000003,3.2966
2017-04-10,4.3,3.8366,3.3732,2.9098,2.9065,2.9551972972972975,3.0066,3.0148,3.023,3.06685,3.1107,3.1749,3.2391,3.2649333333333335,3.290766666666667,3.3166
2017-04-11,4.3,3.8283,3.3566,2.8849,2.9115,2.9565486486486487,3.0041,3.01925,3.0344,3.08015,3.1259,3.1798,3.2337,3.2627666666666664,3.2918333333333334,3.3209
2017-04-12,4.3,3.827933333333333,3.3558666666666666,2.8838,2.8982,2.9485027027027026,3.0016,3.0132,3.0248,3.0948,3.1648,3.2039,3.243,3.2714333333333334,3.2998666666666665,3.3283
2017-04-13,4.3,3.8210666666666664,3.342133333333333,2.8632,2.8953,2.947062162162162,3.0017,3.0159499999999997,3.0302,3.09485,3.1595,3.21175,3.264,3.283333333333333,3.3026666666666666,3.322
2017-04-14,4.3,3.8297,3.3594,2.8891,2.9637,2.9975594594594592,3.0333,3.04585,3.0584,3.1167,3.175,3.24895,3.3229,3.3352333333333335,3.347566666666667,3.3599
2017-04-17,4.3,3.8299666666666665,3.359933333333333,2.8899,2.9444,3.0082756756756757,3.0757,3.0797499999999998,3.0838,3.1673,3.2508,3.3168499999999996,3.3829,3.393933333333333,3.4049666666666667,3.416
2017-04-18,4.3,3.8308,3.3615999999999997,2.8924,2.9444,3.0156216216216216,3.0908,3.1172000000000004,3.1436,3.2022000000000004,3.2608,3.33785,3.4149,3.4120666666666666,3.4092333333333333,3.4064
2017-04-19,4.3,3.8268666666666666,3.3537333333333335,2.8806,3.0312,3.0603891891891895,3.0912,3.11965,3.1481,3.2095000000000002,3.2709,3.3429,3.4149,3.4120999999999997,3.4093,3.4065
2017-04-20,4.3,3.827733333333333,3.3554666666666666,2.8832,3.0039,3.05862972972973,3.1164,3.1336500000000003,3.1509,3.2135,3.2761,3.3605,3.4449,3.4379333333333335,3.4309666666666665,3.424
2017-04-21,4.3,3.8242666666666665,3.348533333333333,2.8728,3.0544,3.0790162162162162,3.105,3.1342499999999998,3.1635,3.2424999999999997,3.3215,3.40555,3.4896,3.4802,3.4707999999999997,3.4614
2017-04-24,4.3,3.826033333333333,3.3520666666666665,2.8781,3.0535,3.0828351351351353,3.1138,3.1502499999999998,3.1867,3.28215,3.3776,3.4364,3.4952,3.4965,3.4978,3.4991
2017-04-25,4.3,3.8255,3.351,2.8765,3.0676,3.0906594594594594,3.115,3.15715,3.1993,3.26825,3.3372,3.40105,3.4649,3.4622,3.4595,3.4568
2017-04-26,4.3,3.8394,3.3788,2.9182,3.0784,3.1083675675675675,3.14,3.1885,3.237,3.28945,3.3419,3.4034,3.4649,3.460566666666667,3.4562333333333335,3.4519
2017-04-27,4.3,3.8395333333333332,3.3790666666666667,2.9186,3.0841,3.125889189189189,3.17,3.2003,3.2306,3.28245,3.3343,3.3971,3.4599,3.4564,3.4529,3.4494
2017-04-28,4.3,3.8464,3.3928,2.9392,3.0707,3.117645945945946,3.1672,3.1985,3.2298,3.28575,3.3417,3.4056499999999996,3.4696,3.4686666666666666,3.4677333333333333,3.4668
2017-05-02,4.3,3.8516,3.4032,2.9548,3.1263,3.1826837837837836,3.2422,3.2737,3.3052,3.3385,3.3718,3.43085,3.4899,3.488933333333333,3.487966666666667,3.487
2017-05-03,4.3,3.8609,3.4217999999999997,2.9827,3.1329,3.218035135135135,3.3079,3.3282499999999997,3.3486,3.38015,3.4117,3.4647,3.5177,3.5191,3.5205,3.5219
2017-05-04,4.3,3.863,3.426,2.989,3.1586,3.2631945945945944,3.3736,3.3968,3.42,3.44315,3.4663,3.518,3.5697,3.5637,3.5577,3.5517
2017-05-05,4.3,3.8729,3.4458,3.0187,3.1765,3.281435135135135,3.3922,3.4109499999999997,3.4297,3.4555,3.4813,3.5304,3.5795,3.5727333333333333,3.5659666666666667,3.5592
2017-05-08,4.3,3.884,3.468,3.052,3.165,3.275383783783784,3.3919,3.4461000000000004,3.5003,3.5182,3.5361,3.5729499999999996,3.6098,3.6079333333333334,3.6060666666666665,3.6042
2017-05-09,4.3,3.878033333333333,3.4560666666666666,3.0341,3.1724,3.2867243243243243,3.4074,3.4663999999999997,3.5254,3.55875,3.5921,3.61115,3.6302,3.6309666666666667,3.631733333333333,3.6325
2017-05-10,4.3,3.8928,3.4856,3.0784,3.1661,3.305672972972973,3.453,3.51675,3.5805,3.6311999999999998,3.6819,3.69085,3.6998,3.6965333333333334,3.6932666666666667,3.69
2017-05-11,4.3,3.8945666666666665,3.489133333333333,3.0837,3.2035,3.3160243243243244,3.4348,3.5181500000000003,3.6015,3.6162,3.6309,3.6403499999999998,3.6498,3.646533333333333,3.643266666666667,3.64
2017-05-12,4.3,3.909,3.518,3.127,3.2514,3.356918918918919,3.4683,3.5588,3.6493,3.65175,3.6542,3.6519,3.6496,3.6505666666666667,3.651533333333333,3.6525
2017-05-15,4.3,3.9072666666666667,3.514533333333333,3.1218,3.2538,3.359416216216216,3.4709,3.53585,3.6008,3.61335,3.6259,3.63275,3.6396,3.6297333333333333,3.619866666666667,3.61
2017-05-16,4.3,3.9067666666666665,3.513533333333333,3.1203,3.2823,3.3825162162162163,3.4883,3.547,3.6057,3.62555,3.6454,3.6475,3.6496,3.6405666666666665,3.6315333333333335,3.6225
2017-05-17,4.3,3.9194666666666667,3.538933333333333,3.1584,3.3518,3.4168918918918916,3.4856,3.58265,3.6797,3.67985,3.68,3.6997,3.7194,3.6887666666666665,3.6581333333333332,3.6275
2017-05-18,4.3,3.9274666666666667,3.554933333333333,3.1824,3.3814,3.428637837837838,3.4785,3.5740499999999997,3.6696,3.6574999999999998,3.6454,3.6895499999999997,3.7337,3.6916333333333333,3.6495666666666664,3.6075
2017-05-19,4.3,3.9278666666666666,3.5557333333333334,3.1836,3.3712,3.4254432432432433,3.4827,3.5870499999999996,3.6914,3.6868499999999997,3.6823,3.72025,3.7582,3.7138,3.6694,3.625
2017-05-22,4.3,3.9334666666666664,3.5669333333333335,3.2004,3.3769,3.430754054054054,3.4876,3.6061,3.7246,3.7225,3.7204,3.75705,3.7937,3.7491666666666665,3.7046333333333332,3.6601
2017-05-23,4.3,3.927833333333333,3.5556666666666668,3.1835,3.3892,3.439356756756757,3.4923,3.60095,3.7096,3.7074499999999997,3.7053,3.73575,3.7662,3.7349666666666668,3.703733333333333,3.6725
2017-05-24,4.3,3.9505666666666666,3.6011333333333333,3.2517,3.4133,3.4486675675675675,3.486,3.5803000000000003,3.6746,3.6675,3.6604,3.6935000000000002,3.7266,3.7044333333333332,3.6822666666666666,3.6601
2017-05-25,4.3,3.9556999999999998,3.6114,3.2671,3.3947,3.429143243243243,3.4655,3.5528500000000003,3.6402,3.6428000000000003,3.6454,3.6748000000000003,3.7042,3.6853333333333333,3.666466666666667,3.6476
2017-05-26,4.3,3.9540666666666664,3.608133333333333,3.2622,3.399,3.433735135135135,3.4704,3.5548,3.6392,3.64745,3.6557,3.6824500000000002,3.7092,3.6895000000000002,3.6698,3.6501
2017-05-27,4.3,3.952933333333333,3.6058666666666666,3.2588,3.3701,3.416316216216216,3.4651,3.54535,3.6256,3.6328,3.64,3.6694,3.6988,3.6825,3.6662,3.6499
2017-05-31,4.3,3.9351333333333334,3.5702666666666665,3.2054,3.3713,3.41162972972973,3.4542,3.51445,3.5747,3.57525,3.5758,3.61255,3.6493,3.6362666666666668,3.6232333333333333,3.6102
2017-06-01,4.3,3.9364,3.5728,3.2092,3.3796,3.4293189189189186,3.4818,3.5294999999999996,3.5772,3.5741,3.571,3.61515,3.6593,3.6446,3.6299,3.6152
2017-06-02,4.3,3.9762,3.6523999999999996,3.3286,3.3897,3.4416081081081082,3.4964,3.5427,3.589,3.57995,3.5709,3.6224,3.6739,3.6585,3.6431,3.6277
2017-06-05,4.3,3.9726999999999997,3.6454,3.3181,3.3964,3.4476756756756757,3.5018,3.5431,3.5844,3.56865,3.5529,3.6085000000000003,3.6641,3.6478,3.6315,3.6152
2017-06-06,4.3,3.9742666666666664,3.6485333333333334,3.3228,3.3973,3.4549486486486485,3.5158,3.55275,3.5897,3.5868,3.5839,3.6315,3.6791,3.663666666666667,3.648233333333333,3.6328
2017-06-07,4.3,4.010866666666667,3.7217333333333333,3.4326,3.4705,3.532624324324324,3.5982,3.6064,3.6146,3.60805,3.6015,3.65025,3.699,3.6802333333333332,3.6614666666666666,3.6427
2017-06-08,4.3,4.020933333333334,3.7418666666666667,3.4628,3.4914,3.5729351351351353,3.659,3.6394,3.6198,3.62835,3.6369,3.66795,3.699,3.6819333333333333,3.6648666666666667,3.6478
2017-06-09,4.3,4.031333333333333,3.7626666666666666,3.494,3.5746,3.614881081081081,3.6574,3.6233500000000003,3.5893,3.60065,3.612,3.64535,3.6787,3.6625666666666667,3.6464333333333334,3.6303
2017-06-12,4.3,4.031066666666667,3.7621333333333333,3.4932,3.5446,3.578264864864865,3.6138,3.57935,3.5449,3.5535,3.5621,3.5907,3.6193,3.6075666666666666,3.595833333333333,3.5841
2017-06-13,4.3,4.035666666666667,3.771333333333333,3.507,3.5763,3.594543243243243,3.6138,3.5818,3.5498,3.5544000000000002,3.559,3.58415,3.6093,3.5980000000000003,3.5867,3.5754
2017-06-14,4.3,4.0604,3.8207999999999998,3.5812,3.6945,3.6505702702702703,3.6042,3.5831999999999997,3.5622,3.5530999999999997,3.544,3.57135,3.5987,3.5776,3.5565,3.5354
2017-06-15,4.3,4.0563666666666665,3.8127333333333335,3.5691,3.6785,3.6374405405405406,3.5941,3.57055,3.547,3.5417500000000004,3.5365,3.5678,3.5991,3.5845333333333333,3.5699666666666667,3.5554
2017-06-16,4.3,4.052366666666667,3.8047333333333335,3.5571,3.6926,3.6465297297297297,3.5979,3.5764,3.5549,3.5555,3.5561,3.5848999999999998,3.6137,3.598466666666667,3.5832333333333333,3.568
2017-06-19,4.3,4.0482,3.7963999999999998,3.5446,3.6892,3.6326702702702702,3.573,3.5299,3.4868,3.48165,3.4765,3.5078,3.5391,3.5262666666666664,3.5134333333333334,3.5006
2017-06-20,4.3,4.0482,3.7963999999999998,3.5446,3.6683,3.6101648648648648,3.5488,3.5113000000000003,3.4738,3.47275,3.4717,3.5056,3.5395,3.5223666666666666,3.5052333333333334,3.4881
2017-06-21,4.3,4.043833333333334,3.7876666666666665,3.5315,3.6483,3.5998945945945944,3.5488,3.52185,3.4949,3.50415,3.5134,3.5523499999999997,3.5913,3.5744,3.5575,3.5406
2017-06-22,4.3,4.0268,3.7535999999999996,3.4804,3.6483,3.5999432432432434,3.5489,3.5453,3.5417,3.5416,3.5415,3.5703500000000004,3.5992,3.5863666666666667,3.5735333333333337,3.5607
2017-06-23,4.3,4.0026,3.7052,3.4078,3.5513,3.529116216216216,3.5057,3.52095,3.5362,3.52175,3.5073,3.5541,3.6009,3.5825,3.5641000000000003,3.5457
2017-06-26,4.3,3.9794,3.6588000000000003,3.3382,3.4691,3.4751324324324324,3.4815,3.4903,3.4991,3.48495,3.4708,3.5246,3.5784,3.5567333333333333,3.5350666666666664,3.5134
2017-06-27,4.3,3.9363333333333332,3.5726666666666667,3.209,3.3645,3.4058513513513513,3.4495,3.4522,3.4549,3.4589,3.4629,3.51395,3.565,3.546133333333333,3.5272666666666668,3.5084
2017-06-28,4.3,3.9196666666666666,3.5393333333333334,3.159,3.3315,3.391337837837838,3.4545,3.4621,3.4697,3.46755,3.4654,3.5252,3.585,3.5677666666666665,3.5505333333333335,3.5333
2017-06-29,4.3,3.9162666666666666,3.5325333333333333,3.1488,3.3288,3.387567567567568,3.4496,3.458,3.4664,3.46605,3.4657,3.52785,3.59,3.5761,3.5622,3.5483
2017-06-30,4.3,3.9132333333333333,3.5264666666666664,3.1397,3.3461,3.4015108108108105,3.46,3.47865,3.4973,3.4952,3.4931,3.55405,3.615,3.5994333333333333,3.5838666666666668,3.5683
2017-07-03,4.3,3.9194,3.5388,3.1582,3.3024,3.3788756756756757,3.4596,3.49275,3.5259,3.52935,3.5328,3.5914,3.65,3.6344333333333334,3.6188666666666665,3.6033
2017-07-04,4.3,3.9310666666666667,3.562133333333333,3.1932,3.3307,3.390975675675676,3.4546,3.4839,3.5132,3.5206,3.528,3.5865,3.645,3.6303,3.6156,3.6009
2017-07-05,4.3,3.9203333333333332,3.5406666666666666,3.161,3.3219,3.391418918918919,3.4648,3.47845,3.4921,3.4984,3.5047,3.55425,3.6038,3.5945333333333336,3.5852666666666666,3.576
2017-07-06,4.3,3.9086,3.5172,3.1258,3.3156,3.3792324324324325,3.4464,3.45655,3.4667,3.4756,3.4845,3.5351,3.5857,3.5791333333333335,3.5725666666666664,3.566
2017-07-07,4.3,3.9211,3.5422,3.1633,3.3416,3.3979837837837836,3.4575,3.4665999999999997,3.4757,3.47975,3.4838,3.5444,3.605,3.5999,3.5948,3.5897
2017-07-10,4.3,3.9183,3.5366,3.1549,3.3262,3.3902702702702703,3.4579,3.47145,3.485,3.4924999999999997,3.5,3.5575,3.615,3.6070333333333333,3.599066666666667,3.5911
2017-07-11,4.3,3.9336333333333333,3.567266666666667,3.2009,3.3555,3.4053162162162165,3.4579,3.4701,3.4823,3.4959499999999997,3.5096,3.5598,3.61,3.6012,3.5924,3.5836
2017-07-12,4.3,3.9460666666666664,3.592133333333333,3.2382,3.3743,3.414045945945946,3.456,3.46905,3.4821,3.4964,3.5107,3.55535,3.6,3.5916333333333332,3.583266666666667,3.5749
2017-07-13,4.3,3.9389666666666665,3.577933333333333,3.2169,3.36,3.405,3.4525,3.465,3.4775,3.49285,3.5082,3.5491,3.59,3.581433333333333,3.5728666666666666,3.5643
2017-07-14,4.3,3.9215666666666666,3.5431333333333335,3.1647,3.3633,3.4057702702702706,3.4506,3.4633000000000003,3.476,3.49335,3.5107,3.55225,3.5938,3.5837666666666665,3.573733333333333,3.5637
2017-07-17,4.3,3.8949333333333334,3.4898666666666665,3.0848,3.3418,3.388745945945946,3.4383,3.45445,3.4706,3.48335,3.4961,3.54425,3.5924,3.582466666666667,3.5725333333333333,3.5626
2017-07-18,4.3,3.8874666666666666,3.474933333333333,3.0624,3.3552,3.395383783783784,3.4378,3.4692,3.5006,3.50915,3.5177,3.5738000000000003,3.6299,3.6149666666666667,3.6000333333333336,3.5851
2017-07-19,4.3,3.903433333333333,3.506866666666667,3.1103,3.401,3.420945945945946,3.442,3.4683,3.4946,3.5024,3.5102,3.57255,3.6349,3.6199666666666666,3.6050333333333335,3.5901
2017-07-20,4.3,3.9038,3.5076,3.1114,3.371,3.388562162162162,3.4071,3.44135,3.4756,3.48795,3.5003,3.5625999999999998,3.6249,3.607933333333333,3.5909666666666666,3.574
2017-07-21,4.3,3.8886,3.4772,3.0658,3.3542,3.3787675675675675,3.4047,3.44435,3.484,3.49405,3.5041,3.56825,3.6324,3.6159,3.5994,3.5829
2017-07-24,4.3,3.8917666666666664,3.4835333333333334,3.0753,3.3475,3.3759594594594597,3.406,3.44265,3.4793,3.4911499999999998,3.503,3.56955,3.6361,3.6163666666666665,3.5966333333333336,3.5769
2017-07-25,4.3,3.8797666666666664,3.4595333333333333,3.0393,3.3377,3.364262162162162,3.3923,3.44275,3.4932,3.5043499999999996,3.5155,3.58265,3.6498,3.630533333333333,3.611266666666667,3.592
2017-07-26,4.3,3.8786666666666667,3.457333333333333,3.036,3.3042,3.350708108108108,3.3998,3.45725,3.5147,3.52765,3.5406,3.6027,3.6648,3.6488666666666667,3.6329333333333333,3.617
2017-07-27,4.3,3.869333333333333,3.4386666666666668,3.008,3.3136,3.3502324324324326,3.3889,3.4514,3.5139,3.5272,3.5405,3.5964,3.6523,3.6355666666666666,3.6188333333333333,3.6021
2017-07-28,4.3,3.8689,3.4377999999999997,3.0067,3.3101,3.3455648648648646,3.383,3.4459999999999997,3.509,3.5248999999999997,3.5408,3.59655,3.6523,3.636,3.6197,3.6034
2017-07-31,4.3,3.8495,3.399,2.9485,3.2834,3.3388594594594596,3.3974,3.4526,3.5078,3.5353000000000003,3.5628,3.6138000000000003,3.6648,3.651866666666667,3.638933333333333,3.626
2017-08-01,4.3,3.8623666666666665,3.424733333333333,2.9871,3.279,3.3440432432432434,3.4127,3.45165,3.4906,3.53525,3.5799,3.6311,3.6823,3.6673,3.6523000000000003,3.6373
2017-08-02,4.3,3.8687666666666667,3.437533333333333,3.0063,3.2749,3.334008108108108,3.3964,3.4335,3.4706,3.5204500000000003,3.5703,3.6212999999999997,3.6723,3.6585666666666667,3.644833333333333,3.6311
2017-08-03,4.3,3.8524666666666665,3.404933333333333,2.9574,3.2676,3.322281081081081,3.38,3.42545,3.4709,3.51875,3.5666,3.6182,3.6698,3.6552666666666664,3.6407333333333334,3.6262
2017-08-04,4.3,3.8495999999999997,3.3991999999999996,2.9488,3.2242,3.2758162162162163,3.3303,3.39845,3.4666,3.5148,3.563,3.6114,3.6598,3.6486,3.6374,3.6262
2017-08-07,4.3,3.839733333333333,3.3794666666666666,2.9192,3.2202,3.286410810810811,3.3563,3.40895,3.4616,3.5306499999999996,3.5997,3.6491,3.6985,3.686533333333333,3.6745666666666668,3.6626
2017-08-08,4.3,3.835233333333333,3.3704666666666663,2.9057,3.2242,3.2909459459459462,3.3614,3.41825,3.4751,3.545,3.6149,3.6561,3.6973,3.6828,3.6683,3.6538
2017-08-09,4.3,3.8364333333333334,3.372866666666667,2.9093,3.2382,3.2984756756756757,3.3621,3.4221500000000002,3.4822,3.55885,3.6355,3.66825,3.701,3.6873333333333336,3.6736666666666666,3.66
2017-08-10,4.3,3.8351666666666664,3.3703333333333334,2.9055,3.2463,3.294218918918919,3.3448,3.4074,3.47,3.5466,3.6232,3.6552,3.6872,3.6706333333333334,3.6540666666666666,3.6375
2017-08-11,4.3,3.8099666666666665,3.319933333333333,2.8299,3.2362,3.2873297297297297,3.3413,3.40705,3.4728,3.5288500000000003,3.5849,3.6248,3.6647,3.6485666666666665,3.632433333333333,3.6163
2017-08-14,4.3,3.7811666666666666,3.2623333333333333,2.7435,3.2381,3.2808621621621623,3.326,3.3895999999999997,3.4532,3.5123499999999996,3.5715,3.61555,3.6596,3.6372333333333335,3.6148666666666665,3.5925
2017-08-15,4.3,3.7694,3.2388000000000003,2.7082,3.2384,3.287972972972973,3.3403,3.40175,3.4632,3.51785,3.5725,3.6159999999999997,3.6595,3.633033333333333,3.6065666666666667,3.5801
2017-08-16,4.3,3.8003666666666667,3.300733333333333,2.8011,3.2656,3.2993621621621623,3.335,3.40565,3.4763,3.53145,3.5866,3.6342499999999998,3.6819,3.6542000000000003,3.6265,3.5988
2017-08-17,4.3,3.8072999999999997,3.3146,2.8219,3.2774,3.3045945945945947,3.3333,3.4088000000000003,3.4843,3.5373,3.5903,3.63485,3.6794,3.6504666666666665,3.6215333333333333,3.5926
2017-08-18,4.3,3.8056,3.3112000000000004,2.8168,3.2524,3.293702702702703,3.3373,3.41215,3.487,3.53995,3.5929,3.6361,3.6793,3.6512333333333333,3.6231666666666666,3.5951
2017-08-21,4.3,3.809833333333333,3.3196666666666665,2.8295,3.2614,3.2978864864864863,3.3364,3.41455,3.4927,3.5469,3.6011,3.65145,3.7018,3.6739,3.646,3.6181
2017-08-22,4.3,3.8083333333333336,3.316666666666667,2.825,3.2733,3.3034135135135134,3.3352,3.4179,3.5006,3.55205,3.6035,3.65265,3.7018,3.6745666666666668,3.647333333333333,3.6201
2017-08-23,4.3,3.8170666666666664,3.334133333333333,2.8512,3.2947,3.314548648648649,3.3355,3.42075,3.506,3.5481499999999997,3.5903,3.6414,3.6925,3.666733333333333,3.640966666666667,3.6152
2017-08-24,4.3,3.8112,3.3224,2.8336,3.3005,3.3230243243243245,3.3468,3.4431000000000003,3.5394,3.5739,3.6084,3.6563499999999998,3.7043,3.6779333333333333,3.6515666666666666,3.6252
2017-08-25,4.3,3.8353333333333333,3.3706666666666667,2.906,3.317,3.3384054054054055,3.361,3.46085,3.5607,3.5857,3.6107,3.6599500000000003,3.7092,3.6837,3.6582,3.6327
2017-08-28,4.3,3.8280666666666665,3.356133333333333,2.8842,3.3331,3.3464297297297296,3.3605,3.47405,3.5876,3.61695,3.6463,3.684,3.7217,3.6978666666666666,3.674033333333333,3.6502
2017-08-29,4.3,3.8386,3.3772,2.9158,3.3034,3.331372972972973,3.3609,3.4741,3.5873,3.60475,3.6222,3.66565,3.7091,3.6828333333333334,3.6565666666666665,3.6303
2017-08-30,4.3,3.8876999999999997,3.4754,3.0631,3.3664,3.380654054054054,3.3957,3.49045,3.5852,3.60395,3.6227,3.66715,3.7116,3.6845,3.6574,3.6303
2017-08-31,4.3,3.8677333333333332,3.4354666666666667,3.0032,3.3656,3.3766432432432434,3.3883,3.484,3.5797,3.59605,3.6124,3.657,3.7016,3.6765666666666665,3.6515333333333335,3.6265
2017-09-01,4.3,3.8563666666666667,3.4127333333333336,2.9691,3.3418,3.3656864864864864,3.3909,3.4835,3.5761,3.5971,3.6181,3.6611000000000002,3.7041,3.6811666666666665,3.6582333333333334,3.6353
2017-09-04,4.3,3.8450666666666664,3.3901333333333334,2.9352,3.3742,3.3847567567567567,3.3959,3.48875,3.5816,3.60255,3.6235,3.6676,3.7117,3.6896,3.6675,3.6454
2017-09-05,4.3,3.8428,3.3855999999999997,2.9284,3.3743,3.3972135135135137,3.4214,3.50285,3.5843,3.6123,3.6403,3.68445,3.7286,3.7071,3.6856,3.6641
2017-09-06,4.3,3.8580666666666668,3.4161333333333332,2.9742,3.3744,3.438518918918919,3.5062,3.53905,3.5719,3.6016500000000002,3.6314,3.6728,3.7142,3.6946,3.6750000000000003,3.6554
2017-09-07,4.3,3.8681666666666668,3.4363333333333332,3.0045,3.3154,3.3972756756756755,3.4837,3.51285,3.542,3.5738,3.6056,3.6473,3.689,3.6645,3.64,3.6155
2017-09-08,4.3,3.8555666666666664,3.411133333333333,2.9667,3.3479,3.4036513513513516,3.4625,3.48725,3.512,3.54655,3.5811,3.6275000000000004,3.6739,3.6494333333333335,3.6249666666666664,3.6005
2017-09-11,4.3,3.8656666666666664,3.4313333333333333,2.997,3.3299,3.401510810810811,3.4771,3.4981,3.5191,3.55545,3.5918,3.6391,3.6864,3.6628,3.6392,3.6156
2017-09-12,4.3,3.8697999999999997,3.4395999999999995,3.0094,3.3382,3.4087405405405407,3.4832,3.49965,3.5161,3.5528,3.5895,3.63795,3.6864,3.6636333333333333,3.6408666666666667,3.6181
2017-09-13,4.3,3.8809666666666667,3.461933333333333,3.0429,3.3779,3.433018918918919,3.4912,3.5088,3.5264,3.5742000000000003,3.622,3.6568,3.6916,3.6729333333333334,3.654266666666667,3.6356
2017-09-14,4.3,3.8780666666666663,3.456133333333333,3.0342,3.3924,3.435162162162162,3.4803,3.50165,3.523,3.5599,3.5968,3.63285,3.6689,3.6453333333333333,3.6217666666666664,3.5982
2017-09-15,4.3,3.8708666666666667,3.4417333333333335,3.0126,3.3787,3.4259864864864866,3.4759,3.4988,3.5217,3.5606,3.5995,3.63415,3.6688,3.6452666666666667,3.6217333333333332,3.5982
2017-09-18,4.3,3.8767666666666667,3.453533333333333,3.0303,3.3672,3.4169675675675677,3.4695,3.50145,3.5334,3.58115,3.6289,3.66375,3.6986,3.6730666666666667,3.647533333333333,3.622
2017-09-19,4.3,3.8752666666666666,3.450533333333333,3.0258,3.3689,3.420954054054054,3.4759,3.51215,3.5484,3.5815,3.6146,3.6540999999999997,3.6936,3.667666666666667,3.6417333333333333,3.6158
2017-09-20,4.3,3.889333333333333,3.478666666666667,3.068,3.3695,3.4164945945945946,3.4661,3.5223,3.5785,3.601,3.6235,3.6647,3.7059,3.677566666666667,3.649233333333333,3.6209
2017-09-21,4.3,3.887,3.474,3.061,3.3737,3.4212783783783784,3.4715,3.5323,3.5931,3.6165000000000003,3.6399,3.67915,3.7184,3.6900666666666666,3.6617333333333333,3.6334
2017-09-22,4.3,3.8872666666666666,3.4745333333333335,3.0618,3.3701,3.4174351351351353,3.4674,3.5218,3.5762,3.59585,3.6155,3.6557500000000003,3.696,3.6709666666666667,3.6459333333333332,3.6209
2017-09-25,4.3,3.8850666666666664,3.470133333333333,3.0552,3.3777,3.4219216216216215,3.4686,3.51735,3.5661,3.58345,3.6008,3.64445,3.6881,3.6582333333333334,3.6283666666666665,3.5985
2017-09-26,4.3,3.9081666666666663,3.5163333333333333,3.1245,3.3681,3.4068243243243246,3.4477,3.50845,3.5692,3.5929,3.6166,3.6519500000000003,3.6873,3.6639333333333335,3.6405666666666665,3.6172
2017-09-27,4.3,3.8951,3.4901999999999997,3.0853,3.3581,3.4060189189189187,3.4566,3.5153499999999998,3.5741,3.59785,3.6216,3.65505,3.6885,3.6668333333333334,3.6451666666666664,3.6235
2017-09-28,4.3,3.9202,3.5404,3.1606,3.3581,3.406651351351351,3.4579,3.5154,3.5729,3.5889,3.6049,3.64445,3.684,3.6605333333333334,3.6370666666666667,3.6136
2017-09-29,4.3,3.9202,3.5404,3.1606,3.3545,3.4050945945945945,3.4585,3.50495,3.5514,3.5779,3.6044,3.64435,3.6843,3.6607333333333334,3.6371666666666664,3.6136
2017-09-30,4.3,3.9203333333333332,3.5406666666666666,3.161,3.3543,3.4086405405405404,3.466,3.51645,3.5669,3.59175,3.6166,3.6523000000000003,3.688,3.6632000000000002,3.6384,3.6136
2017-10-09,4.3,3.9397333333333333,3.579466666666667,3.2192,3.3748,3.427243243243243,3.4826,3.5336,3.5846,3.6111,3.6376,3.66875,3.6999,3.6825,3.6651,3.6477
2017-10-10,4.3,3.9367666666666667,3.5735333333333332,3.2103,3.3946,3.441691891891892,3.4914,3.5403000000000002,3.5892,3.61525,3.6413,3.67115,3.701,3.683,3.665,3.647
2017-10-11,4.3,3.9271666666666665,3.554333333333333,3.1815,3.3752,3.4256,3.4788,3.5292000000000003,3.5796,3.6129,3.6462,3.67185,3.6975,3.683,3.6685,3.654
2017-10-12,4.3,3.9222666666666663,3.5445333333333333,3.1668,3.37,3.4279405405405408,3.4891,3.54375,3.5984,3.63765,3.6769,3.69345,3.71,3.6988333333333334,3.6876666666666664,3.6765
2017-10-13,4.3,3.9344666666666663,3.5689333333333333,3.2034,3.3898,3.4376216216216218,3.4881,3.5341,3.5801,3.62915,3.6782,3.69155,3.7049,3.6946,3.6843,3.674
2017-10-16,4.3,3.9466666666666668,3.5933333333333333,3.24,3.3876,3.440627027027027,3.4966,3.5431,3.5896,3.6582,3.7268,3.73585,3.7449,3.731733333333333,3.718566666666667,3.7054
2017-10-17,4.3,3.9388,3.5776,3.2164,3.3946,3.4476756756756757,3.5037,3.55725,3.6108,3.68775,3.7647,3.7698,3.7749,3.7635666666666667,3.7522333333333333,3.7409
2017-10-18,4.3,3.954133333333333,3.6082666666666667,3.2624,3.4276,3.460972972972973,3.4962,3.55535,3.6145,3.68665,3.7588,3.76935,3.7799,3.7654666666666667,3.7510333333333334,3.7366
2017-10-19,4.3,3.9552666666666667,3.6105333333333336,3.2658,3.4059,3.4486135135135134,3.4937,3.5431999999999997,3.5927,3.66305,3.7334,3.74665,3.7599,3.7455,3.7311,3.7167
2017-10-20,4.3,3.9629,3.6258,3.2887,3.4133,3.4475000000000002,3.4836,3.5423999999999998,3.6012,3.6629,3.7246,3.7422500000000003,3.7599,3.7471666666666668,3.734433333333333,3.7217
2017-10-23,4.3,3.9631,3.6262,3.2893,3.4363,3.4602837837837837,3.4856,3.545,3.6044,3.6649000000000003,3.7254,3.7489,3.7724,3.7559666666666667,3.7395333333333336,3.7231
2017-10-24,4.3,3.9623666666666666,3.6247333333333334,3.2871,3.4056,3.4439351351351353,3.4844,3.5484,3.6124,3.66155,3.7107,3.74275,3.7748,3.7572,3.7396,3.722
2017-10-25,4.3,3.9830666666666668,3.6661333333333332,3.3492,3.4089,3.4517108108108108,3.4969,3.57235,3.6478,3.7069,3.766,3.7929,3.8198,3.8054666666666668,3.7911333333333332,3.7768
2017-10-26,4.3,3.985933333333333,3.671866666666667,3.3578,3.4236,3.466945945945946,3.5127,3.5795000000000003,3.6463,3.7062,3.7661,3.7878499999999997,3.8096,3.7987,3.7878,3.7769
2017-10-27,4.3,4.010666666666666,3.7213333333333334,3.432,3.4333,3.4751864864864865,3.5194,3.58885,3.6583,3.7397,3.8211,3.83795,3.8548,3.8454,3.836,3.8266
2017-10-30,4.3,4.020066666666667,3.7401333333333335,3.4602,3.499,3.5253675675675678,3.5532,3.642,3.7308,3.82125,3.9117,3.93075,3.9498,3.9370333333333334,3.924266666666667,3.9115
2017-10-31,4.3,4.027699999999999,3.7554,3.4831,3.499,3.5327135135135133,3.5683,3.64465,3.721,3.8018,3.8826,3.91115,3.9397,3.9237,3.9077,3.8917
2017-11-01,4.3,4.0343333333333335,3.768666666666667,3.503,3.5121,3.5447432432432433,3.5792,3.63,3.6808,3.76685,3.8529,3.87885,3.9048,3.8908666666666667,3.876933333333333,3.863
2017-11-02,4.3,4.0358,3.7716,3.5074,3.5109,3.5440783783783782,3.5791,3.6351,3.6911,3.7841500000000003,3.8772,3.89595,3.9147,3.9004,3.8861,3.8718
2017-11-03,4.3,4.033066666666667,3.7661333333333333,3.4992,3.5017,3.537845945945946,3.576,3.6286,3.6812,3.7841,3.887,3.9032999999999998,3.9196,3.9069333333333334,3.8942666666666668,3.8816
2017-11-06,4.3,4.030566666666666,3.761133333333333,3.4917,3.4992,3.547118918918919,3.5977,3.63675,3.6758,3.78145,3.8871,3.8977000000000004,3.9083,3.8953333333333333,3.882366666666667,3.8694
2017-11-07,4.3,4.026266666666666,3.752533333333333,3.4788,3.5039,3.5503594594594596,3.5994,3.6402,3.681,3.80065,3.9203,3.9225000000000003,3.9247,3.9102333333333332,3.895766666666667,3.8813
2017-11-08,4.3,4.046633333333333,3.793266666666667,3.5399,3.5034,3.5468432432432433,3.5927,3.6472499999999997,3.7018,3.7949,3.888,3.9051,3.9222,3.9056333333333333,3.889066666666667,3.8725
2017-11-09,4.3,4.0517666666666665,3.803533333333333,3.5553,3.4849,3.5305324324324325,3.5787,3.64055,3.7024,3.7975,3.8926,3.9136499999999996,3.9347,3.9185666666666665,3.902433333333333,3.8863
2017-11-10,4.3,4.0563666666666665,3.8127333333333335,3.5691,3.5939,3.593072972972973,3.5922,3.6567,3.7212,3.8131,3.905,3.9322,3.9594,3.9396,3.9198,3.9
2017-11-13,4.3,4.056933333333333,3.8138666666666667,3.5708,3.5939,3.593072972972973,3.5922,3.6705,3.7488,3.8424500000000004,3.9361,3.9678500000000003,3.9996,3.9830666666666668,3.9665333333333335,3.95
2017-11-14,4.3,4.058466666666667,3.8169333333333335,3.5754,3.5939,3.5946783783783784,3.5955,3.685,3.7745,3.8512000000000004,3.9279,3.96875,4.0096,3.9905666666666666,3.9715333333333334,3.9525
2017-11-15,4.3,4.0804,3.8608,3.6412,3.6566,3.636556756756757,3.6154,3.67945,3.7435,3.8195,3.8955,3.9425499999999998,3.9896,3.9764,3.9632,3.95
2017-11-16,4.3,4.077233333333333,3.8544666666666667,3.6317,3.6502,3.63327027027027,3.6154,3.67435,3.7333,3.7992,3.8651,3.9124,3.9597,3.9473000000000003,3.9349,3.9225
2017-11-17,4.3,4.0994,3.8988,3.6982,3.6752,3.646108108108108,3.6154,3.6801500000000003,3.7449,3.8048,3.8647,3.9095999999999997,3.9545,3.943,3.9314999999999998,3.92
2017-11-20,4.3,4.093233333333333,3.8864666666666667,3.6797,3.6686,3.6401405405405405,3.6101,3.6824000000000003,3.7547,3.81765,3.8806,3.9276,3.9746,3.9630666666666667,3.9515333333333333,3.94
2017-11-21,4.3,4.0915333333333335,3.8830666666666667,3.6746,3.6825,3.6522405405405407,3.6203,3.6951,3.7699,3.8289,3.8879,3.93625,3.9846,3.9730666666666665,3.9615333333333336,3.95
2017-11-22,4.3,4.0967666666666664,3.8935333333333335,3.6903,3.699,3.670443243243243,3.6403,3.7127499999999998,3.7852,3.85075,3.9163,3.9729,4.0295,4.014666666666667,3.999833333333333,3.985
2017-11-23,4.3,4.1003,3.9006,3.7009,3.7124,3.681945945945946,3.6498,3.7151,3.7804,3.8484,3.9164,3.95315,3.9899,3.9883,3.9867,3.9851
2017-11-24,4.3,4.125866666666667,3.9517333333333333,3.7776,3.7217,3.6959648648648646,3.6688,3.7187,3.7686,3.82715,3.8857,3.9276,3.9695,3.9617666666666667,3.9540333333333333,3.9463
2017-11-27,4.3,4.151433333333333,4.002866666666667,3.8543,3.7701,3.7313756756756757,3.6905,3.7346000000000004,3.7787,3.8323,3.8859,3.9303,3.9747,3.9665,3.9583,3.9501
2017-11-28,4.3,4.166633333333333,4.033266666666667,3.8999,3.7833,3.742775675675676,3.7,3.7418,3.7836,3.83725,3.8909,3.9303999999999997,3.9699,3.9666333333333332,3.963366666666667,3.9601
2017-11-29,4.3,4.1666,4.0332,3.8998,3.7833,3.733094594594595,3.6801,3.7271,3.7741,3.8223,3.8705,3.90505,3.9396,3.9297666666666666,3.9199333333333333,3.9101
2017-11-30,4.3,4.166566666666666,4.033133333333334,3.8997,3.768,3.7059243243243243,3.6404,3.70815,3.7759,3.81015,3.8444,3.8819999999999997,3.9196,3.9097666666666666,3.8999333333333333,3.8901
2017-12-01,4.3,4.1756,4.0512,3.9268,3.76,3.698897297297297,3.6344,3.7001,3.7658,3.7897,3.8136,3.8640499999999998,3.9145,3.904733333333333,3.894966666666667,3.8852
2017-12-04,4.3,4.176166666666667,4.052333333333333,3.9285,3.7694,3.701827027027027,3.6305,3.6982999999999997,3.7661,3.7861,3.8061,3.8505,3.8949,3.893333333333333,3.891766666666667,3.8902
2017-12-05,4.3,4.1757,4.0514,3.9271,3.7615,3.69957027027027,3.6342,3.6975,3.7608,3.77955,3.7983,3.84405,3.8898,3.8849333333333336,3.8800666666666666,3.8752
2017-12-06,4.3,4.183333333333334,4.066666666666666,3.95,3.8148,3.7804540540540543,3.7442,3.7447,3.7452,3.7748,3.8044,3.8471,3.8898,3.8849333333333336,3.8800666666666666,3.8752
2017-12-07,4.3,4.1832666666666665,4.066533333333333,3.9498,3.8322,3.7848162162162162,3.7348,3.74,3.7452,3.7907,3.8362,3.86785,3.8995,3.8972333333333333,3.894966666666667,3.8927
2017-12-08,4.3,4.1864333333333335,4.072866666666666,3.9593,3.9054,3.832037837837838,3.7546,3.755,3.7554,3.8033,3.8512,3.88295,3.9147,3.9132,3.9117,3.9102
2017-12-11,4.3,4.1893,4.0786,3.9679,3.9807,3.8708027027027025,3.7548,3.76325,3.7717,3.83515,3.8986,3.92905,3.9595,3.9497666666666666,3.940033333333333,3.9303
2017-12-12,4.3,4.190266666666666,4.080533333333333,3.9708,3.9818,3.876183783783784,3.7647,3.77065,3.7766,3.84805,3.9195,3.94445,3.9694,3.9588666666666668,3.9483333333333333,3.9378
2017-12-13,4.3,4.200333333333333,4.100666666666667,4.001,4.0119,3.9013216216216215,3.7846,3.78785,3.7911,3.8471,3.9031,3.9362,3.9693,3.9563,3.9433,3.9303
2017-12-14,4.3,4.207,4.114,4.021,4.0,3.8920486486486485,3.7781,3.7744999999999997,3.7709,3.8297499999999998,3.8886,3.92385,3.9591,3.9428666666666667,3.926633333333333,3.9104
2017-12-15,4.3,4.190433333333333,4.080866666666666,3.9713,3.9606,3.871816216216216,3.7781,3.7717,3.7653,3.80855,3.8518,3.8979,3.944,3.9261333333333335,3.9082666666666666,3.8904
2017-12-18,4.3,4.192066666666666,4.084133333333333,3.9762,3.9786,3.873762162162162,3.7631,3.76425,3.7654,3.79585,3.8263,3.8827,3.9391,3.9228666666666667,3.906633333333333,3.8904
2017-12-19,4.3,4.1903,4.0806,3.9709,3.981,3.879810810810811,3.773,3.76185,3.7507,3.7917,3.8327,3.8859500000000002,3.9392,3.9263,3.9134,3.9005
2017-12-20,4.3,4.1935,4.087,3.9805,3.9986,3.903394594594595,3.8029,3.7968,3.7907,3.8155,3.8403,3.87995,3.9196,3.9132333333333333,3.9068666666666667,3.9005
2017-12-21,4.3,4.1904,4.0808,3.9712,3.96,3.8811405405405406,3.7979,3.7961,3.7943,3.8167999999999997,3.8393,3.87155,3.9038,3.9027,3.9016,3.9005
2017-12-22,4.3,4.1883,4.0766,3.9649,3.9505,3.876262162162162,3.7979,3.7989499999999996,3.8,3.81675,3.8335,3.86805,3.9026,3.8944,3.8862,3.878
2017-12-25,4.3,4.186066666666667,4.072133333333333,3.9582,3.9454,3.873643243243243,3.7979,3.7965,3.7951,3.8042,3.8133,3.86415,3.915,3.9010333333333334,3.8870666666666667,3.8731
2017-12-26,4.3,4.196733333333333,4.093466666666667,3.9902,3.9519,3.876981081081081,3.7979,3.80445,3.811,3.8221499999999997,3.8333,3.87415,3.915,3.9060333333333332,3.897066666666667,3.8881
2017-12-27,4.3,4.194733333333334,4.089466666666667,3.9842,3.9411,3.871435135135135,3.7979,3.80455,3.8112,3.8276,3.844,3.8795,3.915,3.908533333333333,3.902066666666667,3.8956
2017-12-28,4.3,4.197633333333333,4.095266666666666,3.9929,3.9343,3.8667756756756755,3.7955,3.8009,3.8063,3.82545,3.8446,3.8798,3.915,3.9052333333333333,3.8954666666666666,3.8857
2017-12-29,4.3,4.181533333333333,4.063066666666667,3.9446,3.9067,3.850364864864865,3.7909,3.78585,3.7808,3.81265,3.8445,3.87215,3.8998,3.8934333333333333,3.8870666666666667,3.8807
2017-12-30,4.3,4.162333333333333,4.024666666666667,3.887,3.9067,3.850364864864865,3.7909,3.78585,3.7808,3.81265,3.8445,3.87215,3.8998,3.8934333333333333,3.8870666666666667,3.8807
2017-12-31,4.3,4.143133333333333,3.986266666666667,3.8294,3.9067,3.850364864864865,3.7909,3.78585,3.7808,3.81265,3.8445,3.87215,3.8998,3.8934333333333333,3.8870666666666667,3.8807
2018-01-02,2.3548,3.5118,3.848,3.7797,3.7725,3.6968,3.6767,3.7276499999999997,3.7786,3.8024,3.8262,3.8631,3.9,3.9002666666666665,3.900533333333333,3.9008
2018-01-03,2.2613,3.4274,3.4963,3.6554,3.7176,3.66,3.6667,3.70465,3.7426,3.79645,3.8503,3.87545,3.9006,3.9057999999999997,3.911,3.9162
2018-01-04,2.2028,3.2802,3.3782,3.514,3.5774,3.58,3.5968,3.6732,3.7496,3.815,3.8804,3.8954,3.9104,3.9175666666666666,3.9247333333333336,3.9319
2018-01-05,2.1818,2.9845,3.2843,3.4058,3.5255,3.5224,3.5392,3.6278,3.7164,3.7824,3.8484,3.8770499999999997,3.9057,3.9108666666666667,3.916033333333333,3.9212
2018-01-08,2.2179,3.0308,3.1675,3.2977,3.5149,3.5154,3.5336,3.6053499999999996,3.6771,3.7514,3.8257,3.8631,3.9005,3.904,3.9075,3.911
2018-01-09,2.2859,2.9731,3.1268,3.2931,3.524,3.53,3.5382,3.5955,3.6528,3.73915,3.8255,3.86275,3.9,3.8969666666666667,3.893933333333333,3.8909
2018-01-10,2.3999,3.0633,3.1992,3.3434,3.5714,3.563,3.5675,3.60925,3.651,3.7484,3.8458,3.86855,3.8913,3.9009,3.9105000000000003,3.9201
2018-01-11,2.5889,3.0733,3.2107,3.3677,3.5765,3.5628,3.5675,3.6207000000000003,3.6739,3.76935,3.8648,3.87805,3.8913,3.9124000000000003,3.9335,3.9546
2018-01-12,2.5869,3.0995,3.2709,3.3386,3.5514,3.5744,3.5827,3.6223,3.6619,3.76085,3.8598,3.8727,3.8856,3.9016333333333333,3.917666666666667,3.9337
2018-01-15,2.5869,3.1456,3.2388,3.3466,3.5401,3.5733,3.5826,3.63065,3.6787,3.7750000000000004,3.8713,3.8859500000000002,3.9006,3.9220666666666664,3.9435333333333333,3.965
2018-01-16,2.8237,3.1337,3.1899,3.3527,3.5506,3.5742,3.5828,3.6229,3.663,3.7672999999999996,3.8716,3.8861499999999998,3.9007,3.9203333333333332,3.939966666666667,3.9596
2018-01-17,3.1713,3.1466,3.194,3.3722,3.5998,3.5624,3.5828,3.6237500000000002,3.6647,3.77735,3.89,3.8961,3.9022,3.9213666666666667,3.9405333333333337,3.9597
2018-01-18,3.2086,3.1466,3.2228,3.3759,3.5899,3.5624,3.5828,3.624,3.6652,3.78385,3.9025,3.9114,3.9203,3.9401,3.9598999999999998,3.9797
2018-01-19,3.2231,3.1648,3.2541,3.3759,3.5898,3.5428,3.5603,3.61575,3.6712,3.7768499999999996,3.8825,3.8921,3.9017,3.926266666666667,3.950833333333333,3.9754
2018-01-22,3.0024,3.0965,3.2245,3.3617,3.5494,3.5016,3.5198,3.58915,3.6585,3.7647500000000003,3.871,3.90135,3.9317,3.9385333333333334,3.9453666666666667,3.9522
2018-01-23,2.8485,3.062,3.1779,3.3719,3.5497,3.5209,3.5398,3.5923000000000003,3.6448,3.7456,3.8464,3.88865,3.9309,3.9343999999999997,3.9379,3.9414
2018-01-24,2.8205,2.8944,3.0765,3.3478,3.5491,3.5012,3.5198,3.5652500000000003,3.6107,3.73605,3.8614,3.8917,3.922,3.931566666666667,3.941133333333333,3.9507
2018-01-25,2.7869,2.792,2.9046,3.3514,3.5196,3.4907,3.5098,3.57385,3.6379,3.7436,3.8493,3.88105,3.9128,3.923033333333333,3.9332666666666665,3.9435
2018-01-26,2.7741,2.7947,2.8568,3.3163,3.5203,3.5013,3.5205,3.57785,3.6352,3.7350000000000003,3.8348,3.8788,3.9228,3.927366666666667,3.9319333333333333,3.9365
2018-01-29,2.7883,2.8272,2.9072,3.3164,3.4999,3.4905,3.5101,3.56065,3.6112,3.72725,3.8433,3.8824,3.9215,3.9266,3.9316999999999998,3.9368
2018-01-30,2.7763,2.8282,2.9209,3.3266,3.5094,3.4905,3.5101,3.5755,3.6409,3.7470999999999997,3.8533,3.8859500000000002,3.9186,3.9221333333333335,3.9256666666666664,3.9292
2018-01-31,2.8563,2.8983,2.9906,3.3266,3.5097,3.4952,3.4701,3.5482,3.6263,3.73,3.8337,3.8731,3.9125,3.9130000000000003,3.9135,3.914
2018-02-01,2.6921,2.8266,2.9991,3.3682,3.4996,3.4805,3.43,3.5259,3.6218,3.7278499999999997,3.8339,3.8672,3.9005,3.9025333333333334,3.9045666666666667,3.9066
2018-02-02,2.6921,2.7508,2.96,3.2736,3.4215,3.4369,3.4404,3.53875,3.6371,3.73555,3.834,3.86745,3.9009,3.9036666666666666,3.906433333333333,3.9092
2018-02-05,2.6921,2.75,2.9667,3.2932,3.3434,3.4237,3.4514,3.5471500000000002,3.6429,3.7464500000000003,3.85,3.88375,3.9175,3.9172333333333333,3.9169666666666667,3.9167
2018-02-06,2.6953,2.7273,2.971,3.2532,3.3007,3.3432,3.4088,3.5162,3.6236,3.7241,3.8246,3.85245,3.8803,3.8810333333333333,3.8817666666666666,3.8825
2018-02-07,2.6501,2.6902,2.9773,3.2545,3.3206,3.3841,3.4014,3.5076,3.6138,3.71665,3.8195,3.8447500000000003,3.87,3.87,3.87,3.87
2018-02-08,2.6501,2.6869,3.0156,3.2573,3.3208,3.3533,3.3986,3.50765,3.6167,3.7190999999999996,3.8215,3.8445,3.8675,3.8717,3.8759,3.8801
2018-02-09,2.6501,2.6682,3.0184,3.2326,3.322,3.3527,3.3938,3.5067,3.6196,3.7197500000000003,3.8199,3.8455500000000002,3.8712,3.8741333333333334,3.8770666666666664,3.88
2018-02-11,2.6401,2.6829,3.0331,3.2629,3.3217,3.3344,3.3969,3.50095,3.605,3.71155,3.8181,3.8515499999999996,3.885,3.8825,3.88,3.8775
2018-02-12,2.6171,2.6832,3.0331,3.265,3.3218,3.3315,3.3868,3.5025,3.6182,3.71225,3.8063,3.83795,3.8696,3.8714,3.8732,3.875
2018-02-13,2.6191,2.7155,3.0506,3.2422,3.3127,3.3238,3.388,3.5033,3.6186,3.7137,3.8088,3.8386,3.8684,3.868933333333333,3.869466666666667,3.87
2018-02-14,2.6191,2.6604,2.9825,3.2039,3.2807,3.3288,3.374,3.4962999999999997,3.6186,3.71235,3.8061,3.8316999999999997,3.8573,3.8616,3.8659,3.8702
2018-02-22,2.6191,2.6854,3.0311,3.2154,3.3254,3.3353,3.3905,3.5049,3.6193,3.7184,3.8175,3.84205,3.8666,3.869466666666667,3.872333333333333,3.8752
2018-02-23,2.5575,2.6104,3.0601,3.1912,3.3312,3.3451,3.3773,3.4932499999999997,3.6092,3.71205,3.8149,3.83825,3.8616,3.864466666666667,3.8673333333333333,3.8702
2018-02-24,2.5205,2.6073,3.0587,3.1914,3.3244,3.3306,3.3773,3.4897,3.6021,3.70535,3.8086,3.8346999999999998,3.8608,3.8622666666666667,3.8637333333333332,3.8652
2018-02-26,2.5315,2.6477,3.0734,3.1898,3.2931,3.2836,3.306,3.4232,3.5404,3.6605,3.7806,3.81075,3.8409,3.8423333333333334,3.8437666666666668,3.8452
2018-02-27,2.5215,2.632,3.052,3.1642,3.266,3.2667,3.2713,3.40145,3.5316,3.63385,3.7361,3.77805,3.82,3.8200333333333334,3.8200666666666665,3.8201
2018-02-28,2.6685,2.7262,3.0808,3.2024,3.2444,3.247,3.2314,3.3771,3.5228,3.6115500000000003,3.7003,3.7580999999999998,3.8159,3.8173333333333335,3.8187666666666664,3.8202
2018-03-01,2.6685,2.8186,3.1449,3.2504,3.2534,3.2538,3.238,3.38585,3.5337,3.61695,3.7002,3.76505,3.8299,3.826633333333333,3.823366666666667,3.8201
2018-03-02,2.7505,2.9318,3.1739,3.1876,3.2766,3.2811,3.269,3.40165,3.5343,3.6224,3.7105,3.7727,3.8349,3.835,3.8351,3.8352
2018-03-05,2.7505,2.9369,3.1713,3.1876,3.247,3.2554,3.2769,3.40595,3.535,3.6389,3.7428,3.7889999999999997,3.8352,3.8385666666666665,3.8419333333333334,3.8453
2018-03-06,2.7155,2.978,3.1979,3.1988,3.26,3.2601,3.2771,3.41585,3.5546,3.6487,3.7428,3.79135,3.8399,3.8350333333333335,3.8301666666666665,3.8253
2018-03-07,2.6905,3.0006,3.1901,3.1999,3.251,3.2523,3.2583,3.40165,3.545,3.6334999999999997,3.722,3.771,3.82,3.8201,3.8202,3.8203
2018-03-08,2.6961,3.0382,3.1928,3.2042,3.2475,3.2457,3.2677,3.3998999999999997,3.5321,3.6258999999999997,3.7197,3.7658,3.8119,3.8147,3.8175,3.8203
2018-03-09,2.6991,3.1103,3.1235,3.1349,3.2044,3.2122,3.2599,3.3952,3.5305,3.6061,3.6817,3.75165,3.8216,3.8236666666666665,3.8257333333333334,3.8278
2018-03-12,2.7121,3.1105,3.1197,3.1468,3.1818,3.2011,3.2779,3.4044,3.5309,3.6010999999999997,3.6713,3.739,3.8067,3.8125666666666667,3.8184333333333336,3.8243
2018-03-13,2.7631,3.0752,3.1144,3.1695,3.2029,3.2224,3.3059,3.4208,3.5357,3.6163499999999997,3.697,3.74875,3.8005,3.8124,3.8243,3.8362
2018-03-14,2.7591,2.993,3.0638,3.1523,3.1951,3.2146,3.3092,3.4209500000000004,3.5327,3.615,3.6973,3.7502,3.8031,3.8158333333333334,3.8285666666666667,3.8413
2018-03-15,2.7581,2.9933,3.0631,3.1523,3.2012,3.2146,3.3198,3.4311,3.5424,3.6196,3.6968,3.7499000000000002,3.803,3.8105666666666664,3.8181333333333334,3.8257
2018-03-16,2.5481,2.9825,3.0818,3.1245,3.2595,3.26,3.3154,3.4307,3.546,3.61915,3.6923,3.75165,3.811,3.8124666666666664,3.8139333333333334,3.8154
2018-03-19,2.5231,2.9608,3.0601,3.1061,3.2357,3.2574,3.3128,3.42955,3.5463,3.6222000000000003,3.6981,3.7540500000000003,3.81,3.8101333333333334,3.8102666666666667,3.8104
2018-03-20,2.5201,2.99,3.0675,3.0861,3.2292,3.259,3.3144,3.428,3.5416,3.6117,3.6818,3.7311,3.7804,3.7838000000000003,3.7872,3.7906
2018-03-21,2.5211,3.0016,3.0724,3.0769,3.209,3.244,3.2846,3.41135,3.5381,3.61055,3.683,3.7329499999999998,3.7829,3.776266666666667,3.769633333333333,3.763
2018-03-22,2.5111,3.049,3.05,3.0613,3.1931,3.23,3.2698,3.3992,3.5286,3.5956,3.6626,3.7138,3.765,3.7593333333333336,3.7536666666666667,3.748
2018-03-23,2.5071,2.9692,2.9718,2.9847,3.1702,3.1991,3.2367,3.3732499999999996,3.5098,3.56055,3.6113,3.6757,3.7401,3.7269,3.7137,3.7005
2018-03-26,2.3571,2.994,3.0,2.9847,3.2002,3.2773,3.29,3.4063,3.5226,3.5715000000000003,3.6204,3.6696999999999997,3.719,3.7229,3.7268,3.7307
2018-03-27,2.4056,2.9859,3.0081,3.0214,3.1986,3.3075,3.3221,3.43735,3.5526,3.5934999999999997,3.6344,3.6849,3.7354,3.738,3.7405999999999997,3.7432
2018-03-28,2.3867,2.9876,3.0244,3.0336,3.2028,3.3085,3.3221,3.44025,3.5584,3.60435,3.6503,3.69515,3.74,3.7402,3.7404,3.7406
2018-03-29,2.8207,3.0062,3.0003,3.0003,3.1867,3.3073,3.3221,3.4379,3.5537,3.613,3.6723,3.71365,3.755,3.7518666666666665,3.7487333333333335,3.7456
2018-03-30,2.9297,3.0921,3.0148,2.9613,3.167,3.3053,3.3221,3.4459,3.5697,3.6153,3.6609,3.70055,3.7402,3.7403666666666666,3.7405333333333335,3.7407
2018-04-02,2.8617,3.057,2.9988,2.9509,3.1153,3.2644,3.2831,3.4205,3.5579,3.6074,3.6569,3.6971999999999996,3.7375,3.7369,3.7363,3.7357
2018-04-03,2.799,2.8993,2.9408,2.878,3.1099,3.2782,3.2991,3.4253,3.5515,3.60465,3.6578,3.7089,3.76,3.7569,3.7538,3.7507
2018-04-04,2.5849,2.7951,2.8156,2.858,3.0879,3.2402,3.2591,3.39655,3.534,3.59165,3.6493,3.6997,3.7501,3.7412,3.7323,3.7234
2018-04-08,2.5619,2.7951,2.8156,2.858,3.1042,3.2572,3.2776,3.4002499999999998,3.5229,3.58595,3.649,3.6990499999999997,3.7491,3.733,3.7169,3.7008
2018-04-09,2.4119,2.7951,2.6028,2.7349,3.1124,3.2137,3.2281,3.3506,3.4731,3.53985,3.6066,3.6633,3.72,3.7119666666666666,3.7039333333333335,3.6959
2018-04-10,2.2619,2.5929,2.6002,2.7349,3.1177,3.2246,3.2384,3.3499,3.4614,3.5267999999999997,3.5922,3.6611000000000002,3.73,3.7253,3.7206,3.7159
2018-04-11,2.1619,2.5997,2.5998,2.7432,3.1221,3.2237,3.2387,3.33925,3.4398,3.50885,3.5779,3.6464499999999997,3.715,3.713633333333333,3.712266666666667,3.7109
2018-04-12,2.2316,2.5673,2.5693,2.7197,3.0894,3.194,3.2092,3.30985,3.4105,3.4851,3.5597,3.6373499999999996,3.715,3.713633333333333,3.712266666666667,3.7109
2018-04-13,2.2316,2.5617,2.5693,2.6842,3.0242,3.1843,3.2013,3.28475,3.3682,3.44435,3.5205,3.60605,3.6916,3.696466666666667,3.7013333333333334,3.7062
2018-04-16,2.2566,2.4925,2.5476,2.6926,2.9348,3.147,3.1707,3.2609000000000004,3.3511,3.4215,3.4919,3.5713,3.6507,3.6525,3.6543,3.6561
2018-04-17,2.3396,2.5443,2.5548,2.6856,2.9266,3.1377,3.1611,3.23615,3.3112,3.3903999999999996,3.4696,3.5576,3.6456,3.6474666666666664,3.6493333333333333,3.6512
2018-04-18,2.3536,2.4774,2.498,2.5017,2.7169,2.8911,2.9125,3.04245,3.1724,3.2511,3.3298,3.4249,3.52,3.5137666666666667,3.5075333333333334,3.5013
2018-04-19,2.6852,2.6057,2.574,2.5517,2.7662,2.9401,2.9611,3.08685,3.2126,3.2712000000000003,3.3298,3.4249,3.52,3.5154666666666667,3.5109333333333335,3.5064
2018-04-20,2.6992,2.9235,2.6163,2.5879,2.8068,2.9851,3.0061,3.09945,3.1928,3.2590000000000003,3.3252,3.42055,3.5159,3.5177666666666667,3.519633333333333,3.5215
2018-04-23,2.6992,2.8846,2.7372,2.6921,2.7919,2.9604,3.0484,3.1327,3.217,3.2738,3.3306,3.43445,3.5383,3.5595,3.5807,3.6019
2018-04-24,3.3905,3.4121,2.9055,2.7495,2.8221,2.9634,3.0152,3.09655,3.1779,3.23185,3.2858,3.41125,3.5367,3.552966666666667,3.5692333333333335,3.5855
2018-04-25,2.9902,3.0543,2.9015,2.7394,2.8301,2.9928,3.0247,3.10135,3.178,3.22185,3.2657,3.42485,3.584,3.5932666666666666,3.6025333333333336,3.6118
2018-04-26,3.2512,3.1382,3.1079,2.7394,2.8299,2.9917,3.0279,3.10555,3.1832,3.2346,3.286,3.4452,3.6044,3.6144,3.6244,3.6344
2018-04-27,3.2915,3.392,3.3214,2.6895,2.8299,2.9799,3.0155,3.1071999999999997,3.1989,3.245,3.2911,3.4609,3.6307,3.6326,3.6345,3.6364
2018-04-28,2.9782,3.26,3.2452,2.6691,2.8102,2.9609,2.9965,3.0946,3.1927,3.2319,3.2711,3.45065,3.6302,3.6273666666666666,3.6245333333333334,3.6217
2018-05-02,2.8742,3.2062,2.8474,2.7022,2.8389,2.9853,3.0208,3.13685,3.2529,3.2693,3.2857,3.4803499999999996,3.675,3.6721666666666666,3.6693333333333333,3.6665
2018-05-03,2.8352,2.9012,2.7707,2.6882,2.81,2.9413,2.977,3.109,3.241,3.24575,3.2505,3.4553000000000003,3.6601,3.6556333333333333,3.6511666666666667,3.6467
2018-05-04,2.5152,2.8625,2.7263,2.6518,2.7719,2.9015,2.9372,3.0835999999999997,3.23,3.24025,3.2505,3.4378,3.6251,3.6273666666666666,3.6296333333333335,3.6319
2018-05-07,2.5152,2.7535,2.6173,2.648,2.7674,2.8961,2.9319,3.08005,3.2282,3.2548000000000004,3.2814,3.4636,3.6458,3.6478,3.6498,3.6518
2018-05-08,2.2456,2.4617,2.6173,2.6565,2.7678,2.8875,2.9233,3.07915,3.235,3.28405,3.3331,3.4989999999999997,3.6649,3.674,3.6831,3.6922
2018-05-09,2.1906,2.4365,2.5908,2.7062,2.7938,2.8929,2.9295,3.0822000000000003,3.2349,3.3123,3.3897,3.53275,3.6758,3.6863333333333332,3.6968666666666667,3.7074
2018-05-10,2.1796,2.4265,2.6091,2.7365,2.8069,2.8853,2.9235,3.0711500000000003,3.2188,3.30205,3.3853,3.5252,3.6651,3.6742,3.6833,3.6924
2018-05-11,2.1796,2.497,2.6233,2.7013,2.8602,2.8875,2.9305,3.0684,3.2063,3.2934,3.3805,3.5141,3.6477,3.6612,3.6747,3.6882
2018-05-14,2.2936,2.5442,2.6337,2.7212,2.9135,2.9028,2.9469,3.08445,3.222,3.31175,3.4015,3.52515,3.6488,3.6637666666666666,3.6787333333333336,3.6937
2018-05-15,2.3915,2.599,2.7425,2.7735,2.92,2.923,2.9669,3.0942,3.2215,3.31935,3.4172,3.53685,3.6565,3.6760333333333333,3.6955666666666667,3.7151
2018-05-16,2.5315,2.6227,2.7424,2.7497,2.9249,3.0069,3.0185,3.1294500000000003,3.2404,3.33385,3.4273,3.5433999999999997,3.6595,3.675533333333333,3.6915666666666667,3.7076
2018-05-17,2.3099,2.5032,2.7441,2.7817,2.9563,3.0101,3.0701,3.1554,3.2407,3.34955,3.4584,3.5593500000000002,3.6603,3.6775333333333333,3.6947666666666668,3.712
2018-05-18,2.2759,2.475,2.7052,2.7443,3.0,3.0072,3.0711,3.14955,3.228,3.35365,3.4793,3.56975,3.6602,3.676766666666667,3.6933333333333334,3.7099
2018-05-21,2.2399,2.474,2.7144,2.8089,2.9696,3.0072,3.1368,3.19245,3.2481,3.3535500000000003,3.459,3.5547500000000003,3.6505,3.664966666666667,3.6794333333333333,3.6939
2018-05-22,2.3536,2.4483,2.6902,2.7985,3.0045,3.0204,3.1229,3.19125,3.2596,3.3386,3.4176,3.5315000000000003,3.6454,3.6536,3.6618,3.67
2018-05-23,2.4629,2.5385,2.7343,2.7848,3.0123,3.0509,3.1233,3.1924,3.2615,3.33965,3.4178,3.5316,3.6454,3.6436,3.6418,3.64
2018-05-24,2.493,2.4995,2.8006,2.8066,2.9775,3.0321,3.1245,3.2028999999999996,3.2813,3.34915,3.417,3.5172,3.6174,3.6283,3.6392,3.6501
2018-05-25,2.4962,2.6433,2.8394,2.8413,3.0149,3.0568,3.1249,3.2016999999999998,3.2785,3.3375500000000002,3.3966,3.49955,3.6025,3.6058666666666666,3.6092333333333335,3.6126
2018-05-28,2.5012,2.7213,2.8394,2.9152,3.0151,3.0679,3.1415,3.2144000000000004,3.2873,3.3523500000000004,3.4174,3.5016,3.5858,3.5939,3.602,3.6101
2018-05-29,2.6373,2.7317,2.8438,2.9194,3.0099,3.0383,3.1397,3.21305,3.2864,3.3573500000000003,3.4283,3.5122,3.5961,3.597433333333333,3.5987666666666667,3.6001
2018-05-30,2.7868,2.9017,2.9035,2.904,2.9839,3.0519,3.1528,3.22425,3.2957,3.3564499999999997,3.4172,3.5016,3.586,3.5898666666666665,3.5937333333333332,3.5976
2018-05-31,2.7835,2.8877,2.8895,2.89,2.9897,3.052,3.1488,3.2253,3.3018,3.37005,3.4383,3.5183,3.5983,3.6031666666666666,3.608033333333333,3.6129
2018-06-01,2.7535,2.9998,3.0002,3.0002,3.0003,3.0625,3.1619,3.2611000000000003,3.3603,3.40045,3.4406,3.5204,3.6002,3.606866666666667,3.6135333333333333,3.6202
2018-06-04,2.6212,2.9987,2.946,2.9848,3.0059,3.0687,3.1751,3.2779000000000003,3.3807,3.42115,3.4616,3.5481,3.6346,3.6408,3.647,3.6532
2018-06-05,2.6212,2.9871,2.946,2.9879,3.0146,3.1303,3.1703,3.2951,3.4199,3.4417999999999997,3.4637,3.554,3.6443,3.6496,3.6549,3.6602
2018-06-06,2.6212,2.9871,2.9474,2.9907,3.015,3.135,3.2003,3.317,3.4337,3.4637000000000002,3.4937,3.569,3.6443,3.6496,3.6549,3.6602
2018-06-07,2.4373,3.0872,2.9836,2.9929,3.0235,3.1435,3.2161,3.3234,3.4307,3.4686500000000002,3.5066,3.5785,3.6504,3.657,3.6635999999999997,3.6702
2018-06-08,2.2715,3.0872,2.9499,2.95,3.0173,3.1484,3.2117,3.29875,3.3858,3.42105,3.4563,3.5409,3.6255,3.6321000000000003,3.6387,3.6453
2018-06-11,2.2815,3.0052,2.9329,2.93,3.0339,3.1443,3.218,3.30755,3.3971,3.4347000000000003,3.4723,3.56115,3.65,3.6500666666666666,3.6501333333333332,3.6502
2018-06-12,2.2925,2.9452,2.9443,2.9438,3.0517,3.146,3.2414,3.3423499999999997,3.4433,3.4852999999999996,3.5273,3.5950499999999996,3.6628,3.6702999999999997,3.6778,3.6853
2018-06-13,2.2975,2.9274,2.9443,2.9833,3.1294,3.1397,3.2406,3.33415,3.4277,3.46765,3.5076,3.5838,3.66,3.6609000000000003,3.6618,3.6627
2018-06-14,2.2995,2.9935,2.9457,2.9621,3.1097,3.1344,3.2209,3.3126499999999997,3.4044,3.441,3.4776,3.5587999999999997,3.64,3.6342333333333334,3.6284666666666667,3.6227
2018-06-15,2.3005,2.9935,2.947,2.9505,3.1543,3.1544,3.2183,3.30675,3.3952,3.42585,3.4565,3.5308,3.6051,3.6043333333333334,3.6035666666666666,3.6028
2018-06-19,2.2235,2.955,2.947,2.9766,3.1417,3.149,3.2168,3.29885,3.3809,3.4061500000000002,3.4314,3.50195,3.5725,3.568433333333333,3.5643666666666665,3.5603
2018-06-20,2.3526,3.0504,2.9933,3.0891,3.1417,3.1868,3.2848,3.3345000000000002,3.3842,3.42065,3.4571,3.52355,3.59,3.595133333333333,3.6002666666666667,3.6054
2018-06-21,2.2935,2.961,3.0449,3.1024,3.1721,3.1868,3.2856,3.3361,3.3866,3.41385,3.4411,3.5059,3.5707,3.572233333333333,3.5737666666666668,3.5753
2018-06-22,2.2865,3.1435,3.0449,3.0433,3.1721,3.1816,3.2775,3.3309499999999996,3.3844,3.39965,3.4149,3.4924999999999997,3.5701,3.566866666666667,3.563633333333333,3.5604
2018-06-25,2.2645,3.1952,3.1503,3.0615,3.1817,3.1912,3.2792,3.3348,3.3904,3.4133500000000003,3.4363,3.5058,3.5753,3.5769666666666664,3.5786333333333333,3.5803
2018-06-26,2.2185,3.0533,3.1062,3.0996,3.1998,3.2093,3.2772,3.3266,3.376,3.4104,3.4448,3.5077,3.5706,3.573866666666667,3.5771333333333333,3.5804
2018-06-27,2.1455,3.0533,3.1062,3.0996,3.1998,3.2095,3.2775,3.32655,3.3756,3.399,3.4224,3.49115,3.5599,3.5575666666666668,3.5552333333333332,3.5529
2018-06-28,1.9895,3.0578,3.0955,3.13,3.1846,3.1916,3.2242,3.2880000000000003,3.3518,3.3716999999999997,3.3916,3.4633000000000003,3.535,3.533466666666667,3.5319333333333334,3.5304
2018-06-29,2.3285,3.0317,2.9543,3.0122,3.1041,3.1165,3.159,3.2356999999999996,3.3124,3.33155,3.3507,3.41795,3.4852,3.4819999999999998,3.4788,3.4756
2018-07-02,2.2195,2.7019,2.752,2.8213,3.0388,3.092,3.134,3.2092,3.2844,3.3142,3.344,3.41205,3.4801,3.4756666666666667,3.4712333333333336,3.4668
2018-07-03,2.1205,2.5668,2.6937,2.71,2.9432,2.9977,3.0543,3.16065,3.267,3.2927,3.3184,3.4044,3.4904,3.4921,3.4938,3.4955
2018-07-04,1.8995,2.5211,2.6441,2.6621,2.9576,3.0554,3.0602,3.16615,3.2721,3.29765,3.3232,3.40735,3.4915,3.4979,3.5042999999999997,3.5107
2018-07-05,1.8983,2.3507,2.4823,2.6536,2.9507,3.0271,3.0304,3.14755,3.2647,3.2862999999999998,3.3079,3.404,3.5001,3.5002333333333335,3.500366666666667,3.5005
2018-07-06,1.8451,2.2257,2.3032,2.445,2.8794,3.0163,3.0208,3.1432,3.2656,3.2949,3.3242,3.41315,3.5021,3.5100333333333333,3.5179666666666667,3.5259
2018-07-09,1.9038,2.2519,2.3128,2.4473,2.8695,3.0314,3.0404,3.1618500000000003,3.2833,3.3087500000000003,3.3342,3.4304,3.5266,3.5321333333333333,3.537666666666667,3.5432
2018-07-10,1.9038,2.2354,2.312,2.4357,2.8479,3.0443,3.0603,3.1757,3.2911,3.31765,3.3442,3.4399499999999996,3.5357,3.5381666666666667,3.540633333333333,3.5431
2018-07-11,1.863,2.1827,2.2604,2.4325,2.8476,3.0558,3.0654,3.16595,3.2665,3.30125,3.336,3.4185,3.501,3.504233333333333,3.5074666666666667,3.5107
2018-07-12,1.7834,2.0917,2.2973,2.4579,2.7626,3.0326,3.0654,3.1611000000000002,3.2568,3.2917500000000004,3.3267,3.41405,3.5014,3.5061999999999998,3.511,3.5158
2018-07-13,1.8647,2.2203,2.3829,2.4952,2.7834,3.0358,3.0654,3.1532,3.241,3.2572,3.2734,3.3792999999999997,3.4852,3.4854,3.4856,3.4858
2018-07-16,2.0617,2.2223,2.3966,2.5211,2.7258,2.9943,3.0259,3.12395,3.222,3.2462999999999997,3.2706,3.3766,3.4826,3.482,3.4814,3.4808
2018-07-17,2.1212,2.2123,2.3995,2.4938,2.7403,2.9986,3.0259,3.12965,3.2334,3.2695,3.3056,3.3917,3.4778,3.4787999999999997,3.4798,3.4808
2018-07-18,1.8848,2.2112,2.3497,2.5378,2.8592,3.0399,3.0508,3.14455,3.2383,3.2694,3.3005,3.3878,3.4751,3.4736666666666665,3.4722333333333335,3.4708
2018-07-19,1.8072,2.1788,2.342,2.5302,2.8283,3.0343,3.0507,3.1319,3.2131,3.2469,3.2807,3.3753,3.4699,3.4602333333333335,3.4505666666666666,3.4409
2018-07-20,2.0634,2.1974,2.342,2.4704,2.8585,3.043,3.0507,3.1468499999999997,3.243,3.2663,3.2896,3.3956,3.5016,3.5055666666666667,3.509533333333333,3.5135
2018-07-23,2.071,2.1764,2.3508,2.4725,2.8615,3.0437,3.0508,3.14495,3.2391,3.2675,3.2959,3.399,3.5021,3.5076,3.5131,3.5186
2018-07-24,2.1445,2.1943,2.3508,2.4881,2.8633,3.0437,3.0508,3.14275,3.2347,3.2731000000000003,3.3115,3.4204499999999998,3.5294,3.5401,3.5508,3.5615
2018-07-25,2.0911,2.1289,2.2783,2.4147,2.8419,3.0072,3.011,3.10815,3.2053,3.26,3.3147,3.4243,3.5339,3.543066666666667,3.552233333333333,3.5614
2018-07-26,2.0631,2.0775,2.1917,2.2928,2.7511,2.9821,2.991,3.0831999999999997,3.1754,3.2365,3.2976,3.41195,3.5263,3.5295666666666667,3.532833333333333,3.5361
2018-07-27,1.9848,1.9859,2.1909,2.2957,2.7401,2.8999,2.9025,3.0141999999999998,3.1259,3.1996,3.2733,3.3924,3.5115,3.514733333333333,3.5179666666666667,3.5212
2018-07-30,1.9955,2.0326,2.215,2.2888,2.6874,2.8777,2.8816,2.98435,3.0871,3.17205,3.257,3.3821000000000003,3.5072,3.5119000000000002,3.5166,3.5213
2018-07-31,1.995,2.0432,2.1936,2.3032,2.6405,2.8351,2.841,2.9494,3.0578,3.14135,3.2249,3.3525,3.4801,3.4804666666666666,3.4808333333333334,3.4812
2018-08-01,1.957,2.0452,2.1887,2.2875,2.6163,2.8016,2.807,2.93825,3.0695,3.12155,3.1736,3.3268500000000003,3.4801,3.474666666666667,3.4692333333333334,3.4638
2018-08-02,1.9984,2.0487,2.2104,2.243,2.6157,2.7683,2.7722,2.9165,3.0608,3.11235,3.1639,3.3127,3.4615,3.4647666666666668,3.468033333333333,3.4713
2018-08-03,1.8842,1.995,2.085,2.1377,2.5551,2.7223,2.7247,2.8811,3.0375,3.0934500000000003,3.1494,3.2917,3.434,3.4415666666666667,3.4491333333333336,3.4567
2018-08-06,1.7753,1.8833,1.9943,2.0209,2.4927,2.6605,2.6627,2.8440499999999997,3.0254,3.0904499999999997,3.1555,3.29475,3.434,3.4416,3.4492,3.4568
2018-08-07,1.6819,1.8596,1.9772,2.0119,2.4027,2.5995,2.603,2.81,3.017,3.08125,3.1455,3.29425,3.443,3.457866666666667,3.4727333333333332,3.4876
2018-08-08,1.4909,1.785,1.8993,1.9562,2.4016,2.6197,2.623,2.8412,3.0594,3.133,3.2066,3.3465499999999997,3.4865,3.4984,3.5103,3.5222
2018-08-09,1.6247,1.8439,1.9297,1.9552,2.433,2.7188,2.7227,2.9177999999999997,3.1129,3.1898999999999997,3.2669,3.38715,3.5074,3.5208,3.5342000000000002,3.5476
2018-08-10,1.8287,1.844,1.8821,1.9654,2.4185,2.7216,2.7252,2.9221000000000004,3.119,3.2033,3.2876,3.4021,3.5166,3.528566666666667,3.5405333333333333,3.5525
2018-08-13,1.8887,1.89,1.895,1.9104,2.5238,2.8103,2.813,2.9906,3.1682,3.25325,3.3383,3.44265,3.547,3.558866666666667,3.570733333333333,3.5826
2018-08-14,1.9013,1.9072,1.9458,1.9645,2.5829,2.8097,2.8122,2.9983,3.1844,3.2560000000000002,3.3276,3.4306,3.5336,3.5397,3.5458,3.5519
2018-08-15,1.9183,1.9252,1.9373,2.0049,2.5341,2.8098,2.84,3.0118,3.1836,3.26085,3.3381,3.4416,3.5451,3.5577,3.5703,3.5829
2018-08-16,1.9321,1.9435,1.967,2.06,2.616,2.8105,2.8408,3.03525,3.2297,3.2881,3.3465,3.4536000000000002,3.5607,3.5785,3.5963000000000003,3.6141
2018-08-17,2.0011,2.005,2.0258,2.1159,2.6765,2.853,2.8833,3.0832,3.2831,3.3341000000000003,3.3851,3.47995,3.5748,3.6006666666666667,3.6265333333333336,3.6524
2018-08-20,2.0461,2.0741,2.122,2.1642,2.7189,2.8808,2.9004,3.0966,3.2928,3.35535,3.4179,3.5035499999999997,3.5892,3.603666666666667,3.618133333333333,3.6326
2018-08-21,2.0461,2.0541,2.0823,2.2086,2.721,2.8883,2.9432,3.1454,3.3476,3.4074,3.4672,3.5362999999999998,3.6054,3.6136,3.6218,3.63
2018-08-22,1.9481,2.0396,2.0558,2.2102,2.7208,2.8542,2.9034,3.11445,3.3255,3.39195,3.4584,3.5217,3.585,3.5925,3.6,3.6075
2018-08-23,1.8907,1.9933,2.0212,2.1759,2.6921,2.8281,2.8791,3.0768000000000004,3.2745,3.3417000000000003,3.4089,3.492,3.5751,3.5867666666666667,3.5984333333333334,3.6101
2018-08-24,1.8287,1.9563,2.0142,2.1728,2.6943,2.81,2.8376,3.0655,3.2934,3.35,3.4066,3.4894,3.5722,3.5907333333333336,3.6092666666666666,3.6278
2018-08-27,1.8767,1.9693,2.0692,2.1421,2.6681,2.8153,2.8545,3.0787,3.3029,3.35485,3.4068,3.49715,3.5875,3.601766666666667,3.616033333333333,3.6303
2018-08-28,1.8622,1.9636,2.0559,2.1477,2.6707,2.8195,2.867,3.08925,3.3115,3.35905,3.4066,3.5002500000000003,3.5939,3.5993,3.6047000000000002,3.6101
2018-08-29,1.9096,1.9877,2.08,2.1451,2.6733,2.8057,2.8593,3.0810500000000003,3.3028,3.3525,3.4022,3.4981,3.594,3.5993666666666666,3.6047333333333333,3.6101
2018-08-30,1.7971,1.9727,2.0837,2.1427,2.6483,2.8018,2.8344,3.0648999999999997,3.2954,3.3329,3.3704,3.4692,3.568,3.572033333333333,3.5760666666666667,3.5801
2018-08-31,1.8291,1.9657,2.1186,2.1205,2.6418,2.8142,2.8451,3.0589,3.2727,3.30945,3.3462,3.45865,3.5711,3.572433333333333,3.5737666666666668,3.5751
2018-09-03,1.7971,1.9617,2.131,2.13,2.623,2.8155,2.8387,3.0759499999999997,3.3132,3.33915,3.3651,3.4781,3.5911,3.592433333333333,3.5937666666666668,3.5951
2018-09-04,1.7151,1.9517,2.1281,2.1401,2.622,2.8113,2.8476,3.08965,3.3317,3.3638000000000003,3.3959,3.5054,3.6149,3.6133,3.6117,3.6101
2018-09-05,1.6841,1.9417,2.1231,2.1407,2.5728,2.8129,2.847,3.0930999999999997,3.3392,3.3753,3.4114,3.5156,3.6198,3.616566666666667,3.6133333333333333,3.6101
2018-09-06,2.0141,2.0217,2.1231,2.1318,2.5797,2.8114,2.8414,3.0949999999999998,3.3486,3.3876999999999997,3.4268,3.52575,3.6247,3.6198333333333332,3.6149666666666667,3.6101
2018-09-07,2.1031,2.1034,2.123,2.133,2.5438,2.8244,2.8438,3.1022499999999997,3.3607,3.39865,3.4366,3.5333,3.63,3.6300333333333334,3.6300666666666666,3.6301
2018-09-10,2.0851,2.1126,2.1186,2.1274,2.605,2.8292,2.8407,3.1177,3.3947,3.437,3.4793,3.56965,3.66,3.6583666666666668,3.6567333333333334,3.6551
2018-09-11,2.1021,2.159,2.1143,2.1321,2.617,2.8343,2.8457,3.13215,3.4186,3.4628,3.507,3.591,3.675,3.6750333333333334,3.6750666666666665,3.6751
2018-09-12,2.0691,2.16,2.1598,2.1506,2.6429,2.8357,2.849,3.13225,3.4155,3.467,3.5185,3.59675,3.675,3.6683666666666666,3.6617333333333333,3.6551
2018-09-13,2.0421,2.1993,2.1841,2.1461,2.6177,2.8316,2.8593,3.11985,3.3804,3.4409,3.5014,3.5807,3.66,3.6575333333333333,3.655066666666667,3.6526
2018-09-14,1.9732,2.1975,2.1577,2.1334,2.621,2.8288,2.8623,3.11505,3.3678,3.43275,3.4977,3.57385,3.65,3.645033333333333,3.640066666666667,3.6351
2018-09-17,1.9502,2.0696,2.0706,2.1042,2.6401,2.8411,2.8636,3.1102499999999997,3.3569,3.4173999999999998,3.4779,3.56145,3.645,3.6409,3.6368,3.6327
2018-09-18,2.1163,2.0872,2.0703,2.1222,2.6174,2.855,2.8793,3.11735,3.3554,3.42295,3.4905,3.57275,3.655,3.651733333333333,3.6484666666666667,3.6452
2018-09-19,2.0298,2.0655,2.0554,2.1061,2.6144,2.926,3.0102,3.1823,3.3544,3.42805,3.5017,3.5846999999999998,3.6677,3.6693666666666664,3.6710333333333334,3.6727
2018-09-20,1.9868,2.0066,2.0703,2.0526,2.6292,2.9374,3.0314,3.19735,3.3633,3.44025,3.5172,3.6014,3.6856,3.6905,3.6954,3.7003
2018-09-21,1.9818,2.0657,2.066,2.0734,2.6087,2.9275,3.0266,3.1888,3.351,3.4291,3.5072,3.5863,3.6654,3.6686666666666667,3.671933333333333,3.6752
2018-09-25,2.0108,2.0277,2.0774,2.0893,2.6165,2.9281,3.0271,3.1757999999999997,3.3245,3.412,3.4995,3.5801499999999997,3.6608,3.6656666666666666,3.670533333333333,3.6754
2018-09-26,2.0108,1.9855,2.0473,2.0916,2.638,2.9384,3.0251,3.1671500000000004,3.3092,3.39455,3.4799,3.56375,3.6476,3.6485000000000003,3.6494,3.6503
2018-09-27,1.9178,2.099,2.0702,2.1243,2.618,2.9317,3.0177,3.15545,3.2932,3.3817000000000004,3.4702,3.5452500000000002,3.6203,3.621966666666667,3.6236333333333333,3.6253
2018-09-28,1.9063,2.1326,2.0772,2.2195,2.6581,2.9129,3.0038,3.14145,3.2791,3.3596000000000004,3.4401,3.53005,3.62,3.6184333333333334,3.6168666666666667,3.6153
2018-09-29,1.9063,2.1346,2.0797,2.2225,2.6169,2.9142,2.99,3.13455,3.2791,3.3651999999999997,3.4513,3.5355999999999996,3.6199,3.6167333333333334,3.6135666666666664,3.6104
2018-09-30,1.9063,2.1346,2.0802,2.2235,2.6189,2.91,2.9657,3.12325,3.2808,3.36865,3.4565,3.5383,3.6201,3.616833333333333,3.613566666666667,3.6103
2018-10-08,1.7893,2.0305,2.0508,2.0648,2.6043,2.9008,2.9579,3.12315,3.2884,3.3657500000000002,3.4431,3.5340499999999997,3.625,3.6218333333333335,3.6186666666666665,3.6155
2018-10-09,1.8267,1.8792,1.8552,1.874,2.5442,2.881,2.9388,3.10955,3.2803,3.36225,3.4442,3.5321,3.62,3.6185333333333336,3.6170666666666667,3.6156
2018-10-10,1.7753,1.8046,1.8051,1.8246,2.5313,2.8841,2.9395,3.0849,3.2303,3.33365,3.437,3.5237499999999997,3.6105,3.6122,3.6139,3.6156
2018-10-11,1.7999,1.8005,1.8558,1.8662,2.5528,2.8411,2.8902,3.0439,3.1976,3.30265,3.4077,3.49385,3.58,3.5802,3.5804,3.5806
2018-10-12,1.7999,1.8005,1.8375,1.9269,2.2448,2.7245,2.8904,3.04925,3.2081,3.30225,3.3964,3.492,3.5876,3.5861,3.5846,3.5831
2018-10-15,1.7944,1.8418,1.8495,1.9279,2.2415,2.716,2.88,3.0434,3.2068,3.30495,3.4031,3.49655,3.59,3.5885666666666665,3.5871333333333335,3.5857
2018-10-16,1.888,1.895,1.901,1.9526,2.3055,2.7378,2.8902,3.0487,3.2072,3.3078,3.4084,3.4942,3.58,3.5785666666666667,3.5771333333333333,3.5757
2018-10-17,1.8653,1.8837,1.8986,2.0055,2.3595,2.7569,2.9027,3.05255,3.2024,3.3059000000000003,3.4094,3.4947,3.58,3.5802333333333336,3.5804666666666667,3.5807
2018-10-18,1.8836,1.8837,1.8963,2.1413,2.3566,2.7512,2.9027,3.04645,3.1902,3.2751,3.36,3.455,3.55,3.5502666666666665,3.5505333333333335,3.5508
2018-10-19,1.8705,1.8815,1.9027,2.2023,2.353,2.7735,2.9027,3.0454499999999998,3.1882,3.2742,3.3602,3.4581999999999997,3.5562,3.5594,3.5625999999999998,3.5658
2018-10-22,1.8305,1.8309,1.8479,2.2675,2.413,2.8377,2.9027,3.05105,3.1994,3.2927,3.386,3.47925,3.5725,3.5786666666666664,3.5848333333333335,3.591
2018-10-23,1.8065,1.8119,1.838,2.2686,2.4131,2.819,2.8879,3.0478,3.2077,3.29195,3.3762,3.46875,3.5613,3.5645000000000002,3.5677,3.5709
2018-10-24,1.7485,1.8341,1.8593,2.3093,2.4347,2.8104,2.8562,3.0261,3.196,3.2812,3.3664,3.4581999999999997,3.55,3.5469666666666666,3.5439333333333334,3.5409
2018-10-25,1.5705,1.8402,1.8593,2.2795,2.4225,2.8119,2.8562,3.0237499999999997,3.1913,3.2714499999999997,3.3516,3.4458,3.54,3.5403000000000002,3.5406,3.5409
2018-10-26,1.5205,1.8696,1.8966,2.2697,2.4189,2.8037,2.844,3.01795,3.1919,3.2668,3.3417,3.4344,3.5271,3.5317333333333334,3.5363666666666664,3.541
2018-10-29,1.5205,1.8686,1.9014,2.2845,2.4202,2.7873,2.8203,2.9840999999999998,3.1479,3.23025,3.3126,3.40705,3.5015,3.5047,3.5079,3.5111
2018-10-30,1.5205,1.8577,1.8788,2.2471,2.4071,2.7748,2.8054,2.97195,3.1385,3.22325,3.308,3.40725,3.5065,3.5097,3.5128999999999997,3.5161
2018-10-31,1.8805,1.8899,1.9425,2.3212,2.6255,2.7931,2.8054,2.98245,3.1595,3.2362,3.3129,3.40915,3.5054,3.5064666666666664,3.5075333333333334,3.5086
2018-11-01,1.8805,1.905,1.9463,2.3114,2.6138,2.7745,2.7858,2.9832,3.1806,3.2441,3.3076,3.4038,3.5,3.4978666666666665,3.4957333333333334,3.4936
2018-11-02,1.8805,1.9449,2.0259,2.2976,2.6625,2.7777,2.7863,2.9889,3.1915,3.2572,3.3229,3.4297500000000003,3.5366,3.5397666666666665,3.5429333333333335,3.5461
2018-11-05,1.8805,2.0013,2.1492,2.2802,2.6836,2.7681,2.7763,2.98225,3.1882,3.2560000000000002,3.3238,3.4234,3.523,3.5257333333333336,3.5284666666666666,3.5312
2018-11-06,1.8753,1.9697,2.1626,2.2838,2.6692,2.7435,2.7516,2.9578499999999996,3.1641,3.2392,3.3143,3.4079499999999996,3.5016,3.504833333333333,3.5080666666666667,3.5113
2018-11-07,1.8729,1.9717,2.1696,2.2791,2.6545,2.7187,2.7269,2.9204,3.1139,3.20465,3.2954,3.38775,3.4801,3.4805,3.4809,3.4813
2018-11-08,1.8729,1.9775,2.1753,2.2761,2.6281,2.6696,2.6771,2.88635,3.0956,3.19205,3.2885,3.3822,3.4759,3.4777,3.4795000000000003,3.4813
2018-11-09,1.8729,1.9775,2.1939,2.2511,2.5164,2.6501,2.6586,2.8726,3.0866,3.1788,3.271,3.371,3.471,3.472766666666667,3.4745333333333335,3.4763
2018-11-12,2.0,2.0001,2.1648,2.2025,2.5303,2.604,2.6123,2.8537999999999997,3.0953,3.1809000000000003,3.2665,3.3696,3.4727,3.4773,3.4819,3.4865
2018-11-13,2.0,2.0001,2.1575,2.205,2.5217,2.583,2.5913,2.83095,3.0706,3.15885,3.2471,3.3547000000000002,3.4623,3.4662,3.4701,3.474
2018-11-14,1.857,1.9252,2.1371,2.2178,2.5501,2.551,2.559,2.77405,2.9891,3.0629,3.1367,3.2702,3.4037,3.4097333333333335,3.415766666666667,3.4218
2018-11-15,1.871,1.9046,2.1283,2.2552,2.5027,2.5012,2.5092,2.74945,2.9897,3.0628,3.1359,3.26545,3.395,3.3938333333333333,3.392666666666667,3.3915
2018-11-16,1.8887,1.9288,2.1179,2.2162,2.4826,2.5,2.508,2.7445,2.981,3.054,3.127,3.23865,3.3503,3.3507,3.3511,3.3515
2018-11-19,2.0887,2.0887,2.2536,2.2735,2.4938,2.5012,2.5092,2.75845,3.0077,3.0799,3.1521,3.25555,3.359,3.365066666666667,3.3711333333333333,3.3772
2018-11-20,2.0881,2.0915,2.2595,2.314,2.5104,2.5111,2.5191,2.7719,3.0247,3.1013,3.1779,3.27895,3.38,3.379033333333333,3.3780666666666668,3.3771
2018-11-21,2.0581,2.0852,2.2762,2.335,2.4881,2.4888,2.4968,2.7567,3.0166,3.09765,3.1787,3.2744,3.3701,3.3706,3.3710999999999998,3.3716
2018-11-22,1.9351,2.0194,2.2236,2.3572,2.5187,2.4813,2.4892,2.7539,3.0186,3.10415,3.1897,3.2859,3.3821,3.3853,3.3885,3.3917
2018-11-23,1.8714,1.9557,2.1599,2.2864,2.4853,2.5041,2.5115,2.7623499999999996,3.0132,3.0992499999999996,3.1853,3.2878,3.3903,3.3907666666666665,3.3912333333333335,3.3917
2018-11-26,1.86,1.9443,2.1485,2.3225,2.4494,2.4847,2.5007,2.75525,3.0098,3.0927,3.1756,3.2812,3.3868,3.3962333333333334,3.4056666666666664,3.4151
2018-11-27,1.86,1.8801,2.1183,2.3271,2.4598,2.4923,2.495,2.7529000000000003,3.0108,3.0949,3.179,3.2845,3.39,3.3933333333333335,3.3966666666666665,3.4
2018-11-28,1.843,1.8718,2.3377,2.3795,2.4946,2.5113,2.48,2.7407500000000002,3.0015,3.09545,3.1894,3.28465,3.3799,3.3766000000000003,3.3733,3.37
2018-11-29,1.843,1.8706,2.3296,2.4154,2.4696,2.4617,2.47,2.7328,2.9956,3.0730500000000003,3.1505,3.2553,3.3601,3.3600666666666665,3.3600333333333334,3.36
2018-11-30,2.223,2.2506,2.2571,2.3685,2.4791,2.4743,2.4826,2.73625,2.9899,3.0625999999999998,3.1353,3.24775,3.3602,3.3584666666666667,3.356733333333333,3.355
2018-12-03,1.8345,2.1171,2.3195,2.3569,2.4704,2.4625,2.4823,2.74025,2.9982,3.06305,3.1279,3.24885,3.3698,3.3632,3.3566000000000003,3.35
2018-12-04,1.7469,2.1255,2.3264,2.3563,2.4688,2.46,2.4604,2.7171000000000003,2.9738,3.02585,3.0779,3.19645,3.315,3.3116666666666665,3.3083333333333336,3.305
2018-12-05,1.5689,2.0887,2.324,2.3625,2.4613,2.4612,2.4604,2.69685,2.9333,3.0025500000000003,3.0718,3.18575,3.2997,3.2914666666666665,3.2832333333333334,3.275
2018-12-06,1.7099,2.1899,2.3531,2.3935,2.4684,2.4585,2.4585,2.6799999999999997,2.9015,2.98745,3.0734,3.1643999999999997,3.2554,3.2619666666666665,3.2685333333333335,3.2751
2018-12-07,1.7079,2.2058,2.4235,2.401,2.4601,2.46,2.46,2.6704999999999997,2.881,2.95185,3.0227,3.13245,3.2422,3.2565666666666666,3.2709333333333332,3.2853
2018-12-10,1.7449,2.2695,2.4128,2.4561,2.4709,2.4622,2.4839,2.6709500000000004,2.858,2.9255,2.993,3.1117999999999997,3.2306,3.243,3.2554,3.2678
2018-12-11,1.7549,2.2889,2.4544,2.4661,2.4709,2.4671,2.4742,2.6711,2.868,2.9325,2.997,3.1187,3.2404,3.248666666666667,3.2569333333333335,3.2652
2018-12-12,1.7159,2.3715,2.496,2.5184,2.5198,2.4625,2.4607,2.66575,2.8708,2.93825,3.0057,3.12065,3.2356,3.2471666666666668,3.2587333333333333,3.2703
2018-12-13,1.7256,2.3978,2.5442,2.5201,2.5983,2.4614,2.4617,2.678,2.8943,2.96905,3.0438,3.1501,3.2564,3.2813000000000003,3.3062,3.3311
2018-12-14,1.78,2.4137,2.5237,2.5525,2.5985,2.4791,2.4792,2.69725,2.9153,2.9829499999999998,3.0506,3.1513,3.252,3.2836,3.3152,3.3468
2018-12-17,1.75,2.4393,2.5237,2.5525,2.5679,2.4803,2.4711,2.7024999999999997,2.9339,2.99565,3.0574,3.17485,3.2923,3.3186333333333335,3.3449666666666666,3.3713
2018-12-18,1.794,2.4205,2.5467,2.571,2.5762,2.5288,2.4861,2.71005,2.934,2.99585,3.0577,3.1751500000000004,3.2926,3.3188666666666666,3.3451333333333335,3.3714
2018-12-19,1.779,2.4637,2.5885,2.6298,2.5608,2.6022,2.7011,2.8124000000000002,2.9237,2.9909499999999998,3.0582,3.1654999999999998,3.2728,3.2956000000000003,3.3184,3.3412
2018-12-20,1.692,2.4364,2.662,2.7277,2.6,2.6001,2.6906,2.7839,2.8772,2.9593,3.0414,3.15835,3.2753,3.2836333333333334,3.2919666666666667,3.3003
2018-12-21,1.611,2.4029,2.6692,2.7791,2.605,2.6054,2.6806,2.77575,2.8709,2.95835,3.0458,3.142,3.2382,3.2644,3.2906,3.3168
2018-12-24,1.441,2.5813,2.7595,2.7947,2.6058,2.614,2.7045,2.80215,2.8998,2.9827500000000002,3.0657,3.15245,3.2392,3.2755666666666667,3.311933333333333,3.3483
2018-12-25,1.441,2.7724,2.7557,2.7951,2.6295,2.6341,2.7146,2.8059000000000003,2.8972,2.98185,3.0665,3.15975,3.253,3.2724333333333333,3.291866666666667,3.3113
2018-12-26,1.442,2.9885,2.7562,2.7792,2.6346,2.6758,2.7001,2.80015,2.9002,2.9823,3.0644,3.1562,3.248,3.2657000000000003,3.2834,3.3011
2018-12-27,1.442,2.9779,2.7456,2.7688,2.6503,2.6664,2.6611,2.78155,2.902,2.9515000000000002,3.001,3.11195,3.2229,3.2389,3.2549,3.2709
2018-12-28,1.442,2.4096,2.6478,2.6263,2.5899,2.596,2.603,2.73635,2.8697,2.9155499999999996,2.9614,3.0651,3.1688,3.1897,3.2106,3.2315
2018-12-29,1.442,2.3896,2.6323,2.6153,2.5919,2.593,2.6,2.7344,2.8688,2.9181999999999997,2.9676,3.06585,3.1641,3.1849,3.2057,3.2265
2018-12-30,1.442,2.3896,2.6323,2.6153,2.5919,2.593,2.6,2.7344,2.8688,2.9181999999999997,2.9676,3.06585,3.1641,3.1849,3.2057,3.2265
2018-12-31,1.442,2.3896,2.6323,2.6153,2.5919,2.593,2.6,2.7344,2.8688,2.9181999999999997,2.9676,3.06585,3.1641,3.1849,3.2057,3.2265
2019-01-02,1.442,2.3345,2.522,2.5237,2.5497,2.5495,2.5014,2.64365,2.7859,2.86625,2.9466,3.0171,3.0876,3.1162,3.1448,3.1734
2019-01-03,1.442,2.3087,2.4424,2.4709,2.5001,2.5012,2.5017,2.63965,2.7776,2.83705,2.8965,2.9998,3.1031,3.1157333333333335,3.1283666666666665,3.141
2019-01-04,1.442,2.2738,2.3603,2.3251,2.437,2.4514,2.4525,2.62235,2.7922,2.8385999999999996,2.885,2.9945,3.104,3.1197666666666666,3.1355333333333335,3.1513
2019-01-07,1.442,2.2313,2.3499,2.3409,2.4534,2.4138,2.4026,2.59715,2.7917,2.8609999999999998,2.9303,3.02875,3.1272,3.1350333333333333,3.142866666666667,3.1507
2019-01-08,1.409,2.1341,2.25,2.3116,2.3501,2.3503,2.3528,2.5528999999999997,2.753,2.8163,2.8796,2.9816,3.0836,3.0961000000000003,3.1086,3.1211
2019-01-09,1.562,2.2269,2.2815,2.3439,2.4,2.381,2.3777,2.56905,2.7604,2.81745,2.8745,2.98775,3.101,3.1042,3.1073999999999997,3.1106
2019-01-10,1.662,2.1877,2.2644,2.352,2.3861,2.3662,2.3627,2.56815,2.7736,2.8345000000000002,2.8954,3.0002,3.105,3.1035333333333335,3.1020666666666665,3.1006
2019-01-11,1.632,2.2289,2.2366,2.2684,2.3864,2.3995,2.4065,2.5992499999999996,2.792,2.851,2.91,3.00195,3.0939,3.0978666666666665,3.1018333333333334,3.1058
2019-01-14,1.802,2.2543,2.3052,2.3013,2.3859,2.4133,2.426,2.60935,2.7927,2.87115,2.9496,3.02855,3.1075,3.1149,3.1223,3.1297
2019-01-15,1.802,2.2941,2.3059,2.2992,2.3874,2.4175,2.4345,2.6133499999999996,2.7922,2.8703,2.9484,3.03515,3.1219,3.1273666666666666,3.1328333333333336,3.1383
2019-01-16,1.862,2.3113,2.3152,2.3198,2.3856,2.4094,2.36,2.55285,2.7457,2.8251999999999997,2.9047,2.99115,3.0776,3.0765666666666664,3.0755333333333335,3.0745
2019-01-17,1.815,2.2986,2.3095,2.3078,2.3748,2.3994,2.35,2.51865,2.6873,2.7927999999999997,2.8983,2.9778000000000002,3.0573,3.0635333333333334,3.0697666666666668,3.076
2019-01-18,1.735,2.2736,2.3041,2.2924,2.4129,2.4042,2.3498,2.52795,2.7061,2.82355,2.941,3.0100499999999997,3.0791,3.083066666666667,3.0870333333333333,3.091
2019-01-21,1.805,2.3442,2.405,2.3453,2.386,2.401,2.4209,2.57055,2.7202,2.83505,2.9499,3.01635,3.0828,3.0897666666666668,3.0967333333333333,3.1037
2019-01-22,1.805,2.3315,2.3684,2.3256,2.399,2.4001,2.3999,2.5612000000000004,2.7225,2.8331,2.9437,3.0068,3.0699,3.0823,3.0947,3.1071
2019-01-23,1.806,2.3153,2.3559,2.3097,2.3936,2.4045,2.4099,2.57125,2.7326,2.8292,2.9258,2.9918500000000003,3.0579,3.078266666666667,3.0986333333333334,3.119
2019-01-24,1.825,2.3162,2.3559,2.3093,2.3878,2.3951,2.4004,2.56715,2.7339,2.83035,2.9268,2.99995,3.0731,3.0933333333333333,3.113566666666667,3.1338
2019-01-25,1.915,2.3077,2.3064,2.2851,2.3692,2.3805,2.3804,2.56505,2.7497,2.8486,2.9475,3.01065,3.0738,3.0958,3.1178,3.1398
2019-01-28,1.745,2.2291,2.2503,2.2787,2.366,2.39,2.3961,2.5667,2.7373,2.8503999999999996,2.9635,3.021,3.0785,3.0989,3.1193,3.1397
2019-01-29,1.635,2.2172,2.2298,2.2129,2.3314,2.3749,2.3877,2.543,2.6983,2.8193,2.9403,3.00205,3.0638,3.0840666666666667,3.1043333333333334,3.1246
2019-01-30,1.565,2.1493,2.1641,2.2356,2.3433,2.3802,2.3803,2.5305,2.6807,2.8007,2.9207,2.98515,3.0496,3.0714333333333332,3.0932666666666666,3.1151
2019-01-31,1.805,2.1493,2.1641,2.2051,2.3147,2.3466,2.3873,2.5379,2.6885,2.7914,2.8943,2.9714,3.0485,3.0669,3.0853,3.1037
2019-02-01,1.655,2.1493,2.1641,2.2062,2.3152,2.35,2.351,2.5191999999999997,2.6874,2.7939999999999996,2.9006,2.9759,3.0512,3.0685333333333333,3.085866666666667,3.1032
2019-02-02,1.825,2.1493,2.1641,2.2062,2.3127,2.345,2.351,2.51675,2.6825,2.7866,2.8907,2.9694,3.0481,3.0646666666666667,3.081233333333333,3.0978
2019-02-03,1.647,2.1383,2.1641,2.2062,2.3127,2.34,2.3506,2.51555,2.6805,2.7864,2.8923,2.96545,3.0386,3.0579666666666667,3.0773333333333333,3.0967
2019-02-11,1.827,2.1153,2.1757,2.2041,2.2905,2.3129,2.3381,2.50515,2.6722,2.7738,2.8754,2.9599,3.0444,3.0519333333333334,3.059466666666667,3.067
2019-02-12,1.587,1.9788,2.1266,2.1853,2.2815,2.2951,2.3053,2.4773,2.6493,2.7568,2.8643,2.95505,3.0458,3.0554666666666668,3.0651333333333333,3.0748
2019-02-13,1.587,1.9552,2.082,2.1752,2.2689,2.2802,2.3251,2.4837499999999997,2.6424,2.7584999999999997,2.8746,2.95365,3.0327,3.0457666666666667,3.0588333333333333,3.0719
2019-02-14,1.587,1.9453,2.0622,2.1639,2.2618,2.2749,2.313,2.4880500000000003,2.6631,2.7705,2.8779,2.9596,3.0413,3.0517333333333334,3.0621666666666667,3.0726
2019-02-15,1.587,1.9171,2.0057,2.0058,2.2637,2.2717,2.3094,2.48135,2.6533,2.76635,2.8794,2.9547,3.03,3.0464666666666664,3.0629333333333335,3.0794
2019-02-18,1.697,1.9808,2.0231,2.0626,2.2099,2.2638,2.3206,2.4969,2.6732,2.7911,2.909,2.9846,3.0602,3.0766,3.093,3.1094
2019-02-19,1.837,1.9808,2.0259,2.0619,2.2056,2.264,2.3141,2.4936499999999997,2.6732,2.79385,2.9145,2.99205,3.0696,3.089033333333333,3.1084666666666667,3.1279
2019-02-20,1.727,1.932,2.0384,2.0611,2.1804,2.2894,2.3053,2.49925,2.6932,2.79975,2.9063,2.9852499999999997,3.0642,3.082666666666667,3.1011333333333333,3.1196
2019-02-21,1.907,1.932,2.0377,2.0509,2.202,2.2819,2.3356,2.51255,2.6895,2.8042499999999997,2.919,2.9961,3.0732,3.0941666666666667,3.115133333333333,3.1361
2019-02-22,1.9821,1.9822,2.0365,2.0366,2.2084,2.2823,2.3592,2.5302499999999997,2.7013,2.8133,2.9253,3.0042999999999997,3.0833,3.1039,3.1245,3.1451
2019-02-25,1.9821,1.9887,2.043,2.0525,2.2257,2.3386,2.344,2.53855,2.7331,2.86435,2.9956,3.0674,3.1392,3.152366666666667,3.1655333333333333,3.1787
2019-02-26,2.0821,2.1241,2.1784,2.1883,2.2425,2.3471,2.3546,2.5627,2.7708,2.9090499999999997,3.0473,3.1033,3.1593,3.1688,3.1783,3.1878
2019-02-27,2.0321,2.0766,2.1334,2.1495,2.2789,2.3499,2.39,2.57935,2.7687,2.9015,3.0343,3.0837000000000003,3.1331,3.1450333333333336,3.1569666666666665,3.1689
2019-02-28,1.9621,2.0142,2.078,2.1346,2.2557,2.3573,2.4053,2.5825,2.7597,2.90315,3.0466,3.0965,3.1464,3.1553,3.1641999999999997,3.1731
2019-03-01,1.6621,1.8672,1.9411,2.0102,2.2808,2.3588,2.4338,2.6117,2.7896,2.92925,3.0689,3.1227,3.1765,3.1799999999999997,3.1835,3.187
2019-03-04,1.4621,1.8665,1.9189,1.963,2.2578,2.367,2.4442,2.6287000000000003,2.8132,2.9411500000000004,3.0691,3.12775,3.1864,3.1917,3.197,3.2023
2019-03-05,1.6471,1.8213,1.9277,2.0273,2.2626,2.3487,2.4431,2.63755,2.832,2.9655,3.099,3.1485000000000003,3.198,3.2036333333333333,3.2092666666666667,3.2149
2019-03-06,1.7477,1.8106,1.9313,2.0013,2.2229,2.3407,2.4486,2.65025,2.8519,2.9706,3.0893,3.14955,3.2098,3.2072333333333334,3.2046666666666668,3.2021
2019-03-07,1.7337,1.8442,1.8453,1.9626,2.2041,2.3403,2.4532,2.6481,2.843,2.9442,3.0454,3.10755,3.1697,3.1655333333333333,3.161366666666667,3.1572
2019-03-08,1.7207,1.9344,1.906,1.9539,2.1081,2.2986,2.4503,2.6267,2.8031,2.91575,3.0284,3.0965,3.1646,3.157166666666667,3.1497333333333333,3.1423
2019-03-11,1.7207,1.8988,1.918,1.9302,2.157,2.319,2.4471,2.63485,2.8226,2.9250499999999997,3.0275,3.09715,3.1668,3.157,3.1471999999999998,3.1374
2019-03-12,1.9207,1.9381,1.9818,2.006,2.157,2.3228,2.4613,2.64435,2.8274,2.9405,3.0536,3.1127,3.1718,3.162,3.1522,3.1424
2019-03-13,1.7486,1.9474,1.9777,2.001,2.2052,2.349,2.4705,2.6452999999999998,2.8201,2.9370000000000003,3.0539,3.1090999999999998,3.1643,3.1553666666666667,3.1464333333333334,3.1375
2019-03-14,1.9486,1.977,1.9834,2.1556,2.2322,2.3464,2.4719,2.64995,2.828,2.9460499999999996,3.0641,3.11435,3.1646,3.1589,3.1532,3.1475
2019-03-15,1.9881,2.0161,2.0229,2.1529,2.2311,2.3426,2.4632,2.6231,2.783,2.9227499999999997,3.0625,3.1109999999999998,3.1595,3.1522,3.1449,3.1376
2019-03-18,1.9906,2.0171,2.0172,2.1595,2.2348,2.3546,2.4773,2.6407499999999997,2.8042,2.93785,3.0715,3.1203,3.1691,3.1586333333333334,3.1481666666666666,3.1377
2019-03-19,2.0678,2.1983,2.0917,2.1657,2.2381,2.3582,2.4787,2.6269,2.7751,2.9259000000000004,3.0767,3.1229,3.1691,3.1586333333333334,3.1481666666666666,3.1377
2019-03-20,2.1101,2.206,2.0896,2.1546,2.2395,2.3525,2.4698,2.628,2.7862,2.92865,3.0711,3.1250999999999998,3.1791,3.1678333333333333,3.156566666666667,3.1453
2019-03-21,2.1601,2.2,2.1113,2.1536,2.2288,2.3358,2.4498,2.6158,2.7818,2.9141500000000002,3.0465,3.09795,3.1494,3.1426333333333334,3.135866666666667,3.1291
2019-03-22,2.1201,2.439,2.1121,2.1446,2.2408,2.3511,2.4655,2.61355,2.7616,2.8978,3.034,3.08175,3.1295,3.1223333333333336,3.1151666666666666,3.108
2019-03-25,2.0401,2.3833,2.1304,2.1062,2.2511,2.3651,2.4795,2.618,2.7565,2.8833,3.0101,3.06935,3.1286,3.1134333333333335,3.0982666666666665,3.0831
2019-03-26,2.0001,2.3951,2.1204,2.0915,2.2552,2.3591,2.4706,2.6041,2.7376,2.8651999999999997,2.9928,3.0434,3.094,3.0837666666666665,3.0735333333333332,3.0633
2019-03-27,1.8001,2.4292,2.1294,2.1293,2.2771,2.3621,2.4669,2.5942499999999997,2.7216,2.85765,2.9937,3.0418000000000003,3.0899,3.0893333333333333,3.088766666666667,3.0882
2019-03-28,1.5701,2.4112,2.1294,2.1513,2.2429,2.3378,2.4478,2.5824499999999997,2.7171,2.84145,2.9658,3.03355,3.1013,3.0886666666666667,3.0760333333333336,3.0634
2019-03-29,2.0201,2.3421,2.104,2.1427,2.2321,2.3287,2.4377,2.57515,2.7126,2.83515,2.9577,3.03315,3.1086,3.0951666666666666,3.081733333333333,3.0683
2019-04-01,1.8491,2.1016,2.0552,2.0522,2.1763,2.3217,2.4407,2.5966500000000003,2.7526,2.8826,3.0126,3.0955,3.1784,3.163333333333333,3.1482666666666668,3.1332
2019-04-02,1.4901,2.1046,2.08,2.0826,2.198,2.3346,2.4522,2.60715,2.7621,2.89995,3.0378,3.128,3.2182,3.2015,3.1848,3.1681
2019-04-03,1.1971,2.0548,2.07,2.0811,2.1823,2.3417,2.4639,2.6667,2.8695,2.97525,3.081,3.18085,3.2807,3.2648333333333333,3.2489666666666666,3.2331
2019-04-04,1.1971,1.9879,2.0679,2.0715,2.1913,2.3537,2.4759,2.6881500000000003,2.9004,3.01585,3.1313,3.2102,3.2891,3.282033333333333,3.274966666666667,3.2679
2019-04-08,1.2081,1.8256,2.057,2.1573,2.1897,2.3502,2.4746,2.684,2.8934,3.02785,3.1623,3.2217000000000002,3.2811,3.2701333333333333,3.2591666666666668,3.2482
2019-04-09,1.5771,1.8256,1.9806,2.159,2.192,2.3435,2.4664,2.6962,2.926,3.07595,3.2259,3.2675,3.3091,3.3021333333333334,3.2951666666666664,3.2882
2019-04-10,1.9771,1.9956,2.0435,2.1727,2.2174,2.356,2.4753,2.70885,2.9424,3.0762,3.21,3.2548,3.2996,3.2974666666666668,3.2953333333333332,3.2932
2019-04-11,1.9771,1.9956,2.0433,2.1753,2.2343,2.3594,2.4794,2.7108,2.9422,3.06075,3.1793,3.23435,3.2894,3.2857333333333334,3.2820666666666667,3.2784
2019-04-12,1.8941,2.0126,2.0603,2.1064,2.28,2.4397,2.52,2.73265,2.9453,3.06155,3.1778,3.2504,3.323,3.3264666666666667,3.3299333333333334,3.3334
2019-04-15,2.0391,2.0756,2.1434,2.2019,2.3094,2.4424,2.5336,2.75935,2.9851,3.11325,3.2414,3.3057,3.37,3.3712,3.3724000000000003,3.3736
2019-04-16,2.2774,2.1444,2.1484,2.1865,2.3223,2.4953,2.5856,2.81435,3.0431,3.1498,3.2565,3.3280000000000003,3.3995,3.3975666666666666,3.3956333333333335,3.3937
2019-04-17,2.3158,2.182,2.1853,2.2006,2.453,2.7084,2.7156,2.88455,3.0535,3.1551,3.2567,3.3305,3.4043,3.4008000000000003,3.3973,3.3938
2019-04-18,2.3158,2.1451,2.1503,2.2267,2.455,2.6487,2.6712,2.8475,3.0238,3.1128,3.2018,3.28795,3.3741,3.3690333333333333,3.3639666666666668,3.3589
2019-04-19,1.9658,2.07,2.1238,2.187,2.4095,2.6571,2.6797,2.8356500000000002,2.9916,3.097,3.2024,3.2921,3.3818,3.3792333333333335,3.3766666666666665,3.3741
2019-04-22,1.8618,1.9722,2.0348,2.1247,2.3416,2.6713,2.6913,2.85715,3.023,3.12305,3.2231,3.32595,3.4288,3.4222333333333332,3.4156666666666666,3.4091
2019-04-23,1.9718,1.9724,2.0312,2.189,2.3314,2.6734,2.702,2.86375,3.0255,3.1346,3.2437,3.33605,3.4284,3.4187,3.4090000000000003,3.3993
2019-04-24,1.9718,1.9956,2.0,2.1705,2.3207,2.6714,2.6968,2.86545,3.0341,3.1517,3.2693,3.3591499999999996,3.449,3.4440999999999997,3.4392,3.4343
2019-04-25,2.0518,2.0895,2.1066,2.1765,2.3773,2.6646,2.6902,2.8611,3.032,3.13805,3.2441,3.34145,3.4388,3.4323,3.4257999999999997,3.4193
2019-04-26,2.0518,2.1138,2.1348,2.2105,2.3537,2.6297,2.6742,2.85175,3.0293,3.1216500000000003,3.214,3.3264,3.4388,3.4273000000000002,3.4158,3.4043
2019-04-28,2.041,2.1137,2.1348,2.2105,2.3537,2.6543,2.6988,2.8640499999999998,3.0293,3.1216500000000003,3.214,3.3264,3.4388,3.4273000000000002,3.4158,3.4043
2019-04-29,1.921,2.0938,2.1069,2.2475,2.3772,2.6727,2.7223,2.87995,3.0376,3.12875,3.2199,3.3295,3.4391,3.435,3.4309,3.4268
2019-04-30,1.921,2.0689,2.0898,2.2545,2.3646,2.6401,2.6902,2.86225,3.0343,3.1146000000000003,3.1949,3.31105,3.4272,3.4137666666666666,3.400333333333333,3.3869
2019-05-05,1.625,2.0463,2.0808,2.2595,2.3636,2.6471,2.6902,2.86225,3.0343,3.1146000000000003,3.1949,3.3099,3.4249,3.411566666666667,3.398233333333333,3.3849
2019-05-06,1.625,2.0243,2.0808,2.2713,2.3576,2.6273,2.6794,2.82895,2.9785,3.0625999999999998,3.1467,3.26845,3.3902,3.3784666666666667,3.3667333333333334,3.355
2019-05-07,1.375,1.9863,2.0639,2.2736,2.3526,2.6239,2.6764,2.8653500000000003,3.0543,3.10855,3.1628,3.2824,3.402,3.386366666666667,3.3707333333333334,3.3551
2019-05-08,1.325,1.9853,2.0766,2.2953,2.3704,2.6271,2.6801,2.84895,3.0178,3.08575,3.1537,3.2704000000000004,3.3871,3.372266666666667,3.3574333333333333,3.3426
2019-05-09,1.525,1.9723,2.0728,2.2867,2.3568,2.6084,2.6618,2.82385,2.9859,3.06395,3.142,3.2495000000000003,3.357,3.3418666666666668,3.3267333333333333,3.3116
2019-05-10,1.5733,2.0259,2.1724,2.351,2.4077,2.6316,2.685,2.83405,2.9831,3.0679,3.1527,3.25095,3.3492,3.3333666666666666,3.3175333333333334,3.3017
2019-05-13,1.5733,2.0462,2.256,2.3773,2.4801,2.631,2.6844,2.83,2.9756,3.053,3.1304,3.2259499999999997,3.3215,3.3046333333333333,3.2877666666666667,3.2709
2019-05-14,1.8296,2.0463,2.2306,2.356,2.4571,2.617,2.6783,2.83405,2.9898,3.0749,3.16,3.2517500000000004,3.3435,3.3243,3.3051,3.2859
2019-05-15,1.9507,2.0647,2.2327,2.3287,2.4536,2.625,2.6848,2.83695,2.9891,3.0688500000000003,3.1486,3.23985,3.3311,3.3128,3.2944999999999998,3.2762
2019-05-16,1.9497,1.9958,2.2488,2.2828,2.43,2.6284,2.683,2.81715,2.9513,3.0403000000000002,3.1293,3.2193,3.3093,3.2949333333333333,3.2805666666666666,3.2662
2019-05-17,1.8027,1.9964,2.1524,2.2888,2.4688,2.6107,2.6775,2.8197,2.9619,3.0481499999999997,3.1344,3.22295,3.3115,3.2965,3.2815000000000003,3.2665
2019-05-20,2.2532,2.0852,2.1176,2.2624,2.4207,2.5992,2.6593,2.81195,2.9646,3.0473,3.13,3.2209,3.3118,3.298433333333333,3.285066666666667,3.2717
2019-05-21,2.2532,2.082,2.1209,2.2779,2.426,2.6008,2.6623,2.8223000000000003,2.9823,3.05865,3.135,3.2348,3.3346,3.3227333333333333,3.3108666666666666,3.299
2019-05-22,2.1262,2.0669,2.1781,2.3063,2.45,2.6317,2.7,2.8404,2.9808,3.06205,3.1433,3.248,3.3527,3.343933333333333,3.335166666666667,3.3264
2019-05-23,2.0262,2.02,2.1867,2.31,2.4326,2.6175,2.695,2.83005,2.9651,3.0404999999999998,3.1159,3.22485,3.3338,3.3258666666666667,3.3179333333333334,3.31
2019-05-24,1.9762,1.9991,2.1888,2.2934,2.4294,2.6141,2.6912,2.8281,2.965,3.0381,3.1112,3.2237,3.3362,3.3283,3.3204,3.3125
2019-05-27,2.1762,2.2156,2.2284,2.3087,2.4807,2.6708,2.7535,2.87915,3.0048,3.0772500000000003,3.1497,3.26405,3.3784,3.3689333333333336,3.3594666666666666,3.35
2019-05-28,2.1936,2.2596,2.3315,2.3947,2.5791,2.6057,2.7352,2.8548,2.9744,3.05885,3.1433,3.25035,3.3574,3.3416,3.3258,3.31
2019-05-29,1.9246,2.1593,2.2825,2.3633,2.5805,2.6017,2.715,2.8343499999999997,2.9537,3.0231,3.0925,3.2053999999999996,3.3183,3.3080333333333334,3.2977666666666665,3.2875
2019-05-30,1.7183,2.1628,2.2697,2.3818,2.5309,2.5713,2.6964,2.8104500000000003,2.9245,2.99635,3.0682,3.1881500000000003,3.3081,3.297066666666667,3.286033333333333,3.275
2019-05-31,1.7183,2.1747,2.2846,2.3996,2.5135,2.5628,2.679,2.8104,2.9418,3.0074500000000004,3.0731,3.1906,3.3081,3.2971,3.2861000000000002,3.2751
2019-06-03,1.7648,2.0804,2.295,2.416,2.485,2.5809,2.6934,2.8169,2.9404,2.9991999999999996,3.058,3.1679,3.2778,3.265233333333333,3.252666666666667,3.2401
2019-06-04,1.7208,2.0876,2.2803,2.4115,2.4503,2.5568,2.671,2.8037,2.9364,2.98955,3.0427,3.1523,3.2619,3.2446333333333333,3.2273666666666667,3.2101
2019-06-05,1.6877,2.1257,2.3077,2.4162,2.4394,2.5476,2.6632,2.8057999999999996,2.9484,2.9984,3.0484,3.1563499999999998,3.2643,3.2462,3.2281,3.21
2019-06-06,1.6157,2.1474,2.2888,2.4053,2.4702,2.5391,2.6542,2.80375,2.9533,3.0049,3.0565,3.1551,3.2537,3.240333333333333,3.2269666666666668,3.2136
2019-06-10,1.7075,2.1497,2.2908,2.4105,2.493,2.5503,2.6661,2.8201,2.9741,3.0252999999999997,3.0765,3.17325,3.27,3.2550333333333334,3.2400666666666664,3.2251
2019-06-11,1.7075,2.1664,2.27,2.4162,2.4917,2.5614,2.6772,2.8360000000000003,2.9948,3.0541,3.1134,3.2066999999999997,3.3,3.2883666666666667,3.276733333333333,3.2651
2019-06-12,1.7075,2.1986,2.2939,2.4136,2.4746,2.5673,2.6849,2.8307,2.9765,3.0448500000000003,3.1132,3.2028499999999998,3.2925,3.2817,3.2709,3.2601
2019-06-13,1.6925,2.1738,2.2802,2.4106,2.486,2.5984,2.7155,2.8401,2.9647,3.0313499999999998,3.098,3.18775,3.2775,3.2666999999999997,3.2559,3.2451
2019-06-14,1.5925,2.2838,2.3419,2.4302,2.5298,2.6298,2.7338,2.83765,2.9415,3.0073499999999997,3.0732,3.1666499999999997,3.2601,3.2501333333333333,3.2401666666666666,3.2302
2019-06-17,1.4825,2.2284,2.3581,2.4549,2.5805,2.6233,2.7264,2.8277,2.929,2.9926,3.0562,3.1531000000000002,3.25,3.2417333333333334,3.2334666666666667,3.2252
2019-06-18,1.4925,2.3032,2.3694,2.4312,2.5258,2.6247,2.727,2.8277,2.9284,2.9913,3.0542,3.1546,3.255,3.2467333333333332,3.2384666666666666,3.2302
2019-06-19,1.4925,2.3078,2.3382,2.351,2.5015,2.6208,2.7231,2.82605,2.929,2.99845,3.0679,3.16645,3.265,3.257566666666667,3.2501333333333333,3.2427
2019-06-20,1.4425,2.2814,2.3178,2.332,2.4556,2.5869,2.6889,2.80015,2.9114,2.98125,3.0511,3.15555,3.26,3.251733333333333,3.2434666666666665,3.2352
2019-06-21,1.3015,2.1919,2.2289,2.2566,2.4072,2.5588,2.6608,2.787,2.9132,2.9771,3.041,3.1479999999999997,3.255,3.246766666666667,3.2385333333333333,3.2303
2019-06-24,1.1015,2.1652,2.2029,2.2464,2.415,2.5618,2.6633,2.7967500000000003,2.9302,2.996,3.0618,3.1658999999999997,3.27,3.2617666666666665,3.2535333333333334,3.2453
2019-06-25,1.1245,2.1323,2.1996,2.2536,2.4094,2.5579,2.6593,2.79175,2.9242,2.9879499999999997,3.0517,3.1571,3.2625,3.2534333333333336,3.2443666666666666,3.2353
2019-06-26,1.0925,2.1008,2.1669,2.2342,2.3982,2.5593,2.6604,2.79325,2.9261,2.9943999999999997,3.0627,3.16635,3.27,3.2617666666666665,3.2535333333333334,3.2453
2019-06-27,1.063,2.0962,2.1607,2.2375,2.3948,2.5554,2.6565,2.8009,2.9453,3.0114,3.0775,3.17375,3.27,3.2651,3.2602,3.2553
2019-06-28,1.473,2.0789,2.1379,2.187,2.3893,2.542,2.6429,2.79175,2.9406,2.9988,3.057,3.1559999999999997,3.255,3.2451333333333334,3.2352666666666665,3.2254
2019-07-01,1.1675,2.0603,2.1312,2.1946,2.3466,2.5549,2.6554,2.7960000000000003,2.9366,2.9972,3.0578,3.1589,3.26,3.2484666666666664,3.2369333333333334,3.2254
2019-07-02,1.0165,2.0305,2.1483,2.1661,2.3291,2.5259,2.6263,2.7641999999999998,2.9021,2.9557,3.0093,3.1096500000000002,3.21,3.1968,3.1835999999999998,3.1704
2019-07-03,1.044,1.9892,2.0483,2.0509,2.2764,2.4922,2.5926,2.7357,2.8788,2.9382,2.9976,3.0888,3.18,3.1718,3.1636,3.1554
2019-07-04,1.011,1.9622,1.9989,2.0671,2.2359,2.4834,2.5845,2.7308,2.8771,2.93095,2.9848,3.08365,3.1825,3.1709666666666667,3.1594333333333333,3.1479
2019-07-05,1.222,1.9612,2.0002,2.0395,2.2362,2.4952,2.5957,2.74845,2.9012,2.9596999999999998,3.0182,3.10665,3.1951,3.1869,3.1787,3.1705
2019-07-08,1.432,1.9945,2.0245,2.0511,2.2165,2.4435,2.61,2.7606,2.9112,2.9698,3.0284,3.1129499999999997,3.1975,3.1918333333333333,3.1861666666666664,3.1805
2019-07-09,1.76,1.9978,2.0322,2.0588,2.2529,2.4681,2.6267,2.76925,2.9118,2.9673499999999997,3.0229,3.1064,3.1899,3.1826000000000003,3.1753,3.168
2019-07-10,1.801,1.9668,2.0007,2.0317,2.2858,2.471,2.5918,2.7588,2.9258,2.97305,3.0203,3.10515,3.19,3.183533333333333,3.1770666666666667,3.1706
2019-07-11,1.801,1.9668,1.9971,2.0544,2.2674,2.5018,2.6031,2.7502500000000003,2.8974,2.959,3.0206,3.10525,3.1899,3.1826000000000003,3.1753,3.168
2019-07-12,1.861,2.0113,2.0311,2.0393,2.2732,2.5057,2.6186,2.7531,2.8876,2.94885,3.0101,3.0949999999999998,3.1799,3.1709666666666667,3.162033333333333,3.1531
2019-07-15,2.2435,2.0082,2.0277,2.0321,2.2757,2.511,2.6244,2.7692,2.914,2.9724000000000004,3.0308,3.11285,3.1949,3.1893333333333334,3.1837666666666666,3.1782
2019-07-16,2.2935,2.0781,2.0834,2.0884,2.2749,2.5109,2.6246,2.7678000000000003,2.911,2.97105,3.0311,3.1117999999999997,3.1925,3.1860666666666666,3.1796333333333333,3.1732
2019-07-17,2.3935,2.1053,2.1064,2.1306,2.3046,2.537,2.6378,2.77115,2.9045,2.9656000000000002,3.0267,3.1108000000000002,3.1949,3.1885,3.1821,3.1757
2019-07-18,2.4545,2.1155,2.1248,2.1624,2.3056,2.5373,2.6382,2.7676,2.897,2.9526999999999997,3.0084,3.0942,3.18,3.1736,3.1672000000000002,3.1608
2019-07-19,2.5095,2.1036,2.1364,2.1492,2.2967,2.5392,2.6344,2.7659000000000002,2.8974,2.9531500000000004,3.0089,3.0919499999999998,3.175,3.168633333333333,3.1622666666666666,3.1559
2019-07-22,2.3523,2.143,2.1483,2.1948,2.311,2.5364,2.6386,2.7647,2.8908,2.9449,2.999,3.0857,3.1724,3.1644,3.1564,3.1484
2019-07-23,2.1023,2.1111,2.1198,2.2086,2.3121,2.5291,2.6302,2.7573499999999997,2.8845,2.9382,2.9919,3.0808999999999997,3.1699,3.1627333333333336,3.1555666666666666,3.1484
2019-07-24,2.0213,2.131,2.1475,2.1882,2.3078,2.5317,2.6317,2.7670500000000002,2.9024,2.9561,3.0098,3.0949,3.18,3.177,3.174,3.171
2019-07-25,2.1213,2.15,2.1775,2.203,2.3155,2.5297,2.6317,2.7637,2.8957,2.9504,3.0051,3.0900499999999997,3.175,3.1711666666666667,3.167333333333333,3.1635
2019-07-26,2.1213,2.1582,2.1892,2.2222,2.3313,2.5241,2.6267,2.7638,2.9009,2.9545000000000003,3.0081,3.0916,3.1751,3.1721,3.1691000000000003,3.1661
2019-07-29,2.1213,2.1725,2.186,2.2687,2.3131,2.525,2.6277,2.76865,2.9096,2.9671000000000003,3.0246,3.1073,3.19,3.187866666666667,3.1857333333333333,3.1836
2019-07-30,2.1133,2.1614,2.2033,2.2802,2.296,2.5261,2.6285,2.76905,2.9096,2.96455,3.0195,3.1037,3.1879,3.1839666666666666,3.1800333333333333,3.1761
2019-07-31,2.1733,2.1797,2.2339,2.31,2.3269,2.5203,2.6183,2.7564,2.8945,2.94695,2.9994,3.0859,3.1724,3.1666666666666665,3.1609333333333334,3.1552
2019-08-01,2.0433,2.1415,2.2874,2.3302,2.3474,2.506,2.6155,2.753,2.8905,2.93715,2.9838,3.07435,3.1649,3.1595,3.1540999999999997,3.1487
2019-08-02,2.0299,2.1194,2.2392,2.3082,2.3231,2.4802,2.5973,2.7278000000000002,2.8583,2.9005,2.9427,3.0328,3.1229,3.1124,3.1019,3.0914
2019-08-05,1.9399,2.1194,2.3023,2.3303,2.348,2.4863,2.5875,2.71485,2.8422,2.8762,2.9102,3.0,3.0898,3.0786333333333333,3.0674666666666663,3.0563
2019-08-06,1.9049,2.1465,2.3185,2.3314,2.3621,2.4885,2.5724,2.70995,2.8475,2.8837,2.9199,3.0073,3.0947,3.0835666666666666,3.0724333333333336,3.0613
2019-08-07,1.9078,2.1415,2.2989,2.3404,2.37,2.4907,2.572,2.66935,2.7667,2.8508500000000003,2.935,3.0074,3.0798,3.0703333333333336,3.0608666666666666,3.0514
2019-08-08,1.9073,2.1521,2.3146,2.3406,2.3711,2.4896,2.5752,2.66715,2.7591,2.84765,2.9362,3.0080999999999998,3.08,3.0688333333333335,3.0576666666666665,3.0465
2019-08-09,1.9549,2.1762,2.3013,2.3202,2.3852,2.4862,2.5694,2.6736,2.7778,2.8419499999999998,2.9061,2.98175,3.0574,3.0454666666666665,3.033533333333333,3.0216
2019-08-12,1.959,2.1617,2.3033,2.3489,2.4064,2.5083,2.5906,2.68565,2.7807,2.8506,2.9205,2.99635,3.0722,3.061166666666667,3.050133333333333,3.0391
2019-08-13,1.997,2.1693,2.3263,2.3549,2.4134,2.5101,2.5915,2.6824,2.7733,2.8372,2.9011,2.9716,3.0421,3.0294333333333334,3.016766666666667,3.0041
2019-08-14,2.019,2.1592,2.3146,2.3512,2.4424,2.5322,2.5896,2.6803999999999997,2.7712,2.8406000000000002,2.91,2.9773500000000004,3.0447,3.0333,3.0219,3.0105
2019-08-15,1.989,2.1434,2.3151,2.3853,2.4421,2.5326,2.5965,2.6839,2.7713,2.8447500000000003,2.9182,2.98145,3.0447,3.0336333333333334,3.0225666666666666,3.0115
2019-08-16,1.995,2.2583,2.3136,2.4038,2.4517,2.534,2.5949,2.68835,2.7818,2.85935,2.9369,2.99585,3.0548,3.043766666666667,3.0327333333333333,3.0217
2019-08-19,2.115,2.2416,2.326,2.4003,2.449,2.5373,2.5969,2.68705,2.7772,2.8482000000000003,2.9192,2.9869000000000003,3.0546,3.0427666666666666,3.0309333333333335,3.0191
2019-08-20,2.165,2.2407,2.3198,2.3845,2.4688,2.5482,2.6012,2.6868,2.7724,2.8518499999999998,2.9313,2.9955,3.0597,3.0503666666666667,3.041033333333333,3.0317
2019-08-21,2.155,2.2688,2.334,2.4348,2.5184,2.599,2.628,2.7003000000000004,2.7726,2.8664500000000004,2.9603,3.0225,3.0847,3.075366666666667,3.0660333333333334,3.0567
2019-08-22,2.116,2.2592,2.3374,2.4369,2.5155,2.59,2.6235,2.7045500000000002,2.7856,2.87345,2.9613,3.02295,3.0846,3.0745,3.0644,3.0543
2019-08-23,2.116,2.2372,2.328,2.4375,2.5193,2.5914,2.6195,2.699,2.7785,2.87095,2.9634,3.0266,3.0898,3.0813333333333333,3.0728666666666666,3.0644
2019-08-26,2.169,2.2453,2.3327,2.4457,2.547,2.5712,2.6081,2.6910999999999996,2.7741,2.8592,2.9443,3.007,3.0697,3.0629333333333335,3.0561666666666665,3.0494
2019-08-27,2.199,2.3059,2.3482,2.4595,2.5687,2.5808,2.6258,2.69955,2.7733,2.86205,2.9508,3.0152,3.0796,3.0704000000000002,3.0612,3.052
2019-08-28,2.131,2.3586,2.3768,2.4759,2.5793,2.5962,2.626,2.7001,2.7742,2.8655,2.9568,3.02065,3.0845,3.0736666666666665,3.0628333333333333,3.052
2019-08-29,2.136,2.3756,2.433,2.4858,2.5751,2.586,2.6311,2.69685,2.7626,2.8461499999999997,2.9297,2.9936499999999997,3.0576,3.0490999999999997,3.0406,3.0321
2019-08-30,2.136,2.3134,2.4406,2.448,2.556,2.5799,2.6179,2.69885,2.7798,2.87125,2.9627,3.02615,3.0896,3.0788333333333333,3.0680666666666667,3.0573
2019-09-02,2.114,2.2093,2.4352,2.4412,2.5537,2.5835,2.6205,2.70955,2.7986,2.88795,2.9773,3.0384,3.0995,3.0904333333333334,3.0813666666666664,3.0723
2019-09-03,2.077,2.2123,2.4199,2.4402,2.5547,2.5866,2.6235,2.7313,2.8391,2.90695,2.9748,3.0395000000000003,3.1042,3.0902666666666665,3.0763333333333334,3.0624
2019-09-04,2.107,2.3375,2.3982,2.4149,2.5408,2.5865,2.63,2.72975,2.8295,2.8928000000000003,2.9561,3.0238500000000004,3.0916,3.0768333333333335,3.0620666666666665,3.0473
2019-09-05,2.167,2.1841,2.3632,2.4216,2.5271,2.5491,2.6129,2.68865,2.7644,2.84505,2.9257,2.98875,3.0518,3.0403000000000002,3.0288,3.0173
2019-09-06,2.0865,2.1036,2.3507,2.3942,2.4558,2.5647,2.6102,2.6771000000000003,2.744,2.8260500000000004,2.9081,2.9800500000000003,3.052,3.0404333333333335,3.0288666666666666,3.0173
2019-09-09,2.0865,2.0953,2.3404,2.414,2.4715,2.5843,2.6298,2.68865,2.7475,2.8418,2.9361,3.0000999999999998,3.0641,3.0510666666666664,3.0380333333333334,3.025
2019-09-10,2.0965,2.1321,2.3228,2.4063,2.4626,2.5691,2.62,2.68065,2.7413,2.84805,2.9548,3.0182,3.0816,3.0685666666666664,3.0555333333333334,3.0425
2019-09-11,1.9945,2.1341,2.3787,2.3995,2.4924,2.5446,2.6119,2.67935,2.7468,2.8493500000000003,2.9519,3.0193000000000003,3.0867,3.0753,3.0639000000000003,3.0525
2019-09-12,1.994,2.178,2.3802,2.3888,2.4939,2.5339,2.6012,2.6733000000000002,2.7454,2.8628,2.9802,3.0486,3.117,3.1072,3.0974,3.0876
2019-09-16,1.961,2.1376,2.3058,2.4168,2.4848,2.5349,2.5961,2.6768,2.7575,2.8672,2.9769,3.0481,3.1193,3.1104,3.1015,3.0926
2019-09-17,2.061,2.0847,2.2825,2.4032,2.4884,2.5351,2.5963,2.6715999999999998,2.7469,2.8674,2.9879,3.05865,3.1294,3.122133333333333,3.114866666666667,3.1076
2019-09-18,2.061,2.0891,2.2707,2.4,2.5008,2.5455,2.5503,2.64865,2.747,2.8751499999999997,3.0033,3.08135,3.1594,3.1488666666666667,3.1383333333333336,3.1278
2019-09-19,2.0629,2.0899,2.2749,2.3169,2.5075,2.5459,2.5507,2.64905,2.7474,2.87255,2.9977,3.0683499999999997,3.139,3.1277666666666666,3.1165333333333334,3.1053
2019-09-20,2.0719,2.1566,2.2602,2.3071,2.503,2.5671,2.5718,2.6593999999999998,2.747,2.8682,2.9894,3.058,3.1266,3.1170666666666667,3.107533333333333,3.098
2019-09-23,1.9719,2.1323,2.2328,2.3166,2.5055,2.5565,2.5652,2.658,2.7508,2.86745,2.9841,3.0554,3.1267,3.1179666666666668,3.109233333333333,3.1005
2019-09-24,1.7219,2.138,2.2346,2.2934,2.4939,2.5565,2.5654,2.6607,2.756,2.87695,2.9979,3.06745,3.137,3.1315,3.126,3.1205
2019-09-25,1.6519,2.1447,2.2053,2.2838,2.4967,2.5417,2.5503,2.6524,2.7545,2.87245,2.9904,3.0624000000000002,3.1344,3.1281666666666665,3.1219333333333332,3.1157
2019-09-26,1.6519,2.1421,2.2289,2.2767,2.5085,2.5367,2.5457,2.6513999999999998,2.7571,2.8828,3.0085,3.0815,3.1545,3.1490333333333336,3.1435666666666666,3.1381
2019-09-27,1.7519,2.1463,2.2354,2.2417,2.4801,2.5317,2.5413,2.6534999999999997,2.7657,2.891,3.0163,3.08935,3.1624,3.1576666666666666,3.1529333333333334,3.1482
2019-09-29,1.7303,2.1395,2.2485,2.2759,2.4322,2.526,2.5493,2.6564,2.7635,2.8843,3.0051,3.0798,3.1545,3.1508000000000003,3.1471,3.1434
2019-09-30,1.8325,2.1949,2.2572,2.2846,2.428,2.5437,2.5628,2.6749,2.787,2.8996500000000003,3.0123,3.0913000000000004,3.1703,3.1605666666666665,3.1508333333333334,3.1411
2019-10-08,1.9325,2.1757,2.2239,2.25,2.4279,2.5464,2.5513,2.6679,2.7845,2.8908,2.9971,3.0703,3.1435,3.1311,3.1187,3.1063
2019-10-09,1.8069,2.0947,2.1874,2.2452,2.4163,2.5422,2.5643,2.66745,2.7706,2.8852,2.9998,3.07045,3.1411,3.1303666666666667,3.1196333333333333,3.1089
2019-10-10,1.8019,2.156,2.2152,2.2379,2.416,2.5425,2.5651,2.6652500000000003,2.7654,2.8921,3.0188,3.08875,3.1587,3.1487666666666665,3.1388333333333334,3.1289
2019-10-11,1.6969,2.1259,2.2115,2.271,2.4341,2.5344,2.5551,2.6635,2.7719,2.9052,3.0385,3.10635,3.1742,3.168266666666667,3.162333333333333,3.1564
2019-10-12,1.6969,2.124,2.2076,2.2839,2.4408,2.5353,2.5546,2.6689,2.7832,2.9149000000000003,3.0466,3.1155,3.1844,3.1801333333333335,3.175866666666667,3.1716
2019-10-14,1.6969,2.1333,2.2263,2.2907,2.4769,2.5059,2.5264,2.6549,2.7834,2.91505,3.0467,3.11415,3.1816,3.1757666666666666,3.1699333333333333,3.1641
2019-10-15,1.8449,2.1373,2.2397,2.2973,2.4654,2.5156,2.5499,2.66925,2.7886,2.9205,3.0524,3.12065,3.1889,3.1815333333333333,3.1741666666666664,3.1668
2019-10-16,1.8359,2.1383,2.2444,2.3063,2.4831,2.5296,2.5591,2.67775,2.7964,2.9019000000000004,3.0074,3.0958,3.1842,3.1792333333333334,3.1742666666666666,3.1693
2019-10-17,1.7269,2.1276,2.2652,2.2708,2.5033,2.5296,2.5528,2.66915,2.7855,2.8929,3.0003,3.0860000000000003,3.1717,3.1667666666666667,3.161833333333333,3.1569
2019-10-18,1.7599,2.1466,2.216,2.3517,2.5048,2.5375,2.5678,2.6793,2.7908,2.8855500000000003,2.9803,3.0874,3.1945,3.192,3.1895,3.187
2019-10-21,1.9099,2.185,2.2294,2.362,2.5093,2.5479,2.5857,2.6995500000000003,2.8134,2.92105,3.0287,3.12425,3.2198,3.2197333333333336,3.2196666666666665,3.2196
2019-10-22,2.0599,2.188,2.2289,2.3692,2.5277,2.5572,2.5784,2.6992,2.82,2.93075,3.0415,3.13065,3.2198,3.2197333333333336,3.2196666666666665,3.2196
2019-10-23,1.9149,2.111,2.2196,2.4261,2.5304,2.5803,2.6255,2.72295,2.8204,2.9235,3.0266,3.1206500000000004,3.2147,3.2138666666666666,3.2130333333333336,3.2122
2019-10-24,1.7649,2.0456,2.2358,2.4322,2.5281,2.5842,2.6387,2.7243500000000003,2.81,2.9173,3.0246,3.121,3.2174,3.2181333333333333,3.2188666666666665,3.2196
2019-10-25,1.7149,2.0176,2.2349,2.4023,2.5525,2.5911,2.6204,2.7178,2.8152,2.9212499999999997,3.0273,3.1291,3.2309,3.233,3.2351,3.2372
2019-10-28,1.6869,2.0611,2.2909,2.4701,2.5762,2.6026,2.6318,2.7385,2.8452,2.95425,3.0633,3.1721,3.2809,3.2847333333333335,3.2885666666666666,3.2924
2019-10-29,1.6269,2.0628,2.2574,2.4772,2.5876,2.6089,2.6369,2.7398,2.8427,2.9633,3.0839,3.18335,3.2828,3.2895,3.2962000000000002,3.3029
2019-10-30,1.6269,2.1087,2.2994,2.4795,2.6113,2.6303,2.6644,2.7893,2.9142,3.01905,3.1239,3.2116499999999997,3.2994,3.3037666666666667,3.308133333333333,3.3125
2019-10-31,1.9139,2.2554,2.3008,2.4819,2.6128,2.6302,2.6648,2.7872500000000002,2.9097,2.99535,3.081,3.17445,3.2679,3.2746,3.2813,3.288
2019-11-01,1.8139,2.1564,2.2032,2.5073,2.6257,2.6431,2.6576,2.7691,2.8806,2.97225,3.0639,3.15885,3.2538,3.2611,3.2684,3.2757
2019-11-04,1.7639,2.1299,2.2314,2.5061,2.6181,2.6434,2.6654,2.7861000000000002,2.9068,2.9981999999999998,3.0896,3.185,3.2804,3.2854,3.2904,3.2954
2019-11-05,1.7139,2.1512,2.2177,2.4992,2.5986,2.6336,2.6654,2.7756,2.8858,2.9728000000000003,3.0598,3.1483,3.2368,3.239666666666667,3.2425333333333333,3.2454
2019-11-06,1.7139,2.0899,2.2339,2.553,2.6117,2.634,2.6651,2.7695499999999997,2.874,2.9697500000000003,3.0655,3.15455,3.2436,3.2475666666666667,3.251533333333333,3.2555
2019-11-07,1.7139,2.1136,2.3014,2.5316,2.6234,2.6341,2.6588,2.7744999999999997,2.8902,2.9805,3.0708,3.1597,3.2486,3.2569333333333335,3.2652666666666668,3.2736
2019-11-08,1.7009,2.1585,2.3867,2.5072,2.5607,2.6233,2.6579,2.7769000000000004,2.8959,2.98075,3.0656,3.1582500000000002,3.2509,3.2594333333333334,3.2679666666666667,3.2765
2019-11-11,1.6809,2.2205,2.4073,2.4933,2.5444,2.6111,2.6535,2.77225,2.891,2.9697500000000003,3.0485,3.1380000000000003,3.2275,3.233766666666667,3.2400333333333333,3.2463
2019-11-12,1.9709,2.2213,2.3699,2.4951,2.558,2.6211,2.6599,2.77815,2.8964,2.97635,3.0563,3.13815,3.22,3.231666666666667,3.243333333333333,3.255
2019-11-13,2.1109,2.2217,2.4192,2.5164,2.6388,2.6793,2.6978,2.7943499999999997,2.8909,2.97375,3.0566,3.1347,3.2128,3.2208666666666668,3.2289333333333334,3.237
2019-11-14,2.1004,2.1218,2.3654,2.5241,2.6511,2.6593,2.6818,2.7914,2.901,2.98275,3.0645,3.14425,3.224,3.2345,3.245,3.2555
2019-11-15,2.1252,2.1407,2.3704,2.5185,2.6508,2.6619,2.6877,2.7879,2.8881,2.9699,3.0517,3.1329000000000002,3.2141,3.2212333333333336,3.2283666666666666,3.2355
2019-11-18,1.9617,1.9773,2.4134,2.5005,2.6067,2.6323,2.6622,2.7619499999999997,2.8617,2.9421999999999997,3.0227,3.1007,3.1787,3.185566666666667,3.1924333333333332,3.1993
2019-11-19,1.8617,1.9411,2.3262,2.4719,2.5901,2.6242,2.6473,2.74765,2.848,2.92285,2.9977,3.0757000000000003,3.1537,3.160566666666667,3.1674333333333333,3.1743
2019-11-20,1.7817,1.9377,2.2944,2.4686,2.5884,2.6196,2.6427,2.7424,2.8421,2.9124,2.9827,3.0667,3.1507,3.1587,3.1667,3.1747
2019-11-21,1.7317,1.8629,2.3582,2.4556,2.56,2.6089,2.6385,2.7286,2.8187,2.8935500000000003,2.9684,3.0580499999999997,3.1477,3.1567666666666665,3.1658333333333335,3.1749
2019-11-22,1.8307,1.9048,2.2688,2.4581,2.5614,2.615,2.6379,2.7266500000000002,2.8154,2.8921,2.9688,3.0591,3.1494,3.1578333333333335,3.1662666666666666,3.1747
2019-11-25,1.8007,1.9021,2.3135,2.4708,2.5533,2.6211,2.6471,2.7434000000000003,2.8397,2.9173,2.9949,3.0823,3.1697,3.1756333333333333,3.181566666666667,3.1875
2019-11-26,1.8897,1.935,2.2903,2.4511,2.5519,2.6157,2.6515,2.7458,2.8401,2.9101,2.9801,3.06815,3.1562,3.1599666666666666,3.1637333333333335,3.1675
2019-11-27,1.7997,1.9477,2.2853,2.4749,2.5477,2.6177,2.6369,2.73465,2.8324,2.90885,2.9853,3.0712,3.1571,3.1614,3.1656999999999997,3.17
2019-11-28,1.7451,1.8923,2.2563,2.4388,2.5413,2.6109,2.65,2.7427,2.8354,2.9090499999999997,2.9827,3.0658,3.1489,3.1542666666666666,3.1596333333333333,3.165
2019-11-29,1.8534,2.0012,2.262,2.4335,2.5323,2.6131,2.6431,2.7375499999999997,2.832,2.9037499999999996,2.9755,3.0622,3.1489,3.1542666666666666,3.1596333333333333,3.165
2019-12-02,1.7734,2.0258,2.3004,2.4097,2.5495,2.6143,2.6506,2.7505,2.8504,2.9284499999999998,3.0065,3.0909,3.1753,3.1856,3.1959,3.2062
2019-12-03,1.8234,2.0571,2.3112,2.4435,2.5645,2.6039,2.6365,2.73955,2.8426,2.9236500000000003,3.0047,3.0834,3.1621,3.1662666666666666,3.1704333333333334,3.1746
2019-12-04,1.6624,1.9985,2.3367,2.4634,2.5404,2.5828,2.6235,2.7296,2.8357,2.9063,2.9769,3.06645,3.156,3.1623666666666668,3.1687333333333334,3.1751
2019-12-05,1.5974,1.9703,2.3367,2.4775,2.5465,2.5924,2.6297,2.7371,2.8445,2.91065,2.9768,3.06765,3.1585,3.1648666666666667,3.1712333333333333,3.1776
2019-12-06,1.7644,2.059,2.3613,2.454,2.5536,2.5887,2.6414,2.73705,2.8327,2.90985,2.987,3.0741500000000004,3.1613,3.1659,3.1705,3.1751
2019-12-09,1.915,2.2471,2.4138,2.4427,2.569,2.5839,2.6386,2.7399,2.8412,2.922,3.0028,3.0806500000000003,3.1585,3.1691000000000003,3.1797,3.1903
2019-12-10,1.815,2.2523,2.4108,2.4609,2.5608,2.5784,2.636,2.7355,2.835,2.9193,3.0036,3.08315,3.1627,3.167666666666667,3.172633333333333,3.1776
2019-12-11,1.9085,2.2501,2.4197,2.44,2.5658,2.5745,2.6104,2.7186,2.8268,2.90755,2.9883,3.07055,3.1528,3.1586,3.1644,3.1702
2019-12-12,1.9185,2.2505,2.4017,2.4107,2.5644,2.5697,2.6104,2.71375,2.8171,2.9005,2.9839,3.0646500000000003,3.1454,3.152,3.1586,3.1652
2019-12-13,1.7685,2.3365,2.3927,2.4131,2.5596,2.5698,2.6135,2.7163500000000003,2.8192,2.9055999999999997,2.992,3.0738000000000003,3.1556,3.1646666666666667,3.1737333333333333,3.1828
2019-12-16,1.7944,2.3374,2.4001,2.4013,2.5255,2.5773,2.6233,2.72005,2.8168,2.90475,2.9927,3.0743,3.1559,3.1657333333333333,3.1755666666666666,3.1854
2019-12-17,1.8757,2.3379,2.3998,2.4143,2.5349,2.583,2.6306,2.7332,2.8358,2.9231499999999997,3.0105,3.08915,3.1678,3.1829666666666667,3.1981333333333333,3.2133
2019-12-18,1.9585,2.3455,2.3998,2.4207,2.552,2.5793,2.6185,2.7119999999999997,2.8055,2.9077,3.0099,3.0883000000000003,3.1667,3.1824333333333334,3.198166666666667,3.2139
2019-12-19,2.0734,2.3345,2.4018,2.4096,2.5137,2.5592,2.5969,2.6957,2.7945,2.8973500000000003,3.0002,3.07625,3.1523,3.172833333333333,3.193366666666667,3.2139
2019-12-20,2.0329,2.2659,2.3783,2.3504,2.5099,2.51,2.5795,2.6795,2.7795,2.87365,2.9678,3.0523,3.1368,3.151466666666667,3.1661333333333332,3.1808
2019-12-23,1.7759,2.2535,2.2983,2.3038,2.49,2.4901,2.5545,2.6693,2.7841,2.8634500000000003,2.9428,3.0289,3.115,3.1320333333333337,3.1490666666666667,3.1661
2019-12-24,1.7759,2.0674,2.2122,2.3176,2.3781,2.4018,2.5008,2.6312499999999996,2.7617,2.84525,2.9288,3.0181,3.1074,3.1227666666666667,3.1381333333333337,3.1535
2019-12-25,1.7759,1.8471,2.1738,2.2015,2.3431,2.3818,2.4808,2.62465,2.7685,2.84605,2.9236,3.0082500000000003,3.0929,3.1107,3.1285000000000003,3.1463
2019-12-26,1.6809,1.7146,2.1642,2.2002,2.2559,2.2928,2.3918,2.5685000000000002,2.7452,2.81665,2.8881,2.9755000000000003,3.0629,3.079833333333333,3.096766666666667,3.1137
2019-12-27,1.4028,1.4365,2.0728,2.0752,2.168,2.2801,2.3788,2.5637,2.7486,2.81685,2.8851,2.9757,3.0663,3.087266666666667,3.108233333333333,3.1292
2019-12-30,1.2,1.2359,1.8722,2.0074,2.1268,2.2655,2.3623,2.55685,2.7514,2.8193,2.8872,2.97585,3.0645,3.0870666666666664,3.1096333333333335,3.1322
2019-12-31,1.2,1.2626,1.8922,2.0074,2.166,2.263,2.3631,2.5476,2.7321,2.8109,2.8897,2.9625,3.0353,3.069033333333333,3.1027666666666667,3.1365
2020-01-02,1.2,1.3442,1.894,2.0092,2.1097,2.3235,2.416,2.5808999999999997,2.7458,2.8307,2.9156,2.99065,3.0657,3.0933,3.1209,3.1485
2020-01-03,1.2,1.5763,1.894,2.0067,2.0589,2.313,2.4359,2.5977,2.7595,2.8474,2.9353,3.0053,3.0753,3.0978,3.1203,3.1428
2020-01-06,1.3,1.6253,1.8382,2.06,2.1059,2.303,2.4121,2.5650500000000003,2.718,2.81195,2.9059,2.9871,3.0683,3.0906,3.1129000000000002,3.1352
2020-01-07,1.4202,1.6657,1.8444,2.0355,2.1046,2.303,2.4272,2.5650500000000003,2.7029,2.8104,2.9179,2.9943999999999997,3.0709,3.0932333333333335,3.1155666666666666,3.1379
2020-01-08,1.4202,1.6401,1.7933,2.004,2.0649,2.2831,2.3,2.47925,2.6585,2.78025,2.902,2.97945,3.0569,3.0825,3.1081000000000003,3.1337
2020-01-09,1.4214,1.6388,1.7878,2.0002,2.1237,2.2831,2.3042,2.4863999999999997,2.6686,2.78235,2.8961,2.97135,3.0466,3.0705333333333336,3.0944666666666665,3.1184
2020-01-10,1.4014,1.6404,1.7878,1.9978,2.1143,2.2635,2.2744,2.476,2.6776,2.77095,2.8643,2.9484500000000002,3.0326,3.0490333333333335,3.0654666666666666,3.0819
2020-01-13,1.6367,1.6404,1.8094,1.9846,2.1303,2.2518,2.2807,2.4848,2.6889,2.7796,2.8703,2.95735,3.0444,3.0576,3.0708,3.084
2020-01-14,1.796,1.7997,1.8873,2.0132,2.1421,2.2718,2.3009,2.5031,2.7053,2.79945,2.8936,2.9743000000000004,3.055,3.0698000000000003,3.0846,3.0994
2020-01-15,1.889,1.8927,1.9803,2.056,2.1893,2.2718,2.2854,2.4943500000000003,2.7033,2.79615,2.889,2.96935,3.0497,3.0630333333333333,3.076366666666667,3.0897
2020-01-16,1.844,2.0751,2.1185,2.15,2.2064,2.2423,2.2721,2.4868,2.7015,2.7941,2.8867,2.9683,3.0499,3.0638666666666667,3.0778333333333334,3.0918
2020-01-17,1.757,2.0257,2.0589,2.0953,2.2114,2.2397,2.2618,2.48115,2.7005,2.7851,2.8697,2.94645,3.0232,3.0432,3.0632,3.0832
2020-01-19,1.648,2.0217,2.0545,2.0903,2.2064,2.2376,2.2627,2.4655,2.6683,2.7691,2.8699,2.9459,3.0219,3.0406,3.0593,3.078
2020-01-20,1.548,1.9831,2.0365,2.0558,2.1742,2.1911,2.2019,2.4126000000000003,2.6233,2.74125,2.8592,2.9291,2.999,3.0252,3.0514,3.0776
2020-01-21,1.4955,1.9306,1.9965,2.0542,2.1054,2.1587,2.2058,2.40955,2.6133,2.71535,2.8174,2.894,2.9706,2.9916333333333336,3.0126666666666666,3.0337
2020-01-22,1.5416,1.9232,1.9948,2.0528,2.0872,2.1362,2.181,2.3909000000000002,2.6008,2.7125,2.8242,2.8983,2.9724,2.991,3.0096,3.0282
2020-01-23,1.4316,1.7996,1.8575,2.035,2.0783,2.1273,2.181,2.38435,2.5877,2.688,2.7883,2.8631,2.9379,2.9563333333333333,2.9747666666666666,2.9932
2020-02-03,1.6973,1.77,1.7703,1.78,1.8217,2.02,2.091,2.2444,2.3978,2.51235,2.6269,2.7022500000000003,2.7776,2.7927666666666666,2.8079333333333336,2.8231
2020-02-04,1.4973,1.65,1.6932,1.7475,1.763,1.99,2.1,2.2528,2.4056,2.5227500000000003,2.6399,2.71525,2.7906,2.8121,2.8336,2.8551
2020-02-05,1.4973,1.6947,1.7139,1.7475,1.7667,1.9783,2.0773,2.25185,2.4264,2.5305999999999997,2.6348,2.7120499999999996,2.7893,2.807533333333333,2.8257666666666665,2.844
2020-02-06,1.4673,1.6444,1.6937,1.7496,1.7667,1.9027,2.0593,2.246,2.4327,2.534,2.6353,2.7098500000000003,2.7844,2.8026666666666666,2.8209333333333335,2.8392
2020-02-07,1.4413,1.5684,1.6324,1.6786,1.68,1.8687,2.0525,2.2282,2.4039,2.4978,2.5917,2.67915,2.7666,2.7785333333333333,2.7904666666666667,2.8024
2020-02-10,1.4413,1.6084,1.6194,1.6272,1.6641,1.779,2.0,2.1925499999999998,2.3851,2.47465,2.5642,2.6601,2.756,2.7664,2.7767999999999997,2.7872
2020-02-11,1.4421,1.603,1.61,1.6263,1.684,1.7977,1.99,2.2026499999999998,2.4153,2.5054499999999997,2.5956,2.6879500000000003,2.7803,2.7982,2.8161,2.834
2020-02-12,1.4031,1.5477,1.6016,1.657,1.7046,1.8429,1.99,2.20615,2.4223,2.5145,2.6067,2.6977,2.7887,2.8035666666666668,2.818433333333333,2.8333
2020-02-13,1.3251,1.5202,1.6046,1.6325,1.7366,1.8283,1.981,2.2014,2.4218,2.5147000000000004,2.6076,2.69715,2.7867,2.7978333333333336,2.8089666666666666,2.8201
2020-02-14,1.1381,1.5081,1.5878,1.6712,1.7977,1.8432,1.9613,2.1919,2.4225,2.5227,2.6229,2.7103,2.7977,2.8195,2.8413,2.8631
2020-02-17,1.3071,1.6137,1.6299,1.705,1.815,1.8666,1.9358,2.18735,2.4389,2.5467,2.6545,2.7348,2.8151,2.841,2.8669,2.8928
2020-02-18,1.3071,1.6042,1.6109,1.744,1.8151,1.862,1.9358,2.18305,2.4303,2.5388,2.6473,2.7336,2.8199,2.8354,2.8509,2.8664
2020-02-19,1.3071,1.6306,1.6979,1.7535,1.7999,1.8547,1.9365,2.1879999999999997,2.4395,2.5469999999999997,2.6545,2.7506500000000003,2.8468,2.857066666666667,2.8673333333333333,2.8776
2020-02-20,1.2691,1.6119,1.6596,1.7741,1.8093,1.8641,1.9459,2.18635,2.4268,2.5551,2.6834,2.76585,2.8483,2.8607666666666667,2.8732333333333333,2.8857
2020-02-21,1.2211,1.629,1.6683,1.7744,1.8031,1.8535,1.9309,2.16885,2.4068,2.5351,2.6634,2.7483000000000004,2.8332,2.8378,2.8424,2.847
2020-02-24,1.2291,1.6626,1.6877,1.7795,1.8174,1.8535,1.8853,2.14005,2.3948,2.51295,2.6311,2.7255000000000003,2.8199,2.817266666666667,2.814633333333333,2.812
2020-02-25,1.2791,1.5999,1.7381,1.7715,1.8401,1.8633,1.8951,2.1393,2.3835,2.5109500000000002,2.6384,2.7291999999999996,2.82,2.8206666666666664,2.8213333333333335,2.822
2020-02-26,1.1761,1.6197,1.7379,1.7556,1.8488,1.8738,1.8863,2.1349,2.3835,2.5059,2.6283,2.72395,2.8196,2.8121666666666667,2.804733333333333,2.7973
2020-02-27,1.3461,1.657,1.7395,1.751,1.8922,1.8926,1.9051,2.1436,2.3821,2.4886999999999997,2.5953,2.6998499999999996,2.8044,2.7929999999999997,2.7816,2.7702
2020-02-28,1.2517,1.6774,1.739,1.7865,1.8894,1.9166,1.9291,2.1561000000000003,2.3831,2.4548500000000004,2.5266,2.63715,2.7477,2.7443333333333335,2.7409666666666666,2.7376
2020-03-02,1.2517,1.6581,1.7,1.7825,1.8871,1.9126,1.9251,2.1601,2.3951,2.46615,2.5372,2.646,2.7548,2.7508,2.7468,2.7428
2020-03-03,1.2517,1.6497,1.68,1.7831,1.8671,1.9306,1.958,2.18155,2.4051,2.4683,2.5315,2.64805,2.7646,2.759,2.7534,2.7478
2020-03-04,1.168,1.6097,1.705,1.7534,1.8522,1.9006,1.943,2.1189999999999998,2.295,2.38965,2.4843,2.5894500000000003,2.6946,2.6874,2.6802,2.673
2020-03-05,1.156,1.6051,1.7194,1.7547,1.8476,1.9006,1.943,2.11225,2.2815,2.38665,2.4918,2.5907999999999998,2.6898,2.6875,2.6852,2.6829
2020-03-06,1.156,1.5811,1.6743,1.6886,1.75,1.8706,1.913,2.06975,2.2265,2.342,2.4575,2.5403000000000002,2.6231,2.6247333333333334,2.6263666666666667,2.628
2020-03-09,1.194,1.6178,1.6474,1.6523,1.6903,1.8245,1.8806,2.01355,2.1465,2.2535499999999997,2.3606,2.4382,2.5158,2.5173666666666668,2.5189333333333335,2.5205
2020-03-10,1.6,1.6231,1.661,1.6661,1.6991,1.8645,1.9068,2.0469,2.187,2.32305,2.4591,2.53465,2.6102,2.611133333333333,2.6120666666666668,2.613
2020-03-11,1.6,1.6727,1.6996,1.7001,1.7211,1.8798,1.9154,2.07105,2.2267,2.3403,2.4539,2.53435,2.6148,2.6125,2.6102,2.6079
2020-03-12,1.5742,1.6195,1.6993,1.6994,1.7625,1.871,1.9166,2.08185,2.2471,2.362,2.4769,2.55605,2.6352,2.6361000000000003,2.637,2.6379
2020-03-13,1.4287,1.6395,1.6699,1.6705,1.7953,1.8625,1.9234,2.0903,2.2572,2.39765,2.5381,2.61655,2.695,2.688633333333333,2.6822666666666666,2.6759
2020-03-16,1.4287,1.6539,1.6697,1.6802,1.7573,1.8789,1.8954,2.07325,2.2511,2.38675,2.5224,2.60475,2.6871,2.6833333333333336,2.6795666666666667,2.6758
2020-03-17,1.4287,1.6265,1.6294,1.627,1.7622,1.8814,1.8954,2.0730500000000003,2.2507,2.4007500000000004,2.5508,2.6276,2.7044,2.7074333333333334,2.7104666666666666,2.7135
2020-03-18,1.3087,1.6274,1.6445,1.6002,1.7673,1.9106,1.9154,2.0883000000000003,2.2612,2.40275,2.5443,2.6253,2.7063,2.7087333333333334,2.7111666666666667,2.7136
2020-03-19,1.2917,1.577,1.5727,1.5704,1.7607,1.8636,1.8853,2.06815,2.251,2.4028,2.5546,2.6391,2.7236,2.7257,2.7278000000000002,2.7299
2020-03-20,1.1542,1.47,1.4924,1.5168,1.7049,1.8499,1.8682,2.05555,2.2429,2.3823,2.5217,2.6108000000000002,2.6999,2.693766666666667,2.6876333333333333,2.6815
2020-03-23,1.0542,1.52,1.4524,1.516,1.6749,1.8199,1.8482,2.0257,2.2032,2.3352,2.4672,2.5631500000000003,2.6591,2.6499,2.6407,2.6315
2020-03-24,1.0542,1.42,1.4524,1.516,1.6348,1.7798,1.8081,1.986,2.1639,2.3068,2.4497,2.5496000000000003,2.6495,2.6426333333333334,2.6357666666666666,2.6289
2020-03-25,1.0929,1.3912,1.4236,1.4522,1.6288,1.7403,1.7686,1.94755,2.1265,2.2819000000000003,2.4373,2.5408500000000003,2.6444,2.6392333333333333,2.6340666666666666,2.6289
2020-03-26,1.1042,1.3368,1.4266,1.4003,1.5773,1.6892,1.7175,1.89995,2.0824,2.2268999999999997,2.3714,2.48315,2.5949,2.5946,2.5943,2.594
2020-03-27,1.1542,1.2236,1.3748,1.4026,1.5273,1.7175,1.7412,1.90625,2.0713,2.2375499999999997,2.4038,2.5056000000000003,2.6074,2.6079333333333334,2.6084666666666667,2.609
2020-03-30,1.24,1.24,1.3608,1.4097,1.4777,1.6816,1.7362,1.8908,2.0454,2.2141,2.3828,2.4988,2.6148,2.6146,2.6144,2.6142
2020-03-31,1.29,1.32,1.3695,1.4062,1.4282,1.6327,1.687,1.8477999999999999,2.0086,2.1729000000000003,2.3372,2.4505000000000003,2.5638,2.5725000000000002,2.5812,2.5899
2020-04-01,1.2,1.3,1.3,1.3001,1.4282,1.6135,1.6778,1.82995,1.9821,2.1470000000000002,2.3119,2.4203,2.5287,2.537466666666667,2.5462333333333333,2.555
2020-04-02,1.1,1.1,1.2259,1.2837,1.3827,1.6202,1.6548,1.8320500000000002,2.0093,2.17295,2.3366,2.4459,2.5552,2.5652666666666666,2.5753333333333335,2.5854
2020-04-03,0.823,1.069,1.175,1.2386,1.32,1.6203,1.6548,1.8312,2.0076,2.1609,2.3142,2.4344,2.5546,2.568566666666667,2.582533333333333,2.5965
2020-04-07,0.673,0.987,1.0646,1.0998,1.1,1.2948,1.3448,1.5686499999999999,1.7925,1.98505,2.1776,2.3255999999999997,2.4736,2.486133333333333,2.498666666666667,2.5112
2020-04-08,0.81,1.0521,1.052,1.05,1.06,1.1516,1.2044,1.4501,1.6958,1.8706,2.0454,2.22655,2.4077,2.4326000000000003,2.4575,2.4824
2020-04-09,0.681,1.0221,1.05,1.0501,1.0806,1.159,1.2044,1.46105,1.7177,1.89765,2.0776,2.26275,2.4479,2.4728000000000003,2.4977,2.5226
2020-04-10,0.781,1.0281,1.0559,1.1026,1.1101,1.1716,1.24,1.50075,1.7615,1.93825,2.115,2.29115,2.4673,2.491633333333333,2.5159666666666665,2.5403
2020-04-13,0.81,1.0109,1.0469,1.1112,1.1164,1.1757,1.2643,1.5106,1.7569,1.9143,2.0717,2.279,2.4863,2.5128,2.5393,2.5658
2020-04-14,0.6261,0.9082,1.0255,1.0905,1.1328,1.1712,1.2331,1.4683000000000002,1.7035,1.8729,2.0423,2.2579000000000002,2.4735,2.5020333333333333,2.5305666666666666,2.5591
2020-04-15,0.49,0.8487,1.0427,1.0501,1.1271,1.2032,1.225,1.4427,1.6604,1.8442,2.028,2.2407500000000002,2.4535,2.484166666666667,2.5148333333333333,2.5455
2020-04-16,0.46,0.813,0.9563,1.005,1.0907,1.1837,1.2088,1.4240000000000002,1.6392,1.8314,2.0236,2.23075,2.4379,2.4678,2.4977,2.5276
2020-04-17,0.46,0.743,0.9038,0.9319,1.0987,1.2144,1.2257,1.4264,1.6271,1.8282,2.0293,2.2443999999999997,2.4595,2.4926666666666666,2.5258333333333334,2.559
2020-04-20,0.46,0.793,0.8794,0.9075,1.0675,1.2007,1.2025,1.40375,1.605,1.8155999999999999,2.0262,2.2587,2.4912,2.5248,2.5584000000000002,2.592
2020-04-21,0.46,0.803,0.8501,0.8562,1.0318,1.1807,1.1826,1.36935,1.5561,1.7716,1.9871,2.2323,2.4775,2.5113666666666665,2.5452333333333335,2.5791
2020-04-22,0.46,0.813,0.8486,0.8944,1.0272,1.1333,1.1352,1.3281,1.521,1.69375,1.8665,2.157,2.4475,2.4838999999999998,2.5203,2.5567
2020-04-23,0.56,0.793,0.8,0.856,1.0129,1.1209,1.1228,1.2967499999999998,1.4707,1.65395,1.8372,2.0968,2.3564,2.411833333333333,2.4672666666666667,2.5227
2020-04-24,0.61,0.843,0.8001,0.8581,1.0165,1.126,1.1279,1.26805,1.4082,1.62335,1.8385,2.0829,2.3273,2.3882,2.4491,2.51
2020-04-26,0.606,0.849,0.8043,0.8591,1.0192,1.1305,1.1324,1.27,1.4076,1.625,1.8424,2.09,2.3376,2.398566666666667,2.4595333333333333,2.5205
2020-04-27,0.572,0.8453,0.8006,0.8408,1.0088,1.1281,1.13,1.2740999999999998,1.4182,1.64075,1.8633,2.1201,2.3769,2.4294333333333333,2.4819666666666667,2.5345
2020-04-28,0.622,0.8333,0.8334,0.8408,0.9938,1.1319,1.1338,1.27165,1.4095,1.6279,1.8463,2.10545,2.3646,2.4181999999999997,2.4718,2.5254
2020-04-29,0.7108,0.8549,0.855,0.8352,0.9692,1.1158,1.1177,1.2728,1.4279,1.6091,1.7903,2.0578,2.3253,2.3838333333333335,2.4423666666666666,2.5009
2020-04-30,0.8808,0.8848,0.9436,0.8923,0.9978,1.1409,1.1465,1.2930000000000001,1.4395,1.61405,1.7886,2.07625,2.3639,2.4219333333333335,2.4799666666666664,2.538
2020-05-06,0.8808,0.8991,0.8704,0.9068,1.0121,1.156,1.1616,1.3311,1.5006,1.66835,1.8361,2.1326,2.4291,2.4797000000000002,2.5303,2.5809
2020-05-07,0.8808,0.8892,0.8605,0.8785,1.0774,1.1863,1.1919,1.3611499999999999,1.5304,1.7282,1.926,2.21315,2.5003,2.5434666666666668,2.5866333333333333,2.6298
2020-05-08,0.8808,0.889,0.8684,0.9085,1.05,1.2024,1.2134,1.38265,1.5519,1.74405,1.9362,2.2125,2.4888,2.5327666666666664,2.5767333333333333,2.6207
2020-05-09,0.8808,0.888,0.8896,0.9297,1.0618,1.2048,1.2097,1.3869,1.5641,1.7554500000000002,1.9468,2.2236000000000002,2.5004,2.5469333333333335,2.5934666666666666,2.64
2020-05-11,0.9068,0.9113,0.9218,0.9601,1.0829,1.2166,1.2194,1.41555,1.6117,1.8152,2.0187,2.2834,2.5481,2.5886666666666667,2.629233333333333,2.6698
2020-05-12,0.8338,0.8979,0.9085,0.9309,1.0707,1.2215,1.2225,1.4123999999999999,1.6023,1.8135000000000001,2.0247,2.2814,2.5381,2.5788333333333333,2.6195666666666666,2.6603
2020-05-13,0.6838,0.9645,1.0,1.0002,1.1281,1.2306,1.2381,1.41925,1.6004,1.8257,2.051,2.30685,2.5627,2.6109999999999998,2.6593,2.7076
2020-05-14,0.6984,0.9645,1.0,1.0005,1.1552,1.228,1.2334,1.4147500000000002,1.5961,1.8046000000000002,2.0131,2.2853000000000003,2.5575,2.6046333333333336,2.6517666666666666,2.6989
2020-05-15,0.6838,0.9496,0.9506,1.0076,1.157,1.2109,1.2186,1.3993,1.58,1.7751000000000001,1.9702,2.2491499999999998,2.5281,2.5793999999999997,2.6307,2.682
2020-05-18,0.6838,0.9369,0.9611,1.0414,1.1701,1.2322,1.2561,1.4333,1.6105,1.83485,2.0592,2.3269,2.5946,2.6381666666666663,2.6817333333333333,2.7253
2020-05-19,0.9838,0.9425,1.049,1.0307,1.2016,1.2432,1.2787,1.4541499999999998,1.6296,1.87295,2.1163,2.3659999999999997,2.6157,2.6528666666666667,2.690033333333333,2.7272
2020-05-20,0.8188,0.9084,1.0712,1.1012,1.2378,1.3373,1.3128,1.4708999999999999,1.629,1.8784,2.1278,2.3691999999999998,2.6106,2.6370666666666667,2.663533333333333,2.69
2020-05-21,0.7028,0.8569,1.0695,1.1032,1.2465,1.346,1.3328,1.5022,1.6716,1.9146,2.1576,2.3834,2.6092,2.6344666666666665,2.6597333333333335,2.685
2020-05-22,0.6928,0.8778,1.0508,1.1202,1.3009,1.3744,1.3923,1.51455,1.6368,1.8409,2.045,2.2859,2.5268,2.5570666666666666,2.5873333333333335,2.6176
2020-05-25,0.8553,0.9339,1.0888,1.1665,1.3261,1.4361,1.4574,1.58165,1.7059,1.9218000000000002,2.1377,2.3654,2.5931,2.6238,2.6545,2.6852
2020-05-26,1.2053,0.9826,1.1464,1.172,1.3604,1.5049,1.529,1.6452,1.7614,1.99545,2.2295,2.4423,2.6551,2.683466666666667,2.7118333333333333,2.7402
2020-05-27,1.3553,1.1029,1.1879,1.4074,1.5046,1.5863,1.589,1.7555,1.922,2.1088,2.2956,2.4907,2.6858,2.7081,2.7304,2.7527
2020-05-28,1.3533,1.2979,1.3079,1.4198,1.5134,1.5959,1.5995,1.7496999999999998,1.8999,2.07805,2.2562,2.4655500000000004,2.6749,2.689966666666667,2.705033333333333,2.7201
2020-05-29,1.3483,1.3013,1.3659,1.4627,1.5542,1.5974,1.601,1.7473999999999998,1.8938,2.05895,2.2241,2.4306,2.6371,2.6598333333333333,2.6825666666666668,2.7053
2020-06-01,0.9483,1.2689,1.3564,1.458,1.5543,1.5758,1.5897,1.74585,1.902,2.06945,2.2369,2.4505999999999997,2.6643,2.684633333333333,2.7049666666666665,2.7253
2020-06-02,0.8482,1.2384,1.3533,1.4821,1.6133,1.6879,1.7018,1.8704,2.039,2.2024,2.3658,2.5547,2.7436,2.7574666666666667,2.771333333333333,2.7852
2020-06-03,1.019,1.4092,1.5241,1.6675,1.8133,1.8159,1.8201,2.05295,2.2858,2.3289,2.372,2.61815,2.8643,2.839566666666667,2.814833333333333,2.7901
2020-06-04,1.0771,1.4673,1.6308,1.6879,1.9133,1.9159,1.9201,2.12485,2.3296,2.3975999999999997,2.4656,2.6753,2.885,2.8667,2.8484,2.8301
2020-06-05,1.1313,1.4156,1.6533,1.7652,2.0179,2.0479,2.0801,2.23285,2.3856,2.4557,2.5258,2.7129,2.9,2.8825,2.865,2.8475
2020-06-08,1.1898,1.4506,1.7383,1.8743,1.9905,2.0389,2.0801,2.21465,2.3492,2.42305,2.4969,2.6747,2.8525,2.8383666666666665,2.8242333333333334,2.8101
2020-06-09,1.3462,1.5488,1.7783,1.8469,1.9766,2.0193,2.0521,2.17655,2.301,2.4006000000000003,2.5002,2.6751,2.85,2.834366666666667,2.8187333333333333,2.8031
2020-06-10,1.2719,1.5332,1.8215,1.9026,2.0009,2.0199,2.0677,2.2009499999999997,2.3342,2.4238,2.5134,2.6767,2.84,2.8333666666666666,2.8267333333333333,2.8201
2020-06-11,1.2492,1.6022,1.8739,1.8991,1.9584,2.0209,2.0723,2.1925,2.3127,2.3972499999999997,2.4818,2.6409,2.8,2.790033333333333,2.7800666666666665,2.7701
2020-06-12,1.1986,1.5674,1.8703,1.8698,1.8504,1.9559,2.0504,2.17175,2.2931,2.38105,2.469,2.627,2.785,2.7717,2.7584,2.7451
2020-06-15,1.1466,1.5612,1.8769,1.84,1.8504,1.9059,2.0364,2.1622500000000002,2.2881,2.39995,2.5118,2.646,2.7802,2.7827333333333333,2.7852666666666663,2.7878
2020-06-16,1.1466,1.5639,1.8796,1.8401,1.9537,1.9911,2.0757,2.21645,2.3572,2.47825,2.5993,2.73965,2.88,2.8667333333333334,2.8534666666666664,2.8402
2020-06-17,1.3466,1.545,1.8696,1.9009,2.1384,2.1015,2.1117,2.2521,2.3925,2.519,2.6455,2.78775,2.93,2.9134,2.8968,2.8802
2020-06-18,1.4216,1.5667,1.8612,1.8806,2.1339,2.1012,2.1156,2.2483500000000003,2.3811,2.49735,2.6136,2.7468,2.88,2.8709,2.8618,2.8527
2020-06-19,1.4296,1.5917,1.8231,1.8239,2.1337,2.1059,2.1203,2.26035,2.4004,2.5115499999999997,2.6227,2.75135,2.88,2.8784,2.8768,2.8752
2020-06-22,1.4481,1.7011,1.8534,1.8621,2.1749,2.1388,2.145,2.3029,2.4608,2.56445,2.6681,2.7868,2.9055,2.9087666666666667,2.912033333333333,2.9153
2020-06-23,1.3765,1.7476,1.8846,1.9054,2.1921,2.2088,2.223,2.3503,2.4776,2.56465,2.6517,2.78335,2.915,2.9142333333333332,2.913466666666667,2.9127
2020-06-24,1.1765,1.7476,1.7977,1.8839,2.1215,2.1353,2.1495,2.29425,2.439,2.51255,2.5861,2.72805,2.87,2.8671333333333333,2.864266666666667,2.8614
2020-06-28,0.7325,1.7328,1.783,1.8691,2.1217,2.1355,2.1261,2.2797,2.4333,2.5027999999999997,2.5723,2.71365,2.855,2.8501333333333334,2.8452666666666664,2.8404
2020-06-29,0.6485,1.579,1.6449,1.7467,2.0905,2.1043,2.1144,2.25555,2.3967,2.49385,2.591,2.72175,2.8525,2.8518,2.8511,2.8504
2020-06-30,1.1706,1.6332,1.7208,1.7385,2.071,2.1256,2.1764,2.2823,2.3882,2.4711999999999996,2.5542,2.6872,2.8202,2.821133333333333,2.8220666666666667,2.823
2020-07-01,1.3306,1.7086,1.7116,1.7067,2.0579,2.1107,2.1276,2.2656,2.4036,2.5006,2.5976,2.7120499999999996,2.8265,2.8328666666666664,2.8392333333333335,2.8456
2020-07-02,1.1086,1.5852,1.6203,1.7299,2.0599,2.0967,2.0976,2.2436499999999997,2.3897,2.4825,2.5753,2.69905,2.8228,2.8346666666666667,2.8465333333333334,2.8584
2020-07-03,1.0206,1.5639,1.6252,1.7016,2.0487,2.0911,2.0976,2.2427,2.3878,2.4981,2.6084,2.7356,2.8628,2.8743333333333334,2.885866666666667,2.8974
2020-07-06,1.0026,1.5684,1.6426,1.719,2.0792,2.1206,2.1263,2.36395,2.6016,2.6763,2.751,2.8593,2.9676,2.9770333333333334,2.9864666666666664,2.9959
2020-07-07,1.2206,1.5623,1.6963,1.7455,2.0785,2.1327,2.1513,2.38945,2.6276,2.71005,2.7925,2.89235,2.9922,3.0000666666666667,3.0079333333333333,3.0158
2020-07-08,1.2569,1.637,1.6863,1.8606,2.0868,2.1412,2.16,2.41395,2.6679,2.7600499999999997,2.8522,2.9241,2.996,3.0184,3.0408,3.0632
2020-07-09,1.4468,1.717,1.7507,1.9821,2.1284,2.1948,2.2256,2.46995,2.7143,2.8069,2.8995,2.98065,3.0618,3.0681666666666665,3.0745333333333336,3.0809
2020-07-10,1.4548,1.7219,1.7526,2.1012,2.11,2.1764,2.2165,2.45295,2.6894,2.76585,2.8423,2.9316,3.0209,3.0241000000000002,3.0273,3.0305
2020-07-13,1.2706,1.7577,1.7884,2.1063,2.1151,2.1747,2.208,2.4617,2.7154,2.80295,2.8905,2.9752,3.0599,3.0585,3.0570999999999997,3.0557
2020-07-14,1.3656,1.7373,1.7884,2.0499,2.0502,2.1373,2.198,2.44695,2.6959,2.7615499999999997,2.8272,2.9297500000000003,3.0323,3.0234333333333336,3.0145666666666666,3.0057
2020-07-15,1.3656,1.7103,1.7614,2.0321,2.0415,2.1339,2.2,2.40255,2.6051,2.67265,2.7402,2.875,3.0098,2.991833333333333,2.973866666666667,2.9559
2020-07-16,1.5901,1.7921,1.8432,2.0242,2.0619,2.1208,2.1534,2.35375,2.5541,2.6337,2.7133,2.8465499999999997,2.9798,2.9685,2.9572,2.9459
2020-07-17,1.5726,1.8004,1.8773,2.0296,2.0512,2.1516,2.2256,2.36985,2.5141,2.60815,2.7022,2.84105,2.9799,2.9701666666666666,2.9604333333333335,2.9507
2020-07-20,1.5226,1.673,1.8373,1.9934,2.0439,2.1621,2.254,2.3898,2.5256,2.5978,2.67,2.8248499999999996,2.9797,2.9635,2.9473,2.9311
2020-07-21,1.2726,1.6548,1.8545,1.9876,2.0133,2.1426,2.2455,2.3548,2.4641,2.54835,2.6326,2.7837,2.9348,2.923566666666667,2.912333333333333,2.9011
2020-07-22,1.3226,1.7493,1.8945,2.0001,1.9936,2.1376,2.2552,2.36035,2.4655,2.5454,2.6253,2.75515,2.885,2.8853666666666666,2.885733333333333,2.8861
2020-07-23,1.3399,1.8787,1.9222,1.9642,2.0234,2.1998,2.2538,2.37,2.4862,2.56205,2.6379,2.76055,2.8832,2.8909333333333334,2.8986666666666667,2.9064
2020-07-24,1.3249,1.8787,1.9532,1.9613,2.0048,2.1859,2.2446,2.3501000000000003,2.4556,2.52775,2.5999,2.7256,2.8513,2.8546,2.8579000000000003,2.8612
2020-07-27,1.3249,1.8771,1.9501,1.9507,2.0157,2.1921,2.2461,2.3615000000000004,2.4769,2.55265,2.6284,2.7411000000000003,2.8538,2.8622333333333336,2.8706666666666667,2.8791
2020-07-28,1.3249,1.869,1.9759,2.005,2.0306,2.2048,2.2565,2.36875,2.481,2.5786,2.6762,2.7895000000000003,2.9028,2.9090000000000003,2.9152,2.9214
2020-07-29,1.0219,1.8426,1.9903,1.9994,2.0336,2.201,2.2459,2.3764,2.5069,2.5949,2.6829,2.8029,2.9229,2.9291,2.9353,2.9415
2020-07-30,0.9846,1.8188,1.9799,1.9799,2.0336,2.2011,2.2461,2.3761,2.5061,2.5927499999999997,2.6794,2.8109,2.9424,2.9404,2.9384,2.9364
2020-07-31,1.4036,1.6688,2.0532,1.9799,2.0836,2.2244,2.2428,2.379,2.5152,2.6087,2.7022,2.8361,2.97,2.9688000000000003,2.9676,2.9664
2020-08-03,1.1469,1.6662,1.9923,1.9415,2.0836,2.1381,2.1565,2.3503999999999996,2.5443,2.6144,2.6845,2.8370499999999996,2.9896,2.9752666666666667,2.960933333333333,2.9466
2020-08-04,1.2269,1.7412,2.0323,2.0142,2.1236,2.1682,2.1746,2.38065,2.5867,2.6437,2.7007,2.8426,2.9845,2.9685,2.9525,2.9365
2020-08-05,1.2269,1.6693,2.0584,2.05,2.1949,2.2282,2.2288,2.4454000000000002,2.662,2.7129,2.7638,2.8903499999999998,3.0169,2.997666666666667,2.9784333333333333,2.9592
2020-08-06,1.1979,1.6803,2.0632,2.0604,2.2052,2.235,2.2356,2.4572,2.6788,2.74995,2.8211,2.9278,3.0345,3.0168666666666666,2.999233333333333,2.9816
2020-08-07,1.2034,1.6956,2.035,2.0615,2.2092,2.2218,2.2225,2.4547499999999998,2.687,2.7590500000000002,2.8311,2.9352,3.0393,3.0234666666666667,3.007633333333333,2.9918
2020-08-10,1.2754,1.7008,1.9206,2.0812,2.2092,2.2218,2.2001,2.4334,2.6667,2.73635,2.806,2.9076999999999997,3.0094,2.991033333333333,2.9726666666666666,2.9543
2020-08-11,1.4254,1.6707,1.914,2.0889,2.195,2.2018,2.2213,2.4497,2.6781,2.7524,2.8267,2.918,3.0093,2.991,2.9727,2.9544
2020-08-12,1.4254,1.68,1.9475,2.1467,2.235,2.2368,2.2415,2.4795999999999996,2.7177,2.79135,2.865,2.9446000000000003,3.0242,3.0034666666666667,2.9827333333333335,2.962
2020-08-13,1.3754,1.9171,2.067,2.1485,2.2458,2.2486,2.2522,2.47445,2.6967,2.7682,2.8397,2.9245,3.0093,2.9913666666666665,2.9734333333333334,2.9555
2020-08-14,1.3754,1.8996,2.1137,2.1319,2.2968,2.2996,2.2744,2.4745,2.6746,2.74775,2.8209,2.9076,2.9943,2.9751666666666665,2.9560333333333335,2.9369
2020-08-17,1.3254,1.9434,2.106,2.1242,2.2891,2.291,2.265,2.4788,2.6926,2.7516,2.8106,2.89505,2.9795,2.967033333333333,2.9545666666666666,2.9421
2020-08-18,1.2254,1.9622,2.0938,2.1174,2.2909,2.2928,2.2754,2.48645,2.6975,2.77165,2.8458,2.9227499999999997,2.9997,2.9921666666666664,2.9846333333333335,2.9771
2020-08-19,1.2704,1.9562,2.1129,2.1536,2.3897,2.3916,2.4369,2.5836,2.7303,2.80735,2.8844,2.9593499999999997,3.0343,3.0202333333333335,3.0061666666666667,2.9921
2020-08-20,1.3794,2.022,2.1605,2.1831,2.4698,2.4216,2.4237,2.5957,2.7677,2.8396,2.9115,2.9853,3.0591,3.0385,3.0179,2.9973
2020-08-21,1.4172,2.0902,2.1605,2.1961,2.4829,2.4331,2.4336,2.5927,2.7518,2.8136,2.8754,2.9522500000000003,3.0291,3.0135,2.9979,2.9823
2020-08-24,1.4504,2.1102,2.1313,2.2,2.4987,2.4432,2.4437,2.61945,2.7952,2.8464,2.8976,2.9734,3.0492,3.0327333333333333,3.0162666666666667,2.9998
2020-08-25,1.1504,2.1369,2.1579,2.1698,2.5192,2.4737,2.4742,2.6678,2.8614,2.9034,2.9454,3.0148,3.0842,3.070266666666667,3.0563333333333333,3.0424
2020-08-26,1.1504,2.1319,2.1719,2.2027,2.5199,2.4849,2.4854,2.68165,2.8779,2.9265,2.9751,3.0370999999999997,3.0991,3.0831,3.0671,3.0511
2020-08-27,1.1504,2.1319,2.1805,2.2199,2.5199,2.4956,2.4961,2.7009,2.9057,2.9438500000000003,2.982,3.05045,3.1189,3.0992333333333333,3.0795666666666666,3.0599
2020-08-28,1.0184,2.0359,2.1205,2.2478,2.5043,2.4864,2.4869,2.6973000000000003,2.9077,2.94895,2.9902,3.06445,3.1387,3.114866666666667,3.0910333333333333,3.0672
2020-08-31,1.4504,2.1102,2.1948,2.2335,2.5297,2.5118,2.5123,2.70255,2.8928,2.92385,2.9549,3.0266,3.0983,3.0714333333333332,3.044566666666667,3.0177
2020-09-01,1.0504,2.1102,2.1948,2.2348,2.5199,2.5168,2.5203,2.72115,2.922,2.95155,2.9811,3.0669500000000003,3.1528,3.1178,3.0828,3.0478
2020-09-02,1.1204,2.0867,2.2048,2.2755,2.5359,2.5528,2.5563,2.7602,2.9641,3.00835,3.0526,3.129,3.2054,3.1711666666666667,3.1369333333333334,3.1027
2020-09-03,1.0419,2.0891,2.2072,2.2779,2.5359,2.5528,2.5712,2.76485,2.9585,3.02135,3.0842,3.1374,3.1906,3.1621,3.1336,3.1051
2020-09-04,1.0519,2.1143,2.2324,2.2795,2.5459,2.5701,2.5885,2.7878,2.9871,3.0439499999999997,3.1008,3.1545,3.2082,3.1797333333333335,3.1512666666666664,3.1228
2020-09-07,1.0019,2.0915,2.2367,2.3757,2.5909,2.5984,2.6151,2.80595,2.9968,3.0521000000000003,3.1074,3.15795,3.2085,3.1874666666666664,3.1664333333333334,3.1454
2020-09-08,0.9504,2.072,2.2376,2.3633,2.58,2.58,2.5969,2.79155,2.9862,3.0354,3.0846,3.1402,3.1958,3.1715333333333335,3.147266666666667,3.123
2020-09-09,1.0004,2.1188,2.2811,2.3873,2.6549,2.5861,2.603,2.7696500000000004,2.9363,2.9843,3.0323,3.0927,3.1531,3.1289,3.1047,3.0805
2020-09-10,0.912,2.0837,2.2992,2.3617,2.6,2.5672,2.573,2.72845,2.8839,2.94145,2.999,3.0737,3.1484,3.1267,3.105,3.0833
2020-09-11,0.762,2.0102,2.3022,2.3232,2.6005,2.5835,2.5964,2.7527999999999997,2.9092,2.97315,3.0371,3.11285,3.1886,3.1706,3.1526,3.1346
2020-09-14,0.562,1.8897,2.28,2.2859,2.5999,2.5915,2.6051,2.7503,2.8955,2.9781500000000003,3.0608,3.12975,3.1987,3.1835333333333335,3.1683666666666666,3.1532
2020-09-15,0.812,1.8837,2.274,2.2871,2.5722,2.5798,2.5934,2.7224,2.8514,2.9261,3.0008,3.0797,3.1586,3.141833333333333,3.1250666666666667,3.1083
2020-09-16,0.812,1.8586,2.2489,2.3333,2.5683,2.5977,2.6114,2.7285500000000003,2.8457,2.92005,2.9944,3.08645,3.1785,3.161,3.1435,3.126
2020-09-17,1.062,1.8953,2.2857,2.3316,2.577,2.5987,2.6124,2.7344999999999997,2.8566,2.9361499999999996,3.0157,3.1045,3.1933,3.1733333333333333,3.1533666666666664,3.1334
2020-09-18,1.162,1.9231,2.3135,2.3218,2.5771,2.5951,2.6088,2.7194000000000003,2.83,2.9005,2.971,3.0696000000000003,3.1682,3.150866666666667,3.1335333333333333,3.1162
2020-09-21,1.265,1.9675,2.2992,2.2852,2.5782,2.599,2.6127,2.70835,2.804,2.8727,2.9414,3.0424499999999997,3.1435,3.1289666666666665,3.1144333333333334,3.0999
2020-09-22,1.347,1.9747,2.2909,2.3201,2.5611,2.5756,2.6082,2.7123,2.8164,2.8769,2.9374,3.0305999999999997,3.1238,3.1113,3.0988,3.0863
2020-09-23,0.947,1.8965,2.2276,2.2718,2.5598,2.5698,2.6282,2.72445,2.8207,2.8819999999999997,2.9433,3.03835,3.1334,3.1186,3.1038,3.089
2020-09-24,0.757,1.852,2.2074,2.2215,2.5677,2.5724,2.5942,2.7182,2.8422,2.8986,2.955,3.0417,3.1284,3.1136,3.0988,3.084
2020-09-25,0.446,1.852,2.1773,2.2131,2.5677,2.5894,2.6116,2.7435,2.8754,2.93845,3.0015,3.0802,3.1589,3.1491000000000002,3.1393,3.1295
2020-09-27,0.446,1.8503,2.1709,2.2067,2.5613,2.5784,2.6005,2.7415,2.8825,2.94555,3.0086,3.0815,3.1544,3.1470666666666665,3.1397333333333335,3.1324
2020-09-28,0.446,1.9329,2.2159,2.215,2.5662,2.5798,2.6075,2.74715,2.8868,2.94375,3.0007,3.0807,3.1607,3.143533333333333,3.1263666666666667,3.1092
2020-09-29,0.757,1.9617,2.2782,2.3109,2.6043,2.6099,2.6381,2.7640000000000002,2.8899,2.9572000000000003,3.0245,3.1062000000000003,3.1879,3.1683333333333334,3.1487666666666665,3.1292
2020-09-30,1.857,1.9723,2.2887,2.3213,2.5999,2.5858,2.6462,2.78815,2.9301,2.9919000000000002,3.0537,3.13315,3.2126,3.1911333333333336,3.1696666666666666,3.1482
2020-10-09,1.1537,1.7028,2.1764,2.3662,2.6009,2.6035,2.7017,2.8457,2.9897,3.0522,3.1147,3.1883,3.2619,3.237033333333333,3.2121666666666666,3.1873
2020-10-10,1.1537,1.6871,2.1832,2.3443,2.601,2.6035,2.7017,2.84445,2.9872,3.0507999999999997,3.1144,3.1904,3.2664,3.240866666666667,3.215333333333333,3.1898
2020-10-12,1.0537,1.7028,2.197,2.3747,2.6482,2.6051,2.6937,2.8471,3.0005,3.0449,3.0893,3.1779,3.2665,3.2397,3.2129000000000003,3.1861
2020-10-13,1.0037,1.8028,2.1905,2.3731,2.6576,2.6101,2.6959,2.84925,3.0026,3.0549000000000004,3.1072,3.1942000000000004,3.2812,3.252466666666667,3.223733333333333,3.195
2020-10-14,1.1037,1.8355,2.1905,2.5231,2.6999,2.6201,2.7189,2.86885,3.0188,3.07905,3.1393,3.2154,3.2915,3.266,3.2405,3.215
2020-10-15,1.2047,1.8905,2.1994,2.6124,2.6998,2.63,2.6882,2.8536,3.019,3.09225,3.1655,3.2288,3.2921,3.2714,3.2507,3.23
2020-10-16,1.2547,1.9307,2.2205,2.6137,2.6897,2.6399,2.6961,2.856,3.0159,3.0858,3.1557,3.2165,3.2773,3.2582666666666666,3.2392333333333334,3.2202
2020-10-19,1.2547,1.9271,2.2133,2.6213,2.6893,2.6401,2.6973,2.84715,2.997,3.064,3.131,3.19405,3.2571,3.238233333333333,3.2193666666666667,3.2005
2020-10-20,1.3425,1.9598,2.2741,2.6238,2.6892,2.6503,2.7047,2.8501,2.9955,3.05755,3.1196,3.18345,3.2473,3.2300333333333335,3.2127666666666665,3.1955
2020-10-21,1.3547,1.9932,2.3075,2.6355,2.6836,2.6304,2.6848,2.8257000000000003,2.9666,3.0033000000000003,3.04,3.1362,3.2324,3.216766666666667,3.2011333333333334,3.1855
2020-10-22,1.2047,2.0257,2.3229,2.6327,2.6823,2.6003,2.6461,2.7858,2.9255,2.95275,2.98,3.09635,3.2127,3.1987,3.1847,3.1707
2020-10-23,1.1047,1.9914,2.3371,2.6359,2.6882,2.6306,2.6821,2.82105,2.96,2.98,3.0,3.1210500000000003,3.2421,3.2266333333333335,3.2111666666666667,3.1957
2020-10-26,1.2547,1.9914,2.3266,2.6453,2.6872,2.6411,2.6917,2.8298,2.9679,2.9878,3.0077,3.1296999999999997,3.2517,3.232266666666667,3.212833333333333,3.1934
2020-10-27,1.7047,1.9952,2.3758,2.6459,2.7245,2.6509,2.6867,2.81195,2.9372,2.9537,2.9702,3.09345,3.2167,3.1980999999999997,3.1795,3.1609
2020-10-28,1.7047,1.9798,2.32,2.6631,2.7897,2.7105,2.7228,2.8409,2.959,2.97715,2.9953,3.1255499999999996,3.2558,3.2308666666666666,3.2059333333333333,3.181
2020-10-29,1.6975,1.8884,2.3232,2.656,2.7695,2.7084,2.7191,2.83575,2.9524,2.9714,2.9904,3.1231,3.2558,3.232533333333333,3.2092666666666667,3.186
2020-10-30,2.0475,2.0801,2.3565,2.662,2.7845,2.7203,2.7273,2.8366,2.9459,2.9607,2.9755,3.1083,3.2411,3.2210666666666667,3.201033333333333,3.181
2020-11-02,1.9077,1.9403,2.3464,2.6647,2.7794,2.7455,2.7525,2.8493500000000003,2.9462,2.96095,2.9757,3.1060499999999998,3.2364,3.2171000000000003,3.1978,3.1785
2020-11-03,1.7077,1.8568,2.2903,2.6364,2.7392,2.7112,2.7322,2.8321,2.932,2.94765,2.9633,3.0950499999999996,3.2268,3.2099333333333333,3.1930666666666667,3.1762
2020-11-04,1.5577,1.7729,2.2724,2.6591,2.739,2.7114,2.7347,2.83625,2.9378,2.95695,2.9761,3.0917000000000003,3.2073,3.1944333333333335,3.1815666666666664,3.1687
2020-11-05,1.5577,1.7733,2.2731,2.6633,2.7487,2.7217,2.7481,2.8541499999999997,2.9602,2.9794,2.9986,3.1107,3.2228,3.2122666666666664,3.2017333333333333,3.1912
2020-11-06,1.6077,1.7563,2.2844,2.6513,2.7595,2.7522,2.7832,2.8767,2.9702,3.0021500000000003,3.0341,3.13475,3.2354,3.2257,3.216,3.2063
2020-11-09,1.8077,1.8563,2.3006,2.6578,2.7688,2.7582,2.7944,2.8898,2.9852,3.0212,3.0572,3.16,3.2628,3.2539666666666665,3.2451333333333334,3.2363
2020-11-10,1.9077,1.9143,2.3006,2.6564,2.7543,2.7639,2.7882,2.8742,2.9602,3.0014000000000003,3.0426,3.14645,3.2503,3.241566666666667,3.2328333333333332,3.2241
2020-11-11,1.9077,1.9234,2.3646,2.7113,2.8,2.7729,2.8009,2.8855500000000003,2.9702,3.0115,3.0528,3.1556,3.2584,3.2519666666666667,3.2455333333333334,3.2391
2020-11-12,1.9169,1.9326,2.4239,2.756,2.8297,2.8028,2.8287,2.90945,2.9902,3.0367,3.0832,3.1831,3.283,3.2758,3.2686,3.2614
2020-11-13,1.9969,2.0126,2.467,2.7926,2.8599,2.8227,2.8464,2.92585,3.0053,3.05185,3.0984,3.19345,3.2885,3.2828333333333335,3.2771666666666666,3.2715
2020-11-16,1.7259,2.0778,2.5322,2.6887,2.8298,2.8235,2.8497,2.9303,3.0109,3.0574,3.1039,3.19975,3.2956,3.2884333333333333,3.2812666666666663,3.2741
2020-11-17,1.4958,2.0631,2.5175,2.6887,2.8348,2.834,2.8634,2.94465,3.0259,3.07505,3.1242,3.2138,3.3034,3.2978,3.2922,3.2866
2020-11-18,1.3958,2.0413,2.6125,2.7526,2.8676,2.8978,2.94,3.0001499999999997,3.0603,3.11365,3.167,3.2481,3.3292,3.3274666666666666,3.3257333333333334,3.324
2020-11-19,1.4958,2.1008,2.6314,2.808,2.8843,2.9329,2.9433,3.02665,3.11,3.16225,3.2145,3.2867,3.3589,3.3555,3.3521,3.3487
2020-11-20,1.3958,2.0659,2.6358,2.9216,3.0226,2.9418,2.9503,3.0351999999999997,3.1201,3.15555,3.191,3.26475,3.3385,3.3289999999999997,3.3195,3.31
2020-11-23,1.341,2.0058,2.5912,2.8924,2.9742,2.9248,2.951,3.01305,3.0751,3.1044,3.1337,3.21835,3.303,3.2903333333333333,3.2776666666666667,3.265
2020-11-24,1.2958,1.9665,2.5765,2.9023,2.9942,2.9438,2.969,3.03455,3.1001,3.1346,3.1691,3.24735,3.3256,3.3137333333333334,3.3018666666666667,3.29
2020-11-25,1.0958,1.9015,2.7015,2.9031,2.9999,2.9285,2.9461,3.01075,3.0754,3.1047000000000002,3.134,3.21855,3.3031,3.2912333333333335,3.2793666666666668,3.2675
2020-11-26,0.9958,1.8515,2.7015,2.9279,2.9848,2.9285,2.9357,3.0056000000000003,3.0755,3.1087499999999997,3.142,3.2277,3.3134,3.3039333333333336,3.2944666666666667,3.285
2020-11-27,0.8782,1.8675,2.7145,2.9274,2.9698,2.9084,2.9104,2.9970499999999998,3.0837,3.11795,3.1522,3.23555,3.3189,3.3126,3.3063,3.3
2020-11-30,1.1982,1.8816,2.6682,2.8599,2.8903,2.829,2.831,2.91385,2.9967,3.0337500000000004,3.0708,3.1675000000000004,3.2642,3.259466666666667,3.2547333333333333,3.25
2020-12-01,0.9958,1.8392,2.699,2.8801,2.8203,2.8436,2.8457,2.9259,3.0061,3.0488,3.0915,3.1879,3.2843,3.2803666666666667,3.2764333333333333,3.2725
2020-12-02,0.9738,1.7992,2.6743,2.8707,2.8403,2.8588,2.8608,2.9563499999999996,3.0519,3.08845,3.125,3.20965,3.2943,3.2937,3.2931,3.2925
2020-12-03,1.1328,1.7793,2.6843,2.8616,2.8603,2.874,2.8761,2.9617,3.0473,3.0888999999999998,3.1305,3.20525,3.28,3.2817,3.2834,3.2851
2020-12-04,1.3178,1.7895,2.6793,2.8551,2.8738,2.8781,2.8708,2.9528,3.0348,3.0752,3.1156,3.19285,3.2701,3.2684333333333333,3.2667666666666664,3.2651
2020-12-07,1.0178,1.7775,2.6693,2.834,2.8509,2.8611,2.8614,2.9516999999999998,3.042,3.08405,3.1261,3.1999500000000003,3.2738,3.2725666666666666,3.271333333333333,3.2701
2020-12-08,1.3511,1.7962,2.6644,2.8103,2.8315,2.8413,2.8417,2.9265999999999996,3.0115,3.0618,3.1121,3.1848,3.2575,3.2567,3.2559,3.2551
2020-12-09,1.1931,1.775,2.644,2.7421,2.8014,2.8278,2.8449,2.9273,3.0097,3.0677000000000003,3.1257,3.19785,3.27,3.2708666666666666,3.2717333333333336,3.2726
2020-12-10,1.1596,1.7666,2.6223,2.7135,2.7626,2.7883,2.8047,2.8834999999999997,2.9623,3.0336499999999997,3.105,3.1825,3.26,3.2600333333333333,3.2600666666666664,3.2601
2020-12-11,1.2853,1.7448,2.6502,2.7221,2.8082,2.8254,2.8334,2.91515,2.9969,3.0686,3.1403,3.22015,3.3,3.2983666666666664,3.2967333333333335,3.2951
2020-12-14,1.3511,1.7648,2.6502,2.6999,2.786,2.8099,2.8245,2.9039,2.9833,3.0546499999999996,3.126,3.2055,3.285,3.2850333333333332,3.285066666666667,3.2851
2020-12-15,1.3511,1.8148,2.6502,2.6754,2.7557,2.777,2.7888,2.87405,2.9593,3.0290999999999997,3.0989,3.1882,3.2775,3.2775666666666665,3.277633333333333,3.2777
2020-12-16,0.9532,1.8148,2.6125,2.6,2.7227,2.731,2.7312,2.82915,2.9271,3.00365,3.0802,3.1752000000000002,3.2702,3.2718666666666665,3.2735333333333334,3.2752
2020-12-17,0.9532,1.8348,2.6125,2.6,2.6887,2.727,2.7273,2.8400499999999997,2.9528,3.02765,3.1025,3.1900500000000003,3.2776,3.2784666666666666,3.279333333333333,3.2802
2020-12-18,0.7332,1.8348,2.6284,2.5802,2.6837,2.7264,2.7267,2.84545,2.9642,3.0370999999999997,3.11,3.1952,3.2804,3.283666666666667,3.2869333333333333,3.2902
2020-12-21,0.6532,1.8051,2.5324,2.533,2.6535,2.6917,2.6919,2.81015,2.9284,3.00095,3.0735,3.16685,3.2602,3.2618666666666667,3.2635333333333336,3.2652
2020-12-22,0.5532,1.7381,2.4983,2.5113,2.6045,2.656,2.6695,2.78525,2.901,2.9681499999999996,3.0353,3.12545,3.2156,3.2196666666666665,3.223733333333333,3.2278
2020-12-23,0.5532,1.7381,2.4603,2.4711,2.5884,2.6408,2.6551,2.7718,2.8885,2.9561,3.0237,3.1218500000000002,3.22,3.2184333333333335,3.2168666666666668,3.2153
2020-12-24,0.5532,1.7381,2.4454,2.4806,2.567,2.6276,2.6501,2.7799,2.9097,2.9768,3.0439,3.1394499999999996,3.235,3.233433333333333,3.231866666666667,3.2303
2020-12-25,0.4532,1.7381,2.4454,2.4739,2.57,2.5871,2.6096,2.7476000000000003,2.8856,2.9443,3.003,3.099,3.195,3.1926,3.1902,3.1878
2020-12-28,0.4032,1.7381,2.3754,2.4027,2.5667,2.5671,2.5671,2.71115,2.8552,2.92525,2.9953,3.0902,3.1851,3.1776999999999997,3.1703,3.1629
2020-12-29,0.3532,1.7411,2.3454,2.3633,2.5165,2.5327,2.5486,2.69955,2.8505,2.9192,2.9879,3.0839499999999997,3.18,3.1718,3.1636,3.1554
2020-12-30,0.3732,1.7411,2.3254,2.3502,2.5121,2.5027,2.5036,2.64895,2.7943,2.86265,2.931,3.03805,3.1451,3.1368666666666667,3.128633333333333,3.1204
2020-12-31,0.8222,1.7411,2.2316,2.2824,2.4316,2.4477,2.4739,2.64565,2.8174,2.8843,2.9512,3.06055,3.1699,3.1609000000000003,3.1519,3.1429
2021-01-04,0.6282,1.5995,2.1496,2.1518,2.3646,2.4456,2.4952,2.6868000000000003,2.8784,2.93725,2.9961,3.1042500000000004,3.2124,3.2009333333333334,3.1894666666666667,3.178
2021-01-05,0.6532,1.5995,2.1026,2.1029,2.3465,2.4218,2.4714,2.6557,2.84,2.89295,2.9459,3.06045,3.175,3.1601666666666666,3.1453333333333333,3.1305
2021-01-06,0.5402,1.4967,1.9998,2.0034,2.2397,2.3183,2.4109,2.601,2.7911,2.8623000000000003,2.9335,3.03925,3.145,3.138533333333333,3.1320666666666668,3.1256
2021-01-07,0.8452,1.4967,1.9515,1.9879,2.21,2.2747,2.3568,2.5624,2.768,2.8465999999999996,2.9252,3.0275999999999996,3.13,3.1285333333333334,3.1270666666666664,3.1256
2021-01-08,0.8892,1.5448,1.8855,1.897,2.1675,2.2548,2.3568,2.5667999999999997,2.7768,2.86195,2.9471,3.0498,3.1525,3.1502,3.1479,3.1456
2021-01-11,1.1392,1.5448,1.7778,1.8756,2.1172,2.2005,2.3653,2.5796,2.7939,2.88105,2.9682,3.0690999999999997,3.17,3.167733333333333,3.1654666666666667,3.1632
2021-01-12,1.1892,1.5448,1.8197,1.9029,2.13,2.1711,2.335,2.54245,2.7499,2.84755,2.9452,3.0464,3.1476,3.1469666666666667,3.1463333333333336,3.1457
2021-01-13,1.2892,1.517,1.7919,1.8825,2.0814,2.133,2.2914,2.4944499999999996,2.6975,2.7981,2.8987,3.0046,3.1105,3.112233333333333,3.1139666666666668,3.1157
2021-01-14,1.3495,1.509,1.7901,1.8529,2.0441,2.1821,2.3405,2.5355,2.7305,2.8127500000000003,2.895,2.9934,3.0918,3.0965000000000003,3.1012,3.1059
2021-01-15,1.4125,1.559,1.8503,1.8529,2.066,2.2259,2.3843,2.5859,2.7875,2.87545,2.9634,3.0556,3.1478,3.1488,3.1498,3.1508
2021-01-18,1.7125,1.734,1.9469,1.9013,2.125,2.2955,2.45,2.6461,2.8422,2.925,3.0078,3.0913500000000003,3.1749,3.171866666666667,3.168833333333333,3.1658
2021-01-19,1.8375,1.8838,2.0283,2.0313,2.1703,2.3407,2.4859,2.65655,2.8272,2.9101,2.993,3.07655,3.1601,3.1603666666666665,3.160633333333333,3.1609
2021-01-20,1.9375,1.9518,2.0118,2.0513,2.175,2.3302,2.47,2.6357,2.8014,2.8799,2.9584,3.05375,3.1491,3.1530666666666667,3.157033333333333,3.161
2021-01-21,1.9675,1.9686,2.0083,2.0318,2.1555,2.3098,2.4475,2.60375,2.76,2.8422,2.9244,3.0229999999999997,3.1216,3.125566666666667,3.1295333333333333,3.1335
2021-01-22,1.8305,1.8951,2.0083,2.0316,2.1355,2.2681,2.4525,2.6085000000000003,2.7645,2.8509,2.9373,3.0242500000000003,3.1112,3.1136333333333335,3.1160666666666668,3.1185
2021-01-25,1.8445,1.8951,2.05,2.0525,2.1492,2.2747,2.4911,2.63775,2.7844,2.8701,2.9558,3.04415,3.1325,3.132433333333333,3.1323666666666665,3.1323
2021-01-26,2.1205,2.1251,2.1989,2.2014,2.2589,2.3844,2.5575,2.7004,2.8433,2.92115,2.999,3.08195,3.1649,3.1627666666666667,3.160633333333333,3.1585
2021-01-27,2.1795,2.2851,2.3511,2.3514,2.3539,2.4128,2.588,2.71475,2.8415,2.91785,2.9942,3.08205,3.1699,3.1678,3.1657,3.1636
2021-01-28,2.5795,2.5851,2.7,2.6999,2.5543,2.4652,2.6957,2.7936,2.8915,2.96225,3.033,3.1165000000000003,3.2,3.1987,3.1974,3.1961
2021-01-29,2.8375,2.7871,2.8751,2.5931,2.5256,2.5146,2.6799,2.7824,2.8849,2.94275,3.0006,3.0903,3.18,3.1795333333333335,3.1790666666666665,3.1786
2021-02-01,2.3505,2.3571,2.45,2.4501,2.4235,2.4534,2.6043,2.7253499999999997,2.8464,2.91815,2.9899,3.0812,3.1725,3.1720666666666664,3.1716333333333333,3.1712
2021-02-02,2.1505,2.2074,2.3681,2.4001,2.4001,2.416,2.6227,2.7447999999999997,2.8669,2.93855,3.0102,3.09655,3.1829,3.184,3.1851,3.1862
2021-02-03,1.9005,2.1824,2.3762,2.4151,2.43,2.43,2.6938,2.8004,2.907,2.98085,3.0547,3.1323499999999997,3.21,3.2104,3.2108,3.2112
2021-02-04,2.1005,2.2163,2.3715,2.4351,2.4772,2.4414,2.7155,2.81805,2.9206,3.00285,3.0851,3.15365,3.2222,3.226366666666667,3.2305333333333333,3.2347
2021-02-05,2.0005,2.2045,2.3723,2.4551,2.49,2.4518,2.7021,2.80785,2.9136,2.99155,3.0695,3.1370500000000003,3.2046,3.2085333333333335,3.212466666666667,3.2164
2021-02-07,1.9005,2.1989,2.3721,2.4601,2.4807,2.4424,2.6928,2.8032500000000002,2.9137,2.9956,3.0775,3.13795,3.1984,3.2045333333333335,3.2106666666666666,3.2168
2021-02-08,1.8005,2.1577,2.3565,2.4701,2.4802,2.4314,2.6968,2.802,2.9072,2.9997,3.0922,3.15325,3.2143,3.2218666666666667,3.2294333333333336,3.237
2021-02-09,1.6665,2.0325,2.2861,2.2999,2.3663,2.3966,2.6772,2.7764,2.8756,2.97435,3.0731,3.1348000000000003,3.1965,3.2077666666666667,3.2190333333333334,3.2303
2021-02-10,1.8195,1.8575,2.2061,2.21,2.3663,2.3859,2.6559,2.7661499999999997,2.8764,2.9794,3.0824,3.14905,3.2157,3.225433333333333,3.2351666666666667,3.2449
2021-02-18,1.9005,1.9075,2.1017,2.1056,2.3802,2.36,2.6916,2.8064,2.9212,3.0185,3.1158,3.1828000000000003,3.2498,3.2609,3.2720000000000002,3.2831
2021-02-19,1.7753,1.8675,2.0235,2.0274,2.3302,2.3201,2.6512,2.7717,2.8922,2.9856000000000003,3.079,3.15295,3.2269,3.2372,3.2475,3.2578
2021-02-20,1.4753,1.8147,1.9921,2.0174,2.2902,2.3006,2.6249,2.75195,2.879,2.97865,3.0783,3.1529,3.2275,3.2385,3.2495,3.2605
2021-02-22,1.4239,1.8214,2.0111,2.0488,2.2852,2.2827,2.6225,2.758,2.8935,2.9936499999999997,3.0938,3.16495,3.2361,3.2486,3.2611,3.2736
2021-02-23,1.4739,1.8488,2.0101,2.0194,2.2813,2.2839,2.607,2.7436,2.8802,2.9824,3.0846,3.1564,3.2282,3.2399666666666667,3.2517333333333336,3.2635
2021-02-24,1.4239,1.8434,1.9977,2.0,2.245,2.2763,2.5935,2.73405,2.8746,2.9742,3.0738,3.15505,3.2363,3.2451,3.2539000000000002,3.2627
2021-02-25,1.6149,1.7812,1.9518,1.9703,2.2363,2.2886,2.5981,2.74015,2.8822,2.9878,3.0934,3.17385,3.2543,3.2603,3.2663,3.2723
2021-02-26,1.7149,1.7312,1.9356,1.9879,2.2508,2.3001,2.6036,2.7532,2.9028,3.0039,3.105,3.1834,3.2618,3.2678,3.2738,3.2798
2021-03-01,1.7049,1.7062,1.9297,2.0012,2.2472,2.2897,2.6096,2.75405,2.8985,2.9894999999999996,3.0805,3.155,3.2295,3.2355,3.2415,3.2475
2021-03-02,1.6049,1.7791,2.0084,2.0857,2.2907,2.2922,2.6169,2.7554999999999996,2.8941,2.9904,3.0867,3.1590499999999997,3.2314,3.236733333333333,3.2420666666666667,3.2474
2021-03-03,1.4049,1.7791,2.004,2.077,2.3104,2.3118,2.6203,2.7687999999999997,2.9173,3.0042999999999997,3.0913,3.1622500000000002,3.2332,3.2405666666666666,3.2479333333333336,3.2553
2021-03-04,1.4304,1.7791,1.9999,2.0687,2.3104,2.3249,2.6365,2.7863499999999997,2.9362,3.0220000000000002,3.1078,3.17455,3.2413,3.2493666666666665,3.257433333333333,3.2655
2021-03-05,1.3557,1.7791,1.9951,2.0591,2.1904,2.3429,2.639,2.7792,2.9194,3.0034,3.0874,3.1534,3.2194,3.2281666666666666,3.236933333333333,3.2457
2021-03-08,1.5049,1.8021,2.0026,2.0512,2.2908,2.3268,2.654,2.79465,2.9353,3.01255,3.0898,3.1551,3.2204,3.227066666666667,3.2337333333333333,3.2404
2021-03-09,1.5549,1.787,2.0065,2.074,2.3028,2.3455,2.634,2.7946,2.9552,3.02835,3.1015,3.1656500000000003,3.2298,3.2358,3.2418,3.2478
2021-03-10,1.5049,1.7899,2.0037,2.0656,2.3222,2.3539,2.6264,2.7855499999999997,2.9447,3.0153499999999998,3.086,3.15265,3.2193,3.2246333333333332,3.229966666666667,3.2353
2021-03-11,1.5049,1.7835,1.9911,2.0467,2.3355,2.3799,2.6288,2.7952,2.9616,3.02825,3.0949,3.16175,3.2286,3.2359333333333336,3.2432666666666665,3.2506
2021-03-12,1.5049,1.8406,2.0238,2.0551,2.3698,2.3808,2.6407,2.79945,2.9582,3.02905,3.0999,3.1664,3.2329,3.2423666666666664,3.2518333333333334,3.2613
2021-03-15,1.6549,1.8656,2.0325,2.0476,2.37,2.4003,2.675,2.8228,2.9706,3.03525,3.0999,3.17185,3.2438,3.2538666666666667,3.263933333333333,3.274
2021-03-16,1.6549,1.8578,2.0299,2.0502,2.3728,2.4101,2.6663,2.8122,2.9581,3.0140000000000002,3.0699,3.1506499999999997,3.2314,3.2414,3.2514,3.2614
2021-03-17,1.6049,1.8378,2.0262,2.0629,2.3445,2.4038,2.6429,2.7917,2.9405,3.002,3.0635,3.145,3.2265,3.236466666666667,3.2464333333333335,3.2564
2021-03-18,1.5049,1.8878,2.0454,2.0513,2.3456,2.4177,2.6496,2.7963,2.943,3.00585,3.0687,3.14795,3.2272,3.2378666666666667,3.248533333333333,3.2592
2021-03-19,1.5849,1.8878,2.0339,2.0398,2.3433,2.4244,2.6395,2.7800000000000002,2.9205,2.98725,3.054,3.1312499999999996,3.2085,3.2178,3.2271,3.2364
2021-03-22,1.5049,1.8878,2.0792,2.0851,2.3663,2.4058,2.626,2.76825,2.9105,2.97625,3.042,3.1256,3.2092,3.2164333333333333,3.223666666666667,3.2309
2021-03-23,1.5049,1.8878,2.0685,2.0744,2.3801,2.4155,2.6209,2.7562499999999996,2.8916,2.9619999999999997,3.0324,3.1154,3.1984,3.2024333333333335,3.2064666666666666,3.2105
2021-03-24,1.4049,1.8878,2.045,2.051,2.3565,2.3917,2.6059,2.7409499999999998,2.876,2.94305,3.0101,3.09645,3.1828,3.1862,3.1896,3.193
2021-03-25,1.2549,1.8907,2.0299,2.0316,2.3515,2.3763,2.5904,2.73195,2.8735,2.93805,3.0026,3.0884,3.1742,3.1788666666666665,3.1835333333333335,3.1882
2021-03-26,1.2549,1.8956,1.9979,2.0025,2.3224,2.3744,2.6073,2.74665,2.886,2.9481,3.0102,3.0954,3.1806,3.1865666666666668,3.1925333333333334,3.1985
2021-03-29,1.3069,1.922,1.9987,2.0097,2.3201,2.3626,2.6075,2.74425,2.881,2.9433999999999996,3.0058,3.0911,3.1764,3.1830000000000003,3.1896,3.1962
2021-03-30,1.6069,1.902,1.9648,2.024,2.3011,2.3436,2.593,2.737,2.881,2.9486499999999998,3.0163,3.10405,3.1918,3.1965333333333334,3.2012666666666667,3.206
2021-03-31,1.8069,1.9029,1.9848,2.0245,2.284,2.3089,2.577,2.72025,2.8635,2.92355,2.9836,3.0772,3.1708,3.1767666666666665,3.182733333333333,3.1887
2021-04-01,1.6481,1.8029,1.9359,1.9756,2.2641,2.318,2.5806,2.72455,2.8685,2.9312,2.9939,3.0879000000000003,3.1819,3.1866000000000003,3.1913,3.196
2021-04-02,1.4981,1.7764,1.9094,1.9707,2.1841,2.336,2.58,2.72425,2.8685,2.9339,2.9993,3.09225,3.1852,3.1905666666666668,3.195933333333333,3.2013
2021-04-06,1.5919,1.7764,1.9344,1.9393,2.2108,2.3532,2.5877,2.7351,2.8825,2.9490499999999997,3.0156,3.10595,3.1963,3.2004333333333332,3.2045666666666666,3.2087
2021-04-07,1.5419,1.7739,1.9069,1.9154,2.2093,2.3742,2.6105,2.7423,2.8741,2.9552,3.0363,3.1199500000000002,3.2036,3.2095666666666665,3.215533333333333,3.2215
2021-04-08,1.4419,1.7539,1.8835,1.9115,2.1898,2.3829,2.6105,2.7449000000000003,2.8793,2.95915,3.039,3.1214000000000004,3.2038,3.2099,3.216,3.2221
2021-04-09,1.4419,1.7539,1.8795,1.9615,2.2398,2.4329,2.5915,2.7305,2.8695,2.9493,3.0291,3.1088,3.1885,3.1963666666666666,3.2042333333333333,3.2121
2021-04-12,1.5419,1.7239,1.8236,2.0115,2.2248,2.4379,2.5843,2.7276,2.8709,2.94125,3.0116,3.0913500000000003,3.1711,3.179,3.1869,3.1948
2021-04-13,1.5419,1.689,1.8212,2.0416,2.1742,2.4301,2.5643,2.6952999999999996,2.8263,2.90045,2.9746,3.0558,3.137,3.1455333333333333,3.1540666666666666,3.1626
2021-04-14,1.5752,1.7182,1.8464,2.0583,2.1842,2.4337,2.5679,2.6981,2.8283,2.90285,2.9774,3.0584499999999997,3.1395,3.1480333333333332,3.1565666666666665,3.1651
2021-04-15,1.5816,1.7072,1.8492,2.0886,2.1742,2.4363,2.5379,2.6846,2.8313,2.9083,2.9853,3.06535,3.1454,3.154533333333333,3.163666666666667,3.1728
2021-04-16,1.7176,1.723,1.8305,2.0701,2.1631,2.4341,2.5295,2.6794000000000002,2.8293,2.9035,2.9777,3.0557,3.1337,3.1435,3.1533,3.1631
2021-04-19,1.8419,1.843,1.8571,2.0643,2.1383,2.4245,2.5195,2.6657,2.8119,2.88905,2.9662,3.0455,3.1248,3.1351666666666667,3.1455333333333333,3.1559
2021-04-20,1.7519,1.8142,1.8283,2.0655,2.1358,2.4028,2.4995,2.6405,2.7815,2.8694499999999996,2.9574,3.03835,3.1193,3.1313333333333335,3.1433666666666666,3.1554
2021-04-21,1.7019,1.7879,1.8258,2.0481,2.107,2.3947,2.4595,2.6041,2.7487,2.85145,2.9542,3.03735,3.1205,3.131333333333333,3.1421666666666668,3.153
2021-04-22,1.7519,1.7583,1.829,2.0396,2.0975,2.3895,2.4495,2.59915,2.7488,2.8542500000000004,2.9597,3.04315,3.1266,3.1382,3.1498,3.1614
2021-04-23,1.6519,1.7205,1.7485,2.0276,2.0973,2.3803,2.39,2.56665,2.7433,2.85575,2.9682,3.0515499999999998,3.1349,3.1472333333333333,3.1595666666666666,3.1719
2021-04-25,1.7279,1.7585,1.7817,2.0422,2.0935,2.3668,2.3858,2.56705,2.7483,2.8661000000000003,2.9839,3.06665,3.1494,3.1609666666666665,3.1725333333333334,3.1841
2021-04-26,1.6519,1.7436,1.7598,1.9997,2.0979,2.377,2.4313,2.6121499999999997,2.793,2.8968,3.0006,3.0820499999999997,3.1635,3.1764666666666668,3.189433333333333,3.2024
2021-04-27,1.5519,1.713,1.7478,1.9729,2.0907,2.3558,2.4226,2.60805,2.7935,2.8998500000000003,3.0062,3.08655,3.1669,3.1805333333333334,3.194166666666667,3.2078
2021-04-28,1.5019,1.6388,1.7397,1.9284,2.0729,2.3066,2.3964,2.5904,2.7844,2.8878000000000004,2.9912,3.0741,3.157,3.1706333333333334,3.184266666666667,3.1979
2021-04-29,1.5492,1.6206,1.7086,1.9116,2.0452,2.258,2.3799,2.5805,2.7811,2.8812499999999996,2.9814,3.06595,3.1505,3.162733333333333,3.1749666666666667,3.1872
2021-04-30,1.6292,1.6414,1.7295,1.9251,2.0432,2.2661,2.3591,2.56285,2.7666,2.8640499999999998,2.9615,3.0473,3.1331,3.1434,3.1537,3.164
2021-05-06,1.4807,1.5906,1.7764,1.9428,2.0461,2.2276,2.3266,2.54265,2.7587,2.8519,2.9451,3.03535,3.1256,3.133966666666667,3.142333333333333,3.1507
2021-05-07,1.3862,1.5986,1.8376,1.8533,2.0156,2.2032,2.32,2.527,2.734,2.8378,2.9416,3.0336,3.1256,3.1367,3.1478,3.1589
2021-05-08,1.2862,1.6327,1.8567,1.8573,2.0196,2.2098,2.3193,2.5269500000000003,2.7346,2.83575,2.9369,3.0351,3.1333,3.1416,3.1499,3.1582
2021-05-10,1.2732,1.6197,1.8178,1.8361,2.0195,2.2019,2.3129,2.51685,2.7208,2.81905,2.9173,3.018,3.1187,3.1278,3.1369,3.146
2021-05-11,1.3232,1.5722,1.7579,1.8541,2.0261,2.1687,2.3078,2.5155,2.7232,2.8191,2.915,3.0181,3.1212,3.1268,3.1324,3.138
2021-05-12,1.4232,1.6301,1.7736,1.868,2.0303,2.1692,2.2974,2.50935,2.7213,2.8221,2.9229,3.01455,3.1062,3.1144666666666665,3.122733333333333,3.131
2021-05-13,1.5333,1.6644,1.8131,1.9128,2.0491,2.2035,2.3286,2.5351999999999997,2.7418,2.84225,2.9427,3.02445,3.1062,3.1163333333333334,3.1264666666666665,3.1366
2021-05-14,1.5577,1.6428,1.8407,1.8842,2.0632,2.2018,2.33,2.53875,2.7475,2.8421000000000003,2.9367,3.0134,3.0901,3.107466666666667,3.124833333333333,3.1422
2021-05-17,1.6977,1.7,1.8379,1.8497,2.1001,2.2119,2.3504,2.5636,2.7768,2.86795,2.9591,3.02485,3.0906,3.1111999999999997,3.1318,3.1524
2021-05-18,1.6977,1.7172,1.8724,1.8845,2.1177,2.216,2.3532,2.5627,2.7722,2.86185,2.9515,3.0161499999999997,3.0808,3.1024333333333334,3.1240666666666668,3.1457
2021-05-19,1.6037,1.714,1.8495,1.8834,2.1163,2.2068,2.3506,2.5516,2.7526,2.8407999999999998,2.929,2.9938000000000002,3.0586,3.0823333333333336,3.1060666666666665,3.1298
2021-05-20,1.4977,1.6887,1.8503,1.851,2.1229,2.2051,2.3486,2.53965,2.7307,2.8161500000000004,2.9016,2.9701000000000004,3.0386,3.0591,3.0796,3.1001
2021-05-21,1.4871,1.7064,1.8139,1.8218,2.0995,2.2003,2.3272,2.52445,2.7217,2.8068,2.8919,2.95785,3.0238,3.0450666666666666,3.0663333333333336,3.0876
2021-05-24,1.4977,1.7161,1.831,1.8454,2.1075,2.1882,2.3418,2.53905,2.7363,2.81785,2.8994,2.9655,3.0316,3.0494,3.0672,3.085
2021-05-25,1.5277,1.7286,1.8759,1.9022,2.1094,2.2025,2.3468,2.5423,2.7378,2.81855,2.8993,2.9655,3.0317,3.0494666666666665,3.0672333333333333,3.085
2021-05-26,1.4824,1.7631,1.8752,1.9042,2.1009,2.2055,2.3414,2.5349500000000003,2.7285,2.8105,2.8925,2.95815,3.0238,3.0358666666666667,3.0479333333333334,3.06
2021-05-27,1.6094,1.7677,1.8888,1.9148,2.1017,2.2176,2.3463,2.5464499999999997,2.7466,2.82985,2.9131,2.97835,3.0436,3.0532333333333335,3.0628666666666664,3.0725
2021-05-28,1.6566,1.7787,1.8743,1.8953,2.1065,2.2408,2.41,2.5874,2.7648,2.84795,2.9311,2.9947999999999997,3.0585,3.0665,3.0745,3.0825
2021-05-31,1.7566,1.7853,1.8714,1.8864,2.1124,2.256,2.4113,2.58,2.7487,2.8366,2.9245,2.98,3.0355,3.0386666666666664,3.0418333333333334,3.045
2021-06-01,1.7054,1.791,1.8303,1.8343,2.0929,2.2537,2.3725,2.56,2.7475,2.8334,2.9193,2.97255,3.0258,3.030533333333333,3.035266666666667,3.04
2021-06-02,1.6954,1.7697,1.8445,1.8507,2.0912,2.277,2.3804,2.57085,2.7613,2.8533,2.9453,2.9968500000000002,3.0484,3.053933333333333,3.059466666666667,3.065
2021-06-03,1.6454,1.7867,1.8453,1.8511,2.0532,2.2857,2.3664,2.56365,2.7609,2.84795,2.935,2.9879,3.0408,3.045533333333333,3.050266666666667,3.055
2021-06-04,1.6001,1.8183,1.8207,1.8477,2.0693,2.3057,2.3934,2.60105,2.8087,2.8916500000000003,2.9746,3.0276500000000004,3.0807,3.0846333333333336,3.0885666666666665,3.0925
2021-06-07,1.7201,1.8386,1.8439,1.8663,2.1065,2.324,2.4116,2.62685,2.8421,2.9181999999999997,2.9943,3.0486500000000003,3.103,3.1053333333333333,3.107666666666667,3.11
2021-06-08,1.6801,1.8244,1.8297,1.8686,2.1161,2.3257,2.4133,2.6292999999999997,2.8453,2.92265,3.0,3.0549999999999997,3.11,3.11,3.11,3.11
2021-06-09,1.6556,1.7875,1.8501,1.9276,2.1471,2.3327,2.4203,2.6328,2.8453,2.9168000000000003,2.9883,3.042,3.0957,3.0988333333333333,3.1019666666666668,3.1051
2021-06-10,1.5456,1.7963,1.8708,1.8917,2.1209,2.3364,2.424,2.6253,2.8266,2.9047,2.9828,3.0414000000000003,3.1,3.1,3.1,3.1
2021-06-11,1.5028,1.7819,1.8456,1.9119,2.1559,2.3583,2.4459,2.6471999999999998,2.8485,2.9285,3.0085,3.0657,3.1229,3.1244666666666667,3.1260333333333334,3.1276
2021-06-15,1.5956,1.7904,1.8263,1.8649,2.1539,2.3823,2.4699,2.65825,2.8466,2.9255,3.0044,3.0622,3.12,3.1192,3.1184,3.1176
2021-06-16,1.5456,1.8081,1.8288,1.867,2.1679,2.4069,2.4945,2.6717500000000003,2.849,2.92955,3.0101,3.07005,3.13,3.1300333333333334,3.1300666666666666,3.1301
2021-06-17,1.5067,1.8607,1.8608,1.9486,2.2023,2.4026,2.5272,2.691,2.8548,2.9392,3.0236,3.0818000000000003,3.14,3.1400333333333332,3.140066666666667,3.1401
2021-06-18,1.5067,1.883,1.8983,1.9568,2.1998,2.4047,2.5274,2.684,2.8406,2.9136499999999996,2.9867,3.0488,3.1109,3.114,3.1171,3.1202
2021-06-21,1.5456,1.9294,1.9499,1.9519,2.1994,2.4073,2.5202,2.6696999999999997,2.8192,2.8903499999999998,2.9615,3.0215,3.0815,3.0861,3.0907,3.0953
2021-06-22,1.6456,1.95,1.95,1.9658,2.201,2.405,2.5252,2.6670499999999997,2.8089,2.88435,2.9598,3.0180499999999997,3.0763,3.0801,3.0839,3.0877
2021-06-23,1.6,1.95,1.95,1.9509,2.1912,2.3876,2.5012,2.6436,2.786,2.8687,2.9514,3.0092499999999998,3.0671,3.073166666666667,3.0792333333333333,3.0853
2021-06-24,1.53,1.92,1.92,1.9661,2.1948,2.3597,2.469,2.6182499999999997,2.7675,2.8582,2.9489,3.0101500000000003,3.0714,3.0752,3.079,3.0828
2021-06-25,1.5,1.8826,1.9101,1.9151,2.1855,2.3364,2.4437,2.60255,2.7614,2.856,2.9506,3.01445,3.0783,3.0797666666666665,3.0812333333333335,3.0827
2021-06-28,1.51,1.8754,1.9063,1.9109,2.1904,2.3483,2.4705,2.6319999999999997,2.7935,2.88215,2.9708,3.03535,3.0999,3.0967,3.0935,3.0903
2021-06-29,1.8584,1.8621,1.8959,1.9122,2.2398,2.3453,2.4564,2.6233,2.7902,2.87405,2.9579,3.02765,3.0974,3.093366666666667,3.0893333333333333,3.0853
2021-06-30,1.95,1.8671,1.868,1.8831,2.2161,2.3072,2.4293,2.6037,2.7781,2.8648499999999997,2.9516,3.02325,3.0949,3.0892,3.0835,3.0778
2021-07-01,1.65,1.7965,1.8521,1.8732,2.2036,2.2923,2.4189,2.5989,2.7789,2.8695000000000004,2.9601,3.0300000000000002,3.0999,3.0958666666666668,3.091833333333333,3.0878
2021-07-02,1.5648,1.7702,1.8464,1.8638,2.1945,2.2729,2.3994,2.5858000000000003,2.7722,2.8613,2.9504,3.02265,3.0949,3.0900333333333334,3.0851666666666664,3.0803
2021-07-05,1.5148,1.7513,1.8162,1.839,2.148,2.2696,2.4136,2.59105,2.7685,2.8587,2.9489,3.0169,3.0849,3.0817333333333337,3.0785666666666667,3.0754
2021-07-06,1.6148,1.7428,1.7684,1.823,2.148,2.2496,2.4092,2.59,2.7708,2.8639,2.957,3.0222499999999997,3.0875,3.0867999999999998,3.0861,3.0854
2021-07-07,1.7148,1.7403,1.7716,1.8104,2.1147,2.2318,2.401,2.5812999999999997,2.7616,2.8484499999999997,2.9353,2.9976499999999997,3.06,3.058466666666667,3.0569333333333333,3.0554
2021-07-08,1.63,1.7184,1.7497,1.757,2.0593,2.1323,2.3223,2.5165499999999996,2.7108,2.78845,2.8661,2.92555,2.985,2.9843333333333333,2.9836666666666667,2.983
2021-07-09,1.725,1.7488,1.7801,1.8171,2.0607,2.127,2.3474,2.54255,2.7377,2.81325,2.8888,2.95065,3.0125,3.0118333333333336,3.0111666666666665,3.0105
2021-07-12,1.7,1.7441,1.7464,1.8149,1.9897,2.082,2.3175,2.49055,2.6636,2.7262000000000004,2.7888,2.8646000000000003,2.9404,2.9413,2.9421999999999997,2.9431
2021-07-13,1.7,1.7376,1.7855,1.8536,1.9867,2.0635,2.2958,2.46675,2.6377,2.7096,2.7815,2.8522,2.9229,2.9238,2.9247,2.9256
2021-07-14,1.68,1.7616,1.7622,1.8144,1.9879,2.0384,2.2782,2.4623999999999997,2.6466,2.7131,2.7796,2.85855,2.9375,2.9368666666666665,2.9362333333333335,2.9356
2021-07-15,1.7,1.7794,1.78,1.8603,1.9911,2.0285,2.2927,2.46625,2.6398,2.72765,2.8155,2.88315,2.9508,2.9524333333333335,2.954066666666667,2.9557
2021-07-16,1.72,1.7599,1.7616,1.8429,1.9542,1.9879,2.2719,2.451,2.6301,2.709,2.7879,2.86415,2.9404,2.941333333333333,2.942266666666667,2.9432
2021-07-19,1.7008,1.7392,1.7409,1.8192,1.9272,1.9784,2.2629,2.4428,2.6227,2.6963999999999997,2.7701,2.8556999999999997,2.9413,2.9436333333333335,2.9459666666666666,2.9483
2021-07-20,1.7008,1.7058,1.7074,1.8247,1.9069,1.9199,2.2143,2.4051,2.5959,2.6731499999999997,2.7504,2.8346,2.9188,2.9211333333333336,2.9234666666666667,2.9258
2021-07-21,1.7048,1.7177,1.7209,1.8398,1.9417,1.95,2.1833,2.38255,2.5818,2.66455,2.7473,2.8282499999999997,2.9092,2.9122666666666666,2.9153333333333333,2.9184
2021-07-22,1.6698,1.6711,1.6956,1.8364,1.96,1.9474,2.1551,2.3722000000000003,2.5893,2.6718,2.7543,2.8378,2.9213,2.9236666666666666,2.9260333333333333,2.9284
2021-07-23,1.6298,1.6441,1.67,1.8122,1.96,1.935,2.1119,2.3352500000000003,2.5586,2.6506,2.7426,2.8245,2.9064,2.9087333333333336,2.9110666666666667,2.9134
2021-07-26,1.5898,1.6009,1.6187,1.7663,1.9599,1.9257,2.1337,2.3332,2.5327,2.6203000000000003,2.7079,2.78235,2.8568,2.8615666666666666,2.8663333333333334,2.8711
2021-07-27,1.5998,1.6004,1.619,1.7455,1.9696,1.9217,2.2109,2.39105,2.5712,2.652,2.7328,2.81835,2.9039,2.9062666666666668,2.9086333333333334,2.911
2021-07-28,1.5389,1.5993,1.6,1.7727,1.9999,1.9916,2.2135,2.4147999999999996,2.6161,2.67995,2.7438,2.83085,2.9179,2.9223333333333334,2.9267666666666665,2.9312
2021-07-29,1.4389,1.4875,1.5315,1.7526,1.99,1.9917,2.1621,2.3699000000000003,2.5777,2.64845,2.7192,2.7958499999999997,2.8725,2.876333333333333,2.8801666666666668,2.884
2021-07-30,1.4889,1.49,1.5026,1.7614,1.9696,1.9524,2.1346,2.33505,2.5355,2.61135,2.6872,2.7550499999999998,2.8229,2.827366666666667,2.8318333333333334,2.8363
2021-08-02,1.3389,1.4276,1.5026,1.7973,1.9589,1.9347,2.1281,2.3221499999999997,2.5162,2.58385,2.6515,2.73475,2.818,2.8190666666666666,2.8201333333333336,2.8212
2021-08-03,1.3889,1.4255,1.4948,1.7837,1.9443,1.9355,2.1272,2.3357,2.5442,2.6031999999999997,2.6622,2.7474,2.8326,2.8329666666666666,2.833333333333333,2.8337
2021-08-04,1.3889,1.4176,1.5196,1.8412,1.9684,1.9466,2.1448,2.3538,2.5628,2.6183,2.6738,2.75215,2.8305,2.8316,2.8327,2.8338
2021-08-05,1.3794,1.4179,1.5155,1.8327,1.9691,1.9492,2.1494,2.35305,2.5567,2.6090500000000003,2.6614,2.73205,2.8027,2.8014,2.8001,2.7988
2021-08-06,1.3755,1.483,1.5515,1.8548,1.9689,1.9512,2.1514,2.3525,2.5536,2.6083499999999997,2.6631,2.7390499999999998,2.815,2.814633333333333,2.8142666666666667,2.8139
2021-08-09,1.5,1.6008,1.6015,1.884,1.989,1.993,2.2054,2.4029,2.6004,2.6567499999999997,2.7131,2.78655,2.86,2.8605,2.8609999999999998,2.8615
2021-08-10,1.6,1.7002,1.7009,1.9041,1.9844,1.993,2.1843,2.3844499999999997,2.5846,2.65015,2.7157,2.7934,2.8711,2.8729333333333336,2.8747666666666665,2.8766
2021-08-11,1.58,1.6802,1.7077,1.9109,1.9982,2.0135,2.194,2.39675,2.5995,2.66885,2.7382,2.8128,2.8874,2.8863,2.8852,2.8841
2021-08-12,1.4588,1.666,1.7387,1.9121,2.0052,2.0243,2.1935,2.38415,2.5748,2.6415,2.7082,2.78405,2.8599,2.8588,2.8577,2.8566
2021-08-13,1.48,1.6339,1.7339,1.9073,2.0,2.0181,2.2209,2.40585,2.5908,2.653,2.7152,2.8000499999999997,2.8849,2.883,2.8811,2.8792
2021-08-16,1.4494,1.617,1.7307,1.8761,1.9888,1.9868,2.2233,2.4105000000000003,2.5977,2.6705,2.7433,2.8215500000000002,2.8998,2.8979666666666666,2.8961333333333332,2.8943
2021-08-17,1.45,1.6369,1.7506,1.8846,1.9955,1.9745,2.2164,2.4021,2.5878,2.6593999999999998,2.731,2.80915,2.8873,2.8855,2.8837,2.8819
2021-08-18,1.45,1.6701,1.7743,1.9083,1.9523,1.9313,2.2252,2.3922499999999998,2.5593,2.63025,2.7012,2.77555,2.8499,2.8497333333333335,2.8495666666666666,2.8494
2021-08-19,1.55,1.6514,1.7982,1.9322,1.9523,1.9463,2.238,2.3975999999999997,2.5572,2.62305,2.6889,2.76565,2.8424,2.8414333333333333,2.840466666666667,2.8395
2021-08-20,1.55,1.6363,1.8567,1.9311,1.9583,1.9588,2.2682,2.41965,2.5711,2.6388499999999997,2.7066,2.78195,2.8573,2.8555333333333333,2.8537666666666666,2.852
2021-08-23,1.5794,1.6506,1.8813,1.9558,1.9788,1.9793,2.3024,2.4394,2.5764,2.64935,2.7223,2.7973,2.8723,2.8706,2.8689,2.8672
2021-08-24,1.5194,1.6411,1.9221,1.99,1.9801,1.9806,2.2947,2.4301500000000003,2.5656,2.63525,2.7049,2.78235,2.8598,2.8572666666666664,2.8547333333333333,2.8522
2021-08-25,1.4894,1.6474,1.9285,2.0699,2.0501,2.0505,2.2995,2.4324500000000002,2.5654,2.63145,2.6975,2.77865,2.8598,2.8581,2.8564,2.8547
2021-08-26,1.4592,1.7259,1.9468,2.08,2.0801,2.0805,2.3247,2.4524,2.5801,2.65655,2.733,2.8114,2.8898,2.888133333333333,2.8864666666666667,2.8848
2021-08-27,1.4302,1.6897,1.9363,2.0719,2.0806,2.081,2.3235,2.4435000000000002,2.5635,2.63835,2.7132,2.79645,2.8797,2.8764000000000003,2.8731,2.8698
2021-08-30,1.4293,1.7426,1.9855,2.0763,2.0908,2.0912,2.3125,2.4337999999999997,2.5551,2.6244,2.6937,2.7767,2.8597,2.8566333333333334,2.8535666666666666,2.8505
2021-08-31,1.4189,1.7447,2.0002,2.0703,2.09,2.0898,2.3105,2.4326,2.5547,2.6178999999999997,2.6811,2.76665,2.8522,2.8498,2.8474,2.845
2021-09-01,1.3459,1.7698,1.9972,2.09,2.0901,2.0899,2.2911,2.4110500000000004,2.531,2.5888,2.6466,2.73695,2.8273,2.8257333333333334,2.8241666666666667,2.8226
2021-09-02,1.3959,1.7268,1.9959,2.0827,2.1,2.0998,2.2993,2.4162500000000002,2.5332,2.59485,2.6565,2.7444499999999996,2.8324,2.831633333333333,2.8308666666666666,2.8301
2021-09-03,1.54,1.7931,1.9928,2.0579,2.1,2.1,2.3122,2.4086499999999997,2.5051,2.5838,2.6625,2.7487000000000004,2.8349,2.834166666666667,2.8334333333333332,2.8327
2021-09-06,1.5001,1.7824,1.982,2.0227,2.1074,2.1074,2.3096,2.4226,2.5356,2.6015,2.6674,2.7536,2.8398,2.8383333333333334,2.8368666666666664,2.8354
2021-09-07,1.5301,1.8067,2.0006,2.0302,2.1601,2.1601,2.3146,2.4377,2.5608,2.62545,2.6901,2.7762000000000002,2.8623,2.8616666666666664,2.8610333333333333,2.8604
2021-09-08,1.5401,1.829,2.0025,2.0864,2.22,2.22,2.3246,2.44525,2.5659,2.6332,2.7005,2.7851999999999997,2.8699,2.8701,2.8703,2.8705
2021-09-09,1.5501,1.8951,2.0192,2.0743,2.2258,2.2436,2.3531,2.4622,2.5713,2.6359,2.7005,2.78645,2.8724,2.8726,2.8728000000000002,2.873
2021-09-10,1.6301,1.9152,2.0426,2.0528,2.245,2.2449,2.3666,2.4690499999999997,2.5715,2.6387,2.7059,2.7866,2.8673,2.8667333333333334,2.866166666666667,2.8656
2021-09-13,1.7301,1.9638,2.057,2.0633,2.2627,2.2697,2.3822,2.482,2.5818,2.6620999999999997,2.7424,2.81615,2.8899,2.8902,2.8905,2.8908
2021-09-14,1.8301,1.9926,2.0662,2.0965,2.2943,2.2998,2.404,2.49545,2.5869,2.66205,2.7372,2.80985,2.8825,2.8836,2.8847,2.8858
2021-09-15,1.7801,2.0355,2.0792,2.0919,2.2958,2.3182,2.4028,2.5077,2.6126,2.6849,2.7572,2.82735,2.8975,2.898633333333333,2.899766666666667,2.9009
2021-09-16,1.8301,2.0675,2.0902,2.1019,2.3002,2.3096,2.4025,2.5012499999999998,2.6,2.6711,2.7422,2.8101000000000003,2.878,2.8815,2.8850000000000002,2.8885
2021-09-17,1.8331,2.0564,2.0901,2.0916,2.3049,2.3008,2.3978,2.4903500000000003,2.5829,2.65785,2.7328,2.8013000000000003,2.8698,2.8727,2.8756,2.8785
2021-09-18,1.7271,1.9956,2.047,2.078,2.2913,2.2951,2.3912,2.4878,2.5844,2.6535,2.7226,2.79255,2.8625,2.8655666666666666,2.8686333333333334,2.8717
2021-09-22,1.6801,1.9301,1.9634,1.984,2.2848,2.2947,2.3325,2.44785,2.5632,2.6385500000000004,2.7139,2.7818,2.8497,2.854433333333333,2.859166666666667,2.8639
2021-09-23,1.5541,1.9252,1.9797,1.9926,2.2917,2.2949,2.3385,2.44595,2.5534,2.62875,2.7041,2.77265,2.8412,2.8463000000000003,2.8514,2.8565
2021-09-24,1.5041,1.9382,1.9941,2.0335,2.2935,2.2998,2.3828,2.4627,2.5426,2.6316,2.7206,2.78635,2.8521,2.8587000000000002,2.8653,2.8719
2021-09-26,1.5001,1.9342,1.9948,2.0309,2.2877,2.2996,2.3686,2.45495,2.5413,2.6286500000000004,2.716,2.787,2.858,2.8652333333333333,2.872466666666667,2.8797
2021-09-27,1.5041,1.9357,1.9586,2.0098,2.2919,2.3092,2.3997,2.47155,2.5434,2.6323499999999997,2.7213,2.79005,2.8588,2.8667,2.8746,2.8825
2021-09-28,1.5417,1.9389,1.9598,2.0167,2.2915,2.3279,2.3741,2.4596999999999998,2.5453,2.63605,2.7268,2.79375,2.8607,2.8661,2.8715,2.8769
2021-09-29,1.5404,1.8865,1.947,1.9946,2.2919,2.3189,2.3571,2.44095,2.5248,2.6159499999999998,2.7071,2.7767999999999997,2.8465,2.852533333333333,2.8585666666666665,2.8646
2021-09-30,1.65,1.8452,1.9011,1.9562,2.1998,2.2595,2.3327,2.42245,2.5122,2.6128,2.7134,2.7837,2.854,2.861866666666667,2.8697333333333335,2.8776
2021-10-08,1.5983,1.776,1.7992,1.8119,2.2006,2.2817,2.344,2.44465,2.5453,2.6441,2.7429,2.8161500000000004,2.8894,2.8973,2.9052000000000002,2.9131
2021-10-09,1.5882,1.7659,1.8,1.8233,2.2226,2.277,2.3252,2.43365,2.5421,2.6453,2.7485,2.8198,2.8911,2.9002666666666665,2.9094333333333333,2.9186
2021-10-11,1.63,1.8058,1.83,1.8405,2.2301,2.2909,2.349,2.4664,2.5838,2.68665,2.7895,2.8636999999999997,2.9379,2.9446,2.9513000000000003,2.958
2021-10-12,1.5809,1.7232,1.7965,1.8239,2.2305,2.2871,2.3467,2.47265,2.5986,2.699,2.7994,2.8716,2.9438,2.9511,2.9584,2.9657
2021-10-13,1.7,1.7277,1.7938,1.829,2.2435,2.2837,2.3401,2.4842500000000003,2.6284,2.7144500000000003,2.8005,2.87085,2.9412,2.9467333333333334,2.9522666666666666,2.9578
2021-10-14,1.7,1.7475,1.7905,1.8258,2.2535,2.2699,2.3325,2.4865500000000003,2.6406,2.7228000000000003,2.805,2.8715,2.938,2.9447,2.9514,2.9581
2021-10-15,1.71,1.7491,1.7696,1.835,2.2585,2.2699,2.3361,2.491,2.6459,2.7307,2.8155,2.8809500000000003,2.9464,2.9537,2.9610000000000003,2.9683
2021-10-18,1.71,1.7319,1.7774,1.8563,2.2935,2.295,2.3727,2.5532,2.7337,2.8122499999999997,2.8908,2.9703999999999997,3.05,3.0475333333333334,3.0450666666666666,3.0426
2021-10-19,1.6856,1.7162,1.7868,1.9045,2.2702,2.3048,2.3771,2.5448500000000003,2.7126,2.7944500000000003,2.8763,2.95065,3.025,3.0200666666666667,3.0151333333333334,3.0102
2021-10-20,1.6656,1.6881,1.8848,2.1286,2.2448,2.2993,2.3819,2.5343999999999998,2.6869,2.7747,2.8625,2.94,3.0175,3.0109333333333335,3.0043666666666664,2.9978
2021-10-21,1.6455,1.7146,1.9004,2.1934,2.2701,2.2851,2.3574,2.50495,2.6525,2.7442,2.8359,2.9129500000000004,2.99,2.9834,2.9768000000000003,2.9702
2021-10-22,1.4955,1.7477,1.8603,2.2305,2.27,2.27,2.3475,2.50155,2.6556,2.7526,2.8496,2.92855,3.0075,3.003433333333333,2.9993666666666665,2.9953
2021-10-25,1.5855,1.6885,1.8207,2.2105,2.27,2.2627,2.3438,2.50275,2.6617,2.75715,2.8526,2.93255,3.0125,3.0043,2.9960999999999998,2.9879
2021-10-26,1.5355,1.7159,1.8323,2.2216,2.26,2.2603,2.3425,2.5025,2.6625,2.75105,2.8396,2.92605,3.0125,3.0010000000000003,2.9895,2.978
2021-10-27,1.4355,1.7147,1.8258,2.228,2.33,2.3303,2.3375,2.5058499999999997,2.6742,2.7606,2.847,2.931,3.015,3.0027,2.9904,2.9781
2021-10-28,1.5355,1.6967,1.8235,2.2413,2.34,2.3258,2.3375,2.50465,2.6718,2.75415,2.8365,2.91825,3.0,2.9894,2.9788,2.9682
2021-10-29,1.7,1.7243,1.8338,2.2516,2.3597,2.31,2.31,2.49785,2.6857,2.7647500000000003,2.8438,2.92565,3.0075,2.9960666666666667,2.984633333333333,2.9732
2021-11-01,1.7,1.7547,1.8436,2.2408,2.3494,2.3151,2.3151,2.49175,2.6684,2.7409,2.8134,2.8954500000000003,2.9775,2.9661666666666666,2.954833333333333,2.9435
2021-11-02,1.72,1.7547,1.9283,2.2421,2.3392,2.3051,2.3051,2.4743500000000003,2.6436,2.71335,2.7831,2.86655,2.95,2.9419666666666666,2.9339333333333335,2.9259
2021-11-03,1.735,1.7357,1.97,2.3024,2.3293,2.3001,2.3001,2.47845,2.6568,2.7277,2.7986,2.87805,2.9575,2.9511666666666665,2.9448333333333334,2.9385
2021-11-04,1.685,1.6908,2.0208,2.3024,2.3097,2.3001,2.3002,2.4692,2.6382,2.7070499999999997,2.7759,2.8567,2.9375,2.9337,2.9299,2.9261
2021-11-05,1.635,1.6709,2.0464,2.2974,2.3091,2.2851,2.2852,2.44815,2.6111,2.6705,2.7299,2.81745,2.905,2.9003666666666663,2.8957333333333333,2.8911
2021-11-08,1.63,1.6451,2.0988,2.2874,2.3085,2.2803,2.2804,2.4505,2.6206,2.6808,2.741,2.8304500000000004,2.9199,2.9137,2.9075,2.9013
2021-11-09,1.6013,1.6362,2.1098,2.2614,2.35,2.2904,2.2905,2.4567500000000004,2.623,2.686,2.749,2.8344500000000004,2.9199,2.912866666666667,2.9058333333333333,2.8988
2021-11-10,1.7,1.7002,2.1221,2.274,2.3499,2.2905,2.2906,2.4577,2.6248,2.68975,2.7547,2.8423,2.9299,2.9245666666666668,2.919233333333333,2.9139
2021-11-11,1.74,1.755,2.1214,2.2726,2.3398,2.2906,2.2907,2.46655,2.6424,2.7061,2.7698,2.85615,2.9425,2.9405,2.9385,2.9365
2021-11-12,1.715,1.7752,2.1223,2.2792,2.3396,2.2757,2.2759,2.4566000000000003,2.6373,2.7039,2.7705,2.85525,2.94,2.9396999999999998,2.9394,2.9391
2021-11-15,1.646,1.7494,2.0962,2.2672,2.3291,2.2735,2.2737,2.4433,2.6129,2.6849499999999997,2.757,2.83975,2.9225,2.9239666666666664,2.9254333333333333,2.9269
2021-11-16,1.7,1.7732,2.1012,2.2698,2.2994,2.2686,2.2688,2.43725,2.6057,2.6778,2.7499,2.83495,2.92,2.9214666666666664,2.9229333333333334,2.9244
2021-11-17,1.78,1.7809,2.1476,2.3,2.2996,2.2812,2.2814,2.4466,2.6118,2.68345,2.7551,2.8388,2.9225,2.9248333333333334,2.9271666666666665,2.9295
2021-11-18,1.68,1.7474,2.1875,2.2859,2.2992,2.2714,2.2716,2.4393000000000002,2.607,2.6756,2.7442,2.8236,2.903,2.9068666666666667,2.9107333333333334,2.9146
2021-11-19,1.705,1.7465,2.1769,2.2656,2.2988,2.2617,2.2618,2.43835,2.6149,2.68785,2.7608,2.8429,2.925,2.9267333333333334,2.9284666666666666,2.9302
2021-11-22,1.7,1.7205,2.1706,2.2486,2.2977,2.2522,2.2523,2.4252000000000002,2.5981,2.6712,2.7443,2.82835,2.9124,2.9041333333333332,2.8958666666666666,2.8876
2021-11-23,1.7024,1.7228,2.189,2.2802,2.2832,2.2499,2.25,2.42835,2.6067,2.6765499999999998,2.7464,2.8293999999999997,2.9124,2.9041,2.8958,2.8875
2021-11-24,1.6514,1.7022,2.1988,2.2725,2.2725,2.2425,2.2426,2.4097,2.5768,2.6454,2.714,2.8007,2.8874,2.8782666666666668,2.869133333333333,2.86
2021-11-25,1.6015,1.7117,2.2064,2.275,2.275,2.2476,2.2477,2.41355,2.5794,2.64405,2.7087,2.79705,2.8854,2.8752666666666666,2.8651333333333335,2.855
2021-11-26,1.5,1.6632,2.211,2.2606,2.265,2.2426,2.2427,2.3988,2.5549,2.6165000000000003,2.6781,2.76525,2.8524,2.8415999999999997,2.8308,2.82
2021-11-29,1.5,1.6816,2.2479,2.28,2.2844,2.2459,2.246,2.40815,2.5703,2.62785,2.6854,2.77135,2.8573,2.8465333333333334,2.8357666666666668,2.825
2021-11-30,1.75,1.8216,2.2574,2.2822,2.2934,2.2463,2.2463,2.41635,2.5864,2.6392,2.692,2.7759,2.8598,2.8482,2.8366000000000002,2.825
2021-12-01,1.6,1.8226,2.1715,2.28,2.28,2.2443,2.2443,2.4221,2.5999,2.6563999999999997,2.7129,2.79385,2.8748,2.8632333333333335,2.8516666666666666,2.8401
2021-12-02,1.59,1.8199,2.1722,2.285,2.285,2.2446,2.2446,2.4297,2.6148,2.6795999999999998,2.7444,2.8171,2.8898,2.8799,2.87,2.8601
2021-12-03,1.584,1.8115,2.2074,2.285,2.285,2.255,2.255,2.4395,2.624,2.6906499999999998,2.7573,2.82855,2.8998,2.8899,2.88,2.8701
2021-12-06,1.584,1.9558,2.2472,2.2602,2.2691,2.2452,2.2452,2.4147,2.5842,2.6428499999999997,2.7015,2.7756499999999997,2.8498,2.8390666666666666,2.8283333333333336,2.8176
2021-12-07,1.584,1.9756,2.1929,2.29,2.2697,2.251,2.251,2.427,2.603,2.66655,2.7301,2.8037,2.8773,2.8665666666666665,2.8558333333333334,2.8451
2021-12-08,1.65,1.9856,2.2965,2.315,2.335,2.2658,2.2658,2.4397,2.6136,2.6768,2.74,2.8124000000000002,2.8848,2.8749,2.865,2.8551
2021-12-09,1.65,2.0074,2.2865,2.3154,2.3497,2.269,2.2767,2.444,2.6113,2.6719,2.7325,2.8061499999999997,2.8798,2.8707333333333334,2.8616666666666664,2.8526
2021-12-10,1.6342,2.004,2.2593,2.3201,2.3545,2.269,2.2767,2.43615,2.5956,2.6596,2.7236,2.79795,2.8723,2.8624,2.8525,2.8426
2021-12-13,1.6992,2.0511,2.2717,2.3203,2.3544,2.2937,2.3015,2.4446,2.5877,2.65545,2.7232,2.8027499999999996,2.8823,2.8732666666666664,2.8642333333333334,2.8552
2021-12-14,1.6352,2.0502,2.298,2.3152,2.3591,2.2903,2.298,2.43655,2.5751,2.6393,2.7035,2.7879,2.8723,2.8641,2.8559,2.8477
2021-12-15,1.6378,2.1177,2.32,2.3201,2.364,2.3023,2.3101,2.43935,2.5686,2.63545,2.7023,2.78855,2.8748,2.8666,2.8584,2.8502
2021-12-16,1.7,2.2252,2.3204,2.3253,2.3515,2.303,2.3108,2.44205,2.5733,2.64045,2.7076,2.7937,2.8798,2.8724333333333334,2.8650666666666664,2.8577
2021-12-17,1.446,2.2365,2.3111,2.3321,2.3444,2.3131,2.3209,2.4467499999999998,2.5726,2.64445,2.7163,2.79925,2.8822,2.8718666666666666,2.8615333333333335,2.8512
2021-12-20,1.4415,2.248,2.3391,2.3406,2.3693,2.3494,2.3572,2.4745000000000004,2.5918,2.6597,2.7276,2.80365,2.8797,2.8709000000000002,2.8621,2.8533
2021-12-21,1.3915,2.2684,2.3483,2.3714,2.399,2.375,2.3828,2.48605,2.5893,2.65565,2.722,2.7971500000000002,2.8723,2.8651333333333335,2.8579666666666665,2.8508
2021-12-22,1.4051,2.282,2.339,2.3817,2.3982,2.3579,2.3657,2.4706,2.5755,2.63895,2.7024,2.77855,2.8547,2.8465666666666665,2.838433333333333,2.8303
2021-12-23,1.3354,2.2122,2.3349,2.35,2.3492,2.333,2.3336,2.43995,2.5463,2.6109,2.6755,2.7576,2.8397,2.8312333333333335,2.8227666666666664,2.8143
2021-12-24,1.5444,2.1726,2.3293,2.3278,2.3592,2.3443,2.3386,2.4491,2.5596,2.6225500000000004,2.6855,2.7676,2.8497,2.8399,2.8301,2.8203
2021-12-27,1.5444,2.2104,2.3397,2.321,2.3588,2.3424,2.3541,2.4493,2.5445,2.6079,2.6713,2.753,2.8347,2.8274000000000004,2.8201,2.8128
2021-12-28,1.8444,2.2395,2.33,2.3213,2.358,2.3334,2.3444,2.4375999999999998,2.5308,2.5936500000000002,2.6565,2.73935,2.8222,2.8149333333333333,2.8076666666666665,2.8004
2021-12-29,1.8444,2.2539,2.2834,2.2801,2.33,2.3043,2.3353,2.4209500000000004,2.5066,2.5669000000000004,2.6272,2.71475,2.8023,2.7966666666666664,2.7910333333333335,2.7854
2021-12-30,1.7774,2.1454,2.2197,2.2101,2.28,2.2454,2.2936,2.3775,2.4614,2.532,2.6026,2.6899499999999996,2.7773,2.7733333333333334,2.7693666666666665,2.7654
2021-12-31,1.7774,1.9608,2.0,2.0006,2.1563,2.1723,2.2429,2.35065,2.4584,2.5338000000000003,2.6092,2.6958,2.7824,2.7800666666666665,2.7777333333333334,2.7754
2022-01-04,1.6744,1.9903,2.0484,2.0722,2.171,2.1749,2.2529,2.34835,2.4438,2.52825,2.6127,2.69885,2.785,2.7851666666666666,2.7853333333333334,2.7855
2022-01-05,1.7344,1.9059,2.0473,2.0704,2.1637,2.1765,2.2284,2.3387000000000002,2.449,2.54565,2.6423,2.72155,2.8008,2.8020333333333336,2.8032666666666666,2.8045
2022-01-06,1.7644,1.9055,2.0197,2.0413,2.1663,2.1879,2.2303,2.35575,2.4812,2.5698499999999997,2.6585,2.73825,2.818,2.8188333333333335,2.8196666666666665,2.8205
2022-01-07,1.7591,1.9119,2.0041,2.0476,2.1549,2.1504,2.2295,2.35145,2.4734,2.5639,2.6544,2.73495,2.8155,2.8163666666666667,2.8172333333333333,2.8181
2022-01-10,1.78,1.919,2.011,2.0517,2.14,2.14,2.2143,2.3327999999999998,2.4513,2.5397,2.6281,2.7146,2.8011,2.8026,2.8041,2.8056
2022-01-11,1.7369,1.929,2.0,2.0046,2.113,2.1405,2.1957,2.3093,2.4229,2.51625,2.6096,2.6974,2.7852,2.7887,2.7922000000000002,2.7957
2022-01-12,1.7249,1.9447,1.9979,2.004,2.114,2.1392,2.1898,2.30645,2.4231,2.51675,2.6104,2.6988,2.7872,2.790033333333333,2.792866666666667,2.7957
2022-01-13,1.9,1.9946,2.0026,2.0254,2.1221,2.1426,2.1812,2.3039,2.4266,2.5145999999999997,2.6026,2.68795,2.7733,2.7774666666666668,2.781633333333333,2.7858
2022-01-14,1.8687,1.9999,2.0025,2.0258,2.1154,2.1432,2.1721,2.3009500000000003,2.4298,2.52115,2.6125,2.6937499999999996,2.775,2.7811666666666666,2.787333333333333,2.7935
2022-01-17,1.8408,1.9919,2.0012,2.0201,2.1074,2.1236,2.1566,2.2864,2.4162,2.5042,2.5922,2.6809000000000003,2.7696,2.7750666666666666,2.7805333333333335,2.786
2022-01-18,1.75,1.9682,1.98,1.98,2.0638,2.08,2.0501,2.20215,2.3542,2.42185,2.4895,2.5993500000000003,2.7092,2.7199666666666666,2.7307333333333332,2.7415
2022-01-19,1.7599,1.9373,1.9021,1.9319,1.9856,2.0394,2.0401,2.18605,2.332,2.41075,2.4895,2.59635,2.7032,2.7125999999999997,2.722,2.7314
2022-01-20,1.86,1.9191,1.9,1.9216,1.9753,2.0135,2.0204,2.1620999999999997,2.3038,2.38915,2.4745,2.5796,2.6847,2.6988333333333334,2.7129666666666665,2.7271
2022-01-21,1.888,1.9037,1.8846,1.875,1.89,1.9749,2.0018,2.1315999999999997,2.2614,2.34545,2.4295,2.54455,2.6596,2.6764,2.6932,2.71
2022-01-24,1.76,1.826,1.8,1.8002,1.8643,1.9492,1.9502,2.0845,2.2188,2.28575,2.3527,2.487,2.6213,2.6392333333333333,2.657166666666667,2.6751
2022-01-25,1.66,1.7058,1.7597,1.8017,1.8503,1.9848,1.9656,2.1133,2.261,2.3308,2.4006,2.52205,2.6435,2.6616333333333335,2.6797666666666666,2.6979
2022-01-26,1.66,1.6989,1.7037,1.7724,1.8818,1.985,1.9807,2.1229999999999998,2.2653,2.34205,2.4188,2.5459,2.673,2.6868666666666665,2.7007333333333334,2.7146
2022-01-27,1.66,1.7068,1.7308,1.7967,1.8938,1.9699,1.9936,2.13755,2.2815,2.3514999999999997,2.4215,2.5553999999999997,2.6893,2.7044666666666664,2.7196333333333333,2.7348
2022-01-28,1.64,1.6868,1.7312,1.7876,1.8941,1.955,1.9507,2.0961,2.2415,2.3114999999999997,2.3815,2.5201000000000002,2.6587,2.673166666666667,2.6876333333333333,2.7021
2022-01-29,1.695,1.695,1.7312,1.7876,1.8941,1.9453,1.9512,2.0919499999999998,2.2327,2.3004499999999997,2.3682,2.51015,2.6521,2.6685,2.6849,2.7013
2022-01-30,1.73,1.73,1.7354,1.7756,1.8882,1.9455,1.9514,2.0915999999999997,2.2318,2.2976,2.3634,2.50945,2.6555,2.6702333333333335,2.6849666666666665,2.6997
2022-02-07,1.5505,1.5505,1.5967,1.6644,1.8225,1.9248,1.9472,2.10845,2.2697,2.3419499999999998,2.4142,2.54555,2.6769,2.6931333333333334,2.7093666666666665,2.7256
2022-02-08,1.4825,1.5578,1.592,1.6529,1.8268,1.8938,1.9049,2.09145,2.278,2.34865,2.4193,2.5496999999999996,2.6801,2.6943,2.7085,2.7227
2022-02-09,1.35,1.5621,1.5958,1.6608,1.8254,1.8775,1.9001,2.09955,2.299,2.3667499999999997,2.4345,2.56235,2.6902,2.7044,2.7186,2.7328
2022-02-10,1.339,1.5267,1.5838,1.6198,1.8054,1.8463,1.8837,2.0901,2.2965,2.36415,2.4318,2.56105,2.6903,2.704466666666667,2.7186333333333335,2.7328
2022-02-11,1.478,1.53,1.5911,1.5933,1.7991,1.8653,1.9192,2.13285,2.3465,2.4233000000000002,2.5001,2.6303,2.7605,2.770033333333333,2.7795666666666667,2.7891
2022-02-14,1.45,1.4591,1.5392,1.582,1.7935,1.8526,1.9017,2.13035,2.359,2.4402,2.5214,2.6527,2.784,2.7899333333333334,2.7958666666666665,2.8018
2022-02-15,1.4571,1.4662,1.5849,1.6052,1.7821,1.8266,1.8847,2.1159499999999998,2.3472,2.4320500000000003,2.5169,2.648,2.7791,2.785,2.7909,2.7968
2022-02-16,1.5,1.5178,1.6194,1.7065,1.89,1.89,1.9279,2.128,2.3281,2.41255,2.497,2.6298,2.7626,2.7714666666666665,2.7803333333333335,2.7892
2022-02-17,1.5,1.5287,1.6282,1.7528,1.92,1.92,1.9095,2.1054,2.3013,2.3906,2.4799,2.6146000000000003,2.7493,2.7595,2.7697,2.7799
2022-02-18,1.6,1.6006,1.6265,1.8269,1.94,1.94,1.9781,2.14345,2.3088,2.4087,2.5086,2.63775,2.7669,2.7771,2.7873,2.7975
2022-02-21,1.61,1.6122,1.7925,1.8256,1.96,1.96,2.0326,2.1867,2.3408,2.45545,2.5701,2.6938,2.8175,2.8216666666666668,2.825833333333333,2.83
2022-02-22,1.6,1.6171,1.8021,1.8689,1.9682,2.0059,2.1162,2.2361500000000003,2.3561,2.4783999999999997,2.6007,2.70855,2.8164,2.8175999999999997,2.8188,2.82
2022-02-23,1.55,1.6686,1.8219,1.9322,1.9613,1.9912,2.0935,2.22105,2.3486,2.4547,2.5608,2.67365,2.7865,2.787666666666667,2.7888333333333333,2.79
2022-02-24,1.7,1.7085,1.8437,1.9574,1.9862,2.0043,2.0948,2.2167000000000003,2.3386,2.44735,2.5561,2.6718,2.7875,2.7875,2.7875,2.7875
2022-02-25,1.734,1.848,1.9015,1.9334,1.98,1.98,2.0242,2.1596,2.295,2.4112,2.5274,2.6468,2.7662,2.7691333333333334,2.7720666666666665,2.775
2022-02-28,1.8,1.8894,1.8999,1.9,2.0,2.0,2.0442,2.1686,2.293,2.40175,2.5105,2.6401,2.7697,2.7714666666666665,2.773233333333333,2.775
2022-03-01,1.7286,1.7781,1.8766,1.8962,2.0028,2.0095,2.0537,2.17835,2.303,2.42245,2.5419,2.6696,2.7973,2.7990333333333335,2.8007666666666666,2.8025
2022-03-02,1.7452,1.796,1.8619,1.9139,2.0137,2.0425,2.0867,2.20115,2.3156,2.44035,2.5651,2.6869500000000004,2.8088,2.8117,2.8146,2.8175
2022-03-03,1.6967,1.7652,1.8929,1.9103,2.0448,2.0743,2.1167,2.2287,2.3407,2.4682500000000003,2.5958,2.71205,2.8283,2.828866666666667,2.8294333333333332,2.83
2022-03-04,1.6682,1.7817,1.8444,1.8864,2.0356,2.065,2.1074,2.21915,2.3309,2.4507,2.5705,2.69065,2.8108,2.811366666666667,2.811933333333333,2.8125
2022-03-07,1.65,1.7165,1.7993,1.8013,2.0018,2.0425,2.0849,2.20805,2.3312,2.4429,2.5546,2.6792,2.8038,2.8067333333333333,2.8096666666666668,2.8126
2022-03-08,1.57,1.6319,1.7498,1.7446,1.9725,2.0262,2.0687,2.1852,2.3017,2.42195,2.5422,2.6762499999999996,2.8103,2.8160666666666665,2.821833333333333,2.8276
2022-03-09,1.65,1.688,1.7496,1.8902,2.034,2.1109,2.115,2.21575,2.3165,2.44225,2.568,2.6967,2.8254,2.8311333333333333,2.836866666666667,2.8426
2022-03-10,1.55,1.667,1.8552,1.9004,2.0453,2.1122,2.115,2.22075,2.3265,2.45765,2.5888,2.7108499999999998,2.8329,2.8386666666666667,2.8444333333333334,2.8502
2022-03-11,1.565,1.7238,1.8813,1.9006,2.0353,2.0824,2.0863,2.2045000000000003,2.3227,2.419,2.5153,2.64245,2.7696,2.776466666666667,2.783333333333333,2.7902
2022-03-14,1.5419,1.7546,1.7861,1.8053,1.9573,2.0686,2.0725,2.17705,2.2816,2.38125,2.4809,2.614,2.7471,2.753966666666667,2.7608333333333333,2.7677
2022-03-15,1.5419,1.8243,1.8997,1.9276,1.9976,2.1237,2.1275,2.2302,2.3329,2.4509499999999997,2.569,2.68565,2.8023,2.807433333333333,2.8125666666666667,2.8177
2022-03-16,1.5419,1.8834,1.9642,2.02,2.02,2.1393,2.1431,2.2476000000000003,2.3521,2.4535,2.5549,2.6699,2.7849,2.788333333333333,2.7917666666666667,2.7952
2022-03-17,1.5109,1.9397,2.0274,2.03,2.03,2.1331,2.1368,2.2488,2.3608,2.4539,2.547,2.66475,2.7825,2.7842000000000002,2.7859,2.7876
2022-03-18,1.4919,1.8877,1.9971,1.99,1.99,2.1069,2.1106,2.2249499999999998,2.3393,2.4387499999999998,2.5382,2.6611999999999996,2.7842,2.787033333333333,2.7898666666666667,2.7927
2022-03-21,1.5419,1.9756,1.9906,2.0019,2.0097,2.1344,2.15,2.26735,2.3847,2.4791,2.5735,2.6896999999999998,2.8059,2.8081666666666667,2.810433333333333,2.8127
2022-03-22,1.61,1.9632,1.9699,2.0101,2.0179,2.1493,2.1649,2.3034999999999997,2.4421,2.5233499999999998,2.6046,2.71565,2.8267,2.827866666666667,2.8290333333333333,2.8302
2022-03-23,1.61,1.9921,2.0095,2.0506,2.0584,2.1525,2.168,2.3131000000000004,2.4582,2.5322,2.6062,2.7148,2.8234,2.8256666666666668,2.827933333333333,2.8302
2022-03-24,1.56,1.994,2.0252,2.0639,2.1316,2.1548,2.1704,2.30685,2.4433,2.5147,2.5861,2.6931000000000003,2.8001,2.8018,2.8035,2.8052
2022-03-25,1.556,2.05,2.05,2.0406,2.1305,2.1477,2.1632,2.2970499999999996,2.4309,2.50325,2.5756,2.7003000000000004,2.825,2.8157333333333336,2.8064666666666667,2.7972
2022-03-28,1.606,2.0355,2.0015,2.0157,2.1302,2.1439,2.1595,2.29925,2.439,2.51135,2.5837,2.70185,2.82,2.8101,2.8002,2.7903
2022-03-29,1.5912,2.0096,2.01,2.0109,2.0649,2.1426,2.1582,2.2998,2.4414,2.5138999999999996,2.5864,2.7032,2.82,2.8084333333333333,2.7968666666666664,2.7853
2022-03-30,1.6794,2.0,2.0,1.9502,2.0737,2.1389,2.1545,2.29235,2.4302,2.4981999999999998,2.5662,2.6856,2.805,2.7934333333333337,2.7818666666666667,2.7703
2022-03-31,1.8912,1.8991,1.901,1.9112,2.0419,2.1144,2.1299,2.2725,2.4151,2.4942,2.5733,2.69415,2.815,2.8059333333333334,2.7968666666666664,2.7878
2022-04-01,1.6412,1.838,1.8631,1.8842,2.0161,2.0897,2.1052,2.24295,2.3807,2.4651,2.5495,2.6710000000000003,2.7925,2.7864333333333335,2.7803666666666667,2.7743
2022-04-02,1.5434,1.7905,1.8414,1.8882,2.0158,2.0852,2.1006,2.2382999999999997,2.376,2.4551,2.5342,2.6620999999999997,2.79,2.7838,2.7776,2.7714
2022-04-06,1.6558,1.7887,1.85,1.8538,2.0154,2.0787,2.0832,2.21965,2.3561,2.4385000000000003,2.5209,2.64795,2.775,2.7701333333333333,2.7652666666666668,2.7604
2022-04-07,1.6375,1.7994,1.8001,1.8333,2.019,2.0599,2.06,2.2023,2.3446,2.4265999999999996,2.5086,2.6318,2.755,2.7498,2.7445999999999997,2.7394
2022-04-08,1.6375,1.7985,1.8051,1.8073,2.018,2.0584,2.0669,2.2104999999999997,2.3541,2.43905,2.524,2.647,2.77,2.7643,2.7586,2.7529
2022-04-11,1.5875,1.7916,1.7999,1.8148,2.0311,2.0672,2.0757,2.23155,2.3874,2.4697,2.552,2.6685,2.785,2.779333333333333,2.7736666666666667,2.768
2022-04-12,1.6,1.7852,1.7998,1.9043,2.0097,2.0644,2.0729,2.2381,2.4033,2.4852,2.5671,2.6798,2.7925,2.7851666666666666,2.7778333333333336,2.7705
2022-04-13,1.5,1.7517,1.7799,1.9257,2.0013,2.0447,2.0521,2.22075,2.3894,2.471,2.5526,2.6675500000000003,2.7825,2.7760333333333334,2.769566666666667,2.7631
2022-04-14,1.4049,1.7039,1.7502,1.9061,1.961,2.0149,2.0264,2.19825,2.3701,2.4570999999999996,2.5441,2.66205,2.78,2.7752,2.7704,2.7656
2022-04-15,1.3995,1.7039,1.7317,1.8704,1.9422,1.9803,1.9918,2.1686,2.3454,2.434,2.5226,2.6463,2.77,2.7659333333333334,2.7618666666666667,2.7578
2022-04-18,1.3995,1.6811,1.7217,1.8631,1.9563,2.0028,2.0143,2.1997,2.3851,2.48245,2.5798,2.6974,2.815,2.8135666666666665,2.8121333333333336,2.8107
2022-04-19,1.3784,1.6219,1.6736,1.8281,1.9592,2.0069,2.0184,2.2061,2.3938,2.47865,2.5635,2.6942500000000003,2.825,2.8236000000000003,2.8222,2.8208
2022-04-20,1.3934,1.6216,1.6729,1.8585,1.9654,1.9918,2.0136,2.2112,2.4088,2.4974999999999996,2.5862,2.7156000000000002,2.845,2.841,2.837,2.833
2022-04-21,1.3284,1.6167,1.6569,1.861,1.9528,1.9606,1.9825,2.1907,2.3989,2.4888500000000002,2.5788,2.7119,2.845,2.8386333333333336,2.8322666666666665,2.8259
2022-04-22,1.2784,1.5761,1.6537,1.8815,1.9493,1.9323,1.9542,2.1872,2.4202,2.511,2.6018,2.7309,2.86,2.8536333333333332,2.8472666666666666,2.8409
2022-04-24,1.2784,1.6082,1.6663,1.8744,1.93,1.9304,1.9523,2.1862,2.4201,2.5112,2.6023,2.7286,2.8549,2.847766666666667,2.8406333333333333,2.8335
2022-04-25,1.2284,1.5586,1.657,1.8801,1.8956,1.8321,1.9282,2.16235,2.3965,2.48705,2.5776,2.70625,2.8349,2.8286000000000002,2.8223,2.816
2022-04-26,1.3284,1.5453,1.6192,1.871,1.89,1.8918,1.9633,2.18555,2.4078,2.4985999999999997,2.5894,2.71595,2.8425,2.8369999999999997,2.8315,2.826
2022-04-27,1.3254,1.5732,1.669,1.8544,1.9073,2.0007,2.041,2.2376,2.4342,2.5236500000000004,2.6131,2.7340500000000003,2.855,2.8503666666666665,2.8457333333333334,2.8411
2022-04-28,1.3234,1.6414,1.7141,1.8995,1.9399,2.0208,2.0563,2.25195,2.4476,2.5404999999999998,2.6334,2.7467,2.86,2.8562,2.8524,2.8486
2022-04-29,1.5917,1.6064,1.687,1.8476,1.9001,1.9932,2.032,2.23175,2.4315,2.52255,2.6136,2.73055,2.8475,2.8445333333333336,2.8415666666666666,2.8386
2022-05-05,1.4417,1.5185,1.7468,1.8427,1.8945,1.993,2.0367,2.2379,2.4391,2.5233,2.6075,2.7237,2.8399,2.836,2.8321,2.8282
2022-05-06,1.4417,1.5206,1.7897,1.832,1.8714,2.0129,2.0454,2.24585,2.4463,2.53335,2.6204,2.73015,2.8399,2.8357,2.8315,2.8273
2022-05-07,1.3847,1.5123,1.7852,1.8314,1.8711,2.013,2.0423,2.2436499999999997,2.445,2.53285,2.6207,2.72905,2.8374,2.8337,2.83,2.8263
2022-05-09,1.3292,1.4863,1.7966,1.8131,1.8874,2.0031,2.0373,2.2354000000000003,2.4335,2.5186,2.6037,2.7142999999999997,2.8249,2.8217333333333334,2.8185666666666664,2.8154
2022-05-10,1.3253,1.4949,1.7984,1.8031,1.8788,1.9959,2.0306,2.22115,2.4117,2.4953000000000003,2.5789,2.69595,2.813,2.8116333333333334,2.8102666666666667,2.8089
2022-05-11,1.3053,1.5078,1.7804,1.8003,1.9334,1.9871,2.051,2.2315500000000004,2.4121,2.5059,2.5997,2.7111,2.8225,2.823,2.8234999999999997,2.824
2022-05-12,1.2893,1.4895,1.7617,1.7808,1.9147,1.9671,2.0261,2.2092,2.3923,2.4823,2.5723,2.6875,2.8027,2.8036333333333334,2.8045666666666667,2.8055
2022-05-13,1.2628,1.4994,1.73,1.7204,1.8858,1.9509,2.0125,2.2016999999999998,2.3909,2.48805,2.5852,2.6977499999999996,2.8103,2.811533333333333,2.8127666666666666,2.814
2022-05-16,1.2628,1.5103,1.6761,1.7059,1.8409,1.9614,1.997,2.1886,2.3802,2.48095,2.5817,2.6965500000000002,2.8114,2.8148,2.8182,2.8216
2022-05-17,1.2768,1.4803,1.6378,1.6799,1.7921,1.9253,1.9474,2.1522,2.357,2.46475,2.5725,2.6874,2.8023,2.8074666666666666,2.8126333333333333,2.8178
2022-05-18,1.2268,1.4503,1.6481,1.6601,1.7905,1.8443,1.9275,2.13155,2.3356,2.439,2.5424,2.66615,2.7899,2.786633333333333,2.7833666666666668,2.7801
2022-05-19,1.35,1.4469,1.6509,1.6638,1.8036,1.8581,1.9421,2.1403499999999998,2.3386,2.4407,2.5428,2.66385,2.7849,2.7824,2.7799,2.7774
2022-05-20,1.3135,1.4405,1.6498,1.6506,1.7944,1.8513,1.9565,2.1544499999999998,2.3524,2.4513499999999997,2.5503,2.67015,2.79,2.79,2.79,2.79
2022-05-23,1.311,1.3188,1.5726,1.6512,1.7275,1.8802,1.9568,2.1497,2.3426,2.4368,2.531,2.651,2.771,2.769833333333333,2.768666666666667,2.7675
2022-05-24,1.3,1.3004,1.5782,1.5817,1.6959,1.902,1.9677,2.1591,2.3505,2.4472,2.5439,2.6557,2.7675,2.7666666666666666,2.7658333333333336,2.765
2022-05-25,1.3,1.3064,1.5901,1.6017,1.7589,1.9067,1.9773,2.165,2.3527,2.4471,2.5415,2.65075,2.76,2.7591666666666663,2.7583333333333333,2.7575
2022-05-26,1.25,1.2626,1.5526,1.5815,1.7391,1.8652,1.9246,2.1201,2.3156,2.40205,2.4885,2.59715,2.7058,2.7072,2.7086,2.71
2022-05-27,1.2002,1.2176,1.5124,1.5778,1.7321,1.8653,1.9133,2.1019,2.2905,2.3836000000000004,2.4767,2.5860499999999997,2.6954,2.6960666666666664,2.6967333333333334,2.6974
2022-05-30,1.1928,1.2364,1.5232,1.5998,1.7351,1.8682,1.9141,2.10885,2.3036,2.40745,2.5113,2.6193999999999997,2.7275,2.7258333333333336,2.7241666666666666,2.7225
2022-05-31,1.2277,1.2284,1.5246,1.5996,1.7333,1.8683,1.916,2.12865,2.3413,2.4438500000000003,2.5464,2.65165,2.7569,2.752133333333333,2.7473666666666667,2.7426
2022-06-01,1.2002,1.2426,1.4982,1.5206,1.7295,1.8791,1.9415,2.1439,2.3463,2.4528499999999998,2.5594,2.6634,2.7674,2.7633,2.7592,2.7551
2022-06-02,1.2102,1.2541,1.5053,1.5325,1.7531,1.8983,1.9564,2.14885,2.3413,2.45215,2.563,2.6689,2.7748,2.7699,2.765,2.7601
2022-06-06,1.2,1.2345,1.4764,1.5418,1.7877,1.9473,2.0199,2.1971,2.3743,2.48685,2.5994,2.6995500000000003,2.7997,2.7923333333333336,2.7849666666666666,2.7776
2022-06-07,1.2144,1.2863,1.5261,1.5566,1.7966,1.9508,2.018,2.1927,2.3674,2.4758,2.5842,2.6832000000000003,2.7822,2.774,2.7658,2.7576
2022-06-08,1.21,1.332,1.5498,1.5656,1.7845,1.9498,2.0282,2.19535,2.3625,2.47375,2.585,2.6849000000000003,2.7848,2.778566666666667,2.772333333333333,2.7661
2022-06-09,1.1789,1.3122,1.5411,1.5572,1.7882,1.9451,2.0151,2.1841999999999997,2.3533,2.4629499999999998,2.5726,2.6712,2.7698,2.7657333333333334,2.7616666666666667,2.7576
2022-06-10,1.15,1.3069,1.5266,1.5315,1.7758,1.9351,2.0051,2.17645,2.3478,2.4579,2.568,2.66765,2.7673,2.7624,2.7575000000000003,2.7526
2022-06-13,1.15,1.3464,1.5501,1.5613,1.7737,1.9324,2.0026,2.1778500000000003,2.3531,2.4715,2.5899,2.68485,2.7798,2.7749333333333333,2.7700666666666667,2.7652
2022-06-14,1.155,1.3891,1.5343,1.5602,1.8367,1.9474,2.0176,2.18815,2.3587,2.47695,2.5952,2.6875500000000003,2.7799,2.776666666666667,2.773433333333333,2.7702
2022-06-15,1.155,1.4425,1.5376,1.5862,1.8469,1.9658,2.036,2.19985,2.3637,2.4874500000000004,2.6112,2.7018000000000004,2.7924,2.789166666666667,2.7859333333333334,2.7827
2022-06-16,1.18,1.5084,1.5129,1.5613,1.8418,1.965,2.0352,2.1946000000000003,2.354,2.4737999999999998,2.5936,2.6854999999999998,2.7774,2.775866666666667,2.7743333333333333,2.7728
2022-06-17,1.181,1.5226,1.5698,1.6118,1.7891,1.94,2.0102,2.17755,2.3449,2.4696499999999997,2.5944,2.6921999999999997,2.79,2.785066666666667,2.780133333333333,2.7752
2022-06-20,1.1824,1.5344,1.5727,1.6267,1.8039,1.9355,2.0056,2.1774,2.3492,2.4827500000000002,2.6163,2.70465,2.793,2.7904333333333335,2.7878666666666665,2.7853
2022-06-21,1.1992,1.5276,1.564,1.6245,1.8167,1.9317,2.0018,2.19015,2.3785,2.4951499999999998,2.6118,2.7009,2.79,2.7884333333333333,2.7868666666666666,2.7853
2022-06-22,1.2052,1.5353,1.5638,1.6029,1.7994,1.9168,1.9869,2.18045,2.374,2.48925,2.6045,2.6959999999999997,2.7875,2.7841,2.7807,2.7773
2022-06-23,1.1753,1.526,1.5647,1.5821,1.7593,1.8894,1.9608,2.16635,2.3719,2.4898,2.6077,2.69885,2.79,2.786766666666667,2.783533333333333,2.7803
2022-06-24,1.1733,1.4959,1.569,1.5829,1.7611,1.8925,1.9653,2.17395,2.3826,2.5083,2.634,2.7169999999999996,2.8,2.7992666666666666,2.7985333333333333,2.7978
2022-06-27,1.1753,1.5469,1.6114,1.5824,1.7783,1.9242,1.9971,2.2244,2.4517,2.56105,2.6704,2.7602,2.85,2.8443,2.8386,2.8329
2022-06-28,1.1955,1.6199,1.62,1.6356,1.7841,1.9248,1.9976,2.2354,2.4732,2.5778499999999998,2.6825,2.77125,2.86,2.8538,2.8476,2.8414
2022-06-29,1.1956,1.6334,1.6601,1.6817,1.7783,1.9035,1.9763,2.2189,2.4615,2.5673500000000002,2.6732,2.7628500000000003,2.8525,2.8448,2.8371,2.8294
2022-06-30,1.4,1.517,1.5979,1.6006,1.7919,1.8776,1.9504,2.19975,2.4491,2.551,2.6529,2.7451999999999996,2.8375,2.8318333333333334,2.8261666666666665,2.8205
2022-07-01,1.32,1.4845,1.5179,1.5328,1.7598,1.8596,1.9324,2.18895,2.4455,2.5469999999999997,2.6485,2.7455,2.8425,2.8368333333333333,2.8311666666666664,2.8255
2022-07-04,1.3,1.4895,1.5226,1.5484,1.7831,1.9103,1.9831,2.23755,2.492,2.5942499999999997,2.6965,2.7807500000000003,2.865,2.858166666666667,2.8513333333333333,2.8445
2022-07-05,1.3,1.5046,1.5356,1.5578,1.8136,1.9372,2.01,2.25725,2.5045,2.59875,2.693,2.779,2.865,2.8544333333333336,2.8438666666666665,2.8333
2022-07-06,1.2,1.4835,1.5079,1.6169,1.7915,1.8973,1.9911,2.2495,2.5079,2.59905,2.6902,2.7751,2.86,2.8518666666666665,2.8437333333333332,2.8356
2022-07-07,1.222,1.4826,1.5625,1.6599,1.7553,1.8887,1.9824,2.2426,2.5028,2.59425,2.6857,2.77035,2.855,2.848533333333333,2.8420666666666667,2.8356
2022-07-08,1.216,1.4966,1.5649,1.6309,1.729,1.8647,1.9584,2.2273,2.4962,2.58735,2.6785,2.76675,2.855,2.849466666666667,2.843933333333333,2.8384
2022-07-11,1.2177,1.5291,1.5409,1.6305,1.7001,1.848,1.9417,2.19885,2.456,2.55475,2.6535,2.74675,2.84,2.8355333333333332,2.8310666666666666,2.8266
2022-07-12,1.2076,1.5,1.5012,1.6004,1.6865,1.8408,1.9345,2.1824500000000002,2.4304,2.5256499999999997,2.6209,2.71795,2.815,2.8139,2.8128,2.8117
2022-07-13,1.2156,1.5002,1.5044,1.6231,1.673,1.8439,1.9376,2.1835,2.4294,2.5214,2.6134,2.71295,2.8125,2.810566666666667,2.8086333333333333,2.8067
2022-07-14,1.1916,1.4911,1.4606,1.6256,1.6505,1.821,1.9147,2.15555,2.3964,2.4917,2.587,2.6885000000000003,2.79,2.7902333333333336,2.7904666666666667,2.7907
2022-07-15,1.2076,1.4491,1.4722,1.6037,1.6378,1.7669,1.8837,2.1395,2.3953,2.49005,2.5848,2.68615,2.7875,2.7869,2.7862999999999998,2.7857
2022-07-18,1.2146,1.4423,1.4734,1.5861,1.6185,1.732,1.8488,2.1136,2.3784,2.47865,2.5789,2.67865,2.7784,2.7801666666666667,2.7819333333333334,2.7837
2022-07-19,1.2386,1.4291,1.4661,1.5895,1.6004,1.7322,1.8491,2.1148,2.3805,2.4836500000000004,2.5868,2.6825,2.7782,2.7807666666666666,2.783333333333333,2.7859
2022-07-20,1.2,1.4119,1.461,1.5964,1.6367,1.7255,1.8712,2.1206,2.37,2.4667000000000003,2.5634,2.6599000000000004,2.7564,2.7612666666666668,2.7661333333333333,2.771
2022-07-21,1.2,1.399,1.4353,1.5857,1.6359,1.7259,1.8717,2.1146,2.3575,2.4545500000000002,2.5516,2.6513999999999998,2.7512,2.7553,2.7594,2.7635
2022-07-22,1.1794,1.3681,1.4024,1.5767,1.6944,1.7288,1.9036,2.1399,2.3762,2.47815,2.5801,2.6758499999999996,2.7716,2.776733333333333,2.7818666666666667,2.787
2022-07-25,1.1636,1.3572,1.4026,1.5487,1.6962,1.7201,1.9007,2.1328500000000004,2.365,2.46025,2.5555,2.65985,2.7642,2.7691333333333334,2.7740666666666667,2.779
2022-07-26,1.1346,1.3471,1.3892,1.5411,1.6769,1.7002,1.881,2.10825,2.3355,2.4385000000000003,2.5415,2.64745,2.7534,2.7589333333333332,2.764466666666667,2.77
2022-07-27,1.0426,1.322,1.3498,1.5399,1.6691,1.7008,1.8772,2.10545,2.3337,2.4271000000000003,2.5205,2.63635,2.7522,2.758166666666667,2.764133333333333,2.7701
2022-07-28,1.0486,1.3149,1.3454,1.5506,1.6856,1.7006,1.8905,2.1259,2.3613,2.4547999999999996,2.5483,2.65885,2.7694,2.7746,2.7798000000000003,2.785
2022-07-29,1.1526,1.286,1.3526,1.4988,1.6562,1.6709,1.8623,2.09255,2.3228,2.4181999999999997,2.5136,2.6254999999999997,2.7374,2.7436,2.7498,2.756
2022-08-01,1.149,1.2438,1.3355,1.4558,1.5902,1.6409,1.8269,2.05905,2.2912,2.3903499999999998,2.4895,2.5987,2.7079,2.715,2.7221,2.7292
2022-08-02,1.049,1.1731,1.2655,1.4172,1.5451,1.5741,1.7705,2.028,2.2855,2.3876999999999997,2.4899,2.59685,2.7038,2.713,2.7222,2.7314
2022-08-03,1.0,1.1912,1.2303,1.4395,1.5446,1.5532,1.7528,2.00115,2.2495,2.3498,2.4501,2.56765,2.6852,2.6974,2.7096,2.7218
2022-08-04,1.0,1.1303,1.2072,1.4095,1.53,1.5328,1.6907,1.96775,2.2448,2.3413500000000003,2.4379,2.56145,2.685,2.6964,2.7077999999999998,2.7192
2022-08-05,1.0,1.1266,1.2335,1.4169,1.5473,1.5534,1.7116,1.9908000000000001,2.27,2.36785,2.4657,2.5818,2.6979,2.7099,2.7219,2.7339
2022-08-08,1.0,1.1695,1.2595,1.439,1.5534,1.6108,1.7316,2.0069,2.2822,2.37685,2.4715,2.5885499999999997,2.7056,2.7173666666666665,2.7291333333333334,2.7409
2022-08-09,1.0025,1.2055,1.3447,1.4689,1.5755,1.6385,1.7886,2.0501,2.3116,2.4002499999999998,2.4889,2.5972,2.7055,2.717,2.7285,2.74
2022-08-10,1.03,1.2255,1.3507,1.4699,1.6221,1.6435,1.8136,2.0711500000000003,2.3287,2.41005,2.4914,2.60045,2.7095,2.7185333333333332,2.7275666666666667,2.7366
2022-08-11,1.03,1.2421,1.3899,1.4871,1.6621,1.6648,1.8161,2.0759,2.3357,2.4098,2.4839,2.59315,2.7024,2.7121666666666666,2.7219333333333333,2.7317
2022-08-12,1.0017,1.2003,1.4147,1.4508,1.6614,1.6673,1.8115,2.0736499999999998,2.3358,2.4124999999999996,2.4892,2.5982,2.7072,2.7163666666666666,2.7255333333333334,2.7347
2022-08-15,1.0007,1.1631,1.3377,1.418,1.6016,1.6075,1.7167,1.98,2.2433,2.31915,2.395,2.5083,2.6216,2.6338,2.646,2.6582
2022-08-16,1.0083,1.189,1.365,1.4111,1.5799,1.5904,1.7199,1.9824,2.2449,2.31385,2.3828,2.49195,2.6011,2.6122666666666667,2.6234333333333333,2.6346
2022-08-17,1.05,1.2321,1.4095,1.4309,1.6027,1.6104,1.719,1.98325,2.2475,2.3138,2.3801,2.491,2.6019,2.6054,2.6089,2.6124
2022-08-18,1.08,1.2444,1.404,1.4557,1.607,1.6299,1.7004,1.9619499999999999,2.2235,2.2906500000000003,2.3578,2.4647,2.5716,2.5744000000000002,2.5772,2.58
2022-08-19,1.08,1.2574,1.4301,1.4308,1.5953,1.6349,1.7248,1.97635,2.2279,2.29935,2.3708,2.476,2.5812,2.5833,2.5854,2.5875
2022-08-22,1.08,1.2294,1.4303,1.4308,1.6144,1.6416,1.757,2.0000999999999998,2.2432,2.31995,2.3967,2.4894000000000003,2.5821,2.585566666666667,2.589033333333333,2.5925
2022-08-23,1.08,1.2354,1.4423,1.4604,1.6315,1.6716,1.7571,2.0145,2.2719,2.3405,2.4091,2.5031,2.5971,2.600566666666667,2.604033333333333,2.6075
2022-08-24,1.1,1.2254,1.4548,1.4603,1.6362,1.6866,1.7496,2.00625,2.2629,2.3375500000000002,2.4122,2.5049,2.5976,2.6017333333333332,2.6058666666666666,2.61
2022-08-25,1.131,1.241,1.455,1.4606,1.6493,1.6996,1.7912,2.03705,2.2829,2.3638500000000002,2.4448,2.5340499999999997,2.6233,2.6285333333333334,2.6337666666666664,2.639
2022-08-26,1.15,1.2543,1.46,1.4611,1.6841,1.7391,1.7922,2.02755,2.2629,2.3531,2.4433,2.53735,2.6314,2.635266666666667,2.639133333333333,2.643
2022-08-29,1.15,1.2789,1.46,1.4631,1.6799,1.7361,1.7561,1.9863,2.2165,2.31475,2.413,2.51265,2.6123,2.6157,2.6191,2.6225
2022-08-30,1.15,1.2833,1.4596,1.4635,1.658,1.7206,1.7406,1.9661,2.1916,2.29935,2.4071,2.5068,2.6065,2.6086666666666667,2.6108333333333333,2.613
2022-08-31,1.15,1.2843,1.4621,1.4704,1.6631,1.7006,1.7378,1.9648,2.1918,2.29915,2.4065,2.5104499999999996,2.6144,2.6170999999999998,2.6198,2.6225
2022-09-01,1.13,1.161,1.4605,1.4708,1.6629,1.6963,1.7243,1.95715,2.19,2.29325,2.3965,2.50145,2.6064,2.608433333333333,2.6104666666666665,2.6125
2022-09-02,1.13,1.1507,1.44,1.4416,1.6654,1.6698,1.7193,1.95115,2.183,2.2927,2.4024,2.5074,2.6124,2.6158,2.6191999999999998,2.6226
2022-09-05,1.08,1.1604,1.4373,1.4436,1.6473,1.6593,1.7132,1.94375,2.1743,2.28125,2.3882,2.49585,2.6035,2.6083333333333334,2.6131666666666664,2.618
2022-09-06,1.02,1.1544,1.439,1.4442,1.6413,1.6588,1.7127,1.94115,2.1696,2.2765500000000003,2.3835,2.4911000000000003,2.5987,2.6038,2.6088999999999998,2.614
2022-09-07,1.064,1.1594,1.4599,1.4628,1.6535,1.6862,1.7365,1.9556499999999999,2.1748,2.2831,2.3914,2.49785,2.6043,2.6100333333333334,2.6157666666666666,2.6215
2022-09-08,1.034,1.1594,1.461,1.4733,1.6663,1.7046,1.749,1.9621,2.1752,2.2869,2.3986,2.50385,2.6091,2.6146000000000003,2.6201,2.6256
2022-09-09,1.014,1.1501,1.4305,1.4613,1.6574,1.7094,1.7597,1.9688,2.1779,2.29815,2.4184,2.5223,2.6262,2.6291333333333333,2.6320666666666663,2.635
2022-09-13,1.004,1.1671,1.4475,1.4642,1.669,1.7193,1.7697,1.9797,2.1897,2.31,2.4303,2.5315,2.6327,2.6360333333333332,2.6393666666666666,2.6427
2022-09-14,1.0325,1.22,1.464,1.4747,1.6918,1.7535,1.8015,2.0074,2.2133,2.3316,2.4499,2.5492999999999997,2.6487,2.6532999999999998,2.6579,2.6625
2022-09-15,1.0325,1.2467,1.4729,1.4961,1.7049,1.7731,1.8058,2.01495,2.2241,2.33935,2.4546,2.55365,2.6527,2.6559666666666666,2.6592333333333333,2.6625
2022-09-16,1.014,1.2613,1.483,1.4907,1.7078,1.7888,1.8298,2.0397,2.2496,2.3581000000000003,2.4666,2.5656499999999998,2.6647,2.6674666666666664,2.6702333333333335,2.673
2022-09-19,1.13,1.3499,1.4676,1.4726,1.7349,1.8115,1.8506,2.0556,2.2606,2.3598000000000003,2.459,2.56365,2.6683,2.670533333333333,2.6727666666666665,2.675
2022-09-20,1.134,1.4115,1.47,1.4736,1.7448,1.8105,1.8483,2.0498499999999997,2.2514,2.34645,2.4415,2.55075,2.66,2.6613333333333333,2.662666666666667,2.664
2022-09-21,1.034,1.4192,1.4668,1.5091,1.7422,1.7897,1.8282,2.0334,2.2386,2.33555,2.4325,2.5368500000000003,2.6412,2.6425,2.6437999999999997,2.6451
2022-09-22,0.984,1.4246,1.4514,1.4729,1.7335,1.7803,1.8232,2.02925,2.2353,2.3391,2.4429,2.54005,2.6372,2.6415,2.6458,2.6501
2022-09-23,1.034,1.4274,1.4798,1.482,1.7358,1.7844,1.828,2.03855,2.2491,2.35895,2.4688,2.56105,2.6533,2.662266666666667,2.6712333333333333,2.6802
2022-09-26,1.134,1.4349,1.4928,1.513,1.7485,1.8172,1.8608,2.0762,2.2916,2.4017999999999997,2.512,2.5961499999999997,2.6803,2.6919999999999997,2.7037,2.7154
2022-09-27,1.184,1.52,1.5202,1.5509,1.7592,1.8276,1.8711,2.0784,2.2857,2.39415,2.5026,2.59635,2.6901,2.6951,2.7001,2.7051
2022-09-28,1.234,1.5065,1.52,1.5957,1.832,1.8589,1.9024,2.1052,2.308,2.4197499999999996,2.5315,2.63325,2.735,2.7367,2.7384,2.7401
2022-09-29,1.2768,1.4606,1.5006,1.608,1.8313,1.8495,1.893,2.1128,2.3326,2.4471,2.5616,2.6558,2.75,2.7500333333333336,2.7500666666666667,2.7501
2022-09-30,1.4868,1.4919,1.5136,1.6026,1.81,1.81,1.8535,2.0938,2.3341,2.45885,2.5836,2.66935,2.7551,2.7567666666666666,2.7584333333333335,2.7601
2022-10-08,1.1368,1.2419,1.2636,1.5463,1.7547,1.7888,1.8323,2.08635,2.3404,2.46075,2.5811,2.6694,2.7577,2.759333333333333,2.7609666666666666,2.7626
2022-10-09,1.1368,1.2269,1.2836,1.4963,1.7409,1.7856,1.829,2.0561,2.2832,2.4158999999999997,2.5486,2.6444,2.7402,2.7418666666666667,2.7435333333333336,2.7452
2022-10-10,1.1368,1.2323,1.3047,1.4919,1.691,1.7473,1.7908,2.0346,2.2784,2.4045,2.5306,2.6305,2.7304,2.7336666666666667,2.7369333333333334,2.7402
2022-10-11,1.15,1.2475,1.2931,1.4679,1.6996,1.7433,1.7867,2.0413,2.2959,2.41545,2.535,2.63395,2.7329,2.736133333333333,2.7393666666666667,2.7426
2022-10-12,1.21,1.3072,1.3269,1.472,1.7052,1.7633,1.8067,2.05085,2.295,2.40845,2.5219,2.6249000000000002,2.7279,2.7303333333333333,2.7327666666666666,2.7352
2022-10-13,1.2,1.3,1.3121,1.5243,1.6681,1.7638,1.8051,2.0463,2.2875,2.39985,2.5122,2.6162,2.7202,2.7218666666666667,2.7235333333333336,2.7252
2022-10-14,1.1998,1.286,1.3166,1.5142,1.6845,1.7441,1.7851,2.02245,2.2598,2.3751499999999997,2.4905,2.5928,2.6951,2.6959666666666666,2.6968333333333336,2.6977
2022-10-17,1.21,1.2971,1.3012,1.5133,1.6752,1.7368,1.7856,2.0304,2.2752,2.38415,2.4931,2.5954,2.6977,2.6985333333333337,2.6993666666666667,2.7002
2022-10-18,1.2,1.3004,1.3576,1.5462,1.6847,1.7375,1.7856,2.02905,2.2725,2.3817999999999997,2.4911,2.5951,2.6991,2.699466666666667,2.6998333333333333,2.7002
2022-10-19,1.08,1.2703,1.3167,1.6172,1.7106,1.7312,1.7806,2.0214,2.2622,2.3692,2.4762,2.5894500000000003,2.7027,2.7035333333333336,2.7043666666666666,2.7052
2022-10-20,1.22,1.2829,1.2988,1.6265,1.7104,1.7314,1.7656,2.0166,2.2676,2.37585,2.4841,2.59845,2.7128,2.714366666666667,2.715933333333333,2.7175
2022-10-21,1.28,1.2806,1.2809,1.6439,1.7356,1.7405,1.7706,2.0254,2.2802,2.386,2.4918,2.6073500000000003,2.7229,2.7245333333333335,2.7261666666666664,2.7278
2022-10-24,1.294,1.35,1.3502,1.6723,1.7501,1.7505,1.77,2.0247,2.2794,2.3823,2.4852,2.5978,2.7104,2.7120333333333333,2.7136666666666667,2.7153
2022-10-25,1.354,1.3609,1.3746,1.7101,1.7601,1.7605,1.7945,2.0422,2.2899,2.3964999999999996,2.5031,2.61185,2.7206,2.723,2.7254,2.7278
2022-10-26,1.329,1.3367,1.3667,1.7184,1.8,1.8004,1.8005,2.0308,2.2611,2.3723,2.4835,2.5907,2.6979,2.6994333333333334,2.700966666666667,2.7025
2022-10-27,1.309,1.3095,1.3525,1.6998,1.7508,1.7531,1.7551,2.0061999999999998,2.2573,2.36045,2.4636,2.577,2.6904,2.6920333333333333,2.6936666666666667,2.6953
2022-10-28,1.3015,1.3246,1.3371,1.6539,1.7299,1.7303,1.7403,1.99095,2.2416,2.33765,2.4337,2.5471,2.6605,2.6620999999999997,2.6637,2.6653
2022-10-31,1.2515,1.2537,1.2871,1.6249,1.6816,1.724,1.7305,1.9784000000000002,2.2263,2.32675,2.4272,2.5406,2.654,2.6504333333333334,2.6468666666666665,2.6433
2022-11-01,1.2515,1.276,1.3324,1.628,1.6918,1.7261,1.7523,1.9987,2.2451,2.34635,2.4476,2.5587999999999997,2.67,2.6676333333333333,2.6652666666666667,2.6629
2022-11-02,1.3,1.3432,1.38,1.6685,1.7111,1.724,1.7633,2.01415,2.265,2.36395,2.4629,2.57895,2.695,2.6917999999999997,2.6886,2.6854
2022-11-03,1.3,1.3,1.425,1.6761,1.7252,1.7259,1.753,2.00965,2.2663,2.36475,2.4632,2.5766,2.69,2.6858666666666666,2.6817333333333333,2.6776
2022-11-04,1.27,1.2892,1.4216,1.68,1.7403,1.7409,1.7628,2.0238,2.2848,2.38675,2.4887,2.6006,2.7125,2.7091,2.7057,2.7023
2022-11-07,1.25,1.2895,1.4602,1.68,1.7454,1.746,1.7516,2.0236,2.2956,2.39505,2.4945,2.6022499999999997,2.71,2.7067666666666668,2.703533333333333,2.7003
2022-11-08,1.2548,1.2943,1.5196,1.6965,1.7628,1.7676,1.7774,2.0435499999999998,2.3097,2.3969,2.4841,2.5932000000000004,2.7023,2.696633333333333,2.6909666666666667,2.6853
2022-11-09,1.2202,1.2809,1.5144,1.7509,1.7612,1.7859,1.8156,2.0689,2.3222,2.4095,2.4968,2.6020999999999996,2.7074,2.7033666666666667,2.699333333333333,2.6953
2022-11-10,1.2202,1.258,1.5802,1.7713,1.7834,1.8097,1.8584,2.09065,2.3229,2.4125500000000004,2.5022,2.6061,2.71,2.7076,2.7052,2.7028
2022-11-11,1.2,1.2487,1.593,1.8104,1.8134,1.8223,1.9614,2.16275,2.3641,2.44945,2.5348,2.6411,2.7474,2.7434,2.7394,2.7354
2022-11-14,1.2,1.3007,1.7652,2.0067,2.0329,2.0417,2.0663,2.2801,2.4939,2.57065,2.6474,2.74865,2.8499,2.8450666666666664,2.8402333333333334,2.8354
2022-11-15,1.3698,1.4705,1.836,2.0506,2.0527,2.0615,2.1342,2.316,2.4978,2.57265,2.6475,2.7436499999999997,2.8398,2.8317,2.8236,2.8155
2022-11-16,1.3698,1.5129,1.9574,2.1722,2.2,2.2005,2.2014,2.37095,2.5405,2.61145,2.6824,2.7710999999999997,2.8598,2.850833333333333,2.8418666666666668,2.8329
2022-11-17,1.22,1.5237,2.0414,2.1699,2.17,2.1705,2.1715,2.3273,2.4831,2.5605,2.6379,2.7264,2.8149,2.8108,2.8067,2.8026
2022-11-18,1.2,1.3963,2.0592,2.1,2.1001,2.1221,2.1718,2.32555,2.4793,2.5537,2.6281,2.72905,2.83,2.8283333333333336,2.8266666666666667,2.825
2022-11-21,1.1,1.3607,2.0412,2.0995,2.0996,2.1006,2.1504,2.3015,2.4526,2.53605,2.6195,2.721,2.8225,2.8209999999999997,2.8195,2.818
2022-11-22,1.1001,1.3906,2.0469,2.0999,2.1,2.101,2.1431,2.2842000000000002,2.4253,2.52055,2.6158,2.7229,2.83,2.8292,2.8284,2.8276
2022-11-23,1.1,1.3765,2.0168,2.0701,2.1003,2.1013,2.1024,2.2440499999999997,2.3857,2.4835000000000003,2.5813,2.68725,2.7932,2.7946333333333335,2.7960666666666665,2.7975
2022-11-24,1.0,1.2865,1.9368,1.9504,2.0268,2.0348,2.0581,2.20925,2.3604,2.46635,2.5723,2.68045,2.7886,2.7907333333333333,2.792866666666667,2.795
2022-11-25,0.9901,1.2452,1.9614,2.0002,2.0422,2.0477,2.0685,2.24195,2.4154,2.5149,2.6144,2.71795,2.8215,2.824333333333333,2.827166666666667,2.83
2022-11-28,1.0021,1.2455,1.9611,2.0002,2.0422,2.0484,2.0699,2.25015,2.4304,2.54225,2.6541,2.75285,2.8516,2.8544,2.8571999999999997,2.86
2022-11-29,1.2198,1.3265,2.0056,2.0221,2.0641,2.0813,2.1139,2.2927,2.4715,2.5881,2.7047,2.7892,2.8737,2.8758,2.8779,2.88
2022-11-30,1.45,1.5567,1.9987,2.0811,2.0941,2.1016,2.1341,2.3029,2.4717,2.5831,2.6945,2.7845,2.8745,2.8779999999999997,2.8815,2.885
2022-12-01,1.4,1.5367,2.0088,2.081,2.094,2.1073,2.1456,2.2986500000000003,2.4517,2.5633,2.6749,2.7653499999999998,2.8558,2.8571999999999997,2.8586,2.86
2022-12-02,1.2,1.6663,2.0272,2.0627,2.141,2.1473,2.1554,2.3013500000000002,2.4473,2.55875,2.6702,2.7626,2.855,2.8592,2.8634,2.8676
2022-12-05,1.1018,1.6725,2.0244,2.0539,2.1317,2.1381,2.1462,2.29975,2.4533,2.56995,2.6866,2.7759,2.8652,2.8735333333333335,2.881866666666667,2.8902
2022-12-06,1.1018,1.8286,2.0391,2.0551,2.1506,2.1527,2.1566,2.3198,2.483,2.6077500000000002,2.7325,2.8103499999999997,2.8882,2.8971999999999998,2.9062,2.9152
2022-12-07,1.1018,1.8963,2.0686,2.0917,2.1665,2.2072,2.2495,2.3664,2.4833,2.5947,2.7061,2.77775,2.8494,2.8563333333333336,2.8632666666666666,2.8702
2022-12-08,1.15,1.9101,2.0498,2.0716,2.1583,2.2012,2.2457,2.36965,2.4936,2.5944,2.6952,2.77575,2.8563,2.8659666666666666,2.8756333333333335,2.8853
2022-12-09,1.12,1.9062,2.05,2.0505,2.1735,2.2295,2.2869,2.3951000000000002,2.5033,2.61885,2.7344,2.7999,2.8654,2.8737,2.882,2.8903
2022-12-12,1.101,1.9309,2.06,2.0605,2.184,2.2492,2.3019,2.4183999999999997,2.5349,2.63815,2.7414,2.8076,2.8738,2.8792666666666666,2.8847333333333336,2.8902
2022-12-13,1.0774,1.9872,2.0898,2.1005,2.2321,2.2926,2.3369,2.4583,2.5797,2.6696,2.7595,2.8181499999999997,2.8768,2.8829333333333333,2.8890666666666664,2.8952
2022-12-14,1.0274,2.0203,2.0881,2.0901,2.2029,2.2578,2.3019,2.41355,2.5252,2.6109999999999998,2.6968,2.76575,2.8347,2.8449666666666666,2.8552333333333335,2.8655
2022-12-15,0.9774,2.0397,2.0985,2.1,2.1523,2.245,2.3169,2.41845,2.52,2.61285,2.7057,2.77895,2.8522,2.862433333333333,2.8726666666666665,2.8829
2022-12-16,0.9769,2.0461,2.093,2.1057,2.1871,2.2591,2.3169,2.42395,2.531,2.6181,2.7052,2.779,2.8528,2.8637333333333332,2.8746666666666667,2.8856
2022-12-19,1.0,2.1108,2.15,2.15,2.1507,2.2314,2.2969,2.3993499999999996,2.5018,2.58615,2.6705,2.7479500000000003,2.8254,2.838,2.8506,2.8632
2022-12-20,1.0,2.1519,2.1597,2.1602,2.1763,2.2429,2.2969,2.40215,2.5074,2.59155,2.6757,2.7544,2.8331,2.8464666666666667,2.8598333333333334,2.8732
2022-12-21,1.0,2.1699,2.2196,2.22,2.2213,2.2508,2.2919,2.3918,2.4917,2.57645,2.6612,2.7434000000000003,2.8256,2.837266666666667,2.848933333333333,2.8606
2022-12-22,0.9,2.1968,2.2099,2.2123,2.2156,2.2329,2.2669,2.3721,2.4773,2.55945,2.6416,2.7335499999999997,2.8255,2.8337666666666665,2.842033333333333,2.8503
2022-12-23,0.9,2.1041,2.1196,2.1203,2.1673,2.1913,2.2269,2.34385,2.4608,2.5335,2.6062,2.7107,2.8152,2.8185,2.8218,2.8251
2022-12-26,0.9,2.15,2.15,2.1216,2.1962,2.2136,2.2469,2.35765,2.4684,2.548,2.6276,2.72405,2.8205,2.8262666666666667,2.8320333333333334,2.8378
2022-12-27,0.8,2.1541,2.17,2.1412,2.1887,2.2123,2.2469,2.3566000000000003,2.4663,2.5683,2.6703,2.75075,2.8312,2.8427,2.8542,2.8657
2022-12-28,0.8,2.1318,2.16,2.1501,2.2087,2.21,2.2369,2.35405,2.4712,2.5708,2.6704,2.75105,2.8317,2.8379,2.8441,2.8503
2022-12-29,0.719,1.9287,2.0509,2.1128,2.1387,2.1399,2.1669,2.2917,2.4165,2.52735,2.6382,2.72945,2.8207,2.8263333333333334,2.8319666666666667,2.8376
2022-12-30,1.049,1.1687,1.9966,2.0519,2.0697,2.07,2.0969,2.25045,2.404,2.5243,2.6446,2.7314,2.8182,2.8239,2.8296,2.8353
2022-12-31,1.049,1.1687,1.9966,2.0519,2.0697,2.07,2.0969,2.25045,2.404,2.5243,2.6446,2.7314,2.8182,2.8239,2.8296,2.8353
2023-01-03,1.0068,1.741,1.8573,1.9162,2.0658,2.0883,2.112,2.2608,2.4096,2.5197000000000003,2.6298,2.72025,2.8107,2.8147333333333333,2.818766666666667,2.8228
2023-01-04,1.0067,1.7058,1.82,1.8252,2.0254,2.0441,2.067,2.2317,2.3964,2.50175,2.6071,2.70145,2.7958,2.8006333333333333,2.8054666666666663,2.8103
2023-01-05,0.9165,1.6778,1.8,1.8053,2.0098,2.0543,2.082,2.24655,2.4111,2.5180499999999997,2.625,2.7181,2.8112,2.8176,2.824,2.8304
2023-01-06,0.9161,1.6437,1.7529,1.8022,2.0489,2.0737,2.097,2.26945,2.4419,2.5457,2.6495,2.73515,2.8208,2.8248,2.8288,2.8328
2023-01-09,1.016,1.6777,1.7192,1.839,2.0377,2.0746,2.0996,2.2811500000000002,2.4627,2.5637999999999996,2.6649,2.74905,2.8332,2.8364000000000003,2.8396,2.8428
2023-01-10,1.141,1.7259,1.7987,1.8727,2.0662,2.0974,2.122,2.3128,2.5036,2.607,2.7104,2.7851999999999997,2.86,2.8600666666666665,2.860133333333333,2.8602
2023-01-11,1.216,1.732,1.7898,1.8417,2.0689,2.1027,2.127,2.32005,2.5131,2.606,2.6989,2.7748,2.8507,2.8539,2.8571,2.8603
2023-01-12,1.316,1.641,1.6999,1.8145,2.0263,2.0703,2.097,2.29995,2.5029,2.60015,2.6974,2.77705,2.8567,2.8637333333333332,2.870766666666667,2.8778
2023-01-13,1.216,1.6085,1.6905,1.8088,2.0225,2.0742,2.097,2.3079,2.5188,2.6142000000000003,2.7096,2.78865,2.8677,2.8788,2.8899,2.901
2023-01-16,1.6,1.6737,1.7131,1.8477,2.0342,2.1049,2.127,2.3411,2.5552,2.6561500000000002,2.7571,2.81775,2.8784,2.891166666666667,2.9039333333333333,2.9167
2023-01-17,1.66,1.6764,1.7305,1.8514,2.058,2.1062,2.127,2.33655,2.5461,2.6403499999999998,2.7346,2.7990500000000003,2.8635,2.8762333333333334,2.8889666666666667,2.9017
2023-01-18,1.7,1.71,1.7163,1.9514,2.118,2.12,2.1615,2.3550500000000003,2.5486,2.63715,2.7257,2.8000999999999996,2.8745,2.8904,2.9063,2.9222
2023-01-19,1.423,1.6853,1.7117,1.969,2.1399,2.1102,2.1677,2.35475,2.5418,2.6314,2.721,2.7952000000000004,2.8694,2.8844333333333334,2.8994666666666666,2.9145
2023-01-20,1.423,1.6746,1.6902,1.9173,2.0799,2.08,2.1648,2.35135,2.5379,2.63335,2.7288,2.8022,2.8756,2.8947666666666665,2.9139333333333335,2.9331
2023-01-28,1.323,1.6133,1.65,1.8701,2.0257,2.0824,2.1496,2.3480499999999997,2.5465,2.6374,2.7283,2.8003,2.8723,2.8929,2.9135,2.9341
2023-01-29,1.273,1.5537,1.65,1.8545,2.0247,2.0726,2.1519,2.3413,2.5307,2.6266000000000003,2.7225,2.7910000000000004,2.8595,2.8803,2.9011,2.9219
2023-01-30,1.2723,1.56,1.598,1.8258,1.9797,2.0761,2.176,2.35825,2.5405,2.63215,2.7238,2.79265,2.8615,2.8787666666666665,2.8960333333333335,2.9133
2023-01-31,1.2823,1.6422,1.666,1.7856,1.9713,2.0774,2.1535,2.34125,2.529,2.61645,2.7039,2.7775,2.8511,2.8666333333333336,2.8821666666666665,2.8977
2023-02-01,1.3823,1.6469,1.6584,1.8148,2.0212,2.0594,2.1631,2.35095,2.5388,2.62395,2.7091,2.78645,2.8638,2.879233333333333,2.8946666666666667,2.9101
2023-02-02,1.3323,1.6194,1.6672,1.8219,2.0221,2.0272,2.1507,2.3329,2.5151,2.6048,2.6945,2.77625,2.858,2.871,2.884,2.897
2023-02-03,1.2885,1.5689,1.696,1.8507,2.0121,2.0131,2.1504,2.3373999999999997,2.5244,2.60825,2.6921,2.77515,2.8582,2.870233333333333,2.8822666666666668,2.8943
2023-02-06,1.3985,1.7,1.7811,1.8741,2.02,2.0249,2.1581,2.3446000000000002,2.5311,2.6182499999999997,2.7054,2.7868,2.8682,2.8793666666666664,2.8905333333333334,2.9017
2023-02-07,1.72,1.7678,1.8327,1.9052,2.0253,2.0356,2.163,2.3514999999999997,2.54,2.6191500000000003,2.6983,2.7827,2.8671,2.876866666666667,2.886633333333333,2.8964
2023-02-08,1.75,1.791,1.917,2.0045,2.0553,2.0651,2.1617,2.3529999999999998,2.5443,2.6236499999999996,2.703,2.7873,2.8716,2.8801666666666668,2.888733333333333,2.8973
2023-02-09,1.65,1.767,1.9005,2.006,2.0614,2.076,2.1673,2.3497500000000002,2.5322,2.6140499999999998,2.6959,2.78125,2.8666,2.8748,2.883,2.8912
2023-02-10,1.6,1.7669,1.9275,1.985,2.0657,2.0759,2.1682,2.35325,2.5383,2.6172,2.6961,2.78525,2.8744,2.8830333333333336,2.8916666666666666,2.9003
2023-02-13,1.7,1.8367,1.9846,1.985,2.0658,2.0782,2.1734,2.358,2.5426,2.61965,2.6967,2.7830500000000002,2.8694,2.8777,2.886,2.8943
2023-02-14,1.65,1.8075,1.98,1.9816,2.0628,2.0796,2.1781,2.3577500000000002,2.5374,2.6162,2.695,2.7798999999999996,2.8648,2.8736666666666664,2.8825333333333334,2.8914
2023-02-15,1.6,1.8598,2.0071,2.0306,2.0688,2.1017,2.1792,2.36115,2.5431,2.6188000000000002,2.6945,2.7776,2.8607,2.8710666666666667,2.8814333333333333,2.8918
2023-02-16,1.6,1.867,2.0097,2.031,2.069,2.1141,2.1916,2.3672500000000003,2.5429,2.6174999999999997,2.6921,2.7750500000000002,2.858,2.8689,2.8798,2.8907
2023-02-17,1.809,1.9084,2.0194,2.0429,2.1169,2.1281,2.1973,2.3651,2.5329,2.61525,2.6976,2.77815,2.8587,2.8697999999999997,2.8809,2.892
2023-02-20,1.709,1.9691,2.0577,2.0719,2.1544,2.1704,2.2395,2.3952999999999998,2.5511,2.64515,2.7392,2.8094,2.8796,2.8920666666666666,2.904533333333333,2.917
2023-02-21,1.709,1.9563,2.086,2.1013,2.1923,2.2167,2.2422,2.4017999999999997,2.5614,2.6502,2.739,2.8095,2.88,2.893,2.906,2.919
2023-02-22,1.6091,1.929,2.062,2.1008,2.1691,2.191,2.24,2.3984,2.5568,2.6455,2.7342,2.8038499999999997,2.8735,2.8881666666666668,2.902833333333333,2.9175
2023-02-23,1.6091,1.9423,2.0493,2.1041,2.2,2.2086,2.2603,2.4111000000000002,2.5619,2.65325,2.7446,2.81155,2.8785,2.893,2.9075,2.922
2023-02-24,1.6202,1.9112,2.007,2.058,2.2,2.2148,2.2948,2.4297500000000003,2.5647,2.6521,2.7395,2.80535,2.8712,2.885,2.8988,2.9126
2023-02-27,1.7702,1.9303,2.004,2.0567,2.2014,2.2234,2.3165,2.44475,2.573,2.6563999999999997,2.7398,2.8064,2.873,2.8859000000000004,2.8988,2.9117
2023-02-28,1.85,1.9182,2.006,2.0605,2.2101,2.2169,2.3291,2.45125,2.5734,2.6554,2.7374,2.80235,2.8673,2.878766666666667,2.890233333333333,2.9017
2023-03-01,1.75,1.8883,2.0063,2.0618,2.18,2.2082,2.3197,2.44445,2.5692,2.6523,2.7354,2.80105,2.8667,2.8770333333333333,2.8873666666666664,2.8977
2023-03-02,1.7,1.8813,2.0424,2.0502,2.1842,2.2282,2.3247,2.4469000000000003,2.5691,2.6602,2.7513,2.8133,2.8753,2.8872333333333335,2.8991666666666664,2.9111
2023-03-03,1.6809,1.8435,2.0371,2.0708,2.213,2.2609,2.323,2.4451,2.5672,2.65295,2.7387,2.8053,2.8719,2.8821333333333334,2.8923666666666668,2.9026
2023-03-06,1.6809,1.829,2.0339,2.0522,2.1948,2.243,2.2955,2.42305,2.5506,2.6310000000000002,2.7114,2.7817499999999997,2.8521,2.8622666666666667,2.8724333333333334,2.8826
2023-03-07,1.6309,1.8521,2.0337,2.0423,2.1859,2.2351,2.288,2.4172000000000002,2.5464,2.6239,2.7014,2.77385,2.8463,2.8550666666666666,2.863833333333333,2.8726
2023-03-08,1.6309,1.8583,2.04,2.0403,2.1926,2.2257,2.273,2.4071,2.5412,2.62675,2.7123,2.7802499999999997,2.8482,2.8597333333333332,2.8712666666666666,2.8828
2023-03-09,1.5,1.8685,2.0413,2.0563,2.1934,2.2255,2.273,2.40205,2.5311,2.6169000000000002,2.7027,2.7727500000000003,2.8428,2.8536,2.8644,2.8752
2023-03-10,1.55,1.8885,2.0536,2.061,2.1921,2.2086,2.263,2.3934499999999996,2.5239,2.6097,2.6955,2.766,2.8365,2.8452333333333333,2.8539666666666665,2.8627
2023-03-13,1.65,2.002,2.0993,2.0622,2.194,2.2123,2.263,2.3977,2.5324,2.61855,2.7047,2.77245,2.8402,2.850233333333333,2.8602666666666665,2.8703
2023-03-14,1.7,2.0058,2.118,2.0725,2.1955,2.2174,2.269,2.3983499999999998,2.5277,2.61225,2.6968,2.7670500000000002,2.8373,2.8466,2.8559,2.8652
2023-03-15,1.7999,2.0235,2.1297,2.1352,2.1954,2.2223,2.279,2.4059,2.5328,2.6157500000000002,2.6987,2.769,2.8393,2.8479333333333336,2.8565666666666667,2.8652
2023-03-16,1.7821,2.087,2.14,2.1201,2.184,2.198,2.249,2.38625,2.5235,2.6037,2.6839,2.75665,2.8294,2.838,2.8466,2.8552
2023-03-17,1.8253,2.0776,2.1199,2.1005,2.1845,2.1984,2.249,2.3863000000000003,2.5236,2.6050500000000003,2.6865,2.75795,2.8294,2.8396666666666666,2.8499333333333334,2.8602
2023-03-20,1.8075,2.0824,2.0868,2.0524,2.1546,2.1774,2.234,2.3682499999999997,2.5025,2.58005,2.6576,2.73975,2.8219,2.8314,2.8409,2.8504
2023-03-21,1.85,2.1147,2.1309,2.1017,2.1909,2.2007,2.249,2.38215,2.5153,2.5976999999999997,2.6801,2.75225,2.8244,2.8364,2.8484,2.8604
2023-03-22,1.65,2.1,2.1,2.1002,2.1938,2.2193,2.2728,2.39685,2.5209,2.60455,2.6882,2.7613000000000003,2.8344,2.8421666666666665,2.8499333333333334,2.8577
2023-03-23,1.48,2.1,2.1,2.0804,2.1898,2.2153,2.2678,2.3944,2.521,2.6075,2.694,2.7691999999999997,2.8444,2.8513333333333333,2.8582666666666667,2.8652
2023-03-24,1.23,2.0803,2.0996,2.0707,2.2018,2.2369,2.2928,2.4152500000000003,2.5377,2.62215,2.7066,2.7805,2.8544,2.8588,2.8632,2.8676
2023-03-27,0.9795,2.0516,2.0599,2.0625,2.1978,2.2217,2.2728,2.40035,2.5279,2.61005,2.6922,2.76955,2.8469,2.8496333333333337,2.8523666666666667,2.8551
2023-03-28,1.134,2.0479,2.0595,2.0818,2.188,2.2224,2.2778,2.404,2.5302,2.6152499999999996,2.7003,2.77485,2.8494,2.8514666666666666,2.8535333333333335,2.8556
2023-03-29,0.914,2.061,2.0699,2.0702,2.1819,2.2219,2.2753,2.399,2.5227,2.60905,2.6954,2.76555,2.8357,2.8415333333333335,2.847366666666667,2.8532
2023-03-30,0.8445,2.041,2.0498,2.0408,2.2029,2.2232,2.2728,2.3993,2.5258,2.61325,2.7007,2.76925,2.8378,2.8453,2.8528000000000002,2.8603
2023-03-31,1.5945,1.8294,1.9296,1.9006,2.1097,2.1771,2.2328,2.37085,2.5089,2.5963000000000003,2.6837,2.75705,2.8304,2.8378666666666668,2.845333333333333,2.8528
2023-04-03,1.55,1.8118,1.88,1.8824,2.1002,2.1763,2.2328,2.3723,2.5118,2.60335,2.6949,2.76525,2.8356,2.8438666666666665,2.852133333333333,2.8604
2023-04-04,1.47,1.8327,1.87,1.8739,2.0615,2.1674,2.2303,2.3710500000000003,2.5118,2.6048500000000003,2.6979,2.76675,2.8356,2.8432,2.8508,2.8584
2023-04-06,1.4699,1.848,1.8509,1.8701,2.0603,2.1686,2.2278,2.3712,2.5146,2.6087,2.7028,2.76835,2.8339,2.8427666666666664,2.8516333333333335,2.8605
2023-04-07,1.5039,1.8498,1.85,1.8548,2.0527,2.1688,2.2278,2.3686499999999997,2.5095,2.59875,2.688,2.7569,2.8258,2.832666666666667,2.8395333333333332,2.8464
2023-04-10,1.4539,1.8316,1.8398,1.8728,2.0613,2.168,2.2228,2.36375,2.5047,2.59825,2.6918,2.75765,2.8235,2.8308333333333335,2.8381666666666665,2.8455
2023-04-11,1.5539,1.8177,1.8492,1.8783,2.0629,2.1575,2.2128,2.3532,2.4936,2.58645,2.6793,2.7424999999999997,2.8057,2.8105666666666664,2.8154333333333335,2.8203
2023-04-12,1.5539,1.8071,1.8541,1.9283,2.0465,2.1549,2.2091,2.34785,2.4866,2.5778,2.669,2.7313,2.7936,2.801,2.8084,2.8158
2023-04-13,1.5539,1.8055,1.8307,1.9583,2.045,2.1539,2.2066,2.3480499999999997,2.4895,2.5844,2.6793,2.7403500000000003,2.8014,2.810166666666667,2.8189333333333333,2.8277
2023-04-14,1.65,1.8,1.8298,2.0,2.0243,2.1572,2.2091,2.35065,2.4922,2.5873999999999997,2.6826,2.7432499999999997,2.8039,2.8119666666666667,2.8200333333333334,2.8281
2023-04-17,1.7,1.8303,1.8305,1.9987,2.0426,2.1659,2.2141,2.3591,2.5041,2.59935,2.6946,2.75685,2.8191,2.8271333333333333,2.835166666666667,2.8432
2023-04-18,1.6,1.7927,1.8291,1.9919,2.0235,2.1545,2.2016,2.35065,2.4997,2.59245,2.6852,2.74785,2.8105,2.8176333333333337,2.8247666666666666,2.8319
2023-04-19,1.55,1.7821,1.8213,2.001,2.022,2.1423,2.1891,2.3386,2.4881,2.5808000000000004,2.6735,2.7402,2.8069,2.8157,2.8245,2.8333
2023-04-20,1.6,1.7921,1.8572,2.0114,2.0277,2.1434,2.1905,2.341,2.4915,2.58125,2.671,2.7378,2.8046,2.8141333333333334,2.823666666666667,2.8332
2023-04-21,1.6,1.7815,1.857,2.0217,2.0327,2.1429,2.1894,2.3407,2.492,2.5805,2.669,2.7344999999999997,2.8,2.8085999999999998,2.8172,2.8258
2023-04-23,1.5,1.7971,1.82,2.0247,2.0359,2.1463,2.1906,2.341,2.4914,2.5798,2.6682,2.7326,2.797,2.8053333333333335,2.8136666666666668,2.822
2023-04-24,1.452,1.8104,1.8497,2.0047,2.0223,2.1391,2.1855,2.33745,2.4894,2.5763,2.6632,2.73,2.7968,2.8037333333333336,2.8106666666666666,2.8176
2023-04-25,1.4721,1.8069,1.8347,2.0027,2.0116,2.1197,2.1754,2.3320499999999997,2.4887,2.5743,2.6599,2.72715,2.7944,2.8015,2.8086,2.8157
2023-04-26,1.1721,1.7691,1.8294,2.0132,2.0516,2.1276,2.1727,2.32545,2.4782,2.55785,2.6375,2.7087000000000003,2.7799,2.7885333333333335,2.7971666666666666,2.8058
2023-04-27,0.9909,1.7618,1.8509,1.9833,2.0221,2.1146,2.156,2.3043500000000003,2.4527,2.53395,2.6152,2.6841,2.753,2.7637333333333336,2.7744666666666666,2.7852
2023-04-28,1.4551,1.7882,1.8331,1.9541,2.0221,2.1101,2.1464,2.29825,2.4501,2.53155,2.613,2.6791,2.7452,2.7564,2.7676,2.7788
2023-05-04,1.4251,1.8278,1.8336,1.9801,2.0432,2.0669,2.1362,2.2864,2.4366,2.5167,2.5968,2.66385,2.7309,2.741033333333333,2.7511666666666668,2.7613
2023-05-05,1.4151,1.7998,1.8144,1.9512,2.041,2.0589,2.1266,2.26745,2.4083,2.4863999999999997,2.5645,2.634,2.7035,2.7136,2.7237,2.7338
2023-05-06,1.3651,1.79,1.8298,1.9795,2.0401,2.0622,2.1215,2.26495,2.4084,2.48595,2.5635,2.63455,2.7056,2.7141,2.7226,2.7311
2023-05-08,1.3651,1.7896,1.8282,1.9734,2.0422,2.0517,2.1323,2.2763,2.4203,2.50285,2.5854,2.6565,2.7276,2.7345333333333333,2.7414666666666667,2.7484
2023-05-09,1.3607,1.7825,1.8539,1.9544,2.0395,2.0419,2.1203,2.26815,2.416,2.497,2.578,2.6485,2.719,2.725433333333333,2.731866666666667,2.7383
2023-05-10,1.3699,1.7601,1.8766,1.9447,2.0399,2.0305,2.0883,2.23825,2.3882,2.4682,2.5482,2.62315,2.6981,2.7057333333333333,2.713366666666667,2.721
2023-05-11,1.3698,1.7026,1.8502,1.9049,2.0,2.0032,2.0353,2.1952,2.3551,2.4381000000000004,2.5211,2.5996,2.6781,2.6857333333333333,2.693366666666667,2.701
2023-05-12,1.3698,1.6947,1.8713,1.8911,2.0038,2.0251,2.0441,2.1982,2.3523,2.4343500000000002,2.5164,2.6020000000000003,2.6876,2.6936666666666667,2.6997333333333335,2.7058
2023-05-15,1.3698,1.7284,1.89,1.8918,2.0168,2.0405,2.0602,2.21815,2.3761,2.4577999999999998,2.5395,2.6188000000000002,2.6981,2.7050666666666667,2.7120333333333333,2.719
2023-05-16,1.4198,1.7354,1.895,1.8967,2.0091,2.0513,2.0653,2.22145,2.3776,2.45735,2.5371,2.61615,2.6952,2.7011,2.707,2.7129
2023-05-17,1.4898,1.7553,1.9096,1.9312,2.0075,2.0505,2.078,2.2217000000000002,2.3654,2.45935,2.5533,2.627,2.7007,2.7074666666666665,2.7142333333333335,2.721
2023-05-18,1.4898,1.748,1.9025,1.9324,2.0186,2.0453,2.0729,2.2243000000000004,2.3757,2.46055,2.5454,2.6229,2.7004,2.7064,2.7124,2.7184
2023-05-19,1.4648,1.7,1.9,1.9003,1.9893,2.017,2.0554,2.20685,2.3583,2.43935,2.5204,2.6069,2.6934,2.700633333333333,2.707866666666667,2.7151
2023-05-22,1.4276,1.6389,1.7931,1.8425,1.945,1.9868,2.0218,2.17425,2.3267,2.40775,2.4888,2.5889499999999996,2.6891,2.6971333333333334,2.7051666666666665,2.7132
2023-05-23,1.4377,1.5828,1.7397,1.745,1.8689,1.9656,1.9909,2.1489000000000003,2.3069,2.3867000000000003,2.4665,2.5690999999999997,2.6717,2.679866666666667,2.6880333333333333,2.6962
2023-05-24,1.3377,1.5523,1.7222,1.7304,1.8734,1.957,1.9893,2.1523000000000003,2.3153,2.3973500000000003,2.4794,2.5793500000000003,2.6793,2.6874333333333333,2.6955666666666667,2.7037
2023-05-25,1.4377,1.5924,1.7202,1.7204,1.8792,1.9609,1.979,2.14825,2.3175,2.3985,2.4795,2.5786,2.6777,2.6873,2.6969000000000003,2.7065
2023-05-26,1.4377,1.5777,1.72,1.7205,1.8772,1.9739,2.0188,2.16955,2.3203,2.4105,2.5007,2.59685,2.693,2.702166666666667,2.711333333333333,2.7205
2023-05-29,1.4377,1.5723,1.7122,1.7175,1.8814,1.9603,1.9979,2.1482,2.2985,2.3928000000000003,2.4871,2.5847499999999997,2.6824,2.6866,2.6908,2.695
2023-05-30,1.4377,1.5605,1.6902,1.7034,1.8807,1.9429,1.9835,2.1362,2.2889,2.38845,2.488,2.5877,2.6874,2.6915999999999998,2.6958,2.7
2023-05-31,1.5377,1.5459,1.7038,1.7101,1.8541,1.9028,1.9829,2.11695,2.251,2.3533999999999997,2.4558,2.5599499999999997,2.6641,2.6710666666666665,2.6780333333333335,2.685
2023-06-01,1.5677,1.5867,1.6874,1.7113,1.8499,1.8888,1.9721,2.1042,2.2363,2.33095,2.4256,2.5373,2.649,2.6601666666666666,2.6713333333333336,2.6825
2023-06-02,1.5,1.6024,1.6929,1.7056,1.849,1.8899,1.9731,2.11885,2.2646,2.3589,2.4532,2.5584499999999997,2.6637,2.674166666666667,2.684633333333333,2.6951
2023-06-05,1.4511,1.628,1.6938,1.7028,1.8244,1.8605,1.939,2.09635,2.2537,2.3543,2.4549,2.5583,2.6617,2.672,2.6823,2.6926
2023-06-06,1.4,1.6016,1.666,1.6736,1.8124,1.8439,1.9177,2.07625,2.2348,2.3364000000000003,2.438,2.5448000000000004,2.6516,2.6619333333333333,2.672266666666667,2.6826
2023-06-07,1.3987,1.587,1.6593,1.6555,1.8074,1.8303,1.8955,2.06125,2.227,2.33415,2.4413,2.5454499999999998,2.6496,2.660633333333333,2.671666666666667,2.6827
2023-06-08,1.4,1.6379,1.66,1.6561,1.8155,1.8309,1.8887,2.06535,2.242,2.3471,2.4522,2.5509,2.6496,2.6604666666666668,2.671333333333333,2.6822
2023-06-09,1.3432,1.6131,1.65,1.6513,1.7841,1.8027,1.8636,2.0424499999999997,2.2213,2.32765,2.434,2.5315000000000003,2.629,2.6427666666666667,2.6565333333333334,2.6703
2023-06-12,1.35,1.6097,1.6488,1.6652,1.7884,1.8211,1.8663,2.0542000000000002,2.2421,2.3391,2.4361,2.5327,2.6293,2.6430000000000002,2.6567,2.6704
2023-06-13,1.3495,1.6424,1.655,1.6648,1.7831,1.8104,1.8514,2.0377,2.224,2.31355,2.4031,2.4976,2.5921,2.6023,2.6125,2.6227
2023-06-14,1.2995,1.644,1.6599,1.6502,1.7581,1.7964,1.8365,2.03025,2.224,2.311,2.398,2.4916,2.5852,2.5960666666666667,2.606933333333333,2.6178
2023-06-15,1.2496,1.6252,1.66,1.6834,1.784,1.8212,1.8616,2.0543,2.247,2.3417999999999997,2.4366,2.53005,2.6235,2.6317333333333335,2.6399666666666666,2.6482
2023-06-16,1.25,1.6499,1.6603,1.6949,1.8041,1.8418,1.8817,2.0751999999999997,2.2687,2.3615,2.4543,2.5494,2.6445,2.650533333333333,2.6565666666666665,2.6626
2023-06-19,1.35,1.7377,1.7,1.7019,1.8322,1.8644,1.9018,2.11125,2.3207,2.4116999999999997,2.5027,2.59015,2.6776,2.6809333333333334,2.684266666666667,2.6876
2023-06-20,1.35,1.742,1.69,1.6933,1.8573,1.8864,1.9118,2.1062000000000003,2.3006,2.3908500000000004,2.4811,2.5741,2.6671,2.669766666666667,2.672433333333333,2.6751
2023-06-21,1.2852,1.7475,1.6905,1.7005,1.8635,1.8917,1.9161,2.098,2.2799,2.3771500000000003,2.4744,2.56785,2.6613,2.6642333333333337,2.6671666666666667,2.6701
2023-06-25,1.285,1.7473,1.6903,1.6918,1.8572,1.8878,1.912,2.0877,2.2634,2.3613,2.4592,2.55145,2.6437,2.6483333333333334,2.6529666666666665,2.6576
2023-06-26,1.2514,1.7293,1.6805,1.691,1.8687,1.8883,1.912,2.0972,2.2824,2.37735,2.4723,2.5619500000000004,2.6516,2.656966666666667,2.662333333333333,2.6677
2023-06-27,1.2514,1.7442,1.7258,1.678,1.9023,1.9278,1.952,2.12215,2.2923,2.3848000000000003,2.4773,2.5682,2.6591,2.6619333333333333,2.664766666666667,2.6676
2023-06-28,1.2716,1.7398,1.7303,1.6841,1.8781,1.9146,1.942,2.10645,2.2709,2.36845,2.466,2.56175,2.6575,2.6600333333333332,2.6625666666666667,2.6651
2023-06-29,1.2716,1.7024,1.6929,1.661,1.8691,1.9054,1.932,2.0942499999999997,2.2565,2.35675,2.457,2.55475,2.6525,2.6525333333333334,2.6525666666666665,2.6526
2023-06-30,1.6216,1.6341,1.6473,1.6535,1.7704,1.833,1.8723,2.0488,2.2253,2.325,2.4247,2.5261500000000003,2.6276,2.6301,2.6326,2.6351
2023-07-03,1.4,1.6297,1.6498,1.626,1.7546,1.8071,1.8425,2.03745,2.2324,2.33285,2.4333,2.533,2.6327,2.6351999999999998,2.6377,2.6402
2023-07-04,1.4,1.596,1.6,1.6258,1.7478,1.7981,1.8326,2.0393,2.246,2.3447999999999998,2.4436,2.5431,2.6426,2.6443,2.646,2.6477
2023-07-05,1.4,1.5978,1.6,1.6355,1.7339,1.7879,1.8227,2.03185,2.241,2.3371500000000003,2.4333,2.5318,2.6303,2.6336,2.6369000000000002,2.6402
2023-07-06,1.35,1.5424,1.6,1.6754,1.7061,1.7839,1.8227,2.0325,2.2423,2.3379,2.4335,2.5309,2.6283,2.6319333333333335,2.6355666666666666,2.6392
2023-07-07,1.375,1.5999,1.6,1.6542,1.6976,1.7875,1.8279,2.0345,2.2411,2.3353,2.4295,2.5263,2.6231,2.628833333333333,2.6345666666666667,2.6403
2023-07-10,1.35,1.6,1.6003,1.654,1.696,1.7833,1.8279,2.0375,2.2471,2.3433,2.4395,2.5313499999999998,2.6232,2.6289000000000002,2.6346,2.6403
2023-07-11,1.3499,1.63,1.6001,1.6459,1.6627,1.7784,1.8231,2.0349,2.2467,2.3405,2.4343,2.5263,2.6183,2.6239666666666666,2.6296333333333335,2.6353
2023-07-12,1.3499,1.6297,1.59,1.6531,1.7304,1.7818,1.8183,2.0344,2.2505,2.3437,2.4369,2.52885,2.6208,2.6264666666666665,2.6321333333333334,2.6378
2023-07-13,1.3529,1.6,1.6001,1.6455,1.774,1.8064,1.8384,2.0473500000000002,2.2563,2.35325,2.4502,2.5380000000000003,2.6258,2.6309666666666667,2.6361333333333334,2.6413
2023-07-14,1.3883,1.6199,1.6202,1.6619,1.7926,1.8092,1.8385,2.04365,2.2488,2.35,2.4512,2.5385999999999997,2.626,2.6321333333333334,2.6382666666666665,2.6444
2023-07-17,1.4514,1.62,1.6213,1.6557,1.7793,1.7358,1.7635,1.99815,2.2328,2.3338,2.4348,2.5279000000000003,2.621,2.626133333333333,2.631266666666667,2.6364
2023-07-18,1.4014,1.6,1.6008,1.6275,1.7793,1.7356,1.7635,1.99285,2.2222,2.3235,2.4248,2.51665,2.6085,2.6134666666666666,2.6184333333333334,2.6234
2023-07-19,1.4014,1.4919,1.53,1.628,1.8397,1.7264,1.7535,1.9867,2.2199,2.31445,2.409,2.50945,2.6099,2.6143666666666667,2.6188333333333333,2.6233
2023-07-20,1.3814,1.3991,1.5831,1.6126,1.8195,1.7209,1.7485,1.9827,2.2169,2.3106,2.4043,2.50475,2.6052,2.6106,2.616,2.6214
2023-07-21,1.3544,1.381,1.5739,1.6034,1.8142,1.7106,1.7385,1.9724,2.2063,2.29915,2.392,2.4916,2.5912,2.596766666666667,2.602333333333333,2.6079
2023-07-24,1.3044,1.3972,1.5076,1.6161,1.8082,1.7056,1.7335,1.9694500000000001,2.2054,2.2963500000000003,2.3873,2.48415,2.581,2.5851333333333333,2.5892666666666666,2.5934
2023-07-25,1.3044,1.5223,1.6177,1.6735,1.8478,1.75,1.7782,2.02395,2.2697,2.3662,2.4627,2.5534,2.6441,2.6504,2.6567,2.663
2023-07-26,1.3544,1.6338,1.65,1.6506,1.8956,1.74,1.7882,2.01795,2.2477,2.34025,2.4328,2.5285,2.6242,2.6304666666666665,2.6367333333333334,2.643
2023-07-27,1.3544,1.5978,1.6,1.6007,1.855,1.7101,1.8182,2.02545,2.2327,2.32795,2.4232,2.51875,2.6143,2.6227,2.6311,2.6395
2023-07-28,1.33,1.5544,1.5805,1.6051,1.8449,1.7201,1.8181,2.03145,2.2448,2.3428999999999998,2.441,2.53425,2.6275,2.6361,2.6447000000000003,2.6533
2023-07-31,1.4,1.5296,1.566,1.601,1.7863,1.728,1.8102,2.0334,2.2566,2.3555,2.4544,2.54585,2.6373,2.644766666666667,2.652233333333333,2.6597
2023-08-01,1.4,1.5016,1.5428,1.5841,1.7843,1.7056,1.7751,2.0141999999999998,2.2533,2.3566000000000003,2.4599,2.5496,2.6393,2.6464333333333334,2.6535666666666664,2.6607
2023-08-02,1.4,1.4847,1.5584,1.5607,1.7732,1.6902,1.7663,2.0078,2.2493,2.35095,2.4526,2.5415,2.6304,2.6377666666666664,2.6451333333333333,2.6525
2023-08-03,1.35,1.474,1.5453,1.5514,1.7657,1.6655,1.7421,1.9843000000000002,2.2265,2.3259499999999997,2.4254,2.5228,2.6202,2.6279666666666666,2.6357333333333335,2.6435
2023-08-04,1.4,1.4492,1.5341,1.5472,1.7656,1.6666,1.7511,1.99435,2.2376,2.3327999999999998,2.428,2.5243,2.6206,2.629366666666667,2.638133333333333,2.6469
2023-08-07,1.4,1.4394,1.5241,1.537,1.7586,1.6437,1.7599,2.00555,2.2512,2.3385499999999997,2.4259,2.5204,2.6149,2.6253333333333333,2.6357666666666666,2.6462
2023-08-08,1.35,1.4385,1.4891,1.5644,1.7602,1.6353,1.7796,2.01455,2.2495,2.3353,2.4211,2.5153499999999998,2.6096,2.6215333333333333,2.6334666666666666,2.6454
2023-08-09,1.35,1.4538,1.492,1.5451,1.8194,1.6756,1.8093,2.03265,2.256,2.33985,2.4237,2.51895,2.6142,2.624833333333333,2.635466666666667,2.6461
2023-08-10,1.35,1.454,1.4924,1.5444,1.8293,1.6763,1.8265,2.0444,2.2623,2.34565,2.429,2.5246,2.6202,2.6293,2.6384,2.6475
2023-08-11,1.37,1.4192,1.4882,1.5319,1.8186,1.704,1.8305,2.0439,2.2573,2.3394500000000003,2.4216,2.5153,2.609,2.6187,2.6284,2.6381
2023-08-14,1.3726,1.4093,1.4739,1.5257,1.7972,1.7078,1.8156,2.0286,2.2416,2.3232,2.4048,2.4985,2.5922,2.6018666666666665,2.6115333333333335,2.6212
2023-08-15,1.35,1.3929,1.4916,1.5027,1.7961,1.6999,1.8245,2.0246,2.2247,2.3009500000000003,2.3772,2.4674500000000004,2.5577,2.5637666666666665,2.5698333333333334,2.5759
2023-08-16,1.35,1.3656,1.5149,1.565,1.7953,1.7018,1.8375,2.0241499999999997,2.2108,2.2879,2.365,2.4574000000000003,2.5498,2.5548333333333333,2.5598666666666667,2.5649
2023-08-17,1.3666,1.3806,1.5545,1.619,1.7955,1.7245,1.8397,2.0239,2.2081,2.2892,2.3703,2.4617999999999998,2.5533,2.5581333333333336,2.5629666666666666,2.5678
2023-08-18,1.3666,1.4581,1.6045,1.6119,1.8142,1.7338,1.8323,2.0153499999999998,2.1984,2.28205,2.3657,2.4555499999999997,2.5454,2.5515666666666665,2.557733333333333,2.5639
2023-08-21,1.4,1.5375,1.5961,1.6061,1.8344,1.7459,1.8705,2.03235,2.1942,2.2699,2.3456,2.4306,2.5156,2.523833333333333,2.5320666666666667,2.5403
2023-08-22,1.45,1.507,1.5835,1.6066,1.8236,1.7844,1.899,2.053,2.207,2.2853,2.3636,2.44765,2.5317,2.5399333333333334,2.5481666666666665,2.5564
2023-08-23,1.45,1.4643,1.5758,1.5907,1.83,1.8383,1.8964,2.05055,2.2047,2.2855999999999996,2.3665,2.4467999999999996,2.5271,2.5359,2.5447,2.5535
2023-08-24,1.45,1.4889,1.5657,1.5715,1.8231,1.8188,1.8772,2.03985,2.2025,2.2839,2.3653,2.4484,2.5315,2.5391,2.5467,2.5543
2023-08-25,1.5,1.5147,1.5882,1.5725,1.8355,1.8477,1.8951,2.05885,2.2226,2.3051500000000003,2.3877,2.4682500000000003,2.5488,2.5559333333333334,2.5630666666666664,2.5702
2023-08-28,1.55,1.5582,1.6253,1.6416,1.9124,1.92,1.9245,2.0864000000000003,2.2483,2.3279,2.4075,2.48565,2.5638,2.5704333333333333,2.5770666666666666,2.5837
2023-08-29,1.613,1.68,1.68,1.7053,1.996,1.9812,1.9902,2.1268,2.2634,2.34185,2.4203,2.4951499999999998,2.57,2.57,2.57,2.57
2023-08-30,1.7,1.7684,1.71,1.7102,1.9799,1.9387,1.9392,2.084,2.2288,2.31385,2.3989,2.47945,2.56,2.56,2.56,2.56
2023-08-31,1.65,1.6784,1.7,1.7009,1.91,1.9065,1.9051,2.0633,2.2215,2.31055,2.3996,2.4785500000000003,2.5575,2.5575,2.5575,2.5575
2023-09-01,1.55,1.6284,1.65,1.6514,1.9596,1.9426,1.9578,2.1009,2.244,2.3411,2.4382,2.51655,2.5949,2.5916,2.5883,2.585
2023-09-04,1.45,1.6174,1.6202,1.6526,1.9795,1.9715,1.9822,2.1287,2.2752,2.37215,2.4691,2.5469999999999997,2.6249,2.6207333333333334,2.6165666666666665,2.6124
2023-09-05,1.45,1.5798,1.61,1.6186,1.9587,1.9512,1.9929,2.13165,2.2704,2.37005,2.4697,2.54605,2.6224,2.6199333333333334,2.6174666666666666,2.615
2023-09-06,1.47,1.6088,1.63,1.6009,2.0097,2.0034,2.0801,2.2003,2.3205,2.4122,2.5039,2.5769,2.6499,2.645766666666667,2.6416333333333335,2.6375
2023-09-07,1.45,1.5985,1.68,1.6508,2.0596,2.0478,2.0874,2.2064000000000004,2.3254,2.412,2.4986,2.5742000000000003,2.6498,2.6448666666666667,2.639933333333333,2.635
2023-09-08,1.45,1.6224,1.6699,1.6601,2.0695,2.0623,2.0952,2.2144500000000003,2.3337,2.41335,2.493,2.5702,2.6474,2.6441000000000003,2.6408,2.6375
2023-09-11,1.45,1.6864,1.7549,1.7451,2.1011,2.119,2.1352,2.2403500000000003,2.3455,2.41925,2.493,2.5689,2.6448,2.639866666666667,2.634933333333333,2.63
2023-09-12,1.45,1.6896,1.7612,1.7651,2.0935,2.1092,2.1252,2.2337499999999997,2.3423,2.41155,2.4808,2.5608,2.6408,2.634866666666667,2.6289333333333333,2.623
2023-09-13,1.45,1.6942,1.7704,1.8029,2.0819,2.0897,2.1027,2.21285,2.323,2.39575,2.4685,2.5467,2.6249,2.6216,2.6183,2.615
2023-09-14,1.45,1.709,1.8,1.8015,2.09,2.09,2.1027,2.2224,2.3421,2.40205,2.462,2.5397,2.6174,2.6141,2.6108,2.6075
2023-09-15,1.45,1.7291,1.8,1.8023,2.0969,2.1186,2.1327,2.24085,2.349,2.42145,2.4939,2.57065,2.6474,2.6449333333333334,2.642466666666667,2.64
2023-09-18,1.599,1.7561,1.8,1.806,2.1167,2.156,2.1727,2.2790500000000002,2.3854,2.449,2.5126,2.58125,2.6499,2.6499333333333333,2.649966666666667,2.65
2023-09-19,1.599,1.845,1.81,1.8171,2.1219,2.169,2.1877,2.28795,2.3882,2.4558,2.5234,2.59295,2.6625,2.6625,2.6625,2.6625
2023-09-20,1.5052,1.8956,1.85,1.8507,2.143,2.1892,2.2077,2.2974,2.3871,2.4541000000000004,2.5211,2.5943,2.6675,2.6666666666666665,2.6658333333333335,2.665
2023-09-21,1.499,1.8585,1.86,1.8613,2.131,2.1704,2.1877,2.27865,2.3696,2.4394,2.5092,2.5820999999999996,2.655,2.6558666666666664,2.6567333333333334,2.6576
2023-09-22,1.342,1.85,1.85,1.8529,2.1686,2.1843,2.1977,2.2942,2.3907,2.4601499999999996,2.5296,2.6048,2.68,2.6792000000000002,2.6784,2.6776
2023-09-25,1.292,1.8813,1.89,1.9096,2.1755,2.1983,2.2127,2.30645,2.4002,2.47565,2.5511,2.62555,2.7,2.6992000000000003,2.6984,2.6976
2023-09-26,1.7421,1.9653,2.02,2.0584,2.2665,2.2252,2.2327,2.32395,2.4152,2.48215,2.5491,2.62455,2.7,2.698366666666667,2.6967333333333334,2.6951
2023-09-27,1.7421,2.0227,2.07,2.1032,2.2889,2.2002,2.2077,2.3068,2.4059,2.47065,2.5354,2.61645,2.6975,2.694233333333333,2.6909666666666667,2.6877
2023-09-28,2.1911,1.9517,1.9913,2.0009,2.1998,2.1385,2.1677,2.2695,2.3713,2.4484500000000002,2.5256,2.60155,2.6775,2.6767000000000003,2.6759,2.6751
2023-10-07,1.492,1.7604,1.7999,1.8109,2.0903,2.1095,2.1477,2.25895,2.3702,2.4438500000000003,2.5175,2.5888999999999998,2.6603,2.6618999999999997,2.6635,2.6651
2023-10-08,1.388,1.6834,1.7499,1.7658,2.065,2.098,2.1377,2.2527,2.3677,2.44275,2.5178,2.589,2.6602,2.661,2.6618,2.6626
2023-10-09,1.521,1.6554,1.7359,1.782,2.1099,2.1198,2.1577,2.27725,2.3968,2.466,2.5352,2.59795,2.6607,2.6638666666666664,2.6670333333333334,2.6702
2023-10-10,1.6,1.7318,1.7738,1.8133,2.16,2.16,2.1977,2.3183000000000002,2.4389,2.49695,2.555,2.6187500000000004,2.6825,2.6820333333333335,2.6815666666666664,2.6811
2023-10-11,1.6,1.7622,1.7792,1.8633,2.1936,2.1999,2.2377,2.3639,2.4901,2.54,2.5899,2.64745,2.705,2.7025333333333332,2.700066666666667,2.6976
2023-10-12,1.6,1.7336,1.7492,1.8657,2.1842,2.19,2.1977,2.3332,2.4687,2.5245,2.5803,2.64015,2.7,2.6970333333333336,2.6940666666666666,2.6911
2023-10-13,1.6,1.7347,1.7514,1.8957,2.1792,2.17,2.1777,2.31435,2.451,2.5019,2.5528,2.6176500000000003,2.6825,2.6784,2.6743,2.6702
2023-10-16,1.55,1.75,1.7514,1.9357,2.189,2.18,2.1877,2.33175,2.4758,2.51935,2.5629,2.6300999999999997,2.6973,2.6907666666666668,2.6842333333333332,2.6777
2023-10-17,1.55,1.77,1.77,1.9852,2.1986,2.1852,2.2227,2.35485,2.487,2.5300000000000002,2.573,2.63775,2.7025,2.6977333333333333,2.692966666666667,2.6882
2023-10-18,1.6,1.7757,1.79,2.0402,2.2278,2.2082,2.2457,2.3787,2.5117,2.5573,2.6029,2.65895,2.715,2.711733333333333,2.708466666666667,2.7052
2023-10-19,1.8,1.801,1.811,2.1302,2.2689,2.2601,2.2907,2.41275,2.5348,2.57765,2.6205,2.674,2.7275,2.7242333333333333,2.7209666666666665,2.7177
2023-10-20,1.6,1.7678,1.7842,2.1802,2.2888,2.28,2.3107,2.40585,2.501,2.5496,2.5982,2.6566,2.715,2.711733333333333,2.708466666666667,2.7052
2023-10-23,1.6,1.755,1.7695,2.1802,2.2688,2.27,2.3007,2.3951000000000002,2.4895,2.5391,2.5887,2.6506,2.7125,2.7098999999999998,2.7073,2.7047
2023-10-24,1.7047,1.7867,1.79,2.2052,2.2973,2.3019,2.3257,2.41035,2.495,2.5406,2.5862,2.6555999999999997,2.725,2.722566666666667,2.720133333333333,2.7177
2023-10-25,1.65,1.7247,1.75,2.3048,2.3597,2.26,2.2838,2.3661,2.4484,2.49995,2.5515,2.6295,2.7075,2.706733333333333,2.705966666666667,2.7052
2023-10-26,1.6,1.6996,1.6524,2.3045,2.3794,2.27,2.2838,2.3742,2.4646,2.51565,2.5667,2.6421,2.7175,2.716733333333333,2.7159666666666666,2.7152
2023-10-27,1.55,1.6678,1.6837,2.3027,2.3789,2.25,2.2807,2.36435,2.448,2.4999,2.5518,2.63105,2.7103,2.7113,2.7123,2.7133
2023-10-30,1.6,1.6826,1.6818,2.2905,2.358,2.2417,2.2251,2.3293999999999997,2.4337,2.49315,2.5526,2.63155,2.7105,2.7117,2.7129000000000003,2.7141
2023-10-31,2.4,1.7,1.7641,2.2929,2.3578,2.2333,2.2051,2.3175999999999997,2.4301,2.4813,2.5325,2.61015,2.6878,2.6898,2.6918,2.6938
2023-11-01,1.7,1.7034,1.8091,2.3114,2.3846,2.2578,2.2501,2.34385,2.4376,2.48375,2.5299,2.6057,2.6815,2.6827666666666667,2.6840333333333333,2.6853
2023-11-02,1.625,1.6446,1.7891,2.2867,2.3392,2.215,2.2151,2.3114000000000003,2.4077,2.4526,2.4975,2.57625,2.655,2.6551,2.6552,2.6553
2023-11-03,1.58,1.58,1.8503,2.2785,2.3289,2.22,2.2202,2.32135,2.4225,2.4701,2.5177,2.5906000000000002,2.6635,2.6627666666666667,2.6620333333333335,2.6613
2023-11-06,1.4,1.5743,1.8503,2.2798,2.3277,2.2316,2.2303,2.3276000000000003,2.4249,2.4715,2.5181,2.5890500000000003,2.66,2.658466666666667,2.6569333333333334,2.6554
2023-11-07,1.45,1.5397,1.8603,2.2904,2.3476,2.2562,2.2505,2.34795,2.4454,2.48915,2.5329,2.6014,2.6699,2.667666666666667,2.665433333333333,2.6632
2023-11-08,1.45,1.5644,1.9759,2.3189,2.3583,2.2699,2.2479,2.3432,2.4385,2.4798,2.5211,2.5869999999999997,2.6529,2.650733333333333,2.6485666666666665,2.6464
2023-11-09,1.4,1.5906,2.0259,2.316,2.3572,2.2577,2.2406,2.3440000000000003,2.4474,2.4839,2.5204,2.5877,2.655,2.6531333333333333,2.6512666666666664,2.6494
2023-11-10,1.4,1.5968,2.0798,2.3276,2.3668,2.2643,2.2306,2.33355,2.4365,2.4697,2.5029,2.5751999999999997,2.6475,2.6464666666666665,2.6454333333333335,2.6444
2023-11-13,1.4,1.7487,2.2115,2.3116,2.3554,2.2551,2.2059,2.3148,2.4237,2.4573,2.4909,2.56845,2.646,2.6458,2.6456,2.6454
2023-11-14,1.372,1.7324,2.2676,2.3167,2.3498,2.2452,2.1713,2.2988,2.4263,2.4650999999999996,2.5039,2.5807,2.6575,2.6574333333333335,2.657366666666667,2.6573
2023-11-15,1.45,1.6787,2.285,2.3194,2.3646,2.2177,2.1613,2.2838000000000003,2.4063,2.4542,2.5021,2.5817,2.6613,2.661966666666667,2.6626333333333334,2.6633
2023-11-16,1.5,1.6955,2.2925,2.3141,2.3645,2.2209,2.1415,2.26765,2.3938,2.44825,2.5027,2.5772,2.6517,2.6530666666666667,2.6544333333333334,2.6558
2023-11-17,1.49,1.6474,2.2946,2.3118,2.3592,2.2143,2.1221,2.2536500000000004,2.3852,2.4455,2.5058,2.5763999999999996,2.647,2.6488,2.6506,2.6524
2023-11-20,1.5429,1.6335,2.2915,2.3075,2.3633,2.2318,2.1477,2.27535,2.403,2.4636500000000003,2.5243,2.5891,2.6539,2.6554,2.6569,2.6584
2023-11-21,1.5329,1.5931,2.295,2.319,2.378,2.2734,2.2024,2.31775,2.4331,2.48905,2.545,2.6032,2.6614,2.6637333333333335,2.6660666666666666,2.6684
2023-11-22,1.5239,1.6414,2.3378,2.3756,2.4049,2.3382,2.3112,2.38355,2.4559,2.511,2.5661,2.6222000000000003,2.6783,2.6796333333333333,2.680966666666667,2.6823
2023-11-23,1.5629,1.6009,2.3421,2.3605,2.4196,2.3391,2.3264,2.40625,2.4861,2.5349,2.5837,2.6412,2.6987,2.6999,2.7011000000000003,2.7023
2023-11-24,1.5629,1.5922,2.344,2.3607,2.4196,2.3589,2.3317,2.4114,2.4911,2.5436,2.5961,2.6495499999999996,2.703,2.7037666666666667,2.704533333333333,2.7053
2023-11-27,1.5629,1.5977,2.3494,2.3715,2.439,2.3805,2.3889,2.4463,2.5037,2.55245,2.6012,2.6552499999999997,2.7093,2.7098,2.7102999999999997,2.7108
2023-11-28,1.5629,1.6977,2.3694,2.3767,2.4392,2.3827,2.3564,2.41905,2.4817,2.52895,2.5762,2.6298,2.6834,2.6855333333333333,2.6876666666666664,2.6898
2023-11-29,1.65,1.8474,2.435,2.455,2.4375,2.3821,2.3566,2.4204,2.4842,2.5341,2.584,2.6315999999999997,2.6792,2.680333333333333,2.6814666666666667,2.6826
2023-11-30,1.6,1.877,2.3808,2.3874,2.3606,2.3781,2.3367,2.4044,2.4721,2.5206,2.5691,2.61775,2.6664,2.666933333333333,2.667466666666667,2.668
2023-12-01,1.38,2.222,2.4,2.3941,2.3704,2.38,2.3439,2.4082,2.4725,2.5195,2.5665,2.61265,2.6588,2.6600333333333332,2.6612666666666667,2.6625
2023-12-04,1.17,2.2321,2.41,2.4115,2.433,2.3995,2.3769,2.4358,2.4947,2.5433499999999998,2.592,2.6334999999999997,2.675,2.6741666666666664,2.6733333333333333,2.6725
2023-12-05,1.2,2.2895,2.4101,2.4111,2.448,2.4013,2.3817,2.4370499999999997,2.4924,2.53835,2.5843,2.62465,2.665,2.665,2.665,2.665
2023-12-06,1.2,2.3397,2.4429,2.4762,2.4898,2.4032,2.3971,2.45365,2.5102,2.5527,2.5952,2.6328500000000004,2.6705,2.6711666666666667,2.6718333333333333,2.6725
2023-12-07,1.2,2.3439,2.43,2.4413,2.4698,2.4032,2.3816,2.42945,2.4773,2.5208500000000003,2.5644,2.6109999999999998,2.6576,2.6597333333333335,2.6618666666666666,2.664
2023-12-08,1.22,2.3113,2.41,2.419,2.4593,2.3907,2.3791,2.42575,2.4724,2.5147,2.557,2.60725,2.6575,2.6595333333333335,2.661566666666667,2.6636
2023-12-11,1.2,2.3726,2.4002,2.4196,2.4543,2.3971,2.3816,2.4232500000000003,2.4649,2.5038,2.5427,2.589,2.6353,2.6382,2.6411000000000002,2.644
2023-12-12,1.2,2.3955,2.4103,2.4238,2.459,2.3897,2.3826,2.4224,2.4622,2.4981999999999998,2.5342,2.58385,2.6335,2.6348333333333334,2.636166666666667,2.6375
2023-12-13,1.2,2.3866,2.4,2.405,2.4041,2.3517,2.3526,2.39025,2.4279,2.47075,2.5136,2.5620999999999996,2.6106,2.6146,2.6186,2.6226
2023-12-14,1.25,2.3653,2.37,2.3601,2.379,2.3321,2.3351,2.37695,2.4188,2.4688,2.5188,2.57025,2.6217,2.6270000000000002,2.6323,2.6376
2023-12-15,1.216,2.2793,2.28,2.3041,2.3293,2.2997,2.3076,2.34955,2.3915,2.4415500000000003,2.4916,2.5474,2.6032,2.6097,2.6162,2.6227
2023-12-18,1.2967,2.246,2.25,2.2998,2.2883,2.2808,2.2951,2.3426,2.3901,2.4383999999999997,2.4867,2.54345,2.6002,2.6043333333333334,2.6084666666666667,2.6126
2023-12-19,1.2,2.2081,2.2299,2.2653,2.2814,2.2843,2.3001,2.35745,2.4148,2.4618,2.5088,2.557,2.6052,2.6098333333333334,2.6144666666666665,2.6191
2023-12-20,1.2,2.1843,2.22,2.2418,2.2845,2.2935,2.3051,2.3596500000000002,2.4142,2.4669499999999998,2.5197,2.56325,2.6068,2.611933333333333,2.6170666666666667,2.6222
2023-12-21,1.2229,2.1935,2.2199,2.22,2.27,2.27,2.2801,2.33745,2.3948,2.43655,2.4783,2.5267999999999997,2.5753,2.580233333333333,2.585166666666667,2.5901
2023-12-22,1.1279,2.1495,2.15,2.2206,2.2415,2.246,2.2526,2.3125999999999998,2.3726,2.4143999999999997,2.4562,2.513,2.5698,2.5757666666666665,2.581733333333333,2.5877
2023-12-25,1.1279,2.08,2.08,2.1506,2.2269,2.1858,2.2246,2.2798,2.335,2.3761,2.4172,2.48125,2.5453,2.5528,2.5603000000000002,2.5678
2023-12-26,1.076,2.0281,2.0499,2.1181,2.16,2.16,2.2046,2.24955,2.2945,2.3534,2.4123,2.4813,2.5503,2.5603333333333333,2.5703666666666667,2.5804
2023-12-27,1.1338,1.9,1.9,1.9545,2.1,2.0914,2.1546,2.20715,2.2597,2.32165,2.3836,2.46185,2.5401,2.5459666666666667,2.551833333333333,2.5577
2023-12-28,1.1338,1.835,1.9,1.9007,2.06,2.0556,2.1196,2.2036,2.2876,2.34785,2.4081,2.4754,2.5427,2.5516,2.5604999999999998,2.5694
2023-12-29,1.4508,1.5976,1.801,1.8017,2.06,2.0208,2.0796,2.1845,2.2894,2.34475,2.4001,2.46645,2.5328,2.5403,2.5478,2.5553
2023-12-31,1.4508,1.5976,1.801,1.8017,2.06,2.0208,2.0796,2.1845,2.2894,2.34475,2.4001,2.46645,2.5328,2.5403,2.5478,2.5553
2024-01-02,1.4604,1.7412,1.8,1.8057,2.082,2.0831,2.1166,2.2293000000000003,2.342,2.3897,2.4374,2.4987,2.56,2.560033333333333,2.5600666666666667,2.5601
2024-01-03,1.4804,1.7512,1.8,1.8091,2.0998,2.0908,2.1416,2.2398499999999997,2.3381,2.37965,2.4212,2.4832,2.5452,2.547833333333333,2.550466666666667,2.5531
2024-01-04,1.5404,1.8012,1.846,1.8406,2.1212,2.125,2.1541,2.2405,2.3269,2.3679,2.4089,2.47195,2.535,2.5356,2.5362,2.5368
2024-01-05,1.5204,1.8082,1.8499,1.8025,2.0815,2.085,2.1091,2.2011,2.2931,2.3417,2.3903,2.4539,2.5175,2.5175,2.5175,2.5175
2024-01-08,1.5204,1.7999,1.8,1.8125,2.0682,2.0888,2.1191,2.2137000000000002,2.3083,2.35815,2.408,2.4627499999999998,2.5175,2.5162,2.5149,2.5136
2024-01-09,1.5204,1.7523,1.7956,1.8208,2.0891,2.0709,2.0991,2.1950000000000003,2.2909,2.3407,2.3905,2.4427499999999998,2.495,2.4920666666666667,2.4891333333333336,2.4862
2024-01-10,1.4904,1.7778,1.8023,1.8196,2.08,2.08,2.1091,2.2032,2.2973,2.35175,2.4062,2.4541,2.502,2.5007333333333333,2.4994666666666667,2.4982
2024-01-11,1.5204,1.7831,1.7991,1.8296,2.0791,2.0655,2.0941,2.19415,2.2942,2.3491999999999997,2.4042,2.4534000000000002,2.5026,2.501466666666667,2.5003333333333333,2.4992
2024-01-12,1.5404,1.7897,1.7804,1.8308,2.079,2.0654,2.0941,2.1941,2.2941,2.35485,2.4156,2.4678,2.52,2.519066666666667,2.518133333333333,2.5172
2024-01-15,1.5913,1.7991,1.7971,1.8508,2.07,2.07,2.0991,2.1999500000000003,2.3008,2.3632,2.4256,2.4753,2.525,2.5237333333333334,2.5224666666666664,2.5212
2024-01-16,1.6,1.8169,1.8421,1.8708,2.08,2.08,2.1091,2.21205,2.315,2.3777999999999997,2.4406,2.4828,2.525,2.5250666666666666,2.5251333333333332,2.5252
2024-01-17,1.5,1.8269,1.8887,2.0057,2.075,2.075,2.1041,2.2047999999999996,2.3055,2.3529,2.4003,2.45615,2.512,2.5105666666666666,2.509133333333333,2.5077
2024-01-18,1.5,1.8544,1.9032,2.0073,2.07,2.07,2.0991,2.20315,2.3072,2.3513,2.3954,2.45445,2.5135,2.5120666666666667,2.5106333333333333,2.5092
2024-01-19,1.5,1.8414,1.911,1.9792,2.0487,2.0548,2.0841,2.1871,2.2901,2.33405,2.378,2.4415,2.505,2.504233333333333,2.5034666666666667,2.5027
2024-01-22,1.5,1.8214,1.871,1.9866,2.0407,2.0518,2.0813,2.1813000000000002,2.2813,2.3261,2.3709,2.43055,2.4902,2.490866666666667,2.4915333333333334,2.4922
2024-01-23,1.5,1.818,1.8794,1.9787,2.0382,2.0547,2.0841,2.1908,2.2975,2.3405,2.3835,2.44375,2.504,2.5040666666666667,2.5041333333333333,2.5042
2024-01-24,1.6,1.8219,1.9296,1.9787,2.0274,2.0399,2.0691,2.1683000000000003,2.2675,2.3194,2.3713,2.4381500000000003,2.505,2.5047333333333333,2.5044666666666666,2.5042
2024-01-25,1.6,1.8194,1.9024,1.955,1.9962,2.005,2.0342,2.135,2.2358,2.2836,2.3314,2.40645,2.4815,2.4871333333333334,2.492766666666667,2.4984
2024-01-26,1.6,1.8486,1.8758,1.9042,1.9865,1.9951,2.0229,2.1310000000000002,2.2391,2.2916000000000003,2.3441,2.414,2.4839,2.489066666666667,2.4942333333333333,2.4994
2024-01-29,1.6,1.7944,1.8108,1.862,1.9498,1.94,1.9401,2.07795,2.2158,2.269,2.3222,2.3981000000000003,2.474,2.480666666666667,2.4873333333333334,2.494
2024-01-30,1.6,1.7024,1.7027,1.8096,1.8725,1.8799,1.8751,2.0236,2.1721,2.2285,2.2849,2.35865,2.4324,2.440166666666667,2.4479333333333333,2.4557
2024-01-31,1.6736,1.7325,1.7537,1.791,1.8706,1.8948,1.8802,2.0366,2.193,2.2401,2.2872,2.35195,2.4167,2.4221333333333335,2.4275666666666664,2.433
2024-02-01,1.6416,1.6825,1.705,1.7753,1.8572,1.8898,1.8802,2.04545,2.2107,2.25775,2.3048,2.36315,2.4215,2.4261333333333335,2.4307666666666665,2.4354
2024-02-02,1.65,1.6817,1.712,1.7718,1.8782,1.8949,1.8903,2.03945,2.1886,2.2342500000000003,2.2799,2.3457,2.4115,2.4158,2.4201,2.4244
2024-02-04,1.64,1.6593,1.732,1.7718,1.8738,1.8801,1.8803,2.0273000000000003,2.1743,2.2235500000000004,2.2728,2.3344500000000004,2.3961,2.399166666666667,2.402233333333333,2.4053
2024-02-05,1.69,1.7,1.7041,1.7505,1.8445,1.8622,1.8829,2.0358,2.1887,2.2319,2.2751,2.33645,2.3978,2.3986,2.3994,2.4002
2024-02-06,1.69,1.7012,1.7075,1.7558,1.8518,1.8741,1.9269,2.0837,2.2405,2.2866999999999997,2.3329,2.3916,2.4503,2.451033333333333,2.451766666666667,2.4525
2024-02-07,1.69,1.704,1.7075,1.744,1.8511,1.8628,1.9287,2.05755,2.1864,2.2424500000000003,2.2985,2.35675,2.415,2.4151,2.4152,2.4153
2024-02-08,1.615,1.629,1.7,1.7277,1.8541,1.8841,1.9265,2.0578,2.1891,2.2388,2.2885,2.3619,2.4353,2.4361666666666664,2.4370333333333334,2.4379
2024-02-09,1.565,1.599,1.685,1.7127,1.8481,1.8841,1.9265,2.0578,2.1891,2.2388,2.2885,2.3592500000000003,2.43,2.430066666666667,2.4301333333333335,2.4302
2024-02-18,1.515,1.587,1.6506,1.687,1.8593,1.878,1.9292,2.0588,2.1884,2.2428,2.2972,2.3664,2.4356,2.4368333333333334,2.4380666666666664,2.4393
2024-02-19,1.4726,1.5401,1.5965,1.6713,1.8779,1.8403,1.9157,2.0533,2.1909,2.2483500000000003,2.3058,2.36605,2.4263,2.429,2.4317,2.4344
2024-02-20,1.5,1.5381,1.598,1.6632,1.7937,1.7999,1.8649,2.01415,2.1634,2.21965,2.2759,2.34,2.4041,2.4072,2.4103000000000003,2.4134
2024-02-21,1.475,1.4995,1.5874,1.6017,1.7497,1.7675,1.8149,1.98915,2.1634,2.21585,2.2683,2.33505,2.4018,2.4051666666666667,2.4085333333333336,2.4119
2024-02-22,1.5,1.5,1.5563,1.6052,1.744,1.7527,1.7731,1.95075,2.1284,2.18615,2.2439,2.3137,2.3835,2.3901000000000003,2.3967,2.4033
2024-02-23,1.48,1.48,1.546,1.5512,1.7215,1.7511,1.7699,1.94665,2.1234,2.18645,2.2495,2.31525,2.381,2.387633333333333,2.3942666666666668,2.4009
2024-02-26,1.48,1.4898,1.5491,1.5512,1.7129,1.757,1.767,1.9402,2.1134,2.1689,2.2244,2.29365,2.3629,2.368233333333333,2.3735666666666666,2.3789
2024-02-27,1.48,1.48,1.5526,1.5855,1.6785,1.7606,1.7739,1.9536499999999999,2.1334,2.1876499999999997,2.2419,2.3047,2.3675,2.371966666666667,2.3764333333333334,2.3809
2024-02-28,1.4606,1.4606,1.6,1.6625,1.7031,1.7684,1.7863,1.9483000000000001,2.1103,2.1663,2.2223,2.28115,2.34,2.3392,2.3384,2.3376
2024-02-29,1.4504,1.4527,1.5945,1.6454,1.6939,1.767,1.7871,1.9438,2.1005,2.15915,2.2178,2.2789,2.34,2.3391666666666664,2.3383333333333334,2.3375
2024-03-01,1.4415,1.4439,1.5878,1.628,1.6885,1.7738,1.7833,1.9619,2.1405,2.20185,2.2632,2.3215500000000002,2.3799,2.375766666666667,2.3716333333333335,2.3675
2024-03-04,1.4707,1.5039,1.5931,1.6055,1.6643,1.7479,1.7612,1.9421000000000002,2.123,2.18595,2.2489,2.3029,2.3569,2.3537666666666666,2.3506333333333336,2.3475
2024-03-05,1.4787,1.5179,1.5863,1.5955,1.7017,1.7448,1.7732,1.942,2.1108,2.16965,2.2285,2.2821499999999997,2.3358,2.3295,2.3232,2.3169
2024-03-06,1.4727,1.5146,1.5857,1.6006,1.7026,1.7406,1.7574,1.9141000000000001,2.0708,2.11915,2.1675,2.22515,2.2828,2.276866666666667,2.2709333333333332,2.265
2024-03-07,1.4727,1.5054,1.5674,1.5809,1.6528,1.7354,1.7578,1.92175,2.0857,2.1408,2.1959,2.2466,2.2973,2.2907333333333333,2.2841666666666667,2.2776
2024-03-08,1.4797,1.5307,1.5692,1.5819,1.6641,1.7408,1.7525,1.9215499999999999,2.0906,2.1497499999999996,2.2089,2.2556,2.3023,2.2957,2.2891,2.2825
2024-03-11,1.5,1.5363,1.5832,1.6056,1.6655,1.7483,1.7575,1.93425,2.111,2.1715,2.232,2.2759,2.3198,2.3148666666666666,2.3099333333333334,2.305
2024-03-12,1.5,1.5361,1.5829,1.5931,1.6673,1.7733,1.7975,1.9746000000000001,2.1517,2.2116499999999997,2.2716,2.3156999999999996,2.3598,2.3557333333333332,2.3516666666666666,2.3476
2024-03-13,1.5,1.5517,1.614,1.6237,1.6762,1.7768,1.8175,1.9861499999999999,2.1548,2.20675,2.2587,2.30175,2.3448,2.3407333333333336,2.3366666666666664,2.3326
2024-03-14,1.48,1.59,1.6219,1.6437,1.6969,1.7973,1.8475,2.00015,2.1528,2.20615,2.2595,2.31335,2.3672,2.3589666666666664,2.3507333333333333,2.3425
2024-03-15,1.48,1.5988,1.6237,1.6537,1.6907,1.7748,1.8325,1.98005,2.1276,2.1852,2.2428,2.2962,2.3496,2.339733333333333,2.3298666666666668,2.32
2024-03-18,1.48,1.5963,1.6,1.6724,1.6813,1.721,1.7825,1.9318499999999998,2.0812,2.149,2.2168,2.2731000000000003,2.3294,2.3171333333333335,2.304866666666667,2.2926
2024-03-19,1.46,1.5793,1.6106,1.6739,1.6873,1.7348,1.7725,1.92335,2.0742,2.1407999999999996,2.2074,2.2614,2.3154,2.3036333333333334,2.2918666666666665,2.2801
2024-03-20,1.4,1.573,1.6,1.6658,1.6835,1.7342,1.7725,1.92765,2.0828,2.1530500000000004,2.2233,2.2801,2.3369,2.322966666666667,2.3090333333333333,2.2951
2024-03-21,1.4,1.6105,1.63,1.6412,1.7004,1.7368,1.7625,1.91275,2.063,2.1333,2.2036,2.2628,2.322,2.3097,2.2974,2.2851
2024-03-22,1.35,1.6294,1.64,1.6403,1.6952,1.7353,1.7625,1.916,2.0695,2.1419,2.2143,2.27565,2.337,2.326366666666667,2.315733333333333,2.3051
2024-03-25,1.35,1.6141,1.65,1.65,1.7073,1.7498,1.7875,1.9334,2.0793,2.1536999999999997,2.2281,2.2912,2.3543,2.3412333333333333,2.3281666666666667,2.3151
2024-03-26,1.45,1.6264,1.63,1.6365,1.6829,1.7554,1.79,1.935,2.08,2.15395,2.2279,2.2936,2.3593,2.3453666666666666,2.3314333333333335,2.3175
2024-03-27,1.45,1.6264,1.63,1.6408,1.6679,1.7212,1.7525,1.9035,2.0545,2.12465,2.1948,2.2573999999999996,2.32,2.3091999999999997,2.2984,2.2876
2024-03-28,1.5132,1.6181,1.6301,1.6411,1.6685,1.722,1.7525,1.9037,2.0549,2.13305,2.2112,2.2706,2.33,2.320866666666667,2.311733333333333,2.3026
2024-03-29,1.4972,1.6245,1.6302,1.6414,1.6591,1.7028,1.7225,1.8769999999999998,2.0315,2.1144499999999997,2.1974,2.25745,2.3175,2.3083666666666667,2.299233333333333,2.2901
2024-04-01,1.4572,1.6,1.6021,1.6333,1.6464,1.7201,1.7425,1.9034,2.0643,2.1407499999999997,2.2172,2.27735,2.3375,2.327733333333333,2.3179666666666665,2.3082
2024-04-02,1.4372,1.5638,1.6199,1.6202,1.6329,1.7062,1.7275,1.8914,2.0553,2.126,2.1967,2.2596,2.3225,2.3125666666666667,2.302633333333333,2.2927
2024-04-03,1.4172,1.5297,1.5901,1.6122,1.6249,1.7015,1.7225,1.88265,2.0428,2.11625,2.1897,2.2498500000000003,2.31,2.3012333333333332,2.292466666666667,2.2837
2024-04-07,1.4442,1.5553,1.5816,1.6102,1.6189,1.7039,1.7225,1.88355,2.0446,2.1196,2.1946,2.25605,2.3175,2.3095666666666665,2.301633333333333,2.2937
2024-04-08,1.4442,1.5214,1.5676,1.5892,1.5988,1.6847,1.7025,1.86125,2.02,2.0945,2.169,2.2344999999999997,2.3,2.2940666666666667,2.288133333333333,2.2822
2024-04-09,1.4442,1.5311,1.5545,1.5792,1.5848,1.6752,1.6925,1.8554,2.0183,2.0858,2.1533,2.22415,2.295,2.2900666666666667,2.285133333333333,2.2802
2024-04-10,1.4865,1.5549,1.5598,1.5601,1.6148,1.6777,1.7033,1.861,2.0187,2.0888999999999998,2.1591,2.2308000000000003,2.3025,2.3007333333333335,2.298966666666667,2.2972
2024-04-11,1.4865,1.5176,1.5458,1.5501,1.6084,1.6748,1.7033,1.85985,2.0164,2.0770999999999997,2.1378,2.2139499999999996,2.2901,2.291,2.2919,2.2928
2024-04-12,1.4788,1.5135,1.5454,1.5502,1.6051,1.6682,1.6958,1.84415,1.9925,2.0522,2.1119,2.1851000000000003,2.2583,2.266766666666667,2.2752333333333334,2.2837
2024-04-15,1.4363,1.5248,1.54,1.5407,1.6051,1.6778,1.7033,1.8584,2.0135,2.0699,2.1263,2.19015,2.254,2.2626,2.2712,2.2798
2024-04-16,1.4,1.5117,1.54,1.541,1.6156,1.6983,1.7233,1.87225,2.0212,2.075,2.1288,2.18675,2.2447,2.2539,2.2631,2.2723
2024-04-17,1.4,1.5164,1.53,1.5461,1.6384,1.6898,1.7133,1.8647,2.0161,2.0606999999999998,2.1053,2.1709500000000004,2.2366,2.244666666666667,2.2527333333333335,2.2608
2024-04-18,1.37,1.4873,1.5298,1.5459,1.6317,1.6766,1.6983,1.8458999999999999,1.9935,2.03695,2.0804,2.15595,2.2315,2.2389,2.2462999999999997,2.2537
2024-04-19,1.33,1.5099,1.51,1.5529,1.6331,1.6724,1.6933,1.8432,1.9931,2.0343,2.0755,2.1498,2.2241,2.2340666666666666,2.2440333333333333,2.254
2024-04-22,1.3,1.5094,1.5443,1.5723,1.6231,1.6635,1.6833,1.8303500000000001,1.9774,2.02545,2.0735,2.143,2.2125,2.2228333333333334,2.2331666666666665,2.2435
2024-04-23,1.3,1.5106,1.5393,1.5813,1.6151,1.6485,1.6633,1.8045,1.9457,2.001,2.0563,2.12565,2.195,2.2053333333333334,2.2156666666666665,2.226
2024-04-24,1.3024,1.5611,1.5717,1.6228,1.66,1.645,1.6696,1.82745,1.9853,2.0409,2.0965,2.1707,2.2449,2.2541666666666664,2.2634333333333334,2.2727
2024-04-25,1.3644,1.5265,1.58,1.5803,1.6597,1.58,1.6046,1.7744499999999999,1.9443,2.00555,2.0668,2.1455,2.2242,2.2365333333333335,2.248866666666667,2.2612
2024-04-26,1.3974,1.5499,1.61,1.6103,1.6599,1.64,1.6646,1.83135,1.9981,2.0613,2.1245,2.20115,2.2778,2.288,2.2982,2.3084
2024-04-28,1.3974,1.5013,1.611,1.6219,1.66,1.66,1.6932,1.86325,2.0333,2.0954,2.1575,2.23325,2.309,2.3141333333333334,2.3192666666666666,2.3244
2024-04-29,1.4274,1.5653,1.6181,1.6342,1.6627,1.7119,1.7831,1.9239000000000002,2.0647,2.12615,2.1876,2.261,2.3344,2.3406000000000002,2.3468,2.353
2024-04-30,1.4274,1.4925,1.5476,1.5342,1.6596,1.6402,1.6928,1.8382,1.9836,2.066,2.1484,2.2153,2.2822,2.289066666666667,2.295933333333333,2.3028
2024-05-06,1.4374,1.506,1.6115,1.6485,1.6584,1.6365,1.7022,1.84205,1.9819,2.05435,2.1268,2.2027,2.2786,2.2884333333333333,2.2982666666666667,2.3081
2024-05-07,1.4674,1.5267,1.5888,1.6442,1.6675,1.6368,1.7028,1.8314,1.96,2.0297,2.0994,2.17575,2.2521,2.2646,2.2771,2.2896
2024-05-08,1.4674,1.5637,1.6231,1.632,1.6868,1.6518,1.7071,1.8434,1.9797,2.04325,2.1068,2.18315,2.2595,2.2715,2.2835,2.2955
2024-05-09,1.4674,1.5438,1.6106,1.6202,1.6673,1.6835,1.7205,1.86445,2.0084,2.06895,2.1295,2.2092,2.2889,2.2988,2.3087,2.3186
2024-05-10,1.4274,1.4813,1.5475,1.6199,1.6665,1.6776,1.7044,1.8487,1.993,2.06155,2.1301,2.20585,2.2816,2.2918,2.302,2.3122
2024-05-11,1.4184,1.4823,1.5475,1.6277,1.6645,1.6753,1.7092,1.8591,2.009,2.0823,2.1556,2.23215,2.3087,2.317833333333333,2.326966666666667,2.3361
2024-05-13,1.4175,1.4835,1.5761,1.5816,1.6172,1.6372,1.6417,1.7967,1.9517,2.02385,2.096,2.1799,2.2638,2.272533333333333,2.2812666666666668,2.29
2024-05-14,1.4025,1.4827,1.563,1.5714,1.5837,1.6032,1.6132,1.7807,1.9482,2.0171,2.086,2.1712,2.2564,2.268866666666667,2.2813333333333334,2.2938
2024-05-15,1.3605,1.521,1.5674,1.5811,1.6,1.6008,1.6134,1.779,1.9446,2.0181,2.0916,2.1763000000000003,2.261,2.2746666666666666,2.2883333333333336,2.302
2024-05-16,1.3575,1.464,1.57,1.57,1.5905,1.6036,1.628,1.7988,1.9696,2.03655,2.1035,2.19075,2.278,2.2902333333333336,2.3024666666666667,2.3147
2024-05-17,1.3525,1.4576,1.5362,1.6003,1.6025,1.6027,1.6073,1.76395,1.9206,2.0067,2.0928,2.18175,2.2707,2.2830333333333335,2.2953666666666668,2.3077
2024-05-20,1.3,1.4644,1.5159,1.5361,1.5629,1.6057,1.6136,1.7725499999999998,1.9315,2.0149,2.0983,2.18485,2.2714,2.2844333333333333,2.2974666666666668,2.3105
2024-05-21,1.32,1.4315,1.5183,1.5323,1.5741,1.608,1.6129,1.7824499999999999,1.952,2.0274,2.1028,2.1884499999999996,2.2741,2.287433333333333,2.3007666666666666,2.3141
2024-05-22,1.35,1.4335,1.4884,1.5516,1.5711,1.595,1.6052,1.7711999999999999,1.9372,2.01655,2.0959,2.1828,2.2697,2.2839,2.2981,2.3123
2024-05-23,1.3434,1.4523,1.5325,1.5608,1.5683,1.5969,1.6085,1.7706,1.9327,2.0105500000000003,2.0884,2.1715,2.2546,2.2718333333333334,2.2890666666666664,2.3063
2024-05-24,1.3434,1.4619,1.5518,1.5606,1.5823,1.5951,1.6375,1.79025,1.943,2.0195,2.096,2.17865,2.2613,2.2786666666666666,2.2960333333333334,2.3134
2024-05-27,1.3934,1.5201,1.55,1.5513,1.61,1.6174,1.6612,1.8075999999999999,1.954,2.02505,2.0961,2.1763500000000002,2.2566,2.2738666666666667,2.2911333333333332,2.3084
2024-05-28,1.3934,1.5184,1.54,1.5413,1.6048,1.6178,1.6552,1.79715,1.9391,2.0131,2.0871,2.16695,2.2468,2.264333333333333,2.2818666666666667,2.2994
2024-05-29,1.3934,1.5044,1.5248,1.5632,1.6037,1.6162,1.6567,1.7931,1.9295,2.00715,2.0848,2.1643,2.2438,2.2550666666666666,2.2663333333333333,2.2776
2024-05-30,1.3934,1.5285,1.5473,1.5616,1.6039,1.6159,1.6531,1.7903,1.9275,2.00685,2.0862,2.1654,2.2446,2.2572666666666668,2.2699333333333334,2.2826
2024-05-31,1.3934,1.4916,1.5261,1.5428,1.6099,1.6156,1.6444,1.7902,1.936,2.0105,2.085,2.1688,2.2526,2.2659333333333334,2.279266666666667,2.2926
2024-06-03,1.3,1.4816,1.4907,1.5051,1.5856,1.6087,1.6457,1.78905,1.9324,2.00115,2.0699,2.15135,2.2328,2.2503,2.2678,2.2853
2024-06-04,1.3,1.4416,1.5074,1.5435,1.5793,1.6091,1.6461,1.7829,1.9197,1.99525,2.0708,2.1508000000000003,2.2308,2.249,2.2672,2.2854
2024-06-05,1.3,1.3815,1.464,1.4956,1.5654,1.6007,1.6319,1.7644,1.8969,1.9771,2.0573,2.1333,2.2093,2.2331333333333334,2.2569666666666666,2.2808
2024-06-06,1.3,1.4141,1.48,1.4817,1.5447,1.5907,1.6105,1.75135,1.8922,1.9758499999999999,2.0595,2.1365499999999997,2.2136,2.236666666666667,2.259733333333333,2.2828
2024-06-07,1.3,1.4446,1.48,1.4818,1.5397,1.5872,1.604,1.7486000000000002,1.8932,1.9765000000000001,2.0598,2.1376999999999997,2.2156,2.2381666666666664,2.2607333333333335,2.2833
2024-06-11,1.297,1.4676,1.49,1.4901,1.5463,1.5764,1.599,1.74565,1.8923,1.9739,2.0555,2.1334,2.2113,2.2339,2.2565,2.2791
2024-06-12,1.298,1.4629,1.5,1.5001,1.553,1.581,1.599,1.7483,1.8976,1.9805000000000001,2.0634,2.1393,2.2152,2.2354666666666665,2.255733333333333,2.276
2024-06-13,1.298,1.4929,1.5278,1.5514,1.5704,1.5826,1.597,1.7497,1.9024,1.98395,2.0655,2.13995,2.2144,2.2321999999999997,2.25,2.2678
2024-06-14,1.298,1.505,1.5116,1.5414,1.5734,1.5832,1.594,1.74465,1.8953,1.9770500000000002,2.0588,2.1325000000000003,2.2062,2.2227333333333332,2.2392666666666665,2.2558
2024-06-17,1.318,1.5105,1.5198,1.5376,1.5724,1.5896,1.604,1.75745,1.9109,1.9884,2.0659,2.13875,2.2116,2.2280333333333333,2.2444666666666664,2.2609
2024-06-18,1.368,1.52,1.5202,1.5204,1.5632,1.5868,1.604,1.7539500000000001,1.9039,1.98035,2.0568,2.1273999999999997,2.198,2.2165666666666666,2.235133333333333,2.2537
2024-06-19,1.4074,1.5131,1.52,1.5227,1.5638,1.5838,1.599,1.7383,1.8776,1.9506000000000001,2.0236,2.09595,2.1683,2.1931666666666665,2.2180333333333335,2.2429
2024-06-20,1.3966,1.4978,1.5,1.5068,1.5545,1.5793,1.599,1.74065,1.8823,1.9556,2.0289,2.0997500000000002,2.1706,2.1952333333333334,2.2198666666666664,2.2445
2024-06-21,1.3966,1.4926,1.5,1.5007,1.5445,1.5709,1.5915,1.7442,1.8969,1.96795,2.039,2.11045,2.1819,2.2069666666666667,2.2320333333333333,2.2571
2024-06-24,1.3766,1.4528,1.4646,1.473,1.539,1.5706,1.5915,1.736,1.8805,1.953,2.0255,2.09175,2.158,2.1870333333333334,2.2160666666666664,2.2451
2024-06-25,1.3606,1.4255,1.44,1.4414,1.4867,1.5341,1.5615,1.7087500000000002,1.856,1.93595,2.0159,2.08195,2.148,2.177,2.206,2.235
2024-06-26,1.33,1.4037,1.4498,1.4606,1.4844,1.5206,1.544,1.69185,1.8397,1.9192,1.9987,2.0671,2.1355,2.1645,2.1935000000000002,2.2225
2024-06-27,1.3,1.3859,1.4154,1.4204,1.4464,1.5196,1.549,1.6789,1.8088,1.8928500000000001,1.9769,2.04115,2.1054,2.1396333333333333,2.1738666666666666,2.2081
2024-06-28,1.3,1.3491,1.4235,1.4411,1.4489,1.5049,1.539,1.6675,1.796,1.8871,1.9782,2.0406,2.103,2.1372666666666666,2.1715333333333335,2.2058
2024-07-01,1.2473,1.3688,1.4172,1.4325,1.4457,1.5242,1.5565,1.6911,1.8257,1.92285,2.02,2.0805,2.141,2.1768666666666667,2.2127333333333334,2.2486
2024-07-02,1.2457,1.3998,1.4108,1.4228,1.4478,1.5076,1.5365,1.66505,1.7936,1.8905500000000002,1.9875,2.0481,2.1087,2.1514333333333333,2.1941666666666664,2.2369
2024-07-03,1.2187,1.39,1.3936,1.4257,1.4434,1.4956,1.524,1.6539000000000001,1.7838,1.87135,1.9589,2.0277,2.0965,2.1452,2.1938999999999997,2.2426
2024-07-04,1.2427,1.3998,1.4186,1.4363,1.4575,1.5042,1.529,1.66625,1.8035,1.8873000000000002,1.9711,2.03765,2.1042,2.1528666666666667,2.2015333333333333,2.2502
2024-07-05,1.2427,1.4054,1.428,1.4436,1.4549,1.5043,1.529,1.67725,1.8255,1.9125,1.9995,2.0644,2.1293,2.178,2.2267,2.2754
2024-07-08,1.2427,1.4493,1.5,1.49,1.4934,1.5264,1.579,1.7222,1.8654,1.95005,2.0347,2.0947,2.1547,2.1999333333333335,2.2451666666666665,2.2904
2024-07-09,1.2427,1.4593,1.4889,1.495,1.4993,1.5331,1.554,1.69705,1.8401,1.92375,2.0074,2.0661,2.1248,2.1731333333333334,2.2214666666666667,2.2698
2024-07-10,1.2427,1.447,1.47,1.47,1.4757,1.5292,1.5515,1.69605,1.8406,1.92685,2.0131,2.07285,2.1326,2.1786333333333334,2.224666666666667,2.2707
2024-07-11,1.2427,1.46,1.46,1.4517,1.4569,1.5168,1.539,1.6831,1.8272,1.9168,2.0064,2.0671,2.1278,2.1734666666666667,2.2191333333333336,2.2648
2024-07-12,1.2407,1.48,1.4786,1.4567,1.4573,1.5175,1.539,1.6813500000000001,1.8237,1.91265,2.0016,2.0622499999999997,2.1229,2.1687333333333334,2.214566666666667,2.2604
2024-07-15,1.3105,1.4671,1.4699,1.4664,1.467,1.5174,1.5365,1.6766999999999999,1.8169,1.903,1.9891,2.04875,2.1084,2.156966666666667,2.2055333333333333,2.2541
2024-07-16,1.4245,1.4676,1.4798,1.4763,1.477,1.5112,1.529,1.673,1.817,1.90055,1.9841,2.04375,2.1034,2.1560333333333332,2.208666666666667,2.2613
2024-07-17,1.4745,1.4776,1.4819,1.5001,1.502,1.5093,1.524,1.6705,1.817,1.8874499999999999,1.9579,2.03165,2.1054,2.1568666666666667,2.208333333333333,2.2598
2024-07-18,1.3795,1.4805,1.4812,1.4976,1.5997,1.5187,1.5315,1.67515,1.8188,1.88975,1.9607,2.0388,2.1169,2.1670333333333334,2.2171666666666665,2.2673
2024-07-19,1.3795,1.4648,1.4717,1.4874,1.5995,1.5085,1.5265,1.66345,1.8004,1.8769,1.9534,2.03175,2.1101,2.1605333333333334,2.2109666666666667,2.2614
2024-07-22,1.3295,1.4015,1.4393,1.455,1.5635,1.4703,1.488,1.6277,1.7674,1.8407499999999999,1.9141,1.99115,2.0682,2.1275,2.1868000000000003,2.2461
2024-07-23,1.3295,1.4033,1.44,1.4401,1.5481,1.4526,1.4705,1.6068500000000001,1.7432,1.8175,1.8918,1.96625,2.0407,2.1045333333333334,2.168366666666667,2.2322
2024-07-24,1.3295,1.4153,1.43,1.4463,1.5182,1.4475,1.4655,1.6028,1.7401,1.8186499999999999,1.8972,1.9728500000000002,2.0485,2.1117000000000004,2.1749,2.2381
2024-07-25,1.2995,1.3723,1.42,1.4203,1.4984,1.4475,1.465,1.60405,1.7431,1.8177,1.8923,1.9656500000000001,2.039,2.098266666666667,2.1575333333333333,2.2168
2024-07-26,1.2995,1.3799,1.3801,1.3979,1.5034,1.46,1.4769,1.61185,1.7468,1.8222,1.8976,1.9693,2.041,2.0921333333333334,2.1432666666666664,2.1944
2024-07-29,1.2905,1.3746,1.39,1.3924,1.4984,1.4589,1.45,1.5946500000000001,1.7393,1.8163,1.8933,1.9623,2.0313,2.0733333333333333,2.1153666666666666,2.1574
2024-07-30,1.2985,1.3672,1.39,1.3915,1.4519,1.4548,1.43,1.5760999999999998,1.7222,1.8029,1.8836,1.95255,2.0215,2.0636666666666668,2.1058333333333334,2.148
2024-07-31,1.3405,1.3742,1.38,1.4032,1.4899,1.4474,1.4201,1.5631499999999998,1.7062,1.7776,1.849,1.9205,1.992,2.0444666666666667,2.0969333333333333,2.1494
2024-08-01,1.3405,1.3705,1.3926,1.4124,1.4849,1.4366,1.4101,1.5464,1.6827,1.75445,1.8262,1.8974,1.9686,2.0223,2.076,2.1297
2024-08-02,1.2905,1.3661,1.3792,1.3933,1.4847,1.4304,1.3901,1.5320999999999998,1.6741,1.7464499999999998,1.8188,1.8893,1.9598,2.0157666666666665,2.0717333333333334,2.1277
2024-08-05,1.2905,1.3589,1.3792,1.3815,1.4597,1.4309,1.3902,1.5321,1.674,1.7442,1.8144,1.89015,1.9659,2.0231333333333335,2.0803666666666665,2.1376
2024-08-06,1.3266,1.3703,1.3796,1.3821,1.4696,1.4409,1.4103,1.5458,1.6813,1.74915,1.817,1.8902,1.9634,2.0253,2.0871999999999997,2.1491
2024-08-07,1.3405,1.39,1.39,1.3877,1.4719,1.44,1.4065,1.5399500000000002,1.6734,1.73645,1.7995,1.8768,1.9541,2.0165333333333333,2.0789666666666666,2.1414
2024-08-08,1.3405,1.3493,1.3661,1.3875,1.4746,1.4567,1.4268,1.5646,1.7024,1.76865,1.8349,1.9226,2.0103,2.0672,2.1241,2.181
2024-08-09,1.3659,1.3747,1.3773,1.4067,1.49,1.4882,1.4562,1.5888499999999999,1.7215,1.7960500000000001,1.8706,1.96595,2.0613,2.107066666666667,2.152833333333333,2.1986
2024-08-12,1.4159,1.46,1.46,1.4312,1.51,1.511,1.5283,1.66575,1.8032,1.8695,1.9358,2.03665,2.1375,2.175266666666667,2.213033333333333,2.2508
2024-08-13,1.3929,1.46,1.46,1.4997,1.4929,1.5223,1.5008,1.63475,1.7687,1.8349,1.9011,2.019,2.1369,2.166433333333333,2.1959666666666666,2.2255
2024-08-14,1.3929,1.4554,1.4616,1.4954,1.501,1.5094,1.5059,1.6334499999999998,1.761,1.8234,1.8858,1.99425,2.1027,2.134,2.1653000000000002,2.1966
2024-08-15,1.3666,1.4508,1.4602,1.4879,1.541,1.52,1.5211,1.64855,1.776,1.8409,1.9058,2.00695,2.1081,2.1404,2.1727,2.205
2024-08-16,1.3126,1.4479,1.4605,1.4835,1.5995,1.5191,1.5341,1.65755,1.781,1.83555,1.8901,1.9943499999999998,2.0986,2.1316666666666664,2.1647333333333334,2.1978
2024-08-19,1.3517,1.4666,1.4889,1.5063,1.6036,1.5216,1.5406,1.6558499999999998,1.7711,1.8272499999999998,1.8834,1.9883,2.0932,2.1226666666666665,2.1521333333333335,2.1816
2024-08-20,1.3717,1.4417,1.4999,1.5021,1.5886,1.5237,1.5535,1.665,1.7765,1.8312,1.8859,1.9877,2.0895,2.1166666666666667,2.1438333333333333,2.171
2024-08-21,1.3799,1.4445,1.4861,1.5446,1.5983,1.5315,1.5443,1.6555499999999999,1.7668,1.82145,1.8761,1.97735,2.0786,2.1080666666666663,2.1375333333333333,2.167
2024-08-22,1.3799,1.456,1.498,1.5345,1.5825,1.5022,1.5211,1.62655,1.732,1.8023,1.8726,1.967,2.0614,2.0936666666666666,2.1259333333333332,2.1582
2024-08-23,1.389,1.4489,1.5077,1.5104,1.5648,1.4908,1.4973,1.5948499999999999,1.6924,1.77055,1.8487,1.9532,2.0577,2.0900333333333334,2.1223666666666667,2.1547
2024-08-26,1.385,1.4529,1.5096,1.5008,1.5367,1.4758,1.5042,1.5939,1.6836,1.7641499999999999,1.8447,1.9532,2.0617,2.0954,2.1290999999999998,2.1628
2024-08-27,1.385,1.4369,1.4871,1.5156,1.5369,1.4858,1.5073,1.6007500000000001,1.6942,1.7799999999999998,1.8658,1.9853,2.1048,2.1333,2.1618,2.1903
2024-08-28,1.385,1.4659,1.5046,1.5103,1.5149,1.4858,1.4963,1.59565,1.695,1.7751000000000001,1.8552,1.96335,2.0715,2.1034333333333333,2.1353666666666666,2.1673
2024-08-29,1.335,1.4411,1.4869,1.4934,1.5085,1.4886,1.4912,1.5842,1.6772,1.77215,1.8671,1.9748,2.0825,2.1117666666666666,2.1410333333333336,2.1703
2024-08-30,1.335,1.4516,1.4699,1.4709,1.4949,1.4836,1.49,1.5789499999999999,1.6679,1.7600500000000001,1.8522,1.96665,2.0811,2.110866666666667,2.140633333333333,2.1704
2024-09-02,1.315,1.4218,1.43,1.4566,1.4889,1.465,1.465,1.54035,1.6157,1.7121,1.8085,1.9284,2.0483,2.0807666666666664,2.1132333333333335,2.1457
2024-09-03,1.33,1.4242,1.43,1.4457,1.4796,1.45,1.43,1.5002499999999999,1.5705,1.6779000000000002,1.7853,1.9136000000000002,2.0419,2.0756666666666668,2.1094333333333335,2.1432
2024-09-04,1.32,1.4192,1.42,1.4281,1.4694,1.445,1.455,1.5100500000000001,1.5651,1.6700499999999998,1.775,1.8981999999999999,2.0214,2.0587999999999997,2.0962,2.1336
2024-09-05,1.33,1.369,1.42,1.4218,1.469,1.4375,1.4475,1.49875,1.55,1.66305,1.7761,1.8936,2.0111,2.052,2.0928999999999998,2.1338
2024-09-06,1.34,1.356,1.42,1.4221,1.4685,1.4262,1.4352,1.4929999999999999,1.5508,1.6648999999999998,1.779,1.894,2.009,2.0522666666666667,2.095533333333333,2.1388
2024-09-09,1.33,1.3474,1.4408,1.445,1.4576,1.4129,1.4152,1.476,1.5368,1.6534,1.77,1.87275,1.9755,2.0259,2.0763,2.1267
2024-09-10,1.33,1.3479,1.4021,1.4045,1.4067,1.3529,1.3552,1.4209,1.4866,1.61815,1.7497,1.85155,1.9534,2.0070333333333332,2.0606666666666666,2.1143
2024-09-11,1.33,1.368,1.4,1.4,1.4,1.3263,1.3285,1.39465,1.4608,1.58915,1.7175,1.8319,1.9463,1.9989999999999999,2.0517,2.1044
2024-09-12,1.309,1.3488,1.4,1.4,1.3895,1.3194,1.326,1.3931499999999999,1.4603,1.59175,1.7232,1.83575,1.9483,1.9988,2.0493,2.0998
2024-09-13,1.3097,1.346,1.3844,1.39,1.39,1.3207,1.326,1.3945,1.463,1.59175,1.7205,1.8268,1.9331,1.9795333333333334,2.0259666666666667,2.0724
2024-09-14,1.2894,1.3274,1.3677,1.3732,1.3824,1.3223,1.331,1.3869,1.4428,1.57185,1.7009,1.8075999999999999,1.9143,1.9570333333333332,1.9997666666666667,2.0425
2024-09-18,1.3204,1.3467,1.3649,1.384,1.3942,1.3495,1.366,1.41825,1.4705,1.5960999999999999,1.7217,1.8232,1.9247,1.9632333333333334,2.0017666666666667,2.0403
2024-09-19,1.3454,1.3504,1.3808,1.404,1.4218,1.3862,1.391,1.4456499999999999,1.5003,1.6207,1.7411,1.8379,1.9347,1.9714666666666667,2.008233333333333,2.045
2024-09-20,1.3206,1.3554,1.3841,1.396,1.429,1.3878,1.391,1.4436499999999999,1.4963,1.6122,1.7281,1.8171499999999998,1.9062,1.9518333333333333,1.9974666666666665,2.0431
2024-09-23,1.3206,1.3548,1.3785,1.4044,1.4284,1.3866,1.3879,1.4436,1.4993,1.61535,1.7314,1.8179,1.9044,1.9489666666666667,1.9935333333333334,2.0381
2024-09-24,1.2756,1.3421,1.3788,1.3929,1.4245,1.4119,1.4179,1.46685,1.5158,1.63395,1.7521,1.8447,1.9373,1.9824666666666666,2.027633333333333,2.0728
2024-09-25,1.2755,1.3534,1.4,1.4007,1.428,1.3859,1.3879,1.44635,1.5048,1.60215,1.6995,1.7960500000000001,1.8926,1.9429666666666667,1.9933333333333332,2.0437
2024-09-26,1.2555,1.3548,1.4008,1.411,1.4428,1.4005,1.4029,1.45855,1.5142,1.6229,1.7316,1.8323,1.933,1.9815666666666667,2.0301333333333336,2.0787
2024-09-27,1.2555,1.3581,1.4056,1.4109,1.4698,1.435,1.4379,1.5013999999999998,1.5649,1.6980499999999998,1.8312,1.9399,2.0486,2.0895333333333332,2.130466666666667,2.1714
2024-09-29,1.2555,1.3794,1.4135,1.4186,1.4639,1.4334,1.4379,1.54975,1.6616,1.7964,1.9312,2.0311500000000002,2.1311,2.171866666666667,2.2126333333333332,2.2534
2024-09-30,1.2555,1.3534,1.3914,1.3986,1.449,1.3646,1.3679,1.4657499999999999,1.5636,1.7012,1.8388,1.956,2.0732,2.0994,2.1256,2.1518
2024-10-08,1.2555,1.3614,1.4,1.4,1.449,1.3655,1.3729,1.5053999999999998,1.6379,1.7742499999999999,1.9106,2.01035,2.1101,2.1376666666666666,2.1652333333333336,2.1928
2024-10-09,1.3557,1.3912,1.4,1.4286,1.4675,1.4221,1.4279,1.5607,1.6935,1.79105,1.8886,1.9871500000000002,2.0857,2.1158,2.1459,2.176
2024-10-10,1.3317,1.4,1.4,1.4136,1.4575,1.4314,1.4379,1.5419,1.6459,1.73925,1.8326,1.9383499999999998,2.0441,2.077433333333333,2.1107666666666667,2.1441
2024-10-11,1.2177,1.37,1.3802,1.3936,1.4585,1.4358,1.4429,1.54305,1.6432,1.73015,1.8171,1.92705,2.037,2.071066666666667,2.1051333333333333,2.1392
2024-10-12,1.2157,1.3638,1.3698,1.3707,1.4345,1.411,1.4179,1.5309499999999998,1.644,1.7281,1.8122,1.92725,2.0423,2.076233333333333,2.1101666666666667,2.1441
2024-10-14,1.1889,1.3607,1.3798,1.4091,1.5395,1.4426,1.4479,1.5549,1.6619,1.74045,1.819,1.9283,2.0376,2.0706666666666664,2.1037333333333335,2.1368
2024-10-15,1.1889,1.3591,1.3997,1.4198,1.5392,1.4446,1.4504,1.55195,1.6535,1.73,1.8065,1.90855,2.0106,2.0488666666666666,2.0871333333333335,2.1254
2024-10-16,1.2157,1.4,1.4,1.4323,1.5291,1.444,1.4504,1.5486499999999999,1.6469,1.7342,1.8215,1.9198,2.0181,2.0564333333333336,2.0947666666666667,2.1331
2024-10-17,1.1957,1.37,1.37,1.4,1.4989,1.4211,1.4279,1.5133999999999999,1.5989,1.6897,1.7805,1.88465,1.9888,2.0286666666666666,2.0685333333333333,2.1084
2024-10-18,1.1657,1.36,1.36,1.4098,1.4819,1.4257,1.4329,1.5231,1.6133,1.70075,1.7882,1.8963,2.0044,2.0432333333333332,2.0820666666666665,2.1209
2024-10-21,1.1657,1.3549,1.391,1.4399,1.4686,1.4276,1.4354,1.53755,1.6397,1.71675,1.7938,1.9007,2.0076,2.0454333333333334,2.083266666666667,2.1211
2024-10-22,1.1514,1.3751,1.38,1.4318,1.4635,1.4271,1.4349,1.55295,1.671,1.7513,1.8316,1.9358499999999998,2.0401,2.075333333333333,2.1105666666666667,2.1458
2024-10-23,1.15,1.3506,1.3899,1.4156,1.4772,1.4175,1.4254,1.5558,1.6862,1.76525,1.8443,1.94725,2.0502,2.085433333333333,2.1206666666666667,2.1559
2024-10-24,1.1257,1.3558,1.384,1.3928,1.4391,1.4224,1.4302,1.5577999999999999,1.6854,1.76875,1.8521,1.95505,2.058,2.0940333333333334,2.1300666666666666,2.1661
2024-10-25,1.1257,1.3496,1.354,1.3895,1.4371,1.39,1.4169,1.5319500000000001,1.647,1.7449,1.8428,1.9429,2.043,2.079966666666667,2.1169333333333333,2.1539
2024-10-28,1.13,1.3513,1.3565,1.4322,1.4794,1.3876,1.407,1.52115,1.6353,1.7344499999999998,1.8336,1.9428999999999998,2.0522,2.0887000000000002,2.1252,2.1617
2024-10-29,1.12,1.3553,1.3699,1.4322,1.469,1.3704,1.4367,1.5282499999999999,1.6198,1.72445,1.8291,1.9396499999999999,2.0502,2.086733333333333,2.123266666666667,2.1598
2024-10-30,1.12,1.3268,1.33,1.4257,1.449,1.3807,1.4461,1.52715,1.6082,1.7151,1.822,1.9338,2.0456,2.0836333333333332,2.1216666666666666,2.1597
2024-10-31,1.12,1.3018,1.3306,1.4066,1.429,1.3757,1.426,1.50475,1.5835,1.6890999999999998,1.7947,1.9118499999999998,2.029,2.0685333333333333,2.1080666666666668,2.1476
2024-11-01,1.1666,1.2725,1.3024,1.4014,1.409,1.3706,1.4065,1.4831,1.5597,1.66355,1.7674,1.8912499999999999,2.0151,2.0569333333333333,2.0987666666666667,2.1406
2024-11-04,1.1642,1.2708,1.3273,1.3923,1.3991,1.3806,1.4044,1.4816500000000001,1.5589,1.66875,1.7786,1.89675,2.0149,2.052433333333333,2.0899666666666668,2.1275
2024-11-05,1.1642,1.2924,1.3683,1.3835,1.3892,1.376,1.4077,1.47055,1.5334,1.65125,1.7691,1.8806999999999998,1.9923,2.0317333333333334,2.0711666666666666,2.1106
2024-11-06,1.1642,1.2711,1.354,1.3786,1.3891,1.3763,1.4103,1.4675500000000001,1.5248,1.6498,1.7748,1.8875,2.0002,2.0412666666666666,2.0823333333333336,2.1234
2024-11-07,1.1642,1.2945,1.334,1.3615,1.3787,1.3621,1.4022,1.45015,1.4981,1.6266500000000002,1.7552,1.86785,1.9805,2.0241666666666664,2.067833333333333,2.1115
2024-11-08,1.1642,1.2974,1.3516,1.3666,1.3787,1.3722,1.4062,1.4527,1.4992,1.62095,1.7427,1.8595,1.9763,2.0197666666666665,2.0632333333333333,2.1067
2024-11-11,1.1941,1.2871,1.3433,1.3691,1.4096,1.3729,1.4032,1.45505,1.5069,1.6239,1.7409,1.8511,1.9613,2.0048666666666666,2.0484333333333336,2.092
2024-11-12,1.2683,1.282,1.3233,1.374,1.4096,1.3704,1.4008,1.4512,1.5016,1.6073,1.713,1.82165,1.9303,1.9778333333333333,2.0253666666666668,2.0729
2024-11-13,1.2726,1.2931,1.3175,1.3616,1.3896,1.373,1.4028,1.44955,1.4963,1.60745,1.7186,1.8357,1.9528,1.9977333333333334,2.042666666666667,2.0876
2024-11-14,1.2559,1.2768,1.3168,1.3627,1.3848,1.373,1.391,1.43545,1.4799,1.5932,1.7065,1.8222,1.9379,1.9855333333333334,2.033166666666667,2.0808
2024-11-15,1.2559,1.2633,1.3178,1.3607,1.3798,1.3712,1.3875,1.43245,1.4774,1.59365,1.7099,1.8239999999999998,1.9381,1.9903333333333333,2.0425666666666666,2.0948
2024-11-18,1.2559,1.2753,1.3478,1.3757,1.3794,1.37,1.3703,1.42385,1.4774,1.6007,1.724,1.8444500000000001,1.9649,2.0138333333333334,2.0627666666666666,2.1117
2024-11-19,1.2577,1.2953,1.3714,1.3752,1.3788,1.3633,1.3579,1.4067500000000002,1.4556,1.5838999999999999,1.7122,1.8270499999999998,1.9419,1.9928333333333332,2.0437666666666665,2.0947
2024-11-20,1.2412,1.3002,1.3735,1.3801,1.3805,1.362,1.348,1.40065,1.4533,1.5803500000000001,1.7074,1.8276999999999999,1.948,1.9995,2.051,2.1025
2024-11-21,1.2212,1.3046,1.3621,1.3654,1.3697,1.3611,1.3479,1.3957,1.4435,1.5706,1.6977,1.8085499999999999,1.9194,1.9743666666666666,2.029333333333333,2.0843
2024-11-22,1.1712,1.2926,1.3527,1.3726,1.3793,1.3624,1.3504,1.3988,1.4472,1.57515,1.7031,1.8122500000000001,1.9214,1.9753333333333334,2.0292666666666666,2.0832
2024-11-25,1.1712,1.2826,1.3593,1.382,1.3948,1.36,1.3603,1.4027,1.4451,1.56935,1.6936,1.79505,1.8965,1.9537333333333333,2.0109666666666666,2.0682
2024-11-26,1.1512,1.2497,1.3714,1.3752,1.3898,1.365,1.3856,1.42035,1.4551,1.57695,1.6988,1.8016,1.9044,1.9581666666666668,2.0119333333333334,2.0657
2024-11-27,1.1362,1.2349,1.3652,1.3761,1.3847,1.365,1.3845,1.4156,1.4467,1.5744,1.7021,1.80325,1.9044,1.9547,2.005,2.0553
2024-11-28,1.1225,1.2341,1.3708,1.3779,1.3798,1.365,1.3777,1.4097499999999998,1.4418,1.563,1.6842,1.78155,1.8789,1.9294,1.9799000000000002,2.0304
2024-11-29,1.1024,1.2301,1.3558,1.37,1.37,1.3613,1.3698,1.392,1.4142,1.537,1.6598,1.7679,1.876,1.9242,1.9724,2.0206
2024-12-02,1.08,1.2201,1.3227,1.3424,1.35,1.35,1.35,1.3663,1.3826,1.4988000000000001,1.615,1.7247999999999999,1.8346,1.8834,1.9322000000000001,1.981
2024-12-03,1.105,1.2398,1.3454,1.3501,1.3547,1.3475,1.3491,1.3696,1.3901,1.5079,1.6257,1.7344499999999998,1.8432,1.8916666666666666,1.9401333333333333,1.9886
2024-12-04,1.105,1.2294,1.3404,1.3525,1.3491,1.3431,1.3432,1.3629,1.3826,1.4926,1.6026,1.7112,1.8198,1.8669333333333333,1.9140666666666668,1.9612
2024-12-05,1.105,1.2498,1.3412,1.3531,1.356,1.3431,1.3479,1.3607,1.3735,1.49105,1.6086,1.71535,1.8221,1.8634666666666666,1.9048333333333334,1.9462
2024-12-06,1.104,1.2498,1.345,1.3501,1.356,1.3414,1.3485,1.366,1.3835,1.4972999999999999,1.6111,1.71745,1.8238,1.8671666666666666,1.9105333333333334,1.9539
2024-12-09,1.1594,1.2726,1.3399,1.3452,1.3492,1.3398,1.3482,1.3661500000000002,1.3841,1.48455,1.585,1.6873,1.7896,1.832,1.8744,1.9168
2024-12-10,1.1494,1.2543,1.3219,1.3396,1.3264,1.3048,1.3087,1.3241999999999998,1.3397,1.44255,1.5454,1.6365,1.7276,1.7673333333333334,1.8070666666666666,1.8468
2024-12-11,1.15,1.2714,1.3178,1.33,1.33,1.2743,1.2782,1.3064,1.3346,1.4323000000000001,1.53,1.62,1.71,1.7472666666666667,1.7845333333333333,1.8218
2024-12-12,1.1557,1.2564,1.2697,1.3085,1.3095,1.2093,1.2142,1.25975,1.3053,1.39485,1.4844,1.5859999999999999,1.6876,1.7308,1.774,1.8172
2024-12-13,1.1557,1.2525,1.2662,1.2836,1.2845,1.1533,1.1582,1.2042,1.2502,1.34275,1.4353,1.54895,1.6626,1.7007666666666668,1.7389333333333332,1.7771
2024-12-16,1.163,1.181,1.2224,1.2389,1.2471,1.1083,1.1182,1.16385,1.2095,1.31355,1.4176,1.5238500000000001,1.6301,1.6605666666666667,1.6910333333333334,1.7215
2024-12-17,1.163,1.181,1.2001,1.2003,1.209,1.1033,1.1081,1.16125,1.2144,1.32805,1.4417,1.5429,1.6441,1.6706333333333332,1.6971666666666667,1.7237
2024-12-18,1.1029,1.1209,1.1489,1.1518,1.1589,1.0734,1.0782,1.13955,1.2009,1.3262,1.4515,1.5608,1.6701,1.6988666666666665,1.7276333333333334,1.7564
2024-12-19,1.082,1.1,1.1,1.1002,1.1088,1.0384,1.0432,1.10895,1.1747,1.2953999999999999,1.4161,1.5306,1.6451,1.6773,1.7095,1.7417
2024-12-20,0.987,1.0496,1.0307,1.0002,1.0087,0.9186,0.9807,1.0478,1.1149,1.2438,1.3727,1.4889000000000001,1.6051,1.6373333333333333,1.6695666666666666,1.7018
2024-12-23,0.782,0.8,0.8,0.8009,0.9397,0.8643,0.9307,1.0128,1.0949,1.2431999999999999,1.3915,1.5008,1.6101,1.6407,1.6713,1.7019
2024-12-24,0.532,0.55,0.7513,0.8119,0.9296,0.862,0.9307,1.00785,1.085,1.25245,1.4199,1.5274999999999999,1.6351,1.6622666666666666,1.6894333333333333,1.7166
2024-12-25,0.4781,0.4927,0.7629,0.7819,0.9497,0.9156,0.9907,1.04745,1.1042,1.28165,1.4591,1.5596,1.6601,1.6855666666666667,1.7110333333333332,1.7365
2024-12-26,0.5584,0.6035,0.802,0.8029,0.9601,0.9606,1.0157,1.0783,1.1409,1.28895,1.437,1.53105,1.6251,1.6541333333333332,1.6831666666666667,1.7122
2024-12-27,0.5584,0.5646,0.8085,0.8205,0.968,0.9956,1.0393,1.0962,1.1531,1.2795,1.4059,1.49945,1.593,1.6263,1.6596,1.6929
2024-12-27,0.5584,0.5646,0.8085,0.8205,0.968,0.9956,1.0393,1.0962,1.1531,1.2795,1.4059,1.49945,1.593,1.6263,1.6596,1.6929
2024-12-30,0.5374,0.5646,0.855,0.9086,0.958,1.0473,1.1093,1.1528999999999998,1.1965,1.3189,1.4413,1.53125,1.6212,1.6517333333333333,1.6822666666666668,1.7128
2024-12-30,0.5374,0.5646,0.855,0.9086,0.958,1.0473,1.1093,1.1528999999999998,1.1965,1.3189,1.4413,1.53125,1.6212,1.6517333333333333,1.6822666666666668,1.7128
2024-12-31,0.5374,0.6646,0.855,0.9091,0.9565,1.0223,1.0843,1.13575,1.1872,1.3012000000000001,1.4152,1.50195,1.5887,1.6175333333333333,1.6463666666666668,1.6752
2024-12-31,0.5374,0.6646,0.855,0.9091,0.9565,1.0223,1.0843,1.13575,1.1872,1.3012000000000001,1.4152,1.50195,1.5887,1.6175333333333333,1.6463666666666668,1.6752
2025-01-02,0.5374,0.6845,0.8948,0.9539,1.0065,1.0216,1.0693,1.1193499999999998,1.1694,1.2835,1.3976,1.46455,1.5315,1.5569,1.5823,1.6077
2025-01-03,0.5472,0.7244,0.9648,1.0014,1.0057,1.0091,1.0177,1.06495,1.1122,1.22655,1.3409,1.4151500000000001,1.4894,1.5276333333333334,1.5658666666666667,1.6041
2025-01-06,0.5572,0.7644,0.991,1.0227,1.0289,1.0341,1.0391,1.0793499999999998,1.1196,1.2344499999999998,1.3493,1.42085,1.4924,1.5271333333333332,1.5618666666666667,1.5966
2025-01-07,0.6635,0.8811,1.011,1.08,1.08,1.08,1.08,1.1179000000000001,1.1558,1.27265,1.3895,1.44585,1.5022,1.5379,1.5735999999999999,1.6093
2025-01-08,0.7161,0.9511,1.051,1.1,1.1009,1.115,1.12,1.15165,1.1833,1.28905,1.3948,1.44725,1.4997,1.5354333333333334,1.5711666666666666,1.6069
2025-01-09,0.7661,1.0012,1.1385,1.1917,1.1967,1.165,1.17,1.2056,1.2412,1.34385,1.4465,1.48935,1.5322,1.5670666666666666,1.6019333333333334,1.6368
2025-01-10,0.8621,1.1012,1.1987,1.2,1.2,1.1905,1.1961,1.2269,1.2577,1.34595,1.4342,1.4895999999999998,1.545,1.5746,1.6041999999999998,1.6338
2025-01-13,1.05,1.2805,1.4018,1.41,1.41,1.236,1.2361,1.27,1.3039,1.39155,1.4792,1.52335,1.5675,1.5980666666666665,1.6286333333333334,1.6592
2025-01-14,1.3509,1.4,1.4,1.4002,1.3878,1.2136,1.2161,1.2534,1.2907,1.3532,1.4157,1.48085,1.546,1.5788666666666666,1.6117333333333335,1.6446
2025-01-15,1.37,1.4,1.4,1.4,1.2615,1.2005,1.2061,1.2319499999999999,1.2578,1.33925,1.4207,1.48465,1.5486,1.5767333333333333,1.6048666666666667,1.633
2025-01-16,1.47,1.496,1.45,1.45,1.3087,1.2447,1.2217,1.251,1.2803,1.353,1.4257,1.48715,1.5486,1.5788666666666666,1.6091333333333333,1.6394
2025-01-17,1.52,1.5411,1.4406,1.4251,1.3012,1.2547,1.2617,1.27115,1.2806,1.35565,1.4307,1.50255,1.5744,1.6027,1.631,1.6593
2025-01-20,1.4586,1.52,1.4457,1.4423,1.4388,1.2609,1.3,1.30295,1.3059,1.3708,1.4357,1.51045,1.5852,1.6150333333333333,1.6448666666666667,1.6747
2025-01-21,1.4026,1.4712,1.4394,1.43,1.4285,1.2555,1.285,1.283,1.281,1.34585,1.4107,1.48815,1.5656,1.5936000000000001,1.6216,1.6496
2025-01-22,1.375,1.4437,1.4342,1.4051,1.3764,1.2402,1.285,1.283,1.281,1.3533499999999998,1.4257,1.49545,1.5652,1.5968666666666667,1.6285333333333332,1.6602
2025-01-23,1.375,1.5137,1.4687,1.4135,1.3869,1.2601,1.3099,1.3063500000000001,1.3028,1.3792499999999999,1.4557,1.52035,1.585,1.6115,1.6380000000000001,1.6645
2025-01-24,1.375,1.5287,1.4787,1.4416,1.4109,1.28,1.3399,1.3418,1.3437,1.4047,1.4657,1.5265,1.5873,1.6103666666666667,1.6334333333333333,1.6565
2025-01-26,1.274,1.4756,1.4787,1.4196,1.3911,1.2622,1.3474,1.34055,1.3337,1.3947,1.4557,1.5215,1.5873,1.6094333333333333,1.6315666666666666,1.6537
2025-01-27,1.25,1.4562,1.4593,1.3775,1.36,1.2422,1.3036,1.3072,1.3108,1.3616000000000001,1.4124,1.4804,1.5484,1.5755666666666666,1.6027333333333333,1.6299
2025-02-05,1.25,1.39,1.39,1.3991,1.3606,1.2317,1.2599,1.28445,1.309,1.35695,1.4049,1.4711,1.5373,1.5651000000000002,1.5929,1.6207
2025-02-06,1.2672,1.38,1.39,1.3889,1.3431,1.1726,1.21,1.2485499999999998,1.2871,1.3331,1.3791,1.4458,1.5125,1.5402666666666667,1.5680333333333334,1.5958
2025-02-07,1.2672,1.3451,1.3649,1.3839,1.3094,1.1735,1.2229,1.2512500000000002,1.2796,1.33705,1.3945,1.45845,1.5224,1.5493333333333332,1.5762666666666667,1.6032
2025-02-08,1.3133,1.3426,1.3533,1.3825,1.3181,1.1735,1.2271,1.25145,1.2758,1.33515,1.3945,1.45845,1.5224,1.5501666666666667,1.5779333333333332,1.6057
2025-02-10,1.3853,1.4063,1.4067,1.4198,1.3608,1.219,1.2582,1.2837,1.3092,1.37345,1.4377,1.49355,1.5494,1.5776666666666668,1.6059333333333334,1.6342
2025-02-11,1.4053,1.4101,1.42,1.42,1.3661,1.234,1.2667,1.2816999999999998,1.2967,1.3622999999999998,1.4279,1.4837500000000001,1.5396,1.5688666666666666,1.5981333333333334,1.6274
2025-02-12,1.4154,1.4202,1.4225,1.4225,1.3719,1.2431,1.2671,1.28785,1.3086,1.3733,1.438,1.4952,1.5524,1.5794666666666666,1.6065333333333334,1.6336
2025-02-13,1.4104,1.4152,1.4179,1.4196,1.3662,1.2537,1.2846,1.3058999999999998,1.3272,1.3876,1.448,1.50525,1.5625,1.5865333333333334,1.6105666666666667,1.6346
2025-02-14,1.4304,1.4352,1.4189,1.4112,1.387,1.3037,1.3795,1.3771,1.3747,1.4275499999999999,1.4804,1.539,1.5976,1.6166,1.6356,1.6546
2025-02-17,1.4654,1.4302,1.4311,1.4997,1.4314,1.3346,1.419,1.40645,1.3939,1.4486999999999999,1.5035,1.56265,1.6218,1.6456666666666666,1.6695333333333333,1.6934
2025-02-18,1.5153,1.4799,1.459,1.5016,1.5088,1.3767,1.458,1.44345,1.4289,1.4812,1.5335,1.5951,1.6567,1.6713333333333333,1.6859666666666666,1.7006
2025-02-19,1.5,1.481,1.4906,1.4962,1.5034,1.4431,1.4619,1.4428999999999998,1.4239,1.4634,1.5029,1.5686499999999999,1.6344,1.6438000000000001,1.6532,1.6626
2025-02-20,1.48,1.4825,1.4996,1.5003,1.5143,1.4731,1.4758,1.46985,1.4639,1.5009000000000001,1.5379,1.6018,1.6657,1.6721333333333332,1.6785666666666668,1.685
2025-02-21,1.48,1.5096,1.5276,1.5282,1.5288,1.4731,1.4797,1.4818,1.4839,1.5442,1.6045,1.65365,1.7028,1.7085333333333335,1.7142666666666666,1.72
2025-02-24,1.47,1.5413,1.594,1.587,1.5339,1.5101,1.4802,1.50205,1.5239,1.5845,1.6451,1.6985000000000001,1.7519,1.7554333333333334,1.7589666666666666,1.7625
2025-02-25,1.48,1.5686,1.6248,1.6281,1.5592,1.5197,1.4671,1.4923000000000002,1.5175,1.5698500000000002,1.6222,1.66955,1.7169,1.7204333333333335,1.7239666666666666,1.7275
2025-02-26,1.51,1.5407,1.5937,1.5997,1.5644,1.5089,1.4537,1.4756,1.4975,1.55375,1.61,1.6569,1.7038,1.7109,1.718,1.7251
2025-02-27,1.51,1.5445,1.6035,1.6096,1.5744,1.5289,1.4974,1.5164,1.5354,1.5897,1.644,1.69125,1.7385,1.7448666666666666,1.7512333333333334,1.7576
2025-02-28,1.5,1.5578,1.5915,1.6096,1.5845,1.5189,1.4597,1.48895,1.5182,1.56115,1.6041,1.64795,1.6918,1.6996,1.7074,1.7152
2025-03-03,1.5,1.5528,1.589,1.5893,1.5634,1.491,1.4322,1.4568,1.4814,1.51895,1.5565,1.6068500000000001,1.6572,1.6699666666666666,1.6827333333333334,1.6955
2025-03-04,1.47,1.5518,1.5992,1.5972,1.5155,1.4764,1.4397,1.4681,1.4965,1.5302,1.5639,1.6192000000000002,1.6745,1.6856333333333333,1.6967666666666668,1.7079
2025-03-05,1.45,1.5668,1.5999,1.5975,1.5161,1.4774,1.4447,1.47315,1.5016,1.52715,1.5527,1.60725,1.6618,1.6773,1.6927999999999999,1.7083
2025-03-06,1.4624,1.5956,1.6,1.6,1.5816,1.4809,1.4697,1.5082499999999999,1.5468,1.5724,1.598,1.6548500000000002,1.7117,1.7229666666666668,1.7342333333333333,1.7455
2025-03-07,1.4734,1.5956,1.6,1.6,1.6241,1.5659,1.5547,1.5735000000000001,1.5923,1.62975,1.6672,1.72225,1.7773,1.7849333333333335,1.7925666666666666,1.8002
2025-03-10,1.45,1.6298,1.64,1.64,1.6429,1.5634,1.5497,1.581,1.6123,1.64335,1.6744,1.73115,1.7879,1.7962,1.8045,1.8128
2025-03-11,1.4,1.6356,1.6424,1.6403,1.672,1.6214,1.5823,1.63,1.6777,1.70725,1.7368,1.79735,1.8579,1.8670333333333333,1.8761666666666668,1.8853
2025-03-12,1.4,1.6389,1.6381,1.6301,1.6395,1.5964,1.5779,1.6097000000000001,1.6415,1.65415,1.6668,1.7281,1.7894,1.8040666666666667,1.8187333333333333,1.8334
2025-03-13,1.4,1.6226,1.6208,1.6,1.599,1.5897,1.5779,1.60005,1.6222,1.6507,1.6792,1.74035,1.8015,1.8198333333333334,1.8381666666666667,1.8565
2025-03-14,1.4399,1.62,1.62,1.5847,1.5839,1.5747,1.5629,1.59215,1.6214,1.6315,1.6416,1.7069999999999999,1.7724,1.7921666666666667,1.8119333333333334,1.8317
2025-03-17,1.495,1.62,1.62,1.6209,1.6437,1.593,1.5879,1.6375000000000002,1.6871,1.6997,1.7123,1.7854999999999999,1.8587,1.8710333333333333,1.8833666666666666,1.8957
2025-03-18,1.5068,1.6293,1.6255,1.6131,1.6151,1.5838,1.5879,1.62775,1.6676,1.6825,1.6974,1.7713,1.8452,1.8596333333333332,1.8740666666666668,1.8885
2025-03-19,1.46,1.62,1.62,1.6104,1.6395,1.5877,1.5879,1.6243,1.6607,1.6799,1.6991,1.7675,1.8359,1.8475333333333335,1.8591666666666666,1.8708
2025-03-20,1.36,1.61,1.61,1.6,1.5995,1.5604,1.5629,1.59085,1.6188,1.64645,1.6741,1.7349999999999999,1.7959,1.8075666666666668,1.8192333333333333,1.8309
2025-03-21,1.33,1.5999,1.5952,1.5901,1.5956,1.5552,1.5579,1.59695,1.636,1.66705,1.6981,1.75555,1.813,1.8239333333333334,1.8348666666666666,1.8458
2025-03-24,1.32,1.5949,1.582,1.58,1.5812,1.5324,1.5354,1.58705,1.6387,1.6657000000000002,1.6927,1.7474500000000002,1.8022,1.8152333333333333,1.8282666666666667,1.8413
2025-03-25,1.34,1.5899,1.5603,1.57,1.57,1.5363,1.5404,1.5871499999999998,1.6339,1.6556,1.6773,1.7336,1.7899,1.7993666666666668,1.8088333333333333,1.8183
2025-03-26,1.36,1.5566,1.5554,1.5402,1.5539,1.5227,1.5279,1.57095,1.614,1.63285,1.6517,1.7043,1.7569,1.7693666666666665,1.7818333333333334,1.7943
2025-03-27,1.36,1.5316,1.54,1.5404,1.5585,1.5228,1.5279,1.56335,1.5988,1.62835,1.6579,1.70255,1.7472,1.7668666666666668,1.7865333333333333,1.8062
2025-03-28,1.36,1.5103,1.5283,1.5208,1.549,1.5266,1.5279,1.55775,1.5876,1.6219,1.6562,1.7008,1.7454,1.7678,1.7902,1.8126
2025-03-31,1.3813,1.5193,1.52,1.52,1.5491,1.5357,1.5379,1.5719500000000002,1.606,1.62915,1.6523,1.69775,1.7432,1.7664333333333333,1.7896666666666667,1.8129
2025-04-01,1.4653,1.5165,1.52,1.52,1.5528,1.5431,1.5454,1.5861,1.6268,1.6468500000000001,1.6669,1.7101000000000002,1.7533,1.7723333333333333,1.7913666666666668,1.8104
2025-04-02,1.4538,1.5365,1.5167,1.5233,1.5398,1.5376,1.5404,1.56945,1.5985,1.61765,1.6368,1.6813500000000001,1.7259,1.7468333333333332,1.7677666666666667,1.7887
2025-04-03,1.4438,1.5127,1.51,1.5095,1.4967,1.4805,1.4829,1.5046,1.5263,1.5439500000000002,1.5616,1.6053000000000002,1.649,1.672,1.695,1.718
2025-04-07,1.4438,1.4901,1.5,1.4496,1.44,1.44,1.4429,1.45465,1.4664,1.48155,1.4967,1.54405,1.5914,1.6048666666666667,1.6183333333333332,1.6318
2025-04-08,1.5,1.5,1.5004,1.5171,1.4913,1.4751,1.4779,1.4920499999999999,1.5062,1.5257,1.5452,1.5930499999999999,1.6409,1.6483666666666668,1.6558333333333333,1.6633
2025-04-09,1.47,1.47,1.4788,1.4862,1.4827,1.4306,1.4328,1.45085,1.4689,1.4952500000000002,1.5216,1.5737999999999999,1.626,1.6342666666666665,1.6425333333333334,1.6508
2025-04-10,1.44,1.451,1.4738,1.4509,1.4709,1.4105,1.4128,1.42575,1.4387,1.46515,1.4916,1.5467,1.6018,1.6159999999999999,1.6302,1.6444
2025-04-11,1.4,1.4179,1.451,1.38,1.3816,1.3945,1.3978,1.41465,1.4315,1.4605000000000001,1.4895,1.54595,1.6024,1.6205333333333334,1.6386666666666667,1.6568
2025-04-14,1.4,1.4294,1.4296,1.4,1.4005,1.4123,1.4153,1.4379,1.4605,1.4824,1.5043,1.55085,1.5974,1.6177333333333332,1.6380666666666668,1.6584
2025-04-15,1.38,1.3988,1.4002,1.4099,1.4105,1.4199,1.4228,1.44245,1.4621,1.4818,1.5015,1.5511000000000001,1.6007,1.6199000000000001,1.6391,1.6583
2025-04-16,1.3993,1.4,1.4,1.4002,1.4128,1.415,1.4178,1.4398,1.4618,1.4757,1.4896,1.5407000000000002,1.5918,1.6088666666666667,1.6259333333333335,1.643
2025-04-17,1.348,1.4287,1.4201,1.4189,1.412,1.4251,1.4301,1.4521,1.4741,1.48945,1.5048,1.552,1.5992,1.6168666666666667,1.6345333333333332,1.6522
2025-04-18,1.3601,1.42,1.42,1.42,1.422,1.43,1.43,1.4561,1.4822,1.4931,1.504,1.5495999999999999,1.5952,1.6132333333333333,1.6312666666666666,1.6493
2025-04-21,1.4,1.435,1.4452,1.4844,1.5145,1.44,1.448,1.47125,1.4945,1.5124,1.5303,1.57155,1.6128,1.6306666666666667,1.6485333333333334,1.6664
2025-04-22,1.3777,1.425,1.4416,1.4638,1.5042,1.4326,1.4432,1.4649,1.4866,1.50225,1.5179,1.5578500000000002,1.5978,1.6155000000000002,1.6332,1.6509
2025-04-23,1.3777,1.44,1.4416,1.4738,1.504,1.4353,1.4513,1.47655,1.5018,1.51985,1.5379,1.5766,1.6153,1.6305666666666667,1.6458333333333333,1.6611
2025-04-24,1.3377,1.4315,1.4416,1.4531,1.4989,1.4451,1.4532,1.487,1.5208,1.5339,1.547,1.5838999999999999,1.6208,1.6352,1.6496,1.664
2025-04-25,1.3377,1.4312,1.4416,1.4468,1.4793,1.45,1.4501,1.48465,1.5192,1.53125,1.5433,1.5795499999999998,1.6158,1.6307333333333334,1.6456666666666666,1.6606
2025-04-27,1.3571,1.4112,1.4566,1.4618,1.4793,1.45,1.4501,1.4865499999999998,1.523,1.53365,1.5443,1.5802,1.6161,1.6309666666666667,1.6458333333333335,1.6607
2025-04-28,1.3621,1.4112,1.45,1.4508,1.4697,1.46,1.4601,1.4889000000000001,1.5177,1.5285,1.5393,1.5711,1.6029,1.6180333333333334,1.6331666666666667,1.6483
2025-04-29,1.3624,1.4512,1.4523,1.485,1.4784,1.455,1.455,1.4779499999999999,1.5009,1.51805,1.5352,1.5587,1.5822,1.5961666666666667,1.6101333333333334,1.6241
2025-04-30,1.4121,1.4483,1.4494,1.4659,1.4691,1.45,1.4599,1.4682499999999998,1.4766,1.4964499999999998,1.5163,1.5484499999999999,1.5806,1.5951666666666666,1.6097333333333335,1.6243
2025-05-06,1.3921,1.4452,1.4496,1.4797,1.467,1.4525,1.4624,1.4781499999999999,1.4939,1.5097,1.5255,1.55435,1.5832,1.5987333333333333,1.6142666666666665,1.6298
2025-05-07,1.37,1.44,1.4408,1.4496,1.4379,1.435,1.4474,1.46445,1.4815,1.49855,1.5156,1.5563,1.597,1.6119333333333332,1.6268666666666667,1.6418
2025-05-08,1.35,1.42,1.4268,1.4161,1.41,1.4107,1.4149,1.43265,1.4504,1.47565,1.5009,1.5349499999999998,1.569,1.5903666666666667,1.6117333333333332,1.6331
2025-05-09,1.35,1.39,1.3968,1.4,1.4005,1.4073,1.4194,1.44135,1.4633,1.4795,1.4957,1.5338500000000002,1.572,1.5930333333333333,1.6140666666666668,1.6351
2025-05-12,1.35,1.4,1.4,1.4101,1.4106,1.4073,1.4232,1.44465,1.4661,1.509,1.5519,1.58695,1.622,1.6440000000000001,1.666,1.688
2025-05-13,1.35,1.4,1.41,1.4102,1.4184,1.4073,1.4131,1.4332,1.4533,1.4977,1.5421,1.5744,1.6067,1.6279333333333335,1.6491666666666667,1.6704
2025-05-14,1.35,1.3887,1.3987,1.4061,1.4111,1.4123,1.4228,1.44775,1.4727,1.51745,1.5622,1.59185,1.6215,1.6388666666666667,1.6562333333333332,1.6736
2025-05-15,1.35,1.3919,1.4,1.3902,1.4048,1.4248,1.4385,1.47165,1.5048,1.5409,1.577,1.6054,1.6338,1.6491333333333333,1.6644666666666665,1.6798
2025-05-16,1.34,1.3926,1.4,1.3954,1.4159,1.4323,1.4508,1.4788999999999999,1.507,1.5419999999999998,1.577,1.60495,1.6329,1.6483666666666668,1.6638333333333333,1.6793
2025-05-19,1.37,1.3994,1.4157,1.433,1.435,1.4348,1.4429,1.4701,1.4973,1.53225,1.5672,1.5909,1.6146,1.6395,1.6644,1.6893
2025-05-20,1.35,1.4006,1.4163,1.4321,1.4128,1.4323,1.4483,1.4762,1.5041,1.53815,1.5722,1.5941,1.616,1.6441333333333334,1.6722666666666666,1.7004
2025-05-21,1.32,1.4155,1.4208,1.4332,1.4342,1.4355,1.4496,1.47465,1.4997,1.5322,1.5647,1.59065,1.6166,1.6477333333333333,1.6788666666666667,1.71
2025-05-22,1.325,1.4155,1.4222,1.4324,1.4477,1.438,1.4495,1.47265,1.4958,1.5303499999999999,1.5649,1.5908499999999999,1.6168,1.6507333333333334,1.6846666666666665,1.7186
2025-05-23,1.3204,1.4225,1.425,1.4261,1.4461,1.4405,1.4481,1.4718499999999999,1.4956,1.5303,1.565,1.5890499999999999,1.6131,1.649,1.6849,1.7208
2025-05-26,1.3154,1.4206,1.4268,1.4418,1.4599,1.448,1.4581,1.4762499999999998,1.4944,1.5286,1.5628,1.5876000000000001,1.6124,1.6483,1.6842,1.7201
2025-05-27,1.3054,1.4175,1.4293,1.4474,1.46,1.4555,1.4649,1.48195,1.499,1.53465,1.5703,1.5981,1.6259,1.6593,1.6926999999999999,1.7261
2025-05-28,1.3004,1.421,1.4438,1.4637,1.4793,1.4625,1.4628,1.4815,1.5002,1.53775,1.5753,1.60245,1.6296,1.6474666666666666,1.6653333333333333,1.6832
2025-05-29,1.3004,1.4326,1.4579,1.4713,1.4741,1.4675,1.4783,1.4968,1.5153,1.5528,1.5903,1.6160999999999999,1.6419,1.6571666666666667,1.6724333333333332,1.6877
2025-05-30,1.3004,1.4276,1.4409,1.4462,1.4504,1.455,1.4552,1.46645,1.4777,1.52085,1.564,1.5947,1.6254,1.6406666666666667,1.6559333333333333,1.6712
2025-06-03,1.3002,1.4301,1.45,1.44,1.4405,1.4577,1.4627,1.4752,1.4877,1.5337,1.5797,1.60745,1.6352,1.6489333333333334,1.6626666666666665,1.6764
2025-06-04,1.3027,1.4301,1.4425,1.4302,1.436,1.4493,1.4527,1.4615,1.4703,1.51765,1.565,1.5953499999999998,1.6257,1.6406,1.6555,1.6704
2025-06-05,1.3122,1.4262,1.4175,1.4177,1.4264,1.4337,1.4352,1.44535,1.4555,1.5070000000000001,1.5585,1.5903,1.6221,1.6394333333333333,1.6567666666666667,1.6741
2025-06-06,1.3002,1.4077,1.4,1.4,1.41,1.41,1.4102,1.4227999999999998,1.4354,1.49065,1.5459,1.5694,1.5929,1.6135,1.6341,1.6547
2025-06-09,1.2859,1.415,1.415,1.4199,1.41,1.41,1.4102,1.4227999999999998,1.4354,1.48955,1.5437,1.5676999999999999,1.5917,1.6131,1.6344999999999998,1.6559
2025-06-10,1.2859,1.4,1.4,1.4059,1.4098,1.4075,1.4077,1.4293,1.4509,1.49825,1.5456,1.5705,1.5954,1.6159,1.6364,1.6569
2025-06-11,1.2859,1.3924,1.395,1.3852,1.4018,1.4047,1.4052,1.42185,1.4385,1.4905499999999998,1.5426,1.56205,1.5815,1.6016666666666666,1.6218333333333332,1.642
2025-06-12,1.2859,1.3853,1.3867,1.3898,1.3814,1.4015,1.4052,1.423,1.4408,1.49225,1.5437,1.56615,1.5886,1.6082333333333334,1.6278666666666666,1.6475
2025-06-13,1.2789,1.3753,1.38,1.38,1.3813,1.3973,1.4002,1.4129999999999998,1.4258,1.48525,1.5447,1.56585,1.587,1.6059999999999999,1.625,1.644
2025-06-16,1.2789,1.38,1.38,1.3858,1.3954,1.3983,1.3987,1.40205,1.4054,1.47275,1.5401,1.5642,1.5883,1.6066,1.6249,1.6432
2025-06-17,1.2966,1.3676,1.37,1.37,1.375,1.37,1.3702,1.3755000000000002,1.3808,1.4454500000000001,1.5101,1.5423,1.5745,1.5951333333333333,1.6157666666666668,1.6364
2025-06-18,1.2936,1.3546,1.36,1.3503,1.3723,1.36,1.3602,1.3745500000000002,1.3889,1.44855,1.5082,1.542,1.5758,1.5966666666666667,1.6175333333333335,1.6384
2025-06-19,1.2946,1.3451,1.35,1.3502,1.3628,1.3639,1.3642,1.3806,1.397,1.4524,1.5078,1.54295,1.5781,1.5995666666666668,1.6210333333333333,1.6425
2025-06-20,1.2946,1.34,1.34,1.3405,1.3599,1.355,1.3552,1.3776,1.4,1.45125,1.5025,1.5384,1.5743,1.5960666666666667,1.6178333333333332,1.6396
2025-06-23,1.3046,1.3237,1.3356,1.3447,1.3695,1.355,1.3552,1.379,1.4028,1.45275,1.5027,1.5408499999999998,1.579,1.5999333333333332,1.6208666666666667,1.6418
2025-06-24,1.3054,1.32,1.3201,1.3297,1.353,1.3622,1.3627,1.388,1.4133,1.4631,1.5129,1.55335,1.5938,1.6118666666666668,1.6299333333333332,1.648
2025-06-25,1.2946,1.3001,1.3265,1.3342,1.3528,1.3644,1.3652,1.3880000000000001,1.4108,1.4661,1.5214,1.56385,1.6063,1.6223333333333334,1.6383666666666667,1.6544
2025-06-26,1.2946,1.3003,1.3182,1.3199,1.3538,1.3623,1.3627,1.3841999999999999,1.4057,1.4598,1.5139,1.55885,1.6038,1.6179333333333332,1.6320666666666668,1.6462
2025-06-27,1.2956,1.3006,1.3254,1.3303,1.3591,1.3448,1.3452,1.3691499999999999,1.3931,1.4498,1.5065,1.55465,1.6028,1.6172666666666666,1.6317333333333335,1.6462
2025-06-30,1.279,1.284,1.3083,1.3222,1.34,1.34,1.3402,1.36805,1.3959,1.4544,1.5129,1.5626,1.6123,1.6238333333333335,1.6353666666666666,1.6469
2025-07-01,1.2574,1.2924,1.2983,1.3021,1.335,1.3374,1.3377,1.3681,1.3985,1.453,1.5075,1.55865,1.6098,1.6209666666666667,1.6321333333333332,1.6433
2025-07-02,1.2324,1.2941,1.2999,1.3007,1.3321,1.3349,1.3352,1.3631,1.391,1.44425,1.4975,1.5504,1.6033,1.6154,1.6275,1.6396
2025-07-03,1.2124,1.2841,1.2904,1.2907,1.3244,1.3369,1.3372,1.3572,1.3772,1.43525,1.4933,1.54795,1.6026,1.6153,1.6280000000000001,1.6407
2025-07-04,1.2024,1.2784,1.28,1.2807,1.3187,1.3357,1.3362,1.35765,1.3791,1.436,1.4929,1.54795,1.603,1.6164333333333334,1.6298666666666666,1.6433
2025-07-07,1.2104,1.2784,1.28,1.2814,1.3194,1.3398,1.3402,1.36075,1.3813,1.4372500000000001,1.4932,1.5483500000000001,1.6035,1.6158666666666666,1.6282333333333334,1.6406
2025-07-08,1.2146,1.2784,1.28,1.2811,1.3106,1.3545,1.3552,1.3718,1.3884,1.4458000000000002,1.5032,1.5544499999999999,1.6057,1.6186,1.6315,1.6444
2025-07-09,1.2171,1.2767,1.28,1.2811,1.3131,1.3595,1.3602,1.3772000000000002,1.3942,1.45415,1.5141,1.55995,1.6058,1.6187333333333334,1.6316666666666666,1.6446
2025-07-10,1.2222,1.2776,1.28,1.2811,1.3194,1.3721,1.3727,1.3912499999999999,1.4098,1.4667,1.5236,1.5701500000000002,1.6167,1.6316666666666666,1.6466333333333334,1.6616
2025-07-11,1.2189,1.2787,1.28,1.2812,1.3182,1.3698,1.3702,1.393,1.4158,1.4725,1.5292,1.57985,1.6305,1.6421000000000001,1.6537,1.6653
2025-07-14,1.2363,1.28,1.2807,1.2878,1.3219,1.375,1.3752,1.40095,1.4267,1.4842,1.5417,1.5888499999999999,1.636,1.6481999999999999,1.6604,1.6726
2025-07-15,1.2713,1.28,1.28,1.2891,1.3176,1.365,1.3652,1.3880000000000001,1.4108,1.46795,1.5251,1.5718999999999999,1.6187,1.6310333333333333,1.6433666666666666,1.6557
2025-07-16,1.2575,1.28,1.2802,1.2898,1.3239,1.3541,1.3573,1.38445,1.4116,1.4694500000000001,1.5273,1.5734,1.6195,1.6335666666666666,1.6476333333333333,1.6617
2025-07-17,1.2575,1.2809,1.281,1.3067,1.3305,1.3503,1.3548,1.3831,1.4114,1.4681,1.5248,1.57215,1.6195,1.634,1.6485,1.663
2025-07-18,1.2477,1.2809,1.2811,1.3019,1.3244,1.343,1.349,1.3766500000000002,1.4043,1.46495,1.5256,1.5725500000000001,1.6195,1.6347333333333334,1.6499666666666666,1.6652
2025-07-21,1.2263,1.2766,1.2957,1.3353,1.3748,1.3451,1.3565,1.38835,1.4202,1.48115,1.5421,1.5897999999999999,1.6375,1.6508,1.6641,1.6774
2025-07-22,1.1763,1.2666,1.3048,1.3056,1.3698,1.3476,1.359,1.3909500000000001,1.4229,1.4894,1.5559,1.60445,1.653,1.6655666666666666,1.6781333333333335,1.6907
2025-07-23,1.1837,1.2816,1.31,1.3058,1.365,1.3625,1.3741,1.4104,1.4467,1.5108000000000001,1.5749,1.6217000000000001,1.6685,1.6803666666666668,1.6922333333333333,1.7041
2025-07-24,1.25,1.31,1.31,1.3008,1.3699,1.391,1.3941,1.43425,1.4744,1.53415,1.5939,1.6436000000000002,1.6933,1.7080666666666666,1.7228333333333334,1.7376
2025-07-25,1.24,1.2917,1.3,1.3014,1.3725,1.3804,1.3835,1.4306,1.4777,1.54125,1.6048,1.6487,1.6926,1.7058666666666666,1.7191333333333334,1.7324
2025-07-28,1.23,1.2879,1.3115,1.3441,1.3724,1.3601,1.3634,1.4092,1.455,1.5199,1.5848,1.62995,1.6751,1.6882666666666666,1.7014333333333334,1.7146
2025-07-29,1.23,1.2963,1.3237,1.3574,1.3849,1.3763,1.4111,1.4452,1.4793,1.545,1.6107,1.6616499999999998,1.7126,1.7239333333333333,1.7352666666666665,1.7466
2025-07-30,1.18,1.2765,1.3155,1.3324,1.3898,1.3806,1.3957,1.4257499999999999,1.4558,1.52085,1.5859,1.6405,1.6951,1.7027333333333334,1.7103666666666666,1.718
2025-07-31,1.1761,1.29,1.29,1.3274,1.3797,1.3681,1.3807,1.41185,1.443,1.5070000000000001,1.571,1.6236,1.6762,1.6856,1.6949999999999998,1.7044
2025-08-01,1.1761,1.2946,1.309,1.3249,1.3697,1.3606,1.3734,1.4092500000000001,1.4451,1.50685,1.5686,1.6205,1.6724,1.6835666666666667,1.6947333333333334,1.7059
2025-08-04,1.1671,1.2846,1.3088,1.3106,1.3497,1.3466,1.3697,1.40445,1.4392,1.508,1.5768,1.6228500000000001,1.6689,1.6820333333333333,1.6951666666666667,1.7083
2025-08-05,1.1681,1.2833,1.295,1.3106,1.3439,1.3556,1.3692,1.4042,1.4392,1.50555,1.5719,1.61815,1.6644,1.6783000000000001,1.6922,1.7061
2025-08-06,1.1888,1.2697,1.2922,1.3106,1.3335,1.3571,1.3654,1.39745,1.4295,1.4957500000000001,1.562,1.6107,1.6594,1.6729,1.6864,1.6999
2025-08-07,1.1888,1.29,1.29,1.2915,1.3335,1.3562,1.3608,1.39175,1.4227,1.4849,1.5471,1.60235,1.6576,1.6682,1.6788,1.6894
2025-08-08,1.1988,1.2783,1.28,1.2966,1.3356,1.3475,1.3506,1.3832499999999999,1.4159,1.48065,1.5454,1.6015,1.6576,1.6681,1.6786,1.6891
2025-08-11,1.2188,1.2734,1.2794,1.3095,1.341,1.3533,1.3617,1.3969,1.4321,1.4975,1.5629,1.6214499999999998,1.68,1.6934333333333333,1.7068666666666665,1.7203
2025-08-12,1.2188,1.2738,1.2795,1.3036,1.3424,1.3614,1.3664,1.39605,1.4257,1.4969999999999999,1.5683,1.62915,1.69,1.7023666666666666,1.7147333333333334,1.7271
2025-08-13,1.22,1.2749,1.2799,1.2959,1.3404,1.3567,1.3615,1.3853499999999999,1.4092,1.48645,1.5637,1.6256000000000002,1.6875,1.7004,1.7133,1.7262
2025-08-14,1.2237,1.2992,1.2802,1.2815,1.3749,1.359,1.3665,1.3909500000000001,1.4154,1.4896,1.5638,1.63015,1.6965,1.7090333333333332,1.7215666666666667,1.7341
2025-08-15,1.2237,1.2987,1.28,1.282,1.3773,1.3607,1.3665,1.3878,1.4091,1.50195,1.5948,1.6509,1.707,1.7201666666666666,1.7333333333333334,1.7465
2025-08-18,1.2537,1.3211,1.3799,1.3701,1.3897,1.3808,1.3865,1.41655,1.4466,1.5432000000000001,1.6398,1.6961499999999998,1.7525,1.7640666666666667,1.7756333333333332,1.7872
2025-08-19,1.2898,1.3211,1.3727,1.38,1.38,1.382,1.3925,1.4416,1.4907,1.55765,1.6246,1.68605,1.7475,1.7558333333333334,1.7641666666666667,1.7725
2025-08-20,1.2898,1.3211,1.36,1.3603,1.38,1.381,1.3866,1.44625,1.5059,1.5729,1.6399,1.7037,1.7675,1.7723333333333333,1.7771666666666668,1.782
2025-08-21,1.2998,1.3211,1.36,1.3604,1.3799,1.3785,1.3848,1.448,1.5112,1.57035,1.6295,1.6885,1.7475,1.7539,1.7603,1.7667
2025-08-22,1.2711,1.3211,1.35,1.3507,1.3799,1.3746,1.3707,1.43855,1.5064,1.5694,1.6324,1.69245,1.7525,1.7622666666666666,1.7720333333333333,1.7818
2025-08-25,1.2372,1.3107,1.3525,1.3607,1.3696,1.3621,1.3608,1.4315,1.5022,1.5624500000000001,1.6227,1.6788500000000002,1.735,1.7447666666666668,1.7545333333333333,1.7643
2025-08-26,1.2269,1.2855,1.35,1.3513,1.3721,1.3539,1.3597,1.4285,1.4973,1.5594000000000001,1.6215,1.6755,1.7295,1.7396,1.7497,1.7598
2025-08-27,1.2,1.2505,1.3458,1.3463,1.3757,1.3535,1.3632,1.4278499999999998,1.4925,1.5592,1.6259,1.6726999999999999,1.7195,1.7459333333333333,1.7723666666666666,1.7988
2025-08-28,1.2,1.2536,1.3458,1.3463,1.3796,1.3562,1.3692,1.4334500000000001,1.4977,1.57095,1.6442,1.69435,1.7445,1.7789333333333333,1.8133666666666668,1.8478
2025-08-29,1.2,1.2536,1.3508,1.3513,1.3582,1.3546,1.3698,1.4237,1.4776,1.5549,1.6322,1.6821000000000002,1.732,1.7673,1.8026,1.8379
2025-09-01,1.18,1.246,1.3408,1.3513,1.36,1.36,1.3646,1.4211,1.4776,1.5505,1.6234,1.6726999999999999,1.722,1.7565666666666666,1.7911333333333335,1.8257
2025-09-02,1.175,1.246,1.3308,1.3513,1.3581,1.3588,1.3654,1.42025,1.4751,1.54495,1.6148,1.66465,1.7145,1.7485666666666666,1.7826333333333333,1.8167
2025-09-03,1.1773,1.2487,1.3375,1.3513,1.3588,1.3605,1.368,1.41905,1.4701,1.5315999999999999,1.5931,1.64255,1.692,1.7274666666666667,1.7629333333333332,1.7984
2025-09-04,1.1723,1.2462,1.3275,1.3513,1.3586,1.3653,1.3777,1.4264000000000001,1.4751,1.5359,1.5967,1.6468500000000001,1.697,1.7333333333333334,1.7696666666666667,1.806
2025-09-05,1.1823,1.2548,1.3267,1.3491,1.3546,1.3724,1.3959,1.4417499999999999,1.4876,1.5498500000000002,1.6121,1.6670500000000001,1.722,1.7566666666666666,1.7913333333333334,1.826
2025-09-08,1.175,1.2598,1.3535,1.3719,1.3903,1.3922,1.4,1.4475,1.495,1.55895,1.6229,1.68245,1.742,1.7784666666666666,1.8149333333333333,1.8514
2025-09-09,1.18,1.2709,1.364,1.3765,1.4,1.4,1.4,1.4475,1.495,1.5616500000000002,1.6283,1.6889,1.7495,1.7877,1.8259,1.8641
2025-09-10,1.18,1.2784,1.3652,1.3767,1.4017,1.4141,1.415,1.4599,1.5048,1.577,1.6492,1.71435,1.7795,1.8194000000000001,1.8593,1.8992
2025-09-11,1.16,1.2605,1.3663,1.3768,1.4,1.4,1.4,1.4461499999999998,1.4923,1.5566499999999999,1.621,1.689,1.757,1.7961,1.8352,1.8743
2025-09-12,1.16,1.2549,1.3661,1.3741,1.4,1.4,1.4,1.44865,1.4973,1.5556,1.6139,1.6791999999999998,1.7445,1.7853333333333332,1.8261666666666667,1.867
2025-09-15,1.18,1.2547,1.3699,1.3782,1.3956,1.3974,1.3975,1.4474,1.4973,1.558,1.6187,1.6828500000000002,1.747,1.7888000000000002,1.8306,1.8724
2025-09-16,1.13,1.2547,1.3707,1.3783,1.3917,1.3973,1.3975,1.4529,1.5083,1.5487,1.5891,1.65305,1.717,1.7622333333333333,1.8074666666666668,1.8527
2025-09-17,1.1,1.253,1.373,1.3813,1.3998,1.3948,1.395,1.4451500000000002,1.4953,1.53205,1.5688,1.6456499999999998,1.7225,1.7599666666666667,1.7974333333333332,1.8349
2025-09-18,1.1064,1.2594,1.3719,1.3822,1.3993,1.3873,1.3875,1.4464000000000001,1.5053,1.54745,1.5896,1.67515,1.7607,1.792,1.8233,1.8546
2025-09-19,1.0969,1.2499,1.3775,1.3805,1.3998,1.3898,1.39,1.4512,1.5124,1.5655000000000001,1.6186,1.706,1.7934,1.8219,1.8504,1.8789
2025-09-22,1.1069,1.2972,1.3911,1.401,1.4079,1.3823,1.3825,1.4437,1.5049,1.557,1.6091,1.6941,1.7791,1.8076333333333332,1.8361666666666667,1.8647
2025-09-23,1.0929,1.3172,1.4055,1.415,1.415,1.3848,1.385,1.45475,1.5245,1.57415,1.6238,1.7102499999999998,1.7967,1.8234666666666666,1.8502333333333334,1.877
2025-09-24,1.0979,1.3461,1.3965,1.4005,1.4082,1.3898,1.39,1.4617499999999999,1.5335,1.5906,1.6477,1.73355,1.8194,1.847,1.8745999999999998,1.9022
2025-09-25,1.093,1.3186,1.3987,1.4004,1.4128,1.3923,1.3925,1.46305,1.5336,1.5867,1.6398,1.7294999999999998,1.8192,1.8408,1.8623999999999998,1.884
2025-09-26,1.043,1.3186,1.3751,1.4,1.4,1.3823,1.3825,1.4613,1.5401,1.58175,1.6234,1.714,1.8046,1.8286666666666667,1.8527333333333333,1.8768
2025-09-28,1.038,1.3186,1.3751,1.4,1.4,1.3824,1.3865,1.4612,1.5359,1.57735,1.6188,1.7131500000000002,1.8075,1.8310333333333335,1.8545666666666667,1.8781
2025-09-29,1.039,1.3191,1.3798,1.3802,1.4097,1.3673,1.3825,1.4586999999999999,1.5349,1.58495,1.635,1.7250999999999999,1.8152,1.8391333333333333,1.8630666666666666,1.887
2025-09-30,1.103,1.1691,1.3098,1.3385,1.3897,1.3507,1.3653,1.44285,1.5204,1.5619999999999998,1.6036,1.68845,1.7733,1.8023666666666667,1.8314333333333335,1.8605
2025-10-09,1.1012,1.1691,1.3,1.3066,1.3982,1.357,1.3741,1.44425,1.5144,1.5561500000000001,1.5979,1.6815,1.7651,1.7922666666666667,1.8194333333333332,1.8466
2025-10-10,1.0982,1.1791,1.2967,1.3001,1.3884,1.3563,1.3741,1.4469500000000002,1.5198,1.5624,1.605,1.6863000000000001,1.7676,1.7937333333333334,1.8198666666666667,1.846
2025-10-11,1.0982,1.1685,1.2915,1.2949,1.3833,1.3515,1.3691,1.436,1.5029,1.54115,1.5794,1.6610999999999998,1.7428,1.7687333333333333,1.7946666666666666,1.8206
2025-10-13,1.1132,1.1785,1.3113,1.3197,1.3791,1.3654,1.3841,1.44775,1.5114,1.55485,1.5983,1.68185,1.7654,1.7897,1.814,1.8383
2025-10-14,1.1232,1.2209,1.3115,1.3197,1.384,1.3898,1.4091,1.45965,1.5102,1.5501,1.59,1.6691500000000001,1.7483,1.7778,1.8073,1.8368
2025-10-15,1.1242,1.2309,1.3315,1.3315,1.3877,1.3969,1.4166,1.46745,1.5183,1.5566,1.5949,1.6755,1.7561,1.7857,1.8153,1.8449
2025-10-16,1.1242,1.2409,1.3249,1.3283,1.388,1.397,1.4166,1.46845,1.5203,1.5589,1.5975,1.67295,1.7484,1.7791666666666666,1.8099333333333334,1.8407
2025-10-17,1.1242,1.2401,1.3249,1.3269,1.3804,1.3937,1.4434,1.4787,1.514,1.5519500000000002,1.5899,1.6629,1.7359,1.7654666666666667,1.7950333333333333,1.8246
2025-10-20,1.1242,1.2535,1.3419,1.3612,1.405,1.3975,1.4713,1.50365,1.536,1.5732,1.6104,1.68605,1.7617,1.7910666666666668,1.8204333333333333,1.8498
2025-10-21,1.1142,1.2635,1.3583,1.3603,1.3959,1.4006,1.4737,1.5024,1.5311,1.5672,1.6033,1.6775,1.7517,1.7797,1.8077,1.8357
2025-10-22,1.0842,1.2786,1.3485,1.3505,1.397,1.4064,1.4789,1.50605,1.5332,1.56795,1.6027,1.6794,1.7561,1.7805,1.8049,1.8293
2025-10-23,1.0842,1.2936,1.3386,1.3509,1.3975,1.4074,1.4764,1.50445,1.5325,1.5693000000000001,1.6061,1.6866500000000002,1.7672,1.7911666666666668,1.8151333333333333,1.8391
2025-10-24,1.0842,1.3036,1.3297,1.3524,1.3936,1.4083,1.4716,1.5005000000000002,1.5294,1.5734,1.6174,1.69525,1.7731,1.7982666666666667,1.8234333333333332,1.8486
2025-10-27,1.1542,1.3071,1.3439,1.363,1.4014,1.4108,1.4621,1.4895,1.5169,1.56115,1.6054,1.6814,1.7574,1.7857,1.814,1.8423
2025-10-28,1.1542,1.2935,1.313,1.3555,1.3865,1.3958,1.4311,1.4483000000000001,1.4655,1.51895,1.5724,1.64795,1.7235,1.7549666666666668,1.7864333333333333,1.8179
2025-10-29,1.1442,1.2749,1.281,1.3165,1.3663,1.372,1.3918,1.4085999999999999,1.4254,1.5018500000000001,1.5783,1.6402999999999999,1.7023,1.7418,1.7812999999999999,1.8208
2025-10-30,1.0442,1.2664,1.2725,1.2955,1.3522,1.3606,1.3831,1.39815,1.4132,1.48705,1.5609,1.62215,1.6834,1.7255333333333334,1.7676666666666667,1.8098
2025-10-31,1.0442,1.2689,1.2775,1.2885,1.3535,1.3656,1.3826,1.3986,1.4146,1.4904000000000002,1.5662,1.6215000000000002,1.6768,1.7163333333333335,1.7558666666666667,1.7954
2025-11-03,1.1042,1.2879,1.2909,1.2958,1.3544,1.3656,1.3892,1.40515,1.4211,1.49895,1.5768,1.62935,1.6819,1.7194,1.7569,1.7944
2025-11-04,1.1042,1.2889,1.2928,1.2985,1.3662,1.3806,1.3926,1.41185,1.4311,1.5053,1.5795,1.63335,1.6872,1.7242666666666666,1.7613333333333334,1.7984
2025-11-05,1.1242,1.2896,1.2928,1.2929,1.368,1.3856,1.404,1.4245999999999999,1.4452,1.5123,1.5794,1.6339,1.6884,1.7244,1.7604,1.7964
2025-11-06,1.1042,1.2946,1.2953,1.2993,1.3754,1.3856,1.4011,1.4245,1.4479,1.51675,1.5856,1.6435499999999998,1.7015,1.7376666666666667,1.7738333333333334,1.81
2025-11-07,1.1242,1.2946,1.2997,1.3093,1.3789,1.3856,1.4045,1.4247,1.4449,1.5161,1.5873,1.65055,1.7138,1.7472666666666667,1.7807333333333333,1.8142
2025-11-10,1.1442,1.2946,1.295,1.3355,1.3739,1.3831,1.3994,1.42215,1.4449,1.51395,1.583,1.6448,1.7066,1.7423666666666666,1.7781333333333333,1.8139
2025-11-11,1.1542,1.295,1.3092,1.3447,1.3682,1.3878,1.4048,1.4216,1.4384,1.5069,1.5754,1.64135,1.7073,1.7421666666666666,1.7770333333333335,1.8119
2025-11-12,1.1542,1.295,1.3177,1.3452,1.3713,1.3953,1.409,1.4235,1.438,1.5030000000000001,1.568,1.63455,1.7011,1.7364333333333333,1.7717666666666667,1.8071
2025-11-13,1.1442,1.295,1.3302,1.3429,1.3702,1.3953,1.409,1.42475,1.4405,1.5093999999999999,1.5783,1.6429,1.7075,1.7425333333333333,1.7775666666666667,1.8126
2025-11-14,1.1242,1.285,1.3152,1.3465,1.3701,1.3916,1.4104,1.4250500000000001,1.4397,1.51065,1.5816,1.6472,1.7128,1.7465333333333335,1.7802666666666667,1.814
2025-11-17,1.1642,1.2825,1.3175,1.3798,1.3952,1.3966,1.4064,1.42225,1.4381,1.51135,1.5846,1.64615,1.7077,1.7421,1.7765,1.8109
2025-11-18,1.1812,1.2869,1.3081,1.3811,1.4003,1.4017,1.4056,1.42185,1.4381,1.514,1.5899,1.6487,1.7075,1.7423666666666666,1.7772333333333334,1.8121
2025-11-19,1.1612,1.2916,1.3138,1.3857,1.4099,1.4017,1.4027,1.4206500000000002,1.4386,1.51695,1.5953,1.65425,1.7132,1.7481,1.7830000000000001,1.8179
2025-11-20,1.1513,1.2913,1.3078,1.3844,1.4001,1.4007,1.404,1.4198,1.4356,1.5104,1.5852,1.6432,1.7012,1.7386333333333333,1.7760666666666667,1.8135
2025-11-21,1.1563,1.2863,1.3104,1.3849,1.4002,1.4007,1.4008,1.4178000000000002,1.4348,1.51275,1.5907,1.6480000000000001,1.7053,1.7424,1.7795,1.8166
2025-11-24,1.1613,1.2763,1.3105,1.3898,1.4098,1.4032,1.4034,1.4191,1.4348,1.5146000000000002,1.5944,1.6472499999999999,1.7001,1.7404,1.7807,1.821
2025-11-25,1.1613,1.2761,1.3105,1.3905,1.4097,1.4033,1.4052,1.4195,1.4338,1.5178500000000001,1.6019,1.6562,1.7105,1.7503666666666666,1.7902333333333333,1.8301
2025-11-26,1.1713,1.2761,1.3205,1.3922,1.4122,1.4052,1.4067,1.42175,1.4368,1.52855,1.6203,1.6769,1.7335,1.7710666666666668,1.8086333333333333,1.8462
2025-11-27,1.1713,1.2762,1.3255,1.4073,1.4474,1.4057,1.4093,1.4297,1.4501,1.54025,1.6304,1.6911,1.7518,1.7857666666666667,1.8197333333333332,1.8537
2025-11-28,1.1613,1.2661,1.3184,1.3987,1.4373,1.3982,1.4017,1.4184,1.4351,1.5267,1.6183,1.6807500000000002,1.7432,1.7758666666666667,1.8085333333333333,1.8412
2025-12-01,1.19,1.2661,1.3744,1.45,1.4391,1.4082,1.4116,1.42345,1.4353,1.5232,1.6111,1.6731,1.7351,1.7689333333333335,1.8027666666666666,1.8366
2025-12-02,1.19,1.2664,1.4318,1.4499,1.4336,1.4035,1.4081,1.4224999999999999,1.4369,1.5267,1.6165,1.6776,1.7387,1.7738666666666667,1.8090333333333333,1.8442
2025-12-03,1.19,1.2764,1.4171,1.43,1.4243,1.4048,1.4116,1.42225,1.4329,1.52625,1.6196,1.6813,1.743,1.7793,1.8156,1.8519
2025-12-04,1.19,1.2964,1.42,1.4201,1.4248,1.411,1.4034,1.41955,1.4357,1.5408499999999998,1.646,1.7098,1.7736,1.8063333333333333,1.8390666666666666,1.8718
2025-12-05,1.2,1.2714,1.4075,1.4149,1.4093,1.4015,1.4016,1.41105,1.4205,1.52635,1.6322,1.68855,1.7449,1.7792666666666666,1.8136333333333334,1.848
2025-12-08,1.21,1.2714,1.4109,1.415,1.4091,1.4013,1.4014,1.40845,1.4155,1.52515,1.6348,1.6886,1.7424,1.7782333333333333,1.8140666666666667,1.8499
2025-12-09,1.2,1.2664,1.3975,1.3975,1.3806,1.3968,1.3969,1.405,1.4131,1.5214999999999999,1.6299,1.68155,1.7332,1.7696333333333334,1.8060666666666667,1.8425
2025-12-10,1.19,1.2764,1.39,1.3901,1.395,1.395,1.3951,1.403,1.4109,1.51875,1.6266,1.6785,1.7304,1.7685,1.8066,1.8447
2025-12-11,1.175,1.2608,1.3758,1.3804,1.3898,1.3878,1.3879,1.3994,1.4109,1.5141,1.6173,1.6689,1.7205,1.7604666666666666,1.8004333333333333,1.8404
2025-12-12,1.18,1.2695,1.3662,1.3706,1.3819,1.3868,1.3879,1.402,1.4161,1.522,1.6279,1.68445,1.741,1.7738666666666667,1.8067333333333333,1.8396
2025-12-15,1.2,1.2695,1.3799,1.3881,1.3925,1.3861,1.3872,1.4043,1.4214,1.53025,1.6391,1.6977,1.7563,1.7871333333333332,1.8179666666666667,1.8488
2025-12-16,1.2,1.2645,1.3699,1.3779,1.385,1.3807,1.3822,1.40175,1.4213,1.52875,1.6362,1.6927500000000002,1.7493,1.7814666666666668,1.8136333333333334,1.8458
2025-12-17,1.2,1.262,1.3649,1.376,1.3849,1.3785,1.3797,1.39665,1.4136,1.51885,1.6241,1.6797,1.7353,1.7682,1.8011000000000001,1.834
2025-12-18,1.19,1.2595,1.3452,1.3535,1.3607,1.3697,1.3747,1.38665,1.3986,1.50935,1.6201,1.67845,1.7368,1.7697333333333332,1.8026666666666666,1.8356
2025-12-19,1.19,1.2437,1.3336,1.35,1.35,1.3519,1.3547,1.3744,1.3941,1.4981,1.6021,1.66395,1.7258,1.7608,1.7958,1.8308
2025-12-22,1.1807,1.2378,1.317,1.3202,1.35,1.3524,1.3547,1.3749,1.3951,1.5017,1.6083,1.6738,1.7393,1.7733666666666668,1.8074333333333332,1.8415
2025-12-23,1.1607,1.2428,1.295,1.2954,1.3394,1.34,1.3422,1.3639000000000001,1.3856,1.49065,1.5957,1.656,1.7163,1.7559333333333333,1.7955666666666665,1.8352
2025-12-24,1.1507,1.2502,1.2905,1.2905,1.3344,1.335,1.3372,1.3578000000000001,1.3784,1.48875,1.5991,1.6537,1.7083,1.7507333333333333,1.7931666666666666,1.8356
2025-12-25,1.1457,1.2402,1.2805,1.3056,1.3243,1.3064,1.3072,1.3377,1.3682,1.4855,1.6028,1.6583,1.7138,1.7554,1.797,1.8386
2025-12-26,1.1057,1.1901,1.248,1.3053,1.3185,1.2872,1.2872,1.3249499999999999,1.3627,1.47875,1.5948,1.64905,1.7033,1.7480666666666667,1.7928333333333333,1.8376
2025-12-29,1.1357,1.1988,1.2633,1.283,1.3398,1.3147,1.3322,1.3542,1.3762,1.4965,1.6168,1.6712,1.7256,1.7698666666666667,1.8141333333333334,1.8584
2025-12-30,1.1357,1.2009,1.2648,1.2657,1.3398,1.3147,1.3372,1.3576,1.378,1.50415,1.6303,1.6818,1.7333,1.7749333333333335,1.8165666666666667,1.8582
2025-12-31,1.12,1.2005,1.2501,1.2657,1.3398,1.3147,1.3372,1.3601,1.383,1.50695,1.6309,1.6834,1.7359,1.7730333333333332,1.8101666666666667,1.8473
2026-01-04,1.051,1.2037,1.2501,1.2569,1.3353,1.3127,1.3322,1.3537,1.3752,1.4999500000000001,1.6247,1.67815,1.7316,1.7686333333333333,1.8056666666666668,1.8427
2026-01-05,1.081,1.1981,1.243,1.2547,1.3247,1.3368,1.3562,1.38125,1.4063,1.5220500000000001,1.6378,1.6923,1.7468,1.784,1.8212,1.8584
2026-01-06,1.081,1.1981,1.243,1.2555,1.325,1.3368,1.3562,1.3984,1.4406,1.55285,1.6651,1.71895,1.7728,1.8094999999999999,1.8462,1.8829
2026-01-07,1.111,1.1968,1.243,1.2554,1.3176,1.3359,1.3562,1.4156,1.475,1.5741,1.6732,1.7288999999999999,1.7846,1.8236999999999999,1.8628,1.9019
2026-01-08,1.115,1.2112,1.2431,1.2583,1.3098,1.305,1.3237,1.39065,1.4576,1.5593,1.661,1.71155,1.7621,1.8049,1.8477000000000001,1.8905
2026-01-09,1.117,1.27,1.27,1.2767,1.3199,1.2704,1.2887,1.37465,1.4606,1.55785,1.6551,1.7072,1.7593,1.7989333333333335,1.8385666666666667,1.8782
2026-01-12,1.09,1.27,1.27,1.2703,1.3143,1.2351,1.2537,1.3569,1.4601,1.5514000000000001,1.6427,1.6965,1.7503,1.7863666666666667,1.8224333333333333,1.8585
2026-01-13,1.09,1.2689,1.27,1.2705,1.319,1.2375,1.2562,1.35825,1.4603,1.55155,1.6428,1.6953,1.7478,1.7825,1.8172000000000001,1.8519
2026-01-14,1.1,1.2597,1.2698,1.2707,1.3189,1.2525,1.2712,1.3661500000000002,1.4611,1.5447000000000002,1.6283,1.6832,1.7381,1.7752,1.8123,1.8494
2026-01-15,1.09,1.2511,1.2906,1.2914,1.2988,1.2425,1.2611,1.3548,1.4485,1.53825,1.628,1.6818499999999998,1.7357,1.7752666666666668,1.8148333333333333,1.8544
2026-01-16,1.09,1.2556,1.2833,1.2874,1.2981,1.225,1.2424,1.3355000000000001,1.4286,1.51925,1.6099,1.6628500000000002,1.7158,1.758,1.8002,1.8424
2026-01-19,1.083,1.2556,1.2911,1.32,1.3201,1.2054,1.2884,1.3601999999999999,1.432,1.5209,1.6098,1.6659,1.722,1.7610999999999999,1.8002,1.8393
2026-01-20,1.088,1.2556,1.2974,1.3399,1.3201,1.2005,1.2738,1.3467,1.4196,1.511,1.6024,1.6569500000000001,1.7115,1.7518666666666667,1.7922333333333333,1.8326
2026-01-21,1.088,1.2583,1.3028,1.3548,1.3303,1.1959,1.2854,1.3536000000000001,1.4218,1.51305,1.6043,1.6528,1.7013,1.7446,1.7879,1.8312
2026-01-22,1.088,1.2608,1.3228,1.3594,1.3065,1.1962,1.2863,1.35835,1.4304,1.52255,1.6147,1.6618,1.7089,1.7534333333333334,1.7979666666666667,1.8425
2026-01-23,1.088,1.2608,1.3228,1.3517,1.3061,1.1944,1.2819,1.3521,1.4223,1.5093999999999999,1.5965,1.6453,1.6941,1.7393333333333334,1.7845666666666666,1.8298
2026-01-26,1.112,1.2519,1.3204,1.3598,1.3143,1.2026,1.2948,1.3574,1.42,1.50875,1.5975,1.64715,1.6968,1.7392666666666667,1.7817333333333334,1.8242
2026-01-27,1.112,1.2576,1.3329,1.3623,1.3207,1.2129,1.3029,1.363,1.4231,1.5123,1.6015,1.65045,1.6994,1.7433,1.7872,1.8311
2026-01-28,1.112,1.2576,1.3279,1.3649,1.3552,1.2184,1.3053,1.36065,1.416,1.49905,1.5821,1.63605,1.69,1.7321333333333333,1.7742666666666667,1.8164
2026-01-29,1.112,1.2576,1.3417,1.3599,1.3504,1.2139,1.3008,1.35355,1.4063,1.49235,1.5784,1.63175,1.6851,1.7292,1.7732999999999999,1.8174
2026-01-30,1.112,1.2641,1.3443,1.3546,1.3259,1.2126,1.2999,1.35065,1.4014,1.48875,1.5761,1.626,1.6759,1.7209999999999999,1.7661,1.8112
2026-02-02,1.112,1.2591,1.3405,1.3493,1.3214,1.2089,1.3076,1.3536,1.3996,1.4882,1.5768,1.6313,1.6858,1.7305333333333333,1.7752666666666668,1.82
2026-02-03,1.107,1.2691,1.3405,1.3491,1.3164,1.2054,1.3073,1.3483,1.3893,1.4807,1.5721,1.62785,1.6836,1.7281333333333333,1.7726666666666666,1.8172
2026-02-04,1.107,1.2691,1.3405,1.3466,1.3164,1.2054,1.3078,1.3487,1.3896,1.4822,1.5748,1.6305,1.6862,1.7305666666666666,1.7749333333333333,1.8193
2026-02-05,1.107,1.2691,1.3368,1.3414,1.3108,1.2079,1.3104,1.3455,1.3806,1.4746000000000001,1.5686,1.6223999999999998,1.6762,1.7230999999999999,1.77,1.8169
2026-02-06,1.092,1.3304,1.3313,1.3414,1.3294,1.2104,1.3207,1.3508,1.3809,1.4680499999999999,1.5552,1.6108500000000001,1.6665,1.7144000000000001,1.7623,1.8102
2026-02-09,1.085,1.3297,1.3321,1.3399,1.3257,1.2104,1.3153,1.3470499999999999,1.3788,1.46605,1.5533,1.60495,1.6566,1.7082,1.7598,1.8114
2026-02-10,1.145,1.3322,1.3346,1.3374,1.3228,1.2121,1.3151,1.34695,1.3788,1.46375,1.5487,1.60285,1.657,1.7078,1.7586,1.8094
2026-02-11,1.185,1.3197,1.3271,1.3299,1.3175,1.2096,1.3141,1.34645,1.3788,1.46115,1.5435,1.5957,1.6479,1.6984,1.7489000000000001,1.7994
2026-02-12,1.185,1.3235,1.3271,1.3299,1.3124,1.2121,1.3164,1.34615,1.3759,1.4573,1.5387,1.59035,1.642,1.6910999999999998,1.7402,1.7893
2026-02-13,1.088,1.3148,1.33,1.34,1.3175,1.2121,1.3168,1.34645,1.3761,1.46005,1.544,1.59955,1.6551,1.701,1.7469,1.7928
2026-02-14,1.058,1.3214,1.3366,1.3428,1.3165,1.2111,1.3145,1.3443500000000002,1.3742,1.4554,1.5366,1.59435,1.6521,1.6980333333333333,1.7439666666666667,1.7899
2026-02-24,1.103,1.3148,1.3301,1.3302,1.3087,1.2149,1.315,1.3447,1.3744,1.4552,1.536,1.5914000000000001,1.6468,1.6986333333333334,1.7504666666666666,1.8023
2026-02-25,1.119,1.3098,1.3226,1.3252,1.3064,1.2174,1.3218,1.3512,1.3806,1.4650500000000002,1.5495,1.6061,1.6627,1.7137333333333333,1.7647666666666668,1.8158
2026-02-26,1.111,1.2998,1.3076,1.3139,1.2911,1.2199,1.3272,1.3563999999999998,1.3856,1.4741,1.5626,1.62355,1.6845,1.7326000000000001,1.7807,1.8288
2026-02-27,1.111,1.2898,1.2976,1.2989,1.2914,1.2205,1.3216,1.3521,1.3826,1.46625,1.5499,1.6128,1.6757,1.7130333333333334,1.7503666666666666,1.7877
2026-02-28,1.081,1.2573,1.2626,1.2765,1.2817,1.2181,1.3168,1.3472,1.3776,1.4600499999999998,1.5425,1.60355,1.6646,1.7015,1.7384000000000002,1.7753
2026-03-02,1.1177,1.2617,1.2776,1.29,1.283,1.2357,1.3093,1.341,1.3727,1.4553,1.5379,1.5984,1.6589,1.6979666666666666,1.7370333333333334,1.7761
2026-03-03,1.1177,1.2514,1.2596,1.2602,1.2653,1.2356,1.3018,1.3323,1.3628,1.4523000000000001,1.5418,1.6041,1.6664,1.7045000000000001,1.7426,1.7807
2026-03-04,1.0977,1.2314,1.2396,1.2524,1.2563,1.2342,1.2918,1.3249,1.358,1.4433,1.5286,1.5911,1.6536,1.6946666666666665,1.7357333333333334,1.7768
2026-03-05,1.1077,1.2331,1.24,1.2403,1.2479,1.2363,1.2918,1.32735,1.3629,1.44705,1.5312,1.5920999999999998,1.653,1.6946333333333334,1.7362666666666666,1.7779
2026-03-06,1.1076,1.2281,1.23,1.2304,1.2585,1.2674,1.2858,1.32435,1.3629,1.4485000000000001,1.5341,1.5967500000000001,1.6594,1.6999333333333333,1.7404666666666666,1.781
2026-03-09,1.1136,1.2431,1.255,1.255,1.2576,1.2659,1.2868,1.3305,1.3742,1.4669,1.5596,1.6231,1.6866,1.7262,1.7658,1.8054
