date,0y,1y,2y,3y,4y,5y,6y,7y,8y,9y,10y
2014-02-14,0.06,0.0917,0.3879,0.7836,1.1842,1.5555,1.8889,2.1853,2.4493,2.6857,2.8992
2014-02-18,0.06,0.0828,0.371,0.763,1.1621,1.533,1.8663,2.1629,2.4271,2.6639,2.8776
2014-02-19,0.06,0.0935,0.3822,0.7748,1.1745,1.5458,1.8795,2.1764,2.4408,2.6777,2.8915
2014-02-20,0.06,0.1021,0.3973,0.7937,1.1955,1.5681,1.9026,2.2,2.4648,2.7019,2.9158
2014-02-21,0.06,0.0968,0.3912,0.7873,1.1891,1.5618,1.8964,2.1939,2.4588,2.696,2.91
2014-02-24,0.06,0.1029,0.4006,0.7977,1.1996,1.572,1.9062,2.2033,2.4678,2.7046,2.9183
2014-02-25,0.06,0.0958,0.3868,0.7788,1.1768,1.5463,1.8782,2.1737,2.4368,2.6727,2.8857
2014-02-26,0.07,0.0859,0.3698,0.7569,1.1515,1.5185,1.8486,2.1427,2.4049,2.64,2.8525
2014-02-27,0.07,0.0818,0.3627,0.7463,1.1377,1.5021,1.8301,2.1225,2.3833,2.6173,2.8289
2014-02-28,0.07,0.091,0.3739,0.7575,1.148,1.5112,1.8381,2.1295,2.3895,2.6229,2.8339
2014-03-03,0.07,0.0848,0.3589,0.7356,1.1208,1.4799,1.8038,2.0928,2.351,2.5829,2.7929
2014-03-04,0.07,0.1038,0.3913,0.7758,1.1657,1.5278,1.8535,2.1438,2.4028,2.6353,2.8456
2014-03-05,0.07,0.1086,0.3985,0.7847,1.1759,1.539,1.8655,2.1563,2.4157,2.6485,2.859
2014-03-06,0.07,0.1159,0.4148,0.8068,1.2019,1.5676,1.8959,2.188,2.4483,2.6818,2.8928
2014-03-07,0.07,0.1347,0.4482,0.8488,1.2493,1.6184,1.949,2.2426,2.504,2.7382,2.9497
2014-03-10,0.07,0.1308,0.4481,0.8513,1.2535,1.6239,1.9554,2.2497,2.5116,2.7462,2.9579
2014-03-11,0.07,0.1275,0.4444,0.8469,1.2483,1.6181,1.9489,2.2428,2.5043,2.7386,2.9501
2014-03-12,0.08,0.1154,0.4257,0.8236,1.2217,1.589,1.9182,2.2108,2.4714,2.705,2.916
2014-03-13,0.08,0.1021,0.3994,0.7881,1.1796,1.5421,1.8677,2.1577,2.4163,2.6484,2.8582
2014-03-14,0.08,0.1068,0.4021,0.7873,1.1754,1.5348,1.8578,2.1457,2.4026,2.6333,2.8421
2014-03-17,0.08,0.1226,0.425,0.8132,1.2022,1.5618,1.8845,2.1719,2.4283,2.6585,2.8669
2014-03-18,0.08,0.1174,0.419,0.806,1.1938,1.5524,1.8743,2.161,2.4169,2.6467,2.8548
2014-03-19,0.08,0.1736,0.506,0.9064,1.2993,1.6592,1.9807,2.2663,2.5208,2.7491,2.9557
2014-03-20,0.08,0.174,0.5146,0.9192,1.3145,1.6756,1.9978,2.2838,2.5385,2.767,2.9736
2014-03-21,0.08,0.1701,0.5129,0.9172,1.3111,1.6708,1.9915,2.2763,2.53,2.7576,2.9636
2014-03-24,0.08,0.1788,0.527,0.9311,1.3227,1.6795,1.9975,2.2799,2.5315,2.7574,2.9619
2014-03-25,0.08,0.1781,0.5301,0.9351,1.3264,1.6824,1.9996,2.2812,2.5321,2.7574,2.9614
2014-03-26,0.08,0.1565,0.5011,0.9022,1.2916,1.6466,1.9634,2.2448,2.4957,2.7211,2.9252
2014-03-27,0.08,0.1541,0.4983,0.897,1.2836,1.6359,1.9504,2.2298,2.4792,2.7033,2.9065
2014-03-28,0.08,0.1661,0.5198,0.9226,1.3107,1.6635,1.9777,2.2568,2.5058,2.7295,2.9322
2014-03-31,0.08,0.1627,0.516,0.9198,1.3093,1.6634,1.979,2.2592,2.509,2.7334,2.9367
2014-04-01,0.08,0.1609,0.5184,0.9263,1.3193,1.6763,1.9942,2.2762,2.5274,2.753,2.9572
2014-04-02,0.08,0.1743,0.5468,0.9637,1.3624,1.7231,2.0434,2.327,2.5794,2.8057,3.0105
2014-04-03,0.08,0.1648,0.5404,0.9601,1.361,1.7234,2.0451,2.3299,2.5832,2.8103,3.0156
2014-04-04,0.08,0.1459,0.5091,0.922,1.3191,1.6794,1.9998,2.2839,2.5368,2.7636,2.9689
2014-04-07,0.08,0.1371,0.4896,0.8962,1.2895,1.6473,1.9662,2.2491,2.5013,2.7276,2.9325
2014-04-08,0.08,0.137,0.4835,0.8854,1.2751,1.6303,1.947,2.2283,2.4793,2.7047,2.9088
2014-04-09,0.08,0.1284,0.4693,0.8699,1.2601,1.6163,1.9344,2.2169,2.4689,2.6952,2.9002
2014-04-10,0.08,0.1143,0.4405,0.8332,1.2189,1.5726,1.8892,2.1708,2.4223,2.6483,2.8531
2014-04-11,0.08,0.1139,0.4334,0.8216,1.2042,1.5558,1.8707,2.1513,2.4019,2.6273,2.8316
2014-04-14,0.08,0.1223,0.4439,0.8325,1.2148,1.5658,1.8802,2.1602,2.4103,2.6353,2.8392
2014-04-15,0.08,0.1266,0.4508,0.8393,1.2206,1.5703,1.8834,2.1623,2.4114,2.6356,2.8389
2014-04-16,0.09,0.1379,0.4693,0.8602,1.2417,1.5907,1.9029,2.1808,2.4291,2.6524,2.855
2014-04-17,0.09,0.157,0.508,0.9099,1.2979,1.6509,1.9656,2.245,2.4943,2.7183,2.9213
2014-04-21,0.09,0.1568,0.511,0.9155,1.3055,1.66,1.9758,2.2562,2.5062,2.7307,2.9342
2014-04-22,0.09,0.1584,0.5171,0.9236,1.3145,1.6693,1.9852,2.2655,2.5153,2.7398,2.9431
2014-04-23,0.1,0.1437,0.4996,0.9046,1.2945,1.6489,1.9645,2.2447,2.4945,2.7189,2.9222
2014-04-24,0.1,0.1442,0.5033,0.9088,1.2984,1.6519,1.9667,2.2461,2.4952,2.7191,2.9219
2014-04-25,0.1,0.1451,0.5025,0.9058,1.2933,1.6451,1.9584,2.2367,2.4849,2.708,2.9102
2014-04-28,0.1,0.1504,0.5088,0.9124,1.2999,1.6515,1.9645,2.2426,2.4906,2.7135,2.9156
2014-04-29,0.1,0.1528,0.5132,0.9174,1.3048,1.6561,1.9688,2.2465,2.4942,2.7168,2.9187
2014-04-30,0.09,0.1414,0.4932,0.8927,1.2776,1.6274,1.9393,2.2165,2.4639,2.6865,2.8883
2014-05-01,0.09,0.1339,0.4765,0.8697,1.25,1.5966,1.9062,2.1816,2.4278,2.6493,2.8504
2014-05-02,0.09,0.1403,0.4829,0.8728,1.2489,1.5915,1.8976,2.1701,2.4139,2.6335,2.833
2014-05-05,0.09,0.1477,0.4928,0.8828,1.2581,1.5997,1.9047,2.1762,2.4191,2.638,2.8369
2014-05-06,0.09,0.1501,0.4954,0.8834,1.2562,1.5954,1.8982,2.1681,2.4095,2.6272,2.8252
2014-05-07,0.09,0.1441,0.486,0.8719,1.2433,1.5815,1.8838,2.1532,2.3944,2.6119,2.8097
2014-05-08,0.09,0.1379,0.475,0.8585,1.2287,1.5664,1.8684,2.1377,2.3788,2.5964,2.7942
2014-05-09,0.09,0.1371,0.4733,0.8572,1.2281,1.5666,1.8693,2.1392,2.3809,2.5988,2.797
2014-05-12,0.09,0.1446,0.4865,0.8743,1.2482,1.5888,1.8931,2.1642,2.4067,2.6254,2.8241
2014-05-13,0.09,0.1343,0.4694,0.8537,1.2257,1.5653,1.869,2.1399,2.3823,2.6009,2.7996
2014-05-14,0.08,0.1181,0.4396,0.8153,1.1817,1.5175,1.8186,2.0876,2.3287,2.5464,2.7444
2014-05-15,0.08,0.116,0.4281,0.7959,1.1559,1.4866,1.7839,2.0498,2.2886,2.5044,2.701
2014-05-16,0.08,0.1226,0.4356,0.8027,1.1615,1.491,1.7871,2.0521,2.29,2.5051,2.7012
2014-05-19,0.08,0.1212,0.4348,0.8031,1.1633,1.4941,1.7913,2.0571,2.2958,2.5115,2.7081
2014-05-20,0.08,0.1157,0.4235,0.789,1.1479,1.478,1.7749,2.0407,2.2794,2.4952,2.6918
2014-05-21,0.09,0.1199,0.4285,0.7959,1.1567,1.4886,1.787,2.0539,2.2936,2.5101,2.7074
2014-05-22,0.09,0.1259,0.4398,0.8102,1.1729,1.5059,1.8051,2.0725,2.3125,2.5293,2.7267
2014-05-23,0.09,0.1235,0.4351,0.8042,1.1662,1.4988,1.7977,2.065,2.3049,2.5216,2.719
2014-05-27,0.09,0.1248,0.4344,0.8017,1.162,1.4933,1.7912,2.0577,2.2969,2.5131,2.71
2014-05-28,0.09,0.1137,0.4115,0.7697,1.1231,1.4492,1.7431,2.0066,2.2435,2.458,2.6536
2014-05-29,0.09,0.1201,0.4182,0.7745,1.1254,1.4491,1.7409,2.0026,2.238,2.4513,2.6459
2014-05-30,0.09,0.1314,0.4349,0.7931,1.1444,1.4678,1.759,2.0201,2.255,2.4677,2.6618
2014-06-02,0.09,0.1487,0.465,0.8302,1.1854,1.5111,1.8036,2.0655,2.3009,2.5139,2.7081
2014-06-03,0.09,0.1601,0.49,0.8644,1.2261,1.5563,1.8522,2.1165,2.3537,2.568,2.7632
2014-06-04,0.09,0.1575,0.4926,0.8723,1.2386,1.5727,1.8717,2.1384,2.3775,2.5934,2.7899
2014-06-05,0.09,0.1477,0.4796,0.8592,1.2266,1.5621,1.8624,2.1305,2.3707,2.5875,2.7847
2014-06-06,0.09,0.1539,0.4889,0.8702,1.2386,1.5747,1.8754,2.1437,2.384,2.6009,2.7982
2014-06-09,0.09,0.1631,0.5045,0.8889,1.2585,1.5951,1.896,2.1641,2.4043,2.621,2.8181
2014-06-10,0.09,0.1723,0.5213,0.9092,1.2805,1.6178,1.9188,2.187,2.427,2.6435,2.8404
2014-06-11,0.09,0.1706,0.5208,0.9096,1.2815,1.6192,1.9205,2.1889,2.4291,2.6457,2.8427
2014-06-12,0.09,0.1602,0.5013,0.8839,1.2514,1.586,1.885,2.1518,2.3908,2.6065,2.8028
2014-06-13,0.09,0.174,0.5199,0.9028,1.2691,1.6018,1.8991,2.1642,2.4017,2.6162,2.8115
2014-06-16,0.09,0.1841,0.5347,0.9178,1.2825,1.6132,1.9084,2.1717,2.4077,2.6209,2.8151
2014-06-17,0.09,0.2021,0.5657,0.9547,1.3219,1.6534,1.9488,2.2118,2.4475,2.6602,2.854
2014-06-18,0.1,0.1921,0.5532,0.9391,1.3034,1.6326,1.926,2.1875,2.4219,2.6337,2.8267
2014-06-19,0.1,0.186,0.5489,0.9361,1.3012,1.631,1.9249,2.1868,2.4214,2.6334,2.8266
2014-06-20,0.1,0.1855,0.5509,0.9385,1.3033,1.6325,1.9257,2.1869,2.421,2.6326,2.8254
2014-06-23,0.1,0.1903,0.556,0.943,1.307,1.6353,1.9277,2.1883,2.4219,2.633,2.8254
2014-06-24,0.1,0.1865,0.5476,0.9308,1.2917,1.6176,1.9083,2.1674,2.3999,2.6102,2.8019
2014-06-25,0.1,0.1712,0.5262,0.9063,1.2658,1.591,1.8813,2.1404,2.373,2.5833,2.7752
2014-06-26,0.1,0.1677,0.5133,0.8872,1.2423,1.5645,1.8526,2.11,2.3413,2.5508,2.742
2014-06-27,0.1,0.1671,0.5104,0.8829,1.237,1.5585,1.8462,2.1033,2.3344,2.5436,2.7347
2014-06-30,0.1,0.1709,0.5104,0.88,1.2322,1.5523,1.8389,2.0952,2.3257,2.5345,2.7252
2014-07-01,0.1,0.1783,0.5256,0.8999,1.2548,1.5766,1.8643,2.1213,2.3523,2.5614,2.7523
2014-07-02,0.1,0.1919,0.5523,0.9345,1.2944,1.6195,1.9093,2.1679,2.3999,2.6097,2.8011
2014-07-03,0.1,0.2023,0.5744,0.9625,1.3253,1.6518,1.9424,2.2012,2.4332,2.643,2.8343
2014-07-07,0.1,0.2054,0.5778,0.9648,1.3263,1.6515,1.9409,2.1988,2.43,2.6392,2.8299
2014-07-08,0.1,0.1958,0.5621,0.9437,1.3008,1.6225,1.9091,2.1648,2.3943,2.6022,2.7919
2014-07-09,0.09,0.1966,0.56,0.9378,1.2912,1.6097,1.8937,2.1473,2.3752,2.5817,2.7704
2014-07-10,0.09,0.1865,0.5448,0.9196,1.2711,1.5883,1.8715,2.1245,2.352,2.5582,2.7467
2014-07-11,0.09,0.1845,0.5385,0.9097,1.2585,1.5736,1.8551,2.1068,2.3334,2.5388,2.7267
2014-07-14,0.09,0.1924,0.5507,0.9241,1.2738,1.5893,1.871,2.1228,2.3493,2.5547,2.7425
2014-07-15,0.09,0.1989,0.5631,0.9386,1.2889,1.6043,1.8855,2.1368,2.3628,2.5677,2.7551
2014-07-16,0.09,0.2067,0.575,0.9506,1.2994,1.6128,1.8922,2.1418,2.3664,2.5701,2.7565
2014-07-17,0.09,0.1881,0.5451,0.9126,1.2555,1.5647,1.8409,2.0882,2.311,2.5135,2.6989
2014-07-18,0.09,0.2018,0.565,0.9332,1.2747,1.5818,1.856,2.1013,2.3224,2.5235,2.7077
2014-07-21,0.09,0.2134,0.5792,0.9459,1.2845,1.5886,1.8599,2.1028,2.322,2.5213,2.7041
2014-07-22,0.09,0.2129,0.5769,0.9412,1.2777,1.5799,1.8497,2.0915,2.3096,2.5081,2.6904
2014-07-23,0.09,0.2047,0.5675,0.9314,1.2676,1.5697,1.8395,2.0812,2.2994,2.498,2.6803
2014-07-24,0.09,0.2209,0.5939,0.963,1.3018,1.6053,1.8758,2.1178,2.336,2.5346,2.7168
2014-07-25,0.09,0.2173,0.5877,0.9537,1.2899,1.591,1.8596,2.1001,2.3172,2.5149,2.6963
2014-07-28,0.09,0.2272,0.6025,0.9704,1.307,1.6081,1.8763,2.1164,2.3331,2.5303,2.7114
2014-07-29,0.09,0.2215,0.5956,0.9611,1.2952,1.594,1.8603,2.0989,2.3143,2.5105,2.6908
2014-07-30,0.09,0.2465,0.6351,1.0089,1.3479,1.6497,1.9179,2.1576,2.3738,2.5705,2.751
2014-07-31,0.09,0.2378,0.6306,1.0091,1.3525,1.658,1.9292,2.1714,2.3895,2.5878,2.7696
2014-08-01,0.09,0.2069,0.5847,0.9577,1.2997,1.6057,1.8781,2.1216,2.3411,2.5406,2.7236
2014-08-04,0.09,0.2027,0.5713,0.9403,1.2808,1.5863,1.8587,2.1025,2.3224,2.5222,2.7055
2014-08-05,0.09,0.1975,0.5632,0.9313,1.2717,1.5775,1.8504,2.0946,2.3148,2.5151,2.6987
2014-08-06,0.09,0.1954,0.5585,0.9253,1.2652,1.5707,1.8434,2.0877,2.3079,2.5081,2.6918
2014-08-07,0.09,0.1826,0.5355,0.896,1.2318,1.5347,1.8056,2.0485,2.2679,2.4675,2.6507
2014-08-08,0.09,0.1954,0.5495,0.9084,1.2419,1.5424,1.8112,2.0523,2.2701,2.4685,2.6507
2014-08-11,0.09,0.2027,0.5572,0.9151,1.247,1.546,1.8134,2.0534,2.2703,2.4679,2.6494
2014-08-12,0.09,0.2074,0.565,0.9242,1.2565,1.5555,1.8229,2.0627,2.2794,2.4768,2.6581
2014-08-13,0.09,0.1975,0.5473,0.9025,1.2328,1.5308,1.7976,2.0372,2.2538,2.4512,2.6326
2014-08-14,0.09,0.193,0.5368,0.8881,1.2158,1.512,1.7776,2.0163,2.2322,2.4291,2.6102
2014-08-15,0.09,0.1875,0.5248,0.8697,1.1919,1.4835,1.7454,1.9812,2.1949,2.39,2.5697
2014-08-18,0.09,0.1983,0.5415,0.8886,1.2112,1.5026,1.764,1.9992,2.2123,2.407,2.5862
2014-08-19,0.09,0.2057,0.5539,0.9029,1.2261,1.5174,1.7785,2.0134,2.2261,2.4203,2.5992
2014-08-20,0.09,0.2237,0.5818,0.9348,1.2593,1.5508,1.8115,2.0458,2.2579,2.4516,2.6298
2014-08-21,0.09,0.2231,0.5844,0.9374,1.2608,1.5507,1.81,2.0429,2.2539,2.4467,2.6242
2014-08-22,0.09,0.2341,0.6013,0.9548,1.2765,1.5643,1.8213,2.0523,2.2615,2.4528,2.6291
2014-08-25,0.09,0.2393,0.6096,0.962,1.2811,1.566,1.8205,2.0492,2.2565,2.4463,2.6212
2014-08-26,0.09,0.2377,0.61,0.9621,1.2802,1.5639,1.8171,2.0448,2.2513,2.4403,2.6147
2014-08-27,0.09,0.2366,0.6055,0.9537,1.2682,1.5489,1.7996,2.0253,2.2303,2.418,2.5914
2014-08-28,0.09,0.227,0.5915,0.9361,1.2478,1.5263,1.7754,1.9999,2.2038,2.3909,2.5637
2014-08-29,0.09,0.2256,0.5898,0.9343,1.2459,1.5243,1.7734,1.9978,2.2018,2.3888,2.5616
2014-09-02,0.09,0.2462,0.6229,0.9744,1.2901,1.5709,1.8215,2.0468,2.2513,2.4387,2.6117
2014-09-03,0.08,0.2455,0.6251,0.9786,1.2957,1.5776,1.829,2.0549,2.2599,2.4475,2.6208
2014-09-04,0.08,0.2494,0.6357,0.9942,1.315,1.5997,1.8532,2.0807,2.2869,2.4755,2.6495
2014-09-05,0.08,0.2419,0.628,0.9887,1.3124,1.5998,1.8557,2.0852,2.293,2.483,2.6581
2014-09-08,0.08,0.2472,0.6387,1.0028,1.3287,1.6176,1.8745,2.1048,2.3131,2.5035,2.6788
2014-09-09,0.08,0.2554,0.6553,1.0238,1.3522,1.6424,1.9001,2.1307,2.3393,2.5297,2.7051
2014-09-10,0.09,0.2629,0.6713,1.045,1.3766,1.669,1.9281,2.1597,2.369,2.5599,2.7356
2014-09-11,0.09,0.2617,0.6734,1.05,1.3839,1.6781,1.9386,2.1714,2.3815,2.5731,2.7494
2014-09-12,0.09,0.2701,0.6919,1.0769,1.4174,1.7167,1.9812,2.217,2.4295,2.6229,2.8006
2014-09-15,0.09,0.2616,0.681,1.0665,1.4087,1.71,1.9763,2.2137,2.4275,2.622,2.8006
2014-09-16,0.09,0.2479,0.6638,1.0503,1.395,1.6992,1.9681,2.2078,2.4235,2.6197,2.7997
2014-09-17,0.09,0.2586,0.6791,1.0689,1.4158,1.7215,1.9916,2.2321,2.4485,2.6451,2.8254
2014-09-18,0.09,0.2655,0.6928,1.0867,1.4363,1.7437,2.015,2.2563,2.4733,2.6703,2.8509
2014-09-19,0.09,0.2618,0.6866,1.0778,1.4249,1.7303,1.9999,2.2399,2.4558,2.652,2.8319
2014-09-22,0.09,0.2494,0.6686,1.0563,1.4013,1.7053,1.9739,2.2133,2.4287,2.6246,2.8043
2014-09-23,0.09,0.2444,0.6585,1.0421,1.3839,1.6854,1.9521,2.19,2.4043,2.5994,2.7784
2014-09-24,0.09,0.251,0.6696,1.0556,1.3986,1.7008,1.9679,2.2061,2.4205,2.6156,2.7946
2014-09-25,0.09,0.2351,0.645,1.0256,1.3652,1.6652,1.9308,2.1679,2.3816,2.5762,2.7549
2014-09-26,0.09,0.2507,0.6675,1.0499,1.3892,1.688,1.9522,2.188,2.4006,2.5941,2.772
2014-09-29,0.09,0.2507,0.6616,1.039,1.3741,1.6697,1.9314,2.1652,2.3762,2.5685,2.7454
2014-09-30,0.09,0.2559,0.6685,1.0456,1.3797,1.6741,1.9347,2.1675,2.3776,2.5693,2.7456
2014-10-01,0.09,0.2305,0.6246,0.9902,1.317,1.6065,1.8638,2.0944,2.3029,2.4935,2.669
2014-10-02,0.09,0.2334,0.628,0.9928,1.3185,1.6068,1.863,2.0926,2.3005,2.4904,2.6654
2014-10-03,0.09,0.2507,0.652,1.0174,1.3412,1.6271,1.8808,2.1082,2.3141,2.5023,2.6759
2014-10-06,0.09,0.2467,0.6424,1.0042,1.3256,1.6097,1.8622,2.0887,2.2939,2.4817,2.655
2014-10-07,0.09,0.2309,0.6135,0.9666,1.2822,1.5622,1.8119,2.0363,2.24,2.4267,2.5992
2014-10-08,0.09,0.2089,0.5768,0.9235,1.2365,1.5159,1.7656,1.9906,2.1949,2.3822,2.5553
2014-10-09,0.09,0.2084,0.571,0.915,1.2265,1.5051,1.7544,1.9791,2.1833,2.3706,2.5437
2014-10-10,0.09,0.2013,0.5576,0.8981,1.2076,1.485,1.7336,1.9578,2.1617,2.3488,2.5217
2014-10-14,0.09,0.171,0.5035,0.831,1.1333,1.4066,1.6528,1.8756,2.0787,2.2654,2.4382
2014-10-15,0.09,0.1535,0.463,0.7777,1.0726,1.3415,1.585,1.8061,2.0082,2.1942,2.3667
2014-10-16,0.09,0.1618,0.4665,0.7784,1.0716,1.3394,1.5822,1.8028,2.0045,2.1902,2.3625
2014-10-17,0.09,0.1804,0.4941,0.8105,1.1059,1.3747,1.6179,1.8386,2.0403,2.2259,2.398
2014-10-20,0.09,0.1732,0.4826,0.7972,1.0921,1.3609,1.6044,1.8254,2.0274,2.2134,2.3857
2014-10-21,0.09,0.1788,0.4914,0.809,1.1064,1.3772,1.6222,1.8445,2.0475,2.2341,2.407
2014-10-22,0.09,0.1858,0.5033,0.8241,1.1236,1.3958,1.6418,1.8648,2.0683,2.2553,2.4285
2014-10-23,0.09,0.1969,0.5257,0.8534,1.1574,1.4326,1.6807,1.9051,2.1095,2.2972,2.4709
2014-10-24,0.09,0.194,0.5257,0.8559,1.1619,1.4388,1.6881,1.9135,2.1187,2.3071,2.4812
2014-10-27,0.09,0.1878,0.517,0.8468,1.1531,1.4306,1.6806,1.9066,2.1124,2.3012,2.4758
2014-10-28,0.09,0.1932,0.5272,0.8603,1.169,1.4482,1.6994,1.9263,2.1328,2.3222,2.4971
2014-10-29,0.09,0.2253,0.5741,0.9132,1.2238,1.503,1.7536,1.9796,2.185,2.3733,2.5473
2014-10-30,0.09,0.2217,0.5733,0.9127,1.2227,1.501,1.7506,1.9758,2.1806,2.3683,2.5418
2014-10-31,0.09,0.2306,0.5921,0.9359,1.2475,1.5263,1.7759,2.0007,2.2051,2.3924,2.5655
2014-11-03,0.09,0.2422,0.6089,0.9539,1.2653,1.5432,1.7917,2.0155,2.2189,2.4054,2.5779
2014-11-04,0.09,0.2406,0.6074,0.9516,1.2619,1.5388,1.7864,2.0095,2.2123,2.3984,2.5704
2014-11-05,0.08,0.2467,0.6153,0.9594,1.269,1.545,1.7917,2.014,2.2162,2.4017,2.5732
2014-11-06,0.08,0.2585,0.6353,0.9833,1.2946,1.5712,1.8181,2.0404,2.2423,2.4276,2.5989
2014-11-07,0.08,0.238,0.6026,0.9433,1.25,1.5237,1.7686,1.9896,2.1906,2.3753,2.5462
2014-11-10,0.08,0.2571,0.6308,0.9749,1.2825,1.556,1.8003,2.0205,2.2208,2.4047,2.575
2014-11-12,0.09,0.2588,0.6349,0.9797,1.2872,1.5603,1.8042,2.0239,2.2238,2.4074,2.5774
2014-11-13,0.09,0.2538,0.6272,0.9706,1.2775,1.5503,1.794,2.0137,2.2137,2.3973,2.5674
2014-11-14,0.09,0.2472,0.6159,0.9562,1.2608,1.532,1.7746,1.9935,2.1928,2.376,2.5457
2014-11-17,0.09,0.2537,0.6237,0.9645,1.2694,1.5407,1.7833,2.0022,2.2014,2.3846,2.5542
2014-11-18,0.09,0.2488,0.6171,0.957,1.2612,1.5321,1.7745,1.9931,2.1923,2.3753,2.5449
2014-11-19,0.1,0.2561,0.632,0.9761,1.2828,1.5553,1.7985,2.0178,2.2173,2.4006,2.5703
2014-11-20,0.1,0.2499,0.6223,0.9647,1.2707,1.5428,1.7859,2.0052,2.2048,2.3881,2.558
2014-11-21,0.1,0.2437,0.6128,0.953,1.2575,1.5286,1.771,1.9897,2.1889,2.372,2.5416
2014-11-24,0.1,0.2429,0.6079,0.9454,1.248,1.5177,1.7592,1.9772,2.1758,2.3585,2.5279
2014-11-25,0.1,0.2367,0.5944,0.9263,1.2247,1.4912,1.7303,1.9465,2.1438,2.3255,2.494
2014-11-26,0.1,0.2356,0.5879,0.9149,1.2093,1.4726,1.7092,1.9234,2.1191,2.2995,2.4671
2014-11-28,0.1,0.2208,0.5595,0.8774,1.1655,1.4244,1.6577,1.8696,2.0637,2.2428,2.4095
2014-12-01,0.1,0.2319,0.5725,0.8911,1.1793,1.4381,1.6713,1.8829,2.0768,2.2557,2.4221
2014-12-02,0.1,0.2583,0.6123,0.9375,1.2288,1.4891,1.7228,1.9345,2.1282,2.307,2.4731
2014-12-03,0.1,0.2642,0.6277,0.9568,1.2494,1.5098,1.7431,1.9544,2.1476,2.3257,2.4914
2014-12-04,0.1,0.2608,0.6213,0.9469,1.2364,1.4941,1.7254,1.9349,2.1267,2.3038,2.4686
2014-12-05,0.1,0.3013,0.6822,1.014,1.3035,1.5588,1.7869,1.9933,2.1821,2.3567,2.5192
2014-12-08,0.1,0.3136,0.6961,1.0233,1.3066,1.5558,1.7785,1.9803,2.1654,2.3369,2.4969
2014-12-09,0.1,0.3182,0.6936,1.0121,1.2872,1.5294,1.7464,1.9436,2.125,2.2935,2.4512
2014-12-10,0.12,0.3038,0.669,0.9793,1.248,1.4852,1.6982,1.8925,2.0717,2.2384,2.3948
2014-12-11,0.12,0.3205,0.6927,1.003,1.2691,1.503,1.7129,1.9043,2.081,2.2457,2.4003
2014-12-12,0.12,0.2958,0.6538,0.9538,1.2124,1.4408,1.6466,1.835,2.0094,2.1724,2.3258
2014-12-15,0.12,0.3174,0.6796,0.9784,1.2339,1.4589,1.6615,1.8471,2.0191,2.1802,2.3318
2014-12-16,0.12,0.3166,0.6718,0.963,1.2117,1.4309,1.6289,1.8108,1.9799,2.1386,2.2884
2014-12-17,0.12,0.3448,0.7157,1.0129,1.2631,1.482,1.6789,1.8594,2.0272,2.1846,2.3333
2014-12-18,0.12,0.3706,0.7584,1.0644,1.3193,1.5407,1.7389,1.9201,2.0882,2.2457,2.3943
2014-12-19,0.12,0.374,0.7644,1.0695,1.3222,1.5413,1.7373,1.9166,2.0831,2.2394,2.3869
2014-12-22,0.12,0.3917,0.7828,1.0853,1.3344,1.5499,1.7428,1.9195,2.0838,2.2382,2.3843
2014-12-23,0.12,0.4162,0.8263,1.1378,1.3912,1.6085,1.8021,1.9788,2.1429,2.2969,2.4425
2014-12-24,0.13,0.4197,0.8404,1.1565,1.4116,1.6294,1.8229,1.9993,2.163,2.3166,2.4618
2014-12-26,0.13,0.4128,0.8394,1.1572,1.4122,1.6293,1.8218,1.9973,2.1601,2.313,2.4577
2014-12-29,0.13,0.4003,0.8195,1.1328,1.3851,1.6004,1.7918,1.9665,2.1289,2.2815,2.4259
2014-12-30,0.13,0.3895,0.8011,1.1104,1.3605,1.5746,1.7652,1.9396,2.1017,2.2542,2.3986
2014-12-31,0.12,0.3802,0.7832,1.0883,1.3364,1.5496,1.7399,1.9142,2.0764,2.229,2.3735
2015-01-02,0.12,0.3658,0.7601,1.0592,1.303,1.5131,1.7011,1.8737,2.0347,2.1863,2.3302
2015-01-05,0.12,0.3613,0.7438,1.0317,1.2661,1.4685,1.6505,1.8183,1.9755,2.1243,2.2658
2015-01-06,0.12,0.3476,0.715,0.9911,1.2163,1.4118,1.5884,1.7521,1.9062,2.0526,2.1923
2015-01-07,0.11,0.3435,0.7045,0.9749,1.1955,1.3873,1.561,1.7225,1.8749,2.0199,2.1585
2015-01-08,0.11,0.3411,0.7066,0.9814,1.206,1.4009,1.5772,1.7408,1.8948,2.041,2.1807
2015-01-09,0.11,0.3203,0.6777,0.9496,1.1734,1.3686,1.5455,1.7098,1.8645,2.0114,2.1517
2015-01-12,0.11,0.3005,0.6419,0.9056,1.1252,1.3182,1.4941,1.6579,1.8125,1.9594,2.0998
2015-01-13,0.11,0.294,0.6269,0.8864,1.1039,1.2961,1.4715,1.6352,1.7898,1.9368,2.0773
2015-01-14,0.12,0.2805,0.5981,0.8503,1.0643,1.2548,1.4297,1.5931,1.7478,1.895,2.0358
2015-01-15,0.12,0.2424,0.535,0.7753,0.984,1.1723,1.3465,1.5101,1.6652,1.8131,1.9545
2015-01-16,0.12,0.2651,0.565,0.8086,1.0188,1.2076,1.3819,1.5454,1.7003,1.8479,1.9891
2015-01-20,0.12,0.2808,0.5856,0.8299,1.0391,1.2264,1.3991,1.5611,1.7147,1.8612,2.0014
2015-01-21,0.13,0.2935,0.6086,0.8586,1.0708,1.2599,1.4335,1.5961,1.75,1.8966,2.0369
2015-01-22,0.13,0.2991,0.6228,0.8778,1.0933,1.2844,1.4594,1.6229,1.7775,1.9246,2.0652
2015-01-23,0.13,0.2805,0.5958,0.845,1.0562,1.2443,1.4172,1.5791,1.7325,1.8787,2.0187
2015-01-26,0.13,0.2885,0.6061,0.8554,1.0658,1.2529,1.4247,1.5857,1.7383,1.8839,2.0233
2015-01-27,0.13,0.288,0.6052,0.8533,1.0626,1.2486,1.4195,1.5798,1.7318,1.8768,2.0159
2015-01-28,0.12,0.2626,0.5619,0.7991,1.0014,1.1828,1.3506,1.5086,1.6591,1.8031,1.9414
2015-01-29,0.12,0.267,0.5694,0.8088,1.0126,1.1951,1.3638,1.5225,1.6734,1.8178,1.9563
2015-01-30,0.12,0.2484,0.5345,0.7637,0.9609,1.139,1.3045,1.4611,1.6105,1.7539,1.8917
2015-02-02,0.12,0.2515,0.5345,0.7608,0.9557,1.132,1.2961,1.4515,1.6,1.7426,1.8799
2015-02-03,0.12,0.2797,0.58,0.8158,1.016,1.1953,1.3612,1.5176,1.6668,1.8097,1.947
2015-02-04,0.09,0.2808,0.5891,0.8297,1.0329,1.2141,1.3812,1.5386,1.6883,1.8316,1.9693
2015-02-05,0.09,0.2861,0.6001,0.8443,1.0497,1.2324,1.4006,1.5587,1.7089,1.8526,1.9905
2015-02-06,0.09,0.3487,0.6979,0.9576,1.1691,1.3536,1.5216,1.6785,1.8273,1.9694,2.1058
2015-02-09,0.09,0.3569,0.7197,0.9853,1.1993,1.3845,1.5524,1.709,1.8573,1.999,2.1349
2015-02-10,0.09,0.3641,0.7395,1.012,1.2299,1.4173,1.5867,1.7441,1.8929,2.0348,2.1709
2015-02-11,0.12,0.3612,0.7432,1.0196,1.2399,1.4288,1.5991,1.7572,1.9065,2.0488,2.1851
2015-02-12,0.12,0.347,0.7252,1.0016,1.2232,1.4139,1.5859,1.7455,1.8961,2.0396,2.1769
2015-02-13,0.12,0.3505,0.734,1.0149,1.2402,1.4338,1.608,1.7694,1.9214,2.0659,2.204
2015-02-17,0.12,0.3763,0.7801,1.0751,1.3103,1.5111,1.6907,1.8559,2.0107,2.1574,2.297
2015-02-18,0.12,0.3436,0.7339,1.0255,1.2616,1.4647,1.647,1.8149,1.9721,2.1208,2.2623
2015-02-19,0.12,0.3522,0.7472,1.0437,1.284,1.4907,1.6758,1.846,2.0049,2.155,2.2976
2015-02-20,0.12,0.3629,0.763,1.0629,1.3056,1.514,1.7004,1.8714,2.031,2.1816,2.3245
2015-02-23,0.12,0.3423,0.7314,1.0263,1.267,1.4747,1.6609,1.8322,1.9922,2.1432,2.2865
2015-02-24,0.12,0.3181,0.6875,0.9721,1.2071,1.4117,1.5962,1.7666,1.9261,2.0768,2.2201
2015-02-25,0.12,0.3161,0.6777,0.9563,1.1869,1.3882,1.5702,1.7386,1.8966,2.0462,2.1887
2015-02-26,0.12,0.3444,0.7171,0.9997,1.2312,1.432,1.613,1.7803,1.9372,2.0858,2.2274
2015-02-27,0.12,0.3397,0.7103,0.9909,1.2206,1.42,1.5998,1.7662,1.9225,2.0705,2.2116
2015-03-02,0.12,0.358,0.7416,1.0296,1.2636,1.4656,1.6472,1.8146,1.9715,2.12,2.2613
2015-03-03,0.12,0.3706,0.7659,1.0608,1.2993,1.5041,1.6875,1.8562,2.014,2.1631,2.3048
2015-03-04,0.09,0.3636,0.7609,1.0581,1.2986,1.5051,1.69,1.8598,2.0185,2.1683,2.3107
2015-03-05,0.09,0.3527,0.7447,1.0405,1.2811,1.4883,1.674,1.8448,2.0043,2.1548,2.2978
2015-03-06,0.09,0.3924,0.8103,1.1204,1.3692,1.5814,1.77,1.9425,2.1031,2.2542,2.3975
2015-03-09,0.09,0.3859,0.8006,1.1096,1.3583,1.5706,1.7597,1.9326,2.0935,2.245,2.3886
2015-03-10,0.09,0.3735,0.7776,1.0802,1.3248,1.5345,1.7217,1.8934,2.0535,2.2044,2.3476
2015-03-11,0.12,0.3734,0.7707,1.068,1.3087,1.5154,1.7004,1.8703,2.0291,2.179,2.3213
2015-03-12,0.12,0.3687,0.7596,1.0534,1.2919,1.4974,1.6816,1.8511,2.0095,2.1592,2.3015
2015-03-13,0.12,0.3762,0.7674,1.0614,1.3002,1.5058,1.6901,1.8596,2.0181,2.1678,2.3101
2015-03-16,0.12,0.3819,0.7646,1.0538,1.2897,1.4935,1.6766,1.8453,2.0032,2.1525,2.2945
2015-03-17,0.12,0.3894,0.7652,1.0479,1.2782,1.4775,1.657,1.8229,1.9786,2.1261,2.2667
2015-03-18,0.11,0.3358,0.6819,0.949,1.171,1.3658,1.5429,1.7076,1.8627,2.0101,2.1507
2015-03-19,0.11,0.3569,0.7088,0.9765,1.197,1.3898,1.5648,1.7276,1.8811,2.027,2.1665
2015-03-20,0.11,0.3418,0.6867,0.949,1.1655,1.3551,1.5278,1.6888,1.841,1.9859,2.1246
2015-03-23,0.11,0.3377,0.6765,0.9346,1.1483,1.3358,1.5071,1.667,1.8183,1.9627,2.1009
2015-03-24,0.11,0.3291,0.6603,0.9128,1.1224,1.307,1.476,1.6343,1.7844,1.9278,2.0653
2015-03-25,0.12,0.3456,0.6819,0.9366,1.1469,1.3316,1.5004,1.6584,1.8081,1.9512,2.0884
2015-03-26,0.12,0.3665,0.7167,0.9805,1.197,1.3859,1.5578,1.7179,1.8693,2.0135,2.1515
2015-03-27,0.12,0.3477,0.6894,0.9503,1.1662,1.3556,1.5283,1.6893,1.8415,1.9865,2.1253
2015-03-30,0.12,0.3456,0.6839,0.9443,1.1609,1.3514,1.5251,1.6872,1.8402,1.986,2.1253
2015-03-31,0.12,0.3309,0.6602,0.9174,1.1333,1.3242,1.4988,1.6617,1.8157,1.9622,2.1023
2015-04-01,0.11,0.3133,0.6299,0.8797,1.0913,1.2795,1.4523,1.6142,1.7674,1.9135,2.0533
2015-04-02,0.11,0.3127,0.633,0.8857,1.0995,1.2894,1.4635,1.6263,1.7803,1.927,2.0673
2015-04-03,0.11,0.2829,0.5873,0.8329,1.0436,1.2324,1.4065,1.5696,1.7241,1.8714,2.0122
2015-04-06,0.11,0.2927,0.6023,0.8527,1.0676,1.2598,1.4365,1.6017,1.7578,1.9064,2.0482
2015-04-07,0.11,0.2937,0.6047,0.8558,1.0711,1.2636,1.4405,1.6058,1.762,1.9106,2.0525
2015-04-08,0.12,0.2994,0.6143,0.8678,1.0847,1.2781,1.4556,1.6214,1.7779,1.9267,2.0687
2015-04-09,0.12,0.3131,0.6385,0.8988,1.1201,1.3166,1.4962,1.6635,1.8211,1.9706,2.1132
2015-04-10,0.12,0.3156,0.6467,0.9096,1.1321,1.3291,1.5089,1.6761,1.8336,1.9831,2.1255
2015-04-13,0.12,0.3108,0.6378,0.8991,1.1209,1.3178,1.4977,1.6651,1.8228,1.9724,2.1151
2015-04-14,0.12,0.2963,0.6156,0.8726,1.0921,1.2876,1.4667,1.6337,1.7911,1.9406,2.0832
2015-04-15,0.12,0.2861,0.6018,0.8576,1.0768,1.2725,1.452,1.6193,1.7772,1.927,2.0699
2015-04-16,0.12,0.277,0.5874,0.8411,1.0599,1.2557,1.4355,1.6034,1.7617,1.912,2.0553
2015-04-17,0.12,0.2785,0.5875,0.8389,1.0552,1.2488,1.4268,1.5931,1.7501,1.8994,2.0419
2015-04-20,0.12,0.2965,0.608,0.8594,1.0747,1.2672,1.4439,1.6092,1.7653,1.9138,2.0556
2015-04-21,0.12,0.3018,0.6182,0.8728,1.0902,1.284,1.4618,1.6277,1.7843,1.9332,2.0752
2015-04-22,0.13,0.3229,0.6531,0.9158,1.1383,1.3354,1.5153,1.6827,1.8403,1.9898,2.1323
2015-04-23,0.13,0.3073,0.6332,0.895,1.1179,1.3159,1.4968,1.6652,1.8237,1.9739,2.1171
2015-04-24,0.13,0.2987,0.6175,0.8759,1.0972,1.2945,1.4752,1.6435,1.8021,1.9525,2.0958
2015-04-27,0.13,0.3005,0.6197,0.878,1.0992,1.2963,1.4767,1.6449,1.8032,1.9535,2.0967
2015-04-28,0.13,0.3115,0.6412,0.9063,1.1319,1.3321,1.5147,1.6843,1.8438,1.9948,2.1386
2015-04-29,0.13,0.314,0.6572,0.9323,1.1654,1.3712,1.558,1.7309,1.8928,2.0458,2.191
2015-04-30,0.13,0.3089,0.6565,0.9352,1.1712,1.3791,1.5677,1.7419,1.9048,2.0585,2.2044
2015-05-01,0.13,0.3228,0.6868,0.9763,1.2195,1.4324,1.6245,1.8012,1.966,2.1211,2.2679
2015-05-04,0.13,0.3291,0.6986,0.9936,1.2416,1.4585,1.6537,1.8329,1.9997,2.1564,2.3044
2015-05-05,0.13,0.3327,0.7098,1.0106,1.2631,1.4835,1.6813,1.8625,2.0308,2.1887,2.3376
2015-05-06,0.12,0.3462,0.7332,1.0415,1.2996,1.5241,1.7251,1.9087,2.0788,2.238,2.388
2015-05-07,0.12,0.3344,0.7165,1.022,1.2784,1.502,1.7024,1.8857,2.0556,2.2146,2.3646
2015-05-08,0.12,0.3146,0.6858,0.987,1.2421,1.4656,1.6665,1.8505,2.0212,2.1809,2.3316
2015-05-11,0.12,0.3409,0.7262,1.0376,1.3002,1.5293,1.7343,1.9214,2.0943,2.2558,2.4077
2015-05-12,0.12,0.3367,0.7221,1.0368,1.3035,1.5365,1.7449,1.9347,2.11,2.2734,2.4268
2015-05-13,0.13,0.3223,0.7053,1.0234,1.2951,1.5332,1.7462,1.9399,2.1184,2.2845,2.4401
2015-05-14,0.13,0.2934,0.6638,0.9789,1.2515,1.4919,1.7076,1.9039,2.0847,2.2527,2.4101
2015-05-15,0.13,0.28,0.634,0.9394,1.2063,1.4431,1.6565,1.8512,2.031,2.1983,2.3552
2015-05-18,0.13,0.3008,0.6646,0.9758,1.2461,1.485,1.6997,1.8953,2.0756,2.2433,2.4004
2015-05-19,0.13,0.3234,0.7017,1.0202,1.2942,1.5349,1.7504,1.9463,2.1267,2.2943,2.4512
2015-05-20,0.13,0.3204,0.6973,1.015,1.2886,1.5291,1.7445,1.9404,2.1208,2.2884,2.4453
2015-05-21,0.13,0.302,0.6683,0.9794,1.2486,1.4863,1.6997,1.8942,2.0736,2.2405,2.3969
2015-05-22,0.13,0.322,0.6956,1.008,1.2763,1.5121,1.7236,1.9163,2.0941,2.2596,2.4149
2015-05-26,0.13,0.3188,0.6846,0.9889,1.2499,1.4796,1.6862,1.875,2.0497,2.2128,2.3661
2015-05-27,0.13,0.3247,0.6914,0.9926,1.2495,1.4752,1.6782,1.8641,2.0363,2.1973,2.349
2015-05-28,0.13,0.3189,0.6838,0.9831,1.2381,1.4623,1.6641,1.8489,2.0203,2.1808,2.332
2015-05-29,0.13,0.3103,0.6725,0.9696,1.223,1.446,1.6468,1.831,2.0019,2.1619,2.3129
2015-06-01,0.13,0.3302,0.7038,1.0069,1.2634,1.4881,1.6898,1.8744,2.0455,2.2056,2.3564
2015-06-02,0.13,0.3434,0.733,1.047,1.3113,1.5414,1.7472,1.9347,2.108,2.2697,2.4218
2015-06-03,0.1,0.3636,0.774,1.1036,1.3795,1.6183,1.8306,2.023,2.2,2.3646,2.5188
2015-06-04,0.1,0.3473,0.7513,1.0791,1.3551,1.5948,1.8081,2.0016,2.1796,2.3451,2.5001
2015-06-05,0.1,0.3781,0.7995,1.1376,1.4198,1.6633,1.8792,2.0744,2.2534,2.4196,2.575
2015-06-08,0.1,0.3684,0.7885,1.1278,1.4122,1.658,1.8759,2.0727,2.2533,2.4206,2.577
2015-06-09,0.1,0.3713,0.7966,1.1402,1.4278,1.6762,1.8961,2.0945,2.2762,2.4444,2.6015
2015-06-10,0.13,0.3893,0.8267,1.1785,1.4719,1.7244,1.9472,2.1477,2.331,2.5004,2.6584
2015-06-11,0.13,0.3744,0.8016,1.1462,1.4346,1.6834,1.9035,2.1021,2.2839,2.4523,2.6094
2015-06-12,0.13,0.3833,0.8094,1.1512,1.4365,1.6825,1.9002,2.0968,2.277,2.444,2.6001
2015-06-15,0.13,0.3751,0.7934,1.1301,1.4119,1.6555,1.8716,2.0669,2.2462,2.4126,2.5682
2015-06-16,0.13,0.3668,0.7774,1.1084,1.3858,1.6261,1.8397,2.0331,2.211,2.3763,2.531
2015-06-17,0.13,0.353,0.7547,1.0815,1.3571,1.5966,1.81,2.0035,2.1815,2.347,2.502
2015-06-18,0.13,0.347,0.7504,1.0802,1.3591,1.6016,1.8174,2.013,2.1927,2.3595,2.5156
2015-06-19,0.13,0.3215,0.7126,1.0357,1.3106,1.5508,1.7653,1.9601,2.1393,2.3059,2.4619
2015-06-22,0.13,0.3485,0.7543,1.0862,1.3665,1.6102,1.8269,2.0232,2.2034,2.3706,2.5271
2015-06-23,0.13,0.3619,0.7778,1.1167,1.4021,1.6493,1.8687,2.0669,2.2486,2.4169,2.5742
2015-06-24,0.13,0.3568,0.7714,1.1099,1.3953,1.6427,1.8622,2.0606,2.2424,2.4109,2.5683
2015-06-25,0.13,0.3519,0.7688,1.1099,1.3977,1.6472,1.8684,2.0682,2.2512,2.4206,2.5787
2015-06-26,0.13,0.3666,0.7961,1.1466,1.4414,1.6961,1.9212,2.1239,2.3091,2.4801,2.6395
2015-06-29,0.13,0.3291,0.7307,1.0671,1.3547,1.6057,1.8291,2.031,2.2159,2.3871,2.5467
2015-06-30,0.13,0.3298,0.7257,1.0592,1.3452,1.5954,1.8183,2.02,2.2048,2.3759,2.5355
2015-07-01,0.12,0.3555,0.7637,1.1044,1.395,1.6482,1.873,2.0759,2.2616,2.4333,2.5932
2015-07-02,0.12,0.3316,0.7322,1.0715,1.3632,1.6183,1.8452,2.0502,2.2376,2.4107,2.572
2015-07-06,0.12,0.3026,0.6829,1.0116,1.2976,1.5496,1.7748,1.9789,2.1659,2.3389,2.5002
2015-07-07,0.12,0.2968,0.6673,0.9894,1.2709,1.5198,1.7427,1.9451,2.1309,2.303,2.4636
2015-07-08,0.13,0.2802,0.6369,0.9509,1.2274,1.4731,1.6941,1.8951,2.08,2.2515,2.4117
2015-07-09,0.13,0.3019,0.6699,0.9914,1.273,1.5222,1.7456,1.9484,2.1345,2.3069,2.4678
2015-07-10,0.13,0.3394,0.7323,1.0675,1.3568,1.6105,1.8367,2.0411,2.2282,2.4011,2.5622
2015-07-13,0.13,0.3492,0.7521,1.0937,1.3873,1.644,1.8721,2.078,2.2661,2.4398,2.6015
2015-07-14,0.13,0.3321,0.7302,1.0705,1.3642,1.6215,1.8505,2.0572,2.2461,2.4204,2.5827
2015-07-15,0.13,0.3188,0.7054,1.039,1.3287,1.5836,1.811,2.0166,2.2049,2.3788,2.5408
2015-07-16,0.13,0.3296,0.718,1.0503,1.3377,1.5902,1.8154,2.0191,2.2057,2.3783,2.5392
2015-07-17,0.13,0.3422,0.7325,1.0634,1.3484,1.5983,1.8212,2.023,2.2079,2.3791,2.5389
2015-07-20,0.13,0.3666,0.7631,1.0946,1.3781,1.6257,1.8463,2.046,2.2292,2.3988,2.5573
2015-07-21,0.13,0.3668,0.7607,1.0882,1.3675,1.6116,1.8292,2.0265,2.2077,2.3758,2.533
2015-07-22,0.13,0.382,0.7762,1.099,1.3724,1.6108,1.8234,2.0164,2.1941,2.3594,2.5142
2015-07-23,0.13,0.3713,0.7586,1.0744,1.3416,1.5748,1.7832,1.973,2.1481,2.3114,2.4646
2015-07-24,0.13,0.3712,0.7558,1.0682,1.3321,1.5625,1.7687,1.9567,2.1303,2.2924,2.4447
2015-07-27,0.13,0.3597,0.7317,1.0366,1.2959,1.5234,1.7277,1.9143,2.0871,2.2485,2.4004
2015-07-28,0.13,0.3679,0.7419,1.0472,1.3065,1.5336,1.7374,1.9237,2.0961,2.2572,2.4089
2015-07-29,0.13,0.3795,0.7585,1.0666,1.3273,1.5553,1.7597,1.9462,2.1188,2.28,2.4316
2015-07-30,0.13,0.3916,0.7714,1.0784,1.3374,1.5636,1.7663,1.9514,2.1228,2.283,2.4339
2015-07-31,0.13,0.3706,0.7348,1.0329,1.2868,1.5099,1.7107,1.8947,2.0654,2.2251,2.3757
2015-08-03,0.13,0.3693,0.7211,1.0103,1.2577,1.476,1.6733,1.8546,2.0233,2.1815,2.3309
2015-08-04,0.13,0.4082,0.7727,1.0654,1.3123,1.5286,1.7235,1.9025,2.069,2.2254,2.3731
2015-08-05,0.11,0.43,0.8062,1.1042,1.3533,1.5705,1.7655,1.9443,2.1104,2.2664,2.4137
2015-08-06,0.11,0.4128,0.7889,1.0862,1.3345,1.5509,1.7453,1.9236,2.0893,2.245,2.3921
2015-08-07,0.11,0.4229,0.7931,1.0826,1.3236,1.5335,1.7226,1.8965,2.0588,2.2117,2.3566
2015-08-10,0.11,0.446,0.8157,1.1048,1.3453,1.555,1.7437,1.9174,2.0794,2.2321,2.3768
2015-08-11,0.11,0.42,0.7725,1.0523,1.2878,1.4946,1.6817,1.8545,2.0161,2.1685,2.3131
2015-08-12,0.14,0.4131,0.7587,1.0352,1.2692,1.4753,1.6622,1.835,1.9966,2.1492,2.294
2015-08-13,0.14,0.4374,0.7924,1.073,1.3083,1.5147,1.7014,1.8737,2.0348,2.1868,2.3311
2015-08-14,0.14,0.4519,0.8144,1.0975,1.3333,1.5392,1.725,1.8964,2.0567,2.208,2.3515
2015-08-17,0.14,0.4466,0.8046,1.0844,1.3177,1.5218,1.7062,1.8766,2.0361,2.1868,2.3299
2015-08-18,0.14,0.4522,0.8169,1.1002,1.3353,1.5403,1.7252,1.8958,2.0554,2.2061,2.3492
2015-08-19,0.15,0.4155,0.767,1.0431,1.2743,1.4771,1.6609,1.8309,1.9902,2.1408,2.2839
2015-08-20,0.15,0.4118,0.7635,1.0364,1.2635,1.4624,1.6427,1.8098,1.9668,2.1155,2.2571
2015-08-21,0.15,0.3905,0.7338,1.0015,1.2253,1.4221,1.601,1.7671,1.9235,2.0717,2.2131
2015-08-24,0.15,0.372,0.7008,0.9618,1.1827,1.3784,1.5571,1.7234,1.8801,2.0288,2.1706
2015-08-25,0.15,0.4045,0.7487,1.0193,1.2462,1.4459,1.6272,1.7954,1.9533,2.1028,2.2452
2015-08-26,0.15,0.4159,0.7709,1.0503,1.2841,1.489,1.6745,1.8457,2.0061,2.1575,2.3012
2015-08-27,0.15,0.4141,0.7715,1.0544,1.2917,1.4999,1.6879,1.8613,2.0233,2.1761,2.321
2015-08-28,0.15,0.43,0.7919,1.0765,1.3143,1.5222,1.7098,1.8828,2.0444,2.1967,2.3412
2015-08-31,0.15,0.4496,0.8139,1.0989,1.3364,1.5438,1.7308,1.9031,2.0642,2.216,2.3601
2015-09-01,0.15,0.4313,0.791,1.0731,1.3086,1.5147,1.7009,1.8726,2.0333,2.1848,2.3287
2015-09-02,0.13,0.4314,0.796,1.0809,1.3181,1.5252,1.7119,1.8841,2.045,2.1967,2.3407
2015-09-03,0.13,0.4214,0.7843,1.068,1.3045,1.511,1.6974,1.8693,2.0301,2.1817,2.3257
2015-09-04,0.13,0.4135,0.7714,1.0506,1.2831,1.4866,1.6706,1.8405,1.9998,2.1503,2.2933
2015-09-08,0.13,0.4413,0.8052,1.087,1.3207,1.5245,1.7084,1.8782,2.0372,2.1874,2.3301
2015-09-09,0.14,0.4443,0.8115,1.0942,1.3277,1.531,1.7143,1.8834,2.0419,2.1916,2.3339
2015-09-10,0.14,0.4432,0.8165,1.1032,1.3395,1.5447,1.7294,1.8996,2.0587,2.209,2.3518
2015-09-11,0.14,0.4334,0.8004,1.0844,1.3195,1.5244,1.7091,1.8795,2.0389,2.1895,2.3325
2015-09-14,0.14,0.4432,0.8037,1.0834,1.3155,1.5183,1.7015,1.8707,2.0293,2.1792,2.3216
2015-09-15,0.14,0.4859,0.8639,1.1518,1.3878,1.592,1.7757,1.9448,2.103,2.2524,2.3943
2015-09-16,0.14,0.4923,0.88,1.173,1.4118,1.6176,1.8021,1.9717,2.1301,2.2796,2.4216
2015-09-17,0.14,0.4237,0.7985,1.0876,1.3263,1.5337,1.7203,1.892,2.0525,2.2038,2.3474
2015-09-18,0.14,0.3766,0.7438,1.0289,1.2654,1.4715,1.6574,1.8289,1.9893,2.1407,2.2845
2015-09-21,0.14,0.3884,0.7669,1.0579,1.2977,1.5056,1.6926,1.8646,2.0253,2.1768,2.3206
2015-09-22,0.14,0.3663,0.7388,1.026,1.2631,1.4693,1.655,1.8262,1.9863,2.1374,2.281
2015-09-23,0.14,0.371,0.7457,1.0332,1.2698,1.4753,1.6602,1.8307,1.9902,2.1408,2.2839
2015-09-24,0.14,0.3599,0.7303,1.0155,1.251,1.4559,1.6406,1.8109,1.9704,2.1211,2.2642
2015-09-25,0.14,0.3619,0.7406,1.0306,1.2689,1.4755,1.6613,1.8323,1.9923,2.1433,2.2867
2015-09-28,0.14,0.356,0.7233,1.0054,1.2383,1.441,1.624,1.793,1.9514,2.1012,2.2437
2015-09-29,0.14,0.3391,0.6921,0.9658,1.1934,1.3928,1.5736,1.7411,1.8985,2.0477,2.1897
2015-09-30,0.12,0.333,0.6847,0.9575,1.1846,1.3836,1.5641,1.7315,1.8887,2.0378,2.1798
2015-10-01,0.12,0.3341,0.6867,0.9587,1.1845,1.3821,1.5614,1.7277,1.8841,2.0324,2.1738
2015-10-02,0.12,0.3026,0.6395,0.9046,1.1275,1.3243,1.5036,1.6703,1.8274,1.9764,2.1185
2015-10-05,0.12,0.3189,0.662,0.9318,1.1582,1.3576,1.5389,1.7071,1.8652,2.0151,2.1577
2015-10-06,0.12,0.3192,0.6617,0.9313,1.1579,1.3574,1.5389,1.7072,1.8655,2.0155,2.1583
2015-10-07,0.13,0.326,0.6735,0.9463,1.1748,1.3758,1.5581,1.7272,1.8859,2.0362,2.1792
2015-10-08,0.13,0.3337,0.6899,0.9682,1.2004,1.4038,1.5879,1.7582,1.9178,2.0687,2.2121
2015-10-09,0.13,0.344,0.7042,0.9843,1.2172,1.4207,1.6048,1.7749,1.9343,2.085,2.2283
2015-10-13,0.13,0.3275,0.6768,0.9509,1.1803,1.3819,1.5647,1.7341,1.8931,2.0435,2.1867
2015-10-14,0.13,0.2979,0.6287,0.8935,1.1182,1.3175,1.4993,1.6682,1.8271,1.9777,2.1212
2015-10-15,0.13,0.3151,0.6506,0.9173,1.1429,1.3424,1.5241,1.6929,1.8516,2.0019,2.1451
2015-10-16,0.13,0.3249,0.6647,0.9329,1.1588,1.3579,1.5392,1.7075,1.8657,2.0156,2.1584
2015-10-19,0.13,0.3308,0.6679,0.9353,1.1611,1.3606,1.5422,1.7108,1.8694,2.0196,2.1626
2015-10-20,0.13,0.3474,0.6918,0.9637,1.1922,1.3934,1.5762,1.7456,1.9046,2.0551,2.1983
2015-10-21,0.13,0.3452,0.6867,0.9556,1.1815,1.3806,1.5617,1.7297,1.8877,2.0374,2.1799
2015-10-22,0.13,0.3378,0.6777,0.9461,1.1719,1.3711,1.5523,1.7206,1.8787,2.0286,2.1713
2015-10-23,0.13,0.3584,0.709,0.983,1.2121,1.413,1.5953,1.7641,1.9225,2.0725,2.2152
2015-10-26,0.13,0.3638,0.7109,0.9825,1.2097,1.4093,1.5905,1.7585,1.9163,2.0658,2.2082
2015-10-27,0.13,0.3621,0.6999,0.9664,1.1908,1.3887,1.569,1.7364,1.8939,2.0432,2.1854
2015-10-28,0.12,0.4063,0.7562,1.0264,1.2507,1.4473,1.6256,1.7911,1.9468,2.0945,2.2353
2015-10-29,0.12,0.436,0.7991,1.0771,1.3062,1.5056,1.6859,1.8527,2.0092,2.1574,2.2985
2015-10-30,0.12,0.4459,0.8088,1.0858,1.3138,1.5122,1.6916,1.8575,2.0134,2.161,2.3017
2015-11-02,0.12,0.4716,0.8401,1.1192,1.3478,1.5461,1.7251,1.8905,2.0459,2.193,2.3332
2015-11-03,0.12,0.4844,0.8622,1.146,1.3768,1.5762,1.7557,1.9213,2.0766,2.2237,2.3637
2015-11-04,0.1,0.5054,0.8954,1.183,1.414,1.6121,1.7898,1.9537,2.1075,2.2531,2.3919
2015-11-05,0.1,0.5107,0.9073,1.197,1.4283,1.626,1.803,1.9661,2.1191,2.2641,2.4023
2015-11-06,0.1,0.5567,0.9695,1.2664,1.5005,1.699,1.8758,2.0383,2.1905,2.3347,2.4721
2015-11-09,0.1,0.5825,0.9959,1.2935,1.5283,1.7273,1.9045,2.0673,2.2197,2.364,2.5015
2015-11-10,0.1,0.5785,0.9847,1.2794,1.5133,1.7123,1.8899,2.0532,2.2061,2.3509,2.4888
2015-11-12,0.12,0.5841,0.988,1.282,1.5158,1.7149,1.8926,2.0561,2.2092,2.3541,2.4922
2015-11-13,0.12,0.5636,0.9594,1.2496,1.4817,1.6802,1.8579,2.0215,2.1749,2.3201,2.4585
2015-11-16,0.12,0.5619,0.9488,1.2346,1.4646,1.662,1.8392,2.0026,2.1559,2.3012,2.4396
2015-11-17,0.12,0.5639,0.9456,1.2279,1.4553,1.651,1.8268,1.9893,2.1419,2.2865,2.4245
2015-11-18,0.12,0.57,0.9592,1.244,1.4719,1.6671,1.8422,2.0038,2.1556,2.2996,2.437
2015-11-19,0.12,0.5674,0.9588,1.2424,1.468,1.6607,1.8335,1.9933,2.1435,2.2861,2.4224
2015-11-20,0.12,0.5799,0.9782,1.2627,1.4868,1.6772,1.8478,2.0054,2.1538,2.2949,2.4299
2015-11-23,0.12,0.5942,0.9901,1.2707,1.4908,1.6777,1.8453,2.0005,2.1469,2.2864,2.42
2015-11-24,0.12,0.6025,0.9916,1.2668,1.4826,1.6662,1.8312,1.9844,2.1292,2.2675,2.4002
2015-11-25,0.12,0.6193,1.0029,1.2735,1.4858,1.6666,1.8294,1.9809,2.1244,2.2616,2.3934
2015-11-27,0.12,0.6177,0.9976,1.2654,1.4755,1.6547,1.8163,1.9668,2.1095,2.2462,2.3776
2015-11-30,0.12,0.6396,1.0124,1.2748,1.4808,1.657,1.8162,1.9649,2.1062,2.2417,2.3723
2015-12-01,0.12,0.629,0.9876,1.241,1.4412,1.6133,1.7698,1.9165,2.0564,2.1909,2.3207
2015-12-02,0.12,0.6461,1.0082,1.2614,1.4601,1.6303,1.785,1.9301,2.0686,2.202,2.3307
2015-12-03,0.12,0.6831,1.0664,1.3333,1.541,1.7174,1.8763,2.0244,2.1651,2.3,2.4298
2015-12-04,0.12,0.683,1.0612,1.3264,1.5339,1.7107,1.8702,2.0189,2.1602,2.2955,2.4258
2015-12-07,0.12,0.7013,1.0585,1.312,1.5127,1.6854,1.8424,1.9894,2.1295,2.2641,2.3938
2015-12-08,0.12,0.7159,1.066,1.3147,1.5121,1.6824,1.8376,1.9833,2.1224,2.2562,2.3853
2015-12-09,0.13,0.7041,1.0476,1.2927,1.488,1.6572,1.8117,1.957,2.0959,2.2296,2.3586
2015-12-10,0.13,0.712,1.0612,1.3087,1.5048,1.6741,1.8284,1.9735,2.1121,2.2454,2.3742
2015-12-11,0.13,0.6737,1.006,1.2435,1.4335,1.5989,1.7507,1.8941,2.0316,2.1642,2.2926
2015-12-14,0.13,0.7138,1.0594,1.3025,1.4946,1.6604,1.8119,1.9547,2.0914,2.2233,2.3509
2015-12-15,0.13,0.7306,1.0891,1.3391,1.5349,1.7027,1.8553,1.9987,2.1357,2.2678,2.3954
2015-12-16,0.14,0.7451,1.1173,1.3742,1.5735,1.7431,1.8966,2.0403,2.1774,2.3094,2.4369
2015-12-17,0.14,0.7294,1.1031,1.3579,1.554,1.7204,1.8709,2.0123,2.1475,2.2779,2.4041
2015-12-18,0.14,0.7028,1.0742,1.3256,1.5184,1.682,1.8303,1.9698,2.1036,2.2329,2.3583
2015-12-21,0.14,0.711,1.0776,1.325,1.5145,1.6755,1.8217,1.9597,2.0922,2.2205,2.3451
2015-12-22,0.14,0.7158,1.0939,1.3468,1.539,1.7012,1.848,1.986,2.1185,2.2467,2.3711
2015-12-23,0.37,0.7209,1.1099,1.3685,1.5638,1.7277,1.8754,2.014,2.1467,2.2751,2.3995
2015-12-24,0.37,0.7264,1.1174,1.3753,1.5689,1.7308,1.8768,2.0138,2.1453,2.2725,2.3961
2015-12-28,0.37,0.737,1.1255,1.3802,1.5708,1.7303,1.8742,2.0095,2.1396,2.2658,2.3885
2015-12-29,0.37,0.7611,1.1635,1.4255,1.6198,1.7812,1.9261,2.0619,2.1922,2.3183,2.4409
2015-12-30,0.36,0.7495,1.157,1.4225,1.6195,1.7829,1.9292,2.0661,2.1973,2.3241,2.4472
2015-12-31,0.36,0.7347,1.141,1.4052,1.6009,1.7633,1.9088,2.0451,2.1757,2.3022,2.425
2016-01-04,0.36,0.732,1.1282,1.3863,1.5781,1.7379,1.8816,2.0168,2.1465,2.2724,2.3948
2016-01-05,0.36,0.7354,1.131,1.3877,1.578,1.7363,1.8788,2.013,2.1419,2.2671,2.389
2016-01-06,0.27,0.7133,1.0946,1.3427,1.5277,1.6827,1.823,1.9557,2.0837,2.2082,2.3296
2016-01-07,0.27,0.6968,1.0679,1.3101,1.4916,1.6444,1.7834,1.9151,2.0425,2.1667,2.2879
2016-01-08,0.27,0.6889,1.0516,1.2882,1.4659,1.6161,1.7532,1.8836,2.01,2.1334,2.2541
2016-01-11,0.27,0.6925,1.0531,1.2903,1.4694,1.6211,1.7596,1.8913,2.0187,2.143,2.2644
2016-01-12,0.27,0.6839,1.0349,1.2665,1.4422,1.5919,1.729,1.8598,1.9866,2.1105,2.2317
2016-01-13,0.36,0.6706,1.01,1.2349,1.4067,1.554,1.6897,1.8195,1.9457,2.0692,2.1901
2016-01-14,0.36,0.6645,1.0009,1.2269,1.401,1.5508,1.6889,1.8207,1.9487,2.0736,2.1957
2016-01-15,0.36,0.6263,0.9516,1.1736,1.347,1.4975,1.6367,1.7698,1.899,2.0251,2.1482
2016-01-19,0.36,0.6303,0.9553,1.1783,1.353,1.5046,1.6449,1.779,1.9089,2.0356,2.1592
2016-01-20,0.36,0.6074,0.9223,1.1411,1.3144,1.4659,1.6065,1.7412,1.8717,1.999,2.1232
2016-01-21,0.36,0.6112,0.9206,1.1378,1.3113,1.4635,1.6051,1.7406,1.8719,1.9999,2.1247
2016-01-22,0.36,0.6338,0.945,1.1647,1.3405,1.4947,1.6379,1.7747,1.907,2.0357,2.1611
2016-01-25,0.36,0.6361,0.938,1.153,1.3264,1.4795,1.6221,1.7586,1.8909,2.0196,2.145
2016-01-26,0.36,0.6353,0.9273,1.1377,1.3091,1.4614,1.6038,1.7404,1.8728,2.0018,2.1274
2016-01-27,0.38,0.6337,0.9204,1.1291,1.3003,1.453,1.5959,1.7331,1.8661,1.9956,2.1217
2016-01-28,0.38,0.6293,0.9055,1.11,1.28,1.4328,1.5764,1.7143,1.8481,1.9782,2.1049
2016-01-29,0.38,0.6004,0.8598,1.0574,1.2249,1.3773,1.5213,1.6601,1.7948,1.9259,2.0534
2016-02-01,0.38,0.624,0.8827,1.0801,1.2476,1.4,1.5441,1.6829,1.8176,1.9486,2.0762
2016-02-02,0.38,0.5938,0.8296,1.0155,1.1773,1.3268,1.4696,1.6079,1.7425,1.8737,2.0015
2016-02-03,0.34,0.5805,0.8085,0.9922,1.1541,1.3048,1.449,1.5886,1.7244,1.8567,1.9854
2016-02-04,0.34,0.5649,0.7917,0.9757,1.1383,1.2899,1.4348,1.5751,1.7116,1.8444,1.9736
2016-02-05,0.34,0.5671,0.7933,0.9757,1.1367,1.2866,1.4302,1.5694,1.7049,1.837,1.9656
2016-02-08,0.34,0.5373,0.7424,0.9127,1.0665,1.212,1.3528,1.4903,1.6246,1.756,1.8841
2016-02-09,0.34,0.5366,0.738,0.9041,1.054,1.1964,1.3346,1.47,1.6027,1.7328,1.8599
2016-02-10,0.38,0.5429,0.7419,0.9038,1.0495,1.188,1.323,1.4557,1.5863,1.7146,1.8404
2016-02-11,0.38,0.5119,0.7031,0.8592,1.0005,1.1358,1.2684,1.3993,1.5286,1.656,1.781
2016-02-12,0.38,0.5416,0.7518,0.917,1.0626,1.1998,1.3331,1.4641,1.5932,1.7202,1.8448
2016-02-16,0.38,0.5604,0.7804,0.9506,1.0986,1.237,1.3708,1.5021,1.6312,1.7581,1.8825
2016-02-17,0.38,0.5735,0.8024,0.9779,1.1291,1.2695,1.4047,1.5368,1.6664,1.7937,1.9184
2016-02-18,0.38,0.5592,0.7776,0.9477,1.0964,1.2355,1.3701,1.502,1.6316,1.759,1.8838
2016-02-19,0.38,0.5736,0.7935,0.9627,1.1096,1.2468,1.3796,1.51,1.6384,1.7646,1.8886
2016-02-22,0.38,0.5879,0.8081,0.9763,1.122,1.2579,1.3897,1.5191,1.6466,1.7723,1.8956
2016-02-23,0.38,0.5844,0.7988,0.9635,1.1068,1.2412,1.3719,1.5006,1.6277,1.7529,1.876
2016-02-24,0.38,0.5864,0.7997,0.9636,1.1062,1.2402,1.3704,1.4988,1.6256,1.7507,1.8736
2016-02-25,0.38,0.5681,0.771,0.9296,1.0697,1.2025,1.3323,1.4605,1.5873,1.7125,1.8357
2016-02-26,0.38,0.6012,0.817,0.9803,1.1213,1.2535,1.382,1.5089,1.6344,1.7584,1.8804
2016-02-29,0.38,0.6091,0.8236,0.9846,1.1234,1.2534,1.3802,1.5056,1.6299,1.7529,1.8742
2016-03-01,0.38,0.6441,0.8776,1.0477,1.1907,1.3225,1.4499,1.5754,1.6994,1.822,1.9428
2016-03-02,0.36,0.6564,0.8988,1.0737,1.2193,1.3526,1.4809,1.6068,1.7311,1.8538,1.9746
2016-03-03,0.36,0.6361,0.8871,1.0659,1.213,1.3468,1.475,1.6008,1.7249,1.8474,1.968
2016-03-04,0.36,0.6524,0.9196,1.1055,1.2556,1.3905,1.5188,1.6442,1.7679,1.8898,2.0099
2016-03-07,0.36,0.6727,0.9489,1.1385,1.2897,1.4245,1.5524,1.6772,1.8002,1.9215,2.041
2016-03-08,0.36,0.6498,0.917,1.0998,1.2462,1.3774,1.5026,1.6254,1.7469,1.8671,1.9858
2016-03-09,0.36,0.662,0.9372,1.1236,1.2714,1.403,1.5282,1.6508,1.7719,1.8918,2.0102
2016-03-10,0.36,0.6849,0.9713,1.1631,1.3132,1.4458,1.5713,1.6938,1.8147,1.9343,2.0523
2016-03-11,0.36,0.71,1.0071,1.2036,1.3557,1.4889,1.6143,1.7365,1.8571,1.9762,2.0937
2016-03-14,0.36,0.7163,1.012,1.2077,1.3594,1.4922,1.6175,1.7395,1.8599,1.979,2.0964
2016-03-15,0.36,0.7204,1.016,1.2112,1.3623,1.4948,1.6196,1.7413,1.8614,1.9802,2.0975
2016-03-16,0.36,0.6741,0.9583,1.151,1.3032,1.438,1.5655,1.6897,1.8121,1.9329,2.052
2016-03-17,0.36,0.6516,0.9299,1.1207,1.2727,1.408,1.5363,1.6613,1.7845,1.906,2.0257
2016-03-18,0.36,0.6276,0.8984,1.0865,1.238,1.3737,1.5027,1.6286,1.7526,1.8749,1.9952
2016-03-21,0.36,0.6391,0.9136,1.1047,1.2585,1.3961,1.5265,1.6535,1.7783,1.9012,2.022
2016-03-22,0.36,0.6514,0.9333,1.1285,1.2847,1.4235,1.5547,1.6821,1.8072,1.9302,2.051
2016-03-23,0.37,0.6333,0.905,1.0945,1.2475,1.3844,1.5145,1.6413,1.766,1.8888,2.0095
2016-03-24,0.37,0.6402,0.9151,1.1057,1.2587,1.3953,1.525,1.6513,1.7755,1.898,2.0184
2016-03-28,0.37,0.6401,0.9115,1.0995,1.2505,1.3856,1.5141,1.6396,1.7632,1.8851,2.0052
2016-03-29,0.37,0.5896,0.8473,1.0291,1.1777,1.3121,1.4408,1.5667,1.6909,1.8135,1.9343
2016-03-30,0.37,0.5611,0.8199,1.0043,1.1556,1.2925,1.4233,1.5511,1.6768,1.8007,1.9225
2016-03-31,0.37,0.538,0.787,0.9668,1.1161,1.2523,1.3829,1.5108,1.6368,1.761,1.8832
2016-04-01,0.37,0.5509,0.8011,0.9803,1.1285,1.2636,1.3931,1.52,1.6452,1.7687,1.8903
2016-04-04,0.37,0.5442,0.7904,0.9673,1.1141,1.2482,1.3771,1.5036,1.6286,1.7519,1.8734
2016-04-05,0.37,0.5292,0.7665,0.9376,1.0806,1.2121,1.3392,1.4645,1.5885,1.7112,1.8322
2016-04-06,0.35,0.5368,0.7788,0.9517,1.0952,1.2266,1.3534,1.4783,1.6019,1.7243,1.8449
2016-04-07,0.35,0.516,0.7467,0.9134,1.0533,1.1826,1.3082,1.4323,1.5556,1.6776,1.7982
2016-04-08,0.35,0.5123,0.7437,0.9112,1.0519,1.1819,1.308,1.4326,1.5562,1.6786,1.7994
2016-04-11,0.35,0.5141,0.7465,0.9149,1.0563,1.1868,1.3134,1.4383,1.5621,1.6846,1.8056
2016-04-12,0.35,0.5328,0.7778,0.9527,1.0976,1.23,1.3575,1.4829,1.607,1.7296,1.8505
2016-04-13,0.37,0.5356,0.7821,0.9574,1.1019,1.2339,1.361,1.486,1.6097,1.732,1.8526
2016-04-14,0.37,0.543,0.7969,0.9759,1.1225,1.2555,1.383,1.5083,1.6321,1.7544,1.875
2016-04-15,0.37,0.529,0.777,0.9532,1.0985,1.2311,1.3585,1.4838,1.6077,1.7303,1.851
2016-04-18,0.37,0.5267,0.777,0.9553,1.1023,1.2362,1.3648,1.491,1.6156,1.7386,1.8598
2016-04-19,0.37,0.5359,0.7923,0.9735,1.1218,1.2563,1.385,1.5112,1.6357,1.7586,1.8797
2016-04-20,0.37,0.5543,0.8238,1.0125,1.1652,1.3023,1.4327,1.5599,1.6851,1.8084,1.9297
2016-04-21,0.37,0.562,0.8386,1.0317,1.1872,1.3263,1.458,1.5861,1.7119,1.8357,1.9573
2016-04-22,0.37,0.5708,0.8529,1.0495,1.2073,1.3478,1.4806,1.6094,1.7357,1.8598,1.9817
2016-04-25,0.37,0.5838,0.8672,1.065,1.2238,1.3651,1.4985,1.6277,1.7544,1.8788,2.0008
2016-04-26,0.37,0.598,0.8868,1.0878,1.2487,1.3914,1.5256,1.6555,1.7826,1.9072,2.0294
2016-04-27,0.37,0.5829,0.862,1.0567,1.2133,1.353,1.4851,1.6135,1.7395,1.8634,1.9851
2016-04-28,0.37,0.5567,0.8251,1.0146,1.1688,1.3075,1.4393,1.5677,1.6939,1.818,1.94
2016-04-29,0.37,0.5516,0.8151,1.0023,1.1554,1.2937,1.4253,1.5537,1.6799,1.8041,1.9262
2016-05-02,0.37,0.5662,0.8365,1.0279,1.1837,1.3237,1.4565,1.5857,1.7125,1.8371,1.9594
2016-05-03,0.37,0.5428,0.8024,0.9884,1.1415,1.2801,1.4123,1.5412,1.668,1.7927,1.9151
2016-05-04,0.34,0.5286,0.7836,0.967,1.1186,1.2563,1.388,1.5166,1.6432,1.7678,1.8903
2016-05-05,0.34,0.515,0.7614,0.9401,1.0891,1.2254,1.3562,1.4844,1.6107,1.7352,1.8576
2016-05-06,0.34,0.5249,0.7757,0.9562,1.1056,1.2417,1.3722,1.4999,1.6258,1.7499,1.872
2016-05-09,0.34,0.5205,0.7628,0.9393,1.0872,1.2228,1.3532,1.4811,1.6073,1.7317,1.854
2016-05-10,0.34,0.5223,0.7628,0.9383,1.0856,1.2208,1.3511,1.4788,1.6049,1.7292,1.8515
2016-05-11,0.37,0.5272,0.7631,0.9355,1.0804,1.214,1.3429,1.4697,1.5951,1.7188,1.8407
2016-05-12,0.37,0.5443,0.7846,0.9583,1.1033,1.2365,1.3648,1.491,1.6158,1.739,1.8603
2016-05-13,0.37,0.5457,0.7799,0.9486,1.0896,1.2197,1.3456,1.47,1.5932,1.7153,1.8358
2016-05-16,0.37,0.5659,0.8076,0.9789,1.1203,1.2499,1.3751,1.4985,1.621,1.7423,1.8621
2016-05-17,0.37,0.5864,0.8344,1.0062,1.146,1.2732,1.3959,1.5172,1.6377,1.7575,1.8759
2016-05-18,0.37,0.6402,0.9123,1.0947,1.2385,1.3668,1.4892,1.6096,1.729,1.8476,1.9649
2016-05-19,0.37,0.6438,0.9182,1.1007,1.2438,1.3712,1.4927,1.6123,1.731,1.8489,1.9657
2016-05-20,0.37,0.6528,0.9242,1.1041,1.245,1.3706,1.4907,1.6092,1.727,1.8443,1.9605
2016-05-23,0.37,0.6661,0.9311,1.1067,1.2448,1.3683,1.487,1.6043,1.7213,1.8379,1.9537
2016-05-24,0.37,0.6821,0.9495,1.1259,1.2642,1.3876,1.506,1.623,1.7398,1.8561,1.9715
2016-05-25,0.37,0.6797,0.9511,1.1301,1.2699,1.3944,1.5136,1.6312,1.7483,1.8649,1.9805
2016-05-26,0.37,0.6576,0.9243,1.1008,1.2394,1.3632,1.482,1.5995,1.7166,1.8333,1.9491
2016-05-27,0.37,0.672,0.9444,1.1223,1.2605,1.3833,1.5009,1.6173,1.7333,1.8491,1.9641
2016-05-31,0.37,0.6746,0.94,1.1146,1.2513,1.3734,1.4908,1.6071,1.7232,1.839,1.9541
2016-06-01,0.36,0.6782,0.9484,1.1243,1.2609,1.3824,1.4989,1.6144,1.7299,1.8451,1.9597
2016-06-02,0.36,0.6674,0.9355,1.1083,1.2417,1.3604,1.4748,1.5884,1.7024,1.8165,1.9301
2016-06-03,0.36,0.6123,0.8572,1.0186,1.1465,1.2626,1.3759,1.4893,1.6035,1.7179,1.8321
2016-06-06,0.36,0.6109,0.8547,1.0154,1.1428,1.2587,1.3717,1.485,1.599,1.7134,1.8275
2016-06-07,0.36,0.6021,0.8431,1.0026,1.1295,1.2452,1.3583,1.4716,1.5858,1.7003,1.8146
2016-06-08,0.37,0.5897,0.8312,0.9909,1.118,1.2337,1.3468,1.4603,1.5744,1.689,1.8033
2016-06-09,0.37,0.5837,0.822,0.9792,1.1043,1.2186,1.3307,1.4432,1.5568,1.6709,1.7849
2016-06-10,0.37,0.5687,0.7981,0.9499,1.0717,1.1839,1.2945,1.4061,1.519,1.6327,1.7464
2016-06-13,0.37,0.5581,0.778,0.9251,1.0445,1.1555,1.2655,1.3769,1.4898,1.6035,1.7172
2016-06-14,0.37,0.5601,0.778,0.9237,1.0421,1.1523,1.2618,1.3727,1.4853,1.5987,1.7123
2016-06-15,0.37,0.535,0.7462,0.8898,1.0082,1.1192,1.2297,1.3418,1.4553,1.5696,1.684
2016-06-16,0.37,0.53,0.7379,0.8793,0.9962,1.1061,1.2159,1.3274,1.4405,1.5546,1.6688
2016-06-17,0.37,0.5367,0.7504,0.8956,1.0151,1.1268,1.2379,1.3503,1.4641,1.5787,1.6932
2016-06-20,0.37,0.5629,0.783,0.9319,1.0536,1.1667,1.2786,1.3915,1.5056,1.6203,1.7348
2016-06-21,0.37,0.5742,0.8034,0.958,1.0833,1.1989,1.3125,1.4266,1.5415,1.6568,1.7718
2016-06-22,0.38,0.5643,0.7927,0.9481,1.0747,1.1915,1.3062,1.4213,1.5371,1.6531,1.7686
2016-06-23,0.38,0.5882,0.8232,0.983,1.1126,1.2316,1.3478,1.4639,1.5804,1.697,1.8129
2016-06-24,0.38,0.5184,0.7239,0.8696,0.9928,1.109,1.2244,1.3406,1.4576,1.5749,1.6917
2016-06-27,0.38,0.4791,0.6585,0.7894,0.9038,1.0147,1.1267,1.2408,1.3566,1.473,1.5893
2016-06-28,0.38,0.4752,0.6481,0.774,0.8846,0.9926,1.1024,1.2148,1.3293,1.4447,1.5603
2016-06-29,0.4,0.487,0.6665,0.7951,0.9065,1.0147,1.1243,1.2363,1.3503,1.4654,1.5806
2016-06-30,0.4,0.4764,0.6522,0.7802,0.8923,1.0015,1.1122,1.2252,1.3402,1.456,1.5719
2016-07-01,0.4,0.4787,0.6503,0.7752,0.8851,0.9927,1.1022,1.2144,1.3286,1.444,1.5594
2016-07-05,0.4,0.4604,0.616,0.7306,0.8336,0.9364,1.0426,1.1525,1.265,1.3791,1.4936
2016-07-06,0.39,0.4683,0.6232,0.7352,0.8351,0.935,1.0387,1.1465,1.2573,1.37,1.4834
2016-07-07,0.39,0.4833,0.6384,0.7487,0.8465,0.9443,1.0461,1.1523,1.2618,1.3735,1.486
2016-07-08,0.39,0.4896,0.6457,0.7529,0.8465,0.9402,1.0384,1.1415,1.2485,1.3581,1.4689
2016-07-11,0.39,0.5262,0.6923,0.8025,0.8961,0.9886,1.0853,1.1868,1.2923,1.4005,1.5102
2016-07-12,0.39,0.5524,0.7378,0.8585,0.958,1.0539,1.1525,1.2551,1.3613,1.4699,1.5796
2016-07-13,0.4,0.5496,0.7335,0.853,0.9515,1.0466,1.1446,1.2468,1.3526,1.4609,1.5704
2016-07-14,0.4,0.5599,0.7501,0.8739,0.9754,1.0727,1.1722,1.2755,1.3822,1.4911,1.6011
2016-07-15,0.4,0.5783,0.7813,0.9132,1.02,1.1209,1.2229,1.328,1.4359,1.5457,1.6564
2016-07-18,0.4,0.5778,0.779,0.9114,1.0195,1.1218,1.2253,1.3315,1.4404,1.551,1.6624
2016-07-19,0.4,0.5696,0.766,0.8962,1.0035,1.1056,1.209,1.3155,1.4245,1.5353,1.6469
2016-07-20,0.4,0.5756,0.7758,0.9091,1.0187,1.1225,1.2272,1.3346,1.4445,1.5558,1.6678
2016-07-21,0.4,0.5637,0.7577,0.8887,0.9977,1.1017,1.2069,1.3149,1.4253,1.5372,1.6496
2016-07-22,0.4,0.5727,0.7684,0.9,1.0091,1.1131,1.2182,1.326,1.4362,1.548,1.6602
2016-07-25,0.4,0.5829,0.7822,0.9144,1.0231,1.1261,1.2302,1.337,1.4464,1.5574,1.6691
2016-07-26,0.4,0.5882,0.79,0.9217,1.0286,1.1296,1.2319,1.3372,1.4453,1.5552,1.6659
2016-07-27,0.4,0.5697,0.7653,0.8925,0.9961,1.0948,1.1953,1.2992,1.4064,1.5156,1.6258
2016-07-28,0.4,0.5554,0.7544,0.8817,0.9844,1.0819,1.1811,1.284,1.3902,1.4987,1.6083
2016-07-29,0.4,0.5288,0.7162,0.8374,0.9367,1.0322,1.1304,1.2327,1.3386,1.447,1.5566
2016-08-01,0.4,0.5392,0.7288,0.8519,0.9527,1.0494,1.1485,1.2516,1.358,1.4668,1.5767
2016-08-02,0.4,0.5448,0.7375,0.8643,0.9685,1.0681,1.1695,1.2744,1.3823,1.4923,1.6031
2016-08-03,0.36,0.5412,0.7326,0.8602,0.9659,1.0671,1.1701,1.2763,1.3852,1.4961,1.6076
2016-08-04,0.36,0.5256,0.7111,0.8361,0.9409,1.042,1.1451,1.2515,1.3608,1.472,1.5839
2016-08-05,0.36,0.5665,0.7683,0.9008,1.0087,1.1108,1.214,1.3201,1.4288,1.5393,1.6506
2016-08-08,0.36,0.5807,0.7846,0.9181,1.0265,1.1288,1.2321,1.3381,1.4468,1.5572,1.6684
2016-08-09,0.36,0.5709,0.7695,0.8992,1.0051,1.1055,1.2074,1.3124,1.4204,1.5303,1.641
2016-08-10,0.4,0.5563,0.7479,0.8732,0.9762,1.0747,1.1752,1.2794,1.3867,1.4961,1.6066
2016-08-11,0.4,0.5881,0.7937,0.9245,1.029,1.1273,1.227,1.33,1.4362,1.5446,1.654
2016-08-12,0.4,0.5744,0.7746,0.9017,1.0037,1.1002,1.1986,1.3007,1.4063,1.5141,1.6233
2016-08-15,0.4,0.5879,0.7898,0.9182,1.0211,1.1183,1.2172,1.3197,1.4255,1.5335,1.6428
2016-08-16,0.4,0.5959,0.807,0.9397,1.0443,1.1422,1.2412,1.3435,1.4491,1.5568,1.6658
2016-08-17,0.4,0.5936,0.8018,0.933,1.037,1.1346,1.2335,1.3358,1.4413,1.5491,1.6581
2016-08-18,0.4,0.5764,0.7782,0.9068,1.01,1.1075,1.2066,1.3094,1.4153,1.5236,1.633
2016-08-19,0.4,0.5951,0.8075,0.9412,1.0467,1.1452,1.2447,1.3474,1.4532,1.5613,1.6704
2016-08-22,0.4,0.5942,0.8038,0.9346,1.0376,1.134,1.2318,1.3332,1.438,1.5452,1.6536
2016-08-23,0.4,0.5948,0.8035,0.9333,1.0352,1.1308,1.228,1.3289,1.4332,1.54,1.6482
2016-08-24,0.4,0.6016,0.8092,0.9376,1.0382,1.1326,1.2287,1.3288,1.4324,1.5387,1.6465
2016-08-25,0.4,0.6163,0.827,0.9563,1.0569,1.1509,1.2466,1.3461,1.4493,1.5551,1.6625
2016-08-26,0.4,0.6453,0.8697,1.0047,1.1075,1.202,1.2973,1.3962,1.4987,1.6039,1.7105
2016-08-29,0.4,0.6381,0.8552,0.9851,1.0843,1.1761,1.2696,1.3671,1.4685,1.5728,1.6789
2016-08-30,0.4,0.6383,0.8548,0.9838,1.0819,1.1729,1.2657,1.3626,1.4635,1.5675,1.6733
2016-08-31,0.39,0.6418,0.8603,0.9899,1.088,1.1787,1.2711,1.3677,1.4683,1.5721,1.6776
2016-09-01,0.39,0.6399,0.8573,0.9862,1.0838,1.1743,1.2664,1.3629,1.4634,1.567,1.6725
2016-09-02,0.39,0.639,0.8622,0.9951,1.0955,1.1878,1.2814,1.3789,1.4802,1.5844,1.6904
2016-09-06,0.39,0.6127,0.823,0.9507,1.0494,1.1416,1.2358,1.3341,1.4362,1.5413,1.648
2016-09-07,0.4,0.6157,0.8167,0.9397,1.0363,1.1276,1.2213,1.3195,1.4217,1.5269,1.6337
2016-09-08,0.4,0.6409,0.8506,0.9795,1.0801,1.1742,1.2699,1.3695,1.4727,1.5786,1.6859
2016-09-09,0.4,0.6614,0.8807,1.0165,1.122,1.2197,1.3181,1.4197,1.5243,1.6313,1.7394
2016-09-12,0.4,0.6621,0.8754,1.0108,1.1179,1.2179,1.3185,1.422,1.5284,1.6367,1.746
2016-09-13,0.4,0.6754,0.8965,1.0385,1.1512,1.2555,1.3595,1.4656,1.574,1.684,1.7945
2016-09-14,0.4,0.6508,0.8679,1.0103,1.1249,1.2315,1.3377,1.4459,1.556,1.6674,1.7792
2016-09-15,0.4,0.6263,0.8454,0.9917,1.1104,1.2207,1.3302,1.441,1.5533,1.6665,1.7797
2016-09-16,0.4,0.63,0.8528,1.0001,1.1185,1.2281,1.3368,1.4469,1.5585,1.6711,1.7839
2016-09-19,0.4,0.6306,0.8559,1.0041,1.1228,1.2324,1.3408,1.4507,1.5621,1.6746,1.7872
2016-09-20,0.4,0.634,0.859,1.0057,1.1229,1.231,1.3382,1.4471,1.5576,1.6694,1.7814
2016-09-21,0.4,0.6159,0.8485,0.9968,1.1129,1.2192,1.3245,1.4315,1.5406,1.651,1.762
2016-09-22,0.4,0.5933,0.8339,0.9829,1.097,1.2005,1.3029,1.4075,1.5144,1.6231,1.7327
2016-09-23,0.4,0.5818,0.8264,0.9751,1.0875,1.1889,1.2894,1.3922,1.4977,1.6052,1.7138
2016-09-26,0.4,0.5843,0.8191,0.9614,1.0694,1.1677,1.266,1.3673,1.4716,1.5782,1.6861
2016-09-27,0.4,0.5841,0.8106,0.9473,1.0513,1.1468,1.2431,1.3427,1.4459,1.5517,1.6589
2016-09-28,0.4,0.5945,0.8179,0.9521,1.0544,1.1485,1.2437,1.3425,1.4451,1.5503,1.6571
2016-09-29,0.4,0.5892,0.8093,0.942,1.0434,1.1371,1.2321,1.3309,1.4334,1.5386,1.6455
2016-09-30,0.4,0.6067,0.8303,0.9647,1.0671,1.1612,1.2565,1.3553,1.4578,1.563,1.6698
2016-10-03,0.4,0.6365,0.8619,0.997,1.0993,1.1933,1.2882,1.3867,1.4888,1.5937,1.7002
2016-10-04,0.4,0.6579,0.8915,1.032,1.1379,1.2344,1.3311,1.4309,1.5339,1.6394,1.7463
2016-10-05,0.35,0.6685,0.911,1.0572,1.167,1.2662,1.3648,1.4659,1.57,1.6762,1.7836
2016-10-06,0.35,0.677,0.9293,1.0815,1.1953,1.297,1.3973,1.4996,1.6045,1.7113,1.8192
2016-10-07,0.35,0.6676,0.9185,1.0707,1.1849,1.2872,1.3881,1.491,1.5963,1.7036,1.8118
2016-10-11,0.35,0.6879,0.9422,1.0964,1.2118,1.315,1.4164,1.5195,1.6251,1.7324,1.8406
2016-10-12,0.4,0.6941,0.9485,1.1041,1.2212,1.3258,1.4285,1.5328,1.6392,1.7472,1.856
2016-10-13,0.4,0.669,0.9241,1.08,1.1973,1.3021,1.4049,1.5094,1.6159,1.7241,1.833
2016-10-14,0.4,0.665,0.9243,1.0847,1.2059,1.314,1.4195,1.526,1.6343,1.7438,1.8538
2016-10-17,0.4,0.6576,0.9077,1.0655,1.187,1.2963,1.4034,1.5115,1.6211,1.7318,1.8428
2016-10-18,0.4,0.6504,0.8922,1.0473,1.1684,1.2785,1.3866,1.4957,1.6062,1.7178,1.8296
2016-10-19,0.41,0.6537,0.8921,1.0463,1.1676,1.2782,1.3869,1.4965,1.6076,1.7196,1.8318
2016-10-20,0.41,0.6549,0.893,1.0475,1.1693,1.2804,1.3895,1.4996,1.611,1.7233,1.8356
2016-10-21,0.41,0.6542,0.8929,1.0466,1.1671,1.277,1.385,1.4941,1.6047,1.7164,1.8282
2016-10-24,0.41,0.6572,0.901,1.0576,1.1798,1.2906,1.3992,1.5087,1.6196,1.7313,1.8433
2016-10-25,0.41,0.665,0.9081,1.0637,1.1849,1.2949,1.4028,1.5118,1.6222,1.7336,1.8452
2016-10-26,0.41,0.6713,0.9204,1.0793,1.2026,1.3138,1.4225,1.5319,1.6426,1.7542,1.8659
2016-10-27,0.41,0.6766,0.9397,1.107,1.2355,1.3501,1.461,1.5719,1.6837,1.796,1.9083
2016-10-28,0.41,0.6651,0.931,1.1021,1.2343,1.3521,1.4657,1.5789,1.6925,1.8062,1.9197
2016-10-31,0.41,0.6719,0.929,1.0968,1.2281,1.346,1.4601,1.5738,1.688,1.8023,1.9162
2016-11-01,0.41,0.6653,0.9141,1.08,1.2119,1.3315,1.4474,1.5629,1.6786,1.7942,1.9093
2016-11-02,0.4,0.6538,0.8909,1.0524,1.1833,1.3032,1.42,1.5366,1.6533,1.7699,1.8858
2016-11-03,0.4,0.6562,0.8877,1.0483,1.1802,1.3016,1.4201,1.5381,1.6561,1.7737,1.8905
2016-11-04,0.4,0.6461,0.8679,1.0249,1.1558,1.2775,1.3967,1.5155,1.6343,1.7527,1.8701
2016-11-07,0.4,0.6672,0.89,1.0492,1.1824,1.3062,1.4271,1.5474,1.6673,1.7865,1.9046
2016-11-08,0.4,0.6993,0.9282,1.0911,1.2266,1.3517,1.4735,1.5942,1.7144,1.8338,1.952
2016-11-09,0.41,0.744,1.0038,1.1889,1.3406,1.4777,1.6083,1.7356,1.8607,1.9838,2.1047
2016-11-10,0.41,0.7696,1.0456,1.2455,1.4095,1.5566,1.695,1.8284,1.9583,2.0851,2.2089
2016-11-14,0.41,0.8178,1.1059,1.3167,1.4898,1.6439,1.7879,1.9255,2.0587,2.188,2.3137
2016-11-15,0.41,0.821,1.1177,1.3359,1.5149,1.6737,1.8213,1.9619,2.0972,2.2283,2.3553
2016-11-16,0.41,0.8099,1.1108,1.3329,1.5152,1.6768,1.8265,1.9688,2.1056,2.2377,2.3656
2016-11-17,0.41,0.8159,1.1325,1.3643,1.5529,1.7187,1.8713,2.0157,2.1539,2.2871,2.4157
2016-11-18,0.41,0.8293,1.1635,1.4056,1.6004,1.77,1.9251,2.0711,2.2104,2.3443,2.4735
2016-11-21,0.41,0.8306,1.1672,1.411,1.6071,1.7776,1.9335,2.08,2.2198,2.354,2.4834
2016-11-22,0.41,0.8324,1.1653,1.4073,1.6025,1.7727,1.9284,2.0748,2.2145,2.3488,2.4782
2016-11-23,0.41,0.8582,1.1986,1.4441,1.6409,1.8116,1.9674,2.1137,2.2532,2.3871,2.5163
2016-11-25,0.41,0.8616,1.2058,1.4531,1.6506,1.8216,1.9775,2.1238,2.2632,2.397,2.5261
2016-11-28,0.41,0.8482,1.1877,1.4319,1.6274,1.7971,1.9521,2.0977,2.2367,2.3703,2.4991
2016-11-29,0.41,0.8408,1.1762,1.4179,1.6118,1.7803,1.9345,2.0796,2.2182,2.3515,2.4801
2016-11-30,0.4,0.8575,1.2014,1.4484,1.6457,1.8166,1.9723,2.1184,2.2578,2.3916,2.5206
2016-12-01,0.4,0.874,1.2358,1.4941,1.6989,1.8748,2.034,2.1827,2.3238,2.4589,2.5888
2016-12-02,0.4,0.8578,1.2125,1.4687,1.6736,1.8504,2.0108,2.1605,2.3027,2.4387,2.5695
2016-12-05,0.4,0.862,1.2125,1.4663,1.6697,1.8456,2.0054,2.1548,2.2967,2.4325,2.5631
2016-12-06,0.4,0.8597,1.2069,1.4599,1.6634,1.8399,2.0003,2.1503,2.2927,2.429,2.56
2016-12-07,0.41,0.8509,1.1863,1.4331,1.6335,1.8083,1.9678,2.1173,2.2595,2.3958,2.5268
2016-12-08,0.41,0.8585,1.1987,1.4498,1.6537,1.8312,1.9928,2.1441,2.2876,2.4248,2.5566
2016-12-09,0.41,0.8798,1.2286,1.487,1.6966,1.8787,2.0438,2.1978,2.3433,2.4822,2.6152
2016-12-12,0.41,0.8832,1.2346,1.4958,1.7079,1.892,2.0588,2.214,2.3606,2.5003,2.6339
2016-12-13,0.41,0.8953,1.2462,1.5069,1.7187,1.9025,2.0692,2.2242,2.3707,2.5102,2.6437
2016-12-14,0.41,0.9409,1.311,1.5783,1.7913,1.9739,2.1385,2.2914,2.4358,2.5733,2.7051
2016-12-15,0.41,0.9574,1.3504,1.6287,1.8468,2.0317,2.1972,2.3502,2.4944,2.6316,2.7629
2016-12-16,0.41,0.9511,1.3506,1.6325,1.8524,2.0384,2.2046,2.3579,2.5023,2.6397,2.7712
2016-12-19,0.41,0.9331,1.3236,1.6004,1.8175,2.0017,2.1667,2.3195,2.4635,2.6006,2.732
2016-12-20,0.41,0.9339,1.326,1.6044,1.8229,2.0084,2.1744,2.3279,2.4726,2.6102,2.742
2016-12-21,0.66,0.9204,1.3091,1.5869,1.8057,1.9919,2.1588,2.3131,2.4584,2.5967,2.7289
2016-12-22,0.66,0.9189,1.3088,1.5874,1.8069,1.9936,2.1609,2.3155,2.461,2.5995,2.7319
2016-12-23,0.66,0.9218,1.3112,1.5891,1.8079,1.994,2.1607,2.3149,2.4601,2.5982,2.7304
2016-12-27,0.66,0.9383,1.3328,1.6119,1.8304,2.0157,2.1814,2.3345,2.4788,2.6162,2.7477
2016-12-28,0.66,0.9216,1.3082,1.5825,1.7979,1.981,2.1452,2.2974,2.441,2.5779,2.7091
2016-12-29,0.66,0.8937,1.2743,1.5453,1.7589,1.941,2.1047,2.2566,2.4001,2.537,2.6682
2016-12-30,0.66,0.8864,1.2573,1.5225,1.7323,1.912,2.0741,2.2248,2.3676,2.5039,2.6347
2017-01-03,0.66,0.9024,1.2673,1.5274,1.7333,1.9099,2.0695,2.2183,2.3595,2.4947,2.6245
2017-01-04,0.6,0.9075,1.2731,1.5324,1.7368,1.9119,2.0702,2.218,2.3583,2.4926,2.6219
2017-01-05,0.6,0.8793,1.2305,1.4811,1.6802,1.8519,2.008,2.1543,2.2936,2.4273,2.5561
2017-01-06,0.6,0.897,1.2563,1.5093,1.7084,1.8791,2.0339,2.179,2.3171,2.4497,2.5777
2017-01-09,0.6,0.8841,1.2403,1.4901,1.6864,1.8548,2.0078,2.1514,2.2884,2.4202,2.5475
2017-01-10,0.6,0.8828,1.239,1.4878,1.6828,1.8501,2.0021,2.1449,2.2812,2.4124,2.5393
2017-01-11,0.66,0.8847,1.2402,1.4876,1.681,1.8468,1.9975,2.1392,2.2747,2.4052,2.5315
2017-01-12,0.66,0.8785,1.2318,1.4774,1.6695,1.8343,1.9843,2.1255,2.2605,2.3908,2.5168
2017-01-13,0.66,0.8953,1.2539,1.5016,1.6943,1.8591,2.0088,2.1495,2.2842,2.4141,2.5397
2017-01-17,0.66,0.878,1.2214,1.4615,1.6505,1.8134,1.9622,2.1026,2.2372,2.3671,2.4929
2017-01-18,0.66,0.9085,1.2674,1.5152,1.708,1.8727,2.0223,2.163,2.2975,2.4273,2.5529
2017-01-19,0.66,0.92,1.2929,1.5491,1.7471,1.9152,2.067,2.2092,2.3448,2.4753,2.6014
2017-01-20,0.66,0.9059,1.2817,1.5419,1.7439,1.9155,2.0703,2.2149,2.3524,2.4845,2.6118
2017-01-23,0.66,0.8668,1.2273,1.4822,1.6833,1.8558,2.0122,2.1585,2.2977,2.4313,2.56
2017-01-24,0.66,0.8868,1.2554,1.5153,1.7195,1.894,2.0518,2.199,2.3388,2.4728,2.6018
2017-01-25,0.66,0.8959,1.2772,1.546,1.7564,1.9355,2.0965,2.2462,2.3878,2.5232,2.6532
2017-01-26,0.66,0.8902,1.2688,1.5378,1.7497,1.9304,2.093,2.244,2.3868,2.5231,2.6539
2017-01-27,0.66,0.8895,1.2624,1.5288,1.7395,1.9198,2.0823,2.2334,2.3763,2.5128,2.6438
2017-01-30,0.66,0.8889,1.2587,1.5241,1.7348,1.9154,2.0783,2.2298,2.3732,2.51,2.6412
2017-01-31,0.66,0.8853,1.2455,1.5052,1.7123,1.8906,2.0519,2.2024,2.345,2.4813,2.6122
2017-02-01,0.65,0.8952,1.2595,1.5208,1.7282,1.9063,2.0674,2.2175,2.3597,2.4956,2.6262
2017-02-02,0.65,0.8885,1.251,1.512,1.7199,1.8987,2.0603,2.211,2.3537,2.4901,2.621
2017-02-03,0.65,0.8898,1.2548,1.5171,1.7256,1.9047,2.0666,2.2173,2.3601,2.4965,2.6274
2017-02-06,0.65,0.8662,1.2151,1.4695,1.6743,1.8517,2.0129,2.1634,2.3063,2.4429,2.5742
2017-02-07,0.65,0.8644,1.2046,1.4534,1.6543,1.829,1.9882,2.1374,2.2792,2.415,2.5457
2017-02-08,0.66,0.861,1.1915,1.4333,1.6291,1.8001,1.9566,2.1037,2.244,2.3787,2.5084
2017-02-09,0.66,0.8851,1.2253,1.4713,1.6689,1.8403,1.9968,2.1435,2.2834,2.4176,2.5469
2017-02-10,0.66,0.8937,1.2383,1.4864,1.6849,1.8567,2.0132,2.16,2.2997,2.4338,2.563
2017-02-13,0.66,0.8987,1.2506,1.5022,1.7024,1.8751,2.0319,2.1788,2.3185,2.4525,2.5816
2017-02-14,0.66,0.9271,1.2904,1.547,1.749,1.922,2.0787,2.225,2.3642,2.4976,2.6261
2017-02-15,0.66,0.9457,1.32,1.5813,1.7852,1.9587,2.1152,2.2611,2.3998,2.5327,2.6607
2017-02-16,0.66,0.9219,1.2881,1.5454,1.7472,1.9197,2.0757,2.2215,2.3601,2.4931,2.6213
2017-02-17,0.66,0.9097,1.2684,1.5213,1.7206,1.8915,2.0465,2.1917,2.3299,2.4627,2.5907
2017-02-21,0.66,0.9191,1.2745,1.5249,1.7221,1.8914,2.0452,2.1894,2.3269,2.4591,2.5866
2017-02-22,0.66,0.9153,1.269,1.5182,1.7147,1.8835,2.037,2.1809,2.3182,2.4503,2.5777
2017-02-23,0.66,0.8992,1.2458,1.4909,1.6849,1.8523,2.0048,2.1481,2.285,2.4168,2.5441
2017-02-24,0.66,0.8719,1.2039,1.4411,1.6306,1.7954,1.9464,2.0888,2.2253,2.3568,2.484
2017-02-27,0.66,0.8999,1.2413,1.481,1.6702,1.8335,1.9827,2.1235,2.2583,2.3885,2.5145
2017-02-28,0.66,0.9223,1.2674,1.5061,1.6928,1.8532,1.9998,2.1382,2.2711,2.3996,2.5242
2017-03-01,0.65,0.991,1.3447,1.5866,1.774,1.9341,2.0798,2.2172,2.3491,2.4766,2.6002
2017-03-02,0.65,1.0372,1.3924,1.6344,1.8211,1.9804,2.1253,2.2619,2.393,2.5198,2.6429
2017-03-03,0.65,1.0481,1.3945,1.6331,1.8189,1.9783,2.1236,2.2608,2.3925,2.5199,2.6434
2017-03-06,0.65,1.0566,1.3952,1.6312,1.8167,1.9767,2.123,2.2611,2.3937,2.5218,2.6459
2017-03-07,0.65,1.0709,1.4014,1.6343,1.8188,1.9787,2.1253,2.2639,2.3969,2.5253,2.6498
2017-03-08,0.66,1.0959,1.437,1.6753,1.8628,2.0243,2.1717,2.3107,2.4439,2.5724,2.6968
2017-03-09,0.66,1.1144,1.4647,1.7087,1.8998,2.0637,2.2128,2.3529,2.4868,2.6158,2.7406
2017-03-10,0.66,1.112,1.4588,1.7018,1.893,2.0574,2.207,2.3477,2.4821,2.6116,2.7368
2017-03-13,0.66,1.1374,1.4822,1.725,1.9164,2.0813,2.2314,2.3724,2.5072,2.6369,2.7622
2017-03-14,0.66,1.1391,1.4791,1.7196,1.9102,2.0747,2.2247,2.3658,2.5007,2.6305,2.7559
2017-03-15,0.66,1.095,1.4182,1.65,1.8359,1.998,2.1467,2.2873,2.4219,2.5518,2.6774
2017-03-16,0.66,1.094,1.4185,1.6508,1.8368,1.9989,2.1476,2.288,2.4225,2.5523,2.6778
2017-03-17,0.66,1.0837,1.4056,1.6359,1.8206,1.9816,2.1295,2.2694,2.4036,2.5331,2.6584
2017-03-20,0.66,1.0772,1.3884,1.6132,1.7948,1.9542,2.1013,2.2407,2.3746,2.5039,2.6292
2017-03-21,0.66,1.0677,1.3645,1.582,1.76,1.9175,2.0637,2.2027,2.3365,2.4658,2.5912
2017-03-22,0.91,1.0596,1.3474,1.5604,1.7361,1.8925,2.038,2.1768,2.3105,2.4399,2.5653
2017-03-23,0.91,1.0576,1.3432,1.5556,1.7314,1.8881,2.034,2.1732,2.3072,2.4369,2.5626
2017-03-24,0.91,1.0583,1.3397,1.5499,1.7245,1.8806,2.0263,2.1652,2.2992,2.4289,2.5545
2017-03-27,0.91,1.0615,1.3379,1.5444,1.7164,1.8705,2.0147,2.1525,2.2856,2.4146,2.5398
2017-03-28,0.91,1.085,1.3687,1.5776,1.7498,1.9033,2.0466,2.1834,2.3156,2.4438,2.5682
2017-03-29,0.91,1.0757,1.3531,1.5586,1.7288,1.8812,2.0237,2.1602,2.2921,2.4202,2.5445
2017-03-30,0.91,1.0804,1.3627,1.5715,1.7438,1.8977,2.0413,2.1785,2.311,2.4394,2.564
2017-03-31,0.91,1.0696,1.3494,1.557,1.729,1.8827,2.0264,2.1637,2.2963,2.4249,2.5497
2017-04-03,0.91,1.0586,1.3245,1.5243,1.6918,1.8429,1.9849,2.1212,2.2531,2.3813,2.5059
2017-04-04,0.91,1.0636,1.3263,1.5237,1.6894,1.8391,1.98,2.1155,2.2469,2.3745,2.4987
2017-04-05,0.87,1.062,1.3162,1.5089,1.6718,1.8198,1.9597,2.0945,2.2254,2.3528,2.4768
2017-04-06,0.87,1.0682,1.3216,1.5133,1.6753,1.8225,1.9618,2.096,2.2265,2.3535,2.4772
2017-04-07,0.87,1.0976,1.3589,1.5532,1.7155,1.8621,2.0003,2.1336,2.263,2.3892,2.5121
2017-04-10,0.87,1.1032,1.3619,1.5539,1.7143,1.8593,1.9964,2.1287,2.2574,2.3829,2.5053
2017-04-11,0.87,1.079,1.3245,1.5094,1.666,1.8089,1.9447,2.0764,2.2048,2.3302,2.4526
2017-04-12,0.91,1.072,1.3102,1.4904,1.6437,1.7843,1.9186,2.0491,2.1767,2.3015,2.4235
2017-04-13,0.91,1.0578,1.2852,1.4589,1.6082,1.7462,1.8788,2.0081,2.1348,2.2591,2.3806
2017-04-17,0.91,1.0632,1.2892,1.4627,1.6121,1.7505,1.8835,2.0131,2.1402,2.2646,2.3864
2017-04-18,0.91,1.0399,1.2497,1.4141,1.5583,1.6936,1.8247,1.9532,2.0796,2.2036,2.3252
2017-04-19,0.91,1.0476,1.2601,1.4255,1.5699,1.7051,1.836,1.9642,2.0903,2.2141,2.3355
2017-04-20,0.91,1.0523,1.274,1.4443,1.5915,1.7283,1.86,1.9888,2.1151,2.2391,2.3606
2017-04-21,0.91,1.0453,1.2685,1.4401,1.5883,1.7258,1.8582,1.9874,2.1142,2.2385,2.3602
2017-04-24,0.91,1.0698,1.3,1.4747,1.624,1.7619,1.8941,2.0231,2.1495,2.2734,2.3947
2017-04-25,0.91,1.1026,1.3453,1.5259,1.6781,1.8171,1.9497,2.0786,2.2048,2.3284,2.4493
2017-04-26,0.91,1.1026,1.3414,1.5198,1.6708,1.8091,1.9413,2.07,2.196,2.3195,2.4404
2017-04-27,0.91,1.0902,1.3248,1.5014,1.6517,1.7899,1.9222,2.0511,2.1773,2.3011,2.4222
2017-04-28,0.91,1.0958,1.3303,1.5053,1.6536,1.7898,1.9204,2.0479,2.1729,2.2957,2.416
2017-05-01,0.91,1.1059,1.3442,1.5215,1.6711,1.8082,1.9394,2.0672,2.1925,2.3155,2.4359
2017-05-02,0.91,1.0979,1.3306,1.5048,1.6526,1.7887,1.9193,2.0467,2.1718,2.2946,2.415
2017-05-03,0.88,1.122,1.3597,1.5358,1.684,1.8199,1.95,2.0769,2.2014,2.3237,2.4436
2017-05-04,0.88,1.1359,1.3796,1.5589,1.709,1.846,1.9767,2.104,2.2288,2.3512,2.4711
2017-05-05,0.88,1.1445,1.3852,1.5633,1.713,1.8499,1.9807,2.1081,2.233,2.3555,2.4755
2017-05-08,0.88,1.1592,1.4009,1.5803,1.7313,1.8693,2.001,2.1291,2.2545,2.3775,2.4978
2017-05-09,0.88,1.1772,1.4227,1.6044,1.7569,1.8957,2.028,2.1565,2.2822,2.4052,2.5256
2017-05-10,0.91,1.1794,1.426,1.6088,1.7621,1.9017,2.0345,2.1634,2.2894,2.4127,2.5333
2017-05-11,0.91,1.1724,1.4171,1.5991,1.752,1.8914,2.0242,2.1532,2.2792,2.4026,2.5233
2017-05-12,0.91,1.1428,1.3742,1.5496,1.6994,1.8375,1.9698,2.0986,2.2248,2.3485,2.4694
2017-05-15,0.91,1.1425,1.3704,1.5447,1.6944,1.8328,1.9656,2.0949,2.2216,2.3456,2.4669
2017-05-16,0.91,1.1427,1.3654,1.5372,1.6857,1.8234,1.9559,2.0851,2.2117,2.3357,2.4571
2017-05-17,0.91,1.1093,1.3129,1.4739,1.6163,1.7504,1.8806,2.0085,2.1343,2.2579,2.379
2017-05-18,0.91,1.1188,1.3175,1.4745,1.6137,1.7454,1.8737,2.0001,2.1247,2.2474,2.3678
2017-05-19,0.91,1.127,1.3254,1.4811,1.6187,1.7488,1.8758,2.0011,2.1248,2.2467,2.3665
2017-05-22,0.91,1.1427,1.3404,1.4947,1.6309,1.7597,1.8856,2.01,2.1329,2.2542,2.3734
2017-05-23,0.91,1.1633,1.3671,1.524,1.6611,1.7901,1.9158,2.0398,2.1624,2.2833,2.4021
2017-05-24,0.91,1.1586,1.3573,1.5111,1.6461,1.7737,1.8985,2.0218,2.1439,2.2644,2.383
2017-05-25,0.91,1.1588,1.3537,1.505,1.6384,1.765,1.889,2.0117,2.1334,2.2537,2.3721
2017-05-26,0.91,1.1586,1.3523,1.5031,1.6363,1.7628,1.8868,2.0096,2.1313,2.2516,2.37
2017-05-30,0.91,1.1513,1.3386,1.485,1.6151,1.7393,1.8617,1.9833,2.1042,2.2238,2.3417
2017-05-31,0.9,1.1625,1.3428,1.4846,1.6115,1.7336,1.8544,1.9749,2.0949,2.2138,2.3313
2017-06-01,0.9,1.1689,1.3478,1.4885,1.6145,1.7358,1.856,1.976,2.0956,2.2143,2.3314
2017-06-02,0.9,1.1592,1.3282,1.4616,1.5823,1.6997,1.817,1.9348,2.0528,2.1702,2.2864
2017-06-05,0.9,1.1675,1.3404,1.4744,1.5944,1.7106,1.8267,1.9434,2.0604,2.177,2.2925
2017-06-06,0.9,1.1648,1.3309,1.4598,1.576,1.6894,1.8034,1.9185,2.0342,2.1499,2.2647
2017-06-07,0.91,1.1853,1.3541,1.483,1.5981,1.7101,1.8227,1.9366,2.0512,2.1659,2.28
2017-06-08,0.91,1.2001,1.37,1.4987,1.6132,1.7246,1.8365,1.9497,2.0639,2.1781,2.2917
2017-06-09,0.91,1.2161,1.3891,1.5185,1.6325,1.743,1.8541,1.9665,2.0799,2.1935,2.3066
2017-06-12,0.91,1.2151,1.3937,1.5248,1.639,1.7491,1.8595,1.9712,2.084,2.197,2.3096
2017-06-13,0.91,1.2273,1.4068,1.5367,1.6491,1.7573,1.8659,1.9761,2.0877,2.1997,2.3114
2017-06-14,0.91,1.2204,1.391,1.5136,1.6203,1.724,1.8292,1.9369,2.0464,2.1569,2.2674
2017-06-15,0.91,1.2306,1.4011,1.522,1.6264,1.728,1.8315,1.9375,2.0458,2.1552,2.2648
2017-06-16,0.91,1.2261,1.3923,1.5112,1.6147,1.7159,1.8191,1.9252,2.0335,2.143,2.2527
2017-06-19,0.91,1.2455,1.42,1.542,1.6464,1.7475,1.8502,1.9556,2.0632,2.1721,2.2812
2017-06-20,0.91,1.2409,1.4125,1.5317,1.6339,1.7332,1.8345,1.9387,2.0455,2.1537,2.2623
2017-06-21,1.16,1.237,1.4135,1.5341,1.6361,1.7346,1.8351,1.9385,2.0445,2.1521,2.2602
2017-06-22,1.16,1.2221,1.4017,1.5233,1.6253,1.7235,1.8235,1.9266,2.0323,2.1396,2.2474
2017-06-23,1.16,1.2178,1.3993,1.5213,1.6232,1.7212,1.8209,1.9237,2.0291,2.1361,2.2438
2017-06-26,1.16,1.2198,1.3991,1.5196,1.6205,1.7177,1.8169,1.9192,2.0243,2.1311,2.2386
2017-06-27,1.16,1.243,1.4307,1.5565,1.6607,1.7602,1.8609,1.9643,2.0701,2.1773,2.2852
2017-06-28,1.16,1.2393,1.4263,1.5548,1.6626,1.7655,1.8692,1.9751,2.083,2.192,2.3012
2017-06-29,1.16,1.2561,1.4476,1.581,1.6932,1.7998,1.9065,2.0148,2.1245,2.2349,2.3452
2017-06-30,1.16,1.2645,1.4627,1.6021,1.7194,1.83,1.9398,2.0506,2.1622,2.2742,2.3857
2017-07-03,1.16,1.2795,1.4858,1.6317,1.7541,1.8687,1.9817,2.0948,2.2083,2.3216,2.4341
2017-07-05,1.12,1.2779,1.4821,1.628,1.7511,1.8666,1.9804,2.0943,2.2084,2.3223,2.4353
2017-07-06,1.12,1.2762,1.4853,1.6364,1.764,1.8833,2.0002,2.1166,2.2327,2.3481,2.4623
2017-07-07,1.12,1.2772,1.4893,1.6443,1.7758,1.8984,2.018,2.1366,2.2544,2.3713,2.4866
2017-07-10,1.12,1.2647,1.4728,1.6278,1.7609,1.8855,2.0071,2.1274,2.2467,2.3648,2.4812
2017-07-11,1.12,1.2571,1.4597,1.6135,1.7471,1.8728,1.9956,2.117,2.2374,2.3564,2.4736
2017-07-12,1.16,1.2376,1.429,1.5784,1.7106,1.8363,1.9596,2.0818,2.203,2.3227,2.4406
2017-07-13,1.16,1.2454,1.4371,1.5869,1.7196,1.8456,1.9692,2.0917,2.213,2.3328,2.4508
2017-07-14,1.16,1.2339,1.4219,1.5703,1.7026,1.8287,1.9526,2.0753,2.1969,2.3171,2.4354
2017-07-17,1.16,1.2302,1.4133,1.5591,1.6899,1.8152,1.9386,2.0611,2.1827,2.3028,2.421
2017-07-18,1.16,1.2254,1.4005,1.5408,1.6678,1.7904,1.9118,2.0329,2.1533,2.2726,2.3902
2017-07-19,1.16,1.2342,1.4035,1.5405,1.6656,1.787,1.9077,2.0282,2.1483,2.2673,2.3847
2017-07-20,1.16,1.2413,1.4028,1.5361,1.6595,1.7801,1.9006,2.021,2.1411,2.2602,2.3778
2017-07-21,1.16,1.2366,1.3896,1.519,1.6406,1.7606,1.8808,2.0013,2.1215,2.2408,2.3585
2017-07-24,1.16,1.2497,1.4014,1.5298,1.6508,1.7703,1.8902,2.0104,2.1304,2.2495,2.367
2017-07-25,1.16,1.278,1.4394,1.5742,1.6994,1.8219,1.9437,2.0654,2.1864,2.3062,2.4242
2017-07-26,1.16,1.2558,1.4119,1.5452,1.6704,1.7935,1.9162,2.0387,2.1605,2.281,2.3997
2017-07-27,1.16,1.2469,1.407,1.544,1.6724,1.7981,1.9229,2.0471,2.1702,2.2918,2.4114
2017-07-28,1.16,1.2341,1.3956,1.5338,1.6632,1.7897,1.9151,2.0398,2.1634,2.2853,2.4051
2017-07-31,1.16,1.2329,1.3973,1.5366,1.6662,1.7925,1.9176,2.042,2.1652,2.2869,2.4065
2017-08-01,1.16,1.2299,1.3885,1.5232,1.6494,1.7731,1.8963,2.0191,2.1412,2.262,2.3809
2017-08-02,1.15,1.2366,1.3962,1.53,1.6547,1.7768,1.8986,2.0202,2.1413,2.2613,2.3795
2017-08-03,1.15,1.2261,1.381,1.5115,1.6338,1.7542,1.8747,1.9954,2.1158,2.2352,2.353
2017-08-04,1.15,1.237,1.3972,1.5297,1.6525,1.7729,1.8931,2.0134,2.1334,2.2525,2.37
2017-08-07,1.15,1.2342,1.3996,1.5334,1.6559,1.7753,1.8944,2.0138,2.1329,2.2512,2.368
2017-08-08,1.15,1.2443,1.4136,1.5492,1.6725,1.7921,1.9113,2.0305,2.1495,2.2676,2.3843
2017-08-09,1.16,1.231,1.3939,1.5261,1.6476,1.7663,1.8849,2.0039,2.1227,2.2409,2.3576
2017-08-10,1.16,1.2214,1.379,1.507,1.6253,1.7415,1.8583,1.9758,2.0936,2.2109,2.327
2017-08-11,1.16,1.2056,1.3572,1.482,1.5986,1.7139,1.8302,1.9476,2.0653,2.1826,2.2988
2017-08-14,1.16,1.2152,1.3737,1.5018,1.6197,1.7356,1.852,1.9692,2.0867,2.2038,2.3198
2017-08-15,1.16,1.2353,1.4033,1.5363,1.6568,1.7741,1.8912,2.0088,2.1264,2.2435,2.3594
2017-08-16,1.16,1.2203,1.3865,1.5183,1.638,1.7547,1.8714,1.9888,2.1062,2.2232,2.339
2017-08-17,1.16,1.2029,1.366,1.4951,1.6125,1.7274,1.8428,1.959,2.0757,2.1921,2.3075
2017-08-18,1.16,1.2053,1.3675,1.4953,1.6116,1.7255,1.84,1.9556,2.0718,2.1878,2.3028
2017-08-21,1.16,1.203,1.3651,1.492,1.6071,1.7199,1.8334,1.9482,2.0637,2.1791,2.2937
2017-08-22,1.16,1.2143,1.3824,1.5121,1.6284,1.7416,1.8552,1.9699,2.0852,2.2004,2.3148
2017-08-23,1.16,1.2077,1.3727,1.4987,1.6115,1.7218,1.833,1.9458,2.0596,2.1736,2.2871
2017-08-24,1.16,1.2142,1.3821,1.5089,1.6218,1.7318,1.8427,1.9551,2.0685,2.1822,2.2953
2017-08-25,1.16,1.2165,1.3822,1.5065,1.6172,1.7252,1.8345,1.9456,2.058,2.1708,2.2833
2017-08-28,1.16,1.2107,1.3757,1.4982,1.607,1.7134,1.8212,1.9312,2.0426,2.1548,2.2667
2017-08-29,1.16,1.208,1.3637,1.4807,1.5858,1.6898,1.796,1.9048,2.0155,2.1271,2.2385
2017-08-30,1.16,1.2115,1.368,1.4849,1.5898,1.6934,1.7992,1.9077,2.0181,2.1295,2.2407
2017-08-31,1.16,1.203,1.3591,1.4744,1.5774,1.6792,1.7836,1.8909,2.0003,2.1108,2.2215
2017-09-01,1.16,1.2167,1.3795,1.4976,1.6016,1.7036,1.8078,1.9148,2.0238,2.134,2.2443
2017-09-05,1.16,1.1988,1.3442,1.4524,1.5506,1.6491,1.7511,1.8567,1.9648,2.0744,2.1844
2017-09-06,1.15,1.2161,1.356,1.4618,1.559,1.6572,1.7591,1.8648,1.973,2.0827,2.1927
2017-09-07,1.15,1.2009,1.3286,1.428,1.5216,1.6179,1.7187,1.8237,1.9317,2.0412,2.1512
2017-09-08,1.15,1.1974,1.3237,1.4226,1.5162,1.6126,1.7136,1.8187,1.9268,2.0365,2.1466
2017-09-11,1.15,1.2285,1.3673,1.4728,1.57,1.6683,1.7704,1.8761,1.9845,2.0942,2.2043
2017-09-12,1.15,1.2391,1.3887,1.5005,1.6017,1.7025,1.8062,1.913,2.0222,2.1324,2.2429
2017-09-13,1.16,1.2464,1.4046,1.5216,1.6259,1.7287,1.8337,1.9415,2.0512,2.1619,2.2726
2017-09-14,1.16,1.2547,1.4165,1.535,1.6397,1.7426,1.8475,1.9549,2.0644,2.1749,2.2853
2017-09-15,1.16,1.2663,1.4334,1.5533,1.6579,1.76,1.8639,1.9705,2.0791,2.1888,2.2987
2017-09-18,1.16,1.28,1.4524,1.5747,1.6802,1.7825,1.8864,1.9928,2.1012,2.2107,2.3202
2017-09-19,1.16,1.2847,1.4606,1.5845,1.6909,1.7936,1.8976,2.004,2.1124,2.2218,2.3313
2017-09-20,1.16,1.3084,1.497,1.6257,1.7331,1.8353,1.9383,2.0436,2.1508,2.2591,2.3676
2017-09-21,1.16,1.3071,1.4994,1.6292,1.7366,1.8385,1.9409,2.0456,2.1524,2.2603,2.3685
2017-09-22,1.16,1.3032,1.4966,1.6259,1.7324,1.8333,1.9348,2.0387,2.1448,2.2522,2.3599
2017-09-25,1.16,1.2944,1.4788,1.6024,1.7052,1.8036,1.9034,2.0061,2.1113,2.2181,2.3254
2017-09-26,1.16,1.303,1.488,1.6116,1.7139,1.8118,1.9111,2.0134,2.1182,2.2246,2.3316
2017-09-27,1.16,1.3231,1.5176,1.6467,1.7524,1.8524,1.9531,2.0563,2.1617,2.2685,2.3757
2017-09-28,1.16,1.3153,1.5114,1.6429,1.7511,1.8533,1.9559,2.0605,2.1672,2.275,2.383
2017-09-29,1.16,1.3265,1.5286,1.6634,1.7735,1.8766,1.9798,2.0847,2.1915,2.2994,2.4075
2017-10-02,1.16,1.3312,1.5403,1.678,1.789,1.8924,1.9953,2.1,2.2064,2.3139,2.4217
2017-10-03,1.16,1.332,1.5371,1.6728,1.7828,1.8857,1.9884,2.093,2.1994,2.3069,2.4146
2017-10-04,1.12,1.3352,1.5376,1.6721,1.7816,1.8843,1.9869,2.0915,2.1979,2.3055,2.4134
2017-10-05,1.12,1.3421,1.5482,1.6846,1.7952,1.8985,2.0015,2.1062,2.2127,2.3203,2.4281
2017-10-06,1.12,1.3571,1.5691,1.7076,1.8187,1.9217,2.0242,2.1284,2.2344,2.3414,2.4488
2017-10-10,1.12,1.362,1.5679,1.7026,1.8111,1.9123,2.0135,2.1167,2.222,2.3285,2.4355
2017-10-11,1.16,1.368,1.5709,1.7032,1.8097,1.9094,2.0095,2.1118,2.2164,2.3224,2.4289
2017-10-12,1.16,1.3716,1.5716,1.701,1.8051,1.9028,2.0012,2.1023,2.2058,2.311,2.4169
2017-10-13,1.16,1.3631,1.556,1.6799,1.7797,1.8741,1.97,2.0692,2.1713,2.2753,2.3804
2017-10-16,1.16,1.381,1.5792,1.7032,1.8013,1.8935,1.9872,2.0843,2.1846,2.2872,2.3909
2017-10-17,1.16,1.387,1.5899,1.7144,1.8112,1.9015,1.9934,2.089,2.1879,2.2893,2.3921
2017-10-18,1.16,1.398,1.6108,1.7394,1.8377,1.9284,2.02,2.1151,2.2136,2.3145,2.4168
2017-10-19,1.16,1.3977,1.6105,1.7385,1.8361,1.9261,2.0172,2.1117,2.2098,2.3104,2.4124
2017-10-20,1.16,1.4143,1.6357,1.7688,1.8695,1.9614,2.0538,2.1492,2.2478,2.3487,2.4509
2017-10-23,1.16,1.4053,1.6262,1.7602,1.8621,1.9553,2.0487,2.1451,2.2445,2.3461,2.4489
2017-10-24,1.16,1.4215,1.6469,1.7841,1.8885,1.9835,2.0783,2.1756,2.2757,2.3779,2.4811
2017-10-25,1.16,1.4275,1.656,1.7962,1.9031,2.0002,2.0966,2.1953,2.2964,2.3994,2.5032
2017-10-26,1.16,1.4355,1.6686,1.8119,1.9208,2.0193,2.1168,2.2161,2.3178,2.4211,2.5251
2017-10-27,1.16,1.4232,1.6516,1.7927,1.9005,1.9986,2.0958,2.1951,2.2968,2.4002,2.5044
2017-10-30,1.16,1.4068,1.6262,1.7619,1.8666,1.9626,2.0586,2.1571,2.2583,2.3613,2.4653
2017-10-31,1.16,1.4245,1.6395,1.7716,1.8734,1.9671,2.0612,2.1583,2.2583,2.3604,2.4637
2017-11-01,1.15,1.4434,1.6532,1.7807,1.8788,1.9696,2.0613,2.1565,2.2551,2.356,2.4583
2017-11-02,1.15,1.4451,1.6503,1.7741,1.8692,1.9576,2.0476,2.1414,2.2389,2.3389,2.4406
2017-11-03,1.15,1.4526,1.6539,1.7737,1.8652,1.9506,2.0381,2.13,2.2259,2.3247,2.4253
2017-11-06,1.15,1.4574,1.6543,1.7698,1.8576,1.94,2.0251,2.1151,2.2094,2.3071,2.4067
2017-11-07,1.15,1.4739,1.6656,1.7763,1.86,1.939,2.0214,2.1092,2.2018,2.2981,2.3966
2017-11-08,1.16,1.4904,1.6824,1.7919,1.8742,1.9517,2.0329,2.1196,2.2113,2.3068,2.4046
2017-11-09,1.16,1.4946,1.6839,1.7926,1.8748,1.9528,2.0343,2.1214,2.2135,2.3093,2.4074
2017-11-10,1.16,1.5134,1.7132,1.829,1.9161,1.9974,2.0814,2.1702,2.2635,2.3602,2.459
2017-11-13,1.16,1.5274,1.7318,1.8497,1.9376,2.0192,2.1032,2.1919,2.2851,2.3816,2.4802
2017-11-14,1.16,1.5338,1.7338,1.8488,1.9347,2.0148,2.0978,2.1857,2.2783,2.3743,2.4726
2017-11-15,1.16,1.5289,1.7217,1.8307,1.9119,1.9884,2.0686,2.1543,2.2452,2.34,2.4372
2017-11-16,1.16,1.5522,1.7475,1.8562,1.936,2.0109,2.0894,2.1737,2.2633,2.357,2.4534
2017-11-17,1.16,1.5618,1.7547,1.86,1.9366,2.0087,2.0849,2.1673,2.2554,2.3479,2.4432
2017-11-20,1.16,1.5876,1.7828,1.8873,1.9621,2.0322,2.1065,2.1873,2.274,2.3652,2.4595
2017-11-21,1.16,1.6005,1.7983,1.902,1.9747,2.0424,2.1146,2.1935,2.2786,2.3685,2.4617
2017-11-22,1.16,1.5868,1.7773,1.8764,1.946,2.0116,2.0823,2.1602,2.2446,2.334,2.4268
2017-11-24,1.16,1.5923,1.7853,1.8845,1.9534,2.0181,2.0878,2.1648,2.2484,2.3372,2.4294
2017-11-27,1.16,1.585,1.7786,1.8771,1.9449,2.0084,2.0771,2.1532,2.2361,2.3243,2.4162
2017-11-28,1.16,1.5981,1.7912,1.8886,1.9551,2.0174,2.0851,2.1604,2.2426,2.3303,2.4216
2017-11-29,1.16,1.608,1.8077,1.9087,1.9773,2.0409,2.1094,2.1851,2.2676,2.3554,2.4469
2017-11-30,1.16,1.6193,1.8325,1.9407,2.0132,2.079,2.1487,2.2251,2.308,2.396,2.4875
2017-12-01,1.16,1.6161,1.8285,1.9343,2.0042,2.0676,2.1352,2.21,2.2915,2.3784,2.469
2017-12-04,1.16,1.6322,1.8475,1.9524,2.0201,2.081,2.1463,2.219,2.2988,2.3843,2.4737
2017-12-05,1.16,1.6487,1.8639,1.9652,2.0284,2.085,2.1466,2.2162,2.2934,2.3767,2.4644
2017-12-06,1.15,1.6426,1.8512,1.9471,2.0061,2.0594,2.1185,2.1861,2.2618,2.344,2.4308
2017-12-07,1.15,1.6467,1.8607,1.9595,2.02,2.0741,2.1336,2.2016,2.2774,2.3596,2.4464
2017-12-08,1.15,1.644,1.8627,1.9641,2.0262,2.0813,2.1414,2.2097,2.2858,2.3682,2.4551
2017-12-11,1.15,1.6594,1.8785,1.9795,2.0409,2.0952,2.1547,2.2224,2.298,2.3799,2.4665
2017-12-12,1.15,1.6733,1.8923,1.9932,2.0544,2.1086,2.1679,2.2354,2.3109,2.3928,2.4792
2017-12-13,1.16,1.6484,1.8592,1.9566,2.0165,2.0704,2.1299,2.1978,2.2737,2.356,2.4429
2017-12-14,1.16,1.6573,1.8672,1.9627,2.0205,2.0725,2.1304,2.197,2.2718,2.3532,2.4394
2017-12-15,1.16,1.67,1.8839,1.9788,2.0344,2.0839,2.1394,2.2038,2.2769,2.3567,2.4416
2017-12-18,1.16,1.6881,1.8998,1.9943,2.0504,2.1005,2.1566,2.2216,2.2951,2.3753,2.4605
2017-12-19,1.16,1.7064,1.9274,2.0291,2.0906,2.1448,2.2039,2.2713,2.3465,2.4281,2.5143
2017-12-20,1.41,1.7135,1.94,2.0473,2.1138,2.1721,2.2346,2.3046,2.3819,2.4651,2.5525
2017-12-21,1.41,1.7169,1.9453,2.054,2.1215,2.1806,2.2436,2.314,2.3916,2.4751,2.5627
2017-12-22,1.41,1.7214,1.9536,2.0632,2.1304,2.1888,2.2511,2.3207,2.3976,2.4805,2.5676
2017-12-26,1.41,1.7393,1.96,2.0635,2.1273,2.1836,2.2446,2.3135,2.3899,2.4724,2.5593
2017-12-27,1.42,1.7301,1.9386,2.0348,2.0941,2.1477,2.2069,2.2745,2.3501,2.432,2.5185
2017-12-28,1.42,1.7338,1.9449,2.0412,2.0996,2.1521,2.2102,2.2768,2.3516,2.4328,2.5187
2017-12-29,1.42,1.7268,1.9351,2.029,2.0857,2.1367,2.1936,2.2594,2.3335,2.4142,2.4997
2018-01-02,1.42,1.7592,1.9681,2.0622,2.1187,2.1695,2.2261,2.2916,2.3654,2.4458,2.5311
2018-01-03,1.37,1.7614,1.9711,2.0647,2.1203,2.1701,2.2259,2.2907,2.3639,2.4438,2.5286
2018-01-04,1.37,1.7744,1.9888,2.083,2.1376,2.1859,2.2402,2.3035,2.3755,2.4544,2.5383
2018-01-05,1.37,1.7776,1.9999,2.0972,2.1528,2.2011,2.255,2.3178,2.3892,2.4676,2.551
2018-01-08,1.37,1.791,2.0114,2.1079,2.163,2.2111,2.2648,2.3276,2.3989,2.4773,2.5607
2018-01-09,1.37,1.8005,2.0291,2.1318,2.1918,2.2435,2.3,2.3649,2.4379,2.5174,2.6018
2018-01-10,1.42,1.7936,2.0254,2.1314,2.1942,2.2484,2.3068,2.3732,2.4475,2.528,2.6131
2018-01-11,1.42,1.791,2.0232,2.1297,2.1931,2.2477,2.3066,2.3733,2.4478,2.5285,2.6139
2018-01-12,1.42,1.8021,2.0387,2.1469,2.2105,2.2648,2.3232,2.3894,2.4634,2.5437,2.6286
2018-01-16,1.42,1.8203,2.0546,2.1599,2.2209,2.2729,2.3295,2.3942,2.4669,2.5462,2.6302
2018-01-17,1.42,1.8351,2.076,2.1835,2.2448,2.2964,2.3521,2.416,2.488,2.5666,2.65
2018-01-18,1.42,1.8497,2.0984,2.2109,2.2753,2.329,2.3862,2.4511,2.5237,2.6028,2.6866
2018-01-19,1.42,1.8529,2.1108,2.2283,2.2956,2.351,2.4093,2.4748,2.5479,2.6272,2.7111
2018-01-22,1.42,1.8633,2.1241,2.2436,2.3123,2.3687,2.4277,2.4937,2.5671,2.6467,2.7308
2018-01-23,1.42,1.8495,2.106,2.2233,2.2909,2.3467,2.4053,2.4712,2.5446,2.6242,2.7084
2018-01-24,1.42,1.8525,2.1137,2.2331,2.3017,2.3579,2.4166,2.4825,2.5558,2.6353,2.7194
2018-01-25,1.42,1.8528,2.1134,2.2308,2.297,2.3509,2.4078,2.4721,2.5441,2.6226,2.7058
2018-01-26,1.42,1.8719,2.1449,2.2662,2.3327,2.3856,2.4408,2.5035,2.574,2.6511,2.7331
2018-01-29,1.42,1.8922,2.1696,2.293,2.3605,2.4137,2.4691,2.5317,2.6021,2.6791,2.7609
2018-01-30,1.42,1.8971,2.1802,2.3077,2.378,2.4333,2.4902,2.5539,2.6251,2.7027,2.785
2018-01-31,1.41,1.9096,2.1945,2.3222,2.3922,2.4469,2.5031,2.5663,2.637,2.7141,2.7961
2018-02-01,1.41,1.9235,2.2179,2.3521,2.4267,2.4847,2.5434,2.6083,2.6804,2.7585,2.8411
2018-02-02,1.41,1.926,2.2282,2.3705,2.4521,2.5161,2.5795,2.6482,2.7232,2.8037,2.8882
2018-02-05,1.41,1.9022,2.1851,2.321,2.4019,2.4673,2.533,2.6041,2.6814,2.7638,2.8501
2018-02-06,1.41,1.9135,2.1912,2.3258,2.4069,2.4731,2.5397,2.6116,2.6896,2.7727,2.8595
2018-02-07,1.42,1.9444,2.225,2.3627,2.4466,2.5151,2.5835,2.6569,2.7359,2.8198,2.9072
2018-02-08,1.42,1.9489,2.2272,2.3662,2.4525,2.5236,2.5943,2.6697,2.7504,2.8357,2.9242
2018-02-09,1.42,1.9255,2.191,2.3279,2.4165,2.4913,2.5658,2.6447,2.7285,2.8164,2.9071
2018-02-12,1.42,1.9618,2.2189,2.3535,2.4424,2.5184,2.5944,2.6746,2.7596,2.8484,2.9399
2018-02-13,1.42,1.9636,2.2138,2.345,2.4322,2.5073,2.5828,2.6628,2.7477,2.8365,2.928
2018-02-14,1.42,2.0026,2.2712,2.411,2.5019,2.5784,2.6543,2.7341,2.8185,2.9067,2.9976
2018-02-15,1.42,2.0109,2.2831,2.4234,2.5137,2.5892,2.664,2.7428,2.8263,2.9138,3.004
2018-02-16,1.42,2.015,2.282,2.4183,2.5055,2.5786,2.6516,2.7289,2.8114,2.898,2.9876
2018-02-20,1.42,2.0394,2.3015,2.4336,2.5174,2.5878,2.6587,2.7344,2.8154,2.901,2.9897
2018-02-21,1.42,2.0519,2.3217,2.4585,2.5451,2.6174,2.6894,2.7659,2.8475,2.9334,3.0223
2018-02-22,1.42,2.0452,2.314,2.4504,2.5369,2.6092,2.6812,2.7578,2.8395,2.9255,3.0145
2018-02-23,1.42,2.0376,2.2989,2.4301,2.5129,2.5824,2.6526,2.7277,2.8083,2.8935,2.9819
2018-02-26,1.42,2.0363,2.2865,2.4119,2.4918,2.5598,2.6292,2.7039,2.7843,2.8694,2.9579
2018-02-27,1.42,2.0563,2.3138,2.4425,2.5236,2.5921,2.6614,2.7359,2.816,2.9007,2.9888
2018-02-28,1.41,2.0536,2.31,2.4369,2.5164,2.5832,2.6512,2.7247,2.804,2.8881,2.9756
2018-03-01,1.41,2.0297,2.2778,2.3989,2.4742,2.5381,2.604,2.6759,2.754,2.8373,2.9243
2018-03-02,1.41,2.045,2.2998,2.4238,2.5002,2.5644,2.6301,2.7017,2.7795,2.8625,2.9491
2018-03-05,1.41,2.0564,2.3105,2.4353,2.5128,2.5782,2.645,2.7174,2.796,2.8795,2.9665
2018-03-06,1.41,2.0602,2.3143,2.4391,2.5169,2.5824,2.6494,2.7219,2.8006,2.8841,2.9713
2018-03-07,1.42,2.0633,2.318,2.4431,2.5209,2.5864,2.6532,2.7258,2.8043,2.8878,2.9749
2018-03-08,1.42,2.0604,2.3116,2.434,2.5096,2.5735,2.6391,2.7107,2.7885,2.8714,2.958
2018-03-09,1.42,2.0702,2.3263,2.4507,2.527,2.591,2.6565,2.7278,2.8053,2.8879,2.9743
2018-03-12,1.42,2.0753,2.3249,2.445,2.5185,2.5805,2.6445,2.7148,2.7916,2.8736,2.9595
2018-03-13,1.42,2.0759,2.3158,2.4303,2.5005,2.5604,2.6231,2.6924,2.7686,2.8502,2.9358
2018-03-14,1.42,2.0842,2.3129,2.4206,2.4863,2.5433,2.6041,2.672,2.7472,2.8281,2.9131
2018-03-15,1.42,2.1001,2.3248,2.429,2.492,2.5467,2.6056,2.6721,2.7461,2.826,2.9104
2018-03-16,1.42,2.118,2.3445,2.4491,2.5118,2.566,2.6244,2.6904,2.764,2.8435,2.9275
2018-03-19,1.42,2.1344,2.3577,2.4601,2.5212,2.5743,2.6318,2.6971,2.7701,2.8492,2.9328
2018-03-20,1.42,2.151,2.3797,2.4847,2.547,2.6006,2.6583,2.7237,2.7966,2.8756,2.959
2018-03-21,1.43,2.1354,2.3711,2.4808,2.5464,2.6023,2.6617,2.7284,2.8022,2.882,2.966
2018-03-22,1.43,2.111,2.3418,2.4476,2.5103,2.564,2.6217,2.6871,2.76,2.8391,2.9226
2018-03-23,1.43,2.0975,2.3247,2.4285,2.49,2.5431,2.6005,2.6657,2.7385,2.8175,2.9011
2018-03-26,1.43,2.1208,2.3488,2.4525,2.5136,2.5661,2.6229,2.6875,2.7599,2.8385,2.9217
2018-03-27,1.43,2.1001,2.3151,2.4116,2.4683,2.5182,2.5734,2.6371,2.7088,2.7871,2.8701
2018-03-28,1.68,2.1046,2.3211,2.416,2.4703,2.5176,2.5705,2.6323,2.7024,2.7793,2.8612
2018-03-29,1.68,2.097,2.3111,2.4022,2.4528,2.497,2.5472,2.6068,2.6751,2.7507,2.8315
2018-04-02,1.68,2.0945,2.3029,2.3908,2.4395,2.4825,2.532,2.591,2.6591,2.7345,2.8151
2018-04-03,1.68,2.1114,2.3305,2.4233,2.474,2.5177,2.5673,2.6261,2.6938,2.7688,2.849
2018-04-04,1.68,2.1088,2.338,2.4352,2.4875,2.5316,2.5811,2.6396,2.7069,2.7815,2.8613
2018-04-05,1.68,2.119,2.3576,2.4591,2.5135,2.5583,2.608,2.6665,2.7336,2.808,2.8876
2018-04-06,1.68,2.1008,2.3316,2.4285,2.4801,2.5232,2.5717,2.6295,2.6962,2.7702,2.8497
2018-04-09,1.68,2.1121,2.3404,2.4353,2.4853,2.5272,2.5748,2.6318,2.6979,2.7715,2.8506
2018-04-10,1.68,2.1247,2.358,2.4542,2.5038,2.5448,2.5914,2.6473,2.7125,2.7853,2.8637
2018-04-11,1.69,2.1287,2.3618,2.456,2.5033,2.5421,2.5868,2.6411,2.705,2.7767,2.8542
2018-04-12,1.69,2.1498,2.3934,2.4922,2.5413,2.5805,2.625,2.6791,2.7425,2.8137,2.8907
2018-04-13,1.69,2.1649,2.4099,2.5074,2.5544,2.5915,2.6341,2.6864,2.7483,2.8183,2.8944
2018-04-16,1.69,2.1838,2.4282,2.5238,2.5686,2.6036,2.6443,2.6951,2.7558,2.8248,2.8999
2018-04-17,1.69,2.1993,2.4395,2.5307,2.5715,2.6032,2.6412,2.6898,2.7487,2.8163,2.8903
2018-04-18,1.69,2.2221,2.4708,2.5655,2.6076,2.6395,2.6773,2.7255,2.7839,2.851,2.9245
2018-04-19,1.69,2.2385,2.496,2.5962,2.6417,2.6759,2.7152,2.7644,2.8236,2.8911,2.965
2018-04-20,1.69,2.2515,2.5196,2.6261,2.6755,2.7121,2.753,2.8033,2.8632,2.9312,3.0054
2018-04-23,1.69,2.2731,2.5433,2.6515,2.7023,2.7401,2.7818,2.8327,2.8931,2.9614,3.0358
2018-04-24,1.69,2.2758,2.5441,2.6535,2.7065,2.7465,2.7903,2.8429,2.9047,2.9743,3.0497
2018-04-25,1.7,2.2717,2.5446,2.6592,2.7169,2.7609,2.8079,2.8632,2.9271,2.9983,3.075
2018-04-26,1.7,2.2611,2.5339,2.6484,2.7061,2.7502,2.7973,2.8526,2.9166,2.9878,3.0646
2018-04-27,1.7,2.2514,2.5209,2.6324,2.6876,2.7296,2.7751,2.8292,2.8922,2.9627,3.0389
2018-04-30,1.7,2.2639,2.5266,2.633,2.6843,2.7233,2.7666,2.8189,2.8806,2.95,3.0254
2018-05-01,1.7,2.276,2.5413,2.6478,2.6982,2.736,2.7781,2.8294,2.8901,2.9588,3.0335
2018-05-02,1.7,2.2719,2.5382,2.6449,2.6951,2.7328,2.7746,2.8257,2.8863,2.9548,3.0294
2018-05-03,1.7,2.2623,2.5264,2.6311,2.6799,2.7163,2.7573,2.8077,2.8677,2.9359,3.0102
2018-05-04,1.7,2.2703,2.5367,2.6416,2.6897,2.7253,2.7654,2.815,2.8743,2.9419,3.0157
2018-05-07,1.7,2.28,2.5441,2.6477,2.695,2.7301,2.7697,2.8191,2.8782,2.9456,3.0192
2018-05-08,1.7,2.2921,2.5585,2.6634,2.7114,2.7469,2.7868,2.8362,2.8954,2.9628,3.0365
2018-05-09,1.7,2.3033,2.5744,2.6825,2.7327,2.7696,2.8106,2.8609,2.9206,2.9884,3.0623
2018-05-10,1.7,2.3072,2.5759,2.682,2.7305,2.7662,2.8062,2.8556,2.9147,2.982,3.0555
2018-05-11,1.7,2.3149,2.5812,2.6851,2.7321,2.7665,2.8054,2.8541,2.9126,2.9793,3.0525
2018-05-14,1.7,2.3301,2.5945,2.6978,2.7446,2.7792,2.8183,2.8672,2.9258,2.9927,3.0659
2018-05-15,1.7,2.3543,2.6317,2.7431,2.7952,2.8331,2.8746,2.925,2.9847,3.0524,3.1261
2018-05-16,1.7,2.3567,2.6407,2.7571,2.8128,2.8534,2.897,2.9489,3.0098,3.0784,3.1528
2018-05-17,1.7,2.3537,2.6397,2.7593,2.8183,2.862,2.908,2.962,3.0246,3.0945,3.17
2018-05-18,1.7,2.336,2.6152,2.7317,2.7896,2.8329,2.879,2.9332,2.9961,3.0663,3.1421
2018-05-21,1.7,2.3488,2.6211,2.7337,2.7892,2.8311,2.8762,2.9297,2.9921,3.062,3.1376
2018-05-22,1.7,2.3551,2.6244,2.7355,2.79,2.8313,2.876,2.9294,2.9916,3.0614,3.1369
2018-05-23,1.7,2.325,2.5823,2.6883,2.7411,2.7822,2.8274,2.8814,2.9444,3.0149,3.0911
2018-05-24,1.7,2.3028,2.5536,2.6569,2.7086,2.7494,2.7947,2.8489,2.9122,2.9831,3.0596
2018-05-25,1.7,2.2819,2.5242,2.6226,2.6715,2.7105,2.7547,2.8083,2.8713,2.9419,3.0183
2018-05-29,1.7,2.2118,2.4103,2.489,2.5299,2.5663,2.6105,2.6652,2.7297,2.802,2.8801
2018-05-30,1.7,2.2444,2.446,2.5251,2.5653,2.6007,2.6438,2.6975,2.7611,2.8326,2.9099
2018-05-31,1.7,2.2541,2.4554,2.5331,2.5715,2.6054,2.6471,2.6997,2.7623,2.833,2.9097
2018-06-01,1.7,2.2848,2.5008,2.5842,2.6242,2.6579,2.6987,2.75,2.8114,2.881,2.9567
2018-06-04,1.7,2.3171,2.5425,2.6295,2.6704,2.7038,2.7439,2.7944,2.855,2.9237,2.9987
2018-06-05,1.7,2.3134,2.5351,2.62,2.6599,2.6926,2.7323,2.7826,2.843,2.9117,2.9866
2018-06-06,1.7,2.3331,2.5652,2.6557,2.6985,2.7329,2.7735,2.8242,2.8848,2.9536,3.0285
2018-06-07,1.7,2.3212,2.5492,2.6371,2.6782,2.7114,2.7512,2.8015,2.8617,2.9302,3.005
2018-06-08,1.7,2.3175,2.546,2.6338,2.6746,2.7075,2.747,2.7969,2.857,2.9253,2.9999
2018-06-11,1.7,2.3309,2.5649,2.6545,2.6956,2.7281,2.767,2.8162,2.8756,2.9434,3.0175
2018-06-12,1.7,2.3376,2.5784,2.6705,2.7121,2.7444,2.7826,2.8313,2.89,2.9572,3.0308
2018-06-13,1.7,2.3537,2.6047,2.7001,2.7421,2.7735,2.8106,2.8579,2.9155,2.9816,3.0542
2018-06-14,1.7,2.3445,2.5935,2.686,2.725,2.7539,2.7888,2.8344,2.8907,2.9557,3.0275
2018-06-15,1.7,2.3403,2.5883,2.6791,2.7164,2.7437,2.7773,2.8219,2.8772,2.9416,3.0128
2018-06-18,1.7,2.3496,2.5935,2.6811,2.716,2.7414,2.7736,2.8171,2.8716,2.9352,3.0059
2018-06-19,1.7,2.3451,2.5803,2.6624,2.6937,2.7166,2.7471,2.7894,2.843,2.906,2.9763
2018-06-20,1.9,2.3558,2.5955,2.6798,2.7121,2.7355,2.7661,2.8084,2.8619,2.9249,2.995
2018-06-21,1.9,2.3475,2.5839,2.6661,2.6971,2.7196,2.7496,2.7915,2.8448,2.9076,2.9775
2018-06-22,1.9,2.3452,2.5828,2.6652,2.6958,2.718,2.7476,2.7891,2.8421,2.9045,2.9743
2018-06-25,1.9,2.3424,2.5736,2.652,2.68,2.7004,2.7288,2.7694,2.8218,2.8838,2.9532
2018-06-26,1.9,2.3432,2.5719,2.6491,2.6766,2.6967,2.725,2.7656,2.818,2.8801,2.9495
2018-06-27,1.92,2.3243,2.5459,2.6189,2.644,2.6626,2.6901,2.7301,2.7821,2.844,2.9133
2018-06-28,1.92,2.3287,2.5516,2.6246,2.6491,2.6671,2.6939,2.7333,2.7848,2.8463,2.9153
2018-06-29,1.92,2.3309,2.5561,2.6301,2.6549,2.6728,2.6994,2.7387,2.7901,2.8513,2.9202
2018-07-02,1.92,2.3554,2.5796,2.6519,2.6752,2.6918,2.7172,2.7555,2.806,2.8666,2.9348
2018-07-03,1.92,2.3483,2.566,2.6344,2.6551,2.67,2.6943,2.7318,2.7818,2.842,2.91
2018-07-05,1.91,2.3519,2.5727,2.6409,2.6601,2.6732,2.6958,2.7318,2.7805,2.8397,2.9068
2018-07-06,1.91,2.346,2.5635,2.6295,2.6473,2.6595,2.6814,2.717,2.7654,2.8243,2.8912
2018-07-09,1.91,2.3675,2.5883,2.6554,2.6734,2.6853,2.7068,2.7419,2.7898,2.8483,2.9148
2018-07-10,1.91,2.3834,2.6084,2.6763,2.6936,2.7044,2.7248,2.7587,2.8057,2.8633,2.9291
2018-07-11,1.91,2.3757,2.5998,2.6663,2.6822,2.6917,2.7111,2.7442,2.7905,2.8477,2.9131
2018-07-12,1.91,2.3841,2.6088,2.6743,2.6888,2.697,2.715,2.7471,2.7925,2.8489,2.9137
2018-07-13,1.91,2.3813,2.6026,2.6653,2.6774,2.6837,2.7004,2.7313,2.7758,2.8315,2.8958
2018-07-16,1.91,2.3988,2.6178,2.6788,2.6899,2.6954,2.7114,2.7419,2.7861,2.8415,2.9055
2018-07-17,1.91,2.4119,2.6317,2.6926,2.7033,2.7082,2.7237,2.7537,2.7974,2.8524,2.9161
2018-07-18,1.91,2.4111,2.6343,2.697,2.7085,2.7139,2.7296,2.7597,2.8034,2.8585,2.9222
2018-07-19,1.91,2.3984,2.618,2.6786,2.6888,2.6934,2.7087,2.7385,2.7821,2.837,2.9007
2018-07-20,1.91,2.4007,2.6273,2.693,2.707,2.7144,2.7317,2.763,2.8078,2.8636,2.9279
2018-07-23,1.91,2.4255,2.6647,2.7382,2.7574,2.7682,2.7878,2.8209,2.8668,2.9234,2.9883
2018-07-24,1.91,2.4272,2.6654,2.7395,2.7596,2.7715,2.7921,2.8259,2.8725,2.9297,2.995
2018-07-25,1.91,2.4227,2.6598,2.7336,2.7539,2.7661,2.787,2.8211,2.8679,2.9253,2.9909
2018-07-26,1.91,2.4377,2.6866,2.766,2.7887,2.8018,2.8229,2.8569,2.9035,2.9606,3.0258
2018-07-27,1.91,2.4351,2.683,2.7613,2.7831,2.7955,2.816,2.8496,2.8958,2.9526,3.0175
2018-07-30,1.91,2.4462,2.6904,2.7676,2.7892,2.8019,2.8228,2.8567,2.9033,2.9604,3.0256
2018-07-31,1.91,2.4462,2.6866,2.761,2.7807,2.7919,2.8117,2.8448,2.8908,2.9474,3.0123
2018-08-01,1.91,2.4566,2.7025,2.7805,2.8026,2.8154,2.8364,2.8703,2.9169,2.9739,3.0391
2018-08-02,1.91,2.4478,2.6913,2.7689,2.7914,2.8049,2.8266,2.8612,2.9083,2.9659,3.0314
2018-08-03,1.91,2.436,2.6721,2.7459,2.7664,2.7789,2.8002,2.8346,2.8817,2.9392,3.0049
2018-08-06,1.91,2.442,2.669,2.7378,2.7554,2.7662,2.7864,2.8201,2.8667,2.924,2.9894
2018-08-07,1.91,2.4585,2.6886,2.7589,2.7772,2.7883,2.8086,2.8422,2.8888,2.9459,3.0112
2018-08-08,1.91,2.4632,2.6931,2.763,2.781,2.7918,2.8118,2.8452,2.8916,2.9486,3.0137
2018-08-09,1.91,2.4549,2.6764,2.742,2.7577,2.7672,2.7865,2.8196,2.8658,2.9227,2.9879
2018-08-10,1.91,2.4316,2.6405,2.6994,2.7115,2.719,2.7372,2.7697,2.8155,2.8724,2.9375
2018-08-13,1.91,2.4305,2.6344,2.6907,2.7013,2.708,2.7258,2.7581,2.8038,2.8606,2.9258
2018-08-14,1.91,2.4457,2.6493,2.705,2.7149,2.7211,2.7384,2.7702,2.8155,2.872,2.9369
2018-08-15,1.91,2.4347,2.6326,2.685,2.693,2.6979,2.7144,2.7457,2.7907,2.8469,2.9117
2018-08-16,1.91,2.4393,2.6382,2.6906,2.6983,2.7029,2.7189,2.7499,2.7946,2.8506,2.9151
2018-08-17,1.91,2.4372,2.6378,2.6906,2.6982,2.7024,2.7181,2.7488,2.7932,2.8489,2.9133
2018-08-20,1.91,2.4272,2.6162,2.6629,2.6671,2.6695,2.6842,2.7143,2.7584,2.814,2.8783
2018-08-21,1.91,2.4362,2.6257,2.6723,2.6763,2.6784,2.6928,2.7225,2.7664,2.8218,2.8859
2018-08-22,1.92,2.4302,2.6152,2.6593,2.6619,2.6631,2.677,2.7065,2.7502,2.8054,2.8695
2018-08-23,1.92,2.4295,2.6154,2.6592,2.6611,2.6616,2.6748,2.7036,2.7468,2.8016,2.8654
2018-08-24,1.92,2.4385,2.6254,2.6687,2.6696,2.6689,2.6811,2.709,2.7515,2.8057,2.8689
2018-08-27,1.92,2.4572,2.6455,2.6891,2.6898,2.6887,2.7005,2.7281,2.7701,2.824,2.8868
2018-08-28,1.92,2.4761,2.6687,2.7148,2.7169,2.7168,2.7291,2.7571,2.7993,2.8533,2.9162
2018-08-29,1.92,2.4861,2.6812,2.728,2.7302,2.7298,2.7417,2.7692,2.8111,2.8647,2.9274
2018-08-30,1.92,2.4725,2.6629,2.7075,2.7086,2.7078,2.7195,2.7471,2.7891,2.8428,2.9056
2018-08-31,1.92,2.4672,2.6548,2.6987,2.6999,2.6996,2.7119,2.74,2.7824,2.8366,2.8997
2018-09-04,1.92,2.4852,2.6768,2.7232,2.7262,2.7269,2.74,2.7686,2.8114,2.8659,2.9291
2018-09-05,1.91,2.4884,2.6775,2.7238,2.7274,2.7292,2.7432,2.7727,2.8162,2.8712,2.935
2018-09-06,1.91,2.4813,2.6663,2.7109,2.7142,2.716,2.7303,2.76,2.8039,2.8592,2.9233
2018-09-07,1.91,2.5107,2.7084,2.7586,2.764,2.7663,2.7805,2.8098,2.8531,2.9078,2.9712
2018-09-10,1.91,2.5222,2.7208,2.7705,2.7749,2.7761,2.7893,2.8177,2.8602,2.9143,2.9772
2018-09-11,1.91,2.542,2.7505,2.8043,2.8101,2.8116,2.8245,2.8524,2.8943,2.9478,3.0102
2018-09-12,1.92,2.5468,2.7556,2.8085,2.8131,2.8133,2.8251,2.8521,2.8933,2.9462,3.0081
2018-09-13,1.92,2.551,2.7617,2.8144,2.8181,2.8173,2.828,2.8541,2.8945,2.9468,3.0081
2018-09-14,1.92,2.5667,2.7843,2.8394,2.8434,2.8421,2.852,2.8772,2.9168,2.9683,3.029
2018-09-17,1.92,2.5747,2.7917,2.8458,2.8488,2.8467,2.8559,2.8805,2.9196,2.9707,3.031
2018-09-18,1.92,2.5929,2.8186,2.8778,2.884,2.8837,2.8942,2.9196,2.9592,3.0106,3.0711
2018-09-19,1.92,2.598,2.8316,2.8958,2.9051,2.9071,2.919,2.9455,2.986,3.0379,3.0988
2018-09-20,1.92,2.6002,2.8344,2.8992,2.909,2.9113,2.9236,2.9503,2.9909,3.043,3.104
2018-09-21,1.92,2.6029,2.835,2.8987,2.9082,2.9103,2.9225,2.9492,2.9899,3.042,3.1031
2018-09-24,1.92,2.6123,2.8408,2.9036,2.913,2.9156,2.9284,2.9556,2.9967,3.0493,3.1106
2018-09-25,1.92,2.6193,2.8502,2.9146,2.9253,2.9288,2.9423,2.97,3.0115,3.0643,3.1259
2018-09-26,1.92,2.6097,2.836,2.8979,2.9071,2.9098,2.9227,2.9501,2.9913,3.044,3.1055
2018-09-27,1.92,2.6075,2.8345,2.8959,2.9041,2.9057,2.9176,2.9443,2.9848,3.037,3.0981
2018-09-28,1.92,2.6038,2.8292,2.8896,2.8971,2.8983,2.91,2.9364,2.9768,3.0289,3.0899
2018-10-01,1.92,2.6189,2.8432,2.9041,2.9128,2.9152,2.928,2.9553,2.9965,3.0492,3.1106
2018-10-02,1.92,2.6173,2.8338,2.891,2.898,2.8996,2.912,2.9393,2.9805,3.0333,3.0949
2018-10-03,2.18,2.6424,2.8716,2.9369,2.9491,2.9542,2.969,2.998,3.0404,3.094,3.1561
2018-10-04,2.18,2.6582,2.8989,2.9714,2.9884,2.9968,3.0139,3.0444,3.0879,3.1423,3.205
2018-10-05,2.18,2.6644,2.9145,2.9939,3.016,3.0282,3.0482,3.0809,3.1261,3.1817,3.2454
2018-10-09,2.18,2.6693,2.9128,2.9895,3.0106,3.0226,3.0427,3.0756,3.1211,3.177,3.2409
2018-10-10,2.18,2.6706,2.909,2.9848,3.0068,3.0201,3.0417,3.0759,3.1226,3.1794,3.2442
2018-10-11,2.18,2.6529,2.8782,2.947,2.9652,2.9764,2.9967,3.0303,3.0766,3.1333,3.198
2018-10-12,2.18,2.6522,2.8723,2.9388,2.9559,2.9667,2.987,3.0206,3.067,3.1238,3.1887
2018-10-15,2.18,2.6669,2.8821,2.9465,2.9629,2.9735,2.9938,3.0276,3.0741,3.1311,3.1961
2018-10-16,2.18,2.6704,2.8837,2.9471,2.9628,2.9731,2.9932,3.0269,3.0733,3.1303,3.1952
2018-10-17,2.18,2.684,2.9006,2.9659,2.9828,2.9938,3.0143,3.0483,3.0949,3.1519,3.2168
2018-10-18,2.18,2.6799,2.8929,2.9569,2.9735,2.9847,3.0056,3.04,3.0869,3.1443,3.2095
2018-10-19,2.18,2.6948,2.9137,2.98,2.9973,3.0085,3.029,3.0629,3.1093,3.1662,3.2311
2018-10-22,2.18,2.7041,2.9191,2.9833,2.9996,3.0101,3.0303,3.0639,3.1103,3.1671,3.2318
2018-10-23,2.18,2.6923,2.8996,2.9607,2.9758,2.9862,3.0067,3.0407,3.0875,3.1448,3.21
2018-10-24,2.19,2.6619,2.8507,2.9033,2.9148,2.9237,2.9439,2.9782,3.0254,3.0832,3.149
2018-10-25,2.19,2.6711,2.862,2.9161,2.9286,2.9383,2.959,2.9937,3.0412,3.0992,3.1651
2018-10-26,2.19,2.6476,2.8265,2.8749,2.8849,2.8937,2.9141,2.9489,2.9968,3.0551,3.1214
2018-10-29,2.19,2.6525,2.8246,2.8697,2.8781,2.8862,2.9063,2.9409,2.9888,3.0472,3.1135
2018-10-30,2.19,2.6676,2.8455,2.8933,2.9029,2.9114,2.9316,2.9661,3.0138,3.072,3.1381
2018-10-31,2.2,2.6852,2.8722,2.9245,2.9364,2.946,2.9667,3.0015,3.0492,3.1073,3.1733
2018-11-01,2.2,2.6754,2.8632,2.9164,2.9291,2.9394,2.9607,2.9959,3.044,3.1024,3.1687
2018-11-02,2.2,2.703,2.9066,2.9678,2.9845,2.9967,3.0189,3.0545,3.1026,3.1609,3.2269
2018-11-05,2.2,2.7133,2.9143,2.9739,2.9896,3.0012,3.0229,3.0582,3.106,3.1642,3.2301
2018-11-06,2.2,2.7257,2.9295,2.9901,3.0059,3.0174,3.0388,3.0738,3.1213,3.1791,3.2447
2018-11-07,2.2,2.7368,2.944,3.0052,3.0206,3.0312,3.0517,3.0857,3.1325,3.1896,3.2547
2018-11-08,2.2,2.7489,2.9637,3.0273,3.0428,3.0525,3.072,3.1049,3.1507,3.2069,3.2712
2018-11-09,2.2,2.7352,2.943,3.0025,3.0154,3.0236,3.042,3.0743,3.1196,3.1755,3.2396
2018-11-13,2.2,2.7191,2.9091,2.9596,2.9679,2.9738,2.9911,3.0229,3.0681,3.1241,3.1883
2018-11-14,2.19,2.7063,2.8851,2.9305,2.9365,2.9415,2.9586,2.9905,3.0359,3.0922,3.1568
2018-11-15,2.19,2.6977,2.8708,2.9135,2.9186,2.9233,2.9405,2.9725,3.0182,3.0747,3.1395
2018-11-16,2.19,2.6763,2.8408,2.8805,2.8848,2.8898,2.9076,2.9405,2.9869,3.0442,3.1097
2018-11-19,2.19,2.6693,2.8218,2.8569,2.8602,2.8656,2.8843,2.9182,2.9657,3.0239,3.0902
2018-11-20,2.19,2.6719,2.8207,2.8546,2.8577,2.8632,2.8823,2.9166,2.9643,3.0229,3.0894
2018-11-21,2.2,2.6838,2.8312,2.8644,2.8671,2.8725,2.8915,2.9257,2.9735,3.032,3.0985
2018-11-23,2.2,2.678,2.8206,2.8521,2.8546,2.8602,2.8797,2.9145,2.9628,3.0217,3.0886
2018-11-26,2.2,2.6949,2.8385,2.8699,2.8717,2.8767,2.8955,2.9297,2.9774,3.0359,3.1024
2018-11-27,2.2,2.6963,2.8393,2.8698,2.8706,2.8748,2.8928,2.9264,2.9737,3.0318,3.098
2018-11-28,2.2,2.6854,2.8249,2.8537,2.8538,2.8577,2.8757,2.9093,2.9566,3.0149,3.0812
2018-11-29,2.2,2.6766,2.8164,2.8445,2.8438,2.8468,2.864,2.8971,2.9439,3.0017,3.0678
2018-11-30,2.2,2.671,2.8092,2.8349,2.8317,2.8324,2.8478,2.8793,2.925,2.9818,3.0471
2018-12-03,2.2,2.6852,2.8191,2.8395,2.8313,2.8278,2.8397,2.8683,2.9117,2.9667,3.0305
2018-12-04,2.2,2.6859,2.8027,2.8107,2.7934,2.7832,2.7901,2.815,2.8555,2.9083,2.9704
2018-12-06,2.2,2.6721,2.7774,2.7779,2.7556,2.7419,2.7463,2.7694,2.8086,2.8605,2.9219
2018-12-07,2.2,2.6514,2.7474,2.743,2.7182,2.7032,2.7069,2.7297,2.7688,2.8207,2.8822
2018-12-10,2.2,2.6549,2.7464,2.739,2.712,2.6955,2.6981,2.7201,2.7586,2.81,2.8711
2018-12-11,2.2,2.6806,2.7805,2.7758,2.749,2.7317,2.7332,2.754,2.7913,2.8418,2.902
2018-12-12,2.19,2.6901,2.7931,2.7903,2.7647,2.7481,2.7501,2.7713,2.8088,2.8594,2.9197
2018-12-13,2.19,2.6809,2.7817,2.7788,2.754,2.7384,2.7413,2.7633,2.8016,2.8528,2.9137
2018-12-14,2.19,2.6662,2.7618,2.7578,2.7335,2.719,2.7233,2.7465,2.7859,2.838,2.8997
2018-12-17,2.19,2.6428,2.7291,2.722,2.6974,2.6837,2.6891,2.7135,2.7541,2.8072,2.8698
2018-12-18,2.19,2.6163,2.6937,2.6841,2.6597,2.6472,2.6542,2.6801,2.7221,2.7765,2.8402
2018-12-19,2.19,2.6047,2.6712,2.6554,2.6272,2.6125,2.6181,2.6431,2.6845,2.7385,2.802
2018-12-20,2.19,2.6135,2.6827,2.6678,2.6397,2.6246,2.6297,2.6544,2.6953,2.749,2.8121
2018-12-21,2.19,2.6056,2.673,2.6584,2.6315,2.6178,2.6242,2.6499,2.6918,2.7463,2.8101
2018-12-24,2.19,2.5813,2.6295,2.6088,2.5813,2.5693,2.5781,2.6063,2.6505,2.707,2.7726
2018-12-26,2.4,2.6011,2.6566,2.6416,2.6186,2.61,2.6214,2.6516,2.6973,2.7549,2.8214
2018-12-27,2.4,2.569,2.6175,2.6018,2.5805,2.5744,2.5884,2.6209,2.6686,2.728,2.796
2018-12-28,2.4,2.5408,2.5786,2.5592,2.5374,2.5321,2.5472,2.5811,2.6301,2.6906,2.7596
2018-12-31,2.4,2.5408,2.5584,2.5303,2.5051,2.4989,2.5142,2.5486,2.5984,2.6597,2.7294
2019-01-02,2.4,2.5301,2.5389,2.5059,2.4779,2.4699,2.4842,2.5179,2.5673,2.6283,2.6979
2019-01-03,2.4,2.4714,2.4556,2.4122,2.3805,2.372,2.387,2.4221,2.4729,2.5355,2.6064
2019-01-04,2.4,2.5148,2.5144,2.4779,2.449,2.4413,2.4563,2.4909,2.541,2.6028,2.6731
2019-01-07,2.4,2.5497,2.5563,2.5225,2.4944,2.4866,2.501,2.535,2.5845,2.6457,2.7154
2019-01-08,2.4,2.5756,2.5913,2.5605,2.5327,2.5242,2.5375,2.5703,2.6187,2.6789,2.7477
2019-01-09,2.4,2.5711,2.5901,2.5618,2.5357,2.5284,2.5427,2.5762,2.6251,2.6857,2.7548
2019-01-10,2.4,2.5632,2.5856,2.5593,2.5346,2.5282,2.5431,2.577,2.6263,2.6872,2.7565
2019-01-11,2.4,2.5477,2.5668,2.5389,2.5134,2.5066,2.5214,2.5554,2.6047,2.6657,2.7351
2019-01-14,2.4,2.5486,2.5642,2.5351,2.5094,2.5029,2.5181,2.5525,2.6022,2.6635,2.7332
2019-01-15,2.4,2.5487,2.5629,2.5342,2.5095,2.5042,2.5204,2.5557,2.6061,2.668,2.7382
2019-01-16,2.4,2.545,2.5648,2.5394,2.5168,2.5127,2.5298,2.5656,2.6165,2.6787,2.7491
2019-01-17,2.4,2.5541,2.5833,2.5624,2.5417,2.5385,2.5559,2.5917,2.6425,2.7045,2.7747
2019-01-18,2.4,2.5707,2.6135,2.5981,2.5794,2.5763,2.5932,2.6283,2.6782,2.7394,2.8089
2019-01-22,2.4,2.562,2.5977,2.5779,2.5563,2.5514,2.567,2.6012,2.6505,2.7113,2.7805
2019-01-23,2.4,2.5662,2.6047,2.5853,2.5632,2.5575,2.5722,2.6056,2.6542,2.7144,2.7831
2019-01-24,2.4,2.5451,2.5818,2.5609,2.5375,2.5308,2.5448,2.5776,2.6258,2.6858,2.7542
2019-01-25,2.4,2.5602,2.604,2.5855,2.5625,2.5553,2.5685,2.6006,2.648,2.7072,2.775
2019-01-28,2.4,2.5663,2.608,2.5879,2.5637,2.5556,2.5682,2.5997,2.6467,2.7056,2.7731
2019-01-29,2.4,2.5573,2.5909,2.5664,2.5396,2.5301,2.5417,2.5727,2.6194,2.6781,2.7456
2019-01-30,2.4,2.5346,2.5574,2.5296,2.5028,2.4944,2.5076,2.5402,2.5883,2.6483,2.717
2019-01-31,2.4,2.4952,2.502,2.4678,2.4392,2.4309,2.445,2.4788,2.5282,2.5893,2.6591
2019-02-01,2.4,2.5131,2.5321,2.5045,2.4795,2.4733,2.4886,2.5231,2.5728,2.6342,2.704
2019-02-04,2.4,2.5299,2.5554,2.532,2.5097,2.5053,2.5218,2.5571,2.6075,2.6692,2.7393
2019-02-05,2.4,2.527,2.5492,2.5246,2.5021,2.4978,2.5147,2.5503,2.601,2.6631,2.7334
2019-02-06,2.4,2.5234,2.5419,2.5158,2.4927,2.4884,2.5053,2.5411,2.592,2.6543,2.7248
2019-02-07,2.4,2.5043,2.5121,2.4811,2.4559,2.4509,2.4677,2.5038,2.555,2.6176,2.6885
2019-02-08,2.4,2.4956,2.4954,2.461,2.4346,2.4294,2.4465,2.4829,2.5346,2.5976,2.6689
2019-02-11,2.4,2.5106,2.5094,2.475,2.449,2.4441,2.4616,2.4983,2.5502,2.6135,2.6849
2019-02-12,2.4,2.5174,2.5221,2.4913,2.4674,2.464,2.4823,2.5196,2.572,2.6355,2.7071
2019-02-13,2.4,2.5347,2.5466,2.5191,2.4966,2.4937,2.5121,2.5493,2.6014,2.6647,2.736
2019-02-14,2.4,2.519,2.5233,2.4917,2.4672,2.4631,2.4809,2.5178,2.5698,2.633,2.7044
2019-02-15,2.4,2.521,2.527,2.4953,2.4699,2.4649,2.4818,2.5179,2.5691,2.6318,2.7027
2019-02-19,2.4,2.5221,2.5211,2.4858,2.4586,2.4526,2.469,2.5048,2.5559,2.6185,2.6894
2019-02-20,2.4,2.5226,2.5198,2.4833,2.4553,2.4487,2.4647,2.5002,2.5511,2.6136,2.6844
2019-02-21,2.4,2.5339,2.5378,2.5051,2.4792,2.4739,2.4906,2.5266,2.5778,2.6404,2.7113
2019-02-22,2.4,2.5199,2.517,2.482,2.4559,2.4511,2.4686,2.5055,2.5575,2.6208,2.6923
2019-02-25,2.4,2.5257,2.522,2.4871,2.4613,2.457,2.4751,2.5123,2.5647,2.6283,2.7
2019-02-26,2.4,2.5135,2.504,2.4665,2.4397,2.4351,2.4531,2.4905,2.5431,2.6069,2.6789
2019-02-27,2.4,2.5248,2.5218,2.4888,2.4652,2.4628,2.4825,2.5211,2.5746,2.6391,2.7115
2019-02-28,2.4,2.5321,2.5392,2.5126,2.4932,2.4937,2.5153,2.5553,2.6098,2.675,2.748
2019-03-01,2.4,2.5456,2.5643,2.5437,2.5274,2.5296,2.5521,2.5925,2.6471,2.7124,2.7853
2019-03-04,2.4,2.5456,2.5576,2.533,2.5143,2.5149,2.5364,2.5761,2.6303,2.6952,2.7678
2019-03-05,2.4,2.5481,2.558,2.5315,2.5112,2.5106,2.5311,2.57,2.6236,2.688,2.7603
2019-03-06,2.4,2.5359,2.5373,2.5065,2.4839,2.4821,2.502,2.5406,2.594,2.6584,2.7308
2019-03-07,2.4,2.512,2.502,2.4656,2.4403,2.4371,2.4565,2.495,2.5484,2.613,2.6856
2019-03-08,2.4,2.504,2.4861,2.4455,2.4179,2.4135,2.4321,2.4702,2.5235,2.588,2.6606
2019-03-11,2.4,2.5146,2.4961,2.455,2.427,2.4223,2.4406,2.4785,2.5316,2.5959,2.6683
2019-03-12,2.4,2.5052,2.4795,2.4348,2.4051,2.3996,2.4176,2.4554,2.5085,2.573,2.6455
2019-03-13,2.4,2.5022,2.4762,2.4316,2.402,2.3966,2.4148,2.4527,2.5059,2.5704,2.643
2019-03-14,2.4,2.5047,2.483,2.4409,2.413,2.4087,2.4276,2.466,2.5196,2.5844,2.6572
2019-03-15,2.4,2.4928,2.4655,2.4206,2.3913,2.3863,2.4049,2.4432,2.4968,2.5616,2.6345
2019-03-18,2.4,2.4937,2.4694,2.4258,2.3969,2.392,2.4106,2.4487,2.5022,2.5668,2.6396
2019-03-19,2.4,2.5014,2.4772,2.4337,2.4048,2.3998,2.4183,2.4565,2.5098,2.5745,2.6471
2019-03-20,2.4,2.471,2.431,2.3807,2.3494,2.344,2.3629,2.4018,2.456,2.5216,2.595
2019-03-21,2.4,2.4697,2.4232,2.37,2.3375,2.3318,2.3506,2.3897,2.4441,2.5098,2.5835
2019-03-22,2.4,2.4259,2.3585,2.296,2.2596,2.2526,2.2714,2.311,2.3661,2.4327,2.5073
2019-03-25,2.4,2.4019,2.3193,2.252,2.2153,2.2099,2.2308,2.2725,2.3297,2.398,2.4741
2019-03-26,2.4,2.3886,2.2946,2.2236,2.1866,2.1821,2.2045,2.2476,2.3062,2.3757,2.4528
2019-03-27,2.41,2.3683,2.2697,2.1982,2.1624,2.1595,2.1835,2.2282,2.288,2.3587,2.4369
2019-03-28,2.41,2.3655,2.271,2.202,2.1678,2.1659,2.1907,2.2358,2.2961,2.367,2.4453
2019-03-29,2.41,2.3715,2.2869,2.2216,2.1882,2.186,2.21,2.2543,2.3136,2.3838,2.4614
2019-04-01,2.41,2.4032,2.3364,2.2799,2.2509,2.2508,2.2758,2.3204,2.3798,2.4498,2.5271
2019-04-02,2.41,2.3961,2.3314,2.2765,2.2485,2.2493,2.2748,2.3199,2.3797,2.4499,2.5275
2019-04-03,2.42,2.4087,2.3514,2.3007,2.2754,2.2778,2.3044,2.3502,2.4104,2.481,2.5587
2019-04-04,2.42,2.41,2.3531,2.3028,2.2777,2.2803,2.307,2.3529,2.4132,2.4838,2.5616
2019-04-05,2.42,2.4116,2.3542,2.3029,2.2768,2.2785,2.3045,2.3498,2.4095,2.4798,2.5572
2019-04-08,2.42,2.4206,2.3666,2.3165,2.2906,2.292,2.3176,2.3624,2.4218,2.4916,2.5687
2019-04-09,2.42,2.4133,2.3587,2.3077,2.281,2.2817,2.3067,2.3511,2.4101,2.4796,2.5566
2019-04-10,2.41,2.4021,2.3406,2.2859,2.2572,2.2568,2.2812,2.3252,2.3841,2.4536,2.5305
2019-04-11,2.41,2.4142,2.358,2.3055,2.2773,2.2769,2.301,2.3447,2.4031,2.4722,2.5488
2019-04-12,2.41,2.4397,2.3965,2.3504,2.3254,2.3264,2.3511,2.3949,2.4532,2.5221,2.5985
2019-04-15,2.41,2.4384,2.3986,2.3537,2.329,2.33,2.3545,2.3981,2.4562,2.5249,2.6011
2019-04-16,2.41,2.4497,2.4187,2.3786,2.3565,2.359,2.3843,2.4283,2.4867,2.5555,2.6317
2019-04-17,2.41,2.448,2.4178,2.3792,2.3586,2.3624,2.3889,2.4339,2.493,2.5624,2.6391
2019-04-18,2.41,2.4353,2.401,2.3605,2.3392,2.3428,2.3693,2.4144,2.4737,2.5433,2.6202
2019-04-22,2.41,2.4386,2.4052,2.3664,2.3468,2.352,2.3798,2.426,2.4861,2.5565,2.6339
2019-04-23,2.41,2.4279,2.3884,2.348,2.3289,2.3351,2.3642,2.4116,2.4728,2.5441,2.6223
2019-04-24,2.44,2.4054,2.3537,2.3085,2.2878,2.2939,2.3235,2.3717,2.4338,2.5058,2.5848
2019-04-25,2.44,2.4046,2.3521,2.3071,2.287,2.2938,2.324,2.3727,2.4352,2.5076,2.5868
2019-04-26,2.44,2.3856,2.325,2.2773,2.257,2.2646,2.2958,2.3456,2.4092,2.4825,2.5626
2019-04-29,2.44,2.393,2.3328,2.2871,2.269,2.2786,2.3116,2.3628,2.4275,2.5018,2.5826
2019-04-30,2.44,2.3758,2.3078,2.2598,2.2419,2.2526,2.287,2.3395,2.4054,2.4808,2.5625
2019-05-01,2.44,2.3852,2.322,2.2756,2.2578,2.2681,2.3018,2.3537,2.419,2.4938,2.5751
2019-05-02,2.44,2.4073,2.3486,2.3041,2.287,2.2973,2.3309,2.3826,2.4476,2.5221,2.603
2019-05-03,2.44,2.4039,2.3463,2.3015,2.2836,2.2932,2.326,2.3769,2.4414,2.5154,2.596
2019-05-06,2.44,2.3929,2.3288,2.2805,2.2606,2.269,2.3011,2.3517,2.4159,2.4898,2.5703
2019-05-07,2.44,2.3757,2.301,2.2464,2.2227,2.2287,2.2593,2.3088,2.3723,2.4458,2.5261
2019-05-08,2.4,2.3818,2.3112,2.2588,2.2363,2.2429,2.2738,2.3235,2.3871,2.4606,2.5409
2019-05-09,2.4,2.3703,2.2926,2.2367,2.2125,2.2183,2.2489,2.2986,2.3623,2.4359,2.5163
2019-05-10,2.4,2.3712,2.2947,2.2401,2.217,2.2238,2.2552,2.3054,2.3696,2.4436,2.5243
2019-05-13,2.4,2.3292,2.2378,2.1777,2.1532,2.1605,2.193,2.2447,2.3102,2.3855,2.4673
2019-05-14,2.4,2.3303,2.2393,2.1803,2.157,2.1653,2.1988,2.2512,2.3174,2.3932,2.4754
2019-05-15,2.38,2.3128,2.2101,2.1461,2.1211,2.1291,2.1629,2.2158,2.2826,2.3589,2.4418
2019-05-16,2.38,2.3196,2.2203,2.1579,2.1336,2.1419,2.1757,2.2287,2.2954,2.3717,2.4544
2019-05-17,2.38,2.3172,2.219,2.1568,2.1322,2.1401,2.1736,2.2261,2.2925,2.3686,2.4512
2019-05-20,2.38,2.3278,2.2369,2.1776,2.154,2.162,2.1952,2.2474,2.3134,2.389,2.4712
2019-05-21,2.38,2.3434,2.2615,2.2051,2.1818,2.189,2.2211,2.272,2.3369,2.4115,2.4928
2019-05-22,2.39,2.3324,2.2475,2.1879,2.1618,2.1667,2.1968,2.2463,2.31,2.3837,2.4643
2019-05-23,2.39,2.2924,2.1901,2.1219,2.0916,2.0945,2.1238,2.1731,2.2368,2.3108,2.3918
2019-05-24,2.39,2.2926,2.1921,2.1237,2.0924,2.0941,2.1224,2.1708,2.2337,2.3071,2.3875
2019-05-28,2.39,2.2741,2.1619,2.0868,2.0515,2.0509,2.0776,2.125,2.1874,2.2603,2.3405
2019-05-29,2.38,2.2647,2.1462,2.0679,2.0311,2.0297,2.056,2.1033,2.1656,2.2387,2.3189
2019-05-30,2.38,2.2561,2.1269,2.0435,2.0041,2.0015,2.0274,2.0745,2.1368,2.21,2.2904
2019-05-31,2.38,2.1975,2.0473,1.9566,1.9162,1.915,1.9432,1.9928,2.0576,2.1329,2.2154
2019-06-03,2.38,2.1271,1.9511,1.8531,1.8132,1.8156,1.8483,1.9023,1.9711,2.05,2.1355
2019-06-04,2.38,2.1298,1.9586,1.8666,1.8325,1.8397,1.8764,1.9337,2.0051,2.086,2.1732
2019-06-05,2.39,2.1033,1.9288,1.8402,1.8114,1.8243,1.866,1.9276,2.0026,2.0865,2.1762
2019-06-06,2.39,2.0972,1.9291,1.8454,1.8203,1.8359,1.8797,1.9429,2.0191,2.104,2.1945
2019-06-07,2.39,2.06,1.8934,1.8116,1.7882,1.8055,1.8507,1.915,1.9923,2.0781,2.1692
2019-06-10,2.39,2.0813,1.9277,1.8521,1.8317,1.8502,1.8959,1.9603,2.0374,2.1229,2.2137
2019-06-11,2.39,2.0907,1.9453,1.8722,1.8519,1.8696,1.9141,1.9773,2.0533,2.1379,2.2279
2019-06-12,2.37,2.0699,1.9228,1.8487,1.8277,1.845,1.8893,1.9524,2.0284,2.1129,2.2029
2019-06-13,2.37,2.036,1.8866,1.812,1.7913,1.8092,1.8541,1.9179,1.9944,2.0796,2.1701
2019-06-14,2.37,2.0336,1.8868,1.8125,1.7913,1.8084,1.8525,1.9155,1.9914,2.076,2.1661
2019-06-17,2.37,2.0436,1.896,1.8199,1.7968,1.812,1.8545,1.9163,1.9911,2.0748,2.1642
2019-06-18,2.37,2.0434,1.8922,1.8121,1.7853,1.7975,1.8376,1.8974,1.9707,2.0532,2.1416
2019-06-19,2.37,1.986,1.827,1.7467,1.7226,1.7383,1.7819,1.8448,1.9209,2.0058,2.0962
2019-06-20,2.37,1.9434,1.786,1.7088,1.688,1.7067,1.7529,1.818,1.8959,1.9823,2.0741
2019-06-21,2.37,1.952,1.8117,1.7437,1.728,1.7496,1.7974,1.8635,1.942,2.0287,2.1206
2019-06-24,2.37,1.9382,1.7901,1.7188,1.7017,1.723,1.771,1.8374,1.9163,2.0034,2.0956
2019-06-25,2.37,1.9326,1.7797,1.7053,1.6864,1.7063,1.7534,1.8192,1.8976,1.9844,2.0764
2019-06-26,2.38,1.9666,1.8225,1.7512,1.7328,1.7523,1.7985,1.8632,1.9406,2.0265,2.1177
2019-06-27,2.38,1.9578,1.8077,1.7329,1.7124,1.7305,1.7758,1.84,1.917,2.0026,2.0937
2019-06-28,2.38,1.9498,1.7982,1.7221,1.7005,1.7178,1.7625,1.8262,1.9029,1.9883,2.0791
2019-07-01,2.38,1.9742,1.8234,1.7472,1.7251,1.7418,1.786,1.8491,1.9253,2.0103,2.1007
2019-07-02,2.38,1.9629,1.8028,1.7212,1.6959,1.7106,1.7535,1.8158,1.8915,1.976,2.0663
2019-07-03,2.4,1.9607,1.7938,1.7073,1.6786,1.6909,1.7319,1.7929,1.8675,1.9513,2.041
2019-07-05,2.4,2.0212,1.8705,1.7889,1.7599,1.77,1.8083,1.8665,1.9386,2.0201,2.1078
2019-07-08,2.4,2.044,1.8978,1.816,1.7853,1.7932,1.8293,1.8856,1.956,2.0361,2.1225
2019-07-09,2.4,2.0638,1.9238,1.8432,1.8115,1.8178,1.8521,1.9068,1.9757,2.0545,2.1399
2019-07-10,2.41,2.0172,1.8776,1.8005,1.7731,1.7835,1.8214,1.8791,1.9506,2.0316,2.1187
2019-07-11,2.41,2.02,1.896,1.8285,1.8075,1.822,1.8628,1.9226,1.9956,2.0777,2.1656
2019-07-12,2.41,2.0039,1.8849,1.8213,1.8031,1.8199,1.8625,1.9236,1.9977,2.0806,2.1693
2019-07-15,2.41,1.9908,1.8715,1.8081,1.7904,1.8076,1.8506,1.9121,1.9865,2.0697,2.1585
2019-07-16,2.41,2.0026,1.8924,1.8329,1.8166,1.8342,1.877,1.9382,2.0122,2.0949,2.1834
2019-07-17,2.39,1.9822,1.8659,1.8021,1.7827,1.798,1.8392,1.8991,1.9722,2.0543,2.1423
2019-07-18,2.39,1.9353,1.8159,1.7514,1.7322,1.7482,1.7902,1.8509,1.9247,2.0075,2.0962
2019-07-19,2.39,1.9422,1.8283,1.7647,1.7447,1.7592,1.7997,1.859,1.9316,2.0134,2.1011
2019-07-22,2.39,1.9554,1.8417,1.7769,1.7554,1.7684,1.8075,1.8657,1.9374,2.0183,2.1054
2019-07-23,2.39,1.9697,1.8613,1.7981,1.7764,1.7887,1.8268,1.8841,1.9549,2.0351,2.1215
2019-07-24,2.41,1.9713,1.8582,1.7921,1.7687,1.7798,1.8172,1.8739,1.9444,2.0243,2.1105
2019-07-25,2.41,1.9937,1.885,1.8193,1.7947,1.8041,1.8398,1.895,1.9641,2.0428,2.1281
2019-07-26,2.41,2.0094,1.9002,1.8327,1.8062,1.8138,1.8479,1.9018,1.9697,2.0476,2.1321
2019-07-29,2.41,2.0037,1.8907,1.8207,1.7924,1.7988,1.8321,1.8853,1.9528,2.0303,2.1146
2019-07-30,2.41,1.9935,1.8845,1.8161,1.7883,1.7947,1.8278,1.8808,1.9481,2.0254,2.1095
2019-07-31,2.4,2.0082,1.9016,1.8299,1.797,1.7983,1.8269,1.8759,1.94,2.0147,2.0966
2019-08-01,2.4,1.9346,1.8001,1.7152,1.6763,1.6752,1.7031,1.7524,1.8171,1.8926,1.9754
2019-08-02,2.4,1.9087,1.7648,1.6748,1.633,1.6302,1.6571,1.7058,1.7702,1.8455,1.9283
2019-08-05,2.4,1.8441,1.6756,1.575,1.5293,1.5256,1.553,1.6029,1.6686,1.7453,1.8294
2019-08-06,2.4,1.8332,1.6536,1.5472,1.4986,1.4934,1.52,1.5695,1.635,1.7117,1.7958
2019-08-07,2.13,1.8136,1.632,1.5251,1.4764,1.4714,1.4984,1.5482,1.614,1.691,1.7754
2019-08-08,2.13,1.8218,1.6447,1.5386,1.4893,1.4832,1.5089,1.5575,1.6224,1.6985,1.7823
2019-08-09,2.13,1.8296,1.6626,1.5604,1.5121,1.5059,1.531,1.5789,1.643,1.7184,1.8015
2019-08-12,2.13,1.8017,1.6227,1.5127,1.4593,1.4495,1.4722,1.5183,1.5812,1.6558,1.7383
2019-08-13,2.13,1.8379,1.671,1.5622,1.5059,1.4919,1.5102,1.5525,1.612,1.6836,1.7636
2019-08-14,2.12,1.8064,1.6346,1.5207,1.4599,1.4422,1.4576,1.4975,1.5552,1.6255,1.7045
2019-08-15,2.12,1.7462,1.5649,1.4465,1.3836,1.3651,1.3804,1.4205,1.4785,1.5492,1.6287
2019-08-16,2.12,1.7246,1.5496,1.435,1.3746,1.3577,1.3741,1.415,1.4737,1.545,1.6248
2019-08-19,2.12,1.7574,1.5901,1.4791,1.42,1.4036,1.4199,1.4606,1.519,1.5898,1.6692
2019-08-20,2.12,1.7419,1.5649,1.4495,1.3888,1.3719,1.3883,1.4293,1.488,1.5593,1.6391
2019-08-21,2.13,1.7676,1.5958,1.4823,1.422,1.4048,1.4207,1.4611,1.5193,1.59,1.6693
2019-08-22,2.13,1.7974,1.6296,1.5165,1.4551,1.4364,1.4507,1.4897,1.5465,1.6161,1.6945
2019-08-23,2.13,1.7564,1.572,1.4509,1.3858,1.3654,1.3792,1.4182,1.4753,1.5453,1.6241
2019-08-26,2.13,1.77,1.5839,1.4612,1.3947,1.3732,1.3861,1.4244,1.4809,1.5504,1.6288
2019-08-27,2.13,1.7661,1.5698,1.4402,1.369,1.3442,1.3547,1.3912,1.4465,1.515,1.5927
2019-08-28,2.12,1.7576,1.5559,1.4229,1.3493,1.3229,1.3323,1.368,1.4227,1.4908,1.5682
2019-08-29,2.12,1.771,1.575,1.4439,1.3707,1.3439,1.3526,1.3877,1.4417,1.5092,1.5861
2019-08-30,2.12,1.7671,1.5695,1.438,1.3648,1.3383,1.3473,1.3826,1.4369,1.5047,1.5818
2019-09-03,2.12,1.7452,1.5403,1.4066,1.3334,1.3078,1.318,1.3545,1.4099,1.4786,1.5566
2019-09-04,2.13,1.7254,1.515,1.3808,1.309,1.2853,1.2975,1.3358,1.3927,1.4628,1.5419
2019-09-05,2.13,1.7682,1.5798,1.4562,1.3893,1.3677,1.3806,1.4189,1.4755,1.5451,1.6237
2019-09-06,2.13,1.7681,1.5847,1.4632,1.3971,1.3758,1.3887,1.4269,1.4833,1.5527,1.6311
2019-09-09,2.13,1.7896,1.6235,1.5108,1.4492,1.4302,1.4442,1.4829,1.5395,1.6089,1.6871
2019-09-10,2.13,1.8345,1.6949,1.5933,1.5358,1.5176,1.5309,1.5683,1.6235,1.6915,1.7684
2019-09-11,2.13,1.8431,1.7161,1.621,1.5666,1.55,1.5641,1.6019,1.6572,1.7251,1.8018
2019-09-12,2.13,1.8645,1.7528,1.6642,1.6124,1.5964,1.6102,1.6474,1.702,1.7692,1.8453
2019-09-13,2.13,1.9106,1.8253,1.749,1.7027,1.6888,1.7033,1.7403,1.7943,1.8608,1.9361
2019-09-16,2.13,1.9026,1.8102,1.7302,1.6817,1.6666,1.6803,1.7168,1.7706,1.8369,1.9121
2019-09-17,2.13,1.8944,1.7938,1.7091,1.6581,1.6414,1.6542,1.6902,1.7437,1.8098,1.8849
2019-09-18,2.19,1.8984,1.8038,1.7198,1.6672,1.6485,1.6592,1.6932,1.745,1.8098,1.8837
2019-09-19,2.19,1.89,1.7952,1.7095,1.655,1.6343,1.6434,1.6761,1.7268,1.7906,1.8639
2019-09-20,2.19,1.8652,1.7632,1.673,1.6156,1.5932,1.601,1.6329,1.683,1.7465,1.8195
2019-09-23,2.19,1.8555,1.7437,1.6485,1.5886,1.5648,1.572,1.6036,1.6536,1.7172,1.7903
2019-09-24,2.19,1.8213,1.6922,1.5886,1.5247,1.4992,1.5057,1.5373,1.5875,1.6514,1.7249
2019-09-25,1.9,1.8347,1.7209,1.626,1.567,1.5443,1.5526,1.5853,1.6362,1.7005,1.7742
2019-09-26,1.9,1.8266,1.7221,1.63,1.5711,1.5476,1.5547,1.5861,1.6359,1.6992,1.7721
2019-09-27,1.9,1.8034,1.7029,1.6121,1.5534,1.5296,1.5363,1.5673,1.6167,1.6798,1.7525
2019-09-30,1.9,1.799,1.6946,1.6022,1.543,1.5191,1.5259,1.5571,1.6068,1.67,1.7429
2019-10-01,1.9,1.7634,1.6538,1.561,1.5032,1.4813,1.4902,1.5233,1.5747,1.6394,1.7135
2019-10-02,1.85,1.7094,1.5903,1.496,1.44,1.421,1.4328,1.4687,1.5225,1.5893,1.6654
2019-10-03,1.85,1.6287,1.5015,1.4072,1.3543,1.3392,1.355,1.3945,1.4515,1.5211,1.5995
2019-10-04,1.85,1.6067,1.479,1.3852,1.333,1.3188,1.3354,1.3755,1.4331,1.5032,1.5821
2019-10-07,1.85,1.641,1.518,1.425,1.3721,1.3566,1.3717,1.4105,1.4669,1.5359,1.6139
2019-10-08,1.85,1.6257,1.5008,1.4073,1.3546,1.3394,1.355,1.3943,1.4511,1.5205,1.5988
2019-10-09,1.82,1.6355,1.5241,1.4371,1.3874,1.3736,1.3897,1.429,1.4857,1.5549,1.6329
2019-10-10,1.82,1.6586,1.5701,1.4942,1.4497,1.4382,1.4552,1.4947,1.5512,1.6201,1.6976
2019-10-11,1.82,1.6991,1.6414,1.5796,1.5413,1.5321,1.5496,1.5888,1.6445,1.7124,1.7891
2019-10-15,1.82,1.697,1.6523,1.5969,1.5616,1.5539,1.572,1.6113,1.6671,1.735,1.8114
2019-10-16,1.84,1.6712,1.6282,1.575,1.5419,1.5361,1.5557,1.5964,1.6533,1.722,1.7992
2019-10-17,1.84,1.6647,1.6264,1.5759,1.5446,1.5398,1.5603,1.6015,1.6587,1.7278,1.8052
2019-10-18,1.84,1.6544,1.616,1.5666,1.5367,1.5333,1.555,1.5973,1.6554,1.7251,1.8032
2019-10-21,1.84,1.6719,1.6408,1.5955,1.5677,1.5656,1.5879,1.6306,1.6888,1.7587,1.8367
2019-10-22,1.84,1.6673,1.6377,1.5928,1.565,1.5626,1.5847,1.6271,1.6852,1.7548,1.8327
2019-10-23,1.85,1.6537,1.6223,1.5776,1.5507,1.5494,1.5726,1.616,1.6749,1.7452,1.8237
2019-10-24,1.85,1.6638,1.6317,1.5861,1.5583,1.5563,1.5789,1.6217,1.6802,1.7502,1.8283
2019-10-25,1.85,1.6831,1.6582,1.6148,1.5872,1.5845,1.6061,1.6479,1.7054,1.7746,1.852
2019-10-28,1.85,1.6968,1.6841,1.6469,1.6225,1.6214,1.6438,1.6859,1.7436,1.8127,1.8901
2019-10-29,1.85,1.6918,1.6844,1.6496,1.6261,1.6253,1.6477,1.6898,1.7473,1.8163,1.8935
2019-10-30,1.83,1.668,1.6548,1.6163,1.5903,1.5878,1.609,1.6503,1.7072,1.7758,1.8527
2019-10-31,1.83,1.6057,1.5807,1.5365,1.508,1.5045,1.5255,1.5669,1.6242,1.6933,1.7707
2019-11-01,1.83,1.6034,1.5893,1.5489,1.5211,1.5171,1.5371,1.5775,1.6338,1.702,1.7787
2019-11-04,1.83,1.624,1.625,1.5915,1.5665,1.5634,1.5835,1.6235,1.6793,1.7469,1.8231
2019-11-05,1.83,1.6523,1.6694,1.6446,1.6246,1.6243,1.6461,1.6871,1.7434,1.8113,1.8876
2019-11-06,1.57,1.6414,1.6561,1.6304,1.6101,1.6099,1.6318,1.673,1.7296,1.7977,1.8742
2019-11-07,1.57,1.6758,1.712,1.6982,1.6848,1.6887,1.713,1.7557,1.8132,1.8818,1.9585
2019-11-08,1.57,1.6786,1.7239,1.7165,1.7074,1.7144,1.741,1.7854,1.8441,1.9137,1.9911
2019-11-12,1.57,1.6745,1.7143,1.7053,1.6964,1.7041,1.7316,1.7769,1.8365,1.9067,1.9848
2019-11-13,1.55,1.6562,1.6863,1.6729,1.6623,1.6696,1.6972,1.7428,1.8027,1.8735,1.9519
2019-11-14,1.55,1.6312,1.6465,1.6263,1.6127,1.6189,1.6462,1.692,1.7524,1.8235,1.9025
2019-11-15,1.55,1.6388,1.653,1.6318,1.6173,1.6227,1.6494,1.6947,1.7546,1.8254,1.904
2019-11-18,1.55,1.6314,1.6403,1.6162,1.6001,1.6045,1.6308,1.6757,1.7355,1.8062,1.8849
2019-11-19,1.55,1.6301,1.6352,1.6079,1.5891,1.5916,1.6163,1.66,1.7188,1.7888,1.8669
2019-11-20,1.55,1.6098,1.6035,1.5701,1.5482,1.5489,1.5725,1.6158,1.6743,1.7443,1.8223
2019-11-21,1.55,1.633,1.6317,1.5994,1.5768,1.5764,1.5987,1.6408,1.6982,1.7672,1.8444
2019-11-22,1.55,1.6444,1.6455,1.6127,1.5885,1.5863,1.607,1.6475,1.7037,1.7716,1.8479
2019-11-25,1.55,1.6537,1.6515,1.6159,1.5895,1.5855,1.6048,1.6443,1.6996,1.7669,1.8427
2019-11-26,1.55,1.6496,1.6406,1.6009,1.5718,1.566,1.5841,1.6228,1.6775,1.7443,1.8198
2019-11-27,1.55,1.6739,1.6695,1.6307,1.6011,1.5943,1.6112,1.6487,1.7024,1.7683,1.843
2019-11-29,1.55,1.6738,1.6724,1.6352,1.6064,1.6,1.6172,1.6548,1.7086,1.7746,1.8493
2019-12-02,1.55,1.6758,1.6812,1.65,1.6263,1.624,1.6443,1.6845,1.7402,1.8077,1.8837
2019-12-03,1.55,1.6252,1.6143,1.5757,1.5489,1.5455,1.5658,1.6063,1.6626,1.7308,1.8074
2019-12-04,1.56,1.6307,1.6303,1.5967,1.5722,1.5697,1.5903,1.6309,1.6871,1.7551,1.8315
2019-12-05,1.56,1.6327,1.6423,1.614,1.5924,1.5915,1.613,1.654,1.7105,1.7786,1.8551
2019-12-06,1.56,1.6459,1.6697,1.6485,1.6304,1.6313,1.6536,1.695,1.7516,1.8197,1.896
2019-12-09,1.56,1.6493,1.6757,1.6555,1.6375,1.6382,1.6603,1.7014,1.7577,1.8255,1.9016
2019-12-10,1.56,1.6599,1.6902,1.6709,1.6529,1.653,1.6744,1.7148,1.7705,1.8378,1.9134
2019-12-11,1.55,1.6485,1.6689,1.644,1.6226,1.6207,1.6409,1.6805,1.7357,1.8026,1.878
2019-12-12,1.55,1.6746,1.7125,1.6976,1.6821,1.6837,1.706,1.747,1.803,1.8705,1.9462
2019-12-13,1.55,1.6496,1.6766,1.6568,1.6393,1.6404,1.6628,1.7041,1.7606,1.8286,1.9048
2019-12-16,1.55,1.665,1.6993,1.6844,1.6703,1.6737,1.6977,1.7402,1.7976,1.8661,1.9428
2019-12-17,1.55,1.6622,1.6979,1.685,1.6727,1.6777,1.7031,1.7467,1.8049,1.8742,1.9514
2019-12-18,1.55,1.6567,1.6969,1.6898,1.683,1.6928,1.7221,1.7689,1.8297,1.9011,1.9799
2019-12-19,1.55,1.6529,1.6913,1.6851,1.6802,1.692,1.7232,1.7716,1.8337,1.9061,1.9859
2019-12-20,1.55,1.657,1.6938,1.6879,1.6839,1.6968,1.7289,1.7782,1.841,1.914,1.9943
2019-12-23,1.55,1.6691,1.7058,1.6998,1.6957,1.7084,1.7404,1.7895,1.8522,1.9251,2.0053
2019-12-24,1.55,1.6582,1.6872,1.6783,1.6737,1.6868,1.7195,1.7694,1.8328,1.9064,1.9872
2019-12-26,1.55,1.6586,1.6848,1.6747,1.6695,1.6824,1.7151,1.7651,1.8286,1.9023,1.9831
2019-12-27,1.55,1.6379,1.6563,1.6438,1.6386,1.6524,1.6862,1.7373,1.8019,1.8766,1.9583
2019-12-30,1.55,1.6328,1.6484,1.6366,1.6332,1.6492,1.685,1.7379,1.804,1.8798,1.9625
2019-12-31,1.55,1.6295,1.6481,1.6404,1.6409,1.6603,1.6989,1.754,1.822,1.8993,1.9832
2020-01-02,1.55,1.6121,1.6268,1.6174,1.6173,1.6364,1.6751,1.7304,1.7986,1.8761,1.9602
2020-01-03,1.55,1.5802,1.5825,1.5658,1.5613,1.5777,1.6147,1.6689,1.7363,1.8134,1.8973
2020-01-06,1.55,1.5879,1.5867,1.5672,1.5605,1.5752,1.6109,1.664,1.7307,1.8071,1.8905
2020-01-07,1.55,1.592,1.5938,1.5756,1.5695,1.5845,1.6202,1.6733,1.7398,1.8162,1.8995
2020-01-08,1.55,1.6092,1.6212,1.6079,1.604,1.6198,1.6557,1.7088,1.7751,1.8512,1.9342
2020-01-09,1.55,1.6055,1.617,1.603,1.5984,1.6137,1.6493,1.702,1.7681,1.844,1.9268
2020-01-10,1.55,1.6,1.6087,1.5922,1.5855,1.5991,1.6333,1.685,1.7503,1.8256,1.9079
2020-01-13,1.55,1.612,1.6204,1.6032,1.5958,1.6087,1.6424,1.6935,1.7584,1.8334,1.9154
2020-01-14,1.55,1.6092,1.6119,1.5911,1.5813,1.5926,1.625,1.6753,1.7396,1.8141,1.8958
2020-01-15,1.54,1.603,1.5975,1.5716,1.5585,1.5677,1.5987,1.648,1.7115,1.7855,1.8669
2020-01-16,1.54,1.6043,1.6034,1.5798,1.5678,1.5775,1.6087,1.6581,1.7216,1.7955,1.8768
2020-01-17,1.54,1.6079,1.6099,1.5885,1.5783,1.5893,1.6215,1.6717,1.7359,1.8103,1.8919
2020-01-21,1.54,1.5892,1.5802,1.5536,1.5411,1.5511,1.5831,1.6333,1.6976,1.7723,1.8543
2020-01-22,1.55,1.5757,1.5628,1.5354,1.5233,1.5341,1.567,1.6181,1.6832,1.7586,1.8412
2020-01-23,1.55,1.5682,1.5485,1.5168,1.5019,1.5109,1.5426,1.5928,1.6573,1.7323,1.8145
2020-01-24,1.55,1.5549,1.5272,1.4904,1.4721,1.4788,1.5089,1.558,1.6217,1.696,1.7779
2020-01-27,1.55,1.5311,1.4822,1.4332,1.4077,1.41,1.4372,1.4845,1.547,1.6206,1.702
2020-01-28,1.55,1.5492,1.499,1.4485,1.4215,1.4225,1.4486,1.4951,1.5568,1.6298,1.7107
2020-01-29,1.55,1.5338,1.4719,1.4151,1.3845,1.3835,1.4084,1.4541,1.5155,1.5883,1.6691
2020-01-30,1.55,1.524,1.4525,1.3909,1.358,1.3557,1.3801,1.4256,1.487,1.5598,1.6407
2020-01-31,1.55,1.4869,1.4,1.3321,1.297,1.2946,1.3196,1.3661,1.4284,1.5022,1.5841
2020-02-03,1.55,1.4987,1.411,1.3427,1.3074,1.3048,1.3297,1.376,1.4382,1.512,1.5937
2020-02-04,1.55,1.5285,1.454,1.3922,1.3603,1.3594,1.3851,1.4317,1.494,1.5677,1.6492
2020-02-05,1.59,1.5484,1.4871,1.4326,1.4049,1.4064,1.4335,1.4809,1.5437,1.6177,1.6993
2020-02-06,1.59,1.5504,1.4908,1.4369,1.4092,1.4105,1.4374,1.4847,1.5472,1.621,1.7025
2020-02-07,1.59,1.5303,1.4625,1.4042,1.3741,1.3741,1.4003,1.4472,1.5096,1.5833,1.6648
2020-02-10,1.59,1.5177,1.4386,1.3749,1.3422,1.3412,1.367,1.4138,1.4763,1.5502,1.632
2020-02-11,1.59,1.5242,1.4497,1.3881,1.3562,1.3554,1.3811,1.4278,1.4901,1.5638,1.6454
2020-02-12,1.58,1.5416,1.4765,1.4197,1.3905,1.3911,1.4176,1.4647,1.5272,1.6009,1.6825
2020-02-13,1.58,1.5431,1.4777,1.4207,1.3911,1.3914,1.4176,1.4645,1.5269,1.6005,1.6819
2020-02-14,1.58,1.5353,1.4666,1.4076,1.3769,1.3764,1.4022,1.4487,1.5109,1.5844,1.6657
2020-02-18,1.58,1.5223,1.4462,1.3831,1.3501,1.3483,1.3733,1.4194,1.4813,1.5547,1.636
2020-02-19,1.58,1.523,1.4479,1.3855,1.3528,1.3513,1.3765,1.4227,1.4847,1.5581,1.6394
2020-02-20,1.58,1.5108,1.428,1.3608,1.3253,1.3218,1.3457,1.391,1.4524,1.5254,1.6065
2020-02-21,1.58,1.4803,1.3846,1.3106,1.2713,1.2658,1.2885,1.3333,1.3944,1.4673,1.5484
2020-02-24,1.58,1.4275,1.3144,1.2328,1.1906,1.1844,1.2074,1.2529,1.3149,1.3887,1.4708
2020-02-25,1.58,1.3875,1.2594,1.1717,1.1276,1.1213,1.1451,1.1916,1.2547,1.3295,1.4125
2020-02-26,1.58,1.3617,1.2286,1.1412,1.0993,1.0958,1.1222,1.1711,1.2362,1.3128,1.3973
2020-02-27,1.58,1.3087,1.1769,1.0933,1.0557,1.0562,1.0861,1.1379,1.2054,1.2841,1.3703
2020-02-28,1.58,1.1321,0.9833,0.8991,0.8671,0.8751,0.9127,0.9714,1.0452,1.1292,1.2202
2020-03-02,1.58,1.0352,0.9085,0.8379,0.8147,0.8287,0.8705,0.9325,1.0087,1.0947,1.1872
2020-03-03,1.58,0.9048,0.7924,0.7325,0.7175,0.7378,0.7845,0.8505,0.93,1.0187,1.1135
2020-03-04,1.51,0.7894,0.7162,0.6787,0.6773,0.7062,0.7588,0.8287,0.9112,1.0021,1.0987
2020-03-05,1.51,0.6729,0.6233,0.598,0.603,0.6355,0.6901,0.7614,0.8448,0.9365,1.0338
2020-03-06,1.51,0.565,0.534,0.5127,0.5159,0.5447,0.5954,0.6631,0.7434,0.8327,0.928
2020-03-09,1.51,0.4554,0.4373,0.4145,0.4111,0.4322,0.4757,0.5373,0.6127,0.6979,0.79
2020-03-10,1.51,0.555,0.5836,0.5768,0.576,0.5941,0.6327,0.6889,0.7591,0.8396,0.9275
2020-03-11,1.09,0.5776,0.6311,0.6317,0.6306,0.6456,0.6801,0.7324,0.7991,0.8765,0.9618
2020-03-12,1.09,0.5664,0.648,0.6625,0.6683,0.6866,0.7227,0.7757,0.8426,0.92,1.0051
2020-03-13,1.09,0.5637,0.6723,0.701,0.7146,0.7372,0.7758,0.8302,0.8978,0.9757,1.061
2020-03-16,1.09,0.4813,0.5665,0.5801,0.5834,0.5991,0.6329,0.684,0.7493,0.8256,0.9099
2020-03-17,1.09,0.5036,0.639,0.6834,0.7065,0.7353,0.7781,0.8354,0.9051,0.9846,1.0711
2020-03-18,0.74,0.4835,0.6917,0.7788,0.8281,0.8735,0.9272,0.992,1.067,1.1501,1.2393
2020-03-19,0.74,0.4094,0.6276,0.7265,0.7869,0.8419,0.9035,0.9748,1.055,1.1425,1.2352
2020-03-20,0.74,0.3244,0.513,0.5988,0.6537,0.707,0.7688,0.8409,0.9224,1.0111,1.1052
2020-03-23,0.74,0.2585,0.4051,0.4665,0.5069,0.5512,0.6072,0.6757,0.7548,0.842,0.9352
2020-03-24,0.74,0.2993,0.4594,0.5232,0.5613,0.6019,0.6539,0.7187,0.7945,0.879,0.9697
2020-03-25,0.15,0.2692,0.4363,0.5065,0.5501,0.5951,0.6507,0.7183,0.7964,0.8827,0.9749
2020-03-26,0.15,0.2324,0.3942,0.4634,0.5079,0.5544,0.6117,0.6808,0.7603,0.8478,0.9411
2020-03-27,0.15,0.2045,0.3401,0.3958,0.4333,0.476,0.5313,0.5995,0.6785,0.766,0.8593
2020-03-30,0.15,0.2222,0.3316,0.3744,0.4054,0.445,0.4988,0.5663,0.6451,0.7325,0.826
2020-03-31,0.15,0.2345,0.3281,0.364,0.3924,0.4314,0.4853,0.5533,0.6327,0.7207,0.8147
2020-04-01,0.09,0.2273,0.3059,0.3326,0.3552,0.3904,0.4417,0.5079,0.586,0.6731,0.7665
2020-04-02,0.09,0.2315,0.3069,0.3321,0.354,0.3887,0.4399,0.506,0.5841,0.6712,0.7645
2020-04-03,0.09,0.2361,0.309,0.3325,0.3531,0.3869,0.4374,0.503,0.5807,0.6675,0.7606
2020-04-06,0.09,0.2644,0.3409,0.3665,0.3883,0.4229,0.4738,0.5397,0.6175,0.7043,0.7974
2020-04-07,0.09,0.2827,0.3662,0.3974,0.4236,0.4615,0.5149,0.5827,0.662,0.7499,0.8438
2020-04-08,0.05,0.2909,0.3639,0.3946,0.424,0.4663,0.524,0.5955,0.678,0.7686,0.8648
2020-04-09,0.05,0.2823,0.3345,0.358,0.3862,0.4295,0.4893,0.563,0.6475,0.74,0.8378
2020-04-13,0.05,0.2906,0.334,0.3573,0.3886,0.436,0.4996,0.5767,0.6642,0.759,0.8588
2020-04-14,0.05,0.2684,0.3073,0.3322,0.3671,0.4185,0.4858,0.5661,0.6563,0.7535,0.8552
2020-04-15,0.05,0.2222,0.2481,0.265,0.2949,0.343,0.4082,0.4872,0.5765,0.673,0.7744
2020-04-16,0.05,0.2147,0.2401,0.2544,0.2812,0.3265,0.3892,0.4662,0.5539,0.6491,0.7494
2020-04-17,0.05,0.2157,0.2509,0.2696,0.2983,0.3442,0.4069,0.4837,0.5711,0.666,0.766
2020-04-20,0.05,0.2085,0.2454,0.2633,0.2902,0.3342,0.3954,0.4707,0.5569,0.6509,0.7501
2020-04-21,0.05,0.2017,0.2382,0.2527,0.2757,0.316,0.3739,0.4466,0.5306,0.6229,0.7207
2020-04-22,0.05,0.2017,0.2451,0.2638,0.2895,0.3316,0.3907,0.4643,0.549,0.6416,0.7398
2020-04-23,0.05,0.206,0.2522,0.2702,0.294,0.3341,0.3912,0.4631,0.5463,0.6378,0.7349
2020-04-24,0.05,0.2066,0.253,0.2702,0.2929,0.3317,0.3879,0.4589,0.5414,0.6323,0.729
2020-04-27,0.05,0.2211,0.2766,0.299,0.3246,0.3653,0.4226,0.4943,0.5772,0.6684,0.7652
2020-04-28,0.05,0.2079,0.2603,0.2805,0.3045,0.344,0.4004,0.4715,0.554,0.6448,0.7414
2020-04-29,0.04,0.1989,0.2509,0.271,0.2952,0.3349,0.3915,0.4628,0.5455,0.6365,0.7333
2020-04-30,0.04,0.1948,0.2501,0.2726,0.2985,0.3395,0.3971,0.4691,0.5524,0.6439,0.741
2020-05-01,0.04,0.2017,0.2562,0.2782,0.3038,0.3446,0.402,0.4739,0.557,0.6483,0.7453
2020-05-04,0.04,0.2003,0.2499,0.2703,0.2958,0.3371,0.3951,0.4676,0.5514,0.6433,0.7407
2020-05-05,0.04,0.2056,0.2539,0.2745,0.3008,0.3429,0.4018,0.475,0.5593,0.6517,0.7495
2020-05-06,0.05,0.2061,0.2574,0.2832,0.3147,0.3615,0.4242,0.5006,0.5875,0.6819,0.7814
2020-05-07,0.05,0.1724,0.2081,0.2272,0.2561,0.3023,0.3654,0.4425,0.5301,0.6254,0.7256
2020-05-08,0.05,0.1826,0.2206,0.2425,0.2741,0.3224,0.3873,0.4658,0.5546,0.6507,0.7516
2020-05-11,0.05,0.1938,0.2364,0.2621,0.2967,0.3474,0.414,0.4939,0.5837,0.6806,0.7822
2020-05-12,0.05,0.189,0.2261,0.2493,0.283,0.3334,0.4001,0.4801,0.5701,0.6672,0.769
2020-05-13,0.05,0.1797,0.209,0.2277,0.2586,0.3073,0.3729,0.4522,0.5418,0.6386,0.7402
2020-05-14,0.05,0.175,0.2007,0.2168,0.2457,0.293,0.3576,0.4361,0.5251,0.6215,0.7227
2020-05-15,0.05,0.1769,0.2032,0.2199,0.2495,0.2972,0.3622,0.441,0.5302,0.6267,0.7281
2020-05-18,0.05,0.1965,0.2355,0.2605,0.2956,0.3473,0.4149,0.4957,0.5863,0.6839,0.786
2020-05-19,0.05,0.1881,0.2243,0.2492,0.2852,0.338,0.4068,0.4886,0.5802,0.6785,0.7813
2020-05-20,0.05,0.1744,0.2076,0.2321,0.2686,0.3223,0.3921,0.4748,0.5671,0.6661,0.7694
2020-05-21,0.05,0.1777,0.211,0.2346,0.2701,0.3227,0.3916,0.4735,0.5651,0.6636,0.7665
2020-05-22,0.05,0.1798,0.2097,0.2299,0.2624,0.3126,0.3794,0.4598,0.5502,0.6476,0.7498
2020-05-26,0.05,0.191,0.222,0.2432,0.2766,0.3274,0.3947,0.4754,0.5661,0.6638,0.766
2020-05-27,0.05,0.1963,0.2244,0.2433,0.2749,0.3244,0.3907,0.4706,0.5607,0.6579,0.7598
2020-05-28,0.05,0.2002,0.2278,0.2473,0.2797,0.33,0.397,0.4776,0.5681,0.6657,0.768
2020-05-29,0.05,0.1897,0.2092,0.2239,0.2535,0.3021,0.3681,0.4479,0.538,0.6354,0.7374
2020-06-01,0.05,0.1907,0.2089,0.2229,0.252,0.3003,0.3661,0.4457,0.5358,0.633,0.735
2020-06-02,0.05,0.1973,0.2171,0.2322,0.2621,0.311,0.3772,0.4571,0.5474,0.6448,0.7468
2020-06-03,0.05,0.2196,0.251,0.2738,0.309,0.3615,0.4302,0.5121,0.6036,0.702,0.8047
2020-06-04,0.05,0.2205,0.261,0.2922,0.3344,0.3926,0.4658,0.5512,0.6455,0.746,0.8505
2020-06-05,0.05,0.2327,0.2889,0.3328,0.3848,0.4507,0.5297,0.6196,0.7174,0.8206,0.9271
2020-06-08,0.05,0.2318,0.2864,0.3312,0.3852,0.453,0.5339,0.6253,0.7244,0.8286,0.936
2020-06-09,0.05,0.2203,0.2628,0.3023,0.3542,0.4214,0.5024,0.5942,0.6938,0.7985,0.9064
2020-06-10,0.07,0.1989,0.2239,0.2533,0.2991,0.3625,0.441,0.5312,0.6297,0.7337,0.8412
2020-06-11,0.07,0.1932,0.2066,0.2255,0.2625,0.3189,0.392,0.4778,0.5729,0.6743,0.7797
2020-06-12,0.07,0.2006,0.2164,0.2348,0.2703,0.3249,0.3963,0.4807,0.5745,0.6749,0.7795
2020-06-15,0.07,0.206,0.221,0.2383,0.2728,0.3265,0.3971,0.4809,0.5743,0.6743,0.7785
2020-06-16,0.07,0.2126,0.2325,0.2529,0.2894,0.3446,0.4162,0.5006,0.5945,0.6948,0.7993
2020-06-17,0.08,0.2089,0.2288,0.2493,0.2859,0.3411,0.4127,0.4972,0.5911,0.6915,0.796
2020-06-18,0.08,0.2023,0.2212,0.2399,0.2746,0.3282,0.3985,0.4819,0.5749,0.6746,0.7786
2020-06-19,0.08,0.1993,0.2192,0.2375,0.2712,0.3238,0.3932,0.4758,0.5682,0.6674,0.7709
2020-06-22,0.08,0.2029,0.2235,0.2417,0.2751,0.3272,0.3961,0.4783,0.5703,0.6692,0.7724
2020-06-23,0.08,0.2019,0.2231,0.2417,0.2754,0.3276,0.3967,0.479,0.5711,0.67,0.7733
2020-06-24,0.09,0.1878,0.2058,0.2231,0.2563,0.3086,0.3778,0.4604,0.5528,0.652,0.7555
2020-06-25,0.09,0.1929,0.2105,0.2266,0.2586,0.3098,0.378,0.4598,0.5515,0.6501,0.7532
2020-06-26,0.09,0.1833,0.1963,0.2087,0.2379,0.2869,0.3535,0.434,0.5247,0.6226,0.7252
2020-06-29,0.09,0.1798,0.1885,0.1979,0.2248,0.2722,0.3377,0.4173,0.5074,0.6048,0.707
2020-06-30,0.09,0.1845,0.1926,0.2024,0.2301,0.2781,0.3442,0.4243,0.5149,0.6126,0.7151
2020-07-01,0.08,0.1891,0.2035,0.2171,0.2472,0.2969,0.364,0.4449,0.536,0.6341,0.7368
2020-07-02,0.08,0.1816,0.1953,0.2091,0.2397,0.2899,0.3575,0.4389,0.5303,0.6288,0.7318
2020-07-06,0.08,0.1843,0.1998,0.215,0.2467,0.2977,0.366,0.4478,0.5396,0.6384,0.7416
2020-07-07,0.08,0.1809,0.1913,0.2027,0.2315,0.2804,0.347,0.4276,0.5185,0.6165,0.7192
2020-07-08,0.09,0.1826,0.1927,0.2037,0.2322,0.2808,0.3472,0.4276,0.5184,0.6163,0.7188
2020-07-09,0.09,0.1744,0.1818,0.1896,0.2151,0.2612,0.3256,0.4044,0.4939,0.5908,0.6926
2020-07-10,0.09,0.1775,0.1906,0.2013,0.2282,0.2749,0.3396,0.4185,0.5079,0.6048,0.7065
2020-07-13,0.09,0.1769,0.19,0.2001,0.2264,0.2725,0.3367,0.4152,0.5043,0.6009,0.7024
2020-07-14,0.09,0.1749,0.1862,0.1947,0.2196,0.2646,0.3279,0.4057,0.4943,0.5905,0.6917
2020-07-15,0.09,0.1774,0.1875,0.1957,0.2205,0.2658,0.3292,0.4072,0.4959,0.5922,0.6935
2020-07-16,0.09,0.1658,0.1786,0.1878,0.2129,0.258,0.3213,0.399,0.4876,0.5837,0.6849
2020-07-17,0.09,0.1633,0.18,0.1912,0.2174,0.2632,0.3268,0.4048,0.4935,0.5897,0.6909
2020-07-20,0.09,0.1667,0.1825,0.1926,0.2178,0.2626,0.3255,0.4029,0.4911,0.5869,0.6878
2020-07-21,0.09,0.1624,0.1755,0.1837,0.2076,0.2515,0.3137,0.3906,0.4785,0.574,0.6747
2020-07-22,0.09,0.1595,0.171,0.1785,0.202,0.2458,0.3079,0.3848,0.4726,0.5682,0.6689
2020-07-23,0.09,0.1629,0.1751,0.1811,0.2025,0.2442,0.3045,0.3798,0.4663,0.5609,0.6607
2020-07-24,0.09,0.1644,0.1783,0.1842,0.2048,0.2456,0.305,0.3796,0.4655,0.5594,0.6588
2020-07-27,0.09,0.1706,0.1895,0.1976,0.2191,0.2601,0.3195,0.3939,0.4795,0.5733,0.6725
2020-07-28,0.09,0.1595,0.1754,0.1814,0.2014,0.2413,0.2999,0.3737,0.4589,0.5524,0.6514
2020-07-29,0.09,0.1529,0.1662,0.1709,0.1903,0.2299,0.2884,0.3622,0.4475,0.541,0.64
2020-07-30,0.09,0.1411,0.1514,0.1536,0.1711,0.2092,0.2666,0.3396,0.4242,0.5173,0.616
2020-07-31,0.09,0.1347,0.1433,0.1444,0.1609,0.1984,0.2553,0.3279,0.4123,0.5051,0.6037
2020-08-03,0.09,0.1367,0.1452,0.1465,0.1634,0.2012,0.2583,0.3311,0.4157,0.5087,0.6073
2020-08-04,0.09,0.1306,0.1342,0.1315,0.1454,0.1809,0.2363,0.3078,0.3913,0.4835,0.5816
2020-08-05,0.1,0.1413,0.1477,0.1463,0.1606,0.1962,0.2516,0.3229,0.4063,0.4984,0.5963
2020-08-06,0.1,0.1414,0.148,0.1463,0.1602,0.1953,0.2503,0.3213,0.4044,0.4962,0.5939
2020-08-07,0.1,0.1486,0.1591,0.1595,0.1747,0.2107,0.2661,0.3374,0.4207,0.5126,0.6104
2020-08-10,0.1,0.1545,0.1665,0.1684,0.1847,0.2216,0.2778,0.3496,0.4334,0.5256,0.6237
2020-08-11,0.1,0.1656,0.1861,0.1938,0.2142,0.254,0.3123,0.3857,0.4706,0.5637,0.6624
2020-08-12,0.1,0.1714,0.1998,0.2138,0.2392,0.2828,0.344,0.4197,0.5063,0.6008,0.7005
2020-08-13,0.1,0.1728,0.2081,0.2279,0.2579,0.3051,0.3691,0.4469,0.5352,0.6309,0.7316
2020-08-14,0.1,0.1636,0.1977,0.219,0.2514,0.301,0.3671,0.4468,0.5366,0.6336,0.7354
2020-08-17,0.1,0.1565,0.1869,0.2069,0.239,0.2889,0.3554,0.4355,0.5257,0.623,0.7251
2020-08-18,0.1,0.1512,0.178,0.1962,0.2275,0.2769,0.3433,0.4233,0.5136,0.611,0.7131
2020-08-19,0.1,0.1513,0.1763,0.1945,0.2265,0.2767,0.3439,0.4247,0.5155,0.6135,0.716
2020-08-20,0.1,0.1487,0.1683,0.1835,0.2135,0.2626,0.329,0.4093,0.4998,0.5975,0.6999
2020-08-21,0.1,0.1491,0.1682,0.182,0.2106,0.2583,0.3236,0.4028,0.4926,0.5897,0.6915
2020-08-24,0.1,0.157,0.1773,0.1911,0.2193,0.2666,0.3313,0.4102,0.4995,0.5963,0.6979
2020-08-25,0.1,0.1612,0.1861,0.2032,0.2337,0.2827,0.3487,0.4284,0.5185,0.6157,0.7177
2020-08-26,0.09,0.1553,0.1811,0.2004,0.2334,0.2845,0.3524,0.4337,0.5251,0.6234,0.7262
2020-08-27,0.09,0.1605,0.1927,0.2174,0.2547,0.3092,0.3797,0.4631,0.556,0.6555,0.7593
2020-08-28,0.09,0.1472,0.1769,0.2029,0.2428,0.3002,0.3733,0.4589,0.5537,0.6547,0.7598
2020-08-31,0.09,0.144,0.168,0.1922,0.232,0.2899,0.3637,0.4501,0.5455,0.6472,0.7528
2020-09-01,0.09,0.1395,0.1551,0.1746,0.2116,0.2678,0.3406,0.4263,0.5214,0.6228,0.7283
2020-09-02,0.09,0.141,0.1531,0.1695,0.204,0.2581,0.3293,0.4137,0.5077,0.6083,0.7131
2020-09-03,0.09,0.1362,0.1438,0.156,0.187,0.2384,0.3074,0.3901,0.4828,0.5823,0.6863
2020-09-04,0.09,0.1545,0.1749,0.1945,0.2299,0.284,0.3547,0.4385,0.5319,0.6319,0.7362
2020-09-08,0.09,0.1547,0.1711,0.1887,0.2231,0.2767,0.3471,0.4308,0.5242,0.6242,0.7286
2020-09-09,0.09,0.1559,0.1724,0.1906,0.2255,0.2797,0.3506,0.4346,0.5283,0.6285,0.733
2020-09-10,0.09,0.1479,0.1618,0.1787,0.2129,0.2667,0.3374,0.4215,0.5151,0.6154,0.72
2020-09-11,0.09,0.1424,0.1549,0.1708,0.2044,0.2578,0.3282,0.4121,0.5056,0.6058,0.7103
2020-09-14,0.09,0.1455,0.1588,0.1747,0.2081,0.2611,0.3312,0.4147,0.5079,0.6079,0.7122
2020-09-15,0.09,0.1441,0.1585,0.1749,0.2084,0.2615,0.3316,0.415,0.5082,0.6082,0.7124
2020-09-16,0.09,0.1477,0.1635,0.1809,0.2152,0.2688,0.3393,0.4231,0.5165,0.6166,0.721
2020-09-17,0.09,0.1408,0.1596,0.1787,0.2141,0.2684,0.3395,0.4236,0.5173,0.6176,0.7221
2020-09-18,0.09,0.1429,0.1636,0.1841,0.2205,0.2755,0.347,0.4315,0.5254,0.6259,0.7306
2020-09-21,0.09,0.1388,0.158,0.1773,0.2127,0.2669,0.3379,0.4219,0.5155,0.6158,0.7203
2020-09-22,0.09,0.1362,0.1541,0.1725,0.2072,0.261,0.3316,0.4154,0.5089,0.609,0.7134
2020-09-23,0.09,0.1339,0.1512,0.1699,0.2054,0.2599,0.3311,0.4155,0.5095,0.61,0.7147
2020-09-24,0.09,0.1359,0.1533,0.1713,0.2057,0.2593,0.3297,0.4134,0.5067,0.6068,0.7111
2020-09-25,0.09,0.1343,0.1502,0.167,0.2004,0.2532,0.3229,0.4061,0.4991,0.5988,0.7029
2020-09-28,0.09,0.1359,0.151,0.1671,0.2002,0.2527,0.3223,0.4053,0.4982,0.5978,0.7019
2020-09-29,0.09,0.1318,0.1463,0.1618,0.1941,0.2461,0.3152,0.3978,0.4904,0.5899,0.6937
2020-09-30,0.09,0.137,0.1553,0.1734,0.2076,0.2609,0.331,0.4144,0.5075,0.6073,0.7115
2020-10-01,0.09,0.1347,0.1547,0.1737,0.2084,0.2619,0.3321,0.4156,0.5087,0.6086,0.7127
2020-10-02,0.09,0.1378,0.161,0.1822,0.2185,0.2731,0.3442,0.4282,0.5218,0.622,0.7264
2020-10-05,0.09,0.1505,0.1845,0.2139,0.2565,0.3158,0.3905,0.4773,0.573,0.6747,0.7804
2020-10-06,0.09,0.1465,0.18,0.2105,0.2544,0.3152,0.3912,0.479,0.5756,0.6781,0.7843
2020-10-07,0.09,0.1535,0.1926,0.2278,0.2756,0.3394,0.4176,0.5073,0.6053,0.7089,0.8159
2020-10-08,0.09,0.1426,0.1779,0.2125,0.2609,0.3257,0.405,0.4956,0.5945,0.6988,0.8065
2020-10-09,0.09,0.1482,0.1848,0.2204,0.2696,0.335,0.4148,0.5059,0.605,0.7095,0.8174
2020-10-13,0.09,0.1395,0.1676,0.1986,0.245,0.3089,0.3877,0.4781,0.5768,0.6812,0.7889
2020-10-14,0.09,0.1396,0.1629,0.1908,0.2354,0.298,0.3759,0.4657,0.5641,0.6681,0.7756
2020-10-15,0.09,0.1422,0.1666,0.1952,0.2402,0.303,0.3812,0.4711,0.5695,0.6736,0.7811
2020-10-16,0.09,0.1432,0.169,0.1988,0.2448,0.3084,0.3871,0.4775,0.5762,0.6806,0.7883
2020-10-19,0.09,0.1455,0.1748,0.2073,0.2553,0.3204,0.4003,0.4915,0.5909,0.6957,0.8039
2020-10-20,0.09,0.1466,0.1804,0.2169,0.2682,0.336,0.418,0.5109,0.6116,0.7175,0.8264
2020-10-21,0.09,0.1411,0.1778,0.2187,0.2743,0.3459,0.431,0.5265,0.6293,0.7368,0.8471
2020-10-22,0.09,0.1451,0.1893,0.2362,0.2965,0.3717,0.4596,0.5572,0.6616,0.7704,0.8817
2020-10-23,0.09,0.1428,0.1866,0.234,0.2953,0.3714,0.4602,0.5585,0.6635,0.7728,0.8845
2020-10-26,0.09,0.1377,0.1747,0.2184,0.2775,0.3525,0.4405,0.5384,0.6432,0.7523,0.8639
2020-10-27,0.09,0.1322,0.165,0.2057,0.2626,0.3359,0.4227,0.5197,0.6238,0.7324,0.8436
2020-10-28,0.09,0.1339,0.166,0.2054,0.2611,0.3333,0.4192,0.5155,0.619,0.7271,0.8379
2020-10-29,0.09,0.1397,0.1803,0.2257,0.2855,0.3607,0.4487,0.5466,0.6512,0.7602,0.8717
2020-10-30,0.09,0.142,0.1883,0.2389,0.3031,0.3818,0.4726,0.5727,0.679,0.7894,0.9019
2020-11-02,0.09,0.1386,0.1846,0.2359,0.3011,0.3808,0.4726,0.5734,0.6803,0.7912,0.9042
2020-11-03,0.09,0.1451,0.1934,0.2472,0.3146,0.3961,0.4893,0.5912,0.6991,0.8107,0.9243
2020-11-04,0.09,0.1254,0.1592,0.2032,0.2638,0.3405,0.4302,0.5296,0.6356,0.7458,0.8584
2020-11-05,0.09,0.1288,0.1607,0.2016,0.2592,0.3332,0.4206,0.5182,0.6227,0.7317,0.8433
2020-11-06,0.09,0.1379,0.175,0.2187,0.2778,0.3527,0.4407,0.5386,0.6433,0.7524,0.864
2020-11-09,0.09,0.1616,0.2168,0.2732,0.3414,0.4228,0.5156,0.617,0.7244,0.8355,0.9485
2020-11-10,0.09,0.1634,0.2274,0.2914,0.3658,0.4522,0.5488,0.6532,0.7629,0.8758,0.9902
2020-11-12,0.09,0.1421,0.1951,0.2526,0.3229,0.4066,0.5016,0.6049,0.7138,0.8262,0.9404
2020-11-13,0.09,0.1412,0.1945,0.2517,0.3215,0.4047,0.4991,0.602,0.7106,0.8227,0.9367
2020-11-16,0.09,0.1447,0.1987,0.2564,0.3265,0.41,0.5047,0.6077,0.7164,0.8286,0.9426
2020-11-17,0.09,0.1369,0.1865,0.2408,0.3084,0.39,0.4832,0.5851,0.693,0.8046,0.9181
2020-11-18,0.09,0.1386,0.1899,0.2449,0.3127,0.3943,0.4875,0.5893,0.6971,0.8085,0.922
2020-11-19,0.09,0.1323,0.1831,0.2369,0.3034,0.3838,0.476,0.577,0.6841,0.7951,0.9081
2020-11-20,0.09,0.1283,0.1774,0.229,0.2936,0.3723,0.463,0.5629,0.6692,0.7794,0.8919
2020-11-23,0.09,0.1285,0.1805,0.2339,0.2995,0.3789,0.4701,0.5703,0.6768,0.7872,0.8998
2020-11-24,0.09,0.1329,0.186,0.2411,0.3084,0.3893,0.4817,0.5829,0.6902,0.8013,0.9143
2020-11-25,0.08,0.1253,0.1773,0.2336,0.3029,0.3857,0.4799,0.5826,0.6911,0.8032,0.9172
2020-11-27,0.08,0.126,0.1721,0.2242,0.2904,0.371,0.4636,0.565,0.6726,0.784,0.8974
2020-11-30,0.08,0.1219,0.1666,0.218,0.2839,0.3644,0.4569,0.5583,0.6659,0.7773,0.8908
2020-12-01,0.08,0.1381,0.1927,0.2512,0.3222,0.4063,0.5016,0.605,0.7141,0.8267,0.9409
2020-12-02,0.08,0.1381,0.1965,0.2596,0.335,0.423,0.5214,0.6274,0.7385,0.8526,0.9681
2020-12-03,0.08,0.1269,0.1827,0.2458,0.322,0.4111,0.5105,0.6175,0.7294,0.8443,0.9604
2020-12-04,0.08,0.1285,0.1867,0.2538,0.3341,0.4269,0.5294,0.6389,0.7528,0.8693,0.9867
2020-12-07,0.08,0.1175,0.1701,0.2353,0.3153,0.4083,0.5114,0.6215,0.7361,0.8531,0.9711
2020-12-08,0.08,0.113,0.1617,0.2249,0.304,0.3967,0.4996,0.6097,0.7244,0.8414,0.9595
2020-12-09,0.09,0.1177,0.1695,0.2347,0.315,0.4084,0.5119,0.6223,0.7371,0.8543,0.9725
2020-12-10,0.09,0.1102,0.1579,0.2208,0.2998,0.3926,0.4956,0.6058,0.7205,0.8377,0.9558
2020-12-11,0.09,0.0997,0.1421,0.2026,0.2806,0.3729,0.4759,0.5861,0.701,0.8183,0.9366
2020-12-14,0.09,0.0986,0.1382,0.1977,0.2754,0.3678,0.471,0.5815,0.6966,0.8142,0.9326
2020-12-15,0.09,0.0999,0.1417,0.2031,0.2825,0.3763,0.4805,0.5919,0.7076,0.8257,0.9446
2020-12-16,0.09,0.0976,0.1377,0.1997,0.2804,0.3757,0.4813,0.5939,0.7106,0.8295,0.9491
2020-12-17,0.09,0.102,0.1445,0.2081,0.2901,0.3862,0.4924,0.6054,0.7224,0.8416,0.9613
2020-12-18,0.09,0.1021,0.1459,0.2112,0.2947,0.3921,0.4995,0.6133,0.7311,0.8508,0.971
2020-12-21,0.09,0.1028,0.1462,0.2121,0.2964,0.3947,0.5028,0.6173,0.7357,0.8558,0.9763
2020-12-22,0.09,0.0984,0.1374,0.2008,0.2838,0.3813,0.489,0.6032,0.7214,0.8414,0.9619
2020-12-23,0.09,0.1021,0.1435,0.2093,0.2945,0.3938,0.5028,0.6182,0.7372,0.858,0.979
2020-12-24,0.09,0.1007,0.1399,0.2043,0.2886,0.3872,0.4959,0.6109,0.7297,0.8503,0.9713
2020-12-28,0.09,0.1069,0.1427,0.2054,0.2887,0.3868,0.4951,0.61,0.7287,0.8492,0.9701
2020-12-29,0.09,0.1093,0.1437,0.2059,0.2891,0.3873,0.4957,0.6106,0.7294,0.85,0.971
2020-12-30,0.09,0.1027,0.1382,0.2007,0.2838,0.3819,0.4901,0.605,0.7236,0.8441,0.965
2020-12-31,0.09,0.0996,0.134,0.1958,0.2784,0.3761,0.4841,0.5987,0.7173,0.8377,0.9585
2021-01-04,0.09,0.0952,0.128,0.1891,0.2715,0.3692,0.4773,0.592,0.7107,0.8312,0.9521
2021-01-05,0.09,0.099,0.1353,0.1992,0.2837,0.3829,0.4921,0.6078,0.7271,0.8482,0.9695
2021-01-06,0.09,0.1142,0.1639,0.2374,0.3289,0.4333,0.5464,0.6649,0.7863,0.909,1.0315
2021-01-07,0.09,0.1165,0.1749,0.2566,0.3551,0.4652,0.5828,0.7049,0.8292,0.954,1.0783
2021-01-08,0.09,0.1153,0.182,0.2722,0.378,0.4941,0.6165,0.7425,0.8698,0.9971,1.1232
2021-01-11,0.09,0.115,0.1858,0.2813,0.3924,0.513,0.6392,0.7681,0.8979,1.0271,1.1548
2021-01-12,0.09,0.1086,0.1784,0.2761,0.3903,0.514,0.6429,0.7741,0.9058,1.0366,1.1656
2021-01-13,0.09,0.1023,0.1652,0.2594,0.3717,0.4944,0.6229,0.7539,0.8854,1.0162,1.1452
2021-01-14,0.09,0.1052,0.1704,0.2675,0.3826,0.5078,0.6381,0.7707,0.9035,1.0353,1.1651
2021-01-15,0.09,0.0953,0.1535,0.2474,0.3613,0.4861,0.6165,0.7493,0.8824,1.0145,1.1446
2021-01-19,0.09,0.0927,0.1461,0.2381,0.3513,0.476,0.6066,0.7396,0.873,1.0053,1.1356
2021-01-20,0.09,0.0843,0.1357,0.2278,0.3419,0.4676,0.5992,0.7332,0.8673,1.0003,1.1312
2021-01-21,0.09,0.086,0.1382,0.2319,0.3476,0.4748,0.6076,0.7426,0.8776,1.0112,1.1426
2021-01-22,0.09,0.0831,0.1326,0.2248,0.3397,0.4664,0.599,0.7337,0.8686,1.0021,1.1335
2021-01-25,0.09,0.0773,0.12,0.207,0.318,0.4417,0.572,0.7051,0.8387,0.9713,1.1019
2021-01-26,0.09,0.0757,0.1186,0.2046,0.3141,0.4365,0.5656,0.6977,0.8305,0.9624,1.0925
2021-01-27,0.08,0.0781,0.1197,0.2033,0.3103,0.4306,0.5578,0.6884,0.82,0.9509,1.0802
2021-01-28,0.08,0.0812,0.1279,0.2139,0.3221,0.4428,0.5703,0.7009,0.8324,0.9632,1.0924
2021-01-29,0.08,0.0819,0.1373,0.2296,0.3424,0.4665,0.5965,0.729,0.862,0.9939,1.124
2021-02-01,0.08,0.0748,0.1268,0.2181,0.3309,0.4555,0.586,0.7191,0.8525,0.9849,1.1154
2021-02-02,0.08,0.0784,0.1334,0.2276,0.3428,0.4693,0.6014,0.7357,0.8701,1.0032,1.1342
2021-02-03,0.07,0.074,0.1367,0.2366,0.356,0.4857,0.6202,0.7563,0.892,1.0262,1.1581
2021-02-04,0.07,0.0673,0.133,0.236,0.3584,0.4904,0.6268,0.7645,0.9015,1.0367,1.1693
2021-02-05,0.07,0.0599,0.1301,0.2381,0.3649,0.5007,0.6402,0.7803,0.9193,1.0561,1.19
2021-02-08,0.07,0.0621,0.1336,0.2435,0.3721,0.5096,0.6504,0.7916,0.9314,1.0689,1.2034
2021-02-09,0.07,0.0613,0.1322,0.2422,0.3711,0.5089,0.6501,0.7916,0.9317,1.0693,1.204
2021-02-10,0.08,0.0562,0.1214,0.228,0.3549,0.4913,0.6316,0.7726,0.9123,1.0497,1.1842
2021-02-11,0.08,0.0579,0.1223,0.2285,0.3554,0.4919,0.6323,0.7733,0.9131,1.0506,1.1852
2021-02-12,0.08,0.0613,0.1325,0.2444,0.3756,0.5155,0.6585,0.8016,0.9429,1.0816,1.2171
2021-02-16,0.08,0.0755,0.1623,0.2864,0.4271,0.5743,0.7229,0.8701,1.0148,1.1559,1.2933
2021-02-17,0.08,0.0632,0.1518,0.2815,0.4285,0.5815,0.735,0.8864,1.0344,1.1783,1.3179
2021-02-18,0.08,0.0538,0.1429,0.2754,0.4256,0.5816,0.7377,0.8912,1.041,1.1864,1.3272
2021-02-19,0.08,0.0582,0.1518,0.2904,0.4466,0.6078,0.7682,0.9252,1.0777,1.2253,1.3679
2021-02-22,0.08,0.0545,0.1533,0.298,0.4598,0.6258,0.7902,0.9504,1.1054,1.255,1.3992
2021-02-23,0.08,0.0505,0.1474,0.2935,0.4578,0.6265,0.7932,0.9555,1.1122,1.2633,1.4086
2021-02-24,0.07,0.0529,0.1531,0.3027,0.4701,0.6413,0.8101,0.974,1.132,1.284,1.4302
2021-02-25,0.07,0.0998,0.2342,0.4061,0.5886,0.7703,0.9464,1.1156,1.2774,1.4322,1.5804
2021-02-26,0.07,0.0815,0.2121,0.3837,0.5673,0.7505,0.9281,1.0987,1.2617,1.4175,1.5666
2021-03-01,0.07,0.0696,0.1916,0.3612,0.5454,0.73,0.9095,1.0817,1.2463,1.4034,1.5535
2021-03-02,0.07,0.0571,0.1701,0.3354,0.5176,0.7015,0.8807,1.0529,1.2176,1.375,1.5253
2021-03-03,0.07,0.0718,0.1905,0.3601,0.5457,0.732,0.913,1.0867,1.2524,1.4106,1.5615
2021-03-04,0.07,0.0807,0.2108,0.3903,0.5837,0.7763,0.9622,1.1396,1.3083,1.4687,1.6214
2021-03-05,0.07,0.0803,0.2155,0.4007,0.5993,0.7962,0.9857,1.1659,1.3369,1.4991,1.6532
2021-03-08,0.07,0.0875,0.2321,0.4249,0.6295,0.8311,1.0241,1.2071,1.3802,1.544,1.6994
2021-03-09,0.07,0.0814,0.2216,0.4121,0.6155,0.8165,1.0091,1.1919,1.3649,1.5288,1.6842
2021-03-10,0.07,0.0715,0.2063,0.3934,0.5946,0.794,0.9856,1.1677,1.3402,1.5037,1.6589
2021-03-11,0.07,0.0651,0.1978,0.3845,0.5859,0.7857,0.9779,1.1605,1.3334,1.4973,1.6528
2021-03-12,0.07,0.0785,0.2244,0.4219,0.6319,0.8385,1.0359,1.2225,1.3985,1.5647,1.7221
2021-03-15,0.07,0.0716,0.2175,0.4175,0.6306,0.84,1.0399,1.2286,1.4064,1.574,1.7325
2021-03-16,0.07,0.0621,0.2075,0.409,0.6241,0.8357,1.0374,1.2276,1.4066,1.5753,1.7347
2021-03-17,0.07,0.049,0.1906,0.3927,0.6099,0.824,1.028,1.2204,1.4012,1.5713,1.732
2021-03-18,0.07,0.0534,0.2074,0.4198,0.6455,0.8661,1.0753,1.2716,1.4555,1.6281,1.7906
2021-03-19,0.07,0.0529,0.2148,0.4353,0.6679,0.8944,1.1082,1.3082,1.495,1.6699,1.8342
2021-03-22,0.07,0.0459,0.2004,0.4182,0.6502,0.8769,1.0913,1.2919,1.4794,1.6549,1.8198
2021-03-23,0.07,0.0336,0.1796,0.3917,0.6198,0.8438,1.0562,1.2555,1.4419,1.6167,1.781
2021-03-24,0.07,0.0293,0.1693,0.3775,0.603,0.8251,1.0363,1.2346,1.4203,1.5946,1.7585
2021-03-25,0.07,0.0318,0.1708,0.3781,0.603,0.8247,1.0355,1.2336,1.4191,1.5932,1.757
2021-03-26,0.07,0.0392,0.1838,0.3953,0.6233,0.8472,1.0598,1.2591,1.4456,1.6204,1.7848
2021-03-29,0.07,0.0479,0.2003,0.4185,0.652,0.8803,1.0963,1.2983,1.4868,1.6633,1.8289
2021-03-30,0.07,0.0471,0.2035,0.4256,0.6624,0.8934,1.1115,1.3152,1.5051,1.6826,1.8491
2021-03-31,0.07,0.0532,0.2131,0.4383,0.6777,0.9107,1.1304,1.3353,1.5262,1.7044,1.8714
2021-04-01,0.07,0.0476,0.2047,0.4271,0.6639,0.8948,1.1129,1.3165,1.5063,1.6837,1.8501
2021-04-02,0.07,0.0658,0.2331,0.459,0.6965,0.9269,1.1439,1.3464,1.5352,1.7116,1.8772
2021-04-05,0.07,0.0612,0.2277,0.4535,0.6912,0.9219,1.1392,1.3419,1.5309,1.7076,1.8733
2021-04-06,0.07,0.0454,0.2016,0.4209,0.6542,0.8818,1.097,1.2983,1.4862,1.6621,1.8273
2021-04-07,0.07,0.0438,0.1974,0.415,0.6471,0.8738,1.0884,1.2892,1.4768,1.6525,1.8175
2021-04-08,0.07,0.0361,0.1838,0.3966,0.625,0.849,1.0614,1.2606,1.4469,1.6216,1.7859
2021-04-09,0.07,0.0449,0.1967,0.4108,0.6393,0.863,1.0749,1.2735,1.4594,1.6336,1.7974
2021-04-12,0.07,0.0548,0.2114,0.4272,0.656,0.8794,1.0908,1.2889,1.4743,1.648,1.8114
2021-04-13,0.07,0.0493,0.1976,0.4077,0.6325,0.853,1.0623,1.2588,1.443,1.6159,1.7787
2021-04-14,0.07,0.05,0.2,0.4103,0.6347,0.8546,1.0634,1.2595,1.4432,1.6158,1.7782
2021-04-15,0.07,0.0389,0.178,0.3794,0.5968,0.8113,1.0159,1.2087,1.3899,1.5605,1.7215
2021-04-16,0.07,0.0502,0.1928,0.394,0.6099,0.8225,1.0252,1.2164,1.3963,1.5657,1.7257
2021-04-19,0.07,0.0538,0.1998,0.4028,0.6196,0.8327,1.0357,1.2271,1.407,1.5764,1.7365
2021-04-20,0.07,0.0488,0.1893,0.3886,0.6028,0.8141,1.0158,1.2062,1.3855,1.5544,1.714
2021-04-21,0.07,0.0448,0.182,0.3794,0.5925,0.8031,1.0044,1.1945,1.3735,1.5423,1.7019
2021-04-22,0.07,0.0478,0.1843,0.3804,0.5921,0.8014,1.0016,1.1908,1.3691,1.5374,1.6964
2021-04-23,0.07,0.0537,0.1948,0.3926,0.6049,0.8142,1.0142,1.2031,1.3811,1.549,1.7078
2021-04-26,0.07,0.061,0.2053,0.4036,0.6153,0.8236,1.0227,1.2107,1.3879,1.5552,1.7134
2021-04-27,0.07,0.0653,0.2189,0.423,0.6384,0.8493,1.05,1.2392,1.4173,1.5852,1.7439
2021-04-28,0.07,0.0606,0.2155,0.4212,0.6383,0.8505,1.0524,1.2425,1.4214,1.5899,1.749
2021-04-29,0.07,0.0576,0.2144,0.4227,0.6422,0.8566,1.0602,1.2518,1.4318,1.6012,1.7611
2021-04-30,0.07,0.0527,0.2097,0.4192,0.6402,0.856,1.0608,1.2534,1.4342,1.6043,1.7648
2021-05-03,0.07,0.0503,0.1998,0.4061,0.6257,0.841,1.0458,1.2386,1.4197,1.59,1.7507
2021-05-04,0.07,0.0461,0.1917,0.3955,0.6135,0.8278,1.0319,1.2241,1.4049,1.5749,1.7355
2021-05-05,0.06,0.042,0.1822,0.3824,0.5979,0.8105,1.0133,1.2047,1.3847,1.5543,1.7145
2021-05-06,0.06,0.0442,0.1831,0.3816,0.5955,0.8067,1.0084,1.1989,1.3782,1.5472,1.7069
2021-05-07,0.06,0.0399,0.1763,0.3741,0.5881,0.7996,1.0018,1.1926,1.3723,1.5416,1.7016
2021-05-10,0.06,0.0431,0.1821,0.3823,0.5983,0.8114,1.0147,1.2065,1.387,1.5569,1.7173
2021-05-11,0.06,0.0447,0.1876,0.3907,0.6088,0.8235,1.028,1.2208,1.4019,1.5724,1.7332
2021-05-12,0.06,0.0566,0.2103,0.4214,0.6456,0.8648,1.0728,1.2681,1.4511,1.623,1.785
2021-05-13,0.06,0.0476,0.1993,0.4108,0.636,0.8565,1.0656,1.262,1.4459,1.6186,1.7812
2021-05-14,0.06,0.0395,0.1879,0.3976,0.6218,0.8417,1.0505,1.2466,1.4305,1.6031,1.7657
2021-05-17,0.06,0.0419,0.1897,0.3992,0.6235,0.8436,1.0526,1.2489,1.4329,1.6056,1.7683
2021-05-18,0.06,0.0398,0.1861,0.395,0.6192,0.8392,1.0483,1.2447,1.4289,1.6017,1.7645
2021-05-19,0.06,0.0455,0.1993,0.4133,0.6408,0.8633,1.074,1.2717,1.4567,1.6302,1.7935
2021-05-20,0.06,0.0348,0.1825,0.3928,0.618,0.839,1.0488,1.2457,1.4303,1.6035,1.7666
2021-05-21,0.06,0.0356,0.184,0.3937,0.6181,0.8382,1.0472,1.2435,1.4275,1.6002,1.7629
2021-05-24,0.06,0.0345,0.1791,0.386,0.6083,0.8267,1.0345,1.2299,1.4132,1.5854,1.7477
2021-05-25,0.06,0.0298,0.1656,0.366,0.5834,0.7982,1.0032,1.1965,1.3782,1.5492,1.7105
2021-05-26,0.06,0.0315,0.1664,0.3655,0.5817,0.7955,0.9997,1.1923,1.3734,1.544,1.705
2021-05-27,0.06,0.0391,0.1775,0.379,0.5969,0.8118,1.0169,1.2101,1.3917,1.5625,1.7237
2021-05-28,0.06,0.0326,0.1686,0.3685,0.5851,0.7992,1.0036,1.1964,1.3776,1.5483,1.7093
2021-06-01,0.06,0.0406,0.1802,0.3825,0.601,0.8164,1.0218,1.2153,1.3971,1.5681,1.7295
2021-06-02,0.05,0.0366,0.1737,0.3749,0.5928,0.808,1.0133,1.2068,1.3886,1.5596,1.721
2021-06-03,0.05,0.0483,0.1923,0.3972,0.6171,0.8334,1.0394,1.2332,1.4151,1.5863,1.7477
2021-06-04,0.05,0.0385,0.1743,0.3729,0.5881,0.8008,1.004,1.1958,1.3762,1.5462,1.7067
2021-06-07,0.05,0.0423,0.1778,0.3747,0.5879,0.7987,1.0003,1.1907,1.37,1.539,1.6988
2021-06-08,0.05,0.0387,0.1697,0.3622,0.5716,0.7793,0.9785,1.1669,1.3447,1.5126,1.6714
2021-06-09,0.06,0.0395,0.1643,0.3506,0.5545,0.7578,0.9533,1.1388,1.3143,1.4804,1.6377
2021-06-10,0.06,0.0381,0.1569,0.3369,0.5353,0.7339,0.9256,1.1082,1.2814,1.4456,1.6014
2021-06-11,0.06,0.0492,0.1714,0.3508,0.5473,0.7436,0.9332,1.1139,1.2855,1.4483,1.6031
2021-06-14,0.06,0.0614,0.1915,0.3745,0.5725,0.7694,0.9591,1.1397,1.3111,1.4736,1.6282
2021-06-15,0.06,0.0641,0.1977,0.3824,0.5809,0.778,0.9677,1.1481,1.3193,1.4818,1.6361
2021-06-16,0.06,0.0939,0.244,0.4367,0.6393,0.8383,1.0288,1.2095,1.3806,1.5429,1.697
2021-06-17,0.06,0.0992,0.2524,0.4438,0.6435,0.8393,1.0269,1.2052,1.3743,1.5348,1.6875
2021-06-18,0.06,0.1118,0.2648,0.449,0.6398,0.8271,1.0074,1.1795,1.3436,1.5,1.6493
2021-06-21,0.06,0.1245,0.2841,0.4687,0.6575,0.8423,1.0199,1.1897,1.3517,1.5063,1.6542
2021-06-22,0.06,0.1155,0.2744,0.4575,0.6448,0.8282,1.0047,1.1735,1.3348,1.4889,1.6363
2021-06-23,0.1,0.1174,0.2805,0.4655,0.6535,0.837,1.0135,1.1822,1.3433,1.4972,1.6445
2021-06-24,0.1,0.1251,0.2914,0.4763,0.663,0.8449,1.0198,1.187,1.3469,1.4998,1.6462
2021-06-25,0.1,0.1355,0.3078,0.4962,0.6852,0.8685,1.0443,1.2122,1.3725,1.5257,1.6723
2021-06-28,0.1,0.1255,0.293,0.4782,0.6649,0.8466,1.0213,1.1883,1.348,1.5007,1.647
2021-06-29,0.1,0.1245,0.2919,0.476,0.6614,0.842,1.0156,1.1818,1.3408,1.493,1.6388
2021-06-30,0.1,0.121,0.2835,0.4634,0.6453,0.8231,0.9945,1.1591,1.3168,1.468,1.613
2021-07-01,0.1,0.1272,0.2936,0.4746,0.6566,0.834,1.0049,1.1689,1.3261,1.4768,1.6214
2021-07-02,0.1,0.1209,0.2822,0.4593,0.6383,0.8134,0.9826,1.1453,1.3015,1.4515,1.5955
2021-07-06,0.1,0.1087,0.2575,0.4258,0.5983,0.7687,0.9344,1.0944,1.2487,1.3971,1.5401
2021-07-07,0.1,0.1045,0.2455,0.4063,0.5725,0.7377,0.8993,1.0562,1.2079,1.3544,1.4958
2021-07-08,0.1,0.0984,0.2291,0.3825,0.5435,0.7049,0.8636,1.0184,1.1685,1.3138,1.4543
2021-07-09,0.1,0.1152,0.254,0.4114,0.5742,0.7364,0.8955,1.0502,1.2002,1.3453,1.4856
2021-07-12,0.1,0.1233,0.2676,0.4272,0.5906,0.7528,0.9115,1.0659,1.2155,1.3603,1.5002
2021-07-13,0.1,0.1354,0.29,0.4547,0.6207,0.7841,0.9435,1.0981,1.2478,1.3924,1.5322
2021-07-14,0.1,0.1233,0.2716,0.4323,0.5956,0.7572,0.9152,1.0689,1.2179,1.3621,1.5016
2021-07-15,0.1,0.1157,0.2574,0.4118,0.5697,0.727,0.8816,1.0326,1.1794,1.322,1.4601
2021-07-16,0.1,0.1195,0.2619,0.4146,0.5703,0.7253,0.8779,1.0272,1.1726,1.314,1.4513
2021-07-19,0.1,0.1041,0.2292,0.3682,0.5132,0.66,0.8064,0.9509,1.0927,1.2313,1.3663
2021-07-20,0.1,0.1058,0.2276,0.3635,0.5059,0.6506,0.7952,0.9384,1.0791,1.2169,1.3512
2021-07-21,0.1,0.1135,0.2445,0.387,0.5342,0.6824,0.8297,0.9748,1.1171,1.2559,1.3911
2021-07-22,0.1,0.1099,0.2387,0.3798,0.526,0.6736,0.8204,0.9652,1.1072,1.2458,1.3809
2021-07-23,0.1,0.1131,0.2449,0.3883,0.5362,0.6851,0.8328,0.9784,1.1209,1.26,1.3955
2021-07-26,0.1,0.1152,0.2475,0.3915,0.5401,0.6894,0.8376,0.9834,1.1262,1.2655,1.4011
2021-07-27,0.1,0.1068,0.2339,0.3744,0.5205,0.6681,0.8151,0.96,1.1022,1.241,1.3762
2021-07-28,0.1,0.1101,0.2378,0.3777,0.5229,0.6697,0.8159,0.9601,1.1017,1.2401,1.3749
2021-07-29,0.1,0.1127,0.242,0.3837,0.5305,0.6786,0.8258,0.971,1.1132,1.2521,1.3874
2021-07-30,0.1,0.1048,0.2281,0.3667,0.5119,0.6591,0.8059,0.9508,1.093,1.2318,1.3671
2021-08-02,0.1,0.0951,0.2092,0.3417,0.4827,0.627,0.7716,0.915,1.0561,1.1941,1.3288
2021-08-03,0.1,0.0942,0.2039,0.3328,0.4709,0.6129,0.7559,0.8979,1.038,1.1752,1.3093
2021-08-04,0.09,0.0988,0.2104,0.3388,0.4756,0.6161,0.7577,0.8985,1.0375,1.1739,1.3072
2021-08-05,0.09,0.117,0.2388,0.3715,0.5099,0.6508,0.7921,0.9325,1.0709,1.2068,1.3396
2021-08-06,0.09,0.1323,0.2676,0.4092,0.5535,0.6984,0.8426,0.9851,1.125,1.262,1.3956
2021-08-09,0.09,0.1368,0.28,0.4271,0.5754,0.7233,0.8697,1.0138,1.1549,1.2928,1.4271
2021-08-10,0.09,0.1427,0.2958,0.4488,0.6008,0.751,0.899,1.0441,1.186,1.3243,1.459
2021-08-11,0.1,0.1355,0.2884,0.4427,0.5962,0.748,0.8973,1.0435,1.1864,1.3255,1.4608
2021-08-12,0.1,0.139,0.2948,0.4518,0.6078,0.7615,0.9123,1.0598,1.2036,1.3435,1.4794
2021-08-13,0.1,0.129,0.2771,0.4288,0.5809,0.7319,0.8808,1.0268,1.1695,1.3086,1.4439
2021-08-16,0.1,0.1192,0.2587,0.4045,0.5525,0.7006,0.8473,0.9918,1.1334,1.2716,1.4063
2021-08-17,0.1,0.1269,0.2652,0.4091,0.5552,0.7016,0.8469,0.9902,1.1308,1.2683,1.4023
2021-08-18,0.1,0.1324,0.2724,0.4162,0.5615,0.7069,0.8513,0.9938,1.1337,1.2706,1.4041
2021-08-19,0.1,0.1322,0.272,0.4136,0.5563,0.6993,0.8416,0.9823,1.1208,1.2565,1.3891
2021-08-20,0.1,0.1363,0.2809,0.4238,0.5664,0.7086,0.85,0.9899,1.1276,1.2627,1.3947
2021-08-23,0.1,0.1367,0.2811,0.4227,0.5637,0.7044,0.8446,0.9834,1.1202,1.2546,1.3861
2021-08-24,0.1,0.1416,0.2921,0.4373,0.5805,0.7227,0.8637,1.0031,1.1404,1.2751,1.4067
2021-08-25,0.09,0.1424,0.2997,0.452,0.6016,0.749,0.8943,1.0371,1.177,1.3138,1.4471
2021-08-26,0.09,0.1428,0.3025,0.4573,0.609,0.7582,0.9049,1.0489,1.1897,1.3272,1.4611
2021-08-27,0.09,0.1285,0.2816,0.4338,0.5849,0.7343,0.8815,1.026,1.1675,1.3055,1.4399
2021-08-30,0.09,0.1182,0.2644,0.4136,0.5633,0.7123,0.8594,1.0041,1.1458,1.284,1.4187
2021-08-31,0.09,0.1205,0.2661,0.4154,0.5655,0.7149,0.8625,1.0075,1.1494,1.2879,1.4228
2021-09-01,0.08,0.1208,0.2655,0.4148,0.5653,0.7151,0.8631,1.0086,1.1508,1.2896,1.4247
2021-09-02,0.08,0.1217,0.2646,0.4127,0.5622,0.7114,0.8589,1.0039,1.1459,1.2845,1.4194
2021-09-03,0.08,0.123,0.2686,0.4192,0.5708,0.7217,0.8705,1.0166,1.1594,1.2986,1.434
2021-09-07,0.08,0.1326,0.2856,0.4417,0.5977,0.7517,0.9029,1.0508,1.195,1.3352,1.4714
2021-09-08,0.08,0.1286,0.2791,0.434,0.5892,0.7429,0.8939,1.0417,1.1859,1.3261,1.4624
2021-09-09,0.08,0.1214,0.2684,0.4201,0.5727,0.7242,0.8737,1.0202,1.1633,1.3028,1.4384
2021-09-10,0.08,0.1301,0.2816,0.436,0.5904,0.7431,0.8933,1.0404,1.1839,1.3236,1.4594
2021-09-13,0.08,0.1284,0.2772,0.4303,0.584,0.7364,0.8864,1.0334,1.1769,1.3167,1.4525
2021-09-14,0.08,0.1202,0.2647,0.4137,0.5639,0.7134,0.8612,1.0064,1.1485,1.2872,1.4221
2021-09-15,0.08,0.1251,0.2733,0.4234,0.5737,0.723,0.8703,1.0151,1.1567,1.295,1.4296
2021-09-16,0.08,0.1329,0.289,0.4438,0.597,0.748,0.8965,1.0421,1.1843,1.3229,1.4578
2021-09-17,0.08,0.1405,0.3054,0.4659,0.6228,0.7764,0.9267,1.0735,1.2166,1.3559,1.4913
2021-09-20,0.08,0.1295,0.2881,0.4443,0.5981,0.7496,0.8983,1.044,1.1862,1.3249,1.4598
2021-09-21,0.08,0.1272,0.2876,0.4445,0.5986,0.75,0.8986,1.0441,1.1863,1.3249,1.4597
2021-09-22,0.08,0.1321,0.2958,0.4531,0.6065,0.757,0.9046,1.0492,1.1905,1.3284,1.4626
2021-09-23,0.08,0.155,0.3367,0.5041,0.6633,0.8172,0.9669,1.1128,1.255,1.3933,1.5278
2021-09-24,0.08,0.167,0.3619,0.5381,0.7034,0.8615,1.0143,1.1624,1.3062,1.4457,1.5811
2021-09-27,0.08,0.1719,0.3737,0.5554,0.725,0.8864,1.0417,1.1918,1.3371,1.4778,1.614
2021-09-28,0.08,0.1765,0.386,0.5753,0.7515,0.9184,1.0781,1.2316,1.3796,1.5225,1.6604
2021-09-29,0.08,0.1669,0.3768,0.57,0.7508,0.9221,1.0856,1.2423,1.393,1.538,1.6776
2021-09-30,0.08,0.1555,0.3596,0.5517,0.7335,0.9064,1.0715,1.2297,1.3817,1.5278,1.6685
2021-10-01,0.08,0.14,0.3324,0.5194,0.699,0.8712,1.0363,1.1948,1.3471,1.4937,1.6348
2021-10-04,0.08,0.1454,0.3361,0.5223,0.7016,0.8736,1.0386,1.1971,1.3494,1.496,1.6371
2021-10-05,0.08,0.1555,0.352,0.5426,0.7251,0.8995,1.0664,1.2262,1.3796,1.527,1.6686
2021-10-06,0.08,0.1584,0.3565,0.548,0.731,0.9058,1.0729,1.2329,1.3863,1.5337,1.6755
2021-10-07,0.08,0.1703,0.3757,0.5721,0.7586,0.9358,1.1046,1.2658,1.4202,1.5683,1.7105
2021-10-08,0.08,0.18,0.3925,0.594,0.7842,0.9642,1.135,1.2978,1.4533,1.6022,1.7451
2021-10-12,0.08,0.188,0.4041,0.606,0.7954,0.9741,1.1438,1.3054,1.46,1.6081,1.7502
2021-10-13,0.08,0.1945,0.4139,0.6143,0.8007,0.9761,1.1426,1.3017,1.454,1.6003,1.7409
2021-10-14,0.08,0.1884,0.4034,0.599,0.7808,0.9523,1.1158,1.2723,1.4227,1.5674,1.7069
2021-10-15,0.08,0.2145,0.4447,0.6456,0.8285,0.9994,1.1614,1.3164,1.4653,1.6086,1.7468
2021-10-18,0.08,0.2294,0.469,0.6722,0.8544,1.0236,1.1837,1.3368,1.484,1.6259,1.7628
2021-10-19,0.08,0.2309,0.4791,0.6882,0.8744,1.0464,1.2086,1.3631,1.5115,1.6542,1.7918
2021-10-20,0.08,0.2171,0.4665,0.6788,0.8686,1.0439,1.2089,1.3659,1.5161,1.6604,1.7993
2021-10-21,0.08,0.2454,0.5074,0.7247,0.9159,1.0911,1.2553,1.4113,1.5606,1.704,1.842
2021-10-22,0.08,0.2573,0.5222,0.7376,0.9255,1.0972,1.2582,1.4114,1.5584,1.6998,1.8362
2021-10-25,0.08,0.2505,0.5122,0.7246,0.91,1.0796,1.239,1.391,1.537,1.6777,1.8135
2021-10-26,0.08,0.2531,0.5149,0.7252,0.9079,1.075,1.2321,1.3822,1.5267,1.6661,1.8009
2021-10-27,0.08,0.2544,0.5093,0.7106,0.8847,1.0443,1.1953,1.3404,1.4809,1.6172,1.7494
2021-10-28,0.08,0.2655,0.5265,0.7287,0.9016,1.0594,1.2085,1.3519,1.4908,1.6258,1.757
2021-10-29,0.08,0.2648,0.5272,0.729,0.9011,1.0578,1.206,1.3486,1.4868,1.6212,1.7519
2021-11-01,0.08,0.2776,0.5478,0.7519,0.9238,1.0795,1.2263,1.3675,1.5046,1.6379,1.7677
2021-11-02,0.08,0.2614,0.524,0.7242,0.8941,1.0488,1.1952,1.3362,1.4733,1.6067,1.7366
2021-11-03,0.08,0.2736,0.5425,0.7456,0.9168,1.072,1.2185,1.3595,1.4964,1.6296,1.7593
2021-11-04,0.08,0.2442,0.4983,0.6942,0.8619,1.0156,1.1615,1.3024,1.4394,1.5729,1.7029
2021-11-05,0.08,0.2283,0.4657,0.651,0.8118,0.9607,1.1032,1.2418,1.3771,1.5094,1.6386
2021-11-08,0.08,0.2582,0.5058,0.6942,0.855,1.0028,1.1438,1.2808,1.4147,1.5457,1.6737
2021-11-09,0.08,0.2434,0.4853,0.669,0.8261,0.971,1.1099,1.2452,1.3779,1.5079,1.6352
2021-11-10,0.08,0.2946,0.5631,0.7578,0.9185,1.0638,1.2016,1.3354,1.4663,1.5946,1.7204
2021-11-12,0.08,0.3096,0.5911,0.7907,0.953,1.0981,1.2352,1.368,1.498,1.6255,1.7504
2021-11-15,0.08,0.3157,0.6089,0.8152,0.9812,1.1286,1.2672,1.4009,1.5315,1.6593,1.7844
2021-11-16,0.08,0.3156,0.6137,0.8234,0.9917,1.1408,1.2806,1.4152,1.5464,1.6747,1.8003
2021-11-17,0.08,0.305,0.6006,0.8091,0.977,1.1259,1.2657,1.4004,1.5318,1.6602,1.7859
2021-11-18,0.08,0.2986,0.5906,0.7969,0.9634,1.1115,1.2506,1.3848,1.5159,1.6441,1.7696
2021-11-19,0.08,0.3014,0.5912,0.7934,0.9556,1.0998,1.2357,1.3674,1.4963,1.6229,1.747
2021-11-22,0.08,0.3426,0.6532,0.8635,1.0281,1.1722,1.3069,1.4371,1.5644,1.6895,1.8122
2021-11-23,0.08,0.3495,0.6686,0.8842,1.0522,1.1985,1.3347,1.4659,1.5939,1.7195,1.8426
2021-11-24,0.08,0.3566,0.6784,0.8938,1.0607,1.2056,1.3405,1.4705,1.5975,1.7222,1.8446
2021-11-26,0.08,0.305,0.5923,0.7889,0.9451,1.0837,1.2149,1.3427,1.4685,1.5925,1.7146
2021-11-29,0.08,0.3085,0.5898,0.7828,0.9368,1.0742,1.2045,1.3317,1.4571,1.5808,1.7027
2021-11-30,0.08,0.3071,0.5784,0.7625,0.9092,1.0407,1.1664,1.29,1.4125,1.534,1.6541
2021-12-01,0.08,0.3305,0.603,0.7829,0.9238,1.0495,1.1701,1.2894,1.4084,1.5269,1.6447
2021-12-02,0.08,0.3592,0.6438,0.8238,0.9604,1.0806,1.1958,1.3102,1.4251,1.5401,1.6549
2021-12-03,0.08,0.3525,0.6279,0.7973,0.924,1.0358,1.1442,1.2532,1.3637,1.4753,1.5874
2021-12-06,0.08,0.3893,0.6779,0.8498,0.9749,1.0836,1.1886,1.2944,1.4021,1.5112,1.6212
2021-12-07,0.08,0.4268,0.731,0.907,1.0313,1.1374,1.2393,1.3421,1.447,1.5538,1.6617
2021-12-08,0.08,0.4321,0.7441,0.9232,1.0484,1.1545,1.2561,1.3584,1.4628,1.5691,1.6766
2021-12-09,0.08,0.4302,0.7455,0.9241,1.0474,1.1514,1.2509,1.3514,1.4544,1.5594,1.6659
2021-12-10,0.08,0.4263,0.7425,0.9207,1.0433,1.1464,1.2451,1.345,1.4474,1.552,1.6581
2021-12-13,0.08,0.4106,0.7215,0.8951,1.0138,1.1139,1.2103,1.3083,1.4093,1.5129,1.6181
2021-12-14,0.08,0.42,0.7346,0.9083,1.0259,1.1244,1.2193,1.316,1.4158,1.5184,1.6228
2021-12-15,0.08,0.4383,0.7602,0.9362,1.0538,1.1516,1.2453,1.3409,1.4397,1.5414,1.645
2021-12-16,0.08,0.4161,0.7272,0.8983,1.0139,1.111,1.2047,1.3006,1.3998,1.5019,1.6059
2021-12-17,0.08,0.4175,0.725,0.8927,1.0053,1.1,1.1918,1.2862,1.3841,1.4853,1.5886
2021-12-20,0.08,0.4218,0.7238,0.889,1.0006,1.0948,1.1865,1.2809,1.3789,1.4802,1.5836
2021-12-21,0.08,0.4446,0.7556,0.9253,1.0392,1.1347,1.227,1.3216,1.4197,1.5209,1.6242
2021-12-22,0.08,0.4427,0.7534,0.9236,1.0383,1.1344,1.2274,1.3225,1.4211,1.5227,1.6263
2021-12-23,0.08,0.4647,0.7805,0.9524,1.0672,1.163,1.2552,1.3497,1.4476,1.5485,1.6515
2021-12-27,0.08,0.4775,0.7956,0.9662,1.0785,1.1715,1.2614,1.3537,1.4499,1.5493,1.6512
2021-12-28,0.08,0.4802,0.7994,0.9694,1.0804,1.1722,1.2609,1.3522,1.4475,1.5462,1.6475
2021-12-29,0.08,0.4845,0.8137,0.9906,1.1065,1.2018,1.293,1.3862,1.4829,1.5828,1.6848
2021-12-30,0.08,0.476,0.803,0.9791,1.095,1.1905,1.2819,1.3755,1.4724,1.5725,1.6748
2021-12-31,0.08,0.4729,0.7969,0.9719,1.0875,1.1831,1.2748,1.3686,1.4658,1.5661,1.6686
2022-01-03,0.08,0.5119,0.8522,1.0378,1.1605,1.261,1.3562,1.4524,1.5513,1.6529,1.7562
2022-01-04,0.08,0.5095,0.8531,1.045,1.1742,1.2804,1.3804,1.4806,1.5828,1.6869,1.7923
2022-01-05,0.08,0.532,0.8868,1.0854,1.2189,1.3279,1.4298,1.5313,1.6344,1.7391,1.8449
2022-01-06,0.08,0.5585,0.9249,1.1283,1.2634,1.3726,1.474,1.5748,1.6771,1.7811,1.8862
2022-01-07,0.08,0.5698,0.9449,1.154,1.293,1.4049,1.5083,1.6104,1.7137,1.8184,1.9241
2022-01-10,0.08,0.5956,0.9739,1.1837,1.3223,1.4334,1.5359,1.6373,1.7398,1.8439,1.9489
2022-01-11,0.08,0.5951,0.9709,1.1785,1.3153,1.4251,1.5265,1.6269,1.7288,1.8324,1.937
2022-01-12,0.08,0.598,0.9721,1.1772,1.3116,1.4191,1.5187,1.6177,1.7184,1.8209,1.9248
2022-01-13,0.08,0.5904,0.9573,1.1574,1.2882,1.3932,1.4909,1.5885,1.6881,1.7899,1.8932
2022-01-14,0.08,0.6337,1.0159,1.2212,1.3527,1.4565,1.5525,1.6482,1.746,1.8461,1.948
2022-01-18,0.08,0.6927,1.091,1.3028,1.4364,1.5403,1.6355,1.7301,1.8268,1.9258,2.0265
2022-01-19,0.08,0.6962,1.0923,1.3019,1.4335,1.5357,1.6295,1.723,1.8188,1.917,2.0172
2022-01-20,0.08,0.7053,1.1005,1.3075,1.4361,1.5358,1.6273,1.7189,1.8132,1.9102,2.0093
2022-01-21,0.08,0.6816,1.0627,1.261,1.3842,1.4802,1.5693,1.6593,1.7524,1.8487,1.9472
2022-01-24,0.08,0.6802,1.0499,1.2434,1.3648,1.4605,1.5498,1.6403,1.7339,1.8307,1.9297
2022-01-25,0.08,0.6983,1.07,1.2642,1.3857,1.4812,1.5703,1.6605,1.7539,1.8504,1.9492
2022-01-26,0.08,0.7453,1.1379,1.3396,1.4627,1.5572,1.6443,1.7323,1.8235,1.918,2.0151
2022-01-27,0.08,0.7799,1.1782,1.3754,1.4908,1.5773,1.6571,1.7388,1.8248,1.915,2.0085
2022-01-28,0.08,0.7817,1.1758,1.3656,1.4733,1.553,1.6271,1.7041,1.7864,1.8735,1.9646
2022-01-31,0.08,0.8099,1.1999,1.3841,1.4863,1.5611,1.6312,1.705,1.7845,1.8694,1.9587
2022-02-01,0.08,0.8171,1.2109,1.3949,1.4954,1.5681,1.6362,1.7082,1.7862,1.8699,1.9581
2022-02-02,0.08,0.8072,1.1999,1.3816,1.4799,1.5506,1.617,1.6876,1.7645,1.8474,1.9349
2022-02-03,0.08,0.8293,1.2302,1.4145,1.5128,1.5827,1.6479,1.7172,1.793,1.8749,1.9615
2022-02-04,0.08,0.909,1.3346,1.5266,1.6251,1.6923,1.7539,1.8195,1.8919,1.9706,2.0544
2022-02-07,0.08,0.931,1.3538,1.5425,1.638,1.7025,1.7619,1.8257,1.8966,1.9741,2.0569
2022-02-08,0.08,0.959,1.3911,1.5823,1.6775,1.7405,1.7981,1.8602,1.9295,2.0057,2.0873
2022-02-09,0.08,0.9698,1.4076,1.5989,1.692,1.7525,1.8075,1.8674,1.9348,2.0093,2.0896
2022-02-10,0.08,1.1144,1.5696,1.7582,1.8414,1.8902,1.9341,1.984,2.0429,2.1101,2.1842
2022-02-11,0.08,1.1032,1.542,1.7169,1.7892,1.8295,1.8669,1.9118,1.9666,2.0308,2.1025
2022-02-14,0.08,1.1679,1.6092,1.7794,1.8449,1.8783,1.9095,1.9491,1.9995,2.06,2.1286
2022-02-15,0.08,1.1771,1.6295,1.8051,1.873,1.9074,1.9389,1.9785,2.0287,2.089,2.1573
2022-02-16,0.08,1.1456,1.5982,1.7757,1.8461,1.8829,1.9164,1.9578,2.0096,2.0711,2.1405
2022-02-17,0.08,1.1101,1.5556,1.7304,1.7999,1.8368,1.8709,1.9128,1.9652,2.0273,2.0973
2022-02-18,0.08,1.0933,1.5337,1.7043,1.7707,1.8051,1.8374,1.8779,1.9293,1.9906,2.06
2022-02-22,0.08,1.1364,1.5773,1.7432,1.8036,1.8322,1.8592,1.8954,1.9431,2.0014,2.0683
2022-02-23,0.08,1.1568,1.6085,1.7779,1.8384,1.8659,1.8915,1.9262,1.9724,2.0295,2.0953
2022-02-24,0.08,1.1222,1.5772,1.7485,1.8102,1.8385,1.8647,1.8998,1.9465,2.0038,2.0699
2022-02-25,0.08,1.139,1.6005,1.7728,1.8334,1.8598,1.8839,1.9172,1.9623,2.0183,2.0832
2022-02-28,0.08,1.0845,1.5129,1.6688,1.7215,1.7442,1.7668,1.7997,1.8449,1.9013,1.9668
2022-03-01,0.08,0.9983,1.3953,1.5375,1.5849,1.6062,1.6293,1.6633,1.7101,1.7681,1.8352
2022-03-02,0.08,1.0805,1.5056,1.6574,1.7061,1.7254,1.7452,1.7758,1.8192,1.8742,1.9386
2022-03-03,0.08,1.1114,1.5404,1.6904,1.7355,1.7508,1.7669,1.7943,1.835,1.8877,1.9502
2022-03-04,0.08,1.0866,1.501,1.638,1.6723,1.6791,1.6886,1.7108,1.7475,1.7971,1.8571
2022-03-07,0.08,1.1312,1.5483,1.6818,1.7107,1.7119,1.7163,1.7342,1.7673,1.8138,1.8714
2022-03-08,0.08,1.1774,1.6178,1.7588,1.7881,1.7872,1.7885,1.8031,1.8332,1.8771,1.9323
2022-03-09,0.08,1.218,1.6779,1.8259,1.8569,1.8551,1.8548,1.8676,1.8958,1.9379,1.9916
2022-03-10,0.08,1.2448,1.7225,1.8779,1.9113,1.9098,1.9087,1.9205,1.9476,1.9887,2.0413
2022-03-11,0.08,1.2687,1.7577,1.9162,1.9493,1.9462,1.9432,1.953,1.9783,2.0178,2.0691
2022-03-14,0.08,1.3506,1.8643,2.0335,2.0705,2.0683,2.0647,2.0734,2.0973,2.1355,2.1854
2022-03-15,0.08,1.3677,1.8862,2.0578,2.0961,2.0944,2.0912,2.0999,2.1239,2.162,2.2117
2022-03-16,0.08,1.4069,1.9455,2.1235,2.1623,2.1587,2.1528,2.1588,2.1802,2.216,2.2638
2022-03-17,0.08,1.3994,1.9521,2.1359,2.1769,2.1738,2.1676,2.173,2.1938,2.229,2.2762
2022-03-18,0.08,1.4068,1.9615,2.1402,2.1741,2.164,2.1515,2.1518,2.1682,2.1998,2.2442
2022-03-21,0.08,1.5313,2.1125,2.2986,2.3314,2.3173,2.2998,2.2951,2.307,2.3346,2.3753
2022-03-22,0.08,1.5799,2.1807,2.3734,2.4074,2.3919,2.3723,2.3653,2.375,2.4005,2.4394
2022-03-23,0.33,1.5634,2.1624,2.353,2.3848,2.3675,2.3465,2.3384,2.3472,2.3721,2.4104
2022-03-24,0.33,1.5762,2.1804,2.3718,2.4028,2.3842,2.3618,2.3523,2.3599,2.3837,2.4212
2022-03-25,0.33,1.6652,2.3039,2.5092,2.5446,2.526,2.5019,2.4901,2.4952,2.5167,2.552
2022-03-28,0.33,1.7163,2.3554,2.5549,2.5828,2.557,2.5264,2.5092,2.5098,2.5275,2.5596
2022-03-29,0.33,1.7178,2.3526,2.5438,2.563,2.5294,2.4923,2.4696,2.4659,2.4801,2.5095
2022-03-30,0.33,1.7006,2.3269,2.5096,2.5214,2.4817,2.4398,2.4133,2.4066,2.4185,2.446
2022-03-31,0.33,1.6868,2.3095,2.4871,2.494,2.45,2.4045,2.3752,2.3662,2.3763,2.4024
2022-04-01,0.33,1.7566,2.4058,2.588,2.5907,2.5396,2.4865,2.4502,2.435,2.4397,2.4613
2022-04-04,0.33,1.8022,2.4471,2.6249,2.6236,2.5691,2.5133,2.4746,2.4576,2.4608,2.481
2022-04-05,0.33,1.8539,2.5211,2.7097,2.7136,2.6614,2.6064,2.5679,2.5506,2.5533,2.573
2022-04-06,0.33,1.8694,2.5445,2.7403,2.7503,2.7031,2.652,2.6166,2.6017,2.6063,2.6274
2022-04-07,0.33,1.8619,2.5394,2.7432,2.7621,2.7231,2.679,2.6494,2.6392,2.6476,2.6718
2022-04-08,0.33,1.89,2.5774,2.7894,2.8149,2.7811,2.741,2.7144,2.7066,2.7168,2.7424
2022-04-11,0.33,1.9116,2.5924,2.8074,2.839,2.8118,2.7777,2.7563,2.7527,2.7663,2.7948
2022-04-12,0.33,1.8458,2.4977,2.7077,2.7437,2.724,2.698,2.6841,2.6871,2.7064,2.7397
2022-04-13,0.33,1.8188,2.4546,2.6629,2.703,2.6892,2.6691,2.6604,2.668,2.6912,2.7277
2022-04-14,0.33,1.8733,2.5232,2.7426,2.7911,2.7835,2.7681,2.763,2.7733,2.7985,2.8364
2022-04-18,0.33,1.89,2.5349,2.7567,2.81,2.8076,2.7969,2.7958,2.8094,2.8373,2.8775
2022-04-19,0.33,1.946,2.6093,2.8401,2.8978,2.8974,2.8875,2.8865,2.8999,2.9274,2.9671
2022-04-20,0.33,1.9495,2.6066,2.8313,2.8838,2.8791,2.8658,2.8622,2.8734,2.8993,2.9376
2022-04-21,0.33,1.9956,2.6672,2.8952,2.9463,2.9386,2.9219,2.915,2.9234,2.9467,2.9828
2022-04-22,0.33,2.0183,2.6939,2.9195,2.966,2.9535,2.9323,2.9216,2.9267,2.9474,2.9813
2022-04-25,0.33,2.0186,2.66,2.8666,2.9022,2.8831,2.8579,2.8446,2.848,2.8676,2.9009
2022-04-26,0.33,1.9806,2.6036,2.8019,2.8341,2.8139,2.7887,2.7758,2.7799,2.8002,2.8342
2022-04-27,0.33,1.9836,2.6114,2.8128,2.8471,2.8283,2.8041,2.7921,2.7967,2.8174,2.8517
2022-04-28,0.33,2.0036,2.6449,2.8518,2.888,2.8695,2.8449,2.8321,2.8359,2.8559,2.8894
2022-04-29,0.33,2.047,2.7049,2.917,2.9533,2.933,2.906,2.8907,2.8922,2.9101,2.9419
2022-05-02,0.33,2.0961,2.7652,2.9836,3.0237,3.0056,2.9798,2.9653,2.9673,2.9853,3.0171
2022-05-03,0.33,2.1153,2.7888,3.0071,3.0452,3.0249,2.9969,2.9804,2.9806,2.9972,3.0278
2022-05-04,0.33,2.0732,2.734,2.9487,2.9874,2.9689,2.9432,2.929,2.9314,2.9498,2.982
2022-05-05,0.33,2.0782,2.7612,2.991,3.0401,3.0291,3.0088,2.9986,3.0039,3.0246,3.0585
2022-05-06,0.33,2.09,2.7902,3.0328,3.0915,3.0876,3.0727,3.0665,3.0749,3.0979,3.1335
2022-05-09,0.33,2.0441,2.7153,2.9508,3.0113,3.0126,3.0036,3.0031,3.0166,3.0441,3.0836
2022-05-10,0.33,2.0312,2.6856,2.9137,2.9711,2.9715,2.9625,2.9625,2.9765,3.0046,3.0447
2022-05-11,0.83,2.031,2.6727,2.8924,2.9442,2.9405,2.9287,2.9266,2.9391,2.9661,3.0053
2022-05-12,0.83,2.0024,2.6156,2.8225,2.869,2.8636,2.8517,2.8502,2.8637,2.8916,2.9318
2022-05-13,0.83,2.0437,2.6563,2.865,2.9139,2.9107,2.9008,2.9008,2.9155,2.9444,2.9854
2022-05-16,0.83,2.0514,2.6369,2.8338,2.8782,2.8738,2.8641,2.8649,2.8806,2.9106,2.9524
2022-05-17,0.83,2.1149,2.7136,2.9155,2.9611,2.9564,2.9456,2.9453,2.9597,2.9883,3.0291
2022-05-18,0.83,2.0995,2.6875,2.8819,2.9222,2.9137,2.9001,2.8976,2.9105,2.938,2.9779
2022-05-19,0.83,2.0713,2.6466,2.835,2.8726,2.863,2.8491,2.8467,2.8599,2.8878,2.9281
2022-05-20,0.83,2.0435,2.6078,2.7905,2.8251,2.8139,2.7992,2.7965,2.8095,2.8374,2.8778
2022-05-23,0.83,2.0825,2.6523,2.8383,2.8749,2.8649,2.851,2.8487,2.8619,2.89,2.9303
2022-05-24,0.83,2.022,2.5661,2.7434,2.7787,2.7705,2.7594,2.7602,2.7764,2.807,2.8498
2022-05-25,0.83,2.0095,2.5408,2.7126,2.7459,2.7373,2.7265,2.7278,2.7446,2.7759,2.8193
2022-05-26,0.83,1.9929,2.5159,2.6873,2.7233,2.7181,2.7108,2.7152,2.7347,2.7682,2.8135
2022-05-27,0.83,1.9959,2.5154,2.6865,2.7235,2.7197,2.7137,2.7193,2.7398,2.7742,2.8202
2022-05-31,0.83,2.0548,2.5788,2.7546,2.7954,2.7947,2.7911,2.7985,2.8203,2.8557,2.9024
2022-06-01,0.83,2.1194,2.6661,2.8516,2.8961,2.8962,2.8922,2.8986,2.9193,2.9534,2.9988
2022-06-02,0.83,2.1326,2.6799,2.8644,2.9075,2.9062,2.9008,2.9062,2.9259,2.9592,3.004
2022-06-03,0.83,2.1601,2.7093,2.894,2.9364,2.9343,2.928,2.9325,2.9515,2.9843,3.0285
2022-06-06,0.83,2.2183,2.7762,2.9651,3.0094,3.008,3.002,3.0063,3.025,3.0573,3.1011
2022-06-07,0.83,2.2294,2.7777,2.9598,2.9994,2.9946,2.9861,2.9885,3.0058,3.037,3.0799
2022-06-08,0.83,2.2584,2.8088,2.9908,3.0294,3.0233,3.0135,3.0149,3.0311,3.0615,3.1036
2022-06-09,0.83,2.2925,2.8469,3.0278,3.0635,3.0541,3.0412,3.0399,3.0538,3.0822,3.1227
2022-06-10,0.83,2.443,3.0249,3.2089,3.2382,3.2194,3.1968,3.1865,3.1925,3.2141,3.2487
2022-06-13,0.83,2.7257,3.3371,3.5231,3.5436,3.5127,3.4777,3.4561,3.4521,3.4648,3.4918
2022-06-14,0.83,2.8837,3.4877,3.6618,3.6701,3.6283,3.584,3.5545,3.5439,3.5512,3.5736
2022-06-15,0.83,2.7994,3.356,3.5098,3.5104,3.4668,3.4233,3.3958,3.3875,3.3971,3.4218
2022-06-16,0.83,2.7328,3.2806,3.43,3.4285,3.384,3.3403,3.3127,3.3047,3.3148,3.3398
2022-06-17,0.83,2.7364,3.2843,3.4313,3.4269,3.3795,3.3332,3.3036,3.2938,3.3024,3.3263
2022-06-21,0.83,2.7962,3.3347,3.4764,3.4687,3.4192,3.3716,3.3409,3.3303,3.3383,3.3616
2022-06-22,1.58,2.7377,3.2437,3.3695,3.3542,3.3013,3.2522,3.2212,3.2109,3.2193,3.2434
2022-06-23,1.58,2.7014,3.1774,3.2899,3.2692,3.2145,3.1654,3.1352,3.1259,3.1356,3.1607
2022-06-24,1.58,2.7263,3.1878,3.2949,3.2729,3.2186,3.1705,3.1414,3.1332,3.1438,3.1697
2022-06-27,1.58,2.7875,3.244,3.3496,3.3277,3.274,3.2265,3.198,3.1903,3.2012,3.2274
2022-06-28,1.58,2.806,3.2559,3.3597,3.3379,3.2851,3.2387,3.2111,3.2043,3.2159,3.2427
2022-06-29,1.58,2.7793,3.2067,3.2999,3.2733,3.2185,3.1716,3.1441,3.1377,3.1499,3.1772
2022-06-30,1.58,2.7085,3.1061,3.1867,3.1555,3.0998,3.0537,3.0277,3.0229,3.0367,3.0657
2022-07-01,1.58,2.6465,3.0085,3.0723,3.0334,2.9744,2.9272,2.9013,2.8971,2.9118,2.9417
2022-07-05,1.58,2.6641,2.985,3.0299,2.9827,2.9207,2.8727,2.8471,2.8436,2.8592,2.8901
2022-07-06,1.58,2.7446,3.0738,3.1206,3.0726,3.0086,2.9585,2.9307,2.9253,2.9392,2.9684
2022-07-07,1.58,2.802,3.1411,3.1923,3.146,3.0824,3.0321,3.0039,2.9979,3.0111,3.0398
2022-07-08,1.58,2.8662,3.221,3.2781,3.2334,3.1696,3.1182,3.0886,3.0812,3.093,3.1204
2022-07-11,1.58,2.895,3.2088,3.2453,3.1902,3.121,3.0669,3.036,3.0281,3.0397,3.0671
2022-07-12,1.58,2.9014,3.1841,3.2057,3.1436,3.0713,3.016,2.9848,2.977,2.989,3.0168
2022-07-13,1.58,2.9891,3.237,3.2361,3.159,3.0762,3.0133,2.9765,2.9644,2.9731,2.9983
2022-07-14,1.58,3.0238,3.2602,3.2541,3.1746,3.0908,3.0276,2.9907,2.9787,2.9875,3.0128
2022-07-15,1.58,3.0225,3.2507,3.2408,3.1598,3.0755,3.0122,2.9755,2.9636,2.9726,2.9982
2022-07-18,1.58,3.0593,3.269,3.252,3.1687,3.0844,3.0219,2.9863,2.9755,2.9855,3.0119
2022-07-19,1.58,3.1081,3.315,3.2974,3.2145,3.1307,3.0688,3.0336,3.0232,3.0334,3.0598
2022-07-20,1.58,3.1313,3.3425,3.3273,3.2458,3.1629,3.1015,3.0666,3.0563,3.0666,3.0931
2022-07-21,1.58,3.0448,3.2244,3.1969,3.1118,3.0293,2.9698,2.9373,2.9296,2.9423,2.971
2022-07-22,1.58,2.9702,3.1117,3.0687,2.9785,2.8956,2.8377,2.8075,2.8023,2.8174,2.8484
2022-07-25,1.58,3.005,3.1241,3.072,2.9789,2.8956,2.8385,2.8095,2.8054,2.8216,2.8535
2022-07-26,1.58,3.0078,3.1237,3.0703,2.9767,2.8933,2.8362,2.8074,2.8034,2.8197,2.8518
2022-07-27,1.58,2.9558,3.0695,3.017,2.9254,2.8443,2.7894,2.7624,2.7601,2.7778,2.8112
2022-07-28,1.58,2.8821,2.9748,2.9145,2.8211,2.7407,2.6874,2.6625,2.6622,2.6819,2.7169
2022-07-29,1.58,2.8771,2.9672,2.9049,2.8099,2.7282,2.6741,2.6484,2.6476,2.6669,2.7016
2022-08-01,1.58,2.8942,2.9605,2.884,2.7802,2.693,2.635,2.6068,2.6041,2.622,2.6558
2022-08-02,1.58,2.9871,3.0806,3.013,2.9103,2.8207,2.7594,2.7275,2.7214,2.7362,2.7671
2022-08-03,2.33,3.0124,3.1169,3.0499,2.9435,2.8492,2.7832,2.7471,2.7374,2.7491,2.7775
2022-08-04,2.33,2.9824,3.0789,3.0056,2.8944,2.7966,2.7278,2.6897,2.6785,2.689,2.7166
2022-08-05,2.33,3.1004,3.2293,3.1642,3.0512,2.9476,2.8723,2.8277,2.8106,2.816,2.8391
2022-08-08,2.33,3.1326,3.2484,3.172,3.0498,2.9389,2.8577,2.8085,2.7878,2.7904,2.8111
2022-08-09,2.33,3.1734,3.2924,3.2131,3.0861,2.9702,2.8845,2.8315,2.8075,2.8073,2.8257
2022-08-10,2.33,3.1572,3.2724,3.1914,3.0636,2.9474,2.8617,2.8087,2.7848,2.7848,2.8034
2022-08-11,2.33,3.1499,3.2814,3.212,3.0926,2.9826,2.9014,2.8519,2.8307,2.8327,2.8528
2022-08-12,2.33,3.1529,3.2859,3.2167,3.0971,2.9867,2.9051,2.8552,2.8337,2.8353,2.8553
2022-08-15,2.33,3.144,3.2562,3.1779,3.0547,2.9432,2.8617,2.8124,2.7916,2.794,2.8147
2022-08-16,2.33,3.1601,3.2742,3.1965,3.0732,2.9614,2.8796,2.8298,2.8087,2.8108,2.8312
2022-08-17,2.33,3.1927,3.3243,3.2549,3.1353,3.0251,2.9437,2.8939,2.8723,2.874,2.8939
2022-08-18,2.33,3.1789,3.3089,3.2407,3.1234,3.0156,2.9364,2.8885,2.8685,2.8715,2.8925
2022-08-19,2.33,3.2046,3.3465,3.2884,3.1792,3.0777,3.0033,2.9591,2.9421,2.9473,2.9699
2022-08-22,2.33,3.2579,3.402,3.3471,3.241,3.1421,3.0699,3.0274,3.0115,3.0176,3.041
2022-08-23,2.33,3.2566,3.3996,3.3487,3.2479,3.1542,3.0865,3.0478,3.0352,3.0439,3.0693
2022-08-24,2.33,3.2987,3.4485,3.402,3.3041,3.2124,3.1461,3.1083,3.0963,3.1053,3.1309
2022-08-25,2.33,3.2894,3.4234,3.3694,3.268,3.1748,3.108,3.0701,3.0582,3.0675,3.0934
2022-08-26,2.33,3.3085,3.4431,3.3888,3.2868,3.1929,3.1254,3.087,3.0746,3.0834,3.109
2022-08-29,2.33,3.364,3.4946,3.4395,3.338,3.245,3.1784,3.1408,3.129,3.1383,3.1642
2022-08-30,2.33,3.3897,3.5169,3.4597,3.3568,3.2628,3.1954,3.1572,3.1449,3.1538,3.1793
2022-08-31,2.33,3.4001,3.5281,3.4728,3.3721,3.2801,3.2145,3.1776,3.1664,3.1762,3.2024
2022-09-01,2.33,3.4381,3.5833,3.5392,3.4461,3.3593,3.2972,3.2629,3.2536,3.2647,3.2918
2022-09-02,2.33,3.3975,3.5304,3.485,3.3947,3.3121,3.2544,3.2241,3.2181,3.2322,3.2618
2022-09-06,2.33,3.4573,3.5987,3.5608,3.4765,3.3987,3.3445,3.3169,3.3131,3.3286,3.3593
2022-09-07,2.33,3.4522,3.5756,3.5312,3.4457,3.3686,3.3161,3.2903,3.2881,3.3051,3.3372
2022-09-08,2.33,3.476,3.5963,3.5503,3.4638,3.3861,3.3331,3.3069,3.3045,3.3213,3.3532
2022-09-09,2.33,3.5288,3.6538,3.6066,3.5169,3.4356,3.3792,3.35,3.3449,3.3595,3.3895
2022-09-12,2.33,3.5726,3.6893,3.6379,3.546,3.4635,3.4064,3.3767,3.3713,3.3857,3.4154
2022-09-13,2.33,3.7023,3.8177,3.7576,3.6551,3.5625,3.4965,3.4593,3.4475,3.4566,3.4818
2022-09-14,2.33,3.7546,3.8699,3.8022,3.6905,3.589,3.5152,3.4714,3.4542,3.4587,3.4802
2022-09-15,2.33,3.8043,3.9344,3.8676,3.7514,3.6438,3.564,3.5148,3.4929,3.4935,3.5116
2022-09-16,2.33,3.8093,3.9427,3.8735,3.7531,3.6412,3.5574,3.5047,3.48,3.4782,3.4944
2022-09-19,2.33,3.8876,4.0165,3.94,3.8122,3.6935,3.604,3.5466,3.5179,3.5128,3.5263
2022-09-20,2.33,3.9275,4.0668,3.9955,3.8702,3.7527,3.6636,3.6063,3.5775,3.5722,3.5853
2022-09-21,2.33,3.9501,4.0954,4.0202,3.8879,3.763,3.6671,3.604,3.5703,3.561,3.5708
2022-09-22,2.33,4.0038,4.1903,4.1346,4.0111,3.8899,3.7952,3.732,3.6976,3.6873,3.6961
2022-09-23,2.33,4.0287,4.2457,4.1971,4.071,3.9438,3.8424,3.7728,3.7328,3.7176,3.7223
2022-09-26,2.33,4.1372,4.3879,4.3524,4.2301,4.1025,3.999,3.9267,3.884,3.8662,3.8683
2022-09-27,2.33,4.1653,4.4422,4.421,4.3067,4.1837,4.0829,4.0123,3.9705,3.9532,3.9556
2022-09-28,3.08,4.058,4.2849,4.2423,4.1199,3.9952,3.8954,3.8269,3.7876,3.7729,3.7779
2022-09-29,3.08,4.0646,4.292,4.2493,4.1266,4.0015,3.9014,3.8325,3.793,3.7781,3.7828
2022-09-30,3.08,4.0968,4.3413,4.3061,4.1862,4.0618,3.9614,3.8919,3.8516,3.8359,3.8398
2022-10-03,3.08,4.0715,4.2756,4.2193,4.0883,3.9579,3.8542,3.783,3.7419,3.7258,3.7297
2022-10-04,3.08,4.0589,4.2384,4.1683,4.0293,3.894,3.7873,3.7142,3.6717,3.6548,3.6583
2022-10-05,3.08,4.1052,4.2998,4.2396,4.1072,3.9766,3.8732,3.8023,3.7615,3.7457,3.7499
2022-10-06,3.08,4.1464,4.3589,4.3081,4.181,4.0531,3.9513,3.8812,3.8408,3.8252,3.8293
2022-10-07,3.08,4.1884,4.4201,4.3767,4.2514,4.1232,4.02,3.9483,3.9062,3.8891,3.8918
2022-10-11,3.08,4.2488,4.4667,4.4191,4.2938,4.1669,4.0656,3.9957,3.9551,3.9392,3.943
2022-10-12,3.08,4.2538,4.4517,4.3979,4.2722,4.1474,4.0487,3.9815,3.9434,3.9297,3.9352
2022-10-13,3.08,4.3519,4.5489,4.4909,4.3603,4.2308,4.1279,4.0571,4.0159,3.9995,4.0028
2022-10-14,3.08,4.398,4.5949,4.5355,4.4031,4.2717,4.1672,4.0949,4.0525,4.0351,4.0375
2022-10-17,3.08,4.4285,4.5988,4.5299,4.3956,4.2654,4.1632,4.0934,4.0534,4.038,4.0422
2022-10-18,3.08,4.435,4.5759,4.4971,4.3614,4.2332,4.1341,4.0676,4.0306,4.018,4.0245
2022-10-19,3.08,4.5021,4.6499,4.577,4.446,4.3215,4.2252,4.1609,4.1254,4.1138,4.1211
2022-10-20,3.08,4.5519,4.7142,4.651,4.5265,4.4065,4.3134,4.2512,4.2173,4.2068,4.2149
2022-10-21,3.08,4.5009,4.6475,4.5855,4.4683,4.3572,4.2726,4.218,4.1905,4.1854,4.198
2022-10-24,3.08,4.5181,4.6477,4.5851,4.4734,4.3695,4.2919,4.2435,4.2213,4.2207,4.2369
2022-10-25,3.08,4.4834,4.5817,4.5064,4.3906,4.2864,4.2101,4.1636,4.1435,4.1447,4.1627
2022-10-26,3.08,4.4565,4.5357,4.4511,4.331,4.2248,4.1478,4.1012,4.0812,4.0828,4.1012
2022-10-27,3.08,4.4057,4.457,4.3635,4.2427,4.139,4.0656,4.0228,4.0062,4.0109,4.032
2022-10-28,3.08,4.4577,4.5119,4.4195,4.299,4.1953,4.1216,4.0783,4.0613,4.0656,4.0863
2022-10-31,3.08,4.5265,4.5816,4.489,4.3678,4.2633,4.1888,4.1447,4.127,4.1305,4.1505
2022-11-01,3.08,4.5557,4.6067,4.5106,4.3866,4.2798,4.2034,4.1579,4.139,4.1416,4.1608
2022-11-02,3.08,4.587,4.6456,4.5481,4.4196,4.3076,4.2264,4.1766,4.154,4.1535,4.1701
2022-11-03,3.08,4.6336,4.7099,4.6152,4.4834,4.3662,4.2795,4.2247,4.1977,4.1935,4.2069
2022-11-04,3.08,4.6253,4.7092,4.618,4.4878,4.3712,4.2847,4.2298,4.2028,4.1984,4.2117
2022-11-07,3.08,4.6707,4.759,4.6694,4.5394,4.4225,4.3354,4.2799,4.2523,4.2473,4.2599
2022-11-08,3.08,4.6509,4.7236,4.6253,4.4905,4.3707,4.2819,4.2254,4.1971,4.1917,4.2042
2022-11-09,3.83,4.6317,4.6922,4.5905,4.4557,4.3375,4.2507,4.1961,4.1695,4.1657,4.1796
2022-11-10,3.83,4.4713,4.4584,4.3249,4.1782,4.0571,3.9715,3.9199,3.897,3.8969,3.9144
2022-11-14,3.83,4.4893,4.4596,4.3183,4.1681,4.0456,3.9595,3.9079,3.8852,3.8853,3.9031
2022-11-15,3.83,4.465,4.4129,4.2611,4.1062,3.9818,3.8952,3.8437,3.8213,3.822,3.8404
2022-11-16,3.83,4.4434,4.3624,4.1926,4.026,3.8937,3.8018,3.7465,3.7215,3.7202,3.7372
2022-11-17,3.83,4.4897,4.4205,4.2529,4.0846,3.9494,3.8542,3.7959,3.7682,3.7646,3.7795
2022-11-18,3.83,4.5392,4.4818,4.3162,4.146,4.0074,3.9088,3.8472,3.8166,3.8106,3.8234
2022-11-21,3.83,4.5918,4.536,4.3681,4.1943,4.0522,3.9503,3.8859,3.8529,3.8448,3.8559
2022-11-22,3.83,4.5838,4.5125,4.3334,4.1514,4.0032,3.8968,3.829,3.7934,3.7833,3.7928
2022-11-23,3.83,4.5829,4.4977,4.3064,4.1144,3.9583,3.8456,3.7729,3.7335,3.7205,3.7277
2022-11-25,3.83,4.5726,4.4762,4.2774,4.0803,3.9205,3.8052,3.7306,3.6898,3.6757,3.6822
2022-11-28,3.83,4.5959,4.4909,4.287,4.0868,3.925,3.8084,3.7328,3.6913,3.6767,3.6828
2022-11-29,3.83,4.6086,4.5091,4.3093,4.1121,3.9525,3.8375,3.7632,3.7226,3.7087,3.7152
2022-11-30,3.83,4.5648,4.4445,4.2371,4.0382,3.8794,3.7662,3.6939,3.6552,3.6431,3.6513
2022-12-01,3.83,4.486,4.3346,4.1136,3.9094,3.7492,3.6363,3.5651,3.528,3.5174,3.5271
2022-12-02,3.83,4.4787,4.318,4.0913,3.8834,3.7208,3.6063,3.534,3.4961,3.4849,3.4942
2022-12-05,3.83,4.5502,4.4044,4.1821,3.9743,3.81,3.6932,3.6185,3.5783,3.5651,3.5726
2022-12-06,3.83,4.5398,4.3794,4.1479,3.9339,3.7654,3.6457,3.5689,3.5272,3.513,3.5196
2022-12-07,3.83,4.4884,4.3092,4.0673,3.8473,3.6753,3.5535,3.4755,3.4331,3.4185,3.4251
2022-12-08,3.83,4.5031,4.3399,4.1047,3.8872,3.7158,3.5936,3.5149,3.4718,3.4564,3.4622
2022-12-09,3.83,4.5213,4.3728,4.1459,3.9334,3.7649,3.6446,3.5671,3.5247,3.5098,3.516
2022-12-12,3.83,4.567,4.4199,4.1935,3.9808,3.812,3.6913,3.6135,3.5706,3.5553,3.561
2022-12-13,3.83,4.4963,4.3221,4.0856,3.8708,3.7031,3.5848,3.5096,3.4694,3.4565,3.4645
2022-12-14,3.83,4.4717,4.2894,4.0505,3.8355,3.6687,3.5515,3.4775,3.4384,3.4265,3.4354
2022-12-15,3.83,4.4651,4.2773,4.0342,3.816,3.6467,3.5276,3.4522,3.4121,3.3994,3.4076
2022-12-16,3.83,4.444,4.2559,4.0159,3.8018,3.6364,3.5209,3.4484,3.4107,3.4,3.4098
2022-12-19,3.83,4.48,4.301,4.069,3.8613,3.701,3.5894,3.5199,3.4845,3.4755,3.4867
2022-12-20,3.83,4.498,4.3379,4.1215,3.9263,3.7758,3.6716,3.608,3.5771,3.5716,3.5854
2022-12-21,4.33,4.4787,4.3246,4.1162,3.9285,3.7845,3.6859,3.6266,3.5992,3.5966,3.6128
2022-12-22,4.33,4.472,4.32,4.1148,3.9303,3.7892,3.6929,3.6356,3.6098,3.6085,3.6257
2022-12-23,4.33,4.4945,4.3576,4.1611,3.982,3.8442,3.7501,3.6942,3.6693,3.6686,3.6862
2022-12-27,4.33,4.5563,4.4282,4.2383,4.0641,3.9299,3.8383,3.7843,3.7608,3.761,3.7792
2022-12-28,4.33,4.5691,4.4435,4.2588,4.0901,3.9608,3.8735,3.8229,3.8021,3.8045,3.8244
2022-12-29,4.33,4.5646,4.4341,4.2476,4.0784,3.9493,3.8622,3.812,3.7916,3.7944,3.8147
2022-12-30,4.33,4.5921,4.474,4.2914,4.1225,3.9922,3.9036,3.8517,3.8297,3.831,3.8501
2023-01-03,4.33,4.5926,4.4524,4.2569,4.0802,3.945,3.8531,3.799,3.7755,3.7758,3.7941
2023-01-04,4.33,4.576,4.4075,4.1954,4.0086,3.8669,3.7709,3.714,3.6886,3.6876,3.705
2023-01-05,4.33,4.6268,4.448,4.2269,4.0325,3.8848,3.7839,3.7232,3.6948,3.6912,3.7066
2023-01-06,4.33,4.559,4.332,4.0891,3.8857,3.735,3.6338,3.5741,3.5472,3.5454,3.5625
2023-01-09,4.33,4.5457,4.2881,4.0334,3.8267,3.6763,3.577,3.5195,3.4948,3.4951,3.5141
2023-01-10,4.33,4.574,4.312,4.0589,3.8558,3.7094,3.6136,3.5592,3.537,3.5393,3.56
2023-01-11,4.33,4.5582,4.2778,4.0182,3.8138,3.6682,3.5741,3.5215,3.5011,3.505,3.5271
2023-01-12,4.33,4.4932,4.19,3.9204,3.712,3.5653,3.4715,3.4197,3.4004,3.4054,3.4286
2023-01-13,4.33,4.5135,4.2179,3.95,3.7409,3.5926,3.4969,3.4435,3.4226,3.4263,3.4484
2023-01-17,4.33,4.5216,4.2207,3.9531,3.7465,3.6012,3.5083,3.4573,3.4385,3.444,3.4674
2023-01-18,4.33,4.4599,4.1229,3.8388,3.625,3.4771,3.3838,3.3334,3.3156,3.3222,3.3469
2023-01-19,4.33,4.4734,4.1324,3.846,3.6308,3.482,3.3881,3.3373,3.3192,3.3256,3.3501
2023-01-20,4.33,4.5064,4.1763,3.896,3.6844,3.5377,3.445,3.395,3.3773,3.3839,3.4084
2023-01-23,4.33,4.538,4.2188,3.9434,3.7338,3.5876,3.4949,3.4445,3.4264,3.4325,3.4565
2023-01-24,4.33,4.5338,4.2085,3.9285,3.7154,3.5667,3.4721,3.4202,3.401,3.4063,3.4297
2023-01-25,4.33,4.5303,4.2043,3.9224,3.7073,3.5567,3.4604,3.4072,3.3868,3.3912,3.4139
2023-01-26,4.33,4.5419,4.2255,3.9472,3.733,3.5822,3.4853,3.4313,3.4102,3.4138,3.4359
2023-01-27,4.33,4.5583,4.2495,3.9745,3.7614,3.6107,3.5136,3.4592,3.4376,3.4409,3.4625
2023-01-30,4.33,4.5824,4.2836,4.0122,3.8,3.6491,3.5512,3.4958,3.4734,3.4757,3.4966
2023-01-31,4.33,4.5659,4.2623,3.9896,3.7775,3.6272,3.5302,3.4757,3.454,3.457,3.4785
2023-02-01,4.33,4.4989,4.1666,3.8813,3.6642,3.5126,3.4157,3.3622,3.3417,3.3461,3.3688
2023-02-02,4.33,4.4814,4.1444,3.8575,3.6402,3.4888,3.3925,3.3396,3.3197,3.3246,3.3479
2023-02-03,4.33,4.5765,4.2712,3.9945,3.778,3.6236,3.5231,3.4657,3.4417,3.4428,3.4627
2023-02-06,4.33,4.6653,4.3917,4.1237,3.9064,3.7476,3.6415,3.5786,3.5495,3.5462,3.5622
2023-02-07,4.33,4.7,4.4448,4.1821,3.9644,3.8029,3.6937,3.6277,3.5958,3.59,3.6038
2023-02-08,4.58,4.6993,4.4473,4.1839,3.9642,3.8006,3.6892,3.6214,3.588,3.5809,3.5937
2023-02-09,4.58,4.7292,4.485,4.2231,4.0021,3.8363,3.7227,3.6527,3.6174,3.6087,3.6201
2023-02-10,4.58,4.7535,4.5218,4.2669,4.0501,3.8869,3.7748,3.7058,3.6711,3.6628,3.6744
2023-02-13,4.58,4.7776,4.5416,4.2824,4.0618,3.8953,3.7807,3.7096,3.6732,3.6635,3.674
2023-02-14,4.58,4.8221,4.6017,4.3459,4.1237,3.9539,3.8356,3.761,3.7215,3.7091,3.7172
2023-02-15,4.58,4.8517,4.6496,4.4036,4.1869,4.0203,3.9037,3.8302,3.7913,3.7791,3.7873
2023-02-16,4.58,4.8553,4.6565,4.4125,4.1969,4.0309,3.9148,3.8415,3.8027,3.7907,3.7989
2023-02-17,4.58,4.8484,4.6428,4.395,4.1772,4.0099,3.893,3.8192,3.7801,3.7679,3.7761
2023-02-21,4.58,4.9083,4.7211,4.4821,4.2685,4.103,3.9866,3.9129,3.8734,3.8607,3.8683
2023-02-22,4.58,4.9336,4.7525,4.5179,4.3074,4.1442,4.0295,3.9569,3.9184,3.9063,3.9143
2023-02-23,4.58,4.9178,4.7314,4.4952,4.2846,4.122,4.008,3.9362,3.8984,3.8869,3.8955
2023-02-24,4.58,4.9574,4.7893,4.5605,4.3523,4.1898,4.0751,4.0022,3.9631,3.9505,3.958
2023-02-27,4.58,4.9656,4.7908,4.5581,4.3476,4.1835,4.0678,3.9941,3.9545,3.9415,3.9487
2023-02-28,4.58,4.9721,4.7971,4.5626,4.3499,4.1839,4.0663,3.9912,3.9504,3.9364,3.9428
2023-03-01,4.58,5.0192,4.8631,4.6359,4.4253,4.2589,4.1402,4.0636,4.0213,4.0058,4.0108
2023-03-02,4.58,5.0405,4.9009,4.6829,4.4775,4.3143,4.1974,4.122,4.0803,4.0653,4.0705
2023-03-03,4.58,5.0213,4.8732,4.6488,4.4388,4.2721,4.1526,4.0752,4.0321,4.0159,4.0204
2023-03-06,4.58,5.0257,4.8711,4.6403,4.4246,4.2532,4.13,4.0496,4.0042,3.9861,3.9891
2023-03-07,4.58,5.1161,4.9595,4.7186,4.491,4.3084,4.1754,4.0868,4.0345,4.0108,4.0091
2023-03-08,4.57,5.1698,5.0127,4.764,4.5269,4.3353,4.1944,4.0991,4.0413,4.0131,4.0076
2023-03-09,4.57,5.1265,4.946,4.6868,4.4453,4.2521,4.1111,4.0164,3.9594,3.932,3.9274
2023-03-10,4.57,4.9717,4.7374,4.458,4.2115,4.02,3.8832,3.7934,3.7413,3.7186,3.7183
2023-03-13,4.57,4.6467,4.3556,4.0782,3.8556,3.6937,3.5858,3.5218,3.4921,3.4885,3.5043
2023-03-14,4.57,4.6405,4.354,4.0894,3.8811,3.7323,3.6356,3.5809,3.5587,3.5611,3.5819
2023-03-15,4.57,4.4655,4.1534,3.8941,3.702,3.5718,3.4928,3.4536,3.4448,3.4584,3.4887
2023-03-16,4.57,4.5289,4.2322,3.9799,3.7907,3.6615,3.5825,3.543,3.5335,3.5464,3.5759
2023-03-17,4.57,4.3469,4.0268,3.7749,3.5949,3.4774,3.4099,3.3807,3.3803,3.401,3.4372
2023-03-20,4.57,4.3924,4.0653,3.816,3.6419,3.5308,3.4691,3.4449,3.4486,3.4726,3.5115
2023-03-21,4.57,4.5162,4.2098,3.9661,3.7912,3.6768,3.6111,3.5829,3.5828,3.6035,3.6394
2023-03-22,4.58,4.4726,4.1285,3.8692,3.6889,3.5737,3.5092,3.4829,3.485,3.5077,3.5455
2023-03-23,4.58,4.3448,3.9632,3.6966,3.5211,3.415,3.3604,3.3434,3.3537,3.3836,3.4276
2023-03-24,4.58,4.3014,3.9106,3.6471,3.479,3.3811,3.3341,3.3238,3.3397,3.3743,3.4222
2023-03-27,4.58,4.4187,4.0438,3.788,3.6235,3.5271,3.4804,3.4698,3.4852,3.5191,3.5661
2023-03-28,4.58,4.4582,4.0984,3.8474,3.6832,3.5852,3.5364,3.5236,3.5369,3.569,3.6144
2023-03-29,4.83,4.4852,4.136,3.8874,3.7222,3.6219,3.5707,3.5556,3.5668,3.597,3.6409
2023-03-30,4.83,4.5198,4.1584,3.9011,3.7295,3.6246,3.5698,3.552,3.5612,3.5897,3.6323
2023-03-31,4.83,4.4991,4.1267,3.8614,3.6841,3.5751,3.5172,3.4971,3.5045,3.5318,3.5734
2023-04-03,4.83,4.4751,4.0768,3.7993,3.6166,3.5053,3.4468,3.4268,3.4347,3.4626,3.5049
2023-04-04,4.83,4.3999,3.9716,3.6846,3.501,3.3925,3.3379,3.3219,3.3336,3.365,3.4103
2023-04-05,4.83,4.3617,3.9148,3.6223,3.4389,3.3327,3.2811,3.2682,3.2826,3.3164,3.3638
2023-04-06,4.83,4.3864,3.9243,3.6245,3.4377,3.33,3.2778,3.2646,3.2791,3.3129,3.3605
2023-04-07,4.83,4.4668,4.0185,3.7218,3.5335,3.4227,3.3671,3.3506,3.3621,3.3933,3.4384
2023-04-10,4.83,4.5173,4.0618,3.7604,3.5691,3.4561,3.3988,3.3811,3.3916,3.422,3.4664
2023-04-11,4.83,4.5351,4.0819,3.7806,3.5886,3.4747,3.4164,3.3978,3.4075,3.4372,3.4811
2023-04-12,4.83,4.5064,4.0413,3.7364,3.5442,3.4316,3.3751,3.3583,3.3696,3.4008,3.4459
2023-04-13,4.83,4.5159,4.0481,3.7454,3.557,3.4482,3.3952,3.3814,3.3951,3.4283,3.4751
2023-04-14,4.83,4.5807,4.1248,3.8266,3.6393,3.5302,3.4761,3.4611,3.4736,3.5056,3.5513
2023-04-17,4.83,4.6475,4.2008,3.9062,3.72,3.6107,3.556,3.5401,3.5518,3.5829,3.6277
2023-04-18,4.83,4.6673,4.2191,3.9219,3.7328,3.621,3.5643,3.5466,3.5568,3.5867,3.6305
2023-04-19,4.83,4.6957,4.256,3.9591,3.7673,3.6518,3.5913,3.5704,3.5777,3.6052,3.647
2023-04-20,4.83,4.6476,4.1996,3.8996,3.7071,3.5921,3.5324,3.5124,3.5207,3.5491,3.5918
2023-04-21,4.83,4.6502,4.2066,3.9091,3.7181,3.6039,3.5448,3.5252,3.5337,3.5622,3.605
2023-04-24,4.83,4.6332,4.1734,3.8691,3.6757,3.5611,3.5024,3.4835,3.4929,3.5222,3.5658
2023-04-25,4.83,4.5291,4.035,3.721,3.5282,3.4182,3.3654,3.3523,3.3669,3.401,3.4487
2023-04-26,4.83,4.528,4.0275,3.7138,3.5239,3.4175,3.368,3.3579,3.3751,3.4113,3.4607
2023-04-27,4.83,4.6067,4.1272,3.8217,3.6341,3.5273,3.4765,3.4646,3.48,3.5144,3.5622
2023-04-28,4.83,4.5928,4.1081,3.7967,3.6037,3.4925,3.438,3.4232,3.4363,3.4689,3.5153
2023-05-01,4.83,4.6629,4.1873,3.8803,3.6892,3.5786,3.5242,3.5092,3.5218,3.554,3.5998
2023-05-02,4.83,4.5884,4.0794,3.7594,3.5647,3.4545,3.4022,3.3897,3.4051,3.4398,3.4879
2023-05-03,4.83,4.5453,4.0062,3.6753,3.4782,3.3692,3.3194,3.3099,3.3281,3.3653,3.4158
2023-05-04,4.83,4.4807,3.9129,3.578,3.3866,3.2866,3.246,3.2449,3.2704,3.314,3.3698
2023-05-05,4.83,4.5363,3.977,3.6475,3.4597,3.3619,3.3229,3.3228,3.3489,3.3929,3.4488
2023-05-08,4.83,4.5899,4.0428,3.72,3.5359,3.4403,3.4024,3.4029,3.4293,3.4733,3.5292
2023-05-09,4.83,4.6085,4.0644,3.7435,3.5605,3.4656,3.4282,3.429,3.4556,3.4997,3.5556
2023-05-10,5.08,4.547,3.9842,3.6576,3.4746,3.3819,3.3473,3.351,3.3803,3.4269,3.4849
2023-05-11,5.08,4.5242,3.9537,3.6229,3.4376,3.3437,3.3084,3.3118,3.3409,3.3874,3.4455
2023-05-12,5.08,4.5662,4.0079,3.6814,3.4968,3.402,3.3655,3.3674,3.3952,3.4403,3.4973
2023-05-15,5.08,4.5864,4.0336,3.7099,3.5268,3.4328,3.3966,3.3987,3.4264,3.4716,3.5284
2023-05-16,5.08,4.6274,4.0852,3.7649,3.582,3.4869,3.4491,3.4497,3.4759,3.5197,3.5754
2023-05-17,5.08,4.6745,4.1434,3.8247,3.6399,3.5416,3.5005,3.4979,3.5214,3.5628,3.6164
2023-05-18,5.08,4.757,4.2455,3.931,3.7438,3.641,3.595,3.5876,3.6069,3.6446,3.695
2023-05-19,5.08,4.7894,4.2965,3.9887,3.8029,3.6992,3.6514,3.6422,3.6596,3.6956,3.7445
2023-05-22,5.08,4.8309,4.3337,4.0222,3.8334,3.7273,3.6776,3.6668,3.683,3.718,3.7659
2023-05-23,5.08,4.8372,4.3413,4.0278,3.8361,3.7271,3.6747,3.6617,3.676,3.7094,3.7561
2023-05-24,5.08,4.8747,4.3846,4.0692,3.8729,3.7588,3.7017,3.6845,3.6953,3.7257,3.7699
2023-05-25,5.08,4.9607,4.5024,4.1948,3.9964,3.8765,3.8128,3.7892,3.7942,3.8196,3.8595
2023-05-26,5.08,4.9864,4.5496,4.2441,4.0403,3.9127,3.8412,3.8105,3.8095,3.8297,3.8653
2023-05-30,5.08,4.9828,4.5153,4.1908,3.9745,3.8386,3.7613,3.7266,3.7227,3.7408,3.7748
2023-05-31,5.08,4.9487,4.4592,4.1232,3.9011,3.762,3.6832,3.6477,3.6435,3.6616,3.6957
2023-06-01,5.08,4.9165,4.4128,4.0713,3.8475,3.7086,3.6306,3.5962,3.593,3.6122,3.6473
2023-06-02,5.08,4.9799,4.4978,4.1626,3.9387,3.7971,3.7156,3.6777,3.6713,3.6876,3.7202
2023-06-05,5.08,4.9734,4.4989,4.1664,3.9429,3.8008,3.7186,3.6799,3.6728,3.6885,3.7205
2023-06-06,5.08,4.9789,4.5165,4.1868,3.9624,3.818,3.7332,3.692,3.6827,3.6965,3.727
2023-06-07,5.08,5.0019,4.5661,4.2489,4.03,3.8879,3.8037,3.7625,3.7527,3.7659,3.7957
2023-06-08,5.08,4.9711,4.5386,4.2206,3.9997,3.8553,3.769,3.726,3.7148,3.7268,3.7556
2023-06-09,5.08,4.9876,4.5727,4.2584,4.0355,3.8871,3.7966,3.7495,3.7348,3.7438,3.7701
2023-06-12,5.08,4.9859,4.5725,4.2563,4.0305,3.8792,3.786,3.7367,3.7202,3.7276,3.7527
2023-06-13,5.08,5.0287,4.6457,4.3404,4.1169,3.9642,3.8683,3.816,3.7965,3.8012,3.8239
2023-06-14,5.08,5.06,4.6975,4.3944,4.166,4.0063,3.9032,3.8445,3.8193,3.8194,3.838
2023-06-15,5.08,5.007,4.6317,4.3194,4.0842,3.9195,3.8128,3.7513,3.7242,3.7228,3.7405
2023-06-16,5.08,5.0339,4.6718,4.3607,4.122,3.9525,3.8409,3.7751,3.7442,3.7396,3.7545
2023-06-20,5.08,5.0485,4.6789,4.3603,4.1152,3.9403,3.8244,3.7551,3.7215,3.7147,3.7279
2023-06-21,5.08,5.0572,4.6815,4.3571,4.1069,3.9279,3.8087,3.7367,3.701,3.6925,3.7044
2023-06-22,5.08,5.0965,4.736,4.4159,4.1655,3.9845,3.8627,3.7883,3.7503,3.7398,3.7498
2023-06-23,5.08,5.0916,4.7269,4.4033,4.1501,3.967,3.8436,3.7679,3.7289,3.7176,3.7271
2023-06-26,5.08,5.1002,4.7193,4.388,4.1311,3.9462,3.8221,3.7462,3.7072,3.696,3.7057
2023-06-27,5.08,5.1335,4.7614,4.431,4.1721,3.9842,3.8571,3.7784,3.7369,3.7237,3.7315
2023-06-28,5.07,5.1226,4.7425,4.4058,4.142,3.9504,3.8204,3.7394,3.6963,3.6817,3.6886
2023-06-29,5.07,5.2031,4.8571,4.536,4.2789,4.0897,3.96,3.8785,3.8343,3.8185,3.8241
2023-06-30,5.07,5.2111,4.8746,4.5549,4.296,4.104,3.9715,3.8873,3.8408,3.8231,3.827
2023-07-03,5.07,5.2499,4.9266,4.6099,4.3497,4.155,4.0193,3.9322,3.8831,3.8631,3.865
2023-07-05,5.08,5.2633,4.9564,4.6494,4.3951,4.2041,4.0709,3.9854,3.9375,3.9182,3.9207
2023-07-06,5.08,5.3004,5.0175,4.7246,4.4791,4.2937,4.1641,4.081,4.0346,4.0164,4.0196
2023-07-07,5.08,5.2803,5.0019,4.7162,4.4779,4.2988,4.1746,4.0959,4.0531,4.0378,4.0433
2023-07-10,5.08,5.2346,4.933,4.6408,4.4031,4.2273,4.1071,4.0323,3.9931,3.981,3.9892
2023-07-11,5.08,5.2276,4.9157,4.6198,4.3814,4.2061,4.0868,4.0131,3.9749,3.9636,3.9727
2023-07-12,5.08,5.1562,4.8063,4.4951,4.2518,4.0764,3.9589,3.8876,3.852,3.8433,3.8547
2023-07-13,5.08,5.0792,4.6891,4.364,4.1183,3.9452,3.8319,3.7651,3.7337,3.7289,3.7438
2023-07-14,5.08,5.1185,4.7334,4.4089,4.1621,3.9874,3.8723,3.804,3.7712,3.7651,3.7789
2023-07-17,5.08,5.1232,4.7323,4.4044,4.1557,3.9798,3.8639,3.795,3.7618,3.7555,3.7691
2023-07-18,5.08,5.1225,4.7279,4.397,4.1457,3.9677,3.8503,3.7801,3.746,3.739,3.7519
2023-07-19,5.08,5.1216,4.7196,4.3819,4.1251,3.9426,3.8216,3.7487,3.7124,3.7036,3.7153
2023-07-20,5.08,5.1608,4.7775,4.4476,4.1935,4.0116,3.89,3.8161,3.7788,3.7689,3.7795
2023-07-21,5.08,5.1748,4.7977,4.4694,4.215,4.0319,3.9091,3.834,3.7956,3.7848,3.7946
2023-07-24,5.08,5.2004,4.834,4.5102,4.2573,4.0745,3.9513,3.8756,3.8365,3.825,3.8342
2023-07-25,5.08,5.2264,4.873,4.5552,4.3049,4.1231,4.0001,3.9243,3.8849,3.873,3.8818
2023-07-26,5.08,5.2075,4.8469,4.5269,4.2765,4.0954,3.9735,3.8987,3.8603,3.8493,3.8588
2023-07-27,5.08,5.2495,4.9151,4.609,4.3662,4.1894,4.0699,3.9964,3.9586,3.9479,3.9575
2023-07-28,5.08,5.2277,4.8885,4.5812,4.3387,4.1626,4.044,3.9715,3.9345,3.9246,3.9348
2023-07-31,5.08,5.2191,4.8797,4.5743,4.3344,4.1608,4.0443,3.9736,3.9382,3.9295,3.9408
2023-08-01,5.08,5.238,4.9122,4.6162,4.3827,4.2138,4.1007,4.0324,3.9988,3.9914,4.0036
2023-08-02,5.33,5.222,4.8987,4.6076,4.3794,4.2151,4.106,4.0411,4.0102,4.005,4.019
2023-08-03,5.33,5.2276,4.9179,4.6391,4.4211,4.2651,4.1625,4.1026,4.0757,4.0737,4.0901
2023-08-04,5.33,5.1636,4.825,4.5365,4.3172,4.1633,4.064,4.0076,3.984,3.985,4.0041
2023-08-07,5.33,5.1571,4.8093,4.5212,4.3057,4.1566,4.0619,4.0096,3.9894,3.9932,4.0148
2023-08-08,5.33,5.1383,4.7713,4.4757,4.2581,4.1091,4.0154,3.9645,3.9458,3.9509,3.9736
2023-08-09,5.33,5.148,4.7789,4.481,4.2613,4.1107,4.0157,3.9637,3.944,3.9485,3.9706
2023-08-10,5.33,5.1711,4.8172,4.5287,4.3151,4.1684,4.076,4.0258,4.0075,4.0128,4.0355
2023-08-11,5.33,5.2033,4.8722,4.5957,4.3885,4.2454,4.155,4.1058,4.088,4.0935,4.1162
2023-08-14,5.33,5.2333,4.9154,4.643,4.4359,4.2913,4.199,4.1479,4.1282,4.1321,4.1534
2023-08-15,5.33,5.235,4.9239,4.6559,4.4518,4.3092,4.2183,4.1682,4.1492,4.1537,4.1754
2023-08-16,5.33,5.2518,4.9551,4.6951,4.4956,4.3558,4.2665,4.2175,4.1992,4.204,4.226
2023-08-17,5.33,5.242,4.9514,4.6981,4.5047,4.3699,4.2849,4.2392,4.2235,4.2305,4.2541
2023-08-18,5.33,5.2189,4.9232,4.6691,4.4766,4.3434,4.26,4.2158,4.2015,4.2096,4.2342
2023-08-21,5.33,5.2512,4.9657,4.718,4.5297,4.3992,4.3175,4.2746,4.2611,4.2698,4.2947
2023-08-22,5.33,5.2759,5.0009,4.7593,4.5747,4.4465,4.3664,4.3243,4.3115,4.3205,4.3457
2023-08-23,5.33,5.228,4.9262,4.6689,4.4746,4.3404,4.2564,4.2118,4.1973,4.2052,4.2297
2023-08-24,5.33,5.2512,4.9478,4.6865,4.4879,4.3496,4.2621,4.2146,4.1977,4.2037,4.2266
2023-08-25,5.33,5.2843,4.9847,4.7218,4.5198,4.3779,4.287,4.2365,4.2171,4.2209,4.2421
2023-08-28,5.33,5.2826,4.9743,4.7049,4.4978,4.3521,4.2583,4.2056,4.1845,4.1871,4.2072
2023-08-29,5.33,5.2313,4.8997,4.6199,4.4089,4.262,4.1684,4.1165,4.0965,4.1001,4.1213
2023-08-30,5.33,5.2233,4.8882,4.6077,4.3972,4.2512,4.1585,4.1075,4.0882,4.0925,4.1142
2023-08-31,5.33,5.2045,4.8618,4.5788,4.3679,4.2225,4.1307,4.0806,4.0621,4.0673,4.0897
2023-09-01,5.33,5.2076,4.8764,4.6031,4.3997,4.2602,4.173,4.1265,4.1108,4.1181,4.1422
2023-09-05,5.33,5.2465,4.9316,4.667,4.4686,4.3318,4.2461,4.2005,4.1852,4.1927,4.2168
2023-09-06,5.33,5.2854,4.991,4.7367,4.5434,4.4093,4.3248,4.2796,4.2645,4.2718,4.2956
2023-09-07,5.33,5.2528,4.9511,4.6937,4.4993,4.365,4.2807,4.236,4.2213,4.229,4.2534
2023-09-08,5.33,5.2517,4.9504,4.692,4.4962,4.3604,4.2748,4.229,4.2134,4.2204,4.2441
2023-09-11,5.33,5.258,4.9584,4.701,4.5059,4.3705,4.2853,4.2396,4.2242,4.2313,4.2551
2023-09-12,5.33,5.2673,4.9672,4.7077,4.5101,4.3724,4.2852,4.2378,4.221,4.227,4.2499
2023-09-13,5.33,5.2594,4.956,4.6942,4.495,4.3561,4.2681,4.2202,4.2029,4.2086,4.2313
2023-09-14,5.33,5.2668,4.9708,4.7124,4.5144,4.376,4.2879,4.2398,4.2222,4.2276,4.25
2023-09-15,5.33,5.2849,5.0023,4.7529,4.5613,4.4274,4.3426,4.2968,4.281,4.2877,4.311
2023-09-18,5.33,5.2936,5.0159,4.769,4.5786,4.4452,4.3606,4.3149,4.2991,4.3057,4.3289
2023-09-19,5.33,5.3146,5.0488,4.8065,4.6176,4.4843,4.3991,4.3527,4.336,4.3419,4.3643
2023-09-20,5.33,5.3264,5.0631,4.8198,4.6287,4.4929,4.4056,4.3572,4.3389,4.3434,4.3647
2023-09-21,5.33,5.3472,5.104,4.8755,4.6951,4.5672,4.4857,4.4417,4.4267,4.4337,4.4569
2023-09-22,5.33,5.3289,5.0831,4.8558,4.678,4.553,4.4741,4.4324,4.4194,4.428,4.4526
2023-09-25,5.33,5.3375,5.0999,4.8828,4.7147,4.598,4.5258,4.4896,4.4809,4.4929,4.5202
2023-09-26,5.33,5.3346,5.0991,4.8877,4.7259,4.6149,4.5477,4.5155,4.5101,4.5248,4.5543
2023-09-27,5.33,5.3557,5.1318,4.929,4.7735,4.6673,4.6036,4.574,4.5705,4.5867,4.6173
2023-09-28,5.33,5.3248,5.0937,4.8922,4.7409,4.6396,4.5805,4.555,4.5551,4.5742,4.6072
2023-09-29,5.33,5.3059,5.0689,4.8686,4.7211,4.6241,4.5692,4.5472,4.5503,4.5719,4.607
2023-10-02,5.33,5.337,5.1126,4.9224,4.7828,4.6918,4.6414,4.623,4.6287,4.6523,4.689
2023-10-03,5.33,5.3632,5.1592,4.9848,4.8573,4.7755,4.7321,4.7189,4.7287,4.7554,4.7944
2023-10-04,5.33,5.3159,5.0967,4.9211,4.7975,4.7213,4.6836,4.6755,4.6898,4.7203,4.7625
2023-10-05,5.33,5.2875,5.0576,4.8817,4.7619,4.6905,4.6574,4.6537,4.6715,4.7051,4.75
2023-10-06,5.33,5.3032,5.0757,4.9034,4.7874,4.7192,4.6889,4.6872,4.7068,4.7418,4.7877
2023-10-10,5.33,5.2507,4.9983,4.8171,4.699,4.6319,4.6038,4.6046,4.6266,4.6638,4.7117
2023-10-11,5.33,5.2365,4.9684,4.777,4.6521,4.5802,4.5487,4.5472,4.5674,4.6033,4.6503
2023-10-12,5.33,5.2832,5.0323,4.8501,4.7302,4.6611,4.6312,4.6305,4.6511,4.6871,4.734
2023-10-13,5.33,5.2746,5.017,4.8304,4.7076,4.6365,4.6051,4.6033,4.6232,4.6587,4.7052
2023-10-16,5.33,5.2947,5.0508,4.8717,4.7531,4.6844,4.6545,4.6536,4.6739,4.7097,4.7563
2023-10-17,5.33,5.3519,5.1392,4.9748,4.8628,4.7968,4.7676,4.7666,4.7863,4.8212,4.8669
2023-10-18,5.33,5.363,5.1714,5.0188,4.9138,4.852,4.8254,4.826,4.8468,4.8825,4.9286
2023-10-19,5.33,5.3473,5.1708,5.0329,4.9404,4.889,4.8706,4.8778,4.9038,4.9435,4.9929
2023-10-20,5.33,5.2963,5.1107,4.9746,4.8879,4.8431,4.831,4.8437,4.8744,4.9181,4.9708
2023-10-23,5.33,5.2699,5.0671,4.9244,4.836,4.7914,4.7805,4.7945,4.8267,4.8716,4.9256
2023-10-24,5.33,5.2739,5.0662,4.9201,4.8292,4.7829,4.7707,4.7837,4.8151,4.8595,4.913
2023-10-25,5.33,5.3051,5.1141,4.9784,4.8941,4.8522,4.8429,4.8579,4.8907,4.9361,4.9902
2023-10-26,5.33,5.2713,5.0656,4.9243,4.8386,4.7969,4.7886,4.8049,4.8389,4.8855,4.9407
2023-10-27,5.33,5.2481,5.0298,4.8846,4.7989,4.7587,4.7523,4.7706,4.8063,4.8544,4.911
2023-10-30,5.33,5.2572,5.0397,4.8967,4.8134,4.7754,4.7709,4.7907,4.8277,4.8768,4.9342
2023-10-31,5.33,5.2693,5.0529,4.9103,4.8269,4.7887,4.784,4.8035,4.8403,4.8892,4.9464
2023-11-01,5.33,5.2116,4.9686,4.8143,4.7264,4.687,4.6825,4.703,4.7409,4.7911,4.8495
2023-11-02,5.33,5.1981,4.943,4.7772,4.6795,4.6321,4.6214,4.6369,4.671,4.7181,4.7742
2023-11-03,5.33,5.1279,4.8429,4.6628,4.5585,4.5083,4.4966,4.5122,4.5467,4.5946,4.6514
2023-11-06,5.33,5.1652,4.8928,4.7174,4.614,4.5634,4.5506,4.5649,4.5982,4.6449,4.7007
2023-11-07,5.33,5.1533,4.8719,4.6887,4.5791,4.5236,4.5071,4.5184,4.5495,4.5944,4.6489
2023-11-08,5.33,5.1583,4.8708,4.6794,4.5619,4.4994,4.4771,4.4838,4.5112,4.5531,4.6052
2023-11-09,5.33,5.2129,4.9545,4.7747,4.6607,4.5982,4.5744,4.5791,4.6043,4.6442,4.6944
2023-11-10,5.33,5.2265,4.9805,4.8032,4.6878,4.6224,4.5956,4.5973,4.6201,4.6578,4.7062
2023-11-13,5.33,5.2325,4.9912,4.8149,4.6991,4.6327,4.6048,4.6056,4.6274,4.6644,4.7121
2023-11-14,5.33,5.1218,4.8358,4.6399,4.5162,4.4476,4.42,4.4223,4.446,4.4851,4.5348
2023-11-15,5.33,5.1426,4.8658,4.6737,4.5512,4.4827,4.4548,4.4565,4.4796,4.5181,4.5673
2023-11-16,5.33,5.1082,4.8178,4.6196,4.4947,4.4256,4.3977,4.3998,4.4236,4.4627,4.5125
2023-11-17,5.33,5.1161,4.8255,4.6239,4.495,4.422,4.3908,4.3901,4.4116,4.4488,4.4971
2023-11-20,5.33,5.1268,4.8314,4.6243,4.4902,4.4128,4.3779,4.3743,4.3934,4.4288,4.4756
2023-11-21,5.33,5.1214,4.821,4.6106,4.4743,4.3953,4.3594,4.3551,4.3736,4.4085,4.455
2023-11-22,5.33,5.1347,4.8366,4.6253,4.487,4.4059,4.368,4.3619,4.379,4.4127,4.4582
2023-11-24,5.33,5.1677,4.8822,4.6775,4.5428,4.4635,4.4266,4.421,4.4382,4.4719,4.5173
2023-11-27,5.33,5.1376,4.8354,4.6221,4.4828,4.4012,4.363,4.3568,4.3738,4.4075,4.4529
2023-11-28,5.33,5.0862,4.7629,4.543,4.4034,4.324,4.2888,4.2857,4.3056,4.3418,4.3895
2023-11-29,5.33,5.03,4.6852,4.4594,4.3204,4.2442,4.2128,4.2134,4.2368,4.276,4.3264
2023-11-30,5.33,5.0478,4.7143,4.4972,4.3648,4.2935,4.2659,4.2694,4.2949,4.3358,4.3875
2023-12-01,5.33,4.9646,4.6009,4.3741,4.2409,4.1725,4.1489,4.1566,4.186,4.2304,4.2852
2023-12-04,5.33,4.9908,4.6301,4.406,4.2752,4.2086,4.1864,4.1952,4.2254,4.2704,4.3256
2023-12-05,5.33,4.958,4.5785,4.3456,4.2108,4.1425,4.1199,4.1287,4.1593,4.2048,4.2606
2023-12-06,5.33,4.9544,4.5627,4.3203,4.1781,4.1042,4.0773,4.0828,4.1109,4.1544,4.2087
2023-12-07,5.33,4.9467,4.5532,4.3095,4.1665,4.092,4.0646,4.0698,4.0976,4.141,4.1952
2023-12-08,5.33,5.0014,4.6321,4.3968,4.2552,4.1792,4.1494,4.1519,4.1771,4.2181,4.2701
2023-12-11,5.33,5.0187,4.6565,4.4228,4.2805,4.2031,4.1716,4.1725,4.1963,4.2361,4.287
2023-12-12,5.33,5.0212,4.6567,4.4186,4.2717,4.1901,4.1551,4.1532,4.1747,4.2127,4.2621
2023-12-13,5.33,4.9106,4.5055,4.2524,4.1021,4.0219,3.9903,3.9923,4.0176,4.0591,4.1119
2023-12-14,5.33,4.8391,4.4003,4.1336,3.9787,3.8983,3.8681,3.8721,3.8997,3.9435,3.9982
2023-12-15,5.33,4.8478,4.3993,4.1258,3.9662,3.8823,3.8496,3.8518,3.8779,3.9206,3.9745
2023-12-18,5.33,4.8647,4.416,4.1427,3.9834,3.8998,3.8673,3.8697,3.896,3.9387,3.9927
2023-12-19,5.33,4.8571,4.4075,4.1346,3.9762,3.8936,3.862,3.8651,3.8921,3.9353,3.9898
2023-12-20,5.33,4.8222,4.3548,4.0749,3.9145,3.832,3.8014,3.8058,3.8341,3.8786,3.9342
2023-12-21,5.33,4.806,4.3379,4.061,3.9044,3.8257,3.7985,3.8058,3.8364,3.8829,3.9401
2023-12-22,5.33,4.7943,4.3225,4.0477,3.8951,3.8207,3.7974,3.808,3.8414,3.8902,3.9493
2023-12-26,5.33,4.7901,4.3176,4.0443,3.8939,3.8215,3.8001,3.8123,3.847,3.8969,3.9569
2023-12-27,5.33,4.7527,4.2598,3.9758,3.8197,3.7444,3.7214,3.7328,3.7672,3.817,3.8771
2023-12-28,5.33,4.7695,4.2794,3.9962,3.8401,3.7643,3.7408,3.7517,3.7856,3.835,3.8947
2023-12-29,5.33,4.7542,4.2722,3.9965,3.8467,3.7761,3.7567,3.7709,3.8074,3.8589,3.9202
2024-01-02,5.33,4.7805,4.3152,4.0486,3.9039,3.8362,3.8185,3.8336,3.8707,3.9224,3.9839
2024-01-03,5.33,4.7802,4.3111,4.0426,3.897,3.8288,3.8109,3.8259,3.863,3.9147,3.9762
2024-01-04,5.33,4.8062,4.3511,4.0902,3.9487,3.883,3.8663,3.8822,3.9196,3.9715,4.0331
2024-01-05,5.33,4.8169,4.3751,4.1233,3.9881,3.9269,3.9135,3.9317,3.9709,4.0241,4.0867
2024-01-08,5.33,4.7959,4.3474,4.0944,3.9603,3.9009,3.8895,3.9096,3.9504,4.005,4.0687
2024-01-09,5.33,4.7921,4.3428,4.0904,3.9574,3.8991,3.8887,3.9095,3.9511,4.0063,4.0705
2024-01-10,5.33,4.7906,4.3443,4.0947,3.9642,3.9078,3.899,3.9212,3.9637,4.0197,4.0845
2024-01-11,5.33,4.748,4.2855,4.032,3.9026,3.8493,3.8439,3.8693,3.9148,3.9734,4.0405
2024-01-12,5.33,4.6765,4.1964,3.9429,3.82,3.7751,3.778,3.8109,3.8627,3.9268,3.9984
2024-01-16,5.33,4.6996,4.2345,3.994,3.8818,3.8452,3.8545,3.8924,3.9481,4.0151,4.0891
2024-01-17,5.33,4.7477,4.2977,4.0638,3.954,3.9181,3.9272,3.9644,4.0194,4.0856,4.1588
2024-01-18,5.33,4.7586,4.3182,4.0901,3.984,3.9504,3.9611,3.9994,4.0551,4.1219,4.1954
2024-01-19,5.33,4.7773,4.3472,4.1224,4.0166,3.9821,3.9914,4.0284,4.0829,4.1485,4.221
2024-01-22,5.33,4.7697,4.3332,4.1032,3.9933,3.9556,3.9626,3.9976,4.0507,4.1151,4.1868
2024-01-23,5.33,4.7724,4.3406,4.1133,4.0052,3.9686,3.9762,4.0118,4.0652,4.1299,4.2017
2024-01-24,5.33,4.7867,4.3639,4.1415,4.036,4.0009,4.0095,4.0455,4.0991,4.164,4.2358
2024-01-25,5.33,4.7542,4.3237,4.0998,3.9954,3.9623,3.973,4.011,4.0664,4.1328,4.206
2024-01-26,5.33,4.7596,4.3337,4.1124,4.0092,3.9768,3.9878,4.026,4.0815,4.1479,4.2211
2024-01-29,5.33,4.7319,4.2899,4.0602,3.9527,3.918,3.9278,3.9655,4.0207,4.0871,4.1604
2024-01-30,5.33,4.7485,4.3071,4.0741,3.9623,3.9234,3.9295,3.9641,4.0168,4.0811,4.1526
2024-01-31,5.33,4.7177,4.2563,4.0126,3.8951,3.8531,3.8575,3.8911,3.9433,4.0074,4.079
2024-02-01,5.33,4.6703,4.181,3.9218,3.7953,3.7479,3.7491,3.7807,3.8317,3.8951,3.9663
2024-02-02,5.33,4.7598,4.3002,4.0516,3.927,3.8779,3.8761,3.9045,3.9523,4.0127,4.0812
2024-02-05,5.33,4.8297,4.4059,4.1726,4.054,4.0064,4.0041,4.031,4.0772,4.1359,4.2027
2024-02-06,5.33,4.8066,4.3756,4.1384,4.0174,3.9685,3.9654,3.992,4.0379,4.0964,4.1633
2024-02-07,5.33,4.8095,4.3812,4.1447,4.0238,3.9745,3.9709,3.997,4.0425,4.1007,4.1672
2024-02-08,5.33,4.8324,4.4187,4.1898,4.0728,4.0257,4.0232,4.0498,4.0955,4.1538,4.2202
2024-02-09,5.33,4.8477,4.441,4.2152,4.0994,4.0527,4.0502,4.0766,4.122,4.18,4.2462
2024-02-12,5.33,4.846,4.44,4.2143,4.0985,4.0515,4.0488,4.0751,4.1204,4.1782,4.2442
2024-02-13,5.33,4.9361,4.5646,4.3514,4.2381,4.1896,4.1837,4.2064,4.2481,4.3028,4.3659
2024-02-14,5.33,4.9225,4.5514,4.3376,4.2235,4.1742,4.1676,4.1897,4.2311,4.2854,4.3482
2024-02-15,5.33,4.9105,4.5353,4.3186,4.2024,4.1516,4.144,4.1653,4.206,4.2599,4.3224
2024-02-16,5.33,4.9425,4.5815,4.3691,4.2529,4.2004,4.1906,4.2097,4.2484,4.3005,4.3614
2024-02-20,5.33,4.9313,4.5664,4.3522,4.2352,4.1824,4.1725,4.1916,4.2305,4.2827,4.3438
2024-02-21,5.33,4.9473,4.5916,4.3819,4.2671,4.2153,4.2058,4.2251,4.2639,4.3159,4.3768
2024-02-22,5.33,4.9738,4.6267,4.4181,4.3014,4.2467,4.2342,4.2508,4.2872,4.3373,4.3965
2024-02-23,5.33,4.9683,4.6129,4.3961,4.2723,4.2118,4.1947,4.2077,4.2412,4.289,4.3464
2024-02-26,5.33,4.9846,4.6357,4.418,4.2908,4.2262,4.2053,4.2149,4.2456,4.2909,4.3463
2024-02-27,5.33,4.9931,4.6533,4.4381,4.3105,4.2446,4.2221,4.23,4.2593,4.3034,4.3577
2024-02-28,5.33,4.9688,4.6246,4.4072,4.2785,4.212,4.1892,4.197,4.2263,4.2705,4.325
2024-02-29,5.33,4.9618,4.6141,4.394,4.2634,4.1954,4.1716,4.1786,4.2073,4.251,4.3052
2024-03-01,5.33,4.9113,4.5464,4.3202,4.1884,4.1214,4.0993,4.1083,4.1388,4.1843,4.24
2024-03-04,5.33,4.9329,4.5716,4.3461,4.2138,4.1458,4.1226,4.1306,4.1602,4.2049,4.2599
2024-03-05,5.33,4.9064,4.5296,4.2952,4.1577,4.0867,4.0616,4.0683,4.0972,4.1415,4.1962
2024-03-06,5.33,4.9076,4.523,4.2817,4.1384,4.0626,4.0338,4.0376,4.0643,4.1067,4.16
2024-03-07,5.33,4.891,4.4964,4.2501,4.1042,4.0272,3.9978,4.0014,4.028,4.0705,4.1239
2024-03-08,5.33,4.881,4.4805,4.2322,4.0862,4.0098,3.9812,3.9856,4.0129,4.0561,4.1102
2024-03-11,5.33,4.8943,4.4953,4.2467,4.0995,4.0218,3.992,3.9954,4.0218,4.0642,4.1176
2024-03-12,5.33,4.9336,4.5488,4.3051,4.159,4.0806,4.0495,4.0513,4.0763,4.1174,4.1696
2024-03-13,5.33,4.9531,4.579,4.3396,4.1947,4.1163,4.0845,4.0856,4.1098,4.1501,4.2016
2024-03-14,5.33,4.9927,4.6433,4.4162,4.2773,4.2017,4.1712,4.1728,4.1969,4.2369,4.288
2024-03-15,5.33,5.0095,4.6744,4.4533,4.3165,4.2413,4.2104,4.2113,4.2346,4.2739,4.3243
2024-03-18,5.33,5.0199,4.6957,4.4795,4.3449,4.2704,4.2397,4.2403,4.2634,4.3023,4.3524
2024-03-19,5.33,5.0032,4.6738,4.4553,4.3197,4.245,4.2143,4.2151,4.2385,4.2777,4.3279
2024-03-20,5.33,4.9617,4.6203,4.4001,4.267,4.1961,4.1692,4.1737,4.2001,4.242,4.2946
2024-03-21,5.33,4.9621,4.6183,4.3979,4.2653,4.1952,4.1692,4.1743,4.2014,4.2439,4.2969
2024-03-22,5.33,4.936,4.58,4.3541,4.2195,4.1487,4.1228,4.1283,4.156,4.1989,4.2525
2024-03-25,5.33,4.9443,4.5911,4.367,4.2334,4.1633,4.1379,4.1438,4.1716,4.2147,4.2684
2024-03-26,5.33,4.9462,4.5932,4.3682,4.2335,4.1624,4.136,4.1411,4.1683,4.2109,4.2641
2024-03-27,5.33,4.9328,4.572,4.3423,4.2047,4.1316,4.1039,4.1081,4.1347,4.1769,4.2298
2024-03-28,5.33,4.9541,4.5955,4.3634,4.2219,4.1448,4.1135,4.1146,4.1386,4.1786,4.2298
2024-04-01,5.33,5.003,4.6702,4.4493,4.312,4.236,4.2043,4.2044,4.2272,4.266,4.3159
2024-04-02,5.33,5.0031,4.6836,4.4711,4.3392,4.2669,4.2378,4.2397,4.2638,4.3036,4.3543
2024-04-03,5.33,4.9896,4.672,4.4625,4.3338,4.2643,4.2376,4.2415,4.2672,4.3083,4.36
2024-04-04,5.33,4.9672,4.6435,4.432,4.3032,4.2342,4.2083,4.213,4.2395,4.2813,4.3337
2024-04-05,5.33,5.004,4.6944,4.4887,4.3618,4.2931,4.2667,4.2707,4.2963,4.3372,4.3887
2024-04-08,5.33,5.03,4.7336,4.5326,4.4066,4.3372,4.3095,4.3121,4.3363,4.376,4.4264
2024-04-09,5.33,5.0129,4.7102,4.5049,4.376,4.3045,4.2753,4.2768,4.3003,4.3394,4.3895
2024-04-10,5.33,5.1228,4.8638,4.6741,4.5482,4.4744,4.441,4.4378,4.4567,4.4916,4.5378
2024-04-11,5.33,5.1358,4.8898,4.7045,4.5792,4.5045,4.4697,4.4649,4.4824,4.5161,4.5612
2024-04-12,5.33,5.108,4.855,4.666,4.5386,4.4628,4.4274,4.4224,4.4397,4.4734,4.5186
2024-04-15,5.33,5.1357,4.9019,4.7239,4.6031,4.5313,4.4984,4.495,4.5135,4.5478,4.5934
2024-04-16,5.33,5.154,4.9352,4.7656,4.6497,4.5809,4.5498,4.5476,4.5667,4.6015,4.6474
2024-04-17,5.33,5.1298,4.9012,4.7261,4.6072,4.5365,4.5044,4.5015,4.5203,4.5549,4.6007
2024-04-18,5.33,5.1489,4.9302,4.7596,4.6425,4.5725,4.5404,4.5373,4.5558,4.59,4.6355
2024-04-19,5.33,5.1465,4.9262,4.7544,4.6364,4.5657,4.5331,4.5296,4.5478,4.5817,4.627
2024-04-22,5.33,5.14,4.9219,4.7511,4.6334,4.5628,4.5301,4.5266,4.5447,4.5785,4.6238
2024-04-23,5.33,5.1256,4.8998,4.7267,4.6091,4.5394,4.508,4.5056,4.5248,4.5597,4.6057
2024-04-24,5.33,5.1309,4.907,4.7377,4.6241,4.558,4.5296,4.5297,4.5508,4.5873,4.6346
2024-04-25,5.33,5.1621,4.9509,4.7879,4.6773,4.6127,4.5849,4.5852,4.6063,4.6425,4.6896
2024-04-26,5.33,5.1632,4.9514,4.7866,4.6741,4.6077,4.5784,4.5774,4.5975,4.633,4.6794
2024-04-29,5.33,5.1503,4.931,4.7611,4.6449,4.5759,4.5447,4.5423,4.5614,4.596,4.6419
2024-04-30,5.33,5.1808,4.974,4.8077,4.6913,4.6207,4.5874,4.583,4.6002,4.6332,4.6776
2024-05-01,5.33,5.1549,4.9352,4.7625,4.6431,4.571,4.5371,4.5325,4.5497,4.583,4.6276
2024-05-02,5.33,5.1195,4.8834,4.7047,4.5838,4.5123,4.4797,4.4766,4.4954,4.53,4.5759
2024-05-03,5.33,5.075,4.8147,4.6268,4.5036,4.4327,4.4018,4.4009,4.4217,4.4583,4.506
2024-05-06,5.33,5.0714,4.8024,4.6102,4.485,4.4131,4.3819,4.3808,4.4016,4.4383,4.4861
2024-05-07,5.33,5.0705,4.7949,4.5984,4.4703,4.3964,4.3638,4.3616,4.3817,4.4178,4.4652
2024-05-08,5.33,5.0792,4.8065,4.6119,4.4849,4.4117,4.3795,4.3777,4.398,4.4342,4.4817
2024-05-09,5.33,5.0665,4.7875,4.5903,4.4626,4.3895,4.3577,4.3563,4.3771,4.4138,4.4617
2024-05-10,5.33,5.0885,4.8159,4.6215,4.4948,4.4218,4.3898,4.3881,4.4085,4.4448,4.4923
2024-05-13,5.33,5.0879,4.8146,4.6193,4.4917,4.418,4.3854,4.3833,4.4033,4.4393,4.4865
2024-05-14,5.33,5.0707,4.7894,4.5906,4.4617,4.3876,4.3551,4.3533,4.3736,4.41,4.4576
2024-05-15,5.33,5.0258,4.7202,4.5106,4.3773,4.302,4.2696,4.2685,4.2899,4.3273,4.3759
2024-05-16,5.33,5.0427,4.7386,4.5289,4.3948,4.3186,4.2852,4.2832,4.3039,4.3406,4.3888
2024-05-17,5.33,5.0588,4.7616,4.5544,4.4208,4.3442,4.3103,4.3076,4.3276,4.3637,4.4113
2024-05-20,5.33,5.0711,4.7795,4.5743,4.4412,4.3644,4.33,4.3267,4.3461,4.3817,4.4288
2024-05-21,5.33,5.0654,4.7713,4.5638,4.4288,4.3505,4.3149,4.3107,4.3294,4.3645,4.4112
2024-05-22,5.33,5.0805,4.7918,4.5841,4.4469,4.3658,4.3275,4.321,4.3377,4.371,4.4163
2024-05-23,5.33,5.1166,4.8435,4.642,4.5065,4.4252,4.3859,4.3781,4.3935,4.4257,4.4698
2024-05-24,5.33,5.1292,4.8622,4.6616,4.5252,4.4424,4.4014,4.3921,4.4061,4.4371,4.4803
2024-05-28,5.33,5.1443,4.8888,4.6931,4.5583,4.4757,4.4343,4.4244,4.4378,4.4681,4.5106
2024-05-29,5.33,5.1646,4.9294,4.7466,4.6203,4.5435,4.5063,4.4992,4.5147,4.5465,4.5901
2024-05-30,5.33,5.14,4.8979,4.7136,4.588,4.5126,4.477,4.4715,4.4883,4.5213,4.566
2024-05-31,5.33,5.1143,4.8602,4.6713,4.5444,4.4692,4.4343,4.4297,4.4475,4.4815,4.527
2024-06-03,5.33,5.0735,4.7932,4.5901,4.4555,4.376,4.3386,4.3327,4.3497,4.3833,4.4287
2024-06-04,5.33,5.0416,4.7393,4.5242,4.3828,4.2994,4.2598,4.2525,4.2687,4.3019,4.3472
2024-06-05,5.33,5.0206,4.7033,4.4808,4.3359,4.2508,4.2105,4.203,4.2194,4.2528,4.2983
2024-06-06,5.33,5.0117,4.6855,4.4589,4.312,4.2261,4.1855,4.178,4.1945,4.2281,4.2738
2024-06-07,5.33,5.0834,4.7857,4.571,4.4283,4.343,4.3015,4.2924,4.3071,4.339,4.3831
2024-06-10,5.33,5.1029,4.8212,4.616,4.479,4.3974,4.3583,4.3509,4.3667,4.3993,4.4438
2024-06-11,5.33,5.075,4.7822,4.5712,4.4313,4.3482,4.3084,4.3007,4.3164,4.3491,4.3938
2024-06-12,5.33,5.037,4.7241,4.5034,4.3591,4.2741,4.2335,4.2258,4.2418,4.2749,4.3201
2024-06-13,5.33,4.9985,4.663,4.4321,4.2834,4.1968,4.1561,4.1488,4.1655,4.1994,4.2454
2024-06-14,5.33,4.9912,4.6455,4.409,4.2571,4.1686,4.1267,4.1186,4.1349,4.1685,4.2143
2024-06-17,5.33,5.0229,4.6874,4.4542,4.3028,4.2135,4.1705,4.1611,4.1762,4.2087,4.2535
2024-06-18,5.33,5.0033,4.6588,4.4215,4.2682,4.1781,4.1349,4.1256,4.1408,4.1736,4.2187
2024-06-20,5.33,5.0094,4.668,4.4326,4.2805,4.1913,4.1487,4.1398,4.1553,4.1883,4.2336
2024-06-21,5.33,5.007,4.668,4.4342,4.2832,4.1948,4.1527,4.1442,4.16,4.1932,4.2386
2024-06-24,5.33,5.0081,4.6697,4.4362,4.2852,4.1967,4.1545,4.146,4.1617,4.1948,4.2402
2024-06-25,5.33,5.0037,4.6639,4.429,4.2771,4.1879,4.1451,4.1361,4.1515,4.1843,4.2295
2024-06-26,5.33,5.0343,4.7109,4.4843,4.3364,4.2492,4.2072,4.1985,4.2139,4.2466,4.2916
2024-06-27,5.33,5.0208,4.6969,4.4706,4.3233,4.2367,4.1953,4.1872,4.203,4.2361,4.2813
2024-06-28,5.33,5.0237,4.7105,4.4919,4.3502,4.2677,4.2294,4.2236,4.2412,4.2756,4.3219
2024-07-01,5.33,5.0525,4.762,4.5595,4.4293,4.3552,4.323,4.3217,4.3427,4.3796,4.4277
2024-07-02,5.33,5.0309,4.7357,4.5339,4.4063,4.3353,4.3061,4.3073,4.3305,4.3693,4.419
2024-07-03,5.33,5.0048,4.6946,4.4861,4.3558,4.284,4.2548,4.2565,4.2803,4.3197,4.3701
2024-07-05,5.33,4.9488,4.6135,4.3957,4.2633,4.1923,4.1651,4.1692,4.1953,4.2368,4.2891
2024-07-08,5.33,4.9414,4.5987,4.3782,4.2451,4.1743,4.1477,4.1524,4.1791,4.2212,4.2741
2024-07-09,5.33,4.9464,4.6036,4.3845,4.2534,4.1845,4.1596,4.1656,4.1934,4.2365,4.29
2024-07-10,5.33,4.9441,4.5979,4.378,4.247,4.1785,4.1542,4.1608,4.1891,4.2326,4.2866
2024-07-11,5.33,4.8747,4.509,4.2835,4.1529,4.0872,4.0662,4.0762,4.1077,4.154,4.2104
2024-07-12,5.33,4.838,4.4607,4.2343,4.1069,4.0456,4.0291,4.0431,4.078,4.1273,4.1862
2024-07-15,5.33,4.8264,4.4514,4.2315,4.1114,4.0568,4.046,4.0648,4.1036,4.156,4.2175
2024-07-16,5.33,4.8047,4.4188,4.1956,4.0754,4.022,4.0128,4.0332,4.0735,4.1272,4.1898
2024-07-17,5.33,4.7969,4.4041,4.1785,4.0577,4.0046,3.996,4.0171,4.058,4.1123,4.1754
2024-07-18,5.33,4.8145,4.4271,4.2048,4.0864,4.0349,4.0274,4.0493,4.0908,4.1455,4.2089
2024-07-19,5.33,4.8297,4.4529,4.237,4.1223,4.0731,4.0671,4.09,4.1321,4.1872,4.2508
2024-07-22,5.33,4.8344,4.4645,4.2525,4.1403,4.0926,4.0876,4.111,4.1536,4.209,4.2728
2024-07-23,5.33,4.8154,4.4443,4.2335,4.1232,4.0775,4.0743,4.0993,4.1432,4.1997,4.2645
2024-07-24,5.33,4.7962,4.4264,4.221,4.1169,4.0771,4.0789,4.1081,4.1555,4.2148,4.2818
2024-07-25,5.33,4.7943,4.427,4.2232,4.1201,4.081,4.0834,4.1129,4.1605,4.22,4.2873
2024-07-26,5.33,4.7612,4.3805,4.1707,4.0653,4.0255,4.0279,4.0579,4.1061,4.1662,4.234
2024-07-29,5.33,4.749,4.3616,4.1481,4.0405,3.9994,4.0011,4.0306,4.0785,4.1385,4.2062
2024-07-30,5.33,4.7325,4.3398,4.1238,4.015,3.9734,3.9749,4.0044,4.0524,4.1125,4.1804
2024-07-31,5.33,4.7014,4.2929,4.0694,3.9572,3.9143,3.9153,3.945,3.9933,4.0538,4.1222
2024-08-01,5.33,4.6226,4.1874,3.9546,3.8409,3.7996,3.8035,3.8362,3.8875,3.9508,4.0216
2024-08-02,5.33,4.4422,3.9623,3.7183,3.6073,3.574,3.5872,3.629,3.6885,3.759,3.8362
2024-08-05,5.33,4.41,3.9152,3.6684,3.5597,3.5303,3.5476,3.5933,3.6562,3.7296,3.8094
2024-08-06,5.33,4.4635,3.9824,3.7447,3.642,3.6167,3.637,3.6846,3.7489,3.8233,3.9036
2024-08-07,5.33,4.485,4.0167,3.7897,3.6956,3.6769,3.7023,3.7539,3.8213,3.8981,3.9802
2024-08-08,5.33,4.5041,4.0449,3.8248,3.736,3.7213,3.7496,3.8035,3.8725,3.9505,4.0336
2024-08-09,5.33,4.504,4.0418,3.8195,3.7289,3.7129,3.7403,3.7934,3.8618,3.9394,4.0222
2024-08-12,5.33,4.4824,4.0095,3.7822,3.6894,3.6725,3.6997,3.753,3.8217,3.8996,3.9827
2024-08-13,5.33,4.4379,3.9491,3.7154,3.6205,3.6036,3.6316,3.6859,3.7558,3.8348,3.9189
2024-08-14,5.33,4.4345,3.9371,3.6985,3.6008,3.5821,3.609,3.6625,3.7319,3.8107,3.8946
2024-08-15,5.33,4.5066,4.0293,3.7968,3.6991,3.6782,3.7019,3.7523,3.8188,3.8949,3.9765
2024-08-16,5.33,4.5002,4.0247,3.7917,3.6928,3.6704,3.6929,3.7422,3.8077,3.8831,3.9641
2024-08-19,5.33,4.4927,4.0177,3.7826,3.681,3.656,3.6761,3.7235,3.7875,3.8615,3.9415
2024-08-20,5.33,4.4561,3.9746,3.7365,3.6335,3.6079,3.628,3.6755,3.7396,3.814,3.8943
2024-08-21,5.33,4.4095,3.9202,3.6808,3.5791,3.5558,3.5782,3.6279,3.6941,3.7702,3.852
2024-08-22,5.33,4.4431,3.9664,3.7329,3.6338,3.6114,3.6341,3.6836,3.7494,3.825,3.9064
2024-08-23,5.33,4.4003,3.9155,3.6808,3.5833,3.5634,3.5887,3.6406,3.7086,3.7861,3.869
2024-08-26,5.33,4.3895,3.9096,3.6781,3.5829,3.5646,3.5911,3.6439,3.7126,3.7906,3.874
2024-08-27,5.33,4.3732,3.8963,3.6693,3.5784,3.564,3.5936,3.6491,3.7199,3.7996,3.8844
2024-08-28,5.33,4.3633,3.8907,3.6675,3.5799,3.5682,3.5999,3.6571,3.7292,3.81,3.8956
2024-08-29,5.33,4.3756,3.9082,3.6885,3.6033,3.5931,3.626,3.6839,3.7566,3.8379,3.9238
2024-08-30,5.33,4.3877,3.9283,3.7138,3.6322,3.6246,3.6592,3.7185,3.7921,3.874,3.9605
2024-09-03,5.33,4.3576,3.8886,3.6699,3.5865,3.5783,3.613,3.6725,3.7465,3.8289,3.9158
2024-09-04,5.33,4.2905,3.8021,3.5777,3.4945,3.4888,3.5266,3.5893,3.6663,3.7513,3.8405
2024-09-05,5.33,4.2628,3.7663,3.5396,3.4566,3.452,3.4913,3.5554,3.6337,3.7199,3.8101
2024-09-06,5.33,4.2177,3.7108,3.4842,3.4052,3.4058,3.4501,3.5187,3.6008,3.6902,3.7832
2024-09-09,5.33,4.1938,3.6855,3.4602,3.3834,3.3862,3.4325,3.5029,3.5866,3.6773,3.7713
2024-09-10,5.33,4.1465,3.6288,3.4018,3.3264,3.3318,3.3808,3.4537,3.5396,3.6323,3.728
2024-09-11,5.33,4.1645,3.6419,3.4119,3.3347,3.3387,3.3869,3.4592,3.5446,3.6369,3.7324
2024-09-12,5.33,4.1634,3.648,3.4226,3.3483,3.3544,3.404,3.4773,3.5635,3.6563,3.7522
2024-09-13,5.33,4.1107,3.5977,3.3768,3.3073,3.3177,3.371,3.4475,3.5362,3.6312,3.7289
2024-09-16,5.33,4.0685,3.5614,3.3451,3.2791,3.2922,3.3477,3.4258,3.5159,3.6121,3.7107
2024-09-17,5.33,4.0686,3.5729,3.3617,3.2979,3.3118,3.3674,3.4454,3.5352,3.631,3.7293
2024-09-18,5.33,4.0552,3.5842,3.3863,3.3298,3.3479,3.4059,3.4854,3.5762,3.6726,3.7712
2024-09-19,5.33,4.0341,3.5824,3.3957,3.3461,3.3685,3.4294,3.5109,3.6031,3.7004,3.7999
2024-09-20,5.33,4.0014,3.5631,3.3844,3.3397,3.3653,3.4284,3.5114,3.6048,3.703,3.8031
2024-09-23,5.33,3.9833,3.5623,3.3929,3.3533,3.3819,3.4468,3.5308,3.6248,3.7235,3.8239
2024-09-24,5.33,3.947,3.5336,3.3697,3.3341,3.3657,3.4328,3.5186,3.614,3.7139,3.8152
2024-09-25,4.83,3.9553,3.5558,3.3995,3.3684,3.4027,3.4714,3.5583,3.6544,3.7546,3.8562
2024-09-26,4.83,3.98,3.5943,3.4413,3.4091,3.4407,3.5065,3.5905,3.684,3.7821,3.8817
2024-09-27,4.83,3.9558,3.565,3.4088,3.3747,3.405,3.47,3.5535,3.6466,3.7445,3.844
2024-09-30,4.83,3.9955,3.62,3.468,3.4333,3.4612,3.5233,3.604,3.6946,3.7902,3.8878
2024-10-01,4.83,3.9777,3.5974,3.4401,3.4006,3.4247,3.4836,3.5618,3.6504,3.7445,3.8409
2024-10-02,4.83,3.9851,3.6149,3.4612,3.4224,3.446,3.504,3.5812,3.6689,3.7621,3.8577
2024-10-03,4.83,4.019,3.6688,3.5227,3.4858,3.5088,3.5653,3.6408,3.7268,3.8184,3.9125
2024-10-04,4.83,4.1411,3.831,3.6958,3.6575,3.6745,3.7237,3.792,3.8714,3.9571,4.0462
2024-10-07,4.83,4.2038,3.9177,3.7882,3.748,3.7603,3.8042,3.8673,3.9422,4.024,4.1096
2024-10-08,4.83,4.2075,3.931,3.8032,3.7615,3.7713,3.8125,3.8732,3.946,4.0259,4.1101
2024-10-09,4.83,4.2306,3.9663,3.842,3.8002,3.8085,3.8478,3.9066,3.9775,4.0559,4.1387
2024-10-10,4.83,4.2305,3.9715,3.85,3.8097,3.8187,3.8584,3.9173,3.9883,4.0668,4.1496
2024-10-11,4.83,4.2066,3.9473,3.828,3.7905,3.8023,3.8445,3.9056,3.9784,4.0583,4.1423
2024-10-15,4.83,4.1967,3.9327,3.8091,3.7681,3.7771,3.817,3.8764,3.9478,4.0267,4.1099
2024-10-16,4.83,4.1865,3.9201,3.7946,3.7523,3.7603,3.7995,3.8583,3.9293,4.0079,4.0909
2024-10-17,4.83,4.2135,3.9567,3.837,3.7981,3.8083,3.8489,3.9086,3.9803,4.0592,4.1424
2024-10-18,4.83,4.2055,3.947,3.828,3.7906,3.8024,3.8445,3.9055,3.9782,4.0581,4.142
2024-10-21,4.83,4.241,4.0035,3.8958,3.8647,3.88,3.9241,3.9863,4.0596,4.1398,4.2238
2024-10-22,4.83,4.2514,4.0249,3.9235,3.8961,3.9137,3.9593,4.0224,4.0963,4.1769,4.2611
2024-10-23,4.83,4.2642,4.0489,3.9544,3.9314,3.952,3.9996,4.0641,4.139,4.2203,4.305
2024-10-24,4.83,4.2618,4.0484,3.9533,3.9289,3.9479,3.994,4.0572,4.1311,4.2115,4.2955
2024-10-25,4.83,4.2857,4.0797,3.9869,3.9625,3.9807,4.0257,4.0878,4.1607,4.2401,4.3233
2024-10-28,4.83,4.2965,4.105,4.0183,3.996,4.0145,4.0591,4.1205,4.1925,4.2712,4.3537
2024-10-29,4.83,4.2928,4.1067,4.0223,4.0012,4.0201,4.0648,4.1261,4.1981,4.2767,4.359
2024-10-30,4.83,4.3031,4.1288,4.0479,4.0265,4.0438,4.0865,4.146,4.2162,4.2932,4.3743
2024-10-31,4.83,4.2996,4.1343,4.0557,4.0338,4.0496,4.0906,4.1484,4.2172,4.2929,4.373
2024-11-01,4.83,4.3161,4.176,4.1093,4.0929,4.1111,4.1529,4.2107,4.2792,4.3545,4.434
2024-11-04,4.83,4.2966,4.155,4.0866,4.0687,4.0856,4.1264,4.1834,4.2513,4.3262,4.4053
2024-11-05,4.83,4.296,4.1553,4.084,4.0621,4.0752,4.1126,4.1668,4.2323,4.3053,4.3829
2024-11-06,4.83,4.3438,4.2285,4.1695,4.1535,4.1692,4.2076,4.262,4.3273,4.3998,4.4769
2024-11-07,4.83,4.3152,4.1889,4.1232,4.1029,4.1157,4.1523,4.2054,4.2698,4.3417,4.4184
2024-11-08,4.83,4.3288,4.2025,4.1314,4.1043,4.1107,4.1416,4.19,4.2505,4.3193,4.3934
2024-11-12,4.83,4.3848,4.2845,4.2228,4.1979,4.2034,4.2321,4.278,4.3361,4.4026,4.4746
2024-11-13,4.62,4.3638,4.2727,4.2184,4.1992,4.2091,4.2413,4.2898,4.3501,4.4182,4.4916
2024-11-14,4.62,4.382,4.2968,4.2417,4.2193,4.2255,4.2541,4.2995,4.3571,4.423,4.4945
2024-11-15,4.62,4.3773,4.291,4.2358,4.2135,4.2199,4.2488,4.2945,4.3522,4.4184,4.49
2024-11-18,4.62,4.3672,4.2764,4.2198,4.1976,4.2046,4.2342,4.2806,4.339,4.4057,4.4779
2024-11-19,4.62,4.359,4.2613,4.2005,4.1758,4.1811,4.2096,4.2553,4.3133,4.3797,4.4516
2024-11-20,4.58,4.3605,4.2638,4.2029,4.1775,4.1822,4.2101,4.2552,4.3127,4.3787,4.4503
2024-11-21,4.58,4.3891,4.2986,4.2379,4.2106,4.2125,4.2377,4.2804,4.3358,4.4,4.4701
2024-11-22,4.58,4.4044,4.3158,4.2529,4.222,4.2204,4.2424,4.2824,4.3355,4.3978,4.4663
2024-11-25,4.58,4.3666,4.2525,4.1731,4.1313,4.1222,4.139,4.1752,4.2256,4.286,4.3532
2024-11-26,4.58,4.3677,4.2548,4.1745,4.131,4.1201,4.1352,4.1701,4.2194,4.2789,4.3453
2024-11-27,4.58,4.3464,4.2236,4.1371,4.0897,4.0762,4.0897,4.1234,4.1719,4.2308,4.2969
2024-11-29,4.58,4.3174,4.1804,4.0866,4.0354,4.02,4.0324,4.0657,4.114,4.1729,4.2391
2024-12-02,4.58,4.3152,4.1782,4.0835,4.031,4.0144,4.0259,4.0583,4.1059,4.1643,4.23
2024-12-03,4.58,4.309,4.1819,4.0933,4.045,4.0311,4.0445,4.0783,4.1269,4.1861,4.2524
2024-12-04,4.58,4.2795,4.1495,4.0618,4.0157,4.0044,4.0201,4.056,4.1064,4.1671,4.2346
2024-12-05,4.58,4.2708,4.1403,4.0516,4.0043,3.9919,4.0068,4.0419,4.0918,4.152,4.2192
2024-12-06,4.58,4.2417,4.1096,4.021,3.9745,3.9632,3.979,4.0151,4.0658,4.1267,4.1946
2024-12-09,4.58,4.2426,4.1198,4.0366,3.9933,3.9839,4.001,4.0379,4.0891,4.1504,4.2186
2024-12-10,4.58,4.247,4.1329,4.0545,4.0139,4.0061,4.0242,4.0617,4.1133,4.1748,4.243
2024-12-11,4.58,4.2479,4.1493,4.08,4.0451,4.0409,4.0613,4.1005,4.1532,4.2155,4.2843
2024-12-12,4.58,4.2509,4.1725,4.115,4.0872,4.0875,4.1109,4.152,4.2061,4.2693,4.3388
2024-12-13,4.58,4.2722,4.2171,4.1727,4.1526,4.1575,4.1837,4.2267,4.2819,4.3459,4.4157
2024-12-16,4.58,4.2713,4.2216,4.1806,4.1628,4.1692,4.1966,4.2403,4.2962,4.3606,4.4308
2024-12-17,4.58,4.273,4.2252,4.1861,4.1698,4.1775,4.2058,4.2503,4.3067,4.3715,4.4421
2024-12-18,4.58,4.3084,4.2889,4.2658,4.2589,4.2724,4.3043,4.3511,4.4089,4.4747,4.5459
2024-12-19,4.58,4.3111,4.3108,4.3006,4.3026,4.3224,4.3589,4.4089,4.4693,4.5369,4.6095
2024-12-20,4.58,4.2925,4.2885,4.277,4.2787,4.2986,4.3354,4.3859,4.4467,4.5147,4.5876
2024-12-23,4.58,4.3139,4.3215,4.3168,4.3227,4.3454,4.3839,4.4356,4.4971,4.5657,4.6389
2024-12-24,4.58,4.3222,4.33,4.3268,4.3344,4.3586,4.3986,4.4514,4.5138,4.5831,4.6569
2024-12-26,4.33,4.3109,4.3167,4.3133,4.3215,4.3464,4.387,4.4404,4.5034,4.5732,4.6474
2024-12-27,4.33,4.3011,4.3173,4.3212,4.3347,4.3635,4.407,4.4627,4.5274,4.5984,4.6736
2024-12-30,4.33,4.2641,4.2635,4.2615,4.2737,4.3034,4.3485,4.4059,4.4723,4.5449,4.6215
2024-12-31,4.33,4.2575,4.2545,4.2535,4.268,4.3,4.3474,4.4067,4.4747,4.5486,4.6264
2025-01-02,4.33,4.2491,4.2433,4.2425,4.2582,4.2917,4.3405,4.401,4.4701,4.545,4.6235
2025-01-03,4.33,4.2579,4.2606,4.2647,4.2834,4.3188,4.3688,4.4302,4.4998,4.575,4.6538
2025-01-06,4.33,4.2569,4.2643,4.2723,4.2941,4.3319,4.3838,4.4467,4.5174,4.5935,4.673
2025-01-07,4.33,4.2682,4.2855,4.3006,4.3276,4.3693,4.424,4.4889,4.5613,4.6386,4.7189
2025-01-08,4.33,4.2619,4.2791,4.2961,4.3256,4.3696,4.4263,4.493,4.5668,4.6452,4.7265
2025-01-09,4.33,4.2566,4.2752,4.2954,4.3282,4.3753,4.4348,4.5036,4.5792,4.6591,4.7415
2025-01-10,4.33,4.3114,4.3542,4.3862,4.4246,4.4742,4.5345,4.6034,4.6787,4.7581,4.8399
2025-01-13,4.33,4.3326,4.3829,4.4184,4.4586,4.5089,4.5695,4.6385,4.7137,4.7929,4.8746
2025-01-14,4.33,4.323,4.3724,4.4087,4.4501,4.5017,4.5634,4.6334,4.7094,4.7894,4.8716
2025-01-15,4.33,4.2659,4.2886,4.3117,4.3465,4.3951,4.4555,4.5251,4.6012,4.6815,4.7642
2025-01-16,4.33,4.2418,4.2468,4.2608,4.291,4.3372,4.3965,4.4656,4.5415,4.6219,4.7048
2025-01-17,4.33,4.2541,4.2575,4.2683,4.2952,4.3383,4.3949,4.4619,4.536,4.6149,4.6967
2025-01-21,4.33,4.2588,4.2554,4.2599,4.2812,4.3199,4.373,4.4371,4.5091,4.5863,4.6666
2025-01-22,4.33,4.2669,4.2661,4.271,4.292,4.33,4.3824,4.4459,4.5173,4.594,4.6739
2025-01-23,4.33,4.2726,4.279,4.2883,4.3121,4.352,4.4057,4.47,4.542,4.6191,4.6992
2025-01-24,4.33,4.2632,4.2696,4.2793,4.3036,4.3439,4.398,4.4627,4.5349,4.6123,4.6927
2025-01-27,4.33,4.2244,4.2117,4.2122,4.2322,4.2707,4.3241,4.3888,4.4614,4.5391,4.6201
2025-01-28,4.33,4.2191,4.2027,4.2021,4.2223,4.2613,4.3154,4.3807,4.4538,4.5321,4.6134
2025-01-29,4.33,4.2334,4.2182,4.2174,4.2366,4.2745,4.3276,4.392,4.4644,4.5421,4.6229
2025-01-30,4.33,4.2197,4.1966,4.1915,4.2084,4.2451,4.2975,4.3615,4.4337,4.5113,4.5921
2025-01-31,4.33,4.2375,4.2229,4.2226,4.2423,4.2806,4.3341,4.3987,4.4713,4.5491,4.63
2025-02-03,4.33,4.2492,4.2314,4.2262,4.2408,4.2747,4.3244,4.3861,4.4562,4.5319,4.6112
2025-02-04,4.33,4.2377,4.2128,4.2039,4.2168,4.2499,4.2992,4.3607,4.4308,4.5066,4.586
2025-02-05,4.33,4.2152,4.1723,4.1522,4.1579,4.1862,4.2323,4.2915,4.36,4.4347,4.5133
2025-02-06,4.33,4.2291,4.1866,4.1645,4.1674,4.1929,4.2365,4.2937,4.3605,4.4338,4.5113
2025-02-07,4.33,4.2709,4.2395,4.2187,4.2191,4.2409,4.2808,4.3344,4.3982,4.4689,4.5441
2025-02-10,4.33,4.2806,4.2528,4.2317,4.2305,4.2504,4.2883,4.3403,4.4026,4.4721,4.5464
2025-02-11,4.33,4.2935,4.2727,4.2546,4.2544,4.2744,4.312,4.3637,4.4256,4.4946,4.5685
2025-02-12,4.33,4.3358,4.3388,4.3327,4.3386,4.3616,4.4007,4.4529,4.5149,4.5839,4.6574
2025-02-13,4.33,4.3087,4.3019,4.2893,4.2907,4.3106,4.3475,4.3981,4.459,4.5272,4.6001
2025-02-14,4.33,4.2822,4.2621,4.2422,4.2394,4.2569,4.2923,4.3421,4.4025,4.4704,4.5432
2025-02-18,4.33,4.3064,4.2945,4.279,4.2788,4.2978,4.3341,4.3844,4.445,4.513,4.5859
2025-02-19,4.33,4.289,4.2738,4.2585,4.2597,4.2804,4.3185,4.3702,4.4322,4.5013,4.5752
2025-02-20,4.33,4.2786,4.2593,4.2418,4.2419,4.2619,4.2996,4.3512,4.413,4.4821,4.5559
2025-02-21,4.33,4.2393,4.2029,4.1784,4.1762,4.1962,4.2346,4.2873,4.3504,4.4206,4.4955
2025-02-24,4.33,4.2184,4.1736,4.1463,4.1437,4.1641,4.2035,4.2572,4.3212,4.3922,4.4679
2025-02-25,4.33,4.1776,4.1094,4.0706,4.0624,4.0803,4.1186,4.172,4.2361,4.3075,4.3836
2025-02-26,4.33,4.1597,4.0732,4.0248,4.0115,4.0266,4.0633,4.1159,4.1796,4.2508,4.3269
2025-02-27,4.33,4.165,4.077,4.0289,4.0164,4.0324,4.0701,4.1235,4.1879,4.2596,4.3362
2025-02-28,4.33,4.131,4.0293,3.9773,3.9651,3.9831,4.0231,4.0788,4.1453,4.219,4.2972
2025-03-03,4.33,4.1012,3.9807,3.9208,3.9057,3.9231,3.9637,4.0202,4.0877,4.1624,4.2415
2025-03-04,4.33,4.0949,3.978,3.9233,3.9135,3.9355,3.9798,4.0395,4.1095,4.1862,4.267
2025-03-05,4.33,4.1168,4.0114,3.9649,3.9609,3.9872,4.0346,4.0966,4.1683,4.2462,4.3279
2025-03-06,4.33,4.0997,3.9972,3.9563,3.9583,3.99,4.042,4.1078,4.1825,4.263,4.3467
2025-03-07,4.33,4.1062,4.009,3.9729,3.9788,4.0137,4.0682,4.1359,4.2122,4.2938,4.3785
2025-03-10,4.33,4.0539,3.9371,3.894,3.8986,3.9345,3.9909,4.0608,4.1391,4.2226,4.309
2025-03-11,4.33,4.0654,3.9514,3.9117,3.9193,3.9578,4.0163,4.0878,4.1675,4.252,4.3392
2025-03-12,4.33,4.0932,3.9884,3.9533,3.9634,4.003,4.0621,4.1337,4.2134,4.2978,4.3848
2025-03-13,4.33,4.0721,3.9585,3.92,3.9291,3.9688,4.0285,4.1009,4.1813,4.2664,4.354
2025-03-14,4.33,4.0998,3.9959,3.9607,3.9702,4.0093,4.0679,4.1391,4.2184,4.3025,4.3892
2025-03-17,4.33,4.1195,4.0211,3.9855,3.9926,4.0286,4.0841,4.1527,4.2297,4.3119,4.397
2025-03-18,4.33,4.1176,4.0158,3.9763,3.9796,4.0124,4.0654,4.1319,4.2073,4.2882,4.3723
2025-03-19,4.33,4.099,3.9873,3.9428,3.9437,3.9753,4.0278,4.0942,4.1696,4.2506,4.3348
2025-03-20,4.33,4.0782,3.9606,3.914,3.9145,3.9465,3.9996,4.0666,4.1427,4.2243,4.3091
2025-03-21,4.33,4.0678,3.9482,3.9026,3.905,3.9391,3.9941,4.0627,4.1402,4.2229,4.3087
2025-03-24,4.33,4.1034,4.0028,3.9664,3.9733,4.0094,4.0652,4.134,4.2113,4.2938,4.3791
2025-03-25,4.33,4.0958,3.9944,3.9582,3.9656,4.0024,4.0588,4.1281,4.2058,4.2887,4.3743
2025-03-26,4.33,4.1027,4.0061,3.9733,3.9831,4.0216,4.0793,4.1496,4.228,4.3114,4.3974
2025-03-27,4.33,4.1031,4.0096,3.9805,3.9937,4.0351,4.0952,4.1674,4.2473,4.3319,4.4189
2025-03-28,4.33,4.056,3.9395,3.9007,3.9106,3.9514,4.0122,4.0856,4.1668,4.2527,4.341
2025-03-31,4.33,4.0397,3.9091,3.8639,3.8711,3.9111,3.9717,4.0454,4.1272,4.2135,4.3023
2025-04-01,4.33,4.0199,3.8749,3.8222,3.8253,3.863,3.9224,3.9955,4.0769,4.1631,4.2519
2025-04-02,4.33,4.0417,3.8987,3.8457,3.8476,3.8839,3.942,4.0138,4.0941,4.1795,4.2675
2025-04-03,4.33,3.9596,3.7784,3.71,3.7071,3.7434,3.8033,3.8777,3.9608,4.0488,4.1392
2025-04-04,4.33,3.9174,3.7217,3.6483,3.6444,3.6815,3.7429,3.8189,3.9035,3.9929,4.0846
2025-04-07,4.33,3.9342,3.7568,3.6975,3.7045,3.7497,3.8173,3.8981,3.9863,4.0785,4.1723
2025-04-08,4.33,3.9394,3.7774,3.7351,3.7576,3.8159,3.8942,3.9834,4.0784,4.1759,4.274
2025-04-09,4.33,4.0372,3.9041,3.8747,3.9024,3.9622,4.0402,4.1285,4.2222,4.3183,4.4149
2025-04-10,4.33,4.0216,3.8965,3.8776,3.9154,3.9839,4.0691,4.1632,4.2616,4.3614,4.4611
2025-04-11,4.33,4.0662,3.9638,3.9571,4.0015,4.0737,4.161,4.2562,4.3552,4.4553,4.555
2025-04-14,4.33,4.0164,3.8933,3.8789,3.9215,3.9945,4.0835,4.1807,4.2816,4.3835,4.4849
2025-04-15,4.33,4.0006,3.8644,3.844,3.8841,3.9561,4.045,4.1424,4.2436,4.346,4.4478
2025-04-16,4.33,3.9649,3.8082,3.7791,3.8161,3.8876,3.977,4.0754,4.1778,4.2812,4.3841
2025-04-17,4.33,3.9827,3.8262,3.7989,3.8379,3.9112,4.0022,4.1019,4.2052,4.3095,4.413
2025-04-21,4.33,3.966,3.8126,3.7951,3.8452,3.9289,4.0287,4.1358,4.2451,4.3543,4.4617
2025-04-22,4.33,3.9735,3.8219,3.8072,3.8601,3.9461,4.0479,4.1565,4.2671,4.3773,4.4855
2025-04-23,4.33,3.9933,3.8457,3.8307,3.8818,3.9656,4.0653,4.172,4.281,4.3897,4.4967
2025-04-24,4.33,3.9681,3.8057,3.7819,3.8275,3.9079,4.0053,4.1105,4.2185,4.3266,4.4332
2025-04-25,4.33,3.9521,3.7769,3.7454,3.7861,3.8634,3.9587,4.0625,4.1695,4.2769,4.3831
2025-04-28,4.33,3.9169,3.7236,3.6843,3.7221,3.7986,3.8942,3.9986,4.1065,4.2147,4.3217
2025-04-29,4.33,3.8918,3.6843,3.6383,3.673,3.7483,3.8435,3.9481,4.0562,4.1648,4.2723
2025-04-30,4.33,3.8647,3.6434,3.5934,3.6285,3.7056,3.8032,3.9101,4.0203,4.1309,4.2399
2025-05-01,4.33,3.9059,3.6981,3.6544,3.6922,3.7703,3.8681,3.9747,4.0845,4.1945,4.3031
2025-05-02,4.33,3.9721,3.7867,3.7506,3.7895,3.8661,3.9613,4.0652,4.1724,4.28,4.3864
2025-05-05,4.33,3.9901,3.8165,3.7852,3.8257,3.9023,3.9971,4.1002,4.2067,4.3136,4.4192
2025-05-06,4.33,3.9707,3.7928,3.7603,3.8008,3.878,3.9734,4.0773,4.1844,4.2919,4.3981
2025-05-07,4.33,3.9633,3.7779,3.7402,3.777,3.8517,3.9452,4.0477,4.1538,4.2605,4.3661
2025-05-08,4.33,4.0193,3.8566,3.8276,3.8669,3.9411,4.0331,4.1337,4.2379,4.3429,4.4468
2025-05-09,4.33,4.0228,3.8677,3.8417,3.8817,3.9558,4.0473,4.1474,4.251,4.3554,4.4589
2025-05-12,4.33,4.0827,3.9431,3.9221,3.9625,4.0352,4.1247,4.2226,4.3241,4.4266,4.5285
2025-05-13,4.33,4.1064,3.9792,3.963,4.0048,4.0774,4.1662,4.2631,4.3637,4.4654,4.5664
2025-05-14,4.33,4.1286,4.0141,4.0029,4.0462,4.1187,4.2068,4.3028,4.4024,4.5031,4.6033
2025-05-15,4.33,4.0897,3.9611,3.9433,3.9837,4.055,4.1428,4.239,4.339,4.4402,4.5408
2025-05-16,4.33,4.085,3.9545,3.9337,3.971,4.0396,4.1251,4.2195,4.318,4.418,4.5178
2025-05-19,4.33,4.0907,3.9577,3.9363,3.9738,4.043,4.1291,4.224,4.323,4.4234,4.5235
2025-05-20,4.33,4.0902,3.9584,3.9391,3.9788,4.0499,4.1376,4.2338,4.3339,4.4352,4.5359
2025-05-21,4.33,4.105,3.9906,3.9836,4.0321,4.1095,4.2019,4.3016,4.4043,4.5075,4.6097
2025-05-22,4.33,4.1037,3.9867,3.9791,4.0278,4.1058,4.1987,4.2989,4.4021,4.5057,4.6083
2025-05-23,4.33,4.1028,3.9817,3.9706,4.0164,4.092,4.1832,4.282,4.3841,4.4868,4.5887
2025-05-27,4.33,4.0842,3.9483,3.9276,3.967,4.0383,4.1263,4.2229,4.3234,4.425,4.526
2025-05-28,4.33,4.1018,3.9696,3.9489,3.987,4.0566,4.1429,4.2381,4.3372,4.4377,4.5378
2025-05-29,4.33,4.0867,3.9428,3.9157,3.9501,4.0176,4.1027,4.197,4.2957,4.3959,4.4959
2025-05-30,4.33,4.0714,3.9184,3.8873,3.9203,3.9875,4.0728,4.1676,4.2667,4.3674,4.4679
2025-06-02,4.33,4.08,3.9327,3.9058,3.9418,4.0111,4.0981,4.194,4.2941,4.3955,4.4964
2025-06-03,4.33,4.0864,3.9444,3.9201,3.9572,4.027,4.1141,4.2101,4.3101,4.4113,4.5122
2025-06-04,4.33,4.0461,3.8846,3.851,3.884,3.9521,4.0387,4.1348,4.2352,4.337,4.4384
2025-06-05,4.33,4.0612,3.9054,3.8734,3.9061,3.9734,4.0589,4.1539,4.2534,4.3543,4.455
2025-06-06,4.33,4.1153,3.9885,3.9692,4.0069,4.0754,4.1606,4.2546,4.3528,4.4524,4.5518
2025-06-09,4.33,4.1143,3.9888,3.9695,4.0068,4.0747,4.1594,4.2529,4.3507,4.4499,4.549
2025-06-10,4.33,4.1131,3.9854,3.9638,3.9992,4.0656,4.1491,4.2416,4.3386,4.4373,4.5359
2025-06-11,4.33,4.0849,3.9429,3.9149,3.9474,4.0129,4.0962,4.1889,4.2863,4.3855,4.4846
2025-06-12,4.33,4.0597,3.9023,3.8664,3.8951,3.9586,4.041,4.1334,4.2308,4.33,4.4293
2025-06-13,4.33,4.0753,3.9257,3.8937,3.9242,3.9886,4.0713,4.1638,4.2611,4.3603,4.4594
2025-06-16,4.33,4.0885,3.9479,3.9207,3.9539,4.0197,4.1032,4.1962,4.2937,4.393,4.4921
2025-06-17,4.33,4.0725,3.9247,3.8922,3.9216,3.9846,4.0661,4.1575,4.2539,4.3523,4.4508
2025-06-18,4.33,4.0716,3.9207,3.886,3.9137,3.9754,4.056,4.1467,4.2425,4.3405,4.4387
2025-06-20,4.33,4.0532,3.9004,3.8659,3.8945,3.9575,4.0392,4.131,4.2277,4.3265,4.4254
2025-06-23,4.33,4.0158,3.8531,3.8159,3.845,3.9095,3.9931,4.0867,4.1852,4.2854,4.3857
2025-06-24,4.33,3.9884,3.8141,3.7728,3.801,3.866,3.9506,4.0454,4.145,4.2463,4.3475
2025-06-25,4.33,3.973,3.7924,3.7499,3.7788,3.8454,3.9317,4.028,4.1289,4.2314,4.3336
2025-06-26,4.33,3.9494,3.7555,3.7092,3.7384,3.8068,3.8954,3.9939,4.0969,4.2012,4.3049
2025-06-27,4.33,3.9578,3.7662,3.7227,3.7546,3.8253,3.9157,4.0158,4.12,4.2252,4.3297
2025-06-30,4.33,3.9496,3.7424,3.6921,3.7213,3.7911,3.8815,3.982,4.0867,4.1925,4.2975
2025-07-01,4.33,3.9727,3.7688,3.7188,3.7471,3.8156,3.9048,4.0041,4.1077,4.2126,4.3168
2025-07-02,4.33,3.9839,3.7871,3.7414,3.7726,3.843,3.9334,4.0336,4.1379,4.2432,4.3477
2025-07-03,4.33,4.0365,3.8536,3.8116,3.8421,3.9103,3.9981,4.0956,4.1974,4.3006,4.4033
2025-07-07,4.33,4.0515,3.8771,3.8397,3.8727,3.9424,4.0309,4.1289,4.231,4.3343,4.437
2025-07-08,4.33,4.0611,3.8939,3.8606,3.8961,3.9672,4.0567,4.1553,4.2578,4.3613,4.4642
2025-07-09,4.33,4.0327,3.8534,3.8142,3.8468,3.9167,4.0057,4.1041,4.2067,4.3105,4.4136
2025-07-10,4.33,4.0316,3.8528,3.8132,3.8453,3.9145,4.0029,4.1008,4.2031,4.3065,4.4093
2025-07-11,4.33,4.0467,3.8828,3.8521,3.8895,3.9622,4.0528,4.1523,4.2556,4.3597,4.463
2025-07-14,4.33,4.0463,3.8835,3.8549,3.8945,3.969,4.0613,4.1621,4.2665,4.3714,4.4754
2025-07-15,4.33,4.0726,3.924,3.9028,3.9465,4.0232,4.1167,4.2181,4.3227,4.4278,4.5318
2025-07-16,4.33,4.045,3.8898,3.8678,3.913,3.9919,4.0877,4.1912,4.2977,4.4043,4.5097
2025-07-17,4.33,4.0493,3.8968,3.8763,3.9222,4.0016,4.0976,4.2012,4.3077,4.4144,4.5197
2025-07-18,4.33,4.0262,3.8666,3.8438,3.8895,3.9695,4.0664,4.171,4.2784,4.3859,4.4919
2025-07-21,4.33,4.0096,3.8363,3.8062,3.8478,3.9256,4.0213,4.1252,4.2322,4.3395,4.4455
2025-07-22,4.33,3.997,3.8123,3.776,3.8141,3.8899,3.9844,4.0876,4.1942,4.3013,4.4072
2025-07-23,4.33,4.0174,3.8393,3.806,3.8455,3.9218,4.0164,4.1196,4.226,4.3329,4.4385
2025-07-24,4.33,4.0435,3.8742,3.8433,3.8825,3.9575,4.0504,4.1519,4.2569,4.3624,4.467
2025-07-25,4.33,4.0383,3.8686,3.8355,3.8722,3.9448,4.0358,4.1357,4.2393,4.3438,4.4475
2025-07-28,4.33,4.0451,3.8812,3.8504,3.8878,3.9603,4.0508,4.1502,4.2534,4.3575,4.4607
2025-07-29,4.33,4.0199,3.8449,3.8066,3.8386,3.9074,3.9953,4.0928,4.1946,4.2976,4.4002
2025-07-30,4.33,4.0558,3.8892,3.8511,3.8804,3.9455,4.0297,4.1239,4.2228,4.3234,4.4239
2025-07-31,4.33,4.0642,3.9013,3.862,3.8885,3.9505,4.0319,4.1236,4.2204,4.3192,4.4183
2025-08-01,4.33,3.9364,3.7453,3.6984,3.726,3.7926,3.8794,3.9764,4.0782,4.1814,4.2844
2025-08-04,4.33,3.8914,3.6934,3.6465,3.6765,3.7461,3.836,3.9359,4.0401,4.1454,4.2501
2025-08-05,4.33,3.8915,3.6961,3.6506,3.6814,3.7515,3.8417,3.9418,4.0461,4.1515,4.2563
2025-08-06,4.33,3.8814,3.6889,3.6465,3.6802,3.7527,3.8449,3.9465,4.0521,4.1586,4.2642
2025-08-07,4.33,3.8901,3.7046,3.6655,3.7007,3.7738,3.8661,3.9677,4.0732,4.1795,4.2849
2025-08-08,4.33,3.9047,3.7297,3.696,3.7339,3.8085,3.9016,4.0035,4.1091,4.2154,4.3208
2025-08-11,4.33,3.9032,3.7308,3.6983,3.7367,3.8115,3.9045,4.0065,4.112,4.2182,4.3235
2025-08-12,4.33,3.8888,3.7188,3.6898,3.7319,3.8098,3.9056,4.0097,4.1171,4.2247,4.3312
2025-08-13,4.33,3.849,3.6723,3.642,3.6849,3.7644,3.862,3.9678,4.0766,4.1857,4.2933
2025-08-14,4.33,3.8694,3.7006,3.6741,3.7189,3.7993,3.8972,4.0031,4.1119,4.2208,4.3282
2025-08-15,4.33,3.8831,3.7234,3.7021,3.7499,3.8322,3.9312,4.0378,4.147,4.2562,4.3638
2025-08-18,4.33,3.892,3.734,3.7142,3.7632,3.8463,3.946,4.0531,4.1627,4.2721,4.3799
2025-08-19,4.33,3.8775,3.7155,3.6938,3.7419,3.8246,3.9242,4.0313,4.1409,4.2505,4.3584
2025-08-20,4.33,3.8631,3.6964,3.673,3.7208,3.8039,3.904,4.0117,4.1219,4.232,4.3403
2025-08-21,4.33,3.8949,3.7351,3.7137,3.7613,3.8434,3.9423,4.0487,4.1578,4.2668,4.3743
2025-08-22,4.33,3.845,3.6723,3.6462,3.693,3.7758,3.8759,3.9838,4.0944,4.2047,4.3134
2025-08-25,4.33,3.8477,3.68,3.6562,3.7038,3.7868,3.887,3.9947,4.105,4.2152,4.3237
2025-08-26,4.33,3.8226,3.6484,3.6233,3.6717,3.7563,3.8581,3.9674,4.0792,4.1906,4.3002
2025-08-27,4.33,3.8021,3.6228,3.5968,3.646,3.7319,3.8352,3.9459,4.0588,4.1713,4.2817
2025-08-28,4.33,3.798,3.6151,3.5863,3.6336,3.718,3.8202,3.93,4.0423,4.1543,4.2644
2025-08-29,4.33,3.7836,3.6023,3.5756,3.6247,3.7109,3.8145,3.9255,4.0388,4.1516,4.2623
2025-09-02,4.33,3.7998,3.6294,3.6089,3.6615,3.7497,3.8546,3.9664,4.0801,4.1931,4.304
2025-09-03,4.33,3.774,3.5982,3.575,3.6265,3.7143,3.819,3.9309,4.0448,4.158,4.2692
2025-09-04,4.33,3.7477,3.5648,3.5375,3.5865,3.6728,3.7766,3.8879,4.0015,4.1145,4.2256
2025-09-05,4.33,3.6802,3.4949,3.467,3.5163,3.6031,3.7075,3.8195,3.9338,4.0475,4.1592
2025-09-08,4.33,3.661,3.4713,3.4402,3.487,3.572,3.6752,3.7862,3.8998,4.013,4.1243
2025-09-09,4.33,3.6758,3.4928,3.4626,3.508,3.5909,3.6919,3.8009,3.9127,4.0245,4.1345
2025-09-10,4.33,3.6714,3.4902,3.4581,3.5005,3.5804,3.6786,3.7853,3.8952,4.0054,4.1142
2025-09-11,4.33,3.6647,3.4844,3.4501,3.4895,3.5664,3.6621,3.7666,3.8747,3.9835,4.0911
2025-09-12,4.33,3.6818,3.5129,3.4829,3.5234,3.6,3.6948,3.7983,3.9055,4.0133,4.1201
2025-09-15,4.33,3.6687,3.5034,3.4744,3.5147,3.5907,3.6849,3.7878,3.8944,4.0018,4.1082
2025-09-16,4.33,3.6541,3.4895,3.4609,3.5015,3.5777,3.6721,3.7752,3.8819,3.9894,4.096
2025-09-17,4.33,3.6571,3.5025,3.4783,3.5208,3.5977,3.6922,3.7951,3.9016,4.0088,4.1151
2025-09-18,4.33,3.6746,3.5325,3.5146,3.5602,3.6386,3.7337,3.8369,3.9434,4.0505,4.1566
2025-09-19,4.33,3.6806,3.5467,3.5335,3.5821,3.6623,3.7586,3.8626,3.9696,4.0771,4.1835
2025-09-22,4.33,3.6829,3.5586,3.5496,3.5998,3.6805,3.7768,3.8805,3.9872,4.0943,4.2003
2025-09-23,4.33,3.6741,3.5488,3.5383,3.587,3.6663,3.7615,3.8643,3.9702,4.0768,4.1824
2025-09-24,4.08,3.6845,3.5664,3.5595,3.6098,3.6899,3.7853,3.8881,3.994,4.1004,4.2059
2025-09-25,4.08,3.7227,3.6133,3.6072,3.6553,3.7323,3.8245,3.9245,4.0278,4.1321,4.2356
2025-09-26,4.08,3.7264,3.6243,3.6212,3.6704,3.7475,3.8395,3.9391,4.0421,4.1459,4.2491
2025-09-29,4.08,3.7138,3.6092,3.6034,3.6503,3.7255,3.8159,3.9143,4.0163,4.1194,4.2221
2025-09-30,4.08,3.7029,3.5981,3.5931,3.6408,3.7169,3.8082,3.9072,4.0099,4.1135,4.2165
2025-10-01,4.09,3.6682,3.555,3.5481,3.5967,3.6746,3.768,3.869,3.9734,4.0785,4.1829
2025-10-02,4.09,3.6592,3.5398,3.5304,3.5783,3.6563,3.75,3.8514,3.9562,4.0618,4.1666
2025-10-03,4.09,3.6744,3.5596,3.5529,3.6024,3.6814,3.7757,3.8776,3.9826,4.0884,4.1932
2025-10-06,4.09,3.6858,3.5808,3.5801,3.6334,3.7149,3.8109,3.914,4.0199,4.1262,4.2314
2025-10-07,4.09,3.671,3.5614,3.5589,3.6116,3.6931,3.7893,3.8926,3.9988,4.1054,4.211
2025-10-08,4.09,3.6757,3.5672,3.5647,3.6169,3.6978,3.7934,3.8963,4.0021,4.1083,4.2136
2025-10-09,4.09,3.6845,3.5764,3.5739,3.6261,3.7068,3.8023,3.905,4.0106,4.1168,4.2219
2025-10-10,4.09,3.6468,3.5207,3.5097,3.558,3.6372,3.7323,3.8351,3.9411,4.0477,4.1534
2025-10-14,4.09,3.6186,3.4792,3.4631,3.51,3.5894,3.6853,3.7892,3.8963,4.0039,4.1105
2025-10-15,4.1,3.6298,3.489,3.4727,3.5199,3.5996,3.6959,3.8001,3.9075,4.0154,4.1222
2025-10-16,4.1,3.5917,3.434,3.4115,3.4572,3.5376,3.6352,3.741,3.85,3.9593,4.0675
2025-10-17,4.1,3.5985,3.4458,3.4263,3.4739,3.5555,3.654,3.7604,3.8697,3.9793,4.0876
2025-10-20,4.1,3.5907,3.4409,3.4222,3.4698,3.551,3.6491,3.755,3.864,3.9733,4.0813
2025-10-21,4.1,3.5816,3.4304,3.4097,3.4554,3.5349,3.6316,3.7364,3.8444,3.953,4.0605
2025-10-22,4.11,3.5748,3.4227,3.4016,3.4471,3.5266,3.6233,3.7282,3.8363,3.945,4.0526
2025-10-23,4.11,3.5972,3.4558,3.4386,3.485,3.5641,3.6599,3.7637,3.8709,3.9786,4.0853
2025-10-24,4.11,3.5935,3.4597,3.4457,3.4933,3.5727,3.6683,3.7719,3.8787,3.9861,4.0925
2025-10-27,4.11,3.5904,3.4669,3.4557,3.503,3.5809,3.6748,3.7766,3.8819,3.988,4.0933
2025-10-28,4.11,3.5858,3.4663,3.455,3.5006,3.5766,3.6685,3.7687,3.8726,3.9775,4.0818
2025-10-29,4.11,3.6492,3.5473,3.5402,3.5844,3.6568,3.7448,3.8411,3.9416,4.0434,4.1452
2025-10-30,4.11,3.6713,3.58,3.5759,3.6199,3.691,3.7772,3.8719,3.9707,4.0712,4.1717
2025-10-31,4.11,3.6687,3.5824,3.5798,3.6236,3.6939,3.7793,3.8731,3.9712,4.0711,4.171
2025-11-03,4.11,3.6817,3.5922,3.5881,3.6314,3.7016,3.787,3.8809,3.979,4.079,4.179
2025-11-04,4.11,3.6665,3.572,3.5664,3.6096,3.6803,3.7664,3.861,3.9599,4.0604,4.1609
2025-11-05,3.87,3.6921,3.6097,3.6103,3.6569,3.7292,3.8162,3.9112,4.0102,4.1107,4.2112
2025-11-06,3.87,3.6559,3.565,3.5628,3.609,3.6821,3.7701,3.8662,3.9663,4.0678,4.1692
2025-11-07,3.87,3.6429,3.5488,3.5462,3.5932,3.6674,3.7566,3.8537,3.9547,4.057,4.1591
2025-11-10,3.87,3.658,3.567,3.566,3.6137,3.6883,3.7777,3.8749,3.9759,4.0781,4.1801
2025-11-12,3.87,3.6483,3.5487,3.5431,3.5883,3.6614,3.7499,3.8466,3.9473,4.0494,4.1512
2025-11-13,3.87,3.6651,3.5689,3.5647,3.6105,3.6837,3.7721,3.8686,3.9691,4.0709,4.1726
2025-11-14,3.87,3.6816,3.5917,3.5907,3.6381,3.7121,3.8009,3.8976,3.9981,4.0999,4.2015
2025-11-17,3.87,3.6808,3.5893,3.5872,3.6336,3.707,3.7953,3.8916,3.9918,4.0934,4.1947
2025-11-18,3.87,3.6618,3.5673,3.5651,3.6126,3.6873,3.7769,3.8744,3.9757,4.0782,4.1803
2025-11-19,3.88,3.6583,3.5634,3.5622,3.6112,3.6874,3.7783,3.8769,3.9791,4.0824,4.1851
2025-11-20,3.88,3.6468,3.546,3.5427,3.5912,3.6676,3.7591,3.8583,3.961,4.0648,4.168
2025-11-21,3.88,3.613,3.5039,3.498,3.5464,3.6237,3.7164,3.8168,3.9207,4.0256,4.1298
2025-11-24,3.88,3.6018,3.4872,3.4789,3.5262,3.6031,3.6957,3.7963,3.9004,4.0054,4.1098
2025-11-25,3.88,3.5842,3.4627,3.451,3.4969,3.5732,3.6657,3.7663,3.8705,3.9758,4.0804
2025-11-26,3.88,3.5923,3.467,3.4522,3.4955,3.5698,3.6607,3.7601,3.8634,3.9679,4.0719
2025-11-28,3.88,3.6003,3.482,3.47,3.5142,3.5885,3.6791,3.778,3.8808,3.9848,4.0884
2025-12-01,3.88,3.6142,3.5161,3.5146,3.5644,3.6417,3.7339,3.8337,3.9369,4.0411,4.1447
2025-12-02,3.88,3.5971,3.5073,3.5111,3.5644,3.6443,3.7383,3.8394,3.9436,4.0486,4.1528
2025-12-03,3.89,3.5657,3.4792,3.4853,3.5402,3.6212,3.7161,3.8179,3.9227,4.0281,4.1327
2025-12-04,3.89,3.5764,3.5065,3.5203,3.5786,3.6609,3.7561,3.8578,3.9622,4.0673,4.1715
2025-12-05,3.89,3.587,3.5316,3.5511,3.6112,3.6936,3.7882,3.8889,3.9925,4.0966,4.2
2025-12-08,3.89,3.6006,3.5571,3.582,3.6444,3.7276,3.8222,3.9228,4.026,4.1297,4.2327
2025-12-09,3.89,3.6142,3.5796,3.6071,3.6695,3.7516,3.8449,3.944,4.046,4.1486,4.2506
2025-12-10,3.89,3.5834,3.5475,3.5757,3.6393,3.7228,3.8174,3.9177,4.0207,4.1242,4.227
2025-12-11,3.89,3.5565,3.5231,3.5537,3.6195,3.7047,3.8008,3.9023,4.0062,4.1105,4.214
2025-12-12,3.89,3.5443,3.5266,3.5672,3.6397,3.7296,3.8289,3.9329,4.0386,4.1442,4.2487
2025-12-15,3.89,3.5303,3.5124,3.5551,3.6302,3.7226,3.8242,3.93,4.0373,4.1442,4.2497
2025-12-16,3.89,3.5095,3.484,3.5245,3.5998,3.6933,3.7961,3.9032,4.0117,4.1197,4.2261
2025-12-17,3.64,3.503,3.4774,3.5193,3.5963,3.6916,3.7959,3.9043,4.0138,4.1227,4.2298
2025-12-18,3.64,3.4873,3.4565,3.4958,3.5715,3.666,3.7701,3.8784,3.9879,4.0969,4.2041
2025-12-19,3.64,3.4982,3.471,3.5123,3.589,3.684,3.7884,3.8968,4.0063,4.1152,4.2224
2025-12-22,3.64,3.5095,3.486,3.5288,3.606,3.7011,3.8053,3.9135,4.0228,4.1314,4.2384
2025-12-23,3.64,3.5238,3.5052,3.5483,3.624,3.7172,3.8195,3.9259,4.0336,4.141,4.2469
2025-12-24,3.64,3.5299,3.5077,3.5469,3.6192,3.7096,3.8095,3.9141,4.0204,4.1266,4.2315
2025-12-26,3.64,3.5121,3.4861,3.5244,3.597,3.688,3.7887,3.8941,4.0011,4.1079,4.2134
2025-12-29,3.64,3.5019,3.4685,3.504,3.5758,3.6671,3.7683,3.8743,3.9819,4.0894,4.1954
2025-12-30,3.64,3.4949,3.461,3.498,3.572,3.6653,3.7684,3.8759,3.9848,4.0933,4.2002
2025-12-31,3.64,3.5099,3.4833,3.5255,3.6032,3.6992,3.8043,3.9133,4.0233,4.1326,4.2401
2026-01-02,3.64,3.5075,3.4869,3.5342,3.616,3.7151,3.8227,3.9336,4.0451,4.1556,4.264
2026-01-05,3.64,3.4906,3.4668,3.514,3.5967,3.6972,3.8061,3.9182,4.0308,4.1421,4.2513
2026-01-06,3.64,3.4904,3.4692,3.518,3.6019,3.7032,3.8126,3.9252,4.0381,4.1496,4.259
2026-01-07,3.64,3.4836,3.4592,3.5051,3.5865,3.6857,3.7935,3.9048,4.0167,4.1275,4.2363
2026-01-08,3.64,3.4965,3.4806,3.5303,3.6134,3.7133,3.8212,3.9324,4.044,4.1546,4.263
2026-01-09,3.64,3.5152,3.5053,3.5543,3.6342,3.7304,3.8349,3.9429,4.052,4.1603,4.2669
2026-01-12,3.64,3.5306,3.5217,3.5695,3.6476,3.742,3.8447,3.9513,4.0591,4.1664,4.2721
2026-01-13,3.64,3.5304,3.5172,3.5624,3.639,3.7323,3.8343,3.9404,4.0479,4.155,4.2606
2026-01-14,3.64,3.5238,3.5033,3.5438,3.6172,3.7084,3.809,3.914,4.0207,4.1272,4.2324
2026-01-15,3.64,3.5479,3.5344,3.576,3.6479,3.7368,3.8351,3.938,4.0429,4.1478,4.2516
2026-01-16,3.64,3.5735,3.5736,3.6208,3.6948,3.7841,3.882,3.9843,4.0884,4.1926,4.2957
2026-01-20,3.64,3.586,3.5974,3.653,3.7332,3.8271,3.9285,4.0334,4.1394,4.2451,4.3493
2026-01-21,3.64,3.574,3.581,3.6361,3.7172,3.8125,3.9152,4.0214,4.1286,4.2352,4.3403
2026-01-22,3.64,3.5846,3.5921,3.6464,3.7264,3.8206,3.9223,4.0277,4.1341,4.2401,4.3447
2026-01-23,3.64,3.5819,3.5875,3.6403,3.719,3.8123,3.9133,4.0181,4.1241,4.2298,4.3342
2026-01-26,3.64,3.577,3.5786,3.6287,3.7056,3.7975,3.8975,4.0016,4.1071,4.2124,4.3164
2026-01-27,3.64,3.5706,3.5725,3.6241,3.7027,3.7963,3.8978,4.0031,4.1096,4.2157,4.3204
2026-01-28,3.64,3.579,3.5841,3.6381,3.7187,3.8137,3.9163,4.0224,4.1295,4.2361,4.3412
2026-01-29,3.64,3.5625,3.5608,3.6133,3.6944,3.7908,3.8948,4.0024,4.1108,4.2185,4.3245
2026-01-30,3.64,3.5473,3.5427,3.5964,3.6803,3.7796,3.8864,3.9963,4.1068,4.2161,4.3235
2026-02-02,3.64,3.5619,3.5615,3.6186,3.705,3.8063,3.9146,4.0257,4.1369,4.2469,4.3548
2026-02-03,3.64,3.5637,3.563,3.6207,3.708,3.8102,3.9192,4.0309,4.1427,4.2531,4.3613
2026-02-04,3.64,3.5654,3.5647,3.6235,3.7121,3.8156,3.9258,4.0384,4.151,4.262,4.3708
2026-02-05,3.64,3.5164,3.4975,3.55,3.6376,3.7421,3.8542,3.9689,4.0834,4.1963,4.3066
2026-02-06,3.64,3.5176,3.4952,3.5463,3.6335,3.7382,3.8505,3.9655,4.0803,4.1934,4.304
2026-02-09,3.64,3.5123,3.4865,3.5368,3.6242,3.7294,3.8425,3.9581,4.0735,4.1872,4.2982
2026-02-10,3.64,3.4934,3.4556,3.5,3.5846,3.6885,3.801,3.9165,4.032,4.1458,4.2571
2026-02-11,3.64,3.5192,3.4863,3.5312,3.6146,3.7167,3.8274,3.9412,4.0552,4.1678,4.278
2026-02-12,3.64,3.5,3.4529,3.4889,3.5665,3.6647,3.7727,3.8846,3.9973,4.1089,4.2184
2026-02-13,3.64,3.4725,3.4088,3.4364,3.5097,3.6057,3.7126,3.8241,3.9367,4.0484,4.1581
2026-02-17,3.64,3.4845,3.4184,3.4428,3.513,3.6064,3.7111,3.8208,3.9318,4.0423,4.1511
2026-02-18,3.64,3.4968,3.4357,3.4621,3.533,3.6264,3.731,3.8403,3.9511,4.0612,4.1697
2026-02-19,3.64,3.5053,3.4444,3.4692,3.538,3.6293,3.7321,3.8399,3.9494,4.0586,4.1661
2026-02-20,3.64,3.5118,3.4535,3.4779,3.5454,3.6352,3.7364,3.8429,3.9513,4.0595,4.1663
2026-02-23,3.64,3.4958,3.4257,3.4433,3.5065,3.5937,3.6932,3.7986,3.9062,4.0139,4.1203
2026-02-24,3.64,3.5038,3.434,3.4502,3.5115,3.5968,3.6947,3.7987,3.9052,4.012,4.1177
2026-02-25,3.64,3.5136,3.4472,3.4636,3.5238,3.6077,3.7041,3.8069,3.9122,4.018,4.1229
2026-02-26,3.64,3.504,3.4318,3.4443,3.5019,3.5839,3.679,3.7808,3.8855,3.9908,4.0953
2026-02-27,3.64,3.4742,3.3899,3.3971,3.4527,3.5342,3.6295,3.7318,3.837,3.943,4.0481
