date,1w,1m,3m,6m,1y,2y,3y,5y,7y,10y
2014-02-14,0.11306369393846438,0.12040556370811473,0.13275446470568664,0.13876258804930153,0.14620236652458374,0.17865204594156303,0.27841741305032475,0.7923769277411896,0.8935952069474284,1.3615500186816343
2014-02-18,0.11306369393846438,0.12307546779086742,0.13364453459070447,0.13943017968407467,0.14686086168687051,0.18040860538999226,0.2806152953888752,0.7974457702264681,0.893495695727542,1.3673198648592955
2014-02-19,0.11306369393846438,0.12374295493633447,0.1338670532981201,0.13959707828816725,0.14702548615397326,0.1808477500645722,0.2811647735004641,0.7987254470970706,0.8934747667958431,1.3687602951045763
2014-02-20,0.11449388615558664,0.12441044653161981,0.13408957250005127,0.13976397717043731,0.14719011089170397,0.18128689666416786,0.2817142546228668,0.8000051402138553,0.8934538378685186,1.370200745818373
2014-02-21,0.11592409880287757,0.12507794257676785,0.134423352184454,0.13993087633084045,0.14735473590004045,0.181726045188757,0.28226373875608335,0.8012682806004312,0.8934210623737782,1.371641217000974
2014-02-24,0.12021485933801923,0.12708045741220975,0.135424697913189,0.14043157548111473,0.14784861254875103,0.1830435023127741,0.28391220922092675,0.8050467503283976,0.8933108893881769,1.3759627533646013
2014-02-25,0.1216451537147556,0.12774797125763016,0.13575848204792074,0.14059847575425,0.14801323863955496,0.1834826585375149,0.2844617053976428,0.8063099538921481,0.8932781139398882,1.3774033064253954
2014-02-26,0.12307546852428075,0.12841548955280224,0.13609226729534019,0.14076537630545172,0.14817786500096464,0.18392181668731578,0.28501120458528373,0.8075731732853253,0.8932374407968569,1.3788466570554103
2014-02-27,0.12307546852428075,0.12874925032357876,0.13631479138123126,0.14087664347890438,0.14831505382340016,0.18434725292244547,0.28555154831515495,0.8088198379350597,0.8931967676813812,1.3802872507018282
2014-02-28,0.12307546852428075,0.1290830122065767,0.13653731596154906,0.1409879107760359,0.14845224283377423,0.18477269096419668,0.2860918949564528,0.8100665180020394,0.8931600434311848,1.3817278648190712
2014-03-03,0.12307546852428075,0.13008430453127495,0.1372048926696401,0.141321713409015,0.14886381099246115,0.18604901592935708,0.2877037938318283,0.8139116004558744,0.8930261776924464,1.3860498299987478
2014-03-04,0.12307546852428075,0.1304180708646463,0.13742741922802004,0.14143298120063985,0.14900100075454503,0.1864470131704321,0.2882349935038997,0.815158343491551,0.8929855046621249,1.3874933033373393
2014-03-05,0.12307546852428075,0.13075183831054993,0.13764994628091554,0.14154424911589913,0.14905587673454956,0.18684501199255354,0.2887661959896093,0.8164051019453833,0.8929527293285,1.3889340198526279
2014-03-06,0.12450580337390882,0.13108560686898585,0.13787247382828216,0.14165551715472624,0.14911075274461894,0.187243012395788,0.2892974012889793,0.8176518758176154,0.8929199540055333,1.3903747568404734
2014-03-07,0.1259361586569252,0.13141937653995406,0.13809500187016432,0.14176678531721,0.14916562878475315,0.18764101438006886,0.2898286094020319,0.8188986651084029,0.8928792810180441,1.391815514301209
2014-03-10,0.130227347109102,0.1324206922284077,0.13876258896281524,0.14193368781554305,0.14933025708558922,0.18883502981958955,0.2914314094800252,0.8226446496615081,0.8927572621539426,1.396137909523576
2014-03-11,0.1316577841285138,0.13275446634959387,0.13898511898267074,0.1419893220435231,0.149385133246005,0.18923303812832248,0.2919717878024919,0.8238970249327959,0.8927165892320454,1.397578748878714
2014-03-12,0.13308824158391186,0.1330882415835788,0.1392076494970862,0.14204495630232294,0.14952232372222873,0.18963104801816844,0.29251216903656285,0.825149415760551,0.8926759163265352,1.3990196087082074
2014-03-13,0.13308824158391186,0.1330882415835788,0.13931891492453552,0.14204495630232294,0.14963207622349373,0.19001533487670308,0.29304339403191104,0.8263907730572395,0.8926312946202275,1.400457710927272
2014-03-14,0.13308824158391186,0.1330882415835788,0.1394301804756859,0.14204495630232294,0.14974182884504028,0.19039962320921422,0.29357462184100847,0.8276376700784072,0.8925827241061279,1.401895833542377
2014-03-17,0.13308824158391186,0.1330882415835788,0.13976397787069939,0.1422118592186994,0.15007108743134712,0.1915524970505844,0.2951683221511292,0.8314392247350977,0.8924370127041392,1.4062103237667989
2014-03-18,0.13308824158391186,0.13342201783870244,0.13987524391629869,0.14226749358596802,0.15018084053399772,0.19193679127902374,0.2956995612154678,0.8327248571782464,0.8923884422835648,1.4076485279689521
2014-03-19,0.13308824158391186,0.13375579520666925,0.13998651008551022,0.14232312798414526,0.1502631554511913,0.19232108698146178,0.2962308030936667,0.8340105060135938,0.8923398718863718,1.4090867525685669
2014-03-20,0.13308824158391186,0.1340895736869241,0.14009777637833398,0.1423787624132533,0.15034547043604185,0.1927053841578985,0.2967620477857036,0.8352685469795063,0.89229130151256,1.4105249975659762
2014-03-21,0.13308824158391186,0.1344233532800443,0.1403203093044425,0.14243439687322557,0.1504277854885272,0.19308968280833394,0.29729329529162296,0.8365321285649152,0.8922427311621517,1.4119632629614243
2014-03-24,0.13308824158391186,0.13542469873479845,0.1409879110498391,0.1426013004386828,0.1506747310519918,0.19424258760376567,0.2991160425896755,0.8403505939595934,0.8920970202511702,1.4162781815390435
2014-03-25,0.13308824158391186,0.13609226784281336,0.14121044595396537,0.1426569350222895,0.15075704637510512,0.19464061728542426,0.2998762921967213,0.8416031888233144,0.8920484499942871,1.4177165285296445
2014-03-26,0.13308824158391186,0.13675984140120168,0.1414329813526516,0.1427125696368492,0.15086680022948773,0.19503864854828468,0.3006365475663353,0.8428557992462116,0.8919998797607631,1.4191548959197275
2014-03-27,0.13308824158391186,0.13742741941025205,0.14165551724589776,0.1427682042822953,0.1509765542041519,0.19543668139234693,0.3013968086985619,0.8441084252284847,0.8919513095506426,1.4205932837096258
2014-03-28,0.13308824158391186,0.13809500186974244,0.14187805363361505,0.14282383895862782,0.15108630829909764,0.19583471581763323,0.3021570755934011,0.8453610667703337,0.8919027393638812,1.4220316918996057
2014-03-31,0.13308824158391186,0.14009777595160866,0.14254566576401562,0.14299074317312144,0.1514155713055798,0.19702882858085857,0.30443791085428273,0.8492738016364632,0.8917570289439292,1.4263553740708756
2014-04-01,0.13308824158391186,0.14043157557190877,0.1427682041298617,0.1430463779731328,0.1515253258816296,0.19742686933108544,0.3051982008001497,0.8506646492847603,0.8917084588507151,1.427802199297612
2014-04-02,0.13308824158391186,0.14076537630483,0.1429907429901789,0.14310201280398616,0.15160764190389475,0.19782491166255856,0.3059584965088957,0.8520555161147358,0.8916598887808824,1.4292490451629947
2014-04-03,0.13308824158391186,0.14109917815039452,0.14321328234516706,0.14315764766579253,0.1516899579937947,0.19822295557527791,0.306718797980543,0.8533414114220372,0.891611318734431,1.4306959116673124
2014-04-04,0.13308824158391186,0.14143298110886882,0.14343582219451534,0.14321328255850752,0.15177227415135164,0.19862100106924352,0.307479105215136,0.8546273231249346,0.8915627487113609,1.432142798810876
2014-04-07,0.13308824158391186,0.14243439665972968,0.1441034447100753,0.14338018742210412,0.1520192230299644,0.19981514703883985,0.30972341961570393,0.8584906827283856,0.8914170387824161,1.4364808054029066
2014-04-08,0.13308824158391186,0.14276820406884383,0.14432598653759676,0.14343582243843134,0.1521015394581493,0.20018574705911174,0.31044710747907267,0.8597766600860979,0.8913684688528711,1.437922217635812
2014-04-09,0.13308824158391186,0.1431020125906235,0.14454852885970038,0.14349145748568937,0.1522112947859311,0.20055634845008719,0.31117080056350943,0.8610626538404054,0.8913198989467075,1.4393636503511775
2014-04-10,0.13451871908258806,0.14343582222506868,0.14477107167636394,0.143547092563856,0.15232105023401665,0.20092695121176618,0.3118944988690808,0.8623486639915523,0.8912713290639251,1.4408051035493141
2014-04-11,0.13594921701667317,0.14376963297220158,0.14488234328535743,0.14360272767293125,0.15243080580236157,0.20129755534417093,0.31261820239576465,0.8636291641370919,0.8912227592045241,1.4422465772305104
2014-04-14,0.14024083343537885,0.1447710718896822,0.14521615885414452,0.14376963318556424,0.1527600732291079,0.2024093759656953,0.3148259880350057,0.8674597088858427,0.8910770497666309,1.4465627843152307
2014-04-15,0.14167141311514087,0.1447710718896822,0.14532743095772016,0.14382526841825172,0.15286982927857906,0.20280743809057977,0.31558635672066515,0.8687347472348561,0.8910284800007551,1.4480015608203667
2014-04-16,0.14310201323060046,0.1447710718896822,0.14543870318490804,0.14388090368187,0.1529795854483318,0.2032055017967993,0.31634673116978096,0.870009801701288,0.8909799102582605,1.4494403577311132
2014-04-17,0.14453263339249123,0.14443725780450833,0.14543870318490804,0.14388090368187,0.15306190264330333,0.20358984061612517,0.3170979500378257,0.8712959255790187,0.8909273917897309,1.4508763955821458
2014-04-21,0.1502553184149713,0.1431020125906235,0.14543870318490804,0.14388090368187,0.1533911720997594,0.20512721063525863,0.3201028817654272,0.8764903289881554,0.8907173181889494,1.4566235294920737
2014-04-22,0.1516860407669407,0.1431020125906235,0.14543870318490804,0.14388090368187,0.15347348963301588,0.20551155682548838,0.3208541287613942,0.8777931170152797,0.8906647998571104,1.4580568897534896
2014-04-23,0.15311678355782732,0.1431020125906235,0.14543870318490804,0.14388090368187,0.15358324643421906,0.20589590448991668,0.32160538138308326,0.879095921867501,0.8906122815526052,1.459493049573335
2014-04-24,0.1516860407669407,0.1427682041602818,0.14532743098818468,0.14382526843348398,0.15366556410276733,0.2062665267974495,0.3223474778090374,0.8803711066080355,0.890555814541627,1.460926449982125
2014-04-25,0.1502553184149713,0.14243439684284986,0.14521615891518458,0.14376963321602876,0.1537478818389948,0.2066371504757747,0.32308957972440044,0.8816463074678094,0.8904993475622458,1.4623598706417162
2014-04-28,0.1459632739906569,0.14143298156603645,0.14488234343779105,0.14360272774911476,0.15399483545355253,0.20774902973548226,0.3253159184073873,0.8854554239667634,0.8903299468137504,1.466660254128227
2014-04-29,0.14453263339249123,0.14109917869924438,0.14477107185926208,0.14354709265529397,0.15407715346040796,0.20811965889699913,0.32605804228083013,0.8867306890960158,0.8902734799608014,1.4680937557939089
2014-04-30,0.14310201323060046,0.1407653769450956,0.14465980040436754,0.143491457592404,0.15415947153489817,0.20849028942930836,0.32680017164388175,0.888005970345529,0.8902170131394493,1.4695300572941772
2014-05-01,0.14310201323060046,0.1407653769450956,0.14465980040436754,0.143491457592404,0.15426922908787777,0.208874648518953,0.3275514687925085,0.8892978514857042,0.8901644950680243,1.4709691591408225
2014-05-02,0.14310201323060046,0.1407653769450956,0.14465980040436754,0.143491457592404,0.15437898676111672,0.20925900908284056,0.32830277156721266,0.8907445292188454,0.8901119770239552,1.4724082813976969
2014-05-05,0.14310201323060046,0.1407653769450956,0.14465980040436754,0.143491457592404,0.15470826050254516,0.2104120996200498,0.33052922654221994,0.8946369117138975,0.8899544230557499,1.4767313301892404
2014-05-06,0.14310201323060046,0.1407653769450956,0.14465980040436754,0.143491457592404,0.15481801865691036,0.21075528403067256,0.3312530643114764,0.8959012369066155,0.8899019051210155,1.4781677543496352
2014-05-07,0.14310201323060046,0.1407653769450956,0.14465980040436754,0.143491457592404,0.15490033736291764,0.21109846961659962,0.33197690730286666,0.8971655779427934,0.889849387213637,1.479604198842921
2014-05-08,0.14167141311514087,0.1407653769450956,0.14465980040436754,0.143491457592404,0.1549826561365819,0.21144165637778656,0.3327007555164574,0.8984244065089575,0.8897968693335923,1.481040663669364
2014-05-09,0.14024083343537885,0.1407653769450956,0.14465980040436754,0.143491457592404,0.15506497497790317,0.2117848443142778,0.3334246089522708,0.8996943075447295,0.8897443514808812,1.4824771488292754
2014-05-12,0.13594921701667317,0.1407653769450956,0.14465980040436754,0.14332455254337795,0.1553119319078311,0.2128144151755329,0.33562368908772733,0.9034598778238756,0.8895867980867722,1.4867867263126389
2014-05-13,0.13451871908258806,0.1407653769450956,0.14465980040436754,0.14326891758884575,0.15539425101978033,0.2131987908507771,0.3363750523112552,0.9047077275992743,0.8895342803434181,1.4882232928092654
2014-05-14,0.13308824158391186,0.1407653769450956,0.14465980040436754,0.14321328266519995,0.15550400992592195,0.21358316800030863,0.33712642116134894,0.9059555928065288,0.8894817626273976,1.4896598796407812
2014-05-15,0.13451871908258806,0.14109917879068234,0.1447710718897266,0.14321328266519995,0.15564120874655973,0.21398127451399684,0.33788695888037346,0.9071979449873036,0.8894331936295075,1.4910992673749845
2014-05-16,0.13594921701667317,0.14143298174889019,0.1448823434987423,0.14321328266519995,0.15577840775513607,0.21437938260915335,0.33864750236412,0.9084458413323615,0.8893846246549986,1.4925386755234582
2014-05-19,0.14024083343537885,0.1424343973000175,0.1452161590676182,0.14338018752879655,0.15619000590851861,0.21557371638378786,0.34092916740429136,0.9122780880896686,0.8892389178717597,1.4968570224573874
2014-05-20,0.14167141311514087,0.1431020131392069,0.14532743117110503,0.14343582254512377,0.15632720566884917,0.21597183080508398,0.34168973394745894,0.9135426346929654,0.889190348990776,1.4982965122658287
2014-05-21,0.14310201323060046,0.14376963342936921,0.1454387033982929,0.143491457592404,0.15646440561714048,0.2163699468078928,0.3424503062555706,0.9148071971424754,0.8891417801331958,1.4997360224900058
2014-05-22,0.14310201323060046,0.14410344519775187,0.1454387033982929,0.143491457592404,0.1565741656960551,0.21675433612071693,0.3432017206002058,0.9160496579636357,0.8890892626214786,1.5011727722865853
2014-05-23,0.14310201323060046,0.14443725807880003,0.1454387033982929,0.143491457592404,0.15668392589525126,0.21713872690787284,0.3439531405718066,0.917286604728762,0.8890367451371173,1.5026095424206742
2014-05-27,0.14310201323060046,0.14577252073018077,0.1454387033982929,0.14371399802950435,0.1571229678948738,0.21867630480030265,0.34695887672873127,0.9222124249058217,0.888826675473009,1.5083568263376534
2014-05-28,0.14310201323060046,0.1461063391749784,0.1454387033982929,0.14376963321602876,0.15723272869549998,0.21906070295936164,0.34771032483578157,0.9234439175170639,0.8887741581253383,1.5097964788488794
2014-05-29,0.14310201323060046,0.1464401587321973,0.1454387033982929,0.14382526843348398,0.15734248961638553,0.21944510259281902,0.3484617785700639,0.9246754251554634,0.8887216408050014,1.5112361517781059
2014-05-30,0.14310201323060046,0.14677397940239256,0.1454387033982929,0.14388090368187,0.15745225065757484,0.21982950370069698,0.3492132379316226,0.9259290671220111,0.8886691235119981,1.512675845125644
2014-06-02,0.14310201323060046,0.14777544808899368,0.1454387033982929,0.14404780961239094,0.15778153450287657,0.22098271587074336,0.35145848550357517,0.9297232665840482,0.8885115717970127,1.5169978285628716
2014-06-03,0.14310201323060046,0.14810927321005085,0.1454387033982929,0.1441034449844114,0.15789129602519214,0.22135339408002608,0.352200802961522,0.931021212008698,0.8884590546133442,1.5184403845473593
2014-06-04,0.14310201323060046,0.14844309944384015,0.1454387033982929,0.14415908038729608,0.15791873643586918,0.221724073660301,0.3529431259105209,0.9323191741247738,0.8884065374570316,1.5198857419907785
2014-06-05,0.14310201323060046,0.14877692679036159,0.1454387033982929,0.14421471582111156,0.15794617685405132,0.22209475461156813,0.35368545435061627,0.9335673807963962,0.8883540203280527,1.5213311200123147
2014-06-06,0.14310201323060046,0.1491107552498816,0.14532743117110503,0.14427035128585786,0.15797361727973858,0.22246543693384968,0.3544277882818303,0.934810072592529,0.8883015032264074,1.5227765186122566
2014-06-09,0.14310201323060046,0.1501122473043237,0.14499361523134802,0.14443725786545958,0.1580559386019642,0.2235774921267364,0.3566639877738975,0.9385493008140289,0.8881439520855183,1.5271100567264995
2014-06-10,0.14310201323060046,0.1501122473043237,0.1448823434987423,0.1444928934538181,0.1580833790577385,0.22396190908477998,0.3574155085576791,0.9397920539474303,0.8880914350932301,1.52855275640571
2014-06-11,0.14310201323060046,0.1501122473043237,0.1447710718897266,0.14454852907308524,0.15819314091085612,0.22434632751726635,0.35816703496922564,0.9410348223815923,0.8880389181282755,1.529995476585655
2014-06-12,0.14453263339249123,0.1501122473043237,0.14465980040436754,0.144604164723261,0.1583029028842553,0.22473074742423993,0.3589185670085593,0.9422776061166704,0.8879864011906768,1.5314382172666452
2014-06-13,0.1459632739906569,0.1501122473043237,0.14465980040436754,0.14465980040434534,0.15841266497795825,0.2251151688057007,0.35967010467574667,0.9435148743626387,0.8879338842803897,1.5328809784489694
2014-06-16,0.1502553184149713,0.1501122473043237,0.14465980040436754,0.14516052278770175,0.15874195198075647,0.22626844179698402,0.36192475144483094,0.9471880531271681,0.8877763337135747,1.5371982592644828
2014-06-17,0.1516860407669407,0.1501122473043237,0.14465980040436754,0.1453274308051533,0.15885171455558567,0.2266528690763936,0.36267631162383296,0.9484087883761871,0.8877238169126445,1.538635539346811
2014-06-18,0.15311678355782732,0.1501122473043237,0.14465980040436754,0.14549433910080456,0.15896147725071863,0.22703729783033477,0.36342787743091076,0.9496295383873532,0.8876713001390701,1.5400728397741092
2014-06-19,0.15311678355782732,0.1497784155065851,0.14454852907306304,0.14560561143717177,0.1590437993397087,0.22740799833158576,0.36417028322515144,0.9508779587902305,0.8876148347741086,1.5415073785988387
2014-06-20,0.15311678355782732,0.1494445848218673,0.144437257865504,0.14571688389719561,0.15912612149637795,0.22777870020389557,0.3649126945111103,0.9521153321133013,0.8875741639587043,1.5429419376904674
2014-06-23,0.15311678355782732,0.14844309944384015,0.1441034449843892,0.14605070201905157,0.15937308837232766,0.22889081404737777,0.36736910347223706,0.9557832913648312,0.8874521516108347,1.5472624268361823
2014-06-24,0.15311678355782732,0.14810927321005085,0.1439921742713013,0.14616197497361316,0.15945541079962489,0.22927525127982573,0.3683406827912128,0.9570096617523616,0.8874114808610223,1.5486998489850912
2014-06-25,0.15311678355782732,0.14777544808899368,0.1438809036818922,0.14627324805178699,0.1595377332946013,0.2296596899868275,0.36931227151528745,0.9582360470373308,0.8873708101275968,1.5501345096905705
2014-06-26,0.15311678355782732,0.14744162408064643,0.14376963321602876,0.14638452125361745,0.1596200558572125,0.2300441301683831,0.37028386964457205,0.9594735105498575,0.8873301394105582,1.551569190664659
2014-06-27,0.15311678355782732,0.14710780118529776,0.14365836287388856,0.14649579457908235,0.1597023784875029,0.2304285718244925,0.3712554771791554,0.9607220526908433,0.8872894687099064,1.553003891907645
2014-06-30,0.15311678355782732,0.1461063391749784,0.14332455258905252,0.14699652600507207,0.15994934678436046,0.231581905640188,0.37417035621556405,0.9645341549259001,0.8871674567063614,1.5573220271852817
2014-07-01,0.15311678355782732,0.14577252073018077,0.14321328274145007,0.14716343703673473,0.16003166968530103,0.2319938136777333,0.37514200137223064,0.9658325476591179,0.8871267860713017,1.5587651557810611
2014-07-02,0.15311678355782732,0.14543870339835951,0.14310201301739323,0.14733034834657488,0.16008655166437347,0.23240572340805787,0.3761136559346401,0.9671309570895348,0.887086115452651,1.5602055228189027
2014-07-03,0.1516860407669407,0.1451048871792482,0.14299074341703744,0.14749725993465912,0.16014143367353295,0.23281763483113949,0.3770853199029034,0.9683851260764209,0.8870454448503651,1.5616459102848923
2014-07-07,0.1459632739906569,0.14376963342936921,0.1425456662518032,0.1479979964137179,0.1603609620108415,0.23446529745132505,0.3809354021930833,0.9737007084841931,0.8868827626052678,1.5674327047807024
2014-07-08,0.14453263339249123,0.14343582277367428,0.14243439726953078,0.14810927153192655,0.16041584417034738,0.23486348670274104,0.3818704448523391,0.9750490115287613,0.8868420920849607,1.5688731947469003
2014-07-09,0.14310201323060046,0.14310201323091132,0.1423231284109816,0.1482205467737474,0.16049816745471457,0.2352616775359806,0.38280549622145,0.976397332577239,0.8868014215810849,1.5703109228006218
2014-07-10,0.14310201323060046,0.14310201323091132,0.1423231284109816,0.14838745989125268,0.1606079319541598,0.23567360080862798,0.3837497237286547,0.9776903455777752,0.8867646996788547,1.571751453982051
2014-07-11,0.14310201323060046,0.14310201323091132,0.1423231284109816,0.14855437328691323,0.16071769657390877,0.23608552577412123,0.38469396011753254,0.9789667769728227,0.8867279777899917,1.5731920055939819
2014-07-14,0.14310201323060046,0.14310201323091132,0.1423231284109816,0.14888820095853017,0.1610469911548673,0.23732131082763175,0.3875633926256894,0.9827297727263762,0.886617812203605,1.577524913173134
2014-07-15,0.14310201323060046,0.14310201323091132,0.1423231284109816,0.14899947709632322,0.16115675625576475,0.2377469735932447,0.38854433529602606,0.9839564707850412,0.8865810903682103,1.578971111825922
2014-07-16,0.14310201323060046,0.14310201323091132,0.1423231284109816,0.1491107533577729,0.16126652147696596,0.23817263816643397,0.38952528755171745,0.9851831837451419,0.8865443685461827,1.5804173310688174
2014-07-17,0.14310201323060046,0.14310201323091132,0.1423231284109816,0.14922202974287924,0.16137628681844873,0.23859830454724396,0.3905062493928524,0.9864652429877552,0.8865076467375221,1.5818635709020645
2014-07-18,0.14310201323060046,0.14310201323091132,0.1423231284109816,0.1493333062515978,0.16148605228021307,0.23902397273567466,0.3914872208194753,0.9877528517084233,0.8864709249422287,1.5833098313260185
2014-07-21,0.14310201323060046,0.14310201323091132,0.1423231284109816,0.14983405200239552,0.16181534938726205,0.2403009881467133,0.394430192613493,0.9915770424661963,0.8863607596365286,1.5876543017764755
2014-07-22,0.14310201323060046,0.14310201323091132,0.1423231284109816,0.1500009678090608,0.16192511533019704,0.2407266635656491,0.39541120238315575,0.992831515455217,0.8863240378947035,1.5891006446453027
2014-07-23,0.14310201323060046,0.14310201323091132,0.1423231284109816,0.15016788389388136,0.1620348813934358,0.2411523407922722,0.39639222173883937,0.9940860040267507,0.8862873161662455,1.59054700810628
2014-07-24,0.14310201323060046,0.14310201323091132,0.1423231284109816,0.1503348002569238,0.16214464757695612,0.24157801982653826,0.39737325068056606,0.995334974554507,0.8862505944511545,1.591993392159674
2014-07-25,0.14310201323060046,0.14310201323091132,0.1423231284109816,0.15050171689816594,0.162254413880758,0.24200370066846943,0.39835428920851346,0.9965839605279747,0.8862138727494084,1.5934397968058178
2014-07-28,0.14310201323060046,0.14310201323091132,0.1423231284109816,0.1511693861534935,0.16258371351391965,0.24328075404034255,0.4012974623103016,1.0003531467259519,0.8861037077244172,1.59777635120959
2014-07-29,0.14310201323060046,0.14310201323091132,0.1423231284109816,0.15139194356106334,0.1626934802988922,0.24370644211302306,0.4022785391838868,1.0016077287278824,0.8860669860761616,1.5992256213227973
2014-07-30,0.14310201323060046,0.14310201323091132,0.1423231284109816,0.1516145014631709,0.1628032472041685,0.2441321319934131,0.40325962564411455,1.0028623263136804,0.886030264441251,1.600674912109512
2014-07-31,0.14310201323060046,0.14310201323091132,0.1423231284109816,0.15183705985990503,0.16291301422972637,0.2445578236815127,0.40424072169109593,1.0041114053761957,0.8859935428197296,1.6021242235700672
2014-08-01,0.14310201323060046,0.14310201323091132,0.1423231284109816,0.1520596187511769,0.1630227813755658,0.244983517177344,0.40522182732489753,1.0053549657087268,0.8859568212115532,1.603573555704707
2014-08-04,0.14310201323060046,0.14310201323091132,0.1423231284109816,0.15256037813349277,0.1633520835348845,0.24626060851118403,0.40815603235668796,1.0089529126892094,0.8858466564672485,1.6079188927791588
2014-08-05,0.14310201323060046,0.14276820470913165,0.1423231284109816,0.15272729848401223,0.1634618511618946,0.24663138021350228,0.4091280067688441,1.010085843529751,0.8858099349125625,1.6093683075735
2014-08-06,0.14310201323060046,0.1424343973000175,0.1423231284109816,0.15289421911275358,0.16351673503556263,0.247002153287168,0.4100999905899183,1.011218787077417,0.8857732133712215,1.6108177430434356
2014-08-07,0.14310201323060046,0.14210059100356887,0.1423231284109816,0.1530611400196502,0.1635716189392733,0.24737292773215902,0.41107198382004384,1.0123185357626463,0.8857364918432475,1.6122671991892545
2014-08-08,0.14310201323060046,0.14176678582003,0.14221185964546912,0.15322806120476873,0.16362650287309322,0.2477437035485197,0.4120439864592873,1.0134072271011707,0.8856997703286407,1.6137166760112454
2014-08-11,0.14310201323060046,0.1407653769450956,0.14187805409093812,0.15322806120476873,0.163791154854942,0.24885603922570887,0.41496922084558463,1.01665676699636,0.8855896058650448,1.6180457449926244
2014-08-12,0.14310201323060046,0.1407653769450956,0.14176678581998559,0.15322806120476873,0.16384603890902127,0.24928175097411742,0.4159504313135276,1.0177455050915052,0.8855528844039062,1.6194925205562205
2014-08-13,0.14310201323060046,0.1407653769450956,0.14165551767266749,0.15322806120476873,0.16398324911945927,0.24970746453032433,0.416931651369401,1.018834254920864,0.8855161629561348,1.6209393167181396
2014-08-14,0.14310201323060046,0.1407653769450956,0.14154424964905044,0.15322806120476873,0.16412045951785803,0.2501331798943518,0.4179128810133381,1.0199285515022138,0.8854794415217304,1.622386133478626
2014-08-15,0.14310201323060046,0.1407653769450956,0.14154424964905044,0.15322806120476873,0.16425767010419534,0.2505588970661998,0.4188941202454055,1.0210450002360316,0.8854427201006931,1.623832970838035
2014-08-18,0.14310201323060046,0.1407653769450956,0.14154424964905044,0.1537288264293224,0.16466930299101623,0.2518360594287561,0.4218378954713886,1.0243722794334387,0.8853325559177616,1.6281708225859282
2014-08-19,0.14310201323060046,0.1407653769450956,0.14154424964905044,0.15389574872721745,0.16480651432919657,0.25226178383195297,0.42281917305697636,1.0254721713258919,0.8852958345501927,1.6296205262696484
2014-08-20,0.14310201323060046,0.1407653769450956,0.14154424964905044,0.1540626713033344,0.1649711681605881,0.2526875100430148,0.4238004602311385,1.0265720751933216,0.8852591131959908,1.6310618986155045
2014-08-21,0.14310201323060046,0.1407653769450956,0.14154424964905044,0.15422959415767323,0.165135822262652,0.25311323806196384,0.4247817569940304,1.027660920153739,0.885222391855156,1.6325032914037862
2014-08-22,0.14310201323060046,0.1407653769450956,0.14165551764220297,0.15439651729021175,0.16530047663536607,0.25353896788877783,0.4257630633456966,1.0287608478509291,0.8851856705276662,1.6339447046347821
2014-08-25,0.14310201323060046,0.1407653769450956,0.1419893223635338,0.15489728835702543,0.1657944413774759,0.25481616821652064,0.4287070399344506,1.0320053459815792,0.8850755066254434,1.6382662827821637
2014-08-26,0.14310201323060046,0.1407653769450956,0.14210059085124627,0.1550642126024071,0.16595909683285726,0.25524190527490553,0.429688384642235,1.0330887137601996,0.8850387853514441,1.6397049935032992
2014-08-27,0.14310201323060046,0.1407653769450956,0.14221185946257098,0.15523113712594405,0.16612375255888878,0.255667644141222,0.4306697389393044,1.0341720931557719,0.8850020640907896,1.6411492931559302
2014-08-28,0.14167141311514087,0.1407653769450956,0.14232312819750792,0.1553980619276807,0.16628840855559268,0.25609338481544786,0.4316511028257253,1.0352554841684736,0.8849653428435245,1.6425936133320551
2014-08-29,0.14024083343537885,0.1407653769450956,0.1424343970561459,0.15556498700766141,0.16645306482296895,0.2565191272976053,0.4326324763015865,1.0363665663794208,0.8849286216096042,1.6440379540319627
2014-09-02,0.13451871908258806,0.1407653769450956,0.1428794737268202,0.1562326901096034,0.16711169259910896,0.25820838147212477,0.43655806610147785,1.0407888727704817,0.8847817368076383,1.6498294446719353
2014-09-03,0.13308824158391186,0.1407653769450956,0.14299074320365257,0.15639961658060475,0.16722146434622331,0.2586203990457392,0.43753948752600635,1.041905552047706,0.8847450156405534,1.6512711036328342
2014-09-04,0.13451871908258806,0.14109917879068234,0.14321328255855192,0.15662218567193964,0.16735867921811032,0.25904615237561934,0.43853009097396534,1.043027780249406,0.8847122429928467,1.6527155680355454
2014-09-05,0.13594921701667317,0.14143298174889019,0.14343582240798902,0.15684475525781227,0.16749589427795808,0.2594719075134977,0.4395207041921312,1.044155557252724,0.8846794703558203,1.654160052964082
2014-09-08,0.14024083343537885,0.1424343973000175,0.14410344492346017,0.15701168284043554,0.1679075405852659,0.2607491837750997,0.4424834299423974,1.047572182900236,0.8845811525085567,1.6585075546952766
2014-09-09,0.14167141311514087,0.14276820470913165,0.14432598675098163,0.15706732542981605,0.1680447563969789,0.26118868038487175,0.44346490953586226,1.0486889374510033,0.8845483799140963,1.6599604763196663
2014-09-10,0.14310201323060046,0.14310201323091132,0.14454852907306304,0.15712296805008297,0.16820941559660962,0.2616281789211916,0.4444463987198999,1.0498057043438758,0.884515607330294,1.6614106338731283
2014-09-11,0.14310201323060046,0.14310201323091132,0.14465980040436754,0.15712296805008297,0.16834663178424414,0.26205394490712575,0.44541872443126795,1.0509003364265412,0.884478886260065,1.6628580268394977
2014-09-12,0.14310201323060046,0.14310201323091132,0.14499361504833885,0.15712296805008297,0.1684838481598394,0.2624797127011025,0.4463910595549958,1.0520060539125575,0.8844421652032253,1.6643054404129387
2014-09-15,0.14310201323060046,0.14310201323091132,0.14599506565680098,0.15762375274912532,0.1688954984144564,0.26375702693128833,0.4493172945507329,1.055395259328784,0.8843320021128864,1.6686394496723933
2014-09-16,0.14310201323060046,0.14310201323091132,0.1463288847516786,0.15779068153856102,0.1690327155419391,0.2641828019574799,0.45029884065277415,1.0565342480845397,0.884295281109515,1.670084160483487
2014-09-17,0.14310201323060046,0.14310201323091132,0.14666270495931055,0.1579576106061964,0.16916993285738258,0.26460857879173627,0.4512803963460543,1.0576732496777597,0.8842585601194886,1.6715288918239146
2014-09-18,0.14310201323060046,0.14310201323091132,0.14699652627965243,0.15812453995209808,0.1693071503607868,0.26503435743410186,0.45226196163066223,1.0589396179022659,0.8842218391428514,1.6729736436939646
2014-09-19,0.14310201323060046,0.14310201323091132,0.14733034871277084,0.15829146957617724,0.169444368052174,0.26546013788453227,0.4532435365066867,1.0617674376293573,0.884185118179559,1.6744184160939257
2014-09-22,0.14310201323060046,0.14310201323091132,0.14833182268858547,0.1586253297046536,0.16985602225412233,0.2667374900844566,0.45618831868423637,1.0650517560503836,0.8840749553699068,1.6787807095862473
2014-09-23,0.14310201323060046,0.14310201323091132,0.148665649572588,0.158736616661459,0.16999324069737476,0.26716327776732385,0.4571699319268596,1.0660025765925285,0.884038234460105,1.6800835106153267
2014-09-24,0.14310201323060046,0.14310201323091132,0.14899947756950027,0.15884790374192104,0.17013045932861015,0.26758906725832254,0.4581515547614101,1.0669534060800068,0.8840015135636481,1.681389113760301
2014-09-25,0.14310201323060046,0.14310201323091132,0.14933330667901146,0.15895919094606192,0.1702676781478063,0.26801485855747487,0.4591331871879101,1.0678987068271084,0.8839647926805583,1.682694733669643
2014-09-26,0.14310201323060046,0.14310201323091132,0.14977841382839419,0.15907047827379284,0.1704048971549632,0.2684406516647586,0.4601148292065149,1.0689049314622556,0.8839280718108355,1.6840003703435302
2014-09-29,0.14310201323060046,0.14310201323091132,0.15111374714606995,0.1595712727104015,0.1708165553042873,0.2697180418355316,0.4630598128156693,1.0718129074723581,0.8838179092818921,1.6879229521575168
2014-09-30,0.14310201323060046,0.14310201323091132,0.15155886220852288,0.15973820474568523,0.17095377506333165,0.27014384217547427,0.4640414932035153,1.0727416398080392,0.8837811884656155,1.689228655963304
2014-10-01,0.14310201323060046,0.14310201323091132,0.1520039792492156,0.15990513705916864,0.17103610703155248,0.27056964432359276,0.465023183183888,1.0736703806776937,0.8837444676627282,1.690537162207817
2014-10-02,0.14310201323060046,0.14310201323091132,0.15244909826821473,0.16007206965091836,0.1711184390674525,0.2709954482799093,0.46600488275689855,1.0748926454535956,0.883707746873208,1.6918456852897723
2014-10-03,0.14310201323060046,0.14310201323091132,0.15278293887657224,0.16023900252086776,0.1712007711710095,0.27142125404442385,0.4669865919226357,1.0758546348167863,0.8836710260970548,1.6931542252094145
2014-10-06,0.14310201323060046,0.14310201323091132,0.15378446737825957,0.160572869141129,0.17144776788768912,0.27269868218717797,0.4698950768385224,1.0786686602346718,0.8835608638487757,1.697194165743321
2014-10-07,0.14310201323060046,0.14276820470913165,0.15411831243772323,0.1606841582618479,0.1715301002619185,0.2730558157911567,0.47084012353360016,1.0795974555667387,0.883524143126091,1.6985055603761845
2014-10-08,0.14310201323060046,0.1424343973000175,0.15445215861005224,0.16079544750624564,0.17163987685111515,0.2734129506670957,0.47178517911805606,1.0805262594333787,0.883487422416751,1.6998114000658981
2014-10-09,0.14310201323060046,0.14210059100356887,0.15478600589515779,0.1609067368742778,0.17174965356061556,0.27377008681503945,0.4727302435919567,1.0814606102677038,0.8834507017208004,1.701117256522977
2014-10-10,0.14310201323060046,0.14176678582003,0.15500857140060553,0.16101802636596663,0.17185943039041973,0.2741272242349435,0.4736753169553909,1.0824060467037988,0.8834139810382169,1.7024231297476433
2014-10-14,0.14310201323060046,0.1407653769450956,0.15589883836832907,0.1616857658214732,0.1722985389126519,0.27562446774023197,0.47752910512042224,1.0861878808776426,0.883267098441487,1.707646790325823
2014-10-15,0.14310201323060046,0.1407653769450956,0.1561214063467986,0.16185270138093788,0.1724083163439749,0.27605029316208896,0.4785109268957477,1.0871333615289025,0.8832303778257167,1.7089471750344032
2014-10-16,0.14310201323060046,0.1407653769450956,0.15634397481978368,0.16201963721860224,0.17251809389557948,0.2764761203922328,0.4794927582649988,1.0880788510234218,0.8831936572233134,1.7102475763690617
2014-10-17,0.14310201323060046,0.1407653769450956,0.156677828410956,0.1621865733344885,0.17262787156751003,0.2769019494307079,0.4804745992282644,1.0891074318830407,0.8831569366342995,1.7115479943300427
2014-10-20,0.14310201323060046,0.1407653769450956,0.1576793958615763,0.1626873833515008,0.17295720530510206,0.2781794473958987,0.4834201796831472,1.0921267691954117,0.8830467749473936,1.7154772115321348
2014-10-21,0.14310201323060046,0.14109917869924438,0.15801325390409904,0.1628543205802746,0.17306698345824767,0.27861902029142627,0.4844020590234477,1.0930889225859275,0.8830100544118258,1.716788841926542
2014-10-22,0.14310201323060046,0.14143298156603645,0.15834711305953153,0.1630212580873147,0.17317676173167484,0.2790585951138347,0.4853839479582289,1.0940510851338292,0.8829654369926443,1.7180977028071753
2014-10-23,0.14310201323060046,0.1417667855457383,0.1586809733278738,0.1631881958725767,0.173286540125428,0.2794981718631462,0.48636584648757974,1.0950021785018027,0.8829208195932026,1.7194065805298475
2014-10-24,0.14310201323060046,0.1421005906378392,0.1591261220223128,0.1633551339360606,0.1733963186394849,0.27993775053933856,0.4873477546116112,1.0959588200391002,0.8828762022135006,1.7207154750947584
2014-10-27,0.14310201323060046,0.1431020125906235,0.16046157997635646,0.16402288888068828,0.17372565490347824,0.2812564981294452,0.4902935365527217,1.0988066414489683,0.8827660408331495,1.7246311134154757
2014-10-28,0.14310201323060046,0.1434358221336529,0.16090673658459842,0.16424547485152097,0.17383543389875022,0.2816960845133165,0.4912754830564081,1.0997467006938821,0.8827253719612793,1.7259372885652047
2014-10-29,0.14310201323060046,0.14376963278934785,0.16135189517139104,0.16446806131695801,0.17391776823543204,0.2821356728241575,0.49225743915524145,1.1006867686798483,0.8826886515427068,1.7272434804866288
2014-10-30,0.14167141311514087,0.1441034445577083,0.16179705573651226,0.16469064827706603,0.17400010263981525,0.2825752630619238,0.4932394048493105,1.1016157663327197,0.8826519311374792,1.728549689179948
2014-10-31,0.14024083343537885,0.14443725743877867,0.16213092750461122,0.1649132357317562,0.17408243711185545,0.2830148552266598,0.4942213801387041,1.1025392329321315,0.8826152107456409,1.729855914645384
2014-11-03,0.13594921701667317,0.1454387027580495,0.16313254948623346,0.16558100106376372,0.17432944093398461,0.28433364328273036,0.4971581860604646,1.105160109989134,0.882505049650284,1.7337635442431942
2014-11-04,0.13451871908258806,0.1457725200901372,0.16346642570601588,0.16580359049704896,0.1744117756767194,0.2847595056885366,0.49813102203426496,1.1059561935943485,0.8824683293118918,1.7350893448930815
2014-11-05,0.13308824158391186,0.14610633853466837,0.16380030303855264,0.16602618042496076,0.17443922061353145,0.2851853699027851,0.4991038674253545,1.1067522834677712,0.8824316089868889,1.7364040151157667
2014-11-06,0.13451871908258806,0.1467739788534983,0.16424547460767158,0.1663044185685747,0.1744941105172204,0.2856249736294725,0.5000859002887159,1.1075428399256237,0.8823988370907143,1.7377214896515003
2014-11-07,0.13594921701667317,0.1474416236234788,0.1643567678548452,0.1665826574851037,0.1745490004509742,0.28606457928317397,0.501067942748068,1.1083444824541822,0.8823660652051757,1.7390389812483642
2014-11-10,0.14024083343537885,0.14944458463899135,0.16469064833828373,0.1672504341296177,0.17471367043273567,0.2873834078064741,0.5040233058484667,1.110721747796406,0.8822677496124642,1.742955325987272
2014-11-12,0.14310201323060046,0.1521152609088583,0.16491323594549634,0.16769562103255975,0.17482345057096005,0.28829011235256274,0.506005833964962,1.112302928968445,0.8822022059372214,1.7455068461893042
2014-11-13,0.14453263339249123,0.15311678273373097,0.16491323594549634,0.16786256660836774,0.1749057857197256,0.2887297295685487,0.5069879340022343,1.1130879884045708,0.8821654857090744,1.7467491832608095
2014-11-14,0.1459632739906569,0.15411831457390335,0.1652471181008197,0.16802951246244202,0.17498812093614813,0.28916934871161537,0.5079700436361634,1.1138785941848806,0.8821287654942722,1.7479915355015363
2014-11-17,0.1502553184149713,0.15712297018659616,0.16624877124438164,0.1686972985696089,0.1752351269914909,0.2904882177033219,0.510916430118713,1.1162670697485888,0.8820186049301126,1.7517158958735957
2014-11-18,0.1516860407669407,0.15812454208863347,0.1665826578514329,0.16891989492793247,0.17531746247860802,0.29092784455477805,0.5118985781401353,1.1170687812285474,0.8819818847687788,1.752952733955726
2014-11-19,0.15311678355782732,0.15912612400619253,0.16691654557148272,0.1691424917809714,0.17539979803340433,0.29136747333335933,0.5128807357587029,1.1178704990649546,0.8819451646208343,1.754186799635571
2014-11-20,0.15311678355782732,0.15979385075763908,0.16713913797261615,0.16930943972246482,0.17545468843334078,0.2917933654919658,0.5138537236638818,1.1186500610033567,0.8819044960910238,1.7554180924738372
2014-11-21,0.15311678355782732,0.16046158196048044,0.16736173086844275,0.16947638794220232,0.17550957886334206,0.29221925945919214,0.5148267209878155,1.1194351695049898,0.8818638275776225,1.756649400211563
2014-11-24,0.15311678355782732,0.1624648022780395,0.16802951252365972,0.1699772342708794,0.17567425033384598,0.2934969522122799,0.5177457694730103,1.1218016129471486,0.8817418221357842,1.760340625217327
2014-11-25,0.15311678355782732,0.16346642732378847,0.1682521073981036,0.1701441836035711,0.17572914088415104,0.2939228534138527,0.5187188044728286,1.1225922866428872,0.8817011536879749,1.7615719925209383
2014-11-26,0.15311678355782732,0.16446806238585854,0.1684747027671074,0.17031113321455127,0.17578403146454313,0.29434875642402325,0.5196918488918678,1.123382966520925,0.8816604852565524,1.7628033747249194
2014-11-28,0.15311678355782732,0.16647136255878436,0.16891989498919457,0.1706450332711995,0.17589381271556626,0.2952005678702241,0.52163796598792,1.1249310996898076,0.8815791484428681,1.7652661838346573
2014-12-01,0.15311678355782732,0.16947638794273523,0.16958768703223548,0.1711458854431136,0.17605848481767605,0.29647829860430797,0.5245572122783093,1.1273087536646464,0.8814571433453322,1.7689660849391498
2014-12-02,0.15311678355782732,0.1701441836957196,0.16981028536924292,0.17131283672358055,0.1761133755785238,0.29689047333769647,0.5255303132144729,1.1281382575721421,0.8814164750122533,1.7701975566165151
2014-12-03,0.15311678355782732,0.17081198390058727,0.17003288420085472,0.1714797882822916,0.1761682663694586,0.29730264976497445,0.5265034235704791,1.1289677682837063,0.8813758066956057,1.7714346190126795
2014-12-04,0.15597832927927158,0.1714797885576269,0.1702554835271597,0.17164674011926895,0.17622315719048043,0.2977148278860753,0.527476543346439,1.1297862035804185,0.8813351383953227,1.7726716964458822
2014-12-05,0.15883995676091445,0.17214759766659427,0.1701441837564266,0.1718136922344904,0.1762780480415671,0.2981270077010656,0.5284496725424193,1.1305603162175437,0.8812944701114489,1.7739087889163008
2014-12-08,0.1674253297843986,0.1741510517059286,0.16981028518612273,0.1718136922344904,0.17644272077528278,0.29936355730935116,0.5313599360086796,1.132877148389344,0.8811724653581932,1.7776480373109527
2014-12-09,0.1702872843265757,0.17448496465377605,0.169698985909994,0.1718136922344904,0.17649761174667322,0.29978948342372913,0.5323239220660803,1.1336512846865654,0.8811317971398891,1.778885190271029
2014-12-10,0.1731493206394763,0.17481887871435564,0.1695876867574997,0.1718136922344904,0.17657994824886725,0.30021541134683805,0.5332879173670424,1.1344254269095133,0.8810911289379941,1.7801251464148127
2014-12-11,0.1731493206394763,0.17448496474494757,0.16925379013370545,0.1717023907781723,0.1766073937571111,0.30061386157738124,0.5342335595748926,1.1351940332170463,0.8810425640326303,1.7813595406287464
2014-12-12,0.1731493206394763,0.17415105188829383,0.16925379013370545,0.17159108944553303,0.17663483927288226,0.3010123133907916,0.5351792106777165,1.1359571039055272,0.8809939991506699,1.7825939498134602
2014-12-15,0.1731493206394763,0.17314931999690142,0.16925379013370545,0.17175804142219864,0.176717175865293,0.30220767832835893,0.538025398607278,1.1382241841678908,0.8808483046450322,1.7863223620146806
2014-12-16,0.1731493206394763,0.17314931999690142,0.16925379013370545,0.1718136921429192,0.176744621411129,0.302606136473349,0.5389802667148835,1.1389817360914378,0.8807997398565748,1.7875624080849084
2014-12-17,0.1731493206394763,0.17314931999690142,0.16925379013370545,0.17186934289459277,0.17679951251787784,0.30300459620122844,0.5399351438914124,1.1397392936892459,0.8807511750914987,1.7887968924983122
2014-12-18,0.17458036887147976,0.17314931999690142,0.16925379013370545,0.17192499367710834,0.17685440365469152,0.30340305751201946,0.5408900301369535,1.1405411906122431,0.8807026103498039,1.7900313918835842
2014-12-19,0.1760114375481736,0.17314931999690142,0.16914249153694438,0.17198064449062134,0.17690929482159223,0.30380152040572206,0.5418449254516178,1.1412987598907742,0.8806540456314904,1.7912659062409242
2014-12-22,0.180304766240047,0.17314931999690142,0.1688085964885344,0.17214759711656757,0.17707396850275003,0.30499691858443256,0.5449392117902407,1.1435548761329128,0.8805083516168155,1.7949806933406531
2014-12-23,0.18173591669379263,0.17348322942254413,0.1686972983863777,0.1722032480536928,0.17712885978995452,0.3057388944923689,0.546123694245626,1.1443069260638428,0.8804558386423578,1.7961316098349833
2014-12-24,0.18316708759253952,0.17381713996118542,0.16858600040785543,0.17225889902174885,0.1778150012560431,0.3064808758888482,0.5473081906549826,1.1450589815866108,0.8804072740428381,1.797282539341838
2014-12-26,0.180304766240047,0.17381713996118542,0.16825210727555717,0.17225889902174885,0.1791324058643795,0.30793737365122364,0.5496588601895613,1.1465409408177418,0.8803022482553047,1.7995788593616169
2014-12-29,0.1760114375481736,0.17381713996118542,0.16791821528683304,0.17225889902174885,0.18110854526083298,0.3101221599492776,0.5531941501041526,1.1487694625437639,0.8801447097789961,1.803082001159595
2014-12-30,0.17458036887147976,0.17348322942254413,0.1678069182045938,0.17225889902174885,0.18176726705549928,0.310850432623333,0.5543787294833624,1.1495160088352607,0.880092197008242,1.804294362978065
2014-12-31,0.1731493206394763,0.17314931999690142,0.16769562124598902,0.17225889902174885,0.18239854625954344,0.31157871058480335,0.555563322817676,1.15026256063675,0.8800396842648217,1.805487217296653
2015-01-02,0.1702872847174186,0.17314931999690142,0.16758432438046533,0.17237020105063117,0.18371601150541927,0.31306276526321675,0.5579509180099418,1.1517833928287091,0.8799425554898432,1.8078785463510494
2015-01-05,0.16599438415418888,0.17314931999690142,0.16725043452596733,0.17237020105063117,0.1856922418597362,0.3152888884480287,0.5614865004188285,1.1540674552179997,0.8797968625027242,1.8114572781717797
2015-01-06,0.16456345818414153,0.1721475978484266,0.1671391381550258,0.17237020105063117,0.1863509939740826,0.31594849053213636,0.5626344440482711,1.154830668307505,0.8797482982204397,1.8126362714992128
2015-01-07,0.16313255265558713,0.17114588571713885,0.1670278419078297,0.17237020105063117,0.18676271675273082,0.31660809695333025,0.5637824007818759,1.1555938871554705,0.8796997339615364,1.8137901767013132
2015-01-08,0.16456345818414153,0.17047808310342027,0.1670278419078297,0.1724258521267341,0.18720188964176376,0.31728144974076944,0.5649395545898717,1.1563626545507244,0.8796551180308532,1.8149468844190775
2015-01-09,0.16599438415418888,0.16981028494129635,0.1671391381550258,0.17248150323379008,0.18764106445592343,0.31795480704794876,0.5660967217128388,1.1571369704090229,0.8796105021199097,1.8161036052781965
2015-01-12,0.1702872847174186,0.16780691716735685,0.16747302763859828,0.17281541047928783,0.18895860044931823,0.3199749060881718,0.5696142233392321,1.1594433253042213,0.8794766545054733,1.8195459542152737
2015-01-13,0.17171829245639092,0.1681408088768821,0.16758432438046533,0.17292671314181884,0.18939778296409582,0.32073073529290674,0.5708173651674864,1.1602121219546069,0.8794320386734444,1.8206999380452116
2015-01-14,0.1731493206394763,0.16847470169936152,0.16769562124598902,0.1730380159280065,0.1900840086515032,0.3214865701922198,0.5720205213892493,1.160980924447741,0.8793874228611775,1.8218539349539542
2015-01-15,0.17458036887147976,0.16847470169936152,0.16769562124598902,0.1730936673598249,0.19074278964308355,0.3222286680773623,0.573214507278097,1.16173864682525,0.879338858776002,1.8230051552830862
2015-01-16,0.1760114375481736,0.16847470169936152,0.16769562124598902,0.17314931882257412,0.19140157496635446,0.3229707714519803,0.5744085073418947,1.162501917794323,0.8792902947142078,1.824156388628162
2015-01-20,0.18173591669379263,0.16847470169936152,0.16769562124598902,0.1733719249827015,0.1940367595768766,0.32593923984562956,0.5791846493498287,1.1655495161754237,0.8790960387007996,1.8287447151657865
2015-01-21,0.18316708759253952,0.16847470169936152,0.16769562124598902,0.17342757660003816,0.1946955665590222,0.32668137066806935,0.5803787202908639,1.166307272772893,0.8790474747559118,1.8298932238717036
2015-01-22,0.18173591669379263,0.16814080896860872,0.16758432441104087,0.17342757660003816,0.1953269272286562,0.32740976356551155,0.581563619921277,1.1670594916725285,0.8789949625563009,1.8310389556535744
2015-01-23,0.180304766240047,0.1678069173508101,0.16758432441104087,0.17342757660003816,0.19595829187668556,0.32813816175121246,0.5827485335105465,1.167811716165268,0.8789385020937734,1.8321847003265335
2015-01-26,0.1760114375481736,0.16680524917531692,0.16758432441104087,0.17342757660003816,0.19785240969156792,0.33032338803844485,0.58630335803318,1.1700628798703594,0.8787809657471612,1.8356248013824406
2015-01-27,0.17458036887147976,0.16647136200953483,0.16758432441104087,0.17342757660003816,0.19848379025353413,0.33105180737766915,0.5874883274595399,1.1708095833216525,0.8787245054044046,1.8367873359640852
2015-01-28,0.1731493206394763,0.16613747595639605,0.16758432441104087,0.17342757660003816,0.19917007779757245,0.3317802320053964,0.5886733108455555,1.171556292284115,0.8786719933729259,1.8379470940682818
2015-01-29,0.16885629624516785,0.16613747595639605,0.16769562124598902,0.17348322824826123,0.19988382192750453,0.33252240603480754,0.5898674944354809,1.1723085504187658,0.8786194813543702,1.839109655479243
2015-01-30,0.16456345583464316,0.16613747595639605,0.1678069182045938,0.17353887992739292,0.20059757114163634,0.3332645855542271,0.5910616922026879,1.1730608141467869,0.8785669693631926,1.8402722301617436
2015-02-02,0.15168603841311246,0.16613747595639605,0.16814080982237023,0.17370583515041726,0.20273884928942998,0.3354911570529362,0.5946351842140762,1.175384162305071,0.8784212783627066,1.8437656136561342
2015-02-03,0.14739393385081456,0.1651358239258105,0.16825210727555717,0.17376148695325,0.20345261884062715,0.3362196141108331,0.5958202521192169,1.1761752545305315,0.8783727147426479,1.8449338213692767
2015-02-04,0.14310201323060046,0.1641341819117237,0.16836340485248957,0.17381713878699134,0.2040565819937834,0.33694807645747726,0.59700533398519,1.176966352941533,0.8783241511459483,1.8461076224228767
2015-02-05,0.14739393385081456,0.1641341819117237,0.16880859657988356,0.17403974652274723,0.20474290845955423,0.3377177785844898,0.5982179908446961,1.177768545682456,0.8782874323293832,1.847289807978525
2015-02-06,0.15168603841311246,0.1641341819117237,0.1691424917197093,0.17426235475315188,0.20542923962616477,0.3384874866160459,0.5994306623223089,1.1785762885728301,0.878250713526163,1.848472007256463
2015-02-09,0.16456345583464316,0.1641341819117237,0.17014418381702257,0.17459626811782147,0.2074882613314344,0.34079664613819727,0.6030779515912466,1.1809773802478496,0.8781405571967271,1.8519824157007259
2015-02-10,0.16885629624516785,0.1651358239258105,0.1704780834087538,0.17470757282003202,0.20817461130175907,0.34158012294263074,0.6042998688911227,1.1817740608244476,0.8781038384469753,1.8531590891213812
2015-02-11,0.1731493206394763,0.16613747595639605,0.17081198411348364,0.1748188776458992,0.20897078272053005,0.3423636058645929,0.6055218010323271,1.1825707476739389,0.8780671197105905,1.8543329859390667
2015-02-12,0.1731493206394763,0.16613747595639605,0.17081198411348364,0.1747632252403708,0.20968459666337314,0.343105858181314,0.6067161846466496,1.18335080798746,0.8780146080069162,1.8554985246374667
2015-02-13,0.1731493206394763,0.16613747595639605,0.1709232845346964,0.1747075728657288,0.21039841569090445,0.34384811598862086,0.6079105824406517,1.1841308743147927,0.8779660445826343,1.856664076673331
2015-02-17,0.1731493206394763,0.16580359092472907,0.1713684874561805,0.17515279254540772,0.2132537426484893,0.3468172021245275,0.6126883154166096,1.1872401112285713,0.8777717911192529,1.8613096758584025
2015-02-18,0.1731493206394763,0.1654697070057276,0.17147978849574308,0.1752640977745079,0.21396758709995023,0.3475594873853849,0.6138827841114525,1.1880202075402524,0.8777232278118552,1.8624697135506407
2015-02-19,0.1731493206394763,0.16513582419990236,0.1715910896589401,0.17537540312726474,0.21468143663629924,0.3483017781370723,0.615077266986952,1.1888003098660116,0.8776746645278388,1.8636297644538447
2015-02-20,0.1731493206394763,0.16480194250698688,0.17170239094586037,0.17548670860372262,0.21539529125758072,0.34904407437963414,0.6162717640432858,1.1895915069925822,0.8776261012672038,1.8647898285681919
2015-02-23,0.1731493206394763,0.1638003041056768,0.17203629554849442,0.17598758470962483,0.2175368856313975,0.35127099605292145,0.6198553402990248,1.1919485019218357,0.8774804116255419,1.8682868436559863
2015-02-24,0.1731493206394763,0.1638003041056768,0.17214759733004126,0.17615454396811003,0.21825076059276416,0.35201331425938065,0.6210498940804055,1.192728634532525,0.877431848458432,1.8694469608070197
2015-02-25,0.1731493206394763,0.1638003041056768,0.17225889923522253,0.17632150350488374,0.21896464063924093,0.3527556379568919,0.6222444620434642,1.1935087731576033,0.8773832853146812,1.870609881814067
2015-02-26,0.16885629624516785,0.1638003041056768,0.17237020126406044,0.17648846331987933,0.2196785257708722,0.35349796714554405,0.6234390441883786,1.1942889177970928,0.8773347221943117,1.8717728160968061
2015-02-27,0.16456345583464316,0.1638003041056768,0.17248150341666602,0.17665542341320783,0.22039241598770243,0.35424030182533706,0.6246336405153041,1.1950746131457413,0.8772861590973235,1.8729357636553479
2015-03-02,0.15168603841311246,0.1638003041056768,0.17281541061633376,0.1771563053626357,0.2225341171496087,0.35646733881204984,0.6282083251683446,1.1974261909684092,0.8771404699466245,1.8764191043806777
2015-03-03,0.14739393385081456,0.16346642686464463,0.1729267132635215,0.1773232665690072,0.22324802770754548,0.3571959481615039,0.6293937885861522,1.1982174555408953,0.8770919069431393,1.8775876866485186
2015-03-04,0.14310201323060046,0.16313255073623356,0.17303801603436586,0.1774902280536228,0.22390702676287066,0.3579245628008154,0.6305792659694331,1.1990087263002769,0.8770433439630576,1.878764654913856
2015-03-05,0.14739393385081456,0.16380030438003512,0.173483228537763,0.17782415199487644,0.22464840618421356,0.35869442584208766,0.6317923275493298,1.199811093806602,0.8770066256126752,1.8799500104343947
2015-03-06,0.15168603841311246,0.16446806247540913,0.17359453201857278,0.1781580770492619,0.22538979108974733,0.35946429478912467,0.6330054037521959,1.2006411926470895,0.8769699072756598,1.8811353797464792
2015-03-09,0.16456345583464316,0.1664713634719428,0.17392844320311962,0.17882593068005992,0.22761397871162714,0.3617739370652018,0.6366539102923952,1.2023163939554493,0.8768597523448385,1.8846441229704025
2015-03-10,0.16885629624516785,0.16747302885791182,0.17403974717855597,0.17904854954642335,0.22835538555414647,0.36255757766363583,0.6378762354033007,1.2028470746219266,0.8768230340612915,1.8858183826652164
2015-03-11,0.1731493206394763,0.16847470426060163,0.17415105127771557,0.17927116890747996,0.22909679788105652,0.36334122438088645,0.6390985753604639,1.2033777580712002,0.8767863157910893,1.886989864801647
2015-03-12,0.17171829245639092,0.16847470426060163,0.1739284432946464,0.1793268238021284,0.22975583539386335,0.36408363187319104,0.6402933575965664,1.20388626286545,0.8767377529581122,1.8881529860749646
2015-03-13,0.1702872847174186,0.16847470426060163,0.17403974717855597,0.17938247872772983,0.23041487724004828,0.364826044857236,0.6414881540170336,1.2044058607737052,0.8766891901485163,1.8893161206262166
2015-03-16,0.16599438415418888,0.16847470426060163,0.17437365957235773,0.17971640888498897,0.23239202877916032,0.367053316760213,0.6450726283865116,1.2060312148161945,0.8765435018599721,1.8927888564343354
2015-03-17,0.16456345818414153,0.16847470426060163,0.17448496395096047,0.17982771918474416,0.2330510879591241,0.36779575171159706,0.6462674815462588,1.2065452783405872,0.8764949391438792,1.8939408787693068
2015-03-18,0.16313255265558713,0.16847470426060163,0.17459626845324205,0.179939029608156,0.23371015147262142,0.36853819215494354,0.6474623488912368,1.2070593444761135,0.8764463764511676,1.895092914129326
2015-03-19,0.16456345818414153,0.16880859819601302,0.1748188778593729,0.18010599549813655,0.23439668066806973,0.3692943872444454,0.6486664220379135,1.207113136423943,0.8764017619593556,1.8962477541796474
2015-03-20,0.16599438415418888,0.16914249324440078,0.1750414877602413,0.180272961666339,0.23508321456573444,0.37005058803125657,0.6498705095892676,1.2073222035671183,0.8764558519127608,1.8974026073184769
2015-03-23,0.1702872847174186,0.17014418506782203,0.17570932043080578,0.18077386184067734,0.23714284447247103,0.3723192245760121,0.6534920504000619,1.207161936150536,0.8766181219469704,1.9008728282168263
2015-03-24,0.17171829245639092,0.17081198508979156,0.1759319323104247,0.1809408291220338,0.237829397179401,0.3734191842583723,0.6547053875196385,1.2070937255088454,0.8766682638420287,1.9020249422666335
2015-03-25,0.1731493206394763,0.1714797895636444,0.1761545446847368,0.18110779668163435,0.23854341688509528,0.3745191559949568,0.655918739265493,1.2070255149131404,0.8767144575847485,1.9031798608818873
2015-03-26,0.17171829245639092,0.1718136934243164,0.17626585104211223,0.1812191085273751,0.23922997899685772,0.37560538976531,0.657122913248398,1.2069406676393113,0.876752754977228,1.904332000699882
2015-03-27,0.1702872847174186,0.172147598397987,0.1763771575231221,0.1813304204968169,0.2399165458110586,0.3766916352906824,0.6583271016371572,1.206850274857918,0.8767910523842515,1.9054841535442124
2015-03-30,0.16599438415418888,0.17314931999690142,0.1767110777082026,0.1816643571471488,0.24197627446873593,0.3799504423981581,0.6621695651585879,1.2065790969980839,0.8769177892504976,1.9089658154984424
2015-03-31,0.16456345818414153,0.17348322942254413,0.17682238468395006,0.18177566961128377,0.24266286009311244,0.3810367349448507,0.6636036291140623,1.20648870453961,0.8769600349079809,1.9101347710961392
2015-04-01,0.16313255265558713,0.17381713996118542,0.17693369178333196,0.1818869821990754,0.24334945042008282,0.38212303924720636,0.6650377134996388,1.2063983121618715,0.877002280583139,1.9112981565870157
2015-04-02,0.16456345818414153,0.1744849644697677,0.17715630638375224,0.18205395133561453,0.24406350944654598,0.3832231063675584,0.6664810115588171,1.2063134653906182,0.8770445262875626,1.912464347468279
2015-04-03,0.16599438415418888,0.17515279343014445,0.17726761388476842,0.18222092075039775,0.2447775735594071,0.3843231855433116,0.6679243303114868,1.2062286186904858,0.8770946683945624,1.9136305516944896
2015-04-06,0.1702872847174186,0.1771563070247062,0.177601537129779,0.1823878904892995,0.2469197964169778,0.3876234954043545,0.6723500217771683,1.2059740790169027,0.8772569394563723,1.9171711231934285
2015-04-07,0.17171829245639092,0.17749022989890229,0.17771284512551055,0.18244354713077282,0.2476338808759193,0.3886686167194675,0.673809053654395,1.2058892326013204,0.8773110298683218,1.918351341027802
2015-04-08,0.1731493206394763,0.1778241538858749,0.17782415324492096,0.18249920380315476,0.24829304045643763,0.38971374891518806,0.675268106677196,1.2058043862568368,0.8773651203092703,1.9195204046032588
2015-04-09,0.1731493206394763,0.1778241538858749,0.17782415324492096,0.18249920380315476,0.24892473903492807,0.39074513989709736,0.6767179866669526,1.2057139944902984,0.877415262561887,1.9206866892538033
2015-04-10,0.1731493206394763,0.1778241538858749,0.17793546145732364,0.18249920380315476,0.24955644159398993,0.3917765414753971,0.6781678875372288,1.2056236028044953,0.8774654048394392,1.921852987250361
2015-04-13,0.1731493206394763,0.1778241538858749,0.1782693868368268,0.18266617395996665,0.2514515731546929,0.39487080978966027,0.6825269097429532,1.2053524282314765,0.8776158318215987,1.9253798827180146
2015-04-14,0.1731493206394763,0.17815807889443036,0.17838069554396707,0.18272183074072856,0.2520832916361737,0.39595726380170504,0.6839585053815656,1.205262036868593,0.8776659741988269,1.9265518187690178
2015-04-15,0.1731493206394763,0.17849200501578455,0.1784920043748306,0.1827774875524213,0.2527699464863531,0.39704372957114487,0.6853809267980626,1.2051716455864447,0.8777121683857692,1.9277125994650923
2015-04-16,0.17458036887147976,0.1788259322504704,0.17860331332935075,0.18283314439504483,0.25345660603961484,0.398130207098113,0.6868033683099295,1.2050867998668169,0.8777583625938723,1.9288733933806146
2015-04-17,0.1760114375481736,0.17915986059822142,0.17871462240754976,0.18288880126855478,0.25414327029602557,0.3992166963827426,0.688225829917477,1.205024136114674,0.8778045568231141,1.9300342005157178
2015-04-20,0.180304766240047,0.1801616523198657,0.17904855038417544,0.1830557720746917,0.2562032912842849,0.40247623478377736,0.6926036780525946,1.2047862359306105,0.8779431396377824,1.9335194936029865
2015-04-21,0.18173591669379263,0.1804955851198775,0.17915985995708983,0.1831114290719249,0.25688997435349137,0.4035627711002743,0.694035416971861,1.2047069359935492,0.8779893339516454,1.934677561249698
2015-04-22,0.18316708759253952,0.18082951903299893,0.17927116965366086,0.1831670861000445,0.2575766621260023,0.4046493191750544,0.695457980750791,1.2046276361185937,0.8780315800578586,1.9358356420532408
2015-04-23,0.18316708759253952,0.18082951903299893,0.17927116965366086,0.1831670861000445,0.2582358867222023,0.40572212486589265,0.6968713686102523,1.2045372454278391,0.8780659297086713,1.9369909432330745
2015-04-24,0.18316708759253952,0.18082951903299893,0.17927116965366086,0.1831670861000445,0.2588951156530017,0.40679494201945054,0.6982847763083777,1.204441309371096,0.8780963311376677,1.9381462575066122
2015-04-27,0.18316708759253952,0.18082951903299893,0.17927116965366086,0.1831670861000445,0.26087282845332904,0.41001346225779667,0.7024883338596855,1.204164592607193,0.8781993801913135,1.9415955233426985
2015-04-28,0.18316708759253952,0.18082951903299893,0.17927116965366086,0.1831670861000445,0.2615320747228367,0.4110863252635433,0.7039018203990333,1.2040797477550713,0.8782337298992582,1.942742511935025
2015-04-29,0.18316708759253952,0.18082951903299893,0.17927116965366086,0.1831670861000445,0.2621913253270991,0.41215919973263127,0.7053153267784218,1.2039949029740704,0.8782680796188824,1.9439006840472395
2015-04-30,0.18173591669379263,0.18082951903299893,0.17927116965366086,0.1831670861000445,0.2628505802661163,0.41323208566519387,0.7067288529981841,1.2039100582642126,0.8783063775906985,1.945058869317462
2015-05-01,0.180304766240047,0.18082951903299893,0.17927116965366086,0.1831670861000445,0.2635098395399549,0.4143049830613421,0.7081423990585645,1.203814122802016,0.8783446755770585,1.946217067745848
2015-05-04,0.1760114375481736,0.18082951903299893,0.17927116965366086,0.18300011510841152,0.2654876433705988,0.4175237440325885,0.7124935208179028,1.2035540439408798,0.8784595696233799,1.949730841310493
2015-05-05,0.17458036887147976,0.17982772035798344,0.17927116965366086,0.18294445817303995,0.266146919983945,0.4185554204481745,0.7139255421566792,1.2034691996006153,0.8785057641610639,1.9509058498671683
2015-05-06,0.1731493206394763,0.17882593170088779,0.17927116965366086,0.18288880126855478,0.26672379081369435,0.4195871074630597,0.7153391892316785,1.2033843553314938,0.8785519587199087,1.9520724933477673
2015-05-07,0.17458036887147976,0.1781580780702008,0.17938247947388852,0.18288880126855478,0.26732813532552857,0.4206325612603923,0.7167620539815234,1.203316147254485,0.8786021015624756,1.953241943404338
2015-05-08,0.1760114375481736,0.17749022889175237,0.1792711696230853,0.18288880126855478,0.26793248347998233,0.42167802594177406,0.7181849388330219,1.2032479392234396,0.8788457076351675,1.9544114068752005
2015-05-11,0.180304766240047,0.17548670806968314,0.17893724081263773,0.18255486035378965,0.26974554979917187,0.42481448529145815,0.7224445160352033,1.2030488607701617,0.8795646846782912,1.9578835683156548
2015-05-12,0.18173591669379263,0.1758206252866934,0.17882593145646108,0.1824435469629071,0.2703499125242592,0.4259012633482273,0.7238766792585949,1.202986198279854,0.8798043448313697,1.9590335335562648
2015-05-13,0.18316708759253952,0.17615454361672445,0.1787146222240521,0.1823322336956812,0.2710366924876917,0.4269880531658776,0.725308862845786,1.2029235358283596,0.8800440055538372,1.9601807186653941
2015-05-14,0.18316708759253952,0.17615454361672445,0.1784920041607574,0.18216526404968292,0.27169600558776263,0.4280610975420762,0.7267318680532098,1.2028553280805987,0.8802797185172739,1.9613251232345918
2015-05-15,0.18316708759253952,0.17615454361672445,0.17860331308481303,0.18199829468190654,0.27235532302301024,0.4291341533835702,0.7281548933642634,1.2027871203788454,0.8805193803034239,1.962469540648648
2015-05-18,0.18316708759253952,0.17615454361672445,0.17893724059927507,0.1817200130512786,0.2743333013401683,0.43235338970097903,0.7325160786298968,1.2025436801757161,0.8812383690780523,1.9659112497362186
2015-05-19,0.18316708759253952,0.17615454361672445,0.1790485500180683,0.1816643568270715,0.27499263611645564,0.43342649140483136,0.7339483846675154,1.2024699273513795,0.881481981450194,1.9670640984932763
2015-05-20,0.18316708759253952,0.17615454361672445,0.17915985956058478,0.181608700633773,0.27565197522805285,0.4344996045746008,0.7353715119305049,1.2023961745807776,0.8817255944106206,1.9682141669644215
2015-05-21,0.18316708759253952,0.17615454361672445,0.1792711692267801,0.1815530444713831,0.27631131867502656,0.43557272921037615,0.7367946592988339,1.2023168765381786,0.8819652596317562,1.9693642484069906
2015-05-22,0.18316708759253952,0.17615454361672445,0.17949378889965395,0.18149738833992402,0.276970666457399,0.43664586531229066,0.7382178267728134,1.2022375785577077,0.8822049254222364,1.9705143428210947
2015-05-26,0.18316708759253952,0.17615454361672445,0.18038427253830314,0.18127476412335142,0.2796081009412754,0.4409385243838937,0.7437542990461399,1.2018926607279656,0.8831478007772287,1.9750813280696278
2015-05-27,0.18316708759253952,0.17615454361672445,0.18060689468464286,0.18121910814645759,0.28026747040099664,0.4420117178183913,0.7451775648430026,1.2018133630798955,0.8833835209929086,1.9762203127991596
2015-05-28,0.17887363505493248,0.17615454361672445,0.1808295173258312,0.18116345220053898,0.2809268441962942,0.44308492271976085,0.7466008507471589,1.2017340654939757,0.883619241759348,1.9773593102502929
2015-05-29,0.1745803665170964,0.17615454361672445,0.1810521404617571,0.18110779628555118,0.2815862223271459,0.4441581390881133,0.7480241567589196,1.2016658585479068,0.8838549630765913,1.978498320423161
2015-06-01,0.1617016648268521,0.17615454361672445,0.18172001283756067,0.18094082872601724,0.283564382733581,0.44737785699646704,0.7522757940684244,1.2014612379854794,0.8845621303329665,1.9819489516390787
2015-06-02,0.15740913221158337,0.1758206252866934,0.1819426379523481,0.1808851729347083,0.2842237782070711,0.44843735953434827,0.7537727867194199,1.2013930312232857,0.8847978538533141,1.9831075691759015
2015-06-03,0.15311678355782732,0.17548670806968314,0.1821652635617843,0.18082951717428575,0.2848557030242338,0.44949687324769005,0.7552698016129789,1.2013248245070551,0.8850375263732113,1.9842717873905347
2015-06-04,0.15740913221158337,0.17615454389137142,0.18272182997838282,0.18094082877180284,0.2855700579060372,0.45059767900565983,0.756794443219766,1.2012732535845894,0.8852929934957787,1.985444401222014
2015-06-05,0.1617016648268521,0.1768223841654759,0.18305577140396156,0.18105214049299878,0.28628441787639236,0.45169849682713537,0.7583191078976537,1.2012272279511071,0.8855445127975647,1.9866170285361973
2015-06-08,0.1745803665170964,0.17882593170088779,0.18405760235946644,0.18138607639872628,0.28842752831896856,0.4550010226739287,0.7627552158123274,1.201083605921105,0.8862872289713941,1.990107052185075
2015-06-09,0.17887363505493248,0.17982772035798344,0.1843915482375058,0.1814973886147042,0.2891419086437974,0.4561156495003882,0.7641879529949103,1.201037580373887,0.8865348022444319,1.9912629694059936
2015-06-10,0.18316708759253952,0.18082951903299893,0.1847254952288102,0.18160870095429438,0.28988377041940794,0.4572302886944879,0.7656023067287299,1.2009915548475636,0.8867784276068491,1.9924188997276548
2015-06-11,0.18316708759253952,0.18082951903299893,0.1847254952288102,0.1815530447919267,0.29054320744485995,0.4583036562035625,0.7669890730438444,1.2009288936482676,0.8870062592504002,1.9935664601555603
2015-06-12,0.18316708759253952,0.18082951903299893,0.18483681107894778,0.1814973886604898,0.291202648806288,0.4593770351813742,0.7683758584440481,1.200871777729473,0.8872301428704654,1.9947140334951596
2015-06-15,0.18316708759253952,0.18082951903299893,0.1851707593716556,0.1814973886604898,0.29318099890689453,0.4625972409284529,0.7725363291477327,1.2006948849341947,0.8879017967116987,1.9981512427016623
2015-06-16,0.18316708759253952,0.18082951903299893,0.18528207571655297,0.1814973886604898,0.29384045761262634,0.4636706657824341,0.7741164466304795,1.2006377691474501,0.8881177851702837,1.9992960734533494
2015-06-17,0.18316708759253952,0.18082951903299893,0.1853933921851958,0.1814973886604898,0.2944999206544896,0.4647441021057963,0.7757057916695898,1.2005806533929686,0.8883179797486429,2.0004409170546467
2015-06-18,0.18316708759253952,0.18082951903299893,0.18550470877742864,0.1814973886604898,0.2951593880325287,0.46581754989860613,0.7772951617748491,1.2005290828921211,0.8885221233191354,2.0015857735057097
2015-06-19,0.18316708759253952,0.18082951903299893,0.18561602549340694,0.1814973886604898,0.2958188597467881,0.466891009161019,0.7788845569466352,1.2004775124175415,0.8890224098752508,2.0027306428066716
2015-06-22,0.18316708759253952,0.18082951903299893,0.18594997638348154,0.18166435710198492,0.29779730090704337,0.4701114557670749,0.7835792648195561,1.2003228011514988,0.8905232844285793,2.0061848883353495
2015-06-23,0.18316708759253952,0.18082951903299893,0.18606129359421963,0.18172001331095977,0.2984567899663837,0.47152903064271445,0.7851319445132177,1.2002712307820351,0.891023580908068,2.0073298092569525
2015-06-24,0.18316708759253952,0.18082951903299893,0.18617261092854775,0.18177566955093205,0.2991437622535731,0.4729466255195103,0.7867306670660934,1.2002196604388615,0.8915238798684166,2.008477537453879
2015-06-25,0.18173591669379263,0.18082951903299893,0.18628392838662133,0.18183132582176853,0.2998307392460209,0.47436424039775105,0.7883294149789721,1.2001625449203468,0.8920241813096474,2.0096252785644086
2015-06-26,0.180304766240047,0.18082951903299893,0.18639524596846258,0.18188698212353582,0.3005177209437715,0.4757818752777032,0.7899281882522757,1.2000998842343513,0.8925205365614142,2.010773032588653
2015-06-29,0.1760114375481736,0.18082951903299893,0.18672919945581512,0.18589430448252564,0.30257869426912887,0.4800348999307147,0.7946786376704651,1.199934083167098,0.8940333093391928,2.0142387287811703
2015-06-30,0.17458036887147976,0.18082951903299893,0.18684051753232733,0.1872301142229249,0.3032656947883794,0.481452614820399,0.7962867163139542,1.1998769678097432,0.8945533669554084,2.015417275421605
2015-07-01,0.1731493206394763,0.18082951903299893,0.1869518357326072,0.18856594177412145,0.3040076604310826,0.48287034971319365,0.7980697115183899,1.1998198524846293,0.8950813247789347,2.01659304103885
2015-07-02,0.17458036887147976,0.18116345405918555,0.18717447253444597,0.18995744793683933,0.304777112185306,0.48430186951418097,0.7998619436839105,1.1997682823573497,0.8956092855098019,2.0177716152009806
2015-07-06,0.180304766240047,0.1824992052957164,0.18717447253444597,0.19535667536696444,0.307854978228872,0.4900281526611927,0.8067366122242126,1.1996229989684082,0.897729053792129,2.022519585596405
2015-07-07,0.18173591669379263,0.1821652657251427,0.18717447253444597,0.19669261163806073,0.3086244594966425,0.49140471243638295,0.8083909124467104,1.1995880644454893,0.8982609772652861,2.023687048886358
2015-07-08,0.18316708759253952,0.18183132726765638,0.18717447253444597,0.19802856572166405,0.3093664649825856,0.4927812910683116,0.8100084162040222,1.1995531299346274,0.898800801356181,2.024854525535824
2015-07-09,0.18316708759253952,0.18116345378398346,0.1870631540564549,0.19930887159127497,0.3100809938736182,0.4941441223023757,0.8116167394188523,1.199507105121289,0.8993366792610313,2.026019220325148
2015-07-10,0.18316708759253952,0.18049558475268235,0.1870631540564549,0.20058919382031082,0.3107955278544017,0.4955069720184335,0.813225088292846,1.1994610803288674,0.8998725600119162,2.02718392841037
2015-07-13,0.18316708759253952,0.17849200437367596,0.1870631540564549,0.2029272186390152,0.31293916033574565,0.4995956320612116,0.8179398091814116,1.199323006077191,0.9014683723082006,2.0306613622714575
2015-07-14,0.18316708759253952,0.17882593151687942,0.1870631540564549,0.2037065723683451,0.3136537146759766,0.5010136229414375,0.8195206385925635,1.1992769813685022,0.9020003153489498,2.0318149431073795
2015-07-15,0.18316708759253952,0.17915985977343674,0.1870631540564549,0.2044859321592929,0.31439575716116774,0.5024316338286816,0.8211014927911986,1.1992309566807302,0.9025362102465406,2.032968536985913
2015-07-16,0.18316708759253952,0.17949378914303704,0.1870631540564549,0.20526529801192517,0.31513780513543477,0.5038496647232549,0.8226823717776943,1.199184932013897,0.903068158916831,2.0341221439072577
2015-07-17,0.18316708759253952,0.17982771962572475,0.1870631540564549,0.20604466992626413,0.31587985859877765,0.5052677156254015,0.8242632755524282,1.1991444525105033,0.9036001103915225,2.0352757638715024
2015-07-20,0.18316708759253952,0.18082951775224565,0.1870631540564549,0.20988594390092263,0.31810605192377217,0.5095219883802349,0.8290705891377925,1.1990451946362501,0.9052078291126753,2.0387674497785557
2015-07-21,0.18316708759253952,0.18149738864385867,0.1870631540564549,0.21116640128122643,0.318848127343907,0.5109401193155838,0.8306515930800451,1.199010260322364,0.905743741045506,2.0399295081131585
2015-07-22,0.18316708759253952,0.18216526398810995,0.1870631540564549,0.21244687502286475,0.3195902082533397,0.5123582702599272,0.8322142059216109,1.198975326020535,0.9062796558245934,2.0410803984203696
2015-07-23,0.18316708759253952,0.18283314378477744,0.1870631540564549,0.21372736512608181,0.32033229465209256,0.5137764412135759,0.8337768429796277,1.198940391730785,0.906811624229964,2.0422313017082416
2015-07-24,0.18316708759253952,0.1835010280341054,0.1870631540564549,0.2150078715910997,0.3210743865402321,0.515194632176752,0.8353395042544509,1.198899912325202,0.9073435954398468,2.0433822179769745
2015-07-27,0.18316708759253952,0.18550470749725267,0.1870631540564549,0.21884948915893432,0.3233006951413486,0.5194493251265975,0.8400276333759615,1.1987618388391574,0.9089276779844724,2.046818271820161
2015-07-28,0.18316708759253952,0.1861726095568672,0.1870631540564549,0.22013006107322042,0.32404280898741256,0.5208675961308806,0.8416088091251162,1.1987158143856869,0.9094596603499872,2.0479692398245097
2015-07-29,0.18316708759253952,0.1868405160690534,0.1870631540564549,0.22141064935028432,0.32478492832306305,0.5222858871461789,0.8431715917750271,1.198669789953133,0.9099916455200585,2.049136994019851
2015-07-30,0.1803047658468726,0.18750842703409987,0.1870631540564549,0.22269125399041467,0.3255270531483223,0.523704198172692,0.8447343986440314,1.1986237655415177,0.9105236334946865,2.0503047615779924
2015-07-31,0.17744252588116627,0.1881763424517846,0.1869518357022093,0.22397187499378912,0.32626918346325695,0.5251225292107753,0.8462972297324622,1.1985777411508414,0.9113518256553377,2.051472542499133
2015-08-03,0.1688562966336571,0.19018011542171198,0.18661788138141233,0.2281479255834773,0.328495607346424,0.5293776423971108,0.8510319166038061,1.1984341229989592,0.9138245946767487,2.054964782665336
2015-08-04,0.1659943837610589,0.19018011542171198,0.1865065635218377,0.22953998111396867,0.32923775962041546,0.5307822825989739,0.8526224747046118,1.198388098694525,0.9146528139290178,2.0561410040822903
2015-08-05,0.16313255265558713,0.19018011542171198,0.1863952457859419,0.23093205597857214,0.3298699680859052,0.5321869424270709,0.8541670081273045,1.1983420744110296,0.9154889389339393,2.0573032602738905
2015-08-06,0.16742532938893717,0.19084804901636776,0.18650656355241324,0.2324355189605276,0.33055715590728507,0.5336191652046685,0.8557299862530732,1.1983071403207202,0.9163290208358488,2.05847112192008
2015-08-07,0.17171829010207418,0.19151598706379502,0.1863952457555662,0.23393900449444338,0.33124434843541106,0.5350514083863,0.8572929886009328,1.1982666611462411,0.9171691097310974,2.059638996930313
2015-08-10,0.1845982761945475,0.19351982792417122,0.18606129310707598,0.23778134986909283,0.3333059542605543,0.5393482603583077,0.8620097729900689,1.198145223719993,0.9196775694500614,2.063139906228595
2015-08-11,0.18889197290341553,0.1945217632460583,0.18594997580498873,0.23906216439184558,0.3339931656159978,0.5407943574137875,0.8636189267164252,1.1981047446102844,0.9205137365456029,2.0643106306142522
2015-08-12,0.193185853630351,0.1955237085873085,0.18583865862655813,0.24034299528052916,0.3347903362483029,0.5422404752690513,0.865218895160047,1.1980642655167628,0.9213538602769855,2.065481368428812
2015-08-13,0.1946171873176583,0.1955237085873085,0.1853933913324779,0.24145677411628874,0.33550504604416,0.5436452948111237,0.8667912543771195,1.1980071512303514,0.9221781913562488,2.0666437306738006
2015-08-14,0.19604854145136574,0.1955237085873085,0.184948126017348,0.2425705653272825,0.33621976093105577,0.5450501339819391,0.8683636381052517,1.1979555820550658,0.9230025291687038,2.0678061061562003
2015-08-17,0.20034272654105845,0.1955237085873085,0.18428023193823861,0.24658031395945468,0.33836393613848603,0.5492647692696195,0.8731914764149806,1.1977842394765403,0.9254755830057082,2.071287719746362
2015-08-18,0.20177416246924818,0.1955237085873085,0.18405760156798845,0.24791693247914193,0.3390786713899807,0.5506696869581607,0.8748468662954201,1.1977271253481803,0.9263038976529581,2.0724473519437847
2015-08-19,0.20320561884532573,0.1955237085873085,0.18383497169238705,0.24925356882039562,0.33979341173271393,0.5520746242767993,0.8764193756001903,1.1976700112520389,0.9271322190983478,2.0736125897238056
2015-08-20,0.20320561884532573,0.19518972587633243,0.1835010278524729,0.2505345285286342,0.3404806667694382,0.5534658068522491,0.8779826968667637,1.1976128972037925,0.9279565971497261,2.0747750442518864
2015-08-21,0.20320561884532573,0.19485574427886565,0.18316708512562396,0.25181550460464663,0.3411679265133527,0.5548570086753246,0.8795460423607349,1.1975502381307956,0.9287770319361899,2.0759375120184664
2015-08-24,0.20320561884532573,0.19385380616614434,0.1821652636239124,0.2556585310415027,0.3432297339886148,0.5590307296329922,0.8842362242107882,1.197340080951892,0.9312383763112608,2.0793970311144605
2015-08-25,0.20320561884532573,0.19351982902160447,0.18183132534959068,0.25693957259074196,0.3439170125616453,0.5604220084492351,0.8858365179465144,1.197266331960134,0.9320588377750072,2.080548365938051
2015-08-26,0.20320561884532573,0.19318585299028523,0.18149738818840078,0.2582206305087764,0.34460429584204366,0.5618133065144582,0.8874460500412074,1.197192583022133,0.9328753557482861,2.0817108994534816
2015-08-27,0.20034272614894988,0.19285187807245308,0.18116345214027607,0.25950170479589474,0.34529158382983205,0.5632046238289057,0.8890556078143597,1.1971243791742525,0.9336918803270144,2.0828734462083
2015-08-28,0.19747991524878827,0.19251790426784154,0.18082951720526097,0.26078279545225236,0.3459788765250327,0.5645959603928219,0.8906651912664154,1.1970561753723352,0.9345123617350959,2.084036006202683
2015-08-31,0.18889197329432506,0.19151598953301985,0.17982771907907313,0.264626165638826,0.34804078285557427,0.5687700855842248,0.8954756682802323,1.196834929179036,0.9369738459773291,2.0875321553761594
2015-09-01,0.18602948955230847,0.19051408454311414,0.17949378859649645,0.26590732177425025,0.3487280943808013,0.5701614991487913,0.8970669264476205,1.196761180555428,0.9377943540642475,2.088689175191405
2015-09-02,0.18316708759253952,0.18951218957221627,0.17915985922705158,0.2671884942799574,0.34938791796430557,0.571552931964181,0.8986950657063453,1.196687431985577,0.9386188192044953,2.08984620811985
2015-09-03,0.1845982785456668,0.18917822671689066,0.1790485496541372,0.26858109203977687,0.35010273193822883,0.5729719381200926,0.900341660424786,1.1966358634686536,0.9394511923638271,2.0910088481598255
2015-09-04,0.18602948994435042,0.18884426497476348,0.17893724020487944,0.26997370914114693,0.35081755100394574,0.5743909642973444,0.9019882820144876,1.1965842949780203,0.9402835723871794,2.0921715014403874
2015-09-08,0.1917545399994669,0.18784238642790552,0.17849200364470352,0.275098708037147,0.35367687818552707,0.5800534915910482,0.9085105328103138,1.1963835662709643,0.94361316112197,2.096869793236067
2015-09-09,0.193185853630351,0.18784238642790552,0.17838069481392882,0.27637999869016827,0.3544192167309834,0.5814588398579179,0.9101296425762406,1.1963319979088949,0.9444455754662906,2.0980548882318484
2015-09-10,0.193185853630351,0.18750842922989897,0.17815807755363622,0.27760559620571,0.3551340663482616,0.5828504293582837,0.9117395626843772,1.1962748846001459,0.9452700951599446,2.0992371997586634
2015-09-11,0.193185853630351,0.18717447314504643,0.17804676912420714,0.2788312087008249,0.3558489210575999,0.5842420381119151,0.9133495084771903,1.1962177713236377,0.9460946215883226,2.1004195249768376
2015-09-14,0.193185853630351,0.18617261156970155,0.17771284457799297,0.2825081360648074,0.3579935157382419,0.5884169798950456,0.9181794999676862,1.1960464316874697,0.9485682412823326,2.1039470035647767
2015-09-15,0.193185853630351,0.18583865993746507,0.17760153664330147,0.2837338084796803,0.3587083908161537,0.5898224446351463,0.9197895485032248,1.1959893185399029,0.949392794650139,2.105126586260786
2015-09-16,0.193185853630351,0.18550470941862685,0.17749022883226662,0.28495949587497016,0.359423270986281,0.5912279290130051,0.9214088388010078,1.1959322054245547,0.9502173547529358,2.1063089796789836
2015-09-17,0.193185853630351,0.18517076001265398,0.1773789211448884,0.28618519825083233,0.3601381562486905,0.5926334330289107,0.9230281550808073,1.1958750923414252,0.9510379707200256,2.107491386789473
2015-09-18,0.193185853630351,0.18483681172007937,0.1773789211448884,0.2874109156074667,0.36085304660340434,0.5940389566831294,0.9246474973430452,1.1958235242526039,0.9518625442607176,2.1086738075924316
2015-09-21,0.193185853630351,0.18383497352085776,0.1773789211448884,0.29108815756389017,0.36299774822172726,0.5982556454783516,0.9295148967989109,1.1956632751901841,0.954324452295352,2.1122267466299194
2015-09-22,0.193185853630351,0.18350102968076598,0.1773789211448884,0.2923139348454562,0.363712658946036,0.5996612476885543,0.9311066922470745,1.1956061622588665,0.9551451016486912,2.1133308979092824
2015-09-23,0.193185853630351,0.18316708695407247,0.1773789211448884,0.2935397271087048,0.3644275747628267,0.6010668695384247,0.9326985128000453,1.1955490493597454,0.9559618066084852,2.1144350611279394
2015-09-24,0.1903232464246729,0.1828331453402221,0.1773789211448884,0.294765534353858,0.36514249567212165,0.6024725110282292,0.9342903584581563,1.1954863915474956,0.9567745670777672,2.115539236286046
2015-09-25,0.1874607210059498,0.18249920483948134,0.17993902082660274,0.295991356581049,0.3658574216740096,0.6038781721583009,0.9358822292218516,1.1954181888308435,0.9578797151492013,2.116643423383735
2015-09-28,0.17887363545043833,0.18149739001636078,0.1876197124284884,0.2998360774966402,0.3680022302353425,0.6080952733925615,0.9406948635045875,1.195213580955179,0.9611952319506178,2.119947663844801
2015-09-29,0.1760114371573085,0.1808295189418052,0.190180073820434,0.3011176838865426,0.36871717660782455,0.6095010130862777,0.9425080665221408,1.1951509233506297,0.9623004284139203,2.121063088684738
2015-09-30,0.1731493206394763,0.1801616523198657,0.1927405006440619,0.30239930665252324,0.36943212807303283,0.6109067724215933,0.9444042650679219,1.1950882657848716,0.9634016856977512,2.1221729306116544
2015-10-01,0.17458036887147976,0.1801616523198657,0.1955236482565681,0.3037923938322695,0.3702020817112128,0.6123401162815068,0.946318936823376,1.19503669806873,0.9645108582422512,2.1232883803686597
2015-10-02,0.1760114375481736,0.1801616523198657,0.19819554306390597,0.3051855003604276,0.37097204125586813,0.613773480561397,0.9482336448955131,1.1949795854597323,0.965612140240002,2.124403842309386
2015-10-05,0.180304766240047,0.1801616523198657,0.20621165499894456,0.30936493603803683,0.3732819553290856,0.618073695923993,0.9538581403657043,1.1948359723733981,0.9689397672815625,2.127775480519478
2015-10-06,0.18173591669379263,0.17949378978410202,0.20888383482127182,0.31075811996250646,0.3740519385000418,0.6194520097273726,0.9557084574381314,1.1947954945984884,0.970056903741745,2.128902182397696
2015-10-07,0.18316708759253952,0.17882593170088779,0.21155608590213149,0.31215132323674233,0.3746844295281271,0.6208303424115602,0.9575403697849483,1.1947550168397658,0.9711898588757206,2.1300233011825265
2015-10-08,0.18316708759253952,0.17782415306164534,0.2141170597056652,0.31348881640136383,0.37528942459281733,0.6221949101807622,0.9593630953844912,1.194703449307566,0.972318874791589,2.1311416341745604
2015-10-09,0.18316708759253952,0.17682238444012288,0.2156759472902836,0.3148263273991425,0.3758944233040129,0.6235594964555169,0.9611858538922213,1.194657426699819,0.973451854996088,2.132259979412443
2015-10-13,0.18316708759253952,0.1728154101287016,0.22191174012635706,0.3197306883116591,0.37831445461458113,0.6290731640161251,0.9684679966935228,1.1944456120392966,0.9779839029438575,2.1366831197721092
2015-10-14,0.18316708759253952,0.17248150292905606,0.22347074896167385,0.32095681600377013,0.3790569754096973,0.6304929817490645,0.9703093605521795,1.1943940446647705,0.9791169467139316,2.137793131760146
2015-10-15,0.18316708759253952,0.1721475968424091,0.2250297820482583,0.3221829586819158,0.3797995016973976,0.6319128195148016,0.9721507579918187,1.1943424773165345,0.9802460512670752,2.1389031558116667
2015-10-16,0.18316708759253952,0.17181369186876072,0.22759110018117923,0.32340911634618497,0.38054203347774873,0.6333326773136472,0.9739921890130399,1.1942909099945886,0.981375168445342,2.1400131919268484
2015-10-19,0.18316708759253952,0.1708119836259625,0.23527544732380168,0.32742209965679336,0.3827696617749954,0.6375923709114772,0.9795443475336452,1.1941417530562548,0.9847625957325468,2.14339373891983
2015-10-20,0.18316708759253952,0.1704780831044861,0.2378370272915431,0.3287597964313882,0.3835122155262827,0.639012308845488,0.9813951348846883,1.1940901858365827,0.9858957155643111,2.144545796181796
2015-10-21,0.18316708759253952,0.1701441836957196,0.2403986727222307,0.33009751104189355,0.38428227696460926,0.6404322668139839,0.9832459561575968,1.1940386186432006,0.9870248959146677,2.1456642881964694
2015-10-22,0.18173591669379263,0.16981028540019594,0.2429603836174632,0.3314352434885759,0.3850523443102327,0.6418522448172759,0.9850968113529701,1.1939870514760642,0.9881540888910578,2.1467827924587235
2015-10-23,0.180304766240047,0.16947638821762645,0.24552215997895033,0.33277299377167946,0.38582241756317526,0.6432722428556081,0.9869477004714522,1.1939299394751357,0.9892793422084489,2.1479013089686916
2015-10-26,0.1760114375481736,0.16847470334742098,0.2532078818776595,0.3367863516417824,0.38813267276653907,0.6475323571838665,0.9924636813466226,1.1937475139620846,0.9926433201355334,2.151273722037761
2015-10-27,0.17458036887147976,0.1681408106166682,0.25576992012086297,0.33812417327285793,0.3889027696492908,0.6489524353652909,0.9943147054875867,1.1936904020963368,0.9937607185494857,2.152409077962658
2015-10-28,0.1731493206394763,0.16780691899913602,0.25833202383873655,0.33946201274150933,0.3896728724396059,0.6503725335831989,0.9961657635547683,1.1936332902628077,0.994882081832893,2.153544446506417
2015-10-29,0.1702872843265757,0.16780691899913602,0.26100559354493846,0.34085561468046865,0.39047048523810357,0.6518064396883849,0.9980260790673823,1.1935872681291482,0.9960113629742695,2.1546826264139174
2015-10-30,0.1674253297843986,0.16780691899913602,0.26390204038828635,0.34224923597496737,0.39126810437377646,0.6532403662215636,0.999886428846386,1.1935412460164052,0.9971446093355762,2.1558208190028516
2015-11-02,0.15883995676091445,0.16780691899913602,0.27259188298200954,0.34643021599447543,0.3936609998043128,0.6575422683920529,1.0054769074647307,1.193397634972837,1.0005562828901082,2.1592718540954126
2015-11-03,0.15597832927927158,0.16780691899913602,0.2754886645424781,0.34782391471386287,0.3944586442891529,0.6589624881965905,1.0073650660607392,1.1933516129463362,1.0016935330183108,2.1603541258738757
2015-11-04,0.15311678355782732,0.16780691899913602,0.27838552978831643,0.3492176327901664,0.39522878991067323,0.6603827280396324,1.009280932030654,1.1933055909407742,1.0028307959517813,2.1614867844126584
2015-11-05,0.15311678355782732,0.1684747036223122,0.28150532526862726,0.3507228704669574,0.39605395271580246,0.6618305663781854,1.0112152837928656,1.1932817482232405,1.0039759780327895,2.162625053436229
2015-11-06,0.15597832927927158,0.16914249269730508,0.28417951439820843,0.35222813072233183,0.3968791223030399,0.6632784255415913,1.013149672598379,1.1932523606913659,1.0054176382420676,2.1637633351422103
2015-11-09,0.1645634570117016,0.17114588663413866,0.2922025096671055,0.35624227010615517,0.3993546717581564,0.6676221279838135,1.0188515872866288,1.1931697429620858,1.0097427423345628,2.167004731732791
2015-11-10,0.1674253297843986,0.17214759849080163,0.2948769840565246,0.3575803522487986,0.4001798684744706,0.6690838602776861,1.0207492220200898,1.1931403554627407,1.011176578733819,2.168059097817432
2015-11-12,0.1731493206394763,0.174151052255489,0.30022614679656723,0.36025657005762657,0.4018852962806907,0.6720073885404743,1.024526147573357,1.1930815804896522,1.0140443125926657,2.170173460393654
2015-11-13,0.1731493206394763,0.17448496502014965,0.3031237266850839,0.36148319340114643,0.40268300610895036,0.6734416028645773,1.0263962110744318,1.1930411034164923,1.0154703028103285,2.1712250596920057
2015-11-16,0.1731493206394763,0.17548670999276705,0.31181696861073416,0.36566497484569194,0.4050761736215769,0.6777443684324425,1.0320066092804892,1.1929085826885677,1.0197483942465446,2.1744051134906073
2015-11-17,0.1731493206394763,0.17615454544863685,0.31471488334728903,0.3670589407142266,0.40587390880189034,0.6791786644879005,1.0339506214540162,1.192862560884489,1.021178418439428,2.175476349510319
2015-11-18,0.1731493206394763,0.1768223853566342,0.31761288180196523,0.3684529259433411,0.406671650320356,0.6806129809769246,1.0358762181379655,1.192816539101349,1.0226124163827288,2.176533601499031
2015-11-19,0.1731493206394763,0.1774902297167813,0.3205109639770942,0.3698469305333463,0.4074693981769961,0.682047317899781,1.0378018515216914,1.1927760621341932,1.0240503882440244,2.177590864427592
2015-11-20,0.1731493206394763,0.17815807852941123,0.3234091298750297,0.37124095448453076,0.4082671523718995,0.6834816752568029,1.039727521605882,1.1927300403903995,1.0254844269550256,2.1786481382960687
2015-11-23,0.1731493206394763,0.1801616516812432,0.33210412993058824,0.3754231425076249,0.4106604529865221,0.687784869935637,1.0453571147863938,1.192542072201852,1.0297866652264176,2.181820025526182
2015-11-24,0.1731493206394763,0.1885102781788328,0.3350026307442411,0.3768172439060802,0.4114582325348781,0.689219309032163,1.04720910888354,1.1924738714322203,1.0312207853639732,2.1828661462381937
2015-11-25,0.1731493206394763,0.19685960041830874,0.33790121529297945,0.37821136466700267,0.41225601842171944,0.6906537685642755,1.0491072752717656,1.1924056707085295,1.0326549258589113,2.183917876177599
2015-11-27,0.1731493206394763,0.21356033235619964,0.34369863560506086,0.38099966427749266,0.41385160921108,0.6935227489364815,1.0529037150197151,1.1922803589452302,1.0355153598973654,2.1860213685316987
2015-11-30,0.1731493206394763,0.23861664977899988,0.35239539414593235,0.3851822589186149,0.4162450429350928,0.6978263727690726,1.0584971282283195,1.1921256601682861,1.039818025342787,2.1892410744371205
2015-12-01,0.1731493206394763,0.246635995506006,0.3552944811554104,0.3865764958601803,0.4170428668539561,0.6992609549209217,1.060404735356557,1.192074093961848,1.041252287875749,2.1903264631331743
2015-12-02,0.1731493206394763,0.2546559828011663,0.35819365191667174,0.38797075216614463,0.41781318572349235,0.7006955575104223,1.0623492939539902,1.1920225277816998,1.0426905250599194,2.191431459519211
2015-12-03,0.17458036887147976,0.26267661171577306,0.3610929064323587,0.38936502783673,0.4185835105022795,0.7021301805378188,1.0642938899677379,1.1919765063805876,1.0441327370633857,2.192536467853712
2015-12-04,0.1760114375481736,0.27069788230102976,0.3637692164433437,0.39075932287226944,0.4193538411903841,0.7035648240034664,1.0662385233985328,1.1919249402501775,1.0455749696519634,2.1936414881367883
2015-12-07,0.180304766240047,0.2947655445956432,0.3717985746957142,0.3947750013227225,0.4216648687110025,0.7078688770326247,1.0720080399387433,1.1917757867583534,1.0498899272129103,2.1968782317346225
2015-12-08,0.18173591669379263,0.2997803741692895,0.3744751701927118,0.3961135965012019,0.42243522303682113,0.7092898069165576,1.074008201299903,1.1917297654694625,1.05132828734662,2.197927306252967
2015-12-09,0.18316708759253952,0.3047954544888043,0.37715183706585886,0.3974522095276489,0.42323309613769844,0.710710756849009,1.0759714818538324,1.1916837442015105,1.0527627132680184,2.198979191211259
2015-12-10,0.1845982785456668,0.3094764217189683,0.37971704278032536,0.3987350635837217,0.4240034622826183,0.7121179307160164,1.0779255697267454,1.1916266335004977,1.0541932044159985,2.200028287009026
2015-12-11,0.18602948994435042,0.31415760739796905,0.38228231405037505,0.4000179340317933,0.42477383433718874,0.713525124244696,1.07987969537775,1.1915639780997411,1.0556237158138249,2.201077393576001
2015-12-14,0.19032324681558244,0.3282024752293111,0.3899785212105433,0.4040339817309224,0.42708498595906974,0.7177468228033224,1.0854746002050275,1.1913926462961966,1.0599153715094234,2.2042219780740835
2015-12-15,0.1917545399994669,0.33589453614328857,0.3925440547195125,0.40537269999560976,0.4278553816525976,0.7191678916700583,1.0873457914093443,1.1913355357594746,1.0613459639096101,2.2051955316789273
2015-12-16,0.193185853630351,0.3435871867997431,0.3951096537924359,0.40671143610981897,0.4286257832559759,0.7205889805872223,1.0892170172512428,1.1912784252549935,1.0627765765610864,2.2061718944453634
2015-12-17,0.2261116029343757,0.35094592525639623,0.397563766094966,0.4079944081265552,0.4293686760116655,0.7219962920915313,1.091079045716481,1.191215770086984,1.0642032539383228,2.207145466357585
2015-12-18,0.2590481723858451,0.3583052033689027,0.4000179383871316,0.40927739653675577,0.43011157426271485,0.7234036232593999,1.0929411084796392,1.1911586596657475,1.0658356200894392,2.2081190475436108
2015-12-21,0.3579228371809462,0.38038627603926845,0.40738081521609626,0.41312646013045295,0.43234030198826545,0.7276257347471171,1.0988044680579012,1.1909873285953942,1.0707328767381785,2.2110734469745763
2015-12-22,0.390902722787545,0.3877477131721152,0.4098352274814143,0.41440951411670923,0.43308322222108675,0.7293780949598982,1.1008513203553116,1.1909302183030768,1.0723574375575806,2.2120442655279904
2015-12-23,0.42389344633126935,0.3951096901590123,0.41228969974382856,0.4156925844975845,0.43451404214238654,0.7311304856585155,1.1028889815608123,1.190873108042978,1.0739820244893838,2.213015093302406
2015-12-24,0.4224588459581069,0.3947750441833042,0.4121781318726647,0.4156925844975845,0.4353120057460691,0.7325655324453173,1.1047143193371856,1.190688470819934,1.0755156505167784,2.2139215220486674
2015-12-28,0.41672064939979325,0.39343647143561533,0.4121781318726647,0.4158599421622666,0.4385039235603516,0.7383059240366086,1.1120714001939147,1.1899111128049311,1.0816503873315897,2.2175529178153797
2015-12-29,0.41528615149404313,0.3937711128576771,0.4121781318726647,0.41591572811252586,0.43930191886407677,0.7397548724574099,1.113933837893355,1.1897209327077052,1.0831841297133549,2.2184593868032287
2015-12-30,0.41385167407952395,0.3941057553951799,0.4121781318726647,0.4159715140937381,0.44009992050797475,0.7412038417188516,1.1158147772987403,1.1895307529679044,1.0847178953670822,2.2193938662929735
2015-12-31,0.4009422817836228,0.3947750439083908,0.41228969974382856,0.41608308616443157,0.4409254462349521,0.7426666320275332,1.1177049860811472,1.1893516627525358,1.086255640656919,2.2203311548505855
2016-01-04,0.3493213070246082,0.3974522425800764,0.41273597246807014,0.41686409394678936,0.4442276169940751,0.7485180056666207,1.1269006918020352,1.1886186713479852,1.092406855748429,2.224099997569784
2016-01-05,0.3364202108741887,0.39678293585267976,0.4128475409589827,0.41708724013445053,0.4450531766469368,0.7499118981038722,1.129012744540403,1.1884284936277023,1.0939447180061235,2.225068133610164
2016-01-06,0.3235207733129686,0.3961136335873805,0.41295910957390713,0.4173103868180039,0.4457136297975062,0.7513058098261416,1.1308939649616878,1.1882383162648669,1.0954865599622554,2.2260026737729754
2016-01-07,0.3364202108741887,0.3984562139255132,0.41407480391644214,0.4180356178581368,0.4466217610898715,0.7528239553151295,1.1328583424028427,1.1881146733464742,1.097060080193346,2.2269624288703493
2016-01-08,0.3493213070246082,0.40079884892387785,0.41496736856045935,0.41876085413601327,0.44752990059266917,0.7543421236798853,1.1348227580002535,1.1879965751108168,1.0986375813428984,2.227922192978471
2016-01-11,0.38803454914426716,0.40782708189415207,0.4176451100960099,0.420769228362583,0.4502543683643667,0.7588967660323798,1.1406515819006646,1.1876201031822076,1.1033702324834138,2.230734325963435
2016-01-12,0.4009422817836228,0.4115087315892607,0.4185377064759521,0.42143869536417355,0.45116254070962647,0.7604840371725041,1.1425976765741641,1.187490916513445,1.1049478320955153,2.231663319055821
2016-01-13,0.41385167407952395,0.4151905162791625,0.41943031078999216,0.42210816682881624,0.45223584500315717,0.7620713333171825,1.1445253360305552,1.187361730009595,1.1065254563241922,2.2325923205901876
2016-01-14,0.41385167407952395,0.41585994535631166,0.4193187349543992,0.4222755351860341,0.4530614704763236,0.7635344266276656,1.146369899027233,1.187182643633089,1.1080635333602595,2.2334961225583205
2016-01-15,0.41385167407952395,0.4165293788961133,0.41943031075954984,0.42244290382214,0.45388710273539523,0.7649975411826659,1.1482144956630247,1.1869980130932323,1.1096016337942327,2.234399932516662
2016-01-19,0.41385167407952395,0.4192071576844203,0.4198766152195388,0.42333554113707095,0.4571896996315994,0.7708502118540572,1.1556486426496537,1.1862594943026883,1.1157542695163114,2.2380236545383347
2016-01-20,0.41385167407952395,0.41987661353877215,0.4199881916444381,0.4235587017055842,0.4580153658209074,0.7723134326362846,1.157502646017483,1.186074865447262,1.117296444102478,2.238930305309794
2016-01-21,0.4167206490068409,0.42054607385624276,0.42009976819328276,0.42378186276998964,0.45884103879645366,0.7737766746648944,1.1593566833658864,1.1858902369287216,1.1188346849915654,2.239836964121489
2016-01-22,0.419589705905965,0.42121553863683214,0.4202113448661615,0.4240050243302873,0.45966671855828256,0.7752399379401753,1.1612107546955075,1.1857000643363813,1.1203769065589286,2.240743630973463
2016-01-25,0.42819736845289835,0.42322395975666893,0.4205460756286694,0.42467451198668904,0.46214379856197585,0.779629855249242,1.1667454574887381,1.1850962824185185,1.1249918400139336,2.2434552770381755
2016-01-26,0.4310667532591461,0.42389344238955573,0.420657652797396,0.4248976755306,0.46296950546944604,0.7810932035143381,1.1685904257116464,1.1848950225803456,1.126530197968778,2.2443591750418213
2016-01-27,0.4339362200477481,0.4245629294854725,0.42076923009013445,0.42512083957046976,0.46379521916348754,0.7825565730276596,1.1704261888810352,1.1846937631425192,1.1280685793257916,2.2452658819969606
2016-01-28,0.428197366880978,0.4245629294854725,0.4206576528279271,0.42523242174579146,0.4645658911897943,0.7839923520530201,1.1722435066252812,1.184486959869524,1.129603025604431,2.246166994527865
2016-01-29,0.4224588416367192,0.4245629294854725,0.4205460756897539,0.42534400404508066,0.4653365691280609,0.7854281515329076,1.1740608570139033,1.184263524008733,1.1311335374666998,2.2470681150004834
2016-02-01,0.40524523324358963,0.4245629294854725,0.4202113450189948,0.4256787516868421,0.4676486384148415,0.7897356727028182,1.1794946249896299,1.1836153965891771,1.1357252120329786,2.24977432515181
2016-02-02,0.39950801949741876,0.42389344238955573,0.4200997683767582,0.42579033448204573,0.4684193400012804,0.7911577475502529,1.1814784198650452,1.1834085955201745,1.1372558165494207,2.2506754774167304
2016-02-03,0.3937711335777916,0.42322395975666893,0.4199881918583559,0.42590191740119465,0.46916252223205834,0.7925798424621933,1.1833606152311216,1.183201794873856,1.1387904022287287,2.2515850410194327
2016-02-04,0.39950801949741876,0.42389344275597374,0.42032292196858556,0.42623666708612173,0.4700158127810772,0.7940571864192503,1.1852798078444193,1.1830227157616502,1.1403408451166275,2.2525058183397784
2016-02-05,0.40524523324358963,0.4245629302188192,0.42032292196858556,0.42657141788684516,0.4708691105771212,0.7955345520301638,1.1871990368599539,1.182843636966413,1.1419902644661528,2.253426603951736
2016-02-08,0.4224588416367192,0.42657141938606813,0.42032292196858556,0.42690616998675157,0.4734290474482039,0.7999667787889742,1.1927444052897584,1.1822675928903958,1.146926809040849,2.2561862092768337
2016-02-09,0.428197366880978,0.4272409247018327,0.42032292196858556,0.4270177542679887,0.4742823742330593,0.8014580388809867,1.194580607753326,1.1820607943494377,1.148572377441437,2.257098624181242
2016-02-10,0.4339362200477481,0.4279104344807605,0.42032292196858556,0.42712933867326,0.47516323516954007,0.8029493210350624,1.1964076024556958,1.1818539962311414,1.1502179726139206,2.258008245917398
2016-02-11,0.4339362200477481,0.42724092506825073,0.4198766154640765,0.4270177543290954,0.47593399440151174,0.8043853905817189,1.1981976631765034,1.181625021989463,1.1518477588309484,2.2589066694156834
2016-02-12,0.4339362200477481,0.4265714201191484,0.4197650391936314,0.4269061701089427,0.47670475954610936,0.8058214805870767,1.1999877555616711,1.181412680809646,1.1534775713079926,2.2598051008074105
2016-02-16,0.4339362200477481,0.42389344495543657,0.4193187353517924,0.4273525074887541,0.4797878792513588,0.8115660452011397,1.2072223782559899,1.1805744088113634,1.1599970838243934,2.2634045082235765
2016-02-17,0.4339362200477481,0.42322396232252757,0.41920715970131806,0.4274640921436701,0.48055867395961904,0.81300223750429,1.2090680836412737,1.1803620698363604,1.1616270276076701,2.264308582095942
2016-02-18,0.4339362200477481,0.42255448415287056,0.4190955841747668,0.4275756769225758,0.4813294745807717,0.8144384502678736,1.210913822686499,1.1801497313069786,1.1632569976534946,2.2652126639608916
2016-02-19,0.4339362200477481,0.4218850104461547,0.4189840087721608,0.4276872618254268,0.48210028111483894,0.8158746834921793,1.2127595953922654,1.1799429373211767,1.1648869939622664,2.2661167538185145
2016-02-22,0.4339362200477481,0.4198766161048306,0.4186492833082367,0.4280220172779625,0.484412736195039,0.8201835059323592,1.2182324140148193,1.1792837494446262,1.1697771404704405,2.2688626905827514
2016-02-23,0.4339362200477481,0.4195418876654866,0.41853770840154514,0.42813360267677236,0.48518356638125315,0.8216198210024617,1.2200413472658767,1.1790547810194063,1.1714072418352206,2.26976961433909
2016-02-24,0.4339362200477481,0.4192071603418501,0.4184261336187989,0.4282451881995275,0.48595440248060395,0.8230561565347738,1.221859556243965,1.1788258131123497,1.1730373694650575,2.270673744483065
2016-02-25,0.4310667532591461,0.4188724341341876,0.41831455896006453,0.42835677384631676,0.486725244493158,0.8244925125295399,1.2236777978824387,1.1786023897525144,1.1746675233603954,2.2715778826201127
2016-02-26,0.42819736845289835,0.41853770904221044,0.4182029844252977,0.4284683596170291,0.48749609241893754,0.825928888987093,1.2254960721818753,1.1783678788511942,1.1762977035216116,2.2724820287503222
2016-02-29,0.419589705905965,0.41753354046045743,0.41786826156473555,0.42880311767319323,0.48980867167620623,0.8302381411392057,1.2308863814557647,1.1776809813463407,1.1811884016049934,2.2752001186583826
2016-03-01,0.4167206490068409,0.4171988198315102,0.4177566875257721,0.4289147039398866,0.4905795432553983,0.8316607874490067,1.2328711839533657,1.1774464725806455,1.1828186868340973,2.276107098615232
2016-03-02,0.41385167407952395,0.4168641003179818,0.4176451136108428,0.4290262903305253,0.49132288940902935,0.8330834538313958,1.2346711342510641,1.1772119643584933,1.1844489983312112,2.2770168884431286
2016-03-03,0.41385167407952395,0.4171988199231924,0.41775668755639206,0.4292494635450339,0.4921213045841588,0.8345337658623553,1.2364896070194753,1.1769940883823882,1.1860872566377356,2.2779322905691624
2016-03-04,0.41385167407952395,0.4175335406440661,0.41775668755639206,0.4294726372554125,0.492919726102814,0.8359840987535838,1.2383081124530015,1.176787300732851,1.187725541468998,2.2788477008882424
2016-03-07,0.41385167407952395,0.41853770950079916,0.41775668755639206,0.4299747799858533,0.4953150287202446,0.8403352225918814,1.2437638247502214,1.1761447647424372,1.1926405551154318,2.2816051888115974
2016-03-08,0.41385167407952395,0.4182029853412095,0.41775668755639206,0.4301421614538947,0.49611347561340224,0.8417994523158168,1.2455824608501365,1.1759268910644716,1.1942789460499093,2.282515028045884
2016-03-09,0.41385167407952395,0.41786826229757157,0.41775668755639206,0.4303095432009574,0.49693946172055803,0.8432637033007673,1.2474103753523647,1.1757090178556417,1.1959173635112785,2.2834220733685795
2016-03-10,0.41385167407952395,0.417533540369619,0.41775668755639206,0.43047692522695247,0.49776545461655,0.8447279755470438,1.249238322856261,1.1754911451159922,1.197555807499917,2.2843291267350185
2016-03-11,0.41385167407952395,0.4171988195573517,0.4178682616257978,0.4306443075319244,0.4985914543014669,0.8461922690549573,1.2510663033624025,1.1752732728455229,1.1991942780163134,2.2852361881452232
2016-03-14,0.41385167407952395,0.41619466381517256,0.41820298457804217,0.4313138394498317,0.5010694940901894,0.8505852771516498,1.2565504428977414,1.1746085712247334,1.2041098487362234,2.287951816379463
2016-03-15,0.41385167407952395,0.41652938118874605,0.41831455914345117,0.43153701774769626,0.5018955209312725,0.8520496557092194,1.2584062956163544,1.1743851570549912,1.2057484253678696,2.2888589099158363
2016-03-16,0.41385167407952395,0.41686409967798266,0.41842613383280547,0.43176019654149744,0.5027215545615471,0.8535140555299581,1.2602991699337096,1.17416174337861,1.2073870285294053,2.2897660114963303
2016-03-17,0.41528615149404313,0.41719881928317104,0.41853770864608286,0.43198337583125745,0.5035475949810575,0.8549784766141988,1.2621920796355157,1.1739383301955675,1.2090375403787768,2.290673121121034
2016-03-18,0.41672064939979325,0.41753354000404475,0.41864928358330555,0.4322065556169541,0.5043736421898704,0.8564429189622524,1.2640850247224389,1.1737149175058859,1.2106841183622263,2.2915802387900364
2016-03-21,0.4210242660776409,0.4185377088607778,0.4189840091389341,0.43287609794970816,0.5068518245526343,0.8608363735922886,1.2696900902182673,1.1730446823968066,1.2156002471806815,2.29430724465729
2016-03-22,0.4224588459581069,0.418872434044415,0.41909558457216,0.4330992797192401,0.5076778989191899,0.8623147171936685,1.2715646796196411,1.1728212716804798,1.217239009851201,2.295205987565585
2016-03-23,0.42389344633126935,0.4192071603437375,0.4192071601292424,0.4333224619846865,0.5091923810387478,0.8637930824635154,1.273402311317029,1.1725978614574695,1.2188777990546074,2.296104738370097
2016-03-24,0.42389344633126935,0.4192071603437375,0.4192071601292424,0.4334898489863237,0.5106793491181483,0.8652576524008415,1.2752307275852859,1.1723689080996857,1.220512653172734,2.2970006944454058
2016-03-28,0.42389344633126935,0.4192071603437375,0.41965346347514476,0.43415939978255214,0.5166274414262872,0.8711161448128335,1.2825447227712727,1.1714530998497397,1.2274484757279103,2.300593004651086
2016-03-29,0.42389344633126935,0.4192071603437375,0.41976503962155576,0.43432678817907355,0.5181145195025882,0.8729262605001953,1.2844010514102777,1.1712241490825281,1.2291864671059471,2.3014974075413086
2016-03-30,0.42389344633126935,0.4192071603437375,0.41987661589200087,0.4344941768545274,0.5196016195792241,0.874736408669774,1.2864608976201675,1.1709951988334577,1.2309363729677392,2.302396213375091
2016-03-31,0.42102426568584317,0.4192071603437375,0.4199881922863691,0.4346615658090247,0.521088741656528,0.8765465893221691,1.2885207857216363,1.1707662491025062,1.232682347463876,2.303295027105645
2016-04-01,0.418155167015799,0.4192071603437375,0.42032292212141886,0.43482895504245445,0.522575885734855,0.878356802457958,1.2905807157155946,1.1705372998896513,1.2344243903888552,2.3041938487330382
2016-04-04,0.4095483628285157,0.4192071603437375,0.4213271183213463,0.4353311244166269,0.5270374499790842,0.8839216813784079,1.2962427473078186,1.1698504553597555,1.2397101273545985,2.306909979536176
2016-04-05,0.4066795920329769,0.4182029845178681,0.42166185261953704,0.4354985147659862,0.5285246820646794,0.8857417003735879,1.2981270780560106,1.1696215082193318,1.2414602151344045,2.3078172409457087
2016-04-06,0.4038109031999193,0.4171988187334774,0.4219965880334575,0.43566590539430017,0.5299017691833718,0.8875755717573819,1.3000114438568522,1.1693925615970269,1.2432063711399044,2.3087245104008725
2016-04-07,0.4066795920329769,0.416864098944969,0.42255448302224163,0.4359448904712959,0.531333960190139,0.8894371171018989,1.3019143471327155,1.1691747023996113,1.2449525582188592,2.309637393845665
2016-04-08,0.4095483628285157,0.4165293802721237,0.42300080130603934,0.43622387632318294,0.5327661716004739,0.8912986967950731,1.3038172861542963,1.1689568436713538,1.2466987754151004,2.310550285435964
2016-04-11,0.418155167015799,0.4155252309481883,0.4243397680590011,0.43622387632318294,0.5370629282559714,0.8968836419727122,1.3095078149231165,1.1683032703013518,1.2519376077126498,2.3132553751877394
2016-04-12,0.42102426568584317,0.41619466243971726,0.4247860942773407,0.43622387632318294,0.538495221283597,0.8987591801491224,1.3113923934630511,1.1680854134496377,1.2536839453831883,2.314143073411068
2016-04-13,0.42389344633126935,0.41686409839418737,0.4252324224791826,0.43622387632318294,0.5400377126726363,0.9005932891658297,1.3132770070602762,1.1678675570670594,1.2554263506647567,2.3150419908403386
2016-04-14,0.42389344633126935,0.41686409839418737,0.4254555872629018,0.4361122818435481,0.5415251370886498,0.9023859657459887,1.3151431508741762,1.167638614413935,1.2571608598230144,2.3159353098780366
2016-04-15,0.42389344633126935,0.41686409839418737,0.42579033532248456,0.4360006874879474,0.5430125835101274,0.9041786741762037,1.3170093290615803,1.1674096722789074,1.2588953986934825,2.31682863671534
2016-04-18,0.42389344633126935,0.41686409839418737,0.4267945861960998,0.43650286272072236,0.5474750548106977,0.9096813937524484,1.3227191009157924,1.1667228489824044,1.2640991935831902,2.3195591179262287
2016-04-19,0.42389344633126935,0.41686409839418737,0.42712933871897896,0.43667025502296397,0.5489625892573402,0.9115157003049656,1.3246409352277944,1.1664939089197635,1.265833851307585,2.320469294527805
2016-04-20,0.42389344633126935,0.41686409839418737,0.4274640923576323,0.4368376476042046,0.5504501457111122,0.9133223940295476,1.3265628059921264,1.1662649693752192,1.2675685387466995,2.321373873137178
2016-04-21,0.42389344633126935,0.41686409839418737,0.42779884711217075,0.4370050404643999,0.55193772417228,0.9151152967646459,1.3284847132094324,1.1660360303487494,1.2693032559010886,2.322278459743621
2016-04-22,0.42389344633126935,0.41686409839418737,0.4281336029825944,0.43717243360357205,0.5534253246412213,0.916908231353819,1.3304066568804451,1.1658070918403762,1.271038002771241,2.3231830543471554
2016-04-25,0.42389344633126935,0.41686409839418737,0.4291378772886878,0.4378420088583468,0.5578882580978162,0.9222457532922723,1.336043153262767,1.165120279423748,1.2762424216814061,2.325882870294227
2016-04-26,0.42389344633126935,0.41686409839418737,0.42947263762247445,0.43806520160192264,0.5593759466010262,0.9240249900062558,1.3379189704027183,1.1648913429877172,1.2779772874197404,
2016-04-27,0.42389344633126935,0.41686409839418737,0.42980739907207965,0.4382883948414573,0.5608636571136305,0.925818082891805,1.3398040764194485,1.1646624070697609,1.2797121828763691,
2016-04-28,0.4195897055141895,0.41686409839418737,0.4301421616374812,0.43851158857695083,0.5623513896359178,0.9276112076348264,1.341689217503239,1.1644334716699012,1.2814471080518253,
2016-04-29,0.41528614913761697,0.41686409839418737,0.43047692531887893,0.43873478280842537,0.5638391441682655,0.9294043642358307,1.3435743936547562,1.1642045367880938,1.2831860265416273,
2016-05-02,0.40237658656849806,0.41686409839418737,0.43148122305809444,0.4394043684788018,0.5683025398287356,0.9349084594726165,1.3496003325188743,1.1635177352512072,1.2884029611478054,
2016-05-03,0.3980737678738189,0.41652937990492855,0.4318159912028774,0.4396275646942005,0.5697903824044781,0.9367432245953378,1.3515226766994903,1.1632888024417198,1.2901419990638319,
2016-05-04,0.3937711335777916,0.4161946625310886,0.4321507604635899,0.4398507614056246,0.5711955878481279,0.9385641965294012,1.353380269581539,1.163059870150307,1.2918810668376857,
2016-05-05,0.3980737678738189,0.4168640986691674,0.4328203026077837,0.44024135700460043,0.5726834744475218,0.9403990296130926,1.3552656647616956,1.1628475676989103,1.2936320579134186,
2016-05-06,0.40237658656849806,0.4175335392696766,0.4330434844367126,0.44063195412251677,0.5741713830592632,0.9422338960498822,1.3571510950143306,1.1626352656930683,1.2954821807634742,
2016-05-09,0.41528614913761697,0.41954188784936175,0.4337130328991412,0.44163635382405975,0.5786352409717033,0.9477248676780903,1.3628075962111241,1.1619983623487373,1.3010327520704745,
2016-05-10,0.4195897055141895,0.42054607706449865,0.433936216711861,0.44197115595656644,0.5801232376360099,0.9495598672819128,1.3646746538901189,1.1617860621250475,1.3028830100938027,
2016-05-11,0.42389344633126935,0.4215502763210921,0.43415940102056183,0.4423059592050693,0.5816939240186558,0.9514087285474648,1.3665324893514352,1.1615737623468902,1.3047333019120089,
2016-05-12,0.42389344633126935,0.4215502763210921,0.43404780885003547,0.4424733611789966,0.583181964711188,0.9532161365064962,1.3683625870160698,1.1613448339366172,1.306571732561479,
2016-05-13,0.42389344633126935,0.4215502763210921,0.4343825855500638,0.44264076343198955,0.5846700274183325,0.9550235768249093,1.3701927177217632,1.1611159060443965,1.3084062320189327,
2016-05-16,0.42389344633126935,0.4215502763210921,0.43538692234561527,0.4433103751419809,0.589134347630571,0.9605567282678695,1.3757295952370407,1.1604291254761367,1.3139099297127643,
2016-05-17,0.42389344633126935,0.4215502763210921,0.4357217035092731,0.44353358003732524,0.5906224983993402,0.9623919596172925,1.3775876317887903,1.1602001996561917,1.315748526895355,
2016-05-18,0.42389344633126935,0.4215502763210921,0.4360564857889049,0.4437567854286284,0.5921106711843205,0.9642133942731057,1.3794364446136465,1.1599712743542767,1.3175831925298365,
2016-05-19,0.42389344633126935,0.4215502763210921,0.43639126918442184,0.4439799913160236,0.5935988659858671,0.9660210314835771,1.381285291155132,1.1597423495704362,1.3194178913871646,
2016-05-20,0.42389344633126935,0.4215502763210921,0.43672605369589057,0.44420319769939987,0.5950870828042687,0.967828701057516,1.3831341714138468,1.1595134253046258,1.3212526234679611,
2016-05-23,0.42389344633126935,0.4215502763210921,0.4377304139259852,0.44487281982550364,0.5995518653640008,0.9730859283898052,1.3885699109799532,1.1588266556155968,1.3267570190570455,
2016-05-24,0.42389344633126935,0.42188501145501434,0.43806520290119444,0.44509602819291505,0.6010401702531754,0.9748107352878677,1.3903726301407904,1.1585977334219955,1.3285918840376443,
2016-05-25,0.42389344633126935,0.42221974770439985,0.43839999299239985,0.4453192370563519,0.6025284971608258,0.9766323939873756,1.3921753813545434,1.1583688117464686,1.3304267822447313,
2016-05-26,0.4224588459581069,0.42255448506980375,0.43873478419957923,0.4455424464157476,0.6040168460873296,0.9784402535444325,1.3939781646217453,1.158139890588994,1.3322617136788617,
2016-05-27,0.4210242660776409,0.4228892235509152,0.4390695765226882,0.4457656562712131,0.6055052170329756,0.9802481454689094,1.395780979942951,1.1579109699495715,1.3341006439009817,
2016-05-31,0.41528615149404313,0.4248976775939495,0.440408756974775,0.44665850065317425,0.611458921013619,0.9874523703615523,1.4030851612387263,1.1569952925722937,1.3414566985159748,
2016-06-01,0.41385167407952395,0.42590191954126055,0.44074355487770944,0.4468817129887004,0.612919837596082,0.9893710914927745,1.404999259792561,1.1567663745230883,1.3432957956043712,
2016-06-02,0.41528615149404313,0.42724092460879604,0.44118995387878446,0.4471607291438584,0.6144083406635081,0.9913036833447242,1.4069226552768654,1.1565429997525634,1.3451468245457843,
2016-06-03,0.41672064939979325,0.4285799475300722,0.44152475447745143,0.44743974607412973,0.6158968657523634,0.9932363121798682,1.4088460872431208,1.1563196254753105,1.3469978872961086,
2016-06-06,0.4210242660776409,0.4325971234156123,0.44252916296936284,0.4481093899606492,0.6203625731508122,0.9989375769811959,1.414357294682289,1.1556495056030514,1.3525393795666973,
2016-06-07,0.4224588459581069,0.4336014426316481,0.44286396803203676,0.4483326055815695,0.6218511863286924,1.0007596714455946,1.4161975174350694,1.155426133298798,1.3543826446362983,
2016-06-08,0.42389344633126935,0.4346057718910057,0.44319877421066245,0.44855582169849306,0.6233673888481839,1.0025541281494021,1.4180285122666447,1.1552027614878169,1.3562219768025852,
2016-06-09,0.42389344633126935,0.4352753302184986,0.44342197891913404,0.4487232340887548,0.6248560460725194,1.0043071095542588,1.4198502781743283,1.1549738474951,1.3580573753462888,
2016-06-10,0.42389344633126935,0.43594489300924355,0.44375678686605635,0.44889064675806,0.626344725320549,1.006060121383534,1.4216720768062796,1.154744934020413,1.3598928071261396,
2016-06-13,0.42389344633126935,0.43795360816476503,0.4447612174029558,0.44956030013354464,0.6308108952102431,1.0112916663665539,1.4271098826136752,1.154058196704555,1.3653993018884147,
2016-06-14,0.42389344633126935,0.43895798067010716,0.4450960298139739,0.44978351891746815,0.6322996625564015,1.0130724729401575,1.4288947623973147,1.1538292853019883,1.3672348666187606,
2016-06-15,0.42389344633126935,0.4399623632192817,0.44543084334098815,0.4500067381974171,0.6337884519279191,1.0151162136216918,1.4306796735906513,1.1536003744174295,1.369070464588229,
2016-06-16,0.4253280668055748,0.44096675581235534,0.4457656579840652,0.4502299579734137,0.6352772633250847,1.0171738328989433,1.4324646161942622,1.153371464050923,1.3709060957974417,
2016-06-17,0.4267627077742864,0.44197115844917256,0.44610047374320505,0.45045317824539133,0.6367660967482536,1.0192314940886904,1.4342495902086805,1.1531425542024243,1.3727457273196464,
2016-06-20,0.43106675365214286,0.4449844266235736,0.44710492771680155,0.45112284203772113,0.6412327291769992,1.0253493756482213,1.4397065969450784,1.1525001685409153,1.378252920331846,
2016-06-21,0.43250147660143234,0.4459888694368974,0.4474397479401482,0.45134606429391155,0.6427216507074229,1.0273518487671218,1.4415009618673258,1.152293431009177,1.3800887178205823,
2016-06-22,0.4339362200477481,0.4469933222944311,0.447774569279491,0.4515692870461496,0.6448999199867744,1.0293543615780276,1.4433046221581147,1.1520866938999896,1.381924548552682,
2016-06-23,0.4368057672478054,0.447662963021056,0.44799778409509994,0.45173670441289726,0.6470506621967909,1.0314122703142692,1.4450990502341554,1.1518744147097193,1.3837564445220885,
2016-06-24,0.43967539643479103,0.44833260821226517,0.44822099940684534,0.45190412205868835,0.6492014503673316,1.033470220968935,1.446893510051761,1.151662135964937,1.3855883735925056,
2016-06-27,0.4482847759442965,0.4503415705708447,0.4488906483180344,0.45659191337343863,0.6556540906519137,1.0396028034934668,1.4523882533086008,1.1510253024035189,1.391084359415684,
2016-06-28,0.45115473310479715,0.4510112336191252,0.44911386561385935,0.4581545590923275,0.6578050626743659,1.0416332397899852,1.4542291651466588,1.150813025440689,1.3929164208960731,
2016-06-29,0.4540247722639279,0.4516809011319012,0.449337083405732,0.45971722911888335,0.6599560806622495,1.043705239512338,1.456144228577072,1.1506007489233472,1.3947485154804262,
2016-06-30,0.4525897426297609,0.4516809011319012,0.449337083405732,0.46116830122586716,0.6620519879821041,1.046012579827904,1.4580407972306864,1.1503773880125578,1.3965766741612429,
2016-07-01,0.45115473349668367,0.4516809011319012,0.449337083405732,0.462619394292596,0.66414793894225,1.0483199728317683,1.4599374013377853,1.1501540275949962,1.3984048658039594,
2016-07-05,0.4454149019569309,0.45034157020380494,0.449337083405732,0.4684239761630016,0.6725321792036443,1.0571071057856596,1.4675705011804263,1.149260590856982,1.4057536772599022,
2016-07-06,0.4439799953192214,0.4490022571329799,0.449337083405732,0.4698751740329854,0.6745180236853221,1.0592071076492626,1.4695506772125722,1.1490372329055365,1.407582034365018,
2016-07-07,0.4454149019569309,0.4479977839113358,0.4494486924724095,0.4713822095985476,0.6765314896084007,1.061265623904517,1.4715401585817522,1.1488194177802002,1.4094143934441306,
2016-07-08,0.4468498290931322,0.4469933207341459,0.4490022566441265,0.4728892677694496,0.678544995800312,1.063324182090497,1.473529678958041,1.1486016031238888,1.4112467856326028,
2016-07-11,0.45115473349668367,0.44397999146899014,0.44766296106393266,0.4764058276367278,0.6845857559970803,1.0693893530019372,1.4791463328229115,1.1479481619692589,1.4167441608601283,
2016-07-12,0.4525897426297609,0.44431480118409805,0.4472165331721012,0.47757804161001616,0.6865994232723605,1.0713926979611932,1.4809691955875115,1.1477303491891355,1.4185766854920123,
2016-07-13,0.4540247722639279,0.4446496120154686,0.4467701072644159,0.47875026925903175,0.6887234709600953,1.073409927582536,1.4827457549599021,1.147512536878037,1.4204092432362314,
2016-07-14,0.4540247722639279,0.4446496120154686,0.44621207774624416,0.4798666891053571,0.6908199772647672,1.0754133516866604,1.4845130775545945,1.1472891827866594,1.4222338955733882,
2016-07-15,0.4540247722639279,0.4446496120154686,0.44621207774624416,0.48098312135624877,0.6929165272221871,1.0774168155015973,1.4862804309272226,1.147065829188465,1.4240625498186832,
2016-07-18,0.4540247722639279,0.4446496120154686,0.44621207774624416,0.4853373220840007,0.6992064390199282,1.0835243694792718,1.4918792529472258,1.1463957713531814,1.4295368024957789,
2016-07-19,0.4540247722639279,0.4446496120154686,0.44621207774624416,0.48678876425571893,0.7013031635973999,1.0855279940665374,1.4937394167864548,1.1461724197278311,1.4313655884133025,
2016-07-20,0.4540247722639279,0.4446496120154686,0.44621207774624416,0.4882402273925335,0.7033999318321271,1.0875316583686123,1.4955532727986443,1.1459490685956863,1.4331944073040281,
2016-07-21,0.4540247722639279,0.4446496120154686,0.44621207774624416,0.4896917114947996,0.7054967437250648,1.0895076680609739,1.4973671612273476,1.145725717956747,1.4350192896587899,
2016-07-22,0.4540247722639279,0.4446496120154686,0.446323683310057,0.4911432165627394,0.7075935992771232,1.0914837163793933,1.4991810820731422,1.145502367810991,1.436848174426153,
2016-07-25,0.4540247722639279,0.4446496120154686,0.446658500745567,0.49549785756375364,0.7138844278969492,1.0974259413374376,1.5046045006849473,1.1448323203330002,1.4423231171933448,
2016-07-26,0.4540247722639279,0.4446496120154686,0.4467701068054275,0.4969494464975188,0.7159814580944834,1.0993882959175805,1.5064278202532977,1.144608972160066,1.4441481637825104,
2016-07-27,0.4540247722639279,0.4446496120154686,0.4468817129893443,0.49840105639846755,0.7180785319556682,1.1013922349512928,1.5082419030276295,1.1443856244803374,1.4459772131445225,
2016-07-28,0.44828477437091063,0.4446496120154686,0.44699331929722863,0.4998526872669329,0.720175649481436,1.103368515583436,1.5100560182225164,1.144162277293792,1.4478062954844884,
2016-07-29,0.44254510446559703,0.4446496120154686,0.44710492572908045,0.5013043391032479,0.7222728106726528,1.1053448348469441,1.511870165838558,1.14393893060043,1.4497346625404584,
2016-08-01,0.4253280624794131,0.4446496120154686,0.4474397457687518,0.5056594204220888,0.7285645562481902,1.1113432751399088,1.5174147771444435,1.1432688934795765,1.4555080727892689,
2016-08-02,0.41958970433302323,0.44431480118409805,0.44755135269656243,0.5071111561326669,0.7306618921103514,1.1133197502901204,1.5190251037556335,1.143045548758992,1.4574365862441985,
2016-08-03,0.41385167407952395,0.44397999146899014,0.4476629597485404,0.5085629128126268,0.7327316745434409,1.1153378161580685,1.520635455910746,1.1428222045316128,1.4593651363572269,
2016-08-04,0.41958970433302323,0.44498442451292863,0.44822099717416464,0.5102380436489362,0.7349118925596754,1.1173420735312023,1.5222829189289078,1.1426210287777128,1.4613056367818178,
2016-08-05,0.4253280624794131,0.4459888676012769,0.44866742940801174,0.5119132024038908,0.7370921577636524,1.119346370631713,1.5239304086818617,1.1424198534239594,1.4632461743201874,
2016-08-08,0.44254510446559703,0.4490022571329799,0.45000673801438573,0.5167713213430458,0.7436332365123199,1.1253733523875153,1.5286597941490676,1.1418163297635786,1.4690680096252073,
2016-08-09,0.44828477437091063,0.45034157020380494,0.45045317818475095,0.5183907465024395,0.7458136904775037,1.1274055133952965,1.5302146711214881,1.1416151560103893,1.471008695625864,
2016-08-10,0.4540247722639279,0.4516809011319012,0.45089962033930675,0.5200101977523852,0.7480217929160426,1.1294792731341374,1.5317881154565782,1.1414139826573466,1.472949418743874,
2016-08-11,0.4540247722639279,0.4516809011319012,0.45089962033930675,0.521406296592164,0.7501195339101541,1.1314838086153856,1.5333244948101177,1.1411906420327744,1.474874292689754,
2016-08-12,0.4540247722639279,0.4516809011319012,0.45101123111150887,0.5228024148220101,0.7522173185827485,1.1334883838295173,1.5348608974121491,1.1409673019014077,1.4767992031492039,
2016-08-15,0.4540247722639279,0.4516809011319012,0.45134606417203127,0.527158427729435,0.7585109346802676,1.1395577638937393,1.5395444245014156,1.1402972844663628,1.482574153615901,
2016-08-16,0.4540247722639279,0.4516809011319012,0.4514576754402144,0.5286104739785635,0.7606088940757205,1.1416733333838636,1.5411458295362612,1.1400739463076848,1.4844992101365806,
2016-08-17,0.4540247722639279,0.4516809011319012,0.4515692868323651,0.5300625412014481,0.7627068971541862,1.1438028016870883,1.5427008960239297,1.1398506086422122,1.4864243031742719,
2016-08-18,0.4540247722639279,0.4516809011319012,0.45168089834859426,0.5315146293984885,0.7648049439165527,1.145807621081829,1.5442559863269034,1.1396272714699007,1.4883494327296853,
2016-08-19,0.4540247722639279,0.4516809011319012,0.45179250998887976,0.5329667385699732,0.7669030343637528,1.147812480215027,1.5458111004455377,1.1394039347907503,1.4902745988035315,
2016-08-22,0.4540247722639279,0.4516809011319012,0.4521273456535857,0.5373231919339139,0.7731975678232805,1.1538272960534224,1.5504302183182217,1.1387339277123765,1.4960503161425054,
2016-08-23,0.4540247722639279,0.4516809011319012,0.45223895778985224,0.538775385006085,0.7752958330188298,1.1558323141484195,1.5519483325284744,1.1385105930059147,1.4979756282969436,
2016-08-24,0.4540247722639279,0.4516809011319012,0.4523505700501973,0.5402275990542327,0.77739414190372,1.157892798037441,1.5534757431908686,1.1382872587926363,1.4999009769732785,
2016-08-25,0.4525897426297609,0.4516809011319012,0.45246218243450986,0.5416798340785789,0.7794924944789061,1.1599671806876932,1.5550031768265749,1.1380639250725189,1.5018263621721761,
2016-08-26,0.45115473349668367,0.4516809011319012,0.45257379494281214,0.5431320900795011,0.781590890745254,1.1620416058760297,1.5565306334359041,1.1378405918455625,1.503751783894347,
2016-08-29,0.4468498290931322,0.4516809011319012,0.4529086332117904,0.5474889839445218,0.7878863417005277,1.1682651366783148,1.5611780622704963,1.1371705951236821,1.5095282682074274,
2016-08-30,0.4454149019569309,0.4516809011319012,0.45302024621616255,0.5489413238546348,0.7899849127407155,1.1703120156033808,1.56272416094958,1.13694726386937,1.511453836029597,
2016-08-31,0.4439799953192214,0.4516809011319012,0.4531318593446132,0.5503936847428337,0.7920835274766391,1.172358935941764,1.564307382100405,1.1367239331082413,1.513379440378504,
2016-09-01,0.4454149019569309,0.45201573651652005,0.45335508600403696,0.5519019280759485,0.7942098004184883,1.174475192124591,1.5658999032418075,1.1365061444984503,1.5153090544079095,
2016-09-02,0.4468498290931322,0.4523505730174904,0.4534666995351211,0.5534101940325886,0.7963361182154127,1.1765914925738974,1.5674924493538356,1.1362883563576398,1.5172426778164771,
2016-09-06,0.4525897426297609,0.4520157355998755,0.45391315489959894,0.5592200232531264,0.8048418379727806,1.185001696179322,1.57396491513484,1.1354172084843128,1.5249775397665921,
2016-09-07,0.4540247722639279,0.45067639984057717,0.4540247690507426,0.5606725330080442,0.8069407626295932,1.18707663530353,1.5755483119471503,1.1351994226884266,1.5269113473366236,
2016-09-08,0.4540247722639279,0.44900225548287764,0.4540247690507426,0.5620691965974922,0.8090121124172622,1.1891377556207283,1.5771224571062836,1.134976095786877,1.5288372449041798,
2016-09-09,0.4540247722639279,0.44732813902728097,0.45413638329523387,0.5634658795848013,0.8110835047663745,1.1911989179216986,1.578696626660392,1.1347527693784665,1.5307671522341026,
2016-09-12,0.4540247722639279,0.44230595706609144,0.4544712267728679,0.5678236545857196,0.8172979371912303,1.1973826567359014,1.5833821757777367,1.1340827931121567,1.536545173966708,
2016-09-13,0.4540247722639279,0.44230595706609144,0.45458284151336237,0.5692762882163249,0.8193694997949086,1.199443986980575,1.5850028254120296,1.133859468676346,1.5384712542815038,
2016-09-14,0.4540247722639279,0.44230595706609144,0.454694456378002,0.5707289428291906,0.8214687263666809,1.2015053592133285,1.5866235009019514,1.133636144733674,1.5403973711327623,
2016-09-15,0.4540247722639279,0.44230595706609144,0.4548060713665425,0.5721816184246498,0.8235679966478449,1.2035806361995416,1.5882442022479681,1.133412821284141,1.542323524521172,
2016-09-16,0.4540247722639279,0.44230595706609144,0.4549176864791393,0.5736343150030576,0.8256673106393109,1.2056559557421798,1.5898649294504574,1.133189498327769,1.5442497144473988,
2016-09-19,0.4540247722639279,0.44230595706609144,0.4552525325610235,0.5779925306386824,0.831965514884514,1.2119376252860636,1.5980949333834094,1.1325195324174864,1.5500404254104705,
2016-09-20,0.4540247722639279,0.4426407611094252,0.4553641481697124,0.5794453111517051,0.8340650037262254,1.2139715236139326,1.5994838683727641,1.1322962114336477,1.5519707357802837,
2016-09-21,0.4540247722639279,0.4429755662687107,0.455475763902391,0.5808981126491863,0.8361645362827907,1.216005462813885,1.6007893191758882,1.13207289094297,1.5539010828423683,
2016-09-22,0.4540247722639279,0.443310372543948,0.4555873797591481,0.5823509351314149,0.8382641125550983,1.2180394428867425,1.602094786752728,1.1318495709454313,1.5558274923871407,
2016-09-23,0.4540247722639279,0.4436451799351593,0.4584894256262295,0.5838037785986128,0.8403637325440583,1.2200734638333266,1.6034002711035278,1.1316262514410313,1.5577539384746153,
2016-09-26,0.4540247722639279,0.4446496088051477,0.4671960662577579,0.592353599439055,0.8466628548200683,1.2262312353999771,1.6075395142517213,1.1309562958865982,1.56353349600018,
2016-09-27,0.4540247722639279,0.44498442066052135,0.4700984474864889,0.5952037012165068,0.8487626496847867,1.228265420964214,1.6088357896871797,1.1307329783547315,1.565464062852584,
2016-09-28,0.4540247722639279,0.4453192336318912,0.47300091256154975,0.59805388374643,0.8508624882707094,1.230632441297419,1.6101042446710068,1.1305096613159815,1.5673946664020777,
2016-09-29,0.4468498251649189,0.445654047719235,0.4759034614855606,0.6009041470310894,0.8529623705787692,1.2331243173239193,1.6113727154898783,1.1302863447703704,1.5693292813867332,
2016-09-30,0.4396753905370865,0.445988862922575,0.47880609426080856,0.6037544910727721,0.8550622966098764,1.2356162546900196,1.6126412021439718,1.130063028717876,1.5712599584081,
2016-10-03,0.4181551611216472,0.4469933152291272,0.4875144957184441,0.6123060077629638,0.8613623370504753,1.2429814903420322,1.6170220889621723,1.129393083519159,1.57705220967026,
2016-10-04,0.4109827760160778,0.4469933152291272,0.4904174639231096,0.6151566748556991,0.8634624379828093,1.2454043283865568,1.6183092056309523,1.1291697694391756,1.5789870086079238,
2016-10-05,0.4038109031999193,0.4469933152291272,0.4933205159911136,0.618007422716893,0.8654520487132666,1.2477994869491082,1.619577778878134,1.1289464558523088,1.580925819588952,
2016-10-06,0.4109827760160778,0.44866742610456534,0.4967819592827549,0.62113775084367,0.867579871742441,1.250236312687325,1.62089276964128,1.1287508489369547,1.5828805713075322,
2016-10-07,0.4181551611216472,0.45034156488175103,0.4995735349488273,0.6242681763581226,0.8697077396594421,1.2526731970749383,1.6222077774208143,1.1285552423999645,1.5848353606419785,
2016-10-11,0.4468498251649189,0.4573732521683471,0.5107406130719694,0.6358963301874132,0.878219660224655,1.2623935796598484,1.6275607845597673,1.1277728200354886,1.5926389915531747,
2016-10-12,0.4540247722639279,0.45938239589007335,0.5135325764782817,0.6388035785997337,0.8804583028479751,1.2648446277206071,1.6289037207573465,1.1275772153902297,1.5945899929457497,
2016-10-13,0.4554598220029238,0.4597172568541641,0.515766201512502,0.6414313543572581,0.8825588013900099,1.2672402461815668,1.6302002687502926,1.1273539053200388,1.5965211501344667,
2016-10-14,0.4568948922424543,0.4600521189346951,0.5186699858762189,0.6440591987285194,0.884659343667904,1.2696359213155928,1.6314968332841628,1.1271305957429645,1.598452344031509,
2016-10-17,0.4612002259694048,0.46105671187262054,0.5273818422991239,0.6526141413979669,0.8909612329258909,1.276864904887387,1.6357114713596355,1.1264606699704194,1.6042461459796487,
2016-10-18,0.4626353782151149,0.4613915784177802,0.5302859622252853,0.6554659505485283,0.8930619501563486,1.2792608077115686,1.6371009206000542,1.1262373623657895,1.6061774867170087,
2016-10-19,0.4640705509628029,0.4617264460790915,0.5331901660481808,0.6583178404999002,0.8951627111272398,1.2816706405855305,1.6384254178875457,1.1260140552542763,1.6081088641662022,
2016-10-20,0.4640705509628029,0.4617264460790915,0.5359827484623159,0.6611138890995516,0.8972358731042185,1.2840666564423842,1.6397406503833478,1.125785207566321,1.6100323251368565,
2016-10-21,0.4640705509628029,0.4617264460790915,0.5387754084480445,0.6639100153667865,0.8993090776798773,1.2864627289816966,1.641055899898669,1.125545278156248,1.6119558225189845,
2016-10-24,0.4640705509628029,0.4617264460790915,0.5471538538559972,0.6722988601955082,0.9055289470076611,1.2936096616762427,1.6449646218812175,1.1248365755026857,1.617726533141206,
2016-10-25,0.4640705509628029,0.4617264460790915,0.5499468241494831,0.6750952971546154,0.907602321986789,1.2959920846403516,1.6462613744185672,1.1246077304793545,1.6196501761761573,
2016-10-26,0.4640705509628029,0.4617264460790915,0.5527398720253762,0.6778918117921418,0.9096757395689714,1.2983884392989475,1.6475395786780478,1.12437888597392,1.6215738556260684,
2016-10-27,0.4626353782151149,0.4617264460790915,0.5555329974856305,0.6806884041101524,0.9117491997550742,1.300784850648018,1.6488177990110042,1.1241445009440243,1.6234975714915834,
2016-10-28,0.4612002259694048,0.4617264460790915,0.5583262005326217,0.6834850741108234,0.9138227025459855,1.303181318688873,1.650096035417592,1.1239156574868625,1.6254253007070618,
2016-10-31,0.4568948922424543,0.4617264460790915,0.5667062752149787,0.6918755502305807,0.9200434665563195,1.3103433083748506,1.6538658601082057,1.123229130222625,1.6312087077626547,
2016-11-01,0.4554598220029238,0.4613915784177802,0.5694997886300346,0.6946725309835644,0.9221171397751915,1.3127816354057797,1.6550698950853482,1.1230002888369395,1.6331365832531919,
2016-11-02,0.4540247722639279,0.46105671187262054,0.5722933796425744,0.697469589430022,0.9241632060588811,1.3152200211220988,1.6561068459025385,1.1227714479691286,1.6350804045483835,
2016-11-03,0.4554598220029238,0.46105671187262054,0.5751987970112671,0.7003226694782594,0.926236964497007,1.3177139793420833,1.657153090938679,1.122548148511049,1.637016308783834,
2016-11-04,0.4568948922424543,0.46105671187262054,0.5779925470945191,0.7031758303633895,0.928310765546092,1.3202079989528936,1.6581993467427836,1.1223248495460414,1.6389562273545932,
2016-11-07,0.4612002259694048,0.46105671187262054,0.5863742629770963,0.7112322537208504,0.9345324243677178,1.327634907542019,1.6613103275456176,1.1216549556096078,1.6447642721642008,
2016-11-08,0.4626353782151149,0.4613915784177802,0.5891683234893419,0.7139178713991168,0.9366063958693216,1.33003201143016,1.6623380584694036,1.121431658616956,1.6467003608540587,
2016-11-09,0.4640705509628029,0.4617264460790915,0.5919624616142816,0.7166035606934518,0.9387080635078204,1.3324708129949236,1.663365799782901,1.1212083621173985,1.6486364864217729,
2016-11-10,0.4640705509628029,0.4617264460790915,0.5946449068667592,0.719233367162686,0.9407821202409572,1.3348819112841248,1.6643842671836273,1.1209795253047217,1.6505686704220368,
2016-11-14,0.4640705509628029,0.4617264460790915,0.605822530535205,0.7302569166699024,0.9490787733529293,1.3445268781497433,1.6684768076049794,1.1200641832325164,1.6582977737084947,
2016-11-15,0.4640705509628029,0.4617264460790915,0.6086171305105692,0.7330549635659489,0.9511530431801418,1.3469382633001903,1.6695138951817956,1.1198353490091018,1.6602301413549458,
2016-11-16,0.4640705509628029,0.4617264460790915,0.6114118081134823,0.7358530881850678,0.953227355628794,1.3494607668525394,1.6705602779166773,1.1196065153035395,1.662162545732726,
2016-11-17,0.4640705509628029,0.4617264460790915,0.6142065633461868,0.7386512905294795,0.9553017106997741,1.3519555672533823,1.6716066714209221,1.1193776821158075,1.6640949868425459,
2016-11-18,0.4640705509628029,0.4617264460790915,0.6170013962108811,0.741449570601227,0.957376108393948,1.3544504290658121,1.6726530756946634,1.11914884944595,1.6660274646850937,
2016-11-21,0.4640705509628029,0.4617264460790915,0.6253863606177523,0.7498448772025768,0.9635995572243816,1.3618243082768489,1.6757273577409304,1.1184623545434258,1.671825118616077,
2016-11-22,0.4640705509628029,0.4700984705761746,0.6281815040316108,0.7526434682055605,0.9656741254200796,1.3642083356476098,1.6767645192782732,1.1182335239449337,1.6737537645725498,
2016-11-23,0.4640705509628029,0.4784711927596774,0.6309767250881837,0.7554421369467823,0.9677487362433457,1.3665924190906065,1.6778016913953753,1.118004693864294,1.675682447114113,
2016-11-25,0.4612002259694048,0.49521873041900033,0.6365674001380439,0.7610397076523778,0.971898085776135,1.3714996107831112,1.6798760673692792,1.1175470352565275,1.6795399219553975,
2016-11-28,0.4568948922424543,0.5203452710109246,0.6449539950869054,0.7694366468012692,0.9781224298039737,1.3787636370799161,1.6829041392376398,1.11686055122866,1.685338346454035,
2016-11-29,0.4554598220029238,0.5287221805349018,0.6477496820449957,0.7722357820169945,0.9801972964110783,1.3811619498613537,1.6839135165672259,1.1166317242550683,1.6872712281001068,
2016-11-30,0.4540247722639279,0.537099788152573,0.6505454466608329,0.7750349949860791,0.9822722056519018,1.3836297559843391,1.6850157628317763,1.1164028977992846,1.6892041464872998,
2016-12-01,0.4554598220029238,0.5458132418684647,0.6534531246413122,0.777890272709314,0.9843748241283423,1.3861670611208687,1.6861273073319527,1.1161796124042445,1.6911371021458343,
2016-12-02,0.4568948922424543,0.5545274507712472,0.6562490484516958,0.7807456313316585,0.9864774863847847,1.3887044297579587,1.6872388639826985,1.1159563275022544,1.69307805370571,
2016-12-05,0.4612002259694048,0.5806746092539949,0.6646372858778449,0.7891442149781325,0.992785735843249,1.3962335824402317,1.6903600197945012,1.115286475754651,1.6989727671475663,
2016-12-06,0.4626353782151149,0.5873801094824049,0.6674335203586956,0.7919438983902127,0.994888573228847,1.3987573136339027,1.6913787579034167,1.1150631928249055,1.7009297877977003,
2016-12-07,0.4640705509628029,0.594086056752352,0.670229832512681,0.7947436595708623,0.9969637849098989,1.4013783356544796,1.692397506218124,1.1148399103881879,1.7028709262679742,
2016-12-08,0.4640705509628029,0.6004571198855002,0.672914364889543,0.7974875006052207,0.9990113686131563,1.4039299743604294,1.6934069777856608,1.1146110879872717,1.704804141181393,
2016-12-09,0.4640705509628029,0.6068285865260759,0.6757108285227797,0.8002314163325641,1.001058993828563,1.4064816772751954,1.6944164593739375,1.1143822661041858,1.7067373928422391,
2016-12-12,0.4640705509628029,0.6259454077467419,0.6841006855074827,0.8086316215294875,1.0072021185559832,1.413873233307883,1.6974449642616296,1.113695803561865,1.7125373683164247,
2016-12-13,0.4640705509628029,0.6343311175070809,0.6868974598712052,0.8114318454883529,1.0092499098283136,1.4162862684810484,1.6984359116590575,1.1134669837500555,1.714470766974041,
2016-12-14,0.4640705509628029,0.6427175260941942,0.6896943119228505,0.81423214723082,1.0113254160330598,1.418713253204018,1.6994361559410809,1.1132381644560763,1.7164002218896801,
2016-12-15,0.4999564058607131,0.6511046335667015,0.6924912416647944,0.8170325267589984,1.0134009648846698,1.421140296006973,1.7004364100609015,1.113009345679905,1.7183297134057973,
2016-12-16,0.535855079218539,0.6594924399827784,0.6952882490989687,0.8198329840750418,1.0154765563839874,1.4235673968912677,1.7014366740186304,1.1127805274215419,1.7202592415230589,
2016-12-19,0.6436280558411944,0.6846600534742509,0.7036797375770343,0.8282348227721004,1.021703586777023,1.4311408177532403,1.7045025386505541,1.112094075753367,1.7260599881004701,
2016-12-20,0.679578048839935,0.6930506562468297,0.7064770558020683,0.8310355912612533,1.0237793488760083,1.4336932053947926,1.7054935548175054,1.1118652595662581,1.727993643802228,
2016-12-21,0.7155408832073551,0.7014419582539011,0.709274451730213,0.833836437549107,1.0265470885441053,1.4363984966551335,1.7064845806409767,1.1116364438969795,1.729923355237739,
2016-12-22,0.7155408832073551,0.7014419582539011,0.709274451730213,0.8352368850722103,1.0286229359478538,1.4387425772633078,1.7072434112784363,1.1112635819575223,1.7317535630001935,
2016-12-23,0.7155408832073551,0.7014419582539011,0.7120719062029268,0.8366373520456216,1.0306988260051497,1.441086712040529,1.7080022475775225,1.110896261709171,1.7335838036896423,
2016-12-27,0.7155408832073551,0.7014419582539011,0.7232625011791782,0.8478417497057356,1.0390028127875928,1.4505471713253781,1.7110004962330505,1.1094269940597812,1.7409210215374449,
2016-12-28,0.7155408832073551,0.7014419582539011,0.7260603442052593,0.8506430436418189,1.041106597503716,1.4529471658486948,1.7117593605636916,1.1090596804834263,1.7427673532479426,
2016-12-29,0.7069086540461234,0.7014419582539011,0.7288582649485731,0.8534444153906362,1.043210426023844,1.4553750112718866,1.7125182305562259,1.1086923682414707,1.7446296448293097,
2016-12-30,0.6982771647460861,0.7014419582539011,0.7316562634112067,0.856245864954408,1.0453142983488428,1.4578029147952698,1.7132771062106533,1.108325057333892,1.7464959521596546,
2017-01-03,0.6637586048728661,0.7011062938511392,0.7428490344980387,0.8674524414017171,1.0537302257159764,1.4699751935210559,1.7163683980806255,1.106855827047326,1.7539296681939653,
2017-01-04,0.6551308139199685,0.7007706305671935,0.745647421589557,0.8702542800724355,1.055695890015751,1.4727370313084354,1.7171458801497064,1.1064885228115884,1.7557961461151406,
2017-01-05,0.6637586048728661,0.7024489595548467,0.7491175323901311,0.8733924343602872,1.0578277117624824,1.4752348532539816,1.7179791029823477,1.1061544596622896,1.757682571853536,
2017-01-06,0.6723871353689015,0.7041273165141693,0.752139986000766,0.8765306862786426,1.0599595784810845,1.4777327366851445,1.718812332640396,1.1058203976167746,1.7595411573233743,
2017-01-09,0.6982771647460861,0.7091625552287928,0.7612078908816766,0.8852734790976147,1.0663554484776405,1.485129447837208,1.7213213517897064,1.1048182181027988,1.7651051702187504,
2017-01-10,0.7069086540461234,0.7111767209317055,0.7642307072006416,0.8881879117501823,1.0684874950932288,1.4876275748306966,1.7221546088259876,1.10448416047233,1.766959908789567,
2017-01-11,0.7155408832073551,0.7131909269177727,0.7672536142036224,0.8911024285965352,1.0707580341914325,1.4900979596658592,1.7229878726879644,1.1041501039456003,1.7688146811642547,
2017-01-12,0.7155408832073551,0.7131909269177727,0.7696048248589493,0.8936807231026522,1.072862480099257,1.492457183367324,1.723765405353861,1.103782809539311,1.7706455886147054,
2017-01-13,0.7155408832073551,0.7131909269177727,0.7724039551602502,0.8962590834976414,1.074966969824831,1.4948164619109416,1.7245429439629145,1.103415516467332,1.7724765290047406,
2017-01-17,0.7155408832073551,0.7131909269177727,0.7836012539158999,0.9074701059878398,1.0833853669228288,1.5043375471555986,1.7276531578292342,1.1019463575225208,1.779800619972538,
2017-01-18,0.7155408832073551,0.7131909269177727,0.7864007730033373,0.9102730562464245,1.0854900757508057,1.5066971018683928,1.728421436280847,1.1015790711220719,1.7816357081149592,
2017-01-19,0.7155408832073551,0.7131909269177727,0.7892003698544148,0.9130760843638397,1.0875948284019943,1.5090706158622291,1.7291897205347295,1.1012117860559112,1.7834708293440027,
2017-01-20,0.7155408832073551,0.7131909269177727,0.7920000444714637,0.915879190342106,1.0896996248773272,1.5114441853555594,1.7299580105909262,1.1008445023240165,1.7853020004710007,
2017-01-23,0.7155408832073551,0.7131909269177727,0.8003995349392223,0.9242889754641714,1.096014277257229,1.518551321113626,1.7322629155738678,1.0997371194291006,1.7907957115203654,
2017-01-24,0.7155408832073551,0.7131909269177727,0.8031995206413844,0.9270923929077357,1.0981192490381986,1.5208973001807902,1.7330312288397876,1.0993698410544317,1.7926270144282386,
2017-01-25,0.7155408832073551,0.7131909269177727,0.8059995841201539,0.9298958882230979,1.1002242646478644,1.5232572398391264,1.7337902575414121,1.0990025640140288,1.7944583502828015,
2017-01-26,0.714102127949956,0.7131909269177727,0.8087997253777068,0.9326994614123008,1.102329324087159,1.5256033276547454,1.734549291906129,1.0986297486636154,1.7962897190846538,
2017-01-27,0.7126633932455606,0.7131909269177727,0.8115999444163302,0.9355031124776314,1.1044344273569484,1.5279494696857965,1.7353083319340046,1.0982624743118397,1.798125104525261,
2017-01-30,0.7083473124510187,0.7131909269177727,0.820001068239673,0.9439145329514842,1.1107500001585668,1.534974313095172,1.7375854859969175,1.0971495801353592,1.8036314594012781,
2017-01-31,0.7069086599557295,0.7128552233523378,0.8228015984239168,0.9467184955426644,1.1128552787595503,1.5373067633706716,1.738391002574402,1.0967823111607933,1.805462993235163,
2017-02-01,0.7054700280131554,0.7125195209060964,0.8256022063998447,0.9495225360206971,1.1149328995846197,1.5399035308321096,1.7392151072235684,1.096415043520449,1.8072945600198898,
2017-02-02,0.7069086599557295,0.7125195209060964,0.82851492161784,0.9523827379414262,1.1170382658566957,1.5423612757986538,1.740048509696135,1.0960533166165076,1.8091341285021434,
2017-02-03,0.7083473124510187,0.7125195209060964,0.8310916255104495,0.9552430209002205,1.1191436759657059,1.5448190802542339,1.7408819189955738,1.095691591006842,1.810973730223786,
2017-02-06,0.7126633932455606,0.7125195209060964,0.8388221322860545,0.9636560886965961,1.1254601693233557,1.5519981061180355,1.7433636054032142,1.0946064219433893,1.8164927348310878,
2017-02-07,0.714102127949956,0.7128552233523378,0.8413990995826959,0.9664606004258225,1.1275657547891615,1.5543309481013567,1.7441877505574022,1.0942447015107826,1.8183284850346482,
2017-02-08,0.7155408832073551,0.7131909269177727,0.8439761327344808,0.969265190057178,1.1296990897452286,1.5566638436744773,1.7450026110093386,1.093882982372385,1.8201642683367547,
2017-02-09,0.7155408832073551,0.7131909269177727,0.8464411822530993,0.9720137631021419,1.1318047628949168,1.5589689696348108,1.7458081863126251,1.0935157252648375,1.8219960996099127,
2017-02-10,0.7155408832073551,0.7131909269177727,0.8492424468782289,0.9747624109684105,1.1339104798878896,1.5612741479167136,1.7466137679940985,1.093148469491445,1.8238279638392862,
2017-02-13,0.7155408832073551,0.7131909269177727,0.8576467076355065,0.9831771031004743,1.140227893935708,1.5682595594394888,1.7490212595608012,1.0920411708930988,1.8293237542704954,
2017-02-14,0.7155408832073551,0.7131909269177727,0.8604482835224303,0.9859821563049653,1.1423337863109895,1.570578861470251,1.7498175748618339,1.0916739204765324,1.831155750330593,
2017-02-15,0.7155408832073551,0.7131909269177727,0.8632499372301261,0.9887872874266179,1.1444397225341296,1.5729121296495174,1.7506231882880252,1.091306671394121,1.8329877793498595,
2017-02-16,0.7155408832073551,0.7131909269177727,0.8660516687609476,0.9915924964676082,1.146545702606061,1.5753011054376653,1.7514288080927143,1.0909394236458425,1.834815856200911,
2017-02-17,0.7155408832073551,0.7131909269177727,0.8688534781168933,0.9943977834301121,1.148651726527672,1.5776901374140895,1.75223443427599,1.0905721772317412,1.836647951068593,
2017-02-21,0.7155408832073551,0.7215838498363158,0.8800614938355489,1.0056197105383413,1.1570762607292284,1.5871494212842174,1.755503464462671,1.089103204916686,1.8439607182104467,
2017-02-22,0.7155408832073551,0.7299774721782004,0.8828636923497335,1.00842538714081,1.159182503912981,1.5894830701205676,1.7563091229074068,1.0887359651732487,1.8457889920445947,
2017-02-23,0.714102127949956,0.7383717940015133,0.8856659687020985,1.011231141677782,1.1612887909518754,1.5918306883403233,1.7571147877309956,1.0883687267639441,1.8476172986994,
2017-02-24,0.7126633932455606,0.7467668153647633,0.8884683228947754,1.0140369741513666,1.1633951218468663,1.5941783608108828,1.7579204589335262,1.0880014896887502,1.8494456381754398,
2017-02-27,0.7083473124510187,0.7719560772773804,0.8968758525361498,1.022454939213735,1.1697143776774332,1.601166035498025,1.7603468035935599,1.0868997864677876,1.8549428112827338,
2017-02-28,0.7069086599557295,0.7803538973834234,0.8996785181117017,1.0252610834555753,1.1718208840058697,1.6034721715659561,1.7611525003858652,1.0865325547289917,1.8567752682514316,
2017-03-01,0.7054700280131554,0.7887524173208371,0.9024812615383127,1.0280673056449308,1.1738997164292941,1.6060706311756823,1.761976789408437,1.0861653243243063,1.8586077581875804,
2017-03-02,0.7069086599557295,0.7974876216962912,0.9053961976881242,1.0309297329739175,1.1760063104799379,1.6084047153074543,1.7628103783346116,1.0858036340942512,1.860444267724537,
2017-03-03,0.7083473124510187,0.8062235831383324,0.9081991007056534,1.033792241404008,1.178112948393073,1.6107388530575584,1.7636439740891685,1.0854419451583386,1.8622847965753753,
2017-03-06,0.7126633932455606,0.832436010520321,0.9166082769132,1.0423802533241266,1.1844331253165086,1.6177415880302304,1.765828828697713,1.0843568861154118,1.8677946234180176,
2017-03-07,0.714102127949956,0.839830495584093,0.9194114913746221,1.045243086181702,1.186539938688691,1.6200759402660303,1.7662163663388242,1.083995202356025,1.8696312985940544,
2017-03-08,0.7155408832073551,0.8472255229182268,0.9222147837023797,1.0481060001519271,1.1886745177337454,1.6224103461262906,1.7665853185151237,1.0836335198907365,1.871468006885313,
2017-03-09,0.7155408832073551,0.8542849175728451,0.9249060172271006,1.0509128569143877,1.1907814188409471,1.6247448049727442,1.7669449784239566,1.08326630001776,1.8733007611563268,
2017-03-10,0.7155408832073551,0.8613448063912621,0.927709461411208,1.0537197916440588,1.1928883638169907,1.6270793174461229,1.7673046396038838,1.0828990814788053,1.875133548400143,
2017-03-13,0.7155408832073551,0.8825274381751846,0.9361202612086839,1.0619726324713419,1.1992094619675209,1.6340692550736335,1.768430098927709,1.0817974338662273,1.880632107974356,
2017-03-14,0.7155408832073551,0.890934472733651,0.9389240168967694,1.0647237291869782,1.201316582428169,1.6364179036297832,1.7688827020046372,1.0814302206634263,1.882465027115332,
2017-03-15,0.7155408832073551,0.8993422078913627,0.9417278504662674,1.0674749007926865,1.2034237467622555,1.638794450863279,1.7692423700327975,1.0810630087946693,1.8842979792320858,
2017-03-16,0.751516317081613,0.9077506437068728,0.9445317619192428,1.0702261472904206,1.2055309549706905,1.6412267437519557,1.7696020393320966,1.080695798259912,1.8861309643251944,
2017-03-17,0.7875046013263498,0.9161597802384014,0.9473357512579827,1.0729774686822902,1.2076382070543845,1.6436590948472274,1.7699617099025122,1.0803285890591763,1.8879639823952576,
2017-03-20,0.89554660218083,0.9413913947136976,0.9557481866102391,1.0814003455275722,1.2139602265661686,1.650831182734458,1.7688101970462,1.079503897901568,1.8934632344731694,
2017-03-21,0.9315863338177133,0.9498033346935664,0.9585524875135532,1.0842081271213777,1.2160676541600246,1.6532776878364075,1.7682033100030248,1.0792751570325665,1.8952963844570236,
2017-03-22,0.9676389387907047,0.9582159756817088,0.9613568663133343,1.0870159867081508,1.218202855521544,1.6556824783134472,1.767577838917278,1.0790464166812175,1.8971295674207855,
2017-03-23,0.9676389387907047,0.9582159756817088,0.9613568663133343,1.0884199409415762,1.2196448302301377,1.657683490971773,1.7667200326350718,1.0786736774746064,1.898863080259905,
2017-03-24,0.9676389387907047,0.9582159756817088,0.9641613038035235,1.0898239146739153,1.2210868254813878,1.6596845430184581,1.7658622335833485,1.0782954011488544,1.9005966225901894,
2017-03-27,0.9676389387907047,0.9582159756817088,0.9725750836817371,1.094035952867145,1.225412934494008,1.6656879354964849,1.7632145322830084,1.0771495038005119,1.90579742653314,
2017-03-28,0.9676389387907047,0.9582159756817088,0.975379832784129,1.095440004597914,1.226855011918837,1.667689145104423,1.7623288827046002,1.0767712331788193,1.9075310868331696,
2017-03-29,0.9676389387907047,0.9582159756817088,0.9781846597949562,1.0968440758289066,1.2289904262189788,1.6697321734134185,1.7614432408340264,1.076392963972772,1.9092687646671935,
2017-03-30,0.961869673311555,0.9582159756817088,0.9809895647164835,1.098248166560456,1.2311258855663976,1.672081630007649,1.7605576066712425,1.0760146961823702,1.9110104602385825,
2017-03-31,0.9561007374885966,0.9582159756817088,0.9837945475507537,1.0996522767928063,1.2332613899620481,1.6744311408948054,1.7596719802161598,1.0756364298075693,1.9127561737512622,
2017-04-03,0.9387959077547192,0.9582159756817088,0.9922099635519155,1.103864724497483,1.239668173447872,1.6809507368974463,1.7570151470965412,1.0745127157457235,1.9179934937135101,
2017-04-04,0.9330282903589948,0.9572064247901801,0.99501525805894,1.1052689127357906,1.2420728988329577,1.6830497446848947,1.7561295514716413,1.0741455315220083,1.9197433152909449,
2017-04-05,0.9272610025253591,0.9561968839939539,0.9978206304896098,1.106673120476298,1.2442280499352032,1.6851348672715316,1.7552439635541095,1.073778348632204,1.921489178395519,
2017-04-06,0.9330282903589948,0.9565333966556899,1.0010749619179249,1.1083020267805166,1.2465219364924618,1.6872757502163216,1.7543955529322641,1.0734333195828505,1.9232430504947606,
2017-04-07,0.9387959077547192,0.9568699104387512,1.0038805057456912,1.109930959327654,1.2488158750222134,1.689416678235367,1.7535471493842492,1.0730882917112883,1.924996952774749,
2017-04-10,0.9561007374885966,0.9578794585183958,1.0122976048211108,1.1141438399238535,1.255698002458261,1.6958258027483186,1.7510019811827204,1.072053215163371,1.9302588407044352,
2017-04-11,0.961869673311555,0.9592255377750991,1.0151034603842701,1.115548172463443,1.2579921488897972,1.6979529804900695,1.7501536059294942,1.0717081920029736,1.9320088747822872,
2017-04-12,0.9676389387907047,0.9605716349792681,1.017909393886729,1.1169525245071865,1.2603140885138808,1.7000662721424087,1.7493052377498097,1.0713631700203674,1.9337589389063714,
2017-04-13,0.9676389387907047,0.9605716349792681,1.0202664369703074,1.1181321946505562,1.262441886098431,1.7021238819423745,1.748419709224569,1.0709959972383443,1.935493074898309,
2017-04-17,0.9676389387907047,0.9605716349792681,1.0314912000150445,1.1235251454038586,1.2709812676466203,1.7104383294128889,1.7449520063167023,1.069505167405227,1.9424299138889545,
2017-04-18,0.9676389387907047,0.9605716349792681,1.0342975856501235,1.1249296066973447,1.2731925236091124,1.7125797427511191,1.7440850990604773,1.069132463382938,1.944168186800832,
2017-04-19,0.9676389387907047,0.9605716349792681,1.0371040492392014,1.1263340874968053,1.2753760825063187,1.714721201174707,1.7432181991906548,1.0687597607350163,1.945902499878871,
2017-04-20,0.9676389387907047,0.9605716349792681,1.039910590784321,1.1277385878024626,1.2775041965907397,1.7168627046846074,1.7423513067071683,1.0683870594614842,1.9476368424617085,
2017-04-21,0.9676389387907047,0.9605716349792681,1.0427172102877025,1.1291431076146274,1.27960460886416,1.7190042532817529,1.741484421609929,1.068008821632338,1.949367224939147,
2017-04-24,0.9676389387907047,0.9605716349792681,1.051137536569069,1.1333567840928982,1.285850610541539,1.7253176973189177,1.738837354561218,1.0668519651620745,1.9545705180367134,
2017-04-25,0.9676389387907047,0.9605716349792681,1.0539444679270593,1.1347613819337798,1.2879234470967171,1.7273758180092136,1.737951917138414,1.066468195230752,1.9563050080831923,
2017-04-26,0.9676389387907047,0.9605716349792681,1.0567514772541253,1.136165999282568,1.2899963260729619,1.729447914946114,1.7370850695257456,1.066084426756686,1.9580395276374674,
2017-04-27,0.963311959369384,0.9605716349792681,1.0595585645524652,1.13757063613944,1.2920969974228758,1.7315339889781622,1.7362182292989248,1.0657006597398322,1.9597740767000493,
2017-04-28,0.9589851653802883,0.9605716349792681,1.0623657298242106,1.138975292504707,1.294197712339007,1.733620105787459,1.7353513964579514,1.065316894180235,1.961508655271449,
2017-05-01,0.9460058959352757,0.9605716349792681,1.070787693501618,1.143189378653675,1.3006388797631274,1.740324665113202,1.7327137796277148,1.0641822194084938,1.9667245389091814,
2017-05-02,0.9416798435992524,0.9602351091338779,1.0735951706885682,1.1445941130552972,1.3028507833007685,1.742522453142259,1.731856267217191,1.0638039973154934,1.968463226081263,
2017-05-03,0.9373539766580841,0.9598985844101238,1.0764027258599151,1.1459988669666021,1.3050349816619455,1.7446645419801898,1.730989471541844,1.0634257766379829,1.9702099237473458,
2017-05-04,0.9416798435992524,0.9605716352556248,1.0795472815294804,1.1475722151562007,1.3072747371013715,1.7467509297606654,1.7301505537983708,1.063075245366396,1.971960643263193,
2017-05-05,0.9460058959352757,0.9612446905877148,1.0825796247057262,1.1491455878195778,1.3094590326430344,1.7488373603248286,1.7293116429730082,1.0627247153106145,1.9737074022748713,
2017-05-08,0.9589851653802883,0.963263883506249,1.0916772000590491,1.1536972685996405,1.3159844453432656,1.7550969087245738,1.7268506926685134,1.0622102755962537,1.9789478588417175,
2017-05-09,0.963311959369384,0.9642734949708576,1.0947099071275668,1.1552145410423709,1.3181689286757559,1.7571835104323696,1.7260303891300177,1.0621255514928984,1.9806947375429873,
2017-05-10,0.9676389387907047,0.965283116531479,1.0977427051759525,1.1567318362436518,1.3203534591081034,1.7592422775282834,1.7252193821662543,1.0620408274605975,1.9824416461679206,
2017-05-11,0.9676389387907047,0.965283116531479,1.1004386009360045,1.1580805616412615,1.3224825183086208,1.7612453286803165,1.7243805126949008,1.061939491007835,1.9841766103686487,
2017-05-12,0.9676389387907047,0.965283116531479,1.1032469017461688,1.1594293050214644,1.3246116222473736,1.7632484192608322,1.7235416501412582,1.0618381546567024,1.9859116040852554,
2017-05-15,0.9676389387907047,0.965283116531479,1.1116722722282812,1.1636442434132865,1.3310547237059822,1.7692161073473045,1.7210065248302264,1.0615452212120235,1.9911167623353432,
2017-05-16,0.9676389387907047,0.965283116531479,1.1144808850799715,1.1650492619037278,1.3333505749759,1.7713308775356706,1.7201305320952764,1.0614494227506377,1.9928518741204604,
2017-05-17,0.9676389387907047,0.965283116531479,1.117289575947411,1.1664542999078709,1.3355354309453782,1.7733759885417033,1.7192824151701425,1.0613536243800903,1.9945870154239431,
2017-05-18,0.9676389387907047,0.965283116531479,1.1200983448328206,1.1678593574259821,1.337692571594773,1.7754071997332144,1.7184343053164186,1.0612633635830537,1.9963221862463465,
2017-05-19,0.9676389387907047,0.965283116531479,1.1229071917383981,1.169264434458328,1.3398219951445745,1.7774384514639863,1.7175862025339939,1.0611731028666194,1.9980573865881146,
2017-05-22,0.9676389387907047,0.965283116531479,1.1313342005974336,1.1734797826435273,1.3460994751965938,1.783434855722188,1.7149862024133045,1.0608801713496208,2.003263164734803,
2017-05-23,0.9676389387907047,0.9736969898949788,1.1341433596050665,1.1748849377355652,1.3480069528250205,1.7853965561956509,1.7141102615236825,1.060778836060683,2.004998483159137,
2017-05-24,0.9676389387907047,0.9821115644230272,1.136952596643681,1.1762901123431702,1.3499699980443092,1.7873582944775146,1.7132529059235457,1.0606775008733527,2.0067338311053895,
2017-05-25,0.9661965921075266,0.9905268401739109,1.139761911715409,1.177695306466675,1.3521274459639132,1.7893200705685341,1.712395557550117,1.06057616578763,2.0084692085740485,
2017-05-26,0.9647542660284891,0.9989428172062054,1.1425713048224706,1.179100520106302,1.3542571728357933,1.7912818844693978,1.71153821640333,1.060474830803515,2.010204615565603,
2017-05-30,0.9589851677492378,1.0326137393169343,1.153809657646887,1.1847215698316482,1.362748758547827,1.7992271274507532,1.7081646544911289,1.0600694918831977,2.017162507820025,
2017-05-31,0.9575429446865957,1.0410332236323372,1.1566194409627917,1.1861268810560155,1.364850938723472,1.801230965673306,1.7073259256603412,1.059968157407143,2.018902055035876,
2017-06-01,0.9589851677492378,1.0497902328119757,1.1595416988054108,1.1875884256340896,1.367230867742153,1.803374291148474,1.7064964917663739,1.059872360414471,2.0206496171869315,
2017-06-02,0.9604274114134004,1.0585480009430936,1.1624640410676124,1.1890499913228547,1.369610852638825,1.8055176617492563,1.7056670646365513,1.0597821009156627,2.022397209273352,
2017-06-05,0.9647542660284891,1.0848258597006444,1.1712315743953372,1.1934348150565377,1.376723369534627,1.8116830723883481,1.7031881117766323,1.0595113229013853,2.027652143161962,
2017-06-06,0.9661965921075266,1.0922388028459018,1.1741542543598493,1.1948964651912641,1.3789369349866298,1.8137011025117777,1.7023679994975005,1.0594155263417449,2.029407840677977,
2017-06-07,0.9676389387907047,1.0996522896110417,1.1770770187560453,1.1963581364382359,1.3810950001198474,1.8157191726349886,1.7015478938315676,1.0593197298729207,2.0311555827909,
2017-06-08,0.9676389387907047,1.1067293058886651,1.179887448377337,1.1977636092779242,1.383169785871785,1.8177093887733031,1.7007185072852815,1.0592183961486645,2.0328993614871615,
2017-06-09,0.9676389387907047,1.1138068175603255,1.1825855346279557,1.1991691016375983,1.3851890631285224,1.819699643814876,1.6998891275027406,1.0591115251578742,2.034643169985717,
2017-06-12,0.9676389387907047,1.1350423252857622,1.1906802250744475,1.20321702925259,1.391247136212992,1.825656694556832,1.6974103161521592,1.0587632261046753,2.0398747743003653,
2017-06-13,0.9676389387907047,1.1434703454179074,1.1933785991278922,1.2045663744385093,1.3932110189665892,1.8276192087835597,1.6965902506885788,1.0586452809052016,2.0416147087948033,
2017-06-14,0.9676389387907047,1.1518990678931473,1.1960770451366676,1.2059157376152818,1.3952860526754485,1.8295538641263764,1.6957701918378199,1.0585273358433733,2.0433546729577534,
2017-06-15,1.0037041746372877,1.1603284927704571,1.1987755631029495,1.2072651187831296,1.3978889260032545,1.831488556226324,1.69495013959986,1.058398316250142,2.0450906734341245,
2017-06-16,1.0397822928406075,1.1687586201082567,1.201586595451909,1.2086145179423635,1.4005196456588598,1.8334232850841126,1.6941300939745885,1.0582471474972488,2.0468267034440046,
2017-06-19,1.1480939876222784,1.1940532174692597,1.2100201610056427,1.2128315056996408,1.4083844324764838,1.8393671890176488,1.6916978574450292,1.058640845610337,2.0520349706796948,
2017-06-20,1.1842236812884765,1.202486155233995,1.2128315056996186,1.2142372073308927,1.4109320772748957,1.8413160175282828,1.690887124862428,1.0589105113473218,2.0537791062182453,
2017-06-21,1.2203662803363935,1.210919795751897,1.2156429284853276,1.2156429284853054,1.4134520029928765,1.843264883332285,1.6900763987433232,1.0591801778038645,2.0555232715652183,
2017-06-22,1.2203662803363935,1.210919795751897,1.2156429284853276,1.2156429284853054,1.4152773844662514,1.8448789628935813,1.689033518999783,1.05931141159874,2.0571676094065294,
2017-06-23,1.2203662803363935,1.210919795751897,1.2156429284853276,1.2156429284853054,1.4172417192162001,1.8464930680358815,1.6879906499514652,1.059442645564035,2.05880797985043,
2017-06-26,1.2203662803363935,1.210919795751897,1.2156429284853276,1.2198601802054343,1.4231071660560923,1.8514192449402556,1.684824961912379,1.0598363484809026,2.0637172671243986,
2017-06-27,1.2203662803363935,1.210919795751897,1.2156429284853276,1.221265969826435,1.4250160800043377,1.8531171630895127,1.6837821360247807,1.05997312043975,2.0653537486927442,
2017-06-28,1.2203662803363935,1.210919795751897,1.2156429284853276,1.2226717789717068,1.4269250298808211,1.8548011577574908,1.6827300347590057,1.060109892583716,2.066998244924556,
2017-06-29,1.2145826136948923,1.210919795751897,1.2156429284853276,1.2240776076415605,1.4289173775117403,1.8565967963518393,1.681677944379123,1.060268814208154,2.0686467619278837,
2017-06-30,1.2087992775276613,1.210919795751897,1.2156429284853276,1.2254834558362182,1.431437732878038,1.8583924666022211,1.680625864884977,1.0604388107403162,2.070295305556935,
2017-07-03,1.1914512516887354,1.210919795751897,1.2156429284853276,1.2298698270955866,1.4387768556051395,1.8636819963105067,1.6775161196766808,1.060932189983177,2.075229112603849,
2017-07-05,1.179887553157899,1.210245080865624,1.2156429284853276,1.2327941801975717,1.44315113094855,1.8674410598695568,1.6754677701215304,1.0612721855652207,2.078554401729371,
2017-07-06,1.1856692372333555,1.211257155435863,1.2160927620840756,1.234481346339611,1.445366133503434,1.869418321848304,1.6744807509605497,1.0614643335167262,2.080215091375992,
2017-07-07,1.1914512516887354,1.2122692401262292,1.2160927620840756,1.2361685406002687,1.44747001499137,1.8713956222059958,1.6734937413811046,1.061667556619983,2.081875808039957,
2017-07-10,1.2087992775276613,1.215305554921331,1.2160927620840756,1.2403866521631723,1.4536707449057884,1.8769788833489898,1.6705049152744733,1.0622716909556518,2.0868461351741585,
2017-07-11,1.2145826136948923,1.2166550572170642,1.2160927620840756,1.2417927284064767,1.455663620091574,1.8787749148914124,1.6695086594302744,1.0624693782455674,2.0885029646634967,
2017-07-12,1.2203662803363935,1.2180045775054937,1.2160927620840756,1.243198824178049,1.4576565344238235,1.8805012015626676,1.6685124133482665,1.0626670659221737,2.0901678112779987,
2017-07-13,1.2203662803363935,1.2180045775054937,1.2156429284853276,1.2443799590706295,1.4595660986358228,1.8821019157208019,1.667479039430253,1.0628426039470007,2.091816702500471,
2017-07-14,1.2203662803363935,1.2180045775054937,1.2156429284853276,1.245561107742743,1.4614756987882949,1.8837026550288405,1.6664456760156154,1.0630236797436243,2.0934656203547064,
2017-07-17,1.2203662803363935,1.2180045775054937,1.2156429284853276,1.2499483490205687,1.467343703831081,1.8887981088238748,1.6633827859783734,1.063555834087082,2.0984125337123682,
2017-07-18,1.2203662803363935,1.2180045775054937,1.2156429284853276,1.2514108050262873,1.4693090470649928,1.8905524767761195,1.662368032610062,1.0637369111616168,2.1000615580979876,
2017-07-19,1.2203662803363935,1.2180045775054937,1.2156429284853276,1.2528732821557753,1.4712188305923357,1.8922929180291925,1.6613532893705152,1.063917988560581,2.1017146046855784,
2017-07-20,1.2203662803363935,1.2180045775054937,1.2156429284853276,1.2543357804092992,1.4731286500642815,1.893963603257176,1.6603385562596218,1.0640990662839744,2.1033676780367383,
2017-07-21,1.2203662803363935,1.2180045775054937,1.2156429284853276,1.2557982997871475,1.4749829056148966,1.8956343158787137,1.659323833277293,1.0642801443318195,2.1050167824545163,
2017-07-24,1.2203662803363935,1.2180045775054937,1.2156429284853276,1.260185984669926,1.4805180741128465,1.900618701966783,1.6562518741541687,1.0648012301602616,2.1099642555208353,
2017-07-25,1.2203662803363935,1.2180045775054937,1.2156429284853276,1.2616485885482476,1.4824280686085656,1.9022895237091664,1.6552186248541156,1.0649712343165474,2.111609470525555,
2017-07-26,1.2203662803363935,1.2180045775054937,1.2156429284853276,1.2631112135524258,1.4842546916098653,1.9039743313713275,1.6541853860561506,1.0651412387587822,2.1132587080591847,
2017-07-27,1.2189203332868548,1.2180045775054937,1.2156429284853276,1.264573859682816,1.4861647564335723,1.9056452081345654,1.6531521577601849,1.0653167810810604,2.114907972230151,
2017-07-28,1.2174744068927712,1.2180045775054937,1.2156429284853276,1.2660365269396623,1.4880192501977252,1.9073161122944882,1.6521189399661074,1.065492323708228,2.1165612591879546,
2017-07-31,1.2131367516401648,1.2180045775054937,1.2156429284853276,1.2704246554722465,1.4935829348196927,1.91228711014384,1.6490100666032514,1.0668440555237968,2.1215212806679373,
2017-08-01,1.2116909078648597,1.2180045775054937,1.2156429284853276,1.2718874072380926,1.4955765918240216,1.914153561543075,1.6479768909100079,1.0674293863005335,2.1231666818816164,
2017-08-02,1.2102450847435442,1.2180045775054937,1.2156429284853276,1.2733501801319713,1.4974312575740667,1.9155174814456721,1.6469437257181196,1.0680147204672252,2.1248121096063333,
2017-08-03,1.2116909078648597,1.2183419602505463,1.2157553866513737,1.2748692360927238,1.4993971841190001,1.9168953803571753,1.64591985345226,1.0686111335070247,2.1264815435110496,
2017-08-04,1.2131367516401648,1.2186793441200772,1.2157553866513737,1.2763883148386723,1.5012241130547332,1.9182732978979322,1.644895991499662,1.0692186254496194,2.128139014905339,
2017-08-07,1.2174744068927712,1.2196915024763832,1.2157553866513737,1.2807768931442753,1.5067050971661722,1.9222117063912414,1.6418059028538545,1.0710189720228414,2.133111590490455,
2017-08-08,1.2189203332868548,1.2196915024763832,1.2157553866513737,1.2822397948388131,1.5085599667796545,1.9234640440502382,1.640772800101753,1.0716154027910596,2.134757178900215,
2017-08-09,1.2203662803363935,1.2196915024763832,1.2157553866513737,1.2837027176635374,1.510442679935653,1.9247024356093378,1.6397397078502962,1.0722118370788625,2.1364067907518436,
2017-08-10,1.2203662803363935,1.2193541152328624,1.2156429284853276,1.2851093939601155,1.5123810478070876,1.925954803529284,1.6386973443332842,1.0728027368336557,2.138052431803672,
2017-08-11,1.2203662803363935,1.2190167291140863,1.2156429284853276,1.286516089793266,1.514291642005161,1.9272071868373208,1.6376549915061878,1.0733991779646512,2.139702096426088,
2017-08-14,1.2203662803363935,1.2180045775054937,1.2156429284853276,1.2909051057601095,1.5200514526185094,1.9310482031085208,1.6345372788317158,1.075171908417638,2.144651250160634,
2017-08-15,1.2203662803363935,1.2180045775054937,1.2156429284853276,1.2923681533459686,1.522045629548785,1.93232857403971,1.63349496866807,1.0757628254779439,2.1463010213627065,
2017-08-16,1.2203662803363935,1.2180045775054937,1.2156429284853276,1.2938312220640569,1.524178912324814,1.9336787744962391,1.6324526691937846,1.0763537459929307,2.147950819210731,
2017-08-17,1.2203662803363935,1.2180045775054937,1.2156429284853276,1.2952943119148186,1.526340053846753,1.934959178470419,1.6314103804087932,1.0769502080787863,2.1495966462621308,
2017-08-18,1.2203662803363935,1.2180045775054937,1.2156429284853276,1.2967574228984091,1.528250910771356,1.9362395985279557,1.6303681023129624,1.0775466736844486,2.1512504948454136,
2017-08-21,1.2203662803363935,1.2180045775054937,1.2156429284853276,1.3011468826496397,1.5339836973366383,1.9400530280391903,1.6272506131622233,1.0793250151268197,2.156176221945838,
2017-08-22,1.2203662803363935,1.2180045775054937,1.2156429284853276,1.3026100781678984,1.5358946981244959,1.941291620818597,1.6261898159046106,1.079915956467481,2.1578181837605737,
2017-08-23,1.2203662803363935,1.2180045775054937,1.2156429284853276,1.304073294820518,1.537805734879849,1.9425162647194627,1.6251290297197185,1.0805069012629565,2.159460171966665,
2017-08-24,1.2203662803363935,1.2180045775054937,1.2156429284853276,1.3055365326079205,1.539828078213179,1.9437548874277066,1.6240682546074359,1.0810978495132906,2.161098188669186,
2017-08-25,1.2203662803363935,1.2180045775054937,1.2156429284853276,1.30699979153035,1.5418782800323383,1.94499352518549,1.6230074905676517,1.0816832628411932,2.1627362316355203,
2017-08-28,1.2203662803363935,1.2180045775054937,1.2156429284853276,1.311389695110865,1.548029133868245,1.9487793525998276,1.6198438255443426,1.0834506001149213,2.1676745070313475,
2017-08-29,1.2203662803363935,1.2180045775054937,1.2156429284853276,1.312853038576467,1.5500795012758362,1.950045981306947,1.6187831055996416,1.0840415655750446,2.1693246500894547,
2017-08-30,1.2203662803363935,1.2180045775054937,1.2156429284853276,1.3143164031786059,1.55207426805255,1.9513126257508562,1.617722396726884,1.0846325344901153,2.1709788180781064,
2017-08-31,1.2189203332868548,1.2180045775054937,1.2156429284853276,1.315779788917637,1.5540690740128316,1.9526351470989578,1.6166616989259142,1.0852235068602,2.1726330128484905,
2017-09-01,1.2174744068927712,1.2180045775054937,1.2156429284853276,1.3172431957938269,1.5561752075895052,1.9539576856028917,1.6156010121966213,1.0858200212874536,2.1742792375840425,
2017-09-05,1.2116909078648597,1.2166550572170642,1.2156429284853276,1.3228718815440965,1.564544529864964,1.9593318083291233,1.6114418920264884,1.0882061141975763,2.180848407103908,
2017-09-06,1.2102450847435442,1.215305554921331,1.2156429284853276,1.3242791018406752,1.5665952307367004,1.9607242656109802,1.6103998187169344,1.0888026462255063,2.182498762937901,
2017-09-07,1.2116909078648597,1.2142934398688743,1.2157553866513737,1.3257426318820542,1.5686459735761993,1.9620469094100645,1.609367035181064,1.0894047207356206,2.1841571434689566,
2017-09-08,1.2131367516401648,1.2132813349373883,1.2157553866513737,1.3272061830627013,1.5706967578224873,1.9633695703665799,1.6083342621425523,1.090006798831622,2.185815550914838,
2017-09-11,1.2174744068927712,1.210245080865624,1.2157553866513737,1.3317658427867363,1.5768493590104127,1.9672817869563763,1.6052360060101911,1.0917964378445832,2.190778937584792,
2017-09-12,1.2189203332868548,1.2105824377465657,1.2157553866513737,1.3332857749568605,1.578900308892206,1.968604515820216,1.604203274960092,1.0923929912228125,2.192433453381404,
2017-09-13,1.2203662803363935,1.210919795751897,1.2157553866513737,1.3348057299253702,1.5809513001849629,1.969997100120846,1.6031705544068187,1.0929895481213592,2.194083996781404,
2017-09-14,1.2203662803363935,1.210919795751897,1.2156429284853276,1.3362694116126006,1.582974502854828,1.9713757352197048,1.6021285659237439,1.0935805693491618,2.1957265678898885,
2017-09-15,1.2203662803363935,1.210919795751897,1.2156429284853276,1.3377331144412308,1.5850255758481868,1.9727543889577426,1.6010865881267433,1.094171594032245,2.1973731647131567,
2017-09-18,1.2203662803363935,1.210919795751897,1.2156429284853276,1.3421243497789392,1.591318201876435,1.9814720851274892,1.5979792755096867,1.0959336104969575,2.202313114366361,
2017-09-19,1.2203662803363935,1.210919795751897,1.2156429284853276,1.3435881371764102,1.5933416110254006,1.98333980360057,1.5969466185010273,1.0965191097464633,2.203979815156254,
2017-09-20,1.2203662803363935,1.210919795751897,1.2156429284853276,1.3450519457168353,1.5953093947403962,1.98436937681008,1.5959046938473387,1.097104612386901,2.2056465431264494,
2017-09-21,1.2203662803363935,1.210919795751897,1.2156429284853276,1.346515775400614,1.5972772165698368,1.9852732316298027,1.5948627798790804,1.097690118418293,2.2072932997822425,
2017-09-22,1.2203662803363935,1.210919795751897,1.2184544101083716,1.3479796262279242,1.599245076514455,1.9861770944600954,1.5938208765961415,1.0982700885529884,2.2087360936921874,
2017-09-25,1.2203662803363935,1.210919795751897,1.2268893235559464,1.3525402194941805,1.6052323917352895,1.9890144642179752,1.5906395648585203,1.1008132246434599,2.2130765975734823,
2017-09-26,1.2203662803363935,1.210919795751897,1.2297011175717687,1.3540604628544228,1.6072282418903239,1.9901279176368858,1.5895791497513523,1.1017975899942911,2.2145234731620667,
2017-09-27,1.2203662803363935,1.210919795751897,1.2325129896912035,1.3555807290176247,1.6091962945785188,1.9910178528294686,1.5885280231845655,1.1027819649293447,2.2159743693271228,
2017-09-28,1.2145826136948923,1.210919795751897,1.2353249399164712,1.357101017984208,1.6118324784470062,1.9918658834203962,1.5874769074935902,1.1037663494487537,2.2174252860871047,
2017-09-29,1.2087992775276613,1.210919795751897,1.2382494506070207,1.3586213297543948,1.614719272107279,1.9927139210625056,1.586425802678293,1.1047452040194194,2.2188722232334923,
2017-10-02,1.1914512516887354,1.210919795751897,1.2470234895925136,1.3674057697504294,1.6232966242631486,1.996082378316899,1.5832632764936294,1.1076707452017942,2.2232251587029017,
2017-10-03,1.1856692372333555,1.2105824377465657,1.2499483382336862,1.3703340855948154,1.6260445382507926,1.9969723654662985,1.5822122152759022,1.1086496375736,2.2247241835414266,
2017-10-04,1.179887553157899,1.210245080865624,1.252873271368582,1.3732624860328446,1.6287925265425551,1.9978483887787446,1.5811797185259824,1.1096285394227134,2.2262592346684373,
2017-10-05,1.1856692372333555,1.211257155435863,1.2562483010611913,1.3764162443784977,1.6315962773719939,1.99875236404925,1.5801843379675828,1.1106406909663136,2.227758305642036,
2017-10-06,1.1914512516887354,1.2122692401262292,1.2590609136678088,1.3801163988856668,1.6343444187954415,1.9996563473314133,1.5791889671627812,1.11167501226912,2.229229394334453,
2017-10-10,1.2145826136948923,1.2166550572170642,1.2703121453805588,1.393059568779642,1.6453098812231115,2.003370167068641,1.5751704764798813,1.1158290236804813,2.2350819540559286,
2017-10-11,1.2203662803363935,1.2180045775054937,1.2731251486410855,1.396309701586862,1.6480305463303369,2.004316108742943,1.574165878649425,1.1168689382458519,2.236549147238387,
2017-10-12,1.2203662803363935,1.2180045775054937,1.2754881304696486,1.3993346138361007,1.6506955855780214,2.0052061677374056,1.5731241876229873,1.1178867014035587,2.2379963550922755,
2017-10-13,1.2203662803363935,1.2180045775054937,1.2784138014042767,1.4023596163262209,1.6533885432786777,2.006096234498256,1.5720825072795819,1.1189044748052712,2.2394395824172797,
2017-10-16,1.2203662803363935,1.2180045775054937,1.287191321322867,1.4112098174708931,1.6615513968241347,2.0089760775955146,1.5689575303464487,1.1219412350758962,2.2437573830770274,
2017-10-17,1.2203662803363935,1.2180045775054937,1.2901173303421665,1.4140661586784287,1.664244642119872,2.0101456417894292,1.5679251683191175,1.1229535087656783,2.245196690485529,
2017-10-18,1.2203662803363935,1.2180045775054937,1.2930434238886512,1.4169225803375207,1.6669379587658018,2.0111754856174002,1.5668835412941062,1.1239657925887547,2.2466560246336753,
2017-10-19,1.2203662803363935,1.2180045775054937,1.2959696019648081,1.4200607909822027,1.6696591997937604,2.012107525098039,1.5658419249514832,1.1249836271778335,2.248115379610738,
2017-10-20,1.2203662803363935,1.2180045775054937,1.298895864573213,1.4231427552530818,1.6723805136590775,2.0130395730943995,1.5648003192911153,1.125995931323276,2.249570754009045,
2017-10-23,1.2203662803363935,1.2180045775054937,1.30767515961554,1.4319384219265485,1.680517036286644,2.0157938460207747,1.5616477413520125,1.129016281992934,2.253924996758805,
2017-10-24,1.2203662803363935,1.2180045775054937,1.3106017603769171,1.434795346974549,1.6831829272750731,2.016711953522554,1.5605876288649068,1.130017544684625,2.2553684489381,
2017-10-25,1.2203662803363935,1.2180045775054937,1.313528445682599,1.4376523524905593,1.6858767456391588,2.017616094984187,1.5595368022674805,1.1310188172896751,2.2568159231883156,
2017-10-26,1.2189203332868548,1.2180045775054937,1.3164552155351172,1.4403967321423794,1.6885984935871123,2.0184922955998275,1.5584859865427125,1.132014558785488,2.25826341792823,
2017-10-27,1.2174744068927712,1.2180045775054937,1.3193820699368475,1.4431975407268371,1.6913203143860134,2.0193685037408926,1.5574351816905363,1.1330158511626554,2.259710933158132,
2017-10-30,1.2131367516401648,1.2180045775054937,1.3281631404619354,1.4517131492441493,1.6994583527065732,2.0219272987586523,1.5543013810542572,1.1360530352186649,2.264053601790672,
2017-10-31,1.2116909078648597,1.2180045775054937,1.3310903330851165,1.4545706312657947,1.702152602243645,2.022775586354131,1.553259893747616,1.1370709914684696,2.2654971969488846,
2017-11-01,1.2102450847435442,1.2180045775054937,1.3340176102697,1.4574281937710598,1.70495837386746,2.0235400301161777,1.55221841712192,1.1380889579642117,2.2669408124854185,
2017-11-02,1.2116909078648597,1.2183419602505463,1.3370575649599425,1.4606240229398937,1.707792087119775,2.0240669000836986,1.5511862249506514,1.1391124763916238,2.2683844487960014,
2017-11-03,1.2131367516401648,1.2186793441200772,1.3399850153293036,1.463763586727218,1.7107094720157257,2.0245937727720653,1.550154043270724,1.1401360051770615,2.2698641252976604,
2017-11-06,1.2174744068927712,1.2196915024763832,1.348767873861001,1.4727882626980104,1.7194342621785097,2.0261464559920395,1.5470946559013266,1.1440378931260042,2.2742552547914574,
2017-11-07,1.2189203332868548,1.2196915024763832,1.3516956625207577,1.4757027118288857,1.722268378759395,2.026659363767047,1.546081062985638,1.1454770982463724,2.275702996790163,
2017-11-08,1.2203662803363935,1.2196915024763832,1.3546235357592806,1.4786172446670465,1.7249911015202457,2.0271582983957703,1.545058206692107,1.1469163238455593,2.2771507592823648,
2017-11-09,1.2203662803363935,1.2193541152328624,1.3574388778669233,1.4814191085346318,1.7277696342810067,2.0276432595365046,1.5440260875810852,1.1483389441325764,2.278590536776637,
2017-11-10,1.2203662803363935,1.2190167291140863,1.3603669162146392,1.484277427252323,1.7305203732394414,2.0281282229823727,1.5429939789606495,1.149761584428588,2.2800343371432996,
2017-11-13,1.2203662803363935,1.2180045775054937,1.3691515387829645,1.4929656310274098,1.7387730364059495,2.029597103207914,1.5398977160419713,1.1540296253734539,2.2841016770320133,
2017-11-14,1.2203662803363935,1.2180045775054937,1.372079915488933,1.4958806588836193,1.741524072898537,2.030096052066188,1.538856376451725,1.1554523457082855,2.28545749293787,
2017-11-15,1.2203662803363935,1.2180045775054937,1.3750083767904986,1.498795770463679,1.7442751837797088,2.030608979556159,1.5378150475408914,1.1568750860535104,2.2868133268155955,
2017-11-16,1.2203662803363935,1.2180045775054937,1.3779369226902816,1.5018237401354995,1.747249362791825,2.0311358858847717,1.536773729309382,1.1583033887552885,2.288165175718593,
2017-11-17,1.2203662803363935,1.2180045775054937,1.3808655531905245,1.5050773557894415,1.75016787868012,2.03166279493443,1.5357324217570856,1.1597372540471218,2.289513039487301,
2017-11-20,1.2203662803363935,1.2180045775054937,1.3896519523189932,1.5139929159517784,1.758868173780237,2.0331736556698843,1.5325992908069574,1.1640445145268297,2.2935447278809917,
2017-11-21,1.2203662803363935,1.22643945346681,1.3925809212458562,1.5169085477426458,1.7616197536493239,2.0336726220183454,1.531530209261267,1.165478461196079,2.2948886593245676,
2017-11-22,1.2203662803363935,1.2348750323379232,1.3955099747854804,1.5198242632747494,1.764315649983006,2.034185567488511,1.5304518667985656,1.1669124281907584,2.2962326084247087,
2017-11-24,1.2203662803363935,1.2517482990439088,1.4013683357128714,1.5249791415826497,1.7698470591460236,2.035211466164899,1.528295216231479,1.1697804231575626,2.298916556224695,
2017-11-27,1.2203662803363935,1.2770634723917595,1.4101565117607961,1.5334452101722684,1.7782702090584968,2.0366664713240556,1.5251066846805106,1.1740714816383502,2.302948615253153,
2017-11-28,1.2203662803363935,1.2858408752810524,1.4130860730283912,1.5363614006617343,1.7809944300315017,2.0371375005640013,1.5240562251971346,1.1755055704345319,2.304296673825057,
2017-11-29,1.2203662803363935,1.2946190388837264,1.4160157189258227,1.5392776749085346,1.7837187239216235,2.037608531978319,1.5230057765826421,1.1769396795581644,2.305644750160507,
2017-11-30,1.2189203332868548,1.3033979632652626,1.4189454494555775,1.5421940329150008,1.786582515849,2.0382193377270097,1.5219553388369222,1.1783738090095364,2.3069888405740313,
2017-12-01,1.2174744068927712,1.3121776484919634,1.421762578242336,1.54505406341503,1.7895579315850396,2.038830147131998,1.5209049119598639,1.1798135023102452,2.308332948646208,
2017-12-04,1.2131367516401648,1.3385212699024818,1.4302144341221457,1.5546501305751637,1.7983452593970162,2.040494866730813,1.5177629675461324,1.1841437926420006,2.312389402192472,
2017-12-05,1.2116909078648597,1.3456149585174382,1.4330318759291139,1.5580182761812056,1.801293129949677,2.0409519360217843,1.5167125840466866,1.185583568045323,2.3137616088448,
2017-12-06,1.2102450847435442,1.3527091436901229,1.435849395996569,1.5613865334946464,1.8042410858666091,2.041422985044594,1.515671482230907,1.1870233639355687,2.315133833901073,
2017-12-07,1.2116909078648597,1.3601416808495692,1.4387797002892055,1.5647549034420338,1.8074122531871684,2.041908014121918,1.5146396615282498,1.18846872470304,2.316490061521881,
2017-12-08,1.2131367516401648,1.3675747630619517,1.4418227977740505,1.5678412655395269,1.8104719531987667,2.042393045504687,1.513607851313159,1.1899085620413752,2.3178463071200417,
2017-12-11,1.2174744068927712,1.3898772804178838,1.4509526379853366,1.5764237681933357,1.819428452680305,2.04386213150074,1.5104754022171374,1.194228196984537,2.32192716458417,
2017-12-12,1.2189203332868548,1.3990024454934469,1.453996100650401,1.5791719030368245,1.8221816708655636,2.044333194086878,1.509434364081419,1.1956681162759164,2.32329949953225,
2017-12-13,1.2203662803363935,1.4081284318407272,1.4570396546173425,1.5819201122307058,1.8249628590671252,2.044790280696085,1.5083933366220048,1.1971080560563063,2.324675857257108,
2017-12-14,1.256521541700173,1.4169171937675973,1.4599705702565968,1.584611961733473,1.82774412247253,2.0452473692274653,1.5073430500682106,1.1985424713837123,2.3260402198439722,
2017-12-15,1.29268971749108,1.4257067173919502,1.4629015705648118,1.5871910130440758,1.8305254618458333,2.045704459806297,1.5062927743815235,1.1999769070432098,2.3274046006227733,
2017-12-18,1.401271777554225,1.4520798591115547,1.471695079527957,1.597806983236083,1.8391489295037866,2.047187571459741,1.503160551868099,1.2048569992781033,2.3314738242707467,
2017-12-19,1.437491657193135,1.4608724301867548,1.4746264185366398,1.601740983961819,1.842237482694209,2.0476306921887177,1.5021195890348116,1.2065798613923873,2.3328502915719085,
2017-12-20,1.473724474340088,1.46966576329004,1.4775578422265845,1.6056751370172373,1.8452703274422388,2.0480738148418665,1.5010786368770734,1.2083027528358103,2.334214763153919,
2017-12-21,1.475174051028838,1.4700039824701694,1.4776705905966914,1.6081418133257808,1.8479126179992145,2.0481674716058107,1.4998059689079746,1.2098759447309426,2.335459099998305,
2017-12-22,1.4766236484261785,1.4703422027775304,1.4778960876816738,1.6104956547499771,1.8505270746888902,2.0482611284557084,1.4985333168961779,1.2114491610799138,2.3365953207074908,
2017-12-26,1.4824222450945168,1.471695095281067,1.4787980810328394,1.6202502816414999,1.861041383177775,2.0485938206801224,1.4933872557072458,1.2177422710219155,2.341144334750944,
2017-12-27,1.4838719460334104,1.4720333212254966,1.4790235806233731,1.6228302200748557,1.8637678009498782,2.048673499234055,1.4921054155120128,1.2193156096458324,2.3423206695045273,
2017-12-28,1.4766236444573089,1.4720333212254966,1.4791363305911354,1.625297312180618,1.866466384195098,2.0487531778283774,1.4908143233109739,1.2208834265990287,2.3434930123240605,
2017-12-29,1.469375860578226,1.4720333212254966,1.4820678636828122,1.6277080072729877,1.8692208539207833,2.0488328564849168,1.4895232475340636,1.2224512678366217,2.3447174358234735,
2018-01-02,1.4403899012892518,1.471695095281067,1.493794842936369,1.6400051126299164,1.883253835383547,2.049221465489226,1.4843869125314546,1.2287228756384438,2.349467077926226,
2018-01-03,1.4331447053396618,1.47135687046418,1.4967267994836941,1.6436583919928527,1.887934693514448,2.0493151232807927,1.4830866506751583,1.2302908383036604,2.3506755512878064,
2018-01-04,1.4403899012892518,1.4727097774221543,1.5013166062683325,1.647142405163704,1.8914992365352434,2.0494926540546965,1.4818327423659516,1.2318865589149297,2.3519040678485315,
2018-01-05,1.447635614751075,1.474062702418344,1.5048916162564874,1.6504006602256371,1.894366044487228,2.049670185137442,1.4805788495498629,1.2334878510660952,2.3530965496106004,
2018-01-08,1.469375860578226,1.4781215856384256,1.5159557715162197,1.659611305385611,1.9028552853246117,2.0502167591239795,1.4769099367720528,1.2382863328479043,2.3565659256534977,
2018-01-09,1.4766236444573089,1.4798128346644734,1.5196440912643716,1.6624746265789803,1.90563866028286,2.0503942914664064,1.47568390627002,1.2398877262310704,2.3577063876593973,
2018-01-10,1.4838719460334104,1.4815041118772188,1.5233325450180635,1.6653380284199937,1.9085058660601284,2.0505718241176973,1.4744486235314769,1.241489144945196,2.358846862372377,
2018-01-11,1.4838719460334104,1.4815041118772188,1.5264571177177721,1.6676931941993267,1.911177715497936,2.050679462101046,1.4731670228782967,1.2430628522617448,2.359975330863273,
2018-01-12,1.4838719460334104,1.4815041118772188,1.5296945918673366,1.6700484145380834,1.9137937954988526,2.050787100197926,1.4718854384114577,1.2446365840401707,2.361107817629282,
2018-01-16,1.4838719460334104,1.4815041118772188,1.5409532382606006,1.6796392986395237,1.9243704774776438,2.0512176537169413,1.4667314633599382,1.2509095664145597,2.3656338839788793,
2018-01-17,1.4838719460334104,1.4815041118772188,1.5443039961483773,1.6820512828003231,1.9270427428557335,2.0513252923815006,1.4654406939437203,1.252477872736213,2.36675842123768,
2018-01-18,1.4838719460334104,1.4815041118772188,1.5475420393989303,1.6847457665156274,1.9296592301150328,2.0514189521039006,1.4641499409475234,1.2540462033498345,2.3678829708500437,
2018-01-19,1.4838719460334104,1.4815041118772188,1.5506673571917151,1.6872708516906698,1.9323037093471607,2.051512611912276,1.4628592043711475,1.2556201058545158,2.369011538960719,
2018-01-22,1.4838719460334104,1.4815041118772188,1.5591411787142295,1.6943945309438213,1.940237558703406,2.0517935918531016,1.4589592962343856,1.260330864444903,2.3723973179455182,
2018-01-23,1.4838719460334104,1.4815041118772188,1.5619283292586994,1.6966938745808902,1.9428543846762292,2.051887252005291,1.457631563594397,1.2618993166959358,2.3735259358252048,
2018-01-24,1.4838719460334104,1.4815041118772188,1.5644898677487973,1.6989932702068833,1.9454433494014323,2.0519809122434562,1.4563131137345309,1.263467793241202,2.3746545661474716,
2018-01-25,1.4824222450945168,1.4815041118772188,1.5671643179154149,1.7012362200227615,1.9480603090079152,2.0520605934201797,1.454994681008026,1.2650362940810567,2.375787215321079,
2018-01-26,1.4809725648645244,1.4815041118772188,1.569838838507076,1.7036487164929115,1.950649405944005,2.0521402746590978,1.4536762654146385,1.2666048192159218,2.3769399092766097,
2018-01-29,1.4766236484261785,1.4815041118772188,1.5782014003827394,1.7106040340332251,1.9583891593024871,2.0523793187491757,1.4496933270174317,1.2713160888528474,2.3803860492656925,
2018-01-30,1.475174051028838,1.481165854365063,1.5809890740087207,1.7129037441725004,1.9609785185524808,2.0524590002369614,1.4483657156356466,1.2728847112573716,2.3815347883733295,
2018-01-31,1.473724474340088,1.4808275979802499,1.584341153042268,1.7152035063089155,1.9635400101750466,2.052608577832249,1.4470566507431837,1.2744533579587713,2.382687547043316,
2018-02-01,1.475174051028838,1.4808275979802499,1.587693343609664,1.717559827910864,1.9666602487855345,2.0528000933648594,1.4457568668222676,1.2760275781054542,2.383844325726936,
2018-02-02,1.4766236484261785,1.4808275979802499,1.590932771346587,1.7201987450678802,1.9694732984123497,2.0529916092568934,1.4444570995547412,1.2776073715253133,2.385005124243289,
2018-02-05,1.4809725648645244,1.4808275979802499,1.5998614877378747,1.7273247329522512,1.9777173520930447,2.0535521797607093,1.4405856895583824,1.2826188031539232,2.3885116401453965,
2018-02-06,1.4824222450945168,1.481165854365063,1.6027626431506015,1.7295683082272584,1.9803351408967274,2.0537297177110947,1.4392767246988791,1.2843318789717006,2.3896684846330007,
2018-02-07,1.4838719460334104,1.4815041118772188,1.605550991589877,1.7318119329838177,1.9828971195035683,2.053907255970322,1.4379399855363628,1.2860449837641452,2.3908173282070955,
2018-02-08,1.4838719460334104,1.4815041118772188,1.6083394157875963,1.7339990905919977,1.9854312223790194,2.0540568356882893,1.4365940007452505,1.2877525677409407,2.3919621773194732,
2018-02-09,1.4838719460334104,1.4815041118772188,1.6111279165099024,1.736242812453903,1.9879374481361678,2.0542064156254813,1.435248033814096,1.2894601805059303,2.393119060476301,
2018-02-12,1.4838719460334104,1.4815041118772188,1.619832594047077,1.7434264435870706,1.995540321385958,2.0546551567525606,1.4312750820008713,1.2945831915349704,2.396577766726282,
2018-02-13,1.4838719460334104,1.4815041118772188,1.622734318934027,1.7458399408687209,1.998102681279601,2.054790758060676,1.4299662376417777,1.296290919457621,2.3977306947717603,
2018-02-14,1.4838719460334104,1.4815041118772188,1.6258619509114558,1.7482534954018858,2.000637161987595,2.0549263595489586,1.4286481472949975,1.2979986761708862,2.3988796284915903,
2018-02-15,1.4838719460334104,1.4815041118772188,1.629441342647464,1.7507236324019182,2.00319964992548,2.05507594076062,1.4273300740768935,1.2997064616752985,2.4000205603960767,
2018-02-16,1.4838719460334104,1.4815041118772188,1.6325691810462173,1.7533068825894338,2.005873982056272,2.0552255221915283,1.4260120179872438,1.30141427597128,2.401165512411363,
2018-02-20,1.4838719460334104,1.4818423704244577,1.6442909652419457,1.7639232008064942,2.0164881681020708,2.0558657890406895,1.420739964901263,1.3082458210809333,2.405745448492924,
2018-02-21,1.4838719460334104,1.4821806300990836,1.6467416453944894,1.7663371843000597,2.0190510542532625,2.0560433309672943,1.4193942083380318,1.309953779342199,2.4069064949998165,
2018-02-22,1.4824222450945168,1.4825188909010745,1.6487406321184395,1.7687512250567305,2.0216140047899733,2.0561929138160906,1.4180484696317386,1.3116617663979868,2.4080595393409787,
2018-02-23,1.4809725648645244,1.4828571528306966,1.6509655386652833,1.7711653230778168,2.024204969713006,2.0563424968841337,1.416702748782095,1.3133697822487633,2.409204581241453,
2018-02-26,1.4766236484261785,1.4838719453841742,1.6597865788419597,1.7789168272467792,2.0319223550359533,2.056805227179992,1.4126656933682868,1.3184940025759095,2.4126518073010583,
2018-02-27,1.475174051028838,1.492667209140186,1.6626894446033713,1.7816138778127044,2.034457676105772,2.056954811145495,1.4113293052447906,1.3202021336115255,2.4138009084403222,
2018-02-28,1.473724474340088,1.5014632351517676,1.665592393255344,1.7843109998481044,2.0369651066561856,2.057104395330245,1.4099744123705849,1.3219102934445726,2.4149460145360013,
2018-03-01,1.475174051028838,1.5105983779744259,1.6684954255955953,1.7870647394341521,2.040087592185724,2.057295919299884,1.408628798287337,1.323624033831483,2.4160951417317555,
2018-03-02,1.4766236484261785,1.5197343429607102,1.6713985408311371,1.7898185535216715,2.0426510719104174,2.057487443628947,1.4072832020591175,1.3253378032042962,2.417256305898574,
2018-03-05,1.4809725648645244,1.5504304222309973,1.6831586854377356,1.7979673398473617,2.050341897493757,2.0581039585795935,1.4033113444742673,1.3304792852429692,2.4207759508274584,
2018-03-06,1.4824222450945168,1.5598069334383569,1.687079035915362,1.8008345548029103,2.0529056348299823,2.0577782240169817,1.4019750792537256,1.3321931705642331,2.421925143436887,
2018-03-07,1.4838719460334104,1.5695228587390586,1.690886553191051,1.8037018505157043,2.055469436573154,2.0572987103579354,1.4006388316421203,1.3339070848738643,2.4230743489406237,
2018-03-08,1.4838719460334104,1.5789011302493217,1.6940162826825311,1.8065126700732792,2.0580053427482037,2.0567772592144484,1.3992933418017772,1.3356154757590222,2.4242235670239642,
2018-03-09,1.4838719460334104,1.5882802676885133,1.6969201258632438,1.8092104519044305,2.0605692719052326,2.0562558107352524,1.3979478698147974,1.3373238954459854,2.4253768063456693,
2018-03-12,1.4838719460334104,1.6164228763781097,1.7045021496255641,1.8171911020912646,2.068233483776849,2.0546914812795025,1.3939115609717279,1.342449327322548,2.4288245767832395,
2018-03-13,1.4838719460334104,1.6261442152943673,1.706954281491324,1.8198326033161072,2.070797669888025,2.054239941443403,1.3925569008050198,1.3441578622215955,2.4299698508611245,
2018-03-14,1.4838719460334104,1.6348501792266212,1.7094064724788138,1.8224741730709093,2.073389883891008,2.053858301234013,1.3912022587370565,1.3458664259248687,2.4311111291739573,
2018-03-15,1.485321667284456,1.6432180936888807,1.7116327068908088,1.8251158113574473,2.0760380920940014,2.053336867668931,1.3898476347676159,1.347575018432856,2.4322484115868237,
2018-03-16,1.4867714092449802,1.6515866971078985,1.7143110317009214,1.8277575181775196,2.0787982286396334,2.052815436768052,1.3884930288964537,1.3492836397460461,2.433381697965231,
2018-03-19,1.4911207593875764,1.6797468426835716,1.7290147824220004,1.8357396222372202,2.086939250200004,2.0492940709981644,1.3844293198702173,1.354437441385925,2.4367816323315195,
2018-03-20,1.492570584188968,1.6891352915623603,1.7339541822636084,1.8384381785566006,2.089587809929916,2.047374764914589,1.3830747863897486,1.3561461783928808,2.437922986541463,
2018-03-21,1.494020429702525,1.6978466517243662,1.7387807846823478,1.8411368063852462,2.0923762814813562,2.0453995797484525,1.3817202710063592,1.3578549442074817,2.4390603445856973,
2018-03-22,1.5302731703532357,1.7058807464426007,1.7432684875821947,1.84406181259531,2.095052950922449,2.0433824977721615,1.3803565156141895,1.3595581851065353,2.4401856881622885,
2018-03-23,1.566538860152078,1.7139154758518904,1.7476433412422443,1.8466474317467618,2.097617810096941,2.0413654556665772,1.3789927785668565,1.3612614546272495,2.441311044101324,
2018-03-26,1.6754136707066714,1.737006145283937,1.7618996537325682,1.854065186905407,2.1053127742374,2.035244681439896,1.374901677491236,1.3666491158246696,2.4446992134103285,
2018-03-27,1.7117312033731569,1.7447041999438806,1.7668406489284916,1.8565378920128772,2.1078778911619134,2.033185868764442,1.3735380138206743,1.3684913475716431,2.4458326372309935,
2018-03-28,1.762161371298232,1.752741996392304,1.771668810269511,1.8590106571500398,2.110443072528012,2.031127097630603,1.372174368493706,1.3703336127992571,2.4469740919748517,
2018-03-29,1.7631789495877515,1.7523010896546065,1.7735571636658731,1.8602385695627,2.1123928697834193,2.0287189694108143,1.3705793117626541,1.3720426056274215,2.4480233395883344,
2018-04-02,1.7730645240243925,1.7535898979737619,1.7864260104017538,1.8677534714452992,2.1221228065660513,2.019087024882249,1.3641993358113114,1.3789455163476294,2.4522124187163374,
2018-04-03,1.775536067679262,1.7541664757734665,1.79080268981342,1.8706792220808621,2.1241567588521137,2.016679180831038,1.3626044045647268,1.3806879805755568,2.4532857765704463,
2018-04-04,1.7639058128022578,1.7511140458422725,1.7931777103427304,1.8730560994815848,2.1259473392237327,2.014135847105436,1.3609197127178563,1.3823765919403819,2.454312232067979,
2018-04-05,1.7668132551050597,1.750435739493006,1.7961182939636222,1.8757726031697786,2.127961782427934,2.0117183384307014,1.3593183537919273,1.3840985629554492,2.455366767006417,
2018-04-06,1.763905812006028,1.7494182885868792,1.7989458579362516,1.8783193915139718,2.1299482858932794,2.009286913837749,1.357707764195637,1.3858094534451748,2.456425322064426,
2018-04-09,1.750823344159813,1.746026858858496,1.805506113758626,1.8856205395680226,2.1359080281306397,2.00199298776782,1.35287614895776,1.3909089685457676,2.4595529367059665,
2018-04-10,1.7537304118957042,1.7450094520387927,1.807542141603058,1.8879411697240167,2.137866705060376,1.9995617949762234,1.351265661727452,1.3926088639111045,2.460587476691223,
2018-04-11,1.7551839771078548,1.7443311865706468,1.8091257478343614,1.8902618527365522,2.1398254195519772,1.9971306601315186,1.3496552000876516,1.3943087877764881,2.4616500954467213,
2018-04-12,1.7537304118957042,1.7433137969852464,1.8105962611898896,1.8925259843538766,2.1417282067404564,1.9946856120284018,1.3480355089541263,1.3960031844639786,2.462716734728909,
2018-04-13,1.7537304118957042,1.7433137969852464,1.8124061536826996,1.8949033780029323,2.1437149790667798,1.9922825351615936,1.3464436085229847,1.397708721477997,2.4637753663058204,
2018-04-16,1.7537304118957042,1.7470442750156412,1.8185147783879918,1.902488765920718,2.149843435716936,1.9851993773127852,1.3416958207866703,1.4028421728217166,2.466915237801759,
2018-04-17,1.7435560312128118,1.7463659963537603,1.8199854269541405,1.9048097790094642,2.1518023788148932,1.9827685861247168,1.3400670025001782,1.4045256002850115,2.4679418315370905,
2018-04-18,1.736289239305222,1.7456877220282552,1.8221348734293485,1.9071874573143077,2.153873301799436,1.9803518221086724,1.3384474645977473,1.4062146119316,2.468984476041469,
2018-04-19,1.7304761786764322,1.7450094520382597,1.824058101896875,1.9097916441122909,2.155972253355909,1.9779490842740222,1.336837206637842,1.4079092080411248,2.470011091070523,
2018-04-20,1.7290229652193068,1.7450094520382597,1.8259813677444559,1.912339284293063,2.1581272224117765,1.9755743402276593,1.3352454821013993,1.4096149453210582,2.471049747353704,
2018-04-23,1.7290229652193068,1.7419572886240298,1.831638244316025,1.9202656836214027,2.1645644156791155,1.9684504379296142,1.330498218964915,1.4147489994399631,2.474177810995526,
2018-04-24,1.7391958925928597,1.7409399211044896,1.8336747975715273,1.9230400696645944,2.1666915787689645,1.9660898810797578,1.3289343540403786,1.4164715221851365,2.4752285412638075,
2018-04-25,1.746462892114642,1.7419572875094103,1.8354851013246742,1.925757908437875,2.1687348168762277,1.9637154118957278,1.3273612600429585,1.4181885172856568,2.476267251001185,
2018-04-26,1.7522768662533217,1.7426355375241398,1.8376348779469476,1.9284191961583819,2.1708060859692235,1.9613689326080763,1.3257881904672475,1.4199055414551465,2.4772979505032433,
2018-04-27,1.7551839779039957,1.7429746641804744,1.8393321025387488,1.9309673027068541,2.1728773964856396,1.9590085409874725,1.3242058923950584,1.421617037606171,2.478328660089657,
2018-04-30,1.7551839779039957,1.7436529208841423,1.8449897208018262,1.9388951508598984,2.179147564758721,1.95189976196124,1.319459146431412,1.4267628131517718,2.481468977552681,
2018-05-01,1.7464628945028648,1.741957288530993,1.8462344382689677,1.941273623804829,2.18191886478305,1.9494418331185592,1.3178306855447186,1.4284521947224738,2.4825077488369596,
2018-05-02,1.7406492541579777,1.7436529190259398,1.8475923294055896,1.9437087848845902,2.1841023731046905,1.9470398242057652,1.3162115030057597,1.4301471619792228,2.483550541554247,
2018-05-03,1.7362892412987607,1.7456877132012716,1.849629198940228,1.9461440048024192,2.1862019457767,1.944637871228161,1.3146015983730885,1.4318477152025944,2.4846174091152307,
2018-05-04,1.7348359451998085,1.7480616914972824,1.8512134602654662,1.9486359183001456,2.18813359285277,1.94224993886567,1.313000971207745,1.4335538546741189,2.485680277376323,
2018-05-07,1.7391958969698251,1.7548447949137458,1.8565322335349688,1.9573014516982346,2.1940687388469327,1.935226110548216,1.3082547501622521,1.4389836704778114,2.4888569175668396,
2018-05-08,1.745009455860047,1.7555231308412855,1.8582297735349806,1.9603600507021035,2.1961125244717605,1.932908213671336,1.3066819772079796,1.4408455455568792,2.489907798061064,
2018-05-09,1.755183976309338,1.7551839622655274,1.8598141695094883,1.9633620977937527,2.1981003551792444,1.9305764070633336,1.3050999774973926,1.4427018965667893,2.4909506672190496,
2018-05-10,1.7595447989219304,1.7541664630432052,1.8615117637411416,1.9663075887951242,2.2000322282319296,1.928258616550682,1.3035180024912218,1.4445582815475921,2.4919855250794765,
2018-05-11,1.7609984479901142,1.7528098134261372,1.8632093857998022,1.9690832258702828,2.201908139910458,1.9259269169451976,1.3019268013083396,1.4464091420551606,2.4930123711137897,
2018-05-14,1.7609984479901142,1.7480616816484718,1.8690946927618413,1.9770140363480682,2.207480081098878,1.9189321381620994,1.2971533477186714,1.4519508097114109,2.496080937590772,
2018-05-15,1.7522768614718576,1.7467051141675238,1.8707924402673326,1.9795633556227488,2.209272126336481,1.9165448085800119,1.295543745918204,1.453785129059848,2.4970957906247815,
2018-05-16,1.731929399753418,1.7504357065084797,1.8721506577133784,1.9818861229516704,2.211204206866424,1.9140737726225154,1.2938971691447865,1.4555972458066169,2.4981026302072884,
2018-05-17,1.7203041024890675,1.7558622690485581,1.8741880183948068,1.9844355640235234,2.2131083243090544,1.9117005173306056,1.2922876190846644,1.4574371896267202,2.499121514495184,
2018-05-18,1.7203041024890675,1.7616283096445473,1.8769045611969792,1.9870417255718698,2.2150124777455815,1.9093412768196538,1.2906873444485933,1.4592771673191063,2.5001524430166233,
2018-05-21,1.7203041024890675,1.7785891515562424,1.8836962398696588,1.9958238424935937,2.2207251524375637,1.902277840237221,1.2859144204739659,1.464813978965096,2.5032452916427195,
2018-05-22,1.7261165850527505,1.7846957523001583,1.8860734369431364,1.9990535866258874,2.222657454759891,1.8999327735204519,1.2843604929083208,1.4666818882199895,2.5042882973713487,
2018-05-23,1.7362892357220439,1.7921598770894498,1.8889035073294425,2.002510094651755,2.2246738105511366,1.8976575511024718,1.282843585782567,1.4685720705291283,2.505339337820489,
2018-05-24,1.7435560355923085,1.8006424933580512,1.89150724080005,2.005740052276983,2.226634194053223,1.8953823807322578,1.2813082033455991,1.470451168505349,2.5063783539055917,
2018-05-25,1.7537304051250313,1.806750408910851,1.8933185711555556,2.0083467582509673,2.228398569656731,1.8930095600534713,1.2797081021687307,1.4722913822122763,2.5073892976140932,
2018-05-29,1.7988005663327256,1.8308463236144767,1.9031682384717863,2.019114293632729,2.2356804418946163,1.8836304803826476,1.2733449433145916,1.4796914911199943,2.5114492201460115,
2018-05-30,1.8031632581785084,1.8379743759333822,1.9057723329052312,2.0220047197521795,2.237585016876298,1.8813137573693295,1.2717634641933317,1.481548553004397,2.5124882967388906,
2018-05-31,1.8046175307396828,1.8515529634649086,1.9083764938851555,2.0247251967316693,2.2394896273387976,1.878997087035783,1.2701820097683614,1.4834056488727043,2.5135354074569793,
2018-06-01,1.7900757538660494,1.8620776011012419,1.9097352116854704,2.0268789567612133,2.2413942685866273,1.8765548741446425,1.2685173496319813,1.4852127336310694,2.514546419811392,
2018-06-04,1.7377425394423884,1.8868657404319533,1.914717329957516,2.0341340569497213,2.2468563062648217,1.8692425413945335,1.2635235334012451,1.4906619827737222,2.5176035884189485,
2018-06-05,1.7217572001552384,1.8936580709833173,1.9166423044963965,2.0368548514020812,2.2485089821662863,1.866814516003612,1.261868229917118,1.49248031815985,2.5186266771536125,
2018-06-06,1.7101330653072067,1.9011301657789526,1.9191335036963686,2.0398591482821526,2.2503297587273874,1.8644702692541149,1.2602591887936887,1.4943264914325738,2.51965780157406,
2018-06-07,1.7072272399506705,1.9079234603018858,1.9216247651548723,2.042693474427093,2.252206593631878,1.862153982557735,1.2586686670884806,1.4961782599633322,2.520680912771023,
2018-06-08,1.7348358687564014,1.9153966094006103,1.9243425751231724,2.0458680123058404,2.2541114770053827,1.8598656540248948,1.257096663939694,1.4980356240617443,2.521716071103275,
2018-06-11,1.8307977851441892,1.9371398090911374,1.9328362018796286,2.0562993300319965,2.259994430701906,1.8530986402453653,1.2524362791083377,1.5036412897967644,2.52484568397342,
2018-06-12,1.8613501045946723,1.94393551166403,1.9356675680836544,2.0597577741915396,2.261927475340597,1.8508384181762372,1.2508828651640158,1.5055099138402417,2.525888909493479,
2018-06-13,1.8919116074112674,1.9517511307656221,1.938725532757335,2.0633297339667678,2.2638885732638503,1.8486201005394332,1.2493479672309293,1.5073896958689437,2.526936158526194,
2018-06-14,1.9152027067242505,1.9582079601647262,1.9413305365567401,2.0662214135991785,2.265681609499315,1.8463460275692345,1.24777610878255,1.5092472651348832,2.5279673676527725,
2018-06-15,1.9108352314653132,1.9582079601647262,1.941783586312007,2.067865734951857,2.2669423536447963,1.8438069452151096,1.2460286052309977,1.5109991908808906,2.528922346293294,
2018-06-18,1.9152027031360763,1.959567340027779,1.9430294832261996,2.0729122640366526,2.270808730927687,1.8361761299073853,1.2407585397919751,1.516244024569846,2.5317752972567,
2018-06-19,1.916658569017593,1.959567340027779,1.9435958050955104,2.0746701025826653,2.272181610045676,1.8336512508758895,1.2390481396248987,1.5179960710713924,2.5327463615667734,
2018-06-20,1.919570364370382,1.960247037547136,1.9449549898592489,2.076541383844921,2.2735264900127783,1.8311543319430967,1.2373562582361997,1.5197592726875264,2.533721448193904,
2018-06-21,1.923938213981602,1.9605868881454436,1.9457478567669106,2.0790364758156654,2.274899406742259,1.8286714226492862,1.2356736499134824,1.521528067465172,2.5346885191054325,
2018-06-22,1.9326744711838595,1.9609267398766672,1.9463141942029472,2.081588337155882,2.276300360986605,1.8261885738953154,1.2339910695564393,1.5232968930607882,2.5356555991381313,
2018-06-25,2.0200779511745592,1.9571884356489377,1.9463141942029472,2.0892442928826416,2.2801390709535463,1.818489342214269,1.2288048337830704,1.528520110960141,2.538508736678158,
2018-06-26,2.0390252711884216,1.955829085920291,1.9464274620056843,2.092023262728615,2.281540095435153,1.8159370076801018,1.227085391565863,1.5302668063198688,2.5394638132427705,
2018-06-27,2.0536025372217104,1.955829085920291,1.9469938027516287,2.094859024611062,2.2830252021351027,1.8134126304480525,1.225375222398184,1.5320190948375334,2.5404269246692035,
2018-06-28,2.068181885759035,1.9551494178522644,1.947333608802393,2.097751582481422,2.2844823091104693,1.8108743691406248,1.2236650821227713,1.53377141359754,2.541414122458141,
2018-06-29,2.074014208341546,1.9534502682032606,1.9472203400240584,2.100474063632851,2.2860795439667347,1.8082943342747182,1.2219272401553738,1.5355070727064213,2.542405341858034,
2018-07-02,1.9909352355474752,1.9306844584498384,1.9506184344750377,2.106032670786062,2.289049899876394,1.7997876783986344,1.2161870423425647,1.5404304838015026,2.545138260905344,
2018-07-03,1.9690835528739736,1.925248592134876,1.9529971701988558,2.108415025818311,2.2903669729345877,1.7970963741953172,1.2143476577252121,1.5421273093077614,2.54610543499294,
2018-07-05,1.937042869215433,1.9174350378484473,1.9577548133340672,2.11669694073624,2.2935055979364405,1.7918255256898385,1.2107429285731275,1.545548865938673,2.5480478389230843,
2018-07-06,1.9268502149201172,1.9136983297864063,1.9603602848604407,2.1225400544259587,2.29524309247362,1.789232032688548,1.2089683391133033,1.54726803409162,2.5490030027679467,
2018-07-09,1.9137468640350042,1.906904662680864,1.968403690230569,2.1367805323831535,2.300483784128615,1.7815913680303774,1.2037556596610877,1.5524924838381748,2.5519167103823737,
2018-07-10,1.9224822429147803,1.9065649911065519,1.971462618517239,2.139957981631757,2.302053244529678,1.7790957262680651,1.2020551263514312,1.5542562841174057,2.552895992388726,
2018-07-11,1.92685021492367,1.907244335107916,1.9745216385681053,2.143135529729978,2.3036507555174612,1.7766001456978264,1.2003546216159622,1.556020115030976,2.5538792971200763,
2018-07-12,1.9283062475905721,1.9075840088533802,1.9774674487152755,2.1460862002371073,2.3051081567203147,1.7741046263181515,1.19865414545417,1.5577839765793744,2.5548545844542803,
2018-07-13,1.9283062475905721,1.9075840088533802,1.9803000383351588,2.149036955173589,2.3063974142590205,1.7715952275359825,1.1969444566148901,1.5595423041455003,2.5558218538930033,
2018-07-16,1.9195703623756888,1.908942714505324,1.9897047966681347,2.158059983352234,2.3105455683341436,1.7640813426661683,1.1918155633998673,1.5648063406544122,2.558723716947653,
2018-07-17,1.9079236864702365,1.9099617541669556,1.9923110860858628,2.1606705667671644,2.3120030653636325,1.7615443146886456,1.190059787013631,1.5665314002989872,2.5596789807542875,
2018-07-18,1.9050122254533175,1.9123395536564614,1.9955973720212627,2.163451480144807,2.313544671988299,1.7590352269752696,1.1883317624490353,1.5682731845114484,2.560662349714571,
2018-07-19,1.9006451868964547,1.9123395536564614,1.9987704403984674,2.166289226055129,2.3151143323351997,1.7565540781727007,1.1866222480000355,1.5700316936831715,2.561641714965912,
2018-07-20,1.9006451868964547,1.9123395536564614,2.001943607489398,2.1694675924409212,2.316543866367926,1.7540729898669394,1.184912762432222,1.5717902333009626,2.562621089569306,
2018-07-23,1.9006451868964547,1.9143777152920594,2.0124837652444105,2.1786627166526795,2.3209727470649977,1.7466997731263367,1.1798399171334406,1.5770882981173129,2.565535188103807,
2018-07-24,1.9021008460191169,1.9153968115346975,2.016110738538135,2.18178470668442,2.3224584275398863,1.7442328605840274,1.1781582647569788,1.5788580917476036,2.566502559074113,
2018-07-25,1.9064679433687726,1.9167556210737402,2.019284445083147,2.1847364928649693,2.323888064183399,1.7417241983366694,1.17644892218296,1.5806112188915478,2.5674578966438766,
2018-07-26,1.907923685669366,1.91947329524651,2.022684956380183,2.187858668476217,2.3254298519996164,1.7392574064302613,1.1747673261663039,1.5823810739022282,2.5684252857486545,
2018-07-27,1.909379447569215,1.9211718777068842,2.0258588674482603,2.190753861218231,2.3268595301594974,1.7367488668604825,1.1730580408800817,1.584139827331854,2.5693886691984025,
2018-07-30,1.9006451797163537,1.928306235129118,2.0364014964368016,2.199667031575836,2.3312888573810753,1.7293072280222033,1.167985789910686,1.5897223902179736,2.5723752137610356,
2018-07-31,1.8977339234535817,1.9300049657292595,2.039915948183091,2.202619335951428,2.3327186181856474,1.7268128675616223,1.1662950960980245,1.5916259843903102,2.573370747939596,
2018-08-01,1.8890006608711207,1.9300049657292595,2.0427502700820055,2.205287836457148,2.3344567806757643,1.7242628325243148,1.1645582390778841,1.593501781844986,2.574346219568535,
2018-08-02,1.8890006608711207,1.9330627504781095,2.0461515626112092,2.2081835245900017,2.335325877873018,1.7217825302037637,1.1628676025455809,1.5954110128984844,2.5753257160256116,
2018-08-03,1.8890006608711207,1.9351013237673076,2.0496663472914234,2.2109657320790843,2.3361108749114123,1.7192604880851947,1.161149280318452,1.5973035797708812,2.5763212780225864,
2018-08-06,1.906467944168444,1.9456346099826494,2.062592730920376,2.221527448219529,2.3387182321262356,1.7118897898598773,1.1561330515510226,1.603048297500953,2.5793080260805734,
2018-08-07,1.913746861640564,1.9486928652789004,2.067015290097407,2.2249914754320033,2.3394191465332836,1.7094237206318308,1.1544610305707526,1.60496327559434,2.5802996136844225,
2018-08-08,1.9224822453058898,1.9510715717147464,2.071211228515879,2.2283988293626322,2.3400639920275967,1.7069437794480224,1.1527798000023015,1.6068727225650115,2.581291210601866,
2018-08-09,1.9370428700141717,1.9531105068406385,2.0750671083209937,2.231351963731276,2.340652767549267,1.704449967329924,1.1510893603082994,1.6087766381012614,2.582278802348781,
2018-08-10,1.948692861075152,1.9541299892759767,2.07812923470303,2.234134801888077,2.341213508906459,1.7019144232129912,1.1493712381428933,1.6106638870561518,2.583258373750086,
2018-08-13,1.948692861075152,1.9582080215196251,2.0884504093899414,2.242256582726232,2.3430079020573036,1.6943638908368586,1.1442447560476854,1.6163425474254867,2.5862091887968397,
2018-08-14,1.9472365375879486,1.9592275549277671,2.0917397939238747,2.244869320594134,2.343708844883996,1.6918285981709857,1.1425267501426584,1.6182299369071451,2.587184783053753,
2018-08-15,1.9428676931420918,1.9595674015695952,2.0948024187878778,2.2473685229544182,2.344269602678728,1.6892655101001575,1.1407903011854792,1.6201062255797538,2.588160386054028,
2018-08-16,1.9312183645518566,1.9585478658806998,2.0972979571193484,2.2497541795797993,2.3448303627777944,1.6866328419583354,1.1390077023078593,1.62195470875226,2.5891038790033516,
2018-08-17,1.923938215178933,1.957188501006768,2.0996801184673064,2.2520262852585793,2.345222896890342,1.6839863134179067,1.1372158990748282,1.6237976574242863,2.5900473803714075,
2018-08-20,1.9457802472740093,1.9636456513963507,2.112159018535942,2.260547140457425,2.3471014763208453,1.6764371120567834,1.1320900330400674,1.629477051793593,2.593010435412646,
2018-08-21,1.9530619647428304,1.9643253757303913,2.1162433538316483,2.263558011193112,2.347746369691861,1.6739161935205749,1.1303814687603886,1.631370253782749,2.593990109560096,
2018-08-22,1.9603442023250706,1.9650051045959183,2.12010093267323,2.266568970578242,2.348307150069706,1.6713674823749303,1.1286729333458645,1.6332634910393828,2.5949657780808044,
2018-08-23,1.964713795741102,1.9656848379927094,2.1235048015922464,2.269580018615436,2.3488398943476207,1.6688188351191124,1.1269644267959844,1.6351567635641162,2.595933425837371,
2018-08-24,1.9632572445929863,1.9650051049683093,2.1262279776709914,2.2721934525690157,2.3492885229515537,1.6662145471516343,1.1252190103273163,1.6370277959181223,2.5968890364886033,
2018-08-27,1.9719968576006774,1.9633057925572572,2.1351922729324846,2.279750060872554,2.3505503012702933,1.6583881598630779,1.1199552390460665,1.6426243921613848,2.599792057581163,
2018-08-28,1.974910228399529,1.9622862186484236,2.138369679734553,2.282306934223244,2.3511110962431525,1.6557702143746633,1.1182007095063229,1.6444899927247514,2.6007637647376125,
2018-08-29,1.974910228399529,1.9694234266483868,2.141206734788792,2.2848638714927594,2.351587774581887,1.6531523363045864,1.116446210409383,1.6463556275303048,2.6017394963392615,
2018-08-30,1.9778236840328756,1.9803001224250938,2.1441573568527827,2.2874208740837787,2.352120535498292,1.6505623736362773,1.1147102092116778,1.6482324355183264,2.6027152377546825,
2018-08-31,1.9792804432630318,1.9911779783780448,2.1471080641533913,2.289977940596888,2.3527654599645675,1.647972476956161,1.1129742378182428,1.650109278159917,2.60368295780673,
2018-09-04,1.9618007154491357,2.024838689162811,2.160727795273565,2.3003773214389955,2.3549245832322097,1.6374743322891572,1.1058829234376066,1.6575445839882352,2.6074896775214684,
2018-09-05,1.960344206312481,2.0326604507739043,2.163905996480975,2.3028210480251943,2.3556536478545276,1.6348986930423193,1.1041286380662374,1.6594160279737258,2.6084694885910142,
2018-09-06,1.9588877179828934,2.0398025848649137,2.167538345511444,2.3052648329864978,2.3563827176699137,1.6323091968670322,1.1023743831334087,1.6612875064111687,2.6094493090168758,
2018-09-07,1.9588877179828934,2.0472853578207495,2.1712843412240668,2.3077655109275286,2.356971586107348,1.629733687806545,1.100629391080421,1.6631645895886171,2.6104411858090204,
2018-09-10,1.963257245390726,2.06939675740212,2.183999040076845,2.315324749622727,2.358654086232259,1.6220075522211053,1.095394595627086,1.668784906909182,2.6134289207994543,
2018-09-11,1.9719968560050427,2.0765414649378755,2.188086244388243,2.3178825129994918,2.359214925760722,1.619432304219126,1.0936497240428222,1.6706565583338273,2.6144168203253493,
2018-09-12,1.9719968560050427,2.084367192500136,2.191265297582845,2.3204403403173313,2.359803810492167,1.616857121477655,1.0919048825744238,1.6725282442143108,2.615404729362125,
2018-09-13,1.9690835660445494,2.092533807625352,2.1941038226743315,2.322941389197797,2.360532910068547,1.6142820039950045,1.09016007122138,1.6743999645512098,2.616388632096367,
2018-09-14,1.9661703593158775,2.1007010760695,2.197055972003459,2.3254993429816295,2.361262014838239,1.6117069517695537,1.08841528998318,1.6762717193451682,2.617380575967654,
2018-09-17,1.9530619607509792,2.12520679483994,2.2059129292582913,2.333628370812413,2.3640102210318092,1.603954352104786,1.0831534344096783,1.6818760473368721,2.6203564642985233,
2018-09-18,1.9457802532572677,2.131334140212804,2.2082976241862173,2.3362434371822616,2.3731243252786305,1.6013099761053917,1.0813533900347228,1.6837200821975706,2.6213645088841497,
2018-09-19,1.9443239725723593,2.1398449578345913,2.2124993626131184,2.3391996820648187,2.3748351276589474,1.5987491702095014,1.079608760796802,1.6855975795720957,2.622348468762259,
2018-09-20,1.9443239725723593,2.149037439986845,2.2170419774638184,2.341985455179585,2.3749192669331176,1.5962023447088525,1.0778826224064675,1.6874862548572178,2.6233364547014304,
2018-09-21,1.9792803506726964,2.158230749453205,2.2213576497517984,2.3448281585862096,2.37475098824651,1.5936555830507348,1.0761565134934203,1.6893749652219459,2.624228062864531,
2018-09-24,2.1236019778538395,2.1847938505080045,2.2378269975373177,2.3536410387454687,2.374218107536863,1.5859739335398304,1.0709783636130732,1.695024592238159,2.626902933832742,
2018-09-25,2.1629978569115194,2.19262787512442,2.2429387120768585,2.356199759283606,2.374246153769488,1.5833439373873714,1.0692246838697628,1.6968911545815146,2.62778252339122,
2018-09-26,2.202408955183821,2.201484453469127,2.2483914900355506,2.3588722697593267,2.37447052381492,1.5807557533274563,1.0674894933871304,1.6987688956623392,2.628662120970371,
2018-09-27,2.2432957880019755,2.2106824831132244,2.2539581682537557,2.3616017145557056,2.3742741995411043,1.5781954640867513,1.0657635619577555,1.700657815587192,2.6295497590465455,
2018-09-28,2.2462168930892146,2.2117045341453867,2.2571392515392974,2.3629664597603295,2.373320632595277,1.575301311295152,1.0638161624049403,1.702413032343908,2.6303610878395833,
2018-10-01,2.2067890528747913,2.204891061383085,2.2640698014942506,2.367117658273843,2.37118916271859,1.5662298005432174,1.0577250201998067,1.7075339741426943,2.632662563100907,
2018-10-02,2.1980293719563226,2.204891061383085,2.266796704893581,2.3695629610492652,2.370235626075723,1.5632525170038436,1.0557224058471926,1.7092558729139284,2.6334297336207735,
2018-10-03,2.190730208352809,2.2055723883417366,2.275886843306729,2.3721220620894767,2.369254052842651,1.5603031437918524,1.0537382873640588,1.7109889465710237,2.6342491252583367,
2018-10-04,2.183431566068883,2.2072757249091746,2.2849777897105294,2.3736006868092963,2.368244444340717,1.5573816800967366,1.0517542078369413,1.7127276222473675,2.6350524571839617,
2018-10-05,2.181971900167068,2.2096604444476142,2.2960016264779615,2.3751930762125673,2.367234845242794,1.5544881219142104,1.0497886227384345,1.7144830463509564,2.635863829033558,
2018-10-09,2.198029371159138,2.218177758362727,2.312028222339846,2.3820747597228964,2.3635330665414678,1.5429981670102233,1.04200048089238,1.7215161955202118,2.639097332169804,
2018-10-10,2.2024091207688556,2.2202220202646172,2.3149837612261193,2.3838379104044627,2.3626917719897778,1.5401189258386294,1.0400627660795747,1.7232773458135675,2.6398966863823814,
2018-10-11,2.2067890580770078,2.2219256033132906,2.3180530646314423,2.3856010914497627,2.3618504843524235,1.5372536754871158,1.0381250884269555,1.725038526598488,2.640688013232917,
2018-10-12,2.209709119360337,2.2229477664902353,2.3212361410137383,2.387193667951859,2.360953118739517,1.5343606899961948,1.0361689949293096,1.726788590393391,2.64147532892689,
2018-10-15,2.2140893671109385,2.224992123227487,2.329307959718774,2.3916871421324926,2.3581769440714773,1.525640507684889,1.0302732637713419,1.7320222403502727,2.643849362343209,
2018-10-16,2.2097091205597774,2.224651394405619,2.331581825697615,2.392995405380849,2.3575880696675044,1.5226922275246135,1.0282804191842132,1.7337501278191336,2.64462866753461,
2018-10-17,2.2082490792889375,2.2280587313997513,2.334083138004228,2.3944743323977002,2.3572235301674294,1.5197996577089423,1.026315290680735,1.7354947672715948,2.6454360981157166,
2018-10-18,2.2082490792889375,2.2307846835140754,2.3372667122040225,2.3961239293621706,2.35657857796423,1.5168932639194388,1.0243502004015248,1.73723943664299,2.6462837050448496,
2018-10-19,2.2082490792889375,2.2331699509144265,2.3399955696646213,2.397716668671057,2.3557093002754437,1.513973048144357,1.022375923109875,1.73897856152887,2.6471313187409917,
2018-10-22,2.2082490792889375,2.2375998816302145,2.347727729037241,2.4030070141451754,2.3530454305008996,1.5051990000334081,1.0164164217865146,1.7441793919215742,2.6495295851346246,
2018-10-23,2.2082490792889375,2.2375998816302145,2.3504568661919523,2.4048274115239243,2.352176182579724,1.5022652154611071,1.0144330739466412,1.7459186359174428,2.650325002769738,
2018-10-24,2.2097091205597774,2.2379406538914237,2.3532997951690726,2.406704730471554,2.3513349818276907,1.4993454188739097,1.0124774391253366,1.7476634845265293,2.6511525643531764,
2018-10-25,2.215549490210056,2.239644530835072,2.3559153595711813,2.40829763479784,2.350437708645803,1.4964257070769538,1.0105126180099067,1.7494027880804675,2.6519680807073343,
2018-10-26,2.2199299858537858,2.2410076526488076,2.358303541963891,2.4098336729391656,2.349456324975452,1.4934921768810838,1.0085386111404304,1.7511365462953954,2.6527916378290994,
2018-10-29,2.2462168914882064,2.2427115806135545,2.3655821554544154,2.4142712464700233,2.346456152970089,1.484719898971254,1.002607598020755,1.7563491479559712,2.6552623488380833,
2018-10-30,2.2549806978911846,2.2430523698192317,2.3680842988382356,2.4158642684911413,2.3454187303072027,1.4818006078893387,1.0006429688862895,1.758094174960667,2.6561020021477866,
2018-10-31,2.2608236544064297,2.245097127507978,2.3704727658125924,2.417457315291194,2.3444093563261603,1.4788953019684525,0.9986783779663666,1.7598392318909584,2.656957731974696,
2018-11-01,2.2549806978911846,2.247141923849494,2.372520066171946,2.4189365940059604,2.3431196148171907,1.475934479307317,0.9966769337138137,1.7615620161851808,2.6577813284506036,
2018-11-02,2.253520011527277,2.2491867610846983,2.3744536654823234,2.422008998592773,2.3413252144614427,1.4729737430333012,0.9946755291229792,1.7633071306734527,2.6585125292601486,
2018-11-05,2.231612225775237,2.250209194244235,2.3832121714448373,2.4261056943982284,2.3356338107992425,1.4640086649459816,0.9885885540416028,1.7684478652463476,2.6608869521829837,
2018-11-06,2.2257709415366422,2.251231638281115,2.385828495935449,2.427186795392222,2.3337834717977124,1.4610343795175451,0.9865688658242,1.7701652187057881,2.6616462980316946,
2018-11-07,2.222850423777545,2.2553215138661376,2.3878761033930163,2.428381710094052,2.3319612001863943,1.458101874640061,0.9845676615402921,1.7718937535480261,2.6623614557536257,
2018-11-08,2.2257709431361627,2.2594115575216733,2.3903787917124886,2.42974734490069,2.3302230624657305,1.4552111451233474,0.9826033833055359,1.7736446229542624,2.6630565307871557,
2018-11-09,2.235993402594394,2.2624791963615998,2.392312728866197,2.4310560944459825,2.3284008537558964,1.452278807750118,0.9806114790173792,1.7753787932876186,2.6637435745194393,
2018-11-13,2.2681278025518337,2.266228658440661,2.400162615378809,2.4358360200254614,2.3212525014217666,1.4406058862803883,0.972681137527398,1.78233807722743,2.666531974448616,
2018-11-14,2.2681278025518337,2.266569525845319,2.4024380564466874,2.4369741305875214,2.3194865150133914,1.4376739702364638,0.9706986494686598,1.7840779725654565,2.6672351130442085,
2018-11-15,2.265206073086623,2.266910394385979,2.4045997725909096,2.437998441185396,2.3177485901310746,1.4347421389330872,0.9687162003339411,1.7858178976457362,2.6679503100905944,
2018-11-16,2.2505986937933598,2.2645243410725824,2.405737535168395,2.4386244130434553,2.315814485014145,1.4316992411016694,0.966660029025812,1.7875132360132273,2.6686414031578343,
2018-11-19,2.237453841793058,2.266569521362971,2.4110851872249928,2.441754328121659,2.3100964726474604,1.4226683446387334,0.9605470837269703,1.7926328845266903,2.6706785495327123,
2018-11-20,2.231612223776902,2.268614746009523,2.413247083541248,2.4427786853962408,2.3082185669453636,1.419653591826786,0.9585279563157911,1.7943506461109093,2.671385733766374,
2018-11-21,2.2301518704254786,2.275773347519383,2.4158641784189028,2.444030692216903,2.306452805492709,1.4166806033517165,0.9565457461392812,1.7960907467951204,2.672084887561499,
2018-11-23,2.2403747787719475,2.2907739531604854,2.420757191047218,2.446364020239722,2.3030895341928037,1.4107626683219188,0.9526183179906278,1.799582193804894,2.6734751739999174,
2018-11-26,2.262284424292349,2.3088457716418764,2.4264470305362273,2.448754312665624,2.2975684068213154,1.4017058472594934,0.9465891874982368,1.8047414962787833,2.6755244724981475,
2018-11-27,2.2666669215834823,2.317030286458621,2.4287230556718775,2.449721828233775,2.295718754056608,1.398761165325202,0.9446072117263782,1.8064817745870432,2.676231690884956,
2018-11-28,2.2783544944466882,2.3255565201302897,2.4308853272850595,2.4507462665819713,2.2939251833146157,1.3958304579073655,0.9426344928191499,1.8082276608414993,2.676963023711987,
2018-11-29,2.2900434030265426,2.334765648013204,2.43304764454384,2.4517707151738843,2.292131644019646,1.3928998351951938,0.9406618124639277,1.8099735770362946,2.677710434760505,
2018-11-30,2.3046563933157183,2.342269989493717,2.4345271502633548,2.4527382581684742,2.2904782562365833,1.3898998562395182,0.9386430827417191,1.8116916312465703,2.678437758839225,
2018-12-03,2.313425189510565,2.397545785814037,2.4402177427808702,2.455299442969472,2.285125949307565,1.3807476965967291,0.9324765316639505,1.8168180712257342,2.68065592483433,
2018-12-04,2.31196366868216,2.428950200491875,2.4419249861566295,2.4567792678560574,2.283220479815795,1.3777619637078242,0.9304671824700517,1.818580867659958,2.6814154171151294,
2018-12-06,2.2900433657970787,2.4497781408375774,2.444428993203429,2.4587713733921435,2.2791574668330705,1.3716935627583693,0.9263748724408272,1.8220507635649197,2.6827897526328526,
2018-12-07,2.2710495910789996,2.4535344550921545,2.4448842733512555,2.459055963045853,2.276943895473038,1.3685692449005638,0.9242642659079037,1.8237188098163548,2.683424685697622,
2018-12-10,2.2316122289732565,2.4665118839972022,2.447843644971681,2.460706599373852,2.2706676973121453,1.3593218220457004,0.9180432991579002,1.828773327630917,2.685389789033743,
2018-12-11,2.2447563227093514,2.4743674484934752,2.449778666984326,2.4616742272880243,2.2687905142981357,1.3563506037479023,0.916043452813553,1.830502857913796,2.6860850192186536,
2018-12-12,2.263745224647784,2.482565206978493,2.4519413830818237,2.462812625236621,2.266969398528551,1.3534211221137626,0.9140712921160921,1.832249156107446,2.686784273302001,
2018-12-13,2.2783544740319073,2.489738784598994,2.4541041442415867,2.463894114854992,2.2650922823685082,1.3504778423566233,0.9120899547975236,1.8339899046392105,2.687467457364723,
2018-12-14,2.3075791862209982,2.4965712291877384,2.456266950464836,2.464861773136895,2.2632152011772932,1.34752076568736,0.9100994414024344,1.8357195239978585,2.6880501786104904,
2018-12-17,2.3909154488350293,2.518438107902754,2.464349414582223,2.4673663436699522,2.2578082810806643,1.3386639353120788,0.9041281367939247,1.840914137849592,2.6898104184892357,
2018-12-18,2.4055428214874386,2.522538661182594,2.4660570563879602,2.4675940346466474,2.2556511980802663,1.335582277539893,0.9020456381237496,1.842593653699609,2.6903891326542917,
2018-12-19,2.418709241705619,2.5256141841979662,2.4670816556931374,2.467764803187844,2.2534381342408594,1.332486833196178,0.899953968409295,1.8442676170934202,2.6909397182852457,
2018-12-20,2.4391937018445553,2.529715025631374,2.468447804224283,2.4683909565973883,2.251281142835837,1.3294192431314356,0.8978807697232805,1.8459527684951516,2.6914983448326657,
2018-12-21,2.443583755405365,2.530056769306155,2.4691308838231008,2.4682771103786694,2.2488160692309522,1.3261990723522743,0.8957062637064084,1.8475709842651566,2.6920007088804043,
2018-12-24,2.469928024326551,2.531765505048633,2.4695862730016227,2.467650958117096,2.2414772233239733,1.3165530503055134,0.8892014522756231,1.8524481077525135,2.693519872921346,
2018-12-26,2.6427958966782406,2.5314237555843055,2.469358578065739,2.467195577165038,2.2364915905719096,1.3100581165661485,0.8848528612073858,1.855695932055057,2.694532661155402,
2018-12-27,2.7469498546170312,2.5300567696806997,2.4689031898992075,2.4669109652927013,2.2339148430376765,1.3067830532855762,0.8826509987120978,1.857303140487776,2.695022982723261,
2018-12-28,2.7851174078281637,2.5286898020022264,2.468447803756413,2.466740198595563,2.231366167866744,1.3035080958783807,0.8804491842735906,1.8589271157658738,2.6955133066322023,
2018-12-31,2.780712722013612,2.522196955859113,2.472432485359932,2.466569432026988,2.223580501278777,1.2936422368173606,0.8737887596738547,1.8638326788214865,2.6970807486487614,
2019-01-02,2.6090783108683846,2.4870063453057423,2.4623003695520174,2.4608774317980586,2.215459456554214,1.2855394114202445,0.8683539244525917,1.8664892405274802,2.697675574813929,
2019-01-03,2.50652838290637,2.4637803776570655,2.454445831233798,2.456722475273665,2.2109511637157686,1.2812662727710977,0.8654984562780799,1.8677338274752708,2.6979649498458214,
2019-01-04,2.4670005520230687,2.4559256785467776,2.45182776982078,2.4556410705346865,2.2077310568787922,1.2776175765319309,0.8630575405883745,1.8692407556972546,2.6984351889101754,
2019-01-07,2.449437455221304,2.4531937378053925,2.452169253514236,2.4576900628959564,2.2001711788472544,1.2678097252748266,0.8564258942715508,1.8740798408950488,2.7000026759528506,
2019-01-08,2.44797399871004,2.452169278211702,2.4527383958445004,2.4587145747470895,2.197791331996002,1.2646053842253258,0.8542522816716414,1.8756985035720763,2.700521158340874,
2019-01-09,2.45382794457516,2.4508033482089298,2.4531937119227853,2.45968217854724,2.195355546136901,1.2613872740622423,0.8520695062907091,1.8773116100185394,2.7010195471844467,
2019-01-10,2.450900929832467,2.448071543584307,2.4531937119227853,2.4598529332946706,2.192835829789308,1.2581137850670165,0.8498591498922847,1.8789079959050659,2.701501861139266,
2019-01-11,2.4479739971071224,2.446022737357678,2.453421370720621,2.459966770029043,2.1903721665337272,1.2548681410958995,0.847667260370133,1.8805155710475585,2.701988196870353,
2019-01-14,2.452364428151821,2.44363251488382,2.4544458419923254,2.4599667696392213,2.183121499956786,1.2452011738881552,0.8411471293778394,1.8853719430092397,2.70347133451192,
2019-01-15,2.4552914871131204,2.442949604326783,2.454901165908163,2.4597390959227194,2.18074204947476,1.2419836786128347,0.8389830544913934,1.8869963675860024,2.7039697379452887,
2019-01-16,2.447974001515174,2.4405594555186205,2.4550149970628876,2.459169914312631,2.1782226941259752,1.2386830812156857,0.8367637766883984,1.8885873226687222,2.70444804628176,
2019-01-17,2.4435837586134657,2.4405594555186205,2.4554703231339126,2.4593406682999364,2.1757593831636335,1.2354241922253317,0.8345721717835097,1.8901950505439524,2.704934395964309,
2019-01-18,2.4435837586134657,2.441242349580919,2.4564948140520126,2.4596821771750266,2.173324121747644,1.2321931411440001,0.832399030165254,1.8918195515736258,2.705436825740848,
2019-01-22,2.4304141562899284,2.440218009493056,2.4601375308953344,2.460080605517767,2.163471703868125,1.2191729122385642,0.8236608962641334,1.8982787343386764,2.707414413217313,
2019-01-23,2.428950971520205,2.439535121884684,2.4607067174909014,2.460080605517767,2.161036735317201,1.215886919152509,0.8214879898007954,1.899897781508475,2.707908816171578,
2019-01-24,2.427487807250772,2.439535121884684,2.4613897456729816,2.460080605517767,2.1586298116192504,1.2126287612963527,0.8193243368041614,1.9015224376801143,2.708403221641187,
2019-01-25,2.452364374426619,2.439193679834295,2.461731261518163,2.460023687016921,2.1561669716523957,1.2093568449379477,0.817151523800419,1.9031415363886195,2.708897629355289,
2019-01-28,2.4831026436255454,2.4378279224526844,2.4636665392891333,2.4602513611943433,2.14886276039421,1.1995694536545587,0.8106425704040632,1.908026904143445,2.710404984635839,
2019-01-29,2.4845666023462387,2.437145050403089,2.464463429072805,2.4603651984961505,2.1464561228569323,1.1962979576739308,0.808479149559993,1.909662856925154,2.710915480638798,
2019-01-30,2.4845666023462387,2.4432910442095723,2.4653741674688145,2.460422117186689,2.1440215591891576,1.1930265683476993,0.806315775736155,1.9112932521549997,2.711421959426219,
2019-01-31,2.483102643225865,2.4429495894533915,2.4695864222700425,2.4604790359244566,2.141754949866792,1.1897968686682692,0.8041616535938934,1.9129236739152455,2.7119244212150395,
2019-02-01,2.4538279281347553,2.436120751098314,2.469131034837413,2.459397587980705,2.1390127075416876,1.1863039280420207,0.8018326819488442,1.9144480262146768,2.7123545292805584,
2019-02-04,2.4099314621904178,2.4269025275009515,2.4685618013499333,2.4566655459618225,2.1316817567616164,1.1763108886287732,0.7951498345938557,1.919222250667807,2.713813695960776,
2019-02-05,2.4099314621904178,2.4262197284693476,2.4689033411940287,2.4554703003225153,2.1294434013273023,1.173081723335434,0.7929867468202678,1.9208527988329838,2.714332248215978,
2019-02-06,2.4084685696072583,2.4255369339895028,2.46913103508708,2.454275068626788,2.127177116119894,1.1698249433863106,0.7908237054670364,1.9224833730843827,2.7148508030891083,
2019-02-07,2.4084685696072583,2.4258783307072207,2.4698141198019163,2.452852190371857,2.1249668364087704,1.166554408065612,0.7886791182173614,1.924119558387316,2.7153613213287464,
2019-02-08,2.4099314625898094,2.426219728562695,2.470383360620665,2.4513155036309353,2.1227286269147827,1.1632839784720739,0.7865345765993625,1.9257557699563277,2.715871842105755,
2019-02-11,2.436267099173972,2.4279267351905665,2.4715218523065907,2.446705580420594,2.1160982182934385,1.1535564611511173,0.780119631066678,1.930681316900773,2.717403420080955,
2019-02-12,2.440657028519011,2.4279267351905665,2.4715218523065907,2.4450551654230157,2.113804254046192,1.1503141659093608,0.7779568658448088,1.9323064638742782,2.717897871254804,
2019-02-13,2.4421203809098957,2.4289509520928787,2.4714080025626473,2.4434616862978986,2.1115103407027602,1.1470858294486908,0.7758033497018424,1.9339372218131423,2.7184043846119055,
2019-02-14,2.4435837546039396,2.4316822461135867,2.4715218523065907,2.441982049303637,2.1092444521942477,1.14385759513993,0.7736590820493605,1.9355735909873717,2.718914920513704,
2019-02-15,2.4435837546039396,2.434072187798164,2.4725465042915173,2.440673158365847,2.106978614587285,1.1406156098896947,0.7715056577453971,1.9372044011951806,2.719421438885994,
2019-02-19,2.4230984398462496,2.4354378922063935,2.4722049523978384,2.434128956396786,2.097524186363753,1.1274547793580947,0.762745197061454,1.9436217781299447,2.721399295093563,
2019-02-20,2.420172299008927,2.4368036166003026,2.472091101925966,2.4325925513267954,2.0952586094540093,1.1241717629226766,0.7605828046990393,1.9452415461925998,2.7219259256847206,
2019-02-21,2.4172462409681517,2.437145050777878,2.471977251549573,2.430999266051148,2.0930490211420683,1.1208888521681892,0.758429659821025,1.9468669257545423,2.7224646192380186,
2019-02-22,2.445047087864416,2.4374864860935874,2.4717495511449084,2.429519809462599,2.0907835429170296,1.117606047990649,0.7562765609533617,1.9484923312309776,2.722979195245445,
2019-02-25,2.436267035035633,2.4374864860935874,2.470724905725419,2.4243418780169668,2.08390351076011,1.1077167264823773,0.7497899395279672,1.9533575304678363,2.724498817563581,
2019-02-26,2.436267035035633,2.4381693602319343,2.470611056835592,2.4227487206397225,2.0816941675947165,1.1044481989452626,0.7476462253785288,1.9549942114007957,2.7250134039020546,
2019-02-27,2.436267035035633,2.43987656479292,2.4704972080722643,2.4211555880432334,2.0794569064809476,1.1011936265385769,0.7455025568421592,1.9566309186077602,2.7255320129833116,
2019-02-28,2.4377303255179728,2.449437408633015,2.470952603697296,2.4196193762977325,2.0772476589456135,1.0979253089795415,0.7433681336264986,1.9582732384802348,2.726054645010323,
2019-03-01,2.4084685712131515,2.4518277521396348,2.4689033449366127,2.4171728731326114,2.07450714847468,1.0943662969665091,0.7410405665502884,1.9597982690912064,2.7264928526525845,
2019-03-04,2.412857312851191,2.4665125688817735,2.4716357034556324,2.4129627361159978,2.0679357976679302,1.0845761732262371,0.7346101194254828,1.9647142871955792,2.728060770946339,
2019-03-05,2.412857312851191,2.469586406145252,2.4728880586643465,2.411711107616843,2.0658666100563217,1.0813360872481859,0.7324667282662345,1.9663511504411924,2.7285954765399634,
2019-03-06,2.4143202685258602,2.472318783720584,2.4731157615365262,2.4104594944142965,2.0626510458492398,1.0780684125228035,0.7303233827132161,1.9679880399637417,2.7291261646153364,
2019-03-07,2.4172462421699903,2.475051234155612,2.4732296131778853,2.4092078965082253,2.0591280169311776,1.0748008434321443,0.7281800827654505,1.9696249557636714,2.729644794459918,
2019-03-08,2.4230984386419685,2.477783757452001,2.4734573168090135,2.4080132038488467,2.05554919045845,1.0715333799727667,0.7260368284219609,1.971261897841381,2.730159406576571,
2019-03-11,2.453827935753816,2.484615383820077,2.4735711687987383,2.4045998742622254,2.0447016404453677,1.0616900938520413,0.7195797464013554,1.9761561196356636,2.7316791355308068,
2019-03-12,2.4582186200775347,2.4870065611983128,2.4736850209460703,2.4032914605942812,2.0411512754805905,1.058423054226254,0.7174366750524408,1.9777931665596604,2.7321897374114057,
2019-03-13,2.462609491363432,2.488714579197837,2.4736850209460703,2.4019261773861267,2.0376848989616336,1.0551284347844803,0.715284452160625,1.979424652214834,2.7326923007956916,
2019-03-14,2.4728555810685338,2.490081013905243,2.4734573168090135,2.4003333695461926,2.0343304559146347,1.0518200809432887,0.713123078317035,1.9810505763349529,2.7331908460337173,
2019-03-15,2.4757832238560207,2.4907642379035977,2.472888058757805,2.3987405873541867,2.030640691887986,1.0484841527191424,0.7109433573769808,1.9826653509329883,2.7336853729325927,
2019-03-18,2.44943744960624,2.4907642376223116,2.469131035959915,2.3940192766825463,2.0168890473067913,1.0383109493788734,0.7042941240515743,1.9874427723636678,2.7351207197976013,
2019-03-19,2.447973993095065,2.493838799871595,2.4684479552371963,2.392824762193424,2.011662773684897,1.034989306611811,0.7023537028123306,1.9890632362481009,2.7356393794795597,
2019-03-20,2.445047143188739,2.4965718211481525,2.4683341090020017,2.391573381179568,2.005179174580096,1.0316539340061048,0.7004041231861713,1.9906781377191374,2.7361339181649402,
2019-03-21,2.434803834003074,2.497596722213502,2.4674233440478144,2.3913458598746162,1.9984444938363044,1.028249478688048,0.698408603364431,1.9922651235421363,2.7365962937592414,
2019-03-22,2.4333405877320136,2.499646555931312,2.4665125864402393,2.4073298504666774,1.991738195112558,1.024886652365553,0.6964407092934222,1.9938688990452258,2.7370707336836553,
2019-03-25,2.543141811247618,2.507162969997645,2.4653741502842497,2.4025512271949934,1.9719012969304117,1.0149648858452487,0.6905924238547856,1.9987474400684935,2.7385423163281297,
2019-03-26,2.5519310149327845,2.508529650668878,2.465032621922636,2.399479375997582,1.96522467171949,1.0116578468826853,0.6886338756166177,2.000373672264333,2.7390328485604076,
2019-03-27,2.5607209719617607,2.5102380268976265,2.464918779419545,2.3964076169489035,1.958548483661593,1.0083509161863402,0.6866845605358218,2.0019999303882763,2.7395274038519046,
2019-03-28,2.570976872649844,2.512288115673744,2.4650326218914387,2.3932790677663407,1.9518727327280772,1.0050440937526606,0.6847352831934161,2.0036262144407013,2.7400259822595974,
2019-03-29,2.575372571400414,2.513313175015397,2.4650326218914387,2.390605661153078,1.9451136338951125,1.0016958747694371,0.6827584610925141,2.0052413460604157,2.740516521172598,
2019-04-01,2.4918867501557918,2.5047713389069415,2.4589991704019543,2.377694684151699,1.9229961463429257,0.9907388762001368,0.6762122583708452,2.0097459513042537,2.7416986459209536,
2019-04-02,2.4918867501557918,2.5075046487069264,2.4594545138050705,2.3740548664519023,1.9161552008132743,0.9873496325417674,0.6742172173982874,2.011355589651753,2.7421690883286054,
2019-04-03,2.4904226892754844,2.508871331687068,2.458999169902931,2.370415178157903,1.9093147144394251,0.9839605026262133,0.6722314096966331,2.0129652533981357,2.7426596370708545,
2019-04-04,2.4874946306568946,2.5075046475837803,2.459454513181303,2.369732756056697,1.9024467705935244,0.9805576544297923,0.670236448156758,2.0145749421028647,2.74313410460596,
2019-04-05,2.4845666548877654,2.5064796463234673,2.460592879606849,2.366434425011543,1.895607204312566,0.9771687524526618,0.6682507189761377,2.016184656648279,2.743616616210831,
2019-04-08,2.475783229467754,2.503404703943213,2.4646911022466744,2.3558008680813813,1.8750912597258695,0.9670027288942062,0.6622937664432449,2.0209804164341483,2.745064164621591,
2019-04-09,2.477247080824152,2.5023797436794615,2.4661710560929917,2.352161828768917,1.8682535295129865,0.9636142818196358,0.6603081939327016,2.0225790531283927,2.745542664341194,
2019-04-10,2.4801748466702467,2.5010131453753193,2.4665125875006133,2.348579775316706,1.8614441636043644,0.9602397776999005,0.6583318525108073,2.0241833048628477,2.746013124479041,
2019-04-11,2.487494624235631,2.4993049228828834,2.4665125875006133,2.3450547027319857,1.854635252866621,0.9568653863661236,0.6563555498919404,2.0257819921833065,2.746471523796834,
2019-04-12,2.496279048649863,2.4979383651992704,2.4667402758318246,2.341700311375261,1.8478546989183275,0.9535049361345305,0.6543884776408326,2.0273862947218113,2.746925904273012,
2019-04-15,2.5226368397409216,2.4928139353540546,2.4645772543848254,2.3316377969379243,1.8275436432203307,0.9434242565605322,0.6484691083978866,2.032199353699826,2.7483373105369635,
2019-04-16,2.521172340008926,2.493155555472182,2.4633250000591245,2.328113309797142,1.8208206904946733,0.940022774310667,0.646465426357179,2.0337869855973745,2.7488037621342,
2019-04-17,2.519707861196596,2.4917890808970444,2.4632111596716966,2.3245889440460354,1.8140144989551743,0.936621406680227,0.6444617842052303,2.0353746421986507,2.7492822791385985,
2019-04-18,2.5109214288207227,2.489056187149763,2.4628696394550786,2.320894176324373,1.8071250909471814,0.9331786770921946,0.6424306105459188,2.0369511416996167,2.7497728613055994,
2019-04-22,2.4860306321162318,2.4757343698459833,2.460023680171841,2.308844495000595,1.7795442356363766,0.9194089329405797,0.6342787549989515,2.0432294303005305,2.751630662558302,
2019-04-23,2.4889586481059434,2.4726603473162356,2.459454497370639,2.3055481257622468,1.7727129184216706,0.9160220831111898,0.6322569747204021,2.044822824946624,2.752101150443509,
2019-04-24,2.532888759145613,2.469586416999414,2.4587714820893725,2.3022518627322075,1.7658820597165281,0.9126353469443016,0.6302444249697281,2.046416244473437,2.7525716404830147,
2019-04-25,2.547536361667868,2.4671956454046073,2.4583161409732712,2.2989557041011466,1.7591074141475094,0.909276368953793,0.6282502938219192,2.0480208714748427,2.7530541966736877,
2019-04-26,2.554860950616078,2.4644634036866675,2.4578608020055626,2.295659652574633,1.7523610987647986,0.905903680968656,0.6262470131941811,2.049619932322577,,
2019-04-29,2.5416770563311264,2.4566086165723755,2.456267131834755,2.2853743809730487,1.7320412262704865,0.8957448321250672,0.6202190342533997,2.0544060814770893,,
2019-04-30,2.5328887362734864,2.4538766593981354,2.4554703062323213,2.2817378475145533,1.7251573613432436,0.8923311365936826,0.6181975375475268,2.055994058478672,,
2019-05-01,2.4860306076496252,2.441583800705005,2.451372459033574,2.276510577223112,1.7174937166560156,0.8885306138874283,0.6159188168772367,2.0574254900524114,,
2019-05-02,2.469928021518464,2.4398765728369076,2.449665065695017,2.2724198429384,1.7105272498213253,0.8850342489025387,0.6138422794676357,2.0589799627007466,,
2019-05-03,2.4567550493575174,2.439535130490156,2.450234192710732,2.268499706763194,1.7036448444434082,0.8815932788407421,0.6118025355400292,2.060568010002317,,
2019-05-06,2.44358375620799,2.439193685820573,2.4420390204397346,2.256399335719994,1.6836411270827245,0.8715612312744536,0.6059316075113674,2.065405002864562,,
2019-05-07,2.4377303892564983,2.4385108052278115,2.439421255983354,2.2516277432125698,1.6770390927663303,0.8682312537653392,0.6044340802285664,2.0670211131361027,,
2019-05-08,2.4304141538847635,2.4371450580729093,2.4358930686668057,2.246742773370003,1.6703817809967214,0.864873753809503,0.6029090142128046,2.0686260641384013,,
2019-05-09,2.4377303812379125,2.4357793287524743,2.432251194819224,2.2418012369826767,1.663752756336212,0.8615301813367449,0.6013931580441279,2.07023663289414,,
2019-05-10,2.4406570213039602,2.435096470733167,2.4287232515522117,2.237087120274839,1.6572077139957786,0.858214350251929,0.599895697906283,2.071858412278371,,
2019-05-13,2.4494374455976686,2.433730768070408,2.4185953144437056,2.2228324942567657,1.6376586473212607,0.8483089528038334,0.5954310098027271,2.076740683673317,,
2019-05-14,2.450900923815391,2.433389345086101,2.4155229916381415,2.218176033717767,1.631198811878698,0.8450349968053716,0.5939703830552423,2.0783793453046817,,
2019-05-15,2.4494374455976686,2.4320236643417648,2.4124507618369595,2.2134630037274006,1.6246558617538431,0.8417473340567971,0.592500591585865,2.0800124401818554,,
2019-05-16,2.433340582519672,2.4275853331404473,2.408809726414396,2.2082391826603986,1.617807103712754,0.8383354654708297,0.5909481495814273,2.0815952229231716,,
2019-05-17,2.424561535400316,2.4248541461174167,2.4053963695309655,2.203356284325464,1.611181506981052,0.8349927727165252,0.5894416596880614,2.0832059963228122,,
2019-05-20,2.402617206242441,2.421098883199102,2.3960671084418017,2.189049599848758,1.5913629696241216,0.8250067914540749,0.5849682523452859,2.08805524950626,,
2019-05-21,2.3996916497362353,2.420074743970213,2.393109225707324,2.184508212830205,1.5848225841047503,0.8217197816477562,0.5834985924071834,2.089688499182807,,
2019-05-22,2.4040800140362473,2.4193919900802108,2.3900376674259594,2.180023790590613,1.5782269585722597,0.8184466888444764,0.5820289535398704,2.091327368668483,,
2019-05-23,2.4084685676043716,2.4193919900802108,2.387307471124034,2.175426040492745,1.5716874151576077,0.8151875116995999,0.5805685209876232,2.0929718582346046,,
2019-05-24,2.4128573092434324,2.4193919900802108,2.384236086040681,2.170885256431343,1.5652039448602828,0.8119284399147553,0.5791081096405915,2.0946163742902257,,
2019-05-28,2.4699280038730675,2.423488579074573,2.3718377270036894,2.1528943854042915,1.5393298397987865,0.7988932063076604,0.5732666762984007,2.1012058909595455,,
2019-05-29,2.467000525956542,2.42382996868431,2.3683118644806322,2.148184367971573,1.5327928077199848,0.7955794344185252,0.5717696348255696,2.1028337562710053,,
2019-05-30,2.467000525956542,2.4272439240930366,2.365468516975633,2.143417822489879,1.526284010074619,0.792279577720878,0.5702817995314025,2.1044672419331167,,
2019-05-31,2.467000525956542,2.4306579932943606,2.3622840602214756,2.1385380169213652,1.5197756296781773,0.7889798290542815,0.5687939862479174,2.106100753728457,,
2019-06-03,2.423098440245708,2.42929235092999,2.3505706795893255,2.123105775561296,1.4995022209937758,0.7787085123148962,0.5641102797427466,2.110872765014249,,
2019-06-04,2.4216353595770235,2.434755021029855,2.3478415379043938,2.1188509708504277,1.4930233637083568,0.775409207939326,0.5626317413633508,2.112517568066341,,
2019-06-05,2.42017229940954,2.4405594280179743,2.3452261783847295,2.114653070034489,1.4865449182028145,0.7721238150705911,0.5611532243170236,2.1141679925425594,,
2019-06-06,2.415783244297298,2.447047092083854,2.3426108864134987,2.1102851666548794,1.4800668880004197,0.7688247262655601,0.5596655460795574,2.11581844324209,,
2019-06-07,2.4084685684043317,2.4535351670200267,2.3404504794192205,2.105463666808549,1.4735892712999021,0.7655257454664666,0.5581778898504419,2.1174577312996767,,
2019-06-10,2.3909154752795425,2.465487969840763,2.332946256592061,2.0911139589568917,1.4542422834885826,0.7556708547842073,0.5537150519849376,2.1223925395090326,,
2019-06-11,2.3938407794495964,2.467878700282422,2.3302175841087402,2.0863500752493103,1.447821901160884,0.7523861054082204,0.552209118058955,2.12403752857242,,
2019-06-12,2.39530346347534,2.468903316960791,2.3272616027387283,2.0816431221417853,1.4414019233788267,0.7491152634647502,0.5507123887995347,2.125688139695625,,
2019-06-13,2.3938407786485483,2.468561776649203,2.32464676767854,2.0770497988360503,1.435037930837968,0.7458583276100939,0.5492248637988029,2.12733877794955,,
2019-06-14,2.395303463877041,2.468903317054716,2.32237305206342,2.0725133842333987,1.4287299113240781,0.7426290959750226,0.5477557245020304,2.129000634377465,,
2019-06-17,2.404080012835741,2.477100616990846,2.3172573801572893,2.058678562277283,1.4098359898232715,0.7329420221006799,0.5432290713147214,2.1339695792145674,,
2019-06-18,2.4011544161397502,2.479150042494438,2.314870156090909,2.053746112241228,1.4033906395163331,0.7296304183621594,0.5423476469002653,2.1355923712424563,,
2019-06-19,2.404080012835741,2.4815410917005343,2.3153248598347442,2.0489272807671766,1.3970012551918876,0.7264017104223752,0.5414845927453227,2.137226381438828,,
2019-06-20,2.4143202609120396,2.483249020017686,2.348181297331431,2.0447322509258736,1.3906956028217454,0.7232144963731812,0.5406490895861538,2.1388883983064044,,
2019-06-21,2.4230984326312432,2.4849569767989577,2.350341858644711,2.0400839006728955,1.384390342585995,0.7200273831747372,0.539813593370031,2.140550442218969,,
2019-06-24,2.4801748210060204,2.4883729755677875,2.3339680685557695,2.02580005192865,1.3653658345106345,0.710425263479042,0.5372796037001581,2.1455031576779415,,
2019-06-25,2.484566633230001,2.489056188741645,2.3279422631261815,2.020925864103029,1.3589233070833595,0.7071971711261282,0.5364074120052242,2.147137326431414,,
2019-06-26,2.4992073446023166,2.4893977968958536,2.3215757607587095,2.0159385654840545,1.3524534249220066,0.7039415939331661,0.5355352283546999,2.148760327679766,,
2019-06-27,2.518243378027507,2.4887145818192735,2.3162327615157796,2.010781502440828,1.3459561933400144,0.7006585345875616,0.5346446909941349,2.1503721608959747,,
2019-06-28,2.538747678278086,2.4883729759424655,2.3115720776840654,2.005681366137546,1.3394593764853635,0.6973893755188865,0.5337633420771537,2.152000809650789,,
2019-07-01,2.5783032081250434,2.4781253387966995,2.2887263994481266,1.9890793742569635,1.319305258275616,0.6872515302657867,0.5310367226456059,2.1567637711802368,,
2019-07-02,2.5870954207567465,2.4825658514518567,2.28190777435211,1.9840369783898693,1.3128656636350655,0.6839828064438169,0.5301921272204524,2.1583925218405797,,
2019-07-03,2.5783032153507746,2.471635664438976,2.280089566534649,1.9784849725550169,1.3062044538280526,0.6805900702889556,0.5292832783954093,2.1599709215992524,,
2019-07-05,2.541677151434829,2.4463640889802907,2.2642951519655563,1.9669853607528154,1.2926058529907802,0.6736670412992973,0.5273738059077049,2.163122192789735,,
2019-07-08,2.4406570020630847,2.400617895000412,2.238279454081016,1.949256980995595,1.2719339342007752,0.6631592937993425,0.5244637678772257,2.1677177387873448,,
2019-07-09,2.4377303660068517,2.387648785139729,2.230782696728495,1.9439900295466384,1.2653308978382238,0.6598086235405365,0.5236008693648486,2.169307478929894,,
2019-07-10,2.440657002864488,2.3753637684281736,2.2237407871235737,1.9388932367420786,1.2588115127665445,0.6564994276948344,0.5227563371049238,2.1709140378921576,,
2019-07-11,2.4421203524476853,2.3634214202624904,2.2168129329448005,1.9337400726941345,1.2522648089232868,0.6531765534590894,0.5219026324747356,2.172515023999133,,
2019-07-12,2.449437419940992,2.3531862236295664,2.210453344672625,1.92892691037021,1.245857211953405,0.6499227225990278,0.5210948320657272,2.1741552217702687,,
2019-07-15,2.471391788433186,2.329649144702506,2.19308004631551,1.9151681709131507,1.2270528274633374,0.6403686426817989,0.5188183371096278,2.1791599504174863,,
2019-07-16,2.4626094873543725,2.3183942100027943,2.186154270060503,1.9100162062029469,1.2205359084900724,0.6370463009558236,0.5179646659235093,2.180772261992603,,
2019-07-17,2.452364422139408,2.3085045398627324,2.1791154384289024,1.9048078919575273,1.2140471406334008,0.633710284397293,0.5171110022212044,2.1823790003522747,,
2019-07-18,2.4435837542055916,2.296910963551002,2.173779883985749,1.899543235416501,1.2075310607412515,0.6303743784243254,0.5162573457687669,2.1839857639770477,,
2019-07-19,2.437730393666482,2.2856596296264353,2.169125694232421,1.894392060570227,1.201043124786172,0.6270523666292105,0.5154128754355947,2.185603750091114,,
2019-07-22,2.437730393666482,2.2563437630780836,2.151872939956445,1.8797890364310677,1.1819976001155252,0.6172937230869424,0.5130080079046806,2.1905306514161005,,
2019-07-23,2.437730393666482,2.2461192702117883,2.1459713482451903,1.874921825479503,1.1756498866910992,0.6140548340549001,0.512209457565449,2.1921767375982837,,
2019-07-24,2.4362671039857675,2.2355550334884455,2.1398431314317845,1.8700548470542921,1.1692748539606557,0.6108160492833248,0.5114017348301081,2.193822850295657,,
2019-07-25,2.456755014073564,2.224991891172845,2.13371528395756,1.8651315131175572,1.1628725088850045,0.6075635878178609,0.5105848401411928,2.1954577911931006,,
2019-07-26,2.4230983067745626,2.21408914860175,2.127474336594659,1.8601518318783095,1.156442856707951,0.6042974509954391,0.5097587737249443,2.197092757799135,,
2019-07-29,2.3265795477943385,2.184112603934407,2.1082999847527484,1.8453274012657728,1.13723947295028,0.5945410141869001,0.507335684736554,2.2020258123600644,,
2019-07-30,2.2871207832543927,2.1745764555760605,2.1019471460529404,1.8404052610469623,1.1308668604429473,0.5913028575687207,0.5072255468323794,2.2036776830878235,,
2019-07-31,2.246216637803844,2.165381725522164,2.095481267050525,1.835539930285246,1.1244946477253936,0.5880785834712299,0.5071154090187324,2.205335180439194,,
2019-08-01,2.180512233923415,2.1521019459205037,2.087087596100079,1.8297697356777443,1.1177073133641802,0.58463396792654,0.5068584218194783,2.206891905525743,,
2019-08-02,2.165916916163524,2.1510804908758896,2.0828909992882894,1.8260362361569804,1.1119176331207514,0.5816854561845775,0.5069318470285911,2.2086502580975775,,
2019-08-05,2.130896668441884,2.148356660784412,2.0641784963797427,1.8155152977024303,1.0945505813072742,0.5728404395399567,0.5072071919624888,2.213975896812559,,
2019-08-06,2.129437750989638,2.1510804913420056,2.057941748559755,1.8125175937220295,1.0889006950352442,0.5699749288384126,0.5073540430243773,2.2157791745362587,,
2019-08-07,2.136732544658271,2.1544853826114485,2.051705378426538,1.8096330931832716,1.0833065094003835,0.5671370508169904,0.5075100725768333,2.217593685350594,,
2019-08-08,2.1411096733576773,2.156187872437476,2.0458095252130493,1.8067486735765526,1.0777403242744787,0.5643130280125863,0.5076752806249196,2.219397028382053,,
2019-08-09,2.154242177798249,2.1582308979619658,2.0399140110069824,1.8039774454399637,1.0722021350735522,0.5615028592662163,0.5078496672163979,2.2212116044138863,,
2019-08-12,2.1629981223872274,2.1609549950858176,2.021209348442188,1.79509871312038,1.055423278991019,0.5529901826099248,0.5083269371763732,2.2266331202398293,,
2019-08-13,2.1615387459721136,2.1619765499897525,2.014861879543517,1.79204506073809,1.0498309475038825,0.5501390106686266,0.5084737899145431,2.228436621758645,,
2019-08-14,2.1571607454106134,2.163338637405565,2.008061461976296,1.7887653157130368,1.0441005153853045,0.5472328284128469,0.508583929548645,2.230217749783292,,
2019-08-15,2.1527829288623845,2.165722335060982,2.0017148128403273,1.785655309010159,1.0384534486236552,0.5443680473206536,0.5087216043175635,2.23201571311451,,
2019-08-16,2.139650612017352,2.166403401282846,1.994801952665104,1.7822626851204948,1.032668304621076,0.5414344878972521,0.5088133875387424,2.233785700460622,,
2019-08-19,2.126519976211827,2.2853146103412714,1.9763321736930628,1.7728204699958061,1.0157576432220372,0.5328408850904243,0.5092539484085279,2.239168670916758,,
2019-08-20,2.125061120481364,2.3003165989419427,1.9704406766446025,1.7698240214164107,1.0101675052700099,0.5300040549154117,0.5094099809104469,2.2409667926565513,,
2019-08-21,2.127978849985346,2.294179107099459,1.9639830796458702,1.7667145934370465,1.0045223349275822,0.5271397647035769,0.5095476568108603,2.242753741985415,,
2019-08-22,2.1308966652469508,2.2859963439727293,1.9579790126120766,1.763774856784539,0.998905146318152,0.5243168650617802,0.5097128682082008,2.2445575288955855,,
2019-08-23,2.1352735450446136,2.278155142453575,1.952088572656785,1.761004798415633,0.9933159379085676,0.5215078139680474,0.5098872583350289,2.246366949847456,,
2019-08-26,2.161538745170488,2.2566801551405336,1.934419299409984,1.7523559177578862,0.9764948435336596,0.5130398272882752,0.5103645381014044,2.2517729952621357,,
2019-08-27,2.1702953127669122,2.253612673451655,1.9285302221882406,1.7494165958846564,0.9709068768253282,0.5102173235863816,0.5105297508414708,2.2535825434103263,,
2019-08-28,2.1732143330193576,2.2433883836424195,1.9218487993297062,1.7461947466618444,0.9651532572082955,0.5073260624928855,0.5106490712409206,2.2553641100409028,,
2019-08-29,2.18635095442663,2.2331651077531767,1.9152810433244571,1.7431425613021911,0.959482940958778,0.5044761853540525,0.5107959273719764,2.2571681184372583,,
2019-08-30,2.199489264836796,2.222942854085219,1.9088269377139033,1.7401469873359554,0.9538129431605924,0.5016263890232686,0.5109427837175939,2.258977761071379,,
2019-09-03,2.189270427794532,2.1977323106210145,1.884599418822397,1.7272613800572545,0.9308043339722349,0.4900077723341001,0.5114108894457514,2.266082176683848,,
2019-09-04,2.1848912400259435,2.1864917957648,1.8784868444249314,1.7240402341341943,0.9250530026674086,0.4870895635012751,0.511521032268214,2.2678471514220977,,
2019-09-05,2.1761334334728044,2.173209148497346,1.871016414086979,1.7205366487999418,0.919219058316223,0.4841163829111039,0.5115944608433454,2.2695897427112754,,
2019-09-06,2.174673873022459,2.159928227766117,1.8634333546674986,1.7173157193419497,0.913357803767445,0.48114329029049774,0.5116678894721227,2.271343569874751,,
2019-09-09,2.1965694871313834,2.127584469850863,1.8430637374581726,1.7003650114921776,0.8962736222468681,0.47247226546134335,0.5120442123621505,2.276717308172871,,
2019-09-10,2.241835168927153,2.118393900646365,1.8366142052356205,1.6946024082691968,0.8906624567733612,0.46962337659910425,0.5121910705316646,2.2785216932863728,,
2019-09-11,2.697045422995359,2.108523472474433,1.8300519452695063,1.6887271506258017,0.8849963271153172,0.466747044983129,0.5123195715707629,2.280314902085001,,
2019-09-12,2.7557424388077623,2.0983136900651678,1.8232638454664496,1.6827392565469612,0.8793028791284296,0.46385703434883574,0.512438894095002,2.282102538153663,,
2019-09-13,2.7190525973046054,2.0864035756712473,1.8157974624126272,1.6765822673753483,0.8734715777527491,0.46089830209010696,0.5125123233607809,2.2838565803803057,,
2019-09-16,2.569493572352677,2.0557839605114703,1.793288499049961,1.658791238288515,0.8559796960087462,0.45202262812436,0.5127234328075492,2.289113283477917,,
2019-09-17,2.484547597691722,2.042858506405887,1.7832233189092328,1.6512804238377532,0.8495419209704203,0.4487477816143448,0.5125857531227629,2.2907385396714774,,
2019-09-18,2.004047740342796,1.9306841329616464,1.7421828914771176,1.6278488958417325,0.8353145114637694,0.4415933025904595,0.5098506610810682,2.2907833729593374,,
2019-09-19,1.9253941583784018,1.9079235364244829,1.7307664378546361,1.6149208950827276,0.8285465864680264,0.4381537034004124,0.5095936668880308,2.2923694207289014,,
2019-09-20,1.910835185600468,1.9055458373626655,1.7260193391539724,1.6069616428398437,0.823408748718224,0.43553966530922583,0.5098873770047696,2.2942917818080444,,
2019-09-23,1.8933671345989334,1.9065648457560647,1.7148306120040369,1.5765977901396333,0.808714854307957,0.42806938544350803,0.5109887990928152,2.299560278245738,,
2019-09-24,1.9661699203697536,1.9072441905006343,1.7112143164228266,1.5663844768534663,0.8037989524443123,0.425593171860994,0.5120351509388943,2.301230564737433,,
2019-09-25,1.9545179225757936,1.903847516716195,1.7062421267410421,1.5555516037279782,0.7985519131617824,0.4229657048397506,0.5129805469528126,2.3028392197147918,,
2019-09-26,1.9312179277505948,1.89807343348114,1.7007052053648497,1.5443250060823699,0.7931946961013736,0.42026952927203265,0.5138800575954727,2.304419872899932,,
2019-09-27,1.9297618514960257,1.897733790970535,1.6969764200057247,1.5339457144888158,0.7883071642471595,0.41779350800734694,0.5149264395404973,2.3060958438070323,,
2019-09-30,1.9297618514960257,1.8980734334808735,1.6870336575560918,1.5033216945786299,0.7738944614148702,0.4104895979634371,0.5181299062277267,2.311168768194416,,
2019-10-01,1.8540750494018265,1.8800740586824904,1.6777697533451486,1.4901275469425324,0.767599949434894,0.4073261336369649,0.5186898310699295,2.3125645570096554,,
2019-10-02,1.849710191317011,1.875999140406881,1.673928845649364,1.4795846709689364,0.7626308442844731,0.40480917136167527,0.5196995457123377,2.3142238434259665,,
2019-10-03,1.849710191317011,1.8668311438203355,1.6705399290099399,1.4692119967694595,0.7577447944926208,0.4023335312966836,0.5207368090143882,2.3159672421435573,,
2019-10-04,1.8511651240262328,1.8580034812286428,1.6672640831815633,1.4588967459956859,0.752941790700401,0.399871704983501,0.5217832626270846,2.317766727880999,,
2019-10-07,1.8642604572989274,1.8328827729717778,1.6580019148858094,1.4282953618758087,0.7386721428577214,0.3925690984858399,0.5251062828120379,2.322890684828849,,
2019-10-08,1.8671707596056963,1.8240580498895653,1.6548394171155723,1.4180406111508281,0.7338976451734425,0.39012126297190974,0.5262262199343892,2.3245725653314953,,
2019-10-09,1.8890006265843917,1.8142159930636836,1.6514511367502482,1.4076742276400989,0.7290405856036797,0.3876459850606251,0.5273278093019362,2.32624326020896,,
2019-10-10,1.9181143731371586,1.8043748875463672,1.6481759068638802,1.3973089037230046,0.7241561646267547,0.3851707681812755,0.5284294107409382,2.327913982364538,,
2019-10-11,1.9326743858185225,1.7945347332452233,1.6447878486014922,1.3869446392911655,0.71929957475938,0.38269561233230664,0.5295310242515283,2.3295903381567173,,
2019-10-15,1.9472364929022934,1.7558619674344689,1.631236744795661,1.3454981742511807,0.699875556865992,0.37279559921039596,0.5339192381830005,2.3362455754252887,,
2019-10-16,1.928306196129781,1.7416178424183304,1.6260426439795639,1.3342947941806793,0.6946063452525353,0.3701145191941535,0.5348740195012969,2.3378211383837,,
2019-10-17,1.9021008368469206,1.7260194347075597,1.6203971879470869,1.322867506016423,0.6892270725165295,0.3673647698126059,0.5357829056733321,2.3393686889678023,,
2019-10-18,1.8890006640609913,1.7138136366356305,1.6159939445241411,1.3122294563439274,0.684096333957207,0.3647525740986479,0.5367836094038347,2.3410003720238715,,
2019-10-21,1.8715363651782058,1.6826276576136001,1.6045915463884786,1.2809971513234375,0.6692848479765701,0.35717758302236113,0.5399877674244324,2.345996517289839,,
2019-10-22,1.8657155942697123,1.6727992737858743,1.6009791711570909,1.2707010399093166,0.6643757467135192,0.3546618764682652,0.541061964089895,2.347667561507083,,
2019-10-23,1.8569850615041794,1.662971842636507,1.5972540442245498,1.260349722295051,0.6594117304495661,0.35213248681069675,0.5421178096036039,2.3493330251119104,,
2019-10-24,1.8497101901205237,1.6531453613812808,1.5935290538711788,1.2499432127882626,0.6544479589738916,0.34963065392072945,0.543173666205421,2.3509873007550697,,
2019-10-25,1.8351619921350038,1.643658624248423,1.589917071947533,1.2395377699062182,0.6495395812263771,0.3471426288834456,0.544238715548162,2.3526528188369866,,
2019-10-28,1.7217570333549093,1.6152037086339055,1.579533335424932,1.2087776556462426,0.6350088740823656,0.33974764555568804,0.5474890229735463,2.357683185828452,,
2019-10-29,1.6839834309581914,1.606059173961838,1.5762604200545205,1.1987137604288156,0.6302392882000074,0.33731484211754204,0.5486092097659601,2.35937124666723,,
2019-10-30,1.6505800184628772,1.59725410233309,1.5731004634643053,1.1887070790722598,0.6254699270650699,0.33489584148622686,0.5497477730647349,2.3610649438915665,,
2019-10-31,1.6142844071383333,1.5914973613520011,1.5698277553625628,1.1786451796123698,0.6207007932801156,0.33246315568324913,0.5508771669836987,2.362747452325098,,
2019-11-01,1.5852572215292682,1.5877725820632405,1.567232232128024,1.1688090835276332,0.6160972736053205,0.3301129878911624,0.5520616678913237,2.364463640828385,,
2019-11-04,1.5765506614132008,1.5908201251823462,1.5676836233887492,1.1426215692529107,0.6038314089940711,0.3238048994078424,0.5561111235766081,2.369976961660014,,
2019-11-05,1.5765506614132008,1.5901428840653598,1.5681350167792152,1.1340249990180462,0.5998074277215659,0.3217297756030968,0.5581680318430315,2.3718278891714517,,
2019-11-06,1.575099640809663,1.5891270312722083,1.5682478654248877,1.1253168027520521,0.5957284888100656,0.3196272110697951,0.5602066158115093,2.3736676315989413,,
2019-11-07,1.575099640809663,1.5884498016271342,1.5685864121139925,1.1167778815852847,0.5917048327428454,0.3175384321371322,0.56225442447837,2.3754905809725946,,
2019-11-08,1.5780017031432614,1.5881111884512356,1.568924960024387,1.1082958502880658,0.5876813365126576,0.3154634379496146,0.5643114584080511,2.3773191722826104,,
2019-11-12,1.5910620079454318,1.5867567469416644,1.5699406106189473,1.0744871442830206,0.57158896085725,0.30716389038796255,0.5724665449092114,2.3843814417830345,,
2019-11-13,1.5910620079454318,1.5854023233977221,1.5700534613015682,1.0660086628044851,0.5675387176547586,0.30507537095709747,0.574496235371913,2.3860811734689236,,
2019-11-14,1.5910620079454318,1.584386517729408,1.570166312109622,1.0575308925305782,0.5634610859993838,0.3029868950117809,0.5765259667965594,2.3877809333728406,,
2019-11-15,1.5910620079454318,1.5830321261584235,1.5700534613015682,1.048997697476417,0.5593560703529787,0.3008847232958134,0.5785465543244994,2.3894751113550106,,
2019-11-18,1.5867083876334842,1.5806619835714297,1.5696020594158977,1.0228412035060641,0.5469869380528403,0.2945372573390115,0.5846361133764022,2.3945073225298374,,
2019-11-19,1.5867083876334842,1.5796462250260879,1.5698277601852384,1.0143670519481507,0.5429376845195844,0.29246273891383456,0.5866936051308613,2.396196002692297,,
2019-11-20,1.5823549503175771,1.578291896284445,1.569940610742404,1.005837499267992,0.538805960691624,0.2903745255791401,0.5887419531789284,2.3978791001020294,,
2019-11-21,1.5794527628163024,1.5769375855995804,1.5702791630738178,0.9972525572835567,0.5346468629596313,0.2882863557236437,0.5907903429396066,2.39956222517701,,
2019-11-22,1.5750996376270754,1.5752447228675415,1.5703920141018068,0.9886122425928789,0.5304328533277225,0.2861844921047796,0.5928295882498658,2.401239767132801,,
2019-11-25,1.6055753902047165,1.5694892000522431,1.5706177165028423,0.962415282005602,0.5177918842087514,0.2798791655523436,0.5989383860669495,2.406266947293423,,
2019-11-26,1.615736011760771,1.5681350063598831,1.5708434195290222,0.9538901137456923,0.5136887305378535,0.2778049503189495,0.6009869840290394,2.4079558213944585,,
2019-11-27,1.617187614055271,1.5674579160989133,1.5712948272098792,0.9454778221595905,0.5096683526155221,0.27575824962928763,0.6030631844526901,2.4096559458470557,,
2019-11-29,1.615736011760771,1.5661037494893781,1.572084795308748,0.9286553464619374,0.501573012150236,0.2716375030479945,0.6071973388788843,2.4130562784949516,,
2019-12-02,1.5721976494598167,1.554932580574575,1.5701663147992262,0.9019134226727621,0.48863285410931656,0.26504466976988716,0.6131508107400263,2.417983026820636,,
2019-12-03,1.562041381331336,1.552224603109642,1.5698277631222224,0.8931131210857535,0.4843657191643036,0.26287462304961373,0.6151629436572215,2.4196440342701964,,
2019-12-04,1.562041381331336,1.5518861105867199,1.5702791661655224,0.8847619432216458,0.480318986419892,0.2608144933147427,0.6172394360750788,2.42134996372243,,
2019-12-05,1.562041381331336,1.552224603109642,1.571407681932513,0.8764674966998509,0.47629994323101776,0.25876813940550747,0.6193251599376115,2.4230895911429684,,
2019-12-06,1.5591397725962297,1.552224603109642,1.5677964558271418,0.8681737343949836,0.4722810618980944,0.25670809404769734,0.6214017382551562,2.424823636029383,,
2019-12-09,1.5547875155264013,1.55256309666838,1.5527886476439212,0.8432405146484134,0.4601978590826672,0.2505282119408925,0.6276133527908012,2.4299473803459426,,
2019-12-10,1.563492205461614,1.552224603109642,1.5475984935387377,0.8348934671525976,0.4560970564098543,0.24845460381031081,0.6296717236587979,2.4316534809461166,,
2019-12-11,1.5620413702060354,1.552224603109642,1.542408603269907,0.8266031229404947,0.45205146210844926,0.246394770367675,0.6317393263526982,2.43336522251143,,
2019-12-12,1.5605905552769972,1.552563096760995,1.5375574246311974,0.8183694681546783,0.4480335495728349,0.24434871076939313,0.6338161614423576,2.4350994418415928,,
2019-12-13,1.5605905552769972,1.5532400875412966,1.5332705312012695,0.810248494596455,0.44404331550191856,0.24231642417757993,0.6359022295001182,2.4368449155387495,,
2019-12-16,1.5562382348385029,1.5539170827418625,1.5195085680299147,0.7856655373880583,0.4319910209164446,0.23617862037976778,0.6421331211019066,2.4420197755913975,,
2019-12-17,1.5417318609698416,1.5518861131823103,1.5136433844021635,0.7770433334147286,0.42778131881933135,0.23402292848622164,0.6446145366273415,2.4436923986161485,,
2019-12-18,1.5388308316792054,1.5522246057052547,1.499207271004055,0.7688697083320095,0.4237918903482685,0.2319771214010169,0.6471695423030388,2.4454099545739183,,
2019-12-19,1.5373803479147297,1.5525630994497774,1.488043288801566,0.7608087000870789,0.4198301314761954,0.22994508562250715,0.6497338042107392,2.4471612167887846,,
2019-12-20,1.5359298848715008,1.5529015943224422,1.4719196073586849,0.7527483366826182,0.4158685288970787,0.2279130910401106,0.652298131450002,2.448895670163309,,
2019-12-23,1.5359298848715008,1.553917085709866,1.4217608651083458,0.7285711149968899,0.40398465885593815,0.22180362546313503,0.6599363555415572,2.4537118939355285,,
2019-12-24,1.5388308312819676,1.5545940857020435,1.4050843475788666,0.7205692839574285,0.3999961735064117,0.2197855240984703,0.6624917515834161,2.455272446167478,,
2019-12-26,1.5475341666167486,1.5556095941993586,1.3711763639490337,0.7045115819771297,0.39201967811379745,0.2157494432799334,0.6676027382858774,2.4583992354383133,,
2019-12-27,1.5504354445679436,1.5559480993192043,1.3541703163320484,0.6963997775102593,0.38805917158322156,0.2137314638243959,0.6701583289497881,2.4600159948357847,,
2019-12-30,1.5591397733920376,1.5559480993192043,1.3028316266328055,0.6721242198385768,0.3761235921805328,0.20763658975451182,0.6777979084022556,2.464956246040484,,
2019-12-31,1.5605905671967957,1.5556095942919734,1.285611974588452,0.6639591043277937,0.37216371492676537,0.20559132122255352,0.6803353695518544,2.4665955637173775,,
2020-01-02,1.562041381331336,1.5583176634119011,1.2509564582400934,0.6475190340673675,0.3640794494766064,0.20147345809122807,0.6853920944642766,2.4698125216946254,,
2020-01-03,1.5634922165870924,1.5603487627107393,1.2337456240375966,0.639467735478294,0.3600375598250771,0.1994283153506693,0.6879297470160806,2.4714687596248286,,
2020-01-06,1.5634922165870924,1.5650881519157167,1.181793413696064,0.6153177105026053,0.3479128707997603,0.19325196400290512,0.695524696633476,2.4762691988072127,,
2020-01-07,1.562041381331336,1.5664423038716624,1.1644819356776415,0.6072689900635586,0.3439541075545449,0.191193264824574,0.6980626038698867,2.4778188642267107,,
2020-01-08,1.5605905671967957,1.5674579295481772,1.1470610386306035,0.5991650274220994,0.33994052092982674,0.1891208839935432,0.700591379061466,2.479362938012053,,
2020-01-09,1.562041381331336,1.5684735656584126,1.1297555030720385,0.5910617153386699,0.335954582969511,0.1870622696976687,0.7031294139973943,2.480890191287899,,
2020-01-10,1.562041381331336,1.5694892119248793,1.1124529283662143,0.5829590559809805,0.33194131521263603,0.18500369770073632,0.7056675129013978,2.4824174673244714,,
2020-01-13,1.5576889999144417,1.5725362116608688,1.0605629643004155,0.5586549937368179,0.3199024750596635,0.1788282354948434,0.7132729969629548,2.487044352547607,,
2020-01-14,1.5576889999144417,1.573551898830372,1.043384493553745,0.5506108038269453,0.3158898482605199,0.1767835549502328,0.715811352218898,2.4885941813355794,,
2020-01-15,1.556238247557129,1.5742290291599348,1.0262089475420177,0.5425114028100309,0.311849900420591,0.17472519415295817,0.7183405738179438,2.490138417899934,,
2020-01-16,1.553336805412342,1.5749061638177686,1.0093730227002773,0.5343568041472624,0.30778263486117563,0.17265315395180725,0.7208606610712875,2.4916714466672873,,
2020-01-17,1.5518861152257646,1.5759218744076264,0.992315471567462,0.5263145601743568,0.3037430135170771,0.17059487802306705,0.7233900094709034,2.4932044987854063,,
2020-01-21,1.5460835601172507,1.582354944101505,0.9245626010537356,0.49465447882854896,0.28766857851341143,0.16241707839730335,0.7335632309973583,2.499376248465479,,
2020-01-22,1.5446329731465758,1.5843865241300215,0.907519367270404,0.4867270601604856,0.28360229118700175,0.16035901222826165,0.7361020976439203,2.5009206479106316,,
2020-01-23,1.5431824068962374,1.5857409337591832,0.8903669111715251,0.47880026683877475,0.27948122113250484,0.1583147086461345,0.7386410282795408,2.502465070625859,,
2020-01-24,1.5489847922503408,1.5870953614466998,0.8732173706804014,0.4708182818531803,0.27538779310125605,0.15627044678887536,0.7411800229057963,2.504009516611516,,
2020-01-27,1.5794527512870138,1.5925132532463637,0.8225703960180519,0.4468761246455344,0.26321838547993526,0.1501653482415488,0.748834191719161,2.5087272392309456,,
2020-01-28,1.5881595625401035,1.5942064037772319,0.8057683935452253,0.4388966735116462,0.2590981519560831,0.14812125215521998,0.7513826439038418,2.51030547802793,,
2020-01-29,1.5983184508515658,1.595899582526461,0.7889691911130647,0.43091785626148127,0.2549780877497909,0.1460771977895181,0.7539311605518906,2.5118837411236994,,
2020-01-30,1.6070268791657183,1.5982700795333038,0.7719488504646321,0.42293967284470213,0.25088565882007696,0.14404690348837068,0.7564797416649283,2.5134620285186315,,
2020-01-31,1.6084783554591864,1.5989473740871896,0.7543716598410244,0.4146832050306637,0.24671100812823088,0.14194806287115558,0.7589823805263407,2.5150178716935256,,
2020-02-03,1.5997698099023738,1.5999633233175548,0.7017704008477565,0.38952748453953134,0.23405079918474847,0.1355695052870809,0.7664538606517501,2.5196743066469462,,
2020-02-04,1.5983184580095733,1.5877725301130408,0.6843173272671477,0.38121799883641394,0.22987685067414887,0.1334571260237727,0.769186784992204,2.52124147753805,,
2020-02-05,1.595415816821899,1.5715203922727516,0.6669791353359544,0.3728534406545414,0.22567561808211067,0.13133107529925692,0.7719013791753548,2.5228030549432567,,
2020-02-06,1.5925132577665702,1.554932343260984,0.649755757215198,0.36454533510266174,0.22144710254479172,0.12921878544644994,0.7746252492457861,2.5243534223575725,,
2020-02-07,1.5896107816361749,1.5383470033091484,0.6325353258874955,0.3561821639280094,0.21713639520433148,0.12710654015279932,0.7773491929425669,2.5258925788377518,,
2020-02-10,1.5896107816361749,1.4896220803768623,0.5814504770101703,0.3312640428599023,0.20428774169785058,0.1208112153612273,0.7855490770873885,2.530555127737233,,
2020-02-11,1.5896107816361749,1.475076820933019,0.5644652035331932,0.3229593774886963,0.20008757939680155,0.11869914684827787,0.7882825200651089,2.532111230333478,,
2020-02-12,1.5925132569716727,1.4622246146328788,0.5474827983735109,0.3146553995150514,0.19591504404024018,0.11660083747484506,0.7910160371775721,2.533667356546654,,
2020-02-13,1.5954158160269793,1.4463306924915154,0.5306149568481855,0.3064078322442043,0.19177013104836327,0.1145162858028348,0.7937588329386625,2.5352291245032132,,
2020-02-14,1.5997698095037372,1.4304392601121707,0.5135265817366008,0.2982166641343431,0.18759794090423831,0.11243177753377243,0.7965017033386479,2.5367852984628625,,
2020-02-18,1.5997698095037372,1.2844884279209046,0.44486732573227883,0.26501306709998396,0.17082859011430251,0.10403932929230475,0.807437108315634,2.542959665646305,,
2020-02-19,1.5983184580095733,1.2325102480307493,0.4274587819398601,0.25660249405039526,0.16660238972781016,0.10191390317149107,0.8101527329140046,2.5444934828234844,,
2020-02-20,1.5968671268503654,1.1802214610384887,0.4101648172118777,0.2483040108725465,0.1623214830678954,0.09980223387964227,0.8128776369206392,2.546032941658205,,
2020-02-21,1.5939645271266123,1.1276226044317328,0.39242764611067127,0.23989483943589462,0.15798587947948306,0.09767689772157695,0.8155934080799732,2.54758927830796,,
2020-02-24,1.6026725750879045,0.970326520321052,0.3406842552484246,0.2147828928640072,0.14517224656205308,0.0913834232696642,0.8237964040166412,2.5522415766405793,,
2020-02-25,1.6041239891797066,0.9175003574162011,0.32351669907355607,0.20637652868773504,0.1408648187622985,0.08928568638506551,0.8265308843145913,2.5537923896541193,,
2020-02-26,1.6113813646822184,0.8643656318555459,0.3062406335410328,0.19791520655976225,0.1365575774129324,0.0871742834879008,0.8292562310235674,2.555337606892616,,
2020-02-27,1.5605903279237054,0.8115949061009209,0.2893018349799714,0.18956591804373257,0.13230538711745954,0.08507663481938099,0.831990859399534,2.5568884667248604,,
2020-02-28,1.4938749021617959,0.7588517891999436,0.27236589688794943,0.1812173252569993,0.12799851274498675,0.08297903011385,0.8347255619423954,2.55843373103648,,
2020-03-02,1.2766289091869831,0.5987760392125896,0.22090712809237356,0.15567495595123493,0.11494186438267828,0.07660422857185267,0.8428748606144509,2.5630865187900698,,
2020-03-03,1.2043169434813983,0.5458091272534604,0.20387140700941497,0.14721791501128845,0.11069059313968399,0.07449309319249586,0.8456006491020185,2.5646599726097286,,
2020-03-04,1.1277227032429504,0.4911953101376598,0.1862820143119892,0.13848343764191196,0.10630237647464291,0.07231346267666527,0.8482804638515917,2.5662053514774685,,
2020-03-05,1.116166286370479,0.450337892962116,0.17337017779093244,0.13214164918919913,0.10298389581313572,0.0706958968541116,0.851337951142539,2.5679474540627023,,
2020-03-06,1.1277227127424405,0.4131787180138513,0.16157286629852052,0.12641212442621175,0.09996718612628186,0.06922914145963688,0.8544968428368271,2.569751407092924,,
2020-03-09,1.1277227127424405,0.3037896443921273,0.12719051331337994,0.10961482122948674,0.09108213067219317,0.06491124686365257,0.8640293778592545,2.5752196584396314,,
2020-03-10,1.0078874026268947,0.2676873229329857,0.11584358836629338,0.10405342034267573,0.08814804136474397,0.0634856969829789,0.8672163010911005,2.5770462208323908,,
2020-03-11,0.925673458505849,0.23092980748564695,0.10427550182190437,0.09838111127546956,0.08515919852227771,0.06203275397791419,0.8703849017566601,2.578861574569946,,
2020-03-12,0.774401021279636,0.19284989490282456,0.09237512367228362,0.09248670251533753,0.08203334956995434,0.06052500606725797,0.8735167543201028,2.580648857506973,,
2020-03-13,0.6104191057789699,0.1531152709443262,0.07980897741346471,0.08631463187707133,0.0787705083568957,0.05894874953169538,0.8766026432188267,2.582402447428511,,
2020-03-16,0.15440405584923322,0.04601040620275665,0.045788176148175985,0.06946846145432506,0.06980508520373352,0.05463129852512072,0.8861649042155806,2.587803926206389,,
2020-03-17,0.1200714206470943,0.03834053655633607,0.04378728971272672,0.06852336991305386,0.06911968046221517,0.05434347176997978,0.89013567279983,2.5900747943024216,,
2020-03-18,0.04429548485289647,0.0213355969039819,0.038785268567820275,0.066021709689279,0.06766664350903451,0.05401453030902115,0.8938301809672033,2.5921883125566536,,
2020-03-19,0.03143349310317234,0.019001797123907593,0.038674114713010965,0.06596611761513493,0.06741990199332637,0.054288649770262154,0.8979302546608281,2.594560465039386,,
2020-03-20,0.02428865273753633,0.018001613339979627,0.03900757683057421,0.0661884861883788,0.06728282356127657,0.05461759429530311,0.9020673540863555,2.5969495382372143,,
2020-03-23,0.01142922255972234,0.0160012748642524,0.040674904548620994,0.0671335584347732,0.06703608278919582,0.05564555332517873,0.9145349657319057,2.604122717044932,,
2020-03-24,0.010000498649920253,0.015667888886183867,0.041453000540214724,0.06752270856889009,0.06700866717792575,0.0559882088710717,0.9189399900007,2.6065288803782893,,
2020-03-25,0.010000498649920253,0.015667888886183867,0.04223110279679698,0.06796745349331168,0.06700866717792575,0.05634457193244291,0.923354423293854,2.6089407225436956,,
2020-03-26,0.010000498649920253,0.016334661862527078,0.04289805249637624,0.06835660697694923,0.06700866717792575,0.05671464255809777,0.9277690496847679,2.6113582432781612,,
2020-03-27,0.010000498649920253,0.017001439284247688,0.043676165992345695,0.06869016835600039,0.06700866717792575,0.057084714552524396,0.9321838691818796,2.6137870649858064,,
2020-03-30,0.010000498649920253,0.01833500746288852,0.04612170482920508,0.06969085914920736,0.06700866717792575,0.05819493874830162,0.9455032267771557,2.621107609485107,,
2020-03-31,0.010000498649920253,0.01833500746288852,0.04689984339807385,0.07008001933506147,0.06700866717792575,0.05855130966923028,0.9499372579226728,2.623542284501168,,
2020-04-01,0.010000498649920253,0.01933519512871129,0.047677988019123596,0.07046918103421618,0.06700866717792575,0.058935095052259356,0.9544175756118323,2.6259770172796237,,
2020-04-02,0.010000498649920253,0.020001992554075088,0.048678468293772426,0.07085834424682691,0.06700866717792575,0.05933258855350676,0.9588980921445778,2.6284511674339983,,
2020-04-03,0.010000498649920253,0.020668794424438808,0.049790124625292975,0.07119191396500746,0.06700866717792575,0.05973008363382437,0.9633788075297245,2.6309141313677786,,
2020-04-06,0.010000498649920253,0.024002869727413056,0.053125167730905254,0.07247060787307635,0.06700866717792575,0.06092257834933168,0.9767022817162019,2.6382696377730053,,
2020-04-07,0.01142922255972234,0.025336530893627085,0.054236873470259184,0.07297097072300751,0.06700866717792575,0.06132007974606335,0.9811284624752892,2.640710343435315,,
2020-04-08,0.018573144362776794,0.026670209842416526,0.05523741933399773,0.07347133607478185,0.06700866717792575,0.06171758272186523,0.9855548372501799,2.6431511071368208,,
2020-04-09,0.021430857139237425,0.02833733330660504,0.056237975203288215,0.07391610743756605,0.06700866717792575,0.062115087276803926,0.9899814060493783,2.6455806813849403,,
2020-04-13,0.03286252476921714,0.03500610502396029,0.060240298737146425,0.0756952126412358,0.06700866717792575,0.06369141404272138,1.007671175196334,2.6554120390371416,,
2020-04-14,0.03286252476921714,0.035673006739433966,0.061129725586273054,0.07608439607071915,0.06698125157413859,0.0640615117401877,1.0120802649573823,2.6578362784180465,,
2020-04-15,0.0257175823339173,0.034339208119527065,0.061574441731959695,0.07625118934093678,0.0668441737429637,0.06437678105606359,1.016452646226229,2.6602380741961973,,
2020-04-16,0.02285974708171601,0.03500610520636993,0.06246388019643945,0.0765847768524841,0.0667893426405497,0.06473317379920296,1.0208528936648475,2.66265680219806,,
2020-04-17,0.020001993480533997,0.03567300673916751,0.0635756890905892,0.0769183654759642,0.06673451156815613,0.06508956781168251,1.0252533327769875,2.6650924616298033,,
2020-04-20,0.020001993480533997,0.037006823233998176,0.06657763522166515,0.07797473673303301,0.06657001853129785,0.0661450498801841,1.0384558002378919,2.6723266588583705,,
2020-04-21,0.02143085987917903,0.036673367237383125,0.06768949012887493,0.07836392902729195,0.06654260304770343,0.06648774138315883,1.0428662337798045,2.6747456723362095,,
2020-04-22,0.02143085987917903,0.037006823233998176,0.06891254496326216,0.07880872213494872,0.06654260304770343,0.06683043415363077,1.0472860879001678,2.6771703689511206,,
2020-04-23,0.02143085987917903,0.038007197618594724,0.07002442611863113,0.0792535172194464,0.06654260304770343,0.06718683583106788,1.0517061353554125,2.679595122826006,,
2020-04-24,0.02571758155103243,0.03900758200710008,0.07102512985850407,0.07964271459339756,0.06654260304770343,0.06754323877786739,1.0561263761539985,2.6820086824673517,,
2020-04-27,0.02571758155103243,0.04067491082142549,0.07336014352823383,0.08036551359484889,0.06637811032630392,0.06853020713879499,1.0693328782531486,2.689215940955725,,
2020-04-28,0.028575496890770324,0.04167532133900753,0.07413849352564394,0.08064351457734986,0.06632327947926342,0.06887290671622193,1.073744658402953,2.691635351691035,,
2020-04-29,0.03429157410752559,0.04334269489048026,0.07513923840638537,0.0810327173568659,0.06632327947926342,0.06924302367947721,1.0781750928868128,2.6940660735663258,,
2020-04-30,0.04000797796546163,0.045010096231346,0.07613999329443288,0.0814775223257902,0.06632327947926342,0.06961314201163749,1.082605721572949,2.6965137325850153,,
2020-05-01,0.041437129383159466,0.04567706427505147,0.07669597240425041,0.08175552632105898,0.06624103327630415,0.06994213709867747,1.0870088494141061,2.6989445679342694,,
2020-05-04,0.054300410920582465,0.049011971464474335,0.07903111839497878,0.08270074584879605,0.06607654105064142,0.07102508684571074,1.1002470824319932,2.706299318944283,,
2020-05-05,0.055729766126155766,0.049345468224371025,0.07958711341431446,0.0829231516710438,0.06596687974711468,0.07136779477945332,1.1048725470091059,2.7087247580506624,,
2020-05-06,0.057159141749996145,0.05001246498776979,0.08014311152244602,0.08314555798749623,0.06585721856378068,0.07238221033278869,1.1094982232070727,2.711150254434491,,
2020-05-07,0.05572976573460231,0.0506794661977672,0.08058791229390572,0.08347916829751778,0.06574755750061723,0.07338292778047428,1.1141241110356193,2.713558925684767,,
2020-05-08,0.05144175902809245,0.05134647185436325,0.08103271504216192,0.0837571777767332,0.06563789655764651,0.07438365523528834,1.1187502105043823,2.7159620258154327,,
2020-05-11,0.04715393843779392,0.052680496233215024,0.08203352831672728,0.08448000589973415,0.0652266691480774,0.07734477002092621,1.132602071324662,2.723104125569109,,
2020-05-12,0.04429549307454206,0.053014005130003206,0.08236713496554415,0.08470241561491232,0.06508959372042433,0.07833182775309755,1.1372105449249048,2.7254793077103656,,
2020-05-13,0.041437129380828,0.05368102616758463,0.08270074272647143,0.08492482582438399,0.06495251848055439,0.07933260442241075,1.1418192285269413,2.7278545447710245,,
2020-05-14,0.037149734029573445,0.05501508194867277,0.08336796167587313,0.0852584421566549,0.06487027340424945,0.08036081033502285,1.1464465963501924,2.7302410948449207,,
2020-05-15,0.037149734029573445,0.05701619952032111,0.08414638972538135,0.08570326578483112,0.06484285838632697,0.08141644635120127,1.151092650949992,2.732650215773047,,
2020-05-18,0.03286252476575324,0.06068501714291408,0.08548085134763017,0.08642610816091967,0.06451387889225835,0.0844874492573311,1.16495818355975,2.739827251358018,,
2020-05-19,0.03286252476575324,0.06235270615408961,0.08603688235107043,0.0867041259022594,0.06443163417648723,0.08551570813035703,1.1695866100198238,2.7422253376772288,,
2020-05-20,0.03572064346824,0.06402042296012045,0.08670412354148116,0.08698214441587027,0.06434938952830649,0.08654397756762133,1.1742152482363544,2.744623479970998,,
2020-05-21,0.04286630043204287,0.06668882876128546,0.08759378586902233,0.08748257982358343,0.06434938952830649,0.08759967909235389,1.1788718184350788,2.7470329388396886,,
2020-05-22,0.048583192722873036,0.06902374188937355,0.08837224678603928,0.0878718090928432,0.06432197465309208,0.08864168098436931,1.1835193624530005,2.749425565217112,,
2020-05-26,0.060017954259405926,0.07436088994707823,0.08970676530195565,0.08826103992150003,0.06399299682648962,0.0927001064351396,1.2020469768105668,2.7589290630316787,,
2020-05-27,0.06144739075053529,0.07536163650332384,0.08992918669308292,0.08820543543124337,0.06385592308879584,0.0936873156162088,1.2066678562574484,2.7612938133286136,,
2020-05-28,0.06144739075053529,0.07602880652497479,0.09015160857850368,0.08814983097187312,0.06371884953888518,0.09467453453404495,1.2112889466933785,2.7636586180446177,,
2020-05-29,0.06287684766337343,0.07669598099488972,0.09026281972170924,0.08820543541598891,0.06358177617675764,0.09566176318878128,1.2159102481280382,2.76605162895478,,
2020-06-01,0.06716534092714443,0.07936472298677444,0.09059645389291049,0.08853906268360134,0.06317055721696274,0.09863721942156012,1.2297939054111362,2.7732760419918234,,
2020-06-02,0.06859487952521892,0.08103272241444248,0.09070766553040954,0.08865027201996334,0.06303348460590108,0.09965191112493166,1.2344345395190803,2.775691800363167,,
2020-06-03,0.0700244381548698,0.08236714178997406,0.09093008908482858,0.08870587672686892,0.06286899774303745,0.10063918860081511,1.2390568965137794,2.7781019838516885,,
2020-06-04,0.07145401759729442,0.0840351912582582,0.09126372538885708,0.08887269103285966,0.06273192554508977,0.10162647608462638,1.2436887105470529,2.780517855660225,,
2020-06-05,0.07288361707187274,0.08536965066676672,0.09148615017904316,0.08892829586335527,0.06256743917794072,0.10260006064457539,1.248311490086551,2.782911258508136,,
2020-06-08,0.077172538034187,0.0887058773067162,0.09226464079119534,0.08915071547892506,0.06207398169881806,0.10550715834607427,1.2621348631804086,2.7900354847782083,,
2020-06-09,0.08003192040244578,0.08970676703923264,0.09248706780551341,0.08926192546439005,0.06190949641322607,0.10645335479859686,1.2667399913237842,2.7924122138673013,,
2020-06-10,0.08146164202598172,0.09037403232976526,0.09259828148278082,0.08931753049583602,0.06171759728137438,0.10737213382536748,1.2713360803906504,2.7947833653320986,,
2020-06-11,0.08432114694123527,0.09137493874384894,0.09282070923855024,0.08937313557344506,0.061553112581602676,0.10830463472197849,1.2759416269805035,2.797160204202509,,
2020-06-12,0.08575092983955646,0.09204221515561883,0.09293192328660993,0.08931753049583602,0.06136121413322648,0.10922343073982432,1.2805381336725485,2.799525833001315,,
2020-06-15,0.09004040108993028,0.09437771749201129,0.09326556617190729,0.08931753049583602,0.06078552099622048,0.11187015987055293,1.2943289054879514,2.8066230460381814,,
2020-06-16,0.08861055691418152,0.09571231407046188,0.09326556617190729,0.08926192546439005,0.06056621022627606,0.11270670555649787,1.2989262454449424,2.808983259245501,,
2020-06-17,0.08575092944673735,0.09671327331881585,0.09326556617190729,0.08920632046383048,0.06034689993701381,0.11457179702436537,1.3035145438747398,2.8113435266380993,,
2020-06-18,0.08432114654726153,0.097714242576874,0.09337678068381816,0.08915071549420173,0.06023724503272376,0.11643692323870525,1.308103050129894,2.8137263800756873,,
2020-06-19,0.08432114654726153,0.09871522184474735,0.09348799531920804,0.08915071549420173,0.06012759024860426,0.11830208420018362,1.3126917642197533,2.8161036556472396,,
2020-06-22,0.08003192040244578,0.10138454892121285,0.09359921007823235,0.08915071549420173,0.059798626617246775,0.12389777557404447,1.3264591535919745,2.823190744288828,,
2020-06-23,0.08003192040244578,0.10205189206371479,0.09371042499120019,0.08920632046383048,0.05971638586710348,0.12577679135754583,1.3310579530708688,2.8255626057336336,,
2020-06-24,0.08432114654957079,0.10305291525662952,0.09382164005837801,0.08931753051111269,0.05966155873040613,0.1276558429191832,1.3356662156500443,2.827940156287023,,
2020-06-25,0.08861055535094309,0.10372026952165658,0.09371042499120019,0.08937313557344506,0.05957931809292827,0.12954864505883013,1.340265433000365,2.8303121272883036,,
2020-06-26,0.09147026295717176,0.10405394827683878,0.09337678053151777,0.08926192546439005,0.059469664029832,0.13142776637686815,1.3448556038738069,2.832684152354892,,
2020-06-29,0.10433996009973079,0.10605604444009487,0.09326556595870006,0.08915071544843833,0.059222942793368816,0.13724366268450527,1.358664388635522,2.839958320789604,,
2020-06-30,0.10720011790610329,0.10638973107244265,0.09326556595870006,0.08915071544843833,0.05914070251640258,0.1392052317540804,1.36327390541795,2.8423869142961244,,
2020-07-01,0.10720011790610329,0.10638973107244265,0.09304313727527269,0.08903950561698348,0.05900363557589383,0.14112568598596553,1.3678928853547712,2.844804294518255,,
2020-07-02,0.1057700293757291,0.10605604462263774,0.09259828139123183,0.08892829593953877,0.05883915551765373,0.14305989417895404,1.3725028180353593,2.8472499048095345,,
2020-07-06,0.10004987954708167,0.10438762896629594,0.09170857573730373,0.0883166448080619,0.05818123798848607,0.15082453797516937,1.390861321920056,2.8568864092915147,,
2020-07-07,0.10004987954708167,0.10405394909862586,0.09170857573730373,0.08814983147444888,0.05804417236230375,0.15280009098668224,1.3954537832579383,2.8592815885304157,,
2020-07-08,0.10147988636091121,0.10372027034344367,0.09159736307895461,0.08798301841888012,0.05790710692390455,0.15477568296751176,1.400046452609649,2.861676823544723,,
2020-07-09,0.10577002819818215,0.10338659270023864,0.09159736307895461,0.08798301841888012,0.057770041673244066,0.15673759439340795,1.404639329984625,2.864060842901539,,
2020-07-10,0.10863022529583599,0.1030529161695215,0.0914861505441733,0.08803862270938545,0.0576329766103445,0.15869954425080657,1.4092324153922586,2.8664505533609663,,
2020-07-13,0.1172113069241032,0.10238556644455166,0.09104130161043944,0.08798301840360345,0.05722178254823351,0.16459934501944495,1.4230036588128048,2.8735749279158673,,
2020-07-14,0.12007183091937712,0.102051893250521,0.09093008969354166,0.08792741412875227,0.05708471823637762,0.16656144887905455,1.4275975760258852,2.875947950291491,,
2020-07-15,0.12007183091937712,0.10138455029053972,0.0907076662609585,0.08781620568696358,0.05692024133252538,0.16850986949878966,1.4321731762020562,2.87831539025456,,
2020-07-16,0.11578107616099231,0.1000498780832082,0.09026282100039751,0.0875937892350187,0.05670093927470088,0.17044460555233343,1.4367304555951588,2.8806828834013087,,
2020-07-17,0.11292067475743295,0.09904888546883317,0.08992918830681429,0.08737137321643829,0.05650905034213505,0.17239310117262985,1.4412972037570304,2.883078615464685,,
2020-07-20,0.10433996088203834,0.09637962085908836,0.089039506591293,0.08670412812619155,0.055933385752449105,0.17823881544705156,1.4550172098966918,2.8901928634412766,,
2020-07-21,0.10147988636091121,0.09537866494691016,0.08870587797540352,0.08648171408467409,0.05574149829188357,0.18017373994345665,1.459594045773116,2.892549356002627,,
2020-07-22,0.10004987954708167,0.0940440720861524,0.08848345948544445,0.086314903854956,0.05557702359606509,0.1821224253468534,1.4641710893735338,2.894911540594136,,
2020-07-23,0.09861989276995775,0.0930431389808195,0.08826104142893865,0.0862036971744029,0.0554399615372958,0.18407114918956857,1.4687576059795981,2.8972681425184943,,
2020-07-24,0.09861989276995775,0.09204221588510197,0.0879274152250531,0.08603688736239512,0.05530289966628743,0.18601991093849524,1.4733443299113969,2.8996247984161228,,
2020-07-27,0.09861989276995775,0.08970676776844932,0.08714895846857473,0.08520284222874874,0.05489171517978342,0.1918938723132868,1.4871242796475448,2.9067514705427344,,
2020-07-28,0.09861989276995775,0.08870587803619934,0.08692654337756345,0.08492482873379004,0.054754654059796515,0.19385651083980715,1.4919527847912173,2.9091534491503923,,
2020-07-29,0.09718992642093749,0.08770499831260992,0.08681533603258629,0.08464681601108026,0.054617593127548325,0.19684854847699107,1.4967722518981263,2.911555483823358,,
2020-07-30,0.09718992642093749,0.08703775063247932,0.08681533603258629,0.08448000874818895,0.05450794450194696,0.19984067628358027,1.5016012173912685,2.9139632136694127,,
2020-07-31,0.09575998050093126,0.08603688759003525,0.08659292168298194,0.0840907927758705,0.05437088390767286,0.20281916706379466,1.5064211426655483,2.9163653606086193,,
2020-08-03,0.09147026530267333,0.08436880494300247,0.08625930113081992,0.08314556042465782,0.05395970325134947,0.21181007777002492,1.520900831745453,2.9235552209033733,,
2020-08-04,0.09004040108993028,0.08403519180466557,0.08614809452722749,0.08292315416911222,0.05382264340807463,0.2148163787420776,1.525721673485081,2.9259463135203445,,
2020-08-05,0.09147026530267333,0.08436880494300247,0.08637050782749345,0.0827563497789674,0.05371299565364307,0.217836498335644,1.5305520163201303,2.9283431015809214,,
2020-08-06,0.09147026530267333,0.08436880494300247,0.08648171467817711,0.08264514702185366,0.05360334801935984,0.22084298092079901,1.535382588970946,2.9307343060837487,,
2020-08-07,0.09147026530267333,0.08436880494300247,0.0865929216524286,0.08253394438832995,0.053493700505247155,0.22384955369885162,1.540213391448475,2.9331312056400494,,
2020-08-10,0.09147026530267333,0.08436880494300247,0.08703775075473708,0.08181112995460094,0.05316475868386572,0.23288354288901747,1.5547071779506316,2.94033351899603,,
2020-08-11,0.0929001499409221,0.08436880494300247,0.08714895834684988,0.08142192425457662,0.053055111650390785,0.23589047687762044,1.559538899844326,2.9427362821110137,,
2020-08-12,0.09147026530267333,0.08403519180466557,0.08714895834684988,0.08097711965453502,0.05291805304628028,0.23888376975351733,1.5643615763589525,2.945133460494964,,
2020-08-13,0.09147026530267333,0.08403519180466557,0.0872601660624861,0.08058791719789404,0.05280840628316685,0.24189088374577672,1.5691937575850634,2.947530695357581,,
2020-08-14,0.08861055613083035,0.08403519180466557,0.08737137390169014,0.08036551656505075,0.05269875964022397,0.24489808794989631,1.5740261687144042,2.949939266883561,,
2020-08-17,0.08003191883239058,0.08436880494300247,0.08737137390169014,0.07980951719095408,0.05236982043232974,0.2539477069721796,1.5885247816312065,2.9571371154943016,,
2020-08-18,0.07717253724859319,0.08436880494300247,0.0872601660624861,0.07953151867743369,0.05223276276697941,0.25695527205067403,1.5933488345752034,2.9595402701690032,,
2020-08-19,0.07574287689724457,0.08470241919362742,0.08737137390169014,0.07930912039211258,0.05212311675486525,0.2599629281785365,1.5981823949433815,2.961949122672314,,
2020-08-20,0.07288361707187274,0.08470241919362742,0.08737137390169014,0.07908672260106275,0.05201347086292163,0.26297067453451284,1.6030161852804259,2.9643467491133446,,
2020-08-21,0.07288361707187274,0.08536965130456764,0.08737137390169014,0.07903112322293904,0.05195864794698135,0.2660059811959492,1.607868764069731,2.96675007404561,,
2020-08-24,0.07288361707187274,0.08637050785749167,0.08681533542360675,0.0784751308964271,0.05179417937941633,0.2750987170670349,1.622427891042233,2.9739603854176178,,
2020-08-25,0.07431323657658417,0.08570326889127955,0.08648171385592374,0.07814153699230442,0.051711945208277044,0.2781069183128704,1.627272115927414,2.9763752178232794,,
2020-08-26,0.07574287650446987,0.08536965112180273,0.08614809340030671,0.0778079442000923,0.05162971110472814,0.2811289460870503,1.632116571731257,2.978790106858975,,
2020-08-27,0.07860221802371559,0.08570326889127955,0.08614809340030671,0.07758554962311592,0.0515748883990641,0.28416480246213904,1.636970540360383,2.981216337451764,,
2020-08-28,0.08289138289803155,0.08603688777280016,0.0862593000648948,0.07725195859291656,0.0515200657234427,0.2872007507430885,1.6418247408159337,2.9836482674709286,,
2020-08-31,0.09147026530267333,0.08670412887199497,0.08659292079979952,0.07641798598114757,0.0513555978768343,0.29632288541023843,1.6563887332519567,2.9908879754827034,,
2020-09-01,0.09147026530267333,0.08637050785804679,0.08648171379519454,0.07597320349894687,0.051245952825995644,0.299345461321221,1.6612345756840785,2.9932862758091927,,
2020-09-02,0.09147026530267333,0.08603688795612019,0.08648171379519454,0.07552842299354268,0.051136307895327526,0.30236812832191706,1.6660806491118896,2.995684631983764,,
2020-09-03,0.09147026530267333,0.08637050776691968,0.08637050691404635,0.07513924172621866,0.051026663084807744,0.30539088641510226,1.6709269535464255,2.9980830440077266,,
2020-09-04,0.09004040108993028,0.08637050776691968,0.08614809355296238,0.07480565912443282,0.05088960725938563,0.30839999476159896,1.6757642035645004,3.000504083973232,,
2020-09-08,0.09004040108993028,0.08703775072467224,0.08603688704256207,0.07336014684797831,0.050451029819686966,0.3204785591939041,1.6951433681219097,3.0102565401735726,,
2020-09-09,0.09147026530267333,0.08670412859865806,0.08592568065570738,0.07297097401282038,0.050341385760166446,0.323488120987081,1.6999817716223387,3.0127004423509574,,
2020-09-10,0.0929001499409221,0.08670412859865806,0.08570326822212593,0.07258180269107406,0.05023174182077206,0.3264977730655705,1.7048204053220273,3.0151331145430893,,
2020-09-11,0.09433005500729674,0.08670412859865806,0.08559206220601911,0.07219263288273936,0.050122098001570414,0.32950751543203705,1.7096592692319668,3.017565844183445,,
2020-09-14,0.09433005500729674,0.08670412859865806,0.08525844489892798,0.07091394261800055,0.0497931672648555,0.33853728428638874,1.7241772423326474,3.0248756668384003,,
2020-09-15,0.09290014955039005,0.08670412859865806,0.08514723937702584,0.07046918459814311,0.0496835239262694,0.3415336432720517,1.729017027193036,3.027319915852278,,
2020-09-16,0.0886105557403205,0.08670412859865806,0.08492482873425633,0.06996883425705036,0.049546469940775495,0.3445300909155291,1.733857040992448,3.029758577403885,,
2020-09-17,0.0828913825075217,0.08637050767581478,0.08481362361338896,0.06946848641771197,0.0494094161430203,0.347512882661527,1.7386972850676807,3.032248100875101,,
2020-09-18,0.07860221763322794,0.08603688786501529,0.08470241861613381,0.06896814108010574,0.04927236253300382,0.3504957630725114,1.743537759429703,3.034669943913504,,
2020-09-21,0.07431323657889344,0.08570326907513248,0.08470241861613381,0.06763389889439253,0.0489434345899431,0.3594724328096044,1.7580791515727778,3.0416648341638375,,
2020-09-22,0.07431323657889344,0.08536965130592211,0.08481362364374245,0.06724474822124016,0.0488612027618629,0.3624556703588633,1.7629298427983553,3.043957051314261,,
2020-09-23,0.07431323657889344,0.08536965130592211,0.08503603410032756,0.06691119166026827,0.0488063815732076,0.366470080600223,1.7677900590934215,3.0462549658146543,,
2020-09-24,0.077172538034187,0.0860368880477802,0.08514723955959091,0.06663322867066501,0.04877897098636286,0.37049840077236773,1.7726598018031892,3.048558578045446,,
2020-09-25,0.0786022192021063,0.0863705080413446,0.08503603410032756,0.06629967414806259,0.04872414984276041,0.37451313271588127,1.7775204828028857,3.050845303195193,,
2020-09-28,0.08718073159901252,0.08703775118159562,0.08503603410032756,0.06513224223456682,0.04847745510199175,0.38650328697771297,1.7921132094625314,3.057750952087357,,
2020-09-29,0.08861055534978846,0.08703775118159562,0.08503603410032756,0.06474310129005456,0.048395223656916286,0.39049115600755524,1.7969748182287137,3.060054820050051,,
2020-09-30,0.092900149159858,0.08770499886145977,0.08525844505111735,0.06440955306785678,0.04834040272359008,0.3944654329983033,1.8018459561388367,3.062364386757088,,
2020-10-01,0.09433005461676469,0.08803862432364973,0.0854808564352938,0.0640204149338075,0.048258171391157845,0.39845361832560044,1.806708029742654,3.064651417641562,,
2020-10-02,0.09433005461676469,0.08837225089819434,0.08559206232785499,0.06363127831305881,0.048175940126315986,0.4024419620841435,1.8115703355599422,3.0670006147119233,,
2020-10-05,0.09004040069939823,0.08837225080680078,0.08459121374218004,0.062130337362731325,0.04776478492856118,0.4144354459553412,1.8261400427394214,3.0739355786210787,,
2020-10-06,0.09004040069939823,0.08870587840201782,0.0843688042740931,0.06168561838093556,0.04765514381286362,0.41849319758695547,1.8310032753006578,3.0762454551290785,,
2020-10-07,0.08861055691418152,0.0890395070179073,0.0843688042740931,0.06118531195755672,0.04751809260594708,0.4225511120807601,1.8358481413522698,3.0785497352759705,,
2020-10-08,0.08861055691418152,0.089373136837545,0.08459121362045519,0.06074059717586788,0.04740845176058883,0.42662294758990527,1.8407025384067355,3.0808427723226117,,
2020-10-09,0.09147026530267333,0.09004039990390122,0.08481362352183996,0.060351473309916415,0.04732622119414387,0.43070870579819953,1.84556646780758,3.0831358610073023,,
2020-10-13,0.09147026530267333,0.09137493919970652,0.08492482864261852,0.05857264086586156,0.04688765937470585,0.4469846028974267,1.8649872976685078,3.092280482090848,,
2020-10-14,0.09004040069939823,0.09137493919970652,0.08492482864261852,0.05812793769601754,0.04677801922021718,0.4510436698418774,1.8698430837528424,3.094573824585223,,
2020-10-15,0.08718073238005442,0.09137493919970652,0.08481362349146426,0.05768323650265916,0.046668379185899056,0.45510290081338667,1.874699101306887,3.0968672180962553,,
2020-10-16,0.0828913836813383,0.09104130270753963,0.08459121358999067,0.05718295009102814,0.04653132933072346,0.459148534326248,1.879546046297298,3.0991776078669986,,
2020-10-19,0.0786022188093094,0.09137493919970652,0.0842575996190531,0.05584886503990916,0.04620241039925421,0.47134146399041565,1.8941068770197633,3.1062390166796128,,
2020-10-20,0.0786022188093094,0.09070766705359112,0.08414639520919476,0.055404173975714954,0.046037951293964596,0.4754015151966495,1.8989547467120227,3.1085496171043836,,
2020-10-21,0.08003192000964887,0.09004039917333007,0.08414639520919476,0.05501507086245194,0.045900902227291596,0.47946173158208705,1.9038121533160757,3.11086591920664,,
2020-10-22,0.08146164202598172,0.08937313555839044,0.08414639520919476,0.05468155506695993,0.045791263094119294,0.4835221131535006,1.9086790981762913,3.1131766245859005,,
2020-10-23,0.08432114694123527,0.0887058763917814,0.0840351908619752,0.05434804038315644,0.04573644358760731,0.4875826588051968,1.9135462754826582,3.1155269283561493,,
2020-10-26,0.08861055691418152,0.08637050475095442,0.08292315412385953,0.053180747904368886,0.045462346528091224,0.499710213180804,1.9281212767308098,3.122561209475694,,
2020-10-27,0.09147026452045459,0.08603688484905003,0.08247834297363532,0.052736068698444605,0.045352707935597536,0.5037576442751268,1.9329800723388857,3.1249060758421487,,
2020-10-28,0.09290014915870337,0.08570326605918943,0.08214473595407057,0.052291391468806125,0.045243069463252183,0.5078190054205844,1.9378390995601125,3.127250995527686,,
2020-10-29,0.09575998010922238,0.08570326605918943,0.08158872642121118,0.051902300460815454,0.04516084067656134,0.5119080670105136,1.9427076682197564,3.129618570293835,,
2020-10-30,0.09861989198651777,0.08536964838137262,0.08092151915051193,0.05145762693681277,0.04505120241449223,0.5159835256781653,1.9475671591442145,3.1320031499755707,,
2020-11-02,0.10290991360342172,0.08470241636209241,0.07969831772389746,0.050123618222697175,0.044722288349152706,0.528210893194303,1.962193573114357,3.138931187717642,,
2020-11-03,0.10147988636091121,0.0837015769471261,0.07914232223908968,0.049567786660298374,0.04455783176704475,0.5322594698799366,1.967053990246237,3.141253821351153,,
2020-11-04,0.10147988636091121,0.08303435613921106,0.0788087264309123,0.04906754082578679,0.04442078480302314,0.5373547974806936,1.9719146404000965,3.143582158975833,,
2020-11-05,0.10147988636091121,0.0827007474489383,0.07847513173464549,0.048567297492496664,0.044283738026718034,0.5424503833305394,1.9767755222554584,3.1458596885147516,,
2020-11-06,0.09861989276995775,0.08203353349556242,0.07803034059699065,0.04801147457627053,0.0441192821655223,0.5475324538466442,1.9816273224591008,3.1480581492346227,,
2020-11-09,0.09433005500729674,0.08003191768521933,0.07569521786587874,0.04651076792085984,0.04370814363889863,0.5627664366124163,1.9962120522166504,3.154535128775704,,
2020-11-10,0.09433005500729674,0.07936472134169037,0.07480566154651758,0.04601053737138816,0.04357109783883484,0.5678357604384621,2.0010740923011916,3.156699864149126,,
2020-11-12,0.08861055613083035,0.07803034199824754,0.07336014962033843,0.04501008377588711,0.04329700680187898,0.5779751747304385,2.0107988677846356,3.1610407752789005,,
2020-11-13,0.08432114498060361,0.0776967498968828,0.07302657299457227,0.04456544088384806,0.04318737058235378,0.5830590436865624,2.015670919680579,3.1632226042772826,,
2020-11-16,0.06716533622799226,0.07702956902968516,0.0718034680914581,0.043231524064824,0.042858462644668194,0.5983535299291409,2.0302884715526437,3.169813588340875,,
2020-11-17,0.06001795151380218,0.07669598035526803,0.07124751631446546,0.04273130991150342,0.04272141800854001,0.6034659872680148,2.035152136020235,3.1719899496367887,,
2020-11-18,0.057159140964557764,0.07669598035526803,0.07080275705573236,0.042286677147362894,0.04261178241979913,0.6085787058251579,2.0400253510321154,3.1741720102073545,,
2020-11-19,0.058588536226134025,0.07736315909019353,0.07069156753467531,0.0419532037796877,0.04255696465547132,0.6137192495515587,2.0449174370880563,3.176393688324608,,
2020-11-20,0.06144738839877206,0.07836393566902355,0.07069156753467531,0.041675310117650355,0.04252955578079032,0.6188738393132942,2.0498190772855196,3.17858714985102,,
2020-11-23,0.0743132357956533,0.08169993051774238,0.06980205511317727,0.04100836838696331,0.04252955578079032,0.6343805496401123,2.0645254146287817,3.1851452025302596,,
2020-11-24,0.08003192040244578,0.08203353623752463,0.06946848998208299,0.04078605546478098,0.04252955578079032,0.6395361993233095,2.0694279980217667,3.1873388507090317,,
2020-11-25,0.08146164241880083,0.0823671428868078,0.06902373838644227,0.040452587099193416,0.04247473806151536,0.6446645392989891,2.0743214937233523,3.189521237100612,,
2020-11-27,0.08146164241880083,0.0823671428868078,0.06757830924506436,0.03967449867541273,0.04231028510641721,0.654922000435687,2.0840905435022927,3.1939370317740634,,
2020-11-30,0.08575092983955646,0.0833679691398359,0.06546579653639029,0.038507377386753916,0.042063606180620106,0.6703239413453188,2.0987365485005016,3.200710914524141,,
2020-12-01,0.08432114694123527,0.0833679691398359,0.06457633090102277,0.038062763395552146,0.041953971312769234,0.6754676370944734,2.103622123485094,3.202989706156334,,
2020-12-02,0.08289138407415741,0.08303435915479884,0.0639092368629024,0.03767372772087718,0.04187174522944925,0.680625387491407,2.1085731988810474,3.2052742031770665,,
2020-12-03,0.08289138407415741,0.08270075028176116,0.06346451009668908,0.037284693559169746,0.041789519213697446,0.6857696109967115,2.113524514358067,3.2075587507673475,,
2020-12-04,0.08289138407415741,0.08236714252047861,0.06301978530707242,0.036895660910363226,0.041707293265536016,0.6909140973434313,2.1184760699278327,3.209781147201718,,
2020-12-07,0.0786022192021063,0.08270074973348862,0.060685012269412475,0.035561846354248416,0.041378390193846926,0.7062939535544821,2.1331643076476503,3.216301589844117,,
2020-12-08,0.0786022192021063,0.0833679683174049,0.060017944173362814,0.03517282040534919,0.04129616458361518,0.7114256939330321,2.1380515313901505,3.218478932994784,,
2020-12-09,0.08146164241880083,0.08436880467046493,0.05946205741422794,0.034839370750505694,0.04124134754015518,0.7165714925735589,2.142948317097093,3.2206619779912904,,
2020-12-10,0.08289138446697653,0.08470241901219477,0.058794997471167676,0.03445034761120347,0.041159122042566665,0.7217037566697337,2.1478360090189996,3.222850723995796,,
2020-12-11,0.08432114694123527,0.08503603446596841,0.058127941975105735,0.034061325984824364,0.04107689661254632,0.7268362822932417,2.152723934824219,3.225028205300129,,
2020-12-14,0.08861055691418152,0.0857032687093362,0.05579328243929815,0.03289427018271507,0.04083022072796094,0.7422354284609467,2.1673704576599784,3.231244192975913,,
2020-12-15,0.09004040108993028,0.0857032687093362,0.055015074699626965,0.03250525460769538,0.040747995568279904,0.7473690003269917,2.172249988776609,3.2332747944826545,,
2020-12-16,0.08718073277056426,0.08536965103149718,0.0541257019589958,0.032060667292488354,0.04063836214218686,0.7532066438042273,2.177129751603646,3.2352997792164384,,
2020-12-17,0.08289138289803155,0.08503603446596841,0.05323633712390752,0.031616081953234065,0.04052872883621994,0.7590446255342664,2.1820097474889,3.237370053799804,,
2020-12-18,0.08146164084987806,0.08470241901219477,0.052346980194162285,0.031171498589888103,0.040419095650423564,0.7648829455367379,2.1868899764435623,3.2394064316309867,,
2020-12-21,0.07717253725092466,0.0833679682263,0.049678956836873844,0.030282338034548495,0.0400627886075311,0.7823447186770416,2.201513397608079,3.245481865827138,,
2020-12-22,0.07717253725092466,0.0823671416074756,0.048789631528189936,0.03006004919157146,0.039953155932348494,0.7881567788285748,2.2063852255022276,3.2475014331807106,,
2020-12-23,0.08146164085218732,0.08136632444815106,0.04812264255160681,0.02994890492484803,0.039898339624788726,0.7939967888876076,2.2112852873188427,3.2495323550305377,,
2020-12-24,0.08575092944904661,0.08103272095236758,0.047566821724953634,0.029893332830166486,0.03987093147852505,0.7998509455100056,2.2161949188534757,3.2515802885428657,,
2020-12-28,0.08003191883239058,0.07669597752177904,0.04445428301211862,0.02922647028502645,0.039542034399064896,0.8231604813317972,2.2358544630811217,3.2597384792780737,,
2020-12-29,0.0814616400665713,0.07469446690779868,0.043565004144707764,0.02900418378837255,0.03943240229455913,0.8289748953050013,2.240811949156707,3.2618149015531284,,
2020-12-30,0.08289138133257268,0.07269299687144848,0.042564575004377936,0.02872632640029682,0.03929536235165454,0.83477583164413,2.245741665870038,3.26388570730185,,
2020-12-31,0.08432114341512253,0.07169227700181136,0.04167531293419735,0.02850404101508719,0.03918573051748808,0.8405909154679536,2.2506809582151455,3.2659678707978257,,
2021-01-04,0.0971899260292286,0.07102513579866354,0.039007573419702624,0.028059471604802155,0.0389664671494927,0.8639789553845478,2.2705432469675157,3.2744101147029747,,
2021-01-05,0.09575998010922238,0.07002443288137705,0.038007189853317414,0.027781616840893975,0.038829427844855324,0.8697819055924594,2.2754183640991243,3.2764755146323044,,
2021-01-06,0.09147026491214127,0.06802305679298737,0.036895664442471166,0.027448192188628262,0.03866498094959869,0.8755851880683174,2.280275033678203,3.2785352967861447,,
2021-01-07,0.08861055652367167,0.06535461614387561,0.03589530199505919,0.027170339122695175,0.03852794205794208,0.8814026237506045,2.285141274963509,3.2805724860518914,,
2021-01-08,0.08575092983955646,0.06268624665211053,0.034894949551222965,0.026892486828633544,0.038390903354024175,0.8872203949209512,2.2900077477724823,3.282587080501864,,
2021-01-11,0.08146164241880083,0.05668267518130765,0.03222739157455745,0.026225644380462043,0.03806201118550234,0.9047171891296557,2.3046365840422967,3.2886197831200725,,
2021-01-12,0.08003192079526489,0.05568211541353563,0.03133822138996489,0.02600336455231833,0.0379523807029436,0.9105363064315197,2.3095133276994195,3.2906288758973723,,
2021-01-13,0.0786022192021063,0.05501508103564756,0.030560203855345414,0.02583665498250287,0.037870157908592716,0.9163695834456531,2.3143996475838646,3.2926436676115944,,
2021-01-14,0.07574287689955383,0.05401453766911146,0.029782192371929916,0.025669945690531826,0.03778793518183221,0.9222031976606315,2.3192862008398096,3.294658498626424,,
2021-01-15,0.07002443580639284,0.053014004308082896,0.029004186939651788,0.0255032366764274,0.03770571252263988,0.9280371490959727,2.3241729874783568,3.296679028469307,,
2021-01-19,0.05430041013632092,0.049678965547528264,0.02589222572133565,0.024836403398453832,0.03737682256168551,0.9513901547566261,2.3437411582791556,3.3047615430795707,,
2021-01-20,0.04858319272402767,0.048344980548731264,0.025225389393424003,0.024725264935776536,0.037322007665818724,0.9572534512438446,2.3486384597786403,3.306787931180577,,
2021-01-21,0.044295493468382574,0.047011012970599175,0.024669695773305023,0.024669695743084752,0.03726719278493995,0.9631170898800612,2.3535453429600395,3.308820019777481,,
2021-01-22,0.044295493468382574,0.04634403566865508,0.02433628099176577,0.024725264950986592,0.037294600225368235,0.9690087317792528,2.358471156975117,3.3108578097649666,,
2021-01-25,0.04858319155061075,0.04334269315460215,0.0230026331619948,0.024725264950986592,0.03726719278493995,0.9866442190583635,2.3732219739818428,3.316954437314834,,
2021-01-26,0.05001246468869791,0.042008792273007245,0.022446951890442435,0.024669695758317012,0.03723978535952188,0.9925233976821657,2.3781393840065057,3.3189867258912598,,
2021-01-27,0.055729763774525765,0.042008792273007245,0.02222468015482537,0.024780834220128334,0.03726719279992796,0.9984305909559898,2.383085080356606,3.3210360387012416,,
2021-01-28,0.061447389573499045,0.04134184813646691,0.022002408913213145,0.02489197280546307,0.03729460024783915,1.0043381297497378,2.388031015624059,3.3230910531311553,,
2021-01-29,0.06287684727064313,0.04034144040545584,0.021669003022650735,0.02494754213682171,0.037322007695794746,1.0102321770778966,2.3929678388729725,3.325140446788244,,
2021-02-01,0.04572470026031894,0.03667336577481972,0.020001990696272287,0.024780834281012964,0.03723978539700301,1.0278471841064452,2.4077049212507973,3.331249238354528,,
2021-02-02,0.03857884108939835,0.0356730055503629,0.019335193636416115,0.024669695880086273,0.03718497057623171,1.033714921248019,2.4126146349003452,3.3332931306163216,,
2021-02-03,0.035720641509717765,0.03400576028302904,0.018668401021915138,0.024558557602616382,0.037130155785480845,1.039928983712235,2.41752458393536,3.3353370633063095,,
2021-02-04,0.0342915725404902,0.03233854280246806,0.018001612852680537,0.024447419448669905,0.03707534102477261,1.0461295881620147,2.4224347683671654,3.3373866981760925,,
2021-02-05,0.03572064190349167,0.0313382253779082,0.017557089754260957,0.024447419448669905,0.03707534102477261,1.0523582586579483,2.427363896368906,3.3394476985517008,,
2021-02-08,0.048583191940965165,0.0313382253779082,0.01722369859011863,0.02494754245656594,0.037322007853490824,1.0711711820180492,2.442208840426807,3.345608302567804,,
2021-02-09,0.052871076135296846,0.0313382253779082,0.017112568449006993,0.025114250681523842,0.03740423026488138,1.077442934751005,2.447157633208241,3.3476581439733755,,
2021-02-10,0.054300410920582465,0.03000448418961632,0.01666804930198218,0.025114250681523842,0.03737682279441046,1.083673535459595,2.4520785960171043,3.3496910370617305,,
2021-02-11,0.054300410920582465,0.028337332939654125,0.016112403222412475,0.025058681272760452,0.037349415338949754,1.0898906723236346,2.4569904384111663,3.3517126444947642,,
2021-02-12,0.050012466646331966,0.02667020947546561,0.015556760229729072,0.025003111894861263,0.03732200789099416,1.0961081915717763,2.4619025162928354,3.353745616779946,,
2021-02-16,0.03429157254164483,0.02133560037371751,0.013778723153734518,0.025003111894861263,0.03732200789099416,1.1210375015648921,2.4815812613668387,3.3619118866474507,,
2021-02-17,0.027146528035504325,0.01966859360389428,0.013223093125880325,0.024947542547826274,0.037294600450565873,1.1272569364943141,2.4864851600654436,3.363950722766962,,
2021-02-18,0.021430860659710227,0.0180016146172024,0.012667466184912435,0.02489197323167769,0.0372671930176427,1.133476753949192,2.4913892934230297,3.36598959910297,,
2021-02-19,0.021430860659710227,0.01733483052801521,0.012445216181511398,0.025003111940469225,0.03732200791350948,1.1397385181693753,2.4963217425963746,3.368073824798845,,
2021-02-22,0.017144321528017592,0.016334662592054627,0.012111842056938826,0.025503237726787198,0.03756867535043007,1.1585677091174196,2.511148599644697,3.3743041006413454,,
2021-02-23,0.015715516363834503,0.015667889615444963,0.011889593288216815,0.025614377114790976,0.03762349041149804,1.1648310268651763,2.5160819997445127,3.3763601745518734,,
2021-02-24,0.020001993087959136,0.015667889615444963,0.011889593288216815,0.025836656322097973,0.03773312065376011,1.1711224505082773,2.5210437238491368,3.378427618492852,,
2021-02-25,0.022859745906278484,0.015334504748643063,0.011778469073919773,0.026003366028959363,0.037815343403058144,1.177400405500828,2.525996324997326,3.380489439098855,,
2021-02-26,0.02143085909402931,0.014667738439921862,0.01155622104607179,0.026114505972629765,0.037870158599284665,1.183664889290803,2.5309398018463325,3.382551300261749,,
2021-03-01,0.025717581938988765,0.014667738439921862,0.01155622104607179,0.026781348410631622,0.038199050497489395,1.2025438480747441,2.5458278520399835,3.388776785861758,,
2021-03-02,0.025717581938988765,0.014334356906919865,0.011445097202167354,0.026948059691944692,0.03828127362974776,1.2088237528541157,2.550791014468423,3.3908501422400317,,
2021-03-03,0.022859747469672342,0.013334219249405699,0.01111172650252179,0.027003630165634007,0.03830868134802046,1.2150763171804524,2.555726321027141,3.392912209475951,,
2021-03-04,0.020001994651308586,0.0123340915930914,0.010778356914120657,0.027059200670143113,0.03833608907379826,1.2213292677830223,2.560661865099867,3.3949913125536524,,
2021-03-05,0.018573148273381967,0.012000717838822617,0.010667233934569254,0.027225912414530207,0.03841831231867765,1.2276103382509174,2.565616380126867,3.397076123598297,,
2021-03-08,0.014286731612100922,0.011000603243860319,0.010333865736544823,0.027726049314868995,0.03866498245881367,1.2464558883007903,2.5804813613145683,3.403262824602815,,
2021-03-09,0.012857966879975535,0.010667233934480436,0.01022274325086503,0.027892762170678154,0.03874720597403236,1.2527385179467387,2.5854368337846045,3.405319475054336,,
2021-03-10,0.01142922255972234,0.010333865736589232,0.010111620888553219,0.028059475304376136,0.03882942955681923,1.2590215374476577,2.5903925456443044,3.407376166411824,,
2021-03-11,0.010000498649920253,0.010000498649898049,0.010000498649787026,0.028226188715896328,0.03891165320719647,1.2653049468277722,2.5953484969052365,3.4094328986761235,,
2021-03-12,0.010000498649920253,0.010000498649898049,0.010000498649787026,0.02844847372727166,0.03902128486115153,1.2716026189268703,2.6003140574663686,3.411489672411472,,
2021-03-15,0.010000498649920253,0.010000498649898049,0.010000498649787026,0.029115331725115823,0.039350180543884505,1.2904979852285337,2.615212181179327,3.4176715713825745,,
2021-03-16,0.010000498649920253,0.010000498649898049,0.010000498649787026,0.029337618712310665,0.039459812678432904,1.296838847701931,2.62017870313227,3.4197341752506993,,
2021-03-17,0.010000498649920253,0.010000498649898049,0.010000498649787026,0.029559906193554752,0.039569444933107434,1.3031662317103176,2.625145465462242,3.4217968202562288,,
2021-03-18,0.010000498649920253,0.010000498649898049,0.010000498649787026,0.029782194168692655,0.04036427965063982,1.3094662583962746,2.6301124681808785,3.4238878388551885,,
2021-03-19,0.010000498649920253,0.010000498649898049,0.010000498649787026,0.03000448263781319,0.04115912068329841,1.315766676879826,2.635079711299837,3.425950566703073,,
2021-03-22,0.010000498649920253,0.010000498649898049,0.011333973116745,0.030671351009115,0.04351627270777758,1.3346702833596957,2.6499828831748395,3.4320879945509253,,
2021-03-23,0.010000498649920253,0.010000498649898049,0.011778468556800092,0.030893641454166065,0.04425632043361105,1.3409722692772519,2.6549510880113703,3.4341338847664327,,
2021-03-24,0.010000498649920253,0.010000498649898049,0.01222296597240824,0.031115932393155354,0.04496896425596475,1.347621682967115,2.659919533306354,3.4361798154497247,,
2021-03-25,0.010000498649920253,0.010000498649898049,0.012667465363569441,0.03133822382619389,0.045681613154702205,1.354271532953355,2.6648882190714707,3.4382257866015786,,
2021-03-26,0.010000498649920253,0.010000498649898049,0.013111966730217084,0.031560515753148444,0.04642167689812293,1.3609218192646155,2.669857145318355,3.440277465620234,,
2021-03-29,0.010000498649920253,0.010000498649898049,0.014445482683722588,0.032227394498018924,0.048641900975177066,1.3809447262516317,2.684793495783677,3.446449750047087,,
2021-03-30,0.010000498649920253,0.010000498649898049,0.014889991952715675,0.03244968840094842,0.04938198661659232,1.3876384233533878,2.689791515517115,3.4485015921865925,,
2021-03-31,0.010000498649920253,0.010000498649898049,0.015334503197306226,0.032671982797860544,0.05009466695053977,1.3943186746100622,2.694789778521245,3.450553475024032,,
2021-04-01,0.010000498649920253,0.010000498649898049,0.01577901641753865,0.0328942776887553,0.0508621743158022,1.4010688095617452,2.6997882848079024,3.4526053985602045,,
2021-04-05,0.010000498649920253,0.010000498649898049,0.017557089054642816,0.03378346219220507,0.05404190997329028,1.4279765966196623,2.7197753635807453,3.460887190483186,,
2021-04-06,0.010000498649920253,0.010000498649898049,0.01800161215297358,0.0340057595530574,0.05483685967750951,1.4346456123617513,2.724756326226374,3.4629563248963713,,
2021-04-07,0.010000498649920253,0.010000498649898049,0.018446137226968418,0.03422805740791457,0.05563181569776532,1.441315066599902,2.729737530402776,3.4650255006906105,,
2021-04-08,0.010000498649920253,0.010000498649898049,0.018890664276738356,0.034450355756732165,0.05642677803410212,1.4479849593630023,2.7347189761216972,3.467089049004657,,
2021-04-09,0.010000498649920253,0.010000498649898049,0.019335193302083553,0.0346726545995768,0.05722174668658653,1.4546552906798293,2.7397006633948395,3.4691356315422084,,
2021-04-12,0.010000498649920253,0.010000498649898049,0.020668792232436672,0.03533955409209533,0.05960669054134726,1.4746550174323136,2.754619026801186,3.4752245981896968,,
2021-04-13,0.010000498649920253,0.010000498649898049,0.021113329160593608,0.03556185491093711,0.060374270875507285,1.4813132026177733,2.759592295971669,3.4772656722228845,,
2021-04-14,0.010000498649920253,0.010000498649898049,0.02155786806457005,0.03578415622376152,0.06114185709797937,1.4879718246751938,2.7645658058457423,3.479306786516756,,
2021-04-15,0.010000498649920253,0.010000498649898049,0.022002408944210572,0.036006458030612976,0.061909449208785716,1.494630883633219,2.7695395564350633,3.4813592803698112,,
2021-04-16,0.010000498649920253,0.010000498649898049,0.022446951799559578,0.03622876033142486,0.06267704720794853,1.5012903795205146,2.7745135477512894,3.4834288242083122,,
2021-04-19,0.010000498649920253,0.010000498649898049,0.023780592220279395,0.036895670198022756,0.06497987653617532,1.5212714890447732,2.7894463519747115,3.4896717246176046,,
2021-04-20,0.010000498649920253,0.010000498649898049,0.02422514297868439,0.03711797447487619,0.0657200830338267,1.5279327329358994,2.7944119205155715,3.4917357644858926,,
2021-04-21,0.010000498649920253,0.010000498649898049,0.02466969571286448,0.03734027924575667,0.06643287974870127,1.5345944138996481,2.7993871156410277,3.4937998455202512,,
2021-04-22,0.010000498649920253,0.010000498649898049,0.025114250422930695,0.03756258451061978,0.06711826608749583,1.5412565319647298,2.804362551563311,3.4958526268405787,,
2021-04-23,0.010000498649920253,0.010000498649898049,0.025558807108705395,0.037673737358812076,0.06783107276202571,1.5479190871598103,2.809338228294056,3.4979054488774475,,
2021-04-26,0.010000498649920253,0.010000498649898049,0.026892489021013155,0.03811834992553109,0.06996952325093453,1.56790937581186,2.8242667034536595,,,
2021-04-27,0.010000498649920253,0.010000498649898049,0.0273370536101325,0.038340656919477745,0.0706823502357734,1.5745736798137733,2.829243343534804,,,
2021-04-28,0.010000498649920253,0.010000498649898049,0.027781620175115762,0.03856296440740703,0.07142259891610436,1.5812523344965745,2.8342296143688106,,,
2021-04-29,0.010000498649920253,0.010000498649898049,0.028226188715940737,0.03872969537039861,0.07216285307223291,1.5879314283092638,2.8392161269910288,,,
2021-04-30,0.010000498649920253,0.010000498649898049,0.02867075923254081,0.03895200372290297,0.07290311270420347,1.5946109612806625,2.844202881413138,,,
2021-05-03,0.010000498649920253,0.010000498649898049,0.030004482637790986,0.039618931744445085,0.07517875971936316,1.6146521954360615,2.859183379916952,,,
2021-05-04,0.010000498649920253,0.010000498649898049,0.03044906105806877,0.03984124207303541,0.07597387736013594,1.6213334853312,2.8641617099467664,,,
2021-05-05,0.010000498649920253,0.010000498649898049,0.030893641454166065,0.04006355289560837,0.07676900131829978,1.6283632092225275,2.869140280925131,,,
2021-05-06,0.010000498649920253,0.010000498649898049,0.03133822382614948,0.04028586421223057,0.07890762757678527,1.635393419399711,2.8741190928636806,,,
2021-05-07,0.010000498649920253,0.010000498649898049,0.031782808174152244,0.04050817602285761,0.08101888066609497,1.6424241158964348,2.879098145774117,,,
2021-05-10,0.010000498649920253,0.010000498649898049,0.033116573073588285,0.04117511441890098,0.08735290717030164,1.6635191236399782,2.8940367504531883,,,
2021-05-11,0.010000498649920253,0.010000498649898049,0.03356116532540199,0.04139742820565839,0.08946433842027535,1.670551765751127,2.8990167673677014,,,
2021-05-12,0.010000498649920253,0.010000498649898049,0.03400575955310181,0.041619742486442846,0.09157581421272987,1.6775709678434003,2.903997025312388,,,
2021-05-13,0.010000498649920253,0.010000498649898049,0.034450355756732165,0.041842057261276544,0.09371475689068376,1.6845906545322142,2.908977524298928,,,
2021-05-14,0.010000498649920253,0.010000498649898049,0.03489495393644848,0.04206437253011508,0.09585374527754098,1.6916108258510532,2.9139582643389783,,,
2021-05-17,0.010000498649920253,0.010000498649898049,0.03622876033146927,0.042731321300837344,0.10229840938742463,1.71268817923671,2.928901930896899,,,
2021-05-18,0.010000498649920253,0.010000498649898049,0.03667336641515195,0.04295363854585066,0.10446500648544355,1.719710290371923,2.9338836352676756,,,
2021-05-19,0.010000498649920253,0.011333973116811613,0.03711797447483178,0.043175956284846606,0.10660422460357921,1.7267328863045384,2.938865580750316,,,
2021-05-20,0.010000498649920253,0.012667465363547237,0.03756258451061978,0.04339827451793621,0.1087434884365246,1.7337559670679958,2.943847767356478,,,
2021-05-21,0.010000498649920253,0.014000975390371373,0.03800719652244933,0.04362059324503065,0.11085537093971087,1.7407795326957798,2.94883019509784,,,
2021-05-24,0.010000498649920253,0.018001612152995783,0.039341044414276105,0.04428755239060944,0.11719128576523907,1.7618531390998005,2.9637789252497937,,,
2021-05-25,0.010000498649920253,0.019335193302150167,0.039785664330382886,0.044509873093900865,0.11930334648218022,1.7688786445196447,2.9687623176486655,,,
2021-05-26,0.010000498649920253,0.020668792232547695,0.04023028622257563,0.044732194291197125,0.12141545175492485,1.7759185749463002,2.973755353867369,,,
2021-05-27,0.010000498649920253,0.02200240894414396,0.04067491009083213,0.04495451598258704,0.12352760158440557,1.7829589923648692,2.978748632202355,,,
2021-05-28,0.010000498649920253,0.023336043437716114,0.04111953593526341,0.04517683816798179,0.12563979597153274,1.7899998968090358,2.983742152665325,,,
2021-06-01,0.010000498649920253,0.028670759232563015,0.04289805907404798,0.04606613185016428,0.13411645252634496,1.818196277033679,3.0037374667539307,,,
2021-06-02,0.010000498649920253,0.030004482637702168,0.04334269479913111,0.04628845650584967,0.13628373828866724,1.8252675124958762,3.008751010580135,,,
2021-06-03,0.010000498649920253,0.0313382238262383,0.04378733250034461,0.04651078165558431,0.13842363636855648,1.8323252913574617,3.01376479843265,,,
2021-06-04,0.010000498649920253,0.03267198279788275,0.044231972177799506,0.04673310729936819,0.14053614500073586,1.8393835594123775,3.0187788303233543,,,
2021-06-07,0.010000498649920253,0.03667336641501873,0.04556590306712405,0.047400087195104135,0.14687393829244666,1.8605194443844342,3.033812982234818,,,
2021-06-08,0.010000498649920253,0.03800719652247153,0.04601055064923365,0.047622414815151615,0.14895918769901595,1.8675517615971193,3.0388185813761126,,,
2021-06-09,0.010000498649920253,0.03934104441416508,0.046455200207629055,0.04784474292924834,0.15101704246098802,1.8745845643117764,3.0438244236999257,,,
2021-06-10,0.010000498649920253,0.040674910090920946,0.04689985174228806,0.048067071537349904,0.15304750088036556,1.8816178525619565,3.0488305092180923,,,
2021-06-11,0.01571551440799901,0.042008793552406054,0.04734450525307743,0.04828940063958953,0.15507800046516973,1.888651626381166,3.053836837942403,,,
2021-06-14,0.0328625212460576,0.046010550649300264,0.04867847764309374,0.048956390910603886,0.16111486451557688,1.9097558615882804,3.0688196382427035,,,
2021-06-15,0.038578843441783306,0.04734450525316625,0.04912313905895971,0.04917872198910711,0.16298087929496052,1.9167915780188727,3.0738081145564644,,,
2021-06-16,0.0442954922927008,0.04867847764298272,0.04956780245113368,0.04940105356165958,0.1648743707435063,1.9238417404219055,3.078796832309827,,,
2021-06-17,0.05001246781977109,0.05001246781948243,0.05001246781948243,0.0496233856282835,0.16882607977299902,1.9308784293231795,3.083785791514493,,,
2021-06-18,0.05001246781977109,0.05001246781948243,0.05001246781948243,0.0496233856282835,0.172668166469081,1.9378597476973791,3.088737334219993,,,
2021-06-21,0.05001246781977109,0.05001246781948243,0.05001246781948243,0.0496233856282835,0.18419531078499585,1.9588065718837422,3.1036498763432174,,,
2021-06-22,0.05001246781977109,0.05001246781948243,0.05001246781948243,0.0496233856282835,0.1880379869850346,1.96578980307629,3.108611788143434,,,
2021-06-23,0.05001246781977109,0.05001246781948243,0.05001246781948243,0.0496233856282835,0.19188081057517348,1.9727735125553147,3.1135645233447473,,,
2021-06-24,0.05001246781977109,0.05001246781948243,0.05001246781948243,0.0495678025881352,0.1956963317683469,1.9797577003535682,3.1185174964464935,,,
2021-06-25,0.05001246781977109,0.05001246781948243,0.05001246781948243,0.0495678025881352,0.19956689994093946,1.986742366503802,3.123470707460152,,,
2021-06-28,0.05001246781977109,0.05001246781948243,0.05001246781948243,0.0495678025881352,0.21128931768210624,2.0076992353941225,3.1383788563589476,,,
2021-06-29,0.05001246781977109,0.05001246781948243,0.05001246781948243,0.0495678025881352,0.21532521887392964,2.0146997879602946,3.143361275725498,,,
2021-06-30,0.05001246781977109,0.05001246781948243,0.05001246781948243,0.0495678025881352,0.2193338263914324,2.0217008209582277,3.148334517220275,,,
2021-07-01,0.05001246781977109,0.05001246781948243,0.05001246781948243,0.0495678025881352,0.22331513693891747,2.0287442582040516,3.153307998508792,,,
2021-07-02,0.05001246781977109,0.05001246781948243,0.05001246781948243,0.0495678025881352,0.22735152245758616,2.035788181719056,3.1582817196025736,,,
2021-07-06,0.05001246781977109,0.05001246781948243,0.05001246781948243,0.0495678025881352,0.2435536158655216,2.0638429244229872,3.1782637938291947,,,
2021-07-07,0.05001246781977109,0.05001246781948243,0.05001246781948243,0.0495678025881352,0.2476457443663982,2.070847330000758,3.183229296459422,,,
2021-07-08,0.05001246781977109,0.05001246781948243,0.05001246781948243,0.0495678025881352,0.2517380399155611,2.077852216274678,3.1881950380567847,,,
2021-07-09,0.05001246781977109,0.05001246781948243,0.05001246781948243,0.0495678025881352,0.25580303632786183,2.084857583277766,3.1931610186328285,,,
2021-07-12,0.05001246781977109,0.05001246781948243,0.05001246781948243,0.0495678025881352,0.26799901455367703,2.105876568991838,3.2080980904246825,,,
2021-07-13,0.05001246781977109,0.05001246781948243,0.05001246781948243,0.0495678025881352,0.27209214096122203,2.112869873113099,3.213083877795131,,,
2021-07-14,0.05001246781977109,0.05001246781948243,0.05001246781948243,0.0495678025881352,0.27615796268938286,2.119877643296997,3.218069906019516,,,
2021-07-15,0.05001246781977109,0.05001246781948243,0.05001246781948243,0.0495678025881352,0.2802239492780245,2.1268719063618047,3.2230561751094733,,,
2021-07-16,0.05001246781977109,0.05001246781948243,0.05001246781948243,0.0495678025881352,0.28431757473017516,2.1338666484686852,3.228042685076593,,,
2021-07-19,0.05001246781977109,0.05001246781948243,0.05001246781948243,0.0495678025881352,0.2965994537703853,2.1548817331291437,3.2430225147678904,,,
2021-07-20,0.05001246781977109,0.05001246781948243,0.05001246781948243,0.0495678025881352,0.30069374770111956,2.161878393648964,3.248009989271017,,,
2021-07-21,0.05001246781977109,0.05001246781948243,0.05001246781948243,0.0495678025881352,0.3047607291640553,2.1688895271743336,3.252997704709548,,,
2021-07-22,0.05001246781977109,0.05001246781948243,0.04979013494914586,0.0495678025881352,0.30882787553452307,2.1758871470979546,3.2579856610951863,,,
2021-07-23,0.05001246781977109,0.05001246781948243,0.04956780257294735,0.0495678025881352,0.312867704986175,2.182885246293509,3.2629738584394996,,,
2021-07-26,0.05001246781977109,0.05001246781948243,0.04934547069075368,0.0495122195788511,0.3250156547194294,2.2038964184343923,3.277930465944623,,,
2021-07-27,0.05001246781977109,0.05001246781948243,0.04934547069075368,0.0495122195788511,0.32908362238437405,2.2109104355596543,3.2829290576340986,,,
2021-07-28,0.05001246781977109,0.05001246781948243,0.049234304950074304,0.0495122195788511,0.3331517549968188,2.218274946305887,3.287927891252518,,,
2021-07-29,0.05001246781977109,0.05001246781948243,0.049234304950074304,0.0494566366004312,0.3392816898438733,2.225625986204216,3.29292696681156,,,
2021-07-30,0.05001246781977109,0.05001246781948243,0.049234304950074304,0.0494566366004312,0.3453845090277241,2.232977554753468,3.2979262843229717,,,
2021-08-02,0.05001246781977109,0.05001246781948243,0.049234304950074304,0.04934547073629503,0.363722688970336,2.2550634436980133,3.312916255079168,,,
2021-08-03,0.05001246781977109,0.05001246781948243,0.049234304950074304,0.04934547073629503,0.3699094853185647,2.2624171292456863,3.3179165400604838,,,
2021-08-04,0.05001246781977109,0.05001246781948243,0.049234304950074304,0.04934547073629503,0.3760691644764558,2.2697713436345524,3.3229170670526775,,,
2021-08-05,0.05001246781977109,0.05001246781948243,0.049234304950074304,0.04934547073629503,0.38222922165249695,2.27712608690267,3.327917836067451,,,
2021-08-06,0.05001246781977109,0.05001246781948243,0.049234304950074304,0.04934547073629503,0.3883621549269689,2.284481359088053,3.3329188471165505,,,
2021-08-09,0.05001246781977109,0.05001246781948243,0.049234304950074304,0.04934547073629503,0.4067632030209545,2.306550349528269,3.3478572751027835,,,
2021-08-10,0.05001246781977109,0.05001246781948243,0.049234304950074304,0.04934547073629503,0.4129251438833581,2.3139077377631434,3.3528498139742346,,,
2021-08-11,0.05001246781977109,0.05001246781948243,0.049234304950074304,0.04934547073629503,0.41905995254996053,2.321265655105509,3.3578425940257617,,,
2021-08-12,0.05001246781977109,0.05001246781948243,0.049234304950074304,0.04934547073629503,0.42519513602763404,2.3286241015934017,3.362835615269022,,,
2021-08-13,0.05001246781977109,0.05001246781948243,0.049234304950074304,0.04934547073629503,0.4313306943392936,2.3359830772649026,3.367828877715673,,,
2021-08-16,0.05001246781977109,0.05001246781948243,0.049234304950074304,0.04928988785053434,0.44976713726481155,2.3580631797614826,3.3828006724201165,,,
2021-08-17,0.05001246781977109,0.05001246781948243,0.049234304950074304,0.04928988785053434,0.4559317172691424,2.3654242725479335,3.3878043397665314,,,
2021-08-18,0.05001246781977109,0.05001246781948243,0.049234304950074304,0.04928988785053434,0.46209667559240497,2.3727858947082625,3.392779926634404,,,
2021-08-19,0.05001246781977109,0.05001246781948243,0.049234304950074304,0.04928988785053434,0.46823448843338333,2.3801480462805724,3.397755752954734,,,
2021-08-20,0.05001246781977109,0.05001246781948243,0.049234304950074304,0.04928988785053434,0.47437267626899704,2.387510727302944,3.4027318187390465,,,
2021-08-23,0.05001246781977109,0.05001246781948243,0.049234304950074304,0.04928988785053434,0.49278948997273364,2.409601947451012,3.417652009831418,,,
2021-08-24,0.05001246781977109,0.05001246781948243,0.049234304950074304,0.04928988785053434,0.4989016457825901,2.4169667466543254,3.4226195895191047,,,
2021-08-25,0.05001246781977109,0.05001246781948243,0.049234304950074304,0.04928988785053434,0.5050141733449864,2.424332075498059,3.4276062959525566,,,
2021-08-26,0.05001246781977109,0.05001246781948243,0.049234304950074304,0.04928988785053434,0.5111546082651186,2.431697934020338,3.432593242828963,,,
2021-08-27,0.05001246781977109,0.05001246781948243,0.049234304950074304,0.04928988785053434,0.5172954183400913,2.4390643222592656,3.4375804301599366,,,
2021-08-30,0.05001246781977109,0.05001246781948243,0.049234304950074304,0.04928988785053434,0.535720099723136,2.461166665656722,3.4525906667024486,,,
2021-08-31,0.05001246781977109,0.05001246781948243,0.049234304950074304,0.04928988785053434,0.5418899546417943,2.468535173143116,3.457578818244955,,,
2021-09-01,0.05001246781977109,0.05001246781948243,0.049234304950074304,0.04928988785053434,0.5480601882030589,2.4759182462927187,3.4625577630425175,,,
2021-09-02,0.05001246781977109,0.05001246781948243,0.049234304950074304,0.04928988785053434,0.5542308004301999,2.4833018514082372,3.467536947454164,,,
2021-09-03,0.05001246781977109,0.05001246781948243,0.049234304950074304,0.04928988785053434,0.5604017913464654,2.4906859885280186,3.4725163714913743,,,
2021-09-07,0.05001246781977109,0.05001246781948243,0.049234304950074304,0.04928988785053434,0.5850895423673785,2.5202138159913456,3.492512064019615,,,
2021-09-08,0.05001246781977109,0.05001246781948243,0.049234304950074304,0.04928988785053434,0.5912348695567893,2.527600612695702,3.497511590889446,,,
2021-09-09,0.05001246781977109,0.05001246781948243,0.049234304950074304,0.04928988785053434,0.5973805721999126,2.534973897787607,3.5025113592769053,,,
2021-09-10,0.05001246781977109,0.05001246781948243,0.049234304950074304,0.04928988785053434,0.6035266503197079,2.542347713130244,3.5075113691936943,,,
2021-09-13,0.05001246781977109,0.05001246781948243,0.049234304950074304,0.04928988785053434,0.6219671377684532,2.5644723410437553,3.522484490050637,,,
2021-09-14,0.05001246781977109,0.05001246781948243,0.049234304950074304,0.04928988785053434,0.6281147180242863,2.571848277770594,3.527476011648756,,,
2021-09-15,0.05001246781977109,0.05001246781948243,0.049234304950074304,0.04928988785053434,0.6342351045627748,2.579224744938835,3.5324677739219768,,,
2021-09-16,0.05001246781977109,0.05001246781948243,0.049234304950074304,0.04928988785053434,0.6403834343399639,2.586615793504521,3.537459776881957,,,
2021-09-17,0.05001246781977109,0.05001246781948243,0.049234304950074304,0.04928988785053434,0.6465045670842828,2.594007374610796,3.5424520205402876,,,
2021-09-20,0.05001246781977109,0.04934547069064266,0.049234304950074304,0.052069060066495254,0.6648701991989414,2.6161853135567403,3.5575247549871625,,,
2021-09-21,0.05001246781977109,0.04867847800866798,0.049234304950074304,0.05345867512431823,0.6709652418944945,2.623564969228398,3.562035688319698,,,
2021-09-22,0.05001246781977109,0.04801148977293668,0.049123139332984955,0.0548483094823915,0.6770330725832885,2.6309451556089103,3.566556275029531,,,
2021-09-23,0.05001246781977109,0.04801148977293668,0.049123139332984955,0.0561823768068459,0.6851423896180098,2.6383258727364245,3.571077059067518,,,
2021-09-24,0.05001246781977109,0.04801148977293668,0.049123139332984955,0.057460874859183164,0.6932523598406792,2.6457071206491323,3.5755980404422516,,,
2021-09-27,0.05001246781977109,0.047677997368200664,0.049123139332984955,0.0611852887165476,0.7175861901623781,2.66788217357552,3.5891810865637863,,,
2021-09-28,0.05001246781977109,0.047677997368200664,0.049123139332984955,0.06246385069510474,0.7256711798414806,2.6752936731551102,3.5937028581974673,,,
2021-09-29,0.05001246781977109,0.047677997368200664,0.049123139332984955,0.06374242901092675,0.7337568185339371,2.6826916436888393,3.5982342869834483,,,
2021-09-30,0.05001246781977109,0.047677997368200664,0.049123139332984955,0.06502102366410245,0.741787909788405,2.69009014726187,3.6027659139846513,,,
2021-10-01,0.05001246781977109,0.047677997368200664,0.049123139332984955,0.06629963465496491,0.7498748422330337,2.697489183912638,3.607297739209714,,,
2021-10-04,0.05001246781977109,0.047677997368200664,0.049123139332984955,0.07024675385798318,0.7741947489898982,2.7197317001451005,3.621282339669185,,,
2021-10-05,0.05001246781977109,0.047677997368200664,0.049123139332984955,0.07163662138431892,0.7824499388403128,2.727146942694092,3.6258244371347947,,,
2021-10-06,0.05001246781977109,0.047677997368200664,0.049123139332984955,0.07302650821441325,0.7907058049368532,2.7345627205425993,3.630347808287482,,,
2021-10-07,0.05001246781977109,0.047677997368200664,0.049123139332984955,0.07441641434853263,0.7989899611891005,2.74196496153567,3.63487137688987,,,
2021-10-08,0.05001246781977109,0.047677997368200664,0.049123139332984955,0.0758063397869213,0.8072747983299822,2.7493677358757296,3.63939514295053,,,
2021-10-12,0.05001246781977109,0.047677997368200664,0.049123139332984955,0.08136623458883108,0.8404209568990684,2.7789841674747073,3.6574921819461093,,,
2021-10-13,0.04715394000387452,0.047677997368200664,0.049123139332984955,0.08275625655274066,0.8486815718478535,2.7863896091263163,3.6619980042275735,,,
2021-10-14,0.04429549385989162,0.047677997368200664,0.049123139332984955,0.08414629782254046,0.8569428634871867,2.7937955843555295,3.6665040223697876,,,
2021-10-15,0.041437129383159466,0.047677997368200664,0.049123139332984955,0.08548075578762582,0.8652048318724681,2.8012020932008275,3.671010236381256,,,
2021-10-18,0.041437129383159466,0.047677997368200664,0.049123139332984955,0.08948423644064007,0.8900224368511456,2.8234248218176106,3.684624730286834,,,
2021-10-19,0.04000797796546163,0.047677997368200664,0.049123139332984955,0.09081876557839319,0.898287115038876,2.830819381144156,3.689169604279674,,,
2021-10-20,0.04286630160770244,0.04834498338066595,0.04934547072112938,0.09226452595345602,0.9066077614661827,2.8382426470776156,3.693724148473021,,,
2021-10-21,0.04572470691834862,0.04901197383937461,0.04956780260330085,0.09371030721179174,0.9149014484380658,2.845666448890083,3.6982788927246046,,,
2021-10-22,0.04858319389744459,0.049678968744926166,0.049790134979499356,0.09510050138326065,0.9231681691868054,2.853090786620238,3.702833837043218,,,
2021-10-25,0.04858319389744459,0.049678968744926166,0.04967896874488176,0.09871509625740682,0.9477787986021724,2.8752824607349403,3.716405157345437,,,
2021-10-26,0.05001246781977109,0.05001246781948243,0.049790134979499356,0.09999413813488456,0.9560205534282051,2.882694842911504,3.7209419546574196,,,
2021-10-27,0.05001246781977109,0.05001246781948243,0.04967896874488176,0.10121758462120489,0.9642629788837453,2.8901077571350964,3.725469477785137,,,
2021-10-28,0.05001246781977109,0.05001246781948243,0.04967896874488176,0.10244104606078608,0.9725337386856436,2.8975212054746846,3.7299971985437663,,,
2021-10-29,0.05001246781977109,0.05001246781948243,0.049567802633654345,0.10366452245385016,0.9808328396791133,2.9049351879688157,3.7345251169419447,,,
2021-11-01,0.05001246781977109,0.05001246781948243,0.04945663664595035,0.10750188579589093,1.0057342355854981,2.9272367309991054,3.748072164220684,,,
2021-11-02,0.05001246781977109,0.05001246781948243,0.04945663664595035,0.10878103959874874,1.0140360653831948,2.9346669531445935,3.752667188654768,,,
2021-11-03,0.05001246781977109,0.05001246781948243,0.04945663664595035,0.11006020974639874,1.0223385775221194,2.9421118112721745,3.757224519480862,,,
2021-11-04,0.05001246781977109,0.05001246781948243,0.04945663664595035,0.11145063023858537,1.0327175706924097,2.9495431072359857,3.7617820504875166,,,
2021-11-05,0.05001246781977109,0.05001246781948243,0.04945663664595035,0.11284107004216892,1.0430976301961659,2.9569749396581635,3.766339781683481,,,
2021-11-08,0.05001246781977109,0.05001246781948243,0.04945663664595035,0.12240776506458051,1.074188830421563,2.9792736560623867,3.7798909837483574,,,
2021-11-09,0.05001246781977109,0.05001246781948243,0.04945663664595035,0.12646832110567718,1.0845177676240603,2.9867076347054544,3.7844116032841546,,,
2021-11-10,0.05001246781977109,0.05001246781948243,0.04945663664595035,0.13052904182639935,1.0948477603575757,2.994142150000556,3.78872392114209,,,
2021-11-12,0.05001246781977109,0.05001246781948243,0.049345470781836376,0.13865097733323228,1.1155109128492269,3.0090127907018926,3.7973490944052557,,,
2021-11-15,0.05001246781977109,0.05001246781948243,0.049345470781836376,0.1509463922315657,1.1465412692705845,3.031322777612888,3.810278719082061,,,
2021-11-16,0.05001246781977109,0.05001246781948243,0.049345470781836376,0.15506374617284546,1.1569330229739272,3.0387605136339646,3.8145731525540683,,,
2021-11-17,0.05001246781977109,0.05001246781948243,0.049345470781836376,0.15918126938467836,1.1673535585120076,3.0461987865783247,3.8188582836921503,,,
2021-11-18,0.05001246781977109,0.05001246781948243,0.049345470781836376,0.16335460695466875,1.1777474504613084,3.0536375964847373,3.823143591706657,,,
2021-11-19,0.05001246781977109,0.05001246781948243,0.049345470781836376,0.16752811841531656,1.1881424102747618,3.0610769433919494,3.827429076604849,,,
2021-11-22,0.05001246781977109,0.049678968744926166,0.049345470781836376,0.17982707896191386,1.2193336979971825,3.083369968595062,3.8402771107298506,,,
2021-11-23,0.05001246781977109,0.049678968744926166,0.049345470781836376,0.1838899636959157,1.22973293036448,3.090797341882845,3.844563302844528,,,
2021-11-24,0.05001246781977109,0.049678968744926166,0.049345470781836376,0.18795301320400082,1.2401054970091696,3.0982252503285013,3.848849671879395,,,
2021-11-26,0.05001246781977109,0.049678968744926166,0.049345470781836376,0.19607960656888856,1.260881558720972,3.1131109188979655,3.8574229407389637,,,
2021-11-29,0.05001246781977109,0.049678968744926166,0.049345470781836376,0.20827073258837814,1.2920952683166842,3.1354434516796204,3.870303140477871,,,
2021-11-30,0.05001246781977109,0.049678968744926166,0.049345470781836376,0.21233477088087316,1.3025297273985048,3.142874576971222,3.8745905719703266,,,
2021-12-01,0.05001246781977109,0.049678968744926166,0.049345470781836376,0.21639897399416963,1.3129930154507585,3.150334493934337,3.8788971513664894,,,
2021-12-02,0.05001246781977109,0.049678968744926166,0.049345470781836376,0.2204633419349511,1.3234573842302089,3.157879725258206,3.883203909310895,,,
2021-12-03,0.05001246781977109,0.049678968744926166,0.049345470781836376,0.22458355382115602,1.3338950740351407,3.165425508499986,3.8875108458109375,,,
2021-12-06,0.05001246781977109,0.049678968744926166,0.049345470781836376,0.2369452058204935,1.3652145952343986,3.1879531040053477,3.900527601006565,,,
2021-12-07,0.05001246781977109,0.049678968744926166,0.049345470781836376,0.24101040703254917,1.375628815344565,3.195402147025006,3.9048352557366828,,,
2021-12-08,0.05001246781977109,0.049678968744926166,0.049345470781836376,0.24507577311252415,1.386044105407369,3.202851727784184,3.9091525772850577,,,
2021-12-09,0.05001246781977109,0.049678968744926166,0.049345470781836376,0.2491413040671686,1.3964604655327895,3.210301846321717,3.9134700782212706,,,
2021-12-10,0.05001246781977109,0.049678968744926166,0.049345470781836376,0.25315130487513215,1.4068778958306938,3.2177525026764187,3.9177877585528043,,,
2021-12-13,0.05001246781977109,0.049678968744926166,0.049345470781836376,0.26490376153154305,1.4381366088591196,3.240093558611412,3.9308272877545347,,,
2021-12-14,0.04858319389744459,0.049678968744926166,0.049345470781836376,0.2688029853200824,1.4485583209467245,3.2475322241629856,3.935164670483382,,,
2021-12-15,0.04858319389744459,0.049678968744926166,0.049345470781836376,0.27270236074634635,1.4589811037567069,3.2549714256860707,3.939483252241005,,,
2021-12-16,0.04858319389744459,0.049678968744926166,0.049345470781836376,0.27649047169042706,1.4708503984374843,3.262425306696448,3.9438020134388685,,,
2021-12-17,0.04858319389744459,0.049678968744926166,0.049345470781836376,0.28005588526063274,1.4827210816612535,3.2698797257956214,3.9481209540843887,,,
2021-12-20,0.04858319389744459,0.049678968744926166,0.05768322366375145,0.29927771357880495,1.5182858443094194,3.292232064452616,3.9611168246033834,,,
2021-12-21,0.05001246781977109,0.05001246781948243,0.06057380724655559,0.30713463769216354,1.5301342668782025,3.299688637316911,3.9651611775153084,,,
2021-12-22,0.05001246781977109,0.049678968744926166,0.06324211236430344,0.31493644680913313,1.5419562526189035,3.3071315968190795,3.9691961928703723,,,
2021-12-23,0.05001246781977109,0.049678968744926166,0.06579930522239152,0.32273886274454266,1.5537796148902938,3.314589243224031,3.973231364829344,,,
2021-12-27,0.05001246781977109,0.049345470781725354,0.07580634092918537,0.35395459560014775,1.601086832488785,3.3444676769522674,3.989573026938986,,,
2021-12-28,0.05001246781977109,0.04901197393045731,0.07836385487580699,0.3618158006624794,1.6129170798182546,3.352027108712652,3.9938273976234173,,,
2021-12-29,0.05001246781977109,0.048678478190833374,0.08092143418161335,0.36967762153057304,1.6247487046403997,3.3596012501856842,3.998015467776095,,,
2021-12-30,0.05001246781977109,0.048678478190833374,0.08347907884824757,0.3777631106563595,1.636581707115603,3.367147631139833,4.002203706591989,,,
2021-12-31,0.05001246781977109,0.048678478190833374,0.08592558306959042,0.38596078640584786,1.648416087404292,3.3746945630623193,4.00639211407785,,,
2022-01-03,0.05001246781977109,0.048678478190833374,0.09415516951576386,0.4103904869521724,1.6839274967555218,3.397366988901207,4.018929853635567,,,
2022-01-04,0.05001246781977109,0.048678478190833374,0.09693558800087931,0.418590827322185,1.695795248474652,3.404930290135666,4.0230619426852465,,,
2022-01-05,0.05001246781977109,0.048678478190833374,0.09971608372050245,0.42679183739966486,1.707636523481293,3.4123949965379596,4.027108704311755,,,
2022-01-06,0.05001246781977109,0.048678478190833374,0.10249665667692032,0.43499351723921276,1.7195070423323688,3.4198460767699945,4.031155623367599,,,
2022-01-07,0.05001246781977109,0.048678478190833374,0.10527730687206471,0.4433074658305891,1.7313789466174345,3.4272976938680033,4.035202699858886,,,
2022-01-10,0.05001246781977109,0.048678478190833374,0.11361972091221695,0.46819762784100494,1.7670029736936987,3.4496557667447636,4.047249864815772,,,
2022-01-11,0.05001246781977109,0.048344983562831345,0.11640068008422766,0.47645850712594306,1.778880421331941,3.4571095316935585,4.0512880661334405,,,
2022-01-12,0.05001246781977109,0.048344983562831345,0.11918171650577847,0.4847200656519446,1.7907313706262862,3.4645638337017504,4.055326424178629,,,
2022-01-13,0.05001246781977109,0.048344983562831345,0.12185158451465394,0.4929823034748315,1.8025836998237788,3.4720186728080638,4.059364938957466,,,
2022-01-14,0.04858319389744459,0.048344983562831345,0.1245215237206887,0.5013010523431616,1.8144374090851345,3.479474049051179,4.063403610476013,,,
2022-01-18,0.04715394039422893,0.048344983562831345,0.13520199255359078,0.534471234264533,1.8618939540562485,3.5093292807534926,4.079502840893512,,,
2022-01-19,0.04715394039422893,0.048344983562831345,0.1378722877735994,0.5427934175616933,1.8737545692966373,3.516787345304273,4.083532789761191,,,
2022-01-20,0.04572470730872524,0.048344983562831345,0.1404313878629937,0.5511162897642308,1.8856444761451208,3.5242459472242693,4.0875628946681175,,,
2022-01-21,0.04572470730872524,0.048678478190833374,0.14299055405333494,0.5594957172312398,1.8975357739483334,3.531719268961031,4.091602661690641,,,
2022-01-24,0.04572470730872524,0.048678478190833374,0.15022333316643266,0.5842470375324815,1.9331342145737063,3.5540999148454766,4.103703888052324,,,
2022-01-25,0.04715394039422893,0.04901197393045731,0.15278274959746874,0.5925174611093986,1.9450310550088057,3.561575391713201,4.107801320130844,,,
2022-01-26,0.04715394039422893,0.04901197393045731,0.155230947921825,0.6007326754698283,1.9569292806905336,3.5690514061806677,4.111879898753967,,,
2022-01-27,0.04858319389744459,0.049345470781725354,0.15779049232631515,0.609060346130974,1.9688288983001678,3.576542148883677,4.115968145456939,,,
2022-01-28,0.05001246781977109,0.049678968744926166,0.16046139064331832,0.6173887061519556,1.9807299047403637,3.58403343336271,4.120056552696427,,,
2022-01-31,0.05001246781977109,0.049678968744926166,0.16814061900227717,0.6505410350690521,2.016357409673364,3.606439578693754,4.132313225667827,,,
2022-02-01,0.05001246781977109,0.049678968744926166,0.17070049262213338,0.6629549727858342,2.028263960008636,3.613918831865459,4.136411782662375,,,
2022-02-02,0.05001246781977109,0.049678968744926166,0.1734830373854912,0.6753704416006867,2.040171899983223,3.621398624957539,4.140529519795044,,,
2022-02-03,0.04858319389744459,0.049678968744926166,0.1762656594425538,0.6878433758913616,2.052780134088894,3.628878958008963,4.144647419750269,,,
2022-02-04,0.04858319389744459,0.049678968744926166,0.17904835879538616,0.7004297377711577,2.0653619664590783,3.636359831058722,4.148765482534533,,,
2022-02-07,0.04858319389744459,0.049678968744926166,0.20353928424359236,0.7379744159002,2.1031167714307797,3.6587772950537945,4.160997001155509,,,
2022-02-08,0.04858319389744459,0.049678968744926166,0.21166714186513502,0.7504551063606257,2.115704809679264,3.6662461276478764,4.165096687118419,,,
2022-02-09,0.04858319389744459,0.049678968744926166,0.21979565876553142,0.7629373430863007,2.128294399875541,3.673715498386998,4.169187022408138,,,
2022-02-10,0.05001246781977109,0.05001246781948243,0.22803619928366547,0.7754771125604742,2.1409135259845558,3.6811996101955513,4.173287031846384,,,
2022-02-11,0.05001246781977109,0.05001246781948243,0.23616604393517093,0.7880184391506617,2.15350622410051,3.6886700583645293,4.177377688752992,,,
2022-02-14,0.05001246781977109,0.05001246781948243,0.2608937299783731,0.8254837520776492,2.1912936343478018,3.7110846325954183,4.1896125676679,,,
2022-02-15,0.05001246781977109,0.05001246781948243,0.26913764751355096,0.8379752842979649,2.20389254370148,3.7185430280871623,4.19368483709337,,,
2022-02-16,0.05001246781977109,0.058350276286422975,0.27749365985081376,0.8504683641268329,2.216493006343212,3.7260161669277814,4.19775726568421,,,
2022-02-17,0.05001246781977109,0.06668877959663533,0.2858503685433167,0.8630190232432389,2.2290950224645334,3.733475636222683,4.201829853446659,,,
2022-02-18,0.05001246781977109,0.07502797780762904,0.29409633812955693,0.8755712442664931,2.2416985922569355,3.740935641966203,4.205902600386913,,,
2022-02-22,0.05001246781977109,0.10638958882145388,0.3267525813783312,0.925627552327124,2.292128411968797,3.7707810301985667,4.222252281318273,,,
2022-02-23,0.05001246781977109,0.11373096105684599,0.33489043325896084,0.9381314916241168,2.30473975299037,3.7782437187641182,4.22633534372876,,,
2022-02-24,0.05001246781977109,0.12140660662856018,0.3430289452291069,0.9506369800668324,2.31735264883266,3.785721159164912,4.230418566099314,,,
2022-02-25,0.05001246781977109,0.1290828406861122,0.3511681173422154,0.9630879307229279,2.32996709968738,3.7931991383309605,4.234501948436198,,,
2022-02-28,0.05001246781977109,0.15211507422649984,0.37558959507528744,1.000562213218048,2.3678197842433635,3.8156363088090783,4.246734017067522,,,
2022-03-01,0.05001246781977109,0.1594597997724767,0.3837314082959731,1.0130754363656624,2.3804404570651583,3.823116443424479,4.250837077564573,,,
2022-03-02,0.05001246781977109,0.16747283975311333,0.39187388192754025,1.0255902098091907,2.393062685858194,3.830611338298917,4.254968859132546,,,
2022-03-03,0.05001246781977109,0.17582043694537308,0.40012856926070484,1.038106533740657,2.4056864708142944,3.8380925518966436,4.259100804455707,,,
2022-03-04,0.05001246781977109,0.18416872979629684,0.40849549783588124,1.0506805440892109,2.4183118121253067,3.8455743045315405,4.263232913540604,,,
2022-03-07,0.05001246781977109,0.20921778288165438,0.43304251657769743,1.0884119647915247,2.4561971761067447,3.868022797047521,4.275468353792,,,
2022-03-08,0.05001246781977109,0.2175688589473479,0.4411889900047372,1.1009922355603718,2.468828744756446,3.8755067062194337,4.279563023135413,,,
2022-03-09,0.05001246781977109,0.22592063096209536,0.44933612422053404,1.1135740719212306,2.4814618707206915,3.882991154622717,4.28364833077981,,,
2022-03-10,0.05001246781977109,0.23427309898322868,0.4573723022842202,1.1261574740689895,2.494096554191505,3.8904761422962286,4.287733798472226,,,
2022-03-11,0.08575082525059674,0.24262626306887913,0.4652974974297397,1.1387424421984482,2.5067327953608665,3.8979616692788266,4.291819426218946,,,
2022-03-14,0.19304251129041994,0.26735570991969215,0.4887418783267039,1.1763381276114426,2.5446508669809464,3.920421486469672,4.304020123720864,,,
2022-03-15,0.227400141101608,0.2753773818781724,0.49655788765901043,1.18887312809568,2.5572933408652743,3.927909171077193,4.308068290607037,,,
2022-03-16,0.2603372630570089,0.2833996955928564,0.5041511666417309,1.2014096815738506,2.5700216669589215,3.935397395188134,4.312116614607553,,,
2022-03-17,0.29185246874865456,0.2914226511155249,0.511298310169872,1.2139477882383565,2.5827234714204117,3.94288615884133,4.316165095728475,,,
2022-03-18,0.28755437216276825,0.2910883496324068,0.5157655170596742,1.225081541348727,2.5946679369386105,3.9500194699555458,4.319975561385747,,,
2022-03-21,0.2789587327582499,0.2897511547521381,0.5543030225501067,1.2583776472813168,2.6305096788359794,3.9714223406683624,4.33142684722525,,,
2022-03-22,0.27752619762297925,0.289082563768428,0.5672638812479924,1.2695162908239688,2.6424878294542875,3.978571853665236,4.335237871408548,,,
2022-03-23,0.27752619762297925,0.28841397705894334,0.5803381655211215,1.2807124262492975,2.654495502355214,3.985736102801929,4.339068090967935,,,
2022-03-24,0.27752619762297925,0.28841397705894334,0.593525919201543,1.291966072369699,2.6672358153618347,3.992915091060545,4.342907980097843,,,
2022-03-25,0.2803912887517912,0.28841397705894334,0.6067154020156673,1.3031646928618024,2.6799777095517507,4.000094574943613,4.346748010543444,,,
2022-03-28,0.2889870509507064,0.28741110548919924,0.6460705673834832,1.3447620574434715,2.718156594178933,4.021607499854563,4.35832612252125,,,
2022-03-29,0.29185246874865456,0.28741110548919924,0.6592669360584669,1.3600205395041032,2.7309892298208904,4.028803211083787,4.362214367642769,,,
2022-03-30,0.294717968415914,0.28741110548919924,0.672912451026586,1.375281318884003,2.7437953233904633,4.036013669502458,4.366083697606293,,,
2022-03-31,0.29901637201739106,0.2877453948980868,0.6868954281268103,1.3906007236005768,2.7566030168327815,4.043238880083533,4.369962702460151,,,
2022-04-01,0.3004492137614445,0.2874111055807482,0.7005446847133445,1.4057534390621962,2.769496756630918,4.050436085695175,4.373822787918669,,,
2022-04-04,0.3004492137614445,0.2867425303806348,0.7412796856287374,1.450943376113023,2.808018696456127,4.072002175251166,4.385518279046741,,,
2022-04-05,0.3004492137614445,0.2867425303806348,0.7549363108796836,1.466048740131587,2.8207780525352666,4.07915860258059,4.389417067313461,,,
2022-04-06,0.29901637201739106,0.30312379149730617,0.7685947874414234,1.4811563532373784,2.8334826524705425,4.086315522015993,4.393277871226964,,,
2022-04-07,0.29758355074214204,0.31917333778825885,0.7824790669930692,1.4963789802196592,2.8461888221941622,4.093472933591169,4.397138817930868,,,
2022-04-08,0.29615074993420976,0.3352254521741038,0.7963652595735615,1.5118294535935606,2.858896561900104,4.100630837340002,4.400999907430458,,,
2022-04-11,0.2918524703219516,0.38339720800997235,0.8378112432727791,1.5583078200968492,2.8970292028517974,4.122078979519173,4.412679375293105,,,
2022-04-12,0.29041975138626164,0.3994595988852101,0.8515930070550182,1.5738241458820301,2.9097150336919064,4.129224588138181,4.416560108792678,,,
2022-04-13,0.28898705252398127,0.41619398906820315,0.865488726223651,1.5893992803725165,2.922430626220107,4.136384952282368,4.420412382660777,,,
2022-04-14,0.2861217158081075,0.43293116850766644,0.8794984435534392,1.6049768031241474,2.935147789895365,4.1435458088033394,4.424264798652056,,,
2022-04-18,0.27322871303943064,0.5005777751520002,0.9353324828241361,1.667141352824797,2.9860321599496586,4.172208427419366,4.439685420675965,,,
2022-04-19,0.27036382655163393,0.5173290195195968,0.9493519011061657,1.6826743107179798,2.998757182272538,4.1793717473133984,4.443529010621483,,,
2022-04-20,0.2689314138061283,0.5344181675049242,0.9634854473283161,1.6982661403549315,3.011511999015415,4.186535561750104,4.44738228051762,,,
2022-04-21,0.27036382655163393,0.5515102255328364,0.977733168909789,1.7139733711373673,3.0242966208649413,4.193728412842357,4.451245231427947,,,
2022-04-22,0.2732287138242029,0.5689404162242839,0.9919829049992446,1.7296830321954504,3.0371110585335703,4.2009360345122815,4.455117864418678,,,
2022-04-25,0.27752619762297925,0.6202429189510861,1.0341828889848692,1.7764873347505317,3.0754792167051015,4.222519060321939,4.4666507688222,,,
2022-04-26,0.28182386442319185,0.6373495682169716,1.0482160447890188,1.7920370073146064,3.0882717774409985,4.22971439565023,4.470485813691627,,,
2022-04-27,0.2861217154133566,0.6544591258186072,1.062363436491176,1.8075890555974583,3.101065925844626,4.236910227731516,4.474359158984775,,,
2022-04-28,0.28898705134314806,0.6712360234324866,1.0764005025901469,1.8230303482974275,3.113861658607342,4.244106554628613,4.478223106567203,,,
2022-04-29,0.3620802941349366,0.6880157173887236,1.09043951836858,1.8385305552714781,3.1266589794310073,4.251303378347027,4.482087197056384,,,
2022-05-02,0.5773693531208934,0.7387073698801316,1.1576284684106763,1.8853849241013743,3.16506047223879,4.272925394523064,4.4938139093744445,,,
2022-05-03,0.6463593224337538,0.7554983006335281,1.1797723931677995,1.900951221523628,3.1778076119261423,4.280095638175685,4.497716742471702,,,
2022-05-04,0.7153966146771218,0.771956130302276,1.202033604977193,1.9165198972027175,3.1905563266580783,4.287252091038374,4.50159109419388,,,
2022-05-05,0.7844812623113873,0.788080694658766,1.2245246436449753,1.9320909515020412,3.204013395452443,4.2944090350285125,4.505465589561308,,,
2022-05-06,0.7844812623113873,0.787744742174934,1.241396091833158,1.944889222020607,3.216086589955869,4.3008663765778055,4.508872569241307,,,
2022-05-09,0.7888005968858192,0.7874087907188798,1.2921398640036275,1.9919618231121206,3.2523995114597914,4.320283670563807,4.51899873766195,,,
2022-05-10,0.7916802557143221,0.7867368910743355,1.3090225864845317,2.009074169699443,3.264506657386801,4.32675690515778,4.522348893711325,,,
2022-05-11,0.7945599968189887,0.7857290498682223,1.3259081228690128,2.026189387418964,3.2766152229707135,4.333230541425959,4.5256896125385415,,,
2022-05-12,0.7959998984223615,0.7847212187402253,1.3429090697469448,2.0431941071344273,3.2886969140195843,4.339704579393255,4.529030438141013,,,
2022-05-13,0.7959998984223615,0.7833774597636456,1.3596876345968623,2.060144962152144,3.300751717459538,4.346164725395862,4.532361824392628,,,
2022-05-16,0.7916802553199487,0.7766589303065619,1.4100399983727696,2.111014423773949,3.3369528774883195,4.36554756336498,4.5423852585783075,,,
2022-05-17,0.7888005964914457,0.7732998333500385,1.4267169836131188,2.127919808216938,3.348984998694693,4.371995012201202,4.545736162401748,,,
2022-05-18,0.785921019935576,0.7951357407610882,1.443509419292921,2.144827991496334,3.36101852087074,4.3784428593450775,4.549077626896514,,,
2022-05-19,0.7844812623113873,0.8173124294805101,1.460417366445177,2.161852480060733,3.3730817649511913,4.3849054038109125,4.55242874614894,,,
2022-05-20,0.7830415252556566,0.8394939974588622,1.477328131704625,2.1789365662569393,3.3851464169304624,4.3913683484023025,4.555779972815044,,,
2022-05-23,0.7830415252556566,0.9070770317046284,1.5280773547301285,2.2304331370486485,3.421433823959741,4.410802490794774,4.565786558733187,,,
2022-05-24,0.7830415252556566,0.9296147737149152,1.5449994017546542,2.2475854946692353,3.433532456439048,4.417281342221235,4.569109568756491,,,
2022-05-25,0.7844812623113873,0.9518210562530882,1.5619242692371804,2.2647407301350952,3.445632504262397,4.423760595670423,4.572432684382166,,,
2022-05-26,0.7873607977318287,0.9747053602799927,1.5787390993536432,2.2818988439290866,3.4577623082588715,4.430254554597846,4.575755905613588,,,
2022-05-27,0.7888005964914457,0.9975948518444966,1.5955567133728366,2.2990598365342008,3.4698935345691018,4.436748917374933,4.579079232454086,,,
2022-05-31,0.7888005964914457,1.094259097865491,1.6633068254501504,2.367618874689792,3.518432666283311,4.462744715359079,4.592555059275449,,,
2022-06-01,0.7859210191468735,1.1181868199121148,1.6801384360885852,2.3847373703131503,3.5305993639394018,4.469241096871368,4.5959553271538445,,,
2022-06-02,0.7801621112687007,1.142457325757129,1.6969728287947072,2.4018018399220686,3.5427391243084028,4.475737880604047,4.599346153329709,,,
2022-06-03,0.7744035308781205,1.1670708727001822,1.713923021586572,2.4189829453035605,3.554880311484143,4.482249380686043,4.602746641984234,,,
2022-06-06,0.7614479262685103,1.2426347714953767,1.7651297619744932,2.4708281846119284,3.59136918005305,4.501829261048118,4.612881906110444,,,
2022-06-07,0.7542510858869589,1.2682853393769955,1.7822044035657791,2.488077807902589,3.603487692216323,4.50834238907214,4.6162350714047395,,,
2022-06-08,0.7427372025611723,1.2942800458876746,1.7993950179967522,2.5053872811540145,3.615636009288048,4.514870239830637,4.619597898276195,,,
2022-06-09,0.7341026535496065,1.3202814321424894,1.8167016630896704,2.5227566337241214,3.6278141414277654,4.521412816035575,4.6229703876522255,,,
2022-06-10,0.8348841012820074,1.3466273072733292,1.834011255181922,2.540128934259145,3.640022098820639,4.5279701204052225,4.626352540462864,,,
2022-06-13,1.1378338209765193,1.4260441154500647,1.8859576900117192,2.5922635000940497,3.676654600685958,4.547615862901955,4.636480545474919,,,
2022-06-14,1.2419117157145054,1.4530938295874707,1.903505503532621,2.6097615869167035,3.6889251264501155,4.554174814752021,4.639872691915792,,,
2022-06-15,1.3518879722131283,1.4815038090977728,1.9215093139804074,2.6274907146054405,3.7013107474767493,4.5607914705419805,4.64330317343824,,,
2022-06-16,1.4605342738837068,1.5099217364876516,1.9394030413432573,2.6451658815475065,3.7136978445696522,4.567394221034715,4.646724210827591,,,
2022-06-17,1.4590849054123334,1.5129669550890457,1.9486908034293648,2.6585666892080972,3.723926734442262,4.572923035251186,4.649428601805861,,,
2022-06-21,1.4706804257885953,1.524810340697047,1.9859636252940405,2.721088536039673,3.7648523832950476,4.595127171567404,4.6603137628723035,,,
2022-06-22,1.4808275883430255,1.5275175945541397,1.9952556295437462,2.737466854063464,3.7750863183463768,4.600671778886056,4.663028062191099,,,
2022-06-23,1.489525965075189,1.5298865012228546,2.0044351491020684,2.753733626122301,3.7853212627320554,4.606202352593969,4.665742431903541,,,
2022-06-24,1.4982250897666916,1.5325938911819215,2.013615497327592,2.7700600659560815,3.795585652568656,4.611747548529177,4.668466430396645,,,
2022-06-27,1.5243269236373314,1.539362679434153,2.065652537435314,2.8187122356609473,3.826214246792592,4.628327568741408,4.676657963495123,,,
2022-06-28,1.527227540131193,1.5403780359936725,2.082550432641961,2.834706230761541,3.8363119978597204,4.633830934516503,4.67943003468152,,,
2022-06-29,1.5301282379093895,1.5661035177193972,2.0992242474174416,2.850588440045154,3.8463822783431745,4.639305922643255,4.682173501169018,,,
2022-06-30,1.5344794405630413,1.591835524103291,2.1159007902057825,2.8665302479261356,3.8564819881110157,4.644781198749914,4.684926599428052,,,
2022-07-01,1.540281334971083,1.6179127615959965,2.1326935329128993,2.8825316813716695,3.866696493551558,4.6502710964132055,4.687689330217393,,,
2022-07-05,1.5460835601172507,1.721610504176474,2.1987566316016505,2.946104789770554,3.9071660468534386,4.672247891802317,4.698740976367155,,,
2022-07-06,1.5460835601172507,1.7470427513796238,2.21533585464444,2.961889806531537,3.9171862603700314,4.677681875168194,4.701427583680218,,,
2022-07-07,1.544632973145399,1.7721421373027235,2.2323720947541315,2.977677243653676,3.9272074401787815,4.683101802575229,4.704114259932601,,,
2022-07-08,1.5431824068962374,1.7972477148475718,2.2494111742956013,2.9935243133689005,3.937229586372859,4.688522010611473,4.706801005126038,,,
2022-07-11,1.5475341678109267,1.873959858798191,2.3012274173679126,3.041194645778611,3.9673872732175486,4.704856028272997,4.714832970983873,,,
2022-07-12,1.5489847962266934,1.899430203081831,2.3185053329721317,3.0571087416108034,3.977441779893698,4.710320389522127,4.717491305630972,,,
2022-07-13,1.5489847962266934,1.9245671805787623,2.335672465103489,3.072968034912016,3.987440284632049,4.715770691922705,4.720140144682294,,,
2022-07-14,1.5489847962266934,1.9500501776137824,2.3529561982198244,3.08888703795398,3.9974967306003473,4.721235622788833,4.722798614059531,,,
2022-07-15,1.5489847962266934,1.9755395458619152,2.370129115267172,3.1048084995907166,4.007525657839595,4.726700838860021,4.725457150925805,,,
2022-07-18,1.540281335368343,2.0517057212232404,2.421323765489669,3.1522438259857566,4.037561235477227,4.743069501426889,4.73350967280084,,,
2022-07-19,1.5388308312807908,2.0772204982164144,2.4383943376248274,3.1680604506268306,4.047594023560919,4.748535855472058,4.736187608480535,,,
2022-07-20,1.5373803479147297,2.1024013337669123,2.4555815848895435,3.1838795004756726,4.057599274161916,4.753988147035182,4.738827356394526,,,
2022-07-21,1.5373803479147297,2.1279287925771495,2.4727717205627275,3.199758306676137,4.067662505085057,4.759455072402674,4.741476735869132,,,
2022-07-22,1.6462230157592295,2.153462633716785,2.489964740420003,3.2156968917167905,4.077698198712643,4.764922283079365,4.7441261823600644,,,
2022-07-25,1.9734516507734945,2.2307839818866304,2.541333273076085,3.2635847930570394,4.10789665120419,4.7813543346283405,4.7520462302995226,,,
2022-07-26,2.082761763847474,2.256002706029059,2.5583099075925375,3.27947586498063,4.117964746299907,4.786822688188774,4.754695944146903,,,
2022-07-27,2.1951086869059777,2.2815685679784536,2.5751753896757545,3.295369382356439,4.128033815063725,4.792305680140441,4.757403119511405,,,
2022-07-28,2.306117818566289,2.3071408218583445,2.592157627057201,3.3112653455608765,4.138817033406106,4.797788958990812,4.760110364837433,,,
2022-07-29,2.3075792534830386,2.3071408218583445,2.600706707875333,3.322858770852899,4.147432912398896,4.802195840529189,4.762100166486571,,,
2022-08-01,2.3119636847000358,2.3085048410518505,2.6272703945369624,3.3578765196939475,4.17339897968132,4.815403244506977,4.768060233102567,,,
2022-08-02,2.3119636847000358,2.3088458486216545,2.6360504621923075,3.3694751756175423,4.182046258670691,4.8198539370614135,4.770078886437723,,,
2022-08-03,2.3105021875512888,2.308504841145087,2.6446031959468597,3.3809602725326515,4.190608627035841,4.82423302929027,4.772030608013855,,,
2022-08-04,2.309040710880428,2.308504841145087,2.65327069436172,3.392504082177883,4.19920024504028,4.8286266636478725,4.773991933746946,,,
2022-08-05,2.3075792550873553,2.308504841145087,2.661938924676144,3.4041066207725734,4.207792571514535,4.833020482161565,4.7759532961958895,,,
2022-08-08,2.3075792550873553,2.309527867263883,2.7139631524534247,3.4419099752236226,4.233659468443052,4.846174325534913,4.781856741421242,,,
2022-08-09,2.309040710880428,2.309527867263883,2.7313104195917592,3.454954751467887,4.242283194182761,4.850554519758887,4.783837387959555,,,
2022-08-10,2.309040710880428,2.3091868574208974,2.7483181523824562,3.467943694144582,4.250879073301972,4.854934895775731,4.785808503055566,,,
2022-08-11,2.3105021875512888,2.3091868574208974,2.7654428775109485,3.4809917534299073,4.259504223698074,4.859329818184555,4.787789224292349,,,
2022-08-12,2.3105021875512888,2.3091868574208974,2.782570456761113,3.4940414581702717,4.268130087692179,4.863724924803536,4.789769982969849,,,
2022-08-15,2.3105021875512888,2.3091868574208974,2.8339703239996794,3.5332004471968714,4.294011961852973,4.876911349998547,4.795693345159124,,,
2022-08-16,2.309040710880428,2.3085048410512954,2.8509950527014993,3.546199213751633,4.302612106556358,4.8812784619336025,4.797655113857124,,,
2022-08-17,2.3061178197680166,2.3081638346184707,2.868136885955841,3.559199612323294,4.311212960432664,4.885674487310587,4.799636058482637,,,
2022-08-18,2.3031950121608524,2.307481825068347,2.8853958813408465,3.5722016431166903,4.319814523540377,4.890027597743818,4.801617040553063,,,
2022-08-19,2.3031950121608524,2.307140821951581,2.9028864261547493,3.5852628500867345,4.3284453772804765,4.894395257040629,4.8036076305752795,,,
2022-08-22,2.3031950121608524,2.3057768207566554,2.9550327547595456,3.624456354506056,4.354342223156338,4.90749932618697,4.809483922414048,,,
2022-08-23,2.3031950121608524,2.3047538315846827,2.9724207359220767,3.6375241511747536,4.362975933530411,4.911853343617634,4.811436379121226,,,
2022-08-24,2.3061178197680166,2.3293081496492674,2.9899260797805693,3.6506511758777505,4.371638951394186,4.916221912943297,4.813436727057185,,,
2022-08-25,2.309040710880428,2.3538683610324407,3.0074343995528663,3.663779863287142,4.380302688362403,4.9206194053599495,4.815437113170207,,,
2022-08-26,2.3105021875512888,2.3780932275385247,3.024716770710878,3.6768526189359108,4.388938546564081,4.925002709701287,4.817427965689336,,,
2022-08-29,2.314886742826494,2.4504607592033656,3.0768103192412077,3.7160807781305927,4.414850408309068,4.938196840463838,4.82342946544092,,,
2022-08-30,2.3163483030067544,2.4743669331052542,3.094218867305032,3.729160129304665,4.423489124801083,4.94260962633386,4.825401325853629,,,
2022-08-31,2.3163483030067544,2.4972537846855714,3.111515794239983,3.7421834989253666,4.43209994626641,4.946979473968538,4.827363650683125,,,
2022-09-01,2.314886742826494,2.520829162172644,3.128930198908808,3.7552085036519856,4.440740087524331,4.951335128766177,4.829326012247237,,,
2022-09-02,2.313425203524022,2.544409962228844,3.1464621398184844,3.768235143689669,4.449380943620329,4.955690964338233,4.83128841054663,,,
2022-09-06,2.3075792550873553,2.6435769403291065,3.216275693994164,3.8203580610586263,4.4839515175679745,4.97318800343618,4.839301115715355,,,
2022-09-07,2.3061178201694066,2.6695813713354166,3.233707791461571,3.8333928807323003,4.492567324797259,4.977587881137269,4.841340287942608,,,
2022-09-08,2.3046564057272567,2.6959346882662993,3.2511428377958618,3.846487025814649,4.501241097476494,4.981987944461519,4.8433890739715935,,,
2022-09-09,2.3046564057272567,2.7222947695892508,3.268580828719081,3.8595828221638095,4.509886961463994,4.986388192211422,4.845437900037508,,,
2022-09-12,2.300272287654015,2.8014156172766924,3.3209124739961737,3.898880120894632,4.5358288455336515,4.999575660689692,4.85151759816933,,,
2022-09-13,2.298810956714159,2.827460043356389,3.3383622482493713,3.91198252439362,4.5444775711231955,5.003947881608117,4.853557008571419,,,
2022-09-14,2.295888357056408,2.853511067712411,3.355814969578952,3.9250865802009427,4.553127012261249,5.008334667191505,4.8556060333368345,,,
2022-09-15,2.292965840095329,2.8799116031103633,3.3733854905774185,3.938250028382173,4.561805814287712,5.012736020451891,4.857664673588991,,,
2022-09-16,2.3967652727983957,2.905975915909531,3.3908441269502765,3.951357396712507,4.570485334351049,5.017123173180349,4.859713778625485,,,
2022-09-19,2.713197592561034,2.9855815199980373,3.46151229983509,3.9911515551029453,4.596614182051106,5.030472747703563,4.865909213714081,,,
2022-09-20,2.8188921850443194,3.01201595536309,3.4850790896244543,4.004323371262597,4.605325248708425,5.034875028866592,4.867699932497915,,,
2022-09-21,2.9246955690548804,3.038457183188381,3.50853625800438,4.017554639730547,4.614037043231711,5.038558151031625,4.869500258389148,,,
2022-09-22,3.0320796129805316,3.064905205220869,3.5321137719787954,4.030845382787618,4.622778225295332,5.042270178257335,4.871310191884137,,,
2022-09-23,3.0276644069069603,3.065935774580142,3.547183038137125,4.039860848866894,4.6293990149265385,5.044917568807539,4.872411478292471,,,
2022-09-26,3.023249391246252,3.068684010012368,3.5924039980251177,4.069802352624086,4.649292564675034,5.052874529697182,4.875686677090951,,,
2022-09-27,3.0247210417083226,3.070058154973432,3.607482039523102,4.080266558866774,4.655943700890175,5.055536576772202,4.876826316254612,,,
2022-09-28,3.033551382320665,3.0721194067664603,3.6226774024835207,4.090789640755688,4.6626526026910975,5.058198692032945,4.877956391311278,,,
2022-09-29,3.0423824797898957,3.074524252295774,3.637874994038315,4.101371613052307,4.669333262203401,5.060875264745457,4.879086478544781,,,
2022-09-30,3.055630547054644,3.0776162798410223,3.6533051361952174,4.11224382905131,4.676071700214068,5.063580687845826,4.880235732602345,,,
2022-10-03,3.0865493198301897,3.084831369520158,3.698918075773938,4.144520169561039,4.696146207564644,5.072085940121185,4.883712300331,,,
2022-10-04,3.093912297522805,3.0865493219808693,3.71389639229609,4.15533902365588,4.702829001325792,5.074849216458666,4.884861603818447,,,
2022-10-05,3.095384955362257,3.112665442000928,3.728415894227788,4.165927540701575,4.709368797740643,5.077454247704782,4.885953453497516,,,
2022-10-06,3.095384955362257,3.138788178322738,3.7430526852282764,4.176343529892401,4.715909002634788,5.0800305582988425,4.887045314542737,,,
2022-10-07,3.093912297522805,3.164573678822924,3.7574609924013513,4.18664481011346,4.722392240455875,5.082592538383501,4.888127608928361,,,
2022-10-11,3.089494450220731,3.2657150421841585,3.815575581904751,4.2273969454903915,4.748329205932156,5.0928554777534,4.89228449196677,,,
2022-10-12,3.0880218765240386,3.290843738963778,3.8301093145062692,4.237587469718229,4.754814450973455,5.095403375796592,4.893338105787848,,,
2022-10-13,3.0880218765240386,3.3163229090060087,3.844760455145879,4.2478369009120165,4.761328796869124,5.097951336309725,4.8944013087900196,,,
2022-10-14,3.0865493234588204,3.3418083640980756,3.8592982774867,4.25802942638811,4.767843547869832,5.100499358596267,4.89546452256886,,,
2022-10-17,3.0777144455760963,3.419336536047002,3.9029239570467222,4.2886129824712516,4.787390231754074,5.108215778480174,4.898826644970455,,,
2022-10-18,3.0718249476462844,3.4455369577617967,3.917354467869405,4.29875155577526,4.793877895166387,5.110821636241192,4.900024006438564,,,
2022-10-19,3.068880324872514,3.4717440243138276,3.931902453061631,4.308949059281897,4.8003659620244665,5.113427559320893,4.901116013958018,,,
2022-10-20,3.0674080452328445,3.497957730208623,3.946567957411262,4.319147559819481,4.8068544305759575,5.11601914946247,4.902208032845223,,,
2022-10-21,3.068880324872514,3.5245231296050283,3.9612355351826833,4.329405013430798,4.813372014446582,5.118625202113614,4.903309642514309,,,
2022-10-24,3.0821317880514787,3.605296208857478,4.005712892071012,4.360357345577559,4.833013354943039,5.126443749869369,4.9067007565682275,,,
2022-10-25,3.0880218749113064,3.632234578381821,4.0206199531528375,4.370734809073484,4.839590007130967,5.129064461734045,4.907879050199715,,,
2022-10-26,3.0924396603160043,3.6588344506553128,4.035413565432022,4.381055319789762,4.846138349301432,5.131670838520597,4.9090477771215335,,,
2022-10-27,3.095384955362257,3.6854411431791245,4.050093679931632,4.391318860643856,4.8526870986912,5.1342628791635425,4.91020693701627,,,
2022-10-28,3.207367374460479,3.711708987461537,4.064775861874104,4.4015254146463345,4.8592075309541904,5.136840582603286,4.911356529569155,,,
2022-10-31,3.539607836906611,3.78986057129993,4.108140852698794,4.4320930459388785,4.8786850662415615,5.1445020627377325,4.91490118330471,,,
2022-11-01,3.6476310662892475,3.81650088043215,4.122599864977672,4.442303583720086,4.885293307899485,5.147036811109151,4.9158496411569,,,
2022-11-02,3.755766996678167,3.8431480274777385,4.137060885390009,4.452515119806311,4.891815766045005,5.149701239883386,4.916970554182165,,,
2022-11-03,3.8640157456570456,3.869455818280154,4.151639624546766,4.462727654295162,4.898367364882539,5.152308126157834,4.918091479183184,,,
2022-11-04,3.861048552839419,3.869802014286816,4.157541062372583,4.468588647169791,4.90273528050762,5.15383482526135,4.918493861304318,,,
2022-11-07,3.8521474829769087,3.870494409761993,4.183696469106124,4.489075640536222,4.915840118680137,5.158299828813218,4.919107019394819,,,
2022-11-08,3.8536309418480297,3.8711868101368507,4.192609327361918,4.496505339262669,4.920266246434113,5.159783405100216,4.919241148483211,,,
2022-11-09,3.8565979227531244,3.8718792151272163,4.201522948107939,4.50393556627815,4.924692560914945,5.1612814060714385,4.919384858391385,,,
2022-11-10,3.861048552433277,3.872571624733112,4.210437331409267,4.511366321620058,4.92911906213056,5.162462540826374,4.919528568496423,,,
2022-11-14,3.872917832330325,3.8753413093132405,4.246102491473391,4.540978486381597,4.946826934498039,5.167187212508617,4.92018963729437,,,
2022-11-15,3.874401587484555,3.875687525030891,4.254904861693798,4.548295724889173,4.95122561872261,5.168339603655081,4.920390832819299,,,
2022-11-16,3.874401587484555,3.8936922018505182,4.26359213871581,4.555555395162392,4.955595735338991,5.169463197180835,4.920534544223476,,,
2022-11-17,3.8714340987761497,3.9113536637523483,4.27216429367665,4.56281556754683,4.9599372807711095,5.170557992162639,4.920668675026607,,,
2022-11-18,3.8699503860105455,3.929364522550838,4.280853008880081,4.570076246055232,4.964307760136744,5.171667204116059,4.920812386811346,,,
2022-11-21,3.8699503860105455,3.9820295593353983,4.306923498773285,4.591861306741385,4.977391533425735,5.174994910168551,4.921243523291552,,,
2022-11-22,3.8699503860105455,3.99935941880849,4.315615110366466,4.599124002140487,4.9817339816425,5.176089763034408,4.921348912549628,,,
2022-11-23,3.8714340983711626,4.016692166511504,4.324307446208042,4.606387201849849,4.986076609487067,5.177199033330249,4.921473463593329,,,
2022-11-25,3.8803368176102637,4.052059934504615,4.341926137460872,4.621031347779891,4.994848691020493,5.179446422306722,4.92174172791866,,,
2022-11-28,3.884788463369415,4.104093198151326,4.368011895798252,4.642943277703138,5.007965036341355,5.182803188090035,4.922335743464323,,,
2022-11-29,3.886272387681733,4.121443401002067,4.37670859772108,4.650267651125195,5.012337515558762,5.1839125291909705,4.922575266692553,,,
2022-11-30,3.884788463369415,4.138449402913258,4.385290052685931,4.6575344001788865,5.016652640644947,5.1850074745876995,4.922872275929491,,,
2022-12-01,3.8818206787420317,4.155111034391923,4.3937562321807455,4.664743512805192,5.020996710539216,5.186116838328991,4.923159704984448,,,
2022-12-02,3.8788529788973625,4.171775331648497,4.402223098325986,4.671953122015937,5.02551357931722,5.187226213770502,4.923447134826797,,,
2022-12-05,3.874401587484555,4.223173705509109,4.427975873514267,4.694050176734921,5.039094128575727,5.190741713374258,4.924069902872752,,,
2022-12-06,3.872917832735312,4.240196322881218,4.436561543478956,4.701378125323408,5.043467902794774,5.191865545930985,4.924175294940913,,,
2022-12-07,3.872917832735312,4.257916693784813,4.445263957457035,4.70876475228017,5.047841860333779,5.193003798991946,4.924299849339797,,,
2022-12-08,3.872917832735312,4.275640077072929,4.453967096583611,4.716093732807525,5.052216000002208,5.194156472713196,4.924424403886518,,,
2022-12-09,3.950100650787025,4.293366473257598,4.462670960918946,4.723365054712203,5.056590321807608,5.19530915906512,4.924548958581099,,,
2022-12-12,4.1819933797956566,4.346563744312681,4.488786905782516,4.745182050021723,5.069714380121648,5.1988681567240125,4.924913042382273,,,
2022-12-13,4.256427410653396,4.363954357804634,4.497493671557673,4.752455391773669,5.074060647324341,5.20004971299286,4.924778905601945,,,
2022-12-14,4.33091462176618,4.381347869652186,4.506201162843881,4.759729238575039,5.07840709431282,5.201231282532515,4.924654350190827,,,
2022-12-15,4.4054550511297474,4.39874428033824,4.514909379701604,4.7670035904610275,5.0827537210944795,5.202384046408115,4.924529794927546,,,
2022-12-16,4.402472432931748,4.398048373203478,4.517928374844105,4.7712520153321725,5.085632359943837,5.2027875138750845,4.923907025264773,,,
2022-12-19,4.393525089566452,4.396308625709433,4.526173000709144,4.784056528932745,5.0942687496454475,5.204098793385126,4.922153709919219,,,
2022-12-20,4.393525089566452,4.396308625709433,4.52907619387426,4.788422063089071,5.0971764950737075,5.204487857880946,4.921540534934277,,,
2022-12-21,4.393525089566452,4.396656572945945,4.531979467674874,4.792787779123109,5.100084320953391,5.204487857880946,4.920927363532779,,,
2022-12-22,4.393525089566452,4.396656572945945,4.5348828221133175,4.7971536770425205,5.102992227286718,5.204487857880946,4.920314195714726,,,
2022-12-23,4.393525089566452,4.396656572945945,4.5377862571919225,4.801519756854811,5.1059290060243345,5.204487857880946,4.919701031480095,,,
2022-12-27,4.393525089566452,4.397004521342107,4.561016561577325,4.818985895184613,5.117763327089575,5.204790465317055,4.917267571418105,,,
2022-12-28,4.395016260413098,4.397004521342107,4.566941114358203,4.823352884575094,5.120902090523649,5.205121892898101,4.916750229590305,,,
2022-12-29,4.395016260413098,4.397004521342107,4.573214533559367,4.827720055903972,5.124069744534254,5.205352452052181,4.916232890313488,,,
2022-12-30,4.396507452559528,4.397004521342107,4.579372145153338,4.83208740917882,5.127179898552381,5.205583011711545,4.91571555358763,,,
2023-01-03,4.4024724341540145,4.3977004216133375,4.605284548826161,4.8501410602028505,5.139679037069489,5.206462024947567,4.913818675008108,,,
2023-01-04,4.4024724341540145,4.406399535438155,4.611444047119817,4.854684079755467,5.142789652045088,5.206591716150433,4.913282190057067,,,
2023-01-05,4.4024724341540145,4.41509937651412,4.617603909792112,4.85911080338941,5.145727542798917,5.206606126313673,4.912755287792558,,,
2023-01-06,4.400981156804185,4.423451904816056,4.623415434285527,4.8634794632751,5.148607907543323,5.206606126313673,4.912218808279234,,,
2023-01-09,4.396507452559528,4.448513498822337,4.640851944824398,4.876586535009997,5.157249475213921,5.206490845015521,4.910379468740755,,,
2023-01-10,4.395016260413098,4.456868700036409,4.6466647607498635,4.8809559229728405,5.1601301555904255,5.206462024718617,4.909737623213628,,,
2023-01-11,4.395016260413098,4.46522456961207,4.652477899578278,4.88532549297398,5.163010914880384,5.206447614575116,4.909095781613337,,,
2023-01-12,4.395016260413098,4.473929312384484,4.658291362919842,4.889753510217898,5.165920562265036,5.206447614575116,4.908463523491169,,,
2023-01-13,4.396507452559528,4.482634780494177,4.664105149200393,4.894181714402546,5.168830290153736,5.206447614575116,4.907831269179419,,,
2023-01-17,4.396507452559528,4.51746390751786,4.687363524070243,4.911721571903582,5.180498819169088,5.206375563859478,4.9053310283466045,,,
2023-01-18,4.395016260413098,4.525824624315833,4.6930626133431685,4.9160341450382505,5.183408949611423,5.206346743594148,4.90469879308677,,,
2023-01-19,4.396507452559528,4.534534416690805,4.698878331172618,4.920463458730873,5.18631916136838,5.206332333462482,4.904076140787894,,,
2023-01-20,4.395016260413098,4.542896499018423,4.7045780473016885,4.924834674702372,5.1892006380806155,5.206303513208987,4.903443913090899,,,
2023-01-23,4.395016260413098,4.569032321463884,4.722028089160246,4.938007709730452,5.197931995658789,5.206260282837638,4.901547252339178,,,
2023-01-24,4.395016260413098,4.577745714194004,4.727845416027021,4.942379657831419,5.200842609238987,5.206260282837638,4.9009150397098855,,,
2023-01-25,4.396507452559528,4.586459832982359,4.733663066047322,4.94675178807733,5.203753303349945,5.206332333407193,4.900292409869134,,,
2023-01-26,4.396507452559528,4.594826069005187,4.739364675827096,4.951065801188093,5.2066640771965655,5.206375563772614,4.899660204975653,,,
2023-01-27,4.4352857929077505,4.603541611043105,4.7451829657442435,4.955496593836695,5.209603752724057,5.206433204295369,4.899037582582855,,,
2023-01-30,4.547227128867215,4.62969259482382,4.762988938225687,4.971647211104457,5.2183944493924495,5.206620536202555,4.897179316266342,,,
2023-01-31,4.584567564920339,4.638411042174462,4.768924935004049,4.977478364421528,5.22130562912726,5.206692587018824,4.896556708598632,,,
2023-02-01,4.620426925665266,4.6467814339559155,4.774744865404479,4.983251524491439,5.224216888611033,5.206764637864714,4.8959532619471835,,,
2023-02-02,4.656298581663343,4.655152495314097,4.78056511910292,4.989083320828214,5.227128228643418,5.20686550910423,4.895349818767225,,,
2023-02-03,4.654803688915998,4.654803688916465,4.783475357229117,4.993457365697229,5.2293189855640465,5.2066061270005015,4.894506922705366,,,
2023-02-06,4.654803688915998,4.654803688916465,4.801287717160463,5.006580597315757,5.235949186913036,5.205755934136347,4.891997430877892,,,
2023-02-07,4.654803688915998,4.654803688916465,4.807225843325447,5.010955372352965,5.238140128080149,5.20543891473495,4.891135405244418,,,
2023-02-08,4.654803688915998,4.654803688916465,4.8131643059495355,5.0153303296516905,5.240331114861174,5.205165126133204,4.890263808631801,,,
2023-02-09,4.654803688915998,4.654803688916465,4.819103105051736,5.01970546921946,5.242522147257045,5.2048769283353336,4.889392219261723,,,
2023-02-10,4.654803688915998,4.654803688916465,4.825042240651101,5.024080791063978,5.244713225268738,5.20458873132692,4.888520637134164,,,
2023-02-13,4.654803688915998,4.654803688916465,4.842512239393026,5.037207850333436,5.251286733008187,5.203709735285922,4.88591551186881,,,
2023-02-14,4.654803688915998,4.6558501113108886,4.848336219288818,5.041583901360602,5.253477993492606,5.203378312335194,4.885053536217887,,,
2023-02-15,4.654803688915998,4.656547732148897,4.854277011260244,5.045960134702376,5.255640466622524,5.203061300098355,4.884201145157241,,,
2023-02-16,4.654803688915998,4.656547732148897,4.860101644686665,5.050336550366463,5.257831817748748,5.202744288816774,4.883348761023876,,,
2023-02-17,4.654803688915998,4.656547732148897,4.865926601670378,5.05471314836039,5.259994380329647,5.202427278490451,4.8824963838177915,,,
2023-02-21,4.654803688915998,4.656547732148897,4.8892296655362655,5.072221363786489,5.26864507496918,5.2012457031836545,4.879211445740461,,,
2023-02-22,4.654803688915998,4.665268357524255,4.895056240575513,5.076598873543592,5.270807859712612,5.200928697373075,4.8783591021579475,,,
2023-02-23,4.654803688915998,4.673989709555326,4.900883139279788,5.080976565676121,5.272970688891276,5.200626101850059,4.877506765502315,,,
2023-02-24,4.654803688915998,4.682711788302862,4.906710361666966,5.085354440191714,5.275162400820976,5.200323507197435,4.876654435773564,,,
2023-02-27,4.654803688915998,4.710627317748428,4.92454367057189,5.098489158112618,5.281737810393627,5.199401319295172,4.874116641312787,,,
2023-02-28,4.654803688915998,4.7203995100003615,4.930488780519471,5.102867762236274,5.283929704848878,5.199084319042302,4.873273915641163,,,
2023-03-01,4.654803688915998,4.729823560396951,4.936434227321773,5.107246548781008,5.286121644937847,5.198810546977883,4.872440773168574,,,
2023-03-02,4.654803688915998,4.740993895885159,4.942380010997849,5.1116255177543035,5.2883424725789885,5.198580002728859,4.87160763731469,,,
2023-03-03,4.654803688915998,4.752165422785226,4.948559317937984,5.116004669163865,5.290534504538802,5.198349458985074,4.870774508079467,,,
2023-03-06,4.654803688915998,4.783242507364771,4.966866194441866,5.129260011334913,5.297110874241806,5.197484923924622,4.86831346425769,,,
2023-03-07,4.654803688915998,4.792322950908678,4.972930322759339,5.13369829653727,5.299303088753793,5.197182338307149,4.867461209242063,,,
2023-03-08,4.654803688915998,4.801404181357505,4.978878174333978,5.138136769112611,5.301495348906227,5.19689416237723,4.866599385252668,,,
2023-03-09,4.659288429990283,4.810486198779529,4.984709729329273,5.142575429068708,5.303687654700018,5.196591578458976,4.8657375683459625,,,
2023-03-10,4.662278364549199,4.819569003243074,4.990541608266286,5.147014276413553,5.305880006136143,5.196288995411069,4.864875758521836,,,
2023-03-13,4.662278364549199,4.846472696740656,5.008039188907376,5.16021511509126,5.312457334307941,5.19533802564951,4.862271220529002,,,
2023-03-14,4.662278364549199,4.855209147828599,5.013872363791072,5.164596290836387,5.3146498683228405,5.194992220501615,4.861409439192088,,,
2023-03-15,4.662278364549199,4.863946326891377,5.019705862706436,5.168977649109663,5.316842447984826,5.19463200796535,4.860547664937509,,,
2023-03-16,4.657793495354268,4.871635643535432,5.0251896449015065,5.173183923053193,5.318948520564937,5.194228571554849,4.85965717268062,,,
2023-03-17,4.692182291339497,4.87967507853162,5.030790399629459,5.177448789804906,5.321083486732325,5.193839544999657,4.858776262929321,,,
2023-03-20,4.804398218731154,4.905894916350029,5.04841139230876,5.190653449428972,5.327661764502389,5.192802147739961,4.856210176189668,,,
2023-03-21,4.843327804454489,4.914636318861687,5.054246809860041,5.19509432650338,5.329854615063234,5.192427534475885,4.8553197200356335,,,
2023-03-22,4.886766307255597,4.923378449760807,5.060082551567446,5.199535391060106,5.332047511277738,5.192052922545876,4.8544292714435056,,,
2023-03-23,4.928724013482233,4.932121309107651,5.065918617449228,5.2039766431071,5.334240453146855,5.19169272007447,4.8535388304131954,,,
2023-03-24,4.931721624820806,4.932121309107651,5.068836761968543,5.206957051901417,5.335712053118136,5.190972321298681,4.852409038267291,,,
2023-03-27,4.9632016930508005,4.932121309107651,5.077591681834037,5.215723450698695,5.340126976389348,5.188868785484235,4.849048457777294,,,
2023-03-28,4.967699617774035,4.931771581992317,5.080393409876605,5.218587298860378,5.3415986581967,5.188206036765997,4.847937862721374,,,
2023-03-29,4.966200288527767,4.9307224082145495,5.0828449821867405,5.221275879212706,5.343012645584211,5.187514477716948,4.846779409882873,,,
2023-03-30,4.9632016930508005,4.930022964761749,5.085413357733759,5.224081427607752,5.344484366900226,5.186808515587349,4.845630543518764,,,
2023-03-31,4.961702427229908,4.929673244735722,5.088215293561471,5.226945502479241,5.345984966872264,5.186116965347409,4.844491263316875,,,
2023-04-03,4.9347193226182196,4.923378487888219,5.095570723418041,5.234719807274435,5.350082864994143,5.183999123579852,4.840996913157292,,,
2023-04-04,4.9302228111194335,4.922329398030123,5.098489688308949,5.237467256597084,5.351525825473713,5.1833219991394675,4.839867257387809,,,
2023-04-05,4.9257264910650855,4.930372661908189,5.101175209082931,5.240273236708037,5.352939946499746,5.182688099445398,4.838747186836589,,,
2023-04-06,4.9242277601186935,4.939116041779412,5.104094332033826,5.243254672961251,5.354411807314041,5.182025389668943,4.837646274150242,,,
2023-04-10,4.918233050403931,4.974096847340559,5.115771634629107,5.255181262617081,5.360270594575511,5.1794178115186496,4.833127864760467,,,
2023-04-11,4.916734426492653,4.982843870553233,5.11869116298711,5.258104652984619,5.361713695780446,5.178855966620577,4.831940856341088,,,
2023-04-12,4.916734426492653,4.991591625012681,5.1217275589137135,5.26108659521527,5.363185679573945,5.178236499574451,4.830801724270817,,,
2023-04-13,4.916734426492653,5.000340108383883,5.124764042547758,5.264068621923723,5.3646576839321725,5.177559411489163,4.829662604578666,,,
2023-04-14,4.916734426492653,5.009089320727189,5.127683821464468,5.267050733112466,5.366129708855438,5.176882327762655,4.828523497264503,,,
2023-04-17,4.916734426492653,5.035691402104225,5.136560446953631,5.275997573584124,5.370574771461811,5.174894320141266,4.825278547735623,,,
2023-04-18,4.916734426492653,5.0444435601141535,5.139480553508458,5.278980022717805,5.372046879051329,5.174188442131289,4.824196920232682,,,
2023-04-19,4.916734426492653,5.053196447402297,5.14251754994508,5.2819625563437,5.373519007207306,5.173496974483127,4.82309616003731,,,
2023-04-20,4.916734426492653,5.061950064029852,5.145554634106486,5.284945174464251,5.374962290268792,5.17280551138104,4.8219954114010255,,,
2023-04-21,4.918233050403931,5.070704410057436,5.148474990469665,5.287927877081744,5.376434459155299,5.172114052824961,4.820894674323717,,,
2023-04-24,4.922729050579444,5.096971825148211,5.157353371494744,5.296701022795469,5.380851089219929,5.170010894128985,4.817544675314855,,,
2023-04-25,4.9242277601186935,5.105729089383693,5.160274055560943,5.299625567146982,5.382323340377448,5.16926183372568,,,,
2023-04-26,4.9257264910650855,5.114837417011797,5.163194820747452,5.302550192725719,5.38379561210347,5.1685271836129365,,,,
2023-04-27,4.927225243418931,5.1239465339561585,5.166232502180157,5.305474899533991,5.385267904398239,5.1678501580316505,,,,
2023-04-28,4.964700877202444,5.132706043474666,5.169153432058904,5.308341190624444,5.386740216858743,5.167158732243937,,,,
2023-05-01,5.07720810608836,5.158988951618881,5.186446941106659,5.317057533889313,5.391157277657355,5.165170908958272,,,,
2023-05-02,5.114737307502093,5.168452404370072,5.192173121614685,5.319982642827803,5.392687413367048,5.164594735796446,,,,
2023-05-03,5.152279912783264,5.1779167087548705,5.198016483480639,5.322907833009194,5.394159829483747,5.163989757208198,,,,
2023-05-04,5.1898359267198435,5.187031289572319,5.203860169941876,5.325833104435684,5.395603394863602,5.163341569459323,,,,
2023-05-05,5.1883334335937725,5.187381864945895,5.206665245523601,5.327529792351093,5.396325182496575,5.16233328879907,,,,
2023-05-08,5.183826082983578,5.187381864849661,5.215080921031423,5.332151944584451,5.3984905750539935,5.1592076791705965,,,,
2023-05-09,5.183826082983578,5.187031289379895,5.217886295794849,5.333673203677725,5.399212382459417,5.15811301703597,,,,
2023-05-10,5.182323675701017,5.18668071507844,5.220691745358619,5.335194484741823,5.399934194808043,5.157003962921114,,,,
2023-05-11,5.180821289877935,5.186330141945583,5.223497269724708,5.336715787777013,5.400656012099914,5.155880517277711,,,,
2023-05-12,5.180821289877935,5.186330141945583,5.226419770884316,5.338295625939038,5.401406707430101,5.154771486404219,,,,
2023-05-15,5.180821289877935,5.186330141945583,5.235187761393512,5.34303528259279,5.40365882550089,5.151473269195139,,,,
2023-05-16,5.179318925515264,5.185979569981303,5.23799367227038,5.344556698868641,5.404380668300379,5.150364285106646,,,,
2023-05-17,5.179318925515264,5.186330141945583,5.240916576056365,5.346136654628508,5.405131390158702,5.149298519357703,,,,
2023-05-18,5.179318925515264,5.186330141945583,5.243839561023722,5.3477166340845095,5.4058821173638805,5.148218362243151,,,,
2023-05-19,5.180821289877935,5.186330141945583,5.246762627174761,5.349296637237022,5.406632849915982,5.1471382162246115,,,,
2023-05-22,5.185328511727172,5.186330141945583,5.255532312752287,5.354036788877181,5.408885079654069,5.1438402384318405,,,,
2023-05-23,5.186830961929667,5.186330141945583,5.258455703660392,5.3556168868192255,5.409635833594173,5.14270253168736,,,,
2023-05-24,5.1883334335937725,5.186330141945583,5.2613791757634365,5.357197008459602,5.4103865928813555,5.141564837253432,,,,
2023-05-25,5.192840976117918,5.186330141945583,5.264302729063686,5.358718629682957,5.411137357515683,5.140427155129879,,,,
2023-05-26,5.195846111364921,5.185979569981303,5.267109416239912,5.360181747537096,5.41188812729152,5.139275084669581,,,,
2023-05-30,5.200353975820526,5.184927861098343,5.2783369133182045,5.3661514785311,5.414891259867316,5.134839733002194,,,,
2023-05-31,5.198851332459653,5.184927861098343,5.281143974691105,5.367673228662495,5.415670933168504,5.133788525077887,,,,
2023-06-01,5.194343532390522,5.185278429269347,5.283717179327674,5.369077940213662,5.416392857835772,5.1327373282402,,,,
2023-06-02,5.189835925481234,5.185628998608904,5.286290446856556,5.370482670491783,5.41714366463153,5.131686141913061,,,,
2023-06-05,5.180821289877935,5.185628998321401,5.294712489424347,5.375282305754991,5.419511628997831,5.128532645118278,,,,
2023-06-06,5.179318925515264,5.185628998321401,5.297636967730512,5.37721392712418,5.420291336472349,5.127409503648406,,,,
2023-06-07,5.179318925515264,5.185979569117349,5.300678511749091,5.3792041197809,5.421099928203477,5.126315172219331,,,,
2023-06-08,5.179318925515264,5.186330141081896,5.303720143623347,5.381077277130419,5.421908526136621,5.125220852181767,,,,
2023-06-09,5.180821289877935,5.186680714214753,5.306644872911104,5.382716318022451,5.42271713027187,5.124126543535601,,,,
2023-06-12,5.180821289877935,5.187732440624093,5.315536548369004,5.387457973368437,5.425114100506967,5.120829287520112,,,,
2023-06-13,5.180821289877935,5.187732440624093,5.31846160584839,5.389038572560811,5.425893849632302,5.119720626315849,,,,
2023-06-14,5.180821289877935,5.1880830184305005,5.321386744568879,5.390619195459023,5.4266447247139915,5.118611976804144,,,,
2023-06-15,5.180821289877935,5.1880830184305005,5.324311964532846,5.392199842063361,5.427395605143648,5.117503338984863,,,,
2023-06-16,5.179318925515264,5.187732440624093,5.327120251749573,5.393663424871531,5.428117610501304,5.116380315346669,,,,
2023-06-20,5.179318925515264,5.188433597405551,5.3391733350564685,5.399869242182631,5.431236730449851,5.112046708824947,,,,
2023-06-21,5.179318925515264,5.188784177548933,5.34221607886165,5.401450027519017,5.432045406134023,5.110938140246524,,,,
2023-06-22,5.180821289877935,5.188784177548933,5.345258910557016,5.403030836563993,5.432825206524927,5.1098439802772955,,,,
2023-06-23,5.182323675701017,5.188784177548933,5.348184793551947,5.40455311974235,5.433576130973838,5.108749831697801,,,,
2023-06-26,5.2003539721177106,5.189134758860914,5.356962930130549,5.409178653304547,5.435828936410592,5.10548185061277,,,,
2023-06-27,5.201856636942903,5.189485341341271,5.359889138195606,5.410759578263313,5.436637647317788,5.104488520577921,,,,
2023-06-28,5.203359323231593,5.198600864749436,5.362932480381,5.412340526932802,5.4374752471818555,5.103552783992815,,,,
2023-06-29,5.203359323231593,5.207015895172518,5.36585885344405,5.4138629441492725,5.438283970494973,5.102588264231955,,,,
2023-06-30,5.203359323231593,5.215431598729348,5.368902367232131,5.415561050132411,5.439063816814138,5.101623753322371,,,,
2023-07-03,5.1898359267198435,5.238227498415982,5.376628602640232,5.420831203329746,5.441345620709681,5.098759066725034,,,,
2023-07-05,5.1898359267198435,5.255064572264656,5.38259926551663,5.424579030187338,5.442963132904111,5.096786938727971,,,,
2023-07-06,5.1883334335937725,5.263484119324158,5.385760340998447,5.426452993580577,5.443743013831459,5.0957649012138395,,,,
2023-07-07,5.1883334335937725,5.2719043398785415,5.388804429645044,5.428444115638897,5.444494015834578,5.094742873638736,,,,
2023-07-10,5.183826082983578,5.297169043051642,5.397703039892332,5.43336352333097,5.44674705393724,5.09163366733183,,,,
2023-07-11,5.183826082983578,5.305591958125455,5.4006303786804155,5.434827677779697,5.447555848366692,5.090568497146797,,,,
2023-07-12,5.183826082983578,5.314015546963713,5.4035577987731065,5.436291852561115,5.448364648999737,5.089488943638232,,,,
2023-07-13,5.183826082983578,5.322790836390023,5.406602402336813,5.4378146161117025,5.449202342024351,5.088423794899555,,,,
2023-07-14,5.183826082983578,5.331215800998623,5.409529988297712,5.4392788323727626,5.450011155286294,5.087344263422655,,,,
2023-07-17,5.183826082983578,5.357548162932924,5.418664580362109,5.443847318422512,5.452524293564753,5.084264061905386,,,,
2023-07-18,5.182323675701017,5.365975907843801,5.421592501340666,5.445311618459825,5.453362019404517,5.083227752922492,,,,
2023-07-19,5.182323675701017,5.374404326905968,5.4245205036398625,5.446775938831894,5.454199751899291,5.082191454159357,,,,
2023-07-20,5.183826082983578,5.383184648227002,5.427565712715587,5.44829885379885,5.45503749127858,5.081111986409104,,,,
2023-07-21,5.22139310657832,5.391614443847881,5.430376753011568,5.449821790343301,5.4558463492971,5.080018137217057,,,,
2023-07-24,5.33417473114608,5.417961905189439,5.4391617382345325,5.454449310458753,5.458330738168016,5.076722264673639,,,,
2023-07-25,5.3733005663134215,5.4267458559452475,5.442090229307728,5.455972336248371,5.459168510364321,5.0756140686459394,,,,
2023-07-26,5.410935261837313,5.4351791361077595,5.444901656874412,5.457436804665949,5.45997740006845,5.074520276684824,,,,
2023-07-27,5.447077220148389,5.443613090863897,5.447713159402778,5.458901293420637,5.460815185116474,5.073512847621631,,,,
2023-07-28,5.445571062998367,5.443261663816457,5.447596012368572,5.458901293420637,5.460930741801429,5.072145642595394,,,,
2023-07-31,5.445571062998367,5.443261663816457,5.447947453861701,5.459194192617223,5.461306301977231,5.068087306637703,,,,
2023-08-01,5.444064927360026,5.442910237940146,5.447947453861701,5.4592527725445095,5.461364080588793,5.066662608262806,,,,
2023-08-02,5.4425588132354985,5.442910237940146,5.447947453861701,5.459311352504392,5.461566305840004,5.06533866472394,,,,
2023-08-03,5.4425588132354985,5.443261663816457,5.448533191965521,5.459369932512814,5.461710752764559,5.0639571750739965,,,,
2023-08-04,5.4425588132354985,5.443613090863897,5.448767488214368,5.459428512553766,5.461855199886956,5.062575703589056,,,,
2023-08-07,5.4425588132354985,5.444667379033574,5.449587529136757,5.4597799934348545,5.462201873811701,5.058417008266014,,,,
2023-08-08,5.4425588132354985,5.444667379033574,5.449821827728307,5.459897153988824,5.462288542488758,5.05703560962798,,,,
2023-08-09,5.4425588132354985,5.445018810766156,5.450056126840397,5.4600143146729785,5.462375211237025,5.055668618627296,,,,
2023-08-10,5.4425588132354985,5.445018810766156,5.4502904264731145,5.46007289507191,5.462490769663031,5.0543016454137835,,,,
2023-08-11,5.4425588132354985,5.445018810766156,5.450524726626371,5.460131475503349,5.462606328215669,5.052934689987154,,,,
2023-08-14,5.4425588132354985,5.445018810766156,5.451227630209732,5.460307216992977,5.462953004633286,5.048833930422503,,,,
2023-08-15,5.4425588132354985,5.445018810766156,5.451461932445412,5.460365797554578,5.463068563692386,5.047438269438853,,,,
2023-08-16,5.4425588132354985,5.445018810766156,5.451696235201653,5.460424378148754,5.463155233081696,5.0460570151587225,,,,
2023-08-17,5.4425588132354985,5.445370243669867,5.4519305384785,5.460482958775437,5.463299682182554,5.04470455497823,,,,
2023-08-18,5.4425588132354985,5.44572167774473,5.452164842275908,5.4605415394346934,5.463357461902052,5.043352112210542,,,,
2023-08-21,5.4425588132354985,5.446775986997454,5.452867756791857,5.460600120126413,5.463530801250482,5.039222952251632,,,,
2023-08-22,5.4425588132354985,5.446775986997454,5.453102062671733,5.460600120126413,5.463588581096612,5.037798644880387,,,,
2023-08-23,5.4425588132354985,5.446775986997454,5.453219215822913,5.46060012012648,5.463617471035498,5.036388743667031,,,,
2023-08-24,5.4425588132354985,5.446775986997454,5.453336369104211,5.46060012012648,5.4636463609823105,5.03503640796481,,,,
2023-08-25,5.444064927360026,5.446775986997454,5.453453522515717,5.46060012012648,5.4637330308464405,5.0336840896737955,,,,
2023-08-28,5.448583398812845,5.447478865689104,5.454039291461288,5.460658700850796,5.4640219308921045,5.029670396970132,,,,
2023-08-29,5.450089598992003,5.448181748969594,5.454273599944193,5.460717281607619,5.464166381180058,5.028318147766142,,,,
2023-08-30,5.451595820684996,5.448533192414984,5.454507908947748,5.460775862397038,5.464310831665853,5.026937144893839,,,,
2023-08-31,5.451595820684996,5.448884637031837,5.454742218471864,5.460834443218965,5.464397502076035,5.025556160180167,,,,
2023-09-01,5.451595820684996,5.448884637031837,5.454742218471864,5.460834443218965,5.464426392228594,5.02416080884327,,,,
2023-09-05,5.445571062998367,5.450290426729909,5.457788286515242,5.460893024057412,5.464599733286435,5.018723432841443,,,,
2023-09-06,5.444064927360026,5.45064187710691,5.458491237937602,5.460893024057412,5.4647152941182275,5.017428861809847,,,,
2023-09-07,5.444064927360026,5.450993328751541,5.458842715646606,5.46095160494442,5.464859745355843,5.016163074453672,,,,
2023-09-08,5.4425588132354985,5.450993328751541,5.458959875143332,5.46095160494442,5.464946416193395,5.014882918843311,,,,
2023-09-11,5.447077220148389,5.452047690713369,5.459662834952983,5.461127347800732,5.465293100303326,5.011028161249276,,,,
2023-09-12,5.448583398812845,5.452399147043185,5.459897155930893,5.461185928817902,5.465379771520751,5.009719301560933,,,,
2023-09-13,5.450089598992003,5.4527506045445095,5.460131477429364,5.461244509867624,5.46543755237987,5.008439224150041,,,,
2023-09-14,5.450089598992003,5.453102063217385,5.460248638389853,5.461303090949876,5.4655242237159785,5.007173545146992,,,,
2023-09-15,5.450089598992003,5.45345352306148,5.460365799480571,5.46136167206468,5.465610895123341,5.005907881399341,,,,
2023-09-18,5.445571062998367,5.45345352306148,5.460600121988235,5.46136167206468,5.465928690710964,5.002154128891956,,,,
2023-09-19,5.445571062998367,5.453102063217385,5.460717283437355,5.46136167206468,5.466130924714951,5.000816616276849,,,,
2023-09-20,5.445571062998367,5.4527506045445095,5.4608344450165935,5.46136167206468,5.4661887059697545,4.999133957784085,,,,
2023-09-21,5.448583398400597,5.4527506045445095,5.460951606758013,5.461420253212035,5.464801954715037,4.997465707379578,,,,
2023-09-22,5.450089598579755,5.4527506045445095,5.461068768629751,5.461478834391897,5.463444111965665,4.995797483480624,,,,
2023-09-25,5.4546083282013935,5.4527506045445095,5.461654579876196,5.461654578126796,5.459370688608756,4.990764209470289,,,,
2023-09-26,5.45611461402542,5.452399147043185,5.461771742496713,5.461654578126796,5.458012916158017,4.989067331633423,,,,
2023-09-27,5.459127249806572,5.452399147043185,5.461888905247436,5.461654578126796,5.456655161188384,4.987442382219376,,,,
2023-09-28,5.459127249806572,5.452047690809514,5.462240394087714,5.461595996865309,5.455239648024013,4.9857743184871905,,,,
2023-09-29,5.460633600177811,5.452047690809514,5.463177703003996,5.461654578126796,5.453881928759752,4.984120660549118,,,,
2023-10-02,5.460633600177811,5.453453522194374,5.465872512622005,5.462123229277349,5.45015551418655,4.979231738237266,,,,
2023-10-03,5.459127249806572,5.453453522194374,5.466575517738836,5.462240392370354,5.449375585617533,4.9776213203394315,,,,
2023-10-04,5.45611461402542,5.453453522194374,5.467161358835515,5.462298973957669,5.448191258726354,4.975996548969142,,,,
2023-10-05,5.4546083282013935,5.453453522194374,5.468098711230729,5.462474718914723,5.446833630580872,4.974357423899511,,,,
2023-10-06,5.453102063892112,5.453453522194374,5.4689189015227235,5.462591882398149,5.44541824924798,4.972718324423608,,,,
2023-10-10,5.453102063892112,5.454859372899157,5.4690360722135845,5.46282620985199,5.439901331368668,4.966032785102881,,,,
2023-10-11,5.453102063892112,5.455210838503621,5.4690360722135845,5.462884791796796,5.438514926140536,4.9643363069793445,,,,
2023-10-12,5.451595820684996,5.455562305279638,5.4690360722135845,5.462884791796796,5.437099656079436,4.96266860990473,,,,
2023-10-13,5.450089598992003,5.455913773227228,5.4690360722135845,5.462884791796796,5.4356555223403324,4.961000939326898,,,,
2023-10-16,5.445571062998367,5.456968184097577,5.4690360722135845,5.462884791796796,5.431323239800578,4.956055590151731,,,,
2023-10-17,5.444064927360026,5.457319656730553,5.469036072213673,5.462884791796796,5.430023590641109,4.954589283955135,,,,
2023-10-18,5.4425588132354985,5.45767113053508,5.469036072213673,5.462884791796796,5.428723957502379,4.9531373736933615,,,,
2023-10-19,5.4425588132354985,5.458374081754469,5.469270414017857,5.463001955800095,5.4274243400282085,4.9515273552100725,,,,
2023-10-20,5.444064927360026,5.45907703765931,5.4695047563428245,5.463060537858522,5.426095858542057,4.949917361425049,,,,
2023-10-23,5.448583398812845,5.460482963622604,5.469856270854723,5.4631777020730965,5.422052756642048,4.945130651387153,,,,
2023-10-24,5.450089598992003,5.460834448066176,5.469973442618992,5.463236284229223,5.420695464281899,4.943563878256851,,,,
2023-10-25,5.45762091847366,5.461185933681101,5.470090614513468,5.463294866417834,5.419338189396683,4.942040250383117,,,,
2023-10-26,5.460633598113951,5.461888908329304,5.470207786538084,5.463353448639041,5.417980931986155,4.940516644630222,,,,
2023-10-27,5.4636463629922805,5.462240397362317,5.470207786538084,5.463353448639041,5.416594814984355,4.938978687883333,,,,
2023-10-30,5.468165672306902,5.463294871490021,5.4705593032967625,5.463412030876702,5.412407697033927,4.934508681872107,,,,
2023-10-31,5.469672151780913,5.463294871490021,5.470676475809966,5.463470613146915,5.410992777402468,4.933013931296015,,,,
2023-11-01,5.465152780390992,5.462591888048363,5.4702077867308185,5.463294866530299,5.409433500855365,4.931131145875756,,,,
2023-11-02,5.465152780390992,5.465052349584432,5.470090614738354,5.463294866530299,5.408220747150683,4.929550210360301,,,,
2023-11-03,5.463646365884456,5.467161362014505,5.46997344290816,5.463353448703345,5.406863633990744,4.927954927067124,,,,
2023-11-06,5.463646365884456,5.471731035025096,5.46997344290816,5.463236284325612,5.402763524550114,4.922766822553859,,,,
2023-11-07,5.463646365884456,5.471731035025096,5.46997344290816,5.46317770218554,5.40131986149599,4.920740507899124,,,,
2023-11-08,5.463646365884456,5.471731035025096,5.469856271175955,5.463119120078064,5.399847345349595,4.918728603263589,,,,
2023-11-09,5.463646365884456,5.471731035025096,5.469739099574,5.463060538003073,5.398403722237322,4.916731107815919,,,,
2023-11-10,5.463646365884456,5.471731035025096,5.469621928102142,5.463001955960678,5.3963249334284535,4.9147336503975625,,,,
2023-11-13,5.463646365884456,5.4713795143614075,5.4692704144676085,5.462826210028626,5.390088813000227,4.908798984364404,,,,
2023-11-14,5.462139972479774,5.471027994869182,5.469153243516467,5.462767628116416,5.388010188187575,4.9068735241751815,,,,
2023-11-15,5.460633600591325,5.470676476548397,5.469036072695488,5.462709046236691,5.385902735152293,4.904976837269315,,,,
2023-11-16,5.459127250220064,5.470676476548397,5.468918902004627,5.4626504643894735,5.383766455617578,4.903008341078885,,,,
2023-11-17,5.457620921364459,5.470676476548397,5.468684560981418,5.462591882574852,5.381601351330256,4.901039881826441,,,,
2023-11-20,5.457620921364459,5.47032495939932,5.468098710717428,5.462416137326187,5.375106305356403,4.895192196221321,,,,
2023-11-21,5.459127250220064,5.47032495939932,5.467981541035849,5.462416137326231,5.37297024409118,4.893180780935724,,,,
2023-11-22,5.460633600591325,5.47032495939932,5.467864371484477,5.462416137326231,5.37080536101846,4.891169404219986,,,,
2023-11-24,5.463646365469721,5.471027994869182,5.467630032772242,5.462416137326231,5.366533456155498,4.887204232748266,,,,
2023-11-27,5.4952855631615005,5.472082556282332,5.4671613570059785,5.462298973989821,5.360068201020551,4.88137168413445,,,,
2023-11-28,5.5028201064428295,5.474543239237195,5.467044188397874,5.462298973989821,5.3579324451781485,4.879547285655783,,,,
2023-11-29,5.5043270804970845,5.477355518239491,5.466927019919976,5.462298973989821,5.3557678716493085,4.877722918912308,,,,
2023-11-30,5.505834076491101,5.4798163248875875,5.466927019919976,5.462357555641728,5.353632202393932,4.876013503112464,,,,
2023-12-01,5.504327080910754,5.4815740785900235,5.4666926833867535,5.462298974005919,5.3514965776007895,4.874275386679772,,,,
2023-12-04,5.472685171569203,5.481222525698692,5.463997853004754,5.4613030921697,5.344714819977869,4.868644663486443,,,,
2023-12-05,5.465152780390992,5.48192563255645,5.463294864877177,5.461127349261297,5.342608235609059,4.866605033103655,,,,
2023-12-06,5.462139972479774,5.481574078012108,5.463060536414277,5.461185930230306,5.340472834282894,4.864579803624869,,,,
2023-12-07,5.460633600591325,5.481222524543128,5.462943372361928,5.461361673332554,5.338366331856137,4.862583339089244,,,,
2023-12-08,5.459127250220064,5.480870972245699,5.462826208439808,5.4614202544477575,5.336288727173888,4.860586912563303,,,,
2023-12-11,5.459127250220064,5.479816322383257,5.462474717454402,5.461595997988589,5.3301427207251395,4.854626585226818,,,,
2023-12-12,5.459127250220064,5.47946477477228,5.462357554052866,5.461654579233977,5.328180691709883,4.852587224693727,,,,
2023-12-13,5.459127250220064,5.47946477477228,5.462357554052866,5.461771741838373,5.326189845866436,4.850217586908245,,,,
2023-12-14,5.459127250220064,5.47946477477228,5.462357554052866,5.461830323197425,5.324199037652688,4.847862363953737,,,,
2023-12-15,5.459127250220064,5.47946477477228,5.462357554052866,5.461888904589074,5.322150563572703,4.845507193903975,,,,
2023-12-18,5.459127250220064,5.47876168306578,5.46200606462941,5.46171316051185,5.31606308211765,4.838542522932854,,,,
2023-12-19,5.459127250220064,5.47876168306578,5.461888901748568,5.461654579217878,5.314043616347797,4.836201922550165,,,,
2023-12-20,5.46515277832702,5.47876168306578,5.461888901748568,5.461654579217878,5.311908792885789,4.833832655067716,,,,
2023-12-21,5.4772048607833135,5.47876168306578,5.461888901748568,5.461771741822274,5.308995106414405,4.831463441130013,,,,
2023-12-22,5.490765097951789,5.47876168306578,5.461888901748568,5.4618889045568775,5.306081500556603,4.829094280735857,,,,
2023-12-26,5.526934258834348,5.477355513712112,5.461420251526827,5.461830323149175,5.294629796951433,4.8195894623458635,,,,
2023-12-27,5.534471056294499,5.47630089957718,5.4609516035803995,5.461595998004509,5.291889653429815,4.817163144608139,,,,
2023-12-28,5.534471056294499,5.473840175616718,5.46013147524691,5.461127349533834,5.289409169723136,4.814823026023696,,,,
2023-12-29,5.522412433765789,5.47102799034207,5.45931135351585,5.460717283998817,5.2866980079602,4.812468603932563,,,,
2024-01-02,5.480218087095312,5.461888902840628,5.4574368132517925,5.459662836862811,5.275911731138705,4.803266765781222,,,,
2024-01-03,5.466659205685787,5.459077036215487,5.456851026493048,5.459252777022305,5.27328743227673,4.801070506072969,,,,
2024-01-04,5.4546083282013935,5.456616714081397,5.456265242827829,5.459311356853758,5.270432496209554,4.798716392255442,,,,
2024-01-05,5.453102063892112,5.456616714081397,5.456265242827829,5.45948709683215,5.267519958069311,4.796462806287427,,,,
2024-01-08,5.453102063892112,5.456968185543087,5.456616713117901,5.459779997575387,5.258753990071807,4.7895444511397045,,,,
2024-01-09,5.453102063892112,5.456968185543087,5.456733870141628,5.459838577828124,5.255755272785212,4.787161885132973,,,,
2024-01-10,5.4546083282013935,5.456968185543087,5.456733870141628,5.459897158113369,5.252814306926323,4.7847650206527925,,,,
2024-01-11,5.45611461402542,5.456968185543087,5.456733870141628,5.4599557384311215,5.249902255434358,4.782368210997667,,,,
2024-01-12,5.45611461402542,5.456968185543087,5.456733870141628,5.460131479531549,5.246990284510744,4.779971456166288,,,,
2024-01-16,5.45611461402542,5.456616713985252,5.456733870141628,5.460834446861806,5.2352567218567625,4.7703993357289365,,,,
2024-01-17,5.4546083282013935,5.456265243695113,5.456733870141628,5.460951608523024,5.232258674805235,4.768017205671082,,,,
2024-01-18,5.453102063892112,5.4555623065325465,5.456616713117901,5.461068770314359,5.229289539719306,4.765620779756019,,,,
2024-01-19,5.4546083282013935,5.455210839660363,5.456616713117901,5.461303094287606,5.2263493133431815,4.763238757694088,,,,
2024-01-22,5.459127250220064,5.454156446071656,5.45649955619234,5.461888906546619,5.217529127125298,4.756078667743102,,,,
2024-01-23,5.459127250220064,5.453804983884769,5.45649955619234,5.462064650868559,5.214589229348521,4.75366816585987,,,,
2024-01-24,5.459127250220064,5.453453522869434,5.45649955619234,5.4622403954832865,5.211678235437733,4.751272067503187,,,,
2024-01-25,5.460633600591325,5.453453522869434,5.45649955619234,5.462357558738518,5.2089114266883785,4.74889037168329,,,,
2024-01-26,5.460633600591325,5.453102063121795,5.456382399428961,5.4624747220918035,5.206087051139874,4.746494383268529,,,,
2024-01-29,5.460633600591325,5.452047690906525,5.456265242795677,5.4629433767585,5.197614379415194,4.739335439680303,,,,
2024-01-30,5.460633600591325,5.452047690906525,5.456382399428961,5.463177704896904,5.194847940510727,4.73693966916533,,,,
2024-01-31,5.460633600591325,5.452399147140197,5.45649955619234,5.463412033555959,5.192081574356799,4.73455829921654,,,,
2024-02-01,5.459127250220064,5.452047690906525,5.4567338700132195,5.463470615810073,5.1893152817092725,4.732205674930756,,,,
2024-02-02,5.45762092136568,5.451696235844383,5.4567338700132195,5.4635291980967615,5.1866066913896836,4.729853103491344,,,,
2024-02-05,5.453102063892112,5.450641877685247,5.4563823993325045,5.464232187738083,5.178394901201289,4.722824394523917,,,,
2024-02-06,5.453102063892112,5.450641877685247,5.4563823993325045,5.464466518740108,5.17557134410771,4.720443345509584,,,,
2024-02-07,5.453102063892112,5.450641877685247,5.4563823993325045,5.46470085026276,5.172747862813676,4.718062350632368,,,,
2024-02-08,5.451595820684996,5.450641877685247,5.4563823993325045,5.464759433248889,5.170010888097676,4.715667066710516,,,,
2024-02-09,5.451595820684996,5.450641877685247,5.4563823993325045,5.464876599302659,5.167245175097235,4.713271837577526,,,,
2024-02-12,5.44707722014961,5.450641877685247,5.4563823993325045,5.465345264771271,5.1589484724769985,4.70608647889541,,,,
2024-02-13,5.445571062998367,5.450641877685247,5.4563823993325045,5.465521014852892,5.156154243910849,4.703705810445635,,,,
2024-02-14,5.444064927360026,5.450641877685247,5.4563823993325045,5.465696765227412,5.153302478162214,4.70132519612434,,,,
2024-02-15,5.444064927360026,5.450993329329901,5.456499556128036,5.465931099547827,5.150508398853071,4.698973317056332,,,,
2024-02-16,5.4425588132354985,5.450993329329901,5.456499556128036,5.466106850605756,5.147685590384077,4.696607150900189,,,,
2024-02-20,5.448583398814066,5.452399147621811,5.456968184611588,5.466809857910571,5.13662551999583,4.687372446798355,,,,
2024-02-21,5.450089598992003,5.452750605123158,5.457085342057799,5.466927026274426,5.133889484564169,4.68503522012238,,,,
2024-02-22,5.451595820684996,5.453102063795723,5.457202499634239,5.467044194768422,5.13109592108707,4.682683706971935,,,,
2024-02-23,5.4546083282013935,5.453453523639817,5.457319657340798,5.467161363392559,5.128331230697358,4.680332246642904,,,,
2024-02-26,5.4546083282013935,5.4538049845590075,5.457553973080254,5.467278532114772,5.119951208308415,4.673249509777633,,,,
2024-02-27,5.4546083282013935,5.4545079098146765,5.457671131145192,5.467395700967104,5.1171292201597,4.670898262010659,,,,
2024-02-28,5.4546083282013935,5.455562306339368,5.457788289340271,5.46751286994962,5.114307307768451,4.668547067059126,,,,
2024-02-29,5.4546083282013935,5.45661671340687,5.457905447665556,5.467688623643463,5.111571853886732,4.666210261314485,,,,
2024-03-01,5.453102063892112,5.45731965721219,5.458022606088808,5.467864377581955,5.108894058929048,4.663859172312335,,,,
2024-03-04,5.453102063892112,5.460834446813512,5.4589598781928705,5.4682744713564935,5.100774707185973,4.656920901111672,,,,
2024-03-05,5.453102063892112,5.461185932332269,5.4593113573675245,5.4683330563276344,5.097953233838304,4.6545700201299445,,,,
2024-03-06,5.453102063892112,5.461537419022333,5.459779998024983,5.468391641331372,5.095160626005724,4.652204857475328,,,,
2024-03-07,5.453102063892112,5.461888906883727,5.460014319198914,5.468450226367616,5.092396881383343,4.649825414114583,,,,
2024-03-08,5.453102063892112,5.462240395916762,5.460248640893428,5.468625981623432,5.089604421191241,4.647446024854451,,,,
2024-03-11,5.453102063892112,5.462591886121393,5.4609516091007615,5.469270420003047,5.081198699851197,4.640293848809107,,,,
2024-03-12,5.453102063892112,5.462591886121393,5.461185932877877,5.469446176625703,5.078348966847623,4.637900343736456,,,,
2024-03-13,5.453102063892112,5.462591886121393,5.46130309497781,5.469621933541213,5.075470526725723,4.635521225612793,,,,
2024-03-14,5.453102063892112,5.462591886121393,5.46142025720775,5.4697976907496,5.072563381840989,4.633142161582393,,,,
2024-03-15,5.453102063892112,5.462591886121393,5.46142025720775,5.469914862400604,5.069656317388849,4.6307631516439685,,,,
2024-03-18,5.453102063892112,5.462943377497109,5.46142025720775,5.470207792105719,5.060993167460492,4.623698099196827,,,,
2024-03-19,5.453102063892112,5.462943377497109,5.46142025720775,5.470324964212314,5.058115202770752,4.621276313212541,,,,
2024-03-20,5.4546083282013935,5.462591886024959,5.461654582026143,5.470442136449116,5.055179759200845,4.6188545832867245,,,,
2024-03-21,5.457620920950967,5.462591886024959,5.461888907365231,5.47085224002215,5.052244397650596,4.616432909418133,,,,
2024-03-22,5.46213997082694,5.462591886024959,5.462123233224903,5.471262345189798,5.049337895368011,4.614011291605435,,,,
2024-03-25,5.475698282382724,5.462591886024959,5.4622403963659805,5.465696725107239,5.040647645862006,4.606761102759105,,,,
2024-03-26,5.4817247572936045,5.462591886024959,5.4622403963659805,5.46288473461829,5.037827786649918,4.604368364702638,,,,
2024-03-27,5.4847381238723125,5.4622403958205945,5.462123233224903,5.460014238721533,5.035036777203827,4.601975682032244,,,,
2024-03-28,5.483231429616486,5.461888906884016,5.462123233224903,5.4570852422143545,5.032245842683469,4.5995400729177405,,,,
2024-04-01,5.471178651948061,5.459779998153813,5.4618889074613985,5.445311499871552,5.020939001886515,4.589812532140192,,,,
2024-04-02,5.465152779566385,5.458725559747424,5.461654582250741,5.442324342005134,5.018177212136754,4.58737720757334,,,,
2024-04-03,5.460633600591325,5.457671131595099,5.462357558866993,5.43939583761095,5.015386726364102,4.584970589592352,,,,
2024-04-04,5.459127250220064,5.457319657790571,5.462709049269243,5.43728736769773,5.012711381793622,4.582592675566821,,,,
2024-04-05,5.45762092136568,5.456968185157596,5.462826213029004,5.435706044881616,5.009921039727305,4.580214815607131,,,,
2024-04-08,5.453102063892112,5.455913774287224,5.462943376918972,5.427741203516145,5.00149293014136,4.57300994188512,,,,
2024-04-09,5.4546083282013935,5.455913774287224,5.463060540971321,5.424930225020352,4.998875465488517,4.570546359247318,,,,
2024-04-10,5.4546083282013935,5.455913774287224,5.463177705153788,5.422119321472585,4.996315591345146,4.568054188671589,,,,
2024-04-11,5.4546083282013935,5.455913774287224,5.463529198385753,5.419308492870845,4.993611969963618,4.5656193680695845,,,,
2024-04-12,5.453102063479864,5.455913774287224,5.463880692789247,5.416556296193553,4.990793373443525,4.5631846041612745,,,,
2024-04-15,5.453102063479864,5.455913774287224,5.464935183028685,5.407948823324027,4.9823380378733795,4.555980901725198,,,,
2024-04-16,5.451595820684996,5.455562306339656,5.4651695155926605,5.4049627214500795,4.979577260964252,4.553689572645969,,,,
2024-04-17,5.451595820684996,5.455562306339656,5.4655210154630485,5.4020352523138415,4.976701526522831,4.551341010522503,,,,
2024-04-18,5.451595820684996,5.455562306339656,5.465989683715078,5.399107864483765,4.973854627413887,4.548963860470434,,,,
2024-04-19,5.453102063892112,5.455913774383392,5.466575522039152,5.39653183185933,4.971036560515807,4.546601083836865,,,,
2024-04-22,5.45762092136568,5.455913774383392,5.467630039223015,5.388452865182192,4.962496555682905,4.5394128429542935,,,,
2024-04-23,5.459127250220064,5.455913774383392,5.4679815472939985,5.385701474057059,4.959592536472535,4.537021645398087,,,,
2024-04-24,5.463646364645136,5.455913774383392,5.4682158866909525,5.382950154762889,4.956631093868347,,,,,
2024-04-25,5.465152779566385,5.456265243502245,5.468567396714441,5.380081833745165,4.953698485880187,,,,,
2024-04-26,5.465152779566385,5.456616713792362,5.468918907909526,5.3772721259724765,4.950880960853921,,,,,
2024-04-29,5.460633599353248,5.456616713792362,5.469973448234833,5.368667863106991,4.942428841884294,,,,,
2024-04-30,5.45912724898201,5.456968185157307,5.470324964019624,5.3657999316113925,4.9396691144887095,,,,,
2024-05-01,5.4546083282013935,5.456616713888507,5.470207791961146,5.362815025408696,4.936995700345004,,,,,
2024-05-02,5.453102063892112,5.457319657693849,5.470324964051687,5.359888727664841,4.934322352843834,,,,,
2024-05-03,5.453102063892112,5.458374082331985,5.471145171881209,5.357021034334752,4.931591582820638,,,,,
2024-05-06,5.453102063892112,5.46153741940727,5.472551257863478,5.349062134857263,4.923313471020041,,,,,
2024-05-07,5.453102063892112,5.462240396205242,5.473019957356451,5.3464288080826705,4.920468019760049,,,,,
2024-05-08,5.453102063892112,5.462943377689156,5.473137132603312,5.343795547131314,4.917565163361903,,,,,
2024-05-09,5.453102063892112,5.463646363859009,5.473371483455436,5.340928291826597,4.914633646920419,,,,,
2024-05-10,5.453102063892112,5.464349354714582,5.473605834828277,5.338061114563075,4.91167347283461,,,,,
2024-05-13,5.453102063892112,5.46575535058027,5.474660422305333,5.328114356980018,4.902793451696907,,,,,
2024-05-14,5.453102063892112,5.46575535058027,5.475011953807596,5.323960393865312,4.899891084304708,,,,,
2024-05-15,5.453102063892112,5.46575535058027,5.475363486481388,5.31980659457596,4.896960061697153,,,,,
2024-05-16,5.453102063892112,5.46575535058027,5.475715020326888,5.31565295910541,4.894086590411417,,,,,
2024-05-17,5.453102063892112,5.46575535058027,5.475949376906786,5.311499487447224,4.891184463913767,,,,,
2024-05-20,5.45762092136568,5.4671613650935535,5.476652449674679,5.298689103184495,4.882449834633529,,,,,
2024-05-21,5.459127250220064,5.4678643793792725,5.47676962895709,5.294360831846312,4.879461837878307,,,,,
2024-05-22,5.460633600591325,5.468215888327599,5.476886808369641,5.290032738420458,4.876445196328638,,,,,
2024-05-23,5.463646365469721,5.468215888327599,5.477003987912421,5.285704822899562,4.873428641546429,,,,,
2024-05-24,5.466659216415604,5.468215888327599,5.477003987912421,5.281377085276384,4.870412173529215,,,,,
2024-05-28,5.480218106492174,5.4685673980617855,5.477238347291835,5.263775555202144,4.858375897248091,,,,,
2024-05-29,5.481724757705964,5.46927042152725,5.477472707192299,5.259390250033769,4.855532207831348,,,,,
2024-05-30,5.481724757705964,5.46927042152725,5.47770706754922,5.255005128759094,4.85265987296386,,,,,
2024-05-31,5.481724757705964,5.46927042152725,5.47794142842688,5.2506201901692195,4.849845061902713,,,,,
2024-06-03,5.477204869859897,5.471379517632924,5.4773555270646535,5.237232642599388,4.841314923713513,,,,,
2024-06-04,5.4726851756925265,5.470676480301595,5.477003987848006,5.232789991497344,4.838356821562151,,,,,
2024-06-05,5.471178653596165,5.470676480301595,5.476886808337467,5.228464431292368,4.835341363965617,,,,,
2024-06-06,5.4681656735438455,5.4703249632489515,5.477003987816054,5.224431301617294,4.832354710920206,,,,,
2024-06-07,5.465152779563942,5.469973447368037,5.477238347131452,5.220398326521414,4.829368142961532,,,,,
2024-06-10,5.45611461402542,5.469621932562374,5.477707067356752,5.207482148532772,4.820408949581623,,,,,
2024-06-11,5.457620920950967,5.470324963056905,5.477941428298649,5.203274505178501,4.817422721127573,,,,,
2024-06-12,5.459127249393059,5.47102799823771,5.478175789761286,5.199067030103732,4.814436577748182,,,,,
2024-06-13,5.462139971238011,5.472082559939961,5.478410151808699,5.1950934592425835,4.81147923073002,,,,,
2024-06-14,5.463646364642694,5.473137132186667,5.478527333043903,5.191178470578062,4.808521967153623,,,,,
2024-06-17,5.463646364642694,5.476652448968888,5.479230423091863,5.17896697488669,4.799765512518106,,,,,
2024-06-18,5.46063359976432,5.477355526134153,5.479230423091863,5.174702050078572,4.79683728913749,,,,,
2024-06-20,5.46213997082694,5.478058608082748,5.480402249129757,5.166464810924976,4.790808849089667,,,,,
2024-06-21,5.465152777913507,5.478761694813583,5.480519432545883,5.16237564027151,4.7878521695395415,,,,,
2024-06-24,5.474191718071508,5.481574089085517,5.46352907680725,5.146254116973736,4.779068738625725,,,,,
2024-06-25,5.487751567866916,5.482628756233909,5.457905286393117,5.140355185882961,4.776169794350893,,,,,
2024-06-26,5.490765105792295,5.4833318732356195,5.452047491871759,5.134339786760811,4.773385738304814,,,,,
2024-06-27,5.489258325861313,5.483683433445741,5.446190024333619,5.1283247334454884,4.770687859512468,,,,,
2024-06-28,5.487751567453292,5.484034994827458,5.440332882155818,5.122835574427587,4.767961350090366,,,,,
2024-07-01,5.48323142012459,5.4847381212029145,5.422997644831096,5.107654297266762,4.760040526213727,,,,,
2024-07-02,5.4711786523591766,5.484034995790399,5.416439115680283,5.102166226552751,4.757285601218908,,,,,
2024-07-03,5.469672152606786,5.484034995790399,5.411871813997293,5.096970335030959,4.754559441318484,,,,,
2024-07-05,5.4726851744579585,5.485441253227674,5.403791687277804,5.086462567692407,4.748935161779855,,,,,
2024-07-08,5.481724757708406,5.4868475297012775,5.3868136951380485,5.070352688966073,4.740527998953592,,,,,
2024-07-09,5.484738124285915,5.487199101821139,5.381076922430839,5.064458017723417,4.73771619734662,,,,,
2024-07-10,5.486244839236587,5.487199101821139,5.375106329033841,5.058446962555352,4.734789708495368,,,,,
2024-07-11,5.487751575709643,5.487199101821139,5.3692531352899975,5.052202829134056,4.731834611147967,,,,,
2024-07-12,5.487751575709643,5.487199101821139,5.3632832117953555,5.045959066831895,4.728879597178781,,,,,
2024-07-15,5.487751575709643,5.487199101821139,5.34479029749888,5.02769674036867,4.720072429572331,,,,,
2024-07-16,5.4862448388229845,5.486847529797467,5.338587704896902,5.021629449939269,4.717289864877516,,,,,
2024-07-17,5.4847381238723125,5.486847529797467,5.332268458714395,5.015504176587293,4.714392633026199,,,,,
2024-07-18,5.48323143044247,5.485792820756719,5.326534659910642,5.009320928821426,4.711495481333117,,,,,
2024-07-19,5.4847381238723125,5.485089687158506,5.320918179271361,5.003138043427624,4.7085123573490595,,,,,
2024-07-22,5.489258333289326,5.482980314485042,5.303485591016499,4.9847082073461335,4.699506132438169,,,,,
2024-07-23,5.489258333289326,5.482277199441454,5.297753355877655,4.978643398637583,4.696494668593321,,,,,
2024-07-24,5.487751574881217,5.481222535808028,5.291670508011159,4.972520630723509,4.6934546124166365,,,,,
2024-07-25,5.493778733518928,5.480870983703223,5.285704980128458,4.966398219913337,4.690472002398582,,,,,
2024-07-26,5.493778733518928,5.480167883104969,5.279622829939523,4.9602178634757355,4.687632868757019,,,,,
2024-07-29,5.493778733518928,5.47911324104331,5.26137848741528,4.942378508261647,4.679115929796063,,,,,
2024-07-30,5.492271910131019,5.47981633461152,5.255531609226827,4.93660760059238,4.676334452613107,,,,,
2024-07-31,5.492271910131019,5.47981633461152,5.249568127238247,4.930837010272282,4.673438352295789,,,,,
2024-08-01,5.484738122219124,5.477707068544246,5.243020383821206,4.924775321924169,4.670599682927912,,,,,
2024-08-02,5.483231428789304,5.476652450894393,5.23670687070803,4.91894710407017,4.6677037428621615,,,,,
2024-08-05,5.478711477624243,5.474191717481003,5.219989596423669,4.901697479629008,4.658987733096853,,,,,
2024-08-06,5.481724758119566,5.475246310527004,5.214612573095145,4.896220150701236,4.6561781204710995,,,,,
2024-08-07,5.48323143044247,5.475949378319478,5.208651409463871,4.890684843647608,4.65333991530108,,,,,
2024-08-08,5.48323143044247,5.476300914021337,5.202690583575342,4.884975041153972,4.650530455062918,,,,,
2024-08-09,5.4847381238723125,5.476300914021337,5.196496357657976,4.879090773217065,4.647692403831227,,,,,
2024-08-12,5.475698282382724,5.475949378319478,5.173125156001035,4.861731197579,4.639150047071983,,,,,
2024-08-13,5.472685174044423,5.475246310334381,5.1644791206673535,4.855964726382034,4.6363409685359125,,,,,
2024-08-14,5.469672151780913,5.474894778147288,5.155833796104026,4.850198572290121,4.633445975519024,,,,,
2024-08-15,5.466659214765146,5.474894778147288,5.147305995453633,4.844490973696813,4.630608386829516,,,,,
2024-08-16,5.460633600591325,5.474191717384547,5.138428473250034,4.838608978612613,4.627770876648052,,,,,
2024-08-19,5.465152779563942,5.478761695102108,5.1122674877911,4.821256094042203,4.619459416801286,,,,,
2024-08-20,5.468165672719216,5.479113240273037,5.103509683582841,4.815491845461217,4.616622206640608,,,,,
2024-08-21,5.4726851732173065,5.46153729413994,5.094752609062292,4.809727913863293,4.613727757600605,,,,,
2024-08-22,5.478711475971143,5.444667141154436,5.086113009451743,4.804022515194606,4.610890702101544,,,,,
2024-08-23,5.481724757291162,5.427799686802737,5.07735738199897,4.79855028476075,4.6081683489379355,,,,,
2024-08-26,5.477204868211727,5.375457499586345,5.050744764976778,4.781262240323514,4.5998584485682725,,,,,
2024-08-27,5.474191716834498,5.357898835190711,5.041758694445964,4.775441992543383,4.597107731437267,,,,,
2024-08-28,5.472685174044423,5.339640927892786,5.0327733950476405,4.769563871251381,4.594271129770555,,,,,
2024-08-29,5.472685174044423,5.321737209956634,5.023788864254097,4.763686079734275,4.591377301500432,,,,,
2024-08-30,5.475698281556807,5.304538460193364,5.014921765667868,4.75786680665693,4.5885408536850525,,,,,
2024-09-03,5.487751575709643,5.251555948287012,4.980627146197625,4.7356983461052105,4.577453659677588,,,,,
2024-09-04,5.4862448388229845,5.234368663638178,4.972463419872586,4.730171511199455,4.574732178903074,,,,,
2024-09-05,5.4817247572936045,5.216132163396181,4.964183718533222,4.724237756436889,4.5720394161094635,,,,,
2024-09-06,5.478711477624243,5.197898823433045,4.955321657230516,4.718304337866286,4.569375368328621,,,,,
2024-09-09,5.474191718896182,5.144619478284973,4.9293228208811435,4.700913215346603,4.561412273486964,,,,,
2024-09-10,5.4802181027760355,5.126748901655986,4.920696827964255,4.695097430685458,4.55871985293872,,,,,
2024-09-11,5.487751567865695,5.108881357449713,4.912537759832891,4.689340121300178,4.556027500981852,,,,,
2024-09-12,5.489258326686097,5.091016845152319,4.904612415484033,4.683583126939284,4.553421141551883,,,,,
2024-09-13,5.412440534898688,5.07280517696469,4.896338061358452,4.67771015590408,4.550814847806861,,,,,
2024-09-16,5.186829945748994,5.019939191987355,4.871052878872106,4.659802531896928,4.543254102420713,,,,,
2024-09-17,5.104227159208619,5.001739866072685,4.861965690403536,4.653523964658701,4.540418963557302,,,,,
2024-09-18,5.023189362144986,4.983193795970986,4.853461733160613,4.647245774073272,4.5375552645911865,,,,,
2024-09-19,4.949709087596066,4.966050329414928,4.845191413546379,4.641374841640644,4.534147551504786,,,,,
2024-09-20,4.951208181694766,4.9667500128278474,4.842279462126942,4.638410415439331,4.5322003231569985,,,,,
2024-09-23,4.955705591234372,4.966750012731813,4.8237612779509,4.629052678955081,4.526272955059851,,,,,
2024-09-24,4.975196561023942,4.966750012731813,4.81758927677578,4.625972365225661,4.524239973292854,,,,,
2024-09-25,5.006689577051926,4.966400170490548,4.811417640697435,4.6228340260672685,4.52220703162316,,,,,
2024-09-26,5.018689422904843,4.966050329414928,4.8062943006728975,4.619753896260792,4.5203172916149725,,,,,
2024-09-27,5.021689601915202,4.966050329414928,4.801287641472274,4.616848196948475,4.518398953340674,,,,,
2024-09-30,5.017189364924102,4.96430114133557,4.788830263863519,4.6083059118696035,4.512472369432974,,,,,
2024-10-01,4.997690598240578,4.959053759750698,4.783009574977437,4.604703257902343,4.510411033655415,,,,,
2024-10-02,4.96620028113588,4.953806653429194,4.775093956954324,4.600577795518568,4.507977566248078,,,,,
2024-10-03,4.952707296384196,4.95170787946253,4.770088800552319,4.597614533190031,4.505916316864522,,,,,
2024-10-04,4.948210015321219,4.9520576725446075,4.765898616918363,4.594941855486967,4.503998243952778,,,,,
2024-10-07,4.939216027624571,4.952407466504627,4.74879039889895,4.586924227667999,4.49833011246521,,,,,
2024-10-08,4.936218203014087,4.951707878504319,4.742739179025235,4.5841356308789605,4.496354925954882,,,,,
2024-10-09,4.939216025162851,4.9510082953587276,4.73610650996803,4.581289015405221,4.4942939012922345,,,,,
2024-10-10,4.943712919580778,4.942963399005285,4.729590611648704,4.578384384412981,4.492290166287005,,,,,
2024-10-11,4.948210007931797,4.93526885673814,4.723424153533617,4.575944558728762,4.490372341889803,,,,,
2024-10-15,4.963201698799757,4.905545238715692,4.699692495328889,4.565546885062788,4.482930371536309,,,,,
2024-10-16,4.9587039692777335,4.895755777266753,4.6930625557672245,4.562468443494594,4.481298937521427,,,,,
2024-10-17,4.954206432486541,4.8856176538486284,4.686316731495421,4.559390092556703,4.479696150182844,,,,,
2024-10-18,4.951208181283229,4.875830049299612,4.679687637116592,4.556544151397146,4.477778558508838,,,,,
2024-10-21,4.9467109644596,4.847521046220549,4.660500519626298,4.547426038639246,4.472054612273557,,,,,
2024-10-22,4.9467109644596,4.838435822151088,4.654338129522495,4.544522347358759,4.470366108886292,,,,,
2024-10-23,4.945211934598137,4.82935138782048,4.648059841940988,4.541560665740718,4.468591778558295,,,,,
2024-10-24,4.942213938700046,4.820267740672413,4.641781930998445,4.538599068025251,4.466903331600736,,,,,
2024-10-25,4.952707286118452,4.811184880638009,4.635620644729332,4.535521417279886,4.46521491193228,,,,,
2024-10-28,4.966200281959088,4.784639496923915,4.6186499309400775,4.526289008563911,4.460235664341994,,,,,
2024-10-29,4.966200281959088,4.775908930425232,4.613071118406364,4.52344396602542,4.458776275686227,,,,,
2024-10-30,4.966200281959088,4.767179091349583,4.607492603364016,4.5205990009245856,4.457202447162989,,,,,
2024-10-31,4.966200281959088,4.759497435691551,4.602146805590213,4.517986346800096,4.45499911982381,,,,,
2024-11-01,4.954206427149632,4.748674253844265,4.595755457330086,4.514851251920926,4.453053370091564,,,,,
2024-11-04,4.83733772383006,4.7238898861099665,4.578791223131473,4.506607560705311,4.447302168973444,,,,,
2024-11-05,4.804398273273014,4.71586239705275,4.573679251435947,4.503937206217423,4.4449559914610415,,,,,
2024-11-06,4.771469172153209,4.707835523333204,4.568219009989716,4.501266919962421,4.442352365146718,,,,,
2024-11-07,4.738550408200992,4.700507175995772,4.562642885168411,4.498480605524002,4.439806024168469,,,,,
2024-11-08,4.702650825312937,4.69283041090609,4.556950898564294,4.495578273649836,4.437259745968469,,,,,
2024-11-12,4.684705591879679,4.695970845757569,4.545451676652235,4.488322771510367,4.429707084411971,,,,,
2024-11-13,4.680219764116256,4.696668733078457,4.542548032651239,4.486465443769849,4.427933433464082,,,,,
2024-11-14,4.6757341273449216,4.697017678627002,4.539644468500548,4.484666188758135,4.42624563254026,,,,,
2024-11-15,4.674238957802479,4.69771557330847,4.536624846089676,4.483041082052508,4.424443433069691,,,,,
2024-11-18,4.674238957802479,4.703298896612629,4.5282632699943814,4.4783400221735326,4.41926585883281,,,,,
2024-11-19,4.6757341273449216,4.703298896612629,4.5254762265914295,4.47677304922347,4.417463779326303,,,,,
2024-11-20,4.677229318245302,4.693877168500604,4.522689257499635,4.4752060997749865,4.41557591909143,,,,,
2024-11-21,4.678724530912004,4.684805193335229,4.5204829605755,4.4736391733984915,4.413716695905423,,,,,
2024-11-22,4.678724530912004,4.67538512937955,4.517928358810819,4.4718981714155115,4.411886109250496,,,,,
2024-11-25,4.687696251744589,4.650966698149794,4.50980049435592,4.466501248904131,4.406480346083463,,,,,
2024-11-26,4.6966687341435165,4.644688600784552,4.507013943990379,4.464644308033772,4.404850093282375,,,,,
2024-11-27,4.705641985547859,4.642944754795675,4.504227467922894,4.462787400171431,4.4033342678558185,,,,,
2024-11-29,4.711624585325969,4.635272169266735,4.498654737147034,4.459479865382421,4.400560079172089,,,,,
2024-12-02,4.716111757642749,4.619579992758793,4.491340985894032,4.455069986340909,4.396527630254221,,,,,
2024-12-03,4.714616013812356,4.614349798647566,4.488438847942633,4.453387319878677,4.394725946621492,,,,,
2024-12-04,4.714616013812356,4.6059820216083125,4.484840305867843,4.45170468052245,4.392752708126246,,,,,
2024-12-05,4.719103313088402,4.596220442277321,4.481822267299207,4.450312170944892,4.390836698541856,,,,,
2024-12-06,4.72359080465794,4.586459773873552,4.478920389745622,4.448745619216665,4.38894932075673,,,,,
2024-12-09,4.72359080465794,4.553349999538536,4.4699831148976354,4.443291879922984,4.383258798609613,,,,,
2024-12-10,4.726582569667759,4.541502738867087,4.466617327689804,4.441319321847614,4.381257181796627,,,,,
2024-12-11,4.723590803837818,4.529656823890105,4.463019537139923,4.439288786550621,4.379141228035288,,,,,
2024-12-12,4.716111756003816,4.518508950571376,4.4595379208947294,4.437374317475684,4.376396261081017,,,,,
2024-12-13,4.668258319545582,4.5073622661503165,4.455940372185885,4.435401870621414,4.373679958967802,,,,,
2024-12-16,4.53378770284556,4.474973948476757,4.445496573632446,4.429832808473266,4.3659317387586105,,,,,
2024-12-17,4.483032705683354,4.462091072096208,4.441435381202674,4.427686479860604,4.363187121443568,,,,,
2024-12-18,4.450204396442925,4.450602276236171,4.437954484329243,4.425714215974774,4.360528341157033,,,,,
2024-12-19,4.424844114009163,4.440855191230408,4.434937798402094,4.424264045506532,4.3579268016569195,,,,,
2024-12-20,4.459156620560445,4.440507096587276,4.434821773299635,4.424322052161012,4.356097179580809,,,,,
2024-12-23,4.530801720341149,4.4394628196186225,4.434705748325984,4.424032019099222,4.350665678496468,,,,,
2024-12-24,4.539760822027739,4.439114729711835,4.434589723513116,4.423916006128725,4.34880759837688,,,,,
2024-12-26,4.566642657205411,4.435285824359969,4.432733346802009,4.4226398735327965,4.344577021517204,,,,,
2024-12-27,4.547227315818159,4.428672602563588,4.430644967057451,4.421305754142701,4.342376052916697,,,,,
2024-12-30,4.480048050336349,4.416491436947734,4.426700359700653,4.419971651972321,4.336402223849656,,,,,
2024-12-31,4.465125161348049,4.4157954124666166,4.426352312806703,4.4200876603065264,4.334515818866702,,,,,
2025-01-02,4.4024724104610335,4.407443496490049,4.424264060920291,4.419275606199258,4.330971769875713,,,,,
2025-01-03,4.387560613858188,4.40674753289263,4.423916022432417,4.419507621195651,4.329114045008287,,,,,
2025-01-06,4.383087484699999,4.411271385826421,4.425772243393689,4.420493692755412,4.324169792714128,,,,,
2025-01-07,4.386069551550453,4.413359386150284,4.426700367010428,4.420957730075159,4.322426496831944,,,,,
2025-01-08,4.387560617127195,4.4164914636410035,4.42739646532706,4.421421769457057,4.320654651937406,,,,,
2025-01-09,4.386069551958616,4.418579567211389,4.4286726560525125,4.421653789921276,4.318797105179906,,,,,
2025-01-10,4.384578508496184,4.420319685179508,4.43006488133193,4.421885810837489,4.316911014881231,,,,,
2025-01-13,4.3801055058948934,4.425192169956493,4.431573147744228,4.4221178323486265,4.311252948586497,,,,,
2025-01-14,4.3801055058948934,4.42623630394825,4.432037234300168,4.42223384332141,4.309424144303842,,,,,
2025-01-15,4.381596485873374,4.427976550468249,4.43261734547491,4.422407860046063,4.307595371583139,,,,,
2025-01-16,4.384578509312509,4.429716825989094,4.433545529675853,4.422697888485483,4.30582377907045,,,,,
2025-01-17,4.393525083436289,4.431109067096073,4.433777577142162,4.423161935346265,4.30399506997301,,,,,
2025-01-21,4.423352539573755,4.43876672287431,4.435169872577283,4.423858009853676,4.296651982614419,,,,,
2025-01-22,4.4323024369347985,4.440159084632889,4.435517949336387,4.423916016298568,4.294766292184371,,,,,
2025-01-23,4.4397612696717825,4.441551464573057,4.435517949336387,4.423800003425105,4.292880636364282,,,,,
2025-01-24,4.441253098919495,4.441203368085955,4.434705772258973,4.423393959661204,4.290880737271552,,,,,
2025-01-27,4.459156709662149,4.440855272663935,4.433893601624805,4.422929911451501,4.284995541889414,,,,,
2025-01-28,4.46064881636592,4.440507178401787,4.433777577809472,4.423045923167579,4.2830529291215,,,,,
2025-01-29,4.457664623862767,4.440855272472755,4.433893601561167,4.423103929065997,4.281024651188048,,,,,
2025-01-30,4.454680516612108,4.442247659787246,4.434009625441693,4.423161934996567,4.27902497944328,,,,,
2025-01-31,4.454680516612108,4.4432919623122125,4.434589746301554,4.423161934996567,4.277082478958794,,,,,
2025-02-03,4.4412530981015275,4.440159084060191,4.434241673208361,4.42263988271725,4.271112375008257,,,,,
2025-02-04,4.4412530981015275,4.439810992213888,4.434357697475622,4.422581877060683,4.269227149434651,,,,,
2025-02-05,4.442744949476363,4.440507177162223,4.434357697475622,4.422639882733126,4.267284829867046,,,,,
2025-02-06,4.441253097694364,4.440855271424082,4.434241673112993,4.422639882733126,4.2653425464808326,,,,,
2025-02-07,4.436777672652448,4.440159084346695,4.433545529739313,4.422523871468176,4.263286051129778,,,,,
2025-02-10,4.427827396662032,4.438070550290107,4.43122508448226,4.4224658658760685,4.257173928267477,,,,,
2025-02-11,4.424844141789053,4.436678217137291,4.430412940789719,4.4224658658760685,4.255174713879328,,,,,
2025-02-12,4.4293190542187055,4.435285902165731,4.429716822556307,4.422523871468176,4.253204096945762,,,,,
2025-02-13,4.433794160862625,4.434589751450035,4.429484784176396,4.422639882796742,4.251290634463922,,,,,
2025-02-14,4.433794160862625,4.433545534220351,4.429020708963183,4.42281389995971,4.249377207625926,,,,,
2025-02-18,4.43976126803709,4.430064885527152,4.427744512967502,4.423219941150269,4.241866634022307,,,,,
2025-02-19,4.433794163316329,4.427280451240634,4.426816380579113,4.423161935203268,4.240039050238598,,,,,
2025-02-20,4.430810737986968,4.425540217274149,4.425888255931243,4.423103929256711,4.238097275448638,,,,,
2025-02-21,4.4352859073280015,4.4244960905285735,4.425076153297547,4.423103929256711,4.236184090761386,,,,,
2025-02-24,4.457664618549395,4.421711804246975,4.422291849738058,4.422929911451501,4.230359088734392,,,,,
2025-02-25,4.456172554063831,4.422059835769709,4.421363765049091,4.423045923167579,4.228446046597778,,,,,
2025-02-26,4.456172554063831,4.423103937297745,4.42055169760156,4.423219941007184,4.226561591400535,,,,,
2025-02-27,4.457664618549395,4.423451973555759,4.420319679649731,4.423451965212699,4.224677170274327,,,,,
2025-02-28,4.45617255488191,4.422755902486086,4.419971653926846,4.423567977445186,4.222735682176038,,,,,
2025-03-03,4.433794163316329,4.421711804342832,4.418347550145474,4.422813900182132,4.216740141671016,,,,,
2025-03-04,4.433794163316329,4.4231039372027325,4.41857956358831,4.422871905983472,4.214941545551354,,,,,
2025-03-05,4.43230243938606,4.425192170719994,4.418811577546622,4.422929911817075,4.213057334516113,,,,,
2025-03-06,4.427827395437056,4.425540213842671,4.418579563524849,4.422929911817075,4.211116061807507,,,,,
2025-03-07,4.420369414988445,4.425540213842671,4.417767518174309,4.423161935250941,4.209117730615652,,,,,
2025-03-10,4.4024724325222975,4.427628495412739,4.41602744226004,4.424322060010755,4.203208603198116,,,,,
2025-03-11,4.400981155988948,4.4307609957840555,4.415563426850055,4.4248441203504685,4.201238967981258,,,,,
2025-03-12,4.399489900348352,4.432501315800419,4.415215416598173,4.425424190535199,4.199297914360778,,,,,
2025-03-13,4.396507451743115,4.433197452404203,4.4148674074107275,4.425946256670943,4.19741398513096,,,,,
2025-03-14,4.39501625918608,4.434241666153338,4.414635401898392,4.426526333295744,4.195558633320617,,,,,
2025-03-17,4.39501625918608,4.438418624703155,4.413939388454247,4.428382599942093,4.19013548785323,,,,,
2025-03-18,4.393525088746442,4.438070538371508,4.413475382196186,4.428962689782723,4.188223182932149,,,,,
2025-03-19,4.396507450516074,4.438418624703155,4.413591383519777,4.429600792416588,4.186253829888731,,,,,
2025-03-20,4.405455047043727,4.439462890944368,4.413823386648752,4.430877008157963,4.184341594640051,,,,,
2025-03-21,4.415894877482773,4.440507167627472,4.413707384972065,4.431457112331527,4.1824293944885405,,,,,
2025-03-24,4.433794160863824,4.441899552589557,4.413243379649612,4.430064861626293,4.176607390040998,,,,,
2025-03-25,4.448712557856216,4.440855261698418,4.413011377809406,4.429078696489253,4.174666794724313,,,,,
2025-03-26,4.4576646189602664,4.439462890658463,4.412547375802656,4.427976523246846,4.172697699000905,,,,,
2025-03-27,4.460648809827061,4.4387667126711605,4.411967376432013,4.4267583456358395,4.170700104511771,,,,,
2025-03-28,4.465125254139424,4.437722454535087,4.411967376432013,4.425366159861555,4.168616939348047,,,,,
2025-03-31,4.46960189396024,4.438766712384679,4.413823383629745,4.422175804759565,4.1625388993501655,,,,,
2025-04-01,4.457664622231405,4.438766712384679,4.41359138113635,4.420725677073656,4.160455900244142,,,,,
2025-04-02,4.459156705577683,4.438766712384679,4.414287389781779,4.419391577023157,4.158344407972492,,,,,
2025-04-03,4.466617442011422,4.438418625369733,4.415099406065637,4.417999489841717,4.156318556696892,,,,,
2025-04-04,4.463633082270113,4.437374371572278,4.41521540893921,4.417129446326995,4.154235680841523,,,,,
2025-04-07,4.454680504760411,4.435982047795872,4.41521540893921,4.414403353667695,4.148301136173793,,,,,
2025-04-08,4.454680504760411,4.434937816644946,4.415447415422524,4.413533338687148,4.146275478017447,,,,,
2025-04-09,4.448712552542089,4.431109061565008,4.414635395542454,4.4122573310520385,4.143964565274372,,,,,
2025-04-10,4.432302435296598,4.426236304233311,4.413707380936338,4.410691342779738,4.141539588521415,,,,,
2025-04-11,4.424844139337947,4.423103935294037,4.413127375439818,4.409357370199052,4.139371421529692,,,,,
2025-04-14,4.420369414988445,4.418579566066239,4.412431372620307,4.405935516245241,4.133266559439042,,,,,
2025-04-15,4.418877882815941,4.417187491998309,4.412199372711401,4.404891583377535,4.131355298813411,,,,,
2025-04-16,4.409929138398394,4.415447426703367,4.411851374052955,4.403673675391606,4.129529652030617,,,,,
2025-04-17,4.405455049494367,4.415099416838131,4.412547372625042,4.402745754397919,4.12770403475482,,,,,
2025-04-21,4.405455047041307,4.410923388639287,4.41254737237089,4.4008899387248945,4.120002562615044,,,,,
2025-04-22,4.4114205341632795,4.408835436456915,4.412315372140729,4.400078029497956,4.118034499608569,,,,,
2025-04-23,4.420369406405733,4.407443491150409,4.412083372298836,4.399382112138239,4.116152039110199,,,,,
2025-04-24,4.439761252912833,4.406747525265464,4.412083372298836,4.398686199036228,,,,,,
2025-04-25,4.454680510480835,4.405703585279719,4.411967372555403,4.39833824460607,,,,,,
2025-04-28,4.468109662638731,4.400136085167827,4.412315371314524,4.396598490756354,,,,,,
2025-04-29,4.463633086763208,4.39909221328989,4.412315371314524,4.39590259773468,,,,,,
2025-04-30,4.457664616505985,4.398048351849515,4.412315371314524,4.395206709351718,,,,,,
2025-05-01,4.441253088292019,4.395960662282339,4.411735374186021,4.394394846323957,,,,,,
2025-05-02,4.426335748561971,4.3945688920498105,4.410923382951437,4.393930927555645,,,,,,
2025-05-05,4.390542806047093,4.392481270061688,4.410807384465021,4.390741532371756,,,,,,
2025-05-06,4.3830874842882395,4.390741615054905,4.410923382760923,4.390103665609413,,,,,,
2025-05-07,4.380105505078613,4.389697835966522,4.411039381217341,4.389523790037297,,,,,,
2025-05-08,4.3786145468062365,4.389349911827423,4.41150337639562,4.388538007471987,,,,,,
2025-05-09,4.38159648423837,4.389349911827423,4.412083373347642,4.3868563966502405,,,,,,
2025-05-12,4.390542810134956,4.390045761455741,4.414519395728811,4.3805940765607065,,,,,,
2025-05-13,4.3920339392005125,4.390045761455741,4.415331415819046,4.378564701863352,,,,,,
2025-05-14,4.387560615901465,4.38934991192268,4.415795430070801,4.376419406386711,,,,,,
2025-05-15,4.3830874830649735,4.389001988847885,4.4166074598619876,4.374448092931327,,,,,,
2025-05-16,4.375632689663589,4.387958226867439,4.416839469565459,4.372360861013558,,,,,,
2025-05-19,4.357743355180044,4.3883061458908745,4.418695565370445,4.3667371394966015,,,,,,
2025-05-20,4.353271500049649,4.387958226295008,4.419507617715701,4.364766008906118,,,,,,
2025-05-21,4.359234013691293,4.388306145986132,4.420319676821194,4.362910860673153,,,,,,
2025-05-22,4.369669230919526,4.389349912017115,4.421131742464368,4.361403577841183,,,,,,
2025-05-23,4.380105491599018,4.390393688484462,4.421711793377758,4.359548488869391,,,,,,
2025-05-27,4.4337941608650455,4.397352461459225,4.425888252594068,4.351664726422166,,,,,,
2025-05-28,4.435285906512498,4.400484055360554,4.426584344734574,4.349462018718797,,,,,,
2025-05-29,4.427827389308536,4.402571836529612,4.427164424824359,4.3473173231530104,,,,,,
2025-05-30,4.42186095988788,4.404659659450028,4.427512474520334,4.3454624881299475,,,,,,
2025-06-02,4.395016253057049,4.412663360238223,4.427164424824359,4.340651668684181,,,,,,
2025-06-03,4.386069551139871,4.414403377230558,4.427048408516754,4.339318590214503,,,,,,
2025-06-04,4.3801055058948934,4.415447402488626,4.427280441356052,4.3381594049132,,,,,,
2025-06-05,4.3801055058948934,4.417883503355435,4.428556631013225,4.337232065436458,,,,,,
2025-06-06,4.378614547214377,4.419971634763642,4.429716816803797,4.335609238961724,,,,,,
2025-06-09,4.374141798951614,4.42519214659709,4.434125638740061,4.329407949480868,,,,,,
2025-06-10,4.3786145447631375,4.426236280588913,4.435633962593699,4.327321617112023,,,,,,
2025-06-11,4.383087483469494,4.427280425306623,4.437026281442935,4.325293278141484,,,,,,
2025-06-12,4.383087483469494,4.428324580464493,4.4384186188542785,4.323380880898209,,,,,,
2025-06-13,4.383087483469494,4.429368746063123,4.439694944629458,4.321352618543761,,,,,,
2025-06-16,4.387560615081498,4.4352858786147475,4.444452294550616,4.31202309282761,,,,,,
2025-06-17,4.383087485922044,4.435982033589636,4.445612655985953,4.308256750009143,,,,,,
2025-06-18,4.381596485465233,4.43702627489575,4.447933414988103,4.3045484832858305,,,,,,
2025-06-20,4.411420519457354,4.438418614214679,4.450370272604731,4.298059335374549,,,,,,
2025-06-23,4.456172538943282,4.438070527501559,4.445148487645723,4.287283600949121,,,,,,
2025-06-24,4.48004810552971,4.437722442044145,4.4434079506717294,4.2836340073469925,,,,,,
2025-06-25,4.50094370289269,4.437722442044145,4.441551410124034,4.27992661497214,,,,,,
2025-06-26,4.506914639474524,4.437722442044145,4.43876666270504,4.275987659305369,,,,,,
2025-06-27,4.4994510210309535,4.436330115439446,4.435633912756343,4.271701318957999,,,,,,
2025-06-30,4.481540509013904,4.433197448017223,4.427860460477939,4.259596258511267,,,,,,
2025-07-01,4.46363307654678,4.428672651094523,4.424496013777635,4.255600166670304,,,,,,
2025-07-02,4.448712560719881,4.426932398218075,4.420899654166366,4.251662138514334,,,,,,
2025-07-03,4.436777672652448,4.424844130472838,4.419043518801069,4.248013802499395,,,,,,
2025-07-07,4.4129119679857665,4.4231039379642345,4.411619297039282,4.235274577751591,,,,,,
2025-07-08,4.4129119679857665,4.423451974222248,4.409879320722521,4.231916311385886,,,,,,
2025-07-09,4.417386369086462,4.4238000115449205,4.407675391742805,4.228500255355128,,,,,,
2025-07-10,4.420369411718439,4.424844130758743,4.4055875010804435,4.224910618758648,,,,,,
2025-07-11,4.424844136070227,4.426236306141185,4.403383660883242,4.221147420236515,,,,,,
2025-07-14,4.420369409269864,4.430412943555173,4.397584305514379,4.209569197431007,,,,,,
2025-07-15,4.41291195736595,4.430412943555173,4.395496617220251,4.205575009911788,,,,,,
2025-07-16,4.39948989340142,4.429368769232522,4.392945056287401,4.201349444265312,,,,,,
2025-07-17,4.3905428056401075,4.430064884382734,4.391205391645681,4.197297691266755,,,,,,
2025-07-18,4.384578508088022,4.430761004173545,4.390625510668444,4.193303975188956,,,,,,
2025-07-21,4.411420523539977,4.435285899210184,4.387842121097463,4.182018207632021,,,,,,
2025-07-22,4.42335252690409,4.4363301344137795,4.386682397028818,4.178372296854271,,,,,,
2025-07-23,4.435285893842633,4.437722464070171,4.3852907447723855,4.174726513667304,,,,,,
2025-07-24,4.441253091969832,4.44050717754374,4.384710895697275,4.171080858066656,,,,,,
2025-07-25,4.454680517838616,4.442595760804036,4.383667175479,4.16726173718085,,,,,,
2025-07-28,4.445728710024044,4.443640067000354,4.379492404110352,4.154763785286808,,,,,,
2025-07-29,4.4412530931961625,4.443640067000354,4.378100850758537,4.1506559902403595,,,,,,
2025-07-30,4.438269455602595,4.442943861359838,4.377057198348067,4.146548357202606,,,,,,
2025-07-31,4.441253094832098,4.443640067381871,4.376941237613252,4.14273013781945,,,,,,
2025-08-01,4.435285908147124,4.441899562696849,4.375549719416205,4.138507122864121,,,,,,
2025-08-04,4.439761269263398,4.443640067381871,4.369288099945168,4.126648878194472,,,,,,
2025-08-05,4.441253099329079,4.445728711576846,4.368012632494422,4.12288922962134,,,,,,
2025-08-06,4.444236822161884,4.448165514926661,4.365577689794131,4.119071879720226,,,,,,
2025-08-07,4.442744949476363,4.450950502274931,4.361635515036166,4.11531250575583,,,,,,
2025-08-08,4.441253098509912,4.453387426785693,4.356534092565045,4.111495434677925,,,,,,
2025-08-11,4.445728714109198,4.459305909687039,4.341810934198542,4.0992933056752,,,,,,
2025-08-12,4.445728714109198,4.4610467044455815,4.337058231713131,4.095245521015567,,,,,,
2025-08-13,4.4412530972823605,4.462787527260215,4.332305748314047,4.0910822507093325,,,,,,
2025-08-14,4.438269457234845,4.465921082291979,4.327901199085793,4.087034784218702,,,,,,
2025-08-15,4.4352859032408265,4.468706543071432,4.3237286420466425,4.083045294342136,,,,,,
2025-08-18,4.4352859032408265,4.477063362745448,4.3100530982181695,4.070788691777261,,,,,,
2025-08-19,4.4397612631305705,4.4784562331612765,4.305533607080991,4.066857633703447,,,,,,
2025-08-20,4.447220622466941,4.471840241411629,4.301709577314861,4.0629845300049094,,,,,,
2025-08-21,4.454680518656673,4.465921023347219,4.2974221908069765,4.059227178069924,,,,,,
2025-08-22,4.457664626724256,4.459653982388834,4.292671507597556,4.055701174089088,,,,,,
2025-08-25,4.448712563170321,4.4359818978068954,4.277493956630263,4.044025753936076,,,,,,
2025-08-26,4.444236819707936,4.427628326078481,4.272396649973054,4.039922327448453,,,,,,
2025-08-27,4.445728711658825,4.420667532443834,4.267531274174963,4.035761272063021,,,,,,
2025-08-28,4.45020451660183,4.413707198978645,4.2634769694273045,4.031715959991877,,,,,,
2025-08-29,4.460648807373935,4.407443293824476,4.260117808696173,4.027844165237648,,,,,,
2025-09-02,4.505421880093152,4.385522588377988,4.249114426748424,4.012473984866616,,,,,,
2025-09-03,4.506914645608795,4.378912492420861,4.24598736476014,4.008371805007105,,,,,,
2025-09-04,4.506914645608795,4.371607081873896,4.241586466829039,4.004443109982736,,,,,,
2025-09-05,4.506914645608795,4.363606506794171,4.236259309729262,4.000341249102646,,,,,,
2025-09-08,4.506914645608795,4.336130935842464,4.21912160459319,3.9871701645549873,,,,,,
2025-09-09,4.523336446658166,4.326394487693164,4.21367981351779,3.9828379337857323,,,,,,
2025-09-10,4.52184344657498,4.317006631613518,4.20846985571055,3.978505883502348,,,,,,
2025-09-11,4.5203504674074635,4.308662580989098,4.203144388082802,3.9742317701890073,,,,,,
2025-09-12,4.480047968570644,4.29962394845087,4.197240382601897,3.969784569139456,,,,,,
2025-09-15,4.354761788840378,4.272860292813441,4.171081480101413,3.956386363113351,,,,,,
2025-09-16,4.299623950206577,4.2652148183758065,4.161360388782431,3.9514202317414426,,,,,,
2025-09-17,4.25940654032575,4.262087281149984,4.153954447848696,3.947147231803849,,,,,,
2025-09-18,4.222182025081733,4.255137521923302,4.1459705000050695,3.943220848331963,,,,,,
2025-09-19,4.228137069770099,4.256527441276758,4.140763890108756,3.9403916232977565,,,,,,
2025-09-22,4.2370702772420055,4.26173980193858,4.124104480720958,3.931384803761939,,,,,,
2025-09-23,4.235581355550022,4.2641723260056885,4.1185519365032786,3.9283827040254016,,,,,,
2025-09-24,4.253449797585662,4.2683424987313145,4.113462364416365,3.92549615065072,,,,,,
2025-09-25,4.263874474236373,4.272165303060671,4.108026050119573,3.9225519492054106,,,,,,
2025-09-26,4.266853142696858,4.274250526704204,4.102011739394507,3.91937692608737,,,,,,
2025-09-29,4.275789663558838,4.286067578376884,4.086977491167998,3.910371932470569,,,,,,
2025-09-30,4.278768676498057,4.29093381512482,4.082698910258764,3.9074858801257495,,,,,,
2025-10-01,4.263874483211749,4.283982106425177,4.077264218660814,3.903965010120203,,,,,,
2025-10-02,4.251960650496178,4.284677255109548,4.07159855797361,3.900675122859143,,,,,,
2025-10-03,4.2415371650331934,4.28537240842759,4.067783091102339,3.8976739151169504,,,,,,
2025-10-06,4.228137072215454,4.278768616188899,4.0542566338114705,3.8886130969604027,,,,,,
2025-10-07,4.228137072215454,4.270427569289192,4.049632603349074,3.885785359066385,,,,,,
2025-10-08,4.235581355548823,4.262782195733972,4.044546402996008,3.883015404357426,,,,,,
2025-10-09,4.260895868430192,4.256179823341899,4.039229273182521,3.8803032274883575,,,,,,
2025-10-10,4.286216522224606,4.249230410294791,4.033681253518484,3.877360306355193,,,,,,
2025-10-14,4.301113917703758,4.221784772458759,4.010105473616377,3.8645509141162826,,,,,,
2025-10-15,4.307073464238176,4.215185008857136,4.00375017636645,3.8612045789427674,,,,,,
2025-10-16,4.295154724724659,4.2033759567152496,3.9963554213654495,3.857396817700165,,,,,,
2025-10-17,4.286216568744461,4.191220978919796,3.9887301309458945,3.8537045785036472,,,,,,
2025-10-20,4.313033379045494,4.16865117625973,3.970477892406854,3.845051395169774,,,,,,
2025-10-21,4.329424822138717,4.159971776465032,3.96458702914384,3.8421094751360574,,,,,,
2025-10-22,4.341347471470702,4.148863210624021,3.957888028074863,3.838763866652628,,,,,,
2025-10-23,4.350290359955578,4.139144187356902,3.951304944873013,3.835418364125842,,,,,,
2025-10-24,4.320483630407046,4.128384902518878,3.9442603546272936,3.8318999361036665,,,,,,
2025-10-27,4.311543293929976,4.09993023028512,3.923706742922217,,,,,,,
2025-10-28,4.290685471201283,4.092297385210997,3.9165485774090625,,,,,,,
2025-10-29,4.244515076239974,4.083277476603886,3.909044583597532,,,,,,,
2025-10-30,4.190923398445889,4.078074040856006,3.902002863046361,,,,,,,
2025-10-31,4.173065575241974,4.080849182957658,3.897385584622226,,,,,,,
2025-11-03,4.04368819623484,4.066627385896182,3.8783415345836625,,,,,,,
2025-11-04,4.016940504687461,4.0603842665677625,3.87314830294343,,,,,,,
2025-11-05,4.009511797553822,4.057609661007899,3.8695708885224667,,,,,,,
2025-11-06,4.019912144650095,4.058303306222011,3.86703214990356,,,,,,,
2025-11-07,4.031799524176205,4.058650130515606,3.863916508761722,,,,,,,
2025-11-10,4.040715955205032,4.059343782285674,3.8539932381089104,,,,,,,
2025-11-12,4.046660660196855,4.047552293110845,3.8467244682393265,,,,,,,
2025-11-13,4.036257638672636,4.036802394658645,3.842917222744102,,,,,,,
2025-11-14,4.022883857298609,4.025360177945014,3.838879388731109,,,,,,,
2025-11-17,4.01396895450441,3.9997064410881134,3.8287278079586873,,,,,,,
2025-11-18,4.00802611694735,3.988961491820575,3.824805874968429,,,,,,,
2025-11-19,4.018426306935807,3.9792573185805535,3.8215761563817896,,,,,,,
2025-11-20,4.039229804040434,3.9705936398739317,3.8192692766773506,,,,,,,
2025-11-21,4.06003746180732,3.9619306830355416,3.8171931293377925,,,,,,,
2025-11-24,4.144797221594754,3.934560493311978,3.8079663042280387,,,,,,,
2025-11-25,4.168601832285912,3.9241686416023436,3.804506457500101,,,,,,,
2025-11-26,4.168601832285912,3.9120461361140224,3.800470118159316,,,,,,,
2025-11-28,4.134384369628963,3.8919605644102573,3.7917060420020743,,,,,,,
2025-12-01,4.049633084492155,3.8531856484040006,3.7763707053294793,,,,,,,
2025-12-02,4.024369748509882,3.844532523920474,3.7712978599066194,,,,,,,
2025-12-03,4.012483221216545,3.839687081839527,3.7678392400495087,,,,,,,
2025-12-04,4.005054822240184,3.8327653968549535,3.7649571421280115,,,,,,,
2025-12-05,3.9664355559556608,3.826882324963421,3.762075121886843,,,,,,,
2025-12-08,3.850663808378063,3.803353356761141,3.752507387820292,,,,,,,
2025-12-09,3.8209995570687383,3.7929746208967163,3.749049388551917,,,,,,,
2025-12-10,3.7854136011783224,3.7829428251780817,3.7458220256676,,,,,,,
2025-12-11,3.7542858829179737,3.7739496220644098,3.7428252769561743,,,,,,,
2025-12-12,3.7542858829179737,3.77325786721463,3.742594760652085,,,,,,,
2025-12-15,3.7498398123767096,3.7704908944024673,3.7419032150029174,,,,,,,
2025-12-16,3.73946640288898,3.766686431288435,3.7407506504279375,,,,,,,
2025-12-17,3.735020968606184,3.7656488740786864,3.740865906324986,,,,,,,
2025-12-18,3.73057572481883,3.7642654804137754,3.7404048831893855,,,,,,,
2025-12-19,3.73057572481883,3.763919634737145,3.7399438617234937,,,,,,,
2025-12-22,3.775036693329703,3.7625362634625237,3.7385608096184964,,,,,,,
2025-12-23,3.7883786941142583,3.7608070754236778,3.737869290669993,,,,,,,
2025-12-24,3.7957916660756874,3.7601154081819965,3.7374082804722875,,,,,,,
2025-12-26,3.858081400896829,3.7594237456456625,3.736832020716596,,,,,,,
2025-12-29,3.853630893485649,3.748703581527524,3.7325678039692223,,,,,,,
2025-12-30,3.8432471121542022,3.7442083580654595,3.7309543623512686,,,,,,,
2025-12-31,3.835830750981173,3.7421337038152647,3.730032406222028,,,,,,,
2026-01-02,3.7691074633089627,3.7289952245104008,3.7253075222188015,,,,,,,
2026-01-05,3.720204219931511,3.722426598616768,3.722196125492472,,,,,,,
2026-01-06,3.7113151914499154,3.7206980799469047,3.7217351854514025,,,,,,,
2026-01-07,3.7098337601598974,3.7203523794799187,3.7216199506821868,,,,,,,
2026-01-08,3.708352349625099,3.720006680070731,3.7212742469534987,,,,,,,
2026-01-09,3.7113151914499154,3.720006680070731,3.720698076317186,,,,,,,
2026-01-12,3.7157596135068083,3.7200066799763176,3.719200047610194,,,,,,,
2026-01-13,3.7172411298485697,3.720352379385772,3.7188543518523964,,,,,,,
2026-01-14,3.7157596135068083,3.720352379385772,3.718623888748729,,,,,,,
2026-01-15,3.7142781179214657,3.7210437815661024,3.718854351789358,,,,,,,
2026-01-16,3.7113151914511144,3.7210437815661024,3.719545743226127,,,,,,,
2026-01-20,3.7127966439022053,3.7265751601018637,3.719776208251968,,,,,,,
2026-01-21,3.715759612695635,3.7276123271806183,3.719660975596173,,,,,,,
2026-01-22,3.717241129442983,3.7286495049142054,3.719660975596173,,,,,,,
2026-01-23,3.7187226669482376,3.729340962403449,3.719660975596173,,,,,,,
2026-01-26,3.7320574495518732,3.7307238909256135,,,,,,,,
2026-01-27,3.7365027568359244,3.7310696258656684,,,,,,,,
2026-01-28,3.740948254618104,3.7314153619583568,,,,,,,,
2026-01-29,3.7424301307658725,3.732798318041919,,,,,,,,
2026-01-30,3.7424301307658725,3.73383554706197,,,,,,,,
2026-02-02,3.724649021290971,3.735564283816939,,,,,,,,
2026-02-03,3.7157596094460565,3.7348727854117136,,,,,,,,
2026-02-04,3.709833759755532,3.733835546304509,,,,,,,,
2026-02-05,3.709833759755532,3.733835546304509,,,,,,,,
2026-02-06,3.709833759755532,3.733835546304509,,,,,,,,
2026-02-09,3.718722666138219,3.734527038458757,,,,,,,,
2026-02-10,3.7231674056307673,3.734872786359178,,,,,,,,
2026-02-11,3.7320574475223856,3.734872786359178,,,,,,,,
2026-02-12,3.743912018745088,3.734872786359178,,,,,,,,
2026-02-13,3.746875875660405,3.734872786359178,,,,,,,,
2026-02-17,3.746875875660405,3.7341812905735905,,,,,,,,
2026-02-18,3.740948251372589,3.731069624255534,,,,,,,,
2026-02-19,3.7320574523926897,3.7272666043317138,,,,,,,,
2026-02-20,3.7320574523926897,3.725538003583395,,,,,,,,
2026-02-23,3.7409482586798326,3.721735182957109,,,,,,,,
2026-02-24,3.748357842973493,3.7210437761679094,,,,,,,,
2026-02-25,3.7528038475743486,3.720352374177005,,,,,,,,
2026-02-26,3.7528038475743486,3.718969583643017,,,,,,,,
2026-02-27,3.7513218240597723,3.717586811544593,,,,,,,,
2026-03-02,3.7379845650159504,3.7141299624237067,,,,,,,,
2026-03-03,3.7290940151588403,3.7120559096747607,,,,,,,,
2026-03-04,3.720204224803658,3.7106732308850754,,,,,,,,
2026-03-05,3.7157596135068083,3.710327563925886,,,,,,,,
2026-03-06,3.71427811873144,3.710327563925886,,,,,,,,
2026-03-09,3.71427811873144,3.7096362327062815,,,,,,,,
2026-03-10,3.721685800169028,3.7075622664132,,,,,,,,
2026-03-11,3.723167401164118,3.705142690496954,,,,,,,,
2026-03-12,3.7202042191214924,3.7041057472388728,,,,,,,,
2026-03-13,3.715759605388924,3.7027231725461407,,,,,,,,
2026-03-16,3.7024269069214633,3.70099498005354,,,,,,,,
2026-03-17,3.690577066366574,3.701686252060732,,,,,,,,
2026-03-18,3.6876148161822053,3.70237752962288,,,,,,,,
2026-03-19,3.6905770671775917,3.7034144553163006,,,,,,,,
2026-03-20,3.6950206017427156,3.704451391378294,,,,,,,,
2026-03-23,3.6994643279492534,3.706179641378249,,,,,,,,
2026-03-24,3.7009456123354934,3.7068709494616714,,,,,,,,
2026-03-25,3.7083523455706535,,,,,,,,,
2026-03-26,3.709833756105385,,,,,,,,,
2026-03-27,3.7113151873953365,,,,,,,,,
2026-03-30,3.724649024948845,,,,,,,,,
2026-03-31,3.727612333162278,,,,,,,,,
2026-04-01,3.718722664920193,,,,,,,,,
2026-04-02,3.7098337512361246,,,,,,,,,
2026-04-06,3.674285721135506,,,,,,,,,
2026-04-07,3.67132393636429,,,,,,,,,
2026-04-08,3.6772475905221036,,,,,,,,,
2026-04-09,3.6965017962804936,,,,,,,,,
2026-04-10,3.7113151711626102,,,,,,,,,
2026-04-13,3.729094009476186,,,,,,,,,
2026-04-14,3.729094009476186,,,,,,,,,
2026-04-15,3.72464901601659,,,,,,,,,
2026-04-16,3.7127966426854453,,,,,,,,,
2026-04-17,,,,,,,,,,
2026-04-20,,,,,,,,,,
2026-04-21,,,,,,,,,,
2026-04-22,,,,,,,,,,
