nominal;data;curs;cdx
1;20.01.2026;1,1595;EUR/USD
1;17.01.2026;1,1632;EUR/USD
1;16.01.2026;1,1692;EUR/USD
1;15.01.2026;1,1734;EUR/USD
1;14.01.2026;1,1718;EUR/USD
1;13.01.2026;1,1672;EUR/USD
1;31.12.2025;1,1773;EUR/USD
1;30.12.2025;1,1812;EUR/USD
1;27.12.2025;1,1739;EUR/USD
1;26.12.2025;1,1798;EUR/USD
1;25.12.2025;1,1790;EUR/USD
1;24.12.2025;1,1811;EUR/USD
1;23.12.2025;1,1708;EUR/USD
1;20.12.2025;1,1708;EUR/USD
1;19.12.2025;1,1777;EUR/USD
1;18.12.2025;1,1713;EUR/USD
1;17.12.2025;1,1810;EUR/USD
1;16.12.2025;1,1734;EUR/USD
1;13.12.2025;1,1735;EUR/USD
1;12.12.2025;1,1714;EUR/USD
1;11.12.2025;1,1731;EUR/USD
1;10.12.2025;1,1643;EUR/USD
1;09.12.2025;1,1609;EUR/USD
1;06.12.2025;1,1657;EUR/USD
1;05.12.2025;1,1680;EUR/USD
1;04.12.2025;1,1621;EUR/USD
1;03.12.2025;1,1599;EUR/USD
1;02.12.2025;1,1627;EUR/USD
1;29.11.2025;1,1609;EUR/USD
1;28.11.2025;1,1602;EUR/USD
1;27.11.2025;1,1643;EUR/USD
1;26.11.2025;1,1521;EUR/USD
1;25.11.2025;1,1577;EUR/USD
1;22.11.2025;1,1460;EUR/USD
1;21.11.2025;1,1471;EUR/USD
1;20.11.2025;1,1586;EUR/USD
1;19.11.2025;1,1588;EUR/USD
1;18.11.2025;1,1638;EUR/USD
1;15.11.2025;1,1722;EUR/USD
1;14.11.2025;1,1625;EUR/USD
1;13.11.2025;1,1588;EUR/USD
1;12.11.2025;1,1578;EUR/USD
1;11.11.2025;1,1594;EUR/USD
1;08.11.2025;1,1553;EUR/USD
1;07.11.2025;1,1522;EUR/USD
1;06.11.2025;1,1518;EUR/USD
1;02.11.2025;1,1545;EUR/USD
1;01.11.2025;1,1533;EUR/USD
1;31.10.2025;1,1601;EUR/USD
1;30.10.2025;1,1608;EUR/USD
1;29.10.2025;1,1644;EUR/USD
1;28.10.2025;1,1651;EUR/USD
1;25.10.2025;1,1619;EUR/USD
1;24.10.2025;1,1614;EUR/USD
1;23.10.2025;1,1604;EUR/USD
1;22.10.2025;1,1637;EUR/USD
1;21.10.2025;1,1601;EUR/USD
1;18.10.2025;1,1679;EUR/USD
1;17.10.2025;1,1644;EUR/USD
1;16.10.2025;1,1635;EUR/USD
1;15.10.2025;1,1591;EUR/USD
1;14.10.2025;1,1616;EUR/USD
1;11.10.2025;1,1584;EUR/USD
1;10.10.2025;1,1633;EUR/USD
1;09.10.2025;1,1642;EUR/USD
1;08.10.2025;1,1677;EUR/USD
1;07.10.2025;1,1667;EUR/USD
1;04.10.2025;1,1728;EUR/USD
1;03.10.2025;1,1769;EUR/USD
1;02.10.2025;1,1735;EUR/USD
1;01.10.2025;1,1726;EUR/USD
1;30.09.2025;1,1722;EUR/USD
1;27.09.2025;1,1683;EUR/USD
1;26.09.2025;1,1740;EUR/USD
1;25.09.2025;1,1739;EUR/USD
1;24.09.2025;1,1882;EUR/USD
1;23.09.2025;1,1779;EUR/USD
1;20.09.2025;1,1830;EUR/USD
1;19.09.2025;1,1900;EUR/USD
1;18.09.2025;1,1843;EUR/USD
1;17.09.2025;1,1817;EUR/USD
1;16.09.2025;1,1731;EUR/USD
1;13.09.2025;1,1772;EUR/USD
1;12.09.2025;1,1643;EUR/USD
1;11.09.2025;1,1755;EUR/USD
1;10.09.2025;1,1777;EUR/USD
1;09.09.2025;1,1728;EUR/USD
1;06.09.2025;1,1707;EUR/USD
1;05.09.2025;1,1658;EUR/USD
1;04.09.2025;1,1658;EUR/USD
1;03.09.2025;1,1643;EUR/USD
1;02.09.2025;1,1736;EUR/USD
1;30.08.2025;1,1707;EUR/USD
1;29.08.2025;1,1644;EUR/USD
1;28.08.2025;1,1604;EUR/USD
1;27.08.2025;1,1595;EUR/USD
1;26.08.2025;1,1708;EUR/USD
1;23.08.2025;1,1595;EUR/USD
1;22.08.2025;1,1651;EUR/USD
1;21.08.2025;1,1670;EUR/USD
1;20.08.2025;1,1645;EUR/USD
1;19.08.2025;1,1699;EUR/USD
1;16.08.2025;1,1710;EUR/USD
1;15.08.2025;1,1667;EUR/USD
1;14.08.2025;1,1732;EUR/USD
1;13.08.2025;1,1626;EUR/USD
1;12.08.2025;1,1667;EUR/USD
1;09.08.2025;1,1642;EUR/USD
1;08.08.2025;1,1673;EUR/USD
1;07.08.2025;1,1598;EUR/USD
1;06.08.2025;1,1557;EUR/USD
1;05.08.2025;1,1588;EUR/USD
1;02.08.2025;1,1416;EUR/USD
1;01.08.2025;1,1439;EUR/USD
1;31.07.2025;1,1603;EUR/USD
1;30.07.2025;1,1554;EUR/USD
1;29.07.2025;1,1713;EUR/USD
1;26.07.2025;1,1734;EUR/USD
1;25.07.2025;1,1835;EUR/USD
1;24.07.2025;1,1701;EUR/USD
1;23.07.2025;1,1753;EUR/USD
1;22.07.2025;1,1683;EUR/USD
1;19.07.2025;1,1631;EUR/USD
1;18.07.2025;1,1635;EUR/USD
1;17.07.2025;1,1617;EUR/USD
1;16.07.2025;1,1693;EUR/USD
1;15.07.2025;1,1710;EUR/USD
1;12.07.2025;1,1699;EUR/USD
1;11.07.2025;1,1745;EUR/USD
1;10.07.2025;1,1694;EUR/USD
1;09.07.2025;1,1765;EUR/USD
1;08.07.2025;1,1740;EUR/USD
1;05.07.2025;1,1798;EUR/USD
1;04.07.2025;1,1821;EUR/USD
1;03.07.2025;1,1783;EUR/USD
1;02.07.2025;1,1827;EUR/USD
1;01.07.2025;1,1750;EUR/USD
1;28.06.2025;1,1760;EUR/USD
1;27.06.2025;1,1719;EUR/USD
1;26.06.2025;1,1645;EUR/USD
1;25.06.2025;1,1703;EUR/USD
1;24.06.2025;1,1475;EUR/USD
1;21.06.2025;1,1482;EUR/USD
1;20.06.2025;1,1447;EUR/USD
1;19.06.2025;1,1473;EUR/USD
1;18.06.2025;1,1530;EUR/USD
1;17.06.2025;1,1584;EUR/USD
1;12.06.2025;1,1393;EUR/USD
1;11.06.2025;1,1424;EUR/USD
1;10.06.2025;1,1417;EUR/USD
1;07.06.2025;1,1418;EUR/USD
1;06.06.2025;1,1458;EUR/USD
1;05.06.2025;1,1377;EUR/USD
1;04.06.2025;1,1404;EUR/USD
1;03.06.2025;1,1422;EUR/USD
1;31.05.2025;1,1353;EUR/USD
1;30.05.2025;1,1331;EUR/USD
1;29.05.2025;1,1348;EUR/USD
1;28.05.2025;1,1417;EUR/USD
1;27.05.2025;1,1356;EUR/USD
1;24.05.2025;1,1356;EUR/USD
1;23.05.2025;1,1312;EUR/USD
1;22.05.2025;1,1448;EUR/USD
1;21.05.2025;1,1203;EUR/USD
1;20.05.2025;1,1256;EUR/USD
1;17.05.2025;1,1230;EUR/USD
1;16.05.2025;1,1219;EUR/USD
1;15.05.2025;1,1266;EUR/USD
1;14.05.2025;1,1135;EUR/USD
1;13.05.2025;1,1140;EUR/USD
1;08.05.2025;1,1395;EUR/USD
1;07.05.2025;1,1353;EUR/USD
1;06.05.2025;1,1342;EUR/USD
1;01.05.2025;1,1392;EUR/USD
1;30.04.2025;1,1424;EUR/USD
1;29.04.2025;1,1288;EUR/USD
1;26.04.2025;1,1416;EUR/USD
1;25.04.2025;1,1431;EUR/USD
1;24.04.2025;1,1482;EUR/USD
1;23.04.2025;1,1544;EUR/USD
1;22.04.2025;1,1599;EUR/USD
1;19.04.2025;1,1366;EUR/USD
1;18.04.2025;1,1369;EUR/USD
1;17.04.2025;1,1301;EUR/USD
1;16.04.2025;1,1383;EUR/USD
1;15.04.2025;1,1377;EUR/USD
1;12.04.2025;1,1454;EUR/USD
1;11.04.2025;1,1128;EUR/USD
1;10.04.2025;1,1045;EUR/USD
1;09.04.2025;1,0973;EUR/USD
1;08.04.2025;1,0996;EUR/USD
1;05.04.2025;1,1033;EUR/USD
1;04.04.2025;1,1040;EUR/USD
1;03.04.2025;1,0787;EUR/USD
1;02.04.2025;1,0836;EUR/USD
1;01.04.2025;1,0811;EUR/USD
1;29.03.2025;1,0714;EUR/USD
1;28.03.2025;1,0800;EUR/USD
1;27.03.2025;1,0926;EUR/USD
1;26.03.2025;1,0968;EUR/USD
1;25.03.2025;1,0912;EUR/USD
1;22.03.2025;1,0802;EUR/USD
1;21.03.2025;1,0956;EUR/USD
1;20.03.2025;1,0963;EUR/USD
1;19.03.2025;1,0745;EUR/USD
1;18.03.2025;1,0776;EUR/USD
1;15.03.2025;1,0940;EUR/USD
1;14.03.2025;1,0882;EUR/USD
1;13.03.2025;1,0849;EUR/USD
1;12.03.2025;1,0820;EUR/USD
1;11.03.2025;1,0798;EUR/USD
1;08.03.2025;1,0867;EUR/USD
1;07.03.2025;1,0784;EUR/USD
1;06.03.2025;1,0659;EUR/USD
1;05.03.2025;1,0522;EUR/USD
1;04.03.2025;1,0404;EUR/USD
1;01.03.2025;1,0375;EUR/USD
1;28.02.2025;1,0495;EUR/USD
1;27.02.2025;1,0495;EUR/USD
1;26.02.2025;1,0497;EUR/USD
1;25.02.2025;1,0489;EUR/USD
1;22.02.2025;1,0436;EUR/USD
1;21.02.2025;1,0449;EUR/USD
1;20.02.2025;1,0404;EUR/USD
1;19.02.2025;1,0474;EUR/USD
1;18.02.2025;1,0478;EUR/USD
1;15.02.2025;1,0507;EUR/USD
1;14.02.2025;1,0427;EUR/USD
1;13.02.2025;1,0421;EUR/USD
1;12.02.2025;1,0354;EUR/USD
1;11.02.2025;1,0384;EUR/USD
1;08.02.2025;1,0406;EUR/USD
1;07.02.2025;1,0388;EUR/USD
1;06.02.2025;1,0496;EUR/USD
1;05.02.2025;1,0421;EUR/USD
1;04.02.2025;1,0255;EUR/USD
1;01.02.2025;1,0442;EUR/USD
1;31.01.2025;1,0487;EUR/USD
1;30.01.2025;1,0448;EUR/USD
1;29.01.2025;1,0371;EUR/USD
1;28.01.2025;1,0578;EUR/USD
1;25.01.2025;1,0501;EUR/USD
1;24.01.2025;1,0460;EUR/USD
1;23.01.2025;1,0505;EUR/USD
1;22.01.2025;1,0336;EUR/USD
1;21.01.2025;1,0303;EUR/USD
1;18.01.2025;1,0239;EUR/USD
1;17.01.2025;1,0335;EUR/USD
1;16.01.2025;1,0320;EUR/USD
1;15.01.2025;1,0272;EUR/USD
1;14.01.2025;1,0209;EUR/USD
1;11.01.2025;1,0307;EUR/USD
1;10.01.2025;1,0274;EUR/USD
1;29.12.2024;1,0435;EUR/USD
1;28.12.2024;1,0540;EUR/USD
1;27.12.2024;1,0410;EUR/USD
1;26.12.2024;1,0435;EUR/USD
1;25.12.2024;1,0436;EUR/USD
1;24.12.2024;1,0358;EUR/USD
1;21.12.2024;1,0410;EUR/USD
1;20.12.2024;1,0439;EUR/USD
1;19.12.2024;1,0558;EUR/USD
1;18.12.2024;1,0519;EUR/USD
1;17.12.2024;1,0563;EUR/USD
1;14.12.2024;1,0540;EUR/USD
1;13.12.2024;1,0628;EUR/USD
1;12.12.2024;1,0512;EUR/USD
1;11.12.2024;1,0617;EUR/USD
1;10.12.2024;1,0576;EUR/USD
1;07.12.2024;1,0692;EUR/USD
1;06.12.2024;1,0619;EUR/USD
1;05.12.2024;1,0573;EUR/USD
1;04.12.2024;1,0549;EUR/USD
1;03.12.2024;1,0525;EUR/USD
1;30.11.2024;1,0610;EUR/USD
1;29.11.2024;1,0599;EUR/USD
1;28.11.2024;1,0471;EUR/USD
1;27.11.2024;1,0517;EUR/USD
1;26.11.2024;1,0489;EUR/USD
1;23.11.2024;1,0473;EUR/USD
1;22.11.2024;1,0536;EUR/USD
1;21.11.2024;1,0558;EUR/USD
1;20.11.2024;1,0570;EUR/USD
1;19.11.2024;1,0552;EUR/USD
1;16.11.2024;1,0571;EUR/USD
1;15.11.2024;1,0554;EUR/USD
1;14.11.2024;1,0602;EUR/USD
1;13.11.2024;1,0643;EUR/USD
1;12.11.2024;1,0704;EUR/USD
1;09.11.2024;1,0779;EUR/USD
1;08.11.2024;1,0764;EUR/USD
1;07.11.2024;1,0762;EUR/USD
1;06.11.2024;1,0901;EUR/USD
1;03.11.2024;1,0881;EUR/USD
1;02.11.2024;1,0862;EUR/USD
1;01.11.2024;1,0876;EUR/USD
1;31.10.2024;1,0842;EUR/USD
1;30.10.2024;1,0833;EUR/USD
1;29.10.2024;1,0822;EUR/USD
1;26.10.2024;1,0842;EUR/USD
1;25.10.2024;1,0804;EUR/USD
1;24.10.2024;1,0801;EUR/USD
1;23.10.2024;1,0857;EUR/USD
1;22.10.2024;1,0865;EUR/USD
1;19.10.2024;1,0875;EUR/USD
1;18.10.2024;1,0886;EUR/USD
1;17.10.2024;1,0908;EUR/USD
1;16.10.2024;1,0893;EUR/USD
1;15.10.2024;1,0976;EUR/USD
1;12.10.2024;1,0941;EUR/USD
1;11.10.2024;1,0953;EUR/USD
1;10.10.2024;1,0977;EUR/USD
1;09.10.2024;1,0997;EUR/USD
1;08.10.2024;1,0962;EUR/USD
1;05.10.2024;1,1041;EUR/USD
1;04.10.2024;1,1036;EUR/USD
1;03.10.2024;1,1052;EUR/USD
1;02.10.2024;1,1102;EUR/USD
1;01.10.2024;1,1175;EUR/USD
1;28.09.2024;1,1160;EUR/USD
1;27.09.2024;1,1167;EUR/USD
1;26.09.2024;1,1200;EUR/USD
1;25.09.2024;1,1136;EUR/USD
1;24.09.2024;1,1108;EUR/USD
1;21.09.2024;1,1166;EUR/USD
1;20.09.2024;1,1138;EUR/USD
1;19.09.2024;1,1131;EUR/USD
1;18.09.2024;1,1102;EUR/USD
1;17.09.2024;1,1112;EUR/USD
1;14.09.2024;1,1084;EUR/USD
1;13.09.2024;1,1019;EUR/USD
1;12.09.2024;1,1038;EUR/USD
1;11.09.2024;1,1030;EUR/USD
1;10.09.2024;1,1053;EUR/USD
1;07.09.2024;1,1101;EUR/USD
1;06.09.2024;1,1058;EUR/USD
1;05.09.2024;1,1028;EUR/USD
1;04.09.2024;1,1038;EUR/USD
1;03.09.2024;1,1029;EUR/USD
1;31.08.2024;1,1050;EUR/USD
1;30.08.2024;1,1128;EUR/USD
1;29.08.2024;1,1163;EUR/USD
1;28.08.2024;1,1182;EUR/USD
1;27.08.2024;1,1168;EUR/USD
1;24.08.2024;1,1093;EUR/USD
1;23.08.2024;1,1132;EUR/USD
1;22.08.2024;1,1120;EUR/USD
1;21.08.2024;1,1049;EUR/USD
1;20.08.2024;1,1049;EUR/USD
1;17.08.2024;1,1005;EUR/USD
1;16.08.2024;1,1073;EUR/USD
1;15.08.2024;1,1145;EUR/USD
1;14.08.2024;1,0853;EUR/USD
1;13.08.2024;1,0749;EUR/USD
1;10.08.2024;1,0817;EUR/USD
1;09.08.2024;1,0875;EUR/USD
1;08.08.2024;1,0918;EUR/USD
1;07.08.2024;1,0923;EUR/USD
1;06.08.2024;1,0953;EUR/USD
1;03.08.2024;1,0832;EUR/USD
1;02.08.2024;1,0824;EUR/USD
1;01.08.2024;1,0860;EUR/USD
1;31.07.2024;1,0807;EUR/USD
1;30.07.2024;1,0876;EUR/USD
1;27.07.2024;1,0900;EUR/USD
1;26.07.2024;1,0909;EUR/USD
1;25.07.2024;1,0904;EUR/USD
1;24.07.2024;1,0935;EUR/USD
1;23.07.2024;1,0909;EUR/USD
1;20.07.2024;1,0911;EUR/USD
1;19.07.2024;1,0936;EUR/USD
1;18.07.2024;1,0933;EUR/USD
1;17.07.2024;1,0904;EUR/USD
1;16.07.2024;1,0908;EUR/USD
1;13.07.2024;1,0914;EUR/USD
1;12.07.2024;1,0874;EUR/USD
1;11.07.2024;1,0850;EUR/USD
1;10.07.2024;1,0834;EUR/USD
1;09.07.2024;1,0850;EUR/USD
1;06.07.2024;1,0844;EUR/USD
1;05.07.2024;1,0779;EUR/USD
1;04.07.2024;1,0754;EUR/USD
1;03.07.2024;1,0648;EUR/USD
1;02.07.2024;1,0763;EUR/USD
1;29.06.2024;1,0778;EUR/USD
1;28.06.2024;1,0709;EUR/USD
1;27.06.2024;1,0718;EUR/USD
1;26.06.2024;1,0740;EUR/USD
1;25.06.2024;1,0767;EUR/USD
1;22.06.2024;1,0716;EUR/USD
1;21.06.2024;1,0707;EUR/USD
1;20.06.2024;1,0782;EUR/USD
1;19.06.2024;1,0720;EUR/USD
1;18.06.2024;1,0712;EUR/USD
1;15.06.2024;1,0683;EUR/USD
1;14.06.2024;1,0751;EUR/USD
1;12.06.2024;1,0755;EUR/USD
1;11.06.2024;1,0746;EUR/USD
1;08.06.2024;1,0894;EUR/USD
1;07.06.2024;1,0880;EUR/USD
1;06.06.2024;1,0868;EUR/USD
1;05.06.2024;1,0879;EUR/USD
1;04.06.2024;1,0839;EUR/USD
1;01.06.2024;1,0843;EUR/USD
1;31.05.2024;1,0818;EUR/USD
1;30.05.2024;1,0855;EUR/USD
1;29.05.2024;1,0882;EUR/USD
1;28.05.2024;1,0859;EUR/USD
1;25.05.2024;1,0824;EUR/USD
1;24.05.2024;1,0845;EUR/USD
1;23.05.2024;1,0855;EUR/USD
1;22.05.2024;1,0873;EUR/USD
1;21.05.2024;1,0875;EUR/USD
1;18.05.2024;1,0856;EUR/USD
1;17.05.2024;1,0877;EUR/USD
1;16.05.2024;1,0829;EUR/USD
1;15.05.2024;1,0800;EUR/USD
1;14.05.2024;1,0787;EUR/USD
1;09.05.2024;1,0776;EUR/USD
1;08.05.2024;1,0788;EUR/USD
1;07.05.2024;1,0784;EUR/USD
1;04.05.2024;1,0749;EUR/USD
1;03.05.2024;1,0716;EUR/USD
1;28.04.2024;1,0681;EUR/USD
1;27.04.2024;1,0729;EUR/USD
1;26.04.2024;1,0714;EUR/USD
1;25.04.2024;1,0692;EUR/USD
1;24.04.2024;1,0672;EUR/USD
1;23.04.2024;1,0656;EUR/USD
1;20.04.2024;1,0657;EUR/USD
1;19.04.2024;1,0684;EUR/USD
1;18.04.2024;1,0631;EUR/USD
1;17.04.2024;1,0623;EUR/USD
1;16.04.2024;1,0663;EUR/USD
1;13.04.2024;1,0673;EUR/USD
1;12.04.2024;1,0743;EUR/USD
1;11.04.2024;1,0860;EUR/USD
1;10.04.2024;1,0863;EUR/USD
1;09.04.2024;1,0826;EUR/USD
1;06.04.2024;1,0834;EUR/USD
1;05.04.2024;1,0841;EUR/USD
1;04.04.2024;1,0762;EUR/USD
1;03.04.2024;1,0744;EUR/USD
1;02.04.2024;1,0788;EUR/USD
1;30.03.2024;1,0776;EUR/USD
1;29.03.2024;1,0807;EUR/USD
1;28.03.2024;1,0829;EUR/USD
1;27.03.2024;1,0847;EUR/USD
1;26.03.2024;1,0818;EUR/USD
1;23.03.2024;1,0821;EUR/USD
1;22.03.2024;1,0915;EUR/USD
1;21.03.2024;1,0855;EUR/USD
1;20.03.2024;1,0854;EUR/USD
1;19.03.2024;1,0898;EUR/USD
1;16.03.2024;1,0882;EUR/USD
1;15.03.2024;1,0941;EUR/USD
1;14.03.2024;1,0944;EUR/USD
1;13.03.2024;1,0932;EUR/USD
1;12.03.2024;1,0939;EUR/USD
1;08.03.2024;1,0896;EUR/USD
1;07.03.2024;1,0870;EUR/USD
1;06.03.2024;1,0853;EUR/USD
1;05.03.2024;1,0849;EUR/USD
1;02.03.2024;1,0809;EUR/USD
1;01.03.2024;1,0848;EUR/USD
1;29.02.2024;1,0825;EUR/USD
1;28.02.2024;1,0856;EUR/USD
1;27.02.2024;1,0815;EUR/USD
1;23.02.2024;1,0829;EUR/USD
1;22.02.2024;1,0807;EUR/USD
1;21.02.2024;1,0781;EUR/USD
1;20.02.2024;1,0766;EUR/USD
1;17.02.2024;1,0735;EUR/USD
1;16.02.2024;1,0717;EUR/USD
1;15.02.2024;1,0698;EUR/USD
1;14.02.2024;1,0766;EUR/USD
1;13.02.2024;1,0777;EUR/USD
1;10.02.2024;1,0775;EUR/USD
1;09.02.2024;1,0778;EUR/USD
1;08.02.2024;1,0762;EUR/USD
1;07.02.2024;1,0745;EUR/USD
1;06.02.2024;1,0765;EUR/USD
1;03.02.2024;1,0880;EUR/USD
1;02.02.2024;1,0795;EUR/USD
1;01.02.2024;1,0831;EUR/USD
1;31.01.2024;1,0840;EUR/USD
1;30.01.2024;1,0822;EUR/USD
1;27.01.2024;1,0847;EUR/USD
1;26.01.2024;1,0900;EUR/USD
1;25.01.2024;1,0893;EUR/USD
1;24.01.2024;1,0899;EUR/USD
1;23.01.2024;1,0899;EUR/USD
1;20.01.2024;1,0880;EUR/USD
1;19.01.2024;1,0894;EUR/USD
1;18.01.2024;1,0871;EUR/USD
1;17.01.2024;1,0908;EUR/USD
1;16.01.2024;1,0957;EUR/USD
1;13.01.2024;1,0978;EUR/USD
1;12.01.2024;1,0986;EUR/USD
1;11.01.2024;1,0949;EUR/USD
1;10.01.2024;1,0949;EUR/USD
1;30.12.2023;1,1060;EUR/USD
1;29.12.2023;1,1135;EUR/USD
1;28.12.2023;1,1051;EUR/USD
1;27.12.2023;1,1026;EUR/USD
1;26.12.2023;1,1045;EUR/USD
1;23.12.2023;1,1017;EUR/USD
1;22.12.2023;1,0960;EUR/USD
1;21.12.2023;1,0956;EUR/USD
1;20.12.2023;1,0942;EUR/USD
1;19.12.2023;1,0923;EUR/USD
1;16.12.2023;1,0972;EUR/USD
1;15.12.2023;1,0899;EUR/USD
1;14.12.2023;1,0785;EUR/USD
1;13.12.2023;1,0797;EUR/USD
1;12.12.2023;1,0780;EUR/USD
1;09.12.2023;1,0786;EUR/USD
1;08.12.2023;1,0783;EUR/USD
1;07.12.2023;1,0792;EUR/USD
1;06.12.2023;1,0825;EUR/USD
1;05.12.2023;1,0872;EUR/USD
1;02.12.2023;1,0908;EUR/USD
1;01.12.2023;1,0937;EUR/USD
1;30.11.2023;1,0986;EUR/USD
1;29.11.2023;1,0954;EUR/USD
1;28.11.2023;1,0953;EUR/USD
1;25.11.2023;1,0913;EUR/USD
1;24.11.2023;1,0920;EUR/USD
1;23.11.2023;1,0905;EUR/USD
1;22.11.2023;1,0954;EUR/USD
1;21.11.2023;1,0923;EUR/USD
1;18.11.2023;1,0858;EUR/USD
1;17.11.2023;1,0860;EUR/USD
1;16.11.2023;1,0858;EUR/USD
1;15.11.2023;1,0715;EUR/USD
1;14.11.2023;1,0696;EUR/USD
1;11.11.2023;1,0680;EUR/USD
1;10.11.2023;1,0705;EUR/USD
1;09.11.2023;1,0677;EUR/USD
1;08.11.2023;1,0689;EUR/USD
1;04.11.2023;1,0642;EUR/USD
1;03.11.2023;1,0625;EUR/USD
1;02.11.2023;1,0553;EUR/USD
1;01.11.2023;1,0642;EUR/USD
1;31.10.2023;1,0576;EUR/USD
1;28.10.2023;1,0551;EUR/USD
1;27.10.2023;1,0553;EUR/USD
1;26.10.2023;1,0591;EUR/USD
1;25.10.2023;1,0645;EUR/USD
1;24.10.2023;1,0591;EUR/USD
1;21.10.2023;1,0576;EUR/USD
1;20.10.2023;1,0547;EUR/USD
1;19.10.2023;1,0568;EUR/USD
1;18.10.2023;1,0555;EUR/USD
1;17.10.2023;1,0538;EUR/USD
1;14.10.2023;1,0539;EUR/USD
1;13.10.2023;1,0623;EUR/USD
1;12.10.2023;1,0597;EUR/USD
1;11.10.2023;1,0576;EUR/USD
1;10.10.2023;1,0560;EUR/USD
1;07.10.2023;1,0549;EUR/USD
1;06.10.2023;1,0513;EUR/USD
1;05.10.2023;1,0487;EUR/USD
1;04.10.2023;1,0483;EUR/USD
1;03.10.2023;1,0547;EUR/USD
1;30.09.2023;1,0590;EUR/USD
1;29.09.2023;1,0525;EUR/USD
1;28.09.2023;1,0568;EUR/USD
1;27.09.2023;1,0598;EUR/USD
1;26.09.2023;1,0634;EUR/USD
1;23.09.2023;1,0646;EUR/USD
1;22.09.2023;1,0654;EUR/USD
1;21.09.2023;1,0699;EUR/USD
1;20.09.2023;1,0696;EUR/USD
1;19.09.2023;1,0667;EUR/USD
1;16.09.2023;1,0663;EUR/USD
1;15.09.2023;1,0735;EUR/USD
1;14.09.2023;1,0743;EUR/USD
1;13.09.2023;1,0724;EUR/USD
1;12.09.2023;1,0728;EUR/USD
1;09.09.2023;1,0711;EUR/USD
1;08.09.2023;1,0721;EUR/USD
1;07.09.2023;1,0739;EUR/USD
1;06.09.2023;1,0755;EUR/USD
1;05.09.2023;1,0807;EUR/USD
1;02.09.2023;1,0858;EUR/USD
1;01.09.2023;1,0893;EUR/USD
1;31.08.2023;1,0888;EUR/USD
1;30.08.2023;1,0812;EUR/USD
1;29.08.2023;1,0814;EUR/USD
1;26.08.2023;1,0797;EUR/USD
1;25.08.2023;1,0855;EUR/USD
1;24.08.2023;1,0826;EUR/USD
1;23.08.2023;1,0917;EUR/USD
1;22.08.2023;1,0895;EUR/USD
1;19.08.2023;1,0865;EUR/USD
1;18.08.2023;1,0900;EUR/USD
1;17.08.2023;1,0926;EUR/USD
1;16.08.2023;1,0939;EUR/USD
1;15.08.2023;1,0955;EUR/USD
1;12.08.2023;1,0994;EUR/USD
1;11.08.2023;1,1015;EUR/USD
1;10.08.2023;1,0974;EUR/USD
1;09.08.2023;1,0974;EUR/USD
1;08.08.2023;1,0982;EUR/USD
1;05.08.2023;1,0952;EUR/USD
1;04.08.2023;1,0933;EUR/USD
1;03.08.2023;1,0979;EUR/USD
1;02.08.2023;1,0972;EUR/USD
1;01.08.2023;1,1021;EUR/USD
1;29.07.2023;1,0987;EUR/USD
1;28.07.2023;1,1132;EUR/USD
1;27.07.2023;1,1074;EUR/USD
1;26.07.2023;1,1065;EUR/USD
1;25.07.2023;1,1091;EUR/USD
1;22.07.2023;1,1136;EUR/USD
1;21.07.2023;1,1208;EUR/USD
1;20.07.2023;1,1232;EUR/USD
1;19.07.2023;1,1250;EUR/USD
1;18.07.2023;1,1242;EUR/USD
1;15.07.2023;1,1230;EUR/USD
1;14.07.2023;1,1165;EUR/USD
1;13.07.2023;1,1022;EUR/USD
1;12.07.2023;1,1014;EUR/USD
1;11.07.2023;1,0975;EUR/USD
1;08.07.2023;1,0887;EUR/USD
1;07.07.2023;1,0880;EUR/USD
1;06.07.2023;1,0894;EUR/USD
1;05.07.2023;1,0915;EUR/USD
1;04.07.2023;1,0888;EUR/USD
1;01.07.2023;1,0864;EUR/USD
1;30.06.2023;1,0927;EUR/USD
1;29.06.2023;1,0963;EUR/USD
1;28.06.2023;1,0951;EUR/USD
1;27.06.2023;1,0902;EUR/USD
1;24.06.2023;1,0882;EUR/USD
1;23.06.2023;1,0997;EUR/USD
1;22.06.2023;1,0920;EUR/USD
1;21.06.2023;1,0931;EUR/USD
1;20.06.2023;1,0930;EUR/USD
1;17.06.2023;1,0954;EUR/USD
1;16.06.2023;1,0834;EUR/USD
1;15.06.2023;1,0800;EUR/USD
1;14.06.2023;1,0807;EUR/USD
1;10.06.2023;1,0770;EUR/USD
1;09.06.2023;1,0724;EUR/USD
1;08.06.2023;1,0701;EUR/USD
1;07.06.2023;1,0702;EUR/USD
1;06.06.2023;1,0701;EUR/USD
1;03.06.2023;1,0770;EUR/USD
1;02.06.2023;1,0693;EUR/USD
1;01.06.2023;1,0680;EUR/USD
1;31.05.2023;1,0722;EUR/USD
1;30.05.2023;1,0730;EUR/USD
1;27.05.2023;1,0744;EUR/USD
1;26.05.2023;1,0737;EUR/USD
1;25.05.2023;1,0779;EUR/USD
1;24.05.2023;1,0796;EUR/USD
1;23.05.2023;1,0820;EUR/USD
1;20.05.2023;1,0797;EUR/USD
1;19.05.2023;1,0807;EUR/USD
1;18.05.2023;1,0843;EUR/USD
1;17.05.2023;1,0898;EUR/USD
1;16.05.2023;1,0883;EUR/USD
1;13.05.2023;1,0913;EUR/USD
1;12.05.2023;1,0923;EUR/USD
1;11.05.2023;1,0972;EUR/USD
1;06.05.2023;1,1053;EUR/USD
1;05.05.2023;1,1067;EUR/USD
1;04.05.2023;1,1043;EUR/USD
1;03.05.2023;1,0962;EUR/USD
1;29.04.2023;1,0977;EUR/USD
1;28.04.2023;1,1060;EUR/USD
1;27.04.2023;1,1043;EUR/USD
1;26.04.2023;1,1040;EUR/USD
1;25.04.2023;1,1007;EUR/USD
1;22.04.2023;1,0965;EUR/USD
1;21.04.2023;1,0961;EUR/USD
1;20.04.2023;1,0945;EUR/USD
1;19.04.2023;1,0976;EUR/USD
1;18.04.2023;1,0984;EUR/USD
1;15.04.2023;1,1062;EUR/USD
1;14.04.2023;1,1020;EUR/USD
1;13.04.2023;1,0934;EUR/USD
1;12.04.2023;1,0918;EUR/USD
1;11.04.2023;1,0909;EUR/USD
1;08.04.2023;1,0958;EUR/USD
1;07.04.2023;1,0925;EUR/USD
1;06.04.2023;1,0956;EUR/USD
1;05.04.2023;1,0928;EUR/USD
1;04.04.2023;1,0855;EUR/USD
1;01.04.2023;1,0878;EUR/USD
1;31.03.2023;1,0866;EUR/USD
1;30.03.2023;1,0845;EUR/USD
1;29.03.2023;1,0807;EUR/USD
1;28.03.2023;1,0748;EUR/USD
1;25.03.2023;1,0778;EUR/USD
1;24.03.2023;1,0896;EUR/USD
1;23.03.2023;1,0781;EUR/USD
1;22.03.2023;1,0743;EUR/USD
1;21.03.2023;1,0664;EUR/USD
1;18.03.2023;1,0634;EUR/USD
1;17.03.2023;1,0619;EUR/USD
1;16.03.2023;1,0677;EUR/USD
1;15.03.2023;1,0708;EUR/USD
1;14.03.2023;1,0682;EUR/USD
1;11.03.2023;1,0587;EUR/USD
1;10.03.2023;1,0558;EUR/USD
1;08.03.2023;1,0675;EUR/USD
1;07.03.2023;1,0631;EUR/USD
1;04.03.2023;1,0608;EUR/USD
1;03.03.2023;1,0625;EUR/USD
1;02.03.2023;1,0644;EUR/USD
1;01.03.2023;1,0617;EUR/USD
1;28.02.2023;1,0556;EUR/USD
1;23.02.2023;1,0651;EUR/USD
1;22.02.2023;1,0654;EUR/USD
1;21.02.2023;1,0687;EUR/USD
1;18.02.2023;1,0649;EUR/USD
1;17.02.2023;1,0697;EUR/USD
1;16.02.2023;1,0722;EUR/USD
1;15.02.2023;1,0741;EUR/USD
1;14.02.2023;1,0685;EUR/USD
1;11.02.2023;1,0723;EUR/USD
1;10.02.2023;1,0745;EUR/USD
1;09.02.2023;1,0735;EUR/USD
1;08.02.2023;1,0708;EUR/USD
1;07.02.2023;1,0770;EUR/USD
1;04.02.2023;1,0902;EUR/USD
1;03.02.2023;1,0987;EUR/USD
1;02.02.2023;1,0870;EUR/USD
1;01.02.2023;1,0820;EUR/USD
1;31.01.2023;1,0889;EUR/USD
1;28.01.2023;1,0875;EUR/USD
1;27.01.2023;1,0898;EUR/USD
1;26.01.2023;1,0870;EUR/USD
1;25.01.2023;1,0864;EUR/USD
1;24.01.2023;1,0889;EUR/USD
1;21.01.2023;1,0827;EUR/USD
1;20.01.2023;1,0807;EUR/USD
1;19.01.2023;1,0830;EUR/USD
1;18.01.2023;1,0816;EUR/USD
1;17.01.2023;1,0811;EUR/USD
1;14.01.2023;1,0820;EUR/USD
1;13.01.2023;1,0740;EUR/USD
1;12.01.2023;1,0741;EUR/USD
1;11.01.2023;1,0709;EUR/USD
1;10.01.2023;1,0680;EUR/USD
1;31.12.2022;1,0756;EUR/USD
1;30.12.2022;1,0569;EUR/USD
1;29.12.2022;1,0608;EUR/USD
1;28.12.2022;1,0607;EUR/USD
1;27.12.2022;1,0610;EUR/USD
1;24.12.2022;1,0636;EUR/USD
1;23.12.2022;1,0626;EUR/USD
1;22.12.2022;1,0647;EUR/USD
1;21.12.2022;1,0628;EUR/USD
1;20.12.2022;1,0644;EUR/USD
1;17.12.2022;1,0646;EUR/USD
1;16.12.2022;1,0645;EUR/USD
1;15.12.2022;1,0645;EUR/USD
1;14.12.2022;1,0552;EUR/USD
1;13.12.2022;1,0558;EUR/USD
1;10.12.2022;1,0555;EUR/USD
1;09.12.2022;1,0496;EUR/USD
1;08.12.2022;1,0470;EUR/USD
1;07.12.2022;1,0508;EUR/USD
1;06.12.2022;1,0536;EUR/USD
1;03.12.2022;1,0520;EUR/USD
1;02.12.2022;1,0438;EUR/USD
1;01.12.2022;1,0356;EUR/USD
1;30.11.2022;1,0379;EUR/USD
1;29.11.2022;1,0420;EUR/USD
1;26.11.2022;1,0396;EUR/USD
1;25.11.2022;1,0397;EUR/USD
1;24.11.2022;1,0294;EUR/USD
1;23.11.2022;1,0251;EUR/USD
1;22.11.2022;1,0228;EUR/USD
1;19.11.2022;1,0344;EUR/USD
1;18.11.2022;1,0361;EUR/USD
1;17.11.2022;1,0384;EUR/USD
1;16.11.2022;1,0384;EUR/USD
1;15.11.2022;1,0291;EUR/USD
1;12.11.2022;1,0220;EUR/USD
1;11.11.2022;0,9961;EUR/USD
1;10.11.2022;1,0030;EUR/USD
1;09.11.2022;0,9975;EUR/USD
1;08.11.2022;0,9945;EUR/USD
1;04.11.2022;0,9760;EUR/USD
1;03.11.2022;0,9887;EUR/USD
1;02.11.2022;0,9925;EUR/USD
1;01.11.2022;0,9918;EUR/USD
1;29.10.2022;0,9935;EUR/USD
1;28.10.2022;1,0035;EUR/USD
1;27.10.2022;1,0023;EUR/USD
1;26.10.2022;0,9859;EUR/USD
1;25.10.2022;0,9836;EUR/USD
1;22.10.2022;0,9778;EUR/USD
1;21.10.2022;0,9827;EUR/USD
1;20.10.2022;0,9759;EUR/USD
1;19.10.2022;0,9810;EUR/USD
1;18.10.2022;0,9805;EUR/USD
1;15.10.2022;0,9907;EUR/USD
1;14.10.2022;0,9858;EUR/USD
1;13.10.2022;0,9817;EUR/USD
1;12.10.2022;0,9790;EUR/USD
1;11.10.2022;0,9758;EUR/USD
1;08.10.2022;0,9792;EUR/USD
1;07.10.2022;0,9666;EUR/USD
1;06.10.2022;0,9774;EUR/USD
1;05.10.2022;0,9555;EUR/USD
1;04.10.2022;0,9449;EUR/USD
1;01.10.2022;0,9537;EUR/USD
1;30.09.2022;0,9650;EUR/USD
1;29.09.2022;0,9534;EUR/USD
1;28.09.2022;0,9625;EUR/USD
1;27.09.2022;0,9643;EUR/USD
1;24.09.2022;0,9720;EUR/USD
1;23.09.2022;0,9851;EUR/USD
1;22.09.2022;0,9892;EUR/USD
1;21.09.2022;1,0006;EUR/USD
1;20.09.2022;0,9979;EUR/USD
1;17.09.2022;0,9974;EUR/USD
1;16.09.2022;0,9992;EUR/USD
1;15.09.2022;1,0010;EUR/USD
1;14.09.2022;1,0145;EUR/USD
1;13.09.2022;1,0142;EUR/USD
1;10.09.2022;1,0064;EUR/USD
1;09.09.2022;0,9983;EUR/USD
1;08.09.2022;0,9896;EUR/USD
1;07.09.2022;0,9941;EUR/USD
1;06.09.2022;0,9875;EUR/USD
1;03.09.2022;0,9975;EUR/USD
1;02.09.2022;1,0008;EUR/USD
1;01.09.2022;0,9996;EUR/USD
1;31.08.2022;1,0034;EUR/USD
1;30.08.2022;0,9933;EUR/USD
1;27.08.2022;0,9964;EUR/USD
1;26.08.2022;0,9971;EUR/USD
1;25.08.2022;0,9918;EUR/USD
1;24.08.2022;0,9906;EUR/USD
1;23.08.2022;0,9965;EUR/USD
1;20.08.2022;1,0044;EUR/USD
1;19.08.2022;1,0157;EUR/USD
1;18.08.2022;1,0177;EUR/USD
1;17.08.2022;1,0151;EUR/USD
1;16.08.2022;1,0184;EUR/USD
1;13.08.2022;1,0269;EUR/USD
1;12.08.2022;1,0312;EUR/USD
1;11.08.2022;1,0207;EUR/USD
1;10.08.2022;1,0194;EUR/USD
1;09.08.2022;1,0140;EUR/USD
1;06.08.2022;1,0164;EUR/USD
1;05.08.2022;1,0138;EUR/USD
1;04.08.2022;1,0147;EUR/USD
1;03.08.2022;1,0184;EUR/USD
1;02.08.2022;1,0193;EUR/USD
1;30.07.2022;1,0205;EUR/USD
1;29.07.2022;1,0168;EUR/USD
1;28.07.2022;1,0130;EUR/USD
1;27.07.2022;1,0127;EUR/USD
1;26.07.2022;1,0154;EUR/USD
1;23.07.2022;1,0064;EUR/USD
1;22.07.2022;1,0112;EUR/USD
1;21.07.2022;1,0178;EUR/USD
1;20.07.2022;1,0182;EUR/USD
1;19.07.2022;1,0104;EUR/USD
1;16.07.2022;1,0009;EUR/USD
1;15.07.2022;1,0015;EUR/USD
1;14.07.2022;1,0063;EUR/USD
1;13.07.2022;0,9985;EUR/USD
1;12.07.2022;1,0082;EUR/USD
1;09.07.2022;1,0128;EUR/USD
1;08.07.2022;1,0157;EUR/USD
1;07.07.2022;1,0225;EUR/USD
1;06.07.2022;1,0282;EUR/USD
1;05.07.2022;1,0381;EUR/USD
1;02.07.2022;1,0482;EUR/USD
1;01.07.2022;1,0405;EUR/USD
1;30.06.2022;1,0528;EUR/USD
1;29.06.2022;1,0551;EUR/USD
1;28.06.2022;1,0504;EUR/USD
1;25.06.2022;1,0495;EUR/USD
1;24.06.2022;1,0493;EUR/USD
1;23.06.2022;1,0479;EUR/USD
1;22.06.2022;1,0502;EUR/USD
1;21.06.2022;1,0468;EUR/USD
1;18.06.2022;1,0462;EUR/USD
1;17.06.2022;1,0367;EUR/USD
1;16.06.2022;1,0434;EUR/USD
1;15.06.2022;1,0378;EUR/USD
1;11.06.2022;1,0552;EUR/USD
1;10.06.2022;1,0634;EUR/USD
1;09.06.2022;1,0616;EUR/USD
1;08.06.2022;1,0593;EUR/USD
1;07.06.2022;1,0615;EUR/USD
1;04.06.2022;1,0638;EUR/USD
1;03.06.2022;1,0541;EUR/USD
1;02.06.2022;1,0356;EUR/USD
1;01.06.2022;1,0184;EUR/USD
1;31.05.2022;1,0257;EUR/USD
1;28.05.2022;1,0457;EUR/USD
1;27.05.2022;1,0385;EUR/USD
1;26.05.2022;1,0288;EUR/USD
1;25.05.2022;1,0334;EUR/USD
1;24.05.2022;1,0374;EUR/USD
1;21.05.2022;1,0341;EUR/USD
1;20.05.2022;1,0406;EUR/USD
1;19.05.2022;1,0480;EUR/USD
1;18.05.2022;1,0444;EUR/USD
1;17.05.2022;1,0374;EUR/USD
1;14.05.2022;1,0316;EUR/USD
1;13.05.2022;1,0455;EUR/USD
1;12.05.2022;1,0551;EUR/USD
1;07.05.2022;1,0551;EUR/USD
1;06.05.2022;1,0578;EUR/USD
1;05.05.2022;1,0485;EUR/USD
1;30.04.2022;1,0498;EUR/USD
1;29.04.2022;1,0417;EUR/USD
1;28.04.2022;1,0418;EUR/USD
1;27.04.2022;1,0544;EUR/USD
1;26.04.2022;1,0559;EUR/USD
1;23.04.2022;1,0887;EUR/USD
1;22.04.2022;1,0830;EUR/USD
1;21.04.2022;1,0803;EUR/USD
1;20.04.2022;1,0878;EUR/USD
1;19.04.2022;1,0878;EUR/USD
1;16.04.2022;1,0878;EUR/USD
1;15.04.2022;1,0826;EUR/USD
1;14.04.2022;1,0861;EUR/USD
1;13.04.2022;1,0900;EUR/USD
1;12.04.2022;1,0861;EUR/USD
1;09.04.2022;1,0916;EUR/USD
1;08.04.2022;1,0923;EUR/USD
1;07.04.2022;1,0969;EUR/USD
1;06.04.2022;1,1005;EUR/USD
1;05.04.2022;1,1052;EUR/USD
1;02.04.2022;1,1045;EUR/USD
1;01.04.2022;1,1089;EUR/USD
1;31.03.2022;1,1143;EUR/USD
1;30.03.2022;1,1127;EUR/USD
1;29.03.2022;1,0956;EUR/USD
1;26.03.2022;1,1004;EUR/USD
1;25.03.2022;1,0981;EUR/USD
1;24.03.2022;1,0979;EUR/USD
1;23.03.2022;1,1029;EUR/USD
1;22.03.2022;1,1043;EUR/USD
1;19.03.2022;1,1005;EUR/USD
1;18.03.2022;1,1062;EUR/USD
1;17.03.2022;1,0991;EUR/USD
1;16.03.2022;1,0984;EUR/USD
1;15.03.2022;1,1045;EUR/USD
1;12.03.2022;1,1045;EUR/USD
1;11.03.2022;1,1045;EUR/USD
1;10.03.2022;1,0892;EUR/USD
1;06.03.2022;1,0927;EUR/USD
1;05.03.2022;1,1013;EUR/USD
1;04.03.2022;1,1097;EUR/USD
1;03.03.2022;1,1095;EUR/USD
1;02.03.2022;1,1217;EUR/USD
1;01.03.2022;1,1167;EUR/USD
1;26.02.2022;1,1203;EUR/USD
1;25.02.2022;1,1247;EUR/USD
1;23.02.2022;1,1301;EUR/USD
1;22.02.2022;1,1377;EUR/USD
1;19.02.2022;1,1371;EUR/USD
1;18.02.2022;1,1370;EUR/USD
1;17.02.2022;1,1372;EUR/USD
1;16.02.2022;1,1326;EUR/USD
1;15.02.2022;1,1341;EUR/USD
1;12.02.2022;1,1383;EUR/USD
1;11.02.2022;1,1426;EUR/USD
1;10.02.2022;1,1414;EUR/USD
1;09.02.2022;1,1406;EUR/USD
1;08.02.2022;1,1432;EUR/USD
1;05.02.2022;1,1455;EUR/USD
1;04.02.2022;1,1293;EUR/USD
1;03.02.2022;1,1281;EUR/USD
1;02.02.2022;1,1252;EUR/USD
1;01.02.2022;1,1166;EUR/USD
1;29.01.2022;1,1134;EUR/USD
1;28.01.2022;1,1206;EUR/USD
1;27.01.2022;1,1293;EUR/USD
1;26.01.2022;1,1308;EUR/USD
1;25.01.2022;1,1322;EUR/USD
1;22.01.2022;1,1332;EUR/USD
1;21.01.2022;1,1358;EUR/USD
1;20.01.2022;1,1335;EUR/USD
1;19.01.2022;1,1400;EUR/USD
1;18.01.2022;1,1423;EUR/USD
1;15.01.2022;1,1468;EUR/USD
1;14.01.2022;1,1460;EUR/USD
1;13.01.2022;1,1361;EUR/USD
1;12.01.2022;1,1342;EUR/USD
1;11.01.2022;1,1331;EUR/USD
1;31.12.2021;1,1316;EUR/USD
1;30.12.2021;1,1297;EUR/USD
1;29.12.2021;1,1323;EUR/USD
1;28.12.2021;1,1325;EUR/USD
1;25.12.2021;1,1331;EUR/USD
1;24.12.2021;1,1331;EUR/USD
1;23.12.2021;1,1269;EUR/USD
1;22.12.2021;1,1287;EUR/USD
1;21.12.2021;1,1255;EUR/USD
1;18.12.2021;1,1325;EUR/USD
1;17.12.2021;1,1303;EUR/USD
1;16.12.2021;1,1271;EUR/USD
1;15.12.2021;1,1274;EUR/USD
1;14.12.2021;1,1288;EUR/USD
1;11.12.2021;1,1292;EUR/USD
1;10.12.2021;1,1324;EUR/USD
1;09.12.2021;1,1289;EUR/USD
1;08.12.2021;1,1291;EUR/USD
1;07.12.2021;1,1282;EUR/USD
1;04.12.2021;1,1288;EUR/USD
1;03.12.2021;1,1316;EUR/USD
1;02.12.2021;1,1333;EUR/USD
1;01.12.2021;1,1326;EUR/USD
1;30.11.2021;1,1267;EUR/USD
1;27.11.2021;1,1239;EUR/USD
1;26.11.2021;1,1217;EUR/USD
1;25.11.2021;1,1246;EUR/USD
1;24.11.2021;1,1248;EUR/USD
1;23.11.2021;1,1269;EUR/USD
1;20.11.2021;1,1350;EUR/USD
1;19.11.2021;1,1330;EUR/USD
1;18.11.2021;1,1309;EUR/USD
1;17.11.2021;1,1374;EUR/USD
1;16.11.2021;1,1453;EUR/USD
1;13.11.2021;1,1449;EUR/USD
1;12.11.2021;1,1469;EUR/USD
1;11.11.2021;1,1569;EUR/USD
1;10.11.2021;1,1594;EUR/USD
1;09.11.2021;1,1560;EUR/USD
1;04.11.2021;1,1584;EUR/USD
1;03.11.2021;1,1606;EUR/USD
1;02.11.2021;1,1559;EUR/USD
1;30.10.2021;1,1669;EUR/USD
1;29.10.2021;1,1605;EUR/USD
1;28.10.2021;1,1607;EUR/USD
1;27.10.2021;1,1603;EUR/USD
1;26.10.2021;1,1655;EUR/USD
1;23.10.2021;1,1642;EUR/USD
1;22.10.2021;1,1641;EUR/USD
1;21.10.2021;1,1627;EUR/USD
1;20.10.2021;1,1651;EUR/USD
1;19.10.2021;1,1586;EUR/USD
1;16.10.2021;1,1613;EUR/USD
1;15.10.2021;1,1609;EUR/USD
1;14.10.2021;1,1551;EUR/USD
1;13.10.2021;1,1560;EUR/USD
1;12.10.2021;1,1576;EUR/USD
1;09.10.2021;1,1547;EUR/USD
1;08.10.2021;1,1566;EUR/USD
1;07.10.2021;1,1565;EUR/USD
1;06.10.2021;1,1599;EUR/USD
1;05.10.2021;1,1606;EUR/USD
1;02.10.2021;1,1582;EUR/USD
1;01.10.2021;1,1602;EUR/USD
1;30.09.2021;1,1665;EUR/USD
1;29.09.2021;1,1678;EUR/USD
1;28.09.2021;1,1703;EUR/USD
1;25.09.2021;1,1736;EUR/USD
1;24.09.2021;1,1716;EUR/USD
1;23.09.2021;1,1730;EUR/USD
1;22.09.2021;1,1728;EUR/USD
1;21.09.2021;1,1711;EUR/USD
1;18.09.2021;1,1778;EUR/USD
1;17.09.2021;1,1785;EUR/USD
1;16.09.2021;1,1814;EUR/USD
1;15.09.2021;1,1825;EUR/USD
1;14.09.2021;1,1783;EUR/USD
1;11.09.2021;1,1840;EUR/USD
1;10.09.2021;1,1824;EUR/USD
1;09.09.2021;1,1834;EUR/USD
1;08.09.2021;1,1872;EUR/USD
1;07.09.2021;1,1867;EUR/USD
1;04.09.2021;1,1878;EUR/USD
1;03.09.2021;1,1846;EUR/USD
1;02.09.2021;1,1804;EUR/USD
1;01.09.2021;1,1827;EUR/USD
1;31.08.2021;1,1799;EUR/USD
1;28.08.2021;1,1763;EUR/USD
1;27.08.2021;1,1766;EUR/USD
1;26.08.2021;1,1741;EUR/USD
1;25.08.2021;1,1739;EUR/USD
1;24.08.2021;1,1717;EUR/USD
1;21.08.2021;1,1681;EUR/USD
1;20.08.2021;1,1681;EUR/USD
1;19.08.2021;1,1723;EUR/USD
1;18.08.2021;1,1770;EUR/USD
1;17.08.2021;1,1787;EUR/USD
1;14.08.2021;1,1735;EUR/USD
1;13.08.2021;1,1737;EUR/USD
1;12.08.2021;1,1711;EUR/USD
1;11.08.2021;1,1734;EUR/USD
1;10.08.2021;1,1759;EUR/USD
1;07.08.2021;1,1823;EUR/USD
1;06.08.2021;1,1843;EUR/USD
1;05.08.2021;1,1872;EUR/USD
1;04.08.2021;1,1878;EUR/USD
1;03.08.2021;1,1884;EUR/USD
1;31.07.2021;1,1894;EUR/USD
1;30.07.2021;1,1868;EUR/USD
1;29.07.2021;1,1808;EUR/USD
1;28.07.2021;1,1780;EUR/USD
1;27.07.2021;1,1784;EUR/USD
1;24.07.2021;1,1773;EUR/USD
1;23.07.2021;1,1795;EUR/USD
1;22.07.2021;1,1759;EUR/USD
1;21.07.2021;1,1783;EUR/USD
1;20.07.2021;1,1784;EUR/USD
1;17.07.2021;1,1807;EUR/USD
1;16.07.2021;1,1834;EUR/USD
1;15.07.2021;1,1790;EUR/USD
1;14.07.2021;1,1853;EUR/USD
1;13.07.2021;1,1872;EUR/USD
1;10.07.2021;1,1836;EUR/USD
1;09.07.2021;1,1806;EUR/USD
1;08.07.2021;1,1823;EUR/USD
1;07.07.2021;1,1875;EUR/USD
1;06.07.2021;1,1864;EUR/USD
1;03.07.2021;1,1828;EUR/USD
1;02.07.2021;1,1852;EUR/USD
1;01.07.2021;1,1896;EUR/USD
1;30.06.2021;1,1911;EUR/USD
1;29.06.2021;1,1938;EUR/USD
1;26.06.2021;1,1943;EUR/USD
1;25.06.2021;1,1936;EUR/USD
1;24.06.2021;1,1933;EUR/USD
1;23.06.2021;1,1900;EUR/USD
1;22.06.2021;1,1871;EUR/USD
1;19.06.2021;1,1907;EUR/USD
1;18.06.2021;1,1958;EUR/USD
1;17.06.2021;1,2127;EUR/USD
1;16.06.2021;1,2141;EUR/USD
1;12.06.2021;1,2183;EUR/USD
1;11.06.2021;1,2162;EUR/USD
1;10.06.2021;1,2182;EUR/USD
1;09.06.2021;1,2172;EUR/USD
1;08.06.2021;1,2156;EUR/USD
1;05.06.2021;1,2113;EUR/USD
1;04.06.2021;1,2184;EUR/USD
1;03.06.2021;1,2203;EUR/USD
1;02.06.2021;1,2233;EUR/USD
1;01.06.2021;1,2194;EUR/USD
1;29.05.2021;1,2186;EUR/USD
1;28.05.2021;1,2205;EUR/USD
1;27.05.2021;1,2241;EUR/USD
1;26.05.2021;1,2256;EUR/USD
1;25.05.2021;1,2198;EUR/USD
1;22.05.2021;1,2224;EUR/USD
1;21.05.2021;1,2197;EUR/USD
1;20.05.2021;1,2229;EUR/USD
1;19.05.2021;1,2199;EUR/USD
1;18.05.2021;1,2140;EUR/USD
1;15.05.2021;1,2112;EUR/USD
1;14.05.2021;1,2095;EUR/USD
1;13.05.2021;1,2135;EUR/USD
1;12.05.2021;1,2137;EUR/USD
1;08.05.2021;1,2073;EUR/USD
1;07.05.2021;1,2025;EUR/USD
1;06.05.2021;1,1992;EUR/USD
1;05.05.2021;1,2019;EUR/USD
1;01.05.2021;1,2103;EUR/USD
1;30.04.2021;1,2120;EUR/USD
1;29.04.2021;1,2067;EUR/USD
1;28.04.2021;1,2069;EUR/USD
1;27.04.2021;1,2097;EUR/USD
1;24.04.2021;1,2048;EUR/USD
1;23.04.2021;1,2044;EUR/USD
1;22.04.2021;1,2014;EUR/USD
1;21.04.2021;1,2070;EUR/USD
1;20.04.2021;1,1997;EUR/USD
1;17.04.2021;1,1973;EUR/USD
1;16.04.2021;1,1981;EUR/USD
1;15.04.2021;1,1963;EUR/USD
1;14.04.2021;1,1898;EUR/USD
1;13.04.2021;1,1878;EUR/USD
1;10.04.2021;1,1894;EUR/USD
1;09.04.2021;1,1883;EUR/USD
1;08.04.2021;1,1872;EUR/USD
1;07.04.2021;1,1807;EUR/USD
1;06.04.2021;1,1748;EUR/USD
1;03.04.2021;1,1777;EUR/USD
1;02.04.2021;1,1734;EUR/USD
1;01.04.2021;1,1733;EUR/USD
1;31.03.2021;1,1741;EUR/USD
1;30.03.2021;1,1783;EUR/USD
1;27.03.2021;1,1782;EUR/USD
1;26.03.2021;1,1812;EUR/USD
1;25.03.2021;1,1825;EUR/USD
1;24.03.2021;1,1912;EUR/USD
1;23.03.2021;1,1883;EUR/USD
1;20.03.2021;1,1928;EUR/USD
1;19.03.2021;1,1963;EUR/USD
1;18.03.2021;1,1897;EUR/USD
1;17.03.2021;1,1922;EUR/USD
1;16.03.2021;1,1928;EUR/USD
1;13.03.2021;1,1944;EUR/USD
1;12.03.2021;1,1940;EUR/USD
1;11.03.2021;1,1880;EUR/USD
1;10.03.2021;1,1873;EUR/USD
1;06.03.2021;1,1949;EUR/USD
1;05.03.2021;1,2054;EUR/USD
1;04.03.2021;1,2089;EUR/USD
1;03.03.2021;1,2010;EUR/USD
1;02.03.2021;1,2080;EUR/USD
1;27.02.2021;1,2141;EUR/USD
1;26.02.2021;1,2181;EUR/USD
1;25.02.2021;1,2158;EUR/USD
1;21.02.2021;1,2119;EUR/USD
1;20.02.2021;1,2105;EUR/USD
1;19.02.2021;1,2046;EUR/USD
1;18.02.2021;1,2076;EUR/USD
1;17.02.2021;1,2136;EUR/USD
1;16.02.2021;1,2137;EUR/USD
1;13.02.2021;1,2119;EUR/USD
1;12.02.2021;1,2126;EUR/USD
1;11.02.2021;1,2128;EUR/USD
1;10.02.2021;1,2079;EUR/USD
1;09.02.2021;1,2039;EUR/USD
1;06.02.2021;1,1967;EUR/USD
1;05.02.2021;1,2006;EUR/USD
1;04.02.2021;1,2035;EUR/USD
1;03.02.2021;1,2071;EUR/USD
1;02.02.2021;1,2124;EUR/USD
1;30.01.2021;1,2104;EUR/USD
1;29.01.2021;1,2093;EUR/USD
1;28.01.2021;1,2156;EUR/USD
1;27.01.2021;1,2120;EUR/USD
1;26.01.2021;1,2176;EUR/USD
1;23.01.2021;1,2158;EUR/USD
1;22.01.2021;1,2126;EUR/USD
1;21.01.2021;1,2153;EUR/USD
1;20.01.2021;1,2100;EUR/USD
1;19.01.2021;1,2076;EUR/USD
1;16.01.2021;1,2136;EUR/USD
1;15.01.2021;1,2148;EUR/USD
1;14.01.2021;1,2211;EUR/USD
1;13.01.2021;1,2162;EUR/USD
1;12.01.2021;1,2187;EUR/USD
1;01.01.2021;1,2290;EUR/USD
1;31.12.2020;1,2275;EUR/USD
1;30.12.2020;1,2247;EUR/USD
1;29.12.2020;1,2226;EUR/USD
1;26.12.2020;1,2196;EUR/USD
1;25.12.2020;1,2206;EUR/USD
1;24.12.2020;1,2190;EUR/USD
1;23.12.2020;1,2219;EUR/USD
1;22.12.2020;1,2187;EUR/USD
1;19.12.2020;1,2252;EUR/USD
1;18.12.2020;1,2235;EUR/USD
1;17.12.2020;1,2166;EUR/USD
1;16.12.2020;1,2143;EUR/USD
1;15.12.2020;1,2147;EUR/USD
1;12.12.2020;1,2141;EUR/USD
1;11.12.2020;1,2092;EUR/USD
1;10.12.2020;1,2133;EUR/USD
1;09.12.2020;1,2110;EUR/USD
1;08.12.2020;1,2117;EUR/USD
1;05.12.2020;1,2156;EUR/USD
1;04.12.2020;1,2127;EUR/USD
1;03.12.2020;1,2075;EUR/USD
1;02.12.2020;1,1964;EUR/USD
1;01.12.2020;1,1969;EUR/USD
1;28.11.2020;1,1925;EUR/USD
1;27.11.2020;1,1932;EUR/USD
1;26.11.2020;1,1910;EUR/USD
1;25.11.2020;1,1857;EUR/USD
1;24.11.2020;1,1871;EUR/USD
1;21.11.2020;1,1875;EUR/USD
1;20.11.2020;1,1847;EUR/USD
1;19.11.2020;1,1884;EUR/USD
1;18.11.2020;1,1854;EUR/USD
1;17.11.2020;1,1853;EUR/USD
1;14.11.2020;1,1810;EUR/USD
1;13.11.2020;1,1776;EUR/USD
1;12.11.2020;1,1816;EUR/USD
1;11.11.2020;1,1827;EUR/USD
1;10.11.2020;1,1890;EUR/USD
1;07.11.2020;1,1835;EUR/USD
1;06.11.2020;1,1742;EUR/USD
1;04.11.2020;1,1668;EUR/USD
1;03.11.2020;1,1636;EUR/USD
1;31.10.2020;1,1676;EUR/USD
1;30.10.2020;1,1741;EUR/USD
1;29.10.2020;1,1768;EUR/USD
1;28.10.2020;1,1818;EUR/USD
1;27.10.2020;1,1832;EUR/USD
1;24.10.2020;1,1824;EUR/USD
1;23.10.2020;1,1852;EUR/USD
1;22.10.2020;1,1858;EUR/USD
1;21.10.2020;1,1772;EUR/USD
1;20.10.2020;1,1718;EUR/USD
1;17.10.2020;1,1711;EUR/USD
1;16.10.2020;1,1733;EUR/USD
1;15.10.2020;1,1738;EUR/USD
1;14.10.2020;1,1784;EUR/USD
1;13.10.2020;1,1815;EUR/USD
1;10.10.2020;1,1777;EUR/USD
1;09.10.2020;1,1769;EUR/USD
1;08.10.2020;1,1757;EUR/USD
1;07.10.2020;1,1784;EUR/USD
1;06.10.2020;1,1732;EUR/USD
1;03.10.2020;1,1727;EUR/USD
1;02.10.2020;1,1740;EUR/USD
1;01.10.2020;1,1732;EUR/USD
1;30.09.2020;1,1674;EUR/USD
1;29.09.2020;1,1628;EUR/USD
1;26.09.2020;1,1672;EUR/USD
1;25.09.2020;1,1659;EUR/USD
1;24.09.2020;1,1689;EUR/USD
1;23.09.2020;1,1732;EUR/USD
1;22.09.2020;1,1837;EUR/USD
1;19.09.2020;1,1856;EUR/USD
1;18.09.2020;1,1787;EUR/USD
1;17.09.2020;1,1860;EUR/USD
1;16.09.2020;1,1885;EUR/USD
1;15.09.2020;1,1856;EUR/USD
1;12.09.2020;1,1841;EUR/USD
1;11.09.2020;1,1824;EUR/USD
1;10.09.2020;1,1774;EUR/USD
1;09.09.2020;1,1813;EUR/USD
1;08.09.2020;1,1837;EUR/USD
1;05.09.2020;1,1843;EUR/USD
1;04.09.2020;1,1811;EUR/USD
1;03.09.2020;1,1879;EUR/USD
1;02.09.2020;1,1980;EUR/USD
1;01.09.2020;1,1900;EUR/USD
1;29.08.2020;1,1890;EUR/USD
1;28.08.2020;1,1829;EUR/USD
1;27.08.2020;1,1812;EUR/USD
1;26.08.2020;1,1818;EUR/USD
1;25.08.2020;1,1812;EUR/USD
1;22.08.2020;1,1840;EUR/USD
1;21.08.2020;1,1851;EUR/USD
1;20.08.2020;1,1934;EUR/USD
1;19.08.2020;1,1894;EUR/USD
1;18.08.2020;1,1850;EUR/USD
1;15.08.2020;1,1802;EUR/USD
1;14.08.2020;1,1825;EUR/USD
1;13.08.2020;1,1737;EUR/USD
1;12.08.2020;1,1746;EUR/USD
1;11.08.2020;1,1769;EUR/USD
1;08.08.2020;1,1838;EUR/USD
1;07.08.2020;1,1859;EUR/USD
1;06.08.2020;1,1821;EUR/USD
1;05.08.2020;1,1788;EUR/USD
1;04.08.2020;1,1762;EUR/USD
1;01.08.2020;1,1888;EUR/USD
1;31.07.2020;1,1757;EUR/USD
1;30.07.2020;1,1755;EUR/USD
1;29.07.2020;1,1716;EUR/USD
1;28.07.2020;1,1703;EUR/USD
1;25.07.2020;1,1607;EUR/USD
1;24.07.2020;1,1582;EUR/USD
1;23.07.2020;1,1526;EUR/USD
1;22.07.2020;1,1449;EUR/USD
1;21.07.2020;1,1449;EUR/USD
1;18.07.2020;1,1390;EUR/USD
1;17.07.2020;1,1404;EUR/USD
1;16.07.2020;1,1418;EUR/USD
1;15.07.2020;1,1335;EUR/USD
1;14.07.2020;1,1321;EUR/USD
1;11.07.2020;1,1269;EUR/USD
1;10.07.2020;1,1345;EUR/USD
1;09.07.2020;1,1287;EUR/USD
1;08.07.2020;1,1288;EUR/USD
1;07.07.2020;1,1292;EUR/USD
1;04.07.2020;1,1237;EUR/USD
1;03.07.2020;1,1276;EUR/USD
1;02.07.2020;1,1242;EUR/USD
1;01.07.2020;1,1214;EUR/USD
1;30.06.2020;1,1248;EUR/USD
1;27.06.2020;1,1217;EUR/USD
1;26.06.2020;1,1237;EUR/USD
1;25.06.2020;1,1296;EUR/USD
1;24.06.2020;1,1285;EUR/USD
1;23.06.2020;1,1201;EUR/USD
1;20.06.2020;1,1212;EUR/USD
1;19.06.2020;1,1246;EUR/USD
1;18.06.2020;1,1281;EUR/USD
1;17.06.2020;1,1332;EUR/USD
1;16.06.2020;1,1243;EUR/USD
1;12.06.2020;1,1360;EUR/USD
1;11.06.2020;1,1356;EUR/USD
1;10.06.2020;1,1263;EUR/USD
1;09.06.2020;1,1299;EUR/USD
1;06.06.2020;1,1360;EUR/USD
1;05.06.2020;1,1204;EUR/USD
1;04.06.2020;1,1212;EUR/USD
1;03.06.2020;1,1130;EUR/USD
1;02.06.2020;1,1137;EUR/USD
1;30.05.2020;1,1102;EUR/USD
1;29.05.2020;1,1007;EUR/USD
1;28.05.2020;1,0963;EUR/USD
1;27.05.2020;1,0934;EUR/USD
1;26.05.2020;1,0878;EUR/USD
1;23.05.2020;1,0913;EUR/USD
1;22.05.2020;1,0969;EUR/USD
1;21.05.2020;1,0946;EUR/USD
1;20.05.2020;1,0936;EUR/USD
1;19.05.2020;1,0817;EUR/USD
1;16.05.2020;1,0809;EUR/USD
1;15.05.2020;1,0808;EUR/USD
1;14.05.2020;1,0842;EUR/USD
1;13.05.2020;1,0818;EUR/USD
1;09.05.2020;1,0830;EUR/USD
1;08.05.2020;1,0802;EUR/USD
1;07.05.2020;1,0823;EUR/USD
1;01.05.2020;1,0879;EUR/USD
1;30.04.2020;1,0863;EUR/USD
1;29.04.2020;1,0832;EUR/USD
1;28.04.2020;1,0841;EUR/USD
1;25.04.2020;1,0741;EUR/USD
1;24.04.2020;1,0801;EUR/USD
1;23.04.2020;1,0862;EUR/USD
1;22.04.2020;1,0834;EUR/USD
1;21.04.2020;1,0862;EUR/USD
1;18.04.2020;1,0834;EUR/USD
1;17.04.2020;1,0879;EUR/USD
1;16.04.2020;1,0944;EUR/USD
1;15.04.2020;1,0928;EUR/USD
1;14.04.2020;1,0954;EUR/USD
1;11.04.2020;1,0947;EUR/USD
1;10.04.2020;1,0869;EUR/USD
1;09.04.2020;1,0856;EUR/USD
1;08.04.2020;1,0869;EUR/USD
1;07.04.2020;1,0815;EUR/USD
1;28.03.2020;1,1030;EUR/USD
1;27.03.2020;1,0920;EUR/USD
1;26.03.2020;1,0817;EUR/USD
1;25.03.2020;1,0834;EUR/USD
1;24.03.2020;1,0720;EUR/USD
1;21.03.2020;1,0783;EUR/USD
1;20.03.2020;1,0887;EUR/USD
1;19.03.2020;1,0994;EUR/USD
1;18.03.2020;1,1139;EUR/USD
1;17.03.2020;1,1163;EUR/USD
1;14.03.2020;1,1185;EUR/USD
1;13.03.2020;1,1301;EUR/USD
1;12.03.2020;1,1336;EUR/USD
1;11.03.2020;1,1366;EUR/USD
1;07.03.2020;1,1233;EUR/USD
1;06.03.2020;1,1133;EUR/USD
1;05.03.2020;1,1159;EUR/USD
1;04.03.2020;1,1128;EUR/USD
1;03.03.2020;1,1069;EUR/USD
1;29.02.2020;1,1005;EUR/USD
1;28.02.2020;1,0920;EUR/USD
1;27.02.2020;1,0874;EUR/USD
1;26.02.2020;1,0853;EUR/USD
1;22.02.2020;1,0796;EUR/USD
1;21.02.2020;1,0789;EUR/USD
1;20.02.2020;1,0800;EUR/USD
1;19.02.2020;1,0834;EUR/USD
1;18.02.2020;1,0839;EUR/USD
1;15.02.2020;1,0838;EUR/USD
1;14.02.2020;1,0877;EUR/USD
1;13.02.2020;1,0910;EUR/USD
1;12.02.2020;1,0910;EUR/USD
1;11.02.2020;1,0949;EUR/USD
1;08.02.2020;1,0970;EUR/USD
1;07.02.2020;1,1001;EUR/USD
1;06.02.2020;1,1040;EUR/USD
1;05.02.2020;1,1055;EUR/USD
1;04.02.2020;1,1077;EUR/USD
1;01.02.2020;1,1023;EUR/USD
1;31.01.2020;1,1012;EUR/USD
1;30.01.2020;1,1007;EUR/USD
1;29.01.2020;1,1018;EUR/USD
1;28.01.2020;1,1033;EUR/USD
1;25.01.2020;1,1050;EUR/USD
1;24.01.2020;1,1087;EUR/USD
1;23.01.2020;1,1081;EUR/USD
1;22.01.2020;1,1094;EUR/USD
1;21.01.2020;1,1097;EUR/USD
1;18.01.2020;1,1138;EUR/USD
1;17.01.2020;1,1151;EUR/USD
1;16.01.2020;1,1130;EUR/USD
1;15.01.2020;1,1141;EUR/USD
1;14.01.2020;1,1127;EUR/USD
1;11.01.2020;1,1107;EUR/USD
1;10.01.2020;1,1114;EUR/USD
1;01.01.2020;1,1207;EUR/USD
1;31.12.2019;1,1201;EUR/USD
1;28.12.2019;1,1129;EUR/USD
1;27.12.2019;1,1090;EUR/USD
1;26.12.2019;1,1084;EUR/USD
1;25.12.2019;1,1084;EUR/USD
1;24.12.2019;1,1084;EUR/USD
1;21.12.2019;1,1117;EUR/USD
1;20.12.2019;1,1129;EUR/USD
1;19.12.2019;1,1136;EUR/USD
1;18.12.2019;1,1143;EUR/USD
1;17.12.2019;1,1143;EUR/USD
1;14.12.2019;1,1168;EUR/USD
1;13.12.2019;1,1139;EUR/USD
1;12.12.2019;1,1084;EUR/USD
1;11.12.2019;1,1071;EUR/USD
1;10.12.2019;1,1064;EUR/USD
1;07.12.2019;1,1105;EUR/USD
1;06.12.2019;1,1083;EUR/USD
1;05.12.2019;1,1077;EUR/USD
1;04.12.2019;1,1079;EUR/USD
1;03.12.2019;1,1019;EUR/USD
1;30.11.2019;1,1009;EUR/USD
1;29.11.2019;1,1010;EUR/USD
1;28.11.2019;1,1011;EUR/USD
1;27.11.2019;1,1014;EUR/USD
1;26.11.2019;1,1027;EUR/USD
1;23.11.2019;1,1069;EUR/USD
1;22.11.2019;1,1074;EUR/USD
1;21.11.2019;1,1067;EUR/USD
1;20.11.2019;1,1075;EUR/USD
1;19.11.2019;1,1063;EUR/USD
1;16.11.2019;1,1021;EUR/USD
1;15.11.2019;1,1007;EUR/USD
1;14.11.2019;1,1008;EUR/USD
1;13.11.2019;1,1029;EUR/USD
1;12.11.2019;1,1027;EUR/USD
1;09.11.2019;1,1050;EUR/USD
1;08.11.2019;1,1070;EUR/USD
1;07.11.2019;1,1076;EUR/USD
1;06.11.2019;1,1134;EUR/USD
1;02.11.2019;1,1163;EUR/USD
1;01.11.2019;1,1163;EUR/USD
1;31.10.2019;1,1117;EUR/USD
1;30.10.2019;1,1088;EUR/USD
1;29.10.2019;1,1091;EUR/USD
1;26.10.2019;1,1113;EUR/USD
1;25.10.2019;1,1140;EUR/USD
1;24.10.2019;1,1123;EUR/USD
1;23.10.2019;1,1145;EUR/USD
1;22.10.2019;1,1162;EUR/USD
1;19.10.2019;1,1122;EUR/USD
1;18.10.2019;1,1076;EUR/USD
1;17.10.2019;1,1042;EUR/USD
1;16.10.2019;1,1026;EUR/USD
1;15.10.2019;1,1020;EUR/USD
1;12.10.2019;1,1013;EUR/USD
1;11.10.2019;1,1013;EUR/USD
1;10.10.2019;1,0976;EUR/USD
1;09.10.2019;1,0982;EUR/USD
1;08.10.2019;1,0975;EUR/USD
1;05.10.2019;1,0972;EUR/USD
1;04.10.2019;1,0947;EUR/USD
1;03.10.2019;1,0921;EUR/USD
1;02.10.2019;1,0888;EUR/USD
1;01.10.2019;1,0940;EUR/USD
1;28.09.2019;1,0916;EUR/USD
1;27.09.2019;1,0948;EUR/USD
1;26.09.2019;1,0997;EUR/USD
1;25.09.2019;1,0991;EUR/USD
1;24.09.2019;1,0990;EUR/USD
1;21.09.2019;1,1057;EUR/USD
1;20.09.2019;1,1046;EUR/USD
1;19.09.2019;1,1057;EUR/USD
1;18.09.2019;1,1011;EUR/USD
1;17.09.2019;1,1072;EUR/USD
1;14.09.2019;1,1095;EUR/USD
1;13.09.2019;1,1018;EUR/USD
1;12.09.2019;1,1038;EUR/USD
1;11.09.2019;1,1049;EUR/USD
1;10.09.2019;1,1031;EUR/USD
1;07.09.2019;1,1044;EUR/USD
1;06.09.2019;1,1033;EUR/USD
1;05.09.2019;1,0987;EUR/USD
1;04.09.2019;1,0941;EUR/USD
1;03.09.2019;1,0983;EUR/USD
1;31.08.2019;1,1037;EUR/USD
1;30.08.2019;1,1080;EUR/USD
1;29.08.2019;1,1091;EUR/USD
1;28.08.2019;1,1109;EUR/USD
1;27.08.2019;1,1125;EUR/USD
1;24.08.2019;1,1070;EUR/USD
1;23.08.2019;1,1099;EUR/USD
1;22.08.2019;1,1092;EUR/USD
1;21.08.2019;1,1077;EUR/USD
1;20.08.2019;1,1102;EUR/USD
1;17.08.2019;1,1095;EUR/USD
1;16.08.2019;1,1148;EUR/USD
1;15.08.2019;1,1181;EUR/USD
1;14.08.2019;1,1191;EUR/USD
1;13.08.2019;1,1176;EUR/USD
1;10.08.2019;1,1190;EUR/USD
1;09.08.2019;1,1215;EUR/USD
1;08.08.2019;1,1198;EUR/USD
1;07.08.2019;1,1207;EUR/USD
1;06.08.2019;1,1125;EUR/USD
1;03.08.2019;1,1093;EUR/USD
1;02.08.2019;1,1040;EUR/USD
1;01.08.2019;1,1154;EUR/USD
1;31.07.2019;1,1139;EUR/USD
1;30.07.2019;1,1121;EUR/USD
1;27.07.2019;1,1138;EUR/USD
1;26.07.2019;1,1130;EUR/USD
1;25.07.2019;1,1142;EUR/USD
1;24.07.2019;1,1189;EUR/USD
1;23.07.2019;1,1219;EUR/USD
1;20.07.2019;1,1261;EUR/USD
1;19.07.2019;1,1238;EUR/USD
1;18.07.2019;1,1209;EUR/USD
1;17.07.2019;1,1252;EUR/USD
1;16.07.2019;1,1278;EUR/USD
1;13.07.2019;1,1268;EUR/USD
1;12.07.2019;1,1272;EUR/USD
1;11.07.2019;1,1217;EUR/USD
1;10.07.2019;1,1207;EUR/USD
1;09.07.2019;1,1227;EUR/USD
1;06.07.2019;1,1270;EUR/USD
1;05.07.2019;1,1284;EUR/USD
1;04.07.2019;1,1277;EUR/USD
1;03.07.2019;1,1294;EUR/USD
1;02.07.2019;1,1323;EUR/USD
1;29.06.2019;1,1386;EUR/USD
1;28.06.2019;1,1367;EUR/USD
1;27.06.2019;1,1365;EUR/USD
1;26.06.2019;1,1393;EUR/USD
1;25.06.2019;1,1381;EUR/USD
1;22.06.2019;1,1302;EUR/USD
1;21.06.2019;1,1287;EUR/USD
1;20.06.2019;1,1197;EUR/USD
1;19.06.2019;1,1227;EUR/USD
1;18.06.2019;1,1211;EUR/USD
1;15.06.2019;1,1283;EUR/USD
1;14.06.2019;1,1297;EUR/USD
1;12.06.2019;1,1322;EUR/USD
1;11.06.2019;1,1300;EUR/USD
1;08.06.2019;1,1264;EUR/USD
1;07.06.2019;1,1232;EUR/USD
1;06.06.2019;1,1266;EUR/USD
1;05.06.2019;1,1268;EUR/USD
1;04.06.2019;1,1169;EUR/USD
1;01.06.2019;1,1141;EUR/USD
1;31.05.2019;1,1132;EUR/USD
1;30.05.2019;1,1156;EUR/USD
1;29.05.2019;1,1182;EUR/USD
1;28.05.2019;1,1198;EUR/USD
1;25.05.2019;1,1193;EUR/USD
1;24.05.2019;1,1139;EUR/USD
1;23.05.2019;1,1153;EUR/USD
1;22.05.2019;1,1151;EUR/USD
1;21.05.2019;1,1159;EUR/USD
1;18.05.2019;1,1178;EUR/USD
1;17.05.2019;1,1209;EUR/USD
1;16.05.2019;1,1209;EUR/USD
1;15.05.2019;1,1236;EUR/USD
1;14.05.2019;1,1230;EUR/USD
1;09.05.2019;1,1205;EUR/USD
1;08.05.2019;1,1206;EUR/USD
1;07.05.2019;1,1190;EUR/USD
1;01.05.2019;1,1188;EUR/USD
1;30.04.2019;1,1161;EUR/USD
1;27.04.2019;1,1141;EUR/USD
1;26.04.2019;1,1149;EUR/USD
1;25.04.2019;1,1209;EUR/USD
1;24.04.2019;1,1247;EUR/USD
1;23.04.2019;1,1244;EUR/USD
1;20.04.2019;1,1245;EUR/USD
1;19.04.2019;1,1276;EUR/USD
1;18.04.2019;1,1316;EUR/USD
1;17.04.2019;1,1309;EUR/USD
1;16.04.2019;1,1316;EUR/USD
1;13.04.2019;1,1290;EUR/USD
1;12.04.2019;1,1282;EUR/USD
1;11.04.2019;1,1268;EUR/USD
1;10.04.2019;1,1265;EUR/USD
1;09.04.2019;1,1226;EUR/USD
1;06.04.2019;1,1228;EUR/USD
1;05.04.2019;1,1239;EUR/USD
1;04.04.2019;1,1229;EUR/USD
1;03.04.2019;1,1198;EUR/USD
1;02.04.2019;1,1235;EUR/USD
1;30.03.2019;1,1234;EUR/USD
1;29.03.2019;1,1248;EUR/USD
1;28.03.2019;1,1258;EUR/USD
1;27.03.2019;1,1311;EUR/USD
1;26.03.2019;1,1306;EUR/USD
1;23.03.2019;1,1383;EUR/USD
1;22.03.2019;1,1419;EUR/USD
1;21.03.2019;1,1347;EUR/USD
1;20.03.2019;1,1350;EUR/USD
1;19.03.2019;1,1344;EUR/USD
1;16.03.2019;1,1322;EUR/USD
1;15.03.2019;1,1324;EUR/USD
1;14.03.2019;1,1286;EUR/USD
1;13.03.2019;1,1262;EUR/USD
1;12.03.2019;1,1243;EUR/USD
1;08.03.2019;1,1305;EUR/USD
1;07.03.2019;1,1302;EUR/USD
1;06.03.2019;1,1323;EUR/USD
1;05.03.2019;1,1360;EUR/USD
1;02.03.2019;1,1366;EUR/USD
1;01.03.2019;1,1378;EUR/USD
1;28.02.2019;1,1379;EUR/USD
1;27.02.2019;1,1352;EUR/USD
1;26.02.2019;1,1353;EUR/USD
1;23.02.2019;1,1346;EUR/USD
1;22.02.2019;1,1336;EUR/USD
1;21.02.2019;1,1340;EUR/USD
1;20.02.2019;1,1301;EUR/USD
1;19.02.2019;1,1307;EUR/USD
1;16.02.2019;1,1281;EUR/USD
1;15.02.2019;1,1278;EUR/USD
1;14.02.2019;1,1326;EUR/USD
1;13.02.2019;1,1283;EUR/USD
1;12.02.2019;1,1321;EUR/USD
1;09.02.2019;1,1337;EUR/USD
1;08.02.2019;1,1355;EUR/USD
1;07.02.2019;1,1386;EUR/USD
1;06.02.2019;1,1425;EUR/USD
1;05.02.2019;1,1444;EUR/USD
1;02.02.2019;1,1445;EUR/USD
1;01.02.2019;1,1506;EUR/USD
1;31.01.2019;1,1433;EUR/USD
1;30.01.2019;1,1438;EUR/USD
1;29.01.2019;1,1405;EUR/USD
1;26.01.2019;1,1322;EUR/USD
1;25.01.2019;1,1368;EUR/USD
1;24.01.2019;1,1365;EUR/USD
1;23.01.2019;1,1353;EUR/USD
1;22.01.2019;1,1384;EUR/USD
1;19.01.2019;1,1395;EUR/USD
1;18.01.2019;1,1383;EUR/USD
1;17.01.2019;1,1404;EUR/USD
1;16.01.2019;1,1471;EUR/USD
1;15.01.2019;1,1470;EUR/USD
1;12.01.2019;1,1526;EUR/USD
1;11.01.2019;1,1548;EUR/USD
1;10.01.2019;1,1465;EUR/USD
1;30.12.2018;1,1438;EUR/USD
1;29.12.2018;1,1458;EUR/USD
1;28.12.2018;1,1381;EUR/USD
1;27.12.2018;1,1399;EUR/USD
1;26.12.2018;1,1409;EUR/USD
1;25.12.2018;1,1386;EUR/USD
1;22.12.2018;1,1465;EUR/USD
1;21.12.2018;1,1420;EUR/USD
1;20.12.2018;1,1395;EUR/USD
1;19.12.2018;1,1353;EUR/USD
1;18.12.2018;1,1315;EUR/USD
1;15.12.2018;1,1348;EUR/USD
1;14.12.2018;1,1379;EUR/USD
1;13.12.2018;1,1324;EUR/USD
1;12.12.2018;1,1371;EUR/USD
1;11.12.2018;1,1429;EUR/USD
1;08.12.2018;1,1368;EUR/USD
1;07.12.2018;1,1329;EUR/USD
1;06.12.2018;1,1329;EUR/USD
1;05.12.2018;1,1386;EUR/USD
1;04.12.2018;1,1372;EUR/USD
1;01.12.2018;1,1385;EUR/USD
1;30.11.2018;1,1389;EUR/USD
1;29.11.2018;1,1281;EUR/USD
1;28.11.2018;1,1324;EUR/USD
1;27.11.2018;1,1362;EUR/USD
1;24.11.2018;1,1412;EUR/USD
1;23.11.2018;1,1402;EUR/USD
1;22.11.2018;1,1395;EUR/USD
1;21.11.2018;1,1463;EUR/USD
1;20.11.2018;1,1411;EUR/USD
1;17.11.2018;1,1350;EUR/USD
1;16.11.2018;1,1339;EUR/USD
1;15.11.2018;1,1288;EUR/USD
1;14.11.2018;1,1240;EUR/USD
1;13.11.2018;1,1269;EUR/USD
1;10.11.2018;1,1340;EUR/USD
1;09.11.2018;1,1428;EUR/USD
1;08.11.2018;1,1451;EUR/USD
1;07.11.2018;1,1413;EUR/USD
1;03.11.2018;1,1435;EUR/USD
1;02.11.2018;1,1360;EUR/USD
1;01.11.2018;1,1345;EUR/USD
1;31.10.2018;1,1371;EUR/USD
1;30.10.2018;1,1402;EUR/USD
1;27.10.2018;1,1376;EUR/USD
1;26.10.2018;1,1405;EUR/USD
1;25.10.2018;1,1440;EUR/USD
1;24.10.2018;1,1462;EUR/USD
1;23.10.2018;1,1541;EUR/USD
1;20.10.2018;1,1445;EUR/USD
1;19.10.2018;1,1498;EUR/USD
1;18.10.2018;1,1567;EUR/USD
1;17.10.2018;1,1586;EUR/USD
1;16.10.2018;1,1567;EUR/USD
1;13.10.2018;1,1596;EUR/USD
1;12.10.2018;1,1544;EUR/USD
1;11.10.2018;1,1494;EUR/USD
1;10.10.2018;1,1477;EUR/USD
1;09.10.2018;1,1496;EUR/USD
1;06.10.2018;1,1506;EUR/USD
1;05.10.2018;1,1486;EUR/USD
1;04.10.2018;1,1576;EUR/USD
1;03.10.2018;1,1534;EUR/USD
1;02.10.2018;1,1588;EUR/USD
1;29.09.2018;1,1622;EUR/USD
1;28.09.2018;1,1702;EUR/USD
1;27.09.2018;1,1768;EUR/USD
1;26.09.2018;1,1756;EUR/USD
1;25.09.2018;1,1742;EUR/USD
1;22.09.2018;1,1785;EUR/USD
1;21.09.2018;1,1697;EUR/USD
1;20.09.2018;1,1694;EUR/USD
1;19.09.2018;1,1686;EUR/USD
1;18.09.2018;1,1637;EUR/USD
1;15.09.2018;1,1709;EUR/USD
1;14.09.2018;1,1622;EUR/USD
1;13.09.2018;1,1592;EUR/USD
1;12.09.2018;1,1632;EUR/USD
1;11.09.2018;1,1546;EUR/USD
1;08.09.2018;1,1641;EUR/USD
1;07.09.2018;1,1629;EUR/USD
1;06.09.2018;1,1559;EUR/USD
1;05.09.2018;1,1574;EUR/USD
1;04.09.2018;1,1608;EUR/USD
1;01.09.2018;1,1683;EUR/USD
1;31.08.2018;1,1703;EUR/USD
1;30.08.2018;1,1675;EUR/USD
1;29.08.2018;1,1687;EUR/USD
1;28.08.2018;1,1607;EUR/USD
1;25.08.2018;1,1566;EUR/USD
1;24.08.2018;1,1565;EUR/USD
1;23.08.2018;1,1565;EUR/USD
1;22.08.2018;1,1514;EUR/USD
1;21.08.2018;1,1420;EUR/USD
1;18.08.2018;1,1392;EUR/USD
1;17.08.2018;1,1370;EUR/USD
1;16.08.2018;1,1333;EUR/USD
1;15.08.2018;1,1420;EUR/USD
1;14.08.2018;1,1382;EUR/USD
1;11.08.2018;1,1460;EUR/USD
1;10.08.2018;1,1590;EUR/USD
1;09.08.2018;1,1608;EUR/USD
1;08.08.2018;1,1577;EUR/USD
1;07.08.2018;1,1561;EUR/USD
1;04.08.2018;1,1579;EUR/USD
1;03.08.2018;1,1629;EUR/USD
1;02.08.2018;1,1686;EUR/USD
1;01.08.2018;1,1720;EUR/USD
1;31.07.2018;1,1660;EUR/USD
1;28.07.2018;1,1647;EUR/USD
1;27.07.2018;1,1727;EUR/USD
1;26.07.2018;1,1691;EUR/USD
1;25.07.2018;1,1685;EUR/USD
1;24.07.2018;1,1730;EUR/USD
1;21.07.2018;1,1645;EUR/USD
1;20.07.2018;1,1613;EUR/USD
1;19.07.2018;1,1627;EUR/USD
1;18.07.2018;1,1731;EUR/USD
1;17.07.2018;1,1693;EUR/USD
1;14.07.2018;1,1633;EUR/USD
1;13.07.2018;1,1684;EUR/USD
1;12.07.2018;1,1731;EUR/USD
1;11.07.2018;1,1746;EUR/USD
1;10.07.2018;1,1767;EUR/USD
1;07.07.2018;1,1708;EUR/USD
1;06.07.2018;1,1692;EUR/USD
1;05.07.2018;1,1658;EUR/USD
1;04.07.2018;1,1658;EUR/USD
1;03.07.2018;1,1636;EUR/USD
1;30.06.2018;1,1631;EUR/USD
1;29.06.2018;1,1548;EUR/USD
1;28.06.2018;1,1658;EUR/USD
1;27.06.2018;1,1691;EUR/USD
1;26.06.2018;1,1646;EUR/USD
1;23.06.2018;1,1658;EUR/USD
1;22.06.2018;1,1552;EUR/USD
1;21.06.2018;1,1571;EUR/USD
1;20.06.2018;1,1579;EUR/USD
1;19.06.2018;1,1575;EUR/USD
1;16.06.2018;1,1571;EUR/USD
1;15.06.2018;1,1817;EUR/USD
1;14.06.2018;1,1746;EUR/USD
1;10.06.2018;1,1768;EUR/USD
1;09.06.2018;1,1775;EUR/USD
1;08.06.2018;1,1821;EUR/USD
1;07.06.2018;1,1751;EUR/USD
1;06.06.2018;1,1699;EUR/USD
1;05.06.2018;1,1697;EUR/USD
1;02.06.2018;1,1690;EUR/USD
1;01.06.2018;1,1703;EUR/USD
1;31.05.2018;1,1586;EUR/USD
1;30.05.2018;1,1578;EUR/USD
1;29.05.2018;1,1696;EUR/USD
1;26.05.2018;1,1695;EUR/USD
1;25.05.2018;1,1726;EUR/USD
1;24.05.2018;1,1719;EUR/USD
1;23.05.2018;1,1792;EUR/USD
1;22.05.2018;1,1727;EUR/USD
1;19.05.2018;1,1814;EUR/USD
1;18.05.2018;1,1812;EUR/USD
1;17.05.2018;1,1842;EUR/USD
1;16.05.2018;1,1929;EUR/USD
1;15.05.2018;1,1971;EUR/USD
1;12.05.2018;1,1908;EUR/USD
1;11.05.2018;1,1864;EUR/USD
1;09.05.2018;1,1910;EUR/USD
1;08.05.2018;1,1929;EUR/USD
1;05.05.2018;1,1968;EUR/USD
1;04.05.2018;1,1991;EUR/USD
1;29.04.2018;1,2130;EUR/USD
1;28.04.2018;1,2078;EUR/USD
1;27.04.2018;1,2169;EUR/USD
1;26.04.2018;1,2199;EUR/USD
1;25.04.2018;1,2197;EUR/USD
1;24.04.2018;1,2271;EUR/USD
1;21.04.2018;1,2337;EUR/USD
1;20.04.2018;1,2390;EUR/USD
1;19.04.2018;1,2361;EUR/USD
1;18.04.2018;1,2404;EUR/USD
1;17.04.2018;1,2338;EUR/USD
1;14.04.2018;1,2331;EUR/USD
1;13.04.2018;1,2367;EUR/USD
1;12.04.2018;1,2376;EUR/USD
1;11.04.2018;1,2322;EUR/USD
1;10.04.2018;1,2273;EUR/USD
1;07.04.2018;1,2226;EUR/USD
1;06.04.2018;1,2260;EUR/USD
1;05.04.2018;1,2284;EUR/USD
1;04.04.2018;1,2326;EUR/USD
1;03.04.2018;1,2325;EUR/USD
1;31.03.2018;1,2322;EUR/USD
1;30.03.2018;1,2308;EUR/USD
1;29.03.2018;1,2393;EUR/USD
1;28.03.2018;1,2464;EUR/USD
1;27.03.2018;1,2380;EUR/USD
1;24.03.2018;1,2333;EUR/USD
1;23.03.2018;1,2370;EUR/USD
1;22.03.2018;1,2274;EUR/USD
1;21.03.2018;1,2345;EUR/USD
1;20.03.2018;1,2268;EUR/USD
1;17.03.2018;1,2316;EUR/USD
1;16.03.2018;1,2367;EUR/USD
1;15.03.2018;1,2388;EUR/USD
1;14.03.2018;1,2322;EUR/USD
1;13.03.2018;1,2329;EUR/USD
1;08.03.2018;1,2417;EUR/USD
1;07.03.2018;1,2341;EUR/USD
1;06.03.2018;1,2289;EUR/USD
1;03.03.2018;1,2260;EUR/USD
1;02.03.2018;1,2206;EUR/USD
1;01.03.2018;1,2223;EUR/USD
1;28.02.2018;1,2333;EUR/USD
1;27.02.2018;1,2325;EUR/USD
1;23.02.2018;1,2268;EUR/USD
1;22.02.2018;1,2322;EUR/USD
1;21.02.2018;1,2366;EUR/USD
1;20.02.2018;1,2406;EUR/USD
1;17.02.2018;1,2536;EUR/USD
1;16.02.2018;1,2488;EUR/USD
1;15.02.2018;1,2369;EUR/USD
1;14.02.2018;1,2319;EUR/USD
1;13.02.2018;1,2280;EUR/USD
1;10.02.2018;1,2273;EUR/USD
1;09.02.2018;1,2271;EUR/USD
1;08.02.2018;1,2384;EUR/USD
1;07.02.2018;1,2396;EUR/USD
1;06.02.2018;1,2449;EUR/USD
1;03.02.2018;1,2508;EUR/USD
1;02.02.2018;1,2405;EUR/USD
1;01.02.2018;1,2447;EUR/USD
1;31.01.2018;1,2354;EUR/USD
1;30.01.2018;1,2409;EUR/USD
1;27.01.2018;1,2468;EUR/USD
1;26.01.2018;1,2419;EUR/USD
1;25.01.2018;1,2316;EUR/USD
1;24.01.2018;1,2244;EUR/USD
1;23.01.2018;1,2232;EUR/USD
1;20.01.2018;1,2263;EUR/USD
1;19.01.2018;1,2202;EUR/USD
1;18.01.2018;1,2223;EUR/USD
1;17.01.2018;1,2241;EUR/USD
1;16.01.2018;1,2211;EUR/USD
1;13.01.2018;1,2059;EUR/USD
1;12.01.2018;1,1941;EUR/USD
1;11.01.2018;1,1936;EUR/USD
1;10.01.2018;1,1957;EUR/USD
1;30.12.2017;1,1956;EUR/USD
1;29.12.2017;1,1936;EUR/USD
1;28.12.2017;1,1876;EUR/USD
1;27.12.2017;1,1872;EUR/USD
1;26.12.2017;1,1872;EUR/USD
1;23.12.2017;1,1854;EUR/USD
1;22.12.2017;1,1872;EUR/USD
1;21.12.2017;1,1837;EUR/USD
1;20.12.2017;1,1802;EUR/USD
1;19.12.2017;1,1772;EUR/USD
1;16.12.2017;1,1788;EUR/USD
1;15.12.2017;1,1822;EUR/USD
1;14.12.2017;1,1745;EUR/USD
1;13.12.2017;1,1778;EUR/USD
1;12.12.2017;1,1784;EUR/USD
1;09.12.2017;1,1748;EUR/USD
1;08.12.2017;1,1794;EUR/USD
1;07.12.2017;1,1829;EUR/USD
1;06.12.2017;1,1864;EUR/USD
1;05.12.2017;1,1851;EUR/USD
1;02.12.2017;1,1919;EUR/USD
1;01.12.2017;1,1867;EUR/USD
1;30.11.2017;1,1864;EUR/USD
1;29.11.2017;1,1897;EUR/USD
1;28.11.2017;1,1925;EUR/USD
1;25.11.2017;1,1845;EUR/USD
1;24.11.2017;1,1833;EUR/USD
1;23.11.2017;1,1762;EUR/USD
1;22.11.2017;1,1742;EUR/USD
1;21.11.2017;1,1753;EUR/USD
1;18.11.2017;1,1799;EUR/USD
1;17.11.2017;1,1786;EUR/USD
1;16.11.2017;1,1813;EUR/USD
1;15.11.2017;1,1687;EUR/USD
1;14.11.2017;1,1645;EUR/USD
1;11.11.2017;1,1636;EUR/USD
1;10.11.2017;1,1609;EUR/USD
1;09.11.2017;1,1596;EUR/USD
1;08.11.2017;1,1593;EUR/USD
1;04.11.2017;1,1652;EUR/USD
1;03.11.2017;1,1651;EUR/USD
1;02.11.2017;1,1643;EUR/USD
1;01.11.2017;1,1639;EUR/USD
1;31.10.2017;1,1615;EUR/USD
1;28.10.2017;1,1626;EUR/USD
1;27.10.2017;1,1822;EUR/USD
1;26.10.2017;1,1763;EUR/USD
1;25.10.2017;1,1754;EUR/USD
1;24.10.2017;1,1755;EUR/USD
1;21.10.2017;1,1805;EUR/USD
1;20.10.2017;1,1800;EUR/USD
1;19.10.2017;1,1761;EUR/USD
1;18.10.2017;1,1765;EUR/USD
1;17.10.2017;1,1789;EUR/USD
1;14.10.2017;1,1826;EUR/USD
1;13.10.2017;1,1865;EUR/USD
1;12.10.2017;1,1827;EUR/USD
1;11.10.2017;1,1771;EUR/USD
1;10.10.2017;1,1727;EUR/USD
1;07.10.2017;1,1692;EUR/USD
1;06.10.2017;1,1771;EUR/USD
1;05.10.2017;1,1757;EUR/USD
1;04.10.2017;1,1734;EUR/USD
1;03.10.2017;1,1746;EUR/USD
1;30.09.2017;1,1798;EUR/USD
1;29.09.2017;1,1749;EUR/USD
1;28.09.2017;1,1751;EUR/USD
1;27.09.2017;1,1826;EUR/USD
1;26.09.2017;1,1909;EUR/USD
1;23.09.2017;1,1981;EUR/USD
1;22.09.2017;1,1896;EUR/USD
1;21.09.2017;1,2002;EUR/USD
1;20.09.2017;1,1993;EUR/USD
1;19.09.2017;1,1931;EUR/USD
1;16.09.2017;1,1920;EUR/USD
1;15.09.2017;1,1891;EUR/USD
1;14.09.2017;1,1982;EUR/USD
1;13.09.2017;1,1970;EUR/USD
1;12.09.2017;1,2008;EUR/USD
1;09.09.2017;1,2052;EUR/USD
1;08.09.2017;1,1943;EUR/USD
1;07.09.2017;1,1932;EUR/USD
1;06.09.2017;1,1889;EUR/USD
1;05.09.2017;1,1894;EUR/USD
1;02.09.2017;1,1885;EUR/USD
1;01.09.2017;1,1892;EUR/USD
1;31.08.2017;1,1953;EUR/USD
1;30.08.2017;1,2033;EUR/USD
1;29.08.2017;1,1930;EUR/USD
1;26.08.2017;1,1784;EUR/USD
1;25.08.2017;1,1793;EUR/USD
1;24.08.2017;1,1764;EUR/USD
1;23.08.2017;1,1787;EUR/USD
1;22.08.2017;1,1740;EUR/USD
1;19.08.2017;1,1745;EUR/USD
1;18.08.2017;1,1756;EUR/USD
1;17.08.2017;1,1734;EUR/USD
1;16.08.2017;1,1743;EUR/USD
1;15.08.2017;1,1817;EUR/USD
1;12.08.2017;1,1755;EUR/USD
1;11.08.2017;1,1725;EUR/USD
1;10.08.2017;1,1744;EUR/USD
1;09.08.2017;1,1809;EUR/USD
1;08.08.2017;1,1795;EUR/USD
1;05.08.2017;1,1883;EUR/USD
1;04.08.2017;1,1844;EUR/USD
1;03.08.2017;1,1833;EUR/USD
1;02.08.2017;1,1819;EUR/USD
1;01.08.2017;1,1731;EUR/USD
1;29.07.2017;1,1702;EUR/USD
1;28.07.2017;1,1722;EUR/USD
1;27.07.2017;1,1631;EUR/USD
1;26.07.2017;1,1652;EUR/USD
1;25.07.2017;1,1645;EUR/USD
1;22.07.2017;1,1651;EUR/USD
1;21.07.2017;1,1510;EUR/USD
1;20.07.2017;1,1525;EUR/USD
1;19.07.2017;1,1521;EUR/USD
1;18.07.2017;1,1448;EUR/USD
1;15.07.2017;1,1416;EUR/USD
1;14.07.2017;1,1434;EUR/USD
1;13.07.2017;1,1456;EUR/USD
1;12.07.2017;1,1393;EUR/USD
1;11.07.2017;1,1405;EUR/USD
1;08.07.2017;1,1419;EUR/USD
1;07.07.2017;1,1351;EUR/USD
1;06.07.2017;1,1359;EUR/USD
1;05.07.2017;1,1362;EUR/USD
1;04.07.2017;1,1396;EUR/USD
1;01.07.2017;1,1418;EUR/USD
1;30.06.2017;1,1424;EUR/USD
1;29.06.2017;1,1368;EUR/USD
1;28.06.2017;1,1201;EUR/USD
1;27.06.2017;1,1200;EUR/USD
1;24.06.2017;1,1177;EUR/USD
1;23.06.2017;1,1164;EUR/USD
1;22.06.2017;1,1133;EUR/USD
1;21.06.2017;1,1151;EUR/USD
1;20.06.2017;1,1191;EUR/USD
1;17.06.2017;1,1163;EUR/USD
1;16.06.2017;1,1190;EUR/USD
1;15.06.2017;1,1213;EUR/USD
1;14.06.2017;1,1206;EUR/USD
1;10.06.2017;1,1190;EUR/USD
1;09.06.2017;1,1257;EUR/USD
1;08.06.2017;1,1260;EUR/USD
1;07.06.2017;1,1254;EUR/USD
1;06.06.2017;1,1271;EUR/USD
1;03.06.2017;1,1221;EUR/USD
1;02.06.2017;1,1237;EUR/USD
1;01.06.2017;1,1186;EUR/USD
1;31.05.2017;1,1138;EUR/USD
1;30.05.2017;1,1174;EUR/USD
1;27.05.2017;1,1218;EUR/USD
1;26.05.2017;1,1238;EUR/USD
1;25.05.2017;1,1181;EUR/USD
1;24.05.2017;1,1249;EUR/USD
1;23.05.2017;1,1181;EUR/USD
1;20.05.2017;1,1135;EUR/USD
1;19.05.2017;1,1136;EUR/USD
1;18.05.2017;1,1096;EUR/USD
1;17.05.2017;1,1027;EUR/USD
1;16.05.2017;1,0941;EUR/USD
1;13.05.2017;1,0862;EUR/USD
1;12.05.2017;1,0883;EUR/USD
1;11.05.2017;1,0892;EUR/USD
1;06.05.2017;1,0974;EUR/USD
1;05.05.2017;1,0896;EUR/USD
1;04.05.2017;1,0916;EUR/USD
1;03.05.2017;1,0913;EUR/USD
1;29.04.2017;1,0888;EUR/USD
1;28.04.2017;1,0912;EUR/USD
1;27.04.2017;1,0922;EUR/USD
1;26.04.2017;1,0886;EUR/USD
1;25.04.2017;1,0850;EUR/USD
1;22.04.2017;1,0727;EUR/USD
1;21.04.2017;1,0744;EUR/USD
1;20.04.2017;1,0728;EUR/USD
1;19.04.2017;1,0649;EUR/USD
1;18.04.2017;1,0638;EUR/USD
1;15.04.2017;1,0619;EUR/USD
1;14.04.2017;1,0651;EUR/USD
1;13.04.2017;1,0618;EUR/USD
1;12.04.2017;1,0588;EUR/USD
1;11.04.2017;1,0585;EUR/USD
1;08.04.2017;1,0641;EUR/USD
1;07.04.2017;1,0646;EUR/USD
1;06.04.2017;1,0680;EUR/USD
1;05.04.2017;1,0652;EUR/USD
1;04.04.2017;1,0669;EUR/USD
1;01.04.2017;1,0688;EUR/USD
1;31.03.2017;1,0748;EUR/USD
1;30.03.2017;1,0791;EUR/USD
1;29.03.2017;1,0856;EUR/USD
1;28.03.2017;1,0866;EUR/USD
1;25.03.2017;1,0773;EUR/USD
1;24.03.2017;1,0795;EUR/USD
1;23.03.2017;1,0804;EUR/USD
1;22.03.2017;1,0786;EUR/USD
1;21.03.2017;1,0770;EUR/USD
1;18.03.2017;1,0766;EUR/USD
1;17.03.2017;1,0729;EUR/USD
1;16.03.2017;1,0631;EUR/USD
1;15.03.2017;1,0643;EUR/USD
1;14.03.2017;1,0699;EUR/USD
1;11.03.2017;1,0595;EUR/USD
1;10.03.2017;1,0537;EUR/USD
1;08.03.2017;1,0591;EUR/USD
1;07.03.2017;1,0604;EUR/USD
1;04.03.2017;1,0522;EUR/USD
1;03.03.2017;1,0533;EUR/USD
1;02.03.2017;1,0542;EUR/USD
1;01.03.2017;1,0591;EUR/USD
1;28.02.2017;1,0573;EUR/USD
1;23.02.2017;1,0518;EUR/USD
1;22.02.2017;1,0579;EUR/USD
1;21.02.2017;1,0620;EUR/USD
1;18.02.2017;1,0662;EUR/USD
1;17.02.2017;1,0613;EUR/USD
1;16.02.2017;1,0573;EUR/USD
1;15.02.2017;1,0616;EUR/USD
1;14.02.2017;1,0638;EUR/USD
1;11.02.2017;1,0652;EUR/USD
1;10.02.2017;1,0678;EUR/USD
1;09.02.2017;1,0661;EUR/USD
1;08.02.2017;1,0683;EUR/USD
1;07.02.2017;1,0757;EUR/USD
1;04.02.2017;1,0759;EUR/USD
1;03.02.2017;1,0791;EUR/USD
1;02.02.2017;1,0783;EUR/USD
1;01.02.2017;1,0699;EUR/USD
1;31.01.2017;1,0710;EUR/USD
1;28.01.2017;1,0667;EUR/USD
1;27.01.2017;1,0736;EUR/USD
1;26.01.2017;1,0723;EUR/USD
1;25.01.2017;1,0744;EUR/USD
1;24.01.2017;1,0746;EUR/USD
1;21.01.2017;1,0680;EUR/USD
1;20.01.2017;1,0645;EUR/USD
1;19.01.2017;1,0683;EUR/USD
1;18.01.2017;1,0654;EUR/USD
1;17.01.2017;1,0608;EUR/USD
1;14.01.2017;1,0632;EUR/USD
1;13.01.2017;1,0635;EUR/USD
1;12.01.2017;1,0558;EUR/USD
1;11.01.2017;1,0599;EUR/USD
1;10.01.2017;1,0537;EUR/USD
1;31.12.2016;1,0520;EUR/USD
1;30.12.2016;1,0456;EUR/USD
1;29.12.2016;1,0465;EUR/USD
1;28.12.2016;1,0446;EUR/USD
1;27.12.2016;1,0463;EUR/USD
1;24.12.2016;1,0442;EUR/USD
1;23.12.2016;1,0443;EUR/USD
1;22.12.2016;1,0409;EUR/USD
1;21.12.2016;1,0389;EUR/USD
1;20.12.2016;1,0466;EUR/USD
1;17.12.2016;1,0442;EUR/USD
1;16.12.2016;1,0483;EUR/USD
1;15.12.2016;1,0649;EUR/USD
1;14.12.2016;1,0640;EUR/USD
1;13.12.2016;1,0567;EUR/USD
1;10.12.2016;1,0617;EUR/USD
1;09.12.2016;1,0766;EUR/USD
1;08.12.2016;1,0718;EUR/USD
1;07.12.2016;1,0754;EUR/USD
1;06.12.2016;1,0601;EUR/USD
1;03.12.2016;1,0673;EUR/USD
1;02.12.2016;1,0618;EUR/USD
1;01.12.2016;1,0629;EUR/USD
1;30.11.2016;1,0600;EUR/USD
1;29.11.2016;1,0654;EUR/USD
1;26.11.2016;1,0591;EUR/USD
1;25.11.2016;1,0535;EUR/USD
1;24.11.2016;1,0632;EUR/USD
1;23.11.2016;1,0615;EUR/USD
1;22.11.2016;1,0622;EUR/USD
1;19.11.2016;1,0597;EUR/USD
1;18.11.2016;1,0706;EUR/USD
1;17.11.2016;1,0727;EUR/USD
1;16.11.2016;1,0772;EUR/USD
1;15.11.2016;1,0788;EUR/USD
1;12.11.2016;1,0906;EUR/USD
1;11.11.2016;1,0934;EUR/USD
1;10.11.2016;1,1167;EUR/USD
1;09.11.2016;1,1054;EUR/USD
1;08.11.2016;1,1062;EUR/USD
1;04.11.2016;1,1117;EUR/USD
1;03.11.2016;1,1075;EUR/USD
1;02.11.2016;1,0975;EUR/USD
1;01.11.2016;1,0960;EUR/USD
1;29.10.2016;1,0918;EUR/USD
1;28.10.2016;1,0907;EUR/USD
1;27.10.2016;1,0910;EUR/USD
1;26.10.2016;1,0878;EUR/USD
1;25.10.2016;1,0883;EUR/USD
1;22.10.2016;1,0893;EUR/USD
1;21.10.2016;1,0970;EUR/USD
1;20.10.2016;1,0988;EUR/USD
1;19.10.2016;1,1013;EUR/USD
1;18.10.2016;1,0983;EUR/USD
1;15.10.2016;1,1013;EUR/USD
1;14.10.2016;1,1007;EUR/USD
1;13.10.2016;1,1043;EUR/USD
1;12.10.2016;1,1114;EUR/USD
1;11.10.2016;1,1176;EUR/USD
1;08.10.2016;1,1112;EUR/USD
1;07.10.2016;1,1196;EUR/USD
1;06.10.2016;1,1220;EUR/USD
1;05.10.2016;1,1173;EUR/USD
1;04.10.2016;1,1230;EUR/USD
1;01.10.2016;1,1189;EUR/USD
1;30.09.2016;1,1223;EUR/USD
1;29.09.2016;1,1192;EUR/USD
1;28.09.2016;1,1248;EUR/USD
1;27.09.2016;1,1233;EUR/USD
1;24.09.2016;1,1209;EUR/USD
1;23.09.2016;1,1235;EUR/USD
1;22.09.2016;1,1148;EUR/USD
1;21.09.2016;1,1201;EUR/USD
1;20.09.2016;1,1160;EUR/USD
1;17.09.2016;1,1235;EUR/USD
1;16.09.2016;1,1226;EUR/USD
1;15.09.2016;1,1227;EUR/USD
1;14.09.2016;1,1226;EUR/USD
1;13.09.2016;1,1252;EUR/USD
1;10.09.2016;1,1274;EUR/USD
1;09.09.2016;1,1262;EUR/USD
1;08.09.2016;1,1246;EUR/USD
1;07.09.2016;1,1162;EUR/USD
1;06.09.2016;1,1175;EUR/USD
1;03.09.2016;1,1192;EUR/USD
1;02.09.2016;1,1138;EUR/USD
1;01.09.2016;1,1139;EUR/USD
1;31.08.2016;1,1170;EUR/USD
1;30.08.2016;1,1186;EUR/USD
1;27.08.2016;1,1290;EUR/USD
1;26.08.2016;1,1273;EUR/USD
1;25.08.2016;1,1295;EUR/USD
1;24.08.2016;1,1344;EUR/USD
1;23.08.2016;1,1283;EUR/USD
1;20.08.2016;1,1332;EUR/USD
1;19.08.2016;1,1320;EUR/USD
1;18.08.2016;1,1264;EUR/USD
1;17.08.2016;1,1253;EUR/USD
1;16.08.2016;1,1171;EUR/USD
1;13.08.2016;1,1147;EUR/USD
1;12.08.2016;1,1157;EUR/USD
1;11.08.2016;1,1145;EUR/USD
1;10.08.2016;1,1076;EUR/USD
1;09.08.2016;1,1086;EUR/USD
1;06.08.2016;1,1139;EUR/USD
1;05.08.2016;1,1134;EUR/USD
1;04.08.2016;1,1207;EUR/USD
1;03.08.2016;1,1199;EUR/USD
1;02.08.2016;1,1167;EUR/USD
1;30.07.2016;1,1093;EUR/USD
1;29.07.2016;1,1103;EUR/USD
1;28.07.2016;1,0996;EUR/USD
1;27.07.2016;1,1005;EUR/USD
1;26.07.2016;1,0969;EUR/USD
1;23.07.2016;1,1025;EUR/USD
1;22.07.2016;1,1030;EUR/USD
1;21.07.2016;1,0990;EUR/USD
1;20.07.2016;1,1065;EUR/USD
1;19.07.2016;1,1055;EUR/USD
1;16.07.2016;1,1135;EUR/USD
1;15.07.2016;1,1099;EUR/USD
1;14.07.2016;1,1050;EUR/USD
1;13.07.2016;1,1108;EUR/USD
1;12.07.2016;1,1030;EUR/USD
1;09.07.2016;1,1077;EUR/USD
1;08.07.2016;1,1077;EUR/USD
1;07.07.2016;1,1065;EUR/USD
1;06.07.2016;1,1146;EUR/USD
1;05.07.2016;1,1126;EUR/USD
1;02.07.2016;1,1099;EUR/USD
1;01.07.2016;1,1109;EUR/USD
1;30.06.2016;1,1082;EUR/USD
1;29.06.2016;1,1065;EUR/USD
1;28.06.2016;1,1058;EUR/USD
1;25.06.2016;1,1088;EUR/USD
1;24.06.2016;1,1334;EUR/USD
1;23.06.2016;1,1270;EUR/USD
1;22.06.2016;1,1342;EUR/USD
1;21.06.2016;1,1345;EUR/USD
1;18.06.2016;1,1241;EUR/USD
1;17.06.2016;1,1273;EUR/USD
1;16.06.2016;1,1218;EUR/USD
1;15.06.2016;1,1255;EUR/USD
1;11.06.2016;1,1311;EUR/USD
1;10.06.2016;1,1385;EUR/USD
1;09.06.2016;1,1372;EUR/USD
1;08.06.2016;1,1366;EUR/USD
1;07.06.2016;1,1353;EUR/USD
1;04.06.2016;1,1153;EUR/USD
1;03.06.2016;1,1209;EUR/USD
1;02.06.2016;1,1140;EUR/USD
1;01.06.2016;1,1128;EUR/USD
1;31.05.2016;1,1122;EUR/USD
1;28.05.2016;1,1182;EUR/USD
1;27.05.2016;1,1171;EUR/USD
1;26.05.2016;1,1148;EUR/USD
1;25.05.2016;1,1191;EUR/USD
1;24.05.2016;1,1226;EUR/USD
1;21.05.2016;1,1218;EUR/USD
1;20.05.2016;1,1218;EUR/USD
1;19.05.2016;1,1267;EUR/USD
1;18.05.2016;1,1331;EUR/USD
1;17.05.2016;1,1320;EUR/USD
1;14.05.2016;1,1339;EUR/USD
1;13.05.2016;1,1409;EUR/USD
1;12.05.2016;1,1390;EUR/USD
1;11.05.2016;1,1389;EUR/USD
1;07.05.2016;1,1418;EUR/USD
1;06.05.2016;1,1469;EUR/USD
1;05.05.2016;1,1493;EUR/USD
1;30.04.2016;1,1394;EUR/USD
1;29.04.2016;1,1352;EUR/USD
1;28.04.2016;1,1326;EUR/USD
1;27.04.2016;1,1271;EUR/USD
1;26.04.2016;1,1249;EUR/USD
1;23.04.2016;1,1280;EUR/USD
1;22.04.2016;1,1297;EUR/USD
1;21.04.2016;1,1359;EUR/USD
1;20.04.2016;1,1329;EUR/USD
1;19.04.2016;1,1297;EUR/USD
1;16.04.2016;1,1256;EUR/USD
1;15.04.2016;1,1248;EUR/USD
1;14.04.2016;1,1352;EUR/USD
1;13.04.2016;1,1433;EUR/USD
1;12.04.2016;1,1396;EUR/USD
1;09.04.2016;1,1367;EUR/USD
1;08.04.2016;1,1412;EUR/USD
1;07.04.2016;1,1356;EUR/USD
1;06.04.2016;1,1363;EUR/USD
1;05.04.2016;1,1382;EUR/USD
1;02.04.2016;1,1383;EUR/USD
1;01.04.2016;1,1336;EUR/USD
1;31.03.2016;1,1321;EUR/USD
1;30.03.2016;1,1179;EUR/USD
1;29.03.2016;1,1168;EUR/USD
1;26.03.2016;1,1164;EUR/USD
1;25.03.2016;1,1160;EUR/USD
1;24.03.2016;1,1190;EUR/USD
1;23.03.2016;1,1234;EUR/USD
1;22.03.2016;1,1258;EUR/USD
1;19.03.2016;1,1286;EUR/USD
1;18.03.2016;1,1254;EUR/USD
1;17.03.2016;1,1088;EUR/USD
1;16.03.2016;1,1104;EUR/USD
1;15.03.2016;1,1144;EUR/USD
1;12.03.2016;1,1153;EUR/USD
1;11.03.2016;1,0969;EUR/USD
1;10.03.2016;1,0977;EUR/USD
1;05.03.2016;1,0947;EUR/USD
1;04.03.2016;1,0865;EUR/USD
1;03.03.2016;1,0862;EUR/USD
1;02.03.2016;1,0875;EUR/USD
1;01.03.2016;1,0949;EUR/USD
1;27.02.2016;1,1050;EUR/USD
1;26.02.2016;1,1024;EUR/USD
1;25.02.2016;1,1006;EUR/USD
1;21.02.2016;1,1131;EUR/USD
1;20.02.2016;1,1120;EUR/USD
1;19.02.2016;1,1139;EUR/USD
1;18.02.2016;1,1170;EUR/USD
1;17.02.2016;1,1160;EUR/USD
1;16.02.2016;1,1210;EUR/USD
1;13.02.2016;1,1302;EUR/USD
1;12.02.2016;1,1293;EUR/USD
1;11.02.2016;1,1284;EUR/USD
1;10.02.2016;1,1190;EUR/USD
1;09.02.2016;1,1144;EUR/USD
1;06.02.2016;1,1194;EUR/USD
1;05.02.2016;1,1092;EUR/USD
1;04.02.2016;1,0915;EUR/USD
1;03.02.2016;1,0904;EUR/USD
1;02.02.2016;1,0850;EUR/USD
1;30.01.2016;1,0896;EUR/USD
1;29.01.2016;1,0875;EUR/USD
1;28.01.2016;1,0867;EUR/USD
1;27.01.2016;1,0861;EUR/USD
1;26.01.2016;1,0818;EUR/USD
1;23.01.2016;1,0826;EUR/USD
1;22.01.2016;1,0908;EUR/USD
1;21.01.2016;1,0953;EUR/USD
1;20.01.2016;1,0868;EUR/USD
1;19.01.2016;1,0884;EUR/USD
1;16.01.2016;1,0879;EUR/USD
1;15.01.2016;1,0866;EUR/USD
1;14.01.2016;1,0823;EUR/USD
1;13.01.2016;1,0892;EUR/USD
1;12.01.2016;1,0903;EUR/USD
1;01.01.2016;1,0920;EUR/USD
1;31.12.2015;1,0935;EUR/USD
1;30.12.2015;1,0971;EUR/USD
1;29.12.2015;1,0963;EUR/USD
1;26.12.2015;1,0965;EUR/USD
1;25.12.2015;1,0939;EUR/USD
1;24.12.2015;1,0932;EUR/USD
1;23.12.2015;1,0913;EUR/USD
1;22.12.2015;1,0874;EUR/USD
1;19.12.2015;1,0853;EUR/USD
1;18.12.2015;1,0864;EUR/USD
1;17.12.2015;1,0943;EUR/USD
1;16.12.2015;1,1045;EUR/USD
1;15.12.2015;1,0960;EUR/USD
1;12.12.2015;1,0950;EUR/USD
1;11.12.2015;1,0990;EUR/USD
1;10.12.2015;1,0919;EUR/USD
1;09.12.2015;1,0867;EUR/USD
1;08.12.2015;1,0860;EUR/USD
1;05.12.2015;1,0887;EUR/USD
1;04.12.2015;1,0586;EUR/USD
1;03.12.2015;1,0618;EUR/USD
1;02.12.2015;1,0585;EUR/USD
1;01.12.2015;1,0586;EUR/USD
1;28.11.2015;1,0626;EUR/USD
1;27.11.2015;1,0612;EUR/USD
1;26.11.2015;1,0675;EUR/USD
1;25.11.2015;1,0638;EUR/USD
1;24.11.2015;1,0626;EUR/USD
1;21.11.2015;1,0697;EUR/USD
1;20.11.2015;1,0682;EUR/USD
1;19.11.2015;1,0652;EUR/USD
1;18.11.2015;1,0657;EUR/USD
1;17.11.2015;1,0743;EUR/USD
1;14.11.2015;1,0778;EUR/USD
1;13.11.2015;1,0746;EUR/USD
1;12.11.2015;1,0745;EUR/USD
1;11.11.2015;1,0753;EUR/USD
1;10.11.2015;1,0766;EUR/USD
1;07.11.2015;1,0875;EUR/USD
1;06.11.2015;1,0856;EUR/USD
1;04.11.2015;1,1022;EUR/USD
1;03.11.2015;1,1034;EUR/USD
1;31.10.2015;1,0991;EUR/USD
1;30.10.2015;1,0931;EUR/USD
1;29.10.2015;1,1046;EUR/USD
1;28.10.2015;1,1057;EUR/USD
1;27.10.2015;1,1041;EUR/USD
1;24.10.2015;1,1108;EUR/USD
1;23.10.2015;1,1322;EUR/USD
1;22.10.2015;1,1364;EUR/USD
1;21.10.2015;1,1346;EUR/USD
1;20.10.2015;1,1357;EUR/USD
1;17.10.2015;1,1371;EUR/USD
1;16.10.2015;1,1452;EUR/USD
1;15.10.2015;1,1414;EUR/USD
1;14.10.2015;1,1394;EUR/USD
1;13.10.2015;1,1373;EUR/USD
1;10.10.2015;1,1313;EUR/USD
1;09.10.2015;1,1286;EUR/USD
1;08.10.2015;1,1238;EUR/USD
1;07.10.2015;1,1206;EUR/USD
1;06.10.2015;1,1245;EUR/USD
1;03.10.2015;1,1166;EUR/USD
1;02.10.2015;1,1146;EUR/USD
1;01.10.2015;1,1223;EUR/USD
1;30.09.2015;1,1260;EUR/USD
1;29.09.2015;1,1178;EUR/USD
1;26.09.2015;1,1137;EUR/USD
1;25.09.2015;1,1207;EUR/USD
1;24.09.2015;1,1135;EUR/USD
1;23.09.2015;1,1176;EUR/USD
1;22.09.2015;1,1313;EUR/USD
1;19.09.2015;1,1421;EUR/USD
1;18.09.2015;1,1312;EUR/USD
1;17.09.2015;1,1261;EUR/USD
1;16.09.2015;1,1302;EUR/USD
1;15.09.2015;1,1350;EUR/USD
1;12.09.2015;1,1295;EUR/USD
1;11.09.2015;1,1197;EUR/USD
1;10.09.2015;1,1176;EUR/USD
1;09.09.2015;1,1182;EUR/USD
1;08.09.2015;1,1151;EUR/USD
1;05.09.2015;1,1140;EUR/USD
1;04.09.2015;1,1232;EUR/USD
1;03.09.2015;1,1262;EUR/USD
1;02.09.2015;1,1300;EUR/USD
1;01.09.2015;1,1219;EUR/USD
1;29.08.2015;1,1289;EUR/USD
1;28.08.2015;1,1318;EUR/USD
1;27.08.2015;1,1502;EUR/USD
1;26.08.2015;1,1541;EUR/USD
1;25.08.2015;1,1471;EUR/USD
1;22.08.2015;1,1255;EUR/USD
1;21.08.2015;1,1122;EUR/USD
1;20.08.2015;1,1063;EUR/USD
1;19.08.2015;1,1077;EUR/USD
1;18.08.2015;1,1079;EUR/USD
1;15.08.2015;1,1144;EUR/USD
1;14.08.2015;1,1117;EUR/USD
1;13.08.2015;1,1106;EUR/USD
1;12.08.2015;1,1023;EUR/USD
1;11.08.2015;1,0970;EUR/USD
1;08.08.2015;1,0935;EUR/USD
1;07.08.2015;1,0903;EUR/USD
1;06.08.2015;1,0865;EUR/USD
1;05.08.2015;1,0966;EUR/USD
1;04.08.2015;1,0978;EUR/USD
1;01.08.2015;1,0937;EUR/USD
1;31.07.2015;1,0959;EUR/USD
1;30.07.2015;1,1041;EUR/USD
1;29.07.2015;1,1063;EUR/USD
1;28.07.2015;1,1072;EUR/USD
1;25.07.2015;1,0960;EUR/USD
1;24.07.2015;1,0972;EUR/USD
1;23.07.2015;1,0942;EUR/USD
1;22.07.2015;1,0835;EUR/USD
1;21.07.2015;1,0855;EUR/USD
1;18.07.2015;1,0893;EUR/USD
1;17.07.2015;1,0919;EUR/USD
1;16.07.2015;1,1012;EUR/USD
1;15.07.2015;1,0991;EUR/USD
1;14.07.2015;1,1126;EUR/USD
1;11.07.2015;1,1108;EUR/USD
1;10.07.2015;1,1064;EUR/USD
1;09.07.2015;1,1025;EUR/USD
1;08.07.2015;1,1018;EUR/USD
1;07.07.2015;1,1066;EUR/USD
1;04.07.2015;1,1105;EUR/USD
1;03.07.2015;1,1062;EUR/USD
1;02.07.2015;1,1114;EUR/USD
1;01.07.2015;1,1171;EUR/USD
1;30.06.2015;1,1080;EUR/USD
1;27.06.2015;1,1203;EUR/USD
1;26.06.2015;1,1208;EUR/USD
1;25.06.2015;1,1204;EUR/USD
1;24.06.2015;1,1263;EUR/USD
1;23.06.2015;1,1363;EUR/USD
1;20.06.2015;1,1322;EUR/USD
1;19.06.2015;1,1371;EUR/USD
1;18.06.2015;1,1270;EUR/USD
1;17.06.2015;1,1307;EUR/USD
1;16.06.2015;1,1237;EUR/USD
1;12.06.2015;1,1274;EUR/USD
1;11.06.2015;1,1347;EUR/USD
1;10.06.2015;1,1281;EUR/USD
1;09.06.2015;1,1153;EUR/USD
1;06.06.2015;1,1258;EUR/USD
1;05.06.2015;1,1265;EUR/USD
1;04.06.2015;1,1141;EUR/USD
1;03.06.2015;1,0966;EUR/USD
1;02.06.2015;1,0924;EUR/USD
1;30.05.2015;1,0952;EUR/USD
1;29.05.2015;1,0928;EUR/USD
1;28.05.2015;1,0913;EUR/USD
1;27.05.2015;1,0898;EUR/USD
1;26.05.2015;1,0980;EUR/USD
1;23.05.2015;1,1157;EUR/USD
1;22.05.2015;1,1132;EUR/USD
1;21.05.2015;1,1095;EUR/USD
1;20.05.2015;1,1206;EUR/USD
1;19.05.2015;1,1399;EUR/USD
1;16.05.2015;1,1395;EUR/USD
1;15.05.2015;1,1410;EUR/USD
1;14.05.2015;1,1247;EUR/USD
1;13.05.2015;1,1217;EUR/USD
1;09.05.2015;1,1211;EUR/USD
1;08.05.2015;1,1362;EUR/USD
1;07.05.2015;1,1241;EUR/USD
1;06.05.2015;1,1092;EUR/USD
1;01.05.2015;1,1177;EUR/USD
1;30.04.2015;1,0987;EUR/USD
1;29.04.2015;1,0879;EUR/USD
1;28.04.2015;1,0856;EUR/USD
1;25.04.2015;1,0878;EUR/USD
1;24.04.2015;1,0683;EUR/USD
1;23.04.2015;1,0758;EUR/USD
1;22.04.2015;1,0672;EUR/USD
1;21.04.2015;1,0782;EUR/USD
1;18.04.2015;1,0789;EUR/USD
1;17.04.2015;1,0651;EUR/USD
1;16.04.2015;1,0625;EUR/USD
1;15.04.2015;1,0551;EUR/USD
1;14.04.2015;1,0591;EUR/USD
1;11.04.2015;1,0628;EUR/USD
1;10.04.2015;1,0758;EUR/USD
1;09.04.2015;1,0865;EUR/USD
1;08.04.2015;1,0918;EUR/USD
1;07.04.2015;1,0977;EUR/USD
1;04.04.2015;1,0878;EUR/USD
1;03.04.2015;1,0825;EUR/USD
1;02.04.2015;1,0753;EUR/USD
1;01.04.2015;1,0763;EUR/USD
1;31.03.2015;1,0839;EUR/USD
1;28.03.2015;1,0838;EUR/USD
1;27.03.2015;1,1002;EUR/USD
1;26.03.2015;1,0937;EUR/USD
1;25.03.2015;1,0948;EUR/USD
1;24.03.2015;1,0791;EUR/USD
1;21.03.2015;1,0669;EUR/USD
1;20.03.2015;1,0721;EUR/USD
1;19.03.2015;1,0597;EUR/USD
1;18.03.2015;1,0596;EUR/USD
1;17.03.2015;1,0524;EUR/USD
1;14.03.2015;1,0595;EUR/USD
1;13.03.2015;1,0601;EUR/USD
1;12.03.2015;1,0676;EUR/USD
1;11.03.2015;1,0801;EUR/USD
1;07.03.2015;1,1018;EUR/USD
1;06.03.2015;1,1045;EUR/USD
1;05.03.2015;1,1170;EUR/USD
1;04.03.2015;1,1200;EUR/USD
1;03.03.2015;1,1176;EUR/USD
1;28.02.2015;1,1210;EUR/USD
1;27.02.2015;1,1362;EUR/USD
1;26.02.2015;1,1370;EUR/USD
1;25.02.2015;1,1328;EUR/USD
1;21.02.2015;1,1346;EUR/USD
1;20.02.2015;1,1418;EUR/USD
1;19.02.2015;1,1391;EUR/USD
1;18.02.2015;1,1351;EUR/USD
1;17.02.2015;1,1417;EUR/USD
1;14.02.2015;1,1426;EUR/USD
1;13.02.2015;1,1321;EUR/USD
1;12.02.2015;1,1314;EUR/USD
1;11.02.2015;1,1328;EUR/USD
1;10.02.2015;1,1338;EUR/USD
1;07.02.2015;1,1456;EUR/USD
1;06.02.2015;1,1359;EUR/USD
1;05.02.2015;1,1466;EUR/USD
1;04.02.2015;1,1336;EUR/USD
1;03.02.2015;1,1310;EUR/USD
1;31.01.2015;1,1332;EUR/USD
1;30.01.2015;1,1286;EUR/USD
1;29.01.2015;1,1357;EUR/USD
1;28.01.2015;1,1250;EUR/USD
1;27.01.2015;1,1215;EUR/USD
1;24.01.2015;1,1343;EUR/USD
1;23.01.2015;1,1586;EUR/USD
1;22.01.2015;1,1566;EUR/USD
1;21.01.2015;1,1583;EUR/USD
1;20.01.2015;1,1570;EUR/USD
1;17.01.2015;1,1640;EUR/USD
1;16.01.2015;1,1774;EUR/USD
1;15.01.2015;1,1795;EUR/USD
1;14.01.2015;1,1840;EUR/USD
1;13.01.2015;1,1852;EUR/USD
1;01.01.2015;1,2157;EUR/USD
1;31.12.2014;1,2148;EUR/USD
1;30.12.2014;1,2184;EUR/USD
1;27.12.2014;1,2206;EUR/USD
1;26.12.2014;1,2224;EUR/USD
1;25.12.2014;1,2186;EUR/USD
1;24.12.2014;1,2233;EUR/USD
1;23.12.2014;1,2258;EUR/USD
1;20.12.2014;1,2289;EUR/USD
1;19.12.2014;1,2305;EUR/USD
1;18.12.2014;1,2479;EUR/USD
1;17.12.2014;1,2453;EUR/USD
1;16.12.2014;1,2454;EUR/USD
1;13.12.2014;1,2397;EUR/USD
1;12.12.2014;1,2464;EUR/USD
1;11.12.2014;1,2381;EUR/USD
1;10.12.2014;1,2337;EUR/USD
1;09.12.2014;1,2273;EUR/USD
1;06.12.2014;1,2374;EUR/USD
1;05.12.2014;1,2306;EUR/USD
1;04.12.2014;1,2369;EUR/USD
1;03.12.2014;1,2457;EUR/USD
1;02.12.2014;1,2439;EUR/USD
1;29.11.2014;1,2451;EUR/USD
1;28.11.2014;1,2509;EUR/USD
1;27.11.2014;1,2473;EUR/USD
1;26.11.2014;1,2424;EUR/USD
1;25.11.2014;1,2400;EUR/USD
1;22.11.2014;1,2543;EUR/USD
1;21.11.2014;1,2543;EUR/USD
1;20.11.2014;1,2526;EUR/USD
1;19.11.2014;1,2483;EUR/USD
1;18.11.2014;1,2530;EUR/USD
1;15.11.2014;1,2445;EUR/USD
1;14.11.2014;1,2450;EUR/USD
1;13.11.2014;1,2486;EUR/USD
1;12.11.2014;1,2415;EUR/USD
1;11.11.2014;1,2473;EUR/USD
1;08.11.2014;1,2389;EUR/USD
1;07.11.2014;1,2514;EUR/USD
1;06.11.2014;1,2528;EUR/USD
1;01.11.2014;1,2564;EUR/USD
1;31.10.2014;1,2591;EUR/USD
1;30.10.2014;1,2740;EUR/USD
1;29.10.2014;1,2707;EUR/USD
1;28.10.2014;1,2690;EUR/USD
1;25.10.2014;1,2654;EUR/USD
1;24.10.2014;1,2638;EUR/USD
1;23.10.2014;1,2727;EUR/USD
1;22.10.2014;1,2825;EUR/USD
1;21.10.2014;1,2749;EUR/USD
1;18.10.2014;1,2797;EUR/USD
1;17.10.2014;1,2799;EUR/USD
1;16.10.2014;1,2648;EUR/USD
1;15.10.2014;1,2710;EUR/USD
1;14.10.2014;1,2667;EUR/USD
1;11.10.2014;1,2696;EUR/USD
1;10.10.2014;1,2746;EUR/USD
1;09.10.2014;1,2633;EUR/USD
1;08.10.2014;1,2632;EUR/USD
1;07.10.2014;1,2525;EUR/USD
1;04.10.2014;1,2646;EUR/USD
1;03.10.2014;1,2630;EUR/USD
1;02.10.2014;1,2621;EUR/USD
1;01.10.2014;1,2691;EUR/USD
1;30.09.2014;1,2683;EUR/USD
1;27.09.2014;1,2741;EUR/USD
1;26.09.2014;1,2753;EUR/USD
1;25.09.2014;1,2848;EUR/USD
1;24.09.2014;1,2851;EUR/USD
1;23.09.2014;1,2862;EUR/USD
1;20.09.2014;1,2896;EUR/USD
1;19.09.2014;1,2873;EUR/USD
1;18.09.2014;1,2950;EUR/USD
1;17.09.2014;1,2933;EUR/USD
1;16.09.2014;1,2951;EUR/USD
1;13.09.2014;1,2924;EUR/USD
1;12.09.2014;1,2909;EUR/USD
1;11.09.2014;1,2931;EUR/USD
1;10.09.2014;1,2886;EUR/USD
1;09.09.2014;1,2937;EUR/USD
1;06.09.2014;1,2941;EUR/USD
1;05.09.2014;1,3145;EUR/USD
1;04.09.2014;1,3136;EUR/USD
1;03.09.2014;1,3125;EUR/USD
1;02.09.2014;1,3130;EUR/USD
1;30.08.2014;1,3168;EUR/USD
1;29.08.2014;1,3208;EUR/USD
1;28.08.2014;1,3176;EUR/USD
1;27.08.2014;1,3208;EUR/USD
1;26.08.2014;1,3196;EUR/USD
1;23.08.2014;1,3292;EUR/USD
1;22.08.2014;1,3258;EUR/USD
1;21.08.2014;1,3304;EUR/USD
1;20.08.2014;1,3352;EUR/USD
1;19.08.2014;1,3389;EUR/USD
1;16.08.2014;1,3367;EUR/USD
1;15.08.2014;1,3358;EUR/USD
1;14.08.2014;1,3365;EUR/USD
1;13.08.2014;1,3367;EUR/USD
1;12.08.2014;1,3395;EUR/USD
1;09.08.2014;1,3382;EUR/USD
1;08.08.2014;1,3378;EUR/USD
1;07.08.2014;1,3360;EUR/USD
1;06.08.2014;1,3422;EUR/USD
1;05.08.2014;1,3423;EUR/USD
1;02.08.2014;1,3386;EUR/USD
1;01.08.2014;1,3393;EUR/USD
1;31.07.2014;1,3406;EUR/USD
1;30.07.2014;1,3432;EUR/USD
1;29.07.2014;1,3433;EUR/USD
1;26.07.2014;1,3471;EUR/USD
1;25.07.2014;1,3447;EUR/USD
1;24.07.2014;1,3465;EUR/USD
1;23.07.2014;1,3521;EUR/USD
1;22.07.2014;1,3538;EUR/USD
1;19.07.2014;1,3523;EUR/USD
1;18.07.2014;1,3526;EUR/USD
1;17.07.2014;1,3561;EUR/USD
1;16.07.2014;1,3613;EUR/USD
1;15.07.2014;1,3605;EUR/USD
1;12.07.2014;1,3604;EUR/USD
1;11.07.2014;1,3644;EUR/USD
1;10.07.2014;1,3621;EUR/USD
1;09.07.2014;1,3598;EUR/USD
1;08.07.2014;1,3580;EUR/USD
1;05.07.2014;1,3602;EUR/USD
1;04.07.2014;1,3653;EUR/USD
1;03.07.2014;1,3676;EUR/USD
1;02.07.2014;1,3683;EUR/USD
1;01.07.2014;1,3646;EUR/USD
1;28.06.2014;1,3626;EUR/USD
1;27.06.2014;1,3636;EUR/USD
1;26.06.2014;1,3613;EUR/USD
1;25.06.2014;1,3602;EUR/USD
1;24.06.2014;1,3608;EUR/USD
1;21.06.2014;1,3621;EUR/USD
1;20.06.2014;1,3613;EUR/USD
1;19.06.2014;1,3546;EUR/USD
1;18.06.2014;1,3563;EUR/USD
1;17.06.2014;1,3542;EUR/USD
1;12.06.2014;1,3541;EUR/USD
1;11.06.2014;1,3596;EUR/USD
1;10.06.2014;1,3654;EUR/USD
1;07.06.2014;1,3654;EUR/USD
1;06.06.2014;1,3606;EUR/USD
1;05.06.2014;1,3610;EUR/USD
1;04.06.2014;1,3604;EUR/USD
1;03.06.2014;1,3628;EUR/USD
1;31.05.2014;1,3608;EUR/USD
1;30.05.2014;1,3598;EUR/USD
1;29.05.2014;1,3632;EUR/USD
1;28.05.2014;1,3653;EUR/USD
1;27.05.2014;1,3624;EUR/USD
1;24.05.2014;1,3649;EUR/USD
1;23.05.2014;1,3667;EUR/USD
1;22.05.2014;1,3712;EUR/USD
1;21.05.2014;1,3699;EUR/USD
1;20.05.2014;1,3714;EUR/USD
1;17.05.2014;1,3715;EUR/USD
1;16.05.2014;1,3708;EUR/USD
1;15.05.2014;1,3719;EUR/USD
1;14.05.2014;1,3764;EUR/USD
1;13.05.2014;1,3768;EUR/USD
1;09.05.2014;1,3919;EUR/USD
1;08.05.2014;1,3920;EUR/USD
1;07.05.2014;1,3885;EUR/USD
1;06.05.2014;1,3878;EUR/USD
1;01.05.2014;1,3806;EUR/USD
1;30.04.2014;1,3868;EUR/USD
1;29.04.2014;1,3830;EUR/USD
1;26.04.2014;1,3832;EUR/USD
1;25.04.2014;1,3821;EUR/USD
1;24.04.2014;1,3819;EUR/USD
1;23.04.2014;1,3795;EUR/USD
1;22.04.2014;1,3821;EUR/USD
1;19.04.2014;1,3817;EUR/USD
1;18.04.2014;1,3841;EUR/USD
1;17.04.2014;1,3826;EUR/USD
1;16.04.2014;1,3815;EUR/USD
1;15.04.2014;1,3844;EUR/USD
1;12.04.2014;1,3895;EUR/USD
1;11.04.2014;1,3844;EUR/USD
1;10.04.2014;1,3788;EUR/USD
1;09.04.2014;1,3745;EUR/USD
1;08.04.2014;1,3707;EUR/USD
1;05.04.2014;1,3702;EUR/USD
1;04.04.2014;1,3764;EUR/USD
1;03.04.2014;1,3810;EUR/USD
1;02.04.2014;1,3779;EUR/USD
1;01.04.2014;1,3753;EUR/USD
1;29.03.2014;1,3745;EUR/USD
1;28.03.2014;1,3785;EUR/USD
1;27.03.2014;1,3809;EUR/USD
1;26.03.2014;1,3833;EUR/USD
1;25.03.2014;1,3802;EUR/USD
1;22.03.2014;1,3785;EUR/USD
1;21.03.2014;1,3837;EUR/USD
1;20.03.2014;1,3924;EUR/USD
1;19.03.2014;1,3927;EUR/USD
1;18.03.2014;1,3900;EUR/USD
1;15.03.2014;1,3855;EUR/USD
1;14.03.2014;1,3937;EUR/USD
1;13.03.2014;1,3857;EUR/USD
1;12.03.2014;1,3865;EUR/USD
1;08.03.2014;1,3861;EUR/USD
1;07.03.2014;1,3728;EUR/USD
1;06.03.2014;1,3730;EUR/USD
1;05.03.2014;1,3753;EUR/USD
1;04.03.2014;1,3786;EUR/USD
1;01.03.2014;1,3703;EUR/USD
1;28.02.2014;1,3688;EUR/USD
1;27.02.2014;1,3743;EUR/USD
1;26.02.2014;1,3739;EUR/USD
1;25.02.2014;1,3741;EUR/USD
1;22.02.2014;1,3718;EUR/USD
1;21.02.2014;1,3755;EUR/USD
1;20.02.2014;1,3762;EUR/USD
1;19.02.2014;1,3709;EUR/USD
1;18.02.2014;1,3710;EUR/USD
1;15.02.2014;1,3689;EUR/USD
1;14.02.2014;1,3623;EUR/USD
1;13.02.2014;1,3641;EUR/USD
1;12.02.2014;1,3660;EUR/USD
1;11.02.2014;1,3628;EUR/USD
1;08.02.2014;1,3588;EUR/USD
1;07.02.2014;1,3519;EUR/USD
1;06.02.2014;1,3506;EUR/USD
1;05.02.2014;1,3527;EUR/USD
1;04.02.2014;1,3491;EUR/USD
1;01.02.2014;1,3542;EUR/USD
1;31.01.2014;1,3646;EUR/USD
1;30.01.2014;1,3663;EUR/USD
1;29.01.2014;1,3682;EUR/USD
1;28.01.2014;1,3684;EUR/USD
1;25.01.2014;1,3689;EUR/USD
1;24.01.2014;1,3547;EUR/USD
1;23.01.2014;1,3556;EUR/USD
1;22.01.2014;1,3551;EUR/USD
1;21.01.2014;1,3537;EUR/USD
1;18.01.2014;1,3614;EUR/USD
1;17.01.2014;1,3620;EUR/USD
1;16.01.2014;1,3637;EUR/USD
1;15.01.2014;1,3663;EUR/USD
1;14.01.2014;1,3673;EUR/USD
1;11.01.2014;1,3614;EUR/USD
1;10.01.2014;1,3593;EUR/USD
1;01.01.2014;1,3796;EUR/USD
1;31.12.2013;1,3740;EUR/USD
1;28.12.2013;1,3753;EUR/USD
1;27.12.2013;1,3682;EUR/USD
1;26.12.2013;1,3674;EUR/USD
1;25.12.2013;1,3685;EUR/USD
1;24.12.2013;1,3683;EUR/USD
1;21.12.2013;1,3635;EUR/USD
1;20.12.2013;1,3675;EUR/USD
1;19.12.2013;1,3773;EUR/USD
1;18.12.2013;1,3773;EUR/USD
1;17.12.2013;1,3757;EUR/USD
1;14.12.2013;1,3751;EUR/USD
1;13.12.2013;1,3787;EUR/USD
1;12.12.2013;1,3761;EUR/USD
1;11.12.2013;1,3749;EUR/USD
1;10.12.2013;1,3702;EUR/USD
1;07.12.2013;1,3660;EUR/USD
1;06.12.2013;1,3620;EUR/USD
1;05.12.2013;1,3581;EUR/USD
1;04.12.2013;1,3548;EUR/USD
1;03.12.2013;1,3602;EUR/USD
1;30.11.2013;1,3614;EUR/USD
1;29.11.2013;1,3580;EUR/USD
1;28.11.2013;1,3582;EUR/USD
1;27.11.2013;1,3532;EUR/USD
1;26.11.2013;1,3538;EUR/USD
1;23.11.2013;1,3479;EUR/USD
1;22.11.2013;1,3426;EUR/USD
1;21.11.2013;1,3543;EUR/USD
1;20.11.2013;1,3512;EUR/USD
1;19.11.2013;1,3497;EUR/USD
1;16.11.2013;1,3456;EUR/USD
1;15.11.2013;1,3467;EUR/USD
1;14.11.2013;1,3439;EUR/USD
1;13.11.2013;1,3388;EUR/USD
1;12.11.2013;1,3366;EUR/USD
1;09.11.2013;1,3405;EUR/USD
1;08.11.2013;1,3523;EUR/USD
1;07.11.2013;1,3504;EUR/USD
1;06.11.2013;1,3498;EUR/USD
1;02.11.2013;1,3554;EUR/USD
1;01.11.2013;1,3699;EUR/USD
1;31.10.2013;1,3742;EUR/USD
1;30.10.2013;1,3784;EUR/USD
1;29.10.2013;1,3801;EUR/USD
1;26.10.2013;1,3815;EUR/USD
1;25.10.2013;1,3810;EUR/USD
1;24.10.2013;1,3770;EUR/USD
1;23.10.2013;1,3672;EUR/USD
1;22.10.2013;1,3679;EUR/USD
1;19.10.2013;1,3678;EUR/USD
1;18.10.2013;1,3563;EUR/USD
1;17.10.2013;1,3520;EUR/USD
1;16.10.2013;1,3563;EUR/USD
1;15.10.2013;1,3564;EUR/USD
1;12.10.2013;1,3536;EUR/USD
1;11.10.2013;1,3501;EUR/USD
1;10.10.2013;1,3549;EUR/USD
1;09.10.2013;1,3568;EUR/USD
1;08.10.2013;1,3573;EUR/USD
1;05.10.2013;1,3624;EUR/USD
1;04.10.2013;1,3601;EUR/USD
1;03.10.2013;1,3518;EUR/USD
1;02.10.2013;1,3562;EUR/USD
1;01.10.2013;1,3488;EUR/USD
1;28.09.2013;1,3495;EUR/USD
1;27.09.2013;1,3520;EUR/USD
1;26.09.2013;1,3473;EUR/USD
1;25.09.2013;1,3504;EUR/USD
1;24.09.2013;1,3539;EUR/USD
1;21.09.2013;1,3535;EUR/USD
1;20.09.2013;1,3532;EUR/USD
1;19.09.2013;1,3359;EUR/USD
1;18.09.2013;1,3348;EUR/USD
1;17.09.2013;1,3366;EUR/USD
1;14.09.2013;1,3276;EUR/USD
1;13.09.2013;1,3306;EUR/USD
1;12.09.2013;1,3252;EUR/USD
1;11.09.2013;1,3267;EUR/USD
1;10.09.2013;1,3174;EUR/USD
1;07.09.2013;1,3128;EUR/USD
1;06.09.2013;1,3172;EUR/USD
1;05.09.2013;1,3170;EUR/USD
1;04.09.2013;1,3172;EUR/USD
1;03.09.2013;1,3219;EUR/USD
1;31.08.2013;1,3238;EUR/USD
1;30.08.2013;1,3287;EUR/USD
1;29.08.2013;1,3378;EUR/USD
1;28.08.2013;1,3366;EUR/USD
1;27.08.2013;1,3378;EUR/USD
1;24.08.2013;1,3342;EUR/USD
1;23.08.2013;1,3340;EUR/USD
1;22.08.2013;1,3409;EUR/USD
1;21.08.2013;1,3342;EUR/USD
1;20.08.2013;1,3323;EUR/USD
1;17.08.2013;1,3338;EUR/USD
1;16.08.2013;1,3288;EUR/USD
1;15.08.2013;1,3265;EUR/USD
1;14.08.2013;1,3306;EUR/USD
1;13.08.2013;1,3326;EUR/USD
1;10.08.2013;1,3384;EUR/USD
1;09.08.2013;1,3349;EUR/USD
1;08.08.2013;1,3302;EUR/USD
1;07.08.2013;1,3254;EUR/USD
1;06.08.2013;1,3279;EUR/USD
1;03.08.2013;1,3215;EUR/USD
1;02.08.2013;1,3261;EUR/USD
1;01.08.2013;1,3253;EUR/USD
1;31.07.2013;1,3259;EUR/USD
1;30.07.2013;1,3272;EUR/USD
1;27.07.2013;1,3280;EUR/USD
1;26.07.2013;1,3213;EUR/USD
1;25.07.2013;1,3208;EUR/USD
1;24.07.2013;1,3191;EUR/USD
1;23.07.2013;1,3151;EUR/USD
1;20.07.2013;1,3134;EUR/USD
1;19.07.2013;1,3100;EUR/USD
1;18.07.2013;1,3134;EUR/USD
1;17.07.2013;1,3088;EUR/USD
1;16.07.2013;1,3061;EUR/USD
1;13.07.2013;1,3070;EUR/USD
1;12.07.2013;1,3080;EUR/USD
1;11.07.2013;1,2793;EUR/USD
1;10.07.2013;1,2888;EUR/USD
1;09.07.2013;1,2825;EUR/USD
1;06.07.2013;1,2894;EUR/USD
1;05.07.2013;1,2996;EUR/USD
1;04.07.2013;1,2966;EUR/USD
1;03.07.2013;1,3067;EUR/USD
1;02.07.2013;1,3029;EUR/USD
1;29.06.2013;1,3060;EUR/USD
1;28.06.2013;1,3029;EUR/USD
1;27.06.2013;1,3070;EUR/USD
1;26.06.2013;1,3135;EUR/USD
1;25.06.2013;1,3097;EUR/USD
1;22.06.2013;1,3239;EUR/USD
1;21.06.2013;1,3256;EUR/USD
1;20.06.2013;1,3400;EUR/USD
1;19.06.2013;1,3337;EUR/USD
1;18.06.2013;1,3329;EUR/USD
1;15.06.2013;1,3346;EUR/USD
1;14.06.2013;1,3369;EUR/USD
1;12.06.2013;1,3266;EUR/USD
1;11.06.2013;1,3192;EUR/USD
1;08.06.2013;1,3250;EUR/USD
1;07.06.2013;1,3114;EUR/USD
1;06.06.2013;1,3084;EUR/USD
1;05.06.2013;1,3070;EUR/USD
1;04.06.2013;1,3020;EUR/USD
1;01.06.2013;1,3035;EUR/USD
1;31.05.2013;1,2968;EUR/USD
1;30.05.2013;1,2870;EUR/USD
1;29.05.2013;1,2913;EUR/USD
1;28.05.2013;1,2934;EUR/USD
1;25.05.2013;1,2937;EUR/USD
1;24.05.2013;1,2838;EUR/USD
1;23.05.2013;1,2917;EUR/USD
1;22.05.2013;1,2891;EUR/USD
1;21.05.2013;1,2847;EUR/USD
1;18.05.2013;1,2861;EUR/USD
1;17.05.2013;1,2865;EUR/USD
1;16.05.2013;1,2903;EUR/USD
1;15.05.2013;1,3005;EUR/USD
1;14.05.2013;1,2982;EUR/USD
1;09.05.2013;1,3107;EUR/USD
1;08.05.2013;1,3078;EUR/USD
1;07.05.2013;1,3106;EUR/USD
1;01.05.2013;1,3087;EUR/USD
1;30.04.2013;1,3065;EUR/USD
1;27.04.2013;1,3025;EUR/USD
1;26.04.2013;1,3044;EUR/USD
1;25.04.2013;1,2998;EUR/USD
1;24.04.2013;1,3057;EUR/USD
1;23.04.2013;1,3063;EUR/USD
1;20.04.2013;1,3069;EUR/USD
1;19.04.2013;1,3047;EUR/USD
1;18.04.2013;1,3177;EUR/USD
1;17.04.2013;1,3074;EUR/USD
1;16.04.2013;1,3074;EUR/USD
1;13.04.2013;1,3098;EUR/USD
1;12.04.2013;1,3071;EUR/USD
1;11.04.2013;1,3093;EUR/USD
1;10.04.2013;1,3026;EUR/USD
1;09.04.2013;1,2984;EUR/USD
1;06.04.2013;1,2916;EUR/USD
1;05.04.2013;1,2832;EUR/USD
1;04.04.2013;1,2798;EUR/USD
1;03.04.2013;1,2858;EUR/USD
1;02.04.2013;1,2799;EUR/USD
1;30.03.2013;1,2805;EUR/USD
1;29.03.2013;1,2796;EUR/USD
1;28.03.2013;1,2849;EUR/USD
1;27.03.2013;1,2876;EUR/USD
1;26.03.2013;1,3032;EUR/USD
1;23.03.2013;1,2901;EUR/USD
1;22.03.2013;1,2940;EUR/USD
1;21.03.2013;1,2886;EUR/USD
1;20.03.2013;1,2945;EUR/USD
1;19.03.2013;1,2900;EUR/USD
1;16.03.2013;1,3025;EUR/USD
1;15.03.2013;1,2955;EUR/USD
1;14.03.2013;1,3041;EUR/USD
1;13.03.2013;1,3020;EUR/USD
1;12.03.2013;1,3011;EUR/USD
1;08.03.2013;1,2994;EUR/USD
1;07.03.2013;1,3063;EUR/USD
1;06.03.2013;1,3035;EUR/USD
1;05.03.2013;1,3002;EUR/USD
1;02.03.2013;1,3074;EUR/USD
1;01.03.2013;1,3143;EUR/USD
1;28.02.2013;1,3077;EUR/USD
1;27.02.2013;1,3051;EUR/USD
1;26.02.2013;1,3212;EUR/USD
1;23.02.2013;1,3212;EUR/USD
1;22.02.2013;1,3255;EUR/USD
1;21.02.2013;1,3424;EUR/USD
1;20.02.2013;1,3352;EUR/USD
1;19.02.2013;1,3343;EUR/USD
1;16.02.2013;1,3373;EUR/USD
1;15.02.2013;1,3422;EUR/USD
1;14.02.2013;1,3445;EUR/USD
1;13.02.2013;1,3386;EUR/USD
1;12.02.2013;1,3383;EUR/USD
1;09.02.2013;1,3402;EUR/USD
1;08.02.2013;1,3534;EUR/USD
1;07.02.2013;1,3566;EUR/USD
1;06.02.2013;1,3479;EUR/USD
1;05.02.2013;1,3627;EUR/USD
1;02.02.2013;1,3624;EUR/USD
1;01.02.2013;1,3564;EUR/USD
1;31.01.2013;1,3492;EUR/USD
1;30.01.2013;1,3446;EUR/USD
1;29.01.2013;1,3450;EUR/USD
1;26.01.2013;1,3392;EUR/USD
1;25.01.2013;1,3328;EUR/USD
1;24.01.2013;1,3305;EUR/USD
1;23.01.2013;1,3353;EUR/USD
1;22.01.2013;1,3322;EUR/USD
1;19.01.2013;1,3385;EUR/USD
1;18.01.2013;1,3297;EUR/USD
1;17.01.2013;1,3286;EUR/USD
1;16.01.2013;1,3353;EUR/USD
1;15.01.2013;1,3384;EUR/USD
1;12.01.2013;1,3258;EUR/USD
1;11.01.2013;1,3054;EUR/USD
1;10.01.2013;1,3086;EUR/USD
1;30.12.2012;1,3245;EUR/USD
1;29.12.2012;1,3245;EUR/USD
1;28.12.2012;1,3238;EUR/USD
1;27.12.2012;1,3185;EUR/USD
1;26.12.2012;1,3184;EUR/USD
1;25.12.2012;1,3188;EUR/USD
1;22.12.2012;1,3204;EUR/USD
1;21.12.2012;1,3217;EUR/USD
1;20.12.2012;1,3244;EUR/USD
1;19.12.2012;1,3170;EUR/USD
1;18.12.2012;1,3153;EUR/USD
1;15.12.2012;1,3105;EUR/USD
1;14.12.2012;1,3090;EUR/USD
1;13.12.2012;1,3002;EUR/USD
1;12.12.2012;1,2953;EUR/USD
1;11.12.2012;1,2905;EUR/USD
1;08.12.2012;1,2958;EUR/USD
1;07.12.2012;1,3056;EUR/USD
1;06.12.2012;1,3111;EUR/USD
1;05.12.2012;1,3058;EUR/USD
1;04.12.2012;1,3029;EUR/USD
1;01.12.2012;1,3007;EUR/USD
1;30.11.2012;1,2946;EUR/USD
1;29.11.2012;1,2920;EUR/USD
1;28.11.2012;1,2989;EUR/USD
1;27.11.2012;1,2959;EUR/USD
1;24.11.2012;1,2892;EUR/USD
1;23.11.2012;1,2849;EUR/USD
1;22.11.2012;1,2755;EUR/USD
1;21.11.2012;1,2793;EUR/USD
1;20.11.2012;1,2764;EUR/USD
1;17.11.2012;1,2761;EUR/USD
1;16.11.2012;1,2742;EUR/USD
1;15.11.2012;1,2718;EUR/USD
1;14.11.2012;1,2685;EUR/USD
1;13.11.2012;1,2724;EUR/USD
1;10.11.2012;1,2771;EUR/USD
1;09.11.2012;1,2762;EUR/USD
1;08.11.2012;1,2866;EUR/USD
1;07.11.2012;1,2790;EUR/USD
1;03.11.2012;1,2903;EUR/USD
1;02.11.2012;1,2954;EUR/USD
1;01.11.2012;1,2958;EUR/USD
1;31.10.2012;1,2915;EUR/USD
1;30.10.2012;1,2922;EUR/USD
1;27.10.2012;1,2928;EUR/USD
1;26.10.2012;1,3002;EUR/USD
1;25.10.2012;1,2987;EUR/USD
1;24.10.2012;1,3041;EUR/USD
1;23.10.2012;1,3052;EUR/USD
1;20.10.2012;1,3064;EUR/USD
1;19.10.2012;1,3107;EUR/USD
1;18.10.2012;1,3103;EUR/USD
1;17.10.2012;1,2988;EUR/USD
1;16.10.2012;1,2914;EUR/USD
1;13.10.2012;1,2941;EUR/USD
1;12.10.2012;1,2856;EUR/USD
1;11.10.2012;1,2863;EUR/USD
1;10.10.2012;1,2977;EUR/USD
1;09.10.2012;1,2980;EUR/USD
1;06.10.2012;1,3005;EUR/USD
1;05.10.2012;1,2936;EUR/USD
1;04.10.2012;1,2890;EUR/USD
1;03.10.2012;1,2901;EUR/USD
1;02.10.2012;1,2845;EUR/USD
1;29.09.2012;1,2931;EUR/USD
1;28.09.2012;1,2889;EUR/USD
1;27.09.2012;1,2867;EUR/USD
1;26.09.2012;1,2904;EUR/USD
1;25.09.2012;1,2945;EUR/USD
1;22.09.2012;1,2992;EUR/USD
1;21.09.2012;1,2971;EUR/USD
1;20.09.2012;1,3071;EUR/USD
1;19.09.2012;1,3095;EUR/USD
1;18.09.2012;1,3126;EUR/USD
1;15.09.2012;1,3040;EUR/USD
1;14.09.2012;1,2920;EUR/USD
1;13.09.2012;1,2869;EUR/USD
1;12.09.2012;1,2783;EUR/USD
1;11.09.2012;1,2789;EUR/USD
1;08.09.2012;1,2645;EUR/USD
1;07.09.2012;1,2618;EUR/USD
1;06.09.2012;1,2528;EUR/USD
1;05.09.2012;1,2615;EUR/USD
1;04.09.2012;1,2573;EUR/USD
1;01.09.2012;1,2505;EUR/USD
1;31.08.2012;1,2549;EUR/USD
1;30.08.2012;1,2552;EUR/USD
1;29.08.2012;1,2485;EUR/USD
1;28.08.2012;1,2500;EUR/USD
1;25.08.2012;1,2546;EUR/USD
1;24.08.2012;1,2547;EUR/USD
1;23.08.2012;1,2457;EUR/USD
1;22.08.2012;1,2373;EUR/USD
1;21.08.2012;1,2352;EUR/USD
1;18.08.2012;1,2361;EUR/USD
1;17.08.2012;1,2269;EUR/USD
1;16.08.2012;1,2333;EUR/USD
1;15.08.2012;1,2366;EUR/USD
1;14.08.2012;1,2283;EUR/USD
1;11.08.2012;1,2287;EUR/USD
1;10.08.2012;1,2373;EUR/USD
1;09.08.2012;1,2379;EUR/USD
1;08.08.2012;1,2390;EUR/USD
1;07.08.2012;1,2376;EUR/USD
1;04.08.2012;1,2194;EUR/USD
1;03.08.2012;1,2248;EUR/USD
1;02.08.2012;1,2317;EUR/USD
1;01.08.2012;1,2268;EUR/USD
1;31.07.2012;1,2288;EUR/USD
1;28.07.2012;1,2294;EUR/USD
1;27.07.2012;1,2150;EUR/USD
1;26.07.2012;1,2085;EUR/USD
1;25.07.2012;1,2116;EUR/USD
1;24.07.2012;1,2096;EUR/USD
1;21.07.2012;1,2259;EUR/USD
1;20.07.2012;1,2290;EUR/USD
1;19.07.2012;1,2283;EUR/USD
1;18.07.2012;1,2286;EUR/USD
1;17.07.2012;1,2231;EUR/USD
1;14.07.2012;1,2195;EUR/USD
1;13.07.2012;1,2228;EUR/USD
1;12.07.2012;1,2265;EUR/USD
1;11.07.2012;1,2293;EUR/USD
1;10.07.2012;1,2292;EUR/USD
1;07.07.2012;1,2380;EUR/USD
1;06.07.2012;1,2529;EUR/USD
1;05.07.2012;1,2591;EUR/USD
1;04.07.2012;1,2603;EUR/USD
1;03.07.2012;1,2624;EUR/USD
1;30.06.2012;1,2592;EUR/USD
1;29.06.2012;1,2506;EUR/USD
1;28.06.2012;1,2492;EUR/USD
1;27.06.2012;1,2509;EUR/USD
1;26.06.2012;1,2511;EUR/USD
1;23.06.2012;1,2544;EUR/USD
1;22.06.2012;1,2679;EUR/USD
1;21.06.2012;1,2684;EUR/USD
1;20.06.2012;1,2605;EUR/USD
1;19.06.2012;1,2705;EUR/USD
1;16.06.2012;1,2628;EUR/USD
1;15.06.2012;1,2567;EUR/USD
1;14.06.2012;1,2508;EUR/USD
1;10.06.2012;1,2518;EUR/USD
1;09.06.2012;1,2496;EUR/USD
1;08.06.2012;1,2556;EUR/USD
1;07.06.2012;1,2489;EUR/USD
1;06.06.2012;1,2502;EUR/USD
1;05.06.2012;1,2411;EUR/USD
1;02.06.2012;1,2354;EUR/USD
1;01.06.2012;1,2397;EUR/USD
1;31.05.2012;1,2468;EUR/USD
1;30.05.2012;1,2542;EUR/USD
1;29.05.2012;1,2605;EUR/USD
1;26.05.2012;1,2546;EUR/USD
1;25.05.2012;1,2575;EUR/USD
1;24.05.2012;1,2672;EUR/USD
1;23.05.2012;1,2792;EUR/USD
1;22.05.2012;1,2776;EUR/USD
1;19.05.2012;1,2663;EUR/USD
1;18.05.2012;1,2731;EUR/USD
1;17.05.2012;1,2697;EUR/USD
1;16.05.2012;1,2853;EUR/USD
1;15.05.2012;1,2889;EUR/USD
1;13.05.2012;1,2917;EUR/USD
1;12.05.2012;1,2916;EUR/USD
1;11.05.2012;1,2957;EUR/USD
1;06.05.2012;1,3084;EUR/USD
1;05.05.2012;1,3150;EUR/USD
1;04.05.2012;1,3147;EUR/USD
1;03.05.2012;1,3218;EUR/USD
1;29.04.2012;1,3255;EUR/USD
1;28.04.2012;1,3169;EUR/USD
1;27.04.2012;1,3232;EUR/USD
1;26.04.2012;1,3196;EUR/USD
1;25.04.2012;1,3171;EUR/USD
1;24.04.2012;1,3171;EUR/USD
1;21.04.2012;1,3147;EUR/USD
1;20.04.2012;1,3121;EUR/USD
1;19.04.2012;1,3110;EUR/USD
1;18.04.2012;1,3109;EUR/USD
1;17.04.2012;1,3016;EUR/USD
1;14.04.2012;1,3170;EUR/USD
1;13.04.2012;1,3139;EUR/USD
1;12.04.2012;1,3112;EUR/USD
1;11.04.2012;1,3104;EUR/USD
1;10.04.2012;1,3065;EUR/USD
1;07.04.2012;1,3073;EUR/USD
1;06.04.2012;1,3153;EUR/USD
1;05.04.2012;1,3197;EUR/USD
1;04.04.2012;1,3342;EUR/USD
1;03.04.2012;1,3346;EUR/USD
1;31.03.2012;1,3356;EUR/USD
1;30.03.2012;1,3331;EUR/USD
1;29.03.2012;1,3330;EUR/USD
1;28.03.2012;1,3344;EUR/USD
1;27.03.2012;1,3254;EUR/USD
1;24.03.2012;1,3202;EUR/USD
1;23.03.2012;1,3242;EUR/USD
1;22.03.2012;1,3270;EUR/USD
1;21.03.2012;1,3235;EUR/USD
1;20.03.2012;1,3168;EUR/USD
1;17.03.2012;1,3084;EUR/USD
1;16.03.2012;1,3041;EUR/USD
1;15.03.2012;1,3040;EUR/USD
1;14.03.2012;1,3166;EUR/USD
1;13.03.2012;1,3097;EUR/USD
1;12.03.2012;1,3124;EUR/USD
1;08.03.2012;1,3146;EUR/USD
1;07.03.2012;1,3199;EUR/USD
1;06.03.2012;1,3197;EUR/USD
1;03.03.2012;1,3295;EUR/USD
1;02.03.2012;1,3340;EUR/USD
1;01.03.2012;1,3472;EUR/USD
1;29.02.2012;1,3441;EUR/USD
1;28.02.2012;1,3442;EUR/USD
1;25.02.2012;1,3367;EUR/USD
1;23.02.2012;1,3239;EUR/USD
1;22.02.2012;1,3272;EUR/USD
1;21.02.2012;1,3207;EUR/USD
1;18.02.2012;1,3129;EUR/USD
1;17.02.2012;1,3015;EUR/USD
1;16.02.2012;1,3177;EUR/USD
1;15.02.2012;1,3143;EUR/USD
1;14.02.2012;1,3251;EUR/USD
1;11.02.2012;1,3257;EUR/USD
1;10.02.2012;1,3301;EUR/USD
1;09.02.2012;1,3273;EUR/USD
1;08.02.2012;1,3115;EUR/USD
1;07.02.2012;1,3070;EUR/USD
1;04.02.2012;1,3143;EUR/USD
1;03.02.2012;1,3174;EUR/USD
1;02.02.2012;1,3049;EUR/USD
1;01.02.2012;1,3185;EUR/USD
1;31.01.2012;1,3163;EUR/USD
1;28.01.2012;1,3103;EUR/USD
1;27.01.2012;1,3122;EUR/USD
1;26.01.2012;1,3027;EUR/USD
1;25.01.2012;1,3016;EUR/USD
1;24.01.2012;1,2896;EUR/USD
1;21.01.2012;1,2972;EUR/USD
1;20.01.2012;1,2859;EUR/USD
1;19.01.2012;1,2764;EUR/USD
1;18.01.2012;1,2734;EUR/USD
1;17.01.2012;1,2646;EUR/USD
1;14.01.2012;1,2861;EUR/USD
1;13.01.2012;1,2716;EUR/USD
1;12.01.2012;1,2751;EUR/USD
1;11.01.2012;1,2788;EUR/USD
1;31.12.2011;1,2943;EUR/USD
1;30.12.2011;1,2932;EUR/USD
1;29.12.2011;1,3062;EUR/USD
1;28.12.2011;1,3072;EUR/USD
1;27.12.2011;1,3054;EUR/USD
1;24.12.2011;1,3080;EUR/USD
1;23.12.2011;1,3061;EUR/USD
1;22.12.2011;1,3119;EUR/USD
1;21.12.2011;1,3012;EUR/USD
1;20.12.2011;1,3014;EUR/USD
1;17.12.2011;1,3029;EUR/USD
1;16.12.2011;1,2992;EUR/USD
1;15.12.2011;1,3037;EUR/USD
1;14.12.2011;1,3195;EUR/USD
1;13.12.2011;1,3339;EUR/USD
1;10.12.2011;1,3309;EUR/USD
1;09.12.2011;1,3407;EUR/USD
1;08.12.2011;1,3439;EUR/USD
1;07.12.2011;1,3370;EUR/USD
1;06.12.2011;1,3418;EUR/USD
1;03.12.2011;1,3464;EUR/USD
1;02.12.2011;1,3455;EUR/USD
1;01.12.2011;1,3298;EUR/USD
1;30.11.2011;1,3360;EUR/USD
1;29.11.2011;1,3299;EUR/USD
1;26.11.2011;1,3308;EUR/USD
1;25.11.2011;1,3371;EUR/USD
1;24.11.2011;1,3464;EUR/USD
1;23.11.2011;1,3493;EUR/USD
1;22.11.2011;1,3517;EUR/USD
1;19.11.2011;1,3488;EUR/USD
1;18.11.2011;1,3503;EUR/USD
1;17.11.2011;1,3443;EUR/USD
1;16.11.2011;1,3597;EUR/USD
1;15.11.2011;1,3754;EUR/USD
1;12.11.2011;1,3623;EUR/USD
1;11.11.2011;1,3517;EUR/USD
1;10.11.2011;1,3819;EUR/USD
1;09.11.2011;1,3750;EUR/USD
1;08.11.2011;1,3763;EUR/USD
1;04.11.2011;1,3686;EUR/USD
1;03.11.2011;1,3735;EUR/USD
1;02.11.2011;1,3786;EUR/USD
1;01.11.2011;1,4003;EUR/USD
1;29.10.2011;1,4176;EUR/USD
1;28.10.2011;1,4006;EUR/USD
1;27.10.2011;1,3916;EUR/USD
1;26.10.2011;1,3903;EUR/USD
1;25.10.2011;1,3922;EUR/USD
1;22.10.2011;1,3766;EUR/USD
1;21.10.2011;1,3699;EUR/USD
1;20.10.2011;1,3810;EUR/USD
1;19.10.2011;1,3741;EUR/USD
1;18.10.2011;1,3865;EUR/USD
1;15.10.2011;1,3789;EUR/USD
1;14.10.2011;1,3789;EUR/USD
1;13.10.2011;1,3649;EUR/USD
1;12.10.2011;1,3638;EUR/USD
1;11.10.2011;1,3478;EUR/USD
1;08.10.2011;1,3435;EUR/USD
1;07.10.2011;1,3342;EUR/USD
1;06.10.2011;1,3317;EUR/USD
1;05.10.2011;1,3206;EUR/USD
1;04.10.2011;1,3330;EUR/USD
1;01.10.2011;1,3522;EUR/USD
1;30.09.2011;1,3615;EUR/USD
1;29.09.2011;1,3584;EUR/USD
1;28.09.2011;1,3543;EUR/USD
1;27.09.2011;1,3386;EUR/USD
1;24.09.2011;1,3506;EUR/USD
1;23.09.2011;1,3551;EUR/USD
1;22.09.2011;1,3693;EUR/USD
1;21.09.2011;1,3626;EUR/USD
1;20.09.2011;1,3673;EUR/USD
1;17.09.2011;1,3837;EUR/USD
1;16.09.2011;1,3729;EUR/USD
1;15.09.2011;1,3619;EUR/USD
1;14.09.2011;1,3657;EUR/USD
1;13.09.2011;1,3560;EUR/USD
1;10.09.2011;1,3903;EUR/USD
1;09.09.2011;1,4073;EUR/USD
1;08.09.2011;1,4069;EUR/USD
1;07.09.2011;1,4075;EUR/USD
1;06.09.2011;1,4137;EUR/USD
1;03.09.2011;1,4238;EUR/USD
1;02.09.2011;1,4355;EUR/USD
1;01.09.2011;1,4437;EUR/USD
1;31.08.2011;1,4499;EUR/USD
1;30.08.2011;1,4540;EUR/USD
1;27.08.2011;1,4433;EUR/USD
1;26.08.2011;1,4429;EUR/USD
1;25.08.2011;1,4414;EUR/USD
1;24.08.2011;1,4388;EUR/USD
1;23.08.2011;1,4364;EUR/USD
1;20.08.2011;1,4306;EUR/USD
1;19.08.2011;1,4401;EUR/USD
1;18.08.2011;1,4382;EUR/USD
1;17.08.2011;1,4386;EUR/USD
1;16.08.2011;1,4308;EUR/USD
1;13.08.2011;1,4188;EUR/USD
1;12.08.2011;1,4246;EUR/USD
1;11.08.2011;1,4341;EUR/USD
1;10.08.2011;1,4245;EUR/USD
1;09.08.2011;1,4361;EUR/USD
1;06.08.2011;1,4102;EUR/USD
1;05.08.2011;1,4300;EUR/USD
1;04.08.2011;1,4191;EUR/USD
1;03.08.2011;1,4207;EUR/USD
1;02.08.2011;1,4405;EUR/USD
1;30.07.2011;1,4277;EUR/USD
1;29.07.2011;1,4352;EUR/USD
1;28.07.2011;1,4500;EUR/USD
1;27.07.2011;1,4499;EUR/USD
1;26.07.2011;1,4360;EUR/USD
1;23.07.2011;1,4413;EUR/USD
1;22.07.2011;1,4276;EUR/USD
1;21.07.2011;1,4165;EUR/USD
1;20.07.2011;1,4114;EUR/USD
1;19.07.2011;1,4050;EUR/USD
1;16.07.2011;1,4128;EUR/USD
1;15.07.2011;1,4191;EUR/USD
1;14.07.2011;1,4012;EUR/USD
1;13.07.2011;1,3918;EUR/USD
1;12.07.2011;1,4173;EUR/USD
1;09.07.2011;1,4350;EUR/USD
1;08.07.2011;1,4326;EUR/USD
1;07.07.2011;1,4429;EUR/USD
1;06.07.2011;1,4468;EUR/USD
1;05.07.2011;1,4536;EUR/USD
1;02.07.2011;1,4534;EUR/USD
1;01.07.2011;1,4500;EUR/USD
1;30.06.2011;1,4385;EUR/USD
1;29.06.2011;1,4274;EUR/USD
1;28.06.2011;1,4143;EUR/USD
1;25.06.2011;1,4244;EUR/USD
1;24.06.2011;1,4285;EUR/USD
1;23.06.2011;1,4404;EUR/USD
1;22.06.2011;1,4361;EUR/USD
1;21.06.2011;1,4212;EUR/USD
1;18.06.2011;1,4157;EUR/USD
1;17.06.2011;1,4125;EUR/USD
1;16.06.2011;1,4385;EUR/USD
1;15.06.2011;1,4439;EUR/USD
1;11.06.2011;1,4476;EUR/USD
1;10.06.2011;1,4628;EUR/USD
1;09.06.2011;1,4675;EUR/USD
1;08.06.2011;1,4635;EUR/USD
1;07.06.2011;1,4649;EUR/USD
1;04.06.2011;1,4473;EUR/USD
1;03.06.2011;1,4374;EUR/USD
1;02.06.2011;1,4427;EUR/USD
1;01.06.2011;1,4383;EUR/USD
1;31.05.2011;1,4272;EUR/USD
1;28.05.2011;1,4255;EUR/USD
1;27.05.2011;1,4178;EUR/USD
1;26.05.2011;1,4030;EUR/USD
1;25.05.2011;1,4064;EUR/USD
1;24.05.2011;1,4047;EUR/USD
1;21.05.2011;1,4317;EUR/USD
1;20.05.2011;1,4266;EUR/USD
1;19.05.2011;1,4266;EUR/USD
1;18.05.2011;1,4173;EUR/USD
1;17.05.2011;1,4111;EUR/USD
1;14.05.2011;1,4260;EUR/USD
1;13.05.2011;1,4203;EUR/USD
1;12.05.2011;1,4399;EUR/USD
1;11.05.2011;1,4307;EUR/USD
1;07.05.2011;1,4567;EUR/USD
1;06.05.2011;1,4871;EUR/USD
1;05.05.2011;1,4826;EUR/USD
1;04.05.2011;1,4824;EUR/USD
1;30.04.2011;1,4838;EUR/USD
1;29.04.2011;1,4842;EUR/USD
1;28.04.2011;1,4674;EUR/USD
1;27.04.2011;1,4548;EUR/USD
1;26.04.2011;1,4573;EUR/USD
1;23.04.2011;1,4583;EUR/USD
1;22.04.2011;1,4607;EUR/USD
1;21.04.2011;1,4408;EUR/USD
1;20.04.2011;1,4229;EUR/USD
1;19.04.2011;1,4371;EUR/USD
1;16.04.2011;1,4468;EUR/USD
1;15.04.2011;1,4502;EUR/USD
1;14.04.2011;1,4498;EUR/USD
1;13.04.2011;1,4399;EUR/USD
1;12.04.2011;1,4455;EUR/USD
1;09.04.2011;1,4397;EUR/USD
1;08.04.2011;1,4295;EUR/USD
1;07.04.2011;1,4275;EUR/USD
1;06.04.2011;1,4187;EUR/USD
1;05.04.2011;1,4228;EUR/USD
1;02.04.2011;1,4170;EUR/USD
1;01.04.2011;1,4163;EUR/USD
1;31.03.2011;1,4078;EUR/USD
1;30.03.2011;1,4124;EUR/USD
1;29.03.2011;1,4054;EUR/USD
1;26.03.2011;1,4178;EUR/USD
1;25.03.2011;1,4066;EUR/USD
1;24.03.2011;1,4172;EUR/USD
1;23.03.2011;1,4237;EUR/USD
1;22.03.2011;1,4171;EUR/USD
1;19.03.2011;1,4069;EUR/USD
1;18.03.2011;1,3955;EUR/USD
1;17.03.2011;1,3983;EUR/USD
1;16.03.2011;1,3918;EUR/USD
1;15.03.2011;1,3932;EUR/USD
1;12.03.2011;1,3809;EUR/USD
1;11.03.2011;1,3826;EUR/USD
1;10.03.2011;1,3891;EUR/USD
1;06.03.2011;1,3987;EUR/USD
1;05.03.2011;1,3959;EUR/USD
1;04.03.2011;1,3867;EUR/USD
1;03.03.2011;1,3762;EUR/USD
1;02.03.2011;1,3813;EUR/USD
1;01.03.2011;1,3775;EUR/USD
1;26.02.2011;1,3824;EUR/USD
1;25.02.2011;1,3727;EUR/USD
1;23.02.2011;1,3549;EUR/USD
1;22.02.2011;1,3681;EUR/USD
1;19.02.2011;1,3592;EUR/USD
1;18.02.2011;1,3569;EUR/USD
1;17.02.2011;1,3555;EUR/USD
1;16.02.2011;1,3478;EUR/USD
1;15.02.2011;1,3536;EUR/USD
1;12.02.2011;1,3563;EUR/USD
1;11.02.2011;1,3673;EUR/USD
1;10.02.2011;1,3647;EUR/USD
1;09.02.2011;1,3635;EUR/USD
1;08.02.2011;1,3606;EUR/USD
1;05.02.2011;1,3627;EUR/USD
1;04.02.2011;1,3809;EUR/USD
1;03.02.2011;1,3842;EUR/USD
1;02.02.2011;1,3737;EUR/USD
1;01.02.2011;1,3617;EUR/USD
1;29.01.2011;1,3701;EUR/USD
1;28.01.2011;1,3689;EUR/USD
1;27.01.2011;1,3675;EUR/USD
1;26.01.2011;1,3661;EUR/USD
1;25.01.2011;1,3588;EUR/USD
1;22.01.2011;1,3522;EUR/USD
1;21.01.2011;1,3442;EUR/USD
1;20.01.2011;1,3475;EUR/USD
1;19.01.2011;1,3352;EUR/USD
1;18.01.2011;1,3299;EUR/USD
1;15.01.2011;1,3396;EUR/USD
1;14.01.2011;1,3120;EUR/USD
1;13.01.2011;1,2999;EUR/USD
1;12.01.2011;1,2933;EUR/USD
1;01.01.2011;1,3340;EUR/USD
1;31.12.2010;1,3234;EUR/USD
1;30.12.2010;1,3143;EUR/USD
1;29.12.2010;1,3221;EUR/USD
1;28.12.2010;1,3156;EUR/USD
1;25.12.2010;1,3132;EUR/USD
1;24.12.2010;1,3131;EUR/USD
1;23.12.2010;1,3138;EUR/USD
1;22.12.2010;1,3175;EUR/USD
1;21.12.2010;1,3162;EUR/USD
1;18.12.2010;1,3303;EUR/USD
1;17.12.2010;1,3228;EUR/USD
1;16.12.2010;1,3309;EUR/USD
1;15.12.2010;1,3431;EUR/USD
1;14.12.2010;1,3205;EUR/USD
1;11.12.2010;1,3266;EUR/USD
1;10.12.2010;1,3301;EUR/USD
1;09.12.2010;1,3210;EUR/USD
1;08.12.2010;1,3340;EUR/USD
1;07.12.2010;1,3350;EUR/USD
1;04.12.2010;1,3222;EUR/USD
1;03.12.2010;1,3150;EUR/USD
1;02.12.2010;1,3054;EUR/USD
1;01.12.2010;1,3111;EUR/USD
1;30.11.2010;1,3278;EUR/USD
1;27.11.2010;1,3274;EUR/USD
1;26.11.2010;1,3328;EUR/USD
1;25.11.2010;1,3395;EUR/USD
1;24.11.2010;1,3563;EUR/USD
1;23.11.2010;1,3756;EUR/USD
1;20.11.2010;1,3686;EUR/USD
1;19.11.2010;1,3592;EUR/USD
1;18.11.2010;1,3489;EUR/USD
1;17.11.2010;1,3594;EUR/USD
1;16.11.2010;1,3664;EUR/USD
1;14.11.2010;1,3693;EUR/USD
1;13.11.2010;1,3609;EUR/USD
1;12.11.2010;1,3785;EUR/USD
1;11.11.2010;1,3782;EUR/USD
1;10.11.2010;1,3862;EUR/USD
1;09.11.2010;1,3955;EUR/USD
1;04.11.2010;1,4028;EUR/USD
1;03.11.2010;1,3936;EUR/USD
1;02.11.2010;1,3968;EUR/USD
1;30.10.2010;1,3880;EUR/USD
1;29.10.2010;1,3831;EUR/USD
1;28.10.2010;1,3800;EUR/USD
1;27.10.2010;1,3969;EUR/USD
1;26.10.2010;1,4060;EUR/USD
1;23.10.2010;1,3947;EUR/USD
1;22.10.2010;1,3951;EUR/USD
1;21.10.2010;1,3781;EUR/USD
1;20.10.2010;1,3907;EUR/USD
1;19.10.2010;1,3877;EUR/USD
1;16.10.2010;1,4073;EUR/USD
1;15.10.2010;1,4085;EUR/USD
1;14.10.2010;1,3956;EUR/USD
1;13.10.2010;1,3828;EUR/USD
1;12.10.2010;1,3965;EUR/USD
1;09.10.2010;1,3933;EUR/USD
1;08.10.2010;1,3956;EUR/USD
1;07.10.2010;1,3850;EUR/USD
1;06.10.2010;1,3706;EUR/USD
1;05.10.2010;1,3764;EUR/USD
1;02.10.2010;1,3655;EUR/USD
1;01.10.2010;1,3581;EUR/USD
1;30.09.2010;1,3600;EUR/USD
1;29.09.2010;1,3427;EUR/USD
1;28.09.2010;1,3466;EUR/USD
1;25.09.2010;1,3332;EUR/USD
1;24.09.2010;1,3398;EUR/USD
1;23.09.2010;1,3306;EUR/USD
1;22.09.2010;1,3078;EUR/USD
1;21.09.2010;1,3086;EUR/USD
1;18.09.2010;1,3130;EUR/USD
1;17.09.2010;1,2996;EUR/USD
1;16.09.2010;1,2983;EUR/USD
1;15.09.2010;1,2873;EUR/USD
1;14.09.2010;1,2816;EUR/USD
1;11.09.2010;1,2686;EUR/USD
1;10.09.2010;1,2690;EUR/USD
1;09.09.2010;1,2722;EUR/USD
1;08.09.2010;1,2795;EUR/USD
1;07.09.2010;1,2909;EUR/USD
1;04.09.2010;1,2821;EUR/USD
1;03.09.2010;1,2804;EUR/USD
1;02.09.2010;1,2716;EUR/USD
1;01.09.2010;1,2639;EUR/USD
1;31.08.2010;1,2728;EUR/USD
1;28.08.2010;1,2715;EUR/USD
1;27.08.2010;1,2715;EUR/USD
1;26.08.2010;1,2652;EUR/USD
1;25.08.2010;1,2637;EUR/USD
1;24.08.2010;1,2715;EUR/USD
1;21.08.2010;1,2813;EUR/USD
1;20.08.2010;1,2812;EUR/USD
1;19.08.2010;1,2835;EUR/USD
1;18.08.2010;1,2845;EUR/USD
1;17.08.2010;1,2807;EUR/USD
1;14.08.2010;1,2892;EUR/USD
1;13.08.2010;1,2907;EUR/USD
1;12.08.2010;1,3058;EUR/USD
1;11.08.2010;1,3164;EUR/USD
1;10.08.2010;1,3284;EUR/USD
1;07.08.2010;1,3194;EUR/USD
1;06.08.2010;1,3140;EUR/USD
1;05.08.2010;1,3216;EUR/USD
1;04.08.2010;1,3164;EUR/USD
1;03.08.2010;1,3074;EUR/USD
1;31.07.2010;1,3075;EUR/USD
1;30.07.2010;1,3028;EUR/USD
1;29.07.2010;1,3022;EUR/USD
1;28.07.2010;1,3001;EUR/USD
1;27.07.2010;1,2937;EUR/USD
1;24.07.2010;1,2877;EUR/USD
1;23.07.2010;1,2762;EUR/USD
1;22.07.2010;1,2897;EUR/USD
1;21.07.2010;1,3001;EUR/USD
1;20.07.2010;1,2899;EUR/USD
1;17.07.2010;1,2910;EUR/USD
1;16.07.2010;1,2730;EUR/USD
1;15.07.2010;1,2708;EUR/USD
1;14.07.2010;1,2554;EUR/USD
1;13.07.2010;1,2587;EUR/USD
1;10.07.2010;1,2706;EUR/USD
1;09.07.2010;1,2654;EUR/USD
1;08.07.2010;1,2586;EUR/USD
1;07.07.2010;1,2568;EUR/USD
1;06.07.2010;1,2545;EUR/USD
1;03.07.2010;1,2500;EUR/USD
1;02.07.2010;1,2210;EUR/USD
1;01.07.2010;1,2225;EUR/USD
1;30.06.2010;1,2241;EUR/USD
1;29.06.2010;1,2366;EUR/USD
1;26.06.2010;1,2335;EUR/USD
1;25.06.2010;1,2328;EUR/USD
1;24.06.2010;1,2278;EUR/USD
1;23.06.2010;1,2310;EUR/USD
1;22.06.2010;1,2454;EUR/USD
1;19.06.2010;1,2387;EUR/USD
1;18.06.2010;1,2269;EUR/USD
1;17.06.2010;1,2331;EUR/USD
1;16.06.2010;1,2184;EUR/USD
1;12.06.2010;1,2115;EUR/USD
1;11.06.2010;1,2042;EUR/USD
1;10.06.2010;1,1958;EUR/USD
1;09.06.2010;1,1965;EUR/USD
1;08.06.2010;1,1931;EUR/USD
1;05.06.2010;1,2182;EUR/USD
1;04.06.2010;1,2304;EUR/USD
1;03.06.2010;1,2219;EUR/USD
1;02.06.2010;1,2241;EUR/USD
1;01.06.2010;1,2301;EUR/USD
1;29.05.2010;1,2340;EUR/USD
1;28.05.2010;1,2302;EUR/USD
1;27.05.2010;1,2283;EUR/USD
1;26.05.2010;1,2283;EUR/USD
1;25.05.2010;1,2507;EUR/USD
1;22.05.2010;1,2561;EUR/USD
1;21.05.2010;1,2370;EUR/USD
1;20.05.2010;1,2191;EUR/USD
1;19.05.2010;1,2378;EUR/USD
1;18.05.2010;1,2299;EUR/USD
1;15.05.2010;1,2552;EUR/USD
1;14.05.2010;1,2673;EUR/USD
1;13.05.2010;1,2645;EUR/USD
1;12.05.2010;1,2712;EUR/USD
1;08.05.2010;1,2679;EUR/USD
1;07.05.2010;1,2768;EUR/USD
1;06.05.2010;1,2976;EUR/USD
1;05.05.2010;1,3175;EUR/USD
1;01.05.2010;1,3274;EUR/USD
1;30.04.2010;1,3214;EUR/USD
1;29.04.2010;1,3200;EUR/USD
1;28.04.2010;1,3369;EUR/USD
1;27.04.2010;1,3363;EUR/USD
1;24.04.2010;1,3235;EUR/USD
1;23.04.2010;1,3403;EUR/USD
1;22.04.2010;1,3438;EUR/USD
1;21.04.2010;1,3460;EUR/USD
1;20.04.2010;1,3456;EUR/USD
1;17.04.2010;1,3527;EUR/USD
1;16.04.2010;1,3632;EUR/USD
1;15.04.2010;1,3643;EUR/USD
1;14.04.2010;1,3601;EUR/USD
1;13.04.2010;1,3647;EUR/USD
1;10.04.2010;1,3378;EUR/USD
1;09.04.2010;1,3317;EUR/USD
1;08.04.2010;1,3377;EUR/USD
1;07.04.2010;1,3425;EUR/USD
1;06.04.2010;1,3486;EUR/USD
1;03.04.2010;1,3563;EUR/USD
1;02.04.2010;1,3494;EUR/USD
1;01.04.2010;1,3416;EUR/USD
1;31.03.2010;1,3521;EUR/USD
1;30.03.2010;1,3454;EUR/USD
1;27.03.2010;1,3343;EUR/USD
1;26.03.2010;1,3329;EUR/USD
1;25.03.2010;1,3428;EUR/USD
1;24.03.2010;1,3513;EUR/USD
1;23.03.2010;1,3509;EUR/USD
1;20.03.2010;1,3616;EUR/USD
1;19.03.2010;1,3674;EUR/USD
1;18.03.2010;1,3799;EUR/USD
1;17.03.2010;1,3674;EUR/USD
1;16.03.2010;1,3747;EUR/USD
1;13.03.2010;1,3699;EUR/USD
1;12.03.2010;1,3634;EUR/USD
1;11.03.2010;1,3570;EUR/USD
1;10.03.2010;1,3609;EUR/USD
1;06.03.2010;1,3581;EUR/USD
1;05.03.2010;1,3655;EUR/USD
1;04.03.2010;1,3618;EUR/USD
1;03.03.2010;1,3519;EUR/USD
1;02.03.2010;1,3611;EUR/USD
1;28.02.2010;1,3625;EUR/USD
1;27.02.2010;1,3568;EUR/USD
1;26.02.2010;1,3477;EUR/USD
1;25.02.2010;1,3536;EUR/USD
1;20.02.2010;1,3475;EUR/USD
1;19.02.2010;1,3576;EUR/USD
1;18.02.2010;1,3763;EUR/USD
1;17.02.2010;1,3662;EUR/USD
1;16.02.2010;1,3603;EUR/USD
1;13.02.2010;1,3652;EUR/USD
1;12.02.2010;1,3779;EUR/USD
1;11.02.2010;1,3772;EUR/USD
1;10.02.2010;1,3729;EUR/USD
1;09.02.2010;1,3663;EUR/USD
1;06.02.2010;1,3693;EUR/USD
1;05.02.2010;1,3868;EUR/USD
1;04.02.2010;1,3978;EUR/USD
1;03.02.2010;1,3932;EUR/USD
1;02.02.2010;1,3888;EUR/USD
1;30.01.2010;1,3954;EUR/USD
1;29.01.2010;1,4025;EUR/USD
1;28.01.2010;1,4049;EUR/USD
1;27.01.2010;1,4088;EUR/USD
1;26.01.2010;1,4149;EUR/USD
1;23.01.2010;1,4139;EUR/USD
1;22.01.2010;1,4101;EUR/USD
1;21.01.2010;1,4194;EUR/USD
1;20.01.2010;1,4401;EUR/USD
1;19.01.2010;1,4382;EUR/USD
1;16.01.2010;1,4408;EUR/USD
1;15.01.2010;1,4535;EUR/USD
1;14.01.2010;1,4490;EUR/USD
1;13.01.2010;1,4506;EUR/USD
1;12.01.2010;1,4499;EUR/USD
1;01.01.2010;1,4398;EUR/USD
