nominal;data;curs;cdx
1;20.01.2026;77,7586;Доллар США
1;17.01.2026;77,8332;Доллар США
1;16.01.2026;78,5280;Доллар США
1;15.01.2026;78,5711;Доллар США
1;14.01.2026;78,8527;Доллар США
1;13.01.2026;78,7913;Доллар США
1;31.12.2025;78,2267;Доллар США
1;30.12.2025;77,4466;Доллар США
1;27.12.2025;77,6923;Доллар США
1;26.12.2025;77,8844;Доллар США
1;25.12.2025;78,4368;Доллар США
1;24.12.2025;78,5850;Доллар США
1;23.12.2025;79,3146;Доллар США
1;20.12.2025;80,7220;Доллар США
1;19.12.2025;80,0301;Доллар США
1;18.12.2025;80,3807;Доллар США
1;17.12.2025;79,4302;Доллар США
1;16.12.2025;79,4495;Доллар США
1;13.12.2025;79,7296;Доллар США
1;12.12.2025;79,3398;Доллар США
1;11.12.2025;77,8998;Доллар США
1;10.12.2025;76,8084;Доллар США
1;09.12.2025;77,2733;Доллар США
1;06.12.2025;76,0937;Доллар США
1;05.12.2025;76,9708;Доллар США
1;04.12.2025;77,9556;Доллар США
1;03.12.2025;77,4631;Доллар США
1;02.12.2025;77,7027;Доллар США
1;29.11.2025;78,2284;Доллар США
1;28.11.2025;78,2503;Доллар США
1;27.11.2025;78,5941;Доллар США
1;26.11.2025;78,9615;Доллар США
1;25.11.2025;78,9202;Доллар США
1;22.11.2025;79,0246;Доллар США
1;21.11.2025;80,7321;Доллар США
1;20.11.2025;80,9448;Доллар США
1;19.11.2025;81,0547;Доллар США
1;18.11.2025;81,1302;Доллар США
1;15.11.2025;81,1276;Доллар США
1;14.11.2025;80,6010;Доллар США
1;13.11.2025;81,2852;Доллар США
1;12.11.2025;81,3562;Доллар США
1;11.11.2025;81,0132;Доллар США
1;08.11.2025;81,2257;Доллар США
1;07.11.2025;81,3765;Доллар США
1;06.11.2025;81,1885;Доллар США
1;02.11.2025;80,8861;Доллар США
1;01.11.2025;80,9756;Доллар США
1;31.10.2025;80,5037;Доллар США
1;30.10.2025;79,4715;Доллар США
1;29.10.2025;79,8174;Доллар США
1;28.10.2025;78,9848;Доллар США
1;25.10.2025;80,9713;Доллар США
1;24.10.2025;81,2690;Доллар США
1;23.10.2025;81,6549;Доллар США
1;22.10.2025;81,3475;Доллар США
1;21.10.2025;81,3582;Доллар США
1;18.10.2025;80,9834;Доллар США
1;17.10.2025;79,0839;Доллар США
1;16.10.2025;78,8390;Доллар США
1;15.10.2025;79,9589;Доллар США
1;14.10.2025;80,8548;Доллар США
1;11.10.2025;81,1898;Доллар США
1;10.10.2025;81,4103;Доллар США
1;09.10.2025;81,5478;Доллар США
1;08.10.2025;81,9349;Доллар США
1;07.10.2025;83,0000;Доллар США
1;04.10.2025;81,8969;Доллар США
1;03.10.2025;81,0085;Доллар США
1;02.10.2025;81,4967;Доллар США
1;01.10.2025;82,6084;Доллар США
1;30.09.2025;82,8676;Доллар США
1;27.09.2025;83,6118;Доллар США
1;26.09.2025;83,6069;Доллар США
1;25.09.2025;83,9914;Доллар США
1;24.09.2025;83,3506;Доллар США
1;23.09.2025;84,0186;Доллар США
1;20.09.2025;83,5904;Доллар США
1;19.09.2025;83,1725;Доллар США
1;18.09.2025;82,9987;Доллар США
1;17.09.2025;82,8359;Доллар США
1;16.09.2025;83,0718;Доллар США
1;13.09.2025;84,3798;Доллар США
1;12.09.2025;85,6647;Доллар США
1;11.09.2025;84,9211;Доллар США
1;10.09.2025;83,2425;Доллар США
1;09.09.2025;82,3397;Доллар США
1;06.09.2025;81,5556;Доллар США
1;05.09.2025;81,2977;Доллар США
1;04.09.2025;80,8488;Доллар США
1;03.09.2025;80,5947;Доллар США
1;02.09.2025;80,4261;Доллар США
1;30.08.2025;80,3316;Доллар США
1;29.08.2025;80,2918;Доллар США
1;28.08.2025;80,4421;Доллар США
1;27.08.2025;80,5268;Доллар США
1;26.08.2025;80,6842;Доллар США
1;23.08.2025;80,7498;Доллар США
1;22.08.2025;80,2548;Доллар США
1;21.08.2025;80,1045;Доллар США
1;20.08.2025;80,3466;Доллар США
1;19.08.2025;80,4256;Доллар США
1;16.08.2025;80,0224;Доллар США
1;15.08.2025;79,7653;Доллар США
1;14.08.2025;79,6032;Доллар США
1;13.08.2025;79,8714;Доллар США
1;12.08.2025;79,6677;Доллар США
1;09.08.2025;79,7796;Доллар США
1;08.08.2025;79,3847;Доллар США
1;07.08.2025;80,1914;Доллар США
1;06.08.2025;80,0490;Доллар США
1;05.08.2025;79,6736;Доллар США
1;02.08.2025;80,3289;Доллар США
1;01.08.2025;80,3163;Доллар США
1;31.07.2025;81,8347;Доллар США
1;30.07.2025;82,2197;Доллар США
1;29.07.2025;79,5782;Доллар США
1;26.07.2025;79,5527;Доллар США
1;25.07.2025;78,8623;Доллар США
1;24.07.2025;78,4477;Доллар США
1;23.07.2025;78,0882;Доллар США
1;22.07.2025;78,3274;Доллар США
1;19.07.2025;78,3129;Доллар США
1;18.07.2025;78,1856;Доллар США
1;17.07.2025;77,9585;Доллар США
1;16.07.2025;77,9584;Доллар США
1;15.07.2025;78,3722;Доллар США
1;12.07.2025;77,8855;Доллар США
1;11.07.2025;77,9029;Доллар США
1;10.07.2025;78,1727;Доллар США
1;09.07.2025;78,1682;Доллар США
1;08.07.2025;78,7185;Доллар США
1;05.07.2025;78,8354;Доллар США
1;04.07.2025;78,7831;Доллар США
1;03.07.2025;78,6540;Доллар США
1;02.07.2025;78,4181;Доллар США
1;01.07.2025;78,5284;Доллар США
1;28.06.2025;78,4685;Доллар США
1;27.06.2025;78,2117;Доллар США
1;26.06.2025;78,1959;Доллар США
1;25.06.2025;78,3892;Доллар США
1;24.06.2025;78,2923;Доллар США
1;21.06.2025;78,5016;Доллар США
1;20.06.2025;78,4839;Доллар США
1;19.06.2025;78,7174;Доллар США
1;18.06.2025;78,7135;Доллар США
1;17.06.2025;78,5067;Доллар США
1;12.06.2025;79,0028;Доллар США
1;11.06.2025;78,6003;Доллар США
1;10.06.2025;79,1543;Доллар США
1;07.06.2025;79,1703;Доллар США
1;06.06.2025;79,1272;Доллар США
1;05.06.2025;78,5025;Доллар США
1;04.06.2025;78,8549;Доллар США
1;03.06.2025;79,1285;Доллар США
1;31.05.2025;78,6171;Доллар США
1;30.05.2025;78,4970;Доллар США
1;29.05.2025;79,6037;Доллар США
1;28.05.2025;79,6176;Доллар США
1;27.05.2025;79,6588;Доллар США
1;24.05.2025;79,7108;Доллар США
1;23.05.2025;79,7357;Доллар США
1;22.05.2025;79,7530;Доллар США
1;21.05.2025;80,3075;Доллар США
1;20.05.2025;80,4137;Доллар США
1;17.05.2025;80,7689;Доллар США
1;16.05.2025;80,3134;Доллар США
1;15.05.2025;80,2237;Доллар США
1;14.05.2025;80,5500;Доллар США
1;13.05.2025;80,8883;Доллар США
1;08.05.2025;80,8612;Доллар США
1;07.05.2025;80,9644;Доллар США
1;06.05.2025;81,9137;Доллар США
1;01.05.2025;81,4933;Доллар США
1;30.04.2025;81,5616;Доллар США
1;29.04.2025;82,5467;Доллар США
1;26.04.2025;82,6549;Доллар США
1;25.04.2025;82,8559;Доллар США
1;24.04.2025;82,3637;Доллар США
1;23.04.2025;81,4620;Доллар США
1;22.04.2025;80,7597;Доллар США
1;19.04.2025;81,1371;Доллар США
1;18.04.2025;82,0200;Доллар США
1;17.04.2025;82,5892;Доллар США
1;16.04.2025;82,3003;Доллар США
1;15.04.2025;82,7671;Доллар США
1;12.04.2025;84,0040;Доллар США
1;11.04.2025;85,0159;Доллар США
1;10.04.2025;86,0923;Доллар США
1;09.04.2025;85,4641;Доллар США
1;08.04.2025;86,1891;Доллар США
1;05.04.2025;84,2774;Доллар США
1;04.04.2025;84,3830;Доллар США
1;03.04.2025;84,5522;Доллар США
1;02.04.2025;84,8707;Доллар США
1;01.04.2025;85,4963;Доллар США
1;29.03.2025;83,6813;Доллар США
1;28.03.2025;83,8347;Доллар США
1;27.03.2025;84,2065;Доллар США
1;26.03.2025;84,1930;Доллар США
1;25.03.2025;83,8737;Доллар США
1;22.03.2025;84,6400;Доллар США
1;21.03.2025;84,3955;Доллар США
1;20.03.2025;82,8487;Доллар США
1;19.03.2025;81,5018;Доллар США
1;18.03.2025;84,3059;Доллар США
1;15.03.2025;85,5694;Доллар США
1;14.03.2025;86,6190;Доллар США
1;13.03.2025;86,6204;Доллар США
1;12.03.2025;86,5669;Доллар США
1;11.03.2025;88,3872;Доллар США
1;08.03.2025;89,1362;Доллар США
1;07.03.2025;89,5724;Доллар США
1;06.03.2025;89,7878;Доллар США
1;05.03.2025;89,2448;Доллар США
1;04.03.2025;89,2497;Доллар США
1;01.03.2025;88,2568;Доллар США
1;28.02.2025;87,6967;Доллар США
1;27.02.2025;85,9279;Доллар США
1;26.02.2025;86,6318;Доллар США
1;25.02.2025;88,2065;Доллар США
1;22.02.2025;88,1676;Доллар США
1;21.02.2025;88,5103;Доллар США
1;20.02.2025;90,4268;Доллар США
1;19.02.2025;91,3398;Доллар США
1;18.02.2025;91,4347;Доллар США
1;15.02.2025;90,3099;Доллар США
1;14.02.2025;91,0313;Доллар США
1;13.02.2025;94,0485;Доллар США
1;12.02.2025;95,8024;Доллар США
1;11.02.2025;96,7821;Доллар США
1;08.02.2025;97,2762;Доллар США
1;07.02.2025;96,9104;Доллар США
1;06.02.2025;98,0556;Доллар США
1;05.02.2025;98,5336;Доллар США
1;04.02.2025;99,9433;Доллар США
1;01.02.2025;97,8107;Доллар США
1;31.01.2025;98,0062;Доллар США
1;30.01.2025;98,0126;Доллар США
1;29.01.2025;97,9658;Доллар США
1;28.01.2025;97,1320;Доллар США
1;25.01.2025;98,2636;Доллар США
1;24.01.2025;99,0978;Доллар США
1;23.01.2025;98,2804;Доллар США
1;22.01.2025;99,9282;Доллар США
1;21.01.2025;101,9579;Доллар США
1;18.01.2025;102,4137;Доллар США
1;17.01.2025;102,3762;Доллар США
1;16.01.2025;102,8078;Доллар США
1;15.01.2025;103,4380;Доллар США
1;14.01.2025;102,7081;Доллар США
1;11.01.2025;101,9146;Доллар США
1;10.01.2025;102,2911;Доллар США
1;29.12.2024;101,6797;Доллар США
1;28.12.2024;100,5281;Доллар США
1;27.12.2024;99,2295;Доллар США
1;26.12.2024;99,6125;Доллар США
1;25.12.2024;99,8729;Доллар США
1;24.12.2024;101,6143;Доллар США
1;21.12.2024;102,3438;Доллар США
1;20.12.2024;103,4207;Доллар США
1;19.12.2024;102,7763;Доллар США
1;18.12.2024;102,9979;Доллар США
1;17.12.2024;102,9125;Доллар США
1;14.12.2024;103,4305;Доллар США
1;13.12.2024;103,9500;Доллар США
1;12.12.2024;103,2707;Доллар США
1;11.12.2024;100,0324;Доллар США
1;10.12.2024;99,3759;Доллар США
1;07.12.2024;99,4215;Доллар США
1;06.12.2024;103,3837;Доллар США
1;05.12.2024;104,2361;Доллар США
1;04.12.2024;106,1878;Доллар США
1;03.12.2024;107,1758;Доллар США
1;30.11.2024;107,7409;Доллар США
1;29.11.2024;109,5782;Доллар США
1;28.11.2024;108,0104;Доллар США
1;27.11.2024;105,0604;Доллар США
1;26.11.2024;103,7908;Доллар США
1;23.11.2024;102,5761;Доллар США
1;22.11.2024;100,6798;Доллар США
1;21.11.2024;100,2192;Доллар США
1;20.11.2024;100,0348;Доллар США
1;19.11.2024;99,9430;Доллар США
1;16.11.2024;99,9971;Доллар США
1;15.11.2024;99,0180;Доллар США
1;14.11.2024;98,3657;Доллар США
1;13.11.2024;97,9559;Доллар США
1;12.11.2024;97,9550;Доллар США
1;09.11.2024;97,8335;Доллар США
1;08.11.2024;98,0726;Доллар США
1;07.11.2024;98,2236;Доллар США
1;06.11.2024;98,0562;Доллар США
1;03.11.2024;97,5499;Доллар США
1;02.11.2024;97,4402;Доллар США
1;01.11.2024;97,0226;Доллар США
1;31.10.2024;97,0530;Доллар США
1;30.10.2024;97,3261;Доллар США
1;29.10.2024;97,2300;Доллар США
1;26.10.2024;96,6657;Доллар США
1;25.10.2024;96,7402;Доллар США
1;24.10.2024;96,6379;Доллар США
1;23.10.2024;96,5918;Доллар США
1;22.10.2024;96,0924;Доллар США
1;19.10.2024;96,4172;Доллар США
1;18.10.2024;97,1490;Доллар США
1;17.10.2024;97,2568;Доллар США
1;16.10.2024;97,0121;Доллар США
1;15.10.2024;96,1021;Доллар США
1;12.10.2024;96,0686;Доллар США
1;11.10.2024;97,2394;Доллар США
1;10.10.2024;96,9483;Доллар США
1;09.10.2024;96,1079;Доллар США
1;08.10.2024;96,0649;Доллар США
1;05.10.2024;94,8700;Доллар США
1;04.10.2024;95,0262;Доллар США
1;03.10.2024;94,5054;Доллар США
1;02.10.2024;93,3581;Доллар США
1;01.10.2024;93,2221;Доллар США
1;28.09.2024;92,7126;Доллар США
1;27.09.2024;92,4074;Доллар США
1;26.09.2024;92,3880;Доллар США
1;25.09.2024;92,8622;Доллар США
1;24.09.2024;92,9200;Доллар США
1;21.09.2024;92,5848;Доллар США
1;20.09.2024;92,6962;Доллар США
1;19.09.2024;91,6712;Доллар США
1;18.09.2024;91,4292;Доллар США
1;17.09.2024;91,1423;Доллар США
1;14.09.2024;90,9345;Доллар США
1;13.09.2024;91,1096;Доллар США
1;12.09.2024;91,2653;Доллар США
1;11.09.2024;91,1127;Доллар США
1;10.09.2024;90,3853;Доллар США
1;07.09.2024;89,8225;Доллар США
1;06.09.2024;89,7044;Доллар США
1;05.09.2024;88,9288;Доллар США
1;04.09.2024;88,6118;Доллар США
1;03.09.2024;90,0013;Доллар США
1;31.08.2024;91,1868;Доллар США
1;30.08.2024;91,4548;Доллар США
1;29.08.2024;91,4449;Доллар США
1;28.08.2024;91,4807;Доллар США
1;27.08.2024;91,7745;Доллар США
1;24.08.2024;91,6012;Доллар США
1;23.08.2024;91,2881;Доллар США
1;22.08.2024;91,6862;Доллар США
1;21.08.2024;90,6944;Доллар США
1;20.08.2024;89,5428;Доллар США
1;17.08.2024;88,9062;Доллар США
1;16.08.2024;88,7960;Доллар США
1;15.08.2024;90,0055;Доллар США
1;14.08.2024;92,6592;Доллар США
1;13.08.2024;89,9475;Доллар США
1;10.08.2024;87,9920;Доллар США
1;09.08.2024;86,5621;Доллар США
1;08.08.2024;85,9543;Доллар США
1;07.08.2024;85,1646;Доллар США
1;06.08.2024;84,9471;Доллар США
1;03.08.2024;85,7024;Доллар США
1;02.08.2024;85,7833;Доллар США
1;01.08.2024;86,1091;Доллар США
1;31.07.2024;86,3300;Доллар США
1;30.07.2024;86,5554;Доллар США
1;27.07.2024;85,5650;Доллар США
1;26.07.2024;85,4100;Доллар США
1;25.07.2024;86,5502;Доллар США
1;24.07.2024;87,2990;Доллар США
1;23.07.2024;87,7805;Доллар США
1;20.07.2024;88,0206;Доллар США
1;19.07.2024;87,8754;Доллар США
1;18.07.2024;88,0872;Доллар США
1;17.07.2024;88,2824;Доллар США
1;16.07.2024;87,8077;Доллар США
1;13.07.2024;87,7427;Доллар США
1;12.07.2024;87,9880;Доллар США
1;11.07.2024;87,8551;Доллар США
1;10.07.2024;88,0031;Доллар США
1;09.07.2024;88,1688;Доллар США
1;06.07.2024;88,1348;Доллар США
1;05.07.2024;88,1205;Доллар США
1;04.07.2024;87,9506;Доллар США
1;03.07.2024;87,9921;Доллар США
1;02.07.2024;87,2972;Доллар США
1;29.06.2024;85,7480;Доллар США
1;28.06.2024;84,9640;Доллар США
1;27.06.2024;87,8064;Доллар США
1;26.06.2024;87,2770;Доллар США
1;25.06.2024;87,3730;Доллар США
1;22.06.2024;87,9595;Доллар США
1;21.06.2024;85,4176;Доллар США
1;20.06.2024;82,6282;Доллар США
1;19.06.2024;87,0354;Доллар США
1;18.06.2024;89,0499;Доллар США
1;15.06.2024;89,0658;Доллар США
1;14.06.2024;88,2080;Доллар США
1;12.06.2024;89,0214;Доллар США
1;11.06.2024;88,9944;Доллар США
1;08.06.2024;88,7606;Доллар США
1;07.06.2024;88,7604;Доллар США
1;06.06.2024;88,7436;Доллар США
1;05.06.2024;88,7574;Доллар США
1;04.06.2024;89,3755;Доллар США
1;01.06.2024;90,1915;Доллар США
1;31.05.2024;89,7869;Доллар США
1;30.05.2024;89,2589;Доллар США
1;29.05.2024;88,4375;Доллар США
1;28.05.2024;88,6852;Доллар США
1;25.05.2024;89,7026;Доллар США
1;24.05.2024;90,2486;Доллар США
1;23.05.2024;90,1887;Доллар США
1;22.05.2024;90,4082;Доллар США
1;21.05.2024;90,6537;Доллар США
1;18.05.2024;90,9873;Доллар США
1;17.05.2024;90,9239;Доллар США
1;16.05.2024;91,2573;Доллар США
1;15.05.2024;91,3591;Доллар США
1;14.05.2024;91,6330;Доллар США
1;09.05.2024;91,8239;Доллар США
1;08.05.2024;91,1231;Доллар США
1;07.05.2024;91,3124;Доллар США
1;04.05.2024;91,6918;Доллар США
1;03.05.2024;92,0538;Доллар США
1;28.04.2024;91,7791;Доллар США
1;27.04.2024;92,0134;Доллар США
1;26.04.2024;92,1314;Доллар США
1;25.04.2024;92,5058;Доллар США
1;24.04.2024;93,2918;Доллар США
1;23.04.2024;93,2519;Доллар США
1;20.04.2024;93,4409;Доллар США
1;19.04.2024;94,0922;Доллар США
1;18.04.2024;94,3242;Доллар США
1;17.04.2024;94,0742;Доллар США
1;16.04.2024;93,5891;Доллар США
1;13.04.2024;93,4419;Доллар США
1;12.04.2024;93,7196;Доллар США
1;11.04.2024;93,2198;Доллар США
1;10.04.2024;92,7463;Доллар США
1;09.04.2024;92,5810;Доллар США
1;06.04.2024;92,4155;Доллар США
1;05.04.2024;92,3058;Доллар США
1;04.04.2024;92,3892;Доллар США
1;03.04.2024;92,5254;Доллар США
1;02.04.2024;92,2914;Доллар США
1;30.03.2024;92,3660;Доллар США
1;29.03.2024;92,2628;Доллар США
1;28.03.2024;92,5919;Доллар США
1;27.03.2024;92,5745;Доллар США
1;26.03.2024;92,7761;Доллар США
1;23.03.2024;92,6118;Доллар США
1;22.03.2024;91,9499;Доллар США
1;21.03.2024;92,6861;Доллар США
1;20.03.2024;92,2243;Доллар США
1;19.03.2024;91,9829;Доллар США
1;16.03.2024;91,8700;Доллар США
1;15.03.2024;91,6359;Доллар США
1;14.03.2024;91,5449;Доллар США
1;13.03.2024;90,8818;Доллар США
1;12.03.2024;90,6252;Доллар США
1;08.03.2024;90,7493;Доллар США
1;07.03.2024;90,3412;Доллар США
1;06.03.2024;91,1604;Доллар США
1;05.03.2024;91,3534;Доллар США
1;02.03.2024;91,3336;Доллар США
1;01.03.2024;90,8423;Доллар США
1;29.02.2024;91,8692;Доллар США
1;28.02.2024;92,0425;Доллар США
1;27.02.2024;92,6321;Доллар США
1;23.02.2024;92,7519;Доллар США
1;22.02.2024;92,4387;Доллар США
1;21.02.2024;92,3490;Доллар США
1;20.02.2024;92,4102;Доллар США
1;17.02.2024;92,5492;Доллар США
1;16.02.2024;91,8237;Доллар США
1;15.02.2024;91,4316;Доллар США
1;14.02.2024;91,2057;Доллар США
1;13.02.2024;91,0758;Доллар США
1;10.02.2024;90,8901;Доллар США
1;09.02.2024;91,2561;Доллар США
1;08.02.2024;91,1514;Доллар США
1;07.02.2024;90,6842;Доллар США
1;06.02.2024;91,2434;Доллар США
1;03.02.2024;90,6626;Доллар США
1;02.02.2024;90,2299;Доллар США
1;01.02.2024;89,6678;Доллар США
1;31.01.2024;89,2887;Доллар США
1;30.01.2024;89,6090;Доллар США
1;27.01.2024;89,5159;Доллар США
1;26.01.2024;88,6562;Доллар США
1;25.01.2024;88,2829;Доллар США
1;24.01.2024;87,9199;Доллар США
1;23.01.2024;87,9724;Доллар США
1;20.01.2024;88,5896;Доллар США
1;19.01.2024;88,6610;Доллар США
1;18.01.2024;88,3540;Доллар США
1;17.01.2024;87,6457;Доллар США
1;16.01.2024;87,6772;Доллар США
1;13.01.2024;88,1324;Доллар США
1;12.01.2024;88,7818;Доллар США
1;11.01.2024;89,3939;Доллар США
1;10.01.2024;90,4040;Доллар США
1;30.12.2023;89,6883;Доллар США
1;29.12.2023;90,3041;Доллар США
1;28.12.2023;91,7051;Доллар США
1;27.12.2023;91,7069;Доллар США
1;26.12.2023;91,9690;Доллар США
1;23.12.2023;91,9389;Доллар США
1;22.12.2023;91,7062;Доллар США
1;21.12.2023;90,4056;Доллар США
1;20.12.2023;90,0870;Доллар США
1;19.12.2023;90,4162;Доллар США
1;16.12.2023;89,6966;Доллар США
1;15.12.2023;89,6741;Доллар США
1;14.12.2023;89,8926;Доллар США
1;13.12.2023;90,2158;Доллар США
1;12.12.2023;90,9846;Доллар США
1;09.12.2023;91,6402;Доллар США
1;08.12.2023;92,5654;Доллар США
1;07.12.2023;92,7826;Доллар США
1;06.12.2023;91,5823;Доллар США
1;05.12.2023;90,6728;Доллар США
1;02.12.2023;89,7619;Доллар США
1;01.12.2023;88,5819;Доллар США
1;30.11.2023;88,8841;Доллар США
1;29.11.2023;88,6102;Доллар США
1;28.11.2023;88,7045;Доллар США
1;25.11.2023;88,8133;Доллар США
1;24.11.2023;88,1206;Доллар США
1;23.11.2023;88,1648;Доллар США
1;22.11.2023;87,8701;Доллар США
1;21.11.2023;88,4954;Доллар США
1;18.11.2023;89,1237;Доллар США
1;17.11.2023;88,9466;Доллар США
1;16.11.2023;89,4565;Доллар США
1;15.11.2023;91,2570;Доллар США
1;14.11.2023;92,1185;Доллар США
1;11.11.2023;92,0535;Доллар США
1;10.11.2023;91,9266;Доллар США
1;09.11.2023;92,1973;Доллар США
1;08.11.2023;92,4151;Доллар США
1;04.11.2023;93,0351;Доллар США
1;03.11.2023;93,1730;Доллар США
1;02.11.2023;93,2801;Доллар США
1;01.11.2023;92,0226;Доллар США
1;31.10.2023;93,2435;Доллар США
1;28.10.2023;93,2174;Доллар США
1;27.10.2023;93,5616;Доллар США
1;26.10.2023;93,1507;Доллар США
1;25.10.2023;93,5224;Доллар США
1;24.10.2023;94,7081;Доллар США
1;21.10.2023;95,9053;Доллар США
1;20.10.2023;97,3074;Доллар США
1;19.10.2023;97,3724;Доллар США
1;18.10.2023;97,3458;Доллар США
1;17.10.2023;97,2865;Доллар США
1;14.10.2023;97,3075;Доллар США
1;13.10.2023;96,9948;Доллар США
1;12.10.2023;99,9808;Доллар США
1;11.10.2023;99,9349;Доллар США
1;10.10.2023;101,3598;Доллар США
1;07.10.2023;100,4911;Доллар США
1;06.10.2023;99,6762;Доллар США
1;05.10.2023;99,4555;Доллар США
1;04.10.2023;99,2677;Доллар США
1;03.10.2023;98,4785;Доллар США
1;30.09.2023;97,4147;Доллар США
1;29.09.2023;97,0018;Доллар США
1;28.09.2023;96,5000;Доллар США
1;27.09.2023;96,2378;Доллар США
1;26.09.2023;96,1456;Доллар США
1;23.09.2023;96,0419;Доллар США
1;22.09.2023;96,0762;Доллар США
1;21.09.2023;96,6172;Доллар США
1;20.09.2023;96,2236;Доллар США
1;19.09.2023;96,6472;Доллар США
1;16.09.2023;96,6338;Доллар США
1;15.09.2023;96,1609;Доллар США
1;14.09.2023;95,9794;Доллар США
1;13.09.2023;94,7035;Доллар США
1;12.09.2023;96,5083;Доллар США
1;09.09.2023;97,9241;Доллар США
1;08.09.2023;98,1961;Доллар США
1;07.09.2023;97,8439;Доллар США
1;06.09.2023;97,5383;Доллар США
1;05.09.2023;96,6199;Доллар США
1;02.09.2023;96,3411;Доллар США
1;01.09.2023;96,3344;Доллар США
1;31.08.2023;95,9283;Доллар США
1;30.08.2023;95,7070;Доллар США
1;29.08.2023;95,4717;Доллар США
1;26.08.2023;94,7117;Доллар США
1;25.08.2023;94,4007;Доллар США
1;24.08.2023;94,4421;Доллар США
1;23.08.2023;94,1185;Доллар США
1;22.08.2023;94,1424;Доллар США
1;19.08.2023;93,4047;Доллар США
1;18.08.2023;93,7460;Доллар США
1;17.08.2023;96,7045;Доллар США
1;16.08.2023;97,4217;Доллар США
1;15.08.2023;101,0399;Доллар США
1;12.08.2023;98,2066;Доллар США
1;11.08.2023;97,2794;Доллар США
1;10.08.2023;97,3999;Доллар США
1;09.08.2023;96,0755;Доллар США
1;08.08.2023;96,5668;Доллар США
1;05.08.2023;94,8076;Доллар США
1;04.08.2023;93,7792;Доллар США
1;03.08.2023;92,8410;Доллар США
1;02.08.2023;91,7755;Доллар США
1;01.08.2023;91,5923;Доллар США
1;29.07.2023;90,9783;Доллар США
1;28.07.2023;90,0225;Доллар США
1;27.07.2023;90,0468;Доллар США
1;26.07.2023;90,0945;Доллар США
1;25.07.2023;90,4890;Доллар США
1;22.07.2023;90,3846;Доллар США
1;21.07.2023;90,8545;Доллар США
1;20.07.2023;91,2046;Доллар США
1;19.07.2023;90,6906;Доллар США
1;18.07.2023;90,4217;Доллар США
1;15.07.2023;90,1190;Доллар США
1;14.07.2023;90,1757;Доллар США
1;13.07.2023;90,6253;Доллар США
1;12.07.2023;90,5045;Доллар США
1;11.07.2023;91,4931;Доллар США
1;08.07.2023;91,6879;Доллар США
1;07.07.2023;92,5695;Доллар США
1;06.07.2023;90,3380;Доллар США
1;05.07.2023;89,5450;Доллар США
1;04.07.2023;89,3255;Доллар США
1;01.07.2023;88,3844;Доллар США
1;30.06.2023;87,0341;Доллар США
1;29.06.2023;85,6192;Доллар США
1;28.06.2023;85,0504;Доллар США
1;27.06.2023;84,6642;Доллар США
1;24.06.2023;84,0793;Доллар США
1;23.06.2023;83,6077;Доллар США
1;22.06.2023;84,2467;Доллар США
1;21.06.2023;84,2336;Доллар США
1;20.06.2023;83,9866;Доллар США
1;17.06.2023;83,6498;Доллар США
1;16.06.2023;83,9611;Доллар США
1;15.06.2023;84,3249;Доллар США
1;14.06.2023;83,6405;Доллар США
1;10.06.2023;82,6417;Доллар США
1;09.06.2023;82,0930;Доллар США
1;08.06.2023;81,4581;Доллар США
1;07.06.2023;81,2502;Доллар США
1;06.06.2023;81,3294;Доллар США
1;03.06.2023;80,8756;Доллар США
1;02.06.2023;80,9657;Доллар США
1;01.06.2023;80,9942;Доллар США
1;31.05.2023;80,6872;Доллар США
1;30.05.2023;80,0555;Доллар США
1;27.05.2023;79,9667;Доллар США
1;26.05.2023;79,9841;Доллар США
1;25.05.2023;79,9669;Доллар США
1;24.05.2023;80,1665;Доллар США
1;23.05.2023;79,9379;Доллар США
1;20.05.2023;79,9093;Доллар США
1;19.05.2023;80,0366;Доллар США
1;18.05.2023;80,7642;Доллар США
1;17.05.2023;79,9798;Доллар США
1;16.05.2023;79,1004;Доллар США
1;13.05.2023;77,2041;Доллар США
1;12.05.2023;75,8846;Доллар США
1;11.05.2023;76,6929;Доллар США
1;06.05.2023;76,8207;Доллар США
1;05.05.2023;78,6139;Доллар США
1;04.05.2023;79,3071;Доллар США
1;03.05.2023;79,9609;Доллар США
1;29.04.2023;80,5093;Доллар США
1;28.04.2023;81,5601;Доллар США
1;27.04.2023;81,6274;Доллар США
1;26.04.2023;81,5499;Доллар США
1;25.04.2023;81,2745;Доллар США
1;22.04.2023;81,4863;Доллар США
1;21.04.2023;81,6188;Доллар США
1;20.04.2023;81,6549;Доллар США
1;19.04.2023;81,6028;Доллар США
1;18.04.2023;81,6279;Доллар США
1;15.04.2023;81,5045;Доллар США
1;14.04.2023;81,6758;Доллар США
1;13.04.2023;82,0934;Доллар США
1;12.04.2023;82,1799;Доллар США
1;11.04.2023;81,7441;Доллар США
1;08.04.2023;82,3988;Доллар США
1;07.04.2023;80,6713;Доллар США
1;06.04.2023;79,4961;Доллар США
1;05.04.2023;79,3563;Доллар США
1;04.04.2023;77,9510;Доллар США
1;01.04.2023;77,3233;Доллар США
1;31.03.2023;77,0863;Доллар США
1;30.03.2023;76,9781;Доллар США
1;29.03.2023;76,5939;Доллар США
1;28.03.2023;76,5662;Доллар США
1;25.03.2023;76,4479;Доллар США
1;24.03.2023;76,3072;Доллар США
1;23.03.2023;76,9561;Доллар США
1;22.03.2023;76,8373;Доллар США
1;21.03.2023;77,2422;Доллар США
1;18.03.2023;76,6044;Доллар США
1;17.03.2023;76,4095;Доллар США
1;16.03.2023;75,7457;Доллар США
1;15.03.2023;75,1927;Доллар США
1;14.03.2023;75,4609;Доллар США
1;11.03.2023;75,9406;Доллар США
1;10.03.2023;75,9028;Доллар США
1;08.03.2023;75,4577;Доллар США
1;07.03.2023;75,4728;Доллар США
1;04.03.2023;75,4592;Доллар США
1;03.03.2023;75,4729;Доллар США
1;02.03.2023;75,2513;Доллар США
1;01.03.2023;74,8932;Доллар США
1;28.02.2023;75,4323;Доллар США
1;23.02.2023;74,7087;Доллар США
1;22.02.2023;74,8596;Доллар США
1;21.02.2023;74,0432;Доллар США
1;18.02.2023;74,7588;Доллар США
1;17.02.2023;74,7638;Доллар США
1;16.02.2023;74,2077;Доллар США
1;15.02.2023;73,8645;Доллар США
1;14.02.2023;73,6307;Доллар США
1;11.02.2023;72,7923;Доллар США
1;10.02.2023;72,8949;Доллар США
1;09.02.2023;71,5763;Доллар США
1;08.02.2023;70,8924;Доллар США
1;07.02.2023;70,5991;Доллар США
1;04.02.2023;70,3847;Доллар США
1;03.02.2023;70,0414;Доллар США
1;02.02.2023;70,1217;Доллар США
1;01.02.2023;70,5174;Доллар США
1;31.01.2023;69,5927;Доллар США
1;28.01.2023;69,3372;Доллар США
1;27.01.2023;69,1263;Доллар США
1;26.01.2023;68,9573;Доллар США
1;25.01.2023;68,7529;Доллар США
1;24.01.2023;68,6288;Доллар США
1;21.01.2023;68,6656;Доллар США
1;20.01.2023;68,8467;Доллар США
1;19.01.2023;68,8728;Доллар США
1;18.01.2023;68,6644;Доллар США
1;17.01.2023;68,2892;Доллар США
1;14.01.2023;67,5744;Доллар США
1;13.01.2023;67,7775;Доллар США
1;12.01.2023;69,0202;Доллар США
1;11.01.2023;69,6094;Доллар США
1;10.01.2023;70,3002;Доллар США
1;31.12.2022;70,3375;Доллар США
1;30.12.2022;71,9778;Доллар США
1;29.12.2022;71,3261;Доллар США
1;28.12.2022;69,9346;Доллар США
1;27.12.2022;68,4487;Доллар США
1;24.12.2022;68,6760;Доллар США
1;23.12.2022;72,1306;Доллар США
1;22.12.2022;70,5256;Доллар США
1;21.12.2022;69,0037;Доллар США
1;20.12.2022;66,3474;Доллар США
1;17.12.2022;64,6078;Доллар США
1;16.12.2022;64,3015;Доллар США
1;15.12.2022;63,3590;Доллар США
1;14.12.2022;63,2120;Доллар США
1;13.12.2022;62,7674;Доллар США
1;10.12.2022;62,3813;Доллар США
1;09.12.2022;62,5722;Доллар США
1;08.12.2022;62,9372;Доллар США
1;07.12.2022;62,9103;Доллар США
1;06.12.2022;62,1849;Доллар США
1;03.12.2022;61,7749;Доллар США
1;02.12.2022;61,1479;Доллар США
1;01.12.2022;60,8803;Доллар США
1;30.11.2022;61,0742;Доллар США
1;29.11.2022;60,7520;Доллар США
1;26.11.2022;60,4797;Доллар США
1;25.11.2022;60,3866;Доллар США
1;24.11.2022;60,5043;Доллар США
1;23.11.2022;60,6566;Доллар США
1;22.11.2022;60,7379;Доллар США
1;19.11.2022;60,3741;Доллар США
1;18.11.2022;60,3894;Доллар США
1;17.11.2022;60,3484;Доллар США
1;16.11.2022;60,3116;Доллар США
1;15.11.2022;60,3982;Доллар США
1;12.11.2022;60,2179;Доллар США
1;11.11.2022;61,2434;Доллар США
1;10.11.2022;61,0611;Доллар США
1;09.11.2022;60,9774;Доллар США
1;08.11.2022;61,2367;Доллар США
1;04.11.2022;62,0955;Доллар США
1;03.11.2022;61,6175;Доллар США
1;02.11.2022;61,4275;Доллар США
1;01.11.2022;61,6229;Доллар США
1;29.10.2022;61,5343;Доллар США
1;28.10.2022;61,3589;Доллар США
1;27.10.2022;61,4277;Доллар США
1;26.10.2022;61,3326;Доллар США
1;25.10.2022;61,1629;Доллар США
1;22.10.2022;61,1958;Доллар США
1;21.10.2022;61,5018;Доллар США
1;20.10.2022;61,5905;Доллар США
1;19.10.2022;61,7032;Доллар США
1;18.10.2022;61,7634;Доллар США
1;15.10.2022;63,0558;Доллар США
1;14.10.2022;63,4917;Доллар США
1;13.10.2022;63,7559;Доллар США
1;12.10.2022;63,6840;Доллар США
1;11.10.2022;62,3126;Доллар США
1;08.10.2022;61,2475;Доллар США
1;07.10.2022;60,2534;Доллар США
1;06.10.2022;59,4043;Доллар США
1;05.10.2022;58,7913;Доллар США
1;04.10.2022;57,5664;Доллар США
1;01.10.2022;55,2987;Доллар США
1;30.09.2022;57,4130;Доллар США
1;29.09.2022;58,4485;Доллар США
1;28.09.2022;58,1756;Доллар США
1;27.09.2022;57,9990;Доллар США
1;24.09.2022;58,1006;Доллар США
1;23.09.2022;59,8318;Доллар США
1;22.09.2022;60,8685;Доллар США
1;21.09.2022;60,0158;Доллар США
1;20.09.2022;60,1662;Доллар США
1;17.09.2022;60,0316;Доллар США
1;16.09.2022;59,6663;Доллар США
1;15.09.2022;59,7751;Доллар США
1;14.09.2022;60,0676;Доллар США
1;13.09.2022;60,4568;Доллар США
1;10.09.2022;60,4696;Доллар США
1;09.09.2022;60,8010;Доллар США
1;08.09.2022;61,1814;Доллар США
1;07.09.2022;60,8544;Доллар США
1;06.09.2022;60,9033;Доллар США
1;03.09.2022;60,3713;Доллар США
1;02.09.2022;60,2370;Доллар США
1;01.09.2022;60,2386;Доллар США
1;31.08.2022;60,3677;Доллар США
1;30.08.2022;60,3636;Доллар США
1;27.08.2022;60,0924;Доллар США
1;26.08.2022;59,7699;Доллар США
1;25.08.2022;59,9974;Доллар США
1;24.08.2022;59,8963;Доллар США
1;23.08.2022;59,7419;Доллар США
1;20.08.2022;59,1321;Доллар США
1;19.08.2022;59,9570;Доллар США
1;18.08.2022;60,7552;Доллар США
1;17.08.2022;61,4247;Доллар США
1;16.08.2022;61,3747;Доллар США
1;13.08.2022;60,8993;Доллар США
1;12.08.2022;60,6229;Доллар США
1;11.08.2022;60,4542;Доллар США
1;10.08.2022;60,3814;Доллар США
1;09.08.2022;60,3164;Доллар США
1;06.08.2022;60,3696;Доллар США
1;05.08.2022;60,2580;Доллар США
1;04.08.2022;60,2374;Доллар США
1;03.08.2022;60,1595;Доллар США
1;02.08.2022;62,0506;Доллар США
1;30.07.2022;61,3101;Доллар США
1;29.07.2022;60,2031;Доллар США
1;28.07.2022;60,2198;Доллар США
1;27.07.2022;58,6605;Доллар США
1;26.07.2022;57,7821;Доллар США
1;23.07.2022;57,3917;Доллар США
1;22.07.2022;56,4783;Доллар США
1;21.07.2022;54,8491;Доллар США
1;20.07.2022;55,4370;Доллар США
1;19.07.2022;56,5616;Доллар США
1;16.07.2022;57,8323;Доллар США
1;15.07.2022;58,2568;Доллар США
1;14.07.2022;58,5322;Доллар США
1;13.07.2022;58,8541;Доллар США
1;12.07.2022;61,3045;Доллар США
1;09.07.2022;61,2664;Доллар США
1;08.07.2022;63,1427;Доллар США
1;07.07.2022;62,9110;Доллар США
1;06.07.2022;58,5118;Доллар США
1;05.07.2022;55,0858;Доллар США
1;02.07.2022;53,7676;Доллар США
1;01.07.2022;52,5123;Доллар США
1;30.06.2022;51,1580;Доллар США
1;29.06.2022;52,9699;Доллар США
1;28.06.2022;53,3641;Доллар США
1;25.06.2022;53,3234;Доллар США
1;24.06.2022;53,3578;Доллар США
1;23.06.2022;53,2788;Доллар США
1;22.06.2022;54,7081;Доллар США
1;21.06.2022;56,1727;Доллар США
1;18.06.2022;56,7101;Доллар США
1;17.06.2022;56,8691;Доллар США
1;16.06.2022;56,6624;Доллар США
1;15.06.2022;57,0926;Доллар США
1;11.06.2022;57,7780;Доллар США
1;10.06.2022;58,3895;Доллар США
1;09.06.2022;60,2282;Доллар США
1;08.06.2022;60,9565;Доллар США
1;07.06.2022;61,1094;Доллар США
1;04.06.2022;61,9659;Доллар США
1;03.06.2022;61,5750;Доллар США
1;02.06.2022;61,4733;Доллар США
1;01.06.2022;61,6069;Доллар США
1;31.05.2022;63,0975;Доллар США
1;28.05.2022;66,4029;Доллар США
1;27.05.2022;62,0495;Доллар США
1;26.05.2022;56,2996;Доллар США
1;25.05.2022;56,9690;Доллар США
1;24.05.2022;58,2087;Доллар США
1;21.05.2022;58,8862;Доллар США
1;20.05.2022;62,4031;Доллар США
1;19.05.2022;63,5643;Доллар США
1;18.05.2022;63,5428;Доллар США
1;17.05.2022;63,4445;Доллар США
1;14.05.2022;63,7799;Доллар США
1;13.05.2022;65,7916;Доллар США
1;12.05.2022;68,8389;Доллар США
1;07.05.2022;67,3843;Доллар США
1;06.05.2022;66,2378;Доллар США
1;05.05.2022;69,4160;Доллар США
1;30.04.2022;71,0237;Доллар США
1;29.04.2022;72,2953;Доллар США
1;28.04.2022;72,8764;Доллар США
1;27.04.2022;72,7089;Доллар США
1;26.04.2022;73,3611;Доллар США
1;23.04.2022;73,5050;Доллар США
1;22.04.2022;74,9990;Доллар США
1;21.04.2022;77,0809;Доллар США
1;20.04.2022;79,0287;Доллар США
1;19.04.2022;79,4529;Доллар США
1;16.04.2022;80,0437;Доллар США
1;15.04.2022;81,2880;Доллар США
1;14.04.2022;79,8471;Доллар США
1;13.04.2022;79,6274;Доллар США
1;12.04.2022;79,1596;Доллар США
1;09.04.2022;74,8501;Доллар США
1;08.04.2022;76,2547;Доллар США
1;07.04.2022;82,5962;Доллар США
1;06.04.2022;83,3520;Доллар США
1;05.04.2022;83,5932;Доллар США
1;02.04.2022;83,4285;Доллар США
1;01.04.2022;83,4097;Доллар США
1;31.03.2022;84,0851;Доллар США
1;30.03.2022;86,2843;Доллар США
1;29.03.2022;93,7125;Доллар США
1;26.03.2022;95,6618;Доллар США
1;25.03.2022;96,0458;Доллар США
1;24.03.2022;103,1618;Доллар США
1;23.03.2022;104,0741;Доллар США
1;22.03.2022;104,6819;Доллар США
1;19.03.2022;103,9524;Доллар США
1;18.03.2022;104,8012;Доллар США
1;17.03.2022;108,0521;Доллар США
1;16.03.2022;111,4823;Доллар США
1;15.03.2022;115,1963;Доллар США
1;12.03.2022;116,7517;Доллар США
1;11.03.2022;120,3785;Доллар США
1;10.03.2022;116,0847;Доллар США
1;06.03.2022;105,8124;Доллар США
1;05.03.2022;105,8124;Доллар США
1;04.03.2022;111,7564;Доллар США
1;03.03.2022;103,2487;Доллар США
1;02.03.2022;91,7457;Доллар США
1;01.03.2022;93,5589;Доллар США
1;26.02.2022;83,5485;Доллар США
1;25.02.2022;86,9288;Доллар США
1;23.02.2022;80,4194;Доллар США
1;22.02.2022;76,7671;Доллар США
1;19.02.2022;75,7619;Доллар США
1;18.02.2022;75,7527;Доллар США
1;17.02.2022;75,0141;Доллар США
1;16.02.2022;76,1660;Доллар США
1;15.02.2022;76,5762;Доллар США
1;12.02.2022;74,9867;Доллар США
1;11.02.2022;74,7241;Доллар США
1;10.02.2022;74,8015;Доллар США
1;09.02.2022;75,3042;Доллар США
1;08.02.2022;75,6806;Доллар США
1;05.02.2022;76,0509;Доллар США
1;04.02.2022;76,6501;Доллар США
1;03.02.2022;76,4849;Доллар США
1;02.02.2022;77,1302;Доллар США
1;01.02.2022;77,4702;Доллар США
1;29.01.2022;77,8174;Доллар США
1;28.01.2022;78,9470;Доллар США
1;27.01.2022;78,9437;Доллар США
1;26.01.2022;78,6422;Доллар США
1;25.01.2022;77,3649;Доллар США
1;22.01.2022;76,6903;Доллар США
1;21.01.2022;76,4408;Доллар США
1;20.01.2022;76,8697;Доллар США
1;19.01.2022;76,3347;Доллар США
1;18.01.2022;76,0404;Доллар США
1;15.01.2022;75,7668;Доллар США
1;14.01.2022;74,5686;Доллар США
1;13.01.2022;74,5277;Доллар США
1;12.01.2022;74,8355;Доллар США
1;11.01.2022;75,1315;Доллар США
1;31.12.2021;74,2926;Доллар США
1;30.12.2021;73,6514;Доллар США
1;29.12.2021;73,4959;Доллар США
1;28.12.2021;73,2329;Доллар США
1;25.12.2021;73,1886;Доллар США
1;24.12.2021;73,3583;Доллар США
1;23.12.2021;73,7901;Доллар США
1;22.12.2021;73,8206;Доллар США
1;21.12.2021;74,2947;Доллар США
1;18.12.2021;73,7330;Доллар США
1;17.12.2021;73,5708;Доллар США
1;16.12.2021;73,8510;Доллар США
1;15.12.2021;73,4698;Доллар США
1;14.12.2021;73,4107;Доллар США
1;11.12.2021;73,6059;Доллар США
1;10.12.2021;73,5998;Доллар США
1;09.12.2021;73,8453;Доллар США
1;08.12.2021;74,1399;Доллар США
1;07.12.2021;73,6694;Доллар США
1;04.12.2021;73,7426;Доллар США
1;03.12.2021;74,0637;Доллар США
1;02.12.2021;73,9746;Доллар США
1;01.12.2021;74,8926;Доллар США
1;30.11.2021;74,9818;Доллар США
1;27.11.2021;75,5873;Доллар США
1;26.11.2021;74,6004;Доллар США
1;25.11.2021;74,3726;Доллар США
1;24.11.2021;74,8327;Доллар США
1;23.11.2021;73,4506;Доллар США
1;20.11.2021;72,7617;Доллар США
1;19.11.2021;72,6022;Доллар США
1;18.11.2021;72,8228;Доллар США
1;17.11.2021;72,5553;Доллар США
1;16.11.2021;72,2724;Доллар США
1;13.11.2021;71,8118;Доллар США
1;12.11.2021;71,1964;Доллар США
1;11.11.2021;70,6950;Доллар США
1;10.11.2021;71,2866;Доллар США
1;09.11.2021;71,3975;Доллар США
1;04.11.2021;71,4876;Доллар США
1;03.11.2021;71,4783;Доллар США
1;02.11.2021;71,0863;Доллар США
1;30.10.2021;70,5200;Доллар США
1;29.10.2021;70,5207;Доллар США
1;28.10.2021;69,8104;Доллар США
1;27.10.2021;69,5526;Доллар США
1;26.10.2021;70,1345;Доллар США
1;23.10.2021;70,8623;Доллар США
1;22.10.2021;70,9904;Доллар США
1;21.10.2021;71,0555;Доллар США
1;20.10.2021;70,9674;Доллар США
1;19.10.2021;71,1714;Доллар США
1;16.10.2021;71,2371;Доллар США
1;15.10.2021;71,7846;Доллар США
1;14.10.2021;71,8577;Доллар США
1;13.10.2021;71,8801;Доллар США
1;12.10.2021;71,6373;Доллар США
1;09.10.2021;71,9882;Доллар США
1;08.10.2021;72,2854;Доллар США
1;07.10.2021;72,5682;Доллар США
1;06.10.2021;72,5686;Доллар США
1;05.10.2021;72,9239;Доллар США
1;02.10.2021;72,9215;Доллар США
1;01.10.2021;72,6642;Доллар США
1;30.09.2021;72,7608;Доллар США
1;29.09.2021;72,5083;Доллар США
1;28.09.2021;72,6613;Доллар США
1;25.09.2021;73,0081;Доллар США
1;24.09.2021;72,7245;Доллар США
1;23.09.2021;72,8806;Доллар США
1;22.09.2021;73,2067;Доллар США
1;21.09.2021;73,3315;Доллар США
1;18.09.2021;72,5602;Доллар США
1;17.09.2021;72,4329;Доллар США
1;16.09.2021;72,8520;Доллар США
1;15.09.2021;72,7171;Доллар США
1;14.09.2021;73,0841;Доллар США
1;11.09.2021;72,7600;Доллар США
1;10.09.2021;73,1290;Доллар США
1;09.09.2021;73,4421;Доллар США
1;08.09.2021;73,1909;Доллар США
1;07.09.2021;72,9538;Доллар США
1;04.09.2021;72,8545;Доллар США
1;03.09.2021;72,8491;Доллар США
1;02.09.2021;73,1912;Доллар США
1;01.09.2021;73,2781;Доллар США
1;31.08.2021;73,5744;Доллар США
1;28.08.2021;73,9866;Доллар США
1;27.08.2021;73,9908;Доллар США
1;26.08.2021;73,7428;Доллар США
1;25.08.2021;73,9465;Доллар США
1;24.08.2021;74,0666;Доллар США
1;21.08.2021;74,3640;Доллар США
1;20.08.2021;74,1503;Доллар США
1;19.08.2021;73,4633;Доллар США
1;18.08.2021;73,4753;Доллар США
1;17.08.2021;73,3920;Доллар США
1;14.08.2021;73,4721;Доллар США
1;13.08.2021;73,5671;Доллар США
1;12.08.2021;73,9695;Доллар США
1;11.08.2021;73,5962;Доллар США
1;10.08.2021;73,5078;Доллар США
1;07.08.2021;73,1304;Доллар США
1;06.08.2021;73,1680;Доллар США
1;05.08.2021;72,7857;Доллар США
1;04.08.2021;72,8724;Доллар США
1;03.08.2021;73,0156;Доллар США
1;31.07.2021;73,1388;Доллар США
1;30.07.2021;73,1904;Доллар США
1;29.07.2021;73,6088;Доллар США
1;28.07.2021;73,8471;Доллар США
1;27.07.2021;74,0980;Доллар США
1;24.07.2021;73,7663;Доллар США
1;23.07.2021;73,6945;Доллар США
1;22.07.2021;74,4947;Доллар США
1;21.07.2021;74,4910;Доллар США
1;20.07.2021;74,3463;Доллар США
1;17.07.2021;74,1656;Доллар США
1;16.07.2021;74,2197;Доллар США
1;15.07.2021;74,1236;Доллар США
1;14.07.2021;74,0589;Доллар США
1;13.07.2021;74,6336;Доллар США
1;10.07.2021;74,4675;Доллар США
1;09.07.2021;75,1952;Доллар США
1;08.07.2021;74,0580;Доллар США
1;07.07.2021;73,2660;Доллар США
1;06.07.2021;73,3540;Доллар США
1;03.07.2021;73,6175;Доллар США
1;02.07.2021;72,9086;Доллар США
1;01.07.2021;72,7234;Доллар США
1;30.06.2021;72,3723;Доллар США
1;29.06.2021;72,1777;Доллар США
1;26.06.2021;72,1694;Доллар США
1;25.06.2021;72,3260;Доллар США
1;24.06.2021;72,6671;Доллар США
1;23.06.2021;73,1661;Доллар США
1;22.06.2021;73,1987;Доллар США
1;19.06.2021;72,2216;Доллар США
1;18.06.2021;72,5048;Доллар США
1;17.06.2021;72,0323;Доллар США
1;16.06.2021;71,8318;Доллар США
1;12.06.2021;71,6797;Доллар США
1;11.06.2021;72,1974;Доллар США
1;10.06.2021;72,0829;Доллар США
1;09.06.2021;72,8256;Доллар США
1;08.06.2021;72,9294;Доллар США
1;05.06.2021;73,2721;Доллар США
1;04.06.2021;73,2636;Доллар США
1;03.06.2021;73,4979;Доллар США
1;02.06.2021;73,2411;Доллар США
1;01.06.2021;73,2965;Доллар США
1;29.05.2021;73,5870;Доллар США
1;28.05.2021;73,4580;Доллар США
1;27.05.2021;73,4737;Доллар США
1;26.05.2021;73,3963;Доллар США
1;25.05.2021;73,5266;Доллар США
1;22.05.2021;73,5803;Доллар США
1;21.05.2021;73,6007;Доллар США
1;20.05.2021;73,6778;Доллар США
1;19.05.2021;73,6992;Доллар США
1;18.05.2021;73,8537;Доллар США
1;15.05.2021;73,9968;Доллар США
1;14.05.2021;74,3566;Доллар США
1;13.05.2021;74,0400;Доллар США
1;12.05.2021;74,1567;Доллар США
1;08.05.2021;74,1373;Доллар США
1;07.05.2021;74,5770;Доллар США
1;06.05.2021;74,8617;Доллар США
1;05.05.2021;75,2567;Доллар США
1;01.05.2021;74,8451;Доллар США
1;30.04.2021;74,3823;Доллар США
1;29.04.2021;74,9390;Доллар США
1;28.04.2021;74,9578;Доллар США
1;27.04.2021;74,7680;Доллар США
1;24.04.2021;75,0893;Доллар США
1;23.04.2021;76,4217;Доллар США
1;22.04.2021;76,8198;Доллар США
1;21.04.2021;76,0155;Доллар США
1;20.04.2021;76,2491;Доллар США
1;17.04.2021;75,5535;Доллар США
1;16.04.2021;76,9808;Доллар США
1;15.04.2021;75,6826;Доллар США
1;14.04.2021;77,2535;Доллар США
1;13.04.2021;77,5104;Доллар США
1;10.04.2021;77,1657;Доллар США
1;09.04.2021;77,1011;Доллар США
1;08.04.2021;77,7730;Доллар США
1;07.04.2021;76,3802;Доллар США
1;06.04.2021;76,6052;Доллар США
1;03.04.2021;76,0734;Доллар США
1;02.04.2021;75,8073;Доллар США
1;01.04.2021;75,6373;Доллар США
1;31.03.2021;75,7023;Доллар США
1;30.03.2021;75,8287;Доллар США
1;27.03.2021;75,7576;Доллар США
1;26.03.2021;76,1741;Доллар США
1;25.03.2021;76,1535;Доллар США
1;24.03.2021;75,3585;Доллар США
1;23.03.2021;74,6085;Доллар США
1;20.03.2021;74,1390;Доллар США
1;19.03.2021;73,6582;Доллар США
1;18.03.2021;73,1019;Доллар США
1;17.03.2021;72,9619;Доллар США
1;16.03.2021;73,2317;Доллар США
1;13.03.2021;73,5081;Доллар США
1;12.03.2021;73,4996;Доллар США
1;11.03.2021;74,0393;Доллар США
1;10.03.2021;74,2640;Доллар США
1;06.03.2021;74,4275;Доллар США
1;05.03.2021;73,7864;Доллар США
1;04.03.2021;73,5187;Доллар США
1;03.03.2021;74,5755;Доллар США
1;02.03.2021;74,0448;Доллар США
1;27.02.2021;74,4373;Доллар США
1;26.02.2021;73,4747;Доллар США
1;25.02.2021;73,7532;Доллар США
1;21.02.2021;73,9833;Доллар США
1;20.02.2021;73,9717;Доллар США
1;19.02.2021;73,7755;Доллар США
1;18.02.2021;73,7669;Доллар США
1;17.02.2021;73,2895;Доллар США
1;16.02.2021;73,3092;Доллар США
1;13.02.2021;73,9378;Доллар США
1;12.02.2021;73,7579;Доллар США
1;11.02.2021;73,8526;Доллар США
1;10.02.2021;74,1192;Доллар США
1;09.02.2021;74,2602;Доллар США
1;06.02.2021;75,1107;Доллар США
1;05.02.2021;75,7293;Доллар США
1;04.02.2021;76,0801;Доллар США
1;03.02.2021;75,9051;Доллар США
1;02.02.2021;75,5053;Доллар США
1;30.01.2021;76,2527;Доллар США
1;29.01.2021;76,1854;Доллар США
1;28.01.2021;75,0400;Доллар США
1;27.01.2021;75,6354;Доллар США
1;26.01.2021;74,8569;Доллар США
1;23.01.2021;74,3615;Доллар США
1;22.01.2021;73,3694;Доллар США
1;21.01.2021;73,3550;Доллар США
1;20.01.2021;73,7243;Доллар США
1;19.01.2021;73,9735;Доллар США
1;16.01.2021;73,5453;Доллар США
1;15.01.2021;73,7961;Доллар США
1;14.01.2021;73,5264;Доллар США
1;13.01.2021;74,2663;Доллар США
1;12.01.2021;74,5157;Доллар США
1;01.01.2021;73,8757;Доллар США
1;31.12.2020;73,8757;Доллар США
1;30.12.2020;73,6567;Доллар США
1;29.12.2020;73,7175;Доллар США
1;26.12.2020;73,6921;Доллар США
1;25.12.2020;74,8392;Доллар США
1;24.12.2020;75,4571;Доллар США
1;23.12.2020;75,3498;Доллар США
1;22.12.2020;74,6721;Доллар США
1;19.12.2020;73,3155;Доллар США
1;18.12.2020;72,9781;Доллар США
1;17.12.2020;73,4201;Доллар США
1;16.12.2020;73,4453;Доллар США
1;15.12.2020;72,9272;Доллар США
1;12.12.2020;73,1195;Доллар США
1;11.12.2020;73,7124;Доллар США
1;10.12.2020;73,3057;Доллар США
1;09.12.2020;73,6618;Доллар США
1;08.12.2020;74,2506;Доллар США
1;05.12.2020;74,2529;Доллар США
1;04.12.2020;75,1996;Доллар США
1;03.12.2020;75,6151;Доллар США
1;02.12.2020;76,3203;Доллар США
1;01.12.2020;76,1999;Доллар США
1;28.11.2020;75,8599;Доллар США
1;27.11.2020;75,4518;Доллар США
1;26.11.2020;75,4727;Доллар США
1;25.11.2020;75,8146;Доллар США
1;24.11.2020;75,7600;Доллар США
1;21.11.2020;76,0120;Доллар США
1;20.11.2020;76,2627;Доллар США
1;19.11.2020;75,9268;Доллар США
1;18.11.2020;76,2530;Доллар США
1;17.11.2020;76,9197;Доллар США
1;14.11.2020;77,3262;Доллар США
1;13.11.2020;77,1148;Доллар США
1;12.11.2020;76,2075;Доллар США
1;11.11.2020;76,3978;Доллар США
1;10.11.2020;76,9515;Доллар США
1;07.11.2020;77,1875;Доллар США
1;06.11.2020;78,4559;Доллар США
1;04.11.2020;80,0006;Доллар США
1;03.11.2020;80,5749;Доллар США
1;31.10.2020;79,3323;Доллар США
1;30.10.2020;78,8699;Доллар США
1;29.10.2020;77,5520;Доллар США
1;28.10.2020;76,4556;Доллар США
1;27.10.2020;76,4443;Доллар США
1;24.10.2020;76,4667;Доллар США
1;23.10.2020;77,0809;Доллар США
1;22.10.2020;77,0322;Доллар США
1;21.10.2020;77,7780;Доллар США
1;20.10.2020;77,9241;Доллар США
1;17.10.2020;77,9644;Доллар США
1;16.10.2020;77,9461;Доллар США
1;15.10.2020;77,2759;Доллар США
1;14.10.2020;77,2855;Доллар США
1;13.10.2020;77,0239;Доллар США
1;10.10.2020;77,0284;Доллар США
1;09.10.2020;77,9157;Доллар США
1;08.10.2020;78,0921;Доллар США
1;07.10.2020;78,5119;Доллар США
1;06.10.2020;78,1281;Доллар США
1;03.10.2020;78,0915;Доллар США
1;02.10.2020;77,2774;Доллар США
1;01.10.2020;78,7847;Доллар США
1;30.09.2020;79,6845;Доллар США
1;29.09.2020;78,6713;Доллар США
1;26.09.2020;76,8195;Доллар США
1;25.09.2020;77,1780;Доллар США
1;24.09.2020;76,3545;Доллар США
1;23.09.2020;76,2711;Доллар США
1;22.09.2020;76,0381;Доллар США
1;19.09.2020;75,0319;Доллар США
1;18.09.2020;75,1941;Доллар США
1;17.09.2020;74,9278;Доллар США
1;16.09.2020;75,1884;Доллар США
1;15.09.2020;74,7148;Доллар США
1;12.09.2020;74,8896;Доллар США
1;11.09.2020;75,5274;Доллар США
1;10.09.2020;76,0713;Доллар США
1;09.09.2020;75,9645;Доллар США
1;08.09.2020;75,5910;Доллар США
1;05.09.2020;75,1823;Доллар США
1;04.09.2020;75,4680;Доллар США
1;03.09.2020;73,8588;Доллар США
1;02.09.2020;73,5849;Доллар США
1;01.09.2020;73,8039;Доллар США
1;29.08.2020;74,6382;Доллар США
1;28.08.2020;75,2354;Доллар США
1;27.08.2020;75,5379;Доллар США
1;26.08.2020;74,5126;Доллар США
1;25.08.2020;74,4184;Доллар США
1;22.08.2020;74,0999;Доллар США
1;21.08.2020;73,7711;Доллар США
1;20.08.2020;73,2392;Доллар США
1;19.08.2020;73,4321;Доллар США
1;18.08.2020;72,9676;Доллар США
1;15.08.2020;73,2157;Доллар США
1;14.08.2020;73,6067;Доллар США
1;13.08.2020;73,2351;Доллар США
1;12.08.2020;73,1522;Доллар США
1;11.08.2020;73,7750;Доллар США
1;08.08.2020;73,6376;Доллар США
1;07.08.2020;73,0397;Доллар США
1;06.08.2020;73,2806;Доллар США
1;05.08.2020;73,3806;Доллар США
1;04.08.2020;74,1586;Доллар США
1;01.08.2020;73,4261;Доллар США
1;31.07.2020;73,3633;Доллар США
1;30.07.2020;72,2348;Доллар США
1;29.07.2020;71,9196;Доллар США
1;28.07.2020;71,5850;Доллар США
1;25.07.2020;71,5974;Доллар США
1;24.07.2020;70,9630;Доллар США
1;23.07.2020;70,7881;Доллар США
1;22.07.2020;70,9668;Доллар США
1;21.07.2020;71,9628;Доллар США
1;18.07.2020;71,7139;Доллар США
1;17.07.2020;71,2310;Доллар США
1;16.07.2020;70,7998;Доллар США
1;15.07.2020;71,1275;Доллар США
1;14.07.2020;70,7479;Доллар США
1;11.07.2020;71,2298;Доллар США
1;10.07.2020;70,8800;Доллар США
1;09.07.2020;71,2379;Доллар США
1;08.07.2020;72,1719;Доллар США
1;07.07.2020;71,3409;Доллар США
1;04.07.2020;70,4999;Доллар США
1;03.07.2020;70,5198;Доллар США
1;02.07.2020;70,4413;Доллар США
1;01.07.2020;70,4413;Доллар США
1;30.06.2020;69,9513;Доллар США
1;27.06.2020;69,1284;Доллар США
1;26.06.2020;69,4660;Доллар США
1;25.06.2020;68,8376;Доллар США
1;24.06.2020;68,8376;Доллар США
1;23.06.2020;69,4835;Доллар США
1;20.06.2020;69,5725;Доллар США
1;19.06.2020;69,6180;Доллар США
1;18.06.2020;69,4822;Доллар США
1;17.06.2020;69,7524;Доллар США
1;16.06.2020;70,3950;Доллар США
1;12.06.2020;69,1219;Доллар США
1;11.06.2020;68,6183;Доллар США
1;10.06.2020;68,6745;Доллар США
1;09.06.2020;68,3123;Доллар США
1;06.06.2020;68,6319;Доллар США
1;05.06.2020;69,0151;Доллар США
1;04.06.2020;68,3413;Доллар США
1;03.06.2020;68,9831;Доллар США
1;02.06.2020;69,7114;Доллар США
1;30.05.2020;70,7520;Доллар США
1;29.05.2020;71,1012;Доллар США
1;28.05.2020;71,0635;Доллар США
1;27.05.2020;71,1408;Доллар США
1;26.05.2020;71,5962;Доллар США
1;23.05.2020;71,8804;Доллар США
1;22.05.2020;70,9240;Доллар США
1;21.05.2020;72,3381;Доллар США
1;20.05.2020;72,3918;Доллар США
1;19.05.2020;72,9798;Доллар США
1;16.05.2020;73,2056;Доллар США
1;15.05.2020;73,9298;Доллар США
1;14.05.2020;73,5819;Доллар США
1;13.05.2020;73,4326;Доллар США
1;09.05.2020;73,8725;Доллар США
1;08.05.2020;74,1169;Доллар США
1;07.05.2020;73,9719;Доллар США
1;01.05.2020;72,7263;Доллар США
1;30.04.2020;73,6894;Доллар США
1;29.04.2020;74,5706;Доллар США
1;28.04.2020;74,4960;Доллар США
1;25.04.2020;74,7163;Доллар США
1;24.04.2020;75,1290;Доллар США
1;23.04.2020;77,0416;Доллар США
1;22.04.2020;76,2562;Доллар США
1;21.04.2020;74,6657;Доллар США
1;18.04.2020;73,9441;Доллар США
1;17.04.2020;74,7119;Доллар США
1;16.04.2020;73,7145;Доллар США
1;15.04.2020;73,3150;Доллар США
1;14.04.2020;73,5245;Доллар США
1;11.04.2020;73,7515;Доллар США
1;10.04.2020;74,6050;Доллар США
1;09.04.2020;75,7499;Доллар США
1;08.04.2020;75,4550;Доллар США
1;07.04.2020;76,4074;Доллар США
1;28.03.2020;77,7325;Доллар США
1;27.03.2020;78,7223;Доллар США
1;26.03.2020;77,7928;Доллар США
1;25.03.2020;78,8493;Доллар США
1;24.03.2020;80,8815;Доллар США
1;21.03.2020;78,0443;Доллар США
1;20.03.2020;80,1570;Доллар США
1;19.03.2020;77,2131;Доллар США
1;18.03.2020;73,8896;Доллар США
1;17.03.2020;74,1262;Доллар США
1;14.03.2020;73,1882;Доллар США
1;13.03.2020;74,0274;Доллар США
1;12.03.2020;71,4720;Доллар США
1;11.03.2020;72,0208;Доллар США
1;07.03.2020;67,5175;Доллар США
1;06.03.2020;66,1854;Доллар США
1;05.03.2020;66,0784;Доллар США
1;04.03.2020;66,4437;Доллар США
1;03.03.2020;66,3274;Доллар США
1;29.02.2020;66,9909;Доллар США
1;28.02.2020;65,6097;Доллар США
1;27.02.2020;65,5177;Доллар США
1;26.02.2020;64,9213;Доллар США
1;22.02.2020;64,3008;Доллар США
1;21.02.2020;63,7413;Доллар США
1;20.02.2020;63,6873;Доллар США
1;19.02.2020;63,7698;Доллар США
1;18.02.2020;63,3085;Доллар США
1;15.02.2020;63,4536;Доллар США
1;14.02.2020;63,6016;Доллар США
1;13.02.2020;63,0470;Доллар США
1;12.02.2020;63,9490;Доллар США
1;11.02.2020;63,7708;Доллар США
1;08.02.2020;63,4720;Доллар США
1;07.02.2020;62,7977;Доллар США
1;06.02.2020;63,1742;Доллар США
1;05.02.2020;63,4342;Доллар США
1;04.02.2020;63,9091;Доллар США
1;01.02.2020;63,1385;Доллар США
1;31.01.2020;63,0359;Доллар США
1;30.01.2020;62,3934;Доллар США
1;29.01.2020;62,8299;Доллар США
1;28.01.2020;62,3380;Доллар США
1;25.01.2020;61,8031;Доллар США
1;24.01.2020;61,9515;Доллар США
1;23.01.2020;61,8343;Доллар США
1;22.01.2020;61,8552;Доллар США
1;21.01.2020;61,4654;Доллар США
1;18.01.2020;61,5333;Доллар США
1;17.01.2020;61,5694;Доллар США
1;16.01.2020;61,4328;Доллар США
1;15.01.2020;61,4140;Доллар США
1;14.01.2020;60,9474;Доллар США
1;11.01.2020;61,2632;Доллар США
1;10.01.2020;61,2340;Доллар США
1;01.01.2020;61,9057;Доллар США
1;31.12.2019;61,9057;Доллар США
1;28.12.2019;62,0315;Доллар США
1;27.12.2019;61,7676;Доллар США
1;26.12.2019;61,7164;Доллар США
1;25.12.2019;62,1673;Доллар США
1;24.12.2019;62,2499;Доллар США
1;21.12.2019;62,4071;Доллар США
1;20.12.2019;62,5283;Доллар США
1;19.12.2019;62,5831;Доллар США
1;18.12.2019;62,5326;Доллар США
1;17.12.2019;62,7686;Доллар США
1;14.12.2019;62,5544;Доллар США
1;13.12.2019;63,2257;Доллар США
1;12.12.2019;63,5653;Доллар США
1;11.12.2019;63,5788;Доллар США
1;10.12.2019;63,7244;Доллар США
1;07.12.2019;63,7185;Доллар США
1;06.12.2019;63,8135;Доллар США
1;05.12.2019;64,1948;Доллар США
1;04.12.2019;64,1401;Доллар США
1;03.12.2019;64,4097;Доллар США
1;30.11.2019;64,0817;Доллар США
1;29.11.2019;64,1005;Доллар США
1;28.11.2019;63,9722;Доллар США
1;27.11.2019;64,0239;Доллар США
1;26.11.2019;63,7637;Доллар США
1;23.11.2019;63,7101;Доллар США
1;22.11.2019;63,8430;Доллар США
1;21.11.2019;64,0213;Доллар США
1;20.11.2019;63,7730;Доллар США
1;19.11.2019;63,7542;Доллар США
1;16.11.2019;63,8881;Доллар США
1;15.11.2019;64,2101;Доллар США
1;14.11.2019;64,2009;Доллар США
1;13.11.2019;63,8530;Доллар США
1;12.11.2019;63,9121;Доллар США
1;09.11.2019;63,7295;Доллар США
1;08.11.2019;63,7298;Доллар США
1;07.11.2019;63,5880;Доллар США
1;06.11.2019;63,2480;Доллар США
1;02.11.2019;64,0316;Доллар США
1;01.11.2019;63,7748;Доллар США
1;31.10.2019;63,8734;Доллар США
1;30.10.2019;63,8320;Доллар США
1;29.10.2019;63,8700;Доллар США
1;26.10.2019;63,9966;Доллар США
1;25.10.2019;63,8600;Доллар США
1;24.10.2019;63,7997;Доллар США
1;23.10.2019;63,6336;Доллар США
1;22.10.2019;63,7606;Доллар США
1;19.10.2019;63,9542;Доллар США
1;18.10.2019;64,0144;Доллар США
1;17.10.2019;64,3455;Доллар США
1;16.10.2019;64,2548;Доллар США
1;15.10.2019;64,3652;Доллар США
1;12.10.2019;64,2237;Доллар США
1;11.10.2019;64,7416;Доллар США
1;10.10.2019;65,0976;Доллар США
1;09.10.2019;64,8672;Доллар США
1;08.10.2019;64,8259;Доллар США
1;05.10.2019;65,0300;Доллар США
1;04.10.2019;65,1312;Доллар США
1;03.10.2019;65,4399;Доллар США
1;02.10.2019;65,0670;Доллар США
1;01.10.2019;64,6407;Доллар США
1;28.09.2019;64,4156;Доллар США
1;27.09.2019;64,2888;Доллар США
1;26.09.2019;64,1873;Доллар США
1;25.09.2019;63,7060;Доллар США
1;24.09.2019;63,9453;Доллар США
1;21.09.2019;63,8487;Доллар США
1;20.09.2019;64,2199;Доллар США
1;19.09.2019;64,4290;Доллар США
1;18.09.2019;64,1213;Доллар США
1;17.09.2019;63,8272;Доллар США
1;14.09.2019;64,4711;Доллар США
1;13.09.2019;65,1909;Доллар США
1;12.09.2019;65,4321;Доллар США
1;11.09.2019;65,4393;Доллар США
1;10.09.2019;65,5698;Доллар США
1;07.09.2019;65,9981;Доллар США
1;06.09.2019;66,0528;Доллар США
1;05.09.2019;66,5002;Доллар США
1;04.09.2019;66,9072;Доллар США
1;03.09.2019;66,6235;Доллар США
1;31.08.2019;66,4897;Доллар США
1;30.08.2019;66,7471;Доллар США
1;29.08.2019;66,4127;Доллар США
1;28.08.2019;66,2608;Доллар США
1;27.08.2019;65,9735;Доллар США
1;24.08.2019;65,6046;Доллар США
1;23.08.2019;65,6196;Доллар США
1;22.08.2019;66,2630;Доллар США
1;21.08.2019;66,7840;Доллар США
1;20.08.2019;66,6082;Доллар США
1;17.08.2019;65,9961;Доллар США
1;16.08.2019;65,8907;Доллар США
1;15.08.2019;65,2032;Доллар США
1;14.08.2019;65,6017;Доллар США
1;13.08.2019;65,4287;Доллар США
1;10.08.2019;65,2543;Доллар США
1;09.08.2019;65,1299;Доллар США
1;08.08.2019;65,0932;Доллар США
1;07.08.2019;65,2030;Доллар США
1;06.08.2019;65,0546;Доллар США
1;03.08.2019;64,6423;Доллар США
1;02.08.2019;63,8340;Доллар США
1;01.08.2019;63,4172;Доллар США
1;31.07.2019;63,3791;Доллар США
1;30.07.2019;63,5210;Доллар США
1;27.07.2019;63,1271;Доллар США
1;26.07.2019;63,1572;Доллар США
1;25.07.2019;63,1162;Доллар США
1;24.07.2019;63,1290;Доллар США
1;23.07.2019;62,9776;Доллар США
1;20.07.2019;62,8666;Доллар США
1;19.07.2019;62,8286;Доллар США
1;18.07.2019;62,9451;Доллар США
1;17.07.2019;62,8129;Доллар США
1;16.07.2019;62,8280;Доллар США
1;13.07.2019;63,0204;Доллар США
1;12.07.2019;62,9944;Доллар США
1;11.07.2019;63,7988;Доллар США
1;10.07.2019;63,7660;Доллар США
1;09.07.2019;63,8699;Доллар США
1;06.07.2019;63,5841;Доллар США
1;05.07.2019;63,4013;Доллар США
1;04.07.2019;63,4951;Доллар США
1;03.07.2019;63,2265;Доллар США
1;02.07.2019;63,0541;Доллар США
1;29.06.2019;63,0756;Доллар США
1;28.06.2019;63,0452;Доллар США
1;27.06.2019;62,8083;Доллар США
1;26.06.2019;62,5229;Доллар США
1;25.06.2019;62,9095;Доллар США
1;22.06.2019;63,1295;Доллар США
1;21.06.2019;63,3877;Доллар США
1;20.06.2019;63,9794;Доллар США
1;19.06.2019;64,3352;Доллар США
1;18.06.2019;64,3187;Доллар США
1;15.06.2019;64,4326;Доллар США
1;14.06.2019;64,6314;Доллар США
1;12.06.2019;64,5158;Доллар США
1;11.06.2019;64,7919;Доллар США
1;08.06.2019;65,0395;Доллар США
1;07.06.2019;65,2340;Доллар США
1;06.06.2019;65,1243;Доллар США
1;05.06.2019;65,1614;Доллар США
1;04.06.2019;65,5547;Доллар США
1;01.06.2019;65,3834;Доллар США
1;31.05.2019;65,0583;Доллар США
1;30.05.2019;64,9084;Доллар США
1;29.05.2019;64,5394;Доллар США
1;28.05.2019;64,4636;Доллар США
1;25.05.2019;64,6106;Доллар США
1;24.05.2019;64,4913;Доллар США
1;23.05.2019;64,4156;Доллар США
1;22.05.2019;64,5372;Доллар США
1;21.05.2019;64,4888;Доллар США
1;18.05.2019;64,6327;Доллар США
1;17.05.2019;64,5598;Доллар США
1;16.05.2019;64,8489;Доллар США
1;15.05.2019;65,3001;Доллар США
1;14.05.2019;65,4703;Доллар США
1;09.05.2019;65,2287;Доллар США
1;08.05.2019;65,2166;Доллар США
1;07.05.2019;65,3350;Доллар США
1;01.05.2019;64,6314;Доллар США
1;30.04.2019;64,6917;Доллар США
1;27.04.2019;64,7053;Доллар США
1;26.04.2019;64,6794;Доллар США
1;25.04.2019;63,9798;Доллар США
1;24.04.2019;63,7906;Доллар США
1;23.04.2019;63,7860;Доллар США
1;20.04.2019;63,9602;Доллар США
1;19.04.2019;64,0688;Доллар США
1;18.04.2019;63,9450;Доллар США
1;17.04.2019;64,2422;Доллар США
1;16.04.2019;64,2469;Доллар США
1;13.04.2019;64,5171;Доллар США
1;12.04.2019;64,3991;Доллар США
1;11.04.2019;64,7373;Доллар США
1;10.04.2019;64,7766;Доллар США
1;09.04.2019;65,3498;Доллар США
1;06.04.2019;65,4072;Доллар США
1;05.04.2019;65,3281;Доллар США
1;04.04.2019;65,1639;Доллар США
1;03.04.2019;65,4726;Доллар США
1;02.04.2019;65,4176;Доллар США
1;30.03.2019;64,7347;Доллар США
1;29.03.2019;64,8012;Доллар США
1;28.03.2019;64,5925;Доллар США
1;27.03.2019;64,1683;Доллар США
1;26.03.2019;64,4993;Доллар США
1;23.03.2019;63,7705;Доллар США
1;22.03.2019;63,7420;Доллар США
1;21.03.2019;64,2803;Доллар США
1;20.03.2019;64,3167;Доллар США
1;19.03.2019;64,6694;Доллар США
1;16.03.2019;65,4201;Доллар США
1;15.03.2019;65,4021;Доллар США
1;14.03.2019;65,5890;Доллар США
1;13.03.2019;65,7674;Доллар США
1;12.03.2019;66,0763;Доллар США
1;08.03.2019;65,9646;Доллар США
1;07.03.2019;65,8430;Доллар США
1;06.03.2019;65,8004;Доллар США
1;05.03.2019;65,7956;Доллар США
1;02.03.2019;65,8145;Доллар США
1;01.03.2019;65,8895;Доллар США
1;28.02.2019;65,7570;Доллар США
1;27.02.2019;65,6182;Доллар США
1;26.02.2019;65,2582;Доллар США
1;23.02.2019;65,5149;Доллар США
1;22.02.2019;65,5401;Доллар США
1;21.02.2019;65,8568;Доллар США
1;20.02.2019;66,2022;Доллар США
1;19.02.2019;66,2470;Доллар США
1;16.02.2019;66,7044;Доллар США
1;15.02.2019;66,5429;Доллар США
1;14.02.2019;65,6783;Доллар США
1;13.02.2019;65,7147;Доллар США
1;12.02.2019;65,6517;Доллар США
1;09.02.2019;66,0628;Доллар США
1;08.02.2019;66,0199;Доллар США
1;07.02.2019;65,6686;Доллар США
1;06.02.2019;65,5691;Доллар США
1;05.02.2019;65,5859;Доллар США
1;02.02.2019;65,6601;Доллар США
1;01.02.2019;65,3577;Доллар США
1;31.01.2019;66,0987;Доллар США
1;30.01.2019;66,3412;Доллар США
1;29.01.2019;65,9300;Доллар США
1;26.01.2019;65,9170;Доллар США
1;25.01.2019;66,0016;Доллар США
1;24.01.2019;66,3318;Доллар США
1;23.01.2019;66,5499;Доллар США
1;22.01.2019;66,3634;Доллар США
1;19.01.2019;66,3309;Доллар США
1;18.01.2019;66,4438;Доллар США
1;17.01.2019;66,7617;Доллар США
1;16.01.2019;67,0820;Доллар США
1;15.01.2019;67,1920;Доллар США
1;12.01.2019;66,9167;Доллар США
1;11.01.2019;66,8605;Доллар США
1;10.01.2019;67,0795;Доллар США
1;30.12.2018;69,4706;Доллар США
1;29.12.2018;69,5218;Доллар США
1;28.12.2018;68,8762;Доллар США
1;27.12.2018;68,8865;Доллар США
1;26.12.2018;68,7448;Доллар США
1;25.12.2018;68,4073;Доллар США
1;22.12.2018;68,0085;Доллар США
1;21.12.2018;67,3710;Доллар США
1;20.12.2018;67,1121;Доллар США
1;19.12.2018;66,7454;Доллар США
1;18.12.2018;66,6208;Доллар США
1;15.12.2018;66,4337;Доллар США
1;14.12.2018;66,2550;Доллар США
1;13.12.2018;66,4225;Доллар США
1;12.12.2018;66,5022;Доллар США
1;11.12.2018;66,2416;Доллар США
1;08.12.2018;66,9227;Доллар США
1;07.12.2018;66,7377;Доллар США
1;06.12.2018;66,8242;Доллар США
1;05.12.2018;66,4467;Доллар США
1;04.12.2018;66,2921;Доллар США
1;01.12.2018;66,5335;Доллар США
1;30.11.2018;66,6342;Доллар США
1;29.11.2018;66,9436;Доллар США
1;28.11.2018;66,7800;Доллар США
1;27.11.2018;66,5072;Доллар США
1;24.11.2018;65,6664;Доллар США
1;23.11.2018;65,6067;Доллар США
1;22.11.2018;65,9485;Доллар США
1;21.11.2018;65,5871;Доллар США
1;20.11.2018;66,0081;Доллар США
1;17.11.2018;65,9931;Доллар США
1;16.11.2018;66,6159;Доллар США
1;15.11.2018;67,9975;Доллар США
1;14.11.2018;67,6812;Доллар США
1;13.11.2018;67,5238;Доллар США
1;10.11.2018;66,8497;Доллар США
1;09.11.2018;66,2155;Доллар США
1;08.11.2018;66,0918;Доллар США
1;07.11.2018;65,9912;Доллар США
1;03.11.2018;65,5799;Доллар США
1;02.11.2018;65,6517;Доллар США
1;01.11.2018;65,5962;Доллар США
1;31.10.2018;65,7742;Доллар США
1;30.10.2018;65,8129;Доллар США
1;27.10.2018;65,6345;Доллар США
1;26.10.2018;65,7476;Доллар США
1;25.10.2018;65,6299;Доллар США
1;24.10.2018;65,3101;Доллар США
1;23.10.2018;65,3065;Доллар США
1;20.10.2018;65,8140;Доллар США
1;19.10.2018;65,7238;Доллар США
1;18.10.2018;65,4026;Доллар США
1;17.10.2018;65,5305;Доллар США
1;16.10.2018;65,7508;Доллар США
1;13.10.2018;65,9751;Доллар США
1;12.10.2018;66,7727;Доллар США
1;11.10.2018;66,1832;Доллар США
1;10.10.2018;66,4032;Доллар США
1;09.10.2018;66,9685;Доллар США
1;06.10.2018;66,6270;Доллар США
1;05.10.2018;66,2115;Доллар США
1;04.10.2018;65,4244;Доллар США
1;03.10.2018;65,2221;Доллар США
1;02.10.2018;65,5745;Доллар США
1;29.09.2018;65,5906;Доллар США
1;28.09.2018;65,8355;Доллар США
1;27.09.2018;65,7585;Доллар США
1;26.09.2018;65,8244;Доллар США
1;25.09.2018;66,1594;Доллар США
1;22.09.2018;66,2497;Доллар США
1;21.09.2018;66,4725;Доллар США
1;20.09.2018;67,0098;Доллар США
1;19.09.2018;67,7519;Доллар США
1;18.09.2018;68,1958;Доллар США
1;15.09.2018;68,2826;Доллар США
1;14.09.2018;68,6370;Доллар США
1;13.09.2018;69,5728;Доллар США
1;12.09.2018;69,9744;Доллар США
1;11.09.2018;69,8685;Доллар США
1;08.09.2018;69,0286;Доллар США
1;07.09.2018;68,2505;Доллар США
1;06.09.2018;68,4628;Доллар США
1;05.09.2018;68,2737;Доллар США
1;04.09.2018;67,7443;Доллар США
1;01.09.2018;68,0447;Доллар США
1;31.08.2018;68,0821;Доллар США
1;30.08.2018;68,1451;Доллар США
1;29.08.2018;67,3911;Доллар США
1;28.08.2018;67,3963;Доллар США
1;25.08.2018;67,7911;Доллар США
1;24.08.2018;68,5259;Доллар США
1;23.08.2018;67,6163;Доллар США
1;22.08.2018;67,1783;Доллар США
1;21.08.2018;67,1807;Доллар США
1;18.08.2018;66,8757;Доллар США
1;17.08.2018;66,8932;Доллар США
1;16.08.2018;66,3772;Доллар США
1;15.08.2018;66,7535;Доллар США
1;14.08.2018;68,2234;Доллар США
1;11.08.2018;66,9075;Доллар США
1;10.08.2018;66,2856;Доллар США
1;09.08.2018;63,5950;Доллар США
1;08.08.2018;63,5425;Доллар США
1;07.08.2018;63,4975;Доллар США
1;04.08.2018;63,4549;Доллар США
1;03.08.2018;63,1358;Доллар США
1;02.08.2018;62,5590;Доллар США
1;01.08.2018;62,3497;Доллар США
1;31.07.2018;62,7805;Доллар США
1;28.07.2018;62,9726;Доллар США
1;27.07.2018;62,9471;Доллар США
1;26.07.2018;63,0836;Доллар США
1;25.07.2018;62,9235;Доллар США
1;24.07.2018;63,1957;Доллар США
1;21.07.2018;63,4888;Доллар США
1;20.07.2018;63,2746;Доллар США
1;19.07.2018;62,9006;Доллар США
1;18.07.2018;62,4352;Доллар США
1;17.07.2018;62,2556;Доллар США
1;14.07.2018;62,2934;Доллар США
1;13.07.2018;62,2062;Доллар США
1;12.07.2018;62,0980;Доллар США
1;11.07.2018;62,4442;Доллар США
1;10.07.2018;62,8338;Доллар США
1;07.07.2018;63,1216;Доллар США
1;06.07.2018;63,2604;Доллар США
1;05.07.2018;63,2267;Доллар США
1;04.07.2018;63,2194;Доллар США
1;03.07.2018;63,1394;Доллар США
1;30.06.2018;62,7565;Доллар США
1;29.06.2018;63,2910;Доллар США
1;28.06.2018;63,1359;Доллар США
1;27.06.2018;62,7908;Доллар США
1;26.06.2018;62,9497;Доллар США
1;23.06.2018;63,2396;Доллар США
1;22.06.2018;63,7873;Доллар США
1;21.06.2018;63,6175;Доллар США
1;20.06.2018;64,0683;Доллар США
1;19.06.2018;63,4838;Доллар США
1;16.06.2018;62,6851;Доллар США
1;15.06.2018;62,2511;Доллар США
1;14.06.2018;63,1164;Доллар США
1;10.06.2018;62,3431;Доллар США
1;09.06.2018;62,6680;Доллар США
1;08.06.2018;61,8125;Доллар США
1;07.06.2018;62,0064;Доллар США
1;06.06.2018;61,9822;Доллар США
1;05.06.2018;61,9290;Доллар США
1;02.06.2018;62,2056;Доллар США
1;01.06.2018;62,0188;Доллар США
1;31.05.2018;62,5937;Доллар США
1;30.05.2018;62,6420;Доллар США
1;29.05.2018;62,2710;Доллар США
1;26.05.2018;61,6659;Доллар США
1;25.05.2018;61,4090;Доллар США
1;24.05.2018;61,5945;Доллар США
1;23.05.2018;61,2610;Доллар США
1;22.05.2018;62,5327;Доллар США
1;19.05.2018;61,9408;Доллар США
1;18.05.2018;61,8215;Доллар США
1;17.05.2018;62,3033;Доллар США
1;16.05.2018;61,9164;Доллар США
1;15.05.2018;61,7684;Доллар США
1;12.05.2018;61,7354;Доллар США
1;11.05.2018;62,5229;Доллар США
1;09.05.2018;63,0066;Доллар США
1;08.05.2018;62,7148;Доллар США
1;05.05.2018;63,2012;Доллар США
1;04.05.2018;63,4860;Доллар США
1;29.04.2018;61,9997;Доллар США
1;28.04.2018;62,7260;Доллар США
1;27.04.2018;62,6027;Доллар США
1;26.04.2018;61,7494;Доллар США
1;25.04.2018;61,6644;Доллар США
1;24.04.2018;61,7655;Доллар США
1;21.04.2018;61,3222;Доллар США
1;20.04.2018;60,8583;Доллар США
1;19.04.2018;61,5539;Доллар США
1;18.04.2018;61,1454;Доллар США
1;17.04.2018;62,2794;Доллар США
1;14.04.2018;61,4311;Доллар США
1;13.04.2018;62,0659;Доллар США
1;12.04.2018;64,0626;Доллар США
1;11.04.2018;62,3699;Доллар США
1;10.04.2018;58,5714;Доллар США
1;07.04.2018;57,8332;Доллар США
1;06.04.2018;57,5796;Доллар США
1;05.04.2018;57,7646;Доллар США
1;04.04.2018;57,5375;Доллар США
1;03.04.2018;57,2850;Доллар США
1;31.03.2018;57,2649;Доллар США
1;30.03.2018;57,7626;Доллар США
1;29.03.2018;57,5598;Доллар США
1;28.03.2018;57,1747;Доллар США
1;27.03.2018;57,0039;Доллар США
1;24.03.2018;57,1072;Доллар США
1;23.03.2018;56,8391;Доллар США
1;22.03.2018;57,4954;Доллар США
1;21.03.2018;57,7033;Доллар США
1;20.03.2018;57,5521;Доллар США
1;17.03.2018;57,4942;Доллар США
1;16.03.2018;57,0188;Доллар США
1;15.03.2018;56,9372;Доллар США
1;14.03.2018;56,9359;Доллар США
1;13.03.2018;56,6122;Доллар США
1;08.03.2018;56,8011;Доллар США
1;07.03.2018;56,5041;Доллар США
1;06.03.2018;57,1000;Доллар США
1;03.03.2018;56,6616;Доллар США
1;02.03.2018;56,4334;Доллар США
1;01.03.2018;56,3742;Доллар США
1;28.02.2018;55,6717;Доллар США
1;27.02.2018;55,9208;Доллар США
1;23.02.2018;56,7608;Доллар США
1;22.02.2018;56,6537;Доллар США
1;21.02.2018;56,5201;Доллар США
1;20.02.2018;56,3438;Доллар США
1;17.02.2018;56,3554;Доллар США
1;16.02.2018;56,5918;Доллар США
1;15.02.2018;57,5899;Доллар США
1;14.02.2018;57,7701;Доллар США
1;13.02.2018;58,0171;Доллар США
1;10.02.2018;58,1718;Доллар США
1;09.02.2018;57,6736;Доллар США
1;08.02.2018;56,9533;Доллар США
1;07.02.2018;57,2196;Доллар США
1;06.02.2018;56,6278;Доллар США
1;03.02.2018;56,0408;Доллар США
1;02.02.2018;56,2613;Доллар США
1;01.02.2018;56,1840;Доллар США
1;31.01.2018;56,2914;Доллар США
1;30.01.2018;56,2908;Доллар США
1;27.01.2018;55,8288;Доллар США
1;26.01.2018;55,9288;Доллар США
1;25.01.2018;56,3888;Доллар США
1;24.01.2018;56,4115;Доллар США
1;23.01.2018;56,6261;Доллар США
1;20.01.2018;56,5892;Доллар США
1;19.01.2018;56,7597;Доллар США
1;18.01.2018;56,5925;Доллар США
1;17.01.2018;56,3878;Доллар США
1;16.01.2018;56,3569;Доллар США
1;13.01.2018;56,6019;Доллар США
1;12.01.2018;56,9957;Доллар США
1;11.01.2018;56,8734;Доллар США
1;10.01.2018;57,0463;Доллар США
1;30.12.2017;57,6002;Доллар США
1;29.12.2017;57,6291;Доллар США
1;28.12.2017;57,4544;Доллар США
1;27.12.2017;57,7343;Доллар США
1;26.12.2017;58,1989;Доллар США
1;23.12.2017;58,3152;Доллар США
1;22.12.2017;58,5596;Доллар США
1;21.12.2017;58,7170;Доллар США
1;20.12.2017;58,6117;Доллар США
1;19.12.2017;58,6940;Доллар США
1;16.12.2017;58,8987;Доллар США
1;15.12.2017;58,7082;Доллар США
1;14.12.2017;59,1446;Доллар США
1;13.12.2017;58,8370;Доллар США
1;12.12.2017;59,2348;Доллар США
1;09.12.2017;59,2811;Доллар США
1;08.12.2017;59,2948;Доллар США
1;07.12.2017;58,9281;Доллар США
1;06.12.2017;58,6924;Доллар США
1;05.12.2017;58,9911;Доллар США
1;02.12.2017;58,5182;Доллар США
1;01.12.2017;58,5814;Доллар США
1;30.11.2017;58,3311;Доллар США
1;29.11.2017;58,4125;Доллар США
1;28.11.2017;58,2773;Доллар США
1;25.11.2017;58,5318;Доллар США
1;24.11.2017;58,4622;Доллар США
1;23.11.2017;59,0061;Доллар США
1;22.11.2017;59,4604;Доллар США
1;21.11.2017;59,2746;Доллар США
1;18.11.2017;59,6325;Доллар США
1;17.11.2017;59,9898;Доллар США
1;16.11.2017;60,2490;Доллар США
1;15.11.2017;59,6207;Доллар США
1;14.11.2017;59,1823;Доллар США
1;11.11.2017;59,2808;Доллар США
1;10.11.2017;59,2527;Доллар США
1;09.11.2017;59,2480;Доллар США
1;08.11.2017;58,4557;Доллар США
1;04.11.2017;58,4296;Доллар США
1;03.11.2017;58,0869;Доллар США
1;02.11.2017;58,1557;Доллар США
1;01.11.2017;58,1179;Доллар США
1;31.10.2017;57,8716;Доллар США
1;28.10.2017;58,0833;Доллар США
1;27.10.2017;57,7643;Доллар США
1;26.10.2017;57,6140;Доллар США
1;25.10.2017;57,5852;Доллар США
1;24.10.2017;57,4706;Доллар США
1;21.10.2017;57,5118;Доллар США
1;20.10.2017;57,5706;Доллар США
1;19.10.2017;57,2721;Доллар США
1;18.10.2017;57,3392;Доллар США
1;17.10.2017;57,0861;Доллар США
1;14.10.2017;57,6196;Доллар США
1;13.10.2017;57,6869;Доллар США
1;12.10.2017;57,9210;Доллар США
1;11.10.2017;58,0713;Доллар США
1;10.10.2017;58,3151;Доллар США
1;07.10.2017;57,7612;Доллар США
1;06.10.2017;57,5811;Доллар США
1;05.10.2017;57,7832;Доллар США
1;04.10.2017;57,9375;Доллар США
1;03.10.2017;57,8134;Доллар США
1;30.09.2017;58,0169;Доллар США
1;29.09.2017;58,4255;Доллар США
1;28.09.2017;58,0102;Доллар США
1;27.09.2017;57,5186;Доллар США
1;26.09.2017;57,5660;Доллар США
1;23.09.2017;57,6527;Доллар США
1;22.09.2017;58,2242;Доллар США
1;21.09.2017;58,1290;Доллар США
1;20.09.2017;58,0993;Доллар США
1;19.09.2017;57,6242;Доллар США
1;16.09.2017;57,5336;Доллар США
1;15.09.2017;57,7706;Доллар США
1;14.09.2017;57,6679;Доллар США
1;13.09.2017;57,2656;Доллар США
1;12.09.2017;57,1694;Доллар США
1;09.09.2017;56,9966;Доллар США
1;08.09.2017;57,1411;Доллар США
1;07.09.2017;57,3387;Доллар США
1;06.09.2017;57,8503;Доллар США
1;05.09.2017;57,7817;Доллар США
1;02.09.2017;58,0557;Доллар США
1;01.09.2017;58,5454;Доллар США
1;31.08.2017;58,7306;Доллар США
1;30.08.2017;58,5320;Доллар США
1;29.08.2017;58,5469;Доллар США
1;26.08.2017;59,1476;Доллар США
1;25.08.2017;59,1397;Доллар США
1;24.08.2017;59,1312;Доллар США
1;23.08.2017;59,0396;Доллар США
1;22.08.2017;59,1409;Доллар США
1;19.08.2017;59,3612;Доллар США
1;18.08.2017;59,2490;Доллар США
1;17.08.2017;59,6521;Доллар США
1;16.08.2017;59,9266;Доллар США
1;15.08.2017;59,7990;Доллар США
1;12.08.2017;60,1873;Доллар США
1;11.08.2017;59,9298;Доллар США
1;10.08.2017;59,9611;Доллар США
1;09.08.2017;59,9886;Доллар США
1;08.08.2017;60,0605;Доллар США
1;05.08.2017;60,3281;Доллар США
1;04.08.2017;60,7503;Доллар США
1;03.08.2017;60,5819;Доллар США
1;02.08.2017;59,8454;Доллар США
1;01.08.2017;60,0633;Доллар США
1;29.07.2017;59,5436;Доллар США
1;28.07.2017;59,4102;Доллар США
1;27.07.2017;59,9102;Доллар США
1;26.07.2017;59,8185;Доллар США
1;25.07.2017;59,6572;Доллар США
1;22.07.2017;58,9325;Доллар США
1;21.07.2017;59,0823;Доллар США
1;20.07.2017;59,2418;Доллар США
1;19.07.2017;59,3705;Доллар США
1;18.07.2017;59,0657;Доллар США
1;15.07.2017;59,8806;Доллар США
1;14.07.2017;60,1836;Доллар США
1;13.07.2017;60,6227;Доллар США
1;12.07.2017;60,7397;Доллар США
1;11.07.2017;60,3014;Доллар США
1;08.07.2017;60,3792;Доллар США
1;07.07.2017;60,2426;Доллар США
1;06.07.2017;59,5787;Доллар США
1;05.07.2017;59,2295;Доллар США
1;04.07.2017;58,9695;Доллар США
1;01.07.2017;59,3862;Доллар США
1;30.06.2017;59,0855;Доллар США
1;29.06.2017;59,5415;Доллар США
1;28.06.2017;58,8843;Доллар США
1;27.06.2017;59,0014;Доллар США
1;24.06.2017;59,6564;Доллар США
1;23.06.2017;60,1482;Доллар США
1;22.06.2017;60,0000;Доллар США
1;21.06.2017;58,5786;Доллар США
1;20.06.2017;57,9585;Доллар США
1;17.06.2017;57,7408;Доллар США
1;16.06.2017;57,4437;Доллар США
1;15.06.2017;57,0303;Доллар США
1;14.06.2017;56,9096;Доллар США
1;10.06.2017;57,0020;Доллар США
1;09.06.2017;56,9857;Доллар США
1;08.06.2017;56,5878;Доллар США
1;07.06.2017;56,6747;Доллар США
1;06.06.2017;56,6152;Доллар США
1;03.06.2017;56,6876;Доллар США
1;02.06.2017;56,5373;Доллар США
1;01.06.2017;56,6876;Доллар США
1;31.05.2017;56,5168;Доллар США
1;30.05.2017;56,7106;Доллар США
1;27.05.2017;56,7560;Доллар США
1;26.05.2017;56,0701;Доллар США
1;25.05.2017;56,2743;Доллар США
1;24.05.2017;56,5552;Доллар США
1;23.05.2017;56,4988;Доллар США
1;20.05.2017;57,1602;Доллар США
1;19.05.2017;57,4683;Доллар США
1;18.05.2017;56,7383;Доллар США
1;17.05.2017;56,2603;Доллар США
1;16.05.2017;56,5258;Доллар США
1;13.05.2017;57,1640;Доллар США
1;12.05.2017;57,1161;Доллар США
1;11.05.2017;58,0824;Доллар США
1;06.05.2017;58,5382;Доллар США
1;05.05.2017;57,5714;Доллар США
1;04.05.2017;57,0927;Доллар США
1;03.05.2017;56,9518;Доллар США
1;29.04.2017;56,9838;Доллар США
1;28.04.2017;56,9707;Доллар США
1;27.04.2017;56,3131;Доллар США
1;26.04.2017;55,8453;Доллар США
1;25.04.2017;56,0794;Доллар США
1;22.04.2017;56,2307;Доллар США
1;21.04.2017;56,4165;Доллар США
1;20.04.2017;56,1753;Доллар США
1;19.04.2017;55,9793;Доллар США
1;18.04.2017;56,2505;Доллар США
1;15.04.2017;56,2945;Доллар США
1;14.04.2017;56,6019;Доллар США
1;13.04.2017;56,7556;Доллар США
1;12.04.2017;56,9552;Доллар США
1;11.04.2017;57,3896;Доллар США
1;08.04.2017;56,9201;Доллар США
1;07.04.2017;56,4369;Доллар США
1;06.04.2017;55,8940;Доллар США
1;05.04.2017;56,5553;Доллар США
1;04.04.2017;56,1396;Доллар США
1;01.04.2017;55,9606;Доллар США
1;31.03.2017;56,3779;Доллар США
1;30.03.2017;57,0241;Доллар США
1;29.03.2017;56,9364;Доллар США
1;28.03.2017;57,0233;Доллар США
1;25.03.2017;57,4247;Доллар США
1;24.03.2017;57,5228;Доллар США
1;23.03.2017;57,6360;Доллар США
1;22.03.2017;57,2323;Доллар США
1;21.03.2017;57,2847;Доллар США
1;18.03.2017;57,9344;Доллар США
1;17.03.2017;58,2437;Доллар США
1;16.03.2017;59,1128;Доллар США
1;15.03.2017;58,9540;Доллар США
1;14.03.2017;59,1327;Доллар США
1;11.03.2017;59,2174;Доллар США
1;10.03.2017;58,8318;Доллар США
1;08.03.2017;58,2630;Доллар США
1;07.03.2017;58,3370;Доллар США
1;04.03.2017;58,9099;Доллар США
1;03.03.2017;58,4067;Доллар США
1;02.03.2017;58,3776;Доллар США
1;01.03.2017;57,9627;Доллар США
1;28.02.2017;57,9371;Доллар США
1;23.02.2017;57,4762;Доллар США
1;22.02.2017;57,8590;Доллар США
1;21.02.2017;58,0967;Доллар США
1;18.02.2017;57,6342;Доллар США
1;17.02.2017;57,1507;Доллар США
1;16.02.2017;56,7719;Доллар США
1;15.02.2017;57,7388;Доллар США
1;14.02.2017;58,0619;Доллар США
1;11.02.2017;58,8457;Доллар США
1;10.02.2017;59,0235;Доллар США
1;09.02.2017;59,5129;Доллар США
1;08.02.2017;59,1933;Доллар США
1;07.02.2017;58,7121;Доллар США
1;04.02.2017;59,3137;Доллар США
1;03.02.2017;59,9858;Доллар США
1;02.02.2017;60,3099;Доллар США
1;01.02.2017;60,0851;Доллар США
1;31.01.2017;60,1618;Доллар США
1;28.01.2017;60,3196;Доллар США
1;27.01.2017;59,6356;Доллар США
1;26.01.2017;59,1489;Доллар США
1;25.01.2017;59,2168;Доллар США
1;24.01.2017;59,5034;Доллар США
1;21.01.2017;59,6697;Доллар США
1;20.01.2017;59,3521;Доллар США
1;19.01.2017;59,1830;Доллар США
1;18.01.2017;59,4015;Доллар США
1;17.01.2017;59,6067;Доллар США
1;14.01.2017;59,3700;Доллар США
1;13.01.2017;59,4978;Доллар США
1;12.01.2017;60,1614;Доллар США
1;11.01.2017;59,9533;Доллар США
1;10.01.2017;59,8961;Доллар США
1;31.12.2016;60,6569;Доллар США
1;30.12.2016;60,2730;Доллар США
1;29.12.2016;60,6669;Доллар США
1;28.12.2016;60,8587;Доллар США
1;27.12.2016;60,9084;Доллар США
1;24.12.2016;60,8528;Доллар США
1;23.12.2016;60,8641;Доллар США
1;22.12.2016;61,1092;Доллар США
1;21.12.2016;61,7967;Доллар США
1;20.12.2016;61,7931;Доллар США
1;17.12.2016;61,7515;Доллар США
1;16.12.2016;61,6368;Доллар США
1;15.12.2016;60,8079;Доллар США
1;14.12.2016;61,0690;Доллар США
1;13.12.2016;61,5804;Доллар США
1;10.12.2016;63,3028;Доллар США
1;09.12.2016;63,3901;Доллар США
1;08.12.2016;63,9114;Доллар США
1;07.12.2016;63,8741;Доллар США
1;06.12.2016;63,9242;Доллар США
1;03.12.2016;64,1528;Доллар США
1;02.12.2016;63,6807;Доллар США
1;01.12.2016;65,2382;Доллар США
1;30.11.2016;64,9449;Доллар США
1;29.11.2016;64,9153;Доллар США
1;26.11.2016;64,6174;Доллар США
1;25.11.2016;64,6279;Доллар США
1;24.11.2016;64,0087;Доллар США
1;23.11.2016;63,6282;Доллар США
1;22.11.2016;64,3580;Доллар США
1;19.11.2016;65,1023;Доллар США
1;18.11.2016;64,9154;Доллар США
1;17.11.2016;64,5463;Доллар США
1;16.11.2016;65,5548;Доллар США
1;15.11.2016;65,8591;Доллар США
1;12.11.2016;65,2167;Доллар США
1;11.11.2016;63,4161;Доллар США
1;10.11.2016;63,8928;Доллар США
1;09.11.2016;63,7364;Доллар США
1;08.11.2016;63,9074;Доллар США
1;04.11.2016;63,5043;Доллар США
1;03.11.2016;63,4166;Доллар США
1;02.11.2016;63,2025;Доллар США
1;01.11.2016;63,2174;Доллар США
1;29.10.2016;62,9037;Доллар США
1;28.10.2016;63,0399;Доллар США
1;27.10.2016;62,2597;Доллар США
1;26.10.2016;62,0480;Доллар США
1;25.10.2016;62,2349;Доллар США
1;22.10.2016;62,4499;Доллар США
1;21.10.2016;62,4194;Доллар США
1;20.10.2016;62,5841;Доллар США
1;19.10.2016;62,8900;Доллар США
1;18.10.2016;63,1510;Доллар США
1;15.10.2016;62,9934;Доллар США
1;14.10.2016;63,3465;Доллар США
1;13.10.2016;62,5892;Доллар США
1;12.10.2016;62,1946;Доллар США
1;11.10.2016;62,3884;Доллар США
1;08.10.2016;62,3031;Доллар США
1;07.10.2016;62,3900;Доллар США
1;06.10.2016;62,4583;Доллар США
1;05.10.2016;62,4323;Доллар США
1;04.10.2016;62,5477;Доллар США
1;01.10.2016;63,3960;Доллар США
1;30.09.2016;63,1581;Доллар США
1;29.09.2016;63,9509;Доллар США
1;28.09.2016;63,6921;Доллар США
1;27.09.2016;64,1506;Доллар США
1;24.09.2016;63,8642;Доллар США
1;23.09.2016;63,7942;Доллар США
1;22.09.2016;64,4424;Доллар США
1;21.09.2016;64,7513;Доллар США
1;20.09.2016;64,9173;Доллар США
1;17.09.2016;64,9940;Доллар США
1;16.09.2016;65,2170;Доллар США
1;15.09.2016;64,9737;Доллар США
1;14.09.2016;64,8102;Доллар США
1;13.09.2016;65,0539;Доллар США
1;10.09.2016;64,1617;Доллар США
1;09.09.2016;63,9730;Доллар США
1;08.09.2016;64,3804;Доллар США
1;07.09.2016;64,8306;Доллар США
1;06.09.2016;64,7644;Доллар США
1;03.09.2016;65,8684;Доллар США
1;02.09.2016;65,2566;Доллар США
1;01.09.2016;65,2535;Доллар США
1;31.08.2016;64,9072;Доллар США
1;30.08.2016;65,0810;Доллар США
1;27.08.2016;64,7380;Доллар США
1;26.08.2016;64,9459;Доллар США
1;25.08.2016;64,8140;Доллар США
1;24.08.2016;64,7684;Доллар США
1;23.08.2016;64,2078;Доллар США
1;20.08.2016;63,9391;Доллар США
1;19.08.2016;63,5487;Доллар США
1;18.08.2016;63,9943;Доллар США
1;17.08.2016;63,9514;Доллар США
1;16.08.2016;64,2076;Доллар США
1;13.08.2016;64,3364;Доллар США
1;12.08.2016;64,9497;Доллар США
1;11.08.2016;64,8137;Доллар США
1;10.08.2016;64,7848;Доллар США
1;09.08.2016;65,0799;Доллар США
1;06.08.2016;65,5627;Доллар США
1;05.08.2016;66,3941;Доллар США
1;04.08.2016;66,7420;Доллар США
1;03.08.2016;66,8816;Доллар США
1;02.08.2016;65,9553;Доллар США
1;30.07.2016;67,0512;Доллар США
1;29.07.2016;66,1125;Доллар США
1;28.07.2016;65,9467;Доллар США
1;27.07.2016;65,7408;Доллар США
1;26.07.2016;64,9184;Доллар США
1;23.07.2016;64,6270;Доллар США
1;22.07.2016;63,7373;Доллар США
1;21.07.2016;63,4183;Доллар США
1;20.07.2016;62,9891;Доллар США
1;19.07.2016;63,1154;Доллар США
1;16.07.2016;63,1697;Доллар США
1;15.07.2016;63,5773;Доллар США
1;14.07.2016;63,8531;Доллар США
1;13.07.2016;63,9029;Доллар США
1;12.07.2016;64,2024;Доллар США
1;09.07.2016;64,2488;Доллар США
1;08.07.2016;64,0500;Доллар США
1;07.07.2016;64,6304;Доллар США
1;06.07.2016;64,2676;Доллар США
1;05.07.2016;63,6844;Доллар США
1;02.07.2016;64,0165;Доллар США
1;01.07.2016;64,1755;Доллар США
1;30.06.2016;64,2575;Доллар США
1;29.06.2016;64,8095;Доллар США
1;28.06.2016;65,0588;Доллар США
1;25.06.2016;65,5287;Доллар США
1;24.06.2016;64,3212;Доллар США
1;23.06.2016;63,7162;Доллар США
1;22.06.2016;64,1743;Доллар США
1;21.06.2016;64,1509;Доллар США
1;18.06.2016;65,4398;Доллар США
1;17.06.2016;65,8618;Доллар США
1;16.06.2016;65,9156;Доллар США
1;15.06.2016;66,0306;Доллар США
1;11.06.2016;64,7077;Доллар США
1;10.06.2016;63,7402;Доллар США
1;09.06.2016;64,6797;Доллар США
1;08.06.2016;65,2089;Доллар США
1;07.06.2016;65,7894;Доллар США
1;04.06.2016;66,8529;Доллар США
1;03.06.2016;66,7491;Доллар США
1;02.06.2016;66,6156;Доллар США
1;01.06.2016;65,9962;Доллар США
1;31.05.2016;66,0825;Доллар США
1;28.05.2016;66,0413;Доллар США
1;27.05.2016;65,2062;Доллар США
1;26.05.2016;65,8949;Доллар США
1;25.05.2016;67,0493;Доллар США
1;24.05.2016;67,0475;Доллар США
1;21.05.2016;66,3775;Доллар США
1;20.05.2016;66,2110;Доллар США
1;19.05.2016;65,0641;Доллар США
1;18.05.2016;64,5138;Доллар США
1;17.05.2016;64,8895;Доллар США
1;14.05.2016;64,9306;Доллар США
1;13.05.2016;64,9607;Доллар США
1;12.05.2016;66,2428;Доллар США
1;11.05.2016;66,3277;Доллар США
1;07.05.2016;66,1928;Доллар США
1;06.05.2016;65,8918;Доллар США
1;05.05.2016;66,1718;Доллар США
1;30.04.2016;64,3334;Доллар США
1;29.04.2016;65,1133;Доллар США
1;28.04.2016;65,1618;Доллар США
1;27.04.2016;66,4559;Доллар США
1;26.04.2016;66,6295;Доллар США
1;23.04.2016;66,2198;Доллар США
1;22.04.2016;65,0254;Доллар США
1;21.04.2016;66,0364;Доллар США
1;20.04.2016;65,6474;Доллар США
1;19.04.2016;68,2724;Доллар США
1;16.04.2016;66,0452;Доллар США
1;15.04.2016;66,4954;Доллар США
1;14.04.2016;65,7662;Доллар США
1;13.04.2016;66,3456;Доллар США
1;12.04.2016;67,1250;Доллар США
1;09.04.2016;67,4662;Доллар США
1;08.04.2016;67,7960;Доллар США
1;07.04.2016;68,5215;Доллар США
1;06.04.2016;68,8901;Доллар США
1;05.04.2016;68,6753;Доллар США
1;02.04.2016;67,1410;Доллар США
1;01.04.2016;67,8552;Доллар США
1;31.03.2016;67,6076;Доллар США
1;30.03.2016;68,7549;Доллар США
1;29.03.2016;67,7807;Доллар США
1;26.03.2016;68,4346;Доллар США
1;25.03.2016;68,9328;Доллар США
1;24.03.2016;67,6409;Доллар США
1;23.03.2016;67,7764;Доллар США
1;22.03.2016;68,8086;Доллар США
1;19.03.2016;68,4026;Доллар США
1;18.03.2016;68,5598;Доллар США
1;17.03.2016;71,0256;Доллар США
1;16.03.2016;70,5408;Доллар США
1;15.03.2016;70,1542;Доллар США
1;12.03.2016;70,3067;Доллар США
1;11.03.2016;71,0928;Доллар США
1;10.03.2016;72,3775;Доллар США
1;05.03.2016;73,1854;Доллар США
1;04.03.2016;73,8242;Доллар США
1;03.03.2016;73,6256;Доллар США
1;02.03.2016;74,0536;Доллар США
1;01.03.2016;75,8994;Доллар США
1;27.02.2016;75,0903;Доллар США
1;26.02.2016;76,3929;Доллар США
1;25.02.2016;76,3928;Доллар США
1;21.02.2016;77,1326;Доллар США
1;20.02.2016;76,3657;Доллар США
1;19.02.2016;75,4575;Доллар США
1;18.02.2016;77,8503;Доллар США
1;17.02.2016;76,2450;Доллар США
1;16.02.2016;77,7792;Доллар США
1;13.02.2016;79,4951;Доллар США
1;12.02.2016;79,1144;Доллар США
1;11.02.2016;79,0689;Доллар США
1;10.02.2016;78,6805;Доллар США
1;09.02.2016;76,8614;Доллар США
1;06.02.2016;77,3409;Доллар США
1;05.02.2016;76,4609;Доллар США
1;04.02.2016;79,2593;Доллар США
1;03.02.2016;77,9273;Доллар США
1;02.02.2016;76,3264;Доллар США
1;30.01.2016;75,1723;Доллар США
1;29.01.2016;77,3674;Доллар США
1;28.01.2016;78,9969;Доллар США
1;27.01.2016;81,8394;Доллар США
1;26.01.2016;77,7965;Доллар США
1;23.01.2016;80,5714;Доллар США
1;22.01.2016;83,5913;Доллар США
1;21.01.2016;79,4614;Доллар США
1;20.01.2016;78,4862;Доллар США
1;19.01.2016;78,6678;Доллар США
1;16.01.2016;76,5650;Доллар США
1;15.01.2016;76,5230;Доллар США
1;14.01.2016;76,4275;Доллар США
1;13.01.2016;76,6041;Доллар США
1;12.01.2016;75,9507;Доллар США
1;01.01.2016;72,9299;Доллар США
1;31.12.2015;72,8827;Доллар США
1;30.12.2015;72,5066;Доллар США
1;29.12.2015;70,7865;Доллар США
1;26.12.2015;70,2690;Доллар США
1;25.12.2015;69,5165;Доллар США
1;24.12.2015;70,9333;Доллар США
1;23.12.2015;71,1211;Доллар США
1;22.12.2015;71,2553;Доллар США
1;19.12.2015;71,3215;Доллар США
1;18.12.2015;70,5806;Доллар США
1;17.12.2015;70,4012;Доллар США
1;16.12.2015;70,8295;Доллар США
1;15.12.2015;70,2244;Доллар США
1;12.12.2015;69,1755;Доллар США
1;11.12.2015;69,2151;Доллар США
1;10.12.2015;69,2000;Доллар США
1;09.12.2015;69,3026;Доллар США
1;08.12.2015;68,5156;Доллар США
1;05.12.2015;67,6698;Доллар США
1;04.12.2015;67,7691;Доллар США
1;03.12.2015;66,7402;Доллар США
1;02.12.2015;66,2584;Доллар США
1;01.12.2015;66,7370;Доллар США
1;28.11.2015;66,2393;Доллар США
1;27.11.2015;65,6836;Доллар США
1;26.11.2015;65,4789;Доллар США
1;25.11.2015;65,6210;Доллар США
1;24.11.2015;65,5973;Доллар США
1;21.11.2015;64,8673;Доллар США
1;20.11.2015;64,9120;Доллар США
1;19.11.2015;64,7785;Доллар США
1;18.11.2015;65,4799;Доллар США
1;17.11.2015;66,4607;Доллар США
1;14.11.2015;66,6343;Доллар США
1;13.11.2015;65,4541;Доллар США
1;12.11.2015;64,5693;Доллар США
1;11.11.2015;64,3908;Доллар США
1;10.11.2015;64,6606;Доллар США
1;07.11.2015;63,6832;Доллар США
1;06.11.2015;63,3991;Доллар США
1;04.11.2015;63,8525;Доллар США
1;03.11.2015;63,7993;Доллар США
1;31.10.2015;64,3742;Доллар США
1;30.10.2015;64,1686;Доллар США
1;29.10.2015;65,3159;Доллар США
1;28.10.2015;63,5004;Доллар США
1;27.10.2015;62,5038;Доллар США
1;24.10.2015;61,9286;Доллар США
1;23.10.2015;62,7888;Доллар США
1;22.10.2015;62,6309;Доллар США
1;21.10.2015;62,1620;Доллар США
1;20.10.2015;61,4419;Доллар США
1;17.10.2015;61,3587;Доллар США
1;16.10.2015;62,2433;Доллар США
1;15.10.2015;63,1248;Доллар США
1;14.10.2015;62,2237;Доллар США
1;13.10.2015;61,1535;Доллар США
1;10.10.2015;61,2967;Доллар США
1;09.10.2015;62,2942;Доллар США
1;08.10.2015;62,7061;Доллар США
1;07.10.2015;65,0962;Доллар США
1;06.10.2015;65,6248;Доллар США
1;03.10.2015;65,9414;Доллар США
1;02.10.2015;65,0336;Доллар США
1;01.10.2015;65,7364;Доллар США
1;30.09.2015;66,2367;Доллар США
1;29.09.2015;65,5470;Доллар США
1;26.09.2015;65,6727;Доллар США
1;25.09.2015;66,5151;Доллар США
1;24.09.2015;66,0410;Доллар США
1;23.09.2015;66,1747;Доллар США
1;22.09.2015;66,1455;Доллар США
1;19.09.2015;65,6445;Доллар США
1;18.09.2015;65,3623;Доллар США
1;17.09.2015;65,9273;Доллар США
1;16.09.2015;67,1574;Доллар США
1;15.09.2015;67,9571;Доллар США
1;12.09.2015;68,0093;Доллар США
1;11.09.2015;68,4961;Доллар США
1;10.09.2015;67,6219;Доллар США
1;09.09.2015;68,7932;Доллар США
1;08.09.2015;68,4864;Доллар США
1;05.09.2015;67,6850;Доллар США
1;04.09.2015;67,0102;Доллар США
1;03.09.2015;66,6756;Доллар США
1;02.09.2015;65,3495;Доллар США
1;01.09.2015;66,7152;Доллар США
1;29.08.2015;66,4779;Доллар США
1;28.08.2015;67,4473;Доллар США
1;27.08.2015;69,3142;Доллар США
1;26.08.2015;69,9461;Доллар США
1;25.08.2015;70,7465;Доллар США
1;22.08.2015;68,1216;Доллар США
1;21.08.2015;66,9608;Доллар США
1;20.08.2015;65,7222;Доллар США
1;19.08.2015;65,8289;Доллар США
1;18.08.2015;65,5034;Доллар США
1;15.08.2015;64,9363;Доллар США
1;14.08.2015;63,9988;Доллар США
1;13.08.2015;65,0169;Доллар США
1;12.08.2015;63,2098;Доллар США
1;11.08.2015;64,4977;Доллар США
1;08.08.2015;63,8399;Доллар США
1;07.08.2015;63,8644;Доллар США
1;06.08.2015;62,7184;Доллар США
1;05.08.2015;62,9182;Доллар США
1;04.08.2015;62,4677;Доллар США
1;01.08.2015;60,3458;Доллар США
1;31.07.2015;58,9906;Доллар США
1;30.07.2015;59,7665;Доллар США
1;29.07.2015;60,2231;Доллар США
1;28.07.2015;58,7816;Доллар США
1;25.07.2015;58,0374;Доллар США
1;24.07.2015;57,3578;Доллар США
1;23.07.2015;57,0232;Доллар США
1;22.07.2015;57,0025;Доллар США
1;21.07.2015;56,8336;Доллар США
1;18.07.2015;56,8423;Доллар США
1;17.07.2015;56,9504;Доллар США
1;16.07.2015;56,6642;Доллар США
1;15.07.2015;56,9774;Доллар США
1;14.07.2015;56,6079;Доллар США
1;11.07.2015;56,6685;Доллар США
1;10.07.2015;56,9803;Доллар США
1;09.07.2015;57,2174;Доллар США
1;08.07.2015;57,2192;Доллар США
1;07.07.2015;56,4112;Доллар США
1;04.07.2015;55,6049;Доллар США
1;03.07.2015;55,6555;Доллар США
1;02.07.2015;55,4756;Доллар США
1;01.07.2015;55,8413;Доллар США
1;30.06.2015;55,5240;Доллар США
1;27.06.2015;54,8126;Доллар США
1;26.06.2015;54,6026;Доллар США
1;25.06.2015;54,0746;Доллар США
1;24.06.2015;54,2081;Доллар США
1;23.06.2015;53,5569;Доллар США
1;20.06.2015;53,8006;Доллар США
1;19.06.2015;53,3301;Доллар США
1;18.06.2015;53,8999;Доллар США
1;17.06.2015;54,0409;Доллар США
1;16.06.2015;55,2679;Доллар США
1;12.06.2015;54,5285;Доллар США
1;11.06.2015;54,8219;Доллар США
1;10.06.2015;55,9100;Доллар США
1;09.06.2015;56,0435;Доллар США
1;06.06.2015;56,2463;Доллар США
1;05.06.2015;54,9908;Доллар США
1;04.06.2015;53,0590;Доллар США
1;03.06.2015;53,4413;Доллар США
1;02.06.2015;52,8213;Доллар США
1;30.05.2015;52,9716;Доллар США
1;29.05.2015;52,2907;Доллар США
1;28.05.2015;51,0178;Доллар США
1;27.05.2015;50,3223;Доллар США
1;26.05.2015;49,8613;Доллар США
1;23.05.2015;49,7901;Доллар США
1;22.05.2015;49,9204;Доллар США
1;21.05.2015;49,7919;Доллар США
1;20.05.2015;49,1777;Доллар США
1;19.05.2015;49,2175;Доллар США
1;16.05.2015;50,0115;Доллар США
1;15.05.2015;50,0774;Доллар США
1;14.05.2015;49,5366;Доллар США
1;13.05.2015;50,9140;Доллар США
1;09.05.2015;50,7511;Доллар США
1;08.05.2015;50,3615;Доллар США
1;07.05.2015;49,9816;Доллар США
1;06.05.2015;51,7574;Доллар США
1;01.05.2015;51,1388;Доллар США
1;30.04.2015;51,7029;Доллар США
1;29.04.2015;52,3041;Доллар США
1;28.04.2015;51,4690;Доллар США
1;25.04.2015;50,2473;Доллар США
1;24.04.2015;51,6011;Доллар США
1;23.04.2015;53,6555;Доллар США
1;22.04.2015;53,9728;Доллар США
1;21.04.2015;51,5207;Доллар США
1;18.04.2015;50,5295;Доллар США
1;17.04.2015;49,6749;Доллар США
1;16.04.2015;50,5033;Доллар США
1;15.04.2015;51,9749;Доллар США
1;14.04.2015;52,4220;Доллар США
1;11.04.2015;51,0678;Доллар США
1;10.04.2015;52,5424;Доллар США
1;09.04.2015;54,0270;Доллар США
1;08.04.2015;55,3328;Доллар США
1;07.04.2015;56,5161;Доллар США
1;04.04.2015;56,7534;Доллар США
1;03.04.2015;56,9902;Доллар США
1;02.04.2015;58,3536;Доллар США
1;01.04.2015;57,6500;Доллар США
1;31.03.2015;58,4643;Доллар США
1;28.03.2015;57,7279;Доллар США
1;27.03.2015;56,4271;Доллар США
1;26.03.2015;57,3879;Доллар США
1;25.03.2015;58,7710;Доллар США
1;24.03.2015;59,4452;Доллар США
1;21.03.2015;60,0341;Доллар США
1;20.03.2015;59,8308;Доллар США
1;19.03.2015;61,3483;Доллар США
1;18.03.2015;61,7510;Доллар США
1;17.03.2015;62,1497;Доллар США
1;14.03.2015;61,3167;Доллар США
1;13.03.2015;60,9595;Доллар США
1;12.03.2015;62,6797;Доллар США
1;11.03.2015;60,6649;Доллар США
1;07.03.2015;59,9938;Доллар США
1;06.03.2015;61,8457;Доллар США
1;05.03.2015;61,8745;Доллар США
1;04.03.2015;62,3649;Доллар США
1;03.03.2015;62,2248;Доллар США
1;28.02.2015;61,2718;Доллар США
1;27.02.2015;60,7109;Доллар США
1;26.02.2015;62,5906;Доллар США
1;25.02.2015;63,5083;Доллар США
1;21.02.2015;61,7235;Доллар США
1;20.02.2015;62,1307;Доллар США
1;19.02.2015;62,4001;Доллар США
1;18.02.2015;62,8353;Доллар США
1;17.02.2015;62,6632;Доллар США
1;14.02.2015;65,0862;Доллар США
1;13.02.2015;66,0994;Доллар США
1;12.02.2015;66,0585;Доллар США
1;11.02.2015;65,4469;Доллар США
1;10.02.2015;65,7817;Доллар США
1;07.02.2015;66,0432;Доллар США
1;06.02.2015;68,6113;Доллар США
1;05.02.2015;65,4470;Доллар США
1;04.02.2015;67,7727;Доллар США
1;03.02.2015;69,6640;Доллар США
1;31.01.2015;68,9291;Доллар США
1;30.01.2015;68,7303;Доллар США
1;29.01.2015;67,1506;Доллар США
1;28.01.2015;67,8153;Доллар США
1;27.01.2015;65,5937;Доллар США
1;24.01.2015;63,3930;Доллар США
1;23.01.2015;65,4000;Доллар США
1;22.01.2015;65,5558;Доллар США
1;21.01.2015;64,9862;Доллар США
1;20.01.2015;64,9732;Доллар США
1;17.01.2015;65,1738;Доллар США
1;16.01.2015;64,8337;Доллар США
1;15.01.2015;66,0983;Доллар США
1;14.01.2015;64,8425;Доллар США
1;13.01.2015;62,7363;Доллар США
1;01.01.2015;56,2376;Доллар США
1;31.12.2014;56,2584;Доллар США
1;30.12.2014;56,6801;Доллар США
1;27.12.2014;52,0343;Доллар США
1;26.12.2014;52,6159;Доллар США
1;25.12.2014;54,4913;Доллар США
1;24.12.2014;54,5687;Доллар США
1;23.12.2014;56,4940;Доллар США
1;20.12.2014;60,6825;Доллар США
1;19.12.2014;59,6029;Доллар США
1;18.12.2014;67,7851;Доллар США
1;17.12.2014;61,1512;Доллар США
1;16.12.2014;58,3461;Доллар США
1;13.12.2014;56,8919;Доллар США
1;12.12.2014;54,7932;Доллар США
1;11.12.2014;54,2758;Доллар США
1;10.12.2014;54,2116;Доллар США
1;09.12.2014;53,3079;Доллар США
1;06.12.2014;53,1088;Доллар США
1;05.12.2014;52,6932;Доллар США
1;04.12.2014;54,3821;Доллар США
1;03.12.2014;50,7678;Доллар США
1;02.12.2014;51,8068;Доллар США
1;29.11.2014;49,3220;Доллар США
1;28.11.2014;47,6629;Доллар США
1;27.11.2014;46,4244;Доллар США
1;26.11.2014;44,9758;Доллар США
1;25.11.2014;44,7852;Доллар США
1;22.11.2014;45,7926;Доллар США
1;21.11.2014;46,7047;Доллар США
1;20.11.2014;47,0294;Доллар США
1;19.11.2014;46,9797;Доллар США
1;18.11.2014;47,3329;Доллар США
1;15.11.2014;47,3920;Доллар США
1;14.11.2014;46,1233;Доллар США
1;13.11.2014;46,3379;Доллар США
1;12.11.2014;45,9520;Доллар США
1;11.11.2014;45,8926;Доллар США
1;08.11.2014;47,8774;Доллар США
1;07.11.2014;45,1854;Доллар США
1;06.11.2014;44,3993;Доллар США
1;01.11.2014;41,9627;Доллар США
1;31.10.2014;43,3943;Доллар США
1;30.10.2014;42,6525;Доллар США
1;29.10.2014;42,3934;Доллар США
1;28.10.2014;41,9497;Доллар США
1;25.10.2014;41,8101;Доллар США
1;24.10.2014;41,4958;Доллар США
1;23.10.2014;40,9671;Доллар США
1;22.10.2014;41,0501;Доллар США
1;21.10.2014;40,8815;Доллар США
1;18.10.2014;41,0450;Доллар США
1;17.10.2014;40,7457;Доллар США
1;16.10.2014;40,9416;Доллар США
1;15.10.2014;40,5304;Доллар США
1;14.10.2014;40,3251;Доллар США
1;11.10.2014;40,2125;Доллар США
1;10.10.2014;39,9800;Доллар США
1;09.10.2014;39,9819;Доллар США
1;08.10.2014;39,7417;Доллар США
1;07.10.2014;39,9820;Доллар США
1;04.10.2014;39,6980;Доллар США
1;03.10.2014;39,5474;Доллар США
1;02.10.2014;39,6604;Доллар США
1;01.10.2014;39,3836;Доллар США
1;30.09.2014;39,3866;Доллар США
1;27.09.2014;38,7243;Доллар США
1;26.09.2014;38,3007;Доллар США
1;25.09.2014;38,3830;Доллар США
1;24.09.2014;38,6672;Доллар США
1;23.09.2014;38,5782;Доллар США
1;20.09.2014;38,4134;Доллар США
1;19.09.2014;38,4209;Доллар США
1;18.09.2014;38,3724;Доллар США
1;17.09.2014;38,7058;Доллар США
1;16.09.2014;37,9861;Доллар США
1;13.09.2014;37,6545;Доллар США
1;12.09.2014;37,3758;Доллар США
1;11.09.2014;37,1693;Доллар США
1;10.09.2014;37,0261;Доллар США
1;09.09.2014;37,0866;Доллар США
1;06.09.2014;36,9219;Доллар США
1;05.09.2014;36,8038;Доллар США
1;04.09.2014;37,3183;Доллар США
1;03.09.2014;37,3480;Доллар США
1;02.09.2014;37,2945;Доллар США
1;30.08.2014;36,9316;Доллар США
1;29.08.2014;36,3053;Доллар США
1;28.08.2014;36,1397;Доллар США
1;27.08.2014;36,1358;Доллар США
1;26.08.2014;36,1201;Доллар США
1;23.08.2014;36,0027;Доллар США
1;22.08.2014;36,3317;Доллар США
1;21.08.2014;36,2240;Доллар США
1;20.08.2014;36,1094;Доллар США
1;19.08.2014;36,0294;Доллар США
1;16.08.2014;36,0014;Доллар США
1;15.08.2014;36,0395;Доллар США
1;14.08.2014;36,2222;Доллар США
1;13.08.2014;36,0890;Доллар США
1;12.08.2014;36,0475;Доллар США
1;09.08.2014;36,4461;Доллар США
1;08.08.2014;36,2496;Доллар США
1;07.08.2014;36,1102;Доллар США
1;06.08.2014;35,7987;Доллар США
1;05.08.2014;35,6605;Доллар США
1;02.08.2014;35,7272;Доллар США
1;01.08.2014;35,4438;Доллар США
1;31.07.2014;35,7271;Доллар США
1;30.07.2014;35,6339;Доллар США
1;29.07.2014;35,3457;Доллар США
1;26.07.2014;35,0535;Доллар США
1;25.07.2014;35,0786;Доллар США
1;24.07.2014;34,8101;Доллар США
1;23.07.2014;35,0387;Доллар США
1;22.07.2014;35,0900;Доллар США
1;19.07.2014;35,1627;Доллар США
1;18.07.2014;34,7998;Доллар США
1;17.07.2014;34,3853;Доллар США
1;16.07.2014;34,3723;Доллар США
1;15.07.2014;34,3135;Доллар США
1;12.07.2014;34,0582;Доллар США
1;11.07.2014;33,8353;Доллар США
1;10.07.2014;34,0758;Доллар США
1;09.07.2014;34,4258;Доллар США
1;08.07.2014;34,5691;Доллар США
1;05.07.2014;34,3236;Доллар США
1;04.07.2014;34,1949;Доллар США
1;03.07.2014;34,2496;Доллар США
1;02.07.2014;34,2275;Доллар США
1;01.07.2014;33,8434;Доллар США
1;28.06.2014;33,6306;Доллар США
1;27.06.2014;33,7508;Доллар США
1;26.06.2014;33,9070;Доллар США
1;25.06.2014;33,9812;Доллар США
1;24.06.2014;34,2797;Доллар США
1;21.06.2014;34,4190;Доллар США
1;20.06.2014;34,3025;Доллар США
1;19.06.2014;34,8232;Доллар США
1;18.06.2014;34,8095;Доллар США
1;17.06.2014;34,5654;Доллар США
1;12.06.2014;34,3227;Доллар США
1;11.06.2014;34,3681;Доллар США
1;10.06.2014;34,3303;Доллар США
1;07.06.2014;34,6573;Доллар США
1;06.06.2014;34,9043;Доллар США
1;05.06.2014;35,1398;Доллар США
1;04.06.2014;35,0115;Доллар США
1;03.06.2014;34,8887;Доллар США
1;31.05.2014;34,7352;Доллар США
1;30.05.2014;34,6481;Доллар США
1;29.05.2014;34,4895;Доллар США
1;28.05.2014;34,2571;Доллар США
1;27.05.2014;34,0771;Доллар США
1;24.05.2014;34,3139;Доллар США
1;23.05.2014;34,2802;Доллар США
1;22.05.2014;34,5078;Доллар США
1;21.05.2014;34,6007;Доллар США
1;20.05.2014;34,7394;Доллар США
1;17.05.2014;34,7794;Доллар США
1;16.05.2014;34,7005;Доллар США
1;15.05.2014;34,7090;Доллар США
1;14.05.2014;34,8789;Доллар США
1;13.05.2014;35,2091;Доллар США
1;09.05.2014;35,0343;Доллар США
1;08.05.2014;35,4971;Доллар США
1;07.05.2014;35,6550;Доллар США
1;06.05.2014;35,8381;Доллар США
1;01.05.2014;35,7227;Доллар США
1;30.04.2014;35,6983;Доллар США
1;29.04.2014;36,0245;Доллар США
1;26.04.2014;35,9289;Доллар США
1;25.04.2014;35,6830;Доллар США
1;24.04.2014;35,6625;Доллар США
1;23.04.2014;35,6785;Доллар США
1;22.04.2014;35,6688;Доллар США
1;19.04.2014;35,5389;Доллар США
1;18.04.2014;35,9287;Доллар США
1;17.04.2014;36,0813;Доллар США
1;16.04.2014;35,9635;Доллар США
1;15.04.2014;35,9890;Доллар США
1;12.04.2014;35,6239;Доллар США
1;11.04.2014;35,5581;Доллар США
1;10.04.2014;35,7493;Доллар США
1;09.04.2014;35,5475;Доллар США
1;08.04.2014;35,4679;Доллар США
1;05.04.2014;35,5010;Доллар США
1;04.04.2014;35,5154;Доллар США
1;03.04.2014;35,2517;Доллар США
1;02.04.2014;35,0240;Доллар США
1;01.04.2014;35,6053;Доллар США
1;29.03.2014;35,6871;Доллар США
1;28.03.2014;35,5810;Доллар США
1;27.03.2014;35,4494;Доллар США
1;26.03.2014;35,9316;Доллар США
1;25.03.2014;36,1663;Доллар США
1;22.03.2014;36,4022;Доллар США
1;21.03.2014;36,1081;Доллар США
1;20.03.2014;36,2070;Доллар США
1;19.03.2014;36,4487;Доллар США
1;18.03.2014;36,6505;Доллар США
1;15.03.2014;36,6391;Доллар США
1;14.03.2014;36,4566;Доллар США
1;13.03.2014;36,4865;Доллар США
1;12.03.2014;36,4015;Доллар США
1;08.03.2014;36,2618;Доллар США
1;07.03.2014;36,1251;Доллар США
1;06.03.2014;36,0849;Доллар США
1;05.03.2014;36,3208;Доллар США
1;04.03.2014;36,3784;Доллар США
1;01.03.2014;36,1847;Доллар США
1;28.02.2014;36,0501;Доллар США
1;27.02.2014;35,7872;Доллар США
1;26.02.2014;35,5669;Доллар США
1;25.02.2014;35,5112;Доллар США
1;22.02.2014;35,6828;Доллар США
1;21.02.2014;35,7670;Доллар США
1;20.02.2014;35,5857;Доллар США
1;19.02.2014;35,2386;Доллар США
1;18.02.2014;35,0976;Доллар США
1;15.02.2014;35,2559;Доллар США
1;14.02.2014;34,8611;Доллар США
1;13.02.2014;34,7595;Доллар США
1;12.02.2014;34,7964;Доллар США
1;11.02.2014;34,7636;Доллар США
1;08.02.2014;34,6044;Доллар США
1;07.02.2014;34,7287;Доллар США
1;06.02.2014;34,9592;Доллар США
1;05.02.2014;35,4502;Доллар США
1;04.02.2014;35,2347;Доллар США
1;01.02.2014;35,1800;Доллар США
1;31.01.2014;35,2448;Доллар США
1;30.01.2014;34,5633;Доллар США
1;29.01.2014;34,6250;Доллар США
1;28.01.2014;34,7093;Доллар США
1;25.01.2014;34,2600;Доллар США
1;24.01.2014;34,0334;Доллар США
1;23.01.2014;33,8688;Доллар США
1;22.01.2014;33,8161;Доллар США
1;21.01.2014;33,6429;Доллар США
1;18.01.2014;33,4343;Доллар США
1;17.01.2014;33,4013;Доллар США
1;16.01.2014;33,3562;Доллар США
1;15.01.2014;33,2386;Доллар США
1;14.01.2014;33,1204;Доллар США
1;11.01.2014;33,2062;Доллар США
1;10.01.2014;33,1547;Доллар США
1;01.01.2014;32,6587;Доллар США
1;31.12.2013;32,7292;Доллар США
1;28.12.2013;32,6282;Доллар США
1;27.12.2013;32,6710;Доллар США
1;26.12.2013;32,6487;Доллар США
1;25.12.2013;32,6284;Доллар США
1;24.12.2013;32,9506;Доллар США
1;21.12.2013;32,9798;Доллар США
1;20.12.2013;32,9527;Доллар США
1;19.12.2013;32,9404;Доллар США
1;18.12.2013;32,8646;Доллар США
1;17.12.2013;32,8658;Доллар США
1;14.12.2013;32,8663;Доллар США
1;13.12.2013;32,7518;Доллар США
1;12.12.2013;32,7315;Доллар США
1;11.12.2013;32,7848;Доллар США
1;10.12.2013;32,7782;Доллар США
1;07.12.2013;32,9514;Доллар США
1;06.12.2013;33,1140;Доллар США
1;05.12.2013;33,2632;Доллар США
1;04.12.2013;33,2460;Доллар США
1;03.12.2013;33,1482;Доллар США
1;30.11.2013;33,1916;Доллар США
1;29.11.2013;33,1332;Доллар США
1;28.11.2013;33,0041;Доллар США
1;27.11.2013;32,9879;Доллар США
1;26.11.2013;32,7733;Доллар США
1;23.11.2013;32,9055;Доллар США
1;22.11.2013;33,0180;Доллар США
1;21.11.2013;32,7417;Доллар США
1;20.11.2013;32,6098;Доллар США
1;19.11.2013;32,5658;Доллар США
1;16.11.2013;32,6807;Доллар США
1;15.11.2013;32,6874;Доллар США
1;14.11.2013;32,8184;Доллар США
1;13.11.2013;32,8076;Доллар США
1;12.11.2013;32,6622;Доллар США
1;09.11.2013;32,5479;Доллар США
1;08.11.2013;32,3803;Доллар США
1;07.11.2013;32,4511;Доллар США
1;06.11.2013;32,3509;Доллар США
1;02.11.2013;32,1808;Доллар США
1;01.11.2013;32,0758;Доллар США
1;31.10.2013;32,0613;Доллар США
1;30.10.2013;31,9445;Доллар США
1;29.10.2013;31,8119;Доллар США
1;26.10.2013;31,6775;Доллар США
1;25.10.2013;31,6618;Доллар США
1;24.10.2013;31,7448;Доллар США
1;23.10.2013;31,9346;Доллар США
1;22.10.2013;31,9013;Доллар США
1;19.10.2013;31,8460;Доллар США
1;18.10.2013;32,0816;Доллар США
1;17.10.2013;32,2561;Доллар США
1;16.10.2013;32,2676;Доллар США
1;15.10.2013;32,2663;Доллар США
1;12.10.2013;32,2133;Доллар США
1;11.10.2013;32,3564;Доллар США
1;10.10.2013;32,3619;Доллар США
1;09.10.2013;32,2984;Доллар США
1;08.10.2013;32,2931;Доллар США
1;05.10.2013;32,1005;Доллар США
1;04.10.2013;32,1250;Доллар США
1;03.10.2013;32,2979;Доллар США
1;02.10.2013;32,2965;Доллар США
1;01.10.2013;32,4839;Доллар США
1;28.09.2013;32,3451;Доллар США
1;27.09.2013;32,1736;Доллар США
1;26.09.2013;31,9343;Доллар США
1;25.09.2013;31,8167;Доллар США
1;24.09.2013;31,9106;Доллар США
1;21.09.2013;31,7326;Доллар США
1;20.09.2013;31,5892;Доллар США
1;19.09.2013;32,2450;Доллар США
1;18.09.2013;32,3237;Доллар США
1;17.09.2013;32,2907;Доллар США
1;14.09.2013;32,7406;Доллар США
1;13.09.2013;32,6731;Доллар США
1;12.09.2013;32,9629;Доллар США
1;11.09.2013;33,0600;Доллар США
1;10.09.2013;33,3243;Доллар США
1;07.09.2013;33,4338;Доллар США
1;06.09.2013;33,3901;Доллар США
1;05.09.2013;33,4656;Доллар США
1;04.09.2013;33,3693;Доллар США
1;03.09.2013;33,2522;Доллар США
1;31.08.2013;33,2474;Доллар США
1;30.08.2013;33,1783;Доллар США
1;29.08.2013;33,1798;Доллар США
1;28.08.2013;33,1224;Доллар США
1;27.08.2013;32,9564;Доллар США
1;24.08.2013;33,0552;Доллар США
1;23.08.2013;33,1908;Доллар США
1;22.08.2013;32,9737;Доллар США
1;21.08.2013;33,0006;Доллар США
1;20.08.2013;32,9226;Доллар США
1;17.08.2013;32,9421;Доллар США
1;16.08.2013;33,0004;Доллар США
1;15.08.2013;33,1583;Доллар США
1;14.08.2013;33,0426;Доллар США
1;13.08.2013;32,8910;Доллар США
1;10.08.2013;32,8606;Доллар США
1;09.08.2013;32,9401;Доллар США
1;08.08.2013;32,9848;Доллар США
1;07.08.2013;32,9390;Доллар США
1;06.08.2013;32,8811;Доллар США
1;03.08.2013;33,0978;Доллар США
1;02.08.2013;32,9741;Доллар США
1;01.08.2013;33,0330;Доллар США
1;31.07.2013;32,8901;Доллар США
1;30.07.2013;32,8556;Доллар США
1;27.07.2013;32,6371;Доллар США
1;26.07.2013;32,5376;Доллар США
1;25.07.2013;32,3462;Доллар США
1;24.07.2013;32,3106;Доллар США
1;23.07.2013;32,3236;Доллар США
1;20.07.2013;32,4288;Доллар США
1;19.07.2013;32,3998;Доллар США
1;18.07.2013;32,4526;Доллар США
1;17.07.2013;32,5417;Доллар США
1;16.07.2013;32,6220;Доллар США
1;13.07.2013;32,6429;Доллар США
1;12.07.2013;32,5867;Доллар США
1;11.07.2013;32,9112;Доллар США
1;10.07.2013;33,0842;Доллар США
1;09.07.2013;33,3210;Доллар США
1;06.07.2013;33,2247;Доллар США
1;05.07.2013;33,1605;Доллар США
1;04.07.2013;33,2204;Доллар США
1;03.07.2013;32,9475;Доллар США
1;02.07.2013;32,8517;Доллар США
1;29.06.2013;32,7090;Доллар США
1;28.06.2013;32,8766;Доллар США
1;27.06.2013;32,8876;Доллар США
1;26.06.2013;32,7140;Доллар США
1;25.06.2013;32,9097;Доллар США
1;22.06.2013;32,7433;Доллар США
1;21.06.2013;32,7041;Доллар США
1;20.06.2013;32,1201;Доллар США
1;19.06.2013;31,8824;Доллар США
1;18.06.2013;31,6790;Доллар США
1;15.06.2013;31,8029;Доллар США
1;14.06.2013;32,3467;Доллар США
1;12.06.2013;32,3951;Доллар США
1;11.06.2013;32,3246;Доллар США
1;08.06.2013;32,2397;Доллар США
1;07.06.2013;32,1385;Доллар США
1;06.06.2013;31,9816;Доллар США
1;05.06.2013;31,8344;Доллар США
1;04.06.2013;32,0487;Доллар США
1;01.06.2013;31,7979;Доллар США
1;31.05.2013;31,5893;Доллар США
1;30.05.2013;31,5203;Доллар США
1;29.05.2013;31,3784;Доллар США
1;28.05.2013;31,3025;Доллар США
1;25.05.2013;31,3164;Доллар США
1;24.05.2013;31,4711;Доллар США
1;23.05.2013;31,2280;Доллар США
1;22.05.2013;31,1770;Доллар США
1;21.05.2013;31,3406;Доллар США
1;18.05.2013;31,3931;Доллар США
1;17.05.2013;31,4166;Доллар США
1;16.05.2013;31,4281;Доллар США
1;15.05.2013;31,2778;Доллар США
1;14.05.2013;31,3777;Доллар США
1;09.05.2013;31,0829;Доллар США
1;08.05.2013;31,0789;Доллар США
1;07.05.2013;31,0839;Доллар США
1;01.05.2013;31,0433;Доллар США
1;30.04.2013;31,2559;Доллар США
1;27.04.2013;31,2196;Доллар США
1;26.04.2013;31,3169;Доллар США
1;25.04.2013;31,5917;Доллар США
1;24.04.2013;31,6414;Доллар США
1;23.04.2013;31,5664;Доллар США
1;20.04.2013;31,4605;Доллар США
1;19.04.2013;31,7151;Доллар США
1;18.04.2013;31,2320;Доллар США
1;17.04.2013;31,4512;Доллар США
1;16.04.2013;31,3051;Доллар США
1;13.04.2013;30,9308;Доллар США
1;12.04.2013;30,8814;Доллар США
1;11.04.2013;31,0036;Доллар США
1;10.04.2013;31,2086;Доллар США
1;09.04.2013;31,6144;Доллар США
1;06.04.2013;31,6207;Доллар США
1;05.04.2013;31,7203;Доллар США
1;04.04.2013;31,3918;Доллар США
1;03.04.2013;31,1178;Доллар США
1;02.04.2013;31,1093;Доллар США
1;30.03.2013;31,0834;Доллар США
1;29.03.2013;30,9962;Доллар США
1;28.03.2013;30,8630;Доллар США
1;27.03.2013;30,8734;Доллар США
1;26.03.2013;30,7585;Доллар США
1;23.03.2013;30,9325;Доллар США
1;22.03.2013;30,8923;Доллар США
1;21.03.2013;30,9446;Доллар США
1;20.03.2013;30,8285;Доллар США
1;19.03.2013;30,8908;Доллар США
1;16.03.2013;30,7196;Доллар США
1;15.03.2013;30,7769;Доллар США
1;14.03.2013;30,7209;Доллар США
1;13.03.2013;30,7499;Доллар США
1;12.03.2013;30,7576;Доллар США
1;08.03.2013;30,7628;Доллар США
1;07.03.2013;30,6214;Доллар США
1;06.03.2013;30,6963;Доллар США
1;05.03.2013;30,7870;Доллар США
1;02.03.2013;30,6381;Доллар США
1;01.03.2013;30,5124;Доллар США
1;28.02.2013;30,6202;Доллар США
1;27.02.2013;30,5889;Доллар США
1;26.02.2013;30,3368;Доллар США
1;23.02.2013;30,3596;Доллар США
1;22.02.2013;30,2337;Доллар США
1;21.02.2013;30,0502;Доллар США
1;20.02.2013;30,1277;Доллар США
1;19.02.2013;30,1258;Доллар США
1;16.02.2013;30,1139;Доллар США
1;15.02.2013;30,0773;Доллар США
1;14.02.2013;30,0692;Доллар США
1;13.02.2013;30,1713;Доллар США
1;12.02.2013;30,1590;Доллар США
1;09.02.2013;30,1575;Доллар США
1;08.02.2013;30,0496;Доллар США
1;07.02.2013;29,9598;Доллар США
1;06.02.2013;30,1231;Доллар США
1;05.02.2013;29,9251;Доллар США
1;02.02.2013;29,9966;Доллар США
1;01.02.2013;30,0161;Доллар США
1;31.01.2013;30,0277;Доллар США
1;30.01.2013;30,1513;Доллар США
1;29.01.2013;30,0782;Доллар США
1;26.01.2013;30,0451;Доллар США
1;25.01.2013;30,1648;Доллар США
1;24.01.2013;30,2292;Доллар США
1;23.01.2013;30,1950;Доллар США
1;22.01.2013;30,2970;Доллар США
1;19.01.2013;30,2065;Доллар США
1;18.01.2013;30,3431;Доллар США
1;17.01.2013;30,3399;Доллар США
1;16.01.2013;30,2556;Доллар США
1;15.01.2013;30,2607;Доллар США
1;12.01.2013;30,2537;Доллар США
1;11.01.2013;30,3650;Доллар США
1;10.01.2013;30,4215;Доллар США
1;30.12.2012;30,3727;Доллар США
1;29.12.2012;30,3727;Доллар США
1;28.12.2012;30,4808;Доллар США
1;27.12.2012;30,6150;Доллар США
1;26.12.2012;30,5926;Доллар США
1;25.12.2012;30,8046;Доллар США
1;22.12.2012;30,7194;Доллар США
1;21.12.2012;30,7592;Доллар США
1;20.12.2012;30,7606;Доллар США
1;19.12.2012;30,9859;Доллар США
1;18.12.2012;30,7696;Доллар США
1;15.12.2012;30,6892;Доллар США
1;14.12.2012;30,6034;Доллар США
1;13.12.2012;30,7321;Доллар США
1;12.12.2012;30,7506;Доллар США
1;11.12.2012;30,8686;Доллар США
1;08.12.2012;30,9670;Доллар США
1;07.12.2012;30,9107;Доллар США
1;06.12.2012;30,8235;Доллар США
1;05.12.2012;30,9940;Доллар США
1;04.12.2012;30,8365;Доллар США
1;01.12.2012;30,8110;Доллар США
1;30.11.2012;31,0565;Доллар США
1;29.11.2012;31,1408;Доллар США
1;28.11.2012;30,9410;Доллар США
1;27.11.2012;31,0201;Доллар США
1;24.11.2012;31,1325;Доллар США
1;23.11.2012;31,1525;Доллар США
1;22.11.2012;31,4218;Доллар США
1;21.11.2012;31,4263;Доллар США
1;20.11.2012;31,6677;Доллар США
1;17.11.2012;31,7184;Доллар США
1;16.11.2012;31,6919;Доллар США
1;15.11.2012;31,7267;Доллар США
1;14.11.2012;31,7164;Доллар США
1;13.11.2012;31,6053;Доллар США
1;10.11.2012;31,4962;Доллар США
1;09.11.2012;31,5146;Доллар США
1;08.11.2012;31,3033;Доллар США
1;07.11.2012;31,5195;Доллар США
1;03.11.2012;31,3817;Доллар США
1;02.11.2012;31,3666;Доллар США
1;01.11.2012;31,3743;Доллар США
1;31.10.2012;31,5252;Доллар США
1;30.10.2012;31,4373;Доллар США
1;27.10.2012;31,4780;Доллар США
1;26.10.2012;31,2499;Доллар США
1;25.10.2012;31,3039;Доллар США
1;24.10.2012;31,1171;Доллар США
1;23.10.2012;30,9084;Доллар США
1;20.10.2012;30,7823;Доллар США
1;19.10.2012;30,7195;Доллар США
1;18.10.2012;30,7964;Доллар США
1;17.10.2012;30,9493;Доллар США
1;16.10.2012;31,0791;Доллар США
1;13.10.2012;30,9738;Доллар США
1;12.10.2012;31,1667;Доллар США
1;11.10.2012;31,2017;Доллар США
1;10.10.2012;31,0994;Доллар США
1;09.10.2012;31,0777;Доллар США
1;06.10.2012;30,9744;Доллар США
1;05.10.2012;31,1210;Доллар США
1;04.10.2012;31,1944;Доллар США
1;03.10.2012;31,1350;Доллар США
1;02.10.2012;31,2538;Доллар США
1;29.09.2012;30,9169;Доллар США
1;28.09.2012;31,1951;Доллар США
1;27.09.2012;31,2221;Доллар США
1;26.09.2012;31,1608;Доллар США
1;25.09.2012;31,2513;Доллар США
1;22.09.2012;31,1667;Доллар США
1;21.09.2012;31,5758;Доллар США
1;20.09.2012;30,8634;Доллар США
1;19.09.2012;30,8795;Доллар США
1;18.09.2012;30,5867;Доллар США
1;15.09.2012;30,8181;Доллар США
1;14.09.2012;31,3992;Доллар США
1;13.09.2012;31,4780;Доллар США
1;12.09.2012;31,7768;Доллар США
1;11.09.2012;31,7221;Доллар США
1;08.09.2012;32,0142;Доллар США
1;07.09.2012;32,1998;Доллар США
1;06.09.2012;32,4608;Доллар США
1;05.09.2012;32,1995;Доллар США
1;04.09.2012;32,4171;Доллар США
1;01.09.2012;32,5669;Доллар США
1;31.08.2012;32,2934;Доллар США
1;30.08.2012;32,0942;Доллар США
1;29.08.2012;32,0183;Доллар США
1;28.08.2012;31,8703;Доллар США
1;25.08.2012;31,8099;Доллар США
1;24.08.2012;31,6830;Доллар США
1;23.08.2012;31,8056;Доллар США
1;22.08.2012;31,9606;Доллар США
1;21.08.2012;32,0165;Доллар США
1;18.08.2012;31,8469;Доллар США
1;17.08.2012;31,9011;Доллар США
1;16.08.2012;31,8532;Доллар США
1;15.08.2012;31,7739;Доллар США
1;14.08.2012;31,8707;Доллар США
1;11.08.2012;31,8974;Доллар США
1;10.08.2012;31,4807;Доллар США
1;09.08.2012;31,6907;Доллар США
1;08.08.2012;31,6644;Доллар США
1;07.08.2012;31,9451;Доллар США
1;04.08.2012;32,5361;Доллар США
1;03.08.2012;32,4563;Доллар США
1;02.08.2012;32,3322;Доллар США
1;01.08.2012;32,2058;Доллар США
1;31.07.2012;32,1881;Доллар США
1;28.07.2012;32,2131;Доллар США
1;27.07.2012;32,6224;Доллар США
1;26.07.2012;32,9657;Доллар США
1;25.07.2012;32,6324;Доллар США
1;24.07.2012;32,3760;Доллар США
1;21.07.2012;31,9509;Доллар США
1;20.07.2012;32,0764;Доллар США
1;19.07.2012;32,4041;Доллар США
1;18.07.2012;32,4955;Доллар США
1;17.07.2012;32,6208;Доллар США
1;14.07.2012;32,6590;Доллар США
1;13.07.2012;32,7177;Доллар США
1;12.07.2012;32,8282;Доллар США
1;11.07.2012;32,9754;Доллар США
1;10.07.2012;32,9907;Доллар США
1;07.07.2012;32,6240;Доллар США
1;06.07.2012;32,4727;Доллар США
1;05.07.2012;32,2065;Доллар США
1;04.07.2012;32,4789;Доллар США
1;03.07.2012;32,5287;Доллар США
1;30.06.2012;32,8169;Доллар США
1;29.06.2012;32,9412;Доллар США
1;28.06.2012;32,8384;Доллар США
1;27.06.2012;33,1732;Доллар США
1;26.06.2012;33,1693;Доллар США
1;23.06.2012;33,5191;Доллар США
1;22.06.2012;32,9054;Доллар США
1;21.06.2012;32,5166;Доллар США
1;20.06.2012;32,5315;Доллар США
1;19.06.2012;32,1315;Доллар США
1;16.06.2012;32,3945;Доллар США
1;15.06.2012;32,5766;Доллар США
1;14.06.2012;32,7331;Доллар США
1;10.06.2012;32,5862;Доллар США
1;09.06.2012;32,7358;Доллар США
1;08.06.2012;32,1922;Доллар США
1;07.06.2012;32,7889;Доллар США
1;06.06.2012;33,2001;Доллар США
1;05.06.2012;34,0395;Доллар США
1;02.06.2012;33,7384;Доллар США
1;01.06.2012;32,9173;Доллар США
1;31.05.2012;32,4509;Доллар США
1;30.05.2012;32,0860;Доллар США
1;29.05.2012;31,8270;Доллар США
1;26.05.2012;31,7572;Доллар США
1;25.05.2012;31,6247;Доллар США
1;24.05.2012;31,3803;Доллар США
1;23.05.2012;31,0644;Доллар США
1;22.05.2012;31,1582;Доллар США
1;19.05.2012;31,3921;Доллар США
1;18.05.2012;30,9417;Доллар США
1;17.05.2012;30,9758;Доллар США
1;16.05.2012;30,3299;Доллар США
1;15.05.2012;30,2652;Доллар США
1;13.05.2012;30,1793;Доллар США
1;12.05.2012;30,2306;Доллар США
1;11.05.2012;30,1891;Доллар США
1;06.05.2012;29,8075;Доллар США
1;05.05.2012;29,5937;Доллар США
1;04.05.2012;29,4630;Доллар США
1;03.05.2012;29,3708;Доллар США
1;29.04.2012;29,3627;Доллар США
1;28.04.2012;29,4234;Доллар США
1;27.04.2012;29,2770;Доллар США
1;26.04.2012;29,2962;Доллар США
1;25.04.2012;29,4549;Доллар США
1;24.04.2012;29,4880;Доллар США
1;21.04.2012;29,5214;Доллар США
1;20.04.2012;29,5122;Доллар США
1;19.04.2012;29,4978;Доллар США
1;18.04.2012;29,6368;Доллар США
1;17.04.2012;29,7614;Доллар США
1;14.04.2012;29,4711;Доллар США
1;13.04.2012;29,5690;Доллар США
1;12.04.2012;29,8033;Доллар США
1;11.04.2012;29,6359;Доллар США
1;10.04.2012;29,6358;Доллар США
1;07.04.2012;29,4606;Доллар США
1;06.04.2012;29,4303;Доллар США
1;05.04.2012;29,4285;Доллар США
1;04.04.2012;29,2944;Доллар США
1;03.04.2012;29,3479;Доллар США
1;31.03.2012;29,3282;Доллар США
1;30.03.2012;29,2853;Доллар США
1;29.03.2012;29,0845;Доллар США
1;28.03.2012;28,9468;Доллар США
1;27.03.2012;29,2311;Доллар США
1;24.03.2012;29,4038;Доллар США
1;23.03.2012;29,2447;Доллар США
1;22.03.2012;29,2079;Доллар США
1;21.03.2012;29,1652;Доллар США
1;20.03.2012;29,2224;Доллар США
1;17.03.2012;29,3578;Доллар США
1;16.03.2012;29,5822;Доллар США
1;15.03.2012;29,5125;Доллар США
1;14.03.2012;29,5091;Доллар США
1;13.03.2012;29,6666;Доллар США
1;12.03.2012;29,5406;Доллар США
1;08.03.2012;29,6621;Доллар США
1;07.03.2012;29,4508;Доллар США
1;06.03.2012;29,2892;Доллар США
1;03.03.2012;29,2960;Доллар США
1;02.03.2012;29,2889;Доллар США
1;01.03.2012;29,0253;Доллар США
1;29.02.2012;28,9503;Доллар США
1;28.02.2012;29,1264;Доллар США
1;25.02.2012;29,4490;Доллар США
1;23.02.2012;29,7692;Доллар США
1;22.02.2012;29,7796;Доллар США
1;21.02.2012;29,7805;Доллар США
1;18.02.2012;29,9982;Доллар США
1;17.02.2012;30,2098;Доллар США
1;16.02.2012;29,9440;Доллар США
1;15.02.2012;30,0868;Доллар США
1;14.02.2012;29,8873;Доллар США
1;11.02.2012;29,8923;Доллар США
1;10.02.2012;29,6795;Доллар США
1;09.02.2012;29,6930;Доллар США
1;08.02.2012;30,0871;Доллар США
1;07.02.2012;30,2324;Доллар США
1;04.02.2012;30,2385;Доллар США
1;03.02.2012;30,1855;Доллар США
1;02.02.2012;30,4067;Доллар США
1;01.02.2012;30,3131;Доллар США
1;31.01.2012;30,3647;Доллар США
1;28.01.2012;30,3626;Доллар США
1;27.01.2012;30,3600;Доллар США
1;26.01.2012;30,6670;Доллар США
1;25.01.2012;30,8752;Доллар США
1;24.01.2012;31,3325;Доллар США
1;21.01.2012;31,2879;Доллар США
1;20.01.2012;31,4777;Доллар США
1;19.01.2012;31,5428;Доллар США
1;18.01.2012;31,5445;Доллар США
1;17.01.2012;31,9344;Доллар США
1;14.01.2012;31,5830;Доллар США
1;13.01.2012;31,6807;Доллар США
1;12.01.2012;31,6886;Доллар США
1;11.01.2012;31,8729;Доллар США
1;31.12.2011;32,1961;Доллар США
1;30.12.2011;32,0197;Доллар США
1;29.12.2011;31,5633;Доллар США
1;28.12.2011;31,0847;Доллар США
1;27.12.2011;31,2266;Доллар США
1;24.12.2011;31,2575;Доллар США
1;23.12.2011;31,5634;Доллар США
1;22.12.2011;31,7645;Доллар США
1;21.12.2011;32,0519;Доллар США
1;20.12.2011;32,0323;Доллар США
1;17.12.2011;31,7701;Доллар США
1;16.12.2011;31,8957;Доллар США
1;15.12.2011;31,7655;Доллар США
1;14.12.2011;31,6704;Доллар США
1;13.12.2011;31,4134;Доллар США
1;10.12.2011;31,5691;Доллар США
1;09.12.2011;31,2308;Доллар США
1;08.12.2011;31,1527;Доллар США
1;07.12.2011;31,1026;Доллар США
1;06.12.2011;30,9068;Доллар США
1;03.12.2011;30,8099;Доллар США
1;02.12.2011;30,8486;Доллар США
1;01.12.2011;31,4001;Доллар США
1;30.11.2011;31,3216;Доллар США
1;29.11.2011;31,4117;Доллар США
1;26.11.2011;31,5788;Доллар США
1;25.11.2011;31,4365;Доллар США
1;24.11.2011;31,2133;Доллар США
1;23.11.2011;31,0612;Доллар США
1;22.11.2011;30,9693;Доллар США
1;19.11.2011;30,9190;Доллар США
1;18.11.2011;30,7337;Доллар США
1;17.11.2011;30,8417;Доллар США
1;16.11.2011;30,6600;Доллар США
1;15.11.2011;30,2921;Доллар США
1;12.11.2011;30,5282;Доллар США
1;11.11.2011;30,8454;Доллар США
1;10.11.2011;30,1033;Доллар США
1;09.11.2011;30,5014;Доллар США
1;08.11.2011;30,5694;Доллар США
1;04.11.2011;30,8438;Доллар США
1;03.11.2011;30,6830;Доллар США
1;02.11.2011;30,6448;Доллар США
1;01.11.2011;30,1245;Доллар США
1;29.10.2011;29,8977;Доллар США
1;28.10.2011;30,2421;Доллар США
1;27.10.2011;30,5732;Доллар США
1;26.10.2011;30,4971;Доллар США
1;25.10.2011;30,8255;Доллар США
1;22.10.2011;31,3361;Доллар США
1;21.10.2011;31,3788;Доллар США
1;20.10.2011;30,9257;Доллар США
1;19.10.2011;30,9694;Доллар США
1;18.10.2011;30,7370;Доллар США
1;15.10.2011;30,9905;Доллар США
1;14.10.2011;31,2014;Доллар США
1;13.10.2011;31,4151;Доллар США
1;12.10.2011;31,4270;Доллар США
1;11.10.2011;32,0096;Доллар США
1;08.10.2011;32,2005;Доллар США
1;07.10.2011;32,5085;Доллар США
1;06.10.2011;32,6374;Доллар США
1;05.10.2011;32,6799;Доллар США
1;04.10.2011;32,5890;Доллар США
1;01.10.2011;32,1100;Доллар США
1;30.09.2011;31,8751;Доллар США
1;29.09.2011;31,8180;Доллар США
1;28.09.2011;32,2201;Доллар США
1;27.09.2011;32,4619;Доллар США
1;24.09.2011;32,1083;Доллар США
1;23.09.2011;31,9106;Доллар США
1;22.09.2011;31,4122;Доллар США
1;21.09.2011;31,4960;Доллар США
1;20.09.2011;30,8680;Доллар США
1;17.09.2011;30,5328;Доллар США
1;16.09.2011;30,5042;Доллар США
1;15.09.2011;30,3643;Доллар США
1;14.09.2011;30,1872;Доллар США
1;13.09.2011;30,3034;Доллар США
1;10.09.2011;29,6904;Доллар США
1;09.09.2011;29,5015;Доллар США
1;08.09.2011;29,4905;Доллар США
1;07.09.2011;29,6107;Доллар США
1;06.09.2011;29,3436;Доллар США
1;03.09.2011;29,0604;Доллар США
1;02.09.2011;28,8911;Доллар США
1;01.09.2011;28,9278;Доллар США
1;31.08.2011;28,8569;Доллар США
1;30.08.2011;28,7108;Доллар США
1;27.08.2011;28,8717;Доллар США
1;26.08.2011;28,8825;Доллар США
1;25.08.2011;28,9037;Доллар США
1;24.08.2011;28,9547;Доллар США
1;23.08.2011;29,2555;Доллар США
1;20.08.2011;29,2709;Доллар США
1;19.08.2011;28,9115;Доллар США
1;18.08.2011;28,7207;Доллар США
1;17.08.2011;28,7032;Доллар США
1;16.08.2011;28,8576;Доллар США
1;13.08.2011;29,4452;Доллар США
1;12.08.2011;29,4170;Доллар США
1;11.08.2011;29,3065;Доллар США
1;10.08.2011;29,4166;Доллар США
1;09.08.2011;28,5210;Доллар США
1;06.08.2011;28,3382;Доллар США
1;05.08.2011;27,8432;Доллар США
1;04.08.2011;27,8996;Доллар США
1;03.08.2011;27,8154;Доллар США
1;02.08.2011;27,5204;Доллар США
1;30.07.2011;27,6796;Доллар США
1;29.07.2011;27,5907;Доллар США
1;28.07.2011;27,4439;Доллар США
1;27.07.2011;27,5460;Доллар США
1;26.07.2011;27,7413;Доллар США
1;23.07.2011;27,7169;Доллар США
1;22.07.2011;27,9080;Доллар США
1;21.07.2011;28,0466;Доллар США
1;20.07.2011;28,1505;Доллар США
1;19.07.2011;28,1775;Доллар США
1;16.07.2011;28,1277;Доллар США
1;15.07.2011;28,0610;Доллар США
1;14.07.2011;28,2557;Доллар США
1;13.07.2011;28,3842;Доллар США
1;12.07.2011;28,0839;Доллар США
1;09.07.2011;27,8880;Доллар США
1;08.07.2011;27,9853;Доллар США
1;07.07.2011;27,8907;Доллар США
1;06.07.2011;27,8622;Доллар США
1;05.07.2011;27,8037;Доллар США
1;02.07.2011;27,8536;Доллар США
1;01.07.2011;27,8726;Доллар США
1;30.06.2011;28,0758;Доллар США
1;29.06.2011;28,2352;Доллар США
1;28.06.2011;28,3478;Доллар США
1;25.06.2011;28,1655;Доллар США
1;24.06.2011;28,0568;Доллар США
1;23.06.2011;27,8960;Доллар США
1;22.06.2011;28,0118;Доллар США
1;21.06.2011;28,1783;Доллар США
1;18.06.2011;28,1778;Доллар США
1;17.06.2011;28,1900;Доллар США
1;16.06.2011;27,8957;Доллар США
1;15.06.2011;27,8984;Доллар США
1;11.06.2011;27,7907;Доллар США
1;10.06.2011;27,7033;Доллар США
1;09.06.2011;27,6847;Доллар США
1;08.06.2011;27,7814;Доллар США
1;07.06.2011;27,7752;Доллар США
1;04.06.2011;27,8751;Доллар США
1;03.06.2011;28,0419;Доллар США
1;02.06.2011;27,9682;Доллар США
1;01.06.2011;27,9805;Доллар США
1;31.05.2011;28,0685;Доллар США
1;28.05.2011;28,1166;Доллар США
1;27.05.2011;28,2280;Доллар США
1;26.05.2011;28,4794;Доллар США
1;25.05.2011;28,4370;Доллар США
1;24.05.2011;28,3418;Доллар США
1;21.05.2011;27,9145;Доллар США
1;20.05.2011;27,9608;Доллар США
1;19.05.2011;28,0466;Доллар США
1;18.05.2011;28,1177;Доллар США
1;17.05.2011;28,1220;Доллар США
1;14.05.2011;27,8497;Доллар США
1;13.05.2011;27,9472;Доллар США
1;12.05.2011;27,6288;Доллар США
1;11.05.2011;27,8645;Доллар США
1;07.05.2011;27,6635;Доллар США
1;06.05.2011;27,2625;Доллар США
1;05.05.2011;27,3675;Доллар США
1;04.05.2011;27,3348;Доллар США
1;30.04.2011;27,5022;Доллар США
1;29.04.2011;27,4977;Доллар США
1;28.04.2011;27,7144;Доллар США
1;27.04.2011;27,8964;Доллар США
1;26.04.2011;27,9924;Доллар США
1;23.04.2011;27,9396;Доллар США
1;22.04.2011;27,9398;Доллар США
1;21.04.2011;28,1457;Доллар США
1;20.04.2011;28,4213;Доллар США
1;19.04.2011;28,1636;Доллар США
1;16.04.2011;28,2212;Доллар США
1;15.04.2011;28,1886;Доллар США
1;14.04.2011;28,1145;Доллар США
1;13.04.2011;28,1456;Доллар США
1;12.04.2011;27,9758;Доллар США
1;09.04.2011;28,1211;Доллар США
1;08.04.2011;28,2286;Доллар США
1;07.04.2011;28,2164;Доллар США
1;06.04.2011;28,3113;Доллар США
1;05.04.2011;28,2277;Доллар США
1;02.04.2011;28,3684;Доллар США
1;01.04.2011;28,5162;Доллар США
1;31.03.2011;28,4290;Доллар США
1;30.03.2011;28,3436;Доллар США
1;29.03.2011;28,4110;Доллар США
1;26.03.2011;28,2237;Доллар США
1;25.03.2011;28,4015;Доллар США
1;24.03.2011;28,2700;Доллар США
1;23.03.2011;28,1561;Доллар США
1;22.03.2011;28,3675;Доллар США
1;19.03.2011;28,4763;Доллар США
1;18.03.2011;28,7422;Доллар США
1;17.03.2011;28,6582;Доллар США
1;16.03.2011;28,7263;Доллар США
1;15.03.2011;28,6640;Доллар США
1;12.03.2011;28,6317;Доллар США
1;11.03.2011;28,4356;Доллар США
1;10.03.2011;28,2945;Доллар США
1;06.03.2011;28,1717;Доллар США
1;05.03.2011;28,1880;Доллар США
1;04.03.2011;28,3228;Доллар США
1;03.03.2011;28,6277;Доллар США
1;02.03.2011;28,7569;Доллар США
1;01.03.2011;28,9028;Доллар США
1;26.02.2011;28,9405;Доллар США
1;25.02.2011;29,1611;Доллар США
1;23.02.2011;29,2859;Доллар США
1;22.02.2011;29,1549;Доллар США
1;19.02.2011;29,2585;Доллар США
1;18.02.2011;29,2447;Доллар США
1;17.02.2011;29,2735;Доллар США
1;16.02.2011;29,2850;Доллар США
1;15.02.2011;29,2583;Доллар США
1;12.02.2011;29,3200;Доллар США
1;11.02.2011;29,3535;Доллар США
1;10.02.2011;29,3010;Доллар США
1;09.02.2011;29,2550;Доллар США
1;08.02.2011;29,3689;Доллар США
1;05.02.2011;29,4136;Доллар США
1;04.02.2011;29,3489;Доллар США
1;03.02.2011;29,4219;Доллар США
1;02.02.2011;29,6548;Доллар США
1;01.02.2011;29,8018;Доллар США
1;29.01.2011;29,6684;Доллар США
1;28.01.2011;29,6738;Доллар США
1;27.01.2011;29,7768;Доллар США
1;26.01.2011;29,7948;Доллар США
1;25.01.2011;29,8516;Доллар США
1;22.01.2011;30,0109;Доллар США
1;21.01.2011;29,9147;Доллар США
1;20.01.2011;29,8252;Доллар США
1;19.01.2011;29,8881;Доллар США
1;18.01.2011;30,0534;Доллар США
1;15.01.2011;29,9540;Доллар США
1;14.01.2011;30,0926;Доллар США
1;13.01.2011;30,3988;Доллар США
1;12.01.2011;30,6252;Доллар США
1;01.01.2011;30,3505;Доллар США
1;31.12.2010;30,4769;Доллар США
1;30.12.2010;30,3592;Доллар США
1;29.12.2010;30,2720;Доллар США
1;28.12.2010;30,4495;Доллар США
1;25.12.2010;30,5778;Доллар США
1;24.12.2010;30,5922;Доллар США
1;23.12.2010;30,7187;Доллар США
1;22.12.2010;30,7188;Доллар США
1;21.12.2010;30,7746;Доллар США
1;18.12.2010;30,6682;Доллар США
1;17.12.2010;30,7528;Доллар США
1;16.12.2010;30,7199;Доллар США
1;15.12.2010;30,7447;Доллар США
1;14.12.2010;30,9006;Доллар США
1;11.12.2010;30,8604;Доллар США
1;10.12.2010;30,9831;Доллар США
1;09.12.2010;31,2430;Доллар США
1;08.12.2010;31,2238;Доллар США
1;07.12.2010;31,2867;Доллар США
1;04.12.2010;31,2641;Доллар США
1;03.12.2010;31,3518;Доллар США
1;02.12.2010;31,4555;Доллар США
1;01.12.2010;31,3335;Доллар США
1;30.11.2010;31,3061;Доллар США
1;27.11.2010;31,3539;Доллар США
1;26.11.2010;31,2842;Доллар США
1;25.11.2010;31,2929;Доллар США
1;24.11.2010;31,2642;Доллар США
1;23.11.2010;30,9950;Доллар США
1;20.11.2010;30,9490;Доллар США
1;19.11.2010;31,1999;Доллар США
1;18.11.2010;31,3487;Доллар США
1;17.11.2010;31,0560;Доллар США
1;16.11.2010;30,8632;Доллар США
1;14.11.2010;30,8414;Доллар США
1;13.11.2010;30,7722;Доллар США
1;12.11.2010;30,5107;Доллар США
1;11.11.2010;30,6925;Доллар США
1;10.11.2010;30,8612;Доллар США
1;09.11.2010;30,8029;Доллар США
1;04.11.2010;30,7709;Доллар США
1;03.11.2010;30,7941;Доллар США
1;02.11.2010;30,7738;Доллар США
1;30.10.2010;30,7821;Доллар США
1;29.10.2010;30,6786;Доллар США
1;28.10.2010;30,5682;Доллар США
1;27.10.2010;30,4000;Доллар США
1;26.10.2010;30,2258;Доллар США
1;23.10.2010;30,4977;Доллар США
1;22.10.2010;30,7348;Доллар США
1;21.10.2010;30,7968;Доллар США
1;20.10.2010;30,4151;Доллар США
1;19.10.2010;30,5237;Доллар США
1;16.10.2010;30,1243;Доллар США
1;15.10.2010;29,9315;Доллар США
1;14.10.2010;30,1269;Доллар США
1;13.10.2010;30,0763;Доллар США
1;12.10.2010;29,8317;Доллар США
1;09.10.2010;29,9086;Доллар США
1;08.10.2010;29,6334;Доллар США
1;07.10.2010;29,8929;Доллар США
1;06.10.2010;30,4360;Доллар США
1;05.10.2010;30,4960;Доллар США
1;02.10.2010;30,5094;Доллар США
1;01.10.2010;30,5126;Доллар США
1;30.09.2010;30,4030;Доллар США
1;29.09.2010;30,6013;Доллар США
1;28.09.2010;30,6119;Доллар США
1;25.09.2010;30,9480;Доллар США
1;24.09.2010;31,0031;Доллар США
1;23.09.2010;30,9826;Доллар США
1;22.09.2010;31,0814;Доллар США
1;21.09.2010;30,9809;Доллар США
1;18.09.2010;31,0826;Доллар США
1;17.09.2010;31,0223;Доллар США
1;16.09.2010;30,7407;Доллар США
1;15.09.2010;30,7049;Доллар США
1;14.09.2010;30,6831;Доллар США
1;11.09.2010;30,8937;Доллар США
1;10.09.2010;30,8801;Доллар США
1;09.09.2010;30,8873;Доллар США
1;08.09.2010;30,7319;Доллар США
1;07.09.2010;30,5771;Доллар США
1;04.09.2010;30,6922;Доллар США
1;03.09.2010;30,6858;Доллар США
1;02.09.2010;30,8001;Доллар США
1;01.09.2010;30,8669;Доллар США
1;31.08.2010;30,6640;Доллар США
1;28.08.2010;30,6969;Доллар США
1;27.08.2010;30,8227;Доллар США
1;26.08.2010;30,8958;Доллар США
1;25.08.2010;30,7559;Доллар США
1;24.08.2010;30,6041;Доллар США
1;21.08.2010;30,5099;Доллар США
1;20.08.2010;30,4636;Доллар США
1;19.08.2010;30,4257;Доллар США
1;18.08.2010;30,4514;Доллар США
1;17.08.2010;30,5199;Доллар США
1;14.08.2010;30,4199;Доллар США
1;13.08.2010;30,4493;Доллар США
1;12.08.2010;30,2050;Доллар США
1;11.08.2010;30,0239;Доллар США
1;10.08.2010;29,8186;Доллар США
1;07.08.2010;29,8312;Доллар США
1;06.08.2010;29,8633;Доллар США
1;05.08.2010;29,7958;Доллар США
1;04.08.2010;29,9681;Доллар США
1;03.08.2010;30,1861;Доллар США
1;31.07.2010;30,1869;Доллар США
1;30.07.2010;30,2173;Доллар США
1;29.07.2010;30,2066;Доллар США
1;28.07.2010;30,2391;Доллар США
1;27.07.2010;30,3006;Доллар США
1;24.07.2010;30,3839;Доллар США
1;23.07.2010;30,5205;Доллар США
1;22.07.2010;30,4059;Доллар США
1;21.07.2010;30,4058;Доллар США
1;20.07.2010;30,5739;Доллар США
1;17.07.2010;30,4615;Доллар США
1;16.07.2010;30,5619;Доллар США
1;15.07.2010;30,5390;Доллар США
1;14.07.2010;30,8543;Доллар США
1;13.07.2010;30,8823;Доллар США
1;10.07.2010;30,7953;Доллар США
1;09.07.2010;30,9479;Доллар США
1;08.07.2010;31,0922;Доллар США
1;07.07.2010;31,1124;Доллар США
1;06.07.2010;31,1124;Доллар США
1;03.07.2010;31,1942;Доллар США
1;02.07.2010;31,3703;Доллар США
1;01.07.2010;31,2554;Доллар США
1;30.06.2010;31,1954;Доллар США
1;29.06.2010;30,9833;Доллар США
1;26.06.2010;31,0761;Доллар США
1;25.06.2010;31,0149;Доллар США
1;24.06.2010;30,9694;Доллар США
1;23.06.2010;30,8960;Доллар США
1;22.06.2010;30,7267;Доллар США
1;19.06.2010;30,8840;Доллар США
1;18.06.2010;31,1854;Доллар США
1;17.06.2010;31,1566;Доллар США
1;16.06.2010;31,4595;Доллар США
1;12.06.2010;31,4471;Доллар США
1;11.06.2010;31,5742;Доллар США
1;10.06.2010;31,7302;Доллар США
1;09.06.2010;31,6200;Доллар США
1;08.06.2010;31,7798;Доллар США
1;05.06.2010;31,0685;Доллар США
1;04.06.2010;30,8938;Доллар США
1;03.06.2010;31,1900;Доллар США
1;02.06.2010;31,0702;Доллар США
1;01.06.2010;30,7400;Доллар США
1;29.05.2010;30,4956;Доллар США
1;28.05.2010;30,8786;Доллар США
1;27.05.2010;31,3538;Доллар США
1;26.05.2010;31,4293;Доллар США
1;25.05.2010;30,8754;Доллар США
1;22.05.2010;31,0576;Доллар США
1;21.05.2010;30,7523;Доллар США
1;20.05.2010;30,6953;Доллар США
1;19.05.2010;30,3946;Доллар США
1;18.05.2010;30,6986;Доллар США
1;15.05.2010;30,0575;Доллар США
1;14.05.2010;29,8597;Доллар США
1;13.05.2010;30,2048;Доллар США
1;12.05.2010;30,3609;Доллар США
1;08.05.2010;30,7193;Доллар США
1;07.05.2010;30,2971;Доллар США
1;06.05.2010;29,6812;Доллар США
1;05.05.2010;29,2982;Доллар США
1;01.05.2010;29,1537;Доллар США
1;30.04.2010;29,2886;Доллар США
1;29.04.2010;29,3801;Доллар США
1;28.04.2010;29,0623;Доллар США
1;27.04.2010;29,0882;Доллар США
1;24.04.2010;29,2743;Доллар США
1;23.04.2010;29,1288;Доллар США
1;22.04.2010;29,0906;Доллар США
1;21.04.2010;29,1381;Доллар США
1;20.04.2010;29,1969;Доллар США
1;17.04.2010;29,0325;Доллар США
1;16.04.2010;28,9310;Доллар США
1;15.04.2010;29,0444;Доллар США
1;14.04.2010;29,0294;Доллар США
1;13.04.2010;28,9428;Доллар США
1;10.04.2010;29,3232;Доллар США
1;09.04.2010;29,4003;Доллар США
1;08.04.2010;29,2940;Доллар США
1;07.04.2010;29,2416;Доллар США
1;06.04.2010;29,2097;Доллар США
1;03.04.2010;29,2194;Доллар США
1;02.04.2010;29,4394;Доллар США
1;01.04.2010;29,4956;Доллар США
1;31.03.2010;29,3638;Доллар США
1;30.03.2010;29,6309;Доллар США
1;27.03.2010;29,5142;Доллар США
1;26.03.2010;29,6572;Доллар США
1;25.03.2010;29,5764;Доллар США
1;24.03.2010;29,4707;Доллар США
1;23.03.2010;29,3389;Доллар США
1;20.03.2010;29,2565;Доллар США
1;19.03.2010;29,2223;Доллар США
1;18.03.2010;29,1927;Доллар США
1;17.03.2010;29,4242;Доллар США
1;16.03.2010;29,3353;Доллар США
1;13.03.2010;29,3897;Доллар США
1;12.03.2010;29,5195;Доллар США
1;11.03.2010;29,7249;Доллар США
1;10.03.2010;29,7499;Доллар США
1;06.03.2010;29,8366;Доллар США
1;05.03.2010;29,8217;Доллар США
1;04.03.2010;29,8140;Доллар США
1;03.03.2010;29,9779;Доллар США
1;02.03.2010;29,9300;Доллар США
1;28.02.2010;29,9484;Доллар США
1;27.02.2010;30,0388;Доллар США
1;26.02.2010;30,0521;Доллар США
1;25.02.2010;30,0309;Доллар США
1;20.02.2010;30,1510;Доллар США
1;19.02.2010;30,1138;Доллар США
1;18.02.2010;29,9761;Доллар США
1;17.02.2010;30,1176;Доллар США
1;16.02.2010;30,2207;Доллар США
1;13.02.2010;30,1595;Доллар США
1;12.02.2010;30,1245;Доллар США
1;11.02.2010;30,2462;Доллар США
1;10.02.2010;30,3735;Доллар США
1;09.02.2010;30,5158;Доллар США
1;06.02.2010;30,4666;Доллар США
1;05.02.2010;30,0054;Доллар США
1;04.02.2010;29,8779;Доллар США
1;03.02.2010;30,1830;Доллар США
1;02.02.2010;30,3996;Доллар США
1;30.01.2010;30,4312;Доллар США
1;29.01.2010;30,3631;Доллар США
1;28.01.2010;30,2921;Доллар США
1;27.01.2010;30,3136;Доллар США
1;26.01.2010;30,0946;Доллар США
1;23.01.2010;29,7458;Доллар США
1;22.01.2010;29,7486;Доллар США
1;21.01.2010;29,6941;Доллар США
1;20.01.2010;29,5184;Доллар США
1;19.01.2010;29,5963;Доллар США
1;16.01.2010;29,5603;Доллар США
1;15.01.2010;29,4299;Доллар США
1;14.01.2010;29,6409;Доллар США
1;13.01.2010;29,3774;Доллар США
1;12.01.2010;29,4283;Доллар США
1;01.01.2010;30,1851;Доллар США
