date;ticker;bid;ask
2013-01-05;CNY_OIS_RUSFARCNY_10Y;0.007953;0.031955
2013-01-06;CNY_OIS_RUSFARCNY_10Y;0.007205;0.030603
2013-01-07;CNY_OIS_RUSFARCNY_10Y;0.007088;0.029798
2013-01-08;CNY_OIS_RUSFARCNY_10Y;0.007354;0.029374
2013-01-09;CNY_OIS_RUSFARCNY_10Y;0.007301;0.028667
2013-01-10;CNY_OIS_RUSFARCNY_10Y;0.007636;0.028352
2013-01-11;CNY_OIS_RUSFARCNY_10Y;0.007911;0.027997
2013-01-14;CNY_OIS_RUSFARCNY_10Y;0.007953;0.027435
2013-01-15;CNY_OIS_RUSFARCNY_10Y;0.008514;0.027414
2013-01-16;CNY_OIS_RUSFARCNY_10Y;0.008454;0.026794
2013-01-17;CNY_OIS_RUSFARCNY_10Y;0.0083;0.026108
2013-01-18;CNY_OIS_RUSFARCNY_10Y;0.008051;0.025357
2013-01-21;CNY_OIS_RUSFARCNY_10Y;0.008101;0.024887
2013-01-22;CNY_OIS_RUSFARCNY_10Y;0.008039;0.024329
2013-01-23;CNY_OIS_RUSFARCNY_10Y;0.008425;0.024221
2013-01-24;CNY_OIS_RUSFARCNY_10Y;0.009783;0.025375
2013-01-25;CNY_OIS_RUSFARCNY_10Y;0.010374;0.025514
2013-01-28;CNY_OIS_RUSFARCNY_10Y;0.010574;0.025254
2013-01-29;CNY_OIS_RUSFARCNY_10Y;0.010798;0.02503
2013-01-30;CNY_OIS_RUSFARCNY_10Y;0.011015;0.024813
2013-01-31;CNY_OIS_RUSFARCNY_10Y;0.012894;0.027134
2013-02-01;CNY_OIS_RUSFARCNY_10Y;0.01556;0.031758
2013-02-04;CNY_OIS_RUSFARCNY_10Y;0.017179;0.033309
2013-02-05;CNY_OIS_RUSFARCNY_10Y;0.020215;0.038613
2013-02-06;CNY_OIS_RUSFARCNY_10Y;0.023091;0.042657
2013-02-07;CNY_OIS_RUSFARCNY_10Y;0.023874;0.04288
2013-02-08;CNY_OIS_RUSFARCNY_10Y;0.009852;0.038276
2013-02-16;CNY_OIS_RUSFARCNY_10Y;0.000503;0.032925
2013-02-17;CNY_OIS_RUSFARCNY_10Y;0.000159;0.031649
2013-02-18;CNY_OIS_RUSFARCNY_10Y;0.000304;0.030844
2013-02-19;CNY_OIS_RUSFARCNY_10Y;0.000802;0.030412
2013-02-20;CNY_OIS_RUSFARCNY_10Y;0.001358;0.030066
2013-02-21;CNY_OIS_RUSFARCNY_10Y;0.003085;0.031103
2013-02-22;CNY_OIS_RUSFARCNY_10Y;0.005168;0.03266
2013-02-25;CNY_OIS_RUSFARCNY_10Y;0.007272;0.034276
2013-02-26;CNY_OIS_RUSFARCNY_10Y;0.013791;0.053837
2013-02-27;CNY_OIS_RUSFARCNY_10Y;0.016619;0.055849
2013-02-28;CNY_OIS_RUSFARCNY_10Y;0.017984;0.056064
2013-03-01;CNY_OIS_RUSFARCNY_10Y;0.019757;0.056791
2013-03-04;CNY_OIS_RUSFARCNY_10Y;0.009401;0.050297
2013-03-05;CNY_OIS_RUSFARCNY_10Y;0.007012;0.047176
2013-03-06;CNY_OIS_RUSFARCNY_10Y;0.005935;0.045053
2013-03-07;CNY_OIS_RUSFARCNY_10Y;0.002325;0.041223
2013-03-08;CNY_OIS_RUSFARCNY_10Y;0.002736;0.040452
2013-03-11;CNY_OIS_RUSFARCNY_10Y;0.00074;0.037718
2013-03-12;CNY_OIS_RUSFARCNY_10Y;-0.000132;0.03586
2013-03-13;CNY_OIS_RUSFARCNY_10Y;0.000185;0.035083
2013-03-14;CNY_OIS_RUSFARCNY_10Y;0.000565;0.034403
2013-03-15;CNY_OIS_RUSFARCNY_10Y;0.00115;0.033958
2013-03-18;CNY_OIS_RUSFARCNY_10Y;0.005376;0.038932
2013-03-19;CNY_OIS_RUSFARCNY_10Y;0.002814;0.035974
2013-03-20;CNY_OIS_RUSFARCNY_10Y;0.001187;0.033661
2013-03-21;CNY_OIS_RUSFARCNY_10Y;0.000497;0.032091
2013-03-22;CNY_OIS_RUSFARCNY_10Y;-0.000407;0.030375
2013-03-25;CNY_OIS_RUSFARCNY_10Y;-0.001235;0.028745
2013-03-26;CNY_OIS_RUSFARCNY_10Y;-0.00088;0.028188
2013-03-27;CNY_OIS_RUSFARCNY_10Y;0.000211;0.028437
2013-03-28;CNY_OIS_RUSFARCNY_10Y;0.000731;0.028097
2013-03-29;CNY_OIS_RUSFARCNY_10Y;0.006614;0.040894
2013-04-01;CNY_OIS_RUSFARCNY_10Y;-0.001634;0.035292
2013-04-02;CNY_OIS_RUSFARCNY_10Y;-0.000799;0.035007
2013-04-03;CNY_OIS_RUSFARCNY_10Y;0.000465;0.035223
2013-04-07;CNY_OIS_RUSFARCNY_10Y;0.00038;0.034108
2013-04-08;CNY_OIS_RUSFARCNY_10Y;0.002282;0.035162
2013-04-09;CNY_OIS_RUSFARCNY_10Y;0.002367;0.034261
2013-04-10;CNY_OIS_RUSFARCNY_10Y;0.002687;0.033611
2013-04-11;CNY_OIS_RUSFARCNY_10Y;0.002578;0.032588
2013-04-12;CNY_OIS_RUSFARCNY_10Y;0.002595;0.031709
2013-04-15;CNY_OIS_RUSFARCNY_10Y;0.003329;0.031565
2013-04-16;CNY_OIS_RUSFARCNY_10Y;0.00339;0.030778
2013-04-17;CNY_OIS_RUSFARCNY_10Y;0.003775;0.030329
2013-04-18;CNY_OIS_RUSFARCNY_10Y;0.005925;0.032063
2013-04-19;CNY_OIS_RUSFARCNY_10Y;0.008818;0.03507
2013-04-22;CNY_OIS_RUSFARCNY_10Y;0.010463;0.036105
2013-04-23;CNY_OIS_RUSFARCNY_10Y;0.013595;0.039633
2013-04-24;CNY_OIS_RUSFARCNY_10Y;0.019635;0.055413
2013-04-25;CNY_OIS_RUSFARCNY_10Y;0.022276;0.057372
2013-04-26;CNY_OIS_RUSFARCNY_10Y;0.004232;0.049596
2013-04-27;CNY_OIS_RUSFARCNY_10Y;0.005082;0.049066
2013-04-28;CNY_OIS_RUSFARCNY_10Y;0.003783;0.046645
2013-05-02;CNY_OIS_RUSFARCNY_10Y;0.004133;0.045695
2013-05-03;CNY_OIS_RUSFARCNY_10Y;0.006632;0.047196
2013-05-06;CNY_OIS_RUSFARCNY_10Y;0.004885;0.044543
2013-05-07;CNY_OIS_RUSFARCNY_10Y;0.000679;0.040349
2013-05-08;CNY_OIS_RUSFARCNY_10Y;-0.001435;0.037463
2013-05-09;CNY_OIS_RUSFARCNY_10Y;-0.000842;0.03687
2013-05-10;CNY_OIS_RUSFARCNY_10Y;2.9e-05;0.036599
2013-05-13;CNY_OIS_RUSFARCNY_10Y;0.000758;0.036216
2013-05-14;CNY_OIS_RUSFARCNY_10Y;0.002098;0.03653
2013-05-15;CNY_OIS_RUSFARCNY_10Y;0.002667;0.036051
2013-05-16;CNY_OIS_RUSFARCNY_10Y;0.0069;0.040968
2013-05-17;CNY_OIS_RUSFARCNY_10Y;0.008756;0.04195
2013-05-20;CNY_OIS_RUSFARCNY_10Y;0.010339;0.042629
2013-05-21;CNY_OIS_RUSFARCNY_10Y;0.014176;0.046852
2013-05-22;CNY_OIS_RUSFARCNY_10Y;0.015296;0.047012
2013-05-23;CNY_OIS_RUSFARCNY_10Y;0.018062;0.049386
2013-05-24;CNY_OIS_RUSFARCNY_10Y;0.01663;0.047278
2013-05-27;CNY_OIS_RUSFARCNY_10Y;0.017643;0.047385
2013-05-28;CNY_OIS_RUSFARCNY_10Y;0.015791;0.045037
2013-05-29;CNY_OIS_RUSFARCNY_10Y;0.012814;0.042014
2013-05-30;CNY_OIS_RUSFARCNY_10Y;0.016118;0.04551
2013-05-31;CNY_OIS_RUSFARCNY_10Y;0.022698;0.06115
2013-06-03;CNY_OIS_RUSFARCNY_10Y;0.024229;0.061579
2013-06-04;CNY_OIS_RUSFARCNY_10Y;0.023953;0.060215
2013-06-05;CNY_OIS_RUSFARCNY_10Y;0.025522;0.060766
2013-06-06;CNY_OIS_RUSFARCNY_10Y;0.03347;0.079998
2013-06-07;CNY_OIS_RUSFARCNY_10Y;0.044777;0.114931
2013-06-08;CNY_OIS_RUSFARCNY_10Y;0.055573;0.129875
2013-06-09;CNY_OIS_RUSFARCNY_10Y;0.028367;0.115261
2013-06-13;CNY_OIS_RUSFARCNY_10Y;0.02069;0.106958
2013-06-14;CNY_OIS_RUSFARCNY_10Y;0.02465;0.108538
2013-06-17;CNY_OIS_RUSFARCNY_10Y;-0.002712;0.0928
2013-06-18;CNY_OIS_RUSFARCNY_10Y;0.005687;0.100061
2013-06-19;CNY_OIS_RUSFARCNY_10Y;0.02186;0.125168
2013-06-20;CNY_OIS_RUSFARCNY_10Y;0.047542;0.215166
2013-06-21;CNY_OIS_RUSFARCNY_10Y;-0.017732;0.1814
2013-06-24;CNY_OIS_RUSFARCNY_10Y;-0.037495;0.161103
2013-06-25;CNY_OIS_RUSFARCNY_10Y;-0.042397;0.150945
2013-06-26;CNY_OIS_RUSFARCNY_10Y;-0.041306;0.146194
2013-06-27;CNY_OIS_RUSFARCNY_10Y;-0.03837;0.143418
2013-06-28;CNY_OIS_RUSFARCNY_10Y;-0.042095;0.134743
2013-07-01;CNY_OIS_RUSFARCNY_10Y;-0.044436;0.127384
2013-07-02;CNY_OIS_RUSFARCNY_10Y;-0.048882;0.11843
2013-07-03;CNY_OIS_RUSFARCNY_10Y;-0.050317;0.112145
2013-07-04;CNY_OIS_RUSFARCNY_10Y;-0.048365;0.109153
2013-07-05;CNY_OIS_RUSFARCNY_10Y;-0.045647;0.107075
2013-07-08;CNY_OIS_RUSFARCNY_10Y;-0.044574;0.103522
2013-07-09;CNY_OIS_RUSFARCNY_10Y;-0.042389;0.101197
2013-07-10;CNY_OIS_RUSFARCNY_10Y;-0.040182;0.09903
2013-07-11;CNY_OIS_RUSFARCNY_10Y;-0.037035;0.097957
2013-07-12;CNY_OIS_RUSFARCNY_10Y;-0.035529;0.095357
2013-07-15;CNY_OIS_RUSFARCNY_10Y;-0.033537;0.093361
2013-07-16;CNY_OIS_RUSFARCNY_10Y;-0.034562;0.08865
2013-07-17;CNY_OIS_RUSFARCNY_10Y;-0.033138;0.086326
2013-07-18;CNY_OIS_RUSFARCNY_10Y;-0.031019;0.084807
2013-07-19;CNY_OIS_RUSFARCNY_10Y;-0.028837;0.083465
2013-07-22;CNY_OIS_RUSFARCNY_10Y;-0.026496;0.082394
2013-07-23;CNY_OIS_RUSFARCNY_10Y;-0.024519;0.081057
2013-07-24;CNY_OIS_RUSFARCNY_10Y;-0.021978;0.080406
2013-07-25;CNY_OIS_RUSFARCNY_10Y;-0.019243;0.080061
2013-07-26;CNY_OIS_RUSFARCNY_10Y;-0.015781;0.080609
2013-07-29;CNY_OIS_RUSFARCNY_10Y;-0.012817;0.080705
2013-07-30;CNY_OIS_RUSFARCNY_10Y;-0.012018;0.078666
2013-07-31;CNY_OIS_RUSFARCNY_10Y;-0.010062;0.07787
2013-08-01;CNY_OIS_RUSFARCNY_10Y;-0.010258;0.075066
2013-08-02;CNY_OIS_RUSFARCNY_10Y;-0.012052;0.070958
2013-08-05;CNY_OIS_RUSFARCNY_10Y;-0.012366;0.068194
2013-08-06;CNY_OIS_RUSFARCNY_10Y;-0.011139;0.066967
2013-08-07;CNY_OIS_RUSFARCNY_10Y;-0.009944;0.065782
2013-08-08;CNY_OIS_RUSFARCNY_10Y;-0.008162;0.065272
2013-08-09;CNY_OIS_RUSFARCNY_10Y;-0.009663;0.061771
2013-08-12;CNY_OIS_RUSFARCNY_10Y;-0.008075;0.061193
2013-08-13;CNY_OIS_RUSFARCNY_10Y;-0.004548;0.062882
2013-08-14;CNY_OIS_RUSFARCNY_10Y;-0.001515;0.064043
2013-08-15;CNY_OIS_RUSFARCNY_10Y;-0.002085;0.061573
2013-08-16;CNY_OIS_RUSFARCNY_10Y;-0.001868;0.059876
2013-08-19;CNY_OIS_RUSFARCNY_10Y;0.000928;0.06096
2013-08-20;CNY_OIS_RUSFARCNY_10Y;0.005885;0.065023
2013-08-21;CNY_OIS_RUSFARCNY_10Y;0.003149;0.061019
2013-08-22;CNY_OIS_RUSFARCNY_10Y;0.002369;0.058599
2013-08-23;CNY_OIS_RUSFARCNY_10Y;0.002285;0.056843
2013-08-26;CNY_OIS_RUSFARCNY_10Y;0.000703;0.053865
2013-08-27;CNY_OIS_RUSFARCNY_10Y;0.001201;0.052747
2013-08-28;CNY_OIS_RUSFARCNY_10Y;0.002883;0.052905
2013-08-29;CNY_OIS_RUSFARCNY_10Y;0.00218;0.050788
2013-08-30;CNY_OIS_RUSFARCNY_10Y;0.003673;0.050835
2013-09-02;CNY_OIS_RUSFARCNY_10Y;0.004239;0.049965
2013-09-03;CNY_OIS_RUSFARCNY_10Y;0.004752;0.049088
2013-09-04;CNY_OIS_RUSFARCNY_10Y;0.005471;0.048457
2013-09-05;CNY_OIS_RUSFARCNY_10Y;0.004933;0.046695
2013-09-06;CNY_OIS_RUSFARCNY_10Y;0.006158;0.04667
2013-09-09;CNY_OIS_RUSFARCNY_10Y;0.006472;0.045756
2013-09-10;CNY_OIS_RUSFARCNY_10Y;0.006823;0.044915
2013-09-11;CNY_OIS_RUSFARCNY_10Y;0.008537;0.045571
2013-09-12;CNY_OIS_RUSFARCNY_10Y;0.008623;0.044545
2013-09-13;CNY_OIS_RUSFARCNY_10Y;0.009289;0.044119
2013-09-16;CNY_OIS_RUSFARCNY_10Y;0.010106;0.043882
2013-09-17;CNY_OIS_RUSFARCNY_10Y;0.014528;0.04916
2013-09-18;CNY_OIS_RUSFARCNY_10Y;0.015679;0.049289
2013-09-22;CNY_OIS_RUSFARCNY_10Y;0.01635;0.048938
2013-09-23;CNY_OIS_RUSFARCNY_10Y;0.019018;0.05111
2013-09-24;CNY_OIS_RUSFARCNY_10Y;0.017327;0.048789
2013-09-25;CNY_OIS_RUSFARCNY_10Y;0.014819;0.045949
2013-09-26;CNY_OIS_RUSFARCNY_10Y;0.012699;0.043369
2013-09-27;CNY_OIS_RUSFARCNY_10Y;0.013517;0.043265
2013-09-29;CNY_OIS_RUSFARCNY_10Y;0.013993;0.042835
2013-09-30;CNY_OIS_RUSFARCNY_10Y;0.01419;0.042158
2013-10-08;CNY_OIS_RUSFARCNY_10Y;0.013848;0.04102
2013-10-09;CNY_OIS_RUSFARCNY_10Y;0.015897;0.042571
2013-10-10;CNY_OIS_RUSFARCNY_10Y;0.017215;0.043173
2013-10-11;CNY_OIS_RUSFARCNY_10Y;0.015055;0.040773
2013-10-12;CNY_OIS_RUSFARCNY_10Y;0.014688;0.03968
2013-10-14;CNY_OIS_RUSFARCNY_10Y;0.015887;0.040201
2013-10-15;CNY_OIS_RUSFARCNY_10Y;0.016298;0.03987
2013-10-16;CNY_OIS_RUSFARCNY_10Y;0.016014;0.038914
2013-10-17;CNY_OIS_RUSFARCNY_10Y;0.016191;0.038397
2013-10-18;CNY_OIS_RUSFARCNY_10Y;0.016151;0.037697
2013-10-21;CNY_OIS_RUSFARCNY_10Y;0.017047;0.037981
2013-10-22;CNY_OIS_RUSFARCNY_10Y;0.017285;0.037583
2013-10-23;CNY_OIS_RUSFARCNY_10Y;0.021738;0.04769
2013-10-24;CNY_OIS_RUSFARCNY_10Y;0.024714;0.050874
2013-10-25;CNY_OIS_RUSFARCNY_10Y;0.027495;0.053673
2013-10-28;CNY_OIS_RUSFARCNY_10Y;0.02854;0.053968
2013-10-29;CNY_OIS_RUSFARCNY_10Y;0.029047;0.053701
2013-10-30;CNY_OIS_RUSFARCNY_10Y;0.034186;0.064242
2013-10-31;CNY_OIS_RUSFARCNY_10Y;0.026456;0.059172
2013-11-01;CNY_OIS_RUSFARCNY_10Y;0.023555;0.056039
2013-11-04;CNY_OIS_RUSFARCNY_10Y;0.021982;0.053788
2013-11-05;CNY_OIS_RUSFARCNY_10Y;0.020497;0.051625
2013-11-06;CNY_OIS_RUSFARCNY_10Y;0.018137;0.048891
2013-11-07;CNY_OIS_RUSFARCNY_10Y;0.019283;0.049145
2013-11-08;CNY_OIS_RUSFARCNY_10Y;0.020044;0.049004
2013-11-11;CNY_OIS_RUSFARCNY_10Y;0.018751;0.047077
2013-11-12;CNY_OIS_RUSFARCNY_10Y;0.016116;0.044292
2013-11-13;CNY_OIS_RUSFARCNY_10Y;0.016615;0.043933
2013-11-14;CNY_OIS_RUSFARCNY_10Y;0.02226;0.055328
2013-11-15;CNY_OIS_RUSFARCNY_10Y;0.025128;0.05778
2013-11-18;CNY_OIS_RUSFARCNY_10Y;0.026201;0.057887
2013-11-19;CNY_OIS_RUSFARCNY_10Y;0.021482;0.053846
2013-11-20;CNY_OIS_RUSFARCNY_10Y;0.021794;0.053174
2013-11-21;CNY_OIS_RUSFARCNY_10Y;0.020467;0.051141
2013-11-22;CNY_OIS_RUSFARCNY_10Y;0.021034;0.050774
2013-11-25;CNY_OIS_RUSFARCNY_10Y;0.020954;0.049814
2013-11-26;CNY_OIS_RUSFARCNY_10Y;0.020335;0.048413
2013-11-27;CNY_OIS_RUSFARCNY_10Y;0.020941;0.048167
2013-11-28;CNY_OIS_RUSFARCNY_10Y;0.021174;0.047574
2013-11-29;CNY_OIS_RUSFARCNY_10Y;0.021374;0.046974
2013-12-02;CNY_OIS_RUSFARCNY_10Y;0.021981;0.046807
2013-12-03;CNY_OIS_RUSFARCNY_10Y;0.022126;0.046202
2013-12-04;CNY_OIS_RUSFARCNY_10Y;0.022478;0.04582
2013-12-05;CNY_OIS_RUSFARCNY_10Y;0.022626;0.045262
2013-12-06;CNY_OIS_RUSFARCNY_10Y;0.022941;0.044887
2013-12-09;CNY_OIS_RUSFARCNY_10Y;0.022435;0.043793
2013-12-10;CNY_OIS_RUSFARCNY_10Y;0.022115;0.042873
2013-12-11;CNY_OIS_RUSFARCNY_10Y;0.021936;0.042092
2013-12-12;CNY_OIS_RUSFARCNY_10Y;0.021725;0.041303
2013-12-13;CNY_OIS_RUSFARCNY_10Y;0.021739;0.040731
2013-12-16;CNY_OIS_RUSFARCNY_10Y;0.022176;0.040592
2013-12-17;CNY_OIS_RUSFARCNY_10Y;0.022682;0.040546
2013-12-18;CNY_OIS_RUSFARCNY_10Y;0.024027;0.041561
2013-12-19;CNY_OIS_RUSFARCNY_10Y;0.026361;0.044387
2013-12-20;CNY_OIS_RUSFARCNY_10Y;0.027395;0.044973
2013-12-23;CNY_OIS_RUSFARCNY_10Y;0.031142;0.052986
2013-12-24;CNY_OIS_RUSFARCNY_10Y;0.026935;0.049793
2013-12-25;CNY_OIS_RUSFARCNY_10Y;0.026279;0.048549
2013-12-26;CNY_OIS_RUSFARCNY_10Y;0.026113;0.047735
2013-12-27;CNY_OIS_RUSFARCNY_10Y;0.020127;0.043961
2013-12-30;CNY_OIS_RUSFARCNY_10Y;0.016868;0.04106
2013-12-31;CNY_OIS_RUSFARCNY_10Y;0.016648;0.04014
2014-01-02;CNY_OIS_RUSFARCNY_10Y;0.016834;0.039614
2014-01-03;CNY_OIS_RUSFARCNY_10Y;0.015836;0.038112
2014-01-06;CNY_OIS_RUSFARCNY_10Y;0.015269;0.036959
2014-01-07;CNY_OIS_RUSFARCNY_10Y;0.015137;0.036191
2014-01-08;CNY_OIS_RUSFARCNY_10Y;0.014994;0.035434
2014-01-09;CNY_OIS_RUSFARCNY_10Y;0.014937;0.034771
2014-01-10;CNY_OIS_RUSFARCNY_10Y;0.014953;0.034195
2014-01-13;CNY_OIS_RUSFARCNY_10Y;0.014961;0.033627
2014-01-14;CNY_OIS_RUSFARCNY_10Y;0.01526;0.033358
2014-01-15;CNY_OIS_RUSFARCNY_10Y;0.015652;0.033202
2014-01-16;CNY_OIS_RUSFARCNY_10Y;0.016126;0.033148
2014-01-17;CNY_OIS_RUSFARCNY_10Y;0.016816;0.033352
2014-01-20;CNY_OIS_RUSFARCNY_10Y;0.020992;0.050596
2014-01-21;CNY_OIS_RUSFARCNY_10Y;0.018689;0.047959
2014-01-22;CNY_OIS_RUSFARCNY_10Y;0.019479;0.047869
2014-01-23;CNY_OIS_RUSFARCNY_10Y;0.020148;0.04768
2014-01-24;CNY_OIS_RUSFARCNY_10Y;0.020759;0.047455
2014-01-26;CNY_OIS_RUSFARCNY_10Y;0.025747;0.056081
2014-01-27;CNY_OIS_RUSFARCNY_10Y;0.027467;0.057041
2014-01-28;CNY_OIS_RUSFARCNY_10Y;0.030598;0.060184
2014-01-29;CNY_OIS_RUSFARCNY_10Y;0.030561;0.059267
2014-01-30;CNY_OIS_RUSFARCNY_10Y;0.026717;0.055811
2014-02-07;CNY_OIS_RUSFARCNY_10Y;0.02538;0.053848
2014-02-08;CNY_OIS_RUSFARCNY_10Y;0.025612;0.053216
2014-02-10;CNY_OIS_RUSFARCNY_10Y;0.026553;0.053345
2014-02-11;CNY_OIS_RUSFARCNY_10Y;0.025153;0.051415
2014-02-12;CNY_OIS_RUSFARCNY_10Y;0.024912;0.050416
2014-02-13;CNY_OIS_RUSFARCNY_10Y;0.020371;0.046837
2014-02-14;CNY_OIS_RUSFARCNY_10Y;0.016084;0.043304
2014-02-17;CNY_OIS_RUSFARCNY_10Y;0.012692;0.040156
2014-02-18;CNY_OIS_RUSFARCNY_10Y;0.010033;0.037395
2014-02-19;CNY_OIS_RUSFARCNY_10Y;0.007295;0.034593
2014-02-20;CNY_OIS_RUSFARCNY_10Y;0.002612;0.030836
2014-02-21;CNY_OIS_RUSFARCNY_10Y;0.000641;0.028467
2014-02-24;CNY_OIS_RUSFARCNY_10Y;0.000405;0.027423
2014-02-25;CNY_OIS_RUSFARCNY_10Y;0.001014;0.027214
2014-02-26;CNY_OIS_RUSFARCNY_10Y;0.001709;0.027119
2014-02-27;CNY_OIS_RUSFARCNY_10Y;0.002096;0.026732
2014-02-28;CNY_OIS_RUSFARCNY_10Y;0.003377;0.027367
2014-03-03;CNY_OIS_RUSFARCNY_10Y;0.005807;0.029721
2014-03-04;CNY_OIS_RUSFARCNY_10Y;0.006151;0.029337
2014-03-05;CNY_OIS_RUSFARCNY_10Y;0.006574;0.029054
2014-03-06;CNY_OIS_RUSFARCNY_10Y;0.006556;0.028366
2014-03-07;CNY_OIS_RUSFARCNY_10Y;0.006266;0.027458
2014-03-10;CNY_OIS_RUSFARCNY_10Y;0.005793;0.026415
2014-03-11;CNY_OIS_RUSFARCNY_10Y;0.005633;0.025655
2014-03-12;CNY_OIS_RUSFARCNY_10Y;0.006203;0.025625
2014-03-13;CNY_OIS_RUSFARCNY_10Y;0.007073;0.025955
2014-03-14;CNY_OIS_RUSFARCNY_10Y;0.006474;0.024884
2014-03-17;CNY_OIS_RUSFARCNY_10Y;0.006679;0.024529
2014-03-18;CNY_OIS_RUSFARCNY_10Y;0.008509;0.026319
2014-03-19;CNY_OIS_RUSFARCNY_10Y;0.012652;0.037226
2014-03-20;CNY_OIS_RUSFARCNY_10Y;0.014867;0.039181
2014-03-21;CNY_OIS_RUSFARCNY_10Y;0.008717;0.035111
2014-03-24;CNY_OIS_RUSFARCNY_10Y;0.009119;0.034709
2014-03-25;CNY_OIS_RUSFARCNY_10Y;0.009508;0.03432
2014-03-26;CNY_OIS_RUSFARCNY_10Y;0.010084;0.034144
2014-03-27;CNY_OIS_RUSFARCNY_10Y;0.011721;0.035267
2014-03-28;CNY_OIS_RUSFARCNY_10Y;0.01295;0.035878
2014-03-31;CNY_OIS_RUSFARCNY_10Y;0.013784;0.036044
2014-04-01;CNY_OIS_RUSFARCNY_10Y;0.014755;0.036393
2014-04-02;CNY_OIS_RUSFARCNY_10Y;0.01588;0.036948
2014-04-03;CNY_OIS_RUSFARCNY_10Y;0.016201;0.036627
2014-04-04;CNY_OIS_RUSFARCNY_10Y;0.014406;0.034682
2014-04-08;CNY_OIS_RUSFARCNY_10Y;0.014198;0.03389
2014-04-09;CNY_OIS_RUSFARCNY_10Y;0.014763;0.033865
2014-04-10;CNY_OIS_RUSFARCNY_10Y;0.015054;0.033574
2014-04-11;CNY_OIS_RUSFARCNY_10Y;0.015435;0.033393
2014-04-14;CNY_OIS_RUSFARCNY_10Y;0.014504;0.032104
2014-04-15;CNY_OIS_RUSFARCNY_10Y;0.012591;0.030217
2014-04-16;CNY_OIS_RUSFARCNY_10Y;0.011171;0.028617
2014-04-17;CNY_OIS_RUSFARCNY_10Y;0.010158;0.02729
2014-04-18;CNY_OIS_RUSFARCNY_10Y;0.008347;0.025481
2014-04-21;CNY_OIS_RUSFARCNY_10Y;0.008405;0.025023
2014-04-22;CNY_OIS_RUSFARCNY_10Y;0.008096;0.024256
2014-04-23;CNY_OIS_RUSFARCNY_10Y;0.008698;0.02439
2014-04-24;CNY_OIS_RUSFARCNY_10Y;0.011372;0.028516
2014-04-25;CNY_OIS_RUSFARCNY_10Y;0.011703;0.028325
2014-04-28;CNY_OIS_RUSFARCNY_10Y;0.01284;0.029108
2014-04-29;CNY_OIS_RUSFARCNY_10Y;0.014739;0.031169
2014-04-30;CNY_OIS_RUSFARCNY_10Y;0.013858;0.02997
2014-05-04;CNY_OIS_RUSFARCNY_10Y;0.013017;0.028811
2014-05-05;CNY_OIS_RUSFARCNY_10Y;0.01295;0.028278
2014-05-06;CNY_OIS_RUSFARCNY_10Y;0.013183;0.028045
2014-05-07;CNY_OIS_RUSFARCNY_10Y;0.01341;0.027818
2014-05-08;CNY_OIS_RUSFARCNY_10Y;0.012042;0.026386
2014-05-09;CNY_OIS_RUSFARCNY_10Y;0.012165;0.026073
2014-05-12;CNY_OIS_RUSFARCNY_10Y;0.012306;0.025792
2014-05-13;CNY_OIS_RUSFARCNY_10Y;0.013687;0.027141
2014-05-14;CNY_OIS_RUSFARCNY_10Y;0.014055;0.027105
2014-05-15;CNY_OIS_RUSFARCNY_10Y;0.014085;0.026743
2014-05-16;CNY_OIS_RUSFARCNY_10Y;0.014473;0.026755
2014-05-19;CNY_OIS_RUSFARCNY_10Y;0.014913;0.026835
2014-05-20;CNY_OIS_RUSFARCNY_10Y;0.015393;0.026975
2014-05-21;CNY_OIS_RUSFARCNY_10Y;0.016458;0.02793
2014-05-22;CNY_OIS_RUSFARCNY_10Y;0.016449;0.027579
2014-05-23;CNY_OIS_RUSFARCNY_10Y;0.016814;0.027614
2014-05-26;CNY_OIS_RUSFARCNY_10Y;0.016693;0.027185
2014-05-27;CNY_OIS_RUSFARCNY_10Y;0.017219;0.027429
2014-05-28;CNY_OIS_RUSFARCNY_10Y;0.017051;0.026977
2014-05-29;CNY_OIS_RUSFARCNY_10Y;0.017202;0.026826
2014-05-30;CNY_OIS_RUSFARCNY_10Y;0.017897;0.027331
2014-06-03;CNY_OIS_RUSFARCNY_10Y;0.017515;0.026733
2014-06-04;CNY_OIS_RUSFARCNY_10Y;0.018032;0.027016
2014-06-05;CNY_OIS_RUSFARCNY_10Y;0.018315;0.027033
2014-06-06;CNY_OIS_RUSFARCNY_10Y;0.018495;0.026949
2014-06-09;CNY_OIS_RUSFARCNY_10Y;0.018616;0.026812
2014-06-10;CNY_OIS_RUSFARCNY_10Y;0.018639;0.026589
2014-06-11;CNY_OIS_RUSFARCNY_10Y;0.018972;0.026696
2014-06-12;CNY_OIS_RUSFARCNY_10Y;0.019139;0.026629
2014-06-13;CNY_OIS_RUSFARCNY_10Y;0.019283;0.026545
2014-06-16;CNY_OIS_RUSFARCNY_10Y;0.019394;0.026434
2014-06-17;CNY_OIS_RUSFARCNY_10Y;0.019501;0.026327
2014-06-18;CNY_OIS_RUSFARCNY_10Y;0.019964;0.026644
2014-06-19;CNY_OIS_RUSFARCNY_10Y;0.020584;0.027204
2014-06-20;CNY_OIS_RUSFARCNY_10Y;0.021218;0.02779
2014-06-23;CNY_OIS_RUSFARCNY_10Y;0.021277;0.027651
2014-06-24;CNY_OIS_RUSFARCNY_10Y;0.022643;0.030605
2014-06-25;CNY_OIS_RUSFARCNY_10Y;0.022995;0.030733
2014-06-26;CNY_OIS_RUSFARCNY_10Y;0.022895;0.030413
2014-06-27;CNY_OIS_RUSFARCNY_10Y;0.021975;0.029553
2014-06-30;CNY_OIS_RUSFARCNY_10Y;0.022356;0.029732
2014-07-01;CNY_OIS_RUSFARCNY_10Y;0.02331;0.030858
2014-07-02;CNY_OIS_RUSFARCNY_10Y;0.023455;0.030773
2014-07-03;CNY_OIS_RUSFARCNY_10Y;0.022898;0.03013
2014-07-04;CNY_OIS_RUSFARCNY_10Y;0.022801;0.029827
2014-07-07;CNY_OIS_RUSFARCNY_10Y;0.023025;0.029843
2014-07-08;CNY_OIS_RUSFARCNY_10Y;0.024632;0.034256
2014-07-09;CNY_OIS_RUSFARCNY_10Y;0.025622;0.035226
2014-07-10;CNY_OIS_RUSFARCNY_10Y;0.02522;0.034608
2014-07-11;CNY_OIS_RUSFARCNY_10Y;0.02521;0.034318
2014-07-14;CNY_OIS_RUSFARCNY_10Y;0.025035;0.033893
2014-07-15;CNY_OIS_RUSFARCNY_10Y;0.024779;0.033409
2014-07-16;CNY_OIS_RUSFARCNY_10Y;0.025188;0.033584
2014-07-17;CNY_OIS_RUSFARCNY_10Y;0.025309;0.033449
2014-07-18;CNY_OIS_RUSFARCNY_10Y;0.025418;0.03331
2014-07-21;CNY_OIS_RUSFARCNY_10Y;0.026175;0.034013
2014-07-22;CNY_OIS_RUSFARCNY_10Y;0.02557;0.033318
2014-07-23;CNY_OIS_RUSFARCNY_10Y;0.026077;0.033651
2014-07-24;CNY_OIS_RUSFARCNY_10Y;0.026366;0.033722
2014-07-25;CNY_OIS_RUSFARCNY_10Y;0.026805;0.033983
2014-07-28;CNY_OIS_RUSFARCNY_10Y;0.026437;0.033471
2014-07-29;CNY_OIS_RUSFARCNY_10Y;0.025951;0.032883
2014-07-30;CNY_OIS_RUSFARCNY_10Y;0.026055;0.032777
2014-07-31;CNY_OIS_RUSFARCNY_10Y;0.025652;0.032256
2014-08-01;CNY_OIS_RUSFARCNY_10Y;0.025671;0.032077
2014-08-04;CNY_OIS_RUSFARCNY_10Y;0.025624;0.031844
2014-08-05;CNY_OIS_RUSFARCNY_10Y;0.025319;0.031409
2014-08-06;CNY_OIS_RUSFARCNY_10Y;0.024276;0.030572
2014-08-07;CNY_OIS_RUSFARCNY_10Y;0.024259;0.030369
2014-08-08;CNY_OIS_RUSFARCNY_10Y;0.023928;0.02992
2014-08-11;CNY_OIS_RUSFARCNY_10Y;0.02351;0.029418
2014-08-12;CNY_OIS_RUSFARCNY_10Y;0.023175;0.028973
2014-08-13;CNY_OIS_RUSFARCNY_10Y;0.023009;0.028659
2014-08-14;CNY_OIS_RUSFARCNY_10Y;0.023055;0.028533
2014-08-15;CNY_OIS_RUSFARCNY_10Y;0.023148;0.02846
2014-08-18;CNY_OIS_RUSFARCNY_10Y;0.022894;0.028094
2014-08-19;CNY_OIS_RUSFARCNY_10Y;0.022729;0.027799
2014-08-20;CNY_OIS_RUSFARCNY_10Y;0.022786;0.027702
2014-08-21;CNY_OIS_RUSFARCNY_10Y;0.023005;0.027783
2014-08-22;CNY_OIS_RUSFARCNY_10Y;0.023027;0.027661
2014-08-25;CNY_OIS_RUSFARCNY_10Y;0.023077;0.027571
2014-08-26;CNY_OIS_RUSFARCNY_10Y;0.022956;0.027332
2014-08-27;CNY_OIS_RUSFARCNY_10Y;0.023357;0.027691
2014-08-28;CNY_OIS_RUSFARCNY_10Y;0.023566;0.027782
2014-08-29;CNY_OIS_RUSFARCNY_10Y;0.023916;0.028072
2014-09-01;CNY_OIS_RUSFARCNY_10Y;0.02396;0.027988
2014-09-02;CNY_OIS_RUSFARCNY_10Y;0.023314;0.027454
2014-09-03;CNY_OIS_RUSFARCNY_10Y;0.023129;0.027179
2014-09-04;CNY_OIS_RUSFARCNY_10Y;0.023098;0.02703
2014-09-05;CNY_OIS_RUSFARCNY_10Y;0.023076;0.026892
2014-09-09;CNY_OIS_RUSFARCNY_10Y;0.023221;0.026927
2014-09-10;CNY_OIS_RUSFARCNY_10Y;0.023488;0.02712
2014-09-11;CNY_OIS_RUSFARCNY_10Y;0.023728;0.02728
2014-09-12;CNY_OIS_RUSFARCNY_10Y;0.023721;0.027167
2014-09-15;CNY_OIS_RUSFARCNY_10Y;0.023753;0.027095
2014-09-16;CNY_OIS_RUSFARCNY_10Y;0.023824;0.027064
2014-09-17;CNY_OIS_RUSFARCNY_10Y;0.023811;0.026957
2014-09-18;CNY_OIS_RUSFARCNY_10Y;0.023798;0.02685
2014-09-19;CNY_OIS_RUSFARCNY_10Y;0.023834;0.026794
2014-09-22;CNY_OIS_RUSFARCNY_10Y;0.023365;0.026403
2014-09-23;CNY_OIS_RUSFARCNY_10Y;0.022326;0.025822
2014-09-24;CNY_OIS_RUSFARCNY_10Y;0.022105;0.025543
2014-09-25;CNY_OIS_RUSFARCNY_10Y;0.022009;0.025359
2014-09-26;CNY_OIS_RUSFARCNY_10Y;0.02207;0.025318
2014-09-28;CNY_OIS_RUSFARCNY_10Y;0.021902;0.025086
2014-09-29;CNY_OIS_RUSFARCNY_10Y;0.020303;0.024385
2014-09-30;CNY_OIS_RUSFARCNY_10Y;0.020256;0.024222
2014-10-08;CNY_OIS_RUSFARCNY_10Y;0.02039;0.024238
2014-10-09;CNY_OIS_RUSFARCNY_10Y;0.020653;0.024421
2014-10-10;CNY_OIS_RUSFARCNY_10Y;0.020752;0.024406
2014-10-11;CNY_OIS_RUSFARCNY_10Y;0.020564;0.024144
2014-10-13;CNY_OIS_RUSFARCNY_10Y;0.020536;0.024012
2014-10-14;CNY_OIS_RUSFARCNY_10Y;0.020608;0.02398
2014-10-15;CNY_OIS_RUSFARCNY_10Y;0.020195;0.023593
2014-10-16;CNY_OIS_RUSFARCNY_10Y;0.019983;0.023325
2014-10-17;CNY_OIS_RUSFARCNY_10Y;0.019897;0.023151
2014-10-20;CNY_OIS_RUSFARCNY_10Y;0.019571;0.022817
2014-10-21;CNY_OIS_RUSFARCNY_10Y;0.019483;0.022645
2014-10-22;CNY_OIS_RUSFARCNY_10Y;0.01957;0.022638
2014-10-23;CNY_OIS_RUSFARCNY_10Y;0.019656;0.022632
2014-10-24;CNY_OIS_RUSFARCNY_10Y;0.019901;0.022831
2014-10-27;CNY_OIS_RUSFARCNY_10Y;0.020252;0.02322
2014-10-28;CNY_OIS_RUSFARCNY_10Y;0.020381;0.023267
2014-10-29;CNY_OIS_RUSFARCNY_10Y;0.020661;0.023527
2014-10-30;CNY_OIS_RUSFARCNY_10Y;0.021003;0.023905
2014-10-31;CNY_OIS_RUSFARCNY_10Y;0.021096;0.023912
2014-11-03;CNY_OIS_RUSFARCNY_10Y;0.021023;0.023765
2014-11-04;CNY_OIS_RUSFARCNY_10Y;0.021003;0.023665
2014-11-05;CNY_OIS_RUSFARCNY_10Y;0.021043;0.023625
2014-11-06;CNY_OIS_RUSFARCNY_10Y;0.021229;0.023759
2014-11-07;CNY_OIS_RUSFARCNY_10Y;0.021371;0.023837
2014-11-10;CNY_OIS_RUSFARCNY_10Y;0.021059;0.023549
2014-11-11;CNY_OIS_RUSFARCNY_10Y;0.020523;0.023165
2014-11-12;CNY_OIS_RUSFARCNY_10Y;0.020458;0.02303
2014-11-13;CNY_OIS_RUSFARCNY_10Y;0.020392;0.022896
2014-11-14;CNY_OIS_RUSFARCNY_10Y;0.020551;0.022997
2014-11-17;CNY_OIS_RUSFARCNY_10Y;0.020788;0.02322
2014-11-18;CNY_OIS_RUSFARCNY_10Y;0.020763;0.023125
2014-11-19;CNY_OIS_RUSFARCNY_10Y;0.020809;0.023099
2014-11-20;CNY_OIS_RUSFARCNY_10Y;0.021122;0.023486
2014-11-21;CNY_OIS_RUSFARCNY_10Y;0.021505;0.024043
2014-11-24;CNY_OIS_RUSFARCNY_10Y;0.021168;0.02374
2014-11-25;CNY_OIS_RUSFARCNY_10Y;0.021256;0.023752
2014-11-26;CNY_OIS_RUSFARCNY_10Y;0.021423;0.023865
2014-11-27;CNY_OIS_RUSFARCNY_10Y;0.021564;0.023944
2014-11-28;CNY_OIS_RUSFARCNY_10Y;0.021807;0.024181
2014-12-01;CNY_OIS_RUSFARCNY_10Y;0.022141;0.024607
2014-12-02;CNY_OIS_RUSFARCNY_10Y;0.022148;0.02454
2014-12-03;CNY_OIS_RUSFARCNY_10Y;0.02209;0.024418
2014-12-04;CNY_OIS_RUSFARCNY_10Y;0.022105;0.024363
2014-12-05;CNY_OIS_RUSFARCNY_10Y;0.022098;0.02429
2014-12-08;CNY_OIS_RUSFARCNY_10Y;0.022251;0.024397
2014-12-09;CNY_OIS_RUSFARCNY_10Y;0.022274;0.024354
2014-12-10;CNY_OIS_RUSFARCNY_10Y;0.022335;0.024353
2014-12-11;CNY_OIS_RUSFARCNY_10Y;0.022395;0.024353
2014-12-12;CNY_OIS_RUSFARCNY_10Y;0.022473;0.024375
2014-12-15;CNY_OIS_RUSFARCNY_10Y;0.022531;0.024377
2014-12-16;CNY_OIS_RUSFARCNY_10Y;0.022685;0.024503
2014-12-17;CNY_OIS_RUSFARCNY_10Y;0.023134;0.026014
2014-12-18;CNY_OIS_RUSFARCNY_10Y;0.02376;0.032668
2014-12-19;CNY_OIS_RUSFARCNY_10Y;0.025957;0.039991
2014-12-22;CNY_OIS_RUSFARCNY_10Y;0.02704;0.040828
2014-12-23;CNY_OIS_RUSFARCNY_10Y;0.026888;0.04028
2014-12-24;CNY_OIS_RUSFARCNY_10Y;0.026443;0.039505
2014-12-25;CNY_OIS_RUSFARCNY_10Y;0.026038;0.03877
2014-12-26;CNY_OIS_RUSFARCNY_10Y;0.025558;0.03799
2014-12-29;CNY_OIS_RUSFARCNY_10Y;0.024982;0.037146
2014-12-30;CNY_OIS_RUSFARCNY_10Y;0.024803;0.036625
2014-12-31;CNY_OIS_RUSFARCNY_10Y;0.026211;0.038177
2015-01-04;CNY_OIS_RUSFARCNY_10Y;0.027369;0.039259
2015-01-05;CNY_OIS_RUSFARCNY_10Y;0.024823;0.037425
2015-01-06;CNY_OIS_RUSFARCNY_10Y;0.019635;0.034833
2015-01-07;CNY_OIS_RUSFARCNY_10Y;0.01815;0.033298
2015-01-08;CNY_OIS_RUSFARCNY_10Y;0.017847;0.032581
2015-01-09;CNY_OIS_RUSFARCNY_10Y;0.017816;0.032112
2015-01-12;CNY_OIS_RUSFARCNY_10Y;0.017487;0.031401
2015-01-13;CNY_OIS_RUSFARCNY_10Y;0.016765;0.030403
2015-01-14;CNY_OIS_RUSFARCNY_10Y;0.016653;0.029895
2015-01-15;CNY_OIS_RUSFARCNY_10Y;0.016805;0.029643
2015-01-16;CNY_OIS_RUSFARCNY_10Y;0.01702;0.029468
2015-01-19;CNY_OIS_RUSFARCNY_10Y;0.017472;0.029556
2015-01-20;CNY_OIS_RUSFARCNY_10Y;0.0181;0.029868
2015-01-21;CNY_OIS_RUSFARCNY_10Y;0.019013;0.030575
2015-01-22;CNY_OIS_RUSFARCNY_10Y;0.019015;0.030233
2015-01-23;CNY_OIS_RUSFARCNY_10Y;0.018733;0.029655
2015-01-26;CNY_OIS_RUSFARCNY_10Y;0.018479;0.029109
2015-01-27;CNY_OIS_RUSFARCNY_10Y;0.018499;0.028809
2015-01-28;CNY_OIS_RUSFARCNY_10Y;0.018812;0.028816
2015-01-29;CNY_OIS_RUSFARCNY_10Y;0.019637;0.029491
2015-01-30;CNY_OIS_RUSFARCNY_10Y;0.020234;0.029854
2015-02-02;CNY_OIS_RUSFARCNY_10Y;0.021058;0.03055
2015-02-03;CNY_OIS_RUSFARCNY_10Y;0.021794;0.031122
2015-02-04;CNY_OIS_RUSFARCNY_10Y;0.022117;0.031171
2015-02-05;CNY_OIS_RUSFARCNY_10Y;0.021013;0.030135
2015-02-06;CNY_OIS_RUSFARCNY_10Y;0.02105;0.029898
2015-02-09;CNY_OIS_RUSFARCNY_10Y;0.020714;0.029354
2015-02-10;CNY_OIS_RUSFARCNY_10Y;0.02122;0.029648
2015-02-11;CNY_OIS_RUSFARCNY_10Y;0.022044;0.030424
2015-02-12;CNY_OIS_RUSFARCNY_10Y;0.023176;0.031812
2015-02-13;CNY_OIS_RUSFARCNY_10Y;0.02362;0.032028
2015-02-15;CNY_OIS_RUSFARCNY_10Y;0.024473;0.032855
2015-02-16;CNY_OIS_RUSFARCNY_10Y;0.02467;0.032798
2015-02-17;CNY_OIS_RUSFARCNY_10Y;0.02623;0.035598
2015-02-25;CNY_OIS_RUSFARCNY_10Y;0.025576;0.034812
2015-02-26;CNY_OIS_RUSFARCNY_10Y;0.025403;0.034385
2015-02-27;CNY_OIS_RUSFARCNY_10Y;0.025734;0.034454
2015-02-28;CNY_OIS_RUSFARCNY_10Y;0.026862;0.035786
2015-03-02;CNY_OIS_RUSFARCNY_10Y;0.027115;0.035773
2015-03-03;CNY_OIS_RUSFARCNY_10Y;0.027217;0.035611
2015-03-04;CNY_OIS_RUSFARCNY_10Y;0.027305;0.035443
2015-03-05;CNY_OIS_RUSFARCNY_10Y;0.027296;0.035192
2015-03-06;CNY_OIS_RUSFARCNY_10Y;0.027241;0.034907
2015-03-09;CNY_OIS_RUSFARCNY_10Y;0.026985;0.034463
2015-03-10;CNY_OIS_RUSFARCNY_10Y;0.026771;0.034057
2015-03-11;CNY_OIS_RUSFARCNY_10Y;0.026852;0.033916
2015-03-12;CNY_OIS_RUSFARCNY_10Y;0.027872;0.035244
2015-03-13;CNY_OIS_RUSFARCNY_10Y;0.027685;0.034863
2015-03-16;CNY_OIS_RUSFARCNY_10Y;0.027444;0.034444
2015-03-17;CNY_OIS_RUSFARCNY_10Y;0.027266;0.034082
2015-03-18;CNY_OIS_RUSFARCNY_10Y;0.027299;0.033909
2015-03-19;CNY_OIS_RUSFARCNY_10Y;0.027001;0.033467
2015-03-20;CNY_OIS_RUSFARCNY_10Y;0.026688;0.03302
2015-03-23;CNY_OIS_RUSFARCNY_10Y;0.025887;0.032281
2015-03-24;CNY_OIS_RUSFARCNY_10Y;0.025994;0.032194
2015-03-25;CNY_OIS_RUSFARCNY_10Y;0.026007;0.032021
2015-03-26;CNY_OIS_RUSFARCNY_10Y;0.026158;0.03199
2015-03-27;CNY_OIS_RUSFARCNY_10Y;0.026144;0.031804
2015-03-30;CNY_OIS_RUSFARCNY_10Y;0.0262;0.031688
2015-03-31;CNY_OIS_RUSFARCNY_10Y;0.026074;0.031414
2015-04-01;CNY_OIS_RUSFARCNY_10Y;0.024965;0.030603
2015-04-02;CNY_OIS_RUSFARCNY_10Y;0.023929;0.029799
2015-04-03;CNY_OIS_RUSFARCNY_10Y;0.022674;0.028894
2015-04-07;CNY_OIS_RUSFARCNY_10Y;0.021247;0.027901
2015-04-08;CNY_OIS_RUSFARCNY_10Y;0.020378;0.02711
2015-04-09;CNY_OIS_RUSFARCNY_10Y;0.019497;0.026311
2015-04-10;CNY_OIS_RUSFARCNY_10Y;0.018263;0.025345
2015-04-13;CNY_OIS_RUSFARCNY_10Y;0.017394;0.024534
2015-04-14;CNY_OIS_RUSFARCNY_10Y;0.017152;0.024116
2015-04-15;CNY_OIS_RUSFARCNY_10Y;0.016525;0.023443
2015-04-16;CNY_OIS_RUSFARCNY_10Y;0.016538;0.02325
2015-04-17;CNY_OIS_RUSFARCNY_10Y;0.016322;0.022866
2015-04-20;CNY_OIS_RUSFARCNY_10Y;0.013978;0.02159
2015-04-21;CNY_OIS_RUSFARCNY_10Y;0.013114;0.020754
2015-04-22;CNY_OIS_RUSFARCNY_10Y;0.012649;0.020159
2015-04-23;CNY_OIS_RUSFARCNY_10Y;0.012323;0.019665
2015-04-24;CNY_OIS_RUSFARCNY_10Y;0.011804;0.019044
2015-04-27;CNY_OIS_RUSFARCNY_10Y;0.011425;0.018523
2015-04-28;CNY_OIS_RUSFARCNY_10Y;0.01102;0.017988
2015-04-29;CNY_OIS_RUSFARCNY_10Y;0.010918;0.01769
2015-04-30;CNY_OIS_RUSFARCNY_10Y;0.010482;0.017146
2015-05-04;CNY_OIS_RUSFARCNY_10Y;0.00977;0.016438
2015-05-05;CNY_OIS_RUSFARCNY_10Y;0.009259;0.015849
2015-05-06;CNY_OIS_RUSFARCNY_10Y;0.008914;0.015374
2015-05-07;CNY_OIS_RUSFARCNY_10Y;0.008648;0.01496
2015-05-08;CNY_OIS_RUSFARCNY_10Y;0.008238;0.01445
2015-05-11;CNY_OIS_RUSFARCNY_10Y;0.007144;0.013584
2015-05-12;CNY_OIS_RUSFARCNY_10Y;0.006628;0.013
2015-05-13;CNY_OIS_RUSFARCNY_10Y;0.006255;0.012513
2015-05-14;CNY_OIS_RUSFARCNY_10Y;0.005607;0.011861
2015-05-15;CNY_OIS_RUSFARCNY_10Y;0.004431;0.010957
2015-05-18;CNY_OIS_RUSFARCNY_10Y;0.004256;0.010612
2015-05-19;CNY_OIS_RUSFARCNY_10Y;0.004155;0.010333
2015-05-20;CNY_OIS_RUSFARCNY_10Y;0.004239;0.010229
2015-05-21;CNY_OIS_RUSFARCNY_10Y;0.00434;0.010148
2015-05-22;CNY_OIS_RUSFARCNY_10Y;0.004468;0.0101
2015-05-25;CNY_OIS_RUSFARCNY_10Y;0.004574;0.010034
2015-05-26;CNY_OIS_RUSFARCNY_10Y;0.004667;0.009961
2015-05-27;CNY_OIS_RUSFARCNY_10Y;0.004747;0.009881
2015-05-28;CNY_OIS_RUSFARCNY_10Y;0.004855;0.009833
2015-05-29;CNY_OIS_RUSFARCNY_10Y;0.004891;0.009717
2015-06-01;CNY_OIS_RUSFARCNY_10Y;0.00484;0.009528
2015-06-02;CNY_OIS_RUSFARCNY_10Y;0.00498;0.009528
2015-06-03;CNY_OIS_RUSFARCNY_10Y;0.005099;0.009509
2015-06-04;CNY_OIS_RUSFARCNY_10Y;0.005244;0.009524
2015-06-05;CNY_OIS_RUSFARCNY_10Y;0.005348;0.0095
2015-06-08;CNY_OIS_RUSFARCNY_10Y;0.005508;0.00954
2015-06-09;CNY_OIS_RUSFARCNY_10Y;0.005666;0.009582
2015-06-10;CNY_OIS_RUSFARCNY_10Y;0.005841;0.009647
2015-06-11;CNY_OIS_RUSFARCNY_10Y;0.005967;0.009661
2015-06-12;CNY_OIS_RUSFARCNY_10Y;0.006156;0.009752
2015-06-15;CNY_OIS_RUSFARCNY_10Y;0.006369;0.009879
2015-06-16;CNY_OIS_RUSFARCNY_10Y;0.006519;0.009929
2015-06-17;CNY_OIS_RUSFARCNY_10Y;0.006755;0.010093
2015-06-18;CNY_OIS_RUSFARCNY_10Y;0.00721;0.010658
2015-06-19;CNY_OIS_RUSFARCNY_10Y;0.00775;0.011418
2015-06-23;CNY_OIS_RUSFARCNY_10Y;0.008057;0.011671
2015-06-24;CNY_OIS_RUSFARCNY_10Y;0.008472;0.012116
2015-06-25;CNY_OIS_RUSFARCNY_10Y;0.008704;0.012264
2015-06-26;CNY_OIS_RUSFARCNY_10Y;0.008758;0.01221
2015-06-29;CNY_OIS_RUSFARCNY_10Y;0.008629;0.011999
2015-06-30;CNY_OIS_RUSFARCNY_10Y;0.007587;0.011381
2015-07-01;CNY_OIS_RUSFARCNY_10Y;0.006405;0.010683
2015-07-02;CNY_OIS_RUSFARCNY_10Y;0.006448;0.010596
2015-07-03;CNY_OIS_RUSFARCNY_10Y;0.006493;0.010515
2015-07-06;CNY_OIS_RUSFARCNY_10Y;0.006632;0.010536
2015-07-07;CNY_OIS_RUSFARCNY_10Y;0.006778;0.01057
2015-07-08;CNY_OIS_RUSFARCNY_10Y;0.006942;0.010626
2015-07-09;CNY_OIS_RUSFARCNY_10Y;0.007103;0.010685
2015-07-10;CNY_OIS_RUSFARCNY_10Y;0.007272;0.010756
2015-07-13;CNY_OIS_RUSFARCNY_10Y;0.007458;0.01085
2015-07-14;CNY_OIS_RUSFARCNY_10Y;0.007641;0.010947
2015-07-15;CNY_OIS_RUSFARCNY_10Y;0.007759;0.010969
2015-07-16;CNY_OIS_RUSFARCNY_10Y;0.007974;0.011114
2015-07-17;CNY_OIS_RUSFARCNY_10Y;0.008196;0.011272
2015-07-20;CNY_OIS_RUSFARCNY_10Y;0.00832;0.011308
2015-07-21;CNY_OIS_RUSFARCNY_10Y;0.008497;0.011411
2015-07-22;CNY_OIS_RUSFARCNY_10Y;0.008714;0.011574
2015-07-23;CNY_OIS_RUSFARCNY_10Y;0.008843;0.011625
2015-07-24;CNY_OIS_RUSFARCNY_10Y;0.008935;0.011633
2015-07-27;CNY_OIS_RUSFARCNY_10Y;0.009277;0.012031
2015-07-28;CNY_OIS_RUSFARCNY_10Y;0.009449;0.012139
2015-07-29;CNY_OIS_RUSFARCNY_10Y;0.009803;0.012565
2015-07-30;CNY_OIS_RUSFARCNY_10Y;0.010033;0.012755
2015-07-31;CNY_OIS_RUSFARCNY_10Y;0.01027;0.012958
2015-08-03;CNY_OIS_RUSFARCNY_10Y;0.010475;0.013113
2015-08-04;CNY_OIS_RUSFARCNY_10Y;0.010601;0.013167
2015-08-05;CNY_OIS_RUSFARCNY_10Y;0.010743;0.013245
2015-08-06;CNY_OIS_RUSFARCNY_10Y;0.010867;0.013301
2015-08-07;CNY_OIS_RUSFARCNY_10Y;0.011016;0.013392
2015-08-10;CNY_OIS_RUSFARCNY_10Y;0.011287;0.013681
2015-08-11;CNY_OIS_RUSFARCNY_10Y;0.011565;0.013983
2015-08-12;CNY_OIS_RUSFARCNY_10Y;0.011838;0.01427
2015-08-13;CNY_OIS_RUSFARCNY_10Y;0.012104;0.014544
2015-08-14;CNY_OIS_RUSFARCNY_10Y;0.012363;0.014805
2015-08-17;CNY_OIS_RUSFARCNY_10Y;0.012676;0.015172
2015-08-18;CNY_OIS_RUSFARCNY_10Y;0.01305;0.015678
2015-08-19;CNY_OIS_RUSFARCNY_10Y;0.013426;0.016162
2015-08-20;CNY_OIS_RUSFARCNY_10Y;0.013801;0.016627
2015-08-21;CNY_OIS_RUSFARCNY_10Y;0.014;0.016768
2015-08-24;CNY_OIS_RUSFARCNY_10Y;0.014214;0.016934
2015-08-25;CNY_OIS_RUSFARCNY_10Y;0.014377;0.017031
2015-08-26;CNY_OIS_RUSFARCNY_10Y;0.013094;0.016454
2015-08-27;CNY_OIS_RUSFARCNY_10Y;0.012845;0.016163
2015-08-28;CNY_OIS_RUSFARCNY_10Y;0.013036;0.016272
2015-08-31;CNY_OIS_RUSFARCNY_10Y;0.013324;0.016524
2015-09-01;CNY_OIS_RUSFARCNY_10Y;0.013556;0.016692
2015-09-02;CNY_OIS_RUSFARCNY_10Y;0.014349;0.020099
2015-09-06;CNY_OIS_RUSFARCNY_10Y;0.012754;0.019094
2015-09-07;CNY_OIS_RUSFARCNY_10Y;0.01288;0.019028
2015-09-08;CNY_OIS_RUSFARCNY_10Y;0.012903;0.018865
2015-09-09;CNY_OIS_RUSFARCNY_10Y;0.012983;0.018765
2015-09-10;CNY_OIS_RUSFARCNY_10Y;0.013101;0.018707
2015-09-11;CNY_OIS_RUSFARCNY_10Y;0.013198;0.018632
2015-09-14;CNY_OIS_RUSFARCNY_10Y;0.013269;0.018539
2015-09-15;CNY_OIS_RUSFARCNY_10Y;0.01335;0.018458
2015-09-16;CNY_OIS_RUSFARCNY_10Y;0.013437;0.018391
2015-09-17;CNY_OIS_RUSFARCNY_10Y;0.013503;0.018305
2015-09-18;CNY_OIS_RUSFARCNY_10Y;0.013586;0.018242
2015-09-21;CNY_OIS_RUSFARCNY_10Y;0.013667;0.018181
2015-09-22;CNY_OIS_RUSFARCNY_10Y;0.013804;0.018184
2015-09-23;CNY_OIS_RUSFARCNY_10Y;0.013871;0.018117
2015-09-24;CNY_OIS_RUSFARCNY_10Y;0.013945;0.018063
2015-09-25;CNY_OIS_RUSFARCNY_10Y;0.013988;0.01798
2015-09-28;CNY_OIS_RUSFARCNY_10Y;0.014078;0.01795
2015-09-29;CNY_OIS_RUSFARCNY_10Y;0.014107;0.017861
2015-09-30;CNY_OIS_RUSFARCNY_10Y;0.01475;0.018858
2015-10-08;CNY_OIS_RUSFARCNY_10Y;0.013806;0.018202
2015-10-09;CNY_OIS_RUSFARCNY_10Y;0.013843;0.018105
2015-10-10;CNY_OIS_RUSFARCNY_10Y;0.013888;0.01802
2015-10-12;CNY_OIS_RUSFARCNY_10Y;0.013931;0.017937
2015-10-13;CNY_OIS_RUSFARCNY_10Y;0.013971;0.017857
2015-10-14;CNY_OIS_RUSFARCNY_10Y;0.014031;0.017797
2015-10-15;CNY_OIS_RUSFARCNY_10Y;0.014098;0.01775
2015-10-16;CNY_OIS_RUSFARCNY_10Y;0.014133;0.017675
2015-10-19;CNY_OIS_RUSFARCNY_10Y;0.014217;0.017651
2015-10-20;CNY_OIS_RUSFARCNY_10Y;0.014279;0.017609
2015-10-21;CNY_OIS_RUSFARCNY_10Y;0.01435;0.017578
2015-10-22;CNY_OIS_RUSFARCNY_10Y;0.014389;0.017519
2015-10-23;CNY_OIS_RUSFARCNY_10Y;0.014486;0.017522
2015-10-26;CNY_OIS_RUSFARCNY_10Y;0.013638;0.01699
2015-10-27;CNY_OIS_RUSFARCNY_10Y;0.013224;0.016604
2015-10-28;CNY_OIS_RUSFARCNY_10Y;0.013234;0.016514
2015-10-29;CNY_OIS_RUSFARCNY_10Y;0.013304;0.016484
2015-10-30;CNY_OIS_RUSFARCNY_10Y;0.013353;0.016435
2015-11-02;CNY_OIS_RUSFARCNY_10Y;0.013348;0.01634
2015-11-03;CNY_OIS_RUSFARCNY_10Y;0.013384;0.016284
2015-11-04;CNY_OIS_RUSFARCNY_10Y;0.013408;0.01622
2015-11-05;CNY_OIS_RUSFARCNY_10Y;0.01342;0.016148
2015-11-06;CNY_OIS_RUSFARCNY_10Y;0.013462;0.016106
2015-11-09;CNY_OIS_RUSFARCNY_10Y;0.013492;0.016056
2015-11-10;CNY_OIS_RUSFARCNY_10Y;0.013501;0.015987
2015-11-11;CNY_OIS_RUSFARCNY_10Y;0.013528;0.01594
2015-11-12;CNY_OIS_RUSFARCNY_10Y;0.013585;0.015923
2015-11-13;CNY_OIS_RUSFARCNY_10Y;0.01364;0.015908
2015-11-16;CNY_OIS_RUSFARCNY_10Y;0.013655;0.015853
2015-11-17;CNY_OIS_RUSFARCNY_10Y;0.013668;0.0158
2015-11-18;CNY_OIS_RUSFARCNY_10Y;0.01369;0.015758
2015-11-19;CNY_OIS_RUSFARCNY_10Y;0.013761;0.015767
2015-11-20;CNY_OIS_RUSFARCNY_10Y;0.013781;0.015727
2015-11-23;CNY_OIS_RUSFARCNY_10Y;0.013821;0.015707
2015-11-24;CNY_OIS_RUSFARCNY_10Y;0.01385;0.015678
2015-11-25;CNY_OIS_RUSFARCNY_10Y;0.013877;0.015651
2015-11-26;CNY_OIS_RUSFARCNY_10Y;0.013904;0.015624
2015-11-27;CNY_OIS_RUSFARCNY_10Y;0.01394;0.015608
2015-11-30;CNY_OIS_RUSFARCNY_10Y;0.013986;0.015602
2015-12-01;CNY_OIS_RUSFARCNY_10Y;0.01401;0.015578
2015-12-02;CNY_OIS_RUSFARCNY_10Y;0.014014;0.015534
2015-12-03;CNY_OIS_RUSFARCNY_10Y;0.014047;0.015521
2015-12-04;CNY_OIS_RUSFARCNY_10Y;0.014069;0.015499
2015-12-07;CNY_OIS_RUSFARCNY_10Y;0.01406;0.015448
2015-12-08;CNY_OIS_RUSFARCNY_10Y;0.014101;0.015447
2015-12-09;CNY_OIS_RUSFARCNY_10Y;0.01415;0.015458
2015-12-10;CNY_OIS_RUSFARCNY_10Y;0.01417;0.015438
2015-12-11;CNY_OIS_RUSFARCNY_10Y;0.01418;0.015408
2015-12-14;CNY_OIS_RUSFARCNY_10Y;0.014198;0.01539
2015-12-15;CNY_OIS_RUSFARCNY_10Y;0.014216;0.015372
2015-12-16;CNY_OIS_RUSFARCNY_10Y;0.014254;0.015374
2015-12-17;CNY_OIS_RUSFARCNY_10Y;0.014299;0.015389
2015-12-18;CNY_OIS_RUSFARCNY_10Y;0.014482;0.015666
2015-12-21;CNY_OIS_RUSFARCNY_10Y;0.01469;0.015998
2015-12-22;CNY_OIS_RUSFARCNY_10Y;0.014929;0.016399
2015-12-23;CNY_OIS_RUSFARCNY_10Y;0.015161;0.016727
2015-12-24;CNY_OIS_RUSFARCNY_10Y;0.015356;0.016952
2015-12-25;CNY_OIS_RUSFARCNY_10Y;0.015472;0.017036
2015-12-28;CNY_OIS_RUSFARCNY_10Y;0.015544;0.017064
2015-12-29;CNY_OIS_RUSFARCNY_10Y;0.015525;0.017003
2015-12-30;CNY_OIS_RUSFARCNY_10Y;0.015548;0.01698
2015-12-31;CNY_OIS_RUSFARCNY_10Y;0.015872;0.017776
2016-01-04;CNY_OIS_RUSFARCNY_10Y;0.01594;0.017788
2016-01-05;CNY_OIS_RUSFARCNY_10Y;0.015998;0.01779
2016-01-06;CNY_OIS_RUSFARCNY_10Y;0.01582;0.017608
2016-01-07;CNY_OIS_RUSFARCNY_10Y;0.015692;0.017456
2016-01-08;CNY_OIS_RUSFARCNY_10Y;0.015634;0.017354
2016-01-11;CNY_OIS_RUSFARCNY_10Y;0.015586;0.017262
2016-01-12;CNY_OIS_RUSFARCNY_10Y;0.015612;0.017236
2016-01-13;CNY_OIS_RUSFARCNY_10Y;0.015626;0.017202
2016-01-14;CNY_OIS_RUSFARCNY_10Y;0.01565;0.017178
2016-01-15;CNY_OIS_RUSFARCNY_10Y;0.01573;0.017218
2016-01-18;CNY_OIS_RUSFARCNY_10Y;0.015733;0.017175
2016-01-19;CNY_OIS_RUSFARCNY_10Y;0.015802;0.017206
2016-01-20;CNY_OIS_RUSFARCNY_10Y;0.016009;0.017479
2016-01-21;CNY_OIS_RUSFARCNY_10Y;0.016255;0.017853
2016-01-22;CNY_OIS_RUSFARCNY_10Y;0.016403;0.017985
2016-01-25;CNY_OIS_RUSFARCNY_10Y;0.016206;0.017802
2016-01-26;CNY_OIS_RUSFARCNY_10Y;0.016098;0.01767
2016-01-27;CNY_OIS_RUSFARCNY_10Y;0.016101;0.017627
2016-01-28;CNY_OIS_RUSFARCNY_10Y;0.016094;0.017574
2016-01-29;CNY_OIS_RUSFARCNY_10Y;0.016085;0.017523
2016-02-01;CNY_OIS_RUSFARCNY_10Y;0.016087;0.017481
2016-02-02;CNY_OIS_RUSFARCNY_10Y;0.016077;0.017431
2016-02-03;CNY_OIS_RUSFARCNY_10Y;0.016088;0.0174
2016-02-04;CNY_OIS_RUSFARCNY_10Y;0.016108;0.01738
2016-02-05;CNY_OIS_RUSFARCNY_10Y;0.016137;0.017371
2016-02-06;CNY_OIS_RUSFARCNY_10Y;0.016222;0.023226
2016-02-14;CNY_OIS_RUSFARCNY_10Y;0.011803;0.021585
2016-02-15;CNY_OIS_RUSFARCNY_10Y;0.011942;0.021426
2016-02-16;CNY_OIS_RUSFARCNY_10Y;0.012056;0.021252
2016-02-17;CNY_OIS_RUSFARCNY_10Y;0.012136;0.021052
2016-02-18;CNY_OIS_RUSFARCNY_10Y;0.012097;0.020751
2016-02-19;CNY_OIS_RUSFARCNY_10Y;0.012096;0.020492
2016-02-22;CNY_OIS_RUSFARCNY_10Y;0.012184;0.020324
2016-02-23;CNY_OIS_RUSFARCNY_10Y;0.012298;0.02019
2016-02-24;CNY_OIS_RUSFARCNY_10Y;0.012639;0.020309
2016-02-25;CNY_OIS_RUSFARCNY_10Y;0.013194;0.020714
2016-02-26;CNY_OIS_RUSFARCNY_10Y;0.013713;0.021075
2016-02-29;CNY_OIS_RUSFARCNY_10Y;0.013383;0.020585
2016-03-01;CNY_OIS_RUSFARCNY_10Y;0.013074;0.020114
2016-03-02;CNY_OIS_RUSFARCNY_10Y;0.01312;0.019948
2016-03-03;CNY_OIS_RUSFARCNY_10Y;0.013174;0.019794
2016-03-04;CNY_OIS_RUSFARCNY_10Y;0.013203;0.019625
2016-03-07;CNY_OIS_RUSFARCNY_10Y;0.013311;0.019537
2016-03-08;CNY_OIS_RUSFARCNY_10Y;0.013396;0.019432
2016-03-09;CNY_OIS_RUSFARCNY_10Y;0.013488;0.01934
2016-03-10;CNY_OIS_RUSFARCNY_10Y;0.013547;0.019221
2016-03-11;CNY_OIS_RUSFARCNY_10Y;0.013613;0.019115
2016-03-14;CNY_OIS_RUSFARCNY_10Y;0.013737;0.019071
2016-03-15;CNY_OIS_RUSFARCNY_10Y;0.013857;0.019031
2016-03-16;CNY_OIS_RUSFARCNY_10Y;0.013966;0.018982
2016-03-17;CNY_OIS_RUSFARCNY_10Y;0.014177;0.019051
2016-03-18;CNY_OIS_RUSFARCNY_10Y;0.01444;0.019188
2016-03-21;CNY_OIS_RUSFARCNY_10Y;0.01459;0.019198
2016-03-22;CNY_OIS_RUSFARCNY_10Y;0.014748;0.01922
2016-03-23;CNY_OIS_RUSFARCNY_10Y;0.014745;0.019083
2016-03-24;CNY_OIS_RUSFARCNY_10Y;0.01476;0.018968
2016-03-25;CNY_OIS_RUSFARCNY_10Y;0.014763;0.018845
2016-03-28;CNY_OIS_RUSFARCNY_10Y;0.014855;0.018813
2016-03-29;CNY_OIS_RUSFARCNY_10Y;0.014954;0.018794
2016-03-30;CNY_OIS_RUSFARCNY_10Y;0.015091;0.018817
2016-03-31;CNY_OIS_RUSFARCNY_10Y;0.015271;0.018897
2016-04-01;CNY_OIS_RUSFARCNY_10Y;0.015296;0.018812
2016-04-05;CNY_OIS_RUSFARCNY_10Y;0.015122;0.018566
2016-04-06;CNY_OIS_RUSFARCNY_10Y;0.015071;0.018417
2016-04-07;CNY_OIS_RUSFARCNY_10Y;0.015074;0.01832
2016-04-08;CNY_OIS_RUSFARCNY_10Y;0.01514;0.018288
2016-04-11;CNY_OIS_RUSFARCNY_10Y;0.015237;0.018291
2016-04-12;CNY_OIS_RUSFARCNY_10Y;0.01536;0.018328
2016-04-13;CNY_OIS_RUSFARCNY_10Y;0.015435;0.018313
2016-04-14;CNY_OIS_RUSFARCNY_10Y;0.015509;0.018299
2016-04-15;CNY_OIS_RUSFARCNY_10Y;0.01551;0.018218
2016-04-18;CNY_OIS_RUSFARCNY_10Y;0.015581;0.018207
2016-04-19;CNY_OIS_RUSFARCNY_10Y;0.015679;0.018229
2016-04-20;CNY_OIS_RUSFARCNY_10Y;0.015847;0.018341
2016-04-21;CNY_OIS_RUSFARCNY_10Y;0.015989;0.018419
2016-04-22;CNY_OIS_RUSFARCNY_10Y;0.016111;0.018477
2016-04-25;CNY_OIS_RUSFARCNY_10Y;0.016214;0.018514
2016-04-26;CNY_OIS_RUSFARCNY_10Y;0.016154;0.018394
2016-04-27;CNY_OIS_RUSFARCNY_10Y;0.016059;0.018249
2016-04-28;CNY_OIS_RUSFARCNY_10Y;0.016062;0.018186
2016-04-29;CNY_OIS_RUSFARCNY_10Y;0.016324;0.018484
2016-05-03;CNY_OIS_RUSFARCNY_10Y;0.015773;0.018121
2016-05-04;CNY_OIS_RUSFARCNY_10Y;0.015775;0.018053
2016-05-05;CNY_OIS_RUSFARCNY_10Y;0.01582;0.018028
2016-05-06;CNY_OIS_RUSFARCNY_10Y;0.015844;0.017984
2016-05-09;CNY_OIS_RUSFARCNY_10Y;0.015866;0.017942
2016-05-10;CNY_OIS_RUSFARCNY_10Y;0.015898;0.01791
2016-05-11;CNY_OIS_RUSFARCNY_10Y;0.015928;0.01788
2016-05-12;CNY_OIS_RUSFARCNY_10Y;0.015968;0.01786
2016-05-13;CNY_OIS_RUSFARCNY_10Y;0.016017;0.017851
2016-05-16;CNY_OIS_RUSFARCNY_10Y;0.016074;0.017854
2016-05-17;CNY_OIS_RUSFARCNY_10Y;0.016158;0.01789
2016-05-18;CNY_OIS_RUSFARCNY_10Y;0.016185;0.017863
2016-05-19;CNY_OIS_RUSFARCNY_10Y;0.0162;0.017828
2016-05-20;CNY_OIS_RUSFARCNY_10Y;0.016204;0.017784
2016-05-23;CNY_OIS_RUSFARCNY_10Y;0.016187;0.017721
2016-05-24;CNY_OIS_RUSFARCNY_10Y;0.01619;0.017678
2016-05-25;CNY_OIS_RUSFARCNY_10Y;0.016203;0.017645
2016-05-26;CNY_OIS_RUSFARCNY_10Y;0.016225;0.017623
2016-05-27;CNY_OIS_RUSFARCNY_10Y;0.016246;0.017602
2016-05-30;CNY_OIS_RUSFARCNY_10Y;0.016277;0.017591
2016-05-31;CNY_OIS_RUSFARCNY_10Y;0.01637;0.017658
2016-06-01;CNY_OIS_RUSFARCNY_10Y;0.016348;0.0176
2016-06-02;CNY_OIS_RUSFARCNY_10Y;0.016346;0.017562
2016-06-03;CNY_OIS_RUSFARCNY_10Y;0.016312;0.017496
2016-06-06;CNY_OIS_RUSFARCNY_10Y;0.01632;0.017468
2016-06-07;CNY_OIS_RUSFARCNY_10Y;0.016357;0.017471
2016-06-08;CNY_OIS_RUSFARCNY_10Y;0.016374;0.017454
2016-06-12;CNY_OIS_RUSFARCNY_10Y;0.01639;0.017438
2016-06-13;CNY_OIS_RUSFARCNY_10Y;0.016406;0.017422
2016-06-14;CNY_OIS_RUSFARCNY_10Y;0.016422;0.017406
2016-06-15;CNY_OIS_RUSFARCNY_10Y;0.016437;0.017391
2016-06-16;CNY_OIS_RUSFARCNY_10Y;0.016471;0.017397
2016-06-17;CNY_OIS_RUSFARCNY_10Y;0.016513;0.017415
2016-06-20;CNY_OIS_RUSFARCNY_10Y;0.016573;0.017455
2016-06-21;CNY_OIS_RUSFARCNY_10Y;0.016664;0.017544
2016-06-22;CNY_OIS_RUSFARCNY_10Y;0.016748;0.01762
2016-06-23;CNY_OIS_RUSFARCNY_10Y;0.016807;0.017661
2016-06-24;CNY_OIS_RUSFARCNY_10Y;0.016848;0.01768
2016-06-27;CNY_OIS_RUSFARCNY_10Y;0.01689;0.017698
2016-06-28;CNY_OIS_RUSFARCNY_10Y;0.016921;0.017707
2016-06-29;CNY_OIS_RUSFARCNY_10Y;0.016912;0.017676
2016-06-30;CNY_OIS_RUSFARCNY_10Y;0.016914;0.017654
2016-07-01;CNY_OIS_RUSFARCNY_10Y;0.016807;0.017561
2016-07-04;CNY_OIS_RUSFARCNY_10Y;0.016658;0.01745
2016-07-05;CNY_OIS_RUSFARCNY_10Y;0.016592;0.017376
2016-07-06;CNY_OIS_RUSFARCNY_10Y;0.016513;0.017295
2016-07-07;CNY_OIS_RUSFARCNY_10Y;0.016504;0.017264
2016-07-08;CNY_OIS_RUSFARCNY_10Y;0.016505;0.017243
2016-07-11;CNY_OIS_RUSFARCNY_10Y;0.016516;0.017232
2016-07-12;CNY_OIS_RUSFARCNY_10Y;0.016507;0.017201
2016-07-13;CNY_OIS_RUSFARCNY_10Y;0.016507;0.017181
2016-07-14;CNY_OIS_RUSFARCNY_10Y;0.016517;0.017171
2016-07-15;CNY_OIS_RUSFARCNY_10Y;0.016555;0.017193
2016-07-18;CNY_OIS_RUSFARCNY_10Y;0.016565;0.017183
2016-07-19;CNY_OIS_RUSFARCNY_10Y;0.016634;0.017254
2016-07-20;CNY_OIS_RUSFARCNY_10Y;0.016662;0.017266
2016-07-21;CNY_OIS_RUSFARCNY_10Y;0.016699;0.017289
2016-07-22;CNY_OIS_RUSFARCNY_10Y;0.016809;0.017479
2016-07-25;CNY_OIS_RUSFARCNY_10Y;0.016893;0.017575
2016-07-26;CNY_OIS_RUSFARCNY_10Y;0.016948;0.01762
2016-07-27;CNY_OIS_RUSFARCNY_10Y;0.016968;0.01762
2016-07-28;CNY_OIS_RUSFARCNY_10Y;0.016858;0.01753
2016-07-29;CNY_OIS_RUSFARCNY_10Y;0.016734;0.017434
2016-08-01;CNY_OIS_RUSFARCNY_10Y;0.016689;0.017379
2016-08-02;CNY_OIS_RUSFARCNY_10Y;0.016657;0.017331
2016-08-03;CNY_OIS_RUSFARCNY_10Y;0.016624;0.017284
2016-08-04;CNY_OIS_RUSFARCNY_10Y;0.016613;0.017255
2016-08-05;CNY_OIS_RUSFARCNY_10Y;0.016623;0.017245
2016-08-08;CNY_OIS_RUSFARCNY_10Y;0.01666;0.017268
2016-08-09;CNY_OIS_RUSFARCNY_10Y;0.016714;0.017314
2016-08-10;CNY_OIS_RUSFARCNY_10Y;0.016782;0.017386
2016-08-11;CNY_OIS_RUSFARCNY_10Y;0.016827;0.017421
2016-08-12;CNY_OIS_RUSFARCNY_10Y;0.016836;0.017412
2016-08-15;CNY_OIS_RUSFARCNY_10Y;0.016867;0.017427
2016-08-16;CNY_OIS_RUSFARCNY_10Y;0.016862;0.017406
2016-08-17;CNY_OIS_RUSFARCNY_10Y;0.01687;0.017398
2016-08-18;CNY_OIS_RUSFARCNY_10Y;0.016888;0.0174
2016-08-19;CNY_OIS_RUSFARCNY_10Y;0.016896;0.017392
2016-08-22;CNY_OIS_RUSFARCNY_10Y;0.016906;0.017388
2016-08-23;CNY_OIS_RUSFARCNY_10Y;0.016985;0.017503
2016-08-24;CNY_OIS_RUSFARCNY_10Y;0.017067;0.017621
2016-08-25;CNY_OIS_RUSFARCNY_10Y;0.017085;0.017623
2016-08-26;CNY_OIS_RUSFARCNY_10Y;0.017094;0.017614
2016-08-29;CNY_OIS_RUSFARCNY_10Y;0.017145;0.017663
2016-08-30;CNY_OIS_RUSFARCNY_10Y;0.017245;0.017843
2016-08-31;CNY_OIS_RUSFARCNY_10Y;0.017273;0.017855
2016-09-01;CNY_OIS_RUSFARCNY_10Y;0.017292;0.017856
2016-09-02;CNY_OIS_RUSFARCNY_10Y;0.0173;0.017848
2016-09-05;CNY_OIS_RUSFARCNY_10Y;0.017344;0.017884
2016-09-06;CNY_OIS_RUSFARCNY_10Y;0.01741;0.017958
2016-09-07;CNY_OIS_RUSFARCNY_10Y;0.017449;0.017985
2016-09-08;CNY_OIS_RUSFARCNY_10Y;0.017464;0.017984
2016-09-09;CNY_OIS_RUSFARCNY_10Y;0.017508;0.01802
2016-09-12;CNY_OIS_RUSFARCNY_10Y;0.01759;0.018138
2016-09-13;CNY_OIS_RUSFARCNY_10Y;0.017688;0.0183
2016-09-14;CNY_OIS_RUSFARCNY_10Y;0.017817;0.018571
2016-09-18;CNY_OIS_RUSFARCNY_10Y;0.017923;0.018705
2016-09-19;CNY_OIS_RUSFARCNY_10Y;0.018041;0.018867
2016-09-20;CNY_OIS_RUSFARCNY_10Y;0.0181;0.018908
2016-09-21;CNY_OIS_RUSFARCNY_10Y;0.018181;0.018987
2016-09-22;CNY_OIS_RUSFARCNY_10Y;0.018203;0.018985
2016-09-23;CNY_OIS_RUSFARCNY_10Y;0.018203;0.018961
2016-09-26;CNY_OIS_RUSFARCNY_10Y;0.018185;0.018923
2016-09-27;CNY_OIS_RUSFARCNY_10Y;0.018216;0.018932
2016-09-28;CNY_OIS_RUSFARCNY_10Y;0.01832;0.019068
2016-09-29;CNY_OIS_RUSFARCNY_10Y;0.018413;0.019175
2016-09-30;CNY_OIS_RUSFARCNY_10Y;0.018527;0.021841
2016-10-08;CNY_OIS_RUSFARCNY_10Y;0.016607;0.021081
2016-10-09;CNY_OIS_RUSFARCNY_10Y;0.016485;0.020843
2016-10-10;CNY_OIS_RUSFARCNY_10Y;0.016416;0.020652
2016-10-11;CNY_OIS_RUSFARCNY_10Y;0.016388;0.0205
2016-10-12;CNY_OIS_RUSFARCNY_10Y;0.01642;0.020408
2016-10-13;CNY_OIS_RUSFARCNY_10Y;0.016491;0.020357
2016-10-14;CNY_OIS_RUSFARCNY_10Y;0.01657;0.020318
2016-10-17;CNY_OIS_RUSFARCNY_10Y;0.016685;0.020323
2016-10-18;CNY_OIS_RUSFARCNY_10Y;0.016873;0.020415
2016-10-19;CNY_OIS_RUSFARCNY_10Y;0.017137;0.020611
2016-10-20;CNY_OIS_RUSFARCNY_10Y;0.017304;0.020684
2016-10-21;CNY_OIS_RUSFARCNY_10Y;0.017487;0.020781
2016-10-24;CNY_OIS_RUSFARCNY_10Y;0.017624;0.020824
2016-10-25;CNY_OIS_RUSFARCNY_10Y;0.017741;0.020847
2016-10-26;CNY_OIS_RUSFARCNY_10Y;0.017883;0.020905
2016-10-27;CNY_OIS_RUSFARCNY_10Y;0.017988;0.02092
2016-10-28;CNY_OIS_RUSFARCNY_10Y;0.018032;0.020876
2016-10-31;CNY_OIS_RUSFARCNY_10Y;0.018066;0.020822
2016-11-01;CNY_OIS_RUSFARCNY_10Y;0.018098;0.02077
2016-11-02;CNY_OIS_RUSFARCNY_10Y;0.01811;0.020702
2016-11-03;CNY_OIS_RUSFARCNY_10Y;0.018107;0.020621
2016-11-04;CNY_OIS_RUSFARCNY_10Y;0.018005;0.020463
2016-11-07;CNY_OIS_RUSFARCNY_10Y;0.017745;0.020203
2016-11-08;CNY_OIS_RUSFARCNY_10Y;0.017572;0.019996
2016-11-09;CNY_OIS_RUSFARCNY_10Y;0.017558;0.01991
2016-11-10;CNY_OIS_RUSFARCNY_10Y;0.017722;0.020026
2016-11-11;CNY_OIS_RUSFARCNY_10Y;0.017894;0.020154
2016-11-14;CNY_OIS_RUSFARCNY_10Y;0.018104;0.020344
2016-11-15;CNY_OIS_RUSFARCNY_10Y;0.018282;0.020486
2016-11-16;CNY_OIS_RUSFARCNY_10Y;0.018409;0.020559
2016-11-17;CNY_OIS_RUSFARCNY_10Y;0.018462;0.020546
2016-11-18;CNY_OIS_RUSFARCNY_10Y;0.018551;0.020577
2016-11-21;CNY_OIS_RUSFARCNY_10Y;0.01864;0.020608
2016-11-22;CNY_OIS_RUSFARCNY_10Y;0.018689;0.020599
2016-11-23;CNY_OIS_RUSFARCNY_10Y;0.018757;0.020611
2016-11-24;CNY_OIS_RUSFARCNY_10Y;0.018834;0.020634
2016-11-25;CNY_OIS_RUSFARCNY_10Y;0.018927;0.020681
2016-11-28;CNY_OIS_RUSFARCNY_10Y;0.019038;0.02075
2016-11-29;CNY_OIS_RUSFARCNY_10Y;0.019102;0.020766
2016-11-30;CNY_OIS_RUSFARCNY_10Y;0.019251;0.020897
2016-12-01;CNY_OIS_RUSFARCNY_10Y;0.01936;0.020968
2016-12-02;CNY_OIS_RUSFARCNY_10Y;0.019332;0.020896
2016-12-05;CNY_OIS_RUSFARCNY_10Y;0.019223;0.020765
2016-12-06;CNY_OIS_RUSFARCNY_10Y;0.019149;0.020659
2016-12-07;CNY_OIS_RUSFARCNY_10Y;0.019098;0.02057
2016-12-08;CNY_OIS_RUSFARCNY_10Y;0.019108;0.020536
2016-12-09;CNY_OIS_RUSFARCNY_10Y;0.019147;0.020531
2016-12-12;CNY_OIS_RUSFARCNY_10Y;0.019163;0.020505
2016-12-13;CNY_OIS_RUSFARCNY_10Y;0.019221;0.020527
2016-12-14;CNY_OIS_RUSFARCNY_10Y;0.01928;0.020548
2016-12-15;CNY_OIS_RUSFARCNY_10Y;0.019396;0.020652
2016-12-16;CNY_OIS_RUSFARCNY_10Y;0.019566;0.020862
2016-12-19;CNY_OIS_RUSFARCNY_10Y;0.019633;0.020895
2016-12-20;CNY_OIS_RUSFARCNY_10Y;0.019741;0.020987
2016-12-21;CNY_OIS_RUSFARCNY_10Y;0.01976;0.020968
2016-12-22;CNY_OIS_RUSFARCNY_10Y;0.019737;0.020911
2016-12-23;CNY_OIS_RUSFARCNY_10Y;0.019538;0.02075
2016-12-26;CNY_OIS_RUSFARCNY_10Y;0.019176;0.020532
2016-12-27;CNY_OIS_RUSFARCNY_10Y;0.01881;0.020298
2016-12-28;CNY_OIS_RUSFARCNY_10Y;0.018623;0.020125
2016-12-29;CNY_OIS_RUSFARCNY_10Y;0.018423;0.019945
2016-12-30;CNY_OIS_RUSFARCNY_10Y;0.018476;0.019952
2017-01-03;CNY_OIS_RUSFARCNY_10Y;0.018248;0.01976
2017-01-04;CNY_OIS_RUSFARCNY_10Y;0.017784;0.019484
2017-01-05;CNY_OIS_RUSFARCNY_10Y;0.017256;0.019172
2017-01-06;CNY_OIS_RUSFARCNY_10Y;0.017082;0.018986
2017-01-09;CNY_OIS_RUSFARCNY_10Y;0.016908;0.0188
2017-01-10;CNY_OIS_RUSFARCNY_10Y;0.016956;0.018792
2017-01-11;CNY_OIS_RUSFARCNY_10Y;0.017059;0.018849
2017-01-12;CNY_OIS_RUSFARCNY_10Y;0.017077;0.018811
2017-01-13;CNY_OIS_RUSFARCNY_10Y;0.017113;0.018795
2017-01-16;CNY_OIS_RUSFARCNY_10Y;0.017407;0.019261
2017-01-17;CNY_OIS_RUSFARCNY_10Y;0.017873;0.021081
2017-01-18;CNY_OIS_RUSFARCNY_10Y;0.01843;0.021958
2017-01-19;CNY_OIS_RUSFARCNY_10Y;0.018793;0.022315
2017-01-20;CNY_OIS_RUSFARCNY_10Y;0.018961;0.022387
2017-01-22;CNY_OIS_RUSFARCNY_10Y;0.016069;0.021539
2017-01-23;CNY_OIS_RUSFARCNY_10Y;0.016008;0.02132
2017-01-24;CNY_OIS_RUSFARCNY_10Y;0.015975;0.021133
2017-01-25;CNY_OIS_RUSFARCNY_10Y;0.016064;0.021064
2017-01-26;CNY_OIS_RUSFARCNY_10Y;0.017329;0.027085
2017-02-03;CNY_OIS_RUSFARCNY_10Y;0.01314;0.025048
2017-02-04;CNY_OIS_RUSFARCNY_10Y;0.013695;0.025275
2017-02-06;CNY_OIS_RUSFARCNY_10Y;0.014075;0.025313
2017-02-07;CNY_OIS_RUSFARCNY_10Y;0.014276;0.025172
2017-02-08;CNY_OIS_RUSFARCNY_10Y;0.014397;0.024961
2017-02-09;CNY_OIS_RUSFARCNY_10Y;0.014512;0.024756
2017-02-10;CNY_OIS_RUSFARCNY_10Y;0.014626;0.024558
2017-02-13;CNY_OIS_RUSFARCNY_10Y;0.014739;0.024369
2017-02-14;CNY_OIS_RUSFARCNY_10Y;0.014856;0.024192
2017-02-15;CNY_OIS_RUSFARCNY_10Y;0.015046;0.024098
2017-02-16;CNY_OIS_RUSFARCNY_10Y;0.015787;0.024701
2017-02-17;CNY_OIS_RUSFARCNY_10Y;0.016181;0.024847
2017-02-20;CNY_OIS_RUSFARCNY_10Y;0.016761;0.025239
2017-02-21;CNY_OIS_RUSFARCNY_10Y;0.017544;0.025944
2017-02-22;CNY_OIS_RUSFARCNY_10Y;0.017687;0.025831
2017-02-23;CNY_OIS_RUSFARCNY_10Y;0.018206;0.026164
2017-02-24;CNY_OIS_RUSFARCNY_10Y;0.017767;0.025573
2017-02-27;CNY_OIS_RUSFARCNY_10Y;0.017436;0.025068
2017-02-28;CNY_OIS_RUSFARCNY_10Y;0.018081;0.025607
2017-03-01;CNY_OIS_RUSFARCNY_10Y;0.018209;0.025505
2017-03-02;CNY_OIS_RUSFARCNY_10Y;0.017967;0.025083
2017-03-03;CNY_OIS_RUSFARCNY_10Y;0.016992;0.024216
2017-03-06;CNY_OIS_RUSFARCNY_10Y;0.017423;0.024471
2017-03-07;CNY_OIS_RUSFARCNY_10Y;0.017538;0.024372
2017-03-08;CNY_OIS_RUSFARCNY_10Y;0.017662;0.024288
2017-03-09;CNY_OIS_RUSFARCNY_10Y;0.017778;0.024202
2017-03-10;CNY_OIS_RUSFARCNY_10Y;0.017818;0.024048
2017-03-13;CNY_OIS_RUSFARCNY_10Y;0.017672;0.023736
2017-03-14;CNY_OIS_RUSFARCNY_10Y;0.017735;0.023615
2017-03-15;CNY_OIS_RUSFARCNY_10Y;0.01793;0.023636
2017-03-16;CNY_OIS_RUSFARCNY_10Y;0.018488;0.02416
2017-03-17;CNY_OIS_RUSFARCNY_10Y;0.019703;0.026785
2017-03-20;CNY_OIS_RUSFARCNY_10Y;0.019806;0.026672
2017-03-21;CNY_OIS_RUSFARCNY_10Y;0.020058;0.026724
2017-03-22;CNY_OIS_RUSFARCNY_10Y;0.020189;0.026653
2017-03-23;CNY_OIS_RUSFARCNY_10Y;0.02035;0.026618
2017-03-24;CNY_OIS_RUSFARCNY_10Y;0.019853;0.026055
2017-03-27;CNY_OIS_RUSFARCNY_10Y;0.01841;0.025058
2017-03-28;CNY_OIS_RUSFARCNY_10Y;0.018148;0.02464
2017-03-29;CNY_OIS_RUSFARCNY_10Y;0.018864;0.025384
2017-03-30;CNY_OIS_RUSFARCNY_10Y;0.018819;0.025149
2017-03-31;CNY_OIS_RUSFARCNY_10Y;0.019208;0.025388
2017-04-01;CNY_OIS_RUSFARCNY_10Y;0.01885;0.024918
2017-04-05;CNY_OIS_RUSFARCNY_10Y;0.018838;0.024726
2017-04-06;CNY_OIS_RUSFARCNY_10Y;0.019371;0.025197
2017-04-07;CNY_OIS_RUSFARCNY_10Y;0.019006;0.024736
2017-04-10;CNY_OIS_RUSFARCNY_10Y;0.018487;0.024181
2017-04-11;CNY_OIS_RUSFARCNY_10Y;0.018206;0.023782
2017-04-12;CNY_OIS_RUSFARCNY_10Y;0.018086;0.023512
2017-04-13;CNY_OIS_RUSFARCNY_10Y;0.018398;0.02369
2017-04-14;CNY_OIS_RUSFARCNY_10Y;0.018632;0.023776
2017-04-17;CNY_OIS_RUSFARCNY_10Y;0.018854;0.023854
2017-04-18;CNY_OIS_RUSFARCNY_10Y;0.019302;0.024246
2017-04-19;CNY_OIS_RUSFARCNY_10Y;0.020054;0.025274
2017-04-20;CNY_OIS_RUSFARCNY_10Y;0.020355;0.025447
2017-04-21;CNY_OIS_RUSFARCNY_10Y;0.0206;0.025554
2017-04-24;CNY_OIS_RUSFARCNY_10Y;0.021407;0.026735
2017-04-25;CNY_OIS_RUSFARCNY_10Y;0.021812;0.027044
2017-04-26;CNY_OIS_RUSFARCNY_10Y;0.021966;0.027042
2017-04-27;CNY_OIS_RUSFARCNY_10Y;0.022343;0.027325
2017-04-28;CNY_OIS_RUSFARCNY_10Y;0.022669;0.027539
2017-05-02;CNY_OIS_RUSFARCNY_10Y;0.022728;0.02745
2017-05-03;CNY_OIS_RUSFARCNY_10Y;0.023054;0.027676
2017-05-04;CNY_OIS_RUSFARCNY_10Y;0.023178;0.027662
2017-05-05;CNY_OIS_RUSFARCNY_10Y;0.023081;0.027443
2017-05-08;CNY_OIS_RUSFARCNY_10Y;0.02297;0.027218
2017-05-09;CNY_OIS_RUSFARCNY_10Y;0.023054;0.027172
2017-05-10;CNY_OIS_RUSFARCNY_10Y;0.023186;0.027182
2017-05-11;CNY_OIS_RUSFARCNY_10Y;0.0231;0.026988
2017-05-12;CNY_OIS_RUSFARCNY_10Y;0.022923;0.026727
2017-05-15;CNY_OIS_RUSFARCNY_10Y;0.022034;0.026114
2017-05-16;CNY_OIS_RUSFARCNY_10Y;0.022366;0.026382
2017-05-17;CNY_OIS_RUSFARCNY_10Y;0.02249;0.026388
2017-05-18;CNY_OIS_RUSFARCNY_10Y;0.022661;0.026449
2017-05-19;CNY_OIS_RUSFARCNY_10Y;0.022141;0.025987
2017-05-22;CNY_OIS_RUSFARCNY_10Y;0.021736;0.025582
2017-05-23;CNY_OIS_RUSFARCNY_10Y;0.021575;0.025333
2017-05-24;CNY_OIS_RUSFARCNY_10Y;0.021287;0.025001
2017-05-25;CNY_OIS_RUSFARCNY_10Y;0.021218;0.02483
2017-05-26;CNY_OIS_RUSFARCNY_10Y;0.021253;0.024755
2017-05-27;CNY_OIS_RUSFARCNY_10Y;0.021223;0.024625
2017-05-31;CNY_OIS_RUSFARCNY_10Y;0.021579;0.024979
2017-06-01;CNY_OIS_RUSFARCNY_10Y;0.021781;0.025097
2017-06-02;CNY_OIS_RUSFARCNY_10Y;0.022557;0.027177
2017-06-05;CNY_OIS_RUSFARCNY_10Y;0.022827;0.027335
2017-06-06;CNY_OIS_RUSFARCNY_10Y;0.023128;0.027538
2017-06-07;CNY_OIS_RUSFARCNY_10Y;0.022833;0.027175
2017-06-08;CNY_OIS_RUSFARCNY_10Y;0.023004;0.027222
2017-06-09;CNY_OIS_RUSFARCNY_10Y;0.023142;0.027236
2017-06-12;CNY_OIS_RUSFARCNY_10Y;0.023231;0.027201
2017-06-13;CNY_OIS_RUSFARCNY_10Y;0.02331;0.027158
2017-06-14;CNY_OIS_RUSFARCNY_10Y;0.023297;0.027031
2017-06-15;CNY_OIS_RUSFARCNY_10Y;0.023419;0.027043
2017-06-16;CNY_OIS_RUSFARCNY_10Y;0.023668;0.027216
2017-06-19;CNY_OIS_RUSFARCNY_10Y;0.023825;0.027273
2017-06-20;CNY_OIS_RUSFARCNY_10Y;0.02401;0.02737
2017-06-21;CNY_OIS_RUSFARCNY_10Y;0.02417;0.027438
2017-06-22;CNY_OIS_RUSFARCNY_10Y;0.024003;0.027205
2017-06-23;CNY_OIS_RUSFARCNY_10Y;0.023317;0.026711
2017-06-26;CNY_OIS_RUSFARCNY_10Y;0.022116;0.026052
2017-06-27;CNY_OIS_RUSFARCNY_10Y;0.020992;0.025356
2017-06-28;CNY_OIS_RUSFARCNY_10Y;0.020258;0.024762
2017-06-29;CNY_OIS_RUSFARCNY_10Y;0.020108;0.0245
2017-06-30;CNY_OIS_RUSFARCNY_10Y;0.020775;0.025413
2017-07-03;CNY_OIS_RUSFARCNY_10Y;0.021573;0.026655
2017-07-04;CNY_OIS_RUSFARCNY_10Y;0.021322;0.0263
2017-07-05;CNY_OIS_RUSFARCNY_10Y;0.020031;0.025457
2017-07-06;CNY_OIS_RUSFARCNY_10Y;0.019724;0.02505
2017-07-07;CNY_OIS_RUSFARCNY_10Y;0.019657;0.024831
2017-07-10;CNY_OIS_RUSFARCNY_10Y;0.019889;0.024919
2017-07-11;CNY_OIS_RUSFARCNY_10Y;0.020546;0.025702
2017-07-12;CNY_OIS_RUSFARCNY_10Y;0.020858;0.02589
2017-07-13;CNY_OIS_RUSFARCNY_10Y;0.02106;0.025948
2017-07-14;CNY_OIS_RUSFARCNY_10Y;0.020785;0.025583
2017-07-17;CNY_OIS_RUSFARCNY_10Y;0.020916;0.02557
2017-07-18;CNY_OIS_RUSFARCNY_10Y;0.021533;0.026315
2017-07-19;CNY_OIS_RUSFARCNY_10Y;0.021803;0.026465
2017-07-20;CNY_OIS_RUSFARCNY_10Y;0.022159;0.026737
2017-07-21;CNY_OIS_RUSFARCNY_10Y;0.022012;0.026476
2017-07-24;CNY_OIS_RUSFARCNY_10Y;0.021811;0.026177
2017-07-25;CNY_OIS_RUSFARCNY_10Y;0.021943;0.026179
2017-07-26;CNY_OIS_RUSFARCNY_10Y;0.022107;0.026221
2017-07-27;CNY_OIS_RUSFARCNY_10Y;0.022657;0.026891
2017-07-28;CNY_OIS_RUSFARCNY_10Y;0.022986;0.027146
2017-07-31;CNY_OIS_RUSFARCNY_10Y;0.022955;0.026993
2017-08-01;CNY_OIS_RUSFARCNY_10Y;0.023049;0.026965
2017-08-02;CNY_OIS_RUSFARCNY_10Y;0.023317;0.027151
2017-08-03;CNY_OIS_RUSFARCNY_10Y;0.023103;0.026865
2017-08-04;CNY_OIS_RUSFARCNY_10Y;0.022044;0.026204
2017-08-07;CNY_OIS_RUSFARCNY_10Y;0.02225;0.026298
2017-08-08;CNY_OIS_RUSFARCNY_10Y;0.022714;0.026794
2017-08-09;CNY_OIS_RUSFARCNY_10Y;0.022944;0.02692
2017-08-10;CNY_OIS_RUSFARCNY_10Y;0.022955;0.026813
2017-08-11;CNY_OIS_RUSFARCNY_10Y;0.022942;0.026686
2017-08-14;CNY_OIS_RUSFARCNY_10Y;0.022833;0.026481
2017-08-15;CNY_OIS_RUSFARCNY_10Y;0.023104;0.026684
2017-08-16;CNY_OIS_RUSFARCNY_10Y;0.023371;0.026883
2017-08-17;CNY_OIS_RUSFARCNY_10Y;0.023556;0.026976
2017-08-18;CNY_OIS_RUSFARCNY_10Y;0.023611;0.026927
2017-08-21;CNY_OIS_RUSFARCNY_10Y;0.023782;0.02701
2017-08-22;CNY_OIS_RUSFARCNY_10Y;0.023479;0.026691
2017-08-23;CNY_OIS_RUSFARCNY_10Y;0.023776;0.026958
2017-08-24;CNY_OIS_RUSFARCNY_10Y;0.02385;0.026936
2017-08-25;CNY_OIS_RUSFARCNY_10Y;0.023965;0.026963
2017-08-28;CNY_OIS_RUSFARCNY_10Y;0.02397;0.026878
2017-08-29;CNY_OIS_RUSFARCNY_10Y;0.024501;0.027767
2017-08-30;CNY_OIS_RUSFARCNY_10Y;0.024568;0.027734
2017-08-31;CNY_OIS_RUSFARCNY_10Y;0.023349;0.027099
2017-09-01;CNY_OIS_RUSFARCNY_10Y;0.023214;0.026874
2017-09-04;CNY_OIS_RUSFARCNY_10Y;0.022495;0.026333
2017-09-05;CNY_OIS_RUSFARCNY_10Y;0.021457;0.025671
2017-09-06;CNY_OIS_RUSFARCNY_10Y;0.021262;0.025386
2017-09-07;CNY_OIS_RUSFARCNY_10Y;0.021321;0.025319
2017-09-08;CNY_OIS_RUSFARCNY_10Y;0.021335;0.025213
2017-09-11;CNY_OIS_RUSFARCNY_10Y;0.021472;0.025236
2017-09-12;CNY_OIS_RUSFARCNY_10Y;0.021572;0.025222
2017-09-13;CNY_OIS_RUSFARCNY_10Y;0.021644;0.025184
2017-09-14;CNY_OIS_RUSFARCNY_10Y;0.021971;0.025477
2017-09-15;CNY_OIS_RUSFARCNY_10Y;0.022164;0.02558
2017-09-18;CNY_OIS_RUSFARCNY_10Y;0.022676;0.026272
2017-09-19;CNY_OIS_RUSFARCNY_10Y;0.02328;0.027188
2017-09-20;CNY_OIS_RUSFARCNY_10Y;0.022858;0.02677
2017-09-21;CNY_OIS_RUSFARCNY_10Y;0.023065;0.026877
2017-09-22;CNY_OIS_RUSFARCNY_10Y;0.022538;0.02641
2017-09-25;CNY_OIS_RUSFARCNY_10Y;0.022617;0.026371
2017-09-26;CNY_OIS_RUSFARCNY_10Y;0.023246;0.027322
2017-09-27;CNY_OIS_RUSFARCNY_10Y;0.023545;0.027543
2017-09-28;CNY_OIS_RUSFARCNY_10Y;0.024047;0.028121
2017-09-29;CNY_OIS_RUSFARCNY_10Y;0.022582;0.027326
2017-09-30;CNY_OIS_RUSFARCNY_10Y;0.023517;0.029071
2017-10-09;CNY_OIS_RUSFARCNY_10Y;0.020773;0.027855
2017-10-10;CNY_OIS_RUSFARCNY_10Y;0.02086;0.027728
2017-10-11;CNY_OIS_RUSFARCNY_10Y;0.020995;0.027653
2017-10-12;CNY_OIS_RUSFARCNY_10Y;0.020112;0.026856
2017-10-13;CNY_OIS_RUSFARCNY_10Y;0.019639;0.026289
2017-10-16;CNY_OIS_RUSFARCNY_10Y;0.019628;0.02608
2017-10-17;CNY_OIS_RUSFARCNY_10Y;0.019788;0.026046
2017-10-18;CNY_OIS_RUSFARCNY_10Y;0.01984;0.025908
2017-10-19;CNY_OIS_RUSFARCNY_10Y;0.019892;0.025776
2017-10-20;CNY_OIS_RUSFARCNY_10Y;0.01984;0.025552
2017-10-23;CNY_OIS_RUSFARCNY_10Y;0.02027;0.025878
2017-10-24;CNY_OIS_RUSFARCNY_10Y;0.020527;0.025981
2017-10-25;CNY_OIS_RUSFARCNY_10Y;0.020888;0.02622
2017-10-26;CNY_OIS_RUSFARCNY_10Y;0.021243;0.026459
2017-10-27;CNY_OIS_RUSFARCNY_10Y;0.02155;0.02664
2017-10-30;CNY_OIS_RUSFARCNY_10Y;0.021647;0.026581
2017-10-31;CNY_OIS_RUSFARCNY_10Y;0.021875;0.026673
2017-11-01;CNY_OIS_RUSFARCNY_10Y;0.021978;0.02663
2017-11-02;CNY_OIS_RUSFARCNY_10Y;0.020564;0.025784
2017-11-03;CNY_OIS_RUSFARCNY_10Y;0.020093;0.025279
2017-11-06;CNY_OIS_RUSFARCNY_10Y;0.019408;0.02466
2017-11-07;CNY_OIS_RUSFARCNY_10Y;0.019846;0.025022
2017-11-08;CNY_OIS_RUSFARCNY_10Y;0.020306;0.025422
2017-11-09;CNY_OIS_RUSFARCNY_10Y;0.020824;0.025924
2017-11-10;CNY_OIS_RUSFARCNY_10Y;0.021478;0.02669
2017-11-13;CNY_OIS_RUSFARCNY_10Y;0.022129;0.027439
2017-11-14;CNY_OIS_RUSFARCNY_10Y;0.022569;0.027799
2017-11-15;CNY_OIS_RUSFARCNY_10Y;0.022427;0.027521
2017-11-16;CNY_OIS_RUSFARCNY_10Y;0.022443;0.027385
2017-11-17;CNY_OIS_RUSFARCNY_10Y;0.021792;0.026796
2017-11-20;CNY_OIS_RUSFARCNY_10Y;0.022285;0.027263
2017-11-21;CNY_OIS_RUSFARCNY_10Y;0.022568;0.02742
2017-11-22;CNY_OIS_RUSFARCNY_10Y;0.022652;0.027356
2017-11-23;CNY_OIS_RUSFARCNY_10Y;0.022662;0.027226
2017-11-24;CNY_OIS_RUSFARCNY_10Y;0.022671;0.027097
2017-11-27;CNY_OIS_RUSFARCNY_10Y;0.022943;0.027265
2017-11-28;CNY_OIS_RUSFARCNY_10Y;0.022796;0.027012
2017-11-29;CNY_OIS_RUSFARCNY_10Y;0.021296;0.026192
2017-11-30;CNY_OIS_RUSFARCNY_10Y;0.022125;0.027463
2017-12-01;CNY_OIS_RUSFARCNY_10Y;0.02024;0.026428
2017-12-04;CNY_OIS_RUSFARCNY_10Y;0.019875;0.025953
2017-12-05;CNY_OIS_RUSFARCNY_10Y;0.019747;0.025661
2017-12-06;CNY_OIS_RUSFARCNY_10Y;0.019776;0.025512
2017-12-07;CNY_OIS_RUSFARCNY_10Y;0.01998;0.025548
2017-12-08;CNY_OIS_RUSFARCNY_10Y;0.020282;0.025706
2017-12-11;CNY_OIS_RUSFARCNY_10Y;0.021005;0.026583
2017-12-12;CNY_OIS_RUSFARCNY_10Y;0.021434;0.026914
2017-12-13;CNY_OIS_RUSFARCNY_10Y;0.022042;0.027546
2017-12-14;CNY_OIS_RUSFARCNY_10Y;0.02227;0.027618
2017-12-15;CNY_OIS_RUSFARCNY_10Y;0.021404;0.026904
2017-12-18;CNY_OIS_RUSFARCNY_10Y;0.021477;0.026811
2017-12-19;CNY_OIS_RUSFARCNY_10Y;0.02173;0.026918
2017-12-20;CNY_OIS_RUSFARCNY_10Y;0.021696;0.026732
2017-12-21;CNY_OIS_RUSFARCNY_10Y;0.021009;0.026119
2017-12-22;CNY_OIS_RUSFARCNY_10Y;0.020481;0.025587
2017-12-25;CNY_OIS_RUSFARCNY_10Y;0.020079;0.025129
2017-12-26;CNY_OIS_RUSFARCNY_10Y;0.020345;0.025263
2017-12-27;CNY_OIS_RUSFARCNY_10Y;0.021027;0.026121
2017-12-28;CNY_OIS_RUSFARCNY_10Y;0.021164;0.026104
2017-12-29;CNY_OIS_RUSFARCNY_10Y;0.022224;0.028404
2018-01-02;CNY_OIS_RUSFARCNY_10Y;0.019811;0.027157
2018-01-03;CNY_OIS_RUSFARCNY_10Y;0.018826;0.026272
2018-01-04;CNY_OIS_RUSFARCNY_10Y;0.018291;0.025637
2018-01-05;CNY_OIS_RUSFARCNY_10Y;0.018184;0.025324
2018-01-08;CNY_OIS_RUSFARCNY_10Y;0.018053;0.024995
2018-01-09;CNY_OIS_RUSFARCNY_10Y;0.018747;0.025661
2018-01-10;CNY_OIS_RUSFARCNY_10Y;0.01974;0.026948
2018-01-11;CNY_OIS_RUSFARCNY_10Y;0.021107;0.029361
2018-01-12;CNY_OIS_RUSFARCNY_10Y;0.021213;0.029215
2018-01-15;CNY_OIS_RUSFARCNY_10Y;0.020952;0.028756
2018-01-16;CNY_OIS_RUSFARCNY_10Y;0.020979;0.028549
2018-01-17;CNY_OIS_RUSFARCNY_10Y;0.020887;0.028241
2018-01-18;CNY_OIS_RUSFARCNY_10Y;0.021004;0.028134
2018-01-19;CNY_OIS_RUSFARCNY_10Y;0.021722;0.028826
2018-01-22;CNY_OIS_RUSFARCNY_10Y;0.021099;0.028149
2018-01-23;CNY_OIS_RUSFARCNY_10Y;0.018992;0.026876
2018-01-24;CNY_OIS_RUSFARCNY_10Y;0.018818;0.02649
2018-01-25;CNY_OIS_RUSFARCNY_10Y;0.018827;0.026269
2018-01-26;CNY_OIS_RUSFARCNY_10Y;0.018809;0.026031
2018-01-29;CNY_OIS_RUSFARCNY_10Y;0.019069;0.026079
2018-01-30;CNY_OIS_RUSFARCNY_10Y;0.019053;0.025855
2018-01-31;CNY_OIS_RUSFARCNY_10Y;0.019524;0.026184
2018-02-01;CNY_OIS_RUSFARCNY_10Y;0.018713;0.025423
2018-02-02;CNY_OIS_RUSFARCNY_10Y;0.018834;0.02534
2018-02-05;CNY_OIS_RUSFARCNY_10Y;0.019061;0.025377
2018-02-06;CNY_OIS_RUSFARCNY_10Y;0.019241;0.025367
2018-02-07;CNY_OIS_RUSFARCNY_10Y;0.019631;0.025617
2018-02-08;CNY_OIS_RUSFARCNY_10Y;0.019732;0.025536
2018-02-09;CNY_OIS_RUSFARCNY_10Y;0.019984;0.025624
2018-02-11;CNY_OIS_RUSFARCNY_10Y;0.020251;0.025737
2018-02-12;CNY_OIS_RUSFARCNY_10Y;0.020091;0.025437
2018-02-13;CNY_OIS_RUSFARCNY_10Y;0.020192;0.025376
2018-02-14;CNY_OIS_RUSFARCNY_10Y;0.021176;0.027112
2018-02-22;CNY_OIS_RUSFARCNY_10Y;0.020154;0.026294
2018-02-23;CNY_OIS_RUSFARCNY_10Y;0.019881;0.025887
2018-02-24;CNY_OIS_RUSFARCNY_10Y;0.019571;0.025457
2018-02-26;CNY_OIS_RUSFARCNY_10Y;0.019768;0.02548
2018-02-27;CNY_OIS_RUSFARCNY_10Y;0.019753;0.025295
2018-02-28;CNY_OIS_RUSFARCNY_10Y;0.02081;0.027178
2018-03-01;CNY_OIS_RUSFARCNY_10Y;0.020731;0.026917
2018-03-02;CNY_OIS_RUSFARCNY_10Y;0.021497;0.027791
2018-03-05;CNY_OIS_RUSFARCNY_10Y;0.020075;0.026793
2018-03-06;CNY_OIS_RUSFARCNY_10Y;0.019802;0.026366
2018-03-07;CNY_OIS_RUSFARCNY_10Y;0.019639;0.026029
2018-03-08;CNY_OIS_RUSFARCNY_10Y;0.019505;0.025723
2018-03-09;CNY_OIS_RUSFARCNY_10Y;0.01963;0.025658
2018-03-12;CNY_OIS_RUSFARCNY_10Y;0.019848;0.0257
2018-03-13;CNY_OIS_RUSFARCNY_10Y;0.020386;0.026182
2018-03-14;CNY_OIS_RUSFARCNY_10Y;0.020434;0.026054
2018-03-15;CNY_OIS_RUSFARCNY_10Y;0.020509;0.025959
2018-03-16;CNY_OIS_RUSFARCNY_10Y;0.020079;0.025469
2018-03-19;CNY_OIS_RUSFARCNY_10Y;0.019895;0.025153
2018-03-20;CNY_OIS_RUSFARCNY_10Y;0.019945;0.025043
2018-03-21;CNY_OIS_RUSFARCNY_10Y;0.020032;0.024976
2018-03-22;CNY_OIS_RUSFARCNY_10Y;0.020005;0.024803
2018-03-23;CNY_OIS_RUSFARCNY_10Y;0.020037;0.024691
2018-03-26;CNY_OIS_RUSFARCNY_10Y;0.020088;0.0246
2018-03-27;CNY_OIS_RUSFARCNY_10Y;0.020585;0.025113
2018-03-28;CNY_OIS_RUSFARCNY_10Y;0.020638;0.02503
2018-03-29;CNY_OIS_RUSFARCNY_10Y;0.020591;0.024857
2018-03-30;CNY_OIS_RUSFARCNY_10Y;0.021389;0.026239
2018-04-02;CNY_OIS_RUSFARCNY_10Y;0.020654;0.025614
2018-04-03;CNY_OIS_RUSFARCNY_10Y;0.020186;0.025122
2018-04-04;CNY_OIS_RUSFARCNY_10Y;0.018918;0.02429
2018-04-08;CNY_OIS_RUSFARCNY_10Y;0.018756;0.023992
2018-04-09;CNY_OIS_RUSFARCNY_10Y;0.019483;0.024905
2018-04-10;CNY_OIS_RUSFARCNY_10Y;0.019782;0.025066
2018-04-11;CNY_OIS_RUSFARCNY_10Y;0.01996;0.025088
2018-04-12;CNY_OIS_RUSFARCNY_10Y;0.019997;0.024971
2018-04-13;CNY_OIS_RUSFARCNY_10Y;0.020073;0.024895
2018-04-16;CNY_OIS_RUSFARCNY_10Y;0.020379;0.025089
2018-04-17;CNY_OIS_RUSFARCNY_10Y;0.021085;0.026043
2018-04-18;CNY_OIS_RUSFARCNY_10Y;0.021295;0.026113
2018-04-19;CNY_OIS_RUSFARCNY_10Y;0.021826;0.026662
2018-04-20;CNY_OIS_RUSFARCNY_10Y;0.022034;0.026734
2018-04-23;CNY_OIS_RUSFARCNY_10Y;0.02186;0.026448
2018-04-24;CNY_OIS_RUSFARCNY_10Y;0.022045;0.026503
2018-04-25;CNY_OIS_RUSFARCNY_10Y;0.022031;0.026357
2018-04-26;CNY_OIS_RUSFARCNY_10Y;0.022423;0.026705
2018-04-27;CNY_OIS_RUSFARCNY_10Y;0.023369;0.028879
2018-04-28;CNY_OIS_RUSFARCNY_10Y;0.022255;0.028053
2018-05-02;CNY_OIS_RUSFARCNY_10Y;0.021054;0.027174
2018-05-03;CNY_OIS_RUSFARCNY_10Y;0.020723;0.026725
2018-05-04;CNY_OIS_RUSFARCNY_10Y;0.019774;0.025934
2018-05-07;CNY_OIS_RUSFARCNY_10Y;0.019744;0.025724
2018-05-08;CNY_OIS_RUSFARCNY_10Y;0.019764;0.025564
2018-05-09;CNY_OIS_RUSFARCNY_10Y;0.019231;0.024997
2018-05-10;CNY_OIS_RUSFARCNY_10Y;0.019206;0.024802
2018-05-11;CNY_OIS_RUSFARCNY_10Y;0.019059;0.024509
2018-05-14;CNY_OIS_RUSFARCNY_10Y;0.01986;0.025568
2018-05-15;CNY_OIS_RUSFARCNY_10Y;0.020467;0.026181
2018-05-16;CNY_OIS_RUSFARCNY_10Y;0.021447;0.027701
2018-05-17;CNY_OIS_RUSFARCNY_10Y;0.019272;0.026496
2018-05-18;CNY_OIS_RUSFARCNY_10Y;0.019019;0.026069
2018-05-21;CNY_OIS_RUSFARCNY_10Y;0.018741;0.025627
2018-05-22;CNY_OIS_RUSFARCNY_10Y;0.018826;0.025502
2018-05-23;CNY_OIS_RUSFARCNY_10Y;0.018977;0.025451
2018-05-24;CNY_OIS_RUSFARCNY_10Y;0.019076;0.025352
2018-05-25;CNY_OIS_RUSFARCNY_10Y;0.019151;0.025237
2018-05-28;CNY_OIS_RUSFARCNY_10Y;0.019293;0.025195
2018-05-29;CNY_OIS_RUSFARCNY_10Y;0.020582;0.028086
2018-05-30;CNY_OIS_RUSFARCNY_10Y;0.021759;0.029749
2018-05-31;CNY_OIS_RUSFARCNY_10Y;0.021302;0.029146
2018-06-01;CNY_OIS_RUSFARCNY_10Y;0.021106;0.028742
2018-06-04;CNY_OIS_RUSFARCNY_10Y;0.018521;0.027287
2018-06-05;CNY_OIS_RUSFARCNY_10Y;0.018501;0.027007
2018-06-06;CNY_OIS_RUSFARCNY_10Y;0.018402;0.026666
2018-06-07;CNY_OIS_RUSFARCNY_10Y;0.018458;0.02647
2018-06-08;CNY_OIS_RUSFARCNY_10Y;0.018658;0.02643
2018-06-11;CNY_OIS_RUSFARCNY_10Y;0.018875;0.026413
2018-06-12;CNY_OIS_RUSFARCNY_10Y;0.019098;0.02641
2018-06-13;CNY_OIS_RUSFARCNY_10Y;0.019259;0.026349
2018-06-14;CNY_OIS_RUSFARCNY_10Y;0.019386;0.026262
2018-06-15;CNY_OIS_RUSFARCNY_10Y;0.019501;0.026167
2018-06-19;CNY_OIS_RUSFARCNY_10Y;0.019583;0.026045
2018-06-20;CNY_OIS_RUSFARCNY_10Y;0.019953;0.026255
2018-06-21;CNY_OIS_RUSFARCNY_10Y;0.019774;0.025914
2018-06-22;CNY_OIS_RUSFARCNY_10Y;0.019796;0.025752
2018-06-25;CNY_OIS_RUSFARCNY_10Y;0.019656;0.025452
2018-06-26;CNY_OIS_RUSFARCNY_10Y;0.019234;0.024954
2018-06-27;CNY_OIS_RUSFARCNY_10Y;0.018464;0.024264
2018-06-28;CNY_OIS_RUSFARCNY_10Y;0.016459;0.023149
2018-06-29;CNY_OIS_RUSFARCNY_10Y;0.018092;0.028296
2018-07-02;CNY_OIS_RUSFARCNY_10Y;0.016998;0.02721
2018-07-03;CNY_OIS_RUSFARCNY_10Y;0.016031;0.026197
2018-07-04;CNY_OIS_RUSFARCNY_10Y;0.013347;0.024461
2018-07-05;CNY_OIS_RUSFARCNY_10Y;0.012791;0.023677
2018-07-06;CNY_OIS_RUSFARCNY_10Y;0.010969;0.022199
2018-07-09;CNY_OIS_RUSFARCNY_10Y;0.011373;0.022275
2018-07-10;CNY_OIS_RUSFARCNY_10Y;0.013552;0.026436
2018-07-11;CNY_OIS_RUSFARCNY_10Y;0.014625;0.027323
2018-07-12;CNY_OIS_RUSFARCNY_10Y;0.015557;0.028011
2018-07-13;CNY_OIS_RUSFARCNY_10Y;0.015676;0.027752
2018-07-16;CNY_OIS_RUSFARCNY_10Y;0.016562;0.028406
2018-07-17;CNY_OIS_RUSFARCNY_10Y;0.017069;0.028579
2018-07-18;CNY_OIS_RUSFARCNY_10Y;0.016532;0.027796
2018-07-19;CNY_OIS_RUSFARCNY_10Y;0.015469;0.026679
2018-07-20;CNY_OIS_RUSFARCNY_10Y;0.014879;0.025869
2018-07-23;CNY_OIS_RUSFARCNY_10Y;0.015203;0.025865
2018-07-24;CNY_OIS_RUSFARCNY_10Y;0.015274;0.025614
2018-07-25;CNY_OIS_RUSFARCNY_10Y;0.015392;0.025416
2018-07-26;CNY_OIS_RUSFARCNY_10Y;0.015254;0.024994
2018-07-27;CNY_OIS_RUSFARCNY_10Y;0.015012;0.024496
2018-07-30;CNY_OIS_RUSFARCNY_10Y;0.014189;0.023599
2018-07-31;CNY_OIS_RUSFARCNY_10Y;0.012762;0.022386
2018-08-01;CNY_OIS_RUSFARCNY_10Y;0.012508;0.02188
2018-08-02;CNY_OIS_RUSFARCNY_10Y;0.012021;0.021207
2018-08-03;CNY_OIS_RUSFARCNY_10Y;0.010734;0.020074
2018-08-06;CNY_OIS_RUSFARCNY_10Y;0.010563;0.019645
2018-08-07;CNY_OIS_RUSFARCNY_10Y;0.008033;0.018055
2018-08-08;CNY_OIS_RUSFARCNY_10Y;0.005792;0.016476
2018-08-09;CNY_OIS_RUSFARCNY_10Y;0.007458;0.01881
2018-08-10;CNY_OIS_RUSFARCNY_10Y;0.009182;0.021166
2018-08-13;CNY_OIS_RUSFARCNY_10Y;0.011345;0.024743
2018-08-14;CNY_OIS_RUSFARCNY_10Y;0.013236;0.027152
2018-08-15;CNY_OIS_RUSFARCNY_10Y;0.013615;0.027113
2018-08-16;CNY_OIS_RUSFARCNY_10Y;0.015202;0.028846
2018-08-17;CNY_OIS_RUSFARCNY_10Y;0.016051;0.029377
2018-08-20;CNY_OIS_RUSFARCNY_10Y;0.016683;0.029645
2018-08-21;CNY_OIS_RUSFARCNY_10Y;0.016989;0.029559
2018-08-22;CNY_OIS_RUSFARCNY_10Y;0.016095;0.028493
2018-08-23;CNY_OIS_RUSFARCNY_10Y;0.015365;0.027543
2018-08-24;CNY_OIS_RUSFARCNY_10Y;0.014887;0.026781
2018-08-27;CNY_OIS_RUSFARCNY_10Y;0.015521;0.027107
2018-08-28;CNY_OIS_RUSFARCNY_10Y;0.01555;0.026788
2018-08-29;CNY_OIS_RUSFARCNY_10Y;0.015345;0.026273
2018-08-30;CNY_OIS_RUSFARCNY_10Y;0.014228;0.02514
2018-08-31;CNY_OIS_RUSFARCNY_10Y;0.014701;0.025307
2018-09-03;CNY_OIS_RUSFARCNY_10Y;0.014529;0.024839
2018-09-04;CNY_OIS_RUSFARCNY_10Y;0.013776;0.023952
2018-09-05;CNY_OIS_RUSFARCNY_10Y;0.013608;0.0235
2018-09-06;CNY_OIS_RUSFARCNY_10Y;0.015714;0.027994
2018-09-07;CNY_OIS_RUSFARCNY_10Y;0.016766;0.028882
2018-09-10;CNY_OIS_RUSFARCNY_10Y;0.016767;0.028521
2018-09-11;CNY_OIS_RUSFARCNY_10Y;0.017112;0.028516
2018-09-12;CNY_OIS_RUSFARCNY_10Y;0.016943;0.028025
2018-09-13;CNY_OIS_RUSFARCNY_10Y;0.016832;0.027596
2018-09-14;CNY_OIS_RUSFARCNY_10Y;0.016564;0.027044
2018-09-17;CNY_OIS_RUSFARCNY_10Y;0.016487;0.026661
2018-09-18;CNY_OIS_RUSFARCNY_10Y;0.01806;0.028848
2018-09-19;CNY_OIS_RUSFARCNY_10Y;0.017196;0.027872
2018-09-20;CNY_OIS_RUSFARCNY_10Y;0.016905;0.027303
2018-09-21;CNY_OIS_RUSFARCNY_10Y;0.017013;0.027095
2018-09-25;CNY_OIS_RUSFARCNY_10Y;0.017445;0.027243
2018-09-26;CNY_OIS_RUSFARCNY_10Y;0.017693;0.027195
2018-09-27;CNY_OIS_RUSFARCNY_10Y;0.016782;0.026246
2018-09-28;CNY_OIS_RUSFARCNY_10Y;0.016773;0.025955
2018-09-29;CNY_OIS_RUSFARCNY_10Y;0.01144;0.023848
2018-09-30;CNY_OIS_RUSFARCNY_10Y;0.014411;0.032477
2018-10-08;CNY_OIS_RUSFARCNY_10Y;0.013411;0.031137
2018-10-09;CNY_OIS_RUSFARCNY_10Y;0.013332;0.030536
2018-10-10;CNY_OIS_RUSFARCNY_10Y;0.012467;0.029321
2018-10-11;CNY_OIS_RUSFARCNY_10Y;0.012332;0.028696
2018-10-12;CNY_OIS_RUSFARCNY_10Y;0.013318;0.02929
2018-10-15;CNY_OIS_RUSFARCNY_10Y;0.012908;0.02846
2018-10-16;CNY_OIS_RUSFARCNY_10Y;0.013105;0.028183
2018-10-17;CNY_OIS_RUSFARCNY_10Y;0.013131;0.027757
2018-10-18;CNY_OIS_RUSFARCNY_10Y;0.014042;0.028326
2018-10-19;CNY_OIS_RUSFARCNY_10Y;0.014436;0.028292
2018-10-22;CNY_OIS_RUSFARCNY_10Y;0.014938;0.02839
2018-10-23;CNY_OIS_RUSFARCNY_10Y;0.014897;0.027951
2018-10-24;CNY_OIS_RUSFARCNY_10Y;0.01448;0.027208
2018-10-25;CNY_OIS_RUSFARCNY_10Y;0.012557;0.025571
2018-10-26;CNY_OIS_RUSFARCNY_10Y;0.011045;0.024123
2018-10-29;CNY_OIS_RUSFARCNY_10Y;0.008619;0.022249
2018-10-30;CNY_OIS_RUSFARCNY_10Y;0.005178;0.01997
2018-10-31;CNY_OIS_RUSFARCNY_10Y;0.008838;0.03239
2018-11-01;CNY_OIS_RUSFARCNY_10Y;0.010783;0.033985
2018-11-02;CNY_OIS_RUSFARCNY_10Y;0.010407;0.032961
2018-11-05;CNY_OIS_RUSFARCNY_10Y;0.010314;0.032204
2018-11-06;CNY_OIS_RUSFARCNY_10Y;0.008832;0.030396
2018-11-07;CNY_OIS_RUSFARCNY_10Y;0.007161;0.028479
2018-11-08;CNY_OIS_RUSFARCNY_10Y;0.006277;0.027111
2018-11-09;CNY_OIS_RUSFARCNY_10Y;0.00717;0.027418
2018-11-12;CNY_OIS_RUSFARCNY_10Y;0.009696;0.030312
2018-11-13;CNY_OIS_RUSFARCNY_10Y;0.011431;0.031757
2018-11-14;CNY_OIS_RUSFARCNY_10Y;0.010171;0.030157
2018-11-15;CNY_OIS_RUSFARCNY_10Y;0.010614;0.029994
2018-11-16;CNY_OIS_RUSFARCNY_10Y;0.010969;0.029759
2018-11-19;CNY_OIS_RUSFARCNY_10Y;0.013006;0.031842
2018-11-20;CNY_OIS_RUSFARCNY_10Y;0.013848;0.03216
2018-11-21;CNY_OIS_RUSFARCNY_10Y;0.01382;0.031588
2018-11-22;CNY_OIS_RUSFARCNY_10Y;0.012743;0.030205
2018-11-23;CNY_OIS_RUSFARCNY_10Y;0.01193;0.029018
2018-11-26;CNY_OIS_RUSFARCNY_10Y;0.013447;0.030341
2018-11-27;CNY_OIS_RUSFARCNY_10Y;0.014257;0.030691
2018-11-28;CNY_OIS_RUSFARCNY_10Y;0.014335;0.030273
2018-11-29;CNY_OIS_RUSFARCNY_10Y;0.011164;0.027904
2018-11-30;CNY_OIS_RUSFARCNY_10Y;0.014096;0.032572
2018-12-03;CNY_OIS_RUSFARCNY_10Y;0.012986;0.031142
2018-12-04;CNY_OIS_RUSFARCNY_10Y;0.012525;0.030203
2018-12-05;CNY_OIS_RUSFARCNY_10Y;0.010769;0.028399
2018-12-06;CNY_OIS_RUSFARCNY_10Y;0.012369;0.029819
2018-12-07;CNY_OIS_RUSFARCNY_10Y;0.012615;0.029533
2018-12-10;CNY_OIS_RUSFARCNY_10Y;0.013231;0.029657
2018-12-11;CNY_OIS_RUSFARCNY_10Y;0.013581;0.029507
2018-12-12;CNY_OIS_RUSFARCNY_10Y;0.01342;0.028888
2018-12-13;CNY_OIS_RUSFARCNY_10Y;0.014525;0.029683
2018-12-14;CNY_OIS_RUSFARCNY_10Y;0.015948;0.03098
2018-12-17;CNY_OIS_RUSFARCNY_10Y;0.015868;0.03046
2018-12-18;CNY_OIS_RUSFARCNY_10Y;0.016512;0.030696
2018-12-19;CNY_OIS_RUSFARCNY_10Y;0.016576;0.030332
2018-12-20;CNY_OIS_RUSFARCNY_10Y;0.015839;0.029329
2018-12-21;CNY_OIS_RUSFARCNY_10Y;0.015167;0.028381
2018-12-24;CNY_OIS_RUSFARCNY_10Y;0.013371;0.026777
2018-12-25;CNY_OIS_RUSFARCNY_10Y;0.009884;0.024504
2018-12-26;CNY_OIS_RUSFARCNY_10Y;0.010117;0.024291
2018-12-27;CNY_OIS_RUSFARCNY_10Y;0.007446;0.022242
2018-12-28;CNY_OIS_RUSFARCNY_10Y;0.003519;0.019709
2018-12-29;CNY_OIS_RUSFARCNY_10Y;0.007614;0.037294
2019-01-02;CNY_OIS_RUSFARCNY_10Y;0.005226;0.034602
2019-01-03;CNY_OIS_RUSFARCNY_10Y;0.001841;0.031347
2019-01-04;CNY_OIS_RUSFARCNY_10Y;-0.001372;0.02818
2019-01-07;CNY_OIS_RUSFARCNY_10Y;-0.003133;0.025901
2019-01-08;CNY_OIS_RUSFARCNY_10Y;-0.003026;0.025134
2019-01-09;CNY_OIS_RUSFARCNY_10Y;-0.001183;0.026351
2019-01-10;CNY_OIS_RUSFARCNY_10Y;0.000841;0.027847
2019-01-11;CNY_OIS_RUSFARCNY_10Y;0.000896;0.027092
2019-01-14;CNY_OIS_RUSFARCNY_10Y;0.002842;0.028546
2019-01-15;CNY_OIS_RUSFARCNY_10Y;0.006194;0.032534
2019-01-16;CNY_OIS_RUSFARCNY_10Y;0.007186;0.032762
2019-01-17;CNY_OIS_RUSFARCNY_10Y;0.007094;0.031914
2019-01-18;CNY_OIS_RUSFARCNY_10Y;0.00663;0.030768
2019-01-21;CNY_OIS_RUSFARCNY_10Y;0.007591;0.031037
2019-01-22;CNY_OIS_RUSFARCNY_10Y;0.007978;0.03071
2019-01-23;CNY_OIS_RUSFARCNY_10Y;0.008335;0.030373
2019-01-24;CNY_OIS_RUSFARCNY_10Y;0.008858;0.03023
2019-01-25;CNY_OIS_RUSFARCNY_10Y;0.01011;0.030958
2019-01-28;CNY_OIS_RUSFARCNY_10Y;0.008561;0.029147
2019-01-29;CNY_OIS_RUSFARCNY_10Y;0.007624;0.027764
2019-01-30;CNY_OIS_RUSFARCNY_10Y;0.007132;0.026738
2019-01-31;CNY_OIS_RUSFARCNY_10Y;0.009402;0.029186
2019-02-01;CNY_OIS_RUSFARCNY_10Y;0.00819;0.027638
2019-02-02;CNY_OIS_RUSFARCNY_10Y;0.009936;0.029172
2019-02-03;CNY_OIS_RUSFARCNY_10Y;0.008222;0.027326
2019-02-11;CNY_OIS_RUSFARCNY_10Y;0.010073;0.029055
2019-02-12;CNY_OIS_RUSFARCNY_10Y;0.007441;0.026727
2019-02-13;CNY_OIS_RUSFARCNY_10Y;0.004176;0.024092
2019-02-14;CNY_OIS_RUSFARCNY_10Y;0.00447;0.023778
2019-02-15;CNY_OIS_RUSFARCNY_10Y;0.004683;0.023405
2019-02-18;CNY_OIS_RUSFARCNY_10Y;0.005974;0.024302
2019-02-19;CNY_OIS_RUSFARCNY_10Y;0.007542;0.025626
2019-02-20;CNY_OIS_RUSFARCNY_10Y;0.006589;0.024319
2019-02-21;CNY_OIS_RUSFARCNY_10Y;0.008379;0.026049
2019-02-22;CNY_OIS_RUSFARCNY_10Y;0.011473;0.030975
2019-02-25;CNY_OIS_RUSFARCNY_10Y;0.013297;0.032631
2019-02-26;CNY_OIS_RUSFARCNY_10Y;0.014519;0.033409
2019-02-27;CNY_OIS_RUSFARCNY_10Y;0.014278;0.03263
2019-02-28;CNY_OIS_RUSFARCNY_10Y;0.01382;0.031688
2019-03-01;CNY_OIS_RUSFARCNY_10Y;0.008471;0.028457
2019-03-04;CNY_OIS_RUSFARCNY_10Y;0.006218;0.02627
2019-03-05;CNY_OIS_RUSFARCNY_10Y;0.009111;0.030037
2019-03-06;CNY_OIS_RUSFARCNY_10Y;0.007268;0.02804
2019-03-07;CNY_OIS_RUSFARCNY_10Y;0.007443;0.027585
2019-03-08;CNY_OIS_RUSFARCNY_10Y;0.007618;0.02715
2019-03-11;CNY_OIS_RUSFARCNY_10Y;0.008352;0.027316
2019-03-12;CNY_OIS_RUSFARCNY_10Y;0.010839;0.030289
2019-03-13;CNY_OIS_RUSFARCNY_10Y;0.007706;0.027702
2019-03-14;CNY_OIS_RUSFARCNY_10Y;0.009956;0.030072
2019-03-15;CNY_OIS_RUSFARCNY_10Y;0.012921;0.034007
2019-03-18;CNY_OIS_RUSFARCNY_10Y;0.014185;0.034763
2019-03-19;CNY_OIS_RUSFARCNY_10Y;0.013544;0.033604
2019-03-20;CNY_OIS_RUSFARCNY_10Y;0.014313;0.033795
2019-03-21;CNY_OIS_RUSFARCNY_10Y;0.01406;0.032988
2019-03-22;CNY_OIS_RUSFARCNY_10Y;0.013926;0.032302
2019-03-25;CNY_OIS_RUSFARCNY_10Y;0.013301;0.031227
2019-03-26;CNY_OIS_RUSFARCNY_10Y;0.013162;0.030566
2019-03-27;CNY_OIS_RUSFARCNY_10Y;0.010995;0.028553
2019-03-28;CNY_OIS_RUSFARCNY_10Y;0.008349;0.026299
2019-03-29;CNY_OIS_RUSFARCNY_10Y;0.011652;0.031896
2019-04-01;CNY_OIS_RUSFARCNY_10Y;0.010051;0.030077
2019-04-02;CNY_OIS_RUSFARCNY_10Y;0.005908;0.02704
2019-04-03;CNY_OIS_RUSFARCNY_10Y;0.002749;0.024339
2019-04-04;CNY_OIS_RUSFARCNY_10Y;0.000235;0.021933
2019-04-08;CNY_OIS_RUSFARCNY_10Y;0.000674;0.021714
2019-04-09;CNY_OIS_RUSFARCNY_10Y;0.00382;0.025948
2019-04-10;CNY_OIS_RUSFARCNY_10Y;0.007599;0.031789
2019-04-11;CNY_OIS_RUSFARCNY_10Y;0.011391;0.037137
2019-04-12;CNY_OIS_RUSFARCNY_10Y;0.010916;0.035952
2019-04-15;CNY_OIS_RUSFARCNY_10Y;0.012631;0.037137
2019-04-16;CNY_OIS_RUSFARCNY_10Y;0.013822;0.037666
2019-04-17;CNY_OIS_RUSFARCNY_10Y;0.015259;0.038529
2019-04-18;CNY_OIS_RUSFARCNY_10Y;0.013548;0.03652
2019-04-19;CNY_OIS_RUSFARCNY_10Y;0.01225;0.034798
2019-04-22;CNY_OIS_RUSFARCNY_10Y;0.011487;0.033481
2019-04-23;CNY_OIS_RUSFARCNY_10Y;0.014077;0.036311
2019-04-24;CNY_OIS_RUSFARCNY_10Y;0.01362;0.035248
2019-04-25;CNY_OIS_RUSFARCNY_10Y;0.014272;0.035256
2019-04-26;CNY_OIS_RUSFARCNY_10Y;0.011162;0.032586
2019-04-28;CNY_OIS_RUSFARCNY_10Y;0.006109;0.029119
2019-04-29;CNY_OIS_RUSFARCNY_10Y;0.00196;0.025868
2019-04-30;CNY_OIS_RUSFARCNY_10Y;0.005346;0.030202
2019-05-05;CNY_OIS_RUSFARCNY_10Y;0.002284;0.027344
2019-05-06;CNY_OIS_RUSFARCNY_10Y;0.001064;0.025604
2019-05-07;CNY_OIS_RUSFARCNY_10Y;-0.001424;0.023072
2019-05-08;CNY_OIS_RUSFARCNY_10Y;-0.003901;0.020549
2019-05-09;CNY_OIS_RUSFARCNY_10Y;-0.000572;0.02466
2019-05-10;CNY_OIS_RUSFARCNY_10Y;0.002413;0.027935
2019-05-13;CNY_OIS_RUSFARCNY_10Y;0.005521;0.031427
2019-05-14;CNY_OIS_RUSFARCNY_10Y;0.008131;0.033943
2019-05-15;CNY_OIS_RUSFARCNY_10Y;0.009656;0.03484
2019-05-16;CNY_OIS_RUSFARCNY_10Y;0.007168;0.03228
2019-05-17;CNY_OIS_RUSFARCNY_10Y;0.005961;0.030547
2019-05-20;CNY_OIS_RUSFARCNY_10Y;0.009742;0.035776
2019-05-21;CNY_OIS_RUSFARCNY_10Y;0.011648;0.03718
2019-05-22;CNY_OIS_RUSFARCNY_10Y;0.010679;0.035609
2019-05-23;CNY_OIS_RUSFARCNY_10Y;0.010661;0.034847
2019-05-24;CNY_OIS_RUSFARCNY_10Y;0.008277;0.032391
2019-05-27;CNY_OIS_RUSFARCNY_10Y;0.011293;0.035855
2019-05-28;CNY_OIS_RUSFARCNY_10Y;0.012557;0.036471
2019-05-29;CNY_OIS_RUSFARCNY_10Y;0.009817;0.033831
2019-05-30;CNY_OIS_RUSFARCNY_10Y;0.004943;0.030225
2019-05-31;CNY_OIS_RUSFARCNY_10Y;0.00651;0.031198
2019-06-03;CNY_OIS_RUSFARCNY_10Y;0.004772;0.029116
2019-06-04;CNY_OIS_RUSFARCNY_10Y;0.002098;0.02649
2019-06-05;CNY_OIS_RUSFARCNY_10Y;0.0009;0.024788
2019-06-06;CNY_OIS_RUSFARCNY_10Y;0.000514;0.023734
2019-06-10;CNY_OIS_RUSFARCNY_10Y;0.003513;0.027275
2019-06-11;CNY_OIS_RUSFARCNY_10Y;0.005682;0.029206
2019-06-12;CNY_OIS_RUSFARCNY_10Y;0.004823;0.027785
2019-06-13;CNY_OIS_RUSFARCNY_10Y;0.005022;0.027286
2019-06-14;CNY_OIS_RUSFARCNY_10Y;0.003101;0.025187
2019-06-17;CNY_OIS_RUSFARCNY_10Y;0.004179;0.025669
2019-06-18;CNY_OIS_RUSFARCNY_10Y;0.00225;0.023598
2019-06-19;CNY_OIS_RUSFARCNY_10Y;0.000882;0.021886
2019-06-20;CNY_OIS_RUSFARCNY_10Y;-0.000985;0.019873
2019-06-21;CNY_OIS_RUSFARCNY_10Y;-0.002209;0.018277
2019-06-24;CNY_OIS_RUSFARCNY_10Y;-0.003102;0.01693
2019-06-25;CNY_OIS_RUSFARCNY_10Y;-0.00257;0.016858
2019-06-26;CNY_OIS_RUSFARCNY_10Y;-0.002602;0.01625
2019-06-27;CNY_OIS_RUSFARCNY_10Y;-0.002616;0.015674
2019-06-28;CNY_OIS_RUSFARCNY_10Y;0.00056;0.020678
2019-07-01;CNY_OIS_RUSFARCNY_10Y;-0.002815;0.017943
2019-07-02;CNY_OIS_RUSFARCNY_10Y;-0.00416;0.016268
2019-07-03;CNY_OIS_RUSFARCNY_10Y;-0.004229;0.015597
2019-07-04;CNY_OIS_RUSFARCNY_10Y;-0.004264;0.014972
2019-07-05;CNY_OIS_RUSFARCNY_10Y;-0.002178;0.017106
2019-07-08;CNY_OIS_RUSFARCNY_10Y;0.000975;0.021753
2019-07-09;CNY_OIS_RUSFARCNY_10Y;0.003875;0.025413
2019-07-10;CNY_OIS_RUSFARCNY_10Y;0.004602;0.025506
2019-07-11;CNY_OIS_RUSFARCNY_10Y;0.006537;0.027251
2019-07-12;CNY_OIS_RUSFARCNY_10Y;0.008852;0.029676
2019-07-15;CNY_OIS_RUSFARCNY_10Y;0.012059;0.034119
2019-07-16;CNY_OIS_RUSFARCNY_10Y;0.013398;0.03493
2019-07-17;CNY_OIS_RUSFARCNY_10Y;0.013584;0.034464
2019-07-18;CNY_OIS_RUSFARCNY_10Y;0.014488;0.03478
2019-07-19;CNY_OIS_RUSFARCNY_10Y;0.015326;0.035042
2019-07-22;CNY_OIS_RUSFARCNY_10Y;0.013881;0.033343
2019-07-23;CNY_OIS_RUSFARCNY_10Y;0.013017;0.032051
2019-07-24;CNY_OIS_RUSFARCNY_10Y;0.012449;0.030999
2019-07-25;CNY_OIS_RUSFARCNY_10Y;0.014041;0.032347
2019-07-26;CNY_OIS_RUSFARCNY_10Y;0.014399;0.032149
2019-07-29;CNY_OIS_RUSFARCNY_10Y;0.014599;0.031809
2019-07-30;CNY_OIS_RUSFARCNY_10Y;0.014781;0.031467
2019-07-31;CNY_OIS_RUSFARCNY_10Y;0.015241;0.031427
2019-08-01;CNY_OIS_RUSFARCNY_10Y;0.015407;0.031101
2019-08-02;CNY_OIS_RUSFARCNY_10Y;0.015646;0.030862
2019-08-05;CNY_OIS_RUSFARCNY_10Y;0.014904;0.029804
2019-08-06;CNY_OIS_RUSFARCNY_10Y;0.011588;0.02746
2019-08-07;CNY_OIS_RUSFARCNY_10Y;0.011405;0.026823
2019-08-08;CNY_OIS_RUSFARCNY_10Y;0.013763;0.030065
2019-08-09;CNY_OIS_RUSFARCNY_10Y;0.014893;0.030855
2019-08-12;CNY_OIS_RUSFARCNY_10Y;0.015456;0.030952
2019-08-13;CNY_OIS_RUSFARCNY_10Y;0.016059;0.031109
2019-08-14;CNY_OIS_RUSFARCNY_10Y;0.016504;0.031104
2019-08-15;CNY_OIS_RUSFARCNY_10Y;0.016418;0.03059
2019-08-16;CNY_OIS_RUSFARCNY_10Y;0.016693;0.030435
2019-08-19;CNY_OIS_RUSFARCNY_10Y;0.016913;0.030235
2019-08-20;CNY_OIS_RUSFARCNY_10Y;0.01687;0.029798
2019-08-21;CNY_OIS_RUSFARCNY_10Y;0.016441;0.029051
2019-08-22;CNY_OIS_RUSFARCNY_10Y;0.016224;0.028484
2019-08-23;CNY_OIS_RUSFARCNY_10Y;0.016811;0.028737
2019-08-26;CNY_OIS_RUSFARCNY_10Y;0.01749;0.029118
2019-08-27;CNY_OIS_RUSFARCNY_10Y;0.01803;0.029338
2019-08-28;CNY_OIS_RUSFARCNY_10Y;0.017466;0.028542
2019-08-29;CNY_OIS_RUSFARCNY_10Y;0.016113;0.027275
2019-08-30;CNY_OIS_RUSFARCNY_10Y;0.017114;0.028154
2019-09-02;CNY_OIS_RUSFARCNY_10Y;0.017056;0.027772
2019-09-03;CNY_OIS_RUSFARCNY_10Y;0.016831;0.027257
2019-09-04;CNY_OIS_RUSFARCNY_10Y;0.016249;0.026479
2019-09-05;CNY_OIS_RUSFARCNY_10Y;0.017203;0.027345
2019-09-06;CNY_OIS_RUSFARCNY_10Y;0.017917;0.027851
2019-09-09;CNY_OIS_RUSFARCNY_10Y;0.018167;0.027801
2019-09-10;CNY_OIS_RUSFARCNY_10Y;0.017731;0.027157
2019-09-11;CNY_OIS_RUSFARCNY_10Y;0.016704;0.026144
2019-09-12;CNY_OIS_RUSFARCNY_10Y;0.015929;0.025279
2019-09-16;CNY_OIS_RUSFARCNY_10Y;0.015726;0.024822
2019-09-17;CNY_OIS_RUSFARCNY_10Y;0.017414;0.027714
2019-09-18;CNY_OIS_RUSFARCNY_10Y;0.018188;0.0283
2019-09-19;CNY_OIS_RUSFARCNY_10Y;0.019236;0.029332
2019-09-20;CNY_OIS_RUSFARCNY_10Y;0.019478;0.02927
2019-09-23;CNY_OIS_RUSFARCNY_10Y;0.019755;0.029253
2019-09-24;CNY_OIS_RUSFARCNY_10Y;0.014144;0.027064
2019-09-25;CNY_OIS_RUSFARCNY_10Y;0.010072;0.024676
2019-09-26;CNY_OIS_RUSFARCNY_10Y;0.004758;0.02181
2019-09-27;CNY_OIS_RUSFARCNY_10Y;0.000961;0.019127
2019-09-29;CNY_OIS_RUSFARCNY_10Y;0.000566;0.018242
2019-09-30;CNY_OIS_RUSFARCNY_10Y;0.005022;0.041506
2019-10-08;CNY_OIS_RUSFARCNY_10Y;0.005498;0.04087
2019-10-09;CNY_OIS_RUSFARCNY_10Y;0.00109;0.036778
2019-10-10;CNY_OIS_RUSFARCNY_10Y;-0.000361;0.034509
2019-10-11;CNY_OIS_RUSFARCNY_10Y;-0.000924;0.032972
2019-10-12;CNY_OIS_RUSFARCNY_10Y;0.002257;0.035871
2019-10-14;CNY_OIS_RUSFARCNY_10Y;0.005697;0.039231
2019-10-15;CNY_OIS_RUSFARCNY_10Y;0.007597;0.040291
2019-10-16;CNY_OIS_RUSFARCNY_10Y;0.008005;0.039703
2019-10-17;CNY_OIS_RUSFARCNY_10Y;0.007345;0.038183
2019-10-18;CNY_OIS_RUSFARCNY_10Y;0.00814;0.038048
2019-10-21;CNY_OIS_RUSFARCNY_10Y;0.009217;0.038251
2019-10-22;CNY_OIS_RUSFARCNY_10Y;0.010764;0.039044
2019-10-23;CNY_OIS_RUSFARCNY_10Y;0.009641;0.037267
2019-10-24;CNY_OIS_RUSFARCNY_10Y;0.007766;0.034982
2019-10-25;CNY_OIS_RUSFARCNY_10Y;0.008762;0.035186
2019-10-28;CNY_OIS_RUSFARCNY_10Y;0.00888;0.034508
2019-10-29;CNY_OIS_RUSFARCNY_10Y;0.008105;0.033083
2019-10-30;CNY_OIS_RUSFARCNY_10Y;0.007812;0.032076
2019-10-31;CNY_OIS_RUSFARCNY_10Y;0.010588;0.03504
2019-11-01;CNY_OIS_RUSFARCNY_10Y;0.007604;0.032244
2019-11-04;CNY_OIS_RUSFARCNY_10Y;0.005434;0.029894
2019-11-05;CNY_OIS_RUSFARCNY_10Y;0.003642;0.027786
2019-11-06;CNY_OIS_RUSFARCNY_10Y;0.003041;0.026547
2019-11-07;CNY_OIS_RUSFARCNY_10Y;0.004574;0.027554
2019-11-08;CNY_OIS_RUSFARCNY_10Y;0.004793;0.027075
2019-11-11;CNY_OIS_RUSFARCNY_10Y;0.006336;0.028152
2019-11-12;CNY_OIS_RUSFARCNY_10Y;0.009372;0.031976
2019-11-13;CNY_OIS_RUSFARCNY_10Y;0.011637;0.034151
2019-11-14;CNY_OIS_RUSFARCNY_10Y;0.012631;0.034517
2019-11-15;CNY_OIS_RUSFARCNY_10Y;0.01323;0.034458
2019-11-18;CNY_OIS_RUSFARCNY_10Y;0.013692;0.034276
2019-11-19;CNY_OIS_RUSFARCNY_10Y;0.009506;0.031182
2019-11-20;CNY_OIS_RUSFARCNY_10Y;0.004198;0.02761
2019-11-21;CNY_OIS_RUSFARCNY_10Y;0.00404;0.026768
2019-11-22;CNY_OIS_RUSFARCNY_10Y;0.005316;0.027472
2019-11-25;CNY_OIS_RUSFARCNY_10Y;0.008012;0.030496
2019-11-26;CNY_OIS_RUSFARCNY_10Y;0.009195;0.031093
2019-11-27;CNY_OIS_RUSFARCNY_10Y;0.008577;0.029911
2019-11-28;CNY_OIS_RUSFARCNY_10Y;0.007197;0.028191
2019-11-29;CNY_OIS_RUSFARCNY_10Y;0.009796;0.031152
2019-12-02;CNY_OIS_RUSFARCNY_10Y;0.008793;0.029695
2019-12-03;CNY_OIS_RUSFARCNY_10Y;0.008034;0.028434
2019-12-04;CNY_OIS_RUSFARCNY_10Y;0.006559;0.026689
2019-12-05;CNY_OIS_RUSFARCNY_10Y;0.006187;0.025761
2019-12-06;CNY_OIS_RUSFARCNY_10Y;0.007958;0.02733
2019-12-09;CNY_OIS_RUSFARCNY_10Y;0.010456;0.030272
2019-12-10;CNY_OIS_RUSFARCNY_10Y;0.009137;0.028651
2019-12-11;CNY_OIS_RUSFARCNY_10Y;0.008167;0.027281
2019-12-12;CNY_OIS_RUSFARCNY_10Y;0.008173;0.026715
2019-12-13;CNY_OIS_RUSFARCNY_10Y;0.009207;0.027281
2019-12-16;CNY_OIS_RUSFARCNY_10Y;0.011837;0.030731
2019-12-17;CNY_OIS_RUSFARCNY_10Y;0.01278;0.031168
2019-12-18;CNY_OIS_RUSFARCNY_10Y;0.012847;0.030681
2019-12-19;CNY_OIS_RUSFARCNY_10Y;0.007518;0.02746
2019-12-20;CNY_OIS_RUSFARCNY_10Y;0.004981;0.025127
2019-12-23;CNY_OIS_RUSFARCNY_10Y;0.002272;0.022696
2019-12-24;CNY_OIS_RUSFARCNY_10Y;-0.003105;0.019213
2019-12-25;CNY_OIS_RUSFARCNY_10Y;-0.004656;0.017344
2019-12-26;CNY_OIS_RUSFARCNY_10Y;-0.005328;0.016116
2019-12-27;CNY_OIS_RUSFARCNY_10Y;-0.003061;0.018389
2019-12-30;CNY_OIS_RUSFARCNY_10Y;-0.001585;0.019413
2019-12-31;CNY_OIS_RUSFARCNY_10Y;0.002168;0.02554
2020-01-02;CNY_OIS_RUSFARCNY_10Y;-0.000347;0.023047
2020-01-03;CNY_OIS_RUSFARCNY_10Y;-0.00327;0.020338
2020-01-06;CNY_OIS_RUSFARCNY_10Y;-0.004648;0.018536
2020-01-07;CNY_OIS_RUSFARCNY_10Y;-0.002442;0.02057
2020-01-08;CNY_OIS_RUSFARCNY_10Y;0.000618;0.02427
2020-01-09;CNY_OIS_RUSFARCNY_10Y;0.002238;0.02539
2020-01-10;CNY_OIS_RUSFARCNY_10Y;0.003372;0.0259
2020-01-13;CNY_OIS_RUSFARCNY_10Y;0.006086;0.028922
2020-01-14;CNY_OIS_RUSFARCNY_10Y;0.009806;0.034382
2020-01-15;CNY_OIS_RUSFARCNY_10Y;0.011436;0.035472
2020-01-16;CNY_OIS_RUSFARCNY_10Y;0.011341;0.034667
2020-01-17;CNY_OIS_RUSFARCNY_10Y;0.010781;0.033487
2020-01-19;CNY_OIS_RUSFARCNY_10Y;0.009964;0.032124
2020-01-20;CNY_OIS_RUSFARCNY_10Y;0.008482;0.030306
2020-01-21;CNY_OIS_RUSFARCNY_10Y;0.004375;0.027153
2020-01-22;CNY_OIS_RUSFARCNY_10Y;0.000483;0.024025
2020-01-23;CNY_OIS_RUSFARCNY_10Y;0.005796;0.036912
2020-02-03;CNY_OIS_RUSFARCNY_10Y;0.006854;0.037054
2020-02-04;CNY_OIS_RUSFARCNY_10Y;0.00476;0.034528
2020-02-05;CNY_OIS_RUSFARCNY_10Y;0.002765;0.032083
2020-02-06;CNY_OIS_RUSFARCNY_10Y;0.000638;0.02957
2020-02-07;CNY_OIS_RUSFARCNY_10Y;0.000815;0.028873
2020-02-10;CNY_OIS_RUSFARCNY_10Y;-0.000266;0.027134
2020-02-11;CNY_OIS_RUSFARCNY_10Y;-0.000811;0.025839
2020-02-12;CNY_OIS_RUSFARCNY_10Y;-0.000803;0.025051
2020-02-13;CNY_OIS_RUSFARCNY_10Y;-0.001222;0.02391
2020-02-14;CNY_OIS_RUSFARCNY_10Y;-0.002901;0.021849
2020-02-17;CNY_OIS_RUSFARCNY_10Y;-0.000994;0.023322
2020-02-18;CNY_OIS_RUSFARCNY_10Y;0.000122;0.023766
2020-02-19;CNY_OIS_RUSFARCNY_10Y;0.001623;0.024725
2020-02-20;CNY_OIS_RUSFARCNY_10Y;-0.000551;0.022439
2020-02-21;CNY_OIS_RUSFARCNY_10Y;-0.000695;0.021623
2020-02-24;CNY_OIS_RUSFARCNY_10Y;0.001229;0.023259
2020-02-25;CNY_OIS_RUSFARCNY_10Y;0.002225;0.023643
2020-02-26;CNY_OIS_RUSFARCNY_10Y;0.001452;0.022356
2020-02-27;CNY_OIS_RUSFARCNY_10Y;9.8e-05;0.02067
2020-02-28;CNY_OIS_RUSFARCNY_10Y;0.0027;0.023688
2020-03-02;CNY_OIS_RUSFARCNY_10Y;0.003831;0.024277
2020-03-03;CNY_OIS_RUSFARCNY_10Y;0.003165;0.023103
2020-03-04;CNY_OIS_RUSFARCNY_10Y;0.001692;0.021376
2020-03-05;CNY_OIS_RUSFARCNY_10Y;0.00187;0.020958
2020-03-06;CNY_OIS_RUSFARCNY_10Y;0.001225;0.019843
2020-03-09;CNY_OIS_RUSFARCNY_10Y;0.003394;0.022194
2020-03-10;CNY_OIS_RUSFARCNY_10Y;0.006683;0.027425
2020-03-11;CNY_OIS_RUSFARCNY_10Y;0.007967;0.028221
2020-03-12;CNY_OIS_RUSFARCNY_10Y;0.002408;0.0247
2020-03-13;CNY_OIS_RUSFARCNY_10Y;-0.000136;0.022244
2020-03-16;CNY_OIS_RUSFARCNY_10Y;-0.001831;0.020279
2020-03-17;CNY_OIS_RUSFARCNY_10Y;-0.003112;0.0186
2020-03-18;CNY_OIS_RUSFARCNY_10Y;-0.004073;0.017161
2020-03-19;CNY_OIS_RUSFARCNY_10Y;-0.005009;0.015757
2020-03-20;CNY_OIS_RUSFARCNY_10Y;-0.00522;0.014948
2020-03-23;CNY_OIS_RUSFARCNY_10Y;-0.00443;0.015158
2020-03-24;CNY_OIS_RUSFARCNY_10Y;-0.004449;0.014557
2020-03-25;CNY_OIS_RUSFARCNY_10Y;-0.003837;0.014605
2020-03-26;CNY_OIS_RUSFARCNY_10Y;-0.003576;0.014304
2020-03-27;CNY_OIS_RUSFARCNY_10Y;-0.001221;0.017129
2020-03-30;CNY_OIS_RUSFARCNY_10Y;0.001221;0.020087
2020-03-31;CNY_OIS_RUSFARCNY_10Y;0.003493;0.022615
2020-04-01;CNY_OIS_RUSFARCNY_10Y;0.001355;0.020533
2020-04-02;CNY_OIS_RUSFARCNY_10Y;0.000285;0.019103
2020-04-03;CNY_OIS_RUSFARCNY_10Y;-0.00275;0.016598
2020-04-07;CNY_OIS_RUSFARCNY_10Y;-0.004675;0.014623
2020-04-08;CNY_OIS_RUSFARCNY_10Y;-0.003565;0.015253
2020-04-09;CNY_OIS_RUSFARCNY_10Y;-0.000987;0.018455
2020-04-10;CNY_OIS_RUSFARCNY_10Y;0.000781;0.020027
2020-04-13;CNY_OIS_RUSFARCNY_10Y;0.001359;0.020029
2020-04-14;CNY_OIS_RUSFARCNY_10Y;-0.003237;0.016945
2020-04-15;CNY_OIS_RUSFARCNY_10Y;-0.005113;0.014961
2020-04-16;CNY_OIS_RUSFARCNY_10Y;-0.005865;0.013733
2020-04-17;CNY_OIS_RUSFARCNY_10Y;-0.005428;0.013576
2020-04-20;CNY_OIS_RUSFARCNY_10Y;-0.003573;0.015321
2020-04-21;CNY_OIS_RUSFARCNY_10Y;-0.003235;0.015083
2020-04-22;CNY_OIS_RUSFARCNY_10Y;-0.002956;0.014804
2020-04-23;CNY_OIS_RUSFARCNY_10Y;-0.002766;0.014454
2020-04-24;CNY_OIS_RUSFARCNY_10Y;-0.002317;0.014385
2020-04-26;CNY_OIS_RUSFARCNY_10Y;-0.002103;0.014091
2020-04-27;CNY_OIS_RUSFARCNY_10Y;-0.002206;0.013514
2020-04-28;CNY_OIS_RUSFARCNY_10Y;-0.001967;0.013275
2020-04-29;CNY_OIS_RUSFARCNY_10Y;-0.004268;0.011316
2020-04-30;CNY_OIS_RUSFARCNY_10Y;-0.00034;0.031928
2020-05-06;CNY_OIS_RUSFARCNY_10Y;-0.004591;0.028079
2020-05-07;CNY_OIS_RUSFARCNY_10Y;-0.007979;0.024667
2020-05-08;CNY_OIS_RUSFARCNY_10Y;-0.00971;0.022298
2020-05-09;CNY_OIS_RUSFARCNY_10Y;-0.010136;0.020964
2020-05-11;CNY_OIS_RUSFARCNY_10Y;-0.009405;0.020753
2020-05-12;CNY_OIS_RUSFARCNY_10Y;-0.0097;0.019588
2020-05-13;CNY_OIS_RUSFARCNY_10Y;-0.01028;0.018208
2020-05-14;CNY_OIS_RUSFARCNY_10Y;-0.009473;0.018161
2020-05-15;CNY_OIS_RUSFARCNY_10Y;-0.007916;0.019024
2020-05-18;CNY_OIS_RUSFARCNY_10Y;-0.007104;0.019032
2020-05-19;CNY_OIS_RUSFARCNY_10Y;-0.003079;0.024607
2020-05-20;CNY_OIS_RUSFARCNY_10Y;-0.004444;0.022672
2020-05-21;CNY_OIS_RUSFARCNY_10Y;-0.00526;0.021168
2020-05-22;CNY_OIS_RUSFARCNY_10Y;-0.004958;0.020666
2020-05-25;CNY_OIS_RUSFARCNY_10Y;-0.001535;0.024823
2020-05-26;CNY_OIS_RUSFARCNY_10Y;0.00209;0.029338
2020-05-27;CNY_OIS_RUSFARCNY_10Y;0.004491;0.031417
2020-05-28;CNY_OIS_RUSFARCNY_10Y;0.004881;0.030987
2020-05-29;CNY_OIS_RUSFARCNY_10Y;0.005228;0.03054
2020-06-01;CNY_OIS_RUSFARCNY_10Y;-0.000217;0.026625
2020-06-02;CNY_OIS_RUSFARCNY_10Y;-0.001552;0.02474
2020-06-03;CNY_OIS_RUSFARCNY_10Y;0.002129;0.029399
2020-06-04;CNY_OIS_RUSFARCNY_10Y;0.003293;0.029795
2020-06-05;CNY_OIS_RUSFARCNY_10Y;-0.000854;0.026322
2020-06-08;CNY_OIS_RUSFARCNY_10Y;0.002162;0.029466
2020-06-09;CNY_OIS_RUSFARCNY_10Y;0.001991;0.028497
2020-06-10;CNY_OIS_RUSFARCNY_10Y;0.002554;0.028254
2020-06-11;CNY_OIS_RUSFARCNY_10Y;0.001979;0.026989
2020-06-12;CNY_OIS_RUSFARCNY_10Y;-0.000206;0.024614
2020-06-15;CNY_OIS_RUSFARCNY_10Y;-0.000363;0.023731
2020-06-16;CNY_OIS_RUSFARCNY_10Y;0.002318;0.02653
2020-06-17;CNY_OIS_RUSFARCNY_10Y;0.00516;0.029628
2020-06-18;CNY_OIS_RUSFARCNY_10Y;0.006251;0.030037
2020-06-19;CNY_OIS_RUSFARCNY_10Y;0.006693;0.029755
2020-06-22;CNY_OIS_RUSFARCNY_10Y;0.007064;0.029424
2020-06-23;CNY_OIS_RUSFARCNY_10Y;0.005622;0.027626
2020-06-24;CNY_OIS_RUSFARCNY_10Y;0.000531;0.024097
2020-06-28;CNY_OIS_RUSFARCNY_10Y;-0.004661;0.020409
2020-06-29;CNY_OIS_RUSFARCNY_10Y;-0.005158;0.019226
2020-06-30;CNY_OIS_RUSFARCNY_10Y;-8.2e-05;0.02961
2020-07-01;CNY_OIS_RUSFARCNY_10Y;0.002036;0.031132
2020-07-02;CNY_OIS_RUSFARCNY_10Y;2.5e-05;0.028703
2020-07-03;CNY_OIS_RUSFARCNY_10Y;-0.004036;0.025144
2020-07-06;CNY_OIS_RUSFARCNY_10Y;-0.003773;0.024521
2020-07-07;CNY_OIS_RUSFARCNY_10Y;-0.000366;0.028314
2020-07-08;CNY_OIS_RUSFARCNY_10Y;0.0032;0.032388
2020-07-09;CNY_OIS_RUSFARCNY_10Y;0.004606;0.033002
2020-07-10;CNY_OIS_RUSFARCNY_10Y;0.005118;0.03265
2020-07-13;CNY_OIS_RUSFARCNY_10Y;0.004823;0.031565
2020-07-14;CNY_OIS_RUSFARCNY_10Y;-0.000399;0.027627
2020-07-15;CNY_OIS_RUSFARCNY_10Y;0.002946;0.031322
2020-07-16;CNY_OIS_RUSFARCNY_10Y;0.005378;0.03338
2020-07-17;CNY_OIS_RUSFARCNY_10Y;0.006586;0.033802
2020-07-20;CNY_OIS_RUSFARCNY_10Y;0.002598;0.03036
2020-07-21;CNY_OIS_RUSFARCNY_10Y;-0.001383;0.026891
2020-07-22;CNY_OIS_RUSFARCNY_10Y;-0.003732;0.02428
2020-07-23;CNY_OIS_RUSFARCNY_10Y;0.000622;0.030366
2020-07-24;CNY_OIS_RUSFARCNY_10Y;0.000924;0.029764
2020-07-27;CNY_OIS_RUSFARCNY_10Y;0.002763;0.030945
2020-07-28;CNY_OIS_RUSFARCNY_10Y;0.000499;0.028389
2020-07-29;CNY_OIS_RUSFARCNY_10Y;-0.002557;0.025385
2020-07-30;CNY_OIS_RUSFARCNY_10Y;-0.002974;0.024182
2020-07-31;CNY_OIS_RUSFARCNY_10Y;0.000758;0.02883
2020-08-03;CNY_OIS_RUSFARCNY_10Y;-0.001228;0.026456
2020-08-04;CNY_OIS_RUSFARCNY_10Y;0.002124;0.030204
2020-08-05;CNY_OIS_RUSFARCNY_10Y;-7e-05;0.027698
2020-08-06;CNY_OIS_RUSFARCNY_10Y;5.9e-05;0.026989
2020-08-07;CNY_OIS_RUSFARCNY_10Y;0.003642;0.031326
2020-08-10;CNY_OIS_RUSFARCNY_10Y;0.004758;0.03165
2020-08-11;CNY_OIS_RUSFARCNY_10Y;0.005861;0.031987
2020-08-12;CNY_OIS_RUSFARCNY_10Y;0.005756;0.031112
2020-08-13;CNY_OIS_RUSFARCNY_10Y;0.006242;0.030826
2020-08-14;CNY_OIS_RUSFARCNY_10Y;0.006745;0.030583
2020-08-17;CNY_OIS_RUSFARCNY_10Y;0.006625;0.029763
2020-08-18;CNY_OIS_RUSFARCNY_10Y;0.006847;0.029281
2020-08-19;CNY_OIS_RUSFARCNY_10Y;0.007512;0.029276
2020-08-20;CNY_OIS_RUSFARCNY_10Y;0.008079;0.029189
2020-08-21;CNY_OIS_RUSFARCNY_10Y;0.009212;0.029776
2020-08-24;CNY_OIS_RUSFARCNY_10Y;0.010471;0.030547
2020-08-25;CNY_OIS_RUSFARCNY_10Y;0.005866;0.027342
2020-08-26;CNY_OIS_RUSFARCNY_10Y;0.002083;0.024345
2020-08-27;CNY_OIS_RUSFARCNY_10Y;0.000747;0.022621
2020-08-28;CNY_OIS_RUSFARCNY_10Y;-0.00035;0.021078
2020-08-31;CNY_OIS_RUSFARCNY_10Y;0.003092;0.026056
2020-09-01;CNY_OIS_RUSFARCNY_10Y;0.006149;0.029759
2020-09-02;CNY_OIS_RUSFARCNY_10Y;0.006408;0.0293
2020-09-03;CNY_OIS_RUSFARCNY_10Y;0.002507;0.026161
2020-09-04;CNY_OIS_RUSFARCNY_10Y;0.005415;0.029453
2020-09-07;CNY_OIS_RUSFARCNY_10Y;0.006134;0.029454
2020-09-08;CNY_OIS_RUSFARCNY_10Y;0.006111;0.028737
2020-09-09;CNY_OIS_RUSFARCNY_10Y;0.000863;0.025105
2020-09-10;CNY_OIS_RUSFARCNY_10Y;-0.00184;0.022468
2020-09-11;CNY_OIS_RUSFARCNY_10Y;-0.000318;0.023426
2020-09-14;CNY_OIS_RUSFARCNY_10Y;0.001354;0.024614
2020-09-15;CNY_OIS_RUSFARCNY_10Y;0.002857;0.025591
2020-09-16;CNY_OIS_RUSFARCNY_10Y;-0.000703;0.022611
2020-09-17;CNY_OIS_RUSFARCNY_10Y;0.002532;0.026676
2020-09-18;CNY_OIS_RUSFARCNY_10Y;0.005601;0.030247
2020-09-21;CNY_OIS_RUSFARCNY_10Y;0.006947;0.030961
2020-09-22;CNY_OIS_RUSFARCNY_10Y;0.008093;0.031455
2020-09-23;CNY_OIS_RUSFARCNY_10Y;0.003504;0.028004
2020-09-24;CNY_OIS_RUSFARCNY_10Y;-0.00187;0.024178
2020-09-25;CNY_OIS_RUSFARCNY_10Y;-0.00509;0.021178
2020-09-27;CNY_OIS_RUSFARCNY_10Y;-0.009907;0.017435
2020-09-28;CNY_OIS_RUSFARCNY_10Y;-0.010355;0.016223
2020-09-29;CNY_OIS_RUSFARCNY_10Y;-0.007338;0.019426
2020-09-30;CNY_OIS_RUSFARCNY_10Y;-0.000722;0.04177
2020-10-09;CNY_OIS_RUSFARCNY_10Y;-0.003643;0.038231
2020-10-10;CNY_OIS_RUSFARCNY_10Y;-0.007657;0.034045
2020-10-12;CNY_OIS_RUSFARCNY_10Y;-0.008034;0.032462
2020-10-13;CNY_OIS_RUSFARCNY_10Y;-0.005816;0.033644
2020-10-14;CNY_OIS_RUSFARCNY_10Y;-0.002836;0.035904
2020-10-15;CNY_OIS_RUSFARCNY_10Y;-0.001272;0.03636
2020-10-16;CNY_OIS_RUSFARCNY_10Y;-0.001167;0.035335
2020-10-19;CNY_OIS_RUSFARCNY_10Y;0.000979;0.036589
2020-10-20;CNY_OIS_RUSFARCNY_10Y;0.001269;0.035799
2020-10-21;CNY_OIS_RUSFARCNY_10Y;-6.7e-05;0.033655
2020-10-22;CNY_OIS_RUSFARCNY_10Y;-0.000347;0.032395
2020-10-23;CNY_OIS_RUSFARCNY_10Y;0.002388;0.03466
2020-10-26;CNY_OIS_RUSFARCNY_10Y;0.003068;0.03436
2020-10-27;CNY_OIS_RUSFARCNY_10Y;0.005367;0.036061
2020-10-28;CNY_OIS_RUSFARCNY_10Y;0.005825;0.035583
2020-10-29;CNY_OIS_RUSFARCNY_10Y;0.003439;0.032889
2020-10-30;CNY_OIS_RUSFARCNY_10Y;0.00494;0.033608
2020-11-02;CNY_OIS_RUSFARCNY_10Y;0.006201;0.034067
2020-11-03;CNY_OIS_RUSFARCNY_10Y;0.001092;0.030096
2020-11-04;CNY_OIS_RUSFARCNY_10Y;-0.003475;0.026283
2020-11-05;CNY_OIS_RUSFARCNY_10Y;-0.003766;0.025134
2020-11-06;CNY_OIS_RUSFARCNY_10Y;5e-06;0.029623
2020-11-09;CNY_OIS_RUSFARCNY_10Y;0.003742;0.033946
2020-11-10;CNY_OIS_RUSFARCNY_10Y;0.005512;0.034976
2020-11-11;CNY_OIS_RUSFARCNY_10Y;0.005769;0.034339
2020-11-12;CNY_OIS_RUSFARCNY_10Y;0.008067;0.036181
2020-11-13;CNY_OIS_RUSFARCNY_10Y;0.008515;0.035773
2020-11-16;CNY_OIS_RUSFARCNY_10Y;0.00585;0.033018
2020-11-17;CNY_OIS_RUSFARCNY_10Y;0.000707;0.029081
2020-11-18;CNY_OIS_RUSFARCNY_10Y;0.000329;0.027899
2020-11-19;CNY_OIS_RUSFARCNY_10Y;0.002533;0.029655
2020-11-20;CNY_OIS_RUSFARCNY_10Y;0.003347;0.029661
2020-11-23;CNY_OIS_RUSFARCNY_10Y;0.002472;0.028136
2020-11-24;CNY_OIS_RUSFARCNY_10Y;0.002752;0.027636
2020-11-25;CNY_OIS_RUSFARCNY_10Y;0.000286;0.025102
2020-11-26;CNY_OIS_RUSFARCNY_10Y;-0.002568;0.022356
2020-11-27;CNY_OIS_RUSFARCNY_10Y;-0.007947;0.018495
2020-11-30;CNY_OIS_RUSFARCNY_10Y;-0.005158;0.021286
2020-12-01;CNY_OIS_RUSFARCNY_10Y;-0.008898;0.018006
2020-12-02;CNY_OIS_RUSFARCNY_10Y;-0.008711;0.017379
2020-12-03;CNY_OIS_RUSFARCNY_10Y;-0.006858;0.018706
2020-12-04;CNY_OIS_RUSFARCNY_10Y;-0.004803;0.020351
2020-12-07;CNY_OIS_RUSFARCNY_10Y;-0.002047;0.023195
2020-12-08;CNY_OIS_RUSFARCNY_10Y;-0.002325;0.022193
2020-12-09;CNY_OIS_RUSFARCNY_10Y;-0.004636;0.019764
2020-12-10;CNY_OIS_RUSFARCNY_10Y;-0.005167;0.018575
2020-12-11;CNY_OIS_RUSFARCNY_10Y;-0.001427;0.023875
2020-12-14;CNY_OIS_RUSFARCNY_10Y;0.001271;0.026597
2020-12-15;CNY_OIS_RUSFARCNY_10Y;-0.001815;0.023703
2020-12-16;CNY_OIS_RUSFARCNY_10Y;-0.006683;0.019991
2020-12-17;CNY_OIS_RUSFARCNY_10Y;-0.003197;0.024145
2020-12-18;CNY_OIS_RUSFARCNY_10Y;0.00022;0.028068
2020-12-21;CNY_OIS_RUSFARCNY_10Y;-0.001967;0.025575
2020-12-22;CNY_OIS_RUSFARCNY_10Y;-0.007378;0.021506
2020-12-23;CNY_OIS_RUSFARCNY_10Y;-0.011581;0.017869
2020-12-24;CNY_OIS_RUSFARCNY_10Y;-0.011273;0.017281
2020-12-25;CNY_OIS_RUSFARCNY_10Y;-0.009162;0.01885
2020-12-28;CNY_OIS_RUSFARCNY_10Y;-0.010007;0.017295
2020-12-29;CNY_OIS_RUSFARCNY_10Y;-0.010093;0.016401
2020-12-30;CNY_OIS_RUSFARCNY_10Y;-0.009492;0.0162
2020-12-31;CNY_OIS_RUSFARCNY_10Y;-0.005659;0.021347
2021-01-04;CNY_OIS_RUSFARCNY_10Y;-0.00738;0.019188
2021-01-05;CNY_OIS_RUSFARCNY_10Y;-0.008826;0.017234
2021-01-06;CNY_OIS_RUSFARCNY_10Y;-0.009627;0.015775
2021-01-07;CNY_OIS_RUSFARCNY_10Y;-0.00669;0.018938
2021-01-08;CNY_OIS_RUSFARCNY_10Y;-0.00587;0.018998
2021-01-11;CNY_OIS_RUSFARCNY_10Y;-0.003329;0.021477
2021-01-12;CNY_OIS_RUSFARCNY_10Y;-0.001858;0.022346
2021-01-13;CNY_OIS_RUSFARCNY_10Y;-0.000836;0.022684
2021-01-14;CNY_OIS_RUSFARCNY_10Y;0.001826;0.025502
2021-01-15;CNY_OIS_RUSFARCNY_10Y;0.002794;0.025794
2021-01-18;CNY_OIS_RUSFARCNY_10Y;0.006141;0.030187
2021-01-19;CNY_OIS_RUSFARCNY_10Y;0.007547;0.031001
2021-01-20;CNY_OIS_RUSFARCNY_10Y;0.009828;0.03314
2021-01-21;CNY_OIS_RUSFARCNY_10Y;0.011263;0.034025
2021-01-22;CNY_OIS_RUSFARCNY_10Y;0.010125;0.032423
2021-01-25;CNY_OIS_RUSFARCNY_10Y;0.010603;0.032225
2021-01-26;CNY_OIS_RUSFARCNY_10Y;0.013213;0.035135
2021-01-27;CNY_OIS_RUSFARCNY_10Y;0.015615;0.037613
2021-01-28;CNY_OIS_RUSFARCNY_10Y;0.016472;0.037836
2021-01-29;CNY_OIS_RUSFARCNY_10Y;0.018952;0.040516
2021-02-01;CNY_OIS_RUSFARCNY_10Y;0.012978;0.03675
2021-02-02;CNY_OIS_RUSFARCNY_10Y;0.007231;0.032857
2021-02-03;CNY_OIS_RUSFARCNY_10Y;0.002008;0.029
2021-02-04;CNY_OIS_RUSFARCNY_10Y;0.00434;0.030988
2021-02-05;CNY_OIS_RUSFARCNY_10Y;0.002943;0.029065
2021-02-07;CNY_OIS_RUSFARCNY_10Y;-0.000607;0.025895
2021-02-08;CNY_OIS_RUSFARCNY_10Y;0.002557;0.029391
2021-02-09;CNY_OIS_RUSFARCNY_10Y;0.001532;0.027736
2021-02-10;CNY_OIS_RUSFARCNY_10Y;0.003338;0.02899
2021-02-18;CNY_OIS_RUSFARCNY_10Y;0.006982;0.033666
2021-02-19;CNY_OIS_RUSFARCNY_10Y;0.0018;0.029748
2021-02-20;CNY_OIS_RUSFARCNY_10Y;-0.002952;0.02592
2021-02-22;CNY_OIS_RUSFARCNY_10Y;-0.001977;0.026045
2021-02-23;CNY_OIS_RUSFARCNY_10Y;0.002105;0.031403
2021-02-24;CNY_OIS_RUSFARCNY_10Y;-0.003191;0.027259
2021-02-25;CNY_OIS_RUSFARCNY_10Y;-0.000983;0.028871
2021-02-26;CNY_OIS_RUSFARCNY_10Y;0.002672;0.032996
2021-03-01;CNY_OIS_RUSFARCNY_10Y;0.003737;0.033171
2021-03-02;CNY_OIS_RUSFARCNY_10Y;-0.000269;0.029597
2021-03-03;CNY_OIS_RUSFARCNY_10Y;-0.003279;0.026527
2021-03-04;CNY_OIS_RUSFARCNY_10Y;0.000788;0.03156
2021-03-05;CNY_OIS_RUSFARCNY_10Y;-0.002931;0.028059
2021-03-08;CNY_OIS_RUSFARCNY_10Y;-0.001156;0.029064
2021-03-09;CNY_OIS_RUSFARCNY_10Y;0.00204;0.032268
2021-03-10;CNY_OIS_RUSFARCNY_10Y;-0.000619;0.029387
2021-03-11;CNY_OIS_RUSFARCNY_10Y;0.000317;0.029431
2021-03-12;CNY_OIS_RUSFARCNY_10Y;0.00067;0.028898
2021-03-15;CNY_OIS_RUSFARCNY_10Y;0.004682;0.034046
2021-03-16;CNY_OIS_RUSFARCNY_10Y;0.004027;0.032601
2021-03-17;CNY_OIS_RUSFARCNY_10Y;0.002599;0.030589
2021-03-18;CNY_OIS_RUSFARCNY_10Y;0.005126;0.032822
2021-03-19;CNY_OIS_RUSFARCNY_10Y;0.004813;0.031715
2021-03-22;CNY_OIS_RUSFARCNY_10Y;0.004357;0.030511
2021-03-23;CNY_OIS_RUSFARCNY_10Y;0.003964;0.029384
2021-03-24;CNY_OIS_RUSFARCNY_10Y;0.002682;0.027586
2021-03-25;CNY_OIS_RUSFARCNY_10Y;0.004894;0.029514
2021-03-26;CNY_OIS_RUSFARCNY_10Y;0.002203;0.026865
2021-03-29;CNY_OIS_RUSFARCNY_10Y;0.003083;0.027025
2021-03-30;CNY_OIS_RUSFARCNY_10Y;0.003557;0.026771
2021-03-31;CNY_OIS_RUSFARCNY_10Y;0.006377;0.029931
2021-04-01;CNY_OIS_RUSFARCNY_10Y;0.006923;0.029765
2021-04-02;CNY_OIS_RUSFARCNY_10Y;0.002205;0.026303
2021-04-06;CNY_OIS_RUSFARCNY_10Y;0.002876;0.026252
2021-04-07;CNY_OIS_RUSFARCNY_10Y;0.003802;0.026506
2021-04-08;CNY_OIS_RUSFARCNY_10Y;0.003482;0.025546
2021-04-09;CNY_OIS_RUSFARCNY_10Y;0.004055;0.025453
2021-04-12;CNY_OIS_RUSFARCNY_10Y;0.00446;0.025208
2021-04-13;CNY_OIS_RUSFARCNY_10Y;0.004665;0.024783
2021-04-14;CNY_OIS_RUSFARCNY_10Y;0.005256;0.024772
2021-04-15;CNY_OIS_RUSFARCNY_10Y;0.005553;0.024475
2021-04-16;CNY_OIS_RUSFARCNY_10Y;0.007066;0.025682
2021-04-19;CNY_OIS_RUSFARCNY_10Y;0.008851;0.027337
2021-04-20;CNY_OIS_RUSFARCNY_10Y;0.005982;0.024926
2021-04-21;CNY_OIS_RUSFARCNY_10Y;0.00637;0.024738
2021-04-22;CNY_OIS_RUSFARCNY_10Y;0.00877;0.027598
2021-04-23;CNY_OIS_RUSFARCNY_10Y;0.006957;0.025711
2021-04-25;CNY_OIS_RUSFARCNY_10Y;0.00796;0.026228
2021-04-26;CNY_OIS_RUSFARCNY_10Y;0.008784;0.026544
2021-04-27;CNY_OIS_RUSFARCNY_10Y;0.005926;0.024182
2021-04-28;CNY_OIS_RUSFARCNY_10Y;0.005855;0.023573
2021-04-29;CNY_OIS_RUSFARCNY_10Y;0.00654;0.023748
2021-04-30;CNY_OIS_RUSFARCNY_10Y;0.009845;0.029683
2021-05-06;CNY_OIS_RUSFARCNY_10Y;0.008022;0.027746
2021-05-07;CNY_OIS_RUSFARCNY_10Y;0.004453;0.024955
2021-05-08;CNY_OIS_RUSFARCNY_10Y;0.001378;0.02233
2021-05-10;CNY_OIS_RUSFARCNY_10Y;0.003199;0.023889
2021-05-11;CNY_OIS_RUSFARCNY_10Y;0.005768;0.02682
2021-05-12;CNY_OIS_RUSFARCNY_10Y;0.006217;0.026631
2021-05-13;CNY_OIS_RUSFARCNY_10Y;0.006677;0.026471
2021-05-14;CNY_OIS_RUSFARCNY_10Y;0.005188;0.02474
2021-05-17;CNY_OIS_RUSFARCNY_10Y;0.008045;0.028503
2021-05-18;CNY_OIS_RUSFARCNY_10Y;0.008185;0.028023
2021-05-19;CNY_OIS_RUSFARCNY_10Y;0.007485;0.026843
2021-05-20;CNY_OIS_RUSFARCNY_10Y;0.008418;0.02725
2021-05-21;CNY_OIS_RUSFARCNY_10Y;0.007677;0.026071
2021-05-24;CNY_OIS_RUSFARCNY_10Y;0.009478;0.02777
2021-05-25;CNY_OIS_RUSFARCNY_10Y;0.009983;0.027725
2021-05-26;CNY_OIS_RUSFARCNY_10Y;0.007892;0.025736
2021-05-27;CNY_OIS_RUSFARCNY_10Y;0.009309;0.026859
2021-05-28;CNY_OIS_RUSFARCNY_10Y;0.010047;0.027101
2021-05-31;CNY_OIS_RUSFARCNY_10Y;0.010887;0.027481
2021-06-01;CNY_OIS_RUSFARCNY_10Y;0.010726;0.026842
2021-06-02;CNY_OIS_RUSFARCNY_10Y;0.009317;0.025311
2021-06-03;CNY_OIS_RUSFARCNY_10Y;0.007379;0.023489
2021-06-04;CNY_OIS_RUSFARCNY_10Y;0.009999;0.027329
2021-06-07;CNY_OIS_RUSFARCNY_10Y;0.011381;0.028427
2021-06-08;CNY_OIS_RUSFARCNY_10Y;0.010489;0.027199
2021-06-09;CNY_OIS_RUSFARCNY_10Y;0.010693;0.026895
2021-06-10;CNY_OIS_RUSFARCNY_10Y;0.00726;0.024408
2021-06-11;CNY_OIS_RUSFARCNY_10Y;0.008491;0.025297
2021-06-15;CNY_OIS_RUSFARCNY_10Y;0.009714;0.026194
2021-06-16;CNY_OIS_RUSFARCNY_10Y;0.008904;0.025044
2021-06-17;CNY_OIS_RUSFARCNY_10Y;0.007706;0.023642
2021-06-18;CNY_OIS_RUSFARCNY_10Y;0.009164;0.024944
2021-06-21;CNY_OIS_RUSFARCNY_10Y;0.011269;0.027499
2021-06-22;CNY_OIS_RUSFARCNY_10Y;0.012031;0.027817
2021-06-23;CNY_OIS_RUSFARCNY_10Y;0.011266;0.026722
2021-06-24;CNY_OIS_RUSFARCNY_10Y;0.006891;0.023997
2021-06-25;CNY_OIS_RUSFARCNY_10Y;0.003405;0.021423
2021-06-28;CNY_OIS_RUSFARCNY_10Y;0.003759;0.021229
2021-06-29;CNY_OIS_RUSFARCNY_10Y;0.005959;0.023769
2021-06-30;CNY_OIS_RUSFARCNY_10Y;0.008976;0.028392
2021-07-01;CNY_OIS_RUSFARCNY_10Y;0.003526;0.024982
2021-07-02;CNY_OIS_RUSFARCNY_10Y;0.00256;0.023548
2021-07-05;CNY_OIS_RUSFARCNY_10Y;0.003373;0.023755
2021-07-06;CNY_OIS_RUSFARCNY_10Y;0.005718;0.02627
2021-07-07;CNY_OIS_RUSFARCNY_10Y;0.007459;0.027729
2021-07-08;CNY_OIS_RUSFARCNY_10Y;0.004484;0.025164
2021-07-09;CNY_OIS_RUSFARCNY_10Y;0.007849;0.030099
2021-07-12;CNY_OIS_RUSFARCNY_10Y;0.005094;0.027534
2021-07-13;CNY_OIS_RUSFARCNY_10Y;0.006461;0.028367
2021-07-14;CNY_OIS_RUSFARCNY_10Y;0.006107;0.027401
2021-07-15;CNY_OIS_RUSFARCNY_10Y;0.007487;0.028301
2021-07-16;CNY_OIS_RUSFARCNY_10Y;0.007972;0.028156
2021-07-19;CNY_OIS_RUSFARCNY_10Y;0.008239;0.027809
2021-07-20;CNY_OIS_RUSFARCNY_10Y;0.009176;0.028212
2021-07-21;CNY_OIS_RUSFARCNY_10Y;0.009505;0.027963
2021-07-22;CNY_OIS_RUSFARCNY_10Y;0.009072;0.027036
2021-07-23;CNY_OIS_RUSFARCNY_10Y;0.00875;0.026218
2021-07-26;CNY_OIS_RUSFARCNY_10Y;0.009606;0.026602
2021-07-27;CNY_OIS_RUSFARCNY_10Y;0.01119;0.028038
2021-07-28;CNY_OIS_RUSFARCNY_10Y;0.009409;0.026259
2021-07-29;CNY_OIS_RUSFARCNY_10Y;0.003668;0.02304
2021-07-30;CNY_OIS_RUSFARCNY_10Y;0.007438;0.02995
2021-08-02;CNY_OIS_RUSFARCNY_10Y;0.004211;0.027137
2021-08-03;CNY_OIS_RUSFARCNY_10Y;0.004151;0.026397
2021-08-04;CNY_OIS_RUSFARCNY_10Y;0.003131;0.024897
2021-08-05;CNY_OIS_RUSFARCNY_10Y;0.003452;0.024556
2021-08-06;CNY_OIS_RUSFARCNY_10Y;0.005126;0.025882
2021-08-09;CNY_OIS_RUSFARCNY_10Y;0.008168;0.0299
2021-08-10;CNY_OIS_RUSFARCNY_10Y;0.00887;0.029958
2021-08-11;CNY_OIS_RUSFARCNY_10Y;0.006702;0.027766
2021-08-12;CNY_OIS_RUSFARCNY_10Y;0.006047;0.026581
2021-08-13;CNY_OIS_RUSFARCNY_10Y;0.008349;0.028999
2021-08-16;CNY_OIS_RUSFARCNY_10Y;0.00792;0.028008
2021-08-17;CNY_OIS_RUSFARCNY_10Y;0.006774;0.026494
2021-08-18;CNY_OIS_RUSFARCNY_10Y;0.004183;0.024145
2021-08-19;CNY_OIS_RUSFARCNY_10Y;0.005554;0.025094
2021-08-20;CNY_OIS_RUSFARCNY_10Y;0.007578;0.02709
2021-08-23;CNY_OIS_RUSFARCNY_10Y;0.008812;0.027876
2021-08-24;CNY_OIS_RUSFARCNY_10Y;0.01019;0.028878
2021-08-25;CNY_OIS_RUSFARCNY_10Y;0.009945;0.028103
2021-08-26;CNY_OIS_RUSFARCNY_10Y;0.010101;0.027707
2021-08-27;CNY_OIS_RUSFARCNY_10Y;0.009209;0.026459
2021-08-30;CNY_OIS_RUSFARCNY_10Y;0.006536;0.024212
2021-08-31;CNY_OIS_RUSFARCNY_10Y;0.009385;0.028343
2021-09-01;CNY_OIS_RUSFARCNY_10Y;0.008904;0.027364
2021-09-02;CNY_OIS_RUSFARCNY_10Y;0.008773;0.026695
2021-09-03;CNY_OIS_RUSFARCNY_10Y;0.007508;0.02518
2021-09-06;CNY_OIS_RUSFARCNY_10Y;0.009267;0.026861
2021-09-07;CNY_OIS_RUSFARCNY_10Y;0.010214;0.027354
2021-09-08;CNY_OIS_RUSFARCNY_10Y;0.010445;0.027063
2021-09-09;CNY_OIS_RUSFARCNY_10Y;0.008949;0.025459
2021-09-10;CNY_OIS_RUSFARCNY_10Y;0.009947;0.026061
2021-09-13;CNY_OIS_RUSFARCNY_10Y;0.010725;0.026403
2021-09-14;CNY_OIS_RUSFARCNY_10Y;0.012123;0.027625
2021-09-15;CNY_OIS_RUSFARCNY_10Y;0.010545;0.026023
2021-09-16;CNY_OIS_RUSFARCNY_10Y;0.011463;0.026565
2021-09-17;CNY_OIS_RUSFARCNY_10Y;0.011723;0.026365
2021-09-18;CNY_OIS_RUSFARCNY_10Y;0.01078;0.025188
2021-09-22;CNY_OIS_RUSFARCNY_10Y;0.011512;0.025536
2021-09-23;CNY_OIS_RUSFARCNY_10Y;0.010309;0.024219
2021-09-24;CNY_OIS_RUSFARCNY_10Y;0.006049;0.021679
2021-09-26;CNY_OIS_RUSFARCNY_10Y;0.006247;0.021401
2021-09-27;CNY_OIS_RUSFARCNY_10Y;0.006645;0.021343
2021-09-28;CNY_OIS_RUSFARCNY_10Y;0.008731;0.024017
2021-09-29;CNY_OIS_RUSFARCNY_10Y;0.002955;0.020973
2021-09-30;CNY_OIS_RUSFARCNY_10Y;0.00706;0.031168
2021-10-08;CNY_OIS_RUSFARCNY_10Y;0.006201;0.029727
2021-10-09;CNY_OIS_RUSFARCNY_10Y;0.000619;0.025909
2021-10-11;CNY_OIS_RUSFARCNY_10Y;0.004698;0.03183
2021-10-12;CNY_OIS_RUSFARCNY_10Y;0.004765;0.031083
2021-10-13;CNY_OIS_RUSFARCNY_10Y;0.005709;0.031259
2021-10-14;CNY_OIS_RUSFARCNY_10Y;0.005574;0.030374
2021-10-15;CNY_OIS_RUSFARCNY_10Y;0.005533;0.029595
2021-10-18;CNY_OIS_RUSFARCNY_10Y;0.006534;0.029914
2021-10-19;CNY_OIS_RUSFARCNY_10Y;0.00776;0.030528
2021-10-20;CNY_OIS_RUSFARCNY_10Y;0.00683;0.029078
2021-10-21;CNY_OIS_RUSFARCNY_10Y;0.001902;0.025586
2021-10-22;CNY_OIS_RUSFARCNY_10Y;0.002152;0.025116
2021-10-25;CNY_OIS_RUSFARCNY_10Y;0.001858;0.02417
2021-10-26;CNY_OIS_RUSFARCNY_10Y;0.001533;0.023215
2021-10-27;CNY_OIS_RUSFARCNY_10Y;0.004746;0.027502
2021-10-28;CNY_OIS_RUSFARCNY_10Y;0.00528;0.027348
2021-10-29;CNY_OIS_RUSFARCNY_10Y;0.007382;0.029286
2021-11-01;CNY_OIS_RUSFARCNY_10Y;0.006516;0.027912
2021-11-02;CNY_OIS_RUSFARCNY_10Y;0.007742;0.028606
2021-11-03;CNY_OIS_RUSFARCNY_10Y;0.006694;0.027134
2021-11-04;CNY_OIS_RUSFARCNY_10Y;0.005778;0.02577
2021-11-05;CNY_OIS_RUSFARCNY_10Y;0.006092;0.025476
2021-11-08;CNY_OIS_RUSFARCNY_10Y;0.006487;0.025281
2021-11-09;CNY_OIS_RUSFARCNY_10Y;0.008756;0.027812
2021-11-10;CNY_OIS_RUSFARCNY_10Y;0.005354;0.025134
2021-11-11;CNY_OIS_RUSFARCNY_10Y;0.006119;0.025329
2021-11-12;CNY_OIS_RUSFARCNY_10Y;0.006157;0.024791
2021-11-15;CNY_OIS_RUSFARCNY_10Y;0.005715;0.023853
2021-11-16;CNY_OIS_RUSFARCNY_10Y;0.007211;0.025077
2021-11-17;CNY_OIS_RUSFARCNY_10Y;0.009373;0.027495
2021-11-18;CNY_OIS_RUSFARCNY_10Y;0.007085;0.025383
2021-11-19;CNY_OIS_RUSFARCNY_10Y;0.007991;0.025797
2021-11-22;CNY_OIS_RUSFARCNY_10Y;0.007721;0.025027
2021-11-23;CNY_OIS_RUSFARCNY_10Y;0.009882;0.027506
2021-11-24;CNY_OIS_RUSFARCNY_10Y;0.005123;0.024465
2021-11-25;CNY_OIS_RUSFARCNY_10Y;0.005759;0.024529
2021-11-26;CNY_OIS_RUSFARCNY_10Y;0.004844;0.023224
2021-11-29;CNY_OIS_RUSFARCNY_10Y;0.006439;0.024589
2021-11-30;CNY_OIS_RUSFARCNY_10Y;0.009124;0.028164
2021-12-01;CNY_OIS_RUSFARCNY_10Y;0.007678;0.02649
2021-12-02;CNY_OIS_RUSFARCNY_10Y;0.007626;0.025882
2021-12-03;CNY_OIS_RUSFARCNY_10Y;0.007156;0.024932
2021-12-06;CNY_OIS_RUSFARCNY_10Y;0.006395;0.023773
2021-12-07;CNY_OIS_RUSFARCNY_10Y;0.009038;0.02739
2021-12-08;CNY_OIS_RUSFARCNY_10Y;0.009524;0.027324
2021-12-09;CNY_OIS_RUSFARCNY_10Y;0.009825;0.027083
2021-12-10;CNY_OIS_RUSFARCNY_10Y;0.005697;0.024271
2021-12-13;CNY_OIS_RUSFARCNY_10Y;0.008335;0.027653
2021-12-14;CNY_OIS_RUSFARCNY_10Y;0.009203;0.027985
2021-12-15;CNY_OIS_RUSFARCNY_10Y;0.009172;0.027396
2021-12-16;CNY_OIS_RUSFARCNY_10Y;0.009236;0.026912
2021-12-17;CNY_OIS_RUSFARCNY_10Y;0.006472;0.024596
2021-12-20;CNY_OIS_RUSFARCNY_10Y;0.007935;0.025773
2021-12-21;CNY_OIS_RUSFARCNY_10Y;0.006703;0.024285
2021-12-22;CNY_OIS_RUSFARCNY_10Y;0.005033;0.022535
2021-12-23;CNY_OIS_RUSFARCNY_10Y;0.004714;0.021734
2021-12-24;CNY_OIS_RUSFARCNY_10Y;0.006714;0.023914
2021-12-27;CNY_OIS_RUSFARCNY_10Y;0.006325;0.023063
2021-12-28;CNY_OIS_RUSFARCNY_10Y;0.004744;0.021404
2021-12-29;CNY_OIS_RUSFARCNY_10Y;0.001667;0.019021
2021-12-30;CNY_OIS_RUSFARCNY_10Y;0.001226;0.018122
2021-12-31;CNY_OIS_RUSFARCNY_10Y;0.005346;0.031062
2022-01-04;CNY_OIS_RUSFARCNY_10Y;0.003475;0.028853
2022-01-05;CNY_OIS_RUSFARCNY_10Y;0.002262;0.027106
2022-01-06;CNY_OIS_RUSFARCNY_10Y;0.001988;0.02612
2022-01-07;CNY_OIS_RUSFARCNY_10Y;0.003516;0.027092
2022-01-10;CNY_OIS_RUSFARCNY_10Y;0.004256;0.027132
2022-01-11;CNY_OIS_RUSFARCNY_10Y;0.005596;0.027912
2022-01-12;CNY_OIS_RUSFARCNY_10Y;0.005815;0.027453
2022-01-13;CNY_OIS_RUSFARCNY_10Y;0.008222;0.029966
2022-01-14;CNY_OIS_RUSFARCNY_10Y;0.008463;0.029545
2022-01-17;CNY_OIS_RUSFARCNY_10Y;0.007763;0.028325
2022-01-18;CNY_OIS_RUSFARCNY_10Y;0.00591;0.026338
2022-01-19;CNY_OIS_RUSFARCNY_10Y;0.007273;0.027255
2022-01-20;CNY_OIS_RUSFARCNY_10Y;0.007577;0.026951
2022-01-21;CNY_OIS_RUSFARCNY_10Y;0.008147;0.026941
2022-01-24;CNY_OIS_RUSFARCNY_10Y;0.007032;0.025496
2022-01-25;CNY_OIS_RUSFARCNY_10Y;0.007274;0.025174
2022-01-26;CNY_OIS_RUSFARCNY_10Y;0.005357;0.023271
2022-01-27;CNY_OIS_RUSFARCNY_10Y;0.004247;0.021861
2022-01-28;CNY_OIS_RUSFARCNY_10Y;-0.000886;0.018714
2022-01-29;CNY_OIS_RUSFARCNY_10Y;-5.9e-05;0.018987
2022-01-30;CNY_OIS_RUSFARCNY_10Y;0.004514;0.032414
2022-02-07;CNY_OIS_RUSFARCNY_10Y;0.0045;0.031568
2022-02-08;CNY_OIS_RUSFARCNY_10Y;0.004208;0.0305
2022-02-09;CNY_OIS_RUSFARCNY_10Y;0.000931;0.027457
2022-02-10;CNY_OIS_RUSFARCNY_10Y;0.000769;0.026519
2022-02-11;CNY_OIS_RUSFARCNY_10Y;0.002447;0.027621
2022-02-14;CNY_OIS_RUSFARCNY_10Y;0.003354;0.027794
2022-02-15;CNY_OIS_RUSFARCNY_10Y;0.003117;0.026851
2022-02-16;CNY_OIS_RUSFARCNY_10Y;0.004722;0.027946
2022-02-17;CNY_OIS_RUSFARCNY_10Y;0.00416;0.026768
2022-02-18;CNY_OIS_RUSFARCNY_10Y;0.006661;0.029367
2022-02-21;CNY_OIS_RUSFARCNY_10Y;0.007813;0.029915
2022-02-22;CNY_OIS_RUSFARCNY_10Y;0.006437;0.028171
2022-02-23;CNY_OIS_RUSFARCNY_10Y;0.006808;0.02788
2022-02-24;CNY_OIS_RUSFARCNY_10Y;0.008514;0.029254
2022-02-25;CNY_OIS_RUSFARCNY_10Y;0.009162;0.029286
2022-02-28;CNY_OIS_RUSFARCNY_10Y;0.009498;0.02901
2022-03-01;CNY_OIS_RUSFARCNY_10Y;0.004211;0.025637
2022-03-02;CNY_OIS_RUSFARCNY_10Y;0.005349;0.026219
2022-03-03;CNY_OIS_RUSFARCNY_10Y;0.003922;0.024486
2022-03-04;CNY_OIS_RUSFARCNY_10Y;0.005764;0.026104
2022-03-07;CNY_OIS_RUSFARCNY_10Y;0.007317;0.027291
2022-03-08;CNY_OIS_RUSFARCNY_10Y;0.007789;0.027159
2022-03-09;CNY_OIS_RUSFARCNY_10Y;0.007756;0.026552
2022-03-10;CNY_OIS_RUSFARCNY_10Y;0.008053;0.026275
2022-03-11;CNY_OIS_RUSFARCNY_10Y;0.008585;0.026263
2022-03-14;CNY_OIS_RUSFARCNY_10Y;0.008973;0.026115
2022-03-15;CNY_OIS_RUSFARCNY_10Y;0.009234;0.025854
2022-03-16;CNY_OIS_RUSFARCNY_10Y;0.009253;0.025375
2022-03-17;CNY_OIS_RUSFARCNY_10Y;0.00918;0.024828
2022-03-18;CNY_OIS_RUSFARCNY_10Y;0.009246;0.024422
2022-03-21;CNY_OIS_RUSFARCNY_10Y;0.009702;0.024426
2022-03-22;CNY_OIS_RUSFARCNY_10Y;0.009192;0.023556
2022-03-23;CNY_OIS_RUSFARCNY_10Y;0.009949;0.023939
2022-03-24;CNY_OIS_RUSFARCNY_10Y;0.010182;0.023746
2022-03-25;CNY_OIS_RUSFARCNY_10Y;0.010349;0.023499
2022-03-28;CNY_OIS_RUSFARCNY_10Y;0.009967;0.022781
2022-03-29;CNY_OIS_RUSFARCNY_10Y;0.007471;0.020897
2022-03-30;CNY_OIS_RUSFARCNY_10Y;0.005683;0.019285
2022-03-31;CNY_OIS_RUSFARCNY_10Y;0.00858;0.025468
2022-04-01;CNY_OIS_RUSFARCNY_10Y;0.003499;0.022409
2022-04-02;CNY_OIS_RUSFARCNY_10Y;0.000203;0.019785
2022-04-06;CNY_OIS_RUSFARCNY_10Y;0.004015;0.026773
2022-04-07;CNY_OIS_RUSFARCNY_10Y;0.004129;0.026199
2022-04-08;CNY_OIS_RUSFARCNY_10Y;0.003691;0.025157
2022-04-11;CNY_OIS_RUSFARCNY_10Y;0.004996;0.025952
2022-04-12;CNY_OIS_RUSFARCNY_10Y;0.004429;0.024839
2022-04-13;CNY_OIS_RUSFARCNY_10Y;0.003592;0.023536
2022-04-14;CNY_OIS_RUSFARCNY_10Y;0.002677;0.022191
2022-04-15;CNY_OIS_RUSFARCNY_10Y;0.000526;0.020082
2022-04-18;CNY_OIS_RUSFARCNY_10Y;0.001434;0.020454
2022-04-19;CNY_OIS_RUSFARCNY_10Y;0.000548;0.01916
2022-04-20;CNY_OIS_RUSFARCNY_10Y;0.00092;0.018968
2022-04-21;CNY_OIS_RUSFARCNY_10Y;0.001105;0.018603
2022-04-22;CNY_OIS_RUSFARCNY_10Y;0.000969;0.017959
2022-04-24;CNY_OIS_RUSFARCNY_10Y;0.00168;0.018188
2022-04-25;CNY_OIS_RUSFARCNY_10Y;0.001941;0.017947
2022-04-26;CNY_OIS_RUSFARCNY_10Y;0.002215;0.017733
2022-04-27;CNY_OIS_RUSFARCNY_10Y;0.002421;0.017467
2022-04-28;CNY_OIS_RUSFARCNY_10Y;0.00263;0.017218
2022-04-29;CNY_OIS_RUSFARCNY_10Y;0.005864;0.024724
2022-05-05;CNY_OIS_RUSFARCNY_10Y;0.005579;0.023909
2022-05-06;CNY_OIS_RUSFARCNY_10Y;0.000218;0.02063
2022-05-07;CNY_OIS_RUSFARCNY_10Y;-6.3e-05;0.019771
2022-05-09;CNY_OIS_RUSFARCNY_10Y;0.000387;0.019621
2022-05-10;CNY_OIS_RUSFARCNY_10Y;0.00064;0.019288
2022-05-11;CNY_OIS_RUSFARCNY_10Y;0.001121;0.019207
2022-05-12;CNY_OIS_RUSFARCNY_10Y;0.001235;0.018773
2022-05-13;CNY_OIS_RUSFARCNY_10Y;0.001512;0.018516
2022-05-16;CNY_OIS_RUSFARCNY_10Y;0.001781;0.018267
2022-05-17;CNY_OIS_RUSFARCNY_10Y;0.00217;0.018158
2022-05-18;CNY_OIS_RUSFARCNY_10Y;0.002424;0.017924
2022-05-19;CNY_OIS_RUSFARCNY_10Y;0.003471;0.018637
2022-05-20;CNY_OIS_RUSFARCNY_10Y;0.002705;0.017563
2022-05-23;CNY_OIS_RUSFARCNY_10Y;0.002941;0.017347
2022-05-24;CNY_OIS_RUSFARCNY_10Y;0.00318;0.017148
2022-05-25;CNY_OIS_RUSFARCNY_10Y;0.003608;0.01716
2022-05-26;CNY_OIS_RUSFARCNY_10Y;0.003982;0.017126
2022-05-27;CNY_OIS_RUSFARCNY_10Y;0.004349;0.017099
2022-05-30;CNY_OIS_RUSFARCNY_10Y;0.004777;0.017151
2022-05-31;CNY_OIS_RUSFARCNY_10Y;0.00643;0.019158
2022-06-01;CNY_OIS_RUSFARCNY_10Y;0.004547;0.017541
2022-06-02;CNY_OIS_RUSFARCNY_10Y;0.004931;0.017537
2022-06-06;CNY_OIS_RUSFARCNY_10Y;0.005338;0.01757
2022-06-07;CNY_OIS_RUSFARCNY_10Y;0.005182;0.017066
2022-06-08;CNY_OIS_RUSFARCNY_10Y;0.005343;0.016865
2022-06-09;CNY_OIS_RUSFARCNY_10Y;0.005468;0.01664
2022-06-10;CNY_OIS_RUSFARCNY_10Y;0.005527;0.016361
2022-06-13;CNY_OIS_RUSFARCNY_10Y;0.005741;0.016247
2022-06-14;CNY_OIS_RUSFARCNY_10Y;0.005951;0.016137
2022-06-15;CNY_OIS_RUSFARCNY_10Y;0.006106;0.015982
2022-06-16;CNY_OIS_RUSFARCNY_10Y;0.006257;0.015831
2022-06-17;CNY_OIS_RUSFARCNY_10Y;0.006412;0.015696
2022-06-20;CNY_OIS_RUSFARCNY_10Y;0.006594;0.015594
2022-06-21;CNY_OIS_RUSFARCNY_10Y;0.006924;0.015664
2022-06-22;CNY_OIS_RUSFARCNY_10Y;0.007117;0.015591
2022-06-23;CNY_OIS_RUSFARCNY_10Y;0.007175;0.015393
2022-06-24;CNY_OIS_RUSFARCNY_10Y;0.00728;0.015248
2022-06-27;CNY_OIS_RUSFARCNY_10Y;0.007432;0.015156
2022-06-28;CNY_OIS_RUSFARCNY_10Y;0.007549;0.015039
2022-06-29;CNY_OIS_RUSFARCNY_10Y;0.006923;0.014345
2022-06-30;CNY_OIS_RUSFARCNY_10Y;0.008802;0.023046
2022-07-01;CNY_OIS_RUSFARCNY_10Y;0.002592;0.020056
2022-07-04;CNY_OIS_RUSFARCNY_10Y;0.002624;0.019564
2022-07-05;CNY_OIS_RUSFARCNY_10Y;0.002351;0.018817
2022-07-06;CNY_OIS_RUSFARCNY_10Y;0.000826;0.017202
2022-07-07;CNY_OIS_RUSFARCNY_10Y;0.001194;0.017074
2022-07-08;CNY_OIS_RUSFARCNY_10Y;0.001375;0.016773
2022-07-11;CNY_OIS_RUSFARCNY_10Y;0.00168;0.016608
2022-07-12;CNY_OIS_RUSFARCNY_10Y;0.001786;0.016262
2022-07-13;CNY_OIS_RUSFARCNY_10Y;0.002086;0.016122
2022-07-14;CNY_OIS_RUSFARCNY_10Y;0.002054;0.015674
2022-07-15;CNY_OIS_RUSFARCNY_10Y;0.002418;0.01563
2022-07-18;CNY_OIS_RUSFARCNY_10Y;0.002689;0.015499
2022-07-19;CNY_OIS_RUSFARCNY_10Y;0.003118;0.01555
2022-07-20;CNY_OIS_RUSFARCNY_10Y;0.003579;0.015649
2022-07-21;CNY_OIS_RUSFARCNY_10Y;0.0036;0.015308
2022-07-22;CNY_OIS_RUSFARCNY_10Y;0.003135;0.014573
2022-07-25;CNY_OIS_RUSFARCNY_10Y;0.001937;0.013371
2022-07-26;CNY_OIS_RUSFARCNY_10Y;0.001513;0.012675
2022-07-27;CNY_OIS_RUSFARCNY_10Y;0.001582;0.012406
2022-07-28;CNY_OIS_RUSFARCNY_10Y;0.001806;0.012302
2022-07-29;CNY_OIS_RUSFARCNY_10Y;0.003652;0.015256
2022-08-01;CNY_OIS_RUSFARCNY_10Y;0.002988;0.01438
2022-08-02;CNY_OIS_RUSFARCNY_10Y;0.002028;0.01332
2022-08-03;CNY_OIS_RUSFARCNY_10Y;0.001669;0.012679
2022-08-04;CNY_OIS_RUSFARCNY_10Y;0.001827;0.012501
2022-08-05;CNY_OIS_RUSFARCNY_10Y;0.001929;0.012279
2022-08-08;CNY_OIS_RUSFARCNY_10Y;0.002026;0.012062
2022-08-09;CNY_OIS_RUSFARCNY_10Y;0.002229;0.011959
2022-08-10;CNY_OIS_RUSFARCNY_10Y;0.002842;0.012346
2022-08-11;CNY_OIS_RUSFARCNY_10Y;0.002585;0.011843
2022-08-12;CNY_OIS_RUSFARCNY_10Y;0.002863;0.011845
2022-08-15;CNY_OIS_RUSFARCNY_10Y;0.00299;0.011698
2022-08-16;CNY_OIS_RUSFARCNY_10Y;0.003426;0.011902
2022-08-17;CNY_OIS_RUSFARCNY_10Y;0.004121;0.012467
2022-08-18;CNY_OIS_RUSFARCNY_10Y;0.004698;0.01287
2022-08-19;CNY_OIS_RUSFARCNY_10Y;0.005053;0.012995
2022-08-22;CNY_OIS_RUSFARCNY_10Y;0.004417;0.012277
2022-08-23;CNY_OIS_RUSFARCNY_10Y;0.004173;0.011835
2022-08-24;CNY_OIS_RUSFARCNY_10Y;0.004417;0.011851
2022-08-25;CNY_OIS_RUSFARCNY_10Y;0.004822;0.012066
2022-08-26;CNY_OIS_RUSFARCNY_10Y;0.005776;0.013212
2022-08-29;CNY_OIS_RUSFARCNY_10Y;0.00565;0.012878
2022-08-30;CNY_OIS_RUSFARCNY_10Y;0.00442;0.011888
2022-08-31;CNY_OIS_RUSFARCNY_10Y;0.00608;0.015768
2022-09-01;CNY_OIS_RUSFARCNY_10Y;0.006793;0.016295
2022-09-02;CNY_OIS_RUSFARCNY_10Y;0.00297;0.014358
2022-09-05;CNY_OIS_RUSFARCNY_10Y;0.001482;0.013006
2022-09-06;CNY_OIS_RUSFARCNY_10Y;0.002002;0.013206
2022-09-07;CNY_OIS_RUSFARCNY_10Y;0.002589;0.013499
2022-09-08;CNY_OIS_RUSFARCNY_10Y;0.003188;0.01382
2022-09-09;CNY_OIS_RUSFARCNY_10Y;0.003488;0.0138
2022-09-13;CNY_OIS_RUSFARCNY_10Y;0.003625;0.013623
2022-09-14;CNY_OIS_RUSFARCNY_10Y;0.003797;0.013491
2022-09-15;CNY_OIS_RUSFARCNY_10Y;0.004434;0.013914
2022-09-16;CNY_OIS_RUSFARCNY_10Y;0.005191;0.014517
2022-09-19;CNY_OIS_RUSFARCNY_10Y;0.006297;0.015731
2022-09-20;CNY_OIS_RUSFARCNY_10Y;0.006887;0.016101
2022-09-21;CNY_OIS_RUSFARCNY_10Y;0.007125;0.016063
2022-09-22;CNY_OIS_RUSFARCNY_10Y;0.007191;0.015857
2022-09-23;CNY_OIS_RUSFARCNY_10Y;0.007363;0.015765
2022-09-26;CNY_OIS_RUSFARCNY_10Y;-0.011722;0.013922
2022-09-27;CNY_OIS_RUSFARCNY_10Y;-0.01307;0.01207
2022-09-28;CNY_OIS_RUSFARCNY_10Y;-0.013632;0.010832
2022-09-29;CNY_OIS_RUSFARCNY_10Y;-0.013987;0.009787
2022-09-30;CNY_OIS_RUSFARCNY_10Y;-0.042771;0.003771
2022-10-10;CNY_OIS_RUSFARCNY_10Y;-0.03184;0.03344
2022-10-11;CNY_OIS_RUSFARCNY_10Y;-0.033925;0.029725
2022-10-12;CNY_OIS_RUSFARCNY_10Y;-0.031134;0.030734
2022-10-13;CNY_OIS_RUSFARCNY_10Y;-0.030192;0.029792
2022-10-14;CNY_OIS_RUSFARCNY_10Y;-0.026145;0.032545
2022-10-17;CNY_OIS_RUSFARCNY_10Y;-0.02418;0.03278
2022-10-18;CNY_OIS_RUSFARCNY_10Y;-0.024337;0.030937
2022-10-19;CNY_OIS_RUSFARCNY_10Y;-0.023395;0.030195
2022-10-20;CNY_OIS_RUSFARCNY_10Y;-0.022579;0.029379
2022-10-21;CNY_OIS_RUSFARCNY_10Y;-0.021888;0.028488
2022-10-24;CNY_OIS_RUSFARCNY_10Y;-0.021321;0.027521
2022-10-25;CNY_OIS_RUSFARCNY_10Y;-0.020577;0.026777
2022-10-26;CNY_OIS_RUSFARCNY_10Y;-0.021314;0.024714
2022-10-27;CNY_OIS_RUSFARCNY_10Y;-0.020814;0.023814
2022-10-28;CNY_OIS_RUSFARCNY_10Y;-0.020849;0.022449
2022-10-31;CNY_OIS_RUSFARCNY_10Y;-0.01941;0.02261
2022-11-01;CNY_OIS_RUSFARCNY_10Y;-0.018871;0.021871
2022-11-02;CNY_OIS_RUSFARCNY_10Y;-0.01835;0.02115
2022-11-03;CNY_OIS_RUSFARCNY_10Y;-0.018052;0.020252
2022-11-07;CNY_OIS_RUSFARCNY_10Y;-0.016505;0.020705
2022-11-08;CNY_OIS_RUSFARCNY_10Y;-0.016551;0.019551
2022-11-09;CNY_OIS_RUSFARCNY_10Y;-0.016203;0.018803
2022-11-10;CNY_OIS_RUSFARCNY_10Y;-0.015471;0.018471
2022-11-11;CNY_OIS_RUSFARCNY_10Y;-0.014369;0.018569
2022-11-14;CNY_OIS_RUSFARCNY_10Y;-0.014274;0.017674
2022-11-15;CNY_OIS_RUSFARCNY_10Y;-0.013989;0.016989
2022-11-16;CNY_OIS_RUSFARCNY_10Y;-0.013319;0.016719
2022-11-17;CNY_OIS_RUSFARCNY_10Y;-0.012762;0.016362
2022-11-18;CNY_OIS_RUSFARCNY_10Y;-0.01183;0.01643
2022-11-21;CNY_OIS_RUSFARCNY_10Y;-0.011912;0.015512
2022-11-22;CNY_OIS_RUSFARCNY_10Y;-0.012113;0.014513
2022-11-23;CNY_OIS_RUSFARCNY_10Y;-0.01122;0.01462
2022-11-24;CNY_OIS_RUSFARCNY_10Y;-0.010827;0.014227
2022-11-25;CNY_OIS_RUSFARCNY_10Y;-0.010546;0.013746
2022-11-28;CNY_OIS_RUSFARCNY_10Y;-0.010176;0.013376
2022-11-29;CNY_OIS_RUSFARCNY_10Y;-0.009817;0.013017
2022-11-30;CNY_OIS_RUSFARCNY_10Y;-0.00937;0.01277
2022-12-01;CNY_OIS_RUSFARCNY_10Y;-0.008738;0.012738
2022-12-02;CNY_OIS_RUSFARCNY_10Y;-0.008312;0.012512
2022-12-05;CNY_OIS_RUSFARCNY_10Y;-0.006644;0.013844
2022-12-06;CNY_OIS_RUSFARCNY_10Y;-0.005849;0.014049
2022-12-07;CNY_OIS_RUSFARCNY_10Y;-0.005957;0.013357
2022-12-08;CNY_OIS_RUSFARCNY_10Y;-0.006509;0.012309
2022-12-09;CNY_OIS_RUSFARCNY_10Y;-0.006849;0.011449
2022-12-12;CNY_OIS_RUSFARCNY_10Y;-0.007419;0.010419
2022-12-13;CNY_OIS_RUSFARCNY_10Y;-0.007048;0.010248
2022-12-14;CNY_OIS_RUSFARCNY_10Y;-0.006685;0.010085
2022-12-15;CNY_OIS_RUSFARCNY_10Y;-0.005429;0.011029
2022-12-16;CNY_OIS_RUSFARCNY_10Y;-0.005179;0.010779
2022-12-19;CNY_OIS_RUSFARCNY_10Y;-0.005244;0.010244
2022-12-20;CNY_OIS_RUSFARCNY_10Y;-0.004909;0.010109
2022-12-21;CNY_OIS_RUSFARCNY_10Y;-0.002855;0.012655
2022-12-22;CNY_OIS_RUSFARCNY_10Y;0.00029;0.05291
2022-12-23;CNY_OIS_RUSFARCNY_10Y;-0.000147;0.050947
2022-12-26;CNY_OIS_RUSFARCNY_10Y;-0.005551;0.045551
2022-12-27;CNY_OIS_RUSFARCNY_10Y;5.7e-05;0.051343
2022-12-28;CNY_OIS_RUSFARCNY_10Y;0.013041;0.111159
2022-12-29;CNY_OIS_RUSFARCNY_10Y;0.023638;0.121962
2023-01-09;CNY_OIS_RUSFARCNY_10Y;-0.014238;0.102238
2023-01-10;CNY_OIS_RUSFARCNY_10Y;-0.004188;0.110788
2023-01-11;CNY_OIS_RUSFARCNY_10Y;-0.032568;0.091768
2023-01-12;CNY_OIS_RUSFARCNY_10Y;-0.046831;0.078031
2023-01-13;CNY_OIS_RUSFARCNY_10Y;-0.040654;0.080854
2023-01-16;CNY_OIS_RUSFARCNY_10Y;-0.033475;0.085075
2023-01-17;CNY_OIS_RUSFARCNY_10Y;-0.027406;0.088006
2023-01-18;CNY_OIS_RUSFARCNY_10Y;-0.018741;0.094541
2023-01-19;CNY_OIS_RUSFARCNY_10Y;-0.042605;0.077205
2023-01-20;CNY_OIS_RUSFARCNY_10Y;-0.048115;0.069115
2023-01-30;CNY_OIS_RUSFARCNY_10Y;-0.047444;0.066244
2023-01-31;CNY_OIS_RUSFARCNY_10Y;-0.045712;0.064512
2023-02-01;CNY_OIS_RUSFARCNY_10Y;-0.047147;0.059947
2023-02-02;CNY_OIS_RUSFARCNY_10Y;-0.047673;0.056273
2023-02-03;CNY_OIS_RUSFARCNY_10Y;-0.047103;0.053703
2023-02-06;CNY_OIS_RUSFARCNY_10Y;-0.046787;0.050987
2023-02-07;CNY_OIS_RUSFARCNY_10Y;-0.045098;0.049698
2023-02-08;CNY_OIS_RUSFARCNY_10Y;-0.044057;0.047857
2023-02-09;CNY_OIS_RUSFARCNY_10Y;-0.042062;0.047062
2023-02-10;CNY_OIS_RUSFARCNY_10Y;-0.041006;0.045406
2023-02-13;CNY_OIS_RUSFARCNY_10Y;-0.037016;0.047016
2023-02-14;CNY_OIS_RUSFARCNY_10Y;-0.036856;0.044656
2023-02-15;CNY_OIS_RUSFARCNY_10Y;-0.035715;0.043315
2023-02-16;CNY_OIS_RUSFARCNY_10Y;-0.033819;0.042819
2023-02-17;CNY_OIS_RUSFARCNY_10Y;-0.032552;0.041752
2023-02-20;CNY_OIS_RUSFARCNY_10Y;-0.03142;0.04062
2023-02-21;CNY_OIS_RUSFARCNY_10Y;-0.029633;0.040233
2023-02-22;CNY_OIS_RUSFARCNY_10Y;-0.023355;0.045755
2023-02-27;CNY_OIS_RUSFARCNY_10Y;-0.023219;0.043819
2023-02-28;CNY_OIS_RUSFARCNY_10Y;-0.015165;0.052765
2023-03-01;CNY_OIS_RUSFARCNY_10Y;-0.02049;0.04669
2023-03-02;CNY_OIS_RUSFARCNY_10Y;-0.021549;0.043749
2023-03-03;CNY_OIS_RUSFARCNY_10Y;-0.020756;0.042556
2023-03-06;CNY_OIS_RUSFARCNY_10Y;-0.019791;0.041591
2023-03-07;CNY_OIS_RUSFARCNY_10Y;-0.019879;0.039679
2023-03-09;CNY_OIS_RUSFARCNY_10Y;-0.018091;0.039691
2023-03-10;CNY_OIS_RUSFARCNY_10Y;-0.01813;0.03793
2023-03-13;CNY_OIS_RUSFARCNY_10Y;-0.01894;0.03554
2023-03-14;CNY_OIS_RUSFARCNY_10Y;-0.01821;0.03461
2023-03-15;CNY_OIS_RUSFARCNY_10Y;-0.016815;0.034415
2023-03-16;CNY_OIS_RUSFARCNY_10Y;-0.016748;0.032948
2023-03-17;CNY_OIS_RUSFARCNY_10Y;-0.014014;0.034414
2023-03-20;CNY_OIS_RUSFARCNY_10Y;-0.00443;0.05243
2023-03-21;CNY_OIS_RUSFARCNY_10Y;0.002395;0.060005
2023-03-22;CNY_OIS_RUSFARCNY_10Y;-0.01984;0.04844
2023-03-23;CNY_OIS_RUSFARCNY_10Y;-0.022435;0.044235
2023-03-24;CNY_OIS_RUSFARCNY_10Y;-0.019687;0.045087
2023-03-27;CNY_OIS_RUSFARCNY_10Y;-0.012951;0.051751
2023-03-28;CNY_OIS_RUSFARCNY_10Y;-0.006145;0.058545
2023-03-29;CNY_OIS_RUSFARCNY_10Y;-0.003522;0.059322
2023-03-30;CNY_OIS_RUSFARCNY_10Y;-0.001973;0.058973
2023-03-31;CNY_OIS_RUSFARCNY_10Y;0.002008;0.061592
2023-04-03;CNY_OIS_RUSFARCNY_10Y;0.003987;0.061813
2023-04-04;CNY_OIS_RUSFARCNY_10Y;0.013195;0.075005
2023-04-06;CNY_OIS_RUSFARCNY_10Y;0.006312;0.068288
2023-04-07;CNY_OIS_RUSFARCNY_10Y;0.009075;0.069325
2023-04-10;CNY_OIS_RUSFARCNY_10Y;0.007571;0.066229
2023-04-11;CNY_OIS_RUSFARCNY_10Y;0.007124;0.064076
2023-04-12;CNY_OIS_RUSFARCNY_10Y;0.008092;0.063308
2023-04-13;CNY_OIS_RUSFARCNY_10Y;0.010376;0.064024
2023-04-14;CNY_OIS_RUSFARCNY_10Y;0.017763;0.073237
2023-04-17;CNY_OIS_RUSFARCNY_10Y;0.01146;0.06714
2023-04-18;CNY_OIS_RUSFARCNY_10Y;0.014027;0.068173
2023-04-19;CNY_OIS_RUSFARCNY_10Y;0.020554;0.075446
2023-04-20;CNY_OIS_RUSFARCNY_10Y;0.023289;0.076711
2023-04-21;CNY_OIS_RUSFARCNY_10Y;0.024003;0.075797
2023-04-24;CNY_OIS_RUSFARCNY_10Y;0.004502;0.065498
2023-04-25;CNY_OIS_RUSFARCNY_10Y;-0.008948;0.055948
2023-04-26;CNY_OIS_RUSFARCNY_10Y;-0.009614;0.053414
2023-04-27;CNY_OIS_RUSFARCNY_10Y;-0.009886;0.051286
2023-04-28;CNY_OIS_RUSFARCNY_10Y;-0.006774;0.052774
2023-05-04;CNY_OIS_RUSFARCNY_10Y;0.000279;0.060521
2023-05-05;CNY_OIS_RUSFARCNY_10Y;0.008442;0.070558
2023-05-10;CNY_OIS_RUSFARCNY_10Y;0.002338;0.064262
2023-05-11;CNY_OIS_RUSFARCNY_10Y;-0.005326;0.057126
2023-05-12;CNY_OIS_RUSFARCNY_10Y;-0.019431;0.047231
2023-05-15;CNY_OIS_RUSFARCNY_10Y;-0.021491;0.043491
2023-05-16;CNY_OIS_RUSFARCNY_10Y;-0.020203;0.042803
2023-05-17;CNY_OIS_RUSFARCNY_10Y;-0.021007;0.040207
2023-05-18;CNY_OIS_RUSFARCNY_10Y;-0.018813;0.040613
2023-05-19;CNY_OIS_RUSFARCNY_10Y;-0.01646;0.04126
2023-05-22;CNY_OIS_RUSFARCNY_10Y;-0.01671;0.03931
2023-05-23;CNY_OIS_RUSFARCNY_10Y;-0.021471;0.034071
2023-05-24;CNY_OIS_RUSFARCNY_10Y;-0.021029;0.032829
2023-05-25;CNY_OIS_RUSFARCNY_10Y;-0.021875;0.030475
2023-05-26;CNY_OIS_RUSFARCNY_10Y;-0.021279;0.029479
2023-05-29;CNY_OIS_RUSFARCNY_10Y;-0.019915;0.029315
2023-05-30;CNY_OIS_RUSFARCNY_10Y;-0.018576;0.029176
2023-05-31;CNY_OIS_RUSFARCNY_10Y;-0.016598;0.029798
2023-06-01;CNY_OIS_RUSFARCNY_10Y;-0.015891;0.029091
2023-06-02;CNY_OIS_RUSFARCNY_10Y;-0.015007;0.028607
2023-06-05;CNY_OIS_RUSFARCNY_10Y;-0.014343;0.027943
2023-06-06;CNY_OIS_RUSFARCNY_10Y;-0.013799;0.027199
2023-06-07;CNY_OIS_RUSFARCNY_10Y;-0.012491;0.027291
2023-06-08;CNY_OIS_RUSFARCNY_10Y;-0.006811;0.034611
2023-06-09;CNY_OIS_RUSFARCNY_10Y;-0.006689;0.033489
2023-06-13;CNY_OIS_RUSFARCNY_10Y;-0.00975;0.02995
2023-06-14;CNY_OIS_RUSFARCNY_10Y;-0.010181;0.028381
2023-06-15;CNY_OIS_RUSFARCNY_10Y;-0.01151;0.02611
2023-06-16;CNY_OIS_RUSFARCNY_10Y;-0.011037;0.025437
2023-06-19;CNY_OIS_RUSFARCNY_10Y;-0.010185;0.025185
2023-06-20;CNY_OIS_RUSFARCNY_10Y;-0.012036;0.022636
2023-06-21;CNY_OIS_RUSFARCNY_10Y;-0.012228;0.021428
2023-06-26;CNY_OIS_RUSFARCNY_10Y;-0.008163;0.025963
2023-06-27;CNY_OIS_RUSFARCNY_10Y;-0.011256;0.022656
2023-06-28;CNY_OIS_RUSFARCNY_10Y;-0.009965;0.022965
2023-06-29;CNY_OIS_RUSFARCNY_10Y;-0.010615;0.021415
2023-06-30;CNY_OIS_RUSFARCNY_10Y;-0.003096;0.083096
2023-07-03;CNY_OIS_RUSFARCNY_10Y;-0.006041;0.078041
2023-07-04;CNY_OIS_RUSFARCNY_10Y;-0.039722;0.060922
2023-07-05;CNY_OIS_RUSFARCNY_10Y;-0.03799;0.05959
2023-07-06;CNY_OIS_RUSFARCNY_10Y;-0.040288;0.054688
2023-07-07;CNY_OIS_RUSFARCNY_10Y;-0.038051;0.054051
2023-07-10;CNY_OIS_RUSFARCNY_10Y;-0.036849;0.052449
2023-07-11;CNY_OIS_RUSFARCNY_10Y;-0.035289;0.051289
2023-07-12;CNY_OIS_RUSFARCNY_10Y;-0.032986;0.050986
2023-07-13;CNY_OIS_RUSFARCNY_10Y;-0.029773;0.051773
2023-07-14;CNY_OIS_RUSFARCNY_10Y;-0.02524;0.05424
2023-07-17;CNY_OIS_RUSFARCNY_10Y;-0.020743;0.056743
2023-07-18;CNY_OIS_RUSFARCNY_10Y;-0.019463;0.055663
2023-07-19;CNY_OIS_RUSFARCNY_10Y;-0.019028;0.053828
2023-07-20;CNY_OIS_RUSFARCNY_10Y;-0.028834;0.045034
2023-07-21;CNY_OIS_RUSFARCNY_10Y;-0.028832;0.042832
2023-07-24;CNY_OIS_RUSFARCNY_10Y;-0.02971;0.03991
2023-07-25;CNY_OIS_RUSFARCNY_10Y;-0.03073;0.03693
2023-07-26;CNY_OIS_RUSFARCNY_10Y;-0.027966;0.037766
2023-07-27;CNY_OIS_RUSFARCNY_10Y;-0.024155;0.039955
2023-07-28;CNY_OIS_RUSFARCNY_10Y;-0.022684;0.039484
2023-07-31;CNY_OIS_RUSFARCNY_10Y;-0.021145;0.039145
2023-08-01;CNY_OIS_RUSFARCNY_10Y;-0.020732;0.037732
2023-08-02;CNY_OIS_RUSFARCNY_10Y;-0.022715;0.034315
2023-08-03;CNY_OIS_RUSFARCNY_10Y;-0.022976;0.032376
2023-08-04;CNY_OIS_RUSFARCNY_10Y;-0.022435;0.031235
2023-08-07;CNY_OIS_RUSFARCNY_10Y;-0.020834;0.031234
2023-08-08;CNY_OIS_RUSFARCNY_10Y;-0.020445;0.030045
2023-08-09;CNY_OIS_RUSFARCNY_10Y;-0.020494;0.028494
2023-08-10;CNY_OIS_RUSFARCNY_10Y;-0.020776;0.026776
2023-08-11;CNY_OIS_RUSFARCNY_10Y;-0.020253;0.025853
2023-08-14;CNY_OIS_RUSFARCNY_10Y;-0.018865;0.025865
2023-08-15;CNY_OIS_RUSFARCNY_10Y;-0.015962;0.027762
2023-08-16;CNY_OIS_RUSFARCNY_10Y;-0.018463;0.024463
2023-08-17;CNY_OIS_RUSFARCNY_10Y;-0.015099;0.027099
2023-08-18;CNY_OIS_RUSFARCNY_10Y;-0.012501;0.028701
2023-08-21;CNY_OIS_RUSFARCNY_10Y;-0.010722;0.029322
2023-08-22;CNY_OIS_RUSFARCNY_10Y;-0.01104;0.02784
2023-08-23;CNY_OIS_RUSFARCNY_10Y;-0.011918;0.025918
2023-08-24;CNY_OIS_RUSFARCNY_10Y;-0.008139;0.029539
2023-08-25;CNY_OIS_RUSFARCNY_10Y;-0.009037;0.027637
2023-08-28;CNY_OIS_RUSFARCNY_10Y;-0.007609;0.028009
2023-08-29;CNY_OIS_RUSFARCNY_10Y;-0.005833;0.028833
2023-08-30;CNY_OIS_RUSFARCNY_10Y;-0.003807;0.030007
2023-08-31;CNY_OIS_RUSFARCNY_10Y;-0.002242;0.030642
2023-09-01;CNY_OIS_RUSFARCNY_10Y;-0.003563;0.028563
2023-09-04;CNY_OIS_RUSFARCNY_10Y;-0.005964;0.025764
2023-09-05;CNY_OIS_RUSFARCNY_10Y;-0.008871;0.022671
2023-09-06;CNY_OIS_RUSFARCNY_10Y;-0.010449;0.020449
2023-09-07;CNY_OIS_RUSFARCNY_10Y;-0.010078;0.019878
2023-09-08;CNY_OIS_RUSFARCNY_10Y;-0.010134;0.018934
2023-09-11;CNY_OIS_RUSFARCNY_10Y;-0.010099;0.018099
2023-09-12;CNY_OIS_RUSFARCNY_10Y;-0.007946;0.019746
2023-09-13;CNY_OIS_RUSFARCNY_10Y;-0.006223;0.020823
2023-09-14;CNY_OIS_RUSFARCNY_10Y;-0.003197;0.023997
2023-09-15;CNY_OIS_RUSFARCNY_10Y;0.001831;0.032569
2023-09-18;CNY_OIS_RUSFARCNY_10Y;-0.010844;0.026244
2023-09-19;CNY_OIS_RUSFARCNY_10Y;-0.011974;0.024174
2023-09-20;CNY_OIS_RUSFARCNY_10Y;-0.010743;0.024343
2023-09-21;CNY_OIS_RUSFARCNY_10Y;-0.01114;0.02294
2023-09-22;CNY_OIS_RUSFARCNY_10Y;-0.011771;0.021371
2023-09-25;CNY_OIS_RUSFARCNY_10Y;-0.012637;0.019637
2023-09-26;CNY_OIS_RUSFARCNY_10Y;-0.012656;0.018656
2023-09-27;CNY_OIS_RUSFARCNY_10Y;-0.011133;0.019333
2023-09-28;CNY_OIS_RUSFARCNY_10Y;-0.003914;0.039514
2023-10-09;CNY_OIS_RUSFARCNY_10Y;-0.005156;0.037156
2023-10-10;CNY_OIS_RUSFARCNY_10Y;-0.00273;0.03853
2023-10-11;CNY_OIS_RUSFARCNY_10Y;-0.008194;0.033594
2023-10-12;CNY_OIS_RUSFARCNY_10Y;-0.00969;0.03109
2023-10-13;CNY_OIS_RUSFARCNY_10Y;-0.008291;0.031291
2023-10-16;CNY_OIS_RUSFARCNY_10Y;-0.010643;0.028243
2023-10-17;CNY_OIS_RUSFARCNY_10Y;-0.009464;0.028264
2023-10-18;CNY_OIS_RUSFARCNY_10Y;-0.008495;0.028095
2023-10-19;CNY_OIS_RUSFARCNY_10Y;-0.006174;0.029574
2023-10-20;CNY_OIS_RUSFARCNY_10Y;-0.003453;0.031653
2023-10-23;CNY_OIS_RUSFARCNY_10Y;-0.002622;0.031422
2023-10-24;CNY_OIS_RUSFARCNY_10Y;-0.003807;0.029407
2023-10-25;CNY_OIS_RUSFARCNY_10Y;-0.005008;0.027408
2023-10-26;CNY_OIS_RUSFARCNY_10Y;-0.005887;0.025687
2023-10-27;CNY_OIS_RUSFARCNY_10Y;-0.005917;0.024717
2023-10-30;CNY_OIS_RUSFARCNY_10Y;-0.004227;0.025627
2023-10-31;CNY_OIS_RUSFARCNY_10Y;0.000782;0.033218
2023-11-01;CNY_OIS_RUSFARCNY_10Y;0.004736;0.037664
2023-11-02;CNY_OIS_RUSFARCNY_10Y;0.003977;0.036023
2023-11-03;CNY_OIS_RUSFARCNY_10Y;-0.003925;0.030725
2023-11-07;CNY_OIS_RUSFARCNY_10Y;-0.009651;0.026051
2023-11-08;CNY_OIS_RUSFARCNY_10Y;-0.013205;0.022405
2023-11-09;CNY_OIS_RUSFARCNY_10Y;-0.013594;0.020994
2023-11-10;CNY_OIS_RUSFARCNY_10Y;-0.012482;0.021082
2023-11-13;CNY_OIS_RUSFARCNY_10Y;-0.012172;0.020372
2023-11-14;CNY_OIS_RUSFARCNY_10Y;-0.0135;0.0183
2023-11-15;CNY_OIS_RUSFARCNY_10Y;-0.013422;0.017422
2023-11-16;CNY_OIS_RUSFARCNY_10Y;-0.012369;0.017569
2023-11-17;CNY_OIS_RUSFARCNY_10Y;-0.008266;0.022666
2023-11-20;CNY_OIS_RUSFARCNY_10Y;-0.007499;0.022499
2023-11-21;CNY_OIS_RUSFARCNY_10Y;-0.007764;0.021364
2023-11-22;CNY_OIS_RUSFARCNY_10Y;-0.009158;0.019358
2023-11-23;CNY_OIS_RUSFARCNY_10Y;-0.009773;0.017973
2023-11-24;CNY_OIS_RUSFARCNY_10Y;-0.00945;0.01745
2023-11-27;CNY_OIS_RUSFARCNY_10Y;-0.008459;0.017659
2023-11-28;CNY_OIS_RUSFARCNY_10Y;-0.007296;0.018096
2023-11-29;CNY_OIS_RUSFARCNY_10Y;-0.005963;0.018763
2023-11-30;CNY_OIS_RUSFARCNY_10Y;-0.001385;0.026585
2023-12-01;CNY_OIS_RUSFARCNY_10Y;0.000923;0.028477
2023-12-04;CNY_OIS_RUSFARCNY_10Y;-0.012302;0.022502
2023-12-05;CNY_OIS_RUSFARCNY_10Y;-0.011475;0.022275
2023-12-06;CNY_OIS_RUSFARCNY_10Y;-0.011895;0.020895
2023-12-07;CNY_OIS_RUSFARCNY_10Y;-0.011099;0.020699
2023-12-08;CNY_OIS_RUSFARCNY_10Y;-0.00975;0.02115
2023-12-11;CNY_OIS_RUSFARCNY_10Y;-0.006462;0.024462
2023-12-12;CNY_OIS_RUSFARCNY_10Y;-0.006503;0.023503
2023-12-13;CNY_OIS_RUSFARCNY_10Y;-0.003313;0.026713
2023-12-14;CNY_OIS_RUSFARCNY_10Y;-0.003793;0.025393
2023-12-15;CNY_OIS_RUSFARCNY_10Y;-0.009208;0.021208
2023-12-18;CNY_OIS_RUSFARCNY_10Y;-0.012025;0.018225
2023-12-19;CNY_OIS_RUSFARCNY_10Y;-0.010082;0.019482
2023-12-20;CNY_OIS_RUSFARCNY_10Y;-0.002603;0.055603
2023-12-21;CNY_OIS_RUSFARCNY_10Y;0.008674;0.076126
2023-12-22;CNY_OIS_RUSFARCNY_10Y;-0.017047;0.062647
2023-12-25;CNY_OIS_RUSFARCNY_10Y;-0.024179;0.054979
2023-12-26;CNY_OIS_RUSFARCNY_10Y;-0.028293;0.049293
2023-12-27;CNY_OIS_RUSFARCNY_10Y;-0.028969;0.046369
2023-12-28;CNY_OIS_RUSFARCNY_10Y;-0.010959;0.098359
2024-01-09;CNY_OIS_RUSFARCNY_10Y;-0.02846;0.08386
2024-01-10;CNY_OIS_RUSFARCNY_10Y;-0.046942;0.068742
2024-01-11;CNY_OIS_RUSFARCNY_10Y;-0.054064;0.059664
2024-01-12;CNY_OIS_RUSFARCNY_10Y;-0.053344;0.056944
2024-01-15;CNY_OIS_RUSFARCNY_10Y;-0.048593;0.058593
2024-01-16;CNY_OIS_RUSFARCNY_10Y;-0.048803;0.055203
2024-01-17;CNY_OIS_RUSFARCNY_10Y;-0.031912;0.079912
2024-01-18;CNY_OIS_RUSFARCNY_10Y;-0.033644;0.075044
2024-01-19;CNY_OIS_RUSFARCNY_10Y;-0.030904;0.074504
2024-01-22;CNY_OIS_RUSFARCNY_10Y;-0.020016;0.085216
2024-01-23;CNY_OIS_RUSFARCNY_10Y;-0.009646;0.095046
2024-01-24;CNY_OIS_RUSFARCNY_10Y;-0.019617;0.084617
2024-01-25;CNY_OIS_RUSFARCNY_10Y;-0.015988;0.085188
2024-01-26;CNY_OIS_RUSFARCNY_10Y;-0.01346;0.08466
2024-01-29;CNY_OIS_RUSFARCNY_10Y;-0.00322;0.09482
2024-01-30;CNY_OIS_RUSFARCNY_10Y;0.001054;0.096346
2024-01-31;CNY_OIS_RUSFARCNY_10Y;0.019017;0.127783
2024-02-01;CNY_OIS_RUSFARCNY_10Y;0.000516;0.112884
2024-02-02;CNY_OIS_RUSFARCNY_10Y;-0.022376;0.095976
2024-02-05;CNY_OIS_RUSFARCNY_10Y;-0.013897;0.102097
2024-02-06;CNY_OIS_RUSFARCNY_10Y;-0.006305;0.107105
2024-02-07;CNY_OIS_RUSFARCNY_10Y;-0.003492;0.106492
2024-02-08;CNY_OIS_RUSFARCNY_10Y;-0.007358;0.099958
2024-02-09;CNY_OIS_RUSFARCNY_10Y;-0.013003;0.092203
2024-02-19;CNY_OIS_RUSFARCNY_10Y;-0.023977;0.081177
2024-02-20;CNY_OIS_RUSFARCNY_10Y;-0.034697;0.070297
2024-02-21;CNY_OIS_RUSFARCNY_10Y;-0.020089;0.088689
2024-02-22;CNY_OIS_RUSFARCNY_10Y;-0.021439;0.084239
2024-02-26;CNY_OIS_RUSFARCNY_10Y;-0.019333;0.083133
2024-02-27;CNY_OIS_RUSFARCNY_10Y;-0.017872;0.081472
2024-02-28;CNY_OIS_RUSFARCNY_10Y;-0.004783;0.097183
2024-02-29;CNY_OIS_RUSFARCNY_10Y;0.019887;0.171913
2024-03-01;CNY_OIS_RUSFARCNY_10Y;0.046771;0.215229
2024-03-04;CNY_OIS_RUSFARCNY_10Y;-0.104016;0.173216
2024-03-05;CNY_OIS_RUSFARCNY_10Y;-0.092206;0.177206
2024-03-06;CNY_OIS_RUSFARCNY_10Y;-0.078978;0.183178
2024-03-07;CNY_OIS_RUSFARCNY_10Y;-0.069269;0.185269
2024-03-11;CNY_OIS_RUSFARCNY_10Y;-0.071057;0.176057
2024-03-12;CNY_OIS_RUSFARCNY_10Y;-0.073176;0.166776
2024-03-13;CNY_OIS_RUSFARCNY_10Y;-0.073405;0.159405
2024-03-14;CNY_OIS_RUSFARCNY_10Y;-0.069959;0.155759
2024-03-15;CNY_OIS_RUSFARCNY_10Y;-0.080096;0.140696
2024-03-18;CNY_OIS_RUSFARCNY_10Y;-0.075739;0.138339
2024-03-19;CNY_OIS_RUSFARCNY_10Y;-0.070602;0.137002
2024-03-20;CNY_OIS_RUSFARCNY_10Y;-0.071547;0.129947
2024-03-21;CNY_OIS_RUSFARCNY_10Y;-0.072272;0.123272
2024-03-22;CNY_OIS_RUSFARCNY_10Y;-0.085159;0.107359
2024-03-25;CNY_OIS_RUSFARCNY_10Y;-0.077779;0.109179
2024-03-26;CNY_OIS_RUSFARCNY_10Y;-0.078839;0.102639
2024-03-27;CNY_OIS_RUSFARCNY_10Y;-0.075875;0.100075
2024-03-28;CNY_OIS_RUSFARCNY_10Y;-0.063396;0.108996
2024-03-29;CNY_OIS_RUSFARCNY_10Y;-0.038764;0.140764
2024-04-01;CNY_OIS_RUSFARCNY_10Y;-0.083827;0.110827
2024-04-02;CNY_OIS_RUSFARCNY_10Y;-0.080563;0.108163
2024-04-03;CNY_OIS_RUSFARCNY_10Y;-0.05387;0.14227
2024-04-08;CNY_OIS_RUSFARCNY_10Y;-0.055953;0.134553
2024-04-09;CNY_OIS_RUSFARCNY_10Y;-0.064584;0.121784
2024-04-10;CNY_OIS_RUSFARCNY_10Y;-0.074932;0.107932
2024-04-11;CNY_OIS_RUSFARCNY_10Y;-0.068835;0.108635
2024-04-12;CNY_OIS_RUSFARCNY_10Y;-0.0535;0.1217
2024-04-15;CNY_OIS_RUSFARCNY_10Y;-0.053589;0.116389
2024-04-16;CNY_OIS_RUSFARCNY_10Y;-0.055773;0.109373
2024-04-17;CNY_OIS_RUSFARCNY_10Y;-0.051388;0.108788
2024-04-18;CNY_OIS_RUSFARCNY_10Y;-0.043983;0.111783
2024-04-19;CNY_OIS_RUSFARCNY_10Y;-0.029799;0.124399
2024-04-22;CNY_OIS_RUSFARCNY_10Y;-0.043075;0.109875
2024-04-23;CNY_OIS_RUSFARCNY_10Y;-0.050828;0.099028
2024-04-24;CNY_OIS_RUSFARCNY_10Y;-0.050999;0.094399
2024-04-25;CNY_OIS_RUSFARCNY_10Y;-0.03746;0.10666
2024-04-26;CNY_OIS_RUSFARCNY_10Y;-0.013334;0.143134
2024-05-06;CNY_OIS_RUSFARCNY_10Y;-0.050819;0.117619
2024-05-07;CNY_OIS_RUSFARCNY_10Y;-0.073758;0.097158
2024-05-08;CNY_OIS_RUSFARCNY_10Y;-0.071455;0.094255
2024-05-13;CNY_OIS_RUSFARCNY_10Y;-0.067255;0.093455
2024-05-14;CNY_OIS_RUSFARCNY_10Y;-0.065108;0.090708
2024-05-15;CNY_OIS_RUSFARCNY_10Y;-0.051932;0.101732
2024-05-16;CNY_OIS_RUSFARCNY_10Y;-0.044636;0.104836
2024-05-17;CNY_OIS_RUSFARCNY_10Y;-0.026515;0.125115
2024-05-20;CNY_OIS_RUSFARCNY_10Y;-0.048197;0.106197
2024-05-21;CNY_OIS_RUSFARCNY_10Y;-0.038164;0.112764
2024-05-22;CNY_OIS_RUSFARCNY_10Y;-0.052659;0.097659
2024-05-23;CNY_OIS_RUSFARCNY_10Y;-0.063935;0.084535
2024-05-24;CNY_OIS_RUSFARCNY_10Y;-0.062176;0.081776
2024-05-27;CNY_OIS_RUSFARCNY_10Y;-0.062544;0.077144
2024-05-28;CNY_OIS_RUSFARCNY_10Y;-0.049532;0.088932
2024-05-29;CNY_OIS_RUSFARCNY_10Y;-0.056179;0.079379
2024-05-30;CNY_OIS_RUSFARCNY_10Y;-0.04719;0.08539
2024-05-31;CNY_OIS_RUSFARCNY_10Y;-0.029732;0.106332
2024-06-03;CNY_OIS_RUSFARCNY_10Y;-0.048761;0.089561
2024-06-04;CNY_OIS_RUSFARCNY_10Y;-0.048383;0.085783
2024-06-05;CNY_OIS_RUSFARCNY_10Y;-0.055117;0.076317
2024-06-06;CNY_OIS_RUSFARCNY_10Y;-0.053416;0.074016
2024-06-07;CNY_OIS_RUSFARCNY_10Y;-0.050193;0.073393
2024-06-11;CNY_OIS_RUSFARCNY_10Y;-0.046643;0.073243
2024-06-13;CNY_OIS_RUSFARCNY_10Y;-0.033713;0.571513
2024-06-14;CNY_OIS_RUSFARCNY_10Y;-0.320258;0.440858
2024-06-17;CNY_OIS_RUSFARCNY_10Y;-0.312998;0.424998
2024-06-18;CNY_OIS_RUSFARCNY_10Y;-0.303362;0.412162
2024-06-19;CNY_OIS_RUSFARCNY_10Y;-0.289382;0.404382
2024-06-20;CNY_OIS_RUSFARCNY_10Y;-0.281226;0.391426
2024-06-21;CNY_OIS_RUSFARCNY_10Y;-0.25328;0.40028
2024-06-24;CNY_OIS_RUSFARCNY_10Y;-0.251255;0.382655
2024-06-25;CNY_OIS_RUSFARCNY_10Y;-0.251819;0.363219
2024-06-26;CNY_OIS_RUSFARCNY_10Y;-0.252886;0.343886
2024-06-27;CNY_OIS_RUSFARCNY_10Y;-0.235368;0.343568
2024-06-28;CNY_OIS_RUSFARCNY_10Y;-0.220539;0.340939
2024-07-01;CNY_OIS_RUSFARCNY_10Y;-0.205689;0.338889
2024-07-02;CNY_OIS_RUSFARCNY_10Y;-0.187459;0.341059
2024-07-03;CNY_OIS_RUSFARCNY_10Y;-0.159301;0.355501
2024-07-04;CNY_OIS_RUSFARCNY_10Y;-0.187859;0.317259
2024-07-05;CNY_OIS_RUSFARCNY_10Y;-0.18319;0.30659
2024-07-08;CNY_OIS_RUSFARCNY_10Y;-0.18039;0.29459
2024-07-09;CNY_OIS_RUSFARCNY_10Y;-0.174561;0.285961
2024-07-10;CNY_OIS_RUSFARCNY_10Y;-0.16127;0.28547
2024-07-11;CNY_OIS_RUSFARCNY_10Y;-0.150126;0.283126
2024-07-12;CNY_OIS_RUSFARCNY_10Y;-0.140751;0.279351
2024-07-15;CNY_OIS_RUSFARCNY_10Y;-0.134452;0.272852
2024-07-16;CNY_OIS_RUSFARCNY_10Y;-0.149952;0.247752
2024-07-17;CNY_OIS_RUSFARCNY_10Y;-0.154137;0.232137
2024-07-18;CNY_OIS_RUSFARCNY_10Y;-0.160446;0.215046
2024-07-19;CNY_OIS_RUSFARCNY_10Y;-0.137491;0.229091
2024-07-22;CNY_OIS_RUSFARCNY_10Y;-0.125854;0.229854
2024-07-23;CNY_OIS_RUSFARCNY_10Y;-0.103184;0.244384
2024-07-24;CNY_OIS_RUSFARCNY_10Y;-0.086195;0.251995
2024-07-25;CNY_OIS_RUSFARCNY_10Y;-0.096407;0.233207
2024-07-26;CNY_OIS_RUSFARCNY_10Y;-0.093709;0.225909
2024-07-29;CNY_OIS_RUSFARCNY_10Y;-0.084525;0.225525
2024-07-30;CNY_OIS_RUSFARCNY_10Y;-0.097062;0.205862
2024-07-31;CNY_OIS_RUSFARCNY_10Y;-0.081197;0.213797
2024-08-01;CNY_OIS_RUSFARCNY_10Y;-0.066723;0.220323
2024-08-02;CNY_OIS_RUSFARCNY_10Y;-0.054201;0.224801
2024-08-05;CNY_OIS_RUSFARCNY_10Y;-0.036668;0.235868
2024-08-06;CNY_OIS_RUSFARCNY_10Y;0.024184;0.379616
2024-08-07;CNY_OIS_RUSFARCNY_10Y;-0.03659;0.33079
2024-08-08;CNY_OIS_RUSFARCNY_10Y;-0.122262;0.271662
2024-08-09;CNY_OIS_RUSFARCNY_10Y;-0.116562;0.265362
2024-08-12;CNY_OIS_RUSFARCNY_10Y;-0.107484;0.262884
2024-08-13;CNY_OIS_RUSFARCNY_10Y;-0.094932;0.264532
2024-08-14;CNY_OIS_RUSFARCNY_10Y;-0.089657;0.258857
2024-08-15;CNY_OIS_RUSFARCNY_10Y;-0.086263;0.251663
2024-08-16;CNY_OIS_RUSFARCNY_10Y;-0.081817;0.245817
2024-08-19;CNY_OIS_RUSFARCNY_10Y;-0.077529;0.240129
2024-08-20;CNY_OIS_RUSFARCNY_10Y;-0.075116;0.232916
2024-08-21;CNY_OIS_RUSFARCNY_10Y;-0.069527;0.229127
2024-08-22;CNY_OIS_RUSFARCNY_10Y;-0.064679;0.224879
2024-08-23;CNY_OIS_RUSFARCNY_10Y;-0.057701;0.223101
2024-08-26;CNY_OIS_RUSFARCNY_10Y;-0.052132;0.220132
2024-08-27;CNY_OIS_RUSFARCNY_10Y;-0.047188;0.216788
2024-08-28;CNY_OIS_RUSFARCNY_10Y;-0.043568;0.212368
2024-08-29;CNY_OIS_RUSFARCNY_10Y;-0.039171;0.208971
2024-08-30;CNY_OIS_RUSFARCNY_10Y;0.012325;0.830675
2024-09-02;CNY_OIS_RUSFARCNY_10Y;0.110464;0.939536
2024-09-03;CNY_OIS_RUSFARCNY_10Y;0.188225;1.010375
2024-09-04;CNY_OIS_RUSFARCNY_10Y;0.308607;3.932993
2024-09-05;CNY_OIS_RUSFARCNY_10Y;-1.674642;3.115042
2024-09-06;CNY_OIS_RUSFARCNY_10Y;-2.186107;2.606507
2024-09-09;CNY_OIS_RUSFARCNY_10Y;-2.122632;2.524032
2024-09-10;CNY_OIS_RUSFARCNY_10Y;-2.137337;2.371937
2024-09-11;CNY_OIS_RUSFARCNY_10Y;-2.072056;2.299856
2024-09-12;CNY_OIS_RUSFARCNY_10Y;-1.994402;2.244402
2024-09-13;CNY_OIS_RUSFARCNY_10Y;-1.647654;2.526454
2024-09-18;CNY_OIS_RUSFARCNY_10Y;-1.210452;2.961452
2024-09-19;CNY_OIS_RUSFARCNY_10Y;-1.454564;2.642764
2024-09-20;CNY_OIS_RUSFARCNY_10Y;-1.866756;2.221956
2024-09-23;CNY_OIS_RUSFARCNY_10Y;-1.847283;2.118083
2024-09-24;CNY_OIS_RUSFARCNY_10Y;-1.792795;2.051795
2024-09-25;CNY_OIS_RUSFARCNY_10Y;-1.731038;1.996438
2024-09-26;CNY_OIS_RUSFARCNY_10Y;-1.675461;1.938461
2024-09-27;CNY_OIS_RUSFARCNY_10Y;-1.619214;1.884614
2024-09-30;CNY_OIS_RUSFARCNY_10Y;-1.553505;1.843705
2024-10-08;CNY_OIS_RUSFARCNY_10Y;-1.507372;1.786372
2024-10-09;CNY_OIS_RUSFARCNY_10Y;-1.456901;1.736501
2024-10-10;CNY_OIS_RUSFARCNY_10Y;-1.40756;1.68856
2024-10-11;CNY_OIS_RUSFARCNY_10Y;-1.358701;1.643101
2024-10-14;CNY_OIS_RUSFARCNY_10Y;-1.316383;1.593983
2024-10-15;CNY_OIS_RUSFARCNY_10Y;-1.273052;1.548652
2024-10-16;CNY_OIS_RUSFARCNY_10Y;-1.230172;1.505572
2024-10-17;CNY_OIS_RUSFARCNY_10Y;-1.189802;1.462602
2024-10-18;CNY_OIS_RUSFARCNY_10Y;-1.146804;1.424804
2024-10-21;CNY_OIS_RUSFARCNY_10Y;-1.107533;1.385733
2024-10-22;CNY_OIS_RUSFARCNY_10Y;-1.068956;1.348356
2024-10-23;CNY_OIS_RUSFARCNY_10Y;-1.031436;1.312236
2024-10-24;CNY_OIS_RUSFARCNY_10Y;-0.994238;1.278038
2024-10-25;CNY_OIS_RUSFARCNY_10Y;-0.96183;1.24123
2024-10-28;CNY_OIS_RUSFARCNY_10Y;-0.869161;1.271561
2024-10-29;CNY_OIS_RUSFARCNY_10Y;-0.842879;1.232679
2024-10-30;CNY_OIS_RUSFARCNY_10Y;-0.809566;1.202766
2024-10-31;CNY_OIS_RUSFARCNY_10Y;-0.772344;1.178744
2024-11-01;CNY_OIS_RUSFARCNY_10Y;-0.744227;1.147427
2024-11-05;CNY_OIS_RUSFARCNY_10Y;-0.717517;1.116517
2024-11-06;CNY_OIS_RUSFARCNY_10Y;-0.779711;1.009311
2024-11-07;CNY_OIS_RUSFARCNY_10Y;-0.808619;0.930419
2024-11-08;CNY_OIS_RUSFARCNY_10Y;-0.819696;0.868496
2024-11-11;CNY_OIS_RUSFARCNY_10Y;-0.792682;0.844082
2024-11-12;CNY_OIS_RUSFARCNY_10Y;-0.747802;0.839802
2024-11-13;CNY_OIS_RUSFARCNY_10Y;-0.72302;0.81622
2024-11-14;CNY_OIS_RUSFARCNY_10Y;-0.673804;0.819804
2024-11-15;CNY_OIS_RUSFARCNY_10Y;-0.537863;0.940663
2024-11-18;CNY_OIS_RUSFARCNY_10Y;-0.554915;0.881315
2024-11-19;CNY_OIS_RUSFARCNY_10Y;-0.505988;0.887988
2024-11-20;CNY_OIS_RUSFARCNY_10Y;-0.477212;0.874412
2024-11-21;CNY_OIS_RUSFARCNY_10Y;-0.457124;0.853324
2024-11-22;CNY_OIS_RUSFARCNY_10Y;-0.42639;0.84439
2024-11-25;CNY_OIS_RUSFARCNY_10Y;-0.461099;0.776699
2024-11-26;CNY_OIS_RUSFARCNY_10Y;-0.577726;0.654126
2024-11-27;CNY_OIS_RUSFARCNY_10Y;-0.571228;0.623428
2024-11-28;CNY_OIS_RUSFARCNY_10Y;-0.564172;0.594372
2024-11-29;CNY_OIS_RUSFARCNY_10Y;-0.548831;0.574431
2024-12-02;CNY_OIS_RUSFARCNY_10Y;-0.516904;0.572704
2024-12-03;CNY_OIS_RUSFARCNY_10Y;-0.51064;0.54604
2024-12-04;CNY_OIS_RUSFARCNY_10Y;-0.501813;0.522813
2024-12-05;CNY_OIS_RUSFARCNY_10Y;-0.489117;0.504317
2024-12-06;CNY_OIS_RUSFARCNY_10Y;-0.476393;0.486793
2024-12-09;CNY_OIS_RUSFARCNY_10Y;-0.459827;0.474027
2024-12-10;CNY_OIS_RUSFARCNY_10Y;-0.43401;0.47181
2024-12-11;CNY_OIS_RUSFARCNY_10Y;-0.420213;0.458013
2024-12-12;CNY_OIS_RUSFARCNY_10Y;-0.413097;0.438497
2024-12-13;CNY_OIS_RUSFARCNY_10Y;-0.402938;0.422738
2024-12-16;CNY_OIS_RUSFARCNY_10Y;-0.389762;0.410762
2024-12-17;CNY_OIS_RUSFARCNY_10Y;-0.380382;0.395782
2024-12-18;CNY_OIS_RUSFARCNY_10Y;-0.359802;0.393002
2024-12-19;CNY_OIS_RUSFARCNY_10Y;-0.350141;0.379741
2024-12-20;CNY_OIS_RUSFARCNY_10Y;-0.345604;0.362204
2024-12-23;CNY_OIS_RUSFARCNY_10Y;-0.339668;0.346668
2024-12-24;CNY_OIS_RUSFARCNY_10Y;-0.331827;0.333627
2024-12-25;CNY_OIS_RUSFARCNY_10Y;-0.324204;0.321004
2024-12-26;CNY_OIS_RUSFARCNY_10Y;-0.317598;0.307998
2024-12-27;CNY_OIS_RUSFARCNY_10Y;-0.299634;0.307234
2025-01-09;CNY_OIS_RUSFARCNY_10Y;-0.292803;0.295603
2025-01-10;CNY_OIS_RUSFARCNY_10Y;-0.290235;0.280435
2025-01-13;CNY_OIS_RUSFARCNY_10Y;-0.279948;0.273348
2025-01-14;CNY_OIS_RUSFARCNY_10Y;-0.271221;0.265221
2025-01-15;CNY_OIS_RUSFARCNY_10Y;-0.259975;0.260175
2025-01-16;CNY_OIS_RUSFARCNY_10Y;-0.250955;0.253355
2025-01-17;CNY_OIS_RUSFARCNY_10Y;-0.242575;0.246375
2025-01-20;CNY_OIS_RUSFARCNY_10Y;-0.235628;0.238428
2025-01-21;CNY_OIS_RUSFARCNY_10Y;-0.228407;0.231207
2025-01-22;CNY_OIS_RUSFARCNY_10Y;-0.222913;0.222713
2025-01-23;CNY_OIS_RUSFARCNY_10Y;-0.219663;0.212463
2025-01-24;CNY_OIS_RUSFARCNY_10Y;-0.214286;0.204686
2025-01-27;CNY_OIS_RUSFARCNY_10Y;-0.208606;0.197606
2025-02-05;CNY_OIS_RUSFARCNY_10Y;-0.20172;0.19212
2025-02-06;CNY_OIS_RUSFARCNY_10Y;-0.19413;0.18773
2025-02-07;CNY_OIS_RUSFARCNY_10Y;-0.191858;0.178458
2025-02-10;CNY_OIS_RUSFARCNY_10Y;-0.187322;0.171722
2025-02-11;CNY_OIS_RUSFARCNY_10Y;-0.178693;0.169493
2025-02-12;CNY_OIS_RUSFARCNY_10Y;-0.174292;0.163292
2025-02-13;CNY_OIS_RUSFARCNY_10Y;-0.161695;0.166095
2025-02-17;CNY_OIS_RUSFARCNY_10Y;-0.158617;0.159217
2025-02-18;CNY_OIS_RUSFARCNY_10Y;-0.155387;0.152787
2025-02-19;CNY_OIS_RUSFARCNY_10Y;-0.152001;0.146801
2025-02-20;CNY_OIS_RUSFARCNY_10Y;-0.15142;0.13842
2025-02-21;CNY_OIS_RUSFARCNY_10Y;-0.142698;0.138498
2025-02-24;CNY_OIS_RUSFARCNY_10Y;-0.133634;0.139234
2025-02-25;CNY_OIS_RUSFARCNY_10Y;-0.130584;0.133984
2025-02-26;CNY_OIS_RUSFARCNY_10Y;-0.128575;0.127975
2025-02-28;CNY_OIS_RUSFARCNY_10Y;-0.128546;0.120346
2025-03-03;CNY_OIS_RUSFARCNY_10Y;-0.124955;0.116355
2025-03-04;CNY_OIS_RUSFARCNY_10Y;-0.122996;0.110996
2025-03-05;CNY_OIS_RUSFARCNY_10Y;-0.117358;0.109558
2025-03-06;CNY_OIS_RUSFARCNY_10Y;-0.111926;0.108126
2025-03-07;CNY_OIS_RUSFARCNY_10Y;-0.107679;0.105679
2025-03-10;CNY_OIS_RUSFARCNY_10Y;-0.102553;0.104353
2025-03-11;CNY_OIS_RUSFARCNY_10Y;-0.099501;0.101101
2025-03-12;CNY_OIS_RUSFARCNY_10Y;-0.096346;0.098146
2025-03-13;CNY_OIS_RUSFARCNY_10Y;-0.091607;0.097007
2025-03-14;CNY_OIS_RUSFARCNY_10Y;-0.090046;0.092846
2025-03-17;CNY_OIS_RUSFARCNY_10Y;-0.086762;0.090562
2025-03-18;CNY_OIS_RUSFARCNY_10Y;-0.083762;0.088162
2025-03-19;CNY_OIS_RUSFARCNY_10Y;-0.082457;0.084257
2025-03-20;CNY_OIS_RUSFARCNY_10Y;-0.080017;0.081617
2025-03-21;CNY_OIS_RUSFARCNY_10Y;-0.07686;0.07986
2025-03-24;CNY_OIS_RUSFARCNY_10Y;-0.074473;0.077473
2025-03-25;CNY_OIS_RUSFARCNY_10Y;-0.072058;0.075258
2025-03-26;CNY_OIS_RUSFARCNY_10Y;-0.07062;0.07222
2025-03-27;CNY_OIS_RUSFARCNY_10Y;-0.067947;0.070547
2025-03-28;CNY_OIS_RUSFARCNY_10Y;-0.065538;0.068738
2025-03-31;CNY_OIS_RUSFARCNY_10Y;-0.067551;0.062951
2025-04-01;CNY_OIS_RUSFARCNY_10Y;-0.067919;0.058719
2025-04-02;CNY_OIS_RUSFARCNY_10Y;-0.065691;0.057091
2025-04-03;CNY_OIS_RUSFARCNY_10Y;-0.060276;0.059076
2025-04-07;CNY_OIS_RUSFARCNY_10Y;-0.059984;0.055784
2025-04-08;CNY_OIS_RUSFARCNY_10Y;-0.059029;0.053229
2025-04-09;CNY_OIS_RUSFARCNY_10Y;-0.055084;0.053884
2025-04-10;CNY_OIS_RUSFARCNY_10Y;-0.053625;0.052025
2025-04-11;CNY_OIS_RUSFARCNY_10Y;-0.051717;0.050717
2025-04-14;CNY_OIS_RUSFARCNY_10Y;-0.049957;0.049357
2025-04-15;CNY_OIS_RUSFARCNY_10Y;-0.048545;0.047745
2025-04-16;CNY_OIS_RUSFARCNY_10Y;-0.047785;0.045585
2025-04-17;CNY_OIS_RUSFARCNY_10Y;-0.045378;0.045178
2025-04-18;CNY_OIS_RUSFARCNY_10Y;-0.0437;0.0441
2025-04-21;CNY_OIS_RUSFARCNY_10Y;-0.039778;0.045578
2025-04-22;CNY_OIS_RUSFARCNY_10Y;-0.03808;0.04468
2025-04-23;CNY_OIS_RUSFARCNY_10Y;-0.036422;0.043822
2025-04-24;CNY_OIS_RUSFARCNY_10Y;-0.037163;0.040763
2025-04-25;CNY_OIS_RUSFARCNY_10Y;-0.036379;0.039179
2025-04-28;CNY_OIS_RUSFARCNY_10Y;-0.041642;0.032842
2025-04-29;CNY_OIS_RUSFARCNY_10Y;-0.043565;0.028965
2025-04-30;CNY_OIS_RUSFARCNY_10Y;-0.038597;0.032397
2025-05-06;CNY_OIS_RUSFARCNY_10Y;-0.035966;0.032966
2025-05-07;CNY_OIS_RUSFARCNY_10Y;-0.033089;0.033889
2025-05-12;CNY_OIS_RUSFARCNY_10Y;-0.031379;0.033579
2025-05-13;CNY_OIS_RUSFARCNY_10Y;-0.029411;0.033611
2025-05-14;CNY_OIS_RUSFARCNY_10Y;-0.027569;0.033569
2025-05-15;CNY_OIS_RUSFARCNY_10Y;-0.028189;0.031189
2025-05-16;CNY_OIS_RUSFARCNY_10Y;-0.027384;0.030184
2025-05-19;CNY_OIS_RUSFARCNY_10Y;-0.026911;0.028911
2025-05-20;CNY_OIS_RUSFARCNY_10Y;-0.025373;0.028773
2025-05-21;CNY_OIS_RUSFARCNY_10Y;-0.024851;0.027651
2025-05-22;CNY_OIS_RUSFARCNY_10Y;-0.023655;0.027255
2025-05-23;CNY_OIS_RUSFARCNY_10Y;-0.02298;0.02638
2025-05-26;CNY_OIS_RUSFARCNY_10Y;-0.022633;0.025233
2025-05-27;CNY_OIS_RUSFARCNY_10Y;-0.020746;0.025746
2025-05-28;CNY_OIS_RUSFARCNY_10Y;-0.023901;0.021901
2025-05-29;CNY_OIS_RUSFARCNY_10Y;-0.023005;0.021405
2025-05-30;CNY_OIS_RUSFARCNY_10Y;-0.021836;0.021236
2025-06-03;CNY_OIS_RUSFARCNY_10Y;-0.019397;0.022597
2025-06-04;CNY_OIS_RUSFARCNY_10Y;-0.01979;0.02099
2025-06-05;CNY_OIS_RUSFARCNY_10Y;-0.019472;0.020072
2025-06-06;CNY_OIS_RUSFARCNY_10Y;-0.019798;0.018598
2025-06-09;CNY_OIS_RUSFARCNY_10Y;-0.019213;0.018013
2025-06-10;CNY_OIS_RUSFARCNY_10Y;-0.016795;0.019595
2025-06-11;CNY_OIS_RUSFARCNY_10Y;-0.017496;0.017896
2025-06-16;CNY_OIS_RUSFARCNY_10Y;-0.017996;0.016396
2025-06-17;CNY_OIS_RUSFARCNY_10Y;-0.015889;0.017689
2025-06-18;CNY_OIS_RUSFARCNY_10Y;-0.016098;0.016498
2025-06-19;CNY_OIS_RUSFARCNY_10Y;-0.015305;0.016305
2025-06-20;CNY_OIS_RUSFARCNY_10Y;-0.014924;0.015724
2025-06-23;CNY_OIS_RUSFARCNY_10Y;-0.014457;0.015257
2025-06-24;CNY_OIS_RUSFARCNY_10Y;-0.014207;0.014607
2025-06-25;CNY_OIS_RUSFARCNY_10Y;-0.014385;0.013585
2025-06-26;CNY_OIS_RUSFARCNY_10Y;-0.013663;0.013463
2025-06-27;CNY_OIS_RUSFARCNY_10Y;-0.012955;0.013355
2025-06-30;CNY_OIS_RUSFARCNY_10Y;-0.01188;0.01368
2025-07-01;CNY_OIS_RUSFARCNY_10Y;-0.012217;0.012617
2025-07-02;CNY_OIS_RUSFARCNY_10Y;-0.012459;0.011659
2025-07-03;CNY_OIS_RUSFARCNY_10Y;-0.013375;0.010175
2025-07-04;CNY_OIS_RUSFARCNY_10Y;-0.011328;0.011928
2025-07-07;CNY_OIS_RUSFARCNY_10Y;-0.010973;0.011573
2025-07-08;CNY_OIS_RUSFARCNY_10Y;-0.011252;0.010652
2025-07-09;CNY_OIS_RUSFARCNY_10Y;-0.010918;0.010318
2025-07-10;CNY_OIS_RUSFARCNY_10Y;-0.011111;0.009511
2025-07-11;CNY_OIS_RUSFARCNY_10Y;-0.009611;0.010611
2025-07-14;CNY_OIS_RUSFARCNY_10Y;-0.010718;0.009118
2025-07-15;CNY_OIS_RUSFARCNY_10Y;-0.011151;0.008151
2025-07-16;CNY_OIS_RUSFARCNY_10Y;-0.011815;0.007015
2025-07-17;CNY_OIS_RUSFARCNY_10Y;-0.012264;0.006064
2025-07-18;CNY_OIS_RUSFARCNY_10Y;-0.011985;0.005785
2025-07-21;CNY_OIS_RUSFARCNY_10Y;-0.010389;0.007189
2025-07-22;CNY_OIS_RUSFARCNY_10Y;-0.0092;0.008
2025-07-23;CNY_OIS_RUSFARCNY_10Y;-0.008938;0.007738
2025-07-24;CNY_OIS_RUSFARCNY_10Y;-0.008487;0.007687
2025-07-25;CNY_OIS_RUSFARCNY_10Y;-0.010315;0.005915
2025-07-28;CNY_OIS_RUSFARCNY_10Y;-0.009237;0.006637
2025-07-29;CNY_OIS_RUSFARCNY_10Y;-0.008995;0.006395
2025-07-30;CNY_OIS_RUSFARCNY_10Y;-0.009618;0.005418
2025-07-31;CNY_OIS_RUSFARCNY_10Y;-0.009098;0.005498
2025-08-01;CNY_OIS_RUSFARCNY_10Y;-0.009291;0.004891
2025-08-04;CNY_OIS_RUSFARCNY_10Y;-0.008976;0.004776
2025-08-05;CNY_OIS_RUSFARCNY_10Y;-0.008475;0.004875
2025-08-06;CNY_OIS_RUSFARCNY_10Y;-0.008272;0.004672
2025-08-07;CNY_OIS_RUSFARCNY_10Y;-0.010632;0.002832
2025-08-08;CNY_OIS_RUSFARCNY_10Y;-0.009693;0.003493
2025-08-11;CNY_OIS_RUSFARCNY_10Y;-0.008157;0.005157
2025-08-12;CNY_OIS_RUSFARCNY_10Y;-0.008264;0.004664
2025-08-13;CNY_OIS_RUSFARCNY_10Y;-0.006946;0.005946
2025-08-14;CNY_OIS_RUSFARCNY_10Y;-0.007737;0.004937
2025-08-15;CNY_OIS_RUSFARCNY_10Y;-0.006983;0.005383
2025-08-18;CNY_OIS_RUSFARCNY_10Y;-0.006795;0.005195
2025-08-19;CNY_OIS_RUSFARCNY_10Y;-0.007606;0.004206
2025-08-20;CNY_OIS_RUSFARCNY_10Y;-0.007136;0.004336
2025-08-21;CNY_OIS_RUSFARCNY_10Y;-0.007272;0.003872
2025-08-22;CNY_OIS_RUSFARCNY_10Y;-0.007204;0.003604
2025-08-25;CNY_OIS_RUSFARCNY_10Y;-0.006941;0.003541
2025-08-26;CNY_OIS_RUSFARCNY_10Y;-0.006882;0.003282
2025-08-27;CNY_OIS_RUSFARCNY_10Y;-0.006262;0.003662
2025-08-28;CNY_OIS_RUSFARCNY_10Y;-0.006423;0.003223
2025-08-29;CNY_OIS_RUSFARCNY_10Y;-0.006812;0.002612
2025-09-01;CNY_OIS_RUSFARCNY_10Y;-0.006874;0.002274
2025-09-02;CNY_OIS_RUSFARCNY_10Y;-0.007273;0.001673
2025-09-03;CNY_OIS_RUSFARCNY_10Y;-0.007675;0.001075
2025-09-04;CNY_OIS_RUSFARCNY_10Y;-0.007644;0.000844
2025-09-05;CNY_OIS_RUSFARCNY_10Y;-0.007941;0.000341
2025-09-08;CNY_OIS_RUSFARCNY_10Y;-0.007048;0.001248
2025-09-09;CNY_OIS_RUSFARCNY_10Y;-0.006156;0.002156
2025-09-10;CNY_OIS_RUSFARCNY_10Y;-0.007464;0.001064
2025-09-11;CNY_OIS_RUSFARCNY_10Y;-0.005481;0.006281
2025-09-12;CNY_OIS_RUSFARCNY_10Y;-0.004497;0.007097
2025-09-15;CNY_OIS_RUSFARCNY_10Y;-0.002957;0.008957
2025-09-16;CNY_OIS_RUSFARCNY_10Y;-0.003418;0.008218
2025-09-17;CNY_OIS_RUSFARCNY_10Y;-0.00324;0.00804
2025-09-18;CNY_OIS_RUSFARCNY_10Y;-0.00297;0.00797
2025-09-19;CNY_OIS_RUSFARCNY_10Y;-0.003008;0.007608
2025-09-22;CNY_OIS_RUSFARCNY_10Y;-0.003493;0.006893
2025-09-23;CNY_OIS_RUSFARCNY_10Y;-0.003869;0.006269
2025-09-24;CNY_OIS_RUSFARCNY_10Y;-0.003616;0.006216
2025-09-25;CNY_OIS_RUSFARCNY_10Y;-0.003567;0.005967
2025-09-26;CNY_OIS_RUSFARCNY_10Y;-0.003228;0.006028
2025-09-29;CNY_OIS_RUSFARCNY_10Y;-0.0028;0.0062
2025-09-30;CNY_OIS_RUSFARCNY_10Y;-0.008675;0.004075
2025-10-09;CNY_OIS_RUSFARCNY_10Y;-0.006531;0.007331
2025-10-10;CNY_OIS_RUSFARCNY_10Y;-0.005936;0.007536
2025-10-13;CNY_OIS_RUSFARCNY_10Y;-0.005081;0.008081
2025-10-14;CNY_OIS_RUSFARCNY_10Y;-0.00459;0.00819
2025-10-15;CNY_OIS_RUSFARCNY_10Y;-0.004106;0.008306
2025-10-16;CNY_OIS_RUSFARCNY_10Y;-0.003916;0.008116
2025-10-17;CNY_OIS_RUSFARCNY_10Y;-0.003938;0.007738
2025-10-20;CNY_OIS_RUSFARCNY_10Y;-0.00329;0.00809
2025-10-21;CNY_OIS_RUSFARCNY_10Y;-0.003218;0.007818
2025-10-22;CNY_OIS_RUSFARCNY_10Y;-0.00347;0.00727
2025-10-23;CNY_OIS_RUSFARCNY_10Y;-0.002753;0.007753
2025-10-24;CNY_OIS_RUSFARCNY_10Y;-0.002798;0.007398
2025-10-27;CNY_OIS_RUSFARCNY_10Y;-0.002744;0.007144
2025-10-28;CNY_OIS_RUSFARCNY_10Y;-0.002799;0.006799
2025-10-29;CNY_OIS_RUSFARCNY_10Y;-0.003925;0.005725
2025-10-30;CNY_OIS_RUSFARCNY_10Y;-0.003314;0.006114
2025-10-31;CNY_OIS_RUSFARCNY_10Y;-0.003594;0.005594
2025-11-05;CNY_OIS_RUSFARCNY_10Y;-0.002908;0.006108
2025-11-06;CNY_OIS_RUSFARCNY_10Y;-0.002309;0.006509
2025-11-07;CNY_OIS_RUSFARCNY_10Y;-0.001134;0.007934
2025-11-10;CNY_OIS_RUSFARCNY_10Y;-0.001651;0.007251
2025-11-11;CNY_OIS_RUSFARCNY_10Y;-0.002414;0.006414
2025-11-12;CNY_OIS_RUSFARCNY_10Y;-0.002594;0.005994
2025-11-13;CNY_OIS_RUSFARCNY_10Y;-0.00149;0.00729
2025-11-14;CNY_OIS_RUSFARCNY_10Y;-0.001071;0.007471
2025-11-17;CNY_OIS_RUSFARCNY_10Y;-0.001255;0.007055
2025-11-18;CNY_OIS_RUSFARCNY_10Y;-0.001129;0.006929
2025-11-19;CNY_OIS_RUSFARCNY_10Y;-0.002044;0.006044
2025-11-20;CNY_OIS_RUSFARCNY_10Y;-0.001636;0.006236
2025-11-21;CNY_OIS_RUSFARCNY_10Y;-0.001723;0.005923
2025-11-24;CNY_OIS_RUSFARCNY_10Y;-0.001236;0.006236
2025-11-25;CNY_OIS_RUSFARCNY_10Y;-0.001912;0.005512
2025-11-26;CNY_OIS_RUSFARCNY_10Y;-0.001429;0.005829
2025-11-27;CNY_OIS_RUSFARCNY_10Y;-0.001318;0.005718
2025-11-28;CNY_OIS_RUSFARCNY_10Y;-0.001882;0.005082
2025-12-01;CNY_OIS_RUSFARCNY_10Y;-0.001101;0.005901
2025-12-02;CNY_OIS_RUSFARCNY_10Y;-0.00247;0.00487
2025-12-03;CNY_OIS_RUSFARCNY_10Y;-0.003543;0.003943
2025-12-04;CNY_OIS_RUSFARCNY_10Y;-0.003975;0.003375
2025-12-05;CNY_OIS_RUSFARCNY_10Y;-0.003765;0.003365
2025-12-08;CNY_OIS_RUSFARCNY_10Y;-0.001992;0.009592
2025-12-09;CNY_OIS_RUSFARCNY_10Y;-0.001815;0.009415
2025-12-10;CNY_OIS_RUSFARCNY_10Y;-0.001956;0.008956
2025-12-11;CNY_OIS_RUSFARCNY_10Y;-0.001994;0.008594
2025-12-12;CNY_OIS_RUSFARCNY_10Y;-0.001638;0.008638
2025-12-15;CNY_OIS_RUSFARCNY_10Y;-0.001016;0.009016
2025-12-16;CNY_OIS_RUSFARCNY_10Y;-0.001513;0.008313
2025-12-17;CNY_OIS_RUSFARCNY_10Y;-0.002132;0.007532
2025-12-18;CNY_OIS_RUSFARCNY_10Y;-0.00179;0.00759
2025-12-19;CNY_OIS_RUSFARCNY_10Y;-0.001749;0.007349
2025-12-22;CNY_OIS_RUSFARCNY_10Y;-0.000985;0.007985
2025-12-23;CNY_OIS_RUSFARCNY_10Y;-0.000387;0.008387
2025-12-24;CNY_OIS_RUSFARCNY_10Y;0.000122;0.008678
2025-12-25;CNY_OIS_RUSFARCNY_10Y;0.000537;0.008863
2025-12-26;CNY_OIS_RUSFARCNY_10Y;-0.000633;0.007833
2025-12-29;CNY_OIS_RUSFARCNY_10Y;-0.000931;0.007331
2026-01-12;CNY_OIS_RUSFARCNY_10Y;0.000482;0.009518
2026-01-13;CNY_OIS_RUSFARCNY_10Y;-0.001654;0.008054
2026-01-14;CNY_OIS_RUSFARCNY_10Y;-0.001819;0.007619
2026-01-15;CNY_OIS_RUSFARCNY_10Y;-0.001675;0.007475
2026-01-16;CNY_OIS_RUSFARCNY_10Y;-0.002074;0.006874
2026-01-19;CNY_OIS_RUSFARCNY_10Y;-0.001938;0.006738
2026-01-20;CNY_OIS_RUSFARCNY_10Y;-0.001263;0.007263
2026-01-21;CNY_OIS_RUSFARCNY_10Y;0.000883;0.018717
2026-01-22;CNY_OIS_RUSFARCNY_10Y;0.004844;0.027956
2026-01-23;CNY_OIS_RUSFARCNY_10Y;-0.008105;0.022705
2026-01-26;CNY_OIS_RUSFARCNY_10Y;-0.007052;0.022852
2026-01-27;CNY_OIS_RUSFARCNY_10Y;-0.007004;0.022004
2026-01-28;CNY_OIS_RUSFARCNY_10Y;-0.007286;0.020886
2026-01-29;CNY_OIS_RUSFARCNY_10Y;-0.008816;0.018816
2026-01-30;CNY_OIS_RUSFARCNY_10Y;-0.0081;0.0187
2026-02-02;CNY_OIS_RUSFARCNY_10Y;-0.005512;0.021112
2026-02-03;CNY_OIS_RUSFARCNY_10Y;-0.00364;0.02244
2026-02-04;CNY_OIS_RUSFARCNY_10Y;-0.002296;0.023096
2026-02-05;CNY_OIS_RUSFARCNY_10Y;-0.002214;0.022414
2026-02-06;CNY_OIS_RUSFARCNY_10Y;-0.005258;0.206858
2026-02-09;CNY_OIS_RUSFARCNY_10Y;-0.014507;0.192907
2026-02-10;CNY_OIS_RUSFARCNY_10Y;-0.091824;0.151824
2026-02-11;CNY_OIS_RUSFARCNY_10Y;-0.036119;0.291519
2026-02-12;CNY_OIS_RUSFARCNY_10Y;-0.081936;0.251136
2026-02-13;CNY_OIS_RUSFARCNY_10Y;-0.087172;0.236572
2026-02-24;CNY_OIS_RUSFARCNY_10Y;-0.055099;0.267099
2026-02-25;CNY_OIS_RUSFARCNY_10Y;-0.052209;0.260209
2026-02-26;CNY_OIS_RUSFARCNY_10Y;-0.048354;0.254554
2026-02-27;CNY_OIS_RUSFARCNY_10Y;-0.063455;0.233255
2026-03-02;CNY_OIS_RUSFARCNY_10Y;-0.082468;0.209468
2026-03-03;CNY_OIS_RUSFARCNY_10Y;-0.086112;0.197512
2026-03-04;CNY_OIS_RUSFARCNY_10Y;-0.071832;0.204232
2026-03-05;CNY_OIS_RUSFARCNY_10Y;-0.07202;0.19582
2026-03-06;CNY_OIS_RUSFARCNY_10Y;-0.06194;0.19814
2026-03-10;CNY_OIS_RUSFARCNY_10Y;-0.066429;0.186429
2026-03-11;CNY_OIS_RUSFARCNY_10Y;-0.04068;0.21148
2026-03-12;CNY_OIS_RUSFARCNY_10Y;-0.01178;0.24238
2026-03-13;CNY_OIS_RUSFARCNY_10Y;-0.00035;0.24675
2026-03-16;CNY_OIS_RUSFARCNY_10Y;0.017485;0.259715
2026-03-17;CNY_OIS_RUSFARCNY_10Y;0.025653;0.260747
2026-03-18;CNY_OIS_RUSFARCNY_10Y;0.071445;0.344755
2026-03-19;CNY_OIS_RUSFARCNY_10Y;0.139773;0.738827
2026-03-20;CNY_OIS_RUSFARCNY_10Y;-0.275109;0.595509
2026-03-23;CNY_OIS_RUSFARCNY_10Y;-0.361929;0.506529
2026-03-24;CNY_OIS_RUSFARCNY_10Y;-0.327755;0.515755
2026-03-25;CNY_OIS_RUSFARCNY_10Y;-0.286029;0.534829
2026-03-26;CNY_OIS_RUSFARCNY_10Y;-0.30527;0.49367
2026-03-27;CNY_OIS_RUSFARCNY_10Y;-0.302965;0.471965
2026-03-30;CNY_OIS_RUSFARCNY_10Y;-0.329257;0.426657
2026-03-31;CNY_OIS_RUSFARCNY_10Y;-0.341824;0.393024
2026-04-01;CNY_OIS_RUSFARCNY_10Y;-0.319669;0.393269
2026-04-02;CNY_OIS_RUSFARCNY_10Y;-0.301419;0.390019
2026-04-03;CNY_OIS_RUSFARCNY_10Y;-0.281665;0.389065
2026-04-07;CNY_OIS_RUSFARCNY_10Y;-0.289584;0.361984
2026-04-08;CNY_OIS_RUSFARCNY_10Y;-0.306545;0.327945
2026-04-09;CNY_OIS_RUSFARCNY_10Y;-0.298285;0.316885
2026-04-10;CNY_OIS_RUSFARCNY_10Y;-0.289015;0.307415
2026-04-13;CNY_OIS_RUSFARCNY_10Y;-0.259777;0.320577
2026-04-14;CNY_OIS_RUSFARCNY_10Y;-0.263706;0.299706
2026-04-15;CNY_OIS_RUSFARCNY_10Y;-0.266634;0.280234
2026-04-16;CNY_OIS_RUSFARCNY_10Y;-0.259608;0.270608
2026-04-17;CNY_OIS_RUSFARCNY_10Y;-0.252033;0.262033
2026-04-20;CNY_OIS_RUSFARCNY_10Y;-0.243703;0.254703
2026-04-21;CNY_OIS_RUSFARCNY_10Y;-0.238933;0.244333
2026-04-22;CNY_OIS_RUSFARCNY_10Y;-0.232173;0.236373
2026-04-23;CNY_OIS_RUSFARCNY_10Y;-0.225136;0.229136
2013-01-05;CNY_OIS_RUSFARCNY_1Y;0.016159;0.023749
2013-01-06;CNY_OIS_RUSFARCNY_1Y;0.015204;0.022604
2013-01-07;CNY_OIS_RUSFARCNY_1Y;0.014852;0.022034
2013-01-08;CNY_OIS_RUSFARCNY_1Y;0.014882;0.021846
2013-01-09;CNY_OIS_RUSFARCNY_1Y;0.014606;0.021362
2013-01-10;CNY_OIS_RUSFARCNY_1Y;0.014719;0.021269
2013-01-11;CNY_OIS_RUSFARCNY_1Y;0.014778;0.02113
2013-01-14;CNY_OIS_RUSFARCNY_1Y;0.014614;0.020774
2013-01-15;CNY_OIS_RUSFARCNY_1Y;0.014976;0.020952
2013-01-16;CNY_OIS_RUSFARCNY_1Y;0.014724;0.020524
2013-01-17;CNY_OIS_RUSFARCNY_1Y;0.014388;0.02002
2013-01-18;CNY_OIS_RUSFARCNY_1Y;0.013968;0.01944
2013-01-21;CNY_OIS_RUSFARCNY_1Y;0.01384;0.019148
2013-01-22;CNY_OIS_RUSFARCNY_1Y;0.013608;0.01876
2013-01-23;CNY_OIS_RUSFARCNY_1Y;0.013825;0.018821
2013-01-24;CNY_OIS_RUSFARCNY_1Y;0.015114;0.020044
2013-01-25;CNY_OIS_RUSFARCNY_1Y;0.01555;0.020338
2013-01-28;CNY_OIS_RUSFARCNY_1Y;0.015593;0.020235
2013-01-29;CNY_OIS_RUSFARCNY_1Y;0.015664;0.020164
2013-01-30;CNY_OIS_RUSFARCNY_1Y;0.015732;0.020096
2013-01-31;CNY_OIS_RUSFARCNY_1Y;0.017762;0.022266
2013-02-01;CNY_OIS_RUSFARCNY_1Y;0.021098;0.02622
2013-02-04;CNY_OIS_RUSFARCNY_1Y;0.022694;0.027794
2013-02-05;CNY_OIS_RUSFARCNY_1Y;0.026505;0.032323
2013-02-06;CNY_OIS_RUSFARCNY_1Y;0.02978;0.035968
2013-02-07;CNY_OIS_RUSFARCNY_1Y;0.030372;0.036382
2013-02-08;CNY_OIS_RUSFARCNY_1Y;0.01957;0.028558
2013-02-16;CNY_OIS_RUSFARCNY_1Y;0.011588;0.02184
2013-02-17;CNY_OIS_RUSFARCNY_1Y;0.010925;0.020883
2013-02-18;CNY_OIS_RUSFARCNY_1Y;0.010745;0.020403
2013-02-19;CNY_OIS_RUSFARCNY_1Y;0.010925;0.020289
2013-02-20;CNY_OIS_RUSFARCNY_1Y;0.011173;0.020251
2013-02-21;CNY_OIS_RUSFARCNY_1Y;0.012664;0.021524
2013-02-22;CNY_OIS_RUSFARCNY_1Y;0.014567;0.023261
2013-02-25;CNY_OIS_RUSFARCNY_1Y;0.016504;0.025044
2013-02-26;CNY_OIS_RUSFARCNY_1Y;0.027482;0.040146
2013-02-27;CNY_OIS_RUSFARCNY_1Y;0.030031;0.042437
2013-02-28;CNY_OIS_RUSFARCNY_1Y;0.031003;0.043045
2013-03-01;CNY_OIS_RUSFARCNY_1Y;0.032418;0.04413
2013-03-04;CNY_OIS_RUSFARCNY_1Y;0.023383;0.036315
2013-03-05;CNY_OIS_RUSFARCNY_1Y;0.020743;0.033445
2013-03-06;CNY_OIS_RUSFARCNY_1Y;0.019309;0.031679
2013-03-07;CNY_OIS_RUSFARCNY_1Y;0.015624;0.027924
2013-03-08;CNY_OIS_RUSFARCNY_1Y;0.015631;0.027557
2013-03-11;CNY_OIS_RUSFARCNY_1Y;0.013382;0.025076
2013-03-12;CNY_OIS_RUSFARCNY_1Y;0.012173;0.023555
2013-03-13;CNY_OIS_RUSFARCNY_1Y;0.012116;0.023152
2013-03-14;CNY_OIS_RUSFARCNY_1Y;0.012134;0.022834
2013-03-15;CNY_OIS_RUSFARCNY_1Y;0.012367;0.022741
2013-03-18;CNY_OIS_RUSFARCNY_1Y;0.016848;0.02746
2013-03-19;CNY_OIS_RUSFARCNY_1Y;0.014151;0.024637
2013-03-20;CNY_OIS_RUSFARCNY_1Y;0.012289;0.022559
2013-03-21;CNY_OIS_RUSFARCNY_1Y;0.011299;0.021289
2013-03-22;CNY_OIS_RUSFARCNY_1Y;0.010117;0.019851
2013-03-25;CNY_OIS_RUSFARCNY_1Y;0.009015;0.018495
2013-03-26;CNY_OIS_RUSFARCNY_1Y;0.009058;0.01825
2013-03-27;CNY_OIS_RUSFARCNY_1Y;0.009861;0.018787
2013-03-28;CNY_OIS_RUSFARCNY_1Y;0.010087;0.018741
2013-03-29;CNY_OIS_RUSFARCNY_1Y;0.018334;0.029174
2013-04-01;CNY_OIS_RUSFARCNY_1Y;0.01099;0.022668
2013-04-02;CNY_OIS_RUSFARCNY_1Y;0.011442;0.022766
2013-04-03;CNY_OIS_RUSFARCNY_1Y;0.012348;0.02334
2013-04-07;CNY_OIS_RUSFARCNY_1Y;0.011911;0.022577
2013-04-08;CNY_OIS_RUSFARCNY_1Y;0.013523;0.023921
2013-04-09;CNY_OIS_RUSFARCNY_1Y;0.013271;0.023357
2013-04-10;CNY_OIS_RUSFARCNY_1Y;0.013259;0.023039
2013-04-11;CNY_OIS_RUSFARCNY_1Y;0.012838;0.022328
2013-04-12;CNY_OIS_RUSFARCNY_1Y;0.012549;0.021755
2013-04-15;CNY_OIS_RUSFARCNY_1Y;0.012983;0.021911
2013-04-16;CNY_OIS_RUSFARCNY_1Y;0.012754;0.021414
2013-04-17;CNY_OIS_RUSFARCNY_1Y;0.012853;0.021251
2013-04-18;CNY_OIS_RUSFARCNY_1Y;0.014861;0.023127
2013-04-19;CNY_OIS_RUSFARCNY_1Y;0.017793;0.026095
2013-04-22;CNY_OIS_RUSFARCNY_1Y;0.01923;0.027338
2013-04-23;CNY_OIS_RUSFARCNY_1Y;0.022497;0.030731
2013-04-24;CNY_OIS_RUSFARCNY_1Y;0.031867;0.043181
2013-04-25;CNY_OIS_RUSFARCNY_1Y;0.034275;0.045373
2013-04-26;CNY_OIS_RUSFARCNY_1Y;0.019741;0.034087
2013-04-27;CNY_OIS_RUSFARCNY_1Y;0.02012;0.034028
2013-04-28;CNY_OIS_RUSFARCNY_1Y;0.018437;0.031991
2013-05-02;CNY_OIS_RUSFARCNY_1Y;0.018342;0.031486
2013-05-03;CNY_OIS_RUSFARCNY_1Y;0.0205;0.033328
2013-05-06;CNY_OIS_RUSFARCNY_1Y;0.018443;0.030985
2013-05-07;CNY_OIS_RUSFARCNY_1Y;0.014242;0.026786
2013-05-08;CNY_OIS_RUSFARCNY_1Y;0.011864;0.024164
2013-05-09;CNY_OIS_RUSFARCNY_1Y;0.012051;0.023977
2013-05-10;CNY_OIS_RUSFARCNY_1Y;0.012532;0.024096
2013-05-13;CNY_OIS_RUSFARCNY_1Y;0.012881;0.024093
2013-05-14;CNY_OIS_RUSFARCNY_1Y;0.01387;0.024758
2013-05-15;CNY_OIS_RUSFARCNY_1Y;0.014081;0.024637
2013-05-16;CNY_OIS_RUSFARCNY_1Y;0.018547;0.029321
2013-05-17;CNY_OIS_RUSFARCNY_1Y;0.020105;0.030601
2013-05-20;CNY_OIS_RUSFARCNY_1Y;0.021379;0.031589
2013-05-21;CNY_OIS_RUSFARCNY_1Y;0.025347;0.035681
2013-05-22;CNY_OIS_RUSFARCNY_1Y;0.026139;0.036169
2013-05-23;CNY_OIS_RUSFARCNY_1Y;0.028771;0.038677
2013-05-24;CNY_OIS_RUSFARCNY_1Y;0.027108;0.0368
2013-05-27;CNY_OIS_RUSFARCNY_1Y;0.027811;0.037217
2013-05-28;CNY_OIS_RUSFARCNY_1Y;0.02579;0.035038
2013-05-29;CNY_OIS_RUSFARCNY_1Y;0.022797;0.032031
2013-05-30;CNY_OIS_RUSFARCNY_1Y;0.026167;0.035461
2013-05-31;CNY_OIS_RUSFARCNY_1Y;0.035844;0.048004
2013-06-03;CNY_OIS_RUSFARCNY_1Y;0.036998;0.04881
2013-06-04;CNY_OIS_RUSFARCNY_1Y;0.03635;0.047818
2013-06-05;CNY_OIS_RUSFARCNY_1Y;0.037571;0.048717
2013-06-06;CNY_OIS_RUSFARCNY_1Y;0.049377;0.064091
2013-06-07;CNY_OIS_RUSFARCNY_1Y;0.068762;0.090946
2013-06-08;CNY_OIS_RUSFARCNY_1Y;0.080976;0.104472
2013-06-09;CNY_OIS_RUSFARCNY_1Y;0.058075;0.085553
2013-06-13;CNY_OIS_RUSFARCNY_1Y;0.050184;0.077464
2013-06-14;CNY_OIS_RUSFARCNY_1Y;0.05333;0.079858
2013-06-17;CNY_OIS_RUSFARCNY_1Y;0.029942;0.060146
2013-06-18;CNY_OIS_RUSFARCNY_1Y;0.037952;0.067796
2013-06-19;CNY_OIS_RUSFARCNY_1Y;0.05718;0.089848
2013-06-20;CNY_OIS_RUSFARCNY_1Y;0.10485;0.157858
2013-06-21;CNY_OIS_RUSFARCNY_1Y;0.050348;0.11332
2013-06-24;CNY_OIS_RUSFARCNY_1Y;0.030403;0.093205
2013-06-25;CNY_OIS_RUSFARCNY_1Y;0.023704;0.084844
2013-06-26;CNY_OIS_RUSFARCNY_1Y;0.022798;0.08209
2013-06-27;CNY_OIS_RUSFARCNY_1Y;0.023781;0.081267
2013-06-28;CNY_OIS_RUSFARCNY_1Y;0.018364;0.074284
2013-07-01;CNY_OIS_RUSFARCNY_1Y;0.014307;0.068641
2013-07-02;CNY_OIS_RUSFARCNY_1Y;0.00832;0.061228
2013-07-03;CNY_OIS_RUSFARCNY_1Y;0.005226;0.056602
2013-07-04;CNY_OIS_RUSFARCNY_1Y;0.005488;0.0553
2013-07-05;CNY_OIS_RUSFARCNY_1Y;0.006567;0.054861
2013-07-08;CNY_OIS_RUSFARCNY_1Y;0.006058;0.05289
2013-07-09;CNY_OIS_RUSFARCNY_1Y;0.006701;0.052107
2013-07-10;CNY_OIS_RUSFARCNY_1Y;0.007413;0.051435
2013-07-11;CNY_OIS_RUSFARCNY_1Y;0.009117;0.051805
2013-07-12;CNY_OIS_RUSFARCNY_1Y;0.009219;0.050609
2013-07-15;CNY_OIS_RUSFARCNY_1Y;0.009848;0.049976
2013-07-16;CNY_OIS_RUSFARCNY_1Y;0.007562;0.046526
2013-07-17;CNY_OIS_RUSFARCNY_1Y;0.007705;0.045483
2013-07-18;CNY_OIS_RUSFARCNY_1Y;0.00858;0.045208
2013-07-19;CNY_OIS_RUSFARCNY_1Y;0.009557;0.045071
2013-07-22;CNY_OIS_RUSFARCNY_1Y;0.010732;0.045166
2013-07-23;CNY_OIS_RUSFARCNY_1Y;0.011576;0.044962
2013-07-24;CNY_OIS_RUSFARCNY_1Y;0.013026;0.045402
2013-07-25;CNY_OIS_RUSFARCNY_1Y;0.014708;0.04611
2013-07-26;CNY_OIS_RUSFARCNY_1Y;0.017173;0.047655
2013-07-29;CNY_OIS_RUSFARCNY_1Y;0.019157;0.048731
2013-07-30;CNY_OIS_RUSFARCNY_1Y;0.018986;0.047662
2013-07-31;CNY_OIS_RUSFARCNY_1Y;0.020001;0.047807
2013-08-01;CNY_OIS_RUSFARCNY_1Y;0.018913;0.045895
2013-08-02;CNY_OIS_RUSFARCNY_1Y;0.016328;0.042578
2013-08-05;CNY_OIS_RUSFARCNY_1Y;0.015176;0.040652
2013-08-06;CNY_OIS_RUSFARCNY_1Y;0.015564;0.040264
2013-08-07;CNY_OIS_RUSFARCNY_1Y;0.015946;0.039892
2013-08-08;CNY_OIS_RUSFARCNY_1Y;0.016944;0.040166
2013-08-09;CNY_OIS_RUSFARCNY_1Y;0.014759;0.037349
2013-08-12;CNY_OIS_RUSFARCNY_1Y;0.015607;0.037511
2013-08-13;CNY_OIS_RUSFARCNY_1Y;0.018505;0.039829
2013-08-14;CNY_OIS_RUSFARCNY_1Y;0.020898;0.04163
2013-08-15;CNY_OIS_RUSFARCNY_1Y;0.019679;0.039809
2013-08-16;CNY_OIS_RUSFARCNY_1Y;0.019242;0.038766
2013-08-19;CNY_OIS_RUSFARCNY_1Y;0.021452;0.040436
2013-08-20;CNY_OIS_RUSFARCNY_1Y;0.026103;0.044805
2013-08-21;CNY_OIS_RUSFARCNY_1Y;0.022934;0.041234
2013-08-22;CNY_OIS_RUSFARCNY_1Y;0.021593;0.039375
2013-08-23;CNY_OIS_RUSFARCNY_1Y;0.020938;0.03819
2013-08-26;CNY_OIS_RUSFARCNY_1Y;0.018878;0.03569
2013-08-27;CNY_OIS_RUSFARCNY_1Y;0.018824;0.035124
2013-08-28;CNY_OIS_RUSFARCNY_1Y;0.019985;0.035803
2013-08-29;CNY_OIS_RUSFARCNY_1Y;0.018798;0.03417
2013-08-30;CNY_OIS_RUSFARCNY_1Y;0.019797;0.034711
2013-09-02;CNY_OIS_RUSFARCNY_1Y;0.019872;0.034332
2013-09-03;CNY_OIS_RUSFARCNY_1Y;0.01991;0.03393
2013-09-04;CNY_OIS_RUSFARCNY_1Y;0.020167;0.033761
2013-09-05;CNY_OIS_RUSFARCNY_1Y;0.019211;0.032417
2013-09-06;CNY_OIS_RUSFARCNY_1Y;0.020008;0.03282
2013-09-09;CNY_OIS_RUSFARCNY_1Y;0.019903;0.032325
2013-09-10;CNY_OIS_RUSFARCNY_1Y;0.019846;0.031892
2013-09-11;CNY_OIS_RUSFARCNY_1Y;0.021198;0.03291
2013-09-12;CNY_OIS_RUSFARCNY_1Y;0.020904;0.032264
2013-09-13;CNY_OIS_RUSFARCNY_1Y;0.021197;0.032211
2013-09-16;CNY_OIS_RUSFARCNY_1Y;0.021654;0.032334
2013-09-17;CNY_OIS_RUSFARCNY_1Y;0.026368;0.03732
2013-09-18;CNY_OIS_RUSFARCNY_1Y;0.02717;0.037798
2013-09-22;CNY_OIS_RUSFARCNY_1Y;0.027491;0.037797
2013-09-23;CNY_OIS_RUSFARCNY_1Y;0.02999;0.040138
2013-09-24;CNY_OIS_RUSFARCNY_1Y;0.028084;0.038032
2013-09-25;CNY_OIS_RUSFARCNY_1Y;0.025462;0.035306
2013-09-26;CNY_OIS_RUSFARCNY_1Y;0.023184;0.032884
2013-09-27;CNY_OIS_RUSFARCNY_1Y;0.023687;0.033095
2013-09-29;CNY_OIS_RUSFARCNY_1Y;0.023854;0.032974
2013-09-30;CNY_OIS_RUSFARCNY_1Y;0.023752;0.032596
2013-10-08;CNY_OIS_RUSFARCNY_1Y;0.023138;0.03173
2013-10-09;CNY_OIS_RUSFARCNY_1Y;0.025017;0.033451
2013-10-10;CNY_OIS_RUSFARCNY_1Y;0.02609;0.034298
2013-10-11;CNY_OIS_RUSFARCNY_1Y;0.023848;0.03198
2013-10-12;CNY_OIS_RUSFARCNY_1Y;0.023232;0.031136
2013-10-14;CNY_OIS_RUSFARCNY_1Y;0.0242;0.031888
2013-10-15;CNY_OIS_RUSFARCNY_1Y;0.024357;0.031811
2013-10-16;CNY_OIS_RUSFARCNY_1Y;0.023843;0.031085
2013-10-17;CNY_OIS_RUSFARCNY_1Y;0.023783;0.030805
2013-10-18;CNY_OIS_RUSFARCNY_1Y;0.023517;0.030331
2013-10-21;CNY_OIS_RUSFARCNY_1Y;0.024204;0.030824
2013-10-22;CNY_OIS_RUSFARCNY_1Y;0.024225;0.030643
2013-10-23;CNY_OIS_RUSFARCNY_1Y;0.030611;0.038817
2013-10-24;CNY_OIS_RUSFARCNY_1Y;0.033658;0.04193
2013-10-25;CNY_OIS_RUSFARCNY_1Y;0.036445;0.044723
2013-10-28;CNY_OIS_RUSFARCNY_1Y;0.037233;0.045275
2013-10-29;CNY_OIS_RUSFARCNY_1Y;0.037476;0.045272
2013-10-30;CNY_OIS_RUSFARCNY_1Y;0.044462;0.053966
2013-10-31;CNY_OIS_RUSFARCNY_1Y;0.037641;0.047987
2013-11-01;CNY_OIS_RUSFARCNY_1Y;0.034661;0.044933
2013-11-04;CNY_OIS_RUSFARCNY_1Y;0.032856;0.042914
2013-11-05;CNY_OIS_RUSFARCNY_1Y;0.031139;0.040983
2013-11-06;CNY_OIS_RUSFARCNY_1Y;0.028651;0.038377
2013-11-07;CNY_OIS_RUSFARCNY_1Y;0.029492;0.038936
2013-11-08;CNY_OIS_RUSFARCNY_1Y;0.029945;0.039103
2013-11-11;CNY_OIS_RUSFARCNY_1Y;0.028435;0.037393
2013-11-12;CNY_OIS_RUSFARCNY_1Y;0.025749;0.034659
2013-11-13;CNY_OIS_RUSFARCNY_1Y;0.025955;0.034593
2013-11-14;CNY_OIS_RUSFARCNY_1Y;0.033565;0.044023
2013-11-15;CNY_OIS_RUSFARCNY_1Y;0.036291;0.046617
2013-11-18;CNY_OIS_RUSFARCNY_1Y;0.037034;0.047054
2013-11-19;CNY_OIS_RUSFARCNY_1Y;0.032547;0.042781
2013-11-20;CNY_OIS_RUSFARCNY_1Y;0.032522;0.042446
2013-11-21;CNY_OIS_RUSFARCNY_1Y;0.030954;0.040654
2013-11-22;CNY_OIS_RUSFARCNY_1Y;0.031202;0.040606
2013-11-25;CNY_OIS_RUSFARCNY_1Y;0.030821;0.039947
2013-11-26;CNY_OIS_RUSFARCNY_1Y;0.029934;0.038814
2013-11-27;CNY_OIS_RUSFARCNY_1Y;0.030249;0.038859
2013-11-28;CNY_OIS_RUSFARCNY_1Y;0.0302;0.038548
2013-11-29;CNY_OIS_RUSFARCNY_1Y;0.030126;0.038222
2013-12-02;CNY_OIS_RUSFARCNY_1Y;0.030469;0.038319
2013-12-03;CNY_OIS_RUSFARCNY_1Y;0.030357;0.037971
2013-12-04;CNY_OIS_RUSFARCNY_1Y;0.030458;0.03784
2013-12-05;CNY_OIS_RUSFARCNY_1Y;0.030365;0.037523
2013-12-06;CNY_OIS_RUSFARCNY_1Y;0.030444;0.037384
2013-12-09;CNY_OIS_RUSFARCNY_1Y;0.029737;0.036491
2013-12-10;CNY_OIS_RUSFARCNY_1Y;0.029212;0.035776
2013-12-11;CNY_OIS_RUSFARCNY_1Y;0.028827;0.035201
2013-12-12;CNY_OIS_RUSFARCNY_1Y;0.028419;0.034609
2013-12-13;CNY_OIS_RUSFARCNY_1Y;0.028232;0.034238
2013-12-16;CNY_OIS_RUSFARCNY_1Y;0.028472;0.034296
2013-12-17;CNY_OIS_RUSFARCNY_1Y;0.02879;0.034438
2013-12-18;CNY_OIS_RUSFARCNY_1Y;0.030021;0.035567
2013-12-19;CNY_OIS_RUSFARCNY_1Y;0.032524;0.038224
2013-12-20;CNY_OIS_RUSFARCNY_1Y;0.033405;0.038963
2013-12-23;CNY_OIS_RUSFARCNY_1Y;0.03861;0.045518
2013-12-24;CNY_OIS_RUSFARCNY_1Y;0.03475;0.041978
2013-12-25;CNY_OIS_RUSFARCNY_1Y;0.033893;0.040935
2013-12-26;CNY_OIS_RUSFARCNY_1Y;0.033505;0.040343
2013-12-27;CNY_OIS_RUSFARCNY_1Y;0.028275;0.035813
2013-12-30;CNY_OIS_RUSFARCNY_1Y;0.025139;0.032789
2013-12-31;CNY_OIS_RUSFARCNY_1Y;0.02468;0.032108
2014-01-02;CNY_OIS_RUSFARCNY_1Y;0.024622;0.031826
2014-01-03;CNY_OIS_RUSFARCNY_1Y;0.023452;0.030496
2014-01-06;CNY_OIS_RUSFARCNY_1Y;0.022685;0.029543
2014-01-07;CNY_OIS_RUSFARCNY_1Y;0.022335;0.028993
2014-01-08;CNY_OIS_RUSFARCNY_1Y;0.021982;0.028446
2014-01-09;CNY_OIS_RUSFARCNY_1Y;0.021718;0.02799
2014-01-10;CNY_OIS_RUSFARCNY_1Y;0.021532;0.027616
2014-01-13;CNY_OIS_RUSFARCNY_1Y;0.021343;0.027245
2014-01-14;CNY_OIS_RUSFARCNY_1Y;0.021447;0.027171
2014-01-15;CNY_OIS_RUSFARCNY_1Y;0.021652;0.027202
2014-01-16;CNY_OIS_RUSFARCNY_1Y;0.021946;0.027328
2014-01-17;CNY_OIS_RUSFARCNY_1Y;0.022469;0.027699
2014-01-20;CNY_OIS_RUSFARCNY_1Y;0.031113;0.040475
2014-01-21;CNY_OIS_RUSFARCNY_1Y;0.028696;0.037952
2014-01-22;CNY_OIS_RUSFARCNY_1Y;0.029185;0.038163
2014-01-23;CNY_OIS_RUSFARCNY_1Y;0.029561;0.038267
2014-01-24;CNY_OIS_RUSFARCNY_1Y;0.029886;0.038328
2014-01-26;CNY_OIS_RUSFARCNY_1Y;0.036118;0.04571
2014-01-27;CNY_OIS_RUSFARCNY_1Y;0.037578;0.04693
2014-01-28;CNY_OIS_RUSFARCNY_1Y;0.040713;0.050069
2014-01-29;CNY_OIS_RUSFARCNY_1Y;0.040375;0.049453
2014-01-30;CNY_OIS_RUSFARCNY_1Y;0.036664;0.045864
2014-02-07;CNY_OIS_RUSFARCNY_1Y;0.035113;0.044115
2014-02-08;CNY_OIS_RUSFARCNY_1Y;0.035049;0.043779
2014-02-10;CNY_OIS_RUSFARCNY_1Y;0.035713;0.044185
2014-02-11;CNY_OIS_RUSFARCNY_1Y;0.034131;0.042437
2014-02-12;CNY_OIS_RUSFARCNY_1Y;0.033632;0.041696
2014-02-13;CNY_OIS_RUSFARCNY_1Y;0.029419;0.037789
2014-02-14;CNY_OIS_RUSFARCNY_1Y;0.02539;0.033998
2014-02-17;CNY_OIS_RUSFARCNY_1Y;0.022082;0.030766
2014-02-18;CNY_OIS_RUSFARCNY_1Y;0.019388;0.02804
2014-02-19;CNY_OIS_RUSFARCNY_1Y;0.016628;0.02526
2014-02-20;CNY_OIS_RUSFARCNY_1Y;0.012261;0.021187
2014-02-21;CNY_OIS_RUSFARCNY_1Y;0.010154;0.018954
2014-02-24;CNY_OIS_RUSFARCNY_1Y;0.009642;0.018186
2014-02-25;CNY_OIS_RUSFARCNY_1Y;0.009971;0.018257
2014-02-26;CNY_OIS_RUSFARCNY_1Y;0.010396;0.018432
2014-02-27;CNY_OIS_RUSFARCNY_1Y;0.010519;0.018309
2014-02-28;CNY_OIS_RUSFARCNY_1Y;0.011579;0.019165
2014-03-03;CNY_OIS_RUSFARCNY_1Y;0.013983;0.021545
2014-03-04;CNY_OIS_RUSFARCNY_1Y;0.014078;0.02141
2014-03-05;CNY_OIS_RUSFARCNY_1Y;0.01426;0.021368
2014-03-06;CNY_OIS_RUSFARCNY_1Y;0.014012;0.02091
2014-03-07;CNY_OIS_RUSFARCNY_1Y;0.013511;0.020213
2014-03-10;CNY_OIS_RUSFARCNY_1Y;0.012843;0.019365
2014-03-11;CNY_OIS_RUSFARCNY_1Y;0.012478;0.01881
2014-03-12;CNY_OIS_RUSFARCNY_1Y;0.012843;0.018985
2014-03-13;CNY_OIS_RUSFARCNY_1Y;0.013529;0.019499
2014-03-14;CNY_OIS_RUSFARCNY_1Y;0.012768;0.01859
2014-03-17;CNY_OIS_RUSFARCNY_1Y;0.012782;0.018426
2014-03-18;CNY_OIS_RUSFARCNY_1Y;0.014598;0.02023
2014-03-19;CNY_OIS_RUSFARCNY_1Y;0.021053;0.028825
2014-03-20;CNY_OIS_RUSFARCNY_1Y;0.02318;0.030868
2014-03-21;CNY_OIS_RUSFARCNY_1Y;0.017741;0.026087
2014-03-24;CNY_OIS_RUSFARCNY_1Y;0.017868;0.02596
2014-03-25;CNY_OIS_RUSFARCNY_1Y;0.017991;0.025837
2014-03-26;CNY_OIS_RUSFARCNY_1Y;0.01831;0.025918
2014-03-27;CNY_OIS_RUSFARCNY_1Y;0.019771;0.027217
2014-03-28;CNY_OIS_RUSFARCNY_1Y;0.020789;0.028039
2014-03-31;CNY_OIS_RUSFARCNY_1Y;0.021394;0.028434
2014-04-01;CNY_OIS_RUSFARCNY_1Y;0.022153;0.028995
2014-04-02;CNY_OIS_RUSFARCNY_1Y;0.023083;0.029745
2014-04-03;CNY_OIS_RUSFARCNY_1Y;0.023184;0.029644
2014-04-04;CNY_OIS_RUSFARCNY_1Y;0.021338;0.02775
2014-04-08;CNY_OIS_RUSFARCNY_1Y;0.02093;0.027158
2014-04-09;CNY_OIS_RUSFARCNY_1Y;0.021294;0.027334
2014-04-10;CNY_OIS_RUSFARCNY_1Y;0.021386;0.027242
2014-04-11;CNY_OIS_RUSFARCNY_1Y;0.021575;0.027253
2014-04-14;CNY_OIS_RUSFARCNY_1Y;0.020521;0.026087
2014-04-15;CNY_OIS_RUSFARCNY_1Y;0.018617;0.024191
2014-04-16;CNY_OIS_RUSFARCNY_1Y;0.017136;0.022652
2014-04-17;CNY_OIS_RUSFARCNY_1Y;0.016015;0.021433
2014-04-18;CNY_OIS_RUSFARCNY_1Y;0.014205;0.019623
2014-04-21;CNY_OIS_RUSFARCNY_1Y;0.014086;0.019342
2014-04-22;CNY_OIS_RUSFARCNY_1Y;0.013621;0.018731
2014-04-23;CNY_OIS_RUSFARCNY_1Y;0.014063;0.019025
2014-04-24;CNY_OIS_RUSFARCNY_1Y;0.017233;0.022655
2014-04-25;CNY_OIS_RUSFARCNY_1Y;0.017386;0.022642
2014-04-28;CNY_OIS_RUSFARCNY_1Y;0.018402;0.023546
2014-04-29;CNY_OIS_RUSFARCNY_1Y;0.020356;0.025552
2014-04-30;CNY_OIS_RUSFARCNY_1Y;0.019366;0.024462
2014-05-04;CNY_OIS_RUSFARCNY_1Y;0.018417;0.023411
2014-05-05;CNY_OIS_RUSFARCNY_1Y;0.01819;0.023038
2014-05-06;CNY_OIS_RUSFARCNY_1Y;0.018264;0.022964
2014-05-07;CNY_OIS_RUSFARCNY_1Y;0.018336;0.022892
2014-05-08;CNY_OIS_RUSFARCNY_1Y;0.016946;0.021482
2014-05-09;CNY_OIS_RUSFARCNY_1Y;0.01692;0.021318
2014-05-12;CNY_OIS_RUSFARCNY_1Y;0.016917;0.021181
2014-05-13;CNY_OIS_RUSFARCNY_1Y;0.018287;0.022541
2014-05-14;CNY_OIS_RUSFARCNY_1Y;0.018517;0.022643
2014-05-15;CNY_OIS_RUSFARCNY_1Y;0.018413;0.022415
2014-05-16;CNY_OIS_RUSFARCNY_1Y;0.018672;0.022556
2014-05-19;CNY_OIS_RUSFARCNY_1Y;0.018989;0.022759
2014-05-20;CNY_OIS_RUSFARCNY_1Y;0.019353;0.023015
2014-05-21;CNY_OIS_RUSFARCNY_1Y;0.02038;0.024008
2014-05-22;CNY_OIS_RUSFARCNY_1Y;0.020254;0.023774
2014-05-23;CNY_OIS_RUSFARCNY_1Y;0.020506;0.023922
2014-05-26;CNY_OIS_RUSFARCNY_1Y;0.02028;0.023598
2014-05-27;CNY_OIS_RUSFARCNY_1Y;0.02071;0.023938
2014-05-28;CNY_OIS_RUSFARCNY_1Y;0.020445;0.023583
2014-05-29;CNY_OIS_RUSFARCNY_1Y;0.020492;0.023536
2014-05-30;CNY_OIS_RUSFARCNY_1Y;0.021122;0.024106
2014-06-03;CNY_OIS_RUSFARCNY_1Y;0.020667;0.023581
2014-06-04;CNY_OIS_RUSFARCNY_1Y;0.021103;0.023945
2014-06-05;CNY_OIS_RUSFARCNY_1Y;0.021296;0.024052
2014-06-06;CNY_OIS_RUSFARCNY_1Y;0.021385;0.024059
2014-06-09;CNY_OIS_RUSFARCNY_1Y;0.021418;0.02401
2014-06-10;CNY_OIS_RUSFARCNY_1Y;0.021357;0.023871
2014-06-11;CNY_OIS_RUSFARCNY_1Y;0.021613;0.024055
2014-06-12;CNY_OIS_RUSFARCNY_1Y;0.0217;0.024068
2014-06-13;CNY_OIS_RUSFARCNY_1Y;0.021766;0.024062
2014-06-16;CNY_OIS_RUSFARCNY_1Y;0.021801;0.024027
2014-06-17;CNY_OIS_RUSFARCNY_1Y;0.021835;0.023993
2014-06-18;CNY_OIS_RUSFARCNY_1Y;0.022248;0.02436
2014-06-19;CNY_OIS_RUSFARCNY_1Y;0.022847;0.024941
2014-06-20;CNY_OIS_RUSFARCNY_1Y;0.023465;0.025543
2014-06-23;CNY_OIS_RUSFARCNY_1Y;0.023456;0.025472
2014-06-24;CNY_OIS_RUSFARCNY_1Y;0.025365;0.027883
2014-06-25;CNY_OIS_RUSFARCNY_1Y;0.02564;0.028088
2014-06-26;CNY_OIS_RUSFARCNY_1Y;0.025465;0.027843
2014-06-27;CNY_OIS_RUSFARCNY_1Y;0.024566;0.026962
2014-06-30;CNY_OIS_RUSFARCNY_1Y;0.024878;0.02721
2014-07-01;CNY_OIS_RUSFARCNY_1Y;0.025891;0.028277
2014-07-02;CNY_OIS_RUSFARCNY_1Y;0.025957;0.028271
2014-07-03;CNY_OIS_RUSFARCNY_1Y;0.025371;0.027657
2014-07-04;CNY_OIS_RUSFARCNY_1Y;0.025203;0.027425
2014-07-07;CNY_OIS_RUSFARCNY_1Y;0.025356;0.027512
2014-07-08;CNY_OIS_RUSFARCNY_1Y;0.027922;0.030966
2014-07-09;CNY_OIS_RUSFARCNY_1Y;0.028905;0.031943
2014-07-10;CNY_OIS_RUSFARCNY_1Y;0.02843;0.031398
2014-07-11;CNY_OIS_RUSFARCNY_1Y;0.028324;0.031204
2014-07-14;CNY_OIS_RUSFARCNY_1Y;0.028063;0.030865
2014-07-15;CNY_OIS_RUSFARCNY_1Y;0.027729;0.030459
2014-07-16;CNY_OIS_RUSFARCNY_1Y;0.028059;0.030713
2014-07-17;CNY_OIS_RUSFARCNY_1Y;0.028092;0.030666
2014-07-18;CNY_OIS_RUSFARCNY_1Y;0.028116;0.030612
2014-07-21;CNY_OIS_RUSFARCNY_1Y;0.028855;0.031333
2014-07-22;CNY_OIS_RUSFARCNY_1Y;0.028219;0.030669
2014-07-23;CNY_OIS_RUSFARCNY_1Y;0.028666;0.031062
2014-07-24;CNY_OIS_RUSFARCNY_1Y;0.028881;0.031207
2014-07-25;CNY_OIS_RUSFARCNY_1Y;0.029259;0.031529
2014-07-28;CNY_OIS_RUSFARCNY_1Y;0.028842;0.031066
2014-07-29;CNY_OIS_RUSFARCNY_1Y;0.028321;0.030513
2014-07-30;CNY_OIS_RUSFARCNY_1Y;0.028353;0.030479
2014-07-31;CNY_OIS_RUSFARCNY_1Y;0.02791;0.029998
2014-08-01;CNY_OIS_RUSFARCNY_1Y;0.027861;0.029887
2014-08-04;CNY_OIS_RUSFARCNY_1Y;0.027751;0.029717
2014-08-05;CNY_OIS_RUSFARCNY_1Y;0.027401;0.029327
2014-08-06;CNY_OIS_RUSFARCNY_1Y;0.026428;0.02842
2014-08-07;CNY_OIS_RUSFARCNY_1Y;0.026348;0.02828
2014-08-08;CNY_OIS_RUSFARCNY_1Y;0.025976;0.027872
2014-08-11;CNY_OIS_RUSFARCNY_1Y;0.02553;0.027398
2014-08-12;CNY_OIS_RUSFARCNY_1Y;0.025157;0.026991
2014-08-13;CNY_OIS_RUSFARCNY_1Y;0.024941;0.026727
2014-08-14;CNY_OIS_RUSFARCNY_1Y;0.024928;0.02666
2014-08-15;CNY_OIS_RUSFARCNY_1Y;0.024964;0.026644
2014-08-18;CNY_OIS_RUSFARCNY_1Y;0.024672;0.026316
2014-08-19;CNY_OIS_RUSFARCNY_1Y;0.024462;0.026066
2014-08-20;CNY_OIS_RUSFARCNY_1Y;0.024467;0.026021
2014-08-21;CNY_OIS_RUSFARCNY_1Y;0.024638;0.02615
2014-08-22;CNY_OIS_RUSFARCNY_1Y;0.024611;0.026077
2014-08-25;CNY_OIS_RUSFARCNY_1Y;0.024614;0.026034
2014-08-26;CNY_OIS_RUSFARCNY_1Y;0.024452;0.025836
2014-08-27;CNY_OIS_RUSFARCNY_1Y;0.024839;0.026209
2014-08-28;CNY_OIS_RUSFARCNY_1Y;0.025007;0.026341
2014-08-29;CNY_OIS_RUSFARCNY_1Y;0.025337;0.026651
2014-09-01;CNY_OIS_RUSFARCNY_1Y;0.025337;0.026611
2014-09-02;CNY_OIS_RUSFARCNY_1Y;0.024729;0.026039
2014-09-03;CNY_OIS_RUSFARCNY_1Y;0.024514;0.025794
2014-09-04;CNY_OIS_RUSFARCNY_1Y;0.024442;0.025686
2014-09-05;CNY_OIS_RUSFARCNY_1Y;0.024381;0.025587
2014-09-09;CNY_OIS_RUSFARCNY_1Y;0.024488;0.02566
2014-09-10;CNY_OIS_RUSFARCNY_1Y;0.02473;0.025878
2014-09-11;CNY_OIS_RUSFARCNY_1Y;0.024942;0.026066
2014-09-12;CNY_OIS_RUSFARCNY_1Y;0.024899;0.025989
2014-09-15;CNY_OIS_RUSFARCNY_1Y;0.024896;0.025952
2014-09-16;CNY_OIS_RUSFARCNY_1Y;0.024932;0.025956
2014-09-17;CNY_OIS_RUSFARCNY_1Y;0.024887;0.025881
2014-09-18;CNY_OIS_RUSFARCNY_1Y;0.024841;0.025807
2014-09-19;CNY_OIS_RUSFARCNY_1Y;0.024846;0.025782
2014-09-22;CNY_OIS_RUSFARCNY_1Y;0.024404;0.025364
2014-09-23;CNY_OIS_RUSFARCNY_1Y;0.023521;0.024627
2014-09-24;CNY_OIS_RUSFARCNY_1Y;0.02328;0.024368
2014-09-25;CNY_OIS_RUSFARCNY_1Y;0.023154;0.024214
2014-09-26;CNY_OIS_RUSFARCNY_1Y;0.02318;0.024208
2014-09-28;CNY_OIS_RUSFARCNY_1Y;0.022991;0.023997
2014-09-29;CNY_OIS_RUSFARCNY_1Y;0.021699;0.022989
2014-09-30;CNY_OIS_RUSFARCNY_1Y;0.021612;0.022866
2014-10-08;CNY_OIS_RUSFARCNY_1Y;0.021705;0.022923
2014-10-09;CNY_OIS_RUSFARCNY_1Y;0.021941;0.023133
2014-10-10;CNY_OIS_RUSFARCNY_1Y;0.022001;0.023157
2014-10-11;CNY_OIS_RUSFARCNY_1Y;0.021788;0.02292
2014-10-13;CNY_OIS_RUSFARCNY_1Y;0.021724;0.022824
2014-10-14;CNY_OIS_RUSFARCNY_1Y;0.021761;0.022827
2014-10-15;CNY_OIS_RUSFARCNY_1Y;0.021357;0.022431
2014-10-16;CNY_OIS_RUSFARCNY_1Y;0.021126;0.022182
2014-10-17;CNY_OIS_RUSFARCNY_1Y;0.02101;0.022038
2014-10-20;CNY_OIS_RUSFARCNY_1Y;0.020681;0.021707
2014-10-21;CNY_OIS_RUSFARCNY_1Y;0.020564;0.021564
2014-10-22;CNY_OIS_RUSFARCNY_1Y;0.020619;0.021589
2014-10-23;CNY_OIS_RUSFARCNY_1Y;0.020674;0.021614
2014-10-24;CNY_OIS_RUSFARCNY_1Y;0.020903;0.021829
2014-10-27;CNY_OIS_RUSFARCNY_1Y;0.021267;0.022205
2014-10-28;CNY_OIS_RUSFARCNY_1Y;0.021368;0.02228
2014-10-29;CNY_OIS_RUSFARCNY_1Y;0.021641;0.022547
2014-10-30;CNY_OIS_RUSFARCNY_1Y;0.021995;0.022913
2014-10-31;CNY_OIS_RUSFARCNY_1Y;0.022059;0.022949
2014-11-03;CNY_OIS_RUSFARCNY_1Y;0.02196;0.022828
2014-11-04;CNY_OIS_RUSFARCNY_1Y;0.021913;0.022755
2014-11-05;CNY_OIS_RUSFARCNY_1Y;0.021926;0.022742
2014-11-06;CNY_OIS_RUSFARCNY_1Y;0.022094;0.022894
2014-11-07;CNY_OIS_RUSFARCNY_1Y;0.022214;0.022994
2014-11-10;CNY_OIS_RUSFARCNY_1Y;0.02191;0.022698
2014-11-11;CNY_OIS_RUSFARCNY_1Y;0.021426;0.022262
2014-11-12;CNY_OIS_RUSFARCNY_1Y;0.021337;0.022151
2014-11-13;CNY_OIS_RUSFARCNY_1Y;0.021248;0.02204
2014-11-14;CNY_OIS_RUSFARCNY_1Y;0.021387;0.022161
2014-11-17;CNY_OIS_RUSFARCNY_1Y;0.02162;0.022388
2014-11-18;CNY_OIS_RUSFARCNY_1Y;0.021571;0.022317
2014-11-19;CNY_OIS_RUSFARCNY_1Y;0.021592;0.022316
2014-11-20;CNY_OIS_RUSFARCNY_1Y;0.02193;0.022678
2014-11-21;CNY_OIS_RUSFARCNY_1Y;0.022373;0.023175
2014-11-24;CNY_OIS_RUSFARCNY_1Y;0.022047;0.022861
2014-11-25;CNY_OIS_RUSFARCNY_1Y;0.022109;0.022899
2014-11-26;CNY_OIS_RUSFARCNY_1Y;0.022258;0.02303
2014-11-27;CNY_OIS_RUSFARCNY_1Y;0.022378;0.02313
2014-11-28;CNY_OIS_RUSFARCNY_1Y;0.022619;0.023369
2014-12-01;CNY_OIS_RUSFARCNY_1Y;0.022984;0.023764
2014-12-02;CNY_OIS_RUSFARCNY_1Y;0.022966;0.023722
2014-12-03;CNY_OIS_RUSFARCNY_1Y;0.022886;0.023622
2014-12-04;CNY_OIS_RUSFARCNY_1Y;0.022877;0.023591
2014-12-05;CNY_OIS_RUSFARCNY_1Y;0.022848;0.02354
2014-12-08;CNY_OIS_RUSFARCNY_1Y;0.022985;0.023663
2014-12-09;CNY_OIS_RUSFARCNY_1Y;0.022985;0.023643
2014-12-10;CNY_OIS_RUSFARCNY_1Y;0.023025;0.023663
2014-12-11;CNY_OIS_RUSFARCNY_1Y;0.023064;0.023684
2014-12-12;CNY_OIS_RUSFARCNY_1Y;0.023123;0.023725
2014-12-15;CNY_OIS_RUSFARCNY_1Y;0.023162;0.023746
2014-12-16;CNY_OIS_RUSFARCNY_1Y;0.023306;0.023882
2014-12-17;CNY_OIS_RUSFARCNY_1Y;0.024119;0.025029
2014-12-18;CNY_OIS_RUSFARCNY_1Y;0.026806;0.029622
2014-12-19;CNY_OIS_RUSFARCNY_1Y;0.030755;0.035193
2014-12-22;CNY_OIS_RUSFARCNY_1Y;0.031754;0.036114
2014-12-23;CNY_OIS_RUSFARCNY_1Y;0.031467;0.035701
2014-12-24;CNY_OIS_RUSFARCNY_1Y;0.030909;0.035039
2014-12-25;CNY_OIS_RUSFARCNY_1Y;0.030391;0.034417
2014-12-26;CNY_OIS_RUSFARCNY_1Y;0.029808;0.03374
2014-12-29;CNY_OIS_RUSFARCNY_1Y;0.029141;0.032987
2014-12-30;CNY_OIS_RUSFARCNY_1Y;0.028845;0.032583
2014-12-31;CNY_OIS_RUSFARCNY_1Y;0.030302;0.034086
2015-01-04;CNY_OIS_RUSFARCNY_1Y;0.031434;0.035194
2015-01-05;CNY_OIS_RUSFARCNY_1Y;0.029131;0.033117
2015-01-06;CNY_OIS_RUSFARCNY_1Y;0.024831;0.029637
2015-01-07;CNY_OIS_RUSFARCNY_1Y;0.023329;0.028119
2015-01-08;CNY_OIS_RUSFARCNY_1Y;0.022884;0.027544
2015-01-09;CNY_OIS_RUSFARCNY_1Y;0.022704;0.027224
2015-01-12;CNY_OIS_RUSFARCNY_1Y;0.022244;0.026644
2015-01-13;CNY_OIS_RUSFARCNY_1Y;0.021428;0.02574
2015-01-14;CNY_OIS_RUSFARCNY_1Y;0.02118;0.025368
2015-01-15;CNY_OIS_RUSFARCNY_1Y;0.021194;0.025254
2015-01-16;CNY_OIS_RUSFARCNY_1Y;0.021276;0.025212
2015-01-19;CNY_OIS_RUSFARCNY_1Y;0.021603;0.025425
2015-01-20;CNY_OIS_RUSFARCNY_1Y;0.022123;0.025845
2015-01-21;CNY_OIS_RUSFARCNY_1Y;0.022966;0.026622
2015-01-22;CNY_OIS_RUSFARCNY_1Y;0.02285;0.026398
2015-01-23;CNY_OIS_RUSFARCNY_1Y;0.022467;0.025921
2015-01-26;CNY_OIS_RUSFARCNY_1Y;0.022113;0.025475
2015-01-27;CNY_OIS_RUSFARCNY_1Y;0.022024;0.025284
2015-01-28;CNY_OIS_RUSFARCNY_1Y;0.022232;0.025396
2015-01-29;CNY_OIS_RUSFARCNY_1Y;0.023006;0.026122
2015-01-30;CNY_OIS_RUSFARCNY_1Y;0.023523;0.026565
2015-02-02;CNY_OIS_RUSFARCNY_1Y;0.024303;0.027305
2015-02-03;CNY_OIS_RUSFARCNY_1Y;0.024983;0.027933
2015-02-04;CNY_OIS_RUSFARCNY_1Y;0.025213;0.028075
2015-02-05;CNY_OIS_RUSFARCNY_1Y;0.024132;0.027016
2015-02-06;CNY_OIS_RUSFARCNY_1Y;0.024075;0.026873
2015-02-09;CNY_OIS_RUSFARCNY_1Y;0.023668;0.0264
2015-02-10;CNY_OIS_RUSFARCNY_1Y;0.024101;0.026767
2015-02-11;CNY_OIS_RUSFARCNY_1Y;0.024909;0.027559
2015-02-12;CNY_OIS_RUSFARCNY_1Y;0.026129;0.028859
2015-02-13;CNY_OIS_RUSFARCNY_1Y;0.026495;0.029153
2015-02-15;CNY_OIS_RUSFARCNY_1Y;0.027339;0.029989
2015-02-16;CNY_OIS_RUSFARCNY_1Y;0.027449;0.030019
2015-02-17;CNY_OIS_RUSFARCNY_1Y;0.029433;0.032395
2015-02-25;CNY_OIS_RUSFARCNY_1Y;0.028734;0.031654
2015-02-26;CNY_OIS_RUSFARCNY_1Y;0.028474;0.031314
2015-02-27;CNY_OIS_RUSFARCNY_1Y;0.028715;0.031473
2015-02-28;CNY_OIS_RUSFARCNY_1Y;0.029913;0.032735
2015-03-02;CNY_OIS_RUSFARCNY_1Y;0.030075;0.032813
2015-03-03;CNY_OIS_RUSFARCNY_1Y;0.030087;0.032741
2015-03-04;CNY_OIS_RUSFARCNY_1Y;0.030087;0.032661
2015-03-05;CNY_OIS_RUSFARCNY_1Y;0.029995;0.032493
2015-03-06;CNY_OIS_RUSFARCNY_1Y;0.029862;0.032286
2015-03-09;CNY_OIS_RUSFARCNY_1Y;0.029542;0.031906
2015-03-10;CNY_OIS_RUSFARCNY_1Y;0.029262;0.031566
2015-03-11;CNY_OIS_RUSFARCNY_1Y;0.029267;0.031501
2015-03-12;CNY_OIS_RUSFARCNY_1Y;0.030392;0.032724
2015-03-13;CNY_OIS_RUSFARCNY_1Y;0.030139;0.032409
2015-03-16;CNY_OIS_RUSFARCNY_1Y;0.029837;0.032051
2015-03-17;CNY_OIS_RUSFARCNY_1Y;0.029596;0.031752
2015-03-18;CNY_OIS_RUSFARCNY_1Y;0.029559;0.031649
2015-03-19;CNY_OIS_RUSFARCNY_1Y;0.029211;0.031257
2015-03-20;CNY_OIS_RUSFARCNY_1Y;0.028853;0.030855
2015-03-23;CNY_OIS_RUSFARCNY_1Y;0.028073;0.030095
2015-03-24;CNY_OIS_RUSFARCNY_1Y;0.028114;0.030074
2015-03-25;CNY_OIS_RUSFARCNY_1Y;0.028063;0.029965
2015-03-26;CNY_OIS_RUSFARCNY_1Y;0.028152;0.029996
2015-03-27;CNY_OIS_RUSFARCNY_1Y;0.028079;0.029869
2015-03-30;CNY_OIS_RUSFARCNY_1Y;0.028076;0.029812
2015-03-31;CNY_OIS_RUSFARCNY_1Y;0.0279;0.029588
2015-04-01;CNY_OIS_RUSFARCNY_1Y;0.026893;0.028675
2015-04-02;CNY_OIS_RUSFARCNY_1Y;0.025936;0.027792
2015-04-03;CNY_OIS_RUSFARCNY_1Y;0.024801;0.026767
2015-04-07;CNY_OIS_RUSFARCNY_1Y;0.023522;0.025626
2015-04-08;CNY_OIS_RUSFARCNY_1Y;0.022679;0.024809
2015-04-09;CNY_OIS_RUSFARCNY_1Y;0.021827;0.023981
2015-04-10;CNY_OIS_RUSFARCNY_1Y;0.020684;0.022924
2015-04-13;CNY_OIS_RUSFARCNY_1Y;0.019835;0.022093
2015-04-14;CNY_OIS_RUSFARCNY_1Y;0.019533;0.021735
2015-04-15;CNY_OIS_RUSFARCNY_1Y;0.01889;0.021078
2015-04-16;CNY_OIS_RUSFARCNY_1Y;0.018833;0.020955
2015-04-17;CNY_OIS_RUSFARCNY_1Y;0.018559;0.020629
2015-04-20;CNY_OIS_RUSFARCNY_1Y;0.01658;0.018988
2015-04-21;CNY_OIS_RUSFARCNY_1Y;0.015726;0.018142
2015-04-22;CNY_OIS_RUSFARCNY_1Y;0.015217;0.017591
2015-04-23;CNY_OIS_RUSFARCNY_1Y;0.014833;0.017155
2015-04-24;CNY_OIS_RUSFARCNY_1Y;0.014279;0.016569
2015-04-27;CNY_OIS_RUSFARCNY_1Y;0.013852;0.016096
2015-04-28;CNY_OIS_RUSFARCNY_1Y;0.013402;0.015606
2015-04-29;CNY_OIS_RUSFARCNY_1Y;0.013233;0.015375
2015-04-30;CNY_OIS_RUSFARCNY_1Y;0.01276;0.014868
2015-05-04;CNY_OIS_RUSFARCNY_1Y;0.01205;0.014158
2015-05-05;CNY_OIS_RUSFARCNY_1Y;0.011512;0.013596
2015-05-06;CNY_OIS_RUSFARCNY_1Y;0.011123;0.013165
2015-05-07;CNY_OIS_RUSFARCNY_1Y;0.010806;0.012802
2015-05-08;CNY_OIS_RUSFARCNY_1Y;0.010362;0.012326
2015-05-11;CNY_OIS_RUSFARCNY_1Y;0.009346;0.011382
2015-05-12;CNY_OIS_RUSFARCNY_1Y;0.008806;0.010822
2015-05-13;CNY_OIS_RUSFARCNY_1Y;0.008394;0.010374
2015-05-14;CNY_OIS_RUSFARCNY_1Y;0.007745;0.009723
2015-05-15;CNY_OIS_RUSFARCNY_1Y;0.006662;0.008726
2015-05-18;CNY_OIS_RUSFARCNY_1Y;0.006429;0.008439
2015-05-19;CNY_OIS_RUSFARCNY_1Y;0.006267;0.008221
2015-05-20;CNY_OIS_RUSFARCNY_1Y;0.006287;0.008181
2015-05-21;CNY_OIS_RUSFARCNY_1Y;0.006326;0.008162
2015-05-22;CNY_OIS_RUSFARCNY_1Y;0.006393;0.008175
2015-05-25;CNY_OIS_RUSFARCNY_1Y;0.006441;0.008167
2015-05-26;CNY_OIS_RUSFARCNY_1Y;0.006477;0.008151
2015-05-27;CNY_OIS_RUSFARCNY_1Y;0.006502;0.008126
2015-05-28;CNY_OIS_RUSFARCNY_1Y;0.006557;0.008131
2015-05-29;CNY_OIS_RUSFARCNY_1Y;0.006541;0.008067
2015-06-01;CNY_OIS_RUSFARCNY_1Y;0.006443;0.007925
2015-06-02;CNY_OIS_RUSFARCNY_1Y;0.006535;0.007973
2015-06-03;CNY_OIS_RUSFARCNY_1Y;0.006607;0.008001
2015-06-04;CNY_OIS_RUSFARCNY_1Y;0.006707;0.008061
2015-06-05;CNY_OIS_RUSFARCNY_1Y;0.006768;0.00808
2015-06-08;CNY_OIS_RUSFARCNY_1Y;0.006887;0.008161
2015-06-09;CNY_OIS_RUSFARCNY_1Y;0.007005;0.008243
2015-06-10;CNY_OIS_RUSFARCNY_1Y;0.007142;0.008346
2015-06-11;CNY_OIS_RUSFARCNY_1Y;0.00723;0.008398
2015-06-12;CNY_OIS_RUSFARCNY_1Y;0.007385;0.008523
2015-06-15;CNY_OIS_RUSFARCNY_1Y;0.007569;0.008679
2015-06-16;CNY_OIS_RUSFARCNY_1Y;0.007685;0.008763
2015-06-17;CNY_OIS_RUSFARCNY_1Y;0.007896;0.008952
2015-06-18;CNY_OIS_RUSFARCNY_1Y;0.008389;0.009479
2015-06-19;CNY_OIS_RUSFARCNY_1Y;0.009004;0.010164
2015-06-23;CNY_OIS_RUSFARCNY_1Y;0.009292;0.010436
2015-06-24;CNY_OIS_RUSFARCNY_1Y;0.009718;0.01087
2015-06-25;CNY_OIS_RUSFARCNY_1Y;0.009921;0.011047
2015-06-26;CNY_OIS_RUSFARCNY_1Y;0.009938;0.01103
2015-06-29;CNY_OIS_RUSFARCNY_1Y;0.009781;0.010847
2015-06-30;CNY_OIS_RUSFARCNY_1Y;0.008884;0.010084
2015-07-01;CNY_OIS_RUSFARCNY_1Y;0.007868;0.00922
2015-07-02;CNY_OIS_RUSFARCNY_1Y;0.007866;0.009178
2015-07-03;CNY_OIS_RUSFARCNY_1Y;0.007868;0.00914
2015-07-06;CNY_OIS_RUSFARCNY_1Y;0.007967;0.009201
2015-07-07;CNY_OIS_RUSFARCNY_1Y;0.008075;0.009273
2015-07-08;CNY_OIS_RUSFARCNY_1Y;0.008201;0.009367
2015-07-09;CNY_OIS_RUSFARCNY_1Y;0.008328;0.00946
2015-07-10;CNY_OIS_RUSFARCNY_1Y;0.008463;0.009565
2015-07-13;CNY_OIS_RUSFARCNY_1Y;0.008618;0.00969
2015-07-14;CNY_OIS_RUSFARCNY_1Y;0.008771;0.009817
2015-07-15;CNY_OIS_RUSFARCNY_1Y;0.008857;0.009871
2015-07-16;CNY_OIS_RUSFARCNY_1Y;0.009048;0.01004
2015-07-17;CNY_OIS_RUSFARCNY_1Y;0.009248;0.01022
2015-07-20;CNY_OIS_RUSFARCNY_1Y;0.009342;0.010286
2015-07-21;CNY_OIS_RUSFARCNY_1Y;0.009493;0.010415
2015-07-22;CNY_OIS_RUSFARCNY_1Y;0.009692;0.010596
2015-07-23;CNY_OIS_RUSFARCNY_1Y;0.009794;0.010674
2015-07-24;CNY_OIS_RUSFARCNY_1Y;0.009857;0.010711
2015-07-27;CNY_OIS_RUSFARCNY_1Y;0.010219;0.011089
2015-07-28;CNY_OIS_RUSFARCNY_1Y;0.010369;0.011219
2015-07-29;CNY_OIS_RUSFARCNY_1Y;0.010747;0.011621
2015-07-30;CNY_OIS_RUSFARCNY_1Y;0.010964;0.011824
2015-07-31;CNY_OIS_RUSFARCNY_1Y;0.011189;0.012039
2015-08-03;CNY_OIS_RUSFARCNY_1Y;0.011377;0.012211
2015-08-04;CNY_OIS_RUSFARCNY_1Y;0.011478;0.01229
2015-08-05;CNY_OIS_RUSFARCNY_1Y;0.011598;0.01239
2015-08-06;CNY_OIS_RUSFARCNY_1Y;0.011699;0.012469
2015-08-07;CNY_OIS_RUSFARCNY_1Y;0.011828;0.01258
2015-08-10;CNY_OIS_RUSFARCNY_1Y;0.012105;0.012863
2015-08-11;CNY_OIS_RUSFARCNY_1Y;0.012392;0.013156
2015-08-12;CNY_OIS_RUSFARCNY_1Y;0.012669;0.013439
2015-08-13;CNY_OIS_RUSFARCNY_1Y;0.012938;0.01371
2015-08-14;CNY_OIS_RUSFARCNY_1Y;0.013198;0.01397
2015-08-17;CNY_OIS_RUSFARCNY_1Y;0.013529;0.014319
2015-08-18;CNY_OIS_RUSFARCNY_1Y;0.013949;0.014779
2015-08-19;CNY_OIS_RUSFARCNY_1Y;0.014361;0.015227
2015-08-20;CNY_OIS_RUSFARCNY_1Y;0.014767;0.015661
2015-08-21;CNY_OIS_RUSFARCNY_1Y;0.014946;0.015822
2015-08-24;CNY_OIS_RUSFARCNY_1Y;0.015144;0.016004
2015-08-25;CNY_OIS_RUSFARCNY_1Y;0.015284;0.016124
2015-08-26;CNY_OIS_RUSFARCNY_1Y;0.014243;0.015305
2015-08-27;CNY_OIS_RUSFARCNY_1Y;0.013979;0.015029
2015-08-28;CNY_OIS_RUSFARCNY_1Y;0.014142;0.015166
2015-08-31;CNY_OIS_RUSFARCNY_1Y;0.014418;0.01543
2015-09-01;CNY_OIS_RUSFARCNY_1Y;0.014628;0.01562
2015-09-02;CNY_OIS_RUSFARCNY_1Y;0.016315;0.018133
2015-09-06;CNY_OIS_RUSFARCNY_1Y;0.014921;0.016927
2015-09-07;CNY_OIS_RUSFARCNY_1Y;0.014982;0.016926
2015-09-08;CNY_OIS_RUSFARCNY_1Y;0.014941;0.016827
2015-09-09;CNY_OIS_RUSFARCNY_1Y;0.01496;0.016788
2015-09-10;CNY_OIS_RUSFARCNY_1Y;0.015018;0.01679
2015-09-11;CNY_OIS_RUSFARCNY_1Y;0.015056;0.016774
2015-09-14;CNY_OIS_RUSFARCNY_1Y;0.015071;0.016737
2015-09-15;CNY_OIS_RUSFARCNY_1Y;0.015096;0.016712
2015-09-16;CNY_OIS_RUSFARCNY_1Y;0.015131;0.016697
2015-09-17;CNY_OIS_RUSFARCNY_1Y;0.015145;0.016663
2015-09-18;CNY_OIS_RUSFARCNY_1Y;0.015178;0.01665
2015-09-21;CNY_OIS_RUSFARCNY_1Y;0.01521;0.016638
2015-09-22;CNY_OIS_RUSFARCNY_1Y;0.015301;0.016687
2015-09-23;CNY_OIS_RUSFARCNY_1Y;0.015323;0.016665
2015-09-24;CNY_OIS_RUSFARCNY_1Y;0.015353;0.016655
2015-09-25;CNY_OIS_RUSFARCNY_1Y;0.015353;0.016615
2015-09-28;CNY_OIS_RUSFARCNY_1Y;0.015402;0.016626
2015-09-29;CNY_OIS_RUSFARCNY_1Y;0.01539;0.016578
2015-09-30;CNY_OIS_RUSFARCNY_1Y;0.016154;0.017454
2015-10-08;CNY_OIS_RUSFARCNY_1Y;0.015309;0.016699
2015-10-09;CNY_OIS_RUSFARCNY_1Y;0.0153;0.016648
2015-10-10;CNY_OIS_RUSFARCNY_1Y;0.015301;0.016607
2015-10-12;CNY_OIS_RUSFARCNY_1Y;0.0153;0.016568
2015-10-13;CNY_OIS_RUSFARCNY_1Y;0.0153;0.016528
2015-10-14;CNY_OIS_RUSFARCNY_1Y;0.015318;0.01651
2015-10-15;CNY_OIS_RUSFARCNY_1Y;0.015347;0.016501
2015-10-16;CNY_OIS_RUSFARCNY_1Y;0.015344;0.016464
2015-10-19;CNY_OIS_RUSFARCNY_1Y;0.015391;0.016477
2015-10-20;CNY_OIS_RUSFARCNY_1Y;0.015418;0.01647
2015-10-21;CNY_OIS_RUSFARCNY_1Y;0.015454;0.016474
2015-10-22;CNY_OIS_RUSFARCNY_1Y;0.015459;0.016449
2015-10-23;CNY_OIS_RUSFARCNY_1Y;0.015524;0.016484
2015-10-26;CNY_OIS_RUSFARCNY_1Y;0.014784;0.015844
2015-10-27;CNY_OIS_RUSFARCNY_1Y;0.014379;0.015449
2015-10-28;CNY_OIS_RUSFARCNY_1Y;0.014356;0.015392
2015-10-29;CNY_OIS_RUSFARCNY_1Y;0.014391;0.015397
2015-10-30;CNY_OIS_RUSFARCNY_1Y;0.014407;0.015381
2015-11-02;CNY_OIS_RUSFARCNY_1Y;0.014371;0.015317
2015-11-03;CNY_OIS_RUSFARCNY_1Y;0.014375;0.015293
2015-11-04;CNY_OIS_RUSFARCNY_1Y;0.014369;0.015259
2015-11-05;CNY_OIS_RUSFARCNY_1Y;0.014353;0.015215
2015-11-06;CNY_OIS_RUSFARCNY_1Y;0.014366;0.015202
2015-11-09;CNY_OIS_RUSFARCNY_1Y;0.014369;0.015179
2015-11-10;CNY_OIS_RUSFARCNY_1Y;0.014351;0.015137
2015-11-11;CNY_OIS_RUSFARCNY_1Y;0.014353;0.015115
2015-11-12;CNY_OIS_RUSFARCNY_1Y;0.014384;0.015124
2015-11-13;CNY_OIS_RUSFARCNY_1Y;0.014416;0.015132
2015-11-16;CNY_OIS_RUSFARCNY_1Y;0.014406;0.015102
2015-11-17;CNY_OIS_RUSFARCNY_1Y;0.014397;0.015071
2015-11-18;CNY_OIS_RUSFARCNY_1Y;0.014397;0.015051
2015-11-19;CNY_OIS_RUSFARCNY_1Y;0.014447;0.015081
2015-11-20;CNY_OIS_RUSFARCNY_1Y;0.014446;0.015062
2015-11-23;CNY_OIS_RUSFARCNY_1Y;0.014466;0.015062
2015-11-24;CNY_OIS_RUSFARCNY_1Y;0.014475;0.015053
2015-11-25;CNY_OIS_RUSFARCNY_1Y;0.014484;0.015044
2015-11-26;CNY_OIS_RUSFARCNY_1Y;0.014492;0.015036
2015-11-27;CNY_OIS_RUSFARCNY_1Y;0.01451;0.015038
2015-11-30;CNY_OIS_RUSFARCNY_1Y;0.014538;0.01505
2015-12-01;CNY_OIS_RUSFARCNY_1Y;0.014546;0.015042
2015-12-02;CNY_OIS_RUSFARCNY_1Y;0.014534;0.015014
2015-12-03;CNY_OIS_RUSFARCNY_1Y;0.014551;0.015017
2015-12-04;CNY_OIS_RUSFARCNY_1Y;0.014558;0.01501
2015-12-07;CNY_OIS_RUSFARCNY_1Y;0.014535;0.014973
2015-12-08;CNY_OIS_RUSFARCNY_1Y;0.014561;0.014987
2015-12-09;CNY_OIS_RUSFARCNY_1Y;0.014597;0.015011
2015-12-10;CNY_OIS_RUSFARCNY_1Y;0.014604;0.015004
2015-12-11;CNY_OIS_RUSFARCNY_1Y;0.0146;0.014988
2015-12-14;CNY_OIS_RUSFARCNY_1Y;0.014606;0.014982
2015-12-15;CNY_OIS_RUSFARCNY_1Y;0.014611;0.014977
2015-12-16;CNY_OIS_RUSFARCNY_1Y;0.014637;0.014991
2015-12-17;CNY_OIS_RUSFARCNY_1Y;0.014672;0.015016
2015-12-18;CNY_OIS_RUSFARCNY_1Y;0.014887;0.015261
2015-12-21;CNY_OIS_RUSFARCNY_1Y;0.015137;0.015551
2015-12-22;CNY_OIS_RUSFARCNY_1Y;0.015432;0.015896
2015-12-23;CNY_OIS_RUSFARCNY_1Y;0.015696;0.016192
2015-12-24;CNY_OIS_RUSFARCNY_1Y;0.015902;0.016406
2015-12-25;CNY_OIS_RUSFARCNY_1Y;0.016007;0.016501
2015-12-28;CNY_OIS_RUSFARCNY_1Y;0.016064;0.016544
2015-12-29;CNY_OIS_RUSFARCNY_1Y;0.01603;0.016498
2015-12-30;CNY_OIS_RUSFARCNY_1Y;0.016038;0.01649
2015-12-31;CNY_OIS_RUSFARCNY_1Y;0.016523;0.017125
2016-01-04;CNY_OIS_RUSFARCNY_1Y;0.016572;0.017156
2016-01-05;CNY_OIS_RUSFARCNY_1Y;0.016611;0.017177
2016-01-06;CNY_OIS_RUSFARCNY_1Y;0.016431;0.016997
2016-01-07;CNY_OIS_RUSFARCNY_1Y;0.016295;0.016853
2016-01-08;CNY_OIS_RUSFARCNY_1Y;0.016222;0.016766
2016-01-11;CNY_OIS_RUSFARCNY_1Y;0.016159;0.016689
2016-01-12;CNY_OIS_RUSFARCNY_1Y;0.016167;0.016681
2016-01-13;CNY_OIS_RUSFARCNY_1Y;0.016165;0.016663
2016-01-14;CNY_OIS_RUSFARCNY_1Y;0.016173;0.016655
2016-01-15;CNY_OIS_RUSFARCNY_1Y;0.016239;0.016709
2016-01-18;CNY_OIS_RUSFARCNY_1Y;0.016226;0.016682
2016-01-19;CNY_OIS_RUSFARCNY_1Y;0.016282;0.016726
2016-01-20;CNY_OIS_RUSFARCNY_1Y;0.016511;0.016977
2016-01-21;CNY_OIS_RUSFARCNY_1Y;0.016801;0.017307
2016-01-22;CNY_OIS_RUSFARCNY_1Y;0.016944;0.017444
2016-01-25;CNY_OIS_RUSFARCNY_1Y;0.016752;0.017256
2016-01-26;CNY_OIS_RUSFARCNY_1Y;0.016635;0.017133
2016-01-27;CNY_OIS_RUSFARCNY_1Y;0.016623;0.017105
2016-01-28;CNY_OIS_RUSFARCNY_1Y;0.0166;0.017068
2016-01-29;CNY_OIS_RUSFARCNY_1Y;0.016577;0.017031
2016-02-01;CNY_OIS_RUSFARCNY_1Y;0.016564;0.017004
2016-02-02;CNY_OIS_RUSFARCNY_1Y;0.01654;0.016968
2016-02-03;CNY_OIS_RUSFARCNY_1Y;0.016536;0.016952
2016-02-04;CNY_OIS_RUSFARCNY_1Y;0.016543;0.016945
2016-02-05;CNY_OIS_RUSFARCNY_1Y;0.016559;0.016949
2016-02-06;CNY_OIS_RUSFARCNY_1Y;0.018616;0.020832
2016-02-14;CNY_OIS_RUSFARCNY_1Y;0.015147;0.018241
2016-02-15;CNY_OIS_RUSFARCNY_1Y;0.015184;0.018184
2016-02-16;CNY_OIS_RUSFARCNY_1Y;0.0152;0.018108
2016-02-17;CNY_OIS_RUSFARCNY_1Y;0.015184;0.018004
2016-02-18;CNY_OIS_RUSFARCNY_1Y;0.015056;0.017792
2016-02-19;CNY_OIS_RUSFARCNY_1Y;0.014966;0.017622
2016-02-22;CNY_OIS_RUSFARCNY_1Y;0.014967;0.017541
2016-02-23;CNY_OIS_RUSFARCNY_1Y;0.014996;0.017492
2016-02-24;CNY_OIS_RUSFARCNY_1Y;0.015261;0.017687
2016-02-25;CNY_OIS_RUSFARCNY_1Y;0.015765;0.018143
2016-02-26;CNY_OIS_RUSFARCNY_1Y;0.01623;0.018558
2016-02-29;CNY_OIS_RUSFARCNY_1Y;0.015845;0.018123
2016-03-01;CNY_OIS_RUSFARCNY_1Y;0.015481;0.017707
2016-03-02;CNY_OIS_RUSFARCNY_1Y;0.015454;0.017614
2016-03-03;CNY_OIS_RUSFARCNY_1Y;0.015437;0.017531
2016-03-04;CNY_OIS_RUSFARCNY_1Y;0.015399;0.017429
2016-03-07;CNY_OIS_RUSFARCNY_1Y;0.01544;0.017408
2016-03-08;CNY_OIS_RUSFARCNY_1Y;0.01546;0.017368
2016-03-09;CNY_OIS_RUSFARCNY_1Y;0.015489;0.017339
2016-03-10;CNY_OIS_RUSFARCNY_1Y;0.015487;0.017281
2016-03-11;CNY_OIS_RUSFARCNY_1Y;0.015494;0.017234
2016-03-14;CNY_OIS_RUSFARCNY_1Y;0.01556;0.017248
2016-03-15;CNY_OIS_RUSFARCNY_1Y;0.015626;0.017262
2016-03-16;CNY_OIS_RUSFARCNY_1Y;0.015681;0.017267
2016-03-17;CNY_OIS_RUSFARCNY_1Y;0.015843;0.017385
2016-03-18;CNY_OIS_RUSFARCNY_1Y;0.016063;0.017565
2016-03-21;CNY_OIS_RUSFARCNY_1Y;0.016165;0.017623
2016-03-22;CNY_OIS_RUSFARCNY_1Y;0.016277;0.017691
2016-03-23;CNY_OIS_RUSFARCNY_1Y;0.016228;0.0176
2016-03-24;CNY_OIS_RUSFARCNY_1Y;0.016199;0.017529
2016-03-25;CNY_OIS_RUSFARCNY_1Y;0.016159;0.017449
2016-03-28;CNY_OIS_RUSFARCNY_1Y;0.016208;0.01746
2016-03-29;CNY_OIS_RUSFARCNY_1Y;0.016267;0.017481
2016-03-30;CNY_OIS_RUSFARCNY_1Y;0.016365;0.017543
2016-03-31;CNY_OIS_RUSFARCNY_1Y;0.016511;0.017657
2016-04-01;CNY_OIS_RUSFARCNY_1Y;0.016498;0.01761
2016-04-05;CNY_OIS_RUSFARCNY_1Y;0.016299;0.017389
2016-04-06;CNY_OIS_RUSFARCNY_1Y;0.016215;0.017273
2016-04-07;CNY_OIS_RUSFARCNY_1Y;0.016184;0.01721
2016-04-08;CNY_OIS_RUSFARCNY_1Y;0.016216;0.017212
2016-04-11;CNY_OIS_RUSFARCNY_1Y;0.016281;0.017247
2016-04-12;CNY_OIS_RUSFARCNY_1Y;0.016375;0.017313
2016-04-13;CNY_OIS_RUSFARCNY_1Y;0.016419;0.017329
2016-04-14;CNY_OIS_RUSFARCNY_1Y;0.016463;0.017345
2016-04-15;CNY_OIS_RUSFARCNY_1Y;0.016436;0.017292
2016-04-18;CNY_OIS_RUSFARCNY_1Y;0.016479;0.017309
2016-04-19;CNY_OIS_RUSFARCNY_1Y;0.016551;0.017357
2016-04-20;CNY_OIS_RUSFARCNY_1Y;0.0167;0.017488
2016-04-21;CNY_OIS_RUSFARCNY_1Y;0.01682;0.017588
2016-04-22;CNY_OIS_RUSFARCNY_1Y;0.01692;0.017668
2016-04-25;CNY_OIS_RUSFARCNY_1Y;0.017;0.017728
2016-04-26;CNY_OIS_RUSFARCNY_1Y;0.01692;0.017628
2016-04-27;CNY_OIS_RUSFARCNY_1Y;0.016808;0.0175
2016-04-28;CNY_OIS_RUSFARCNY_1Y;0.016788;0.01746
2016-04-29;CNY_OIS_RUSFARCNY_1Y;0.017063;0.017745
2016-05-03;CNY_OIS_RUSFARCNY_1Y;0.016576;0.017318
2016-05-04;CNY_OIS_RUSFARCNY_1Y;0.016554;0.017274
2016-05-05;CNY_OIS_RUSFARCNY_1Y;0.016575;0.017273
2016-05-06;CNY_OIS_RUSFARCNY_1Y;0.016576;0.017252
2016-05-09;CNY_OIS_RUSFARCNY_1Y;0.016576;0.017232
2016-05-10;CNY_OIS_RUSFARCNY_1Y;0.016586;0.017222
2016-05-11;CNY_OIS_RUSFARCNY_1Y;0.016595;0.017213
2016-05-12;CNY_OIS_RUSFARCNY_1Y;0.016615;0.017213
2016-05-13;CNY_OIS_RUSFARCNY_1Y;0.016644;0.017224
2016-05-16;CNY_OIS_RUSFARCNY_1Y;0.016683;0.017245
2016-05-17;CNY_OIS_RUSFARCNY_1Y;0.01675;0.017298
2016-05-18;CNY_OIS_RUSFARCNY_1Y;0.016759;0.017289
2016-05-19;CNY_OIS_RUSFARCNY_1Y;0.016757;0.017271
2016-05-20;CNY_OIS_RUSFARCNY_1Y;0.016744;0.017244
2016-05-23;CNY_OIS_RUSFARCNY_1Y;0.016711;0.017197
2016-05-24;CNY_OIS_RUSFARCNY_1Y;0.016699;0.017169
2016-05-25;CNY_OIS_RUSFARCNY_1Y;0.016696;0.017152
2016-05-26;CNY_OIS_RUSFARCNY_1Y;0.016703;0.017145
2016-05-27;CNY_OIS_RUSFARCNY_1Y;0.01671;0.017138
2016-05-30;CNY_OIS_RUSFARCNY_1Y;0.016726;0.017142
2016-05-31;CNY_OIS_RUSFARCNY_1Y;0.01681;0.017218
2016-06-01;CNY_OIS_RUSFARCNY_1Y;0.016776;0.017172
2016-06-02;CNY_OIS_RUSFARCNY_1Y;0.016762;0.017146
2016-06-03;CNY_OIS_RUSFARCNY_1Y;0.016717;0.017091
2016-06-06;CNY_OIS_RUSFARCNY_1Y;0.016712;0.017076
2016-06-07;CNY_OIS_RUSFARCNY_1Y;0.016738;0.01709
2016-06-08;CNY_OIS_RUSFARCNY_1Y;0.016743;0.017085
2016-06-12;CNY_OIS_RUSFARCNY_1Y;0.016748;0.01708
2016-06-13;CNY_OIS_RUSFARCNY_1Y;0.016753;0.017075
2016-06-14;CNY_OIS_RUSFARCNY_1Y;0.016758;0.01707
2016-06-15;CNY_OIS_RUSFARCNY_1Y;0.016763;0.017065
2016-06-16;CNY_OIS_RUSFARCNY_1Y;0.016787;0.017081
2016-06-17;CNY_OIS_RUSFARCNY_1Y;0.016822;0.017106
2016-06-20;CNY_OIS_RUSFARCNY_1Y;0.016875;0.017153
2016-06-21;CNY_OIS_RUSFARCNY_1Y;0.016965;0.017243
2016-06-22;CNY_OIS_RUSFARCNY_1Y;0.017046;0.017322
2016-06-23;CNY_OIS_RUSFARCNY_1Y;0.017099;0.017369
2016-06-24;CNY_OIS_RUSFARCNY_1Y;0.017133;0.017395
2016-06-27;CNY_OIS_RUSFARCNY_1Y;0.017166;0.017422
2016-06-28;CNY_OIS_RUSFARCNY_1Y;0.01719;0.017438
2016-06-29;CNY_OIS_RUSFARCNY_1Y;0.017173;0.017415
2016-06-30;CNY_OIS_RUSFARCNY_1Y;0.017167;0.017401
2016-07-01;CNY_OIS_RUSFARCNY_1Y;0.017065;0.017303
2016-07-04;CNY_OIS_RUSFARCNY_1Y;0.016929;0.017179
2016-07-05;CNY_OIS_RUSFARCNY_1Y;0.01686;0.017108
2016-07-06;CNY_OIS_RUSFARCNY_1Y;0.01678;0.017028
2016-07-07;CNY_OIS_RUSFARCNY_1Y;0.016764;0.017004
2016-07-08;CNY_OIS_RUSFARCNY_1Y;0.016757;0.016991
2016-07-11;CNY_OIS_RUSFARCNY_1Y;0.016761;0.016987
2016-07-12;CNY_OIS_RUSFARCNY_1Y;0.016744;0.016964
2016-07-13;CNY_OIS_RUSFARCNY_1Y;0.016737;0.016951
2016-07-14;CNY_OIS_RUSFARCNY_1Y;0.016741;0.016947
2016-07-15;CNY_OIS_RUSFARCNY_1Y;0.016773;0.016975
2016-07-18;CNY_OIS_RUSFARCNY_1Y;0.016774;0.016974
2016-07-19;CNY_OIS_RUSFARCNY_1Y;0.016844;0.017044
2016-07-20;CNY_OIS_RUSFARCNY_1Y;0.016864;0.017064
2016-07-21;CNY_OIS_RUSFARCNY_1Y;0.016894;0.017094
2016-07-22;CNY_OIS_RUSFARCNY_1Y;0.017038;0.01725
2016-07-25;CNY_OIS_RUSFARCNY_1Y;0.017126;0.017342
2016-07-26;CNY_OIS_RUSFARCNY_1Y;0.017178;0.01739
2016-07-27;CNY_OIS_RUSFARCNY_1Y;0.017191;0.017397
2016-07-28;CNY_OIS_RUSFARCNY_1Y;0.017088;0.0173
2016-07-29;CNY_OIS_RUSFARCNY_1Y;0.016973;0.017195
2016-08-01;CNY_OIS_RUSFARCNY_1Y;0.016925;0.017143
2016-08-02;CNY_OIS_RUSFARCNY_1Y;0.016887;0.017101
2016-08-03;CNY_OIS_RUSFARCNY_1Y;0.01685;0.017058
2016-08-04;CNY_OIS_RUSFARCNY_1Y;0.016832;0.017036
2016-08-05;CNY_OIS_RUSFARCNY_1Y;0.016834;0.017034
2016-08-08;CNY_OIS_RUSFARCNY_1Y;0.016864;0.017064
2016-08-09;CNY_OIS_RUSFARCNY_1Y;0.016914;0.017114
2016-08-10;CNY_OIS_RUSFARCNY_1Y;0.016984;0.017184
2016-08-11;CNY_OIS_RUSFARCNY_1Y;0.017024;0.017224
2016-08-12;CNY_OIS_RUSFARCNY_1Y;0.017024;0.017224
2016-08-15;CNY_OIS_RUSFARCNY_1Y;0.017047;0.017247
2016-08-16;CNY_OIS_RUSFARCNY_1Y;0.017034;0.017234
2016-08-17;CNY_OIS_RUSFARCNY_1Y;0.017034;0.017234
2016-08-18;CNY_OIS_RUSFARCNY_1Y;0.017044;0.017244
2016-08-19;CNY_OIS_RUSFARCNY_1Y;0.017044;0.017244
2016-08-22;CNY_OIS_RUSFARCNY_1Y;0.017047;0.017247
2016-08-23;CNY_OIS_RUSFARCNY_1Y;0.017144;0.017344
2016-08-24;CNY_OIS_RUSFARCNY_1Y;0.017244;0.017444
2016-08-25;CNY_OIS_RUSFARCNY_1Y;0.017254;0.017454
2016-08-26;CNY_OIS_RUSFARCNY_1Y;0.017254;0.017454
2016-08-29;CNY_OIS_RUSFARCNY_1Y;0.017304;0.017504
2016-08-30;CNY_OIS_RUSFARCNY_1Y;0.017444;0.017644
2016-08-31;CNY_OIS_RUSFARCNY_1Y;0.017464;0.017664
2016-09-01;CNY_OIS_RUSFARCNY_1Y;0.017474;0.017674
2016-09-02;CNY_OIS_RUSFARCNY_1Y;0.017474;0.017674
2016-09-05;CNY_OIS_RUSFARCNY_1Y;0.017514;0.017714
2016-09-06;CNY_OIS_RUSFARCNY_1Y;0.017584;0.017784
2016-09-07;CNY_OIS_RUSFARCNY_1Y;0.017617;0.017817
2016-09-08;CNY_OIS_RUSFARCNY_1Y;0.017624;0.017824
2016-09-09;CNY_OIS_RUSFARCNY_1Y;0.017664;0.017864
2016-09-12;CNY_OIS_RUSFARCNY_1Y;0.017764;0.017964
2016-09-13;CNY_OIS_RUSFARCNY_1Y;0.017894;0.018094
2016-09-14;CNY_OIS_RUSFARCNY_1Y;0.018075;0.018313
2016-09-18;CNY_OIS_RUSFARCNY_1Y;0.01819;0.018438
2016-09-19;CNY_OIS_RUSFARCNY_1Y;0.018324;0.018584
2016-09-20;CNY_OIS_RUSFARCNY_1Y;0.018376;0.018632
2016-09-21;CNY_OIS_RUSFARCNY_1Y;0.018457;0.018711
2016-09-22;CNY_OIS_RUSFARCNY_1Y;0.01847;0.018718
2016-09-23;CNY_OIS_RUSFARCNY_1Y;0.018462;0.018702
2016-09-26;CNY_OIS_RUSFARCNY_1Y;0.018437;0.018671
2016-09-27;CNY_OIS_RUSFARCNY_1Y;0.018461;0.018687
2016-09-28;CNY_OIS_RUSFARCNY_1Y;0.018576;0.018812
2016-09-29;CNY_OIS_RUSFARCNY_1Y;0.018673;0.018915
2016-09-30;CNY_OIS_RUSFARCNY_1Y;0.01966;0.020708
2016-10-08;CNY_OIS_RUSFARCNY_1Y;0.018137;0.019551
2016-10-09;CNY_OIS_RUSFARCNY_1Y;0.017975;0.019353
2016-10-10;CNY_OIS_RUSFARCNY_1Y;0.017864;0.019204
2016-10-11;CNY_OIS_RUSFARCNY_1Y;0.017794;0.019094
2016-10-12;CNY_OIS_RUSFARCNY_1Y;0.017784;0.019044
2016-10-13;CNY_OIS_RUSFARCNY_1Y;0.017813;0.019035
2016-10-14;CNY_OIS_RUSFARCNY_1Y;0.017851;0.019037
2016-10-17;CNY_OIS_RUSFARCNY_1Y;0.017929;0.019079
2016-10-18;CNY_OIS_RUSFARCNY_1Y;0.018084;0.019204
2016-10-19;CNY_OIS_RUSFARCNY_1Y;0.018325;0.019423
2016-10-20;CNY_OIS_RUSFARCNY_1Y;0.01846;0.019528
2016-10-21;CNY_OIS_RUSFARCNY_1Y;0.018613;0.019655
2016-10-24;CNY_OIS_RUSFARCNY_1Y;0.018718;0.01973
2016-10-25;CNY_OIS_RUSFARCNY_1Y;0.018803;0.019785
2016-10-26;CNY_OIS_RUSFARCNY_1Y;0.018916;0.019872
2016-10-27;CNY_OIS_RUSFARCNY_1Y;0.01899;0.019918
2016-10-28;CNY_OIS_RUSFARCNY_1Y;0.019004;0.019904
2016-10-31;CNY_OIS_RUSFARCNY_1Y;0.019008;0.01988
2016-11-01;CNY_OIS_RUSFARCNY_1Y;0.019011;0.019857
2016-11-02;CNY_OIS_RUSFARCNY_1Y;0.018996;0.019816
2016-11-03;CNY_OIS_RUSFARCNY_1Y;0.018966;0.019762
2016-11-04;CNY_OIS_RUSFARCNY_1Y;0.018846;0.019622
2016-11-07;CNY_OIS_RUSFARCNY_1Y;0.018585;0.019363
2016-11-08;CNY_OIS_RUSFARCNY_1Y;0.018401;0.019167
2016-11-09;CNY_OIS_RUSFARCNY_1Y;0.018362;0.019106
2016-11-10;CNY_OIS_RUSFARCNY_1Y;0.01851;0.019238
2016-11-11;CNY_OIS_RUSFARCNY_1Y;0.018667;0.019381
2016-11-14;CNY_OIS_RUSFARCNY_1Y;0.01887;0.019578
2016-11-15;CNY_OIS_RUSFARCNY_1Y;0.019036;0.019732
2016-11-16;CNY_OIS_RUSFARCNY_1Y;0.019144;0.019824
2016-11-17;CNY_OIS_RUSFARCNY_1Y;0.019174;0.019834
2016-11-18;CNY_OIS_RUSFARCNY_1Y;0.019244;0.019884
2016-11-21;CNY_OIS_RUSFARCNY_1Y;0.019313;0.019935
2016-11-22;CNY_OIS_RUSFARCNY_1Y;0.019342;0.019946
2016-11-23;CNY_OIS_RUSFARCNY_1Y;0.019391;0.019977
2016-11-24;CNY_OIS_RUSFARCNY_1Y;0.019449;0.020019
2016-11-25;CNY_OIS_RUSFARCNY_1Y;0.019527;0.020081
2016-11-28;CNY_OIS_RUSFARCNY_1Y;0.019623;0.020165
2016-11-29;CNY_OIS_RUSFARCNY_1Y;0.019671;0.020197
2016-11-30;CNY_OIS_RUSFARCNY_1Y;0.019814;0.020334
2016-12-01;CNY_OIS_RUSFARCNY_1Y;0.01991;0.020418
2016-12-02;CNY_OIS_RUSFARCNY_1Y;0.019867;0.020361
2016-12-05;CNY_OIS_RUSFARCNY_1Y;0.01975;0.020238
2016-12-06;CNY_OIS_RUSFARCNY_1Y;0.019665;0.020143
2016-12-07;CNY_OIS_RUSFARCNY_1Y;0.019601;0.020067
2016-12-08;CNY_OIS_RUSFARCNY_1Y;0.019596;0.020048
2016-12-09;CNY_OIS_RUSFARCNY_1Y;0.01962;0.020058
2016-12-12;CNY_OIS_RUSFARCNY_1Y;0.019622;0.020046
2016-12-13;CNY_OIS_RUSFARCNY_1Y;0.019668;0.02008
2016-12-14;CNY_OIS_RUSFARCNY_1Y;0.019713;0.020115
2016-12-15;CNY_OIS_RUSFARCNY_1Y;0.019825;0.020223
2016-12-16;CNY_OIS_RUSFARCNY_1Y;0.020009;0.020419
2016-12-19;CNY_OIS_RUSFARCNY_1Y;0.020065;0.020463
2016-12-20;CNY_OIS_RUSFARCNY_1Y;0.020167;0.020561
2016-12-21;CNY_OIS_RUSFARCNY_1Y;0.020173;0.020555
2016-12-22;CNY_OIS_RUSFARCNY_1Y;0.020138;0.02051
2016-12-23;CNY_OIS_RUSFARCNY_1Y;0.019952;0.020336
2016-12-26;CNY_OIS_RUSFARCNY_1Y;0.01964;0.020068
2016-12-27;CNY_OIS_RUSFARCNY_1Y;0.019319;0.019789
2016-12-28;CNY_OIS_RUSFARCNY_1Y;0.019137;0.019611
2016-12-29;CNY_OIS_RUSFARCNY_1Y;0.018943;0.019425
2016-12-30;CNY_OIS_RUSFARCNY_1Y;0.018981;0.019447
2017-01-03;CNY_OIS_RUSFARCNY_1Y;0.018765;0.019243
2017-01-04;CNY_OIS_RUSFARCNY_1Y;0.018365;0.018903
2017-01-05;CNY_OIS_RUSFARCNY_1Y;0.017911;0.018517
2017-01-06;CNY_OIS_RUSFARCNY_1Y;0.017733;0.018335
2017-01-09;CNY_OIS_RUSFARCNY_1Y;0.017555;0.018153
2017-01-10;CNY_OIS_RUSFARCNY_1Y;0.017584;0.018164
2017-01-11;CNY_OIS_RUSFARCNY_1Y;0.017671;0.018237
2017-01-12;CNY_OIS_RUSFARCNY_1Y;0.01767;0.018218
2017-01-13;CNY_OIS_RUSFARCNY_1Y;0.017688;0.01822
2017-01-16;CNY_OIS_RUSFARCNY_1Y;0.018041;0.018627
2017-01-17;CNY_OIS_RUSFARCNY_1Y;0.01897;0.019984
2017-01-18;CNY_OIS_RUSFARCNY_1Y;0.019636;0.020752
2017-01-19;CNY_OIS_RUSFARCNY_1Y;0.019997;0.021111
2017-01-20;CNY_OIS_RUSFARCNY_1Y;0.020132;0.021216
2017-01-22;CNY_OIS_RUSFARCNY_1Y;0.017939;0.019669
2017-01-23;CNY_OIS_RUSFARCNY_1Y;0.017824;0.019504
2017-01-24;CNY_OIS_RUSFARCNY_1Y;0.017739;0.019369
2017-01-25;CNY_OIS_RUSFARCNY_1Y;0.017773;0.019355
2017-01-26;CNY_OIS_RUSFARCNY_1Y;0.020665;0.023749
2017-02-03;CNY_OIS_RUSFARCNY_1Y;0.017211;0.020977
2017-02-04;CNY_OIS_RUSFARCNY_1Y;0.017654;0.021316
2017-02-06;CNY_OIS_RUSFARCNY_1Y;0.017917;0.021471
2017-02-07;CNY_OIS_RUSFARCNY_1Y;0.018001;0.021447
2017-02-08;CNY_OIS_RUSFARCNY_1Y;0.018009;0.021349
2017-02-09;CNY_OIS_RUSFARCNY_1Y;0.018014;0.021254
2017-02-10;CNY_OIS_RUSFARCNY_1Y;0.018022;0.021162
2017-02-13;CNY_OIS_RUSFARCNY_1Y;0.018031;0.021077
2017-02-14;CNY_OIS_RUSFARCNY_1Y;0.018048;0.021
2017-02-15;CNY_OIS_RUSFARCNY_1Y;0.018141;0.021003
2017-02-16;CNY_OIS_RUSFARCNY_1Y;0.018834;0.021654
2017-02-17;CNY_OIS_RUSFARCNY_1Y;0.019144;0.021884
2017-02-20;CNY_OIS_RUSFARCNY_1Y;0.01966;0.02234
2017-02-21;CNY_OIS_RUSFARCNY_1Y;0.020416;0.023072
2017-02-22;CNY_OIS_RUSFARCNY_1Y;0.020471;0.023047
2017-02-23;CNY_OIS_RUSFARCNY_1Y;0.020927;0.023443
2017-02-24;CNY_OIS_RUSFARCNY_1Y;0.020436;0.022904
2017-02-27;CNY_OIS_RUSFARCNY_1Y;0.020045;0.022459
2017-02-28;CNY_OIS_RUSFARCNY_1Y;0.020654;0.023034
2017-03-01;CNY_OIS_RUSFARCNY_1Y;0.020703;0.023011
2017-03-02;CNY_OIS_RUSFARCNY_1Y;0.0204;0.02265
2017-03-03;CNY_OIS_RUSFARCNY_1Y;0.019462;0.021746
2017-03-06;CNY_OIS_RUSFARCNY_1Y;0.019833;0.022061
2017-03-07;CNY_OIS_RUSFARCNY_1Y;0.019874;0.022036
2017-03-08;CNY_OIS_RUSFARCNY_1Y;0.019927;0.022023
2017-03-09;CNY_OIS_RUSFARCNY_1Y;0.019974;0.022006
2017-03-10;CNY_OIS_RUSFARCNY_1Y;0.019948;0.021918
2017-03-13;CNY_OIS_RUSFARCNY_1Y;0.019745;0.021663
2017-03-14;CNY_OIS_RUSFARCNY_1Y;0.019745;0.021605
2017-03-15;CNY_OIS_RUSFARCNY_1Y;0.019881;0.021685
2017-03-16;CNY_OIS_RUSFARCNY_1Y;0.020427;0.022221
2017-03-17;CNY_OIS_RUSFARCNY_1Y;0.022124;0.024364
2017-03-20;CNY_OIS_RUSFARCNY_1Y;0.022153;0.024325
2017-03-21;CNY_OIS_RUSFARCNY_1Y;0.022337;0.024445
2017-03-22;CNY_OIS_RUSFARCNY_1Y;0.022399;0.024443
2017-03-23;CNY_OIS_RUSFARCNY_1Y;0.022493;0.024475
2017-03-24;CNY_OIS_RUSFARCNY_1Y;0.021974;0.023934
2017-03-27;CNY_OIS_RUSFARCNY_1Y;0.020683;0.022785
2017-03-28;CNY_OIS_RUSFARCNY_1Y;0.020367;0.022421
2017-03-29;CNY_OIS_RUSFARCNY_1Y;0.021093;0.023155
2017-03-30;CNY_OIS_RUSFARCNY_1Y;0.020983;0.022985
2017-03-31;CNY_OIS_RUSFARCNY_1Y;0.021321;0.023275
2017-04-01;CNY_OIS_RUSFARCNY_1Y;0.020925;0.022843
2017-04-05;CNY_OIS_RUSFARCNY_1Y;0.020851;0.022713
2017-04-06;CNY_OIS_RUSFARCNY_1Y;0.021363;0.023205
2017-04-07;CNY_OIS_RUSFARCNY_1Y;0.020965;0.022777
2017-04-10;CNY_OIS_RUSFARCNY_1Y;0.020434;0.022234
2017-04-11;CNY_OIS_RUSFARCNY_1Y;0.020112;0.021876
2017-04-12;CNY_OIS_RUSFARCNY_1Y;0.019941;0.021657
2017-04-13;CNY_OIS_RUSFARCNY_1Y;0.020207;0.021881
2017-04-14;CNY_OIS_RUSFARCNY_1Y;0.020391;0.022017
2017-04-17;CNY_OIS_RUSFARCNY_1Y;0.020564;0.022144
2017-04-18;CNY_OIS_RUSFARCNY_1Y;0.020992;0.022556
2017-04-19;CNY_OIS_RUSFARCNY_1Y;0.021839;0.023489
2017-04-20;CNY_OIS_RUSFARCNY_1Y;0.022096;0.023706
2017-04-21;CNY_OIS_RUSFARCNY_1Y;0.022294;0.02386
2017-04-24;CNY_OIS_RUSFARCNY_1Y;0.023228;0.024914
2017-04-25;CNY_OIS_RUSFARCNY_1Y;0.023601;0.025255
2017-04-26;CNY_OIS_RUSFARCNY_1Y;0.023701;0.025307
2017-04-27;CNY_OIS_RUSFARCNY_1Y;0.024046;0.025622
2017-04-28;CNY_OIS_RUSFARCNY_1Y;0.024334;0.025874
2017-05-02;CNY_OIS_RUSFARCNY_1Y;0.024342;0.025836
2017-05-03;CNY_OIS_RUSFARCNY_1Y;0.024634;0.026096
2017-05-04;CNY_OIS_RUSFARCNY_1Y;0.024711;0.026129
2017-05-05;CNY_OIS_RUSFARCNY_1Y;0.024572;0.025952
2017-05-08;CNY_OIS_RUSFARCNY_1Y;0.024422;0.025766
2017-05-09;CNY_OIS_RUSFARCNY_1Y;0.024462;0.025764
2017-05-10;CNY_OIS_RUSFARCNY_1Y;0.024552;0.025816
2017-05-11;CNY_OIS_RUSFARCNY_1Y;0.024429;0.025659
2017-05-12;CNY_OIS_RUSFARCNY_1Y;0.024224;0.025426
2017-05-15;CNY_OIS_RUSFARCNY_1Y;0.023429;0.024719
2017-05-16;CNY_OIS_RUSFARCNY_1Y;0.023739;0.025009
2017-05-17;CNY_OIS_RUSFARCNY_1Y;0.023823;0.025055
2017-05-18;CNY_OIS_RUSFARCNY_1Y;0.023956;0.025154
2017-05-19;CNY_OIS_RUSFARCNY_1Y;0.023456;0.024672
2017-05-22;CNY_OIS_RUSFARCNY_1Y;0.023051;0.024267
2017-05-23;CNY_OIS_RUSFARCNY_1Y;0.02286;0.024048
2017-05-24;CNY_OIS_RUSFARCNY_1Y;0.022557;0.023731
2017-05-25;CNY_OIS_RUSFARCNY_1Y;0.022453;0.023595
2017-05-26;CNY_OIS_RUSFARCNY_1Y;0.02245;0.023558
2017-05-27;CNY_OIS_RUSFARCNY_1Y;0.022386;0.023462
2017-05-31;CNY_OIS_RUSFARCNY_1Y;0.022742;0.023816
2017-06-01;CNY_OIS_RUSFARCNY_1Y;0.022915;0.023963
2017-06-02;CNY_OIS_RUSFARCNY_1Y;0.024136;0.025598
2017-06-05;CNY_OIS_RUSFARCNY_1Y;0.024368;0.025794
2017-06-06;CNY_OIS_RUSFARCNY_1Y;0.024636;0.02603
2017-06-07;CNY_OIS_RUSFARCNY_1Y;0.024317;0.025691
2017-06-08;CNY_OIS_RUSFARCNY_1Y;0.024446;0.02578
2017-06-09;CNY_OIS_RUSFARCNY_1Y;0.024542;0.025836
2017-06-12;CNY_OIS_RUSFARCNY_1Y;0.024588;0.025844
2017-06-13;CNY_OIS_RUSFARCNY_1Y;0.024626;0.025842
2017-06-14;CNY_OIS_RUSFARCNY_1Y;0.024573;0.025755
2017-06-15;CNY_OIS_RUSFARCNY_1Y;0.024658;0.025804
2017-06-16;CNY_OIS_RUSFARCNY_1Y;0.024881;0.026003
2017-06-19;CNY_OIS_RUSFARCNY_1Y;0.025004;0.026094
2017-06-20;CNY_OIS_RUSFARCNY_1Y;0.025159;0.026221
2017-06-21;CNY_OIS_RUSFARCNY_1Y;0.025287;0.026321
2017-06-22;CNY_OIS_RUSFARCNY_1Y;0.025098;0.02611
2017-06-23;CNY_OIS_RUSFARCNY_1Y;0.024477;0.025551
2017-06-26;CNY_OIS_RUSFARCNY_1Y;0.023462;0.024706
2017-06-27;CNY_OIS_RUSFARCNY_1Y;0.022484;0.023864
2017-06-28;CNY_OIS_RUSFARCNY_1Y;0.021798;0.023222
2017-06-29;CNY_OIS_RUSFARCNY_1Y;0.02161;0.022998
2017-06-30;CNY_OIS_RUSFARCNY_1Y;0.022361;0.023827
2017-07-03;CNY_OIS_RUSFARCNY_1Y;0.02331;0.024918
2017-07-04;CNY_OIS_RUSFARCNY_1Y;0.023024;0.024598
2017-07-05;CNY_OIS_RUSFARCNY_1Y;0.021886;0.023602
2017-07-06;CNY_OIS_RUSFARCNY_1Y;0.021545;0.023229
2017-07-07;CNY_OIS_RUSFARCNY_1Y;0.021426;0.023062
2017-07-10;CNY_OIS_RUSFARCNY_1Y;0.021609;0.023199
2017-07-11;CNY_OIS_RUSFARCNY_1Y;0.022309;0.023939
2017-07-12;CNY_OIS_RUSFARCNY_1Y;0.022578;0.02417
2017-07-13;CNY_OIS_RUSFARCNY_1Y;0.022731;0.024277
2017-07-14;CNY_OIS_RUSFARCNY_1Y;0.022425;0.023943
2017-07-17;CNY_OIS_RUSFARCNY_1Y;0.022507;0.023979
2017-07-18;CNY_OIS_RUSFARCNY_1Y;0.023168;0.02468
2017-07-19;CNY_OIS_RUSFARCNY_1Y;0.023397;0.024871
2017-07-20;CNY_OIS_RUSFARCNY_1Y;0.023724;0.025172
2017-07-21;CNY_OIS_RUSFARCNY_1Y;0.023538;0.02495
2017-07-24;CNY_OIS_RUSFARCNY_1Y;0.023304;0.024684
2017-07-25;CNY_OIS_RUSFARCNY_1Y;0.023391;0.024731
2017-07-26;CNY_OIS_RUSFARCNY_1Y;0.023514;0.024814
2017-07-27;CNY_OIS_RUSFARCNY_1Y;0.024105;0.025443
2017-07-28;CNY_OIS_RUSFARCNY_1Y;0.024408;0.025724
2017-07-31;CNY_OIS_RUSFARCNY_1Y;0.024335;0.025613
2017-08-01;CNY_OIS_RUSFARCNY_1Y;0.024388;0.025626
2017-08-02;CNY_OIS_RUSFARCNY_1Y;0.024628;0.02584
2017-08-03;CNY_OIS_RUSFARCNY_1Y;0.024389;0.025579
2017-08-04;CNY_OIS_RUSFARCNY_1Y;0.023466;0.024782
2017-08-07;CNY_OIS_RUSFARCNY_1Y;0.023634;0.024914
2017-08-08;CNY_OIS_RUSFARCNY_1Y;0.024109;0.025399
2017-08-09;CNY_OIS_RUSFARCNY_1Y;0.024303;0.025561
2017-08-10;CNY_OIS_RUSFARCNY_1Y;0.024274;0.025494
2017-08-11;CNY_OIS_RUSFARCNY_1Y;0.024222;0.025406
2017-08-14;CNY_OIS_RUSFARCNY_1Y;0.02408;0.025234
2017-08-15;CNY_OIS_RUSFARCNY_1Y;0.024328;0.02546
2017-08-16;CNY_OIS_RUSFARCNY_1Y;0.024572;0.025682
2017-08-17;CNY_OIS_RUSFARCNY_1Y;0.024725;0.025807
2017-08-18;CNY_OIS_RUSFARCNY_1Y;0.024745;0.025793
2017-08-21;CNY_OIS_RUSFARCNY_1Y;0.024886;0.025906
2017-08-22;CNY_OIS_RUSFARCNY_1Y;0.024577;0.025593
2017-08-23;CNY_OIS_RUSFARCNY_1Y;0.024864;0.02587
2017-08-24;CNY_OIS_RUSFARCNY_1Y;0.024905;0.025881
2017-08-25;CNY_OIS_RUSFARCNY_1Y;0.02499;0.025938
2017-08-28;CNY_OIS_RUSFARCNY_1Y;0.024964;0.025884
2017-08-29;CNY_OIS_RUSFARCNY_1Y;0.025618;0.02665
2017-08-30;CNY_OIS_RUSFARCNY_1Y;0.02565;0.026652
2017-08-31;CNY_OIS_RUSFARCNY_1Y;0.024631;0.025817
2017-09-01;CNY_OIS_RUSFARCNY_1Y;0.024465;0.025623
2017-09-04;CNY_OIS_RUSFARCNY_1Y;0.023807;0.025021
2017-09-05;CNY_OIS_RUSFARCNY_1Y;0.022898;0.02423
2017-09-06;CNY_OIS_RUSFARCNY_1Y;0.022672;0.023976
2017-09-07;CNY_OIS_RUSFARCNY_1Y;0.022688;0.023952
2017-09-08;CNY_OIS_RUSFARCNY_1Y;0.022661;0.023887
2017-09-11;CNY_OIS_RUSFARCNY_1Y;0.022759;0.023949
2017-09-12;CNY_OIS_RUSFARCNY_1Y;0.02282;0.023974
2017-09-13;CNY_OIS_RUSFARCNY_1Y;0.022854;0.023974
2017-09-14;CNY_OIS_RUSFARCNY_1Y;0.02317;0.024278
2017-09-15;CNY_OIS_RUSFARCNY_1Y;0.023332;0.024412
2017-09-18;CNY_OIS_RUSFARCNY_1Y;0.023905;0.025043
2017-09-19;CNY_OIS_RUSFARCNY_1Y;0.024616;0.025852
2017-09-20;CNY_OIS_RUSFARCNY_1Y;0.024195;0.025433
2017-09-21;CNY_OIS_RUSFARCNY_1Y;0.024368;0.025574
2017-09-22;CNY_OIS_RUSFARCNY_1Y;0.023862;0.025086
2017-09-25;CNY_OIS_RUSFARCNY_1Y;0.0239;0.025088
2017-09-26;CNY_OIS_RUSFARCNY_1Y;0.024639;0.025929
2017-09-27;CNY_OIS_RUSFARCNY_1Y;0.024912;0.026176
2017-09-28;CNY_OIS_RUSFARCNY_1Y;0.02544;0.026728
2017-09-29;CNY_OIS_RUSFARCNY_1Y;0.024204;0.025704
2017-09-30;CNY_OIS_RUSFARCNY_1Y;0.025416;0.027172
2017-10-09;CNY_OIS_RUSFARCNY_1Y;0.023194;0.025434
2017-10-10;CNY_OIS_RUSFARCNY_1Y;0.023208;0.02538
2017-10-11;CNY_OIS_RUSFARCNY_1Y;0.023271;0.025377
2017-10-12;CNY_OIS_RUSFARCNY_1Y;0.022418;0.02455
2017-10-13;CNY_OIS_RUSFARCNY_1Y;0.021913;0.024015
2017-10-16;CNY_OIS_RUSFARCNY_1Y;0.021834;0.023874
2017-10-17;CNY_OIS_RUSFARCNY_1Y;0.021928;0.023906
2017-10-18;CNY_OIS_RUSFARCNY_1Y;0.021915;0.023833
2017-10-19;CNY_OIS_RUSFARCNY_1Y;0.021904;0.023764
2017-10-20;CNY_OIS_RUSFARCNY_1Y;0.021793;0.023599
2017-10-23;CNY_OIS_RUSFARCNY_1Y;0.022187;0.023961
2017-10-24;CNY_OIS_RUSFARCNY_1Y;0.022392;0.024116
2017-10-25;CNY_OIS_RUSFARCNY_1Y;0.022711;0.024397
2017-10-26;CNY_OIS_RUSFARCNY_1Y;0.023026;0.024676
2017-10-27;CNY_OIS_RUSFARCNY_1Y;0.02329;0.0249
2017-10-30;CNY_OIS_RUSFARCNY_1Y;0.023334;0.024894
2017-10-31;CNY_OIS_RUSFARCNY_1Y;0.023515;0.025033
2017-11-01;CNY_OIS_RUSFARCNY_1Y;0.023568;0.02504
2017-11-02;CNY_OIS_RUSFARCNY_1Y;0.022349;0.023999
2017-11-03;CNY_OIS_RUSFARCNY_1Y;0.021866;0.023506
2017-11-06;CNY_OIS_RUSFARCNY_1Y;0.021204;0.022864
2017-11-07;CNY_OIS_RUSFARCNY_1Y;0.021616;0.023252
2017-11-08;CNY_OIS_RUSFARCNY_1Y;0.022055;0.023673
2017-11-09;CNY_OIS_RUSFARCNY_1Y;0.022568;0.02418
2017-11-10;CNY_OIS_RUSFARCNY_1Y;0.02326;0.024908
2017-11-13;CNY_OIS_RUSFARCNY_1Y;0.023945;0.025623
2017-11-14;CNY_OIS_RUSFARCNY_1Y;0.024357;0.026011
2017-11-15;CNY_OIS_RUSFARCNY_1Y;0.024168;0.02578
2017-11-16;CNY_OIS_RUSFARCNY_1Y;0.024133;0.025695
2017-11-17;CNY_OIS_RUSFARCNY_1Y;0.023503;0.025085
2017-11-20;CNY_OIS_RUSFARCNY_1Y;0.023987;0.025561
2017-11-21;CNY_OIS_RUSFARCNY_1Y;0.024227;0.025761
2017-11-22;CNY_OIS_RUSFARCNY_1Y;0.02426;0.025748
2017-11-23;CNY_OIS_RUSFARCNY_1Y;0.024222;0.025666
2017-11-24;CNY_OIS_RUSFARCNY_1Y;0.024184;0.025584
2017-11-27;CNY_OIS_RUSFARCNY_1Y;0.024421;0.025787
2017-11-28;CNY_OIS_RUSFARCNY_1Y;0.024237;0.025571
2017-11-29;CNY_OIS_RUSFARCNY_1Y;0.02297;0.024518
2017-11-30;CNY_OIS_RUSFARCNY_1Y;0.02395;0.025638
2017-12-01;CNY_OIS_RUSFARCNY_1Y;0.022356;0.024312
2017-12-04;CNY_OIS_RUSFARCNY_1Y;0.021953;0.023875
2017-12-05;CNY_OIS_RUSFARCNY_1Y;0.021769;0.023639
2017-12-06;CNY_OIS_RUSFARCNY_1Y;0.021737;0.023551
2017-12-07;CNY_OIS_RUSFARCNY_1Y;0.021884;0.023644
2017-12-08;CNY_OIS_RUSFARCNY_1Y;0.022136;0.023852
2017-12-11;CNY_OIS_RUSFARCNY_1Y;0.022912;0.024676
2017-12-12;CNY_OIS_RUSFARCNY_1Y;0.023308;0.02504
2017-12-13;CNY_OIS_RUSFARCNY_1Y;0.023924;0.025664
2017-12-14;CNY_OIS_RUSFARCNY_1Y;0.024098;0.02579
2017-12-15;CNY_OIS_RUSFARCNY_1Y;0.023284;0.025024
2017-12-18;CNY_OIS_RUSFARCNY_1Y;0.023301;0.024987
2017-12-19;CNY_OIS_RUSFARCNY_1Y;0.023504;0.025144
2017-12-20;CNY_OIS_RUSFARCNY_1Y;0.023418;0.02501
2017-12-21;CNY_OIS_RUSFARCNY_1Y;0.022756;0.024372
2017-12-22;CNY_OIS_RUSFARCNY_1Y;0.022227;0.023841
2017-12-25;CNY_OIS_RUSFARCNY_1Y;0.021805;0.023403
2017-12-26;CNY_OIS_RUSFARCNY_1Y;0.022026;0.023582
2017-12-27;CNY_OIS_RUSFARCNY_1Y;0.022769;0.024379
2017-12-28;CNY_OIS_RUSFARCNY_1Y;0.022853;0.024415
2017-12-29;CNY_OIS_RUSFARCNY_1Y;0.024337;0.026291
2018-01-02;CNY_OIS_RUSFARCNY_1Y;0.022322;0.024646
2018-01-03;CNY_OIS_RUSFARCNY_1Y;0.021372;0.023726
2018-01-04;CNY_OIS_RUSFARCNY_1Y;0.020802;0.023126
2018-01-05;CNY_OIS_RUSFARCNY_1Y;0.020625;0.022883
2018-01-08;CNY_OIS_RUSFARCNY_1Y;0.020426;0.022622
2018-01-09;CNY_OIS_RUSFARCNY_1Y;0.021111;0.023297
2018-01-10;CNY_OIS_RUSFARCNY_1Y;0.022204;0.024484
2018-01-11;CNY_OIS_RUSFARCNY_1Y;0.023929;0.026539
2018-01-12;CNY_OIS_RUSFARCNY_1Y;0.023949;0.026479
2018-01-15;CNY_OIS_RUSFARCNY_1Y;0.02362;0.026088
2018-01-16;CNY_OIS_RUSFARCNY_1Y;0.023567;0.025961
2018-01-17;CNY_OIS_RUSFARCNY_1Y;0.023401;0.025727
2018-01-18;CNY_OIS_RUSFARCNY_1Y;0.023442;0.025696
2018-01-19;CNY_OIS_RUSFARCNY_1Y;0.024151;0.026397
2018-01-22;CNY_OIS_RUSFARCNY_1Y;0.023509;0.025739
2018-01-23;CNY_OIS_RUSFARCNY_1Y;0.021687;0.024181
2018-01-24;CNY_OIS_RUSFARCNY_1Y;0.021441;0.023867
2018-01-25;CNY_OIS_RUSFARCNY_1Y;0.021371;0.023725
2018-01-26;CNY_OIS_RUSFARCNY_1Y;0.021278;0.023562
2018-01-29;CNY_OIS_RUSFARCNY_1Y;0.021466;0.023682
2018-01-30;CNY_OIS_RUSFARCNY_1Y;0.021378;0.02353
2018-01-31;CNY_OIS_RUSFARCNY_1Y;0.021801;0.023907
2018-02-01;CNY_OIS_RUSFARCNY_1Y;0.021007;0.023129
2018-02-02;CNY_OIS_RUSFARCNY_1Y;0.021058;0.023116
2018-02-05;CNY_OIS_RUSFARCNY_1Y;0.02122;0.023218
2018-02-06;CNY_OIS_RUSFARCNY_1Y;0.021335;0.023273
2018-02-07;CNY_OIS_RUSFARCNY_1Y;0.021677;0.023571
2018-02-08;CNY_OIS_RUSFARCNY_1Y;0.021716;0.023552
2018-02-09;CNY_OIS_RUSFARCNY_1Y;0.021912;0.023696
2018-02-11;CNY_OIS_RUSFARCNY_1Y;0.022126;0.023862
2018-02-12;CNY_OIS_RUSFARCNY_1Y;0.021919;0.023609
2018-02-13;CNY_OIS_RUSFARCNY_1Y;0.021964;0.023604
2018-02-14;CNY_OIS_RUSFARCNY_1Y;0.023205;0.025083
2018-02-22;CNY_OIS_RUSFARCNY_1Y;0.022253;0.024195
2018-02-23;CNY_OIS_RUSFARCNY_1Y;0.021934;0.023834
2018-02-24;CNY_OIS_RUSFARCNY_1Y;0.021583;0.023445
2018-02-26;CNY_OIS_RUSFARCNY_1Y;0.021721;0.023527
2018-02-27;CNY_OIS_RUSFARCNY_1Y;0.021648;0.0234
2018-02-28;CNY_OIS_RUSFARCNY_1Y;0.022987;0.025001
2018-03-01;CNY_OIS_RUSFARCNY_1Y;0.022846;0.024802
2018-03-02;CNY_OIS_RUSFARCNY_1Y;0.023649;0.025639
2018-03-05;CNY_OIS_RUSFARCNY_1Y;0.022372;0.024496
2018-03-06;CNY_OIS_RUSFARCNY_1Y;0.022046;0.024122
2018-03-07;CNY_OIS_RUSFARCNY_1Y;0.021824;0.023844
2018-03-08;CNY_OIS_RUSFARCNY_1Y;0.021631;0.023597
2018-03-09;CNY_OIS_RUSFARCNY_1Y;0.021691;0.023597
2018-03-12;CNY_OIS_RUSFARCNY_1Y;0.021849;0.023699
2018-03-13;CNY_OIS_RUSFARCNY_1Y;0.022367;0.024201
2018-03-14;CNY_OIS_RUSFARCNY_1Y;0.022355;0.024133
2018-03-15;CNY_OIS_RUSFARCNY_1Y;0.022372;0.024096
2018-03-16;CNY_OIS_RUSFARCNY_1Y;0.021922;0.023626
2018-03-19;CNY_OIS_RUSFARCNY_1Y;0.021693;0.023355
2018-03-20;CNY_OIS_RUSFARCNY_1Y;0.021688;0.0233
2018-03-21;CNY_OIS_RUSFARCNY_1Y;0.021722;0.023286
2018-03-22;CNY_OIS_RUSFARCNY_1Y;0.021645;0.023163
2018-03-23;CNY_OIS_RUSFARCNY_1Y;0.021628;0.0231
2018-03-26;CNY_OIS_RUSFARCNY_1Y;0.021631;0.023057
2018-03-27;CNY_OIS_RUSFARCNY_1Y;0.022133;0.023565
2018-03-28;CNY_OIS_RUSFARCNY_1Y;0.02214;0.023528
2018-03-29;CNY_OIS_RUSFARCNY_1Y;0.02205;0.023398
2018-03-30;CNY_OIS_RUSFARCNY_1Y;0.023047;0.024581
2018-04-02;CNY_OIS_RUSFARCNY_1Y;0.02235;0.023918
2018-04-03;CNY_OIS_RUSFARCNY_1Y;0.021873;0.023435
2018-04-04;CNY_OIS_RUSFARCNY_1Y;0.020755;0.022453
2018-04-08;CNY_OIS_RUSFARCNY_1Y;0.020546;0.022202
2018-04-09;CNY_OIS_RUSFARCNY_1Y;0.021337;0.023051
2018-04-10;CNY_OIS_RUSFARCNY_1Y;0.021589;0.023259
2018-04-11;CNY_OIS_RUSFARCNY_1Y;0.021713;0.023335
2018-04-12;CNY_OIS_RUSFARCNY_1Y;0.021698;0.02327
2018-04-13;CNY_OIS_RUSFARCNY_1Y;0.021722;0.023246
2018-04-16;CNY_OIS_RUSFARCNY_1Y;0.021989;0.023479
2018-04-17;CNY_OIS_RUSFARCNY_1Y;0.02278;0.024348
2018-04-18;CNY_OIS_RUSFARCNY_1Y;0.022942;0.024466
2018-04-19;CNY_OIS_RUSFARCNY_1Y;0.023479;0.025009
2018-04-20;CNY_OIS_RUSFARCNY_1Y;0.023641;0.025127
2018-04-23;CNY_OIS_RUSFARCNY_1Y;0.023428;0.02488
2018-04-24;CNY_OIS_RUSFARCNY_1Y;0.023569;0.024979
2018-04-25;CNY_OIS_RUSFARCNY_1Y;0.02351;0.024878
2018-04-26;CNY_OIS_RUSFARCNY_1Y;0.023887;0.025241
2018-04-27;CNY_OIS_RUSFARCNY_1Y;0.025253;0.026995
2018-04-28;CNY_OIS_RUSFARCNY_1Y;0.024237;0.026071
2018-05-02;CNY_OIS_RUSFARCNY_1Y;0.023146;0.025082
2018-05-03;CNY_OIS_RUSFARCNY_1Y;0.022775;0.024673
2018-05-04;CNY_OIS_RUSFARCNY_1Y;0.02188;0.023828
2018-05-07;CNY_OIS_RUSFARCNY_1Y;0.021789;0.023679
2018-05-08;CNY_OIS_RUSFARCNY_1Y;0.021747;0.023581
2018-05-09;CNY_OIS_RUSFARCNY_1Y;0.021202;0.023026
2018-05-10;CNY_OIS_RUSFARCNY_1Y;0.021119;0.022889
2018-05-11;CNY_OIS_RUSFARCNY_1Y;0.020922;0.022646
2018-05-14;CNY_OIS_RUSFARCNY_1Y;0.021811;0.023617
2018-05-15;CNY_OIS_RUSFARCNY_1Y;0.022421;0.024227
2018-05-16;CNY_OIS_RUSFARCNY_1Y;0.023585;0.025563
2018-05-17;CNY_OIS_RUSFARCNY_1Y;0.021742;0.024026
2018-05-18;CNY_OIS_RUSFARCNY_1Y;0.021429;0.023659
2018-05-21;CNY_OIS_RUSFARCNY_1Y;0.021095;0.023273
2018-05-22;CNY_OIS_RUSFARCNY_1Y;0.021108;0.02322
2018-05-23;CNY_OIS_RUSFARCNY_1Y;0.02119;0.023238
2018-05-24;CNY_OIS_RUSFARCNY_1Y;0.021222;0.023206
2018-05-25;CNY_OIS_RUSFARCNY_1Y;0.021232;0.023156
2018-05-28;CNY_OIS_RUSFARCNY_1Y;0.021311;0.023177
2018-05-29;CNY_OIS_RUSFARCNY_1Y;0.023147;0.025521
2018-05-30;CNY_OIS_RUSFARCNY_1Y;0.024491;0.027017
2018-05-31;CNY_OIS_RUSFARCNY_1Y;0.023984;0.026464
2018-06-01;CNY_OIS_RUSFARCNY_1Y;0.023717;0.026131
2018-06-04;CNY_OIS_RUSFARCNY_1Y;0.021518;0.02429
2018-06-05;CNY_OIS_RUSFARCNY_1Y;0.021409;0.024099
2018-06-06;CNY_OIS_RUSFARCNY_1Y;0.021227;0.023841
2018-06-07;CNY_OIS_RUSFARCNY_1Y;0.021197;0.023731
2018-06-08;CNY_OIS_RUSFARCNY_1Y;0.021315;0.023773
2018-06-11;CNY_OIS_RUSFARCNY_1Y;0.021452;0.023836
2018-06-12;CNY_OIS_RUSFARCNY_1Y;0.021598;0.02391
2018-06-13;CNY_OIS_RUSFARCNY_1Y;0.021683;0.023925
2018-06-14;CNY_OIS_RUSFARCNY_1Y;0.021737;0.023911
2018-06-15;CNY_OIS_RUSFARCNY_1Y;0.02178;0.023888
2018-06-19;CNY_OIS_RUSFARCNY_1Y;0.021792;0.023836
2018-06-20;CNY_OIS_RUSFARCNY_1Y;0.022108;0.0241
2018-06-21;CNY_OIS_RUSFARCNY_1Y;0.021873;0.023815
2018-06-22;CNY_OIS_RUSFARCNY_1Y;0.021832;0.023716
2018-06-25;CNY_OIS_RUSFARCNY_1Y;0.021638;0.02347
2018-06-26;CNY_OIS_RUSFARCNY_1Y;0.02119;0.022998
2018-06-27;CNY_OIS_RUSFARCNY_1Y;0.020447;0.022281
2018-06-28;CNY_OIS_RUSFARCNY_1Y;0.018746;0.020862
2018-06-29;CNY_OIS_RUSFARCNY_1Y;0.021581;0.024807
2018-07-02;CNY_OIS_RUSFARCNY_1Y;0.020489;0.023719
2018-07-03;CNY_OIS_RUSFARCNY_1Y;0.019507;0.022721
2018-07-04;CNY_OIS_RUSFARCNY_1Y;0.017147;0.020661
2018-07-05;CNY_OIS_RUSFARCNY_1Y;0.016513;0.019955
2018-07-06;CNY_OIS_RUSFARCNY_1Y;0.014808;0.01836
2018-07-09;CNY_OIS_RUSFARCNY_1Y;0.0151;0.018548
2018-07-10;CNY_OIS_RUSFARCNY_1Y;0.017957;0.022031
2018-07-11;CNY_OIS_RUSFARCNY_1Y;0.018966;0.022982
2018-07-12;CNY_OIS_RUSFARCNY_1Y;0.019815;0.023753
2018-07-13;CNY_OIS_RUSFARCNY_1Y;0.019805;0.023623
2018-07-16;CNY_OIS_RUSFARCNY_1Y;0.020611;0.024357
2018-07-17;CNY_OIS_RUSFARCNY_1Y;0.021004;0.024644
2018-07-18;CNY_OIS_RUSFARCNY_1Y;0.020383;0.023945
2018-07-19;CNY_OIS_RUSFARCNY_1Y;0.019301;0.022847
2018-07-20;CNY_OIS_RUSFARCNY_1Y;0.018636;0.022112
2018-07-23;CNY_OIS_RUSFARCNY_1Y;0.018848;0.02222
2018-07-24;CNY_OIS_RUSFARCNY_1Y;0.018809;0.022079
2018-07-25;CNY_OIS_RUSFARCNY_1Y;0.018819;0.021989
2018-07-26;CNY_OIS_RUSFARCNY_1Y;0.018584;0.021664
2018-07-27;CNY_OIS_RUSFARCNY_1Y;0.018255;0.021253
2018-07-30;CNY_OIS_RUSFARCNY_1Y;0.017406;0.020382
2018-07-31;CNY_OIS_RUSFARCNY_1Y;0.016052;0.019096
2018-08-01;CNY_OIS_RUSFARCNY_1Y;0.015712;0.018676
2018-08-02;CNY_OIS_RUSFARCNY_1Y;0.015161;0.018067
2018-08-03;CNY_OIS_RUSFARCNY_1Y;0.013927;0.016881
2018-08-06;CNY_OIS_RUSFARCNY_1Y;0.013668;0.01654
2018-08-07;CNY_OIS_RUSFARCNY_1Y;0.011459;0.014629
2018-08-08;CNY_OIS_RUSFARCNY_1Y;0.009445;0.012823
2018-08-09;CNY_OIS_RUSFARCNY_1Y;0.011339;0.014929
2018-08-10;CNY_OIS_RUSFARCNY_1Y;0.013279;0.017069
2018-08-13;CNY_OIS_RUSFARCNY_1Y;0.015926;0.020162
2018-08-14;CNY_OIS_RUSFARCNY_1Y;0.017994;0.022394
2018-08-15;CNY_OIS_RUSFARCNY_1Y;0.01823;0.022498
2018-08-16;CNY_OIS_RUSFARCNY_1Y;0.019867;0.024181
2018-08-17;CNY_OIS_RUSFARCNY_1Y;0.020607;0.024821
2018-08-20;CNY_OIS_RUSFARCNY_1Y;0.021115;0.025213
2018-08-21;CNY_OIS_RUSFARCNY_1Y;0.021287;0.025261
2018-08-22;CNY_OIS_RUSFARCNY_1Y;0.020334;0.024254
2018-08-23;CNY_OIS_RUSFARCNY_1Y;0.019529;0.023379
2018-08-24;CNY_OIS_RUSFARCNY_1Y;0.018953;0.022715
2018-08-27;CNY_OIS_RUSFARCNY_1Y;0.019482;0.023146
2018-08-28;CNY_OIS_RUSFARCNY_1Y;0.019392;0.022946
2018-08-29;CNY_OIS_RUSFARCNY_1Y;0.019081;0.022537
2018-08-30;CNY_OIS_RUSFARCNY_1Y;0.017959;0.021409
2018-08-31;CNY_OIS_RUSFARCNY_1Y;0.018327;0.021681
2018-09-03;CNY_OIS_RUSFARCNY_1Y;0.018054;0.021314
2018-09-04;CNY_OIS_RUSFARCNY_1Y;0.017255;0.020473
2018-09-05;CNY_OIS_RUSFARCNY_1Y;0.01699;0.020118
2018-09-06;CNY_OIS_RUSFARCNY_1Y;0.019912;0.023796
2018-09-07;CNY_OIS_RUSFARCNY_1Y;0.020908;0.02474
2018-09-10;CNY_OIS_RUSFARCNY_1Y;0.020785;0.024503
2018-09-11;CNY_OIS_RUSFARCNY_1Y;0.021011;0.024617
2018-09-12;CNY_OIS_RUSFARCNY_1Y;0.020732;0.024236
2018-09-13;CNY_OIS_RUSFARCNY_1Y;0.020512;0.023916
2018-09-14;CNY_OIS_RUSFARCNY_1Y;0.020147;0.023461
2018-09-17;CNY_OIS_RUSFARCNY_1Y;0.019965;0.023183
2018-09-18;CNY_OIS_RUSFARCNY_1Y;0.021748;0.02516
2018-09-19;CNY_OIS_RUSFARCNY_1Y;0.020846;0.024222
2018-09-20;CNY_OIS_RUSFARCNY_1Y;0.02046;0.023748
2018-09-21;CNY_OIS_RUSFARCNY_1Y;0.02046;0.023648
2018-09-25;CNY_OIS_RUSFARCNY_1Y;0.020795;0.023893
2018-09-26;CNY_OIS_RUSFARCNY_1Y;0.020941;0.023947
2018-09-27;CNY_OIS_RUSFARCNY_1Y;0.020018;0.02301
2018-09-28;CNY_OIS_RUSFARCNY_1Y;0.019912;0.022816
2018-09-29;CNY_OIS_RUSFARCNY_1Y;0.015682;0.019606
2018-09-30;CNY_OIS_RUSFARCNY_1Y;0.020587;0.026301
2018-10-08;CNY_OIS_RUSFARCNY_1Y;0.019471;0.025077
2018-10-09;CNY_OIS_RUSFARCNY_1Y;0.019214;0.024654
2018-10-10;CNY_OIS_RUSFARCNY_1Y;0.018229;0.023559
2018-10-11;CNY_OIS_RUSFARCNY_1Y;0.017927;0.023101
2018-10-12;CNY_OIS_RUSFARCNY_1Y;0.018779;0.023829
2018-10-15;CNY_OIS_RUSFARCNY_1Y;0.018225;0.023143
2018-10-16;CNY_OIS_RUSFARCNY_1Y;0.01826;0.023028
2018-10-17;CNY_OIS_RUSFARCNY_1Y;0.018131;0.022757
2018-10-18;CNY_OIS_RUSFARCNY_1Y;0.018925;0.023443
2018-10-19;CNY_OIS_RUSFARCNY_1Y;0.019173;0.023555
2018-10-22;CNY_OIS_RUSFARCNY_1Y;0.019537;0.023791
2018-10-23;CNY_OIS_RUSFARCNY_1Y;0.01936;0.023488
2018-10-24;CNY_OIS_RUSFARCNY_1Y;0.018832;0.022856
2018-10-25;CNY_OIS_RUSFARCNY_1Y;0.017006;0.021122
2018-10-26;CNY_OIS_RUSFARCNY_1Y;0.015516;0.019652
2018-10-29;CNY_OIS_RUSFARCNY_1Y;0.013279;0.017589
2018-10-30;CNY_OIS_RUSFARCNY_1Y;0.010235;0.014913
2018-10-31;CNY_OIS_RUSFARCNY_1Y;0.01689;0.024338
2018-11-01;CNY_OIS_RUSFARCNY_1Y;0.018715;0.026053
2018-11-02;CNY_OIS_RUSFARCNY_1Y;0.018118;0.02525
2018-11-05;CNY_OIS_RUSFARCNY_1Y;0.017798;0.02472
2018-11-06;CNY_OIS_RUSFARCNY_1Y;0.016204;0.023024
2018-11-07;CNY_OIS_RUSFARCNY_1Y;0.014449;0.021191
2018-11-08;CNY_OIS_RUSFARCNY_1Y;0.0134;0.019988
2018-11-09;CNY_OIS_RUSFARCNY_1Y;0.014093;0.020495
2018-11-12;CNY_OIS_RUSFARCNY_1Y;0.016744;0.023264
2018-11-13;CNY_OIS_RUSFARCNY_1Y;0.01838;0.024808
2018-11-14;CNY_OIS_RUSFARCNY_1Y;0.017004;0.023324
2018-11-15;CNY_OIS_RUSFARCNY_1Y;0.01724;0.023368
2018-11-16;CNY_OIS_RUSFARCNY_1Y;0.017393;0.023335
2018-11-19;CNY_OIS_RUSFARCNY_1Y;0.019446;0.025402
2018-11-20;CNY_OIS_RUSFARCNY_1Y;0.020109;0.025899
2018-11-21;CNY_OIS_RUSFARCNY_1Y;0.019895;0.025513
2018-11-22;CNY_OIS_RUSFARCNY_1Y;0.018713;0.024235
2018-11-23;CNY_OIS_RUSFARCNY_1Y;0.017772;0.023176
2018-11-26;CNY_OIS_RUSFARCNY_1Y;0.019223;0.024565
2018-11-27;CNY_OIS_RUSFARCNY_1Y;0.019876;0.025072
2018-11-28;CNY_OIS_RUSFARCNY_1Y;0.019784;0.024824
2018-11-29;CNY_OIS_RUSFARCNY_1Y;0.016887;0.022181
2018-11-30;CNY_OIS_RUSFARCNY_1Y;0.020413;0.026255
2018-12-03;CNY_OIS_RUSFARCNY_1Y;0.019193;0.024935
2018-12-04;CNY_OIS_RUSFARCNY_1Y;0.018569;0.024159
2018-12-05;CNY_OIS_RUSFARCNY_1Y;0.016796;0.022372
2018-12-06;CNY_OIS_RUSFARCNY_1Y;0.018335;0.023853
2018-12-07;CNY_OIS_RUSFARCNY_1Y;0.018399;0.023749
2018-12-10;CNY_OIS_RUSFARCNY_1Y;0.018847;0.024041
2018-12-11;CNY_OIS_RUSFARCNY_1Y;0.019026;0.024062
2018-12-12;CNY_OIS_RUSFARCNY_1Y;0.018708;0.0236
2018-12-13;CNY_OIS_RUSFARCNY_1Y;0.019707;0.024501
2018-12-14;CNY_OIS_RUSFARCNY_1Y;0.021087;0.025841
2018-12-17;CNY_OIS_RUSFARCNY_1Y;0.020857;0.025471
2018-12-18;CNY_OIS_RUSFARCNY_1Y;0.021361;0.025847
2018-12-19;CNY_OIS_RUSFARCNY_1Y;0.021279;0.025629
2018-12-20;CNY_OIS_RUSFARCNY_1Y;0.020451;0.024717
2018-12-21;CNY_OIS_RUSFARCNY_1Y;0.019685;0.023863
2018-12-24;CNY_OIS_RUSFARCNY_1Y;0.017954;0.022194
2018-12-25;CNY_OIS_RUSFARCNY_1Y;0.014882;0.019506
2018-12-26;CNY_OIS_RUSFARCNY_1Y;0.014963;0.019445
2018-12-27;CNY_OIS_RUSFARCNY_1Y;0.012505;0.017183
2018-12-28;CNY_OIS_RUSFARCNY_1Y;0.009054;0.014174
2018-12-29;CNY_OIS_RUSFARCNY_1Y;0.017761;0.027147
2019-01-02;CNY_OIS_RUSFARCNY_1Y;0.015269;0.024559
2019-01-03;CNY_OIS_RUSFARCNY_1Y;0.011929;0.021259
2019-01-04;CNY_OIS_RUSFARCNY_1Y;0.008731;0.018077
2019-01-07;CNY_OIS_RUSFARCNY_1Y;0.006793;0.015975
2019-01-08;CNY_OIS_RUSFARCNY_1Y;0.006601;0.015507
2019-01-09;CNY_OIS_RUSFARCNY_1Y;0.008231;0.016937
2019-01-10;CNY_OIS_RUSFARCNY_1Y;0.010074;0.018614
2019-01-11;CNY_OIS_RUSFARCNY_1Y;0.009852;0.018136
2019-01-14;CNY_OIS_RUSFARCNY_1Y;0.01163;0.019758
2019-01-15;CNY_OIS_RUSFARCNY_1Y;0.015199;0.023529
2019-01-16;CNY_OIS_RUSFARCNY_1Y;0.01593;0.024018
2019-01-17;CNY_OIS_RUSFARCNY_1Y;0.015579;0.023429
2019-01-18;CNY_OIS_RUSFARCNY_1Y;0.014883;0.022515
2019-01-21;CNY_OIS_RUSFARCNY_1Y;0.015607;0.023021
2019-01-22;CNY_OIS_RUSFARCNY_1Y;0.01575;0.022938
2019-01-23;CNY_OIS_RUSFARCNY_1Y;0.015869;0.022839
2019-01-24;CNY_OIS_RUSFARCNY_1Y;0.016165;0.022923
2019-01-25;CNY_OIS_RUSFARCNY_1Y;0.017238;0.02383
2019-01-28;CNY_OIS_RUSFARCNY_1Y;0.015599;0.022109
2019-01-29;CNY_OIS_RUSFARCNY_1Y;0.014509;0.020879
2019-01-30;CNY_OIS_RUSFARCNY_1Y;0.013835;0.020035
2019-01-31;CNY_OIS_RUSFARCNY_1Y;0.016166;0.022422
2019-02-01;CNY_OIS_RUSFARCNY_1Y;0.014839;0.020989
2019-02-02;CNY_OIS_RUSFARCNY_1Y;0.016512;0.022596
2019-02-03;CNY_OIS_RUSFARCNY_1Y;0.014753;0.020795
2019-02-11;CNY_OIS_RUSFARCNY_1Y;0.016563;0.022565
2019-02-12;CNY_OIS_RUSFARCNY_1Y;0.014035;0.020133
2019-02-13;CNY_OIS_RUSFARCNY_1Y;0.010985;0.017283
2019-02-14;CNY_OIS_RUSFARCNY_1Y;0.011071;0.017177
2019-02-15;CNY_OIS_RUSFARCNY_1Y;0.011084;0.017004
2019-02-18;CNY_OIS_RUSFARCNY_1Y;0.01224;0.018036
2019-02-19;CNY_OIS_RUSFARCNY_1Y;0.013725;0.019443
2019-02-20;CNY_OIS_RUSFARCNY_1Y;0.012651;0.018257
2019-02-21;CNY_OIS_RUSFARCNY_1Y;0.01442;0.020008
2019-02-22;CNY_OIS_RUSFARCNY_1Y;0.018141;0.024307
2019-02-25;CNY_OIS_RUSFARCNY_1Y;0.019907;0.026021
2019-02-26;CNY_OIS_RUSFARCNY_1Y;0.020977;0.026951
2019-02-27;CNY_OIS_RUSFARCNY_1Y;0.020552;0.026356
2019-02-28;CNY_OIS_RUSFARCNY_1Y;0.019929;0.025579
2019-03-01;CNY_OIS_RUSFARCNY_1Y;0.015304;0.021624
2019-03-04;CNY_OIS_RUSFARCNY_1Y;0.013073;0.019415
2019-03-05;CNY_OIS_RUSFARCNY_1Y;0.016265;0.022883
2019-03-06;CNY_OIS_RUSFARCNY_1Y;0.01437;0.020938
2019-03-07;CNY_OIS_RUSFARCNY_1Y;0.014329;0.020699
2019-03-08;CNY_OIS_RUSFARCNY_1Y;0.014296;0.020472
2019-03-11;CNY_OIS_RUSFARCNY_1Y;0.014835;0.020833
2019-03-12;CNY_OIS_RUSFARCNY_1Y;0.017489;0.023639
2019-03-13;CNY_OIS_RUSFARCNY_1Y;0.014543;0.020865
2019-03-14;CNY_OIS_RUSFARCNY_1Y;0.016833;0.023195
2019-03-15;CNY_OIS_RUSFARCNY_1Y;0.02013;0.026798
2019-03-18;CNY_OIS_RUSFARCNY_1Y;0.02122;0.027728
2019-03-19;CNY_OIS_RUSFARCNY_1Y;0.020402;0.026746
2019-03-20;CNY_OIS_RUSFARCNY_1Y;0.020974;0.027134
2019-03-21;CNY_OIS_RUSFARCNY_1Y;0.020531;0.026517
2019-03-22;CNY_OIS_RUSFARCNY_1Y;0.020208;0.02602
2019-03-25;CNY_OIS_RUSFARCNY_1Y;0.01943;0.025098
2019-03-26;CNY_OIS_RUSFARCNY_1Y;0.019112;0.024616
2019-03-27;CNY_OIS_RUSFARCNY_1Y;0.016998;0.02255
2019-03-28;CNY_OIS_RUSFARCNY_1Y;0.014486;0.020162
2019-03-29;CNY_OIS_RUSFARCNY_1Y;0.018573;0.024975
2019-04-01;CNY_OIS_RUSFARCNY_1Y;0.016898;0.02323
2019-04-02;CNY_OIS_RUSFARCNY_1Y;0.013133;0.019815
2019-04-03;CNY_OIS_RUSFARCNY_1Y;0.01013;0.016958
2019-04-04;CNY_OIS_RUSFARCNY_1Y;0.007653;0.014515
2019-04-08;CNY_OIS_RUSFARCNY_1Y;0.007867;0.014521
2019-04-09;CNY_OIS_RUSFARCNY_1Y;0.011385;0.018383
2019-04-10;CNY_OIS_RUSFARCNY_1Y;0.015869;0.023519
2019-04-11;CNY_OIS_RUSFARCNY_1Y;0.020193;0.028335
2019-04-12;CNY_OIS_RUSFARCNY_1Y;0.019475;0.027393
2019-04-15;CNY_OIS_RUSFARCNY_1Y;0.021009;0.028759
2019-04-16;CNY_OIS_RUSFARCNY_1Y;0.021974;0.029514
2019-04-17;CNY_OIS_RUSFARCNY_1Y;0.023215;0.030573
2019-04-18;CNY_OIS_RUSFARCNY_1Y;0.021402;0.028666
2019-04-19;CNY_OIS_RUSFARCNY_1Y;0.019959;0.027089
2019-04-22;CNY_OIS_RUSFARCNY_1Y;0.019007;0.025961
2019-04-23;CNY_OIS_RUSFARCNY_1Y;0.021679;0.028709
2019-04-24;CNY_OIS_RUSFARCNY_1Y;0.021014;0.027854
2019-04-25;CNY_OIS_RUSFARCNY_1Y;0.021446;0.028082
2019-04-26;CNY_OIS_RUSFARCNY_1Y;0.018486;0.025262
2019-04-28;CNY_OIS_RUSFARCNY_1Y;0.013976;0.021252
2019-04-29;CNY_OIS_RUSFARCNY_1Y;0.010134;0.017694
2019-04-30;CNY_OIS_RUSFARCNY_1Y;0.013844;0.021704
2019-05-05;CNY_OIS_RUSFARCNY_1Y;0.010852;0.018776
2019-05-06;CNY_OIS_RUSFARCNY_1Y;0.009454;0.017214
2019-05-07;CNY_OIS_RUSFARCNY_1Y;0.006951;0.014697
2019-05-08;CNY_OIS_RUSFARCNY_1Y;0.004458;0.01219
2019-05-09;CNY_OIS_RUSFARCNY_1Y;0.008054;0.016034
2019-05-10;CNY_OIS_RUSFARCNY_1Y;0.011139;0.019209
2019-05-13;CNY_OIS_RUSFARCNY_1Y;0.014378;0.02257
2019-05-14;CNY_OIS_RUSFARCNY_1Y;0.016956;0.025118
2019-05-15;CNY_OIS_RUSFARCNY_1Y;0.018266;0.02623
2019-05-16;CNY_OIS_RUSFARCNY_1Y;0.015754;0.023694
2019-05-17;CNY_OIS_RUSFARCNY_1Y;0.014367;0.022141
2019-05-20;CNY_OIS_RUSFARCNY_1Y;0.018643;0.026875
2019-05-21;CNY_OIS_RUSFARCNY_1Y;0.020377;0.028451
2019-05-22;CNY_OIS_RUSFARCNY_1Y;0.019202;0.027086
2019-05-23;CNY_OIS_RUSFARCNY_1Y;0.01893;0.026578
2019-05-24;CNY_OIS_RUSFARCNY_1Y;0.016521;0.024147
2019-05-27;CNY_OIS_RUSFARCNY_1Y;0.01969;0.027458
2019-05-28;CNY_OIS_RUSFARCNY_1Y;0.020733;0.028295
2019-05-29;CNY_OIS_RUSFARCNY_1Y;0.018027;0.025621
2019-05-30;CNY_OIS_RUSFARCNY_1Y;0.013587;0.021581
2019-05-31;CNY_OIS_RUSFARCNY_1Y;0.01495;0.022758
2019-06-03;CNY_OIS_RUSFARCNY_1Y;0.013095;0.020793
2019-06-04;CNY_OIS_RUSFARCNY_1Y;0.010437;0.018151
2019-06-05;CNY_OIS_RUSFARCNY_1Y;0.009067;0.016621
2019-06-06;CNY_OIS_RUSFARCNY_1Y;0.008452;0.015796
2019-06-10;CNY_OIS_RUSFARCNY_1Y;0.011637;0.019151
2019-06-11;CNY_OIS_RUSFARCNY_1Y;0.013724;0.021164
2019-06-12;CNY_OIS_RUSFARCNY_1Y;0.012673;0.019935
2019-06-13;CNY_OIS_RUSFARCNY_1Y;0.012634;0.019674
2019-06-14;CNY_OIS_RUSFARCNY_1Y;0.010652;0.017636
2019-06-17;CNY_OIS_RUSFARCNY_1Y;0.011526;0.018322
2019-06-18;CNY_OIS_RUSFARCNY_1Y;0.009549;0.016299
2019-06-19;CNY_OIS_RUSFARCNY_1Y;0.008063;0.014705
2019-06-20;CNY_OIS_RUSFARCNY_1Y;0.006146;0.012742
2019-06-21;CNY_OIS_RUSFARCNY_1Y;0.004795;0.011273
2019-06-24;CNY_OIS_RUSFARCNY_1Y;0.003747;0.010081
2019-06-25;CNY_OIS_RUSFARCNY_1Y;0.004072;0.010216
2019-06-26;CNY_OIS_RUSFARCNY_1Y;0.003843;0.009805
2019-06-27;CNY_OIS_RUSFARCNY_1Y;0.003637;0.009421
2019-06-28;CNY_OIS_RUSFARCNY_1Y;0.007438;0.0138
2019-07-01;CNY_OIS_RUSFARCNY_1Y;0.004282;0.010846
2019-07-02;CNY_OIS_RUSFARCNY_1Y;0.002824;0.009284
2019-07-03;CNY_OIS_RUSFARCNY_1Y;0.002549;0.008819
2019-07-04;CNY_OIS_RUSFARCNY_1Y;0.002312;0.008396
2019-07-05;CNY_OIS_RUSFARCNY_1Y;0.004415;0.010513
2019-07-08;CNY_OIS_RUSFARCNY_1Y;0.008079;0.014649
2019-07-09;CNY_OIS_RUSFARCNY_1Y;0.011238;0.01805
2019-07-10;CNY_OIS_RUSFARCNY_1Y;0.011749;0.018359
2019-07-11;CNY_OIS_RUSFARCNY_1Y;0.013619;0.020169
2019-07-12;CNY_OIS_RUSFARCNY_1Y;0.015971;0.022557
2019-07-15;CNY_OIS_RUSFARCNY_1Y;0.019601;0.026577
2019-07-16;CNY_OIS_RUSFARCNY_1Y;0.020759;0.027569
2019-07-17;CNY_OIS_RUSFARCNY_1Y;0.020723;0.027325
2019-07-18;CNY_OIS_RUSFARCNY_1Y;0.021425;0.027843
2019-07-19;CNY_OIS_RUSFARCNY_1Y;0.022067;0.028301
2019-07-22;CNY_OIS_RUSFARCNY_1Y;0.020535;0.026689
2019-07-23;CNY_OIS_RUSFARCNY_1Y;0.019524;0.025544
2019-07-24;CNY_OIS_RUSFARCNY_1Y;0.018791;0.024657
2019-07-25;CNY_OIS_RUSFARCNY_1Y;0.0203;0.026088
2019-07-26;CNY_OIS_RUSFARCNY_1Y;0.020468;0.02608
2019-07-29;CNY_OIS_RUSFARCNY_1Y;0.020483;0.025925
2019-07-30;CNY_OIS_RUSFARCNY_1Y;0.020486;0.025762
2019-07-31;CNY_OIS_RUSFARCNY_1Y;0.020775;0.025893
2019-08-01;CNY_OIS_RUSFARCNY_1Y;0.020773;0.025735
2019-08-02;CNY_OIS_RUSFARCNY_1Y;0.020848;0.02566
2019-08-05;CNY_OIS_RUSFARCNY_1Y;0.019998;0.02471
2019-08-06;CNY_OIS_RUSFARCNY_1Y;0.017014;0.022034
2019-08-07;CNY_OIS_RUSFARCNY_1Y;0.016676;0.021552
2019-08-08;CNY_OIS_RUSFARCNY_1Y;0.019336;0.024492
2019-08-09;CNY_OIS_RUSFARCNY_1Y;0.02035;0.025398
2019-08-12;CNY_OIS_RUSFARCNY_1Y;0.020754;0.025654
2019-08-13;CNY_OIS_RUSFARCNY_1Y;0.021204;0.025964
2019-08-14;CNY_OIS_RUSFARCNY_1Y;0.021496;0.026112
2019-08-15;CNY_OIS_RUSFARCNY_1Y;0.021263;0.025745
2019-08-16;CNY_OIS_RUSFARCNY_1Y;0.021391;0.025737
2019-08-19;CNY_OIS_RUSFARCNY_1Y;0.021467;0.025681
2019-08-20;CNY_OIS_RUSFARCNY_1Y;0.02129;0.025378
2019-08-21;CNY_OIS_RUSFARCNY_1Y;0.020752;0.02474
2019-08-22;CNY_OIS_RUSFARCNY_1Y;0.020416;0.024292
2019-08-23;CNY_OIS_RUSFARCNY_1Y;0.020888;0.02466
2019-08-26;CNY_OIS_RUSFARCNY_1Y;0.021465;0.025143
2019-08-27;CNY_OIS_RUSFARCNY_1Y;0.021896;0.025472
2019-08-28;CNY_OIS_RUSFARCNY_1Y;0.021253;0.024755
2019-08-29;CNY_OIS_RUSFARCNY_1Y;0.019929;0.023459
2019-08-30;CNY_OIS_RUSFARCNY_1Y;0.020888;0.02438
2019-09-02;CNY_OIS_RUSFARCNY_1Y;0.02072;0.024108
2019-09-03;CNY_OIS_RUSFARCNY_1Y;0.020396;0.023692
2019-09-04;CNY_OIS_RUSFARCNY_1Y;0.019746;0.022982
2019-09-05;CNY_OIS_RUSFARCNY_1Y;0.02067;0.023878
2019-09-06;CNY_OIS_RUSFARCNY_1Y;0.021313;0.024455
2019-09-09;CNY_OIS_RUSFARCNY_1Y;0.021461;0.024507
2019-09-10;CNY_OIS_RUSFARCNY_1Y;0.020954;0.023934
2019-09-11;CNY_OIS_RUSFARCNY_1Y;0.019931;0.022917
2019-09-12;CNY_OIS_RUSFARCNY_1Y;0.019126;0.022082
2019-09-16;CNY_OIS_RUSFARCNY_1Y;0.018836;0.021712
2019-09-17;CNY_OIS_RUSFARCNY_1Y;0.020935;0.024193
2019-09-18;CNY_OIS_RUSFARCNY_1Y;0.021645;0.024843
2019-09-19;CNY_OIS_RUSFARCNY_1Y;0.022688;0.02588
2019-09-20;CNY_OIS_RUSFARCNY_1Y;0.022826;0.025922
2019-09-23;CNY_OIS_RUSFARCNY_1Y;0.023002;0.026006
2019-09-24;CNY_OIS_RUSFARCNY_1Y;0.018561;0.022647
2019-09-25;CNY_OIS_RUSFARCNY_1Y;0.015065;0.019683
2019-09-26;CNY_OIS_RUSFARCNY_1Y;0.010588;0.01598
2019-09-27;CNY_OIS_RUSFARCNY_1Y;0.007172;0.012916
2019-09-29;CNY_OIS_RUSFARCNY_1Y;0.006609;0.012199
2019-09-30;CNY_OIS_RUSFARCNY_1Y;0.017495;0.029033
2019-10-08;CNY_OIS_RUSFARCNY_1Y;0.017591;0.028777
2019-10-09;CNY_OIS_RUSFARCNY_1Y;0.013291;0.024577
2019-10-10;CNY_OIS_RUSFARCNY_1Y;0.011561;0.022587
2019-10-11;CNY_OIS_RUSFARCNY_1Y;0.010665;0.021383
2019-10-12;CNY_OIS_RUSFARCNY_1Y;0.013749;0.024379
2019-10-14;CNY_OIS_RUSFARCNY_1Y;0.017162;0.027766
2019-10-15;CNY_OIS_RUSFARCNY_1Y;0.018775;0.029113
2019-10-16;CNY_OIS_RUSFARCNY_1Y;0.018842;0.028866
2019-10-17;CNY_OIS_RUSFARCNY_1Y;0.017888;0.02764
2019-10-18;CNY_OIS_RUSFARCNY_1Y;0.018365;0.027823
2019-10-21;CNY_OIS_RUSFARCNY_1Y;0.019143;0.028325
2019-10-22;CNY_OIS_RUSFARCNY_1Y;0.020432;0.029376
2019-10-23;CNY_OIS_RUSFARCNY_1Y;0.019086;0.027822
2019-10-24;CNY_OIS_RUSFARCNY_1Y;0.017071;0.025677
2019-10-25;CNY_OIS_RUSFARCNY_1Y;0.017796;0.026152
2019-10-28;CNY_OIS_RUSFARCNY_1Y;0.017642;0.025746
2019-10-29;CNY_OIS_RUSFARCNY_1Y;0.016645;0.024543
2019-10-30;CNY_OIS_RUSFARCNY_1Y;0.016107;0.023781
2019-10-31;CNY_OIS_RUSFARCNY_1Y;0.018948;0.02668
2019-11-01;CNY_OIS_RUSFARCNY_1Y;0.016028;0.02382
2019-11-04;CNY_OIS_RUSFARCNY_1Y;0.013797;0.021531
2019-11-05;CNY_OIS_RUSFARCNY_1Y;0.011897;0.019531
2019-11-06;CNY_OIS_RUSFARCNY_1Y;0.011077;0.018511
2019-11-07;CNY_OIS_RUSFARCNY_1Y;0.012431;0.019697
2019-11-08;CNY_OIS_RUSFARCNY_1Y;0.012411;0.019457
2019-11-11;CNY_OIS_RUSFARCNY_1Y;0.013795;0.020693
2019-11-12;CNY_OIS_RUSFARCNY_1Y;0.0171;0.024248
2019-11-13;CNY_OIS_RUSFARCNY_1Y;0.019334;0.026454
2019-11-14;CNY_OIS_RUSFARCNY_1Y;0.020114;0.027034
2019-11-15;CNY_OIS_RUSFARCNY_1Y;0.020488;0.0272
2019-11-18;CNY_OIS_RUSFARCNY_1Y;0.020729;0.027239
2019-11-19;CNY_OIS_RUSFARCNY_1Y;0.016917;0.023771
2019-11-20;CNY_OIS_RUSFARCNY_1Y;0.012202;0.019606
2019-11-21;CNY_OIS_RUSFARCNY_1Y;0.01181;0.018998
2019-11-22;CNY_OIS_RUSFARCNY_1Y;0.012891;0.019897
2019-11-25;CNY_OIS_RUSFARCNY_1Y;0.015699;0.022809
2019-11-26;CNY_OIS_RUSFARCNY_1Y;0.016682;0.023606
2019-11-27;CNY_OIS_RUSFARCNY_1Y;0.015871;0.022617
2019-11-28;CNY_OIS_RUSFARCNY_1Y;0.014374;0.021014
2019-11-29;CNY_OIS_RUSFARCNY_1Y;0.017097;0.023851
2019-12-02;CNY_OIS_RUSFARCNY_1Y;0.015939;0.022549
2019-12-03;CNY_OIS_RUSFARCNY_1Y;0.015008;0.02146
2019-12-04;CNY_OIS_RUSFARCNY_1Y;0.013441;0.019807
2019-12-05;CNY_OIS_RUSFARCNY_1Y;0.012879;0.019069
2019-12-06;CNY_OIS_RUSFARCNY_1Y;0.014581;0.020707
2019-12-09;CNY_OIS_RUSFARCNY_1Y;0.017231;0.023497
2019-12-10;CNY_OIS_RUSFARCNY_1Y;0.015809;0.021979
2019-12-11;CNY_OIS_RUSFARCNY_1Y;0.014702;0.020746
2019-12-12;CNY_OIS_RUSFARCNY_1Y;0.014512;0.020376
2019-12-13;CNY_OIS_RUSFARCNY_1Y;0.015386;0.021102
2019-12-16;CNY_OIS_RUSFARCNY_1Y;0.018297;0.024271
2019-12-17;CNY_OIS_RUSFARCNY_1Y;0.019067;0.024881
2019-12-18;CNY_OIS_RUSFARCNY_1Y;0.018944;0.024584
2019-12-19;CNY_OIS_RUSFARCNY_1Y;0.014336;0.020642
2019-12-20;CNY_OIS_RUSFARCNY_1Y;0.011869;0.018239
2019-12-23;CNY_OIS_RUSFARCNY_1Y;0.009255;0.015713
2019-12-24;CNY_OIS_RUSFARCNY_1Y;0.004525;0.011583
2019-12-25;CNY_OIS_RUSFARCNY_1Y;0.002866;0.009822
2019-12-26;CNY_OIS_RUSFARCNY_1Y;0.002003;0.008785
2019-12-27;CNY_OIS_RUSFARCNY_1Y;0.004273;0.011055
2019-12-30;CNY_OIS_RUSFARCNY_1Y;0.005594;0.012234
2019-12-31;CNY_OIS_RUSFARCNY_1Y;0.010159;0.017549
2020-01-02;CNY_OIS_RUSFARCNY_1Y;0.007651;0.015049
2020-01-03;CNY_OIS_RUSFARCNY_1Y;0.004801;0.012267
2020-01-06;CNY_OIS_RUSFARCNY_1Y;0.003278;0.01061
2020-01-07;CNY_OIS_RUSFARCNY_1Y;0.005426;0.012702
2020-01-08;CNY_OIS_RUSFARCNY_1Y;0.008704;0.016184
2020-01-09;CNY_OIS_RUSFARCNY_1Y;0.010153;0.017475
2020-01-10;CNY_OIS_RUSFARCNY_1Y;0.011074;0.018198
2020-01-13;CNY_OIS_RUSFARCNY_1Y;0.013893;0.021115
2020-01-14;CNY_OIS_RUSFARCNY_1Y;0.018208;0.02598
2020-01-15;CNY_OIS_RUSFARCNY_1Y;0.019654;0.027254
2020-01-16;CNY_OIS_RUSFARCNY_1Y;0.019316;0.026692
2020-01-17;CNY_OIS_RUSFARCNY_1Y;0.018544;0.025724
2020-01-19;CNY_OIS_RUSFARCNY_1Y;0.01754;0.024548
2020-01-20;CNY_OIS_RUSFARCNY_1Y;0.015943;0.022845
2020-01-21;CNY_OIS_RUSFARCNY_1Y;0.012162;0.019366
2020-01-22;CNY_OIS_RUSFARCNY_1Y;0.008532;0.015976
2020-01-23;CNY_OIS_RUSFARCNY_1Y;0.016434;0.026274
2020-02-03;CNY_OIS_RUSFARCNY_1Y;0.017179;0.026729
2020-02-04;CNY_OIS_RUSFARCNY_1Y;0.014937;0.024351
2020-02-05;CNY_OIS_RUSFARCNY_1Y;0.012788;0.02206
2020-02-06;CNY_OIS_RUSFARCNY_1Y;0.010529;0.019679
2020-02-07;CNY_OIS_RUSFARCNY_1Y;0.010408;0.01928
2020-02-10;CNY_OIS_RUSFARCNY_1Y;0.009102;0.017766
2020-02-11;CNY_OIS_RUSFARCNY_1Y;0.0083;0.016728
2020-02-12;CNY_OIS_RUSFARCNY_1Y;0.008036;0.016212
2020-02-13;CNY_OIS_RUSFARCNY_1Y;0.00737;0.015318
2020-02-14;CNY_OIS_RUSFARCNY_1Y;0.005561;0.013387
2020-02-17;CNY_OIS_RUSFARCNY_1Y;0.007319;0.015009
2020-02-18;CNY_OIS_RUSFARCNY_1Y;0.008205;0.015683
2020-02-19;CNY_OIS_RUSFARCNY_1Y;0.009521;0.016827
2020-02-20;CNY_OIS_RUSFARCNY_1Y;0.007309;0.014579
2020-02-21;CNY_OIS_RUSFARCNY_1Y;0.006935;0.013993
2020-02-24;CNY_OIS_RUSFARCNY_1Y;0.008761;0.015727
2020-02-25;CNY_OIS_RUSFARCNY_1Y;0.009547;0.016321
2020-02-26;CNY_OIS_RUSFARCNY_1Y;0.008599;0.015209
2020-02-27;CNY_OIS_RUSFARCNY_1Y;0.007131;0.013637
2020-02-28;CNY_OIS_RUSFARCNY_1Y;0.009876;0.016512
2020-03-02;CNY_OIS_RUSFARCNY_1Y;0.010821;0.017287
2020-03-03;CNY_OIS_RUSFARCNY_1Y;0.009982;0.016286
2020-03-04;CNY_OIS_RUSFARCNY_1Y;0.008422;0.014646
2020-03-05;CNY_OIS_RUSFARCNY_1Y;0.008396;0.014432
2020-03-06;CNY_OIS_RUSFARCNY_1Y;0.00759;0.013478
2020-03-09;CNY_OIS_RUSFARCNY_1Y;0.009822;0.015766
2020-03-10;CNY_OIS_RUSFARCNY_1Y;0.013774;0.020334
2020-03-11;CNY_OIS_RUSFARCNY_1Y;0.014891;0.021297
2020-03-12;CNY_OIS_RUSFARCNY_1Y;0.010029;0.017079
2020-03-13;CNY_OIS_RUSFARCNY_1Y;0.007515;0.014593
2020-03-16;CNY_OIS_RUSFARCNY_1Y;0.005728;0.01272
2020-03-17;CNY_OIS_RUSFARCNY_1Y;0.004311;0.011177
2020-03-18;CNY_OIS_RUSFARCNY_1Y;0.003187;0.009901
2020-03-19;CNY_OIS_RUSFARCNY_1Y;0.002091;0.008657
2020-03-20;CNY_OIS_RUSFARCNY_1Y;0.001675;0.008053
2020-03-23;CNY_OIS_RUSFARCNY_1Y;0.002267;0.008461
2020-03-24;CNY_OIS_RUSFARCNY_1Y;0.002049;0.008059
2020-03-25;CNY_OIS_RUSFARCNY_1Y;0.002468;0.0083
2020-03-26;CNY_OIS_RUSFARCNY_1Y;0.002537;0.008191
2020-03-27;CNY_OIS_RUSFARCNY_1Y;0.005052;0.010856
2020-03-30;CNY_OIS_RUSFARCNY_1Y;0.007671;0.013637
2020-03-31;CNY_OIS_RUSFARCNY_1Y;0.010031;0.016077
2020-04-01;CNY_OIS_RUSFARCNY_1Y;0.007912;0.013976
2020-04-02;CNY_OIS_RUSFARCNY_1Y;0.006719;0.012669
2020-04-03;CNY_OIS_RUSFARCNY_1Y;0.003865;0.009983
2020-04-07;CNY_OIS_RUSFARCNY_1Y;0.001923;0.008025
2020-04-08;CNY_OIS_RUSFARCNY_1Y;0.002869;0.008819
2020-04-09;CNY_OIS_RUSFARCNY_1Y;0.00566;0.011808
2020-04-10;CNY_OIS_RUSFARCNY_1Y;0.007361;0.013447
2020-04-13;CNY_OIS_RUSFARCNY_1Y;0.007742;0.013646
2020-04-14;CNY_OIS_RUSFARCNY_1Y;0.003663;0.010045
2020-04-15;CNY_OIS_RUSFARCNY_1Y;0.00175;0.008098
2020-04-16;CNY_OIS_RUSFARCNY_1Y;0.000835;0.007033
2020-04-17;CNY_OIS_RUSFARCNY_1Y;0.001069;0.007079
2020-04-20;CNY_OIS_RUSFARCNY_1Y;0.002887;0.008861
2020-04-21;CNY_OIS_RUSFARCNY_1Y;0.003028;0.00882
2020-04-22;CNY_OIS_RUSFARCNY_1Y;0.003116;0.008732
2020-04-23;CNY_OIS_RUSFARCNY_1Y;0.003121;0.008567
2020-04-24;CNY_OIS_RUSFARCNY_1Y;0.003393;0.008675
2020-04-26;CNY_OIS_RUSFARCNY_1Y;0.003434;0.008554
2020-04-27;CNY_OIS_RUSFARCNY_1Y;0.003168;0.00814
2020-04-28;CNY_OIS_RUSFARCNY_1Y;0.003244;0.008064
2020-04-29;CNY_OIS_RUSFARCNY_1Y;0.00106;0.005988
2020-04-30;CNY_OIS_RUSFARCNY_1Y;0.010692;0.020896
2020-05-06;CNY_OIS_RUSFARCNY_1Y;0.006578;0.01691
2020-05-07;CNY_OIS_RUSFARCNY_1Y;0.003182;0.013506
2020-05-08;CNY_OIS_RUSFARCNY_1Y;0.001233;0.011355
2020-05-09;CNY_OIS_RUSFARCNY_1Y;0.000497;0.010331
2020-05-11;CNY_OIS_RUSFARCNY_1Y;0.000906;0.010442
2020-05-12;CNY_OIS_RUSFARCNY_1Y;0.000313;0.009575
2020-05-13;CNY_OIS_RUSFARCNY_1Y;-0.00054;0.008468
2020-05-14;CNY_OIS_RUSFARCNY_1Y;-2.5e-05;0.008713
2020-05-15;CNY_OIS_RUSFARCNY_1Y;0.001294;0.009814
2020-05-18;CNY_OIS_RUSFARCNY_1Y;0.001832;0.010096
2020-05-19;CNY_OIS_RUSFARCNY_1Y;0.006386;0.015142
2020-05-20;CNY_OIS_RUSFARCNY_1Y;0.004827;0.013401
2020-05-21;CNY_OIS_RUSFARCNY_1Y;0.003776;0.012132
2020-05-22;CNY_OIS_RUSFARCNY_1Y;0.003803;0.011905
2020-05-25;CNY_OIS_RUSFARCNY_1Y;0.007477;0.015811
2020-05-26;CNY_OIS_RUSFARCNY_1Y;0.011406;0.020022
2020-05-27;CNY_OIS_RUSFARCNY_1Y;0.013697;0.022211
2020-05-28;CNY_OIS_RUSFARCNY_1Y;0.013806;0.022062
2020-05-29;CNY_OIS_RUSFARCNY_1Y;0.013882;0.021886
2020-06-01;CNY_OIS_RUSFARCNY_1Y;0.00896;0.017448
2020-06-02;CNY_OIS_RUSFARCNY_1Y;0.007437;0.015751
2020-06-03;CNY_OIS_RUSFARCNY_1Y;0.011452;0.020076
2020-06-04;CNY_OIS_RUSFARCNY_1Y;0.012354;0.020734
2020-06-05;CNY_OIS_RUSFARCNY_1Y;0.008437;0.017031
2020-06-08;CNY_OIS_RUSFARCNY_1Y;0.011497;0.020131
2020-06-09;CNY_OIS_RUSFARCNY_1Y;0.011053;0.019435
2020-06-10;CNY_OIS_RUSFARCNY_1Y;0.01134;0.019468
2020-06-11;CNY_OIS_RUSFARCNY_1Y;0.01053;0.018438
2020-06-12;CNY_OIS_RUSFARCNY_1Y;0.00828;0.016128
2020-06-15;CNY_OIS_RUSFARCNY_1Y;0.007874;0.015494
2020-06-16;CNY_OIS_RUSFARCNY_1Y;0.010596;0.018252
2020-06-17;CNY_OIS_RUSFARCNY_1Y;0.013525;0.021263
2020-06-18;CNY_OIS_RUSFARCNY_1Y;0.014383;0.021905
2020-06-19;CNY_OIS_RUSFARCNY_1Y;0.014578;0.02187
2020-06-22;CNY_OIS_RUSFARCNY_1Y;0.014709;0.021779
2020-06-23;CNY_OIS_RUSFARCNY_1Y;0.013145;0.020103
2020-06-24;CNY_OIS_RUSFARCNY_1Y;0.008588;0.01604
2020-06-28;CNY_OIS_RUSFARCNY_1Y;0.00391;0.011838
2020-06-29;CNY_OIS_RUSFARCNY_1Y;0.003178;0.01089
2020-06-30;CNY_OIS_RUSFARCNY_1Y;0.010069;0.019459
2020-07-01;CNY_OIS_RUSFARCNY_1Y;0.011983;0.021185
2020-07-02;CNY_OIS_RUSFARCNY_1Y;0.00983;0.018898
2020-07-03;CNY_OIS_RUSFARCNY_1Y;0.00594;0.015168
2020-07-06;CNY_OIS_RUSFARCNY_1Y;0.0059;0.014848
2020-07-07;CNY_OIS_RUSFARCNY_1Y;0.009439;0.018509
2020-07-08;CNY_OIS_RUSFARCNY_1Y;0.013179;0.022409
2020-07-09;CNY_OIS_RUSFARCNY_1Y;0.014314;0.023294
2020-07-10;CNY_OIS_RUSFARCNY_1Y;0.014531;0.023237
2020-07-13;CNY_OIS_RUSFARCNY_1Y;0.013966;0.022422
2020-07-14;CNY_OIS_RUSFARCNY_1Y;0.009183;0.018045
2020-07-15;CNY_OIS_RUSFARCNY_1Y;0.012647;0.021621
2020-07-16;CNY_OIS_RUSFARCNY_1Y;0.014951;0.023807
2020-07-17;CNY_OIS_RUSFARCNY_1Y;0.015891;0.024497
2020-07-20;CNY_OIS_RUSFARCNY_1Y;0.012089;0.020869
2020-07-21;CNY_OIS_RUSFARCNY_1Y;0.008283;0.017225
2020-07-22;CNY_OIS_RUSFARCNY_1Y;0.005845;0.014703
2020-07-23;CNY_OIS_RUSFARCNY_1Y;0.010791;0.020197
2020-07-24;CNY_OIS_RUSFARCNY_1Y;0.010784;0.019904
2020-07-27;CNY_OIS_RUSFARCNY_1Y;0.012398;0.02131
2020-07-28;CNY_OIS_RUSFARCNY_1Y;0.010034;0.018854
2020-07-29;CNY_OIS_RUSFARCNY_1Y;0.006996;0.015832
2020-07-30;CNY_OIS_RUSFARCNY_1Y;0.00631;0.014898
2020-07-31;CNY_OIS_RUSFARCNY_1Y;0.010355;0.019233
2020-08-03;CNY_OIS_RUSFARCNY_1Y;0.008237;0.016991
2020-08-04;CNY_OIS_RUSFARCNY_1Y;0.011724;0.020604
2020-08-05;CNY_OIS_RUSFARCNY_1Y;0.009424;0.018204
2020-08-06;CNY_OIS_RUSFARCNY_1Y;0.009266;0.017782
2020-08-07;CNY_OIS_RUSFARCNY_1Y;0.013107;0.021861
2020-08-10;CNY_OIS_RUSFARCNY_1Y;0.013952;0.022456
2020-08-11;CNY_OIS_RUSFARCNY_1Y;0.014793;0.023055
2020-08-12;CNY_OIS_RUSFARCNY_1Y;0.014425;0.022443
2020-08-13;CNY_OIS_RUSFARCNY_1Y;0.014647;0.022421
2020-08-14;CNY_OIS_RUSFARCNY_1Y;0.014895;0.022433
2020-08-17;CNY_OIS_RUSFARCNY_1Y;0.014536;0.021852
2020-08-18;CNY_OIS_RUSFARCNY_1Y;0.014517;0.021611
2020-08-19;CNY_OIS_RUSFARCNY_1Y;0.014953;0.021835
2020-08-20;CNY_OIS_RUSFARCNY_1Y;0.015296;0.021972
2020-08-21;CNY_OIS_RUSFARCNY_1Y;0.016243;0.022745
2020-08-24;CNY_OIS_RUSFARCNY_1Y;0.017335;0.023683
2020-08-25;CNY_OIS_RUSFARCNY_1Y;0.013208;0.02
2020-08-26;CNY_OIS_RUSFARCNY_1Y;0.009694;0.016734
2020-08-27;CNY_OIS_RUSFARCNY_1Y;0.008225;0.015143
2020-08-28;CNY_OIS_RUSFARCNY_1Y;0.006976;0.013752
2020-08-31;CNY_OIS_RUSFARCNY_1Y;0.010943;0.018205
2020-09-01;CNY_OIS_RUSFARCNY_1Y;0.014221;0.021687
2020-09-02;CNY_OIS_RUSFARCNY_1Y;0.014235;0.021473
2020-09-03;CNY_OIS_RUSFARCNY_1Y;0.010594;0.018074
2020-09-04;CNY_OIS_RUSFARCNY_1Y;0.013633;0.021235
2020-09-07;CNY_OIS_RUSFARCNY_1Y;0.014107;0.021481
2020-09-08;CNY_OIS_RUSFARCNY_1Y;0.013846;0.021002
2020-09-09;CNY_OIS_RUSFARCNY_1Y;0.009151;0.016817
2020-09-10;CNY_OIS_RUSFARCNY_1Y;0.00647;0.014158
2020-09-11;CNY_OIS_RUSFARCNY_1Y;0.0078;0.015308
2020-09-14;CNY_OIS_RUSFARCNY_1Y;0.009306;0.016662
2020-09-15;CNY_OIS_RUSFARCNY_1Y;0.010629;0.017819
2020-09-16;CNY_OIS_RUSFARCNY_1Y;0.007268;0.01464
2020-09-17;CNY_OIS_RUSFARCNY_1Y;0.010787;0.018421
2020-09-18;CNY_OIS_RUSFARCNY_1Y;0.014027;0.021821
2020-09-21;CNY_OIS_RUSFARCNY_1Y;0.015157;0.022751
2020-09-22;CNY_OIS_RUSFARCNY_1Y;0.01608;0.023468
2020-09-23;CNY_OIS_RUSFARCNY_1Y;0.01188;0.019628
2020-09-24;CNY_OIS_RUSFARCNY_1Y;0.007035;0.015273
2020-09-25;CNY_OIS_RUSFARCNY_1Y;0.003891;0.012197
2020-09-27;CNY_OIS_RUSFARCNY_1Y;-0.000559;0.008087
2020-09-28;CNY_OIS_RUSFARCNY_1Y;-0.001268;0.007136
2020-09-29;CNY_OIS_RUSFARCNY_1Y;0.001812;0.010276
2020-09-30;CNY_OIS_RUSFARCNY_1Y;0.013806;0.027242
2020-10-09;CNY_OIS_RUSFARCNY_1Y;0.010673;0.023915
2020-10-10;CNY_OIS_RUSFARCNY_1Y;0.0066;0.019788
2020-10-12;CNY_OIS_RUSFARCNY_1Y;0.005811;0.018617
2020-10-13;CNY_OIS_RUSFARCNY_1Y;0.007675;0.020153
2020-10-14;CNY_OIS_RUSFARCNY_1Y;0.010409;0.022659
2020-10-15;CNY_OIS_RUSFARCNY_1Y;0.011594;0.023494
2020-10-16;CNY_OIS_RUSFARCNY_1Y;0.011313;0.022855
2020-10-19;CNY_OIS_RUSFARCNY_1Y;0.013154;0.024414
2020-10-20;CNY_OIS_RUSFARCNY_1Y;0.013074;0.023994
2020-10-21;CNY_OIS_RUSFARCNY_1Y;0.011462;0.022126
2020-10-22;CNY_OIS_RUSFARCNY_1Y;0.010847;0.021201
2020-10-23;CNY_OIS_RUSFARCNY_1Y;0.013421;0.023627
2020-10-26;CNY_OIS_RUSFARCNY_1Y;0.013766;0.023662
2020-10-27;CNY_OIS_RUSFARCNY_1Y;0.015861;0.025567
2020-10-28;CNY_OIS_RUSFARCNY_1Y;0.015999;0.025409
2020-10-29;CNY_OIS_RUSFARCNY_1Y;0.013508;0.02282
2020-10-30;CNY_OIS_RUSFARCNY_1Y;0.014741;0.023807
2020-11-02;CNY_OIS_RUSFARCNY_1Y;0.015728;0.02454
2020-11-03;CNY_OIS_RUSFARCNY_1Y;0.011008;0.02018
2020-11-04;CNY_OIS_RUSFARCNY_1Y;0.006699;0.016109
2020-11-05;CNY_OIS_RUSFARCNY_1Y;0.006114;0.015254
2020-11-06;CNY_OIS_RUSFARCNY_1Y;0.010131;0.019497
2020-11-09;CNY_OIS_RUSFARCNY_1Y;0.014068;0.02362
2020-11-10;CNY_OIS_RUSFARCNY_1Y;0.015585;0.024903
2020-11-11;CNY_OIS_RUSFARCNY_1Y;0.015537;0.024571
2020-11-12;CNY_OIS_RUSFARCNY_1Y;0.017679;0.026569
2020-11-13;CNY_OIS_RUSFARCNY_1Y;0.017834;0.026454
2020-11-16;CNY_OIS_RUSFARCNY_1Y;0.015138;0.02373
2020-11-17;CNY_OIS_RUSFARCNY_1Y;0.010408;0.01938
2020-11-18;CNY_OIS_RUSFARCNY_1Y;0.009755;0.018473
2020-11-19;CNY_OIS_RUSFARCNY_1Y;0.011806;0.020382
2020-11-20;CNY_OIS_RUSFARCNY_1Y;0.012343;0.020665
2020-11-23;CNY_OIS_RUSFARCNY_1Y;0.011246;0.019362
2020-11-24;CNY_OIS_RUSFARCNY_1Y;0.01126;0.019128
2020-11-25;CNY_OIS_RUSFARCNY_1Y;0.00877;0.016618
2020-11-26;CNY_OIS_RUSFARCNY_1Y;0.005953;0.013835
2020-11-27;CNY_OIS_RUSFARCNY_1Y;0.001093;0.009455
2020-11-30;CNY_OIS_RUSFARCNY_1Y;0.003883;0.012245
2020-12-01;CNY_OIS_RUSFARCNY_1Y;0.0003;0.008808
2020-12-02;CNY_OIS_RUSFARCNY_1Y;0.000209;0.008459
2020-12-03;CNY_OIS_RUSFARCNY_1Y;0.001882;0.009966
2020-12-04;CNY_OIS_RUSFARCNY_1Y;0.003797;0.011751
2020-12-07;CNY_OIS_RUSFARCNY_1Y;0.006583;0.014565
2020-12-08;CNY_OIS_RUSFARCNY_1Y;0.006057;0.013811
2020-12-09;CNY_OIS_RUSFARCNY_1Y;0.003706;0.011422
2020-12-10;CNY_OIS_RUSFARCNY_1Y;0.00295;0.010458
2020-12-11;CNY_OIS_RUSFARCNY_1Y;0.007224;0.015224
2020-12-14;CNY_OIS_RUSFARCNY_1Y;0.00993;0.017938
2020-12-15;CNY_OIS_RUSFARCNY_1Y;0.006909;0.014979
2020-12-16;CNY_OIS_RUSFARCNY_1Y;0.002436;0.010872
2020-12-17;CNY_OIS_RUSFARCNY_1Y;0.006151;0.014797
2020-12-18;CNY_OIS_RUSFARCNY_1Y;0.009741;0.018547
2020-12-21;CNY_OIS_RUSFARCNY_1Y;0.007449;0.016159
2020-12-22;CNY_OIS_RUSFARCNY_1Y;0.002497;0.011631
2020-12-23;CNY_OIS_RUSFARCNY_1Y;-0.001512;0.0078
2020-12-24;CNY_OIS_RUSFARCNY_1Y;-0.001511;0.007519
2020-12-25;CNY_OIS_RUSFARCNY_1Y;0.000415;0.009273
2020-12-28;CNY_OIS_RUSFARCNY_1Y;-0.000673;0.007961
2020-12-29;CNY_OIS_RUSFARCNY_1Y;-0.001035;0.007343
2020-12-30;CNY_OIS_RUSFARCNY_1Y;-0.000708;0.007416
2020-12-31;CNY_OIS_RUSFARCNY_1Y;0.003574;0.012114
2021-01-04;CNY_OIS_RUSFARCNY_1Y;0.001703;0.010105
2021-01-05;CNY_OIS_RUSFARCNY_1Y;8.4e-05;0.008324
2021-01-06;CNY_OIS_RUSFARCNY_1Y;-0.000942;0.00709
2021-01-07;CNY_OIS_RUSFARCNY_1Y;0.002072;0.010176
2021-01-08;CNY_OIS_RUSFARCNY_1Y;0.002632;0.010496
2021-01-11;CNY_OIS_RUSFARCNY_1Y;0.005152;0.012996
2021-01-12;CNY_OIS_RUSFARCNY_1Y;0.006417;0.014071
2021-01-13;CNY_OIS_RUSFARCNY_1Y;0.007205;0.014643
2021-01-14;CNY_OIS_RUSFARCNY_1Y;0.009921;0.017407
2021-01-15;CNY_OIS_RUSFARCNY_1Y;0.010657;0.017931
2021-01-18;CNY_OIS_RUSFARCNY_1Y;0.014362;0.021966
2021-01-19;CNY_OIS_RUSFARCNY_1Y;0.015565;0.022983
2021-01-20;CNY_OIS_RUSFARCNY_1Y;0.017798;0.02517
2021-01-21;CNY_OIS_RUSFARCNY_1Y;0.019045;0.026243
2021-01-22;CNY_OIS_RUSFARCNY_1Y;0.017748;0.0248
2021-01-25;CNY_OIS_RUSFARCNY_1Y;0.017995;0.024833
2021-01-26;CNY_OIS_RUSFARCNY_1Y;0.020708;0.02764
2021-01-27;CNY_OIS_RUSFARCNY_1Y;0.023136;0.030092
2021-01-28;CNY_OIS_RUSFARCNY_1Y;0.023776;0.030532
2021-01-29;CNY_OIS_RUSFARCNY_1Y;0.026325;0.033143
2021-02-01;CNY_OIS_RUSFARCNY_1Y;0.021105;0.028623
2021-02-02;CNY_OIS_RUSFARCNY_1Y;0.015992;0.024096
2021-02-03;CNY_OIS_RUSFARCNY_1Y;0.011236;0.019772
2021-02-04;CNY_OIS_RUSFARCNY_1Y;0.013451;0.021877
2021-02-05;CNY_OIS_RUSFARCNY_1Y;0.011874;0.020134
2021-02-07;CNY_OIS_RUSFARCNY_1Y;0.008454;0.016834
2021-02-08;CNY_OIS_RUSFARCNY_1Y;0.011731;0.020217
2021-02-09;CNY_OIS_RUSFARCNY_1Y;0.010491;0.018777
2021-02-10;CNY_OIS_RUSFARCNY_1Y;0.012108;0.02022
2021-02-18;CNY_OIS_RUSFARCNY_1Y;0.016105;0.024543
2021-02-19;CNY_OIS_RUSFARCNY_1Y;0.011355;0.020193
2021-02-20;CNY_OIS_RUSFARCNY_1Y;0.006919;0.016049
2021-02-22;CNY_OIS_RUSFARCNY_1Y;0.007603;0.016465
2021-02-23;CNY_OIS_RUSFARCNY_1Y;0.012121;0.021387
2021-02-24;CNY_OIS_RUSFARCNY_1Y;0.007219;0.016849
2021-02-25;CNY_OIS_RUSFARCNY_1Y;0.009224;0.018664
2021-02-26;CNY_OIS_RUSFARCNY_1Y;0.013039;0.022629
2021-03-01;CNY_OIS_RUSFARCNY_1Y;0.0138;0.023108
2021-03-02;CNY_OIS_RUSFARCNY_1Y;0.009942;0.019386
2021-03-03;CNY_OIS_RUSFARCNY_1Y;0.006911;0.016337
2021-03-04;CNY_OIS_RUSFARCNY_1Y;0.011309;0.021039
2021-03-05;CNY_OIS_RUSFARCNY_1Y;0.007664;0.017464
2021-03-08;CNY_OIS_RUSFARCNY_1Y;0.009176;0.018732
2021-03-09;CNY_OIS_RUSFARCNY_1Y;0.012375;0.021933
2021-03-10;CNY_OIS_RUSFARCNY_1Y;0.00964;0.019128
2021-03-11;CNY_OIS_RUSFARCNY_1Y;0.010271;0.019477
2021-03-12;CNY_OIS_RUSFARCNY_1Y;0.010321;0.019247
2021-03-15;CNY_OIS_RUSFARCNY_1Y;0.014721;0.024007
2021-03-16;CNY_OIS_RUSFARCNY_1Y;0.013796;0.022832
2021-03-17;CNY_OIS_RUSFARCNY_1Y;0.012168;0.02102
2021-03-18;CNY_OIS_RUSFARCNY_1Y;0.014595;0.023353
2021-03-19;CNY_OIS_RUSFARCNY_1Y;0.01401;0.022518
2021-03-22;CNY_OIS_RUSFARCNY_1Y;0.013299;0.021569
2021-03-23;CNY_OIS_RUSFARCNY_1Y;0.012655;0.020693
2021-03-24;CNY_OIS_RUSFARCNY_1Y;0.011196;0.019072
2021-03-25;CNY_OIS_RUSFARCNY_1Y;0.013311;0.021097
2021-03-26;CNY_OIS_RUSFARCNY_1Y;0.010635;0.018433
2021-03-29;CNY_OIS_RUSFARCNY_1Y;0.011269;0.018839
2021-03-30;CNY_OIS_RUSFARCNY_1Y;0.011494;0.018834
2021-03-31;CNY_OIS_RUSFARCNY_1Y;0.01443;0.021878
2021-04-01;CNY_OIS_RUSFARCNY_1Y;0.014733;0.021955
2021-04-02;CNY_OIS_RUSFARCNY_1Y;0.010444;0.018064
2021-04-06;CNY_OIS_RUSFARCNY_1Y;0.010868;0.01826
2021-04-07;CNY_OIS_RUSFARCNY_1Y;0.011564;0.018744
2021-04-08;CNY_OIS_RUSFARCNY_1Y;0.011025;0.018003
2021-04-09;CNY_OIS_RUSFARCNY_1Y;0.011371;0.018137
2021-04-12;CNY_OIS_RUSFARCNY_1Y;0.011554;0.018114
2021-04-13;CNY_OIS_RUSFARCNY_1Y;0.011543;0.017905
2021-04-14;CNY_OIS_RUSFARCNY_1Y;0.011928;0.0181
2021-04-15;CNY_OIS_RUSFARCNY_1Y;0.012022;0.018006
2021-04-16;CNY_OIS_RUSFARCNY_1Y;0.013431;0.019317
2021-04-19;CNY_OIS_RUSFARCNY_1Y;0.015171;0.021017
2021-04-20;CNY_OIS_RUSFARCNY_1Y;0.012459;0.018449
2021-04-21;CNY_OIS_RUSFARCNY_1Y;0.01265;0.018458
2021-04-22;CNY_OIS_RUSFARCNY_1Y;0.015207;0.021161
2021-04-23;CNY_OIS_RUSFARCNY_1Y;0.013369;0.019299
2021-04-25;CNY_OIS_RUSFARCNY_1Y;0.014206;0.019982
2021-04-26;CNY_OIS_RUSFARCNY_1Y;0.014856;0.020472
2021-04-27;CNY_OIS_RUSFARCNY_1Y;0.012167;0.017941
2021-04-28;CNY_OIS_RUSFARCNY_1Y;0.011913;0.017515
2021-04-29;CNY_OIS_RUSFARCNY_1Y;0.012423;0.017865
2021-04-30;CNY_OIS_RUSFARCNY_1Y;0.016627;0.022901
2021-05-06;CNY_OIS_RUSFARCNY_1Y;0.014765;0.021003
2021-05-07;CNY_OIS_RUSFARCNY_1Y;0.011462;0.017946
2021-05-08;CNY_OIS_RUSFARCNY_1Y;0.008541;0.015167
2021-05-10;CNY_OIS_RUSFARCNY_1Y;0.010273;0.016815
2021-05-11;CNY_OIS_RUSFARCNY_1Y;0.012965;0.019623
2021-05-12;CNY_OIS_RUSFARCNY_1Y;0.013196;0.019652
2021-05-13;CNY_OIS_RUSFARCNY_1Y;0.013444;0.019704
2021-05-14;CNY_OIS_RUSFARCNY_1Y;0.011872;0.018056
2021-05-17;CNY_OIS_RUSFARCNY_1Y;0.015039;0.021509
2021-05-18;CNY_OIS_RUSFARCNY_1Y;0.014967;0.021241
2021-05-19;CNY_OIS_RUSFARCNY_1Y;0.014103;0.020225
2021-05-20;CNY_OIS_RUSFARCNY_1Y;0.014856;0.020812
2021-05-21;CNY_OIS_RUSFARCNY_1Y;0.013966;0.019782
2021-05-24;CNY_OIS_RUSFARCNY_1Y;0.015732;0.021516
2021-05-25;CNY_OIS_RUSFARCNY_1Y;0.016049;0.021659
2021-05-26;CNY_OIS_RUSFARCNY_1Y;0.013993;0.019635
2021-05-27;CNY_OIS_RUSFARCNY_1Y;0.015309;0.020859
2021-05-28;CNY_OIS_RUSFARCNY_1Y;0.015878;0.02127
2021-05-31;CNY_OIS_RUSFARCNY_1Y;0.01656;0.021808
2021-06-01;CNY_OIS_RUSFARCNY_1Y;0.016236;0.021332
2021-06-02;CNY_OIS_RUSFARCNY_1Y;0.014785;0.019843
2021-06-03;CNY_OIS_RUSFARCNY_1Y;0.012887;0.017981
2021-06-04;CNY_OIS_RUSFARCNY_1Y;0.015924;0.021404
2021-06-07;CNY_OIS_RUSFARCNY_1Y;0.017209;0.022599
2021-06-08;CNY_OIS_RUSFARCNY_1Y;0.016202;0.021486
2021-06-09;CNY_OIS_RUSFARCNY_1Y;0.016232;0.021356
2021-06-10;CNY_OIS_RUSFARCNY_1Y;0.013123;0.018545
2021-06-11;CNY_OIS_RUSFARCNY_1Y;0.014237;0.019551
2021-06-15;CNY_OIS_RUSFARCNY_1Y;0.015348;0.02056
2021-06-16;CNY_OIS_RUSFARCNY_1Y;0.014422;0.019526
2021-06-17;CNY_OIS_RUSFARCNY_1Y;0.013154;0.018194
2021-06-18;CNY_OIS_RUSFARCNY_1Y;0.014559;0.019549
2021-06-21;CNY_OIS_RUSFARCNY_1Y;0.016818;0.02195
2021-06-22;CNY_OIS_RUSFARCNY_1Y;0.017428;0.02242
2021-06-23;CNY_OIS_RUSFARCNY_1Y;0.01655;0.021438
2021-06-24;CNY_OIS_RUSFARCNY_1Y;0.012739;0.018149
2021-06-25;CNY_OIS_RUSFARCNY_1Y;0.009565;0.015263
2021-06-28;CNY_OIS_RUSFARCNY_1Y;0.009732;0.015256
2021-06-29;CNY_OIS_RUSFARCNY_1Y;0.012048;0.01768
2021-06-30;CNY_OIS_RUSFARCNY_1Y;0.015614;0.021754
2021-07-01;CNY_OIS_RUSFARCNY_1Y;0.010862;0.017646
2021-07-02;CNY_OIS_RUSFARCNY_1Y;0.009736;0.016372
2021-07-05;CNY_OIS_RUSFARCNY_1Y;0.010341;0.016787
2021-07-06;CNY_OIS_RUSFARCNY_1Y;0.012744;0.019244
2021-07-07;CNY_OIS_RUSFARCNY_1Y;0.014389;0.020799
2021-07-08;CNY_OIS_RUSFARCNY_1Y;0.011554;0.018094
2021-07-09;CNY_OIS_RUSFARCNY_1Y;0.015456;0.022492
2021-07-12;CNY_OIS_RUSFARCNY_1Y;0.012766;0.019862
2021-07-13;CNY_OIS_RUSFARCNY_1Y;0.01395;0.020878
2021-07-14;CNY_OIS_RUSFARCNY_1Y;0.013387;0.020121
2021-07-15;CNY_OIS_RUSFARCNY_1Y;0.014603;0.021185
2021-07-16;CNY_OIS_RUSFARCNY_1Y;0.014873;0.021255
2021-07-19;CNY_OIS_RUSFARCNY_1Y;0.01493;0.021118
2021-07-20;CNY_OIS_RUSFARCNY_1Y;0.015684;0.021704
2021-07-21;CNY_OIS_RUSFARCNY_1Y;0.015816;0.021652
2021-07-22;CNY_OIS_RUSFARCNY_1Y;0.015214;0.020894
2021-07-23;CNY_OIS_RUSFARCNY_1Y;0.014722;0.020246
2021-07-26;CNY_OIS_RUSFARCNY_1Y;0.015417;0.020791
2021-07-27;CNY_OIS_RUSFARCNY_1Y;0.01695;0.022278
2021-07-28;CNY_OIS_RUSFARCNY_1Y;0.01517;0.020498
2021-07-29;CNY_OIS_RUSFARCNY_1Y;0.010291;0.016417
2021-07-30;CNY_OIS_RUSFARCNY_1Y;0.015135;0.022253
2021-08-02;CNY_OIS_RUSFARCNY_1Y;0.012049;0.019299
2021-08-03;CNY_OIS_RUSFARCNY_1Y;0.011756;0.018792
2021-08-04;CNY_OIS_RUSFARCNY_1Y;0.010572;0.017456
2021-08-05;CNY_OIS_RUSFARCNY_1Y;0.010667;0.017341
2021-08-06;CNY_OIS_RUSFARCNY_1Y;0.012222;0.018786
2021-08-09;CNY_OIS_RUSFARCNY_1Y;0.015598;0.02247
2021-08-10;CNY_OIS_RUSFARCNY_1Y;0.01608;0.022748
2021-08-11;CNY_OIS_RUSFARCNY_1Y;0.013904;0.020564
2021-08-12;CNY_OIS_RUSFARCNY_1Y;0.013067;0.019561
2021-08-13;CNY_OIS_RUSFARCNY_1Y;0.015409;0.021939
2021-08-16;CNY_OIS_RUSFARCNY_1Y;0.014788;0.02114
2021-08-17;CNY_OIS_RUSFARCNY_1Y;0.013516;0.019752
2021-08-18;CNY_OIS_RUSFARCNY_1Y;0.011008;0.01732
2021-08-19;CNY_OIS_RUSFARCNY_1Y;0.012234;0.018414
2021-08-20;CNY_OIS_RUSFARCNY_1Y;0.014249;0.020419
2021-08-23;CNY_OIS_RUSFARCNY_1Y;0.01533;0.021358
2021-08-24;CNY_OIS_RUSFARCNY_1Y;0.016579;0.022489
2021-08-25;CNY_OIS_RUSFARCNY_1Y;0.016153;0.021895
2021-08-26;CNY_OIS_RUSFARCNY_1Y;0.01612;0.021688
2021-08-27;CNY_OIS_RUSFARCNY_1Y;0.015106;0.020562
2021-08-30;CNY_OIS_RUSFARCNY_1Y;0.012579;0.018169
2021-08-31;CNY_OIS_RUSFARCNY_1Y;0.015866;0.021862
2021-09-01;CNY_OIS_RUSFARCNY_1Y;0.015215;0.021053
2021-09-02;CNY_OIS_RUSFARCNY_1Y;0.0149;0.020568
2021-09-03;CNY_OIS_RUSFARCNY_1Y;0.01355;0.019138
2021-09-06;CNY_OIS_RUSFARCNY_1Y;0.015282;0.020846
2021-09-07;CNY_OIS_RUSFARCNY_1Y;0.016074;0.021494
2021-09-08;CNY_OIS_RUSFARCNY_1Y;0.016126;0.021382
2021-09-09;CNY_OIS_RUSFARCNY_1Y;0.014594;0.019814
2021-09-10;CNY_OIS_RUSFARCNY_1Y;0.015456;0.020552
2021-09-13;CNY_OIS_RUSFARCNY_1Y;0.016085;0.021043
2021-09-14;CNY_OIS_RUSFARCNY_1Y;0.017423;0.022325
2021-09-15;CNY_OIS_RUSFARCNY_1Y;0.015837;0.020731
2021-09-16;CNY_OIS_RUSFARCNY_1Y;0.016626;0.021402
2021-09-17;CNY_OIS_RUSFARCNY_1Y;0.016729;0.021359
2021-09-18;CNY_OIS_RUSFARCNY_1Y;0.015706;0.020262
2021-09-22;CNY_OIS_RUSFARCNY_1Y;0.016306;0.020742
2021-09-23;CNY_OIS_RUSFARCNY_1Y;0.015065;0.019463
2021-09-24;CNY_OIS_RUSFARCNY_1Y;0.011393;0.016335
2021-09-26;CNY_OIS_RUSFARCNY_1Y;0.011428;0.01622
2021-09-27;CNY_OIS_RUSFARCNY_1Y;0.01167;0.016318
2021-09-28;CNY_OIS_RUSFARCNY_1Y;0.013957;0.018791
2021-09-29;CNY_OIS_RUSFARCNY_1Y;0.009115;0.014813
2021-09-30;CNY_OIS_RUSFARCNY_1Y;0.015302;0.022926
2021-10-08;CNY_OIS_RUSFARCNY_1Y;0.014244;0.021684
2021-10-09;CNY_OIS_RUSFARCNY_1Y;0.009265;0.017263
2021-10-11;CNY_OIS_RUSFARCNY_1Y;0.013974;0.022554
2021-10-12;CNY_OIS_RUSFARCNY_1Y;0.013763;0.022085
2021-10-13;CNY_OIS_RUSFARCNY_1Y;0.014444;0.022524
2021-10-14;CNY_OIS_RUSFARCNY_1Y;0.014053;0.021895
2021-10-15;CNY_OIS_RUSFARCNY_1Y;0.013759;0.021369
2021-10-18;CNY_OIS_RUSFARCNY_1Y;0.014527;0.021921
2021-10-19;CNY_OIS_RUSFARCNY_1Y;0.015544;0.022744
2021-10-20;CNY_OIS_RUSFARCNY_1Y;0.014436;0.021472
2021-10-21;CNY_OIS_RUSFARCNY_1Y;0.009999;0.017489
2021-10-22;CNY_OIS_RUSFARCNY_1Y;0.010003;0.017265
2021-10-25;CNY_OIS_RUSFARCNY_1Y;0.009486;0.016542
2021-10-26;CNY_OIS_RUSFARCNY_1Y;0.008946;0.015802
2021-10-27;CNY_OIS_RUSFARCNY_1Y;0.012526;0.019722
2021-10-28;CNY_OIS_RUSFARCNY_1Y;0.012825;0.019803
2021-10-29;CNY_OIS_RUSFARCNY_1Y;0.014871;0.021797
2021-11-01;CNY_OIS_RUSFARCNY_1Y;0.013831;0.020597
2021-11-02;CNY_OIS_RUSFARCNY_1Y;0.014875;0.021473
2021-11-03;CNY_OIS_RUSFARCNY_1Y;0.013682;0.020146
2021-11-04;CNY_OIS_RUSFARCNY_1Y;0.012613;0.018935
2021-11-05;CNY_OIS_RUSFARCNY_1Y;0.012719;0.018849
2021-11-08;CNY_OIS_RUSFARCNY_1Y;0.012912;0.018856
2021-11-09;CNY_OIS_RUSFARCNY_1Y;0.015271;0.021297
2021-11-10;CNY_OIS_RUSFARCNY_1Y;0.012116;0.018372
2021-11-11;CNY_OIS_RUSFARCNY_1Y;0.012687;0.018761
2021-11-12;CNY_OIS_RUSFARCNY_1Y;0.012528;0.01842
2021-11-15;CNY_OIS_RUSFARCNY_1Y;0.011916;0.017652
2021-11-16;CNY_OIS_RUSFARCNY_1Y;0.013319;0.018969
2021-11-17;CNY_OIS_RUSFARCNY_1Y;0.015569;0.021299
2021-11-18;CNY_OIS_RUSFARCNY_1Y;0.013341;0.019127
2021-11-19;CNY_OIS_RUSFARCNY_1Y;0.014079;0.019709
2021-11-22;CNY_OIS_RUSFARCNY_1Y;0.013638;0.01911
2021-11-23;CNY_OIS_RUSFARCNY_1Y;0.015907;0.021481
2021-11-24;CNY_OIS_RUSFARCNY_1Y;0.011736;0.017852
2021-11-25;CNY_OIS_RUSFARCNY_1Y;0.012176;0.018112
2021-11-26;CNY_OIS_RUSFARCNY_1Y;0.011128;0.01694
2021-11-29;CNY_OIS_RUSFARCNY_1Y;0.012644;0.018384
2021-11-30;CNY_OIS_RUSFARCNY_1Y;0.015633;0.021655
2021-12-01;CNY_OIS_RUSFARCNY_1Y;0.014109;0.020059
2021-12-02;CNY_OIS_RUSFARCNY_1Y;0.013868;0.01964
2021-12-03;CNY_OIS_RUSFARCNY_1Y;0.013233;0.018855
2021-12-06;CNY_OIS_RUSFARCNY_1Y;0.012336;0.017832
2021-12-07;CNY_OIS_RUSFARCNY_1Y;0.015312;0.021116
2021-12-08;CNY_OIS_RUSFARCNY_1Y;0.01561;0.021238
2021-12-09;CNY_OIS_RUSFARCNY_1Y;0.015725;0.021183
2021-12-10;CNY_OIS_RUSFARCNY_1Y;0.012047;0.017921
2021-12-13;CNY_OIS_RUSFARCNY_1Y;0.014939;0.021049
2021-12-14;CNY_OIS_RUSFARCNY_1Y;0.015624;0.021564
2021-12-15;CNY_OIS_RUSFARCNY_1Y;0.015403;0.021165
2021-12-16;CNY_OIS_RUSFARCNY_1Y;0.015279;0.020869
2021-12-17;CNY_OIS_RUSFARCNY_1Y;0.012668;0.0184
2021-12-20;CNY_OIS_RUSFARCNY_1Y;0.014033;0.019675
2021-12-21;CNY_OIS_RUSFARCNY_1Y;0.012714;0.018274
2021-12-22;CNY_OIS_RUSFARCNY_1Y;0.011017;0.016551
2021-12-23;CNY_OIS_RUSFARCNY_1Y;0.010533;0.015915
2021-12-24;CNY_OIS_RUSFARCNY_1Y;0.012594;0.018034
2021-12-27;CNY_OIS_RUSFARCNY_1Y;0.012047;0.017341
2021-12-28;CNY_OIS_RUSFARCNY_1Y;0.01044;0.015708
2021-12-29;CNY_OIS_RUSFARCNY_1Y;0.0076;0.013088
2021-12-30;CNY_OIS_RUSFARCNY_1Y;0.007002;0.012346
2021-12-31;CNY_OIS_RUSFARCNY_1Y;0.014138;0.02227
2022-01-04;CNY_OIS_RUSFARCNY_1Y;0.012151;0.020177
2022-01-05;CNY_OIS_RUSFARCNY_1Y;0.010756;0.018612
2022-01-06;CNY_OIS_RUSFARCNY_1Y;0.010238;0.01787
2022-01-07;CNY_OIS_RUSFARCNY_1Y;0.011576;0.019032
2022-01-10;CNY_OIS_RUSFARCNY_1Y;0.012077;0.019311
2022-01-11;CNY_OIS_RUSFARCNY_1Y;0.013226;0.020282
2022-01-12;CNY_OIS_RUSFARCNY_1Y;0.013213;0.020055
2022-01-13;CNY_OIS_RUSFARCNY_1Y;0.015656;0.022532
2022-01-14;CNY_OIS_RUSFARCNY_1Y;0.015671;0.022337
2022-01-17;CNY_OIS_RUSFARCNY_1Y;0.014793;0.021295
2022-01-18;CNY_OIS_RUSFARCNY_1Y;0.012894;0.019354
2022-01-19;CNY_OIS_RUSFARCNY_1Y;0.014105;0.020423
2022-01-20;CNY_OIS_RUSFARCNY_1Y;0.014201;0.020327
2022-01-21;CNY_OIS_RUSFARCNY_1Y;0.014572;0.020516
2022-01-24;CNY_OIS_RUSFARCNY_1Y;0.013345;0.019183
2022-01-25;CNY_OIS_RUSFARCNY_1Y;0.013394;0.019054
2022-01-26;CNY_OIS_RUSFARCNY_1Y;0.011482;0.017146
2022-01-27;CNY_OIS_RUSFARCNY_1Y;0.010269;0.015839
2022-01-28;CNY_OIS_RUSFARCNY_1Y;0.005815;0.012013
2022-01-29;CNY_OIS_RUSFARCNY_1Y;0.006453;0.012475
2022-01-30;CNY_OIS_RUSFARCNY_1Y;0.014053;0.022875
2022-02-07;CNY_OIS_RUSFARCNY_1Y;0.013754;0.022314
2022-02-08;CNY_OIS_RUSFARCNY_1Y;0.013197;0.021511
2022-02-09;CNY_OIS_RUSFARCNY_1Y;0.01;0.018388
2022-02-10;CNY_OIS_RUSFARCNY_1Y;0.009572;0.017716
2022-02-11;CNY_OIS_RUSFARCNY_1Y;0.011054;0.019014
2022-02-14;CNY_OIS_RUSFARCNY_1Y;0.01171;0.019438
2022-02-15;CNY_OIS_RUSFARCNY_1Y;0.011231;0.018737
2022-02-16;CNY_OIS_RUSFARCNY_1Y;0.012662;0.020006
2022-02-17;CNY_OIS_RUSFARCNY_1Y;0.011889;0.019039
2022-02-18;CNY_OIS_RUSFARCNY_1Y;0.014424;0.021604
2022-02-21;CNY_OIS_RUSFARCNY_1Y;0.015369;0.022359
2022-02-22;CNY_OIS_RUSFARCNY_1Y;0.013868;0.02074
2022-02-23;CNY_OIS_RUSFARCNY_1Y;0.014012;0.020676
2022-02-24;CNY_OIS_RUSFARCNY_1Y;0.015605;0.022163
2022-02-25;CNY_OIS_RUSFARCNY_1Y;0.016042;0.022406
2022-02-28;CNY_OIS_RUSFARCNY_1Y;0.016169;0.022339
2022-03-01;CNY_OIS_RUSFARCNY_1Y;0.011536;0.018312
2022-03-02;CNY_OIS_RUSFARCNY_1Y;0.012484;0.019084
2022-03-03;CNY_OIS_RUSFARCNY_1Y;0.010952;0.017456
2022-03-04;CNY_OIS_RUSFARCNY_1Y;0.012718;0.01915
2022-03-07;CNY_OIS_RUSFARCNY_1Y;0.014146;0.020462
2022-03-08;CNY_OIS_RUSFARCNY_1Y;0.014411;0.020537
2022-03-09;CNY_OIS_RUSFARCNY_1Y;0.014182;0.020126
2022-03-10;CNY_OIS_RUSFARCNY_1Y;0.014283;0.020045
2022-03-11;CNY_OIS_RUSFARCNY_1Y;0.014629;0.020219
2022-03-14;CNY_OIS_RUSFARCNY_1Y;0.014834;0.020254
2022-03-15;CNY_OIS_RUSFARCNY_1Y;0.014916;0.020172
2022-03-16;CNY_OIS_RUSFARCNY_1Y;0.014765;0.019863
2022-03-17;CNY_OIS_RUSFARCNY_1Y;0.01453;0.019478
2022-03-18;CNY_OIS_RUSFARCNY_1Y;0.014435;0.019233
2022-03-21;CNY_OIS_RUSFARCNY_1Y;0.014736;0.019392
2022-03-22;CNY_OIS_RUSFARCNY_1Y;0.014103;0.018645
2022-03-23;CNY_OIS_RUSFARCNY_1Y;0.014732;0.019156
2022-03-24;CNY_OIS_RUSFARCNY_1Y;0.014819;0.019109
2022-03-25;CNY_OIS_RUSFARCNY_1Y;0.014845;0.019003
2022-03-28;CNY_OIS_RUSFARCNY_1Y;0.014348;0.0184
2022-03-29;CNY_OIS_RUSFARCNY_1Y;0.012061;0.016307
2022-03-30;CNY_OIS_RUSFARCNY_1Y;0.010333;0.014635
2022-03-31;CNY_OIS_RUSFARCNY_1Y;0.014354;0.019694
2022-04-01;CNY_OIS_RUSFARCNY_1Y;0.009964;0.015944
2022-04-02;CNY_OIS_RUSFARCNY_1Y;0.006898;0.01309
2022-04-06;CNY_OIS_RUSFARCNY_1Y;0.011796;0.018992
2022-04-07;CNY_OIS_RUSFARCNY_1Y;0.011674;0.018654
2022-04-08;CNY_OIS_RUSFARCNY_1Y;0.01103;0.017818
2022-04-11;CNY_OIS_RUSFARCNY_1Y;0.012161;0.018787
2022-04-12;CNY_OIS_RUSFARCNY_1Y;0.011407;0.017861
2022-04-13;CNY_OIS_RUSFARCNY_1Y;0.01041;0.016718
2022-04-14;CNY_OIS_RUSFARCNY_1Y;0.009349;0.015519
2022-04-15;CNY_OIS_RUSFARCNY_1Y;0.007212;0.013396
2022-04-18;CNY_OIS_RUSFARCNY_1Y;0.007937;0.013951
2022-04-19;CNY_OIS_RUSFARCNY_1Y;0.006911;0.012797
2022-04-20;CNY_OIS_RUSFARCNY_1Y;0.007091;0.012797
2022-04-21;CNY_OIS_RUSFARCNY_1Y;0.007087;0.012621
2022-04-22;CNY_OIS_RUSFARCNY_1Y;0.006778;0.01215
2022-04-24;CNY_OIS_RUSFARCNY_1Y;0.007324;0.012544
2022-04-25;CNY_OIS_RUSFARCNY_1Y;0.007413;0.012475
2022-04-26;CNY_OIS_RUSFARCNY_1Y;0.00752;0.012428
2022-04-27;CNY_OIS_RUSFARCNY_1Y;0.007565;0.012323
2022-04-28;CNY_OIS_RUSFARCNY_1Y;0.007618;0.01223
2022-04-29;CNY_OIS_RUSFARCNY_1Y;0.012312;0.018276
2022-05-05;CNY_OIS_RUSFARCNY_1Y;0.011846;0.017642
2022-05-06;CNY_OIS_RUSFARCNY_1Y;0.007197;0.013651
2022-05-07;CNY_OIS_RUSFARCNY_1Y;0.006718;0.01299
2022-05-09;CNY_OIS_RUSFARCNY_1Y;0.006963;0.013045
2022-05-10;CNY_OIS_RUSFARCNY_1Y;0.007016;0.012912
2022-05-11;CNY_OIS_RUSFARCNY_1Y;0.007304;0.013024
2022-05-12;CNY_OIS_RUSFARCNY_1Y;0.007231;0.012777
2022-05-13;CNY_OIS_RUSFARCNY_1Y;0.007325;0.012703
2022-05-16;CNY_OIS_RUSFARCNY_1Y;0.007417;0.012631
2022-05-17;CNY_OIS_RUSFARCNY_1Y;0.007636;0.012692
2022-05-18;CNY_OIS_RUSFARCNY_1Y;0.007723;0.012625
2022-05-19;CNY_OIS_RUSFARCNY_1Y;0.008656;0.013452
2022-05-20;CNY_OIS_RUSFARCNY_1Y;0.007785;0.012483
2022-05-23;CNY_OIS_RUSFARCNY_1Y;0.007866;0.012422
2022-05-24;CNY_OIS_RUSFARCNY_1Y;0.007956;0.012372
2022-05-25;CNY_OIS_RUSFARCNY_1Y;0.008241;0.012527
2022-05-26;CNY_OIS_RUSFARCNY_1Y;0.008476;0.012632
2022-05-27;CNY_OIS_RUSFARCNY_1Y;0.008708;0.01274
2022-05-30;CNY_OIS_RUSFARCNY_1Y;0.009007;0.012921
2022-05-31;CNY_OIS_RUSFARCNY_1Y;0.010781;0.014807
2022-06-01;CNY_OIS_RUSFARCNY_1Y;0.008989;0.013099
2022-06-02;CNY_OIS_RUSFARCNY_1Y;0.009241;0.013227
2022-06-06;CNY_OIS_RUSFARCNY_1Y;0.00952;0.013388
2022-06-07;CNY_OIS_RUSFARCNY_1Y;0.009245;0.013003
2022-06-08;CNY_OIS_RUSFARCNY_1Y;0.009282;0.012926
2022-06-09;CNY_OIS_RUSFARCNY_1Y;0.009288;0.01282
2022-06-10;CNY_OIS_RUSFARCNY_1Y;0.009231;0.012657
2022-06-13;CNY_OIS_RUSFARCNY_1Y;0.009333;0.012655
2022-06-14;CNY_OIS_RUSFARCNY_1Y;0.009433;0.012655
2022-06-15;CNY_OIS_RUSFARCNY_1Y;0.009483;0.012605
2022-06-16;CNY_OIS_RUSFARCNY_1Y;0.00953;0.012558
2022-06-17;CNY_OIS_RUSFARCNY_1Y;0.009586;0.012522
2022-06-20;CNY_OIS_RUSFARCNY_1Y;0.009671;0.012517
2022-06-21;CNY_OIS_RUSFARCNY_1Y;0.009912;0.012676
2022-06-22;CNY_OIS_RUSFARCNY_1Y;0.010014;0.012694
2022-06-23;CNY_OIS_RUSFARCNY_1Y;0.009985;0.012583
2022-06-24;CNY_OIS_RUSFARCNY_1Y;0.010004;0.012524
2022-06-27;CNY_OIS_RUSFARCNY_1Y;0.010073;0.012515
2022-06-28;CNY_OIS_RUSFARCNY_1Y;0.01011;0.012478
2022-06-29;CNY_OIS_RUSFARCNY_1Y;0.009461;0.011807
2022-06-30;CNY_OIS_RUSFARCNY_1Y;0.013672;0.018176
2022-07-01;CNY_OIS_RUSFARCNY_1Y;0.008563;0.014085
2022-07-04;CNY_OIS_RUSFARCNY_1Y;0.008416;0.013772
2022-07-05;CNY_OIS_RUSFARCNY_1Y;0.00798;0.013188
2022-07-06;CNY_OIS_RUSFARCNY_1Y;0.006425;0.011603
2022-07-07;CNY_OIS_RUSFARCNY_1Y;0.006623;0.011645
2022-07-08;CNY_OIS_RUSFARCNY_1Y;0.00664;0.011508
2022-07-11;CNY_OIS_RUSFARCNY_1Y;0.006784;0.011504
2022-07-12;CNY_OIS_RUSFARCNY_1Y;0.006735;0.011313
2022-07-13;CNY_OIS_RUSFARCNY_1Y;0.006885;0.011323
2022-07-14;CNY_OIS_RUSFARCNY_1Y;0.00671;0.011018
2022-07-15;CNY_OIS_RUSFARCNY_1Y;0.006935;0.011113
2022-07-18;CNY_OIS_RUSFARCNY_1Y;0.007069;0.011119
2022-07-19;CNY_OIS_RUSFARCNY_1Y;0.007368;0.0113
2022-07-20;CNY_OIS_RUSFARCNY_1Y;0.007705;0.011523
2022-07-21;CNY_OIS_RUSFARCNY_1Y;0.007603;0.011305
2022-07-22;CNY_OIS_RUSFARCNY_1Y;0.007046;0.010662
2022-07-25;CNY_OIS_RUSFARCNY_1Y;0.005846;0.009462
2022-07-26;CNY_OIS_RUSFARCNY_1Y;0.005329;0.008859
2022-07-27;CNY_OIS_RUSFARCNY_1Y;0.005282;0.008706
2022-07-28;CNY_OIS_RUSFARCNY_1Y;0.005394;0.008714
2022-07-29;CNY_OIS_RUSFARCNY_1Y;0.007619;0.011289
2022-08-01;CNY_OIS_RUSFARCNY_1Y;0.006883;0.010485
2022-08-02;CNY_OIS_RUSFARCNY_1Y;0.005889;0.009459
2022-08-03;CNY_OIS_RUSFARCNY_1Y;0.005433;0.008915
2022-08-04;CNY_OIS_RUSFARCNY_1Y;0.005476;0.008852
2022-08-05;CNY_OIS_RUSFARCNY_1Y;0.005468;0.00874
2022-08-08;CNY_OIS_RUSFARCNY_1Y;0.005457;0.008631
2022-08-09;CNY_OIS_RUSFARCNY_1Y;0.005556;0.008632
2022-08-10;CNY_OIS_RUSFARCNY_1Y;0.006091;0.009097
2022-08-11;CNY_OIS_RUSFARCNY_1Y;0.00575;0.008678
2022-08-12;CNY_OIS_RUSFARCNY_1Y;0.005934;0.008774
2022-08-15;CNY_OIS_RUSFARCNY_1Y;0.005967;0.008721
2022-08-16;CNY_OIS_RUSFARCNY_1Y;0.006324;0.009004
2022-08-17;CNY_OIS_RUSFARCNY_1Y;0.006974;0.009614
2022-08-18;CNY_OIS_RUSFARCNY_1Y;0.007492;0.010076
2022-08-19;CNY_OIS_RUSFARCNY_1Y;0.007768;0.01028
2022-08-22;CNY_OIS_RUSFARCNY_1Y;0.007104;0.00959
2022-08-23;CNY_OIS_RUSFARCNY_1Y;0.006793;0.009215
2022-08-24;CNY_OIS_RUSFARCNY_1Y;0.006958;0.00931
2022-08-25;CNY_OIS_RUSFARCNY_1Y;0.007299;0.009589
2022-08-26;CNY_OIS_RUSFARCNY_1Y;0.008318;0.01067
2022-08-29;CNY_OIS_RUSFARCNY_1Y;0.008121;0.010407
2022-08-30;CNY_OIS_RUSFARCNY_1Y;0.006973;0.009335
2022-08-31;CNY_OIS_RUSFARCNY_1Y;0.009392;0.012456
2022-09-01;CNY_OIS_RUSFARCNY_1Y;0.010042;0.013046
2022-09-02;CNY_OIS_RUSFARCNY_1Y;0.006864;0.010464
2022-09-05;CNY_OIS_RUSFARCNY_1Y;0.005422;0.009066
2022-09-06;CNY_OIS_RUSFARCNY_1Y;0.005833;0.009375
2022-09-07;CNY_OIS_RUSFARCNY_1Y;0.006319;0.009769
2022-09-08;CNY_OIS_RUSFARCNY_1Y;0.006823;0.010185
2022-09-09;CNY_OIS_RUSFARCNY_1Y;0.007013;0.010275
2022-09-13;CNY_OIS_RUSFARCNY_1Y;0.007043;0.010205
2022-09-14;CNY_OIS_RUSFARCNY_1Y;0.007111;0.010177
2022-09-15;CNY_OIS_RUSFARCNY_1Y;0.007675;0.010673
2022-09-16;CNY_OIS_RUSFARCNY_1Y;0.00838;0.011328
2022-09-19;CNY_OIS_RUSFARCNY_1Y;0.009522;0.012506
2022-09-20;CNY_OIS_RUSFARCNY_1Y;0.010037;0.012951
2022-09-21;CNY_OIS_RUSFARCNY_1Y;0.010181;0.013007
2022-09-22;CNY_OIS_RUSFARCNY_1Y;0.010154;0.012894
2022-09-23;CNY_OIS_RUSFARCNY_1Y;0.010235;0.012893
2022-09-26;CNY_OIS_RUSFARCNY_1Y;-0.002955;0.005155
2022-09-27;CNY_OIS_RUSFARCNY_1Y;-0.004475;0.003475
2022-09-28;CNY_OIS_RUSFARCNY_1Y;-0.005268;0.002468
2022-09-29;CNY_OIS_RUSFARCNY_1Y;-0.005859;0.001659
2022-09-30;CNY_OIS_RUSFARCNY_1Y;-0.026859;-0.012141
2022-10-10;CNY_OIS_RUSFARCNY_1Y;-0.009522;0.011122
2022-10-11;CNY_OIS_RUSFARCNY_1Y;-0.012164;0.007964
2022-10-12;CNY_OIS_RUSFARCNY_1Y;-0.009982;0.009582
2022-10-13;CNY_OIS_RUSFARCNY_1Y;-0.009684;0.009284
2022-10-14;CNY_OIS_RUSFARCNY_1Y;-0.00608;0.01248
2022-10-17;CNY_OIS_RUSFARCNY_1Y;-0.004706;0.013306
2022-10-18;CNY_OIS_RUSFARCNY_1Y;-0.005439;0.012039
2022-10-19;CNY_OIS_RUSFARCNY_1Y;-0.005073;0.011873
2022-10-20;CNY_OIS_RUSFARCNY_1Y;-0.004815;0.011615
2022-10-21;CNY_OIS_RUSFARCNY_1Y;-0.004665;0.011265
2022-10-24;CNY_OIS_RUSFARCNY_1Y;-0.004623;0.010823
2022-10-25;CNY_OIS_RUSFARCNY_1Y;-0.004387;0.010587
2022-10-26;CNY_OIS_RUSFARCNY_1Y;-0.005578;0.008978
2022-10-27;CNY_OIS_RUSFARCNY_1Y;-0.005556;0.008556
2022-10-28;CNY_OIS_RUSFARCNY_1Y;-0.006046;0.007646
2022-10-31;CNY_OIS_RUSFARCNY_1Y;-0.005044;0.008244
2022-11-01;CNY_OIS_RUSFARCNY_1Y;-0.004942;0.007942
2022-11-02;CNY_OIS_RUSFARCNY_1Y;-0.004846;0.007646
2022-11-03;CNY_OIS_RUSFARCNY_1Y;-0.004956;0.007156
2022-11-07;CNY_OIS_RUSFARCNY_1Y;-0.003783;0.007983
2022-11-08;CNY_OIS_RUSFARCNY_1Y;-0.004208;0.007208
2022-11-09;CNY_OIS_RUSFARCNY_1Y;-0.004235;0.006835
2022-11-10;CNY_OIS_RUSFARCNY_1Y;-0.003867;0.006867
2022-11-11;CNY_OIS_RUSFARCNY_1Y;-0.003108;0.007308
2022-11-14;CNY_OIS_RUSFARCNY_1Y;-0.003351;0.006751
2022-11-15;CNY_OIS_RUSFARCNY_1Y;-0.003398;0.006398
2022-11-16;CNY_OIS_RUSFARCNY_1Y;-0.003049;0.006449
2022-11-17;CNY_OIS_RUSFARCNY_1Y;-0.002805;0.006405
2022-11-18;CNY_OIS_RUSFARCNY_1Y;-0.002168;0.006768
2022-11-21;CNY_OIS_RUSFARCNY_1Y;-0.002536;0.006136
2022-11-22;CNY_OIS_RUSFARCNY_1Y;-0.00301;0.00541
2022-11-23;CNY_OIS_RUSFARCNY_1Y;-0.002386;0.005786
2022-11-24;CNY_OIS_RUSFARCNY_1Y;-0.002261;0.005661
2022-11-25;CNY_OIS_RUSFARCNY_1Y;-0.002241;0.005441
2022-11-28;CNY_OIS_RUSFARCNY_1Y;-0.002124;0.005324
2022-11-29;CNY_OIS_RUSFARCNY_1Y;-0.00201;0.00521
2022-11-30;CNY_OIS_RUSFARCNY_1Y;-0.001801;0.005201
2022-12-01;CNY_OIS_RUSFARCNY_1Y;-0.001396;0.005396
2022-12-02;CNY_OIS_RUSFARCNY_1Y;-0.001192;0.005392
2022-12-05;CNY_OIS_RUSFARCNY_1Y;0.000361;0.006839
2022-12-06;CNY_OIS_RUSFARCNY_1Y;0.000954;0.007246
2022-12-07;CNY_OIS_RUSFARCNY_1Y;0.000646;0.006754
2022-12-08;CNY_OIS_RUSFARCNY_1Y;-7.5e-05;0.005875
2022-12-09;CNY_OIS_RUSFARCNY_1Y;-0.000593;0.005193
2022-12-12;CNY_OIS_RUSFARCNY_1Y;-0.00132;0.00432
2022-12-13;CNY_OIS_RUSFARCNY_1Y;-0.001135;0.004335
2022-12-14;CNY_OIS_RUSFARCNY_1Y;-0.000952;0.004352
2022-12-15;CNY_OIS_RUSFARCNY_1Y;0.000198;0.005402
2022-12-16;CNY_OIS_RUSFARCNY_1Y;0.000277;0.005323
2022-12-19;CNY_OIS_RUSFARCNY_1Y;5.1e-05;0.004949
2022-12-20;CNY_OIS_RUSFARCNY_1Y;0.000226;0.004974
2022-12-21;CNY_OIS_RUSFARCNY_1Y;0.002448;0.007352
2022-12-22;CNY_OIS_RUSFARCNY_1Y;0.01828;0.03492
2022-12-23;CNY_OIS_RUSFARCNY_1Y;0.017321;0.033479
2022-12-26;CNY_OIS_RUSFARCNY_1Y;0.01192;0.02808
2022-12-27;CNY_OIS_RUSFARCNY_1Y;0.017591;0.033809
2022-12-28;CNY_OIS_RUSFARCNY_1Y;0.046586;0.077614
2022-12-29;CNY_OIS_RUSFARCNY_1Y;0.057254;0.088346
2023-01-09;CNY_OIS_RUSFARCNY_1Y;0.025584;0.062416
2023-01-10;CNY_OIS_RUSFARCNY_1Y;0.035121;0.071479
2023-01-11;CNY_OIS_RUSFARCNY_1Y;0.009941;0.049259
2023-01-12;CNY_OIS_RUSFARCNY_1Y;-0.004142;0.035342
2023-01-13;CNY_OIS_RUSFARCNY_1Y;0.000888;0.039312
2023-01-16;CNY_OIS_RUSFARCNY_1Y;0.007056;0.044544
2023-01-17;CNY_OIS_RUSFARCNY_1Y;0.012052;0.048548
2023-01-18;CNY_OIS_RUSFARCNY_1Y;0.019989;0.055811
2023-01-19;CNY_OIS_RUSFARCNY_1Y;-0.001644;0.036244
2023-01-20;CNY_OIS_RUSFARCNY_1Y;-0.008036;0.029036
2023-01-30;CNY_OIS_RUSFARCNY_1Y;-0.008576;0.027376
2023-01-31;CNY_OIS_RUSFARCNY_1Y;-0.008028;0.026828
2023-02-01;CNY_OIS_RUSFARCNY_1Y;-0.010533;0.023333
2023-02-02;CNY_OIS_RUSFARCNY_1Y;-0.012135;0.020735
2023-02-03;CNY_OIS_RUSFARCNY_1Y;-0.012639;0.019239
2023-02-06;CNY_OIS_RUSFARCNY_1Y;-0.013359;0.017559
2023-02-07;CNY_OIS_RUSFARCNY_1Y;-0.012689;0.017289
2023-02-08;CNY_OIS_RUSFARCNY_1Y;-0.012633;0.016433
2023-02-09;CNY_OIS_RUSFARCNY_1Y;-0.011592;0.016592
2023-02-10;CNY_OIS_RUSFARCNY_1Y;-0.011463;0.015863
2023-02-13;CNY_OIS_RUSFARCNY_1Y;-0.008287;0.018287
2023-02-14;CNY_OIS_RUSFARCNY_1Y;-0.008988;0.016788
2023-02-15;CNY_OIS_RUSFARCNY_1Y;-0.008696;0.016296
2023-02-16;CNY_OIS_RUSFARCNY_1Y;-0.007618;0.016618
2023-02-17;CNY_OIS_RUSFARCNY_1Y;-0.007149;0.016349
2023-02-20;CNY_OIS_RUSFARCNY_1Y;-0.006791;0.015991
2023-02-21;CNY_OIS_RUSFARCNY_1Y;-0.005747;0.016347
2023-02-22;CNY_OIS_RUSFARCNY_1Y;0.000273;0.022127
2023-02-27;CNY_OIS_RUSFARCNY_1Y;-0.0003;0.0209
2023-02-28;CNY_OIS_RUSFARCNY_1Y;0.008059;0.029541
2023-03-01;CNY_OIS_RUSFARCNY_1Y;0.002478;0.023722
2023-03-02;CNY_OIS_RUSFARCNY_1Y;0.000775;0.021425
2023-03-03;CNY_OIS_RUSFARCNY_1Y;0.00089;0.02091
2023-03-06;CNY_OIS_RUSFARCNY_1Y;0.001195;0.020605
2023-03-07;CNY_OIS_RUSFARCNY_1Y;0.000483;0.019317
2023-03-09;CNY_OIS_RUSFARCNY_1Y;0.001664;0.019936
2023-03-10;CNY_OIS_RUSFARCNY_1Y;0.001036;0.018764
2023-03-13;CNY_OIS_RUSFARCNY_1Y;-0.000314;0.016914
2023-03-14;CNY_OIS_RUSFARCNY_1Y;-0.000152;0.016552
2023-03-15;CNY_OIS_RUSFARCNY_1Y;0.0007;0.0169
2023-03-16;CNY_OIS_RUSFARCNY_1Y;0.000242;0.015958
2023-03-17;CNY_OIS_RUSFARCNY_1Y;0.002543;0.017857
2023-03-20;CNY_OIS_RUSFARCNY_1Y;0.01501;0.03299
2023-03-21;CNY_OIS_RUSFARCNY_1Y;0.022091;0.040309
2023-03-22;CNY_OIS_RUSFARCNY_1Y;0.003504;0.025096
2023-03-23;CNY_OIS_RUSFARCNY_1Y;0.000359;0.021441
2023-03-24;CNY_OIS_RUSFARCNY_1Y;0.002458;0.022942
2023-03-27;CNY_OIS_RUSFARCNY_1Y;0.00917;0.02963
2023-03-28;CNY_OIS_RUSFARCNY_1Y;0.015972;0.036428
2023-03-29;CNY_OIS_RUSFARCNY_1Y;0.017964;0.037836
2023-03-30;CNY_OIS_RUSFARCNY_1Y;0.018864;0.038136
2023-03-31;CNY_OIS_RUSFARCNY_1Y;0.022379;0.041221
2023-04-03;CNY_OIS_RUSFARCNY_1Y;0.023757;0.042043
2023-04-04;CNY_OIS_RUSFARCNY_1Y;0.034327;0.053873
2023-04-06;CNY_OIS_RUSFARCNY_1Y;0.027501;0.047099
2023-04-07;CNY_OIS_RUSFARCNY_1Y;0.029674;0.048726
2023-04-10;CNY_OIS_RUSFARCNY_1Y;0.027625;0.046175
2023-04-11;CNY_OIS_RUSFARCNY_1Y;0.026595;0.044605
2023-04-12;CNY_OIS_RUSFARCNY_1Y;0.026969;0.044431
2023-04-13;CNY_OIS_RUSFARCNY_1Y;0.028717;0.045683
2023-04-14;CNY_OIS_RUSFARCNY_1Y;0.036729;0.054271
2023-04-17;CNY_OIS_RUSFARCNY_1Y;0.030496;0.048104
2023-04-18;CNY_OIS_RUSFARCNY_1Y;0.032539;0.049661
2023-04-19;CNY_OIS_RUSFARCNY_1Y;0.039321;0.056679
2023-04-20;CNY_OIS_RUSFARCNY_1Y;0.041553;0.058447
2023-04-21;CNY_OIS_RUSFARCNY_1Y;0.041711;0.058089
2023-04-24;CNY_OIS_RUSFARCNY_1Y;0.025356;0.044644
2023-04-25;CNY_OIS_RUSFARCNY_1Y;0.013239;0.033761
2023-04-26;CNY_OIS_RUSFARCNY_1Y;0.011934;0.031866
2023-04-27;CNY_OIS_RUSFARCNY_1Y;0.011028;0.030372
2023-04-28;CNY_OIS_RUSFARCNY_1Y;0.013584;0.032416
2023-05-04;CNY_OIS_RUSFARCNY_1Y;0.020875;0.039925
2023-05-05;CNY_OIS_RUSFARCNY_1Y;0.029679;0.049321
2023-05-10;CNY_OIS_RUSFARCNY_1Y;0.023509;0.043091
2023-05-11;CNY_OIS_RUSFARCNY_1Y;0.016026;0.035774
2023-05-12;CNY_OIS_RUSFARCNY_1Y;0.00336;0.02444
2023-05-15;CNY_OIS_RUSFARCNY_1Y;0.000726;0.021274
2023-05-16;CNY_OIS_RUSFARCNY_1Y;0.001338;0.021262
2023-05-17;CNY_OIS_RUSFARCNY_1Y;-7.9e-05;0.019279
2023-05-18;CNY_OIS_RUSFARCNY_1Y;0.001504;0.020296
2023-05-19;CNY_OIS_RUSFARCNY_1Y;0.003274;0.021526
2023-05-22;CNY_OIS_RUSFARCNY_1Y;0.002442;0.020158
2023-05-23;CNY_OIS_RUSFARCNY_1Y;-0.002482;0.015082
2023-05-24;CNY_OIS_RUSFARCNY_1Y;-0.002616;0.014416
2023-05-25;CNY_OIS_RUSFARCNY_1Y;-0.003977;0.012577
2023-05-26;CNY_OIS_RUSFARCNY_1Y;-0.003925;0.012125
2023-05-29;CNY_OIS_RUSFARCNY_1Y;-0.003084;0.012484
2023-05-30;CNY_OIS_RUSFARCNY_1Y;-0.00225;0.01285
2023-05-31;CNY_OIS_RUSFARCNY_1Y;-0.000736;0.013936
2023-06-01;CNY_OIS_RUSFARCNY_1Y;-0.000512;0.013712
2023-06-02;CNY_OIS_RUSFARCNY_1Y;-9.6e-05;0.013696
2023-06-05;CNY_OIS_RUSFARCNY_1Y;0.000114;0.013486
2023-06-06;CNY_OIS_RUSFARCNY_1Y;0.000218;0.013182
2023-06-07;CNY_OIS_RUSFARCNY_1Y;0.00111;0.01369
2023-06-08;CNY_OIS_RUSFARCNY_1Y;0.007351;0.020449
2023-06-09;CNY_OIS_RUSFARCNY_1Y;0.007047;0.019753
2023-06-13;CNY_OIS_RUSFARCNY_1Y;0.003823;0.016377
2023-06-14;CNY_OIS_RUSFARCNY_1Y;0.003003;0.015197
2023-06-15;CNY_OIS_RUSFARCNY_1Y;0.001352;0.013248
2023-06-16;CNY_OIS_RUSFARCNY_1Y;0.001433;0.012967
2023-06-19;CNY_OIS_RUSFARCNY_1Y;0.001907;0.013093
2023-06-20;CNY_OIS_RUSFARCNY_1Y;-0.000182;0.010782
2023-06-21;CNY_OIS_RUSFARCNY_1Y;-0.000721;0.009921
2023-06-26;CNY_OIS_RUSFARCNY_1Y;0.003504;0.014296
2023-06-27;CNY_OIS_RUSFARCNY_1Y;0.000338;0.011062
2023-06-28;CNY_OIS_RUSFARCNY_1Y;0.001293;0.011707
2023-06-29;CNY_OIS_RUSFARCNY_1Y;0.000336;0.010464
2023-06-30;CNY_OIS_RUSFARCNY_1Y;0.026372;0.053628
2023-07-03;CNY_OIS_RUSFARCNY_1Y;0.022706;0.049294
2023-07-04;CNY_OIS_RUSFARCNY_1Y;-0.005313;0.026513
2023-07-05;CNY_OIS_RUSFARCNY_1Y;-0.004629;0.026229
2023-07-06;CNY_OIS_RUSFARCNY_1Y;-0.007817;0.022217
2023-07-07;CNY_OIS_RUSFARCNY_1Y;-0.006563;0.022563
2023-07-10;CNY_OIS_RUSFARCNY_1Y;-0.006319;0.021919
2023-07-11;CNY_OIS_RUSFARCNY_1Y;-0.005689;0.021689
2023-07-12;CNY_OIS_RUSFARCNY_1Y;-0.004277;0.022277
2023-07-13;CNY_OIS_RUSFARCNY_1Y;-0.001894;0.023894
2023-07-14;CNY_OIS_RUSFARCNY_1Y;0.001933;0.027067
2023-07-17;CNY_OIS_RUSFARCNY_1Y;0.005748;0.030252
2023-07-18;CNY_OIS_RUSFARCNY_1Y;0.006221;0.029979
2023-07-19;CNY_OIS_RUSFARCNY_1Y;0.00588;0.02892
2023-07-20;CNY_OIS_RUSFARCNY_1Y;-0.00358;0.01978
2023-07-21;CNY_OIS_RUSFARCNY_1Y;-0.004331;0.018331
2023-07-24;CNY_OIS_RUSFARCNY_1Y;-0.005908;0.016108
2023-07-25;CNY_OIS_RUSFARCNY_1Y;-0.007598;0.013798
2023-07-26;CNY_OIS_RUSFARCNY_1Y;-0.005493;0.015293
2023-07-27;CNY_OIS_RUSFARCNY_1Y;-0.002237;0.018037
2023-07-28;CNY_OIS_RUSFARCNY_1Y;-0.00143;0.01823
2023-07-31;CNY_OIS_RUSFARCNY_1Y;-0.000533;0.018533
2023-08-01;CNY_OIS_RUSFARCNY_1Y;-0.000744;0.017744
2023-08-02;CNY_OIS_RUSFARCNY_1Y;-0.003217;0.014817
2023-08-03;CNY_OIS_RUSFARCNY_1Y;-0.004052;0.013452
2023-08-04;CNY_OIS_RUSFARCNY_1Y;-0.004086;0.012886
2023-08-07;CNY_OIS_RUSFARCNY_1Y;-0.003033;0.013433
2023-08-08;CNY_OIS_RUSFARCNY_1Y;-0.003183;0.012783
2023-08-09;CNY_OIS_RUSFARCNY_1Y;-0.003746;0.011746
2023-08-10;CNY_OIS_RUSFARCNY_1Y;-0.004519;0.010519
2023-08-11;CNY_OIS_RUSFARCNY_1Y;-0.00449;0.01009
2023-08-14;CNY_OIS_RUSFARCNY_1Y;-0.003573;0.010573
2023-08-15;CNY_OIS_RUSFARCNY_1Y;-0.001014;0.012814
2023-08-16;CNY_OIS_RUSFARCNY_1Y;-0.003787;0.009787
2023-08-17;CNY_OIS_RUSFARCNY_1Y;-0.000672;0.012672
2023-08-18;CNY_OIS_RUSFARCNY_1Y;0.001585;0.014615
2023-08-21;CNY_OIS_RUSFARCNY_1Y;0.002968;0.015632
2023-08-22;CNY_OIS_RUSFARCNY_1Y;0.002252;0.014548
2023-08-23;CNY_OIS_RUSFARCNY_1Y;0.001018;0.012982
2023-08-24;CNY_OIS_RUSFARCNY_1Y;0.004743;0.016657
2023-08-25;CNY_OIS_RUSFARCNY_1Y;0.003501;0.015099
2023-08-28;CNY_OIS_RUSFARCNY_1Y;0.004568;0.015832
2023-08-29;CNY_OIS_RUSFARCNY_1Y;0.006019;0.016981
2023-08-30;CNY_OIS_RUSFARCNY_1Y;0.007753;0.018447
2023-08-31;CNY_OIS_RUSFARCNY_1Y;0.009001;0.019399
2023-09-01;CNY_OIS_RUSFARCNY_1Y;0.00742;0.01758
2023-09-04;CNY_OIS_RUSFARCNY_1Y;0.004883;0.014917
2023-09-05;CNY_OIS_RUSFARCNY_1Y;0.001913;0.011887
2023-09-06;CNY_OIS_RUSFARCNY_1Y;0.000115;0.009885
2023-09-07;CNY_OIS_RUSFARCNY_1Y;0.000163;0.009637
2023-09-08;CNY_OIS_RUSFARCNY_1Y;-0.000196;0.008996
2023-09-11;CNY_OIS_RUSFARCNY_1Y;-0.000458;0.008458
2023-09-12;CNY_OIS_RUSFARCNY_1Y;0.001521;0.010279
2023-09-13;CNY_OIS_RUSFARCNY_1Y;0.003024;0.011576
2023-09-14;CNY_OIS_RUSFARCNY_1Y;0.0061;0.0147
2023-09-15;CNY_OIS_RUSFARCNY_1Y;0.01234;0.02206
2023-09-18;CNY_OIS_RUSFARCNY_1Y;0.001836;0.013564
2023-09-19;CNY_OIS_RUSFARCNY_1Y;0.000384;0.011816
2023-09-20;CNY_OIS_RUSFARCNY_1Y;0.001253;0.012347
2023-09-21;CNY_OIS_RUSFARCNY_1Y;0.000511;0.011289
2023-09-22;CNY_OIS_RUSFARCNY_1Y;-0.00044;0.01004
2023-09-25;CNY_OIS_RUSFARCNY_1Y;-0.001603;0.008603
2023-09-26;CNY_OIS_RUSFARCNY_1Y;-0.001951;0.007951
2023-09-27;CNY_OIS_RUSFARCNY_1Y;-0.000717;0.008917
2023-09-28;CNY_OIS_RUSFARCNY_1Y;0.010933;0.024667
2023-10-09;CNY_OIS_RUSFARCNY_1Y;0.00931;0.02269
2023-10-10;CNY_OIS_RUSFARCNY_1Y;0.011376;0.024424
2023-10-11;CNY_OIS_RUSFARCNY_1Y;0.006093;0.019307
2023-10-12;CNY_OIS_RUSFARCNY_1Y;0.004252;0.017148
2023-10-13;CNY_OIS_RUSFARCNY_1Y;0.005241;0.017759
2023-10-16;CNY_OIS_RUSFARCNY_1Y;0.002652;0.014948
2023-10-17;CNY_OIS_RUSFARCNY_1Y;0.003435;0.015365
2023-10-18;CNY_OIS_RUSFARCNY_1Y;0.004015;0.015585
2023-10-19;CNY_OIS_RUSFARCNY_1Y;0.006048;0.017352
2023-10-20;CNY_OIS_RUSFARCNY_1Y;0.008549;0.019651
2023-10-23;CNY_OIS_RUSFARCNY_1Y;0.009017;0.019783
2023-10-24;CNY_OIS_RUSFARCNY_1Y;0.007548;0.018052
2023-10-25;CNY_OIS_RUSFARCNY_1Y;0.006074;0.016326
2023-10-26;CNY_OIS_RUSFARCNY_1Y;0.004908;0.014892
2023-10-27;CNY_OIS_RUSFARCNY_1Y;0.004556;0.014244
2023-10-30;CNY_OIS_RUSFARCNY_1Y;0.00598;0.01542
2023-10-31;CNY_OIS_RUSFARCNY_1Y;0.011871;0.022129
2023-11-01;CNY_OIS_RUSFARCNY_1Y;0.015994;0.026406
2023-11-02;CNY_OIS_RUSFARCNY_1Y;0.014933;0.025067
2023-11-03;CNY_OIS_RUSFARCNY_1Y;0.007921;0.018879
2023-11-07;CNY_OIS_RUSFARCNY_1Y;0.002555;0.013845
2023-11-08;CNY_OIS_RUSFARCNY_1Y;-0.00103;0.01023
2023-11-09;CNY_OIS_RUSFARCNY_1Y;-0.001769;0.009169
2023-11-10;CNY_OIS_RUSFARCNY_1Y;-0.001007;0.009607
2023-11-13;CNY_OIS_RUSFARCNY_1Y;-0.001046;0.009246
2023-11-14;CNY_OIS_RUSFARCNY_1Y;-0.002628;0.007428
2023-11-15;CNY_OIS_RUSFARCNY_1Y;-0.002877;0.006877
2023-11-16;CNY_OIS_RUSFARCNY_1Y;-0.002134;0.007334
2023-11-17;CNY_OIS_RUSFARCNY_1Y;0.002309;0.012091
2023-11-20;CNY_OIS_RUSFARCNY_1Y;0.002757;0.012243
2023-11-21;CNY_OIS_RUSFARCNY_1Y;0.002194;0.011406
2023-11-22;CNY_OIS_RUSFARCNY_1Y;0.000591;0.009609
2023-11-23;CNY_OIS_RUSFARCNY_1Y;-0.000287;0.008487
2023-11-24;CNY_OIS_RUSFARCNY_1Y;-0.000253;0.008253
2023-11-27;CNY_OIS_RUSFARCNY_1Y;0.00047;0.00873
2023-11-28;CNY_OIS_RUSFARCNY_1Y;0.001385;0.009415
2023-11-29;CNY_OIS_RUSFARCNY_1Y;0.00249;0.01031
2023-11-30;CNY_OIS_RUSFARCNY_1Y;0.008178;0.017022
2023-12-01;CNY_OIS_RUSFARCNY_1Y;0.010343;0.019057
2023-12-04;CNY_OIS_RUSFARCNY_1Y;-0.000403;0.010603
2023-12-05;CNY_OIS_RUSFARCNY_1Y;6.4e-05;0.010736
2023-12-06;CNY_OIS_RUSFARCNY_1Y;-0.000684;0.009684
2023-12-07;CNY_OIS_RUSFARCNY_1Y;-0.000228;0.009828
2023-12-08;CNY_OIS_RUSFARCNY_1Y;0.000814;0.010586
2023-12-11;CNY_OIS_RUSFARCNY_1Y;0.00411;0.01389
2023-12-12;CNY_OIS_RUSFARCNY_1Y;0.003756;0.013244
2023-12-13;CNY_OIS_RUSFARCNY_1Y;0.006952;0.016448
2023-12-14;CNY_OIS_RUSFARCNY_1Y;0.006185;0.015415
2023-12-15;CNY_OIS_RUSFARCNY_1Y;0.001191;0.010809
2023-12-18;CNY_OIS_RUSFARCNY_1Y;-0.001683;0.007883
2023-12-19;CNY_OIS_RUSFARCNY_1Y;2.6e-05;0.009374
2023-12-20;CNY_OIS_RUSFARCNY_1Y;0.017297;0.035703
2023-12-21;CNY_OIS_RUSFARCNY_1Y;0.031735;0.053065
2023-12-22;CNY_OIS_RUSFARCNY_1Y;0.010199;0.035401
2023-12-25;CNY_OIS_RUSFARCNY_1Y;0.002884;0.027916
2023-12-26;CNY_OIS_RUSFARCNY_1Y;-0.001767;0.022767
2023-12-27;CNY_OIS_RUSFARCNY_1Y;-0.003212;0.020612
2023-12-28;CNY_OIS_RUSFARCNY_1Y;0.026415;0.060985
2024-01-09;CNY_OIS_RUSFARCNY_1Y;0.009941;0.045459
2024-01-10;CNY_OIS_RUSFARCNY_1Y;-0.007391;0.029191
2024-01-11;CNY_OIS_RUSFARCNY_1Y;-0.015182;0.020782
2024-01-12;CNY_OIS_RUSFARCNY_1Y;-0.015638;0.019238
2024-01-15;CNY_OIS_RUSFARCNY_1Y;-0.011948;0.021948
2024-01-16;CNY_OIS_RUSFARCNY_1Y;-0.013245;0.019645
2024-01-17;CNY_OIS_RUSFARCNY_1Y;0.006319;0.041681
2024-01-18;CNY_OIS_RUSFARCNY_1Y;0.003515;0.037885
2024-01-19;CNY_OIS_RUSFARCNY_1Y;0.005134;0.038466
2024-01-22;CNY_OIS_RUSFARCNY_1Y;0.015961;0.049239
2024-01-23;CNY_OIS_RUSFARCNY_1Y;0.026147;0.059253
2024-01-24;CNY_OIS_RUSFARCNY_1Y;0.016019;0.048981
2024-01-25;CNY_OIS_RUSFARCNY_1Y;0.018603;0.050597
2024-01-26;CNY_OIS_RUSFARCNY_1Y;0.020086;0.051114
2024-01-29;CNY_OIS_RUSFARCNY_1Y;0.030299;0.061301
2024-01-30;CNY_OIS_RUSFARCNY_1Y;0.033633;0.063767
2024-01-31;CNY_OIS_RUSFARCNY_1Y;0.056202;0.090598
2024-02-01;CNY_OIS_RUSFARCNY_1Y;0.038933;0.074467
2024-02-02;CNY_OIS_RUSFARCNY_1Y;0.018087;0.055513
2024-02-05;CNY_OIS_RUSFARCNY_1Y;0.02576;0.06244
2024-02-06;CNY_OIS_RUSFARCNY_1Y;0.032468;0.068332
2024-02-07;CNY_OIS_RUSFARCNY_1Y;0.03411;0.06889
2024-02-08;CNY_OIS_RUSFARCNY_1Y;0.029332;0.063268
2024-02-09;CNY_OIS_RUSFARCNY_1Y;0.022966;0.056234
2024-02-19;CNY_OIS_RUSFARCNY_1Y;0.011974;0.045226
2024-02-20;CNY_OIS_RUSFARCNY_1Y;0.001199;0.034401
2024-02-21;CNY_OIS_RUSFARCNY_1Y;0.017101;0.051499
2024-02-22;CNY_OIS_RUSFARCNY_1Y;0.014691;0.048109
2024-02-26;CNY_OIS_RUSFARCNY_1Y;0.015699;0.048101
2024-02-27;CNY_OIS_RUSFARCNY_1Y;0.016092;0.047508
2024-02-28;CNY_OIS_RUSFARCNY_1Y;0.030078;0.062322
2024-02-29;CNY_OIS_RUSFARCNY_1Y;0.071863;0.119937
2024-03-01;CNY_OIS_RUSFARCNY_1Y;0.104365;0.157635
2024-03-04;CNY_OIS_RUSFARCNY_1Y;-0.009234;0.078434
2024-03-05;CNY_OIS_RUSFARCNY_1Y;-9.8e-05;0.085098
2024-03-06;CNY_OIS_RUSFARCNY_1Y;0.01065;0.09355
2024-03-07;CNY_OIS_RUSFARCNY_1Y;0.017754;0.098246
2024-03-11;CNY_OIS_RUSFARCNY_1Y;0.013428;0.091572
2024-03-12;CNY_OIS_RUSFARCNY_1Y;0.00886;0.08474
2024-03-13;CNY_OIS_RUSFARCNY_1Y;0.006189;0.079811
2024-03-14;CNY_OIS_RUSFARCNY_1Y;0.007211;0.078589
2024-03-15;CNY_OIS_RUSFARCNY_1Y;-0.00461;0.06521
2024-03-18;CNY_OIS_RUSFARCNY_1Y;-0.002549;0.065149
2024-03-19;CNY_OIS_RUSFARCNY_1Y;0.000375;0.066025
2024-03-20;CNY_OIS_RUSFARCNY_1Y;-0.002659;0.061059
2024-03-21;CNY_OIS_RUSFARCNY_1Y;-0.005418;0.056418
2024-03-22;CNY_OIS_RUSFARCNY_1Y;-0.01934;0.04154
2024-03-25;CNY_OIS_RUSFARCNY_1Y;-0.013861;0.045261
2024-03-26;CNY_OIS_RUSFARCNY_1Y;-0.016794;0.040594
2024-03-27;CNY_OIS_RUSFARCNY_1Y;-0.01572;0.03992
2024-03-28;CNY_OIS_RUSFARCNY_1Y;-0.004458;0.050058
2024-03-29;CNY_OIS_RUSFARCNY_1Y;0.022614;0.079386
2024-04-01;CNY_OIS_RUSFARCNY_1Y;-0.017278;0.044278
2024-04-02;CNY_OIS_RUSFARCNY_1Y;-0.01604;0.04364
2024-04-03;CNY_OIS_RUSFARCNY_1Y;0.013188;0.075212
2024-04-08;CNY_OIS_RUSFARCNY_1Y;0.009178;0.069422
2024-04-09;CNY_OIS_RUSFARCNY_1Y;-0.000867;0.058067
2024-04-10;CNY_OIS_RUSFARCNY_1Y;-0.012413;0.045413
2024-04-11;CNY_OIS_RUSFARCNY_1Y;-0.00816;0.04796
2024-04-12;CNY_OIS_RUSFARCNY_1Y;0.006399;0.061801
2024-04-15;CNY_OIS_RUSFARCNY_1Y;0.004524;0.058276
2024-04-16;CNY_OIS_RUSFARCNY_1Y;0.000688;0.052912
2024-04-17;CNY_OIS_RUSFARCNY_1Y;0.003374;0.054026
2024-04-18;CNY_OIS_RUSFARCNY_1Y;0.009271;0.058529
2024-04-19;CNY_OIS_RUSFARCNY_1Y;0.022919;0.071681
2024-04-22;CNY_OIS_RUSFARCNY_1Y;0.009217;0.057583
2024-04-23;CNY_OIS_RUSFARCNY_1Y;0.000406;0.047794
2024-04-24;CNY_OIS_RUSFARCNY_1Y;-0.001289;0.044689
2024-04-25;CNY_OIS_RUSFARCNY_1Y;0.011813;0.057387
2024-04-26;CNY_OIS_RUSFARCNY_1Y;0.04016;0.08964
2024-05-06;CNY_OIS_RUSFARCNY_1Y;0.006768;0.060032
2024-05-07;CNY_OIS_RUSFARCNY_1Y;-0.015324;0.038724
2024-05-08;CNY_OIS_RUSFARCNY_1Y;-0.014801;0.037601
2024-05-13;CNY_OIS_RUSFARCNY_1Y;-0.01231;0.03851
2024-05-14;CNY_OIS_RUSFARCNY_1Y;-0.011837;0.037437
2024-05-15;CNY_OIS_RUSFARCNY_1Y;0.000604;0.049196
2024-05-16;CNY_OIS_RUSFARCNY_1Y;0.006466;0.053734
2024-05-17;CNY_OIS_RUSFARCNY_1Y;0.025325;0.073275
2024-05-20;CNY_OIS_RUSFARCNY_1Y;0.004588;0.053412
2024-05-21;CNY_OIS_RUSFARCNY_1Y;0.013436;0.061164
2024-05-22;CNY_OIS_RUSFARCNY_1Y;-0.001267;0.046267
2024-05-23;CNY_OIS_RUSFARCNY_1Y;-0.013175;0.033775
2024-05-24;CNY_OIS_RUSFARCNY_1Y;-0.012961;0.032561
2024-05-27;CNY_OIS_RUSFARCNY_1Y;-0.014787;0.029387
2024-05-28;CNY_OIS_RUSFARCNY_1Y;-0.002193;0.041593
2024-05-29;CNY_OIS_RUSFARCNY_1Y;-0.009834;0.033034
2024-05-30;CNY_OIS_RUSFARCNY_1Y;-0.001863;0.040063
2024-05-31;CNY_OIS_RUSFARCNY_1Y;0.016786;0.059814
2024-06-03;CNY_OIS_RUSFARCNY_1Y;-0.00147;0.04227
2024-06-04;CNY_OIS_RUSFARCNY_1Y;-0.002513;0.039913
2024-06-05;CNY_OIS_RUSFARCNY_1Y;-0.010181;0.031381
2024-06-06;CNY_OIS_RUSFARCNY_1Y;-0.009849;0.030449
2024-06-07;CNY_OIS_RUSFARCNY_1Y;-0.007941;0.031141
2024-06-11;CNY_OIS_RUSFARCNY_1Y;-0.005656;0.032256
2024-06-13;CNY_OIS_RUSFARCNY_1Y;0.173205;0.364595
2024-06-14;CNY_OIS_RUSFARCNY_1Y;-0.060043;0.180643
2024-06-17;CNY_OIS_RUSFARCNY_1Y;-0.060688;0.172688
2024-06-18;CNY_OIS_RUSFARCNY_1Y;-0.058734;0.167534
2024-06-19;CNY_OIS_RUSFARCNY_1Y;-0.052194;0.167194
2024-06-20;CNY_OIS_RUSFARCNY_1Y;-0.051256;0.161456
2024-06-21;CNY_OIS_RUSFARCNY_1Y;-0.029837;0.176837
2024-06-24;CNY_OIS_RUSFARCNY_1Y;-0.03453;0.16593
2024-06-25;CNY_OIS_RUSFARCNY_1Y;-0.041546;0.152946
2024-06-26;CNY_OIS_RUSFARCNY_1Y;-0.048858;0.139858
2024-06-27;CNY_OIS_RUSFARCNY_1Y;-0.037438;0.145638
2024-06-28;CNY_OIS_RUSFARCNY_1Y;-0.028578;0.148978
2024-07-01;CNY_OIS_RUSFARCNY_1Y;-0.019505;0.152705
2024-07-02;CNY_OIS_RUSFARCNY_1Y;-0.006766;0.160366
2024-07-03;CNY_OIS_RUSFARCNY_1Y;0.016703;0.179497
2024-07-04;CNY_OIS_RUSFARCNY_1Y;-0.015166;0.144566
2024-07-05;CNY_OIS_RUSFARCNY_1Y;-0.015741;0.139141
2024-07-08;CNY_OIS_RUSFARCNY_1Y;-0.018001;0.132201
2024-07-09;CNY_OIS_RUSFARCNY_1Y;-0.017115;0.128515
2024-07-10;CNY_OIS_RUSFARCNY_1Y;-0.008536;0.132736
2024-07-11;CNY_OIS_RUSFARCNY_1Y;-0.002003;0.135003
2024-07-12;CNY_OIS_RUSFARCNY_1Y;0.002876;0.135724
2024-07-15;CNY_OIS_RUSFARCNY_1Y;0.004799;0.133601
2024-07-16;CNY_OIS_RUSFARCNY_1Y;-0.013983;0.111783
2024-07-17;CNY_OIS_RUSFARCNY_1Y;-0.022075;0.100075
2024-07-18;CNY_OIS_RUSFARCNY_1Y;-0.032071;0.086671
2024-07-19;CNY_OIS_RUSFARCNY_1Y;-0.012162;0.103762
2024-07-22;CNY_OIS_RUSFARCNY_1Y;-0.004242;0.108242
2024-07-23;CNY_OIS_RUSFARCNY_1Y;0.015645;0.125555
2024-07-24;CNY_OIS_RUSFARCNY_1Y;0.029427;0.136373
2024-07-25;CNY_OIS_RUSFARCNY_1Y;0.016283;0.120517
2024-07-26;CNY_OIS_RUSFARCNY_1Y;0.015564;0.116636
2024-07-29;CNY_OIS_RUSFARCNY_1Y;0.021477;0.119523
2024-07-30;CNY_OIS_RUSFARCNY_1Y;0.006504;0.102296
2024-07-31;CNY_OIS_RUSFARCNY_1Y;0.019657;0.112943
2024-08-01;CNY_OIS_RUSFARCNY_1Y;0.031414;0.122186
2024-08-02;CNY_OIS_RUSFARCNY_1Y;0.041186;0.129414
2024-08-05;CNY_OIS_RUSFARCNY_1Y;0.056508;0.142692
2024-08-06;CNY_OIS_RUSFARCNY_1Y;0.145701;0.258099
2024-08-07;CNY_OIS_RUSFARCNY_1Y;0.089012;0.205188
2024-08-08;CNY_OIS_RUSFARCNY_1Y;0.012415;0.136985
2024-08-09;CNY_OIS_RUSFARCNY_1Y;0.014013;0.134787
2024-08-12;CNY_OIS_RUSFARCNY_1Y;0.01914;0.13626
2024-08-13;CNY_OIS_RUSFARCNY_1Y;0.027964;0.141636
2024-08-14;CNY_OIS_RUSFARCNY_1Y;0.029495;0.139705
2024-08-15;CNY_OIS_RUSFARCNY_1Y;0.029269;0.136131
2024-08-16;CNY_OIS_RUSFARCNY_1Y;0.030196;0.133804
2024-08-19;CNY_OIS_RUSFARCNY_1Y;0.031074;0.131526
2024-08-20;CNY_OIS_RUSFARCNY_1Y;0.030196;0.127604
2024-08-21;CNY_OIS_RUSFARCNY_1Y;0.032579;0.127021
2024-08-22;CNY_OIS_RUSFARCNY_1Y;0.034317;0.125883
2024-08-23;CNY_OIS_RUSFARCNY_1Y;0.038301;0.127099
2024-08-26;CNY_OIS_RUSFARCNY_1Y;0.040951;0.127049
2024-08-27;CNY_OIS_RUSFARCNY_1Y;0.043062;0.126538
2024-08-28;CNY_OIS_RUSFARCNY_1Y;0.043933;0.124867
2024-08-29;CNY_OIS_RUSFARCNY_1Y;0.045665;0.124135
2024-08-30;CNY_OIS_RUSFARCNY_1Y;0.292107;0.550893
2024-09-02;CNY_OIS_RUSFARCNY_1Y;0.393912;0.656088
2024-09-03;CNY_OIS_RUSFARCNY_1Y;0.469307;0.729293
2024-09-04;CNY_OIS_RUSFARCNY_1Y;1.547734;2.693866
2024-09-05;CNY_OIS_RUSFARCNY_1Y;-0.037116;1.477516
2024-09-06;CNY_OIS_RUSFARCNY_1Y;-0.547579;0.967979
2024-09-09;CNY_OIS_RUSFARCNY_1Y;-0.534002;0.935402
2024-09-10;CNY_OIS_RUSFARCNY_1Y;-0.595679;0.830279
2024-09-11;CNY_OIS_RUSFARCNY_1Y;-0.57736;0.80516
2024-09-12;CNY_OIS_RUSFARCNY_1Y;-0.545214;0.795214
2024-09-13;CNY_OIS_RUSFARCNY_1Y;-0.220585;1.099385
2024-09-18;CNY_OIS_RUSFARCNY_1Y;0.215864;1.535136
2024-09-19;CNY_OIS_RUSFARCNY_1Y;-0.053745;1.241945
2024-09-20;CNY_OIS_RUSFARCNY_1Y;-0.468882;0.824082
2024-09-23;CNY_OIS_RUSFARCNY_1Y;-0.491579;0.762379
2024-09-24;CNY_OIS_RUSFARCNY_1Y;-0.478383;0.737383
2024-09-25;CNY_OIS_RUSFARCNY_1Y;-0.456666;0.722066
2024-09-26;CNY_OIS_RUSFARCNY_1Y;-0.439911;0.702911
2024-09-27;CNY_OIS_RUSFARCNY_1Y;-0.421304;0.686704
2024-09-30;CNY_OIS_RUSFARCNY_1Y;-0.392046;0.682246
2024-10-08;CNY_OIS_RUSFARCNY_1Y;-0.381287;0.660287
2024-10-09;CNY_OIS_RUSFARCNY_1Y;-0.365121;0.644721
2024-10-10;CNY_OIS_RUSFARCNY_1Y;-0.349039;0.630039
2024-10-11;CNY_OIS_RUSFARCNY_1Y;-0.332426;0.616826
2024-10-14;CNY_OIS_RUSFARCNY_1Y;-0.321369;0.598969
2024-10-15;CNY_OIS_RUSFARCNY_1Y;-0.308351;0.583951
2024-10-16;CNY_OIS_RUSFARCNY_1Y;-0.294859;0.570259
2024-10-17;CNY_OIS_RUSFARCNY_1Y;-0.282982;0.555782
2024-10-18;CNY_OIS_RUSFARCNY_1Y;-0.267607;0.545607
2024-10-21;CNY_OIS_RUSFARCNY_1Y;-0.25512;0.53332
2024-10-22;CNY_OIS_RUSFARCNY_1Y;-0.242511;0.521911
2024-10-23;CNY_OIS_RUSFARCNY_1Y;-0.230167;0.510967
2024-10-24;CNY_OIS_RUSFARCNY_1Y;-0.217379;0.501179
2024-10-25;CNY_OIS_RUSFARCNY_1Y;-0.208634;0.488034
2024-10-28;CNY_OIS_RUSFARCNY_1Y;-0.137278;0.539678
2024-10-29;CNY_OIS_RUSFARCNY_1Y;-0.133275;0.523075
2024-10-30;CNY_OIS_RUSFARCNY_1Y;-0.121578;0.514778
2024-10-31;CNY_OIS_RUSFARCNY_1Y;-0.105294;0.511694
2024-11-01;CNY_OIS_RUSFARCNY_1Y;-0.097497;0.500697
2024-11-05;CNY_OIS_RUSFARCNY_1Y;-0.090486;0.489486
2024-11-06;CNY_OIS_RUSFARCNY_1Y;-0.168069;0.397669
2024-11-07;CNY_OIS_RUSFARCNY_1Y;-0.214066;0.335866
2024-11-08;CNY_OIS_RUSFARCNY_1Y;-0.242526;0.291326
2024-11-11;CNY_OIS_RUSFARCNY_1Y;-0.233095;0.284495
2024-11-12;CNY_OIS_RUSFARCNY_1Y;-0.205022;0.297022
2024-11-13;CNY_OIS_RUSFARCNY_1Y;-0.196775;0.289975
2024-11-14;CNY_OIS_RUSFARCNY_1Y;-0.16316;0.30916
2024-11-15;CNY_OIS_RUSFARCNY_1Y;-0.032376;0.435176
2024-11-18;CNY_OIS_RUSFARCNY_1Y;-0.063888;0.390288
2024-11-19;CNY_OIS_RUSFARCNY_1Y;-0.029407;0.411407
2024-11-20;CNY_OIS_RUSFARCNY_1Y;-0.015111;0.412311
2024-11-21;CNY_OIS_RUSFARCNY_1Y;-0.0091;0.4053
2024-11-22;CNY_OIS_RUSFARCNY_1Y;0.008072;0.409928
2024-11-25;CNY_OIS_RUSFARCNY_1Y;-0.037913;0.353513
2024-11-26;CNY_OIS_RUSFARCNY_1Y;-0.156573;0.232973
2024-11-27;CNY_OIS_RUSFARCNY_1Y;-0.162792;0.214992
2024-11-28;CNY_OIS_RUSFARCNY_1Y;-0.168082;0.198282
2024-11-29;CNY_OIS_RUSFARCNY_1Y;-0.164803;0.190403
2024-12-02;CNY_OIS_RUSFARCNY_1Y;-0.144382;0.200182
2024-12-03;CNY_OIS_RUSFARCNY_1Y;-0.149376;0.184776
2024-12-04;CNY_OIS_RUSFARCNY_1Y;-0.151508;0.172508
2024-12-05;CNY_OIS_RUSFARCNY_1Y;-0.149476;0.164676
2024-12-06;CNY_OIS_RUSFARCNY_1Y;-0.147093;0.157493
2024-12-09;CNY_OIS_RUSFARCNY_1Y;-0.140555;0.154755
2024-12-10;CNY_OIS_RUSFARCNY_1Y;-0.124323;0.162123
2024-12-11;CNY_OIS_RUSFARCNY_1Y;-0.11996;0.15776
2024-12-12;CNY_OIS_RUSFARCNY_1Y;-0.121949;0.147349
2024-12-13;CNY_OIS_RUSFARCNY_1Y;-0.120651;0.140451
2024-12-16;CNY_OIS_RUSFARCNY_1Y;-0.116074;0.137074
2024-12-17;CNY_OIS_RUSFARCNY_1Y;-0.115022;0.130422
2024-12-18;CNY_OIS_RUSFARCNY_1Y;-0.102429;0.135629
2024-12-19;CNY_OIS_RUSFARCNY_1Y;-0.100604;0.130204
2024-12-20;CNY_OIS_RUSFARCNY_1Y;-0.103614;0.120214
2024-12-23;CNY_OIS_RUSFARCNY_1Y;-0.105019;0.112019
2024-12-24;CNY_OIS_RUSFARCNY_1Y;-0.104318;0.106118
2024-12-25;CNY_OIS_RUSFARCNY_1Y;-0.103616;0.100416
2024-12-26;CNY_OIS_RUSFARCNY_1Y;-0.103716;0.094116
2024-12-27;CNY_OIS_RUSFARCNY_1Y;-0.092154;0.099754
2025-01-09;CNY_OIS_RUSFARCNY_1Y;-0.091635;0.094435
2025-01-10;CNY_OIS_RUSFARCNY_1Y;-0.095131;0.085331
2025-01-13;CNY_OIS_RUSFARCNY_1Y;-0.090784;0.084184
2025-01-14;CNY_OIS_RUSFARCNY_1Y;-0.087819;0.081819
2025-01-15;CNY_OIS_RUSFARCNY_1Y;-0.082143;0.082343
2025-01-16;CNY_OIS_RUSFARCNY_1Y;-0.078538;0.080938
2025-01-17;CNY_OIS_RUSFARCNY_1Y;-0.07541;0.07921
2025-01-20;CNY_OIS_RUSFARCNY_1Y;-0.073555;0.076355
2025-01-21;CNY_OIS_RUSFARCNY_1Y;-0.071271;0.074071
2025-01-22;CNY_OIS_RUSFARCNY_1Y;-0.07056;0.07036
2025-01-23;CNY_OIS_RUSFARCNY_1Y;-0.071925;0.064725
2025-01-24;CNY_OIS_RUSFARCNY_1Y;-0.071045;0.061445
2025-01-27;CNY_OIS_RUSFARCNY_1Y;-0.069728;0.058728
2025-02-05;CNY_OIS_RUSFARCNY_1Y;-0.067072;0.057472
2025-02-06;CNY_OIS_RUSFARCNY_1Y;-0.063577;0.057177
2025-02-07;CNY_OIS_RUSFARCNY_1Y;-0.065252;0.051852
2025-02-10;CNY_OIS_RUSFARCNY_1Y;-0.06457;0.04897
2025-02-11;CNY_OIS_RUSFARCNY_1Y;-0.059653;0.050453
2025-02-12;CNY_OIS_RUSFARCNY_1Y;-0.058877;0.047877
2025-02-13;CNY_OIS_RUSFARCNY_1Y;-0.049628;0.054028
2025-02-17;CNY_OIS_RUSFARCNY_1Y;-0.049954;0.050554
2025-02-18;CNY_OIS_RUSFARCNY_1Y;-0.050027;0.047427
2025-02-19;CNY_OIS_RUSFARCNY_1Y;-0.049845;0.044645
2025-02-20;CNY_OIS_RUSFARCNY_1Y;-0.052328;0.039328
2025-02-21;CNY_OIS_RUSFARCNY_1Y;-0.046561;0.042361
2025-02-24;CNY_OIS_RUSFARCNY_1Y;-0.040344;0.045944
2025-02-25;CNY_OIS_RUSFARCNY_1Y;-0.040132;0.043532
2025-02-26;CNY_OIS_RUSFARCNY_1Y;-0.040864;0.040264
2025-02-28;CNY_OIS_RUSFARCNY_1Y;-0.043453;0.035253
2025-03-03;CNY_OIS_RUSFARCNY_1Y;-0.042454;0.033854
2025-03-04;CNY_OIS_RUSFARCNY_1Y;-0.042997;0.030997
2025-03-05;CNY_OIS_RUSFARCNY_1Y;-0.039778;0.031978
2025-03-06;CNY_OIS_RUSFARCNY_1Y;-0.036693;0.032893
2025-03-07;CNY_OIS_RUSFARCNY_1Y;-0.034735;0.032735
2025-03-10;CNY_OIS_RUSFARCNY_1Y;-0.031815;0.033615
2025-03-11;CNY_OIS_RUSFARCNY_1Y;-0.030918;0.032518
2025-03-12;CNY_OIS_RUSFARCNY_1Y;-0.029852;0.031652
2025-03-13;CNY_OIS_RUSFARCNY_1Y;-0.027122;0.032522
2025-03-14;CNY_OIS_RUSFARCNY_1Y;-0.027518;0.030318
2025-03-17;CNY_OIS_RUSFARCNY_1Y;-0.026137;0.029937
2025-03-18;CNY_OIS_RUSFARCNY_1Y;-0.024984;0.029384
2025-03-19;CNY_OIS_RUSFARCNY_1Y;-0.02546;0.02726
2025-03-20;CNY_OIS_RUSFARCNY_1Y;-0.024757;0.026357
2025-03-21;CNY_OIS_RUSFARCNY_1Y;-0.02328;0.02628
2025-03-24;CNY_OIS_RUSFARCNY_1Y;-0.022525;0.025525
2025-03-25;CNY_OIS_RUSFARCNY_1Y;-0.021693;0.024893
2025-03-26;CNY_OIS_RUSFARCNY_1Y;-0.021785;0.023385
2025-03-27;CNY_OIS_RUSFARCNY_1Y;-0.020598;0.023198
2025-03-28;CNY_OIS_RUSFARCNY_1Y;-0.019631;0.022831
2025-03-31;CNY_OIS_RUSFARCNY_1Y;-0.022934;0.018334
2025-04-01;CNY_OIS_RUSFARCNY_1Y;-0.024623;0.015423
2025-04-02;CNY_OIS_RUSFARCNY_1Y;-0.023714;0.015114
2025-04-03;CNY_OIS_RUSFARCNY_1Y;-0.019471;0.018271
2025-04-07;CNY_OIS_RUSFARCNY_1Y;-0.020405;0.016205
2025-04-08;CNY_OIS_RUSFARCNY_1Y;-0.020649;0.014849
2025-04-09;CNY_OIS_RUSFARCNY_1Y;-0.017829;0.016629
2025-04-10;CNY_OIS_RUSFARCNY_1Y;-0.017505;0.015905
2025-04-11;CNY_OIS_RUSFARCNY_1Y;-0.016696;0.015696
2025-04-14;CNY_OIS_RUSFARCNY_1Y;-0.016003;0.015403
2025-04-15;CNY_OIS_RUSFARCNY_1Y;-0.015625;0.014825
2025-04-16;CNY_OIS_RUSFARCNY_1Y;-0.015863;0.013663
2025-04-17;CNY_OIS_RUSFARCNY_1Y;-0.014418;0.014218
2025-04-18;CNY_OIS_RUSFARCNY_1Y;-0.013682;0.014082
2025-04-21;CNY_OIS_RUSFARCNY_1Y;-0.010596;0.016396
2025-04-22;CNY_OIS_RUSFARCNY_1Y;-0.009786;0.016386
2025-04-23;CNY_OIS_RUSFARCNY_1Y;-0.008988;0.016388
2025-04-24;CNY_OIS_RUSFARCNY_1Y;-0.010521;0.014121
2025-04-25;CNY_OIS_RUSFARCNY_1Y;-0.010547;0.013347
2025-04-28;CNY_OIS_RUSFARCNY_1Y;-0.016177;0.007377
2025-04-29;CNY_OIS_RUSFARCNY_1Y;-0.018768;0.004168
2025-04-30;CNY_OIS_RUSFARCNY_1Y;-0.014325;0.008125
2025-05-06;CNY_OIS_RUSFARCNY_1Y;-0.012399;0.009399
2025-05-07;CNY_OIS_RUSFARCNY_1Y;-0.01019;0.01099
2025-05-12;CNY_OIS_RUSFARCNY_1Y;-0.009171;0.011371
2025-05-13;CNY_OIS_RUSFARCNY_1Y;-0.007865;0.012065
2025-05-14;CNY_OIS_RUSFARCNY_1Y;-0.006667;0.012667
2025-05-15;CNY_OIS_RUSFARCNY_1Y;-0.007888;0.010888
2025-05-16;CNY_OIS_RUSFARCNY_1Y;-0.007702;0.010502
2025-05-19;CNY_OIS_RUSFARCNY_1Y;-0.007826;0.009826
2025-05-20;CNY_OIS_RUSFARCNY_1Y;-0.006861;0.010261
2025-05-21;CNY_OIS_RUSFARCNY_1Y;-0.006901;0.009701
2025-05-22;CNY_OIS_RUSFARCNY_1Y;-0.00625;0.00985
2025-05-23;CNY_OIS_RUSFARCNY_1Y;-0.006105;0.009505
2025-05-26;CNY_OIS_RUSFARCNY_1Y;-0.006268;0.008868
2025-05-27;CNY_OIS_RUSFARCNY_1Y;-0.004851;0.009851
2025-05-28;CNY_OIS_RUSFARCNY_1Y;-0.008242;0.006242
2025-05-29;CNY_OIS_RUSFARCNY_1Y;-0.007822;0.006222
2025-05-30;CNY_OIS_RUSFARCNY_1Y;-0.00711;0.00651
2025-06-03;CNY_OIS_RUSFARCNY_1Y;-0.00504;0.00824
2025-06-04;CNY_OIS_RUSFARCNY_1Y;-0.005848;0.007048
2025-06-05;CNY_OIS_RUSFARCNY_1Y;-0.005952;0.006552
2025-06-06;CNY_OIS_RUSFARCNY_1Y;-0.006671;0.005471
2025-06-09;CNY_OIS_RUSFARCNY_1Y;-0.006486;0.005286
2025-06-10;CNY_OIS_RUSFARCNY_1Y;-0.004354;0.007154
2025-06-11;CNY_OIS_RUSFARCNY_1Y;-0.005396;0.005796
2025-06-16;CNY_OIS_RUSFARCNY_1Y;-0.006238;0.004638
2025-06-17;CNY_OIS_RUSFARCNY_1Y;-0.004409;0.006209
2025-06-18;CNY_OIS_RUSFARCNY_1Y;-0.004954;0.005354
2025-06-19;CNY_OIS_RUSFARCNY_1Y;-0.004498;0.005498
2025-06-20;CNY_OIS_RUSFARCNY_1Y;-0.004446;0.005246
2025-06-23;CNY_OIS_RUSFARCNY_1Y;-0.004298;0.005098
2025-06-24;CNY_OIS_RUSFARCNY_1Y;-0.004356;0.004756
2025-06-25;CNY_OIS_RUSFARCNY_1Y;-0.004822;0.004022
2025-06-26;CNY_OIS_RUSFARCNY_1Y;-0.004389;0.004189
2025-06-27;CNY_OIS_RUSFARCNY_1Y;-0.00396;0.00436
2025-06-30;CNY_OIS_RUSFARCNY_1Y;-0.003141;0.004941
2025-07-01;CNY_OIS_RUSFARCNY_1Y;-0.003727;0.004127
2025-07-02;CNY_OIS_RUSFARCNY_1Y;-0.004213;0.003413
2025-07-03;CNY_OIS_RUSFARCNY_1Y;-0.005323;0.002123
2025-07-04;CNY_OIS_RUSFARCNY_1Y;-0.003377;0.003977
2025-07-07;CNY_OIS_RUSFARCNY_1Y;-0.003265;0.003865
2025-07-08;CNY_OIS_RUSFARCNY_1Y;-0.003763;0.003163
2025-07-09;CNY_OIS_RUSFARCNY_1Y;-0.003658;0.003058
2025-07-10;CNY_OIS_RUSFARCNY_1Y;-0.004061;0.002461
2025-07-11;CNY_OIS_RUSFARCNY_1Y;-0.002697;0.003697
2025-07-14;CNY_OIS_RUSFARCNY_1Y;-0.003936;0.002336
2025-07-15;CNY_OIS_RUSFARCNY_1Y;-0.004552;0.001552
2025-07-16;CNY_OIS_RUSFARCNY_1Y;-0.005377;0.000577
2025-07-17;CNY_OIS_RUSFARCNY_1Y;-0.005998;-0.000202
2025-07-18;CNY_OIS_RUSFARCNY_1Y;-0.00591;-0.00029
2025-07-21;CNY_OIS_RUSFARCNY_1Y;-0.004379;0.001179
2025-07-22;CNY_OIS_RUSFARCNY_1Y;-0.00332;0.00212
2025-07-23;CNY_OIS_RUSFARCNY_1Y;-0.003237;0.002037
2025-07-24;CNY_OIS_RUSFARCNY_1Y;-0.002957;0.002157
2025-07-25;CNY_OIS_RUSFARCNY_1Y;-0.004766;0.000366
2025-07-28;CNY_OIS_RUSFARCNY_1Y;-0.00381;0.00121
2025-07-29;CNY_OIS_RUSFARCNY_1Y;-0.003733;0.001133
2025-07-30;CNY_OIS_RUSFARCNY_1Y;-0.004478;0.000278
2025-07-31;CNY_OIS_RUSFARCNY_1Y;-0.004108;0.000508
2025-08-01;CNY_OIS_RUSFARCNY_1Y;-0.004442;4.2e-05
2025-08-04;CNY_OIS_RUSFARCNY_1Y;-0.004274;7.4e-05
2025-08-05;CNY_OIS_RUSFARCNY_1Y;-0.003911;0.000311
2025-08-06;CNY_OIS_RUSFARCNY_1Y;-0.003847;0.000247
2025-08-07;CNY_OIS_RUSFARCNY_1Y;-0.006029;-0.001771
2025-08-08;CNY_OIS_RUSFARCNY_1Y;-0.005185;-0.001015
2025-08-11;CNY_OIS_RUSFARCNY_1Y;-0.003605;0.000605
2025-08-12;CNY_OIS_RUSFARCNY_1Y;-0.003844;0.000244
2025-08-13;CNY_OIS_RUSFARCNY_1Y;-0.002539;0.001539
2025-08-14;CNY_OIS_RUSFARCNY_1Y;-0.003404;0.000604
2025-08-15;CNY_OIS_RUSFARCNY_1Y;-0.002755;0.001155
2025-08-18;CNY_OIS_RUSFARCNY_1Y;-0.002696;0.001096
2025-08-19;CNY_OIS_RUSFARCNY_1Y;-0.003568;0.000168
2025-08-20;CNY_OIS_RUSFARCNY_1Y;-0.003214;0.000414
2025-08-21;CNY_OIS_RUSFARCNY_1Y;-0.003462;6.2e-05
2025-08-22;CNY_OIS_RUSFARCNY_1Y;-0.003509;-9.1e-05
2025-08-25;CNY_OIS_RUSFARCNY_1Y;-0.003357;-4.3e-05
2025-08-26;CNY_OIS_RUSFARCNY_1Y;-0.003407;-0.000193
2025-08-27;CNY_OIS_RUSFARCNY_1Y;-0.002869;0.000269
2025-08-28;CNY_OIS_RUSFARCNY_1Y;-0.003125;-7.5e-05
2025-08-29;CNY_OIS_RUSFARCNY_1Y;-0.00359;-0.00061
2025-09-01;CNY_OIS_RUSFARCNY_1Y;-0.003747;-0.000853
2025-09-02;CNY_OIS_RUSFARCNY_1Y;-0.004214;-0.001386
2025-09-03;CNY_OIS_RUSFARCNY_1Y;-0.004684;-0.001916
2025-09-04;CNY_OIS_RUSFARCNY_1Y;-0.004742;-0.002058
2025-09-05;CNY_OIS_RUSFARCNY_1Y;-0.005109;-0.002491
2025-09-08;CNY_OIS_RUSFARCNY_1Y;-0.004212;-0.001588
2025-09-09;CNY_OIS_RUSFARCNY_1Y;-0.003314;-0.000686
2025-09-10;CNY_OIS_RUSFARCNY_1Y;-0.004548;-0.001852
2025-09-11;CNY_OIS_RUSFARCNY_1Y;-0.00146;0.00226
2025-09-12;CNY_OIS_RUSFARCNY_1Y;-0.000533;0.003133
2025-09-15;CNY_OIS_RUSFARCNY_1Y;0.001116;0.004884
2025-09-16;CNY_OIS_RUSFARCNY_1Y;0.00056;0.00424
2025-09-17;CNY_OIS_RUSFARCNY_1Y;0.000616;0.004184
2025-09-18;CNY_OIS_RUSFARCNY_1Y;0.00077;0.00423
2025-09-19;CNY_OIS_RUSFARCNY_1Y;0.000621;0.003979
2025-09-22;CNY_OIS_RUSFARCNY_1Y;5.8e-05;0.003342
2025-09-23;CNY_OIS_RUSFARCNY_1Y;-0.000403;0.002803
2025-09-24;CNY_OIS_RUSFARCNY_1Y;-0.000254;0.002854
2025-09-25;CNY_OIS_RUSFARCNY_1Y;-0.000308;0.002708
2025-09-26;CNY_OIS_RUSFARCNY_1Y;-6.3e-05;0.002863
2025-09-29;CNY_OIS_RUSFARCNY_1Y;0.000277;0.003123
2025-09-30;CNY_OIS_RUSFARCNY_1Y;-0.004316;-0.000284
2025-10-09;CNY_OIS_RUSFARCNY_1Y;-0.001792;0.002592
2025-10-10;CNY_OIS_RUSFARCNY_1Y;-0.00133;0.00293
2025-10-13;CNY_OIS_RUSFARCNY_1Y;-0.000581;0.003581
2025-10-14;CNY_OIS_RUSFARCNY_1Y;-0.000221;0.003821
2025-10-15;CNY_OIS_RUSFARCNY_1Y;0.000138;0.004062
2025-10-16;CNY_OIS_RUSFARCNY_1Y;0.000197;0.004003
2025-10-17;CNY_OIS_RUSFARCNY_1Y;5.4e-05;0.003746
2025-10-20;CNY_OIS_RUSFARCNY_1Y;0.000601;0.004199
2025-10-21;CNY_OIS_RUSFARCNY_1Y;0.000555;0.004045
2025-10-22;CNY_OIS_RUSFARCNY_1Y;0.000202;0.003598
2025-10-23;CNY_OIS_RUSFARCNY_1Y;0.000839;0.004161
2025-10-24;CNY_OIS_RUSFARCNY_1Y;0.000688;0.003912
2025-10-27;CNY_OIS_RUSFARCNY_1Y;0.000637;0.003763
2025-10-28;CNY_OIS_RUSFARCNY_1Y;0.000482;0.003518
2025-10-29;CNY_OIS_RUSFARCNY_1Y;-0.000626;0.002426
2025-10-30;CNY_OIS_RUSFARCNY_1Y;-9.1e-05;0.002891
2025-10-31;CNY_OIS_RUSFARCNY_1Y;-0.000453;0.002453
2025-11-05;CNY_OIS_RUSFARCNY_1Y;0.000174;0.003026
2025-11-06;CNY_OIS_RUSFARCNY_1Y;0.000706;0.003494
2025-11-07;CNY_OIS_RUSFARCNY_1Y;0.001966;0.004834
2025-11-10;CNY_OIS_RUSFARCNY_1Y;0.001393;0.004207
2025-11-11;CNY_OIS_RUSFARCNY_1Y;0.000604;0.003396
2025-11-12;CNY_OIS_RUSFARCNY_1Y;0.000342;0.003058
2025-11-13;CNY_OIS_RUSFARCNY_1Y;0.001512;0.004288
2025-11-14;CNY_OIS_RUSFARCNY_1Y;0.001849;0.004551
2025-11-17;CNY_OIS_RUSFARCNY_1Y;0.001586;0.004214
2025-11-18;CNY_OIS_RUSFARCNY_1Y;0.001626;0.004174
2025-11-19;CNY_OIS_RUSFARCNY_1Y;0.000721;0.003279
2025-11-20;CNY_OIS_RUSFARCNY_1Y;0.001055;0.003545
2025-11-21;CNY_OIS_RUSFARCNY_1Y;0.000891;0.003309
2025-11-24;CNY_OIS_RUSFARCNY_1Y;0.001319;0.003681
2025-11-25;CNY_OIS_RUSFARCNY_1Y;0.000626;0.002974
2025-11-26;CNY_OIS_RUSFARCNY_1Y;0.001052;0.003348
2025-11-27;CNY_OIS_RUSFARCNY_1Y;0.001087;0.003313
2025-11-28;CNY_OIS_RUSFARCNY_1Y;0.000499;0.002701
2025-12-01;CNY_OIS_RUSFARCNY_1Y;0.001293;0.003507
2025-12-02;CNY_OIS_RUSFARCNY_1Y;4e-05;0.00236
2025-12-03;CNY_OIS_RUSFARCNY_1Y;-0.000984;0.001384
2025-12-04;CNY_OIS_RUSFARCNY_1Y;-0.001462;0.000862
2025-12-05;CNY_OIS_RUSFARCNY_1Y;-0.001327;0.000927
2025-12-08;CNY_OIS_RUSFARCNY_1Y;0.001968;0.005632
2025-12-09;CNY_OIS_RUSFARCNY_1Y;0.002024;0.005576
2025-12-10;CNY_OIS_RUSFARCNY_1Y;0.001775;0.005225
2025-12-11;CNY_OIS_RUSFARCNY_1Y;0.001626;0.004974
2025-12-12;CNY_OIS_RUSFARCNY_1Y;0.001875;0.005125
2025-12-15;CNY_OIS_RUSFARCNY_1Y;0.002414;0.005586
2025-12-16;CNY_OIS_RUSFARCNY_1Y;0.001847;0.004953
2025-12-17;CNY_OIS_RUSFARCNY_1Y;0.001172;0.004228
2025-12-18;CNY_OIS_RUSFARCNY_1Y;0.001417;0.004383
2025-12-19;CNY_OIS_RUSFARCNY_1Y;0.001361;0.004239
2025-12-22;CNY_OIS_RUSFARCNY_1Y;0.002082;0.004918
2025-12-23;CNY_OIS_RUSFARCNY_1Y;0.002613;0.005387
2025-12-24;CNY_OIS_RUSFARCNY_1Y;0.003047;0.005753
2025-12-25;CNY_OIS_RUSFARCNY_1Y;0.003384;0.006016
2025-12-26;CNY_OIS_RUSFARCNY_1Y;0.002261;0.004939
2025-12-29;CNY_OIS_RUSFARCNY_1Y;0.001894;0.004506
2026-01-12;CNY_OIS_RUSFARCNY_1Y;0.003571;0.006429
2026-01-13;CNY_OIS_RUSFARCNY_1Y;0.001665;0.004735
2026-01-14;CNY_OIS_RUSFARCNY_1Y;0.001408;0.004392
2026-01-15;CNY_OIS_RUSFARCNY_1Y;0.001453;0.004347
2026-01-16;CNY_OIS_RUSFARCNY_1Y;0.000985;0.003815
2026-01-19;CNY_OIS_RUSFARCNY_1Y;0.001028;0.003772
2026-01-20;CNY_OIS_RUSFARCNY_1Y;0.001652;0.004348
2026-01-21;CNY_OIS_RUSFARCNY_1Y;0.00698;0.01262
2026-01-22;CNY_OIS_RUSFARCNY_1Y;0.012746;0.020054
2026-01-23;CNY_OIS_RUSFARCNY_1Y;0.002428;0.012172
2026-01-26;CNY_OIS_RUSFARCNY_1Y;0.003172;0.012628
2026-01-27;CNY_OIS_RUSFARCNY_1Y;0.002913;0.012087
2026-01-28;CNY_OIS_RUSFARCNY_1Y;0.002346;0.011254
2026-01-29;CNY_OIS_RUSFARCNY_1Y;0.000631;0.009369
2026-01-30;CNY_OIS_RUSFARCNY_1Y;0.001063;0.009537
2026-02-02;CNY_OIS_RUSFARCNY_1Y;0.00359;0.01201
2026-02-03;CNY_OIS_RUSFARCNY_1Y;0.005276;0.013524
2026-02-04;CNY_OIS_RUSFARCNY_1Y;0.006385;0.014415
2026-02-05;CNY_OIS_RUSFARCNY_1Y;0.006206;0.013994
2026-02-06;CNY_OIS_RUSFARCNY_1Y;0.067262;0.134338
2026-02-09;CNY_OIS_RUSFARCNY_1Y;0.056405;0.121995
2026-02-10;CNY_OIS_RUSFARCNY_1Y;-0.008524;0.068524
2026-02-11;CNY_OIS_RUSFARCNY_1Y;0.075896;0.179504
2026-02-12;CNY_OIS_RUSFARCNY_1Y;0.031937;0.137263
2026-02-13;CNY_OIS_RUSFARCNY_1Y;0.023512;0.125888
2026-02-24;CNY_OIS_RUSFARCNY_1Y;0.055056;0.156944
2026-02-25;CNY_OIS_RUSFARCNY_1Y;0.054602;0.153398
2026-02-26;CNY_OIS_RUSFARCNY_1Y;0.055206;0.150994
2026-02-27;CNY_OIS_RUSFARCNY_1Y;0.037986;0.131814
2026-03-02;CNY_OIS_RUSFARCNY_1Y;0.017341;0.109659
2026-03-03;CNY_OIS_RUSFARCNY_1Y;0.010855;0.100545
2026-03-04;CNY_OIS_RUSFARCNY_1Y;0.022551;0.109849
2026-03-05;CNY_OIS_RUSFARCNY_1Y;0.019551;0.104249
2026-03-06;CNY_OIS_RUSFARCNY_1Y;0.026978;0.109222
2026-03-10;CNY_OIS_RUSFARCNY_1Y;0.02002;0.09998
2026-03-11;CNY_OIS_RUSFARCNY_1Y;0.04553;0.12527
2026-03-12;CNY_OIS_RUSFARCNY_1Y;0.075114;0.155486
2026-03-13;CNY_OIS_RUSFARCNY_1Y;0.08413;0.16227
2026-03-16;CNY_OIS_RUSFARCNY_1Y;0.1003;0.1769
2026-03-17;CNY_OIS_RUSFARCNY_1Y;0.106028;0.180372
2026-03-18;CNY_OIS_RUSFARCNY_1Y;0.164886;0.251314
2026-03-19;CNY_OIS_RUSFARCNY_1Y;0.344581;0.534019
2026-03-20;CNY_OIS_RUSFARCNY_1Y;0.022543;0.297857
2026-03-23;CNY_OIS_RUSFARCNY_1Y;-0.065015;0.209615
2026-03-24;CNY_OIS_RUSFARCNY_1Y;-0.039371;0.227371
2026-03-25;CNY_OIS_RUSFARCNY_1Y;-0.005389;0.254189
2026-03-26;CNY_OIS_RUSFARCNY_1Y;-0.032124;0.220524
2026-03-27;CNY_OIS_RUSFARCNY_1Y;-0.038027;0.207027
2026-03-30;CNY_OIS_RUSFARCNY_1Y;-0.07082;0.16822
2026-03-31;CNY_OIS_RUSFARCNY_1Y;-0.09059;0.14179
2026-04-01;CNY_OIS_RUSFARCNY_1Y;-0.075925;0.149525
2026-04-02;CNY_OIS_RUSFARCNY_1Y;-0.065026;0.153626
2026-04-03;CNY_OIS_RUSFARCNY_1Y;-0.052352;0.159752
2026-04-07;CNY_OIS_RUSFARCNY_1Y;-0.066822;0.139222
2026-04-08;CNY_OIS_RUSFARCNY_1Y;-0.089622;0.111022
2026-04-09;CNY_OIS_RUSFARCNY_1Y;-0.087967;0.106567
2026-04-10;CNY_OIS_RUSFARCNY_1Y;-0.085104;0.103504
2026-04-13;CNY_OIS_RUSFARCNY_1Y;-0.061362;0.122162
2026-04-14;CNY_OIS_RUSFARCNY_1Y;-0.071083;0.107083
2026-04-15;CNY_OIS_RUSFARCNY_1Y;-0.079667;0.093267
2026-04-16;CNY_OIS_RUSFARCNY_1Y;-0.078335;0.089335
2026-04-17;CNY_OIS_RUSFARCNY_1Y;-0.076281;0.086281
2026-04-20;CNY_OIS_RUSFARCNY_1Y;-0.073305;0.084305
2026-04-21;CNY_OIS_RUSFARCNY_1Y;-0.073711;0.079111
2026-04-22;CNY_OIS_RUSFARCNY_1Y;-0.071984;0.076184
2026-04-23;CNY_OIS_RUSFARCNY_1Y;-0.069827;0.073827
2013-01-05;CNY_OIS_RUSFARCNY_2Y;0.014587;0.025321
2013-01-06;CNY_OIS_RUSFARCNY_2Y;0.013672;0.024136
2013-01-07;CNY_OIS_RUSFARCNY_2Y;0.013365;0.023521
2013-01-08;CNY_OIS_RUSFARCNY_2Y;0.01344;0.023288
2013-01-09;CNY_OIS_RUSFARCNY_2Y;0.013206;0.022762
2013-01-10;CNY_OIS_RUSFARCNY_2Y;0.013362;0.022626
2013-01-11;CNY_OIS_RUSFARCNY_2Y;0.013463;0.022445
2013-01-14;CNY_OIS_RUSFARCNY_2Y;0.013338;0.02205
2013-01-15;CNY_OIS_RUSFARCNY_2Y;0.013738;0.02219
2013-01-16;CNY_OIS_RUSFARCNY_2Y;0.013523;0.021725
2013-01-17;CNY_OIS_RUSFARCNY_2Y;0.013222;0.021186
2013-01-18;CNY_OIS_RUSFARCNY_2Y;0.012834;0.020574
2013-01-21;CNY_OIS_RUSFARCNY_2Y;0.012741;0.020247
2013-01-22;CNY_OIS_RUSFARCNY_2Y;0.012541;0.019827
2013-01-23;CNY_OIS_RUSFARCNY_2Y;0.012791;0.019855
2013-01-24;CNY_OIS_RUSFARCNY_2Y;0.014093;0.021065
2013-01-25;CNY_OIS_RUSFARCNY_2Y;0.014559;0.021329
2013-01-28;CNY_OIS_RUSFARCNY_2Y;0.014632;0.021196
2013-01-29;CNY_OIS_RUSFARCNY_2Y;0.014732;0.021096
2013-01-30;CNY_OIS_RUSFARCNY_2Y;0.014829;0.020999
2013-01-31;CNY_OIS_RUSFARCNY_2Y;0.01683;0.023198
2013-02-01;CNY_OIS_RUSFARCNY_2Y;0.020037;0.027281
2013-02-04;CNY_OIS_RUSFARCNY_2Y;0.021637;0.028851
2013-02-05;CNY_OIS_RUSFARCNY_2Y;0.0253;0.033528
2013-02-06;CNY_OIS_RUSFARCNY_2Y;0.028499;0.037249
2013-02-07;CNY_OIS_RUSFARCNY_2Y;0.029127;0.037627
2013-02-08;CNY_OIS_RUSFARCNY_2Y;0.017708;0.03042
2013-02-16;CNY_OIS_RUSFARCNY_2Y;0.009464;0.023964
2013-02-17;CNY_OIS_RUSFARCNY_2Y;0.008863;0.022945
2013-02-18;CNY_OIS_RUSFARCNY_2Y;0.008745;0.022403
2013-02-19;CNY_OIS_RUSFARCNY_2Y;0.008986;0.022228
2013-02-20;CNY_OIS_RUSFARCNY_2Y;0.009292;0.022132
2013-02-21;CNY_OIS_RUSFARCNY_2Y;0.010829;0.023359
2013-02-22;CNY_OIS_RUSFARCNY_2Y;0.012766;0.025062
2013-02-25;CNY_OIS_RUSFARCNY_2Y;0.014736;0.026812
2013-02-26;CNY_OIS_RUSFARCNY_2Y;0.02486;0.042768
2013-02-27;CNY_OIS_RUSFARCNY_2Y;0.027462;0.045006
2013-02-28;CNY_OIS_RUSFARCNY_2Y;0.028509;0.045539
2013-03-01;CNY_OIS_RUSFARCNY_2Y;0.029993;0.046555
2013-03-04;CNY_OIS_RUSFARCNY_2Y;0.020704;0.038994
2013-03-05;CNY_OIS_RUSFARCNY_2Y;0.018113;0.036075
2013-03-06;CNY_OIS_RUSFARCNY_2Y;0.016747;0.034241
2013-03-07;CNY_OIS_RUSFARCNY_2Y;0.013076;0.030472
2013-03-08;CNY_OIS_RUSFARCNY_2Y;0.01316;0.030028
2013-03-11;CNY_OIS_RUSFARCNY_2Y;0.010961;0.027497
2013-03-12;CNY_OIS_RUSFARCNY_2Y;0.009816;0.025912
2013-03-13;CNY_OIS_RUSFARCNY_2Y;0.00983;0.025438
2013-03-14;CNY_OIS_RUSFARCNY_2Y;0.009918;0.02505
2013-03-15;CNY_OIS_RUSFARCNY_2Y;0.010218;0.02489
2013-03-18;CNY_OIS_RUSFARCNY_2Y;0.014651;0.029657
2013-03-19;CNY_OIS_RUSFARCNY_2Y;0.011979;0.026809
2013-03-20;CNY_OIS_RUSFARCNY_2Y;0.010163;0.024685
2013-03-21;CNY_OIS_RUSFARCNY_2Y;0.009229;0.023359
2013-03-22;CNY_OIS_RUSFARCNY_2Y;0.008101;0.021867
2013-03-25;CNY_OIS_RUSFARCNY_2Y;0.007051;0.020459
2013-03-26;CNY_OIS_RUSFARCNY_2Y;0.007154;0.020154
2013-03-27;CNY_OIS_RUSFARCNY_2Y;0.008012;0.020636
2013-03-28;CNY_OIS_RUSFARCNY_2Y;0.008295;0.020533
2013-03-29;CNY_OIS_RUSFARCNY_2Y;0.016089;0.031419
2013-04-01;CNY_OIS_RUSFARCNY_2Y;0.008572;0.025086
2013-04-02;CNY_OIS_RUSFARCNY_2Y;0.009097;0.025111
2013-04-03;CNY_OIS_RUSFARCNY_2Y;0.010072;0.025616
2013-04-07;CNY_OIS_RUSFARCNY_2Y;0.009702;0.024786
2013-04-08;CNY_OIS_RUSFARCNY_2Y;0.01137;0.026074
2013-04-09;CNY_OIS_RUSFARCNY_2Y;0.011182;0.025446
2013-04-10;CNY_OIS_RUSFARCNY_2Y;0.011234;0.025064
2013-04-11;CNY_OIS_RUSFARCNY_2Y;0.010872;0.024294
2013-04-12;CNY_OIS_RUSFARCNY_2Y;0.010642;0.023662
2013-04-15;CNY_OIS_RUSFARCNY_2Y;0.011133;0.023761
2013-04-16;CNY_OIS_RUSFARCNY_2Y;0.01096;0.023208
2013-04-17;CNY_OIS_RUSFARCNY_2Y;0.011114;0.02299
2013-04-18;CNY_OIS_RUSFARCNY_2Y;0.013149;0.024839
2013-04-19;CNY_OIS_RUSFARCNY_2Y;0.016074;0.027814
2013-04-22;CNY_OIS_RUSFARCNY_2Y;0.01755;0.029018
2013-04-23;CNY_OIS_RUSFARCNY_2Y;0.020792;0.032436
2013-04-24;CNY_OIS_RUSFARCNY_2Y;0.029524;0.045524
2013-04-25;CNY_OIS_RUSFARCNY_2Y;0.031976;0.047672
2013-04-26;CNY_OIS_RUSFARCNY_2Y;0.01677;0.037058
2013-04-27;CNY_OIS_RUSFARCNY_2Y;0.017239;0.036909
2013-04-28;CNY_OIS_RUSFARCNY_2Y;0.01563;0.034798
2013-05-02;CNY_OIS_RUSFARCNY_2Y;0.01562;0.034208
2013-05-03;CNY_OIS_RUSFARCNY_2Y;0.017844;0.035984
2013-05-06;CNY_OIS_RUSFARCNY_2Y;0.015846;0.033582
2013-05-07;CNY_OIS_RUSFARCNY_2Y;0.011644;0.029384
2013-05-08;CNY_OIS_RUSFARCNY_2Y;0.009316;0.026712
2013-05-09;CNY_OIS_RUSFARCNY_2Y;0.009581;0.026447
2013-05-10;CNY_OIS_RUSFARCNY_2Y;0.010137;0.026491
2013-05-13;CNY_OIS_RUSFARCNY_2Y;0.010558;0.026416
2013-05-14;CNY_OIS_RUSFARCNY_2Y;0.011615;0.027013
2013-05-15;CNY_OIS_RUSFARCNY_2Y;0.011894;0.026824
2013-05-16;CNY_OIS_RUSFARCNY_2Y;0.016316;0.031552
2013-05-17;CNY_OIS_RUSFARCNY_2Y;0.017931;0.032775
2013-05-20;CNY_OIS_RUSFARCNY_2Y;0.019264;0.033704
2013-05-21;CNY_OIS_RUSFARCNY_2Y;0.023207;0.037821
2013-05-22;CNY_OIS_RUSFARCNY_2Y;0.024062;0.038246
2013-05-23;CNY_OIS_RUSFARCNY_2Y;0.02672;0.040728
2013-05-24;CNY_OIS_RUSFARCNY_2Y;0.025101;0.038807
2013-05-27;CNY_OIS_RUSFARCNY_2Y;0.025863;0.039165
2013-05-28;CNY_OIS_RUSFARCNY_2Y;0.023874;0.036954
2013-05-29;CNY_OIS_RUSFARCNY_2Y;0.020885;0.033943
2013-05-30;CNY_OIS_RUSFARCNY_2Y;0.024242;0.037386
2013-05-31;CNY_OIS_RUSFARCNY_2Y;0.033326;0.050522
2013-06-03;CNY_OIS_RUSFARCNY_2Y;0.034552;0.051256
2013-06-04;CNY_OIS_RUSFARCNY_2Y;0.033975;0.050193
2013-06-05;CNY_OIS_RUSFARCNY_2Y;0.035263;0.051025
2013-06-06;CNY_OIS_RUSFARCNY_2Y;0.04633;0.067138
2013-06-07;CNY_OIS_RUSFARCNY_2Y;0.064167;0.095541
2013-06-08;CNY_OIS_RUSFARCNY_2Y;0.07611;0.109338
2013-06-09;CNY_OIS_RUSFARCNY_2Y;0.052384;0.091244
2013-06-13;CNY_OIS_RUSFARCNY_2Y;0.044534;0.083114
2013-06-14;CNY_OIS_RUSFARCNY_2Y;0.047836;0.085352
2013-06-17;CNY_OIS_RUSFARCNY_2Y;0.023687;0.066401
2013-06-18;CNY_OIS_RUSFARCNY_2Y;0.031771;0.073977
2013-06-19;CNY_OIS_RUSFARCNY_2Y;0.050414;0.096614
2013-06-20;CNY_OIS_RUSFARCNY_2Y;0.093872;0.168836
2013-06-21;CNY_OIS_RUSFARCNY_2Y;0.037307;0.126361
2013-06-24;CNY_OIS_RUSFARCNY_2Y;0.017396;0.106212
2013-06-25;CNY_OIS_RUSFARCNY_2Y;0.011042;0.097506
2013-06-26;CNY_OIS_RUSFARCNY_2Y;0.010518;0.09437
2013-06-27;CNY_OIS_RUSFARCNY_2Y;0.011875;0.093173
2013-06-28;CNY_OIS_RUSFARCNY_2Y;0.006782;0.085866
2013-07-01;CNY_OIS_RUSFARCNY_2Y;0.003054;0.079894
2013-07-02;CNY_OIS_RUSFARCNY_2Y;-0.002638;0.072186
2013-07-03;CNY_OIS_RUSFARCNY_2Y;-0.005414;0.067242
2013-07-04;CNY_OIS_RUSFARCNY_2Y;-0.004828;0.065616
2013-07-05;CNY_OIS_RUSFARCNY_2Y;-0.003435;0.064863
2013-07-08;CNY_OIS_RUSFARCNY_2Y;-0.003641;0.062589
2013-07-09;CNY_OIS_RUSFARCNY_2Y;-0.002703;0.061511
2013-07-10;CNY_OIS_RUSFARCNY_2Y;-0.001705;0.060553
2013-07-11;CNY_OIS_RUSFARCNY_2Y;0.000276;0.060646
2013-07-12;CNY_OIS_RUSFARCNY_2Y;0.000647;0.059181
2013-07-15;CNY_OIS_RUSFARCNY_2Y;0.001537;0.058287
2013-07-16;CNY_OIS_RUSFARCNY_2Y;-0.000507;0.054595
2013-07-17;CNY_OIS_RUSFARCNY_2Y;-0.000119;0.053307
2013-07-18;CNY_OIS_RUSFARCNY_2Y;0.000994;0.052794
2013-07-19;CNY_OIS_RUSFARCNY_2Y;0.002202;0.052426
2013-07-22;CNY_OIS_RUSFARCNY_2Y;0.0036;0.052298
2013-07-23;CNY_OIS_RUSFARCNY_2Y;0.004661;0.051877
2013-07-24;CNY_OIS_RUSFARCNY_2Y;0.00632;0.052108
2013-07-25;CNY_OIS_RUSFARCNY_2Y;0.008204;0.052614
2013-07-26;CNY_OIS_RUSFARCNY_2Y;0.01086;0.053968
2013-07-29;CNY_OIS_RUSFARCNY_2Y;0.013032;0.054856
2013-07-30;CNY_OIS_RUSFARCNY_2Y;0.013046;0.053602
2013-07-31;CNY_OIS_RUSFARCNY_2Y;0.014242;0.053566
2013-08-01;CNY_OIS_RUSFARCNY_2Y;0.013325;0.051483
2013-08-02;CNY_OIS_RUSFARCNY_2Y;0.010892;0.048014
2013-08-05;CNY_OIS_RUSFARCNY_2Y;0.0099;0.045928
2013-08-06;CNY_OIS_RUSFARCNY_2Y;0.010449;0.045379
2013-08-07;CNY_OIS_RUSFARCNY_2Y;0.010986;0.044852
2013-08-08;CNY_OIS_RUSFARCNY_2Y;0.012135;0.044975
2013-08-09;CNY_OIS_RUSFARCNY_2Y;0.010081;0.042027
2013-08-12;CNY_OIS_RUSFARCNY_2Y;0.01107;0.042048
2013-08-13;CNY_OIS_RUSFARCNY_2Y;0.014089;0.044245
2013-08-14;CNY_OIS_RUSFARCNY_2Y;0.016605;0.045923
2013-08-15;CNY_OIS_RUSFARCNY_2Y;0.01551;0.043978
2013-08-16;CNY_OIS_RUSFARCNY_2Y;0.015198;0.04281
2013-08-19;CNY_OIS_RUSFARCNY_2Y;0.017521;0.044367
2013-08-20;CNY_OIS_RUSFARCNY_2Y;0.02223;0.048678
2013-08-21;CNY_OIS_RUSFARCNY_2Y;0.019144;0.045024
2013-08-22;CNY_OIS_RUSFARCNY_2Y;0.017911;0.043057
2013-08-23;CNY_OIS_RUSFARCNY_2Y;0.017364;0.041764
2013-08-26;CNY_OIS_RUSFARCNY_2Y;0.015397;0.039171
2013-08-27;CNY_OIS_RUSFARCNY_2Y;0.015448;0.0385
2013-08-28;CNY_OIS_RUSFARCNY_2Y;0.016709;0.039079
2013-08-29;CNY_OIS_RUSFARCNY_2Y;0.015615;0.037353
2013-08-30;CNY_OIS_RUSFARCNY_2Y;0.016708;0.0378
2013-09-02;CNY_OIS_RUSFARCNY_2Y;0.016877;0.037327
2013-09-03;CNY_OIS_RUSFARCNY_2Y;0.017006;0.036834
2013-09-04;CNY_OIS_RUSFARCNY_2Y;0.017352;0.036576
2013-09-05;CNY_OIS_RUSFARCNY_2Y;0.016476;0.035152
2013-09-06;CNY_OIS_RUSFARCNY_2Y;0.017355;0.035473
2013-09-09;CNY_OIS_RUSFARCNY_2Y;0.01733;0.034898
2013-09-10;CNY_OIS_RUSFARCNY_2Y;0.017351;0.034387
2013-09-11;CNY_OIS_RUSFARCNY_2Y;0.018773;0.035335
2013-09-12;CNY_OIS_RUSFARCNY_2Y;0.018551;0.034617
2013-09-13;CNY_OIS_RUSFARCNY_2Y;0.018916;0.034492
2013-09-16;CNY_OIS_RUSFARCNY_2Y;0.019442;0.034546
2013-09-17;CNY_OIS_RUSFARCNY_2Y;0.0241;0.039588
2013-09-18;CNY_OIS_RUSFARCNY_2Y;0.024969;0.039999
2013-09-22;CNY_OIS_RUSFARCNY_2Y;0.025357;0.039931
2013-09-23;CNY_OIS_RUSFARCNY_2Y;0.027888;0.04224
2013-09-24;CNY_OIS_RUSFARCNY_2Y;0.026023;0.040093
2013-09-25;CNY_OIS_RUSFARCNY_2Y;0.023423;0.037345
2013-09-26;CNY_OIS_RUSFARCNY_2Y;0.021176;0.034892
2013-09-27;CNY_OIS_RUSFARCNY_2Y;0.021739;0.035043
2013-09-29;CNY_OIS_RUSFARCNY_2Y;0.021965;0.034863
2013-09-30;CNY_OIS_RUSFARCNY_2Y;0.02192;0.034428
2013-10-08;CNY_OIS_RUSFARCNY_2Y;0.021358;0.03351
2013-10-09;CNY_OIS_RUSFARCNY_2Y;0.02327;0.035198
2013-10-10;CNY_OIS_RUSFARCNY_2Y;0.02439;0.035998
2013-10-11;CNY_OIS_RUSFARCNY_2Y;0.022163;0.033665
2013-10-12;CNY_OIS_RUSFARCNY_2Y;0.021596;0.032772
2013-10-14;CNY_OIS_RUSFARCNY_2Y;0.022607;0.033481
2013-10-15;CNY_OIS_RUSFARCNY_2Y;0.022813;0.033355
2013-10-16;CNY_OIS_RUSFARCNY_2Y;0.022343;0.032585
2013-10-17;CNY_OIS_RUSFARCNY_2Y;0.022329;0.032259
2013-10-18;CNY_OIS_RUSFARCNY_2Y;0.022106;0.031742
2013-10-21;CNY_OIS_RUSFARCNY_2Y;0.022833;0.032195
2013-10-22;CNY_OIS_RUSFARCNY_2Y;0.022895;0.031973
2013-10-23;CNY_OIS_RUSFARCNY_2Y;0.028911;0.040517
2013-10-24;CNY_OIS_RUSFARCNY_2Y;0.031945;0.043643
2013-10-25;CNY_OIS_RUSFARCNY_2Y;0.03473;0.046438
2013-10-28;CNY_OIS_RUSFARCNY_2Y;0.035568;0.04694
2013-10-29;CNY_OIS_RUSFARCNY_2Y;0.035861;0.046887
2013-10-30;CNY_OIS_RUSFARCNY_2Y;0.042493;0.055935
2013-10-31;CNY_OIS_RUSFARCNY_2Y;0.035499;0.050129
2013-11-01;CNY_OIS_RUSFARCNY_2Y;0.032533;0.047061
2013-11-04;CNY_OIS_RUSFARCNY_2Y;0.030773;0.044997
2013-11-05;CNY_OIS_RUSFARCNY_2Y;0.029101;0.043021
2013-11-06;CNY_OIS_RUSFARCNY_2Y;0.026637;0.040391
2013-11-07;CNY_OIS_RUSFARCNY_2Y;0.027537;0.040891
2013-11-08;CNY_OIS_RUSFARCNY_2Y;0.028048;0.041
2013-11-11;CNY_OIS_RUSFARCNY_2Y;0.02658;0.039248
2013-11-12;CNY_OIS_RUSFARCNY_2Y;0.023904;0.036504
2013-11-13;CNY_OIS_RUSFARCNY_2Y;0.024165;0.036383
2013-11-14;CNY_OIS_RUSFARCNY_2Y;0.0314;0.046188
2013-11-15;CNY_OIS_RUSFARCNY_2Y;0.034153;0.048755
2013-11-18;CNY_OIS_RUSFARCNY_2Y;0.034959;0.049129
2013-11-19;CNY_OIS_RUSFARCNY_2Y;0.030427;0.044901
2013-11-20;CNY_OIS_RUSFARCNY_2Y;0.030467;0.044501
2013-11-21;CNY_OIS_RUSFARCNY_2Y;0.028945;0.042663
2013-11-22;CNY_OIS_RUSFARCNY_2Y;0.029254;0.042554
2013-11-25;CNY_OIS_RUSFARCNY_2Y;0.028931;0.041837
2013-11-26;CNY_OIS_RUSFARCNY_2Y;0.028095;0.040653
2013-11-27;CNY_OIS_RUSFARCNY_2Y;0.028466;0.040642
2013-11-28;CNY_OIS_RUSFARCNY_2Y;0.028471;0.040277
2013-11-29;CNY_OIS_RUSFARCNY_2Y;0.02845;0.039898
2013-12-02;CNY_OIS_RUSFARCNY_2Y;0.028843;0.039945
2013-12-03;CNY_OIS_RUSFARCNY_2Y;0.028781;0.039547
2013-12-04;CNY_OIS_RUSFARCNY_2Y;0.02893;0.039368
2013-12-05;CNY_OIS_RUSFARCNY_2Y;0.028882;0.039006
2013-12-06;CNY_OIS_RUSFARCNY_2Y;0.029007;0.038821
2013-12-09;CNY_OIS_RUSFARCNY_2Y;0.028338;0.03789
2013-12-10;CNY_OIS_RUSFARCNY_2Y;0.027852;0.037136
2013-12-11;CNY_OIS_RUSFARCNY_2Y;0.027507;0.036521
2013-12-12;CNY_OIS_RUSFARCNY_2Y;0.027136;0.035892
2013-12-13;CNY_OIS_RUSFARCNY_2Y;0.026988;0.035482
2013-12-16;CNY_OIS_RUSFARCNY_2Y;0.027266;0.035502
2013-12-17;CNY_OIS_RUSFARCNY_2Y;0.02762;0.035608
2013-12-18;CNY_OIS_RUSFARCNY_2Y;0.028873;0.036715
2013-12-19;CNY_OIS_RUSFARCNY_2Y;0.031343;0.039405
2013-12-20;CNY_OIS_RUSFARCNY_2Y;0.032253;0.040115
2013-12-23;CNY_OIS_RUSFARCNY_2Y;0.037179;0.046949
2013-12-24;CNY_OIS_RUSFARCNY_2Y;0.033253;0.043475
2013-12-25;CNY_OIS_RUSFARCNY_2Y;0.032434;0.042394
2013-12-26;CNY_OIS_RUSFARCNY_2Y;0.032089;0.041759
2013-12-27;CNY_OIS_RUSFARCNY_2Y;0.026714;0.037374
2013-12-30;CNY_OIS_RUSFARCNY_2Y;0.023555;0.034373
2013-12-31;CNY_OIS_RUSFARCNY_2Y;0.023141;0.033647
2014-01-02;CNY_OIS_RUSFARCNY_2Y;0.02313;0.033318
2014-01-03;CNY_OIS_RUSFARCNY_2Y;0.021993;0.031955
2014-01-06;CNY_OIS_RUSFARCNY_2Y;0.021264;0.030964
2014-01-07;CNY_OIS_RUSFARCNY_2Y;0.020956;0.030372
2014-01-08;CNY_OIS_RUSFARCNY_2Y;0.020643;0.029785
2014-01-09;CNY_OIS_RUSFARCNY_2Y;0.020419;0.029289
2014-01-10;CNY_OIS_RUSFARCNY_2Y;0.020271;0.028877
2014-01-13;CNY_OIS_RUSFARCNY_2Y;0.02012;0.028468
2014-01-14;CNY_OIS_RUSFARCNY_2Y;0.020262;0.028356
2014-01-15;CNY_OIS_RUSFARCNY_2Y;0.020503;0.028351
2014-01-16;CNY_OIS_RUSFARCNY_2Y;0.020831;0.028443
2014-01-17;CNY_OIS_RUSFARCNY_2Y;0.021387;0.028781
2014-01-20;CNY_OIS_RUSFARCNY_2Y;0.029174;0.042414
2014-01-21;CNY_OIS_RUSFARCNY_2Y;0.026779;0.039869
2014-01-22;CNY_OIS_RUSFARCNY_2Y;0.027326;0.040022
2014-01-23;CNY_OIS_RUSFARCNY_2Y;0.027758;0.04007
2014-01-24;CNY_OIS_RUSFARCNY_2Y;0.028137;0.040077
2014-01-26;CNY_OIS_RUSFARCNY_2Y;0.034131;0.047697
2014-01-27;CNY_OIS_RUSFARCNY_2Y;0.035641;0.048867
2014-01-28;CNY_OIS_RUSFARCNY_2Y;0.038775;0.052007
2014-01-29;CNY_OIS_RUSFARCNY_2Y;0.038495;0.051333
2014-01-30;CNY_OIS_RUSFARCNY_2Y;0.034758;0.04777
2014-02-07;CNY_OIS_RUSFARCNY_2Y;0.033248;0.04598
2014-02-08;CNY_OIS_RUSFARCNY_2Y;0.033241;0.045587
2014-02-10;CNY_OIS_RUSFARCNY_2Y;0.033958;0.04594
2014-02-11;CNY_OIS_RUSFARCNY_2Y;0.032411;0.044157
2014-02-12;CNY_OIS_RUSFARCNY_2Y;0.031961;0.043367
2014-02-13;CNY_OIS_RUSFARCNY_2Y;0.027686;0.039522
2014-02-14;CNY_OIS_RUSFARCNY_2Y;0.023607;0.035781
2014-02-17;CNY_OIS_RUSFARCNY_2Y;0.020283;0.032565
2014-02-18;CNY_OIS_RUSFARCNY_2Y;0.017596;0.029832
2014-02-19;CNY_OIS_RUSFARCNY_2Y;0.01484;0.027048
2014-02-20;CNY_OIS_RUSFARCNY_2Y;0.010413;0.023035
2014-02-21;CNY_OIS_RUSFARCNY_2Y;0.008332;0.020776
2014-02-24;CNY_OIS_RUSFARCNY_2Y;0.007872;0.019956
2014-02-25;CNY_OIS_RUSFARCNY_2Y;0.008256;0.019972
2014-02-26;CNY_OIS_RUSFARCNY_2Y;0.008732;0.020096
2014-02-27;CNY_OIS_RUSFARCNY_2Y;0.008905;0.019923
2014-02-28;CNY_OIS_RUSFARCNY_2Y;0.010008;0.020736
2014-03-03;CNY_OIS_RUSFARCNY_2Y;0.012417;0.023111
2014-03-04;CNY_OIS_RUSFARCNY_2Y;0.01256;0.022928
2014-03-05;CNY_OIS_RUSFARCNY_2Y;0.012787;0.022841
2014-03-06;CNY_OIS_RUSFARCNY_2Y;0.012584;0.022338
2014-03-07;CNY_OIS_RUSFARCNY_2Y;0.012123;0.021601
2014-03-10;CNY_OIS_RUSFARCNY_2Y;0.011493;0.020715
2014-03-11;CNY_OIS_RUSFARCNY_2Y;0.011167;0.020121
2014-03-12;CNY_OIS_RUSFARCNY_2Y;0.011571;0.020257
2014-03-13;CNY_OIS_RUSFARCNY_2Y;0.012292;0.020736
2014-03-14;CNY_OIS_RUSFARCNY_2Y;0.011563;0.019795
2014-03-17;CNY_OIS_RUSFARCNY_2Y;0.011613;0.019595
2014-03-18;CNY_OIS_RUSFARCNY_2Y;0.013432;0.021396
2014-03-19;CNY_OIS_RUSFARCNY_2Y;0.019444;0.030434
2014-03-20;CNY_OIS_RUSFARCNY_2Y;0.021587;0.032461
2014-03-21;CNY_OIS_RUSFARCNY_2Y;0.016012;0.027816
2014-03-24;CNY_OIS_RUSFARCNY_2Y;0.016192;0.027636
2014-03-25;CNY_OIS_RUSFARCNY_2Y;0.016366;0.027462
2014-03-26;CNY_OIS_RUSFARCNY_2Y;0.016734;0.027494
2014-03-27;CNY_OIS_RUSFARCNY_2Y;0.018229;0.028759
2014-03-28;CNY_OIS_RUSFARCNY_2Y;0.019287;0.029541
2014-03-31;CNY_OIS_RUSFARCNY_2Y;0.019936;0.029892
2014-04-01;CNY_OIS_RUSFARCNY_2Y;0.020736;0.030412
2014-04-02;CNY_OIS_RUSFARCNY_2Y;0.021703;0.031125
2014-04-03;CNY_OIS_RUSFARCNY_2Y;0.021846;0.030982
2014-04-04;CNY_OIS_RUSFARCNY_2Y;0.02001;0.029078
2014-04-08;CNY_OIS_RUSFARCNY_2Y;0.019641;0.028447
2014-04-09;CNY_OIS_RUSFARCNY_2Y;0.020043;0.028585
2014-04-10;CNY_OIS_RUSFARCNY_2Y;0.020173;0.028455
2014-04-11;CNY_OIS_RUSFARCNY_2Y;0.020398;0.02843
2014-04-14;CNY_OIS_RUSFARCNY_2Y;0.019368;0.02724
2014-04-15;CNY_OIS_RUSFARCNY_2Y;0.017463;0.025345
2014-04-16;CNY_OIS_RUSFARCNY_2Y;0.015993;0.023795
2014-04-17;CNY_OIS_RUSFARCNY_2Y;0.014893;0.022555
2014-04-18;CNY_OIS_RUSFARCNY_2Y;0.013083;0.020745
2014-04-21;CNY_OIS_RUSFARCNY_2Y;0.012998;0.02043
2014-04-22;CNY_OIS_RUSFARCNY_2Y;0.012562;0.01979
2014-04-23;CNY_OIS_RUSFARCNY_2Y;0.013035;0.020053
2014-04-24;CNY_OIS_RUSFARCNY_2Y;0.016111;0.023777
2014-04-25;CNY_OIS_RUSFARCNY_2Y;0.016297;0.023731
2014-04-28;CNY_OIS_RUSFARCNY_2Y;0.017336;0.024612
2014-04-29;CNY_OIS_RUSFARCNY_2Y;0.01928;0.026628
2014-04-30;CNY_OIS_RUSFARCNY_2Y;0.018311;0.025517
2014-05-04;CNY_OIS_RUSFARCNY_2Y;0.017382;0.024446
2014-05-05;CNY_OIS_RUSFARCNY_2Y;0.017187;0.024041
2014-05-06;CNY_OIS_RUSFARCNY_2Y;0.017291;0.023937
2014-05-07;CNY_OIS_RUSFARCNY_2Y;0.017392;0.023836
2014-05-08;CNY_OIS_RUSFARCNY_2Y;0.016007;0.022421
2014-05-09;CNY_OIS_RUSFARCNY_2Y;0.016009;0.022229
2014-05-12;CNY_OIS_RUSFARCNY_2Y;0.016034;0.022064
2014-05-13;CNY_OIS_RUSFARCNY_2Y;0.017406;0.023422
2014-05-14;CNY_OIS_RUSFARCNY_2Y;0.017662;0.023498
2014-05-15;CNY_OIS_RUSFARCNY_2Y;0.017584;0.023244
2014-05-16;CNY_OIS_RUSFARCNY_2Y;0.017868;0.02336
2014-05-19;CNY_OIS_RUSFARCNY_2Y;0.018208;0.02354
2014-05-20;CNY_OIS_RUSFARCNY_2Y;0.018594;0.023774
2014-05-21;CNY_OIS_RUSFARCNY_2Y;0.019629;0.024759
2014-05-22;CNY_OIS_RUSFARCNY_2Y;0.019525;0.024503
2014-05-23;CNY_OIS_RUSFARCNY_2Y;0.019799;0.024629
2014-05-26;CNY_OIS_RUSFARCNY_2Y;0.019593;0.024285
2014-05-27;CNY_OIS_RUSFARCNY_2Y;0.020041;0.024607
2014-05-28;CNY_OIS_RUSFARCNY_2Y;0.019794;0.024234
2014-05-29;CNY_OIS_RUSFARCNY_2Y;0.019862;0.024166
2014-05-30;CNY_OIS_RUSFARCNY_2Y;0.020504;0.024724
2014-06-03;CNY_OIS_RUSFARCNY_2Y;0.020063;0.024185
2014-06-04;CNY_OIS_RUSFARCNY_2Y;0.020515;0.024533
2014-06-05;CNY_OIS_RUSFARCNY_2Y;0.020725;0.024623
2014-06-06;CNY_OIS_RUSFARCNY_2Y;0.020832;0.024612
2014-06-09;CNY_OIS_RUSFARCNY_2Y;0.020881;0.024547
2014-06-10;CNY_OIS_RUSFARCNY_2Y;0.020836;0.024392
2014-06-11;CNY_OIS_RUSFARCNY_2Y;0.021107;0.024561
2014-06-12;CNY_OIS_RUSFARCNY_2Y;0.021209;0.024559
2014-06-13;CNY_OIS_RUSFARCNY_2Y;0.02129;0.024538
2014-06-16;CNY_OIS_RUSFARCNY_2Y;0.02134;0.024488
2014-06-17;CNY_OIS_RUSFARCNY_2Y;0.021388;0.02444
2014-06-18;CNY_OIS_RUSFARCNY_2Y;0.02181;0.024798
2014-06-19;CNY_OIS_RUSFARCNY_2Y;0.022414;0.025374
2014-06-20;CNY_OIS_RUSFARCNY_2Y;0.023034;0.025974
2014-06-23;CNY_OIS_RUSFARCNY_2Y;0.023039;0.025889
2014-06-24;CNY_OIS_RUSFARCNY_2Y;0.024844;0.028404
2014-06-25;CNY_OIS_RUSFARCNY_2Y;0.025134;0.028594
2014-06-26;CNY_OIS_RUSFARCNY_2Y;0.024973;0.028335
2014-06-27;CNY_OIS_RUSFARCNY_2Y;0.02407;0.027458
2014-06-30;CNY_OIS_RUSFARCNY_2Y;0.024395;0.027693
2014-07-01;CNY_OIS_RUSFARCNY_2Y;0.025396;0.028772
2014-07-02;CNY_OIS_RUSFARCNY_2Y;0.025478;0.02875
2014-07-03;CNY_OIS_RUSFARCNY_2Y;0.024897;0.028131
2014-07-04;CNY_OIS_RUSFARCNY_2Y;0.024743;0.027885
2014-07-07;CNY_OIS_RUSFARCNY_2Y;0.024909;0.027959
2014-07-08;CNY_OIS_RUSFARCNY_2Y;0.027292;0.031596
2014-07-09;CNY_OIS_RUSFARCNY_2Y;0.028276;0.032572
2014-07-10;CNY_OIS_RUSFARCNY_2Y;0.027815;0.032013
2014-07-11;CNY_OIS_RUSFARCNY_2Y;0.027727;0.031801
2014-07-14;CNY_OIS_RUSFARCNY_2Y;0.027483;0.031445
2014-07-15;CNY_OIS_RUSFARCNY_2Y;0.027164;0.031024
2014-07-16;CNY_OIS_RUSFARCNY_2Y;0.027509;0.031263
2014-07-17;CNY_OIS_RUSFARCNY_2Y;0.027559;0.031199
2014-07-18;CNY_OIS_RUSFARCNY_2Y;0.027599;0.031129
2014-07-21;CNY_OIS_RUSFARCNY_2Y;0.028342;0.031846
2014-07-22;CNY_OIS_RUSFARCNY_2Y;0.027712;0.031176
2014-07-23;CNY_OIS_RUSFARCNY_2Y;0.02817;0.031558
2014-07-24;CNY_OIS_RUSFARCNY_2Y;0.028399;0.031689
2014-07-25;CNY_OIS_RUSFARCNY_2Y;0.028789;0.031999
2014-07-28;CNY_OIS_RUSFARCNY_2Y;0.028381;0.031527
2014-07-29;CNY_OIS_RUSFARCNY_2Y;0.027867;0.030967
2014-07-30;CNY_OIS_RUSFARCNY_2Y;0.027913;0.030919
2014-07-31;CNY_OIS_RUSFARCNY_2Y;0.027477;0.030431
2014-08-01;CNY_OIS_RUSFARCNY_2Y;0.027442;0.030306
2014-08-04;CNY_OIS_RUSFARCNY_2Y;0.027343;0.030125
2014-08-05;CNY_OIS_RUSFARCNY_2Y;0.027002;0.029726
2014-08-06;CNY_OIS_RUSFARCNY_2Y;0.026016;0.028832
2014-08-07;CNY_OIS_RUSFARCNY_2Y;0.025948;0.02868
2014-08-08;CNY_OIS_RUSFARCNY_2Y;0.025584;0.028264
2014-08-11;CNY_OIS_RUSFARCNY_2Y;0.025143;0.027785
2014-08-12;CNY_OIS_RUSFARCNY_2Y;0.024777;0.027371
2014-08-13;CNY_OIS_RUSFARCNY_2Y;0.024571;0.027097
2014-08-14;CNY_OIS_RUSFARCNY_2Y;0.024569;0.027019
2014-08-15;CNY_OIS_RUSFARCNY_2Y;0.024616;0.026992
2014-08-18;CNY_OIS_RUSFARCNY_2Y;0.024331;0.026657
2014-08-19;CNY_OIS_RUSFARCNY_2Y;0.02413;0.026398
2014-08-20;CNY_OIS_RUSFARCNY_2Y;0.024145;0.026343
2014-08-21;CNY_OIS_RUSFARCNY_2Y;0.024325;0.026463
2014-08-22;CNY_OIS_RUSFARCNY_2Y;0.024308;0.02638
2014-08-25;CNY_OIS_RUSFARCNY_2Y;0.024319;0.026329
2014-08-26;CNY_OIS_RUSFARCNY_2Y;0.024165;0.026123
2014-08-27;CNY_OIS_RUSFARCNY_2Y;0.024555;0.026493
2014-08-28;CNY_OIS_RUSFARCNY_2Y;0.024731;0.026617
2014-08-29;CNY_OIS_RUSFARCNY_2Y;0.025065;0.026923
2014-09-01;CNY_OIS_RUSFARCNY_2Y;0.025073;0.026875
2014-09-02;CNY_OIS_RUSFARCNY_2Y;0.024458;0.02631
2014-09-03;CNY_OIS_RUSFARCNY_2Y;0.024249;0.026059
2014-09-04;CNY_OIS_RUSFARCNY_2Y;0.024185;0.025943
2014-09-05;CNY_OIS_RUSFARCNY_2Y;0.024131;0.025837
2014-09-09;CNY_OIS_RUSFARCNY_2Y;0.024245;0.025903
2014-09-10;CNY_OIS_RUSFARCNY_2Y;0.024492;0.026116
2014-09-11;CNY_OIS_RUSFARCNY_2Y;0.02471;0.026298
2014-09-12;CNY_OIS_RUSFARCNY_2Y;0.024673;0.026215
2014-09-15;CNY_OIS_RUSFARCNY_2Y;0.024677;0.026171
2014-09-16;CNY_OIS_RUSFARCNY_2Y;0.024719;0.026169
2014-09-17;CNY_OIS_RUSFARCNY_2Y;0.024681;0.026087
2014-09-18;CNY_OIS_RUSFARCNY_2Y;0.024641;0.026007
2014-09-19;CNY_OIS_RUSFARCNY_2Y;0.024652;0.025976
2014-09-22;CNY_OIS_RUSFARCNY_2Y;0.024205;0.025563
2014-09-23;CNY_OIS_RUSFARCNY_2Y;0.023292;0.024856
2014-09-24;CNY_OIS_RUSFARCNY_2Y;0.023055;0.024593
2014-09-25;CNY_OIS_RUSFARCNY_2Y;0.022935;0.024433
2014-09-26;CNY_OIS_RUSFARCNY_2Y;0.022968;0.02442
2014-09-28;CNY_OIS_RUSFARCNY_2Y;0.022782;0.024206
2014-09-29;CNY_OIS_RUSFARCNY_2Y;0.021431;0.023257
2014-09-30;CNY_OIS_RUSFARCNY_2Y;0.021352;0.023126
2014-10-08;CNY_OIS_RUSFARCNY_2Y;0.021453;0.023175
2014-10-09;CNY_OIS_RUSFARCNY_2Y;0.021695;0.023379
2014-10-10;CNY_OIS_RUSFARCNY_2Y;0.021762;0.023396
2014-10-11;CNY_OIS_RUSFARCNY_2Y;0.021553;0.023155
2014-10-13;CNY_OIS_RUSFARCNY_2Y;0.021497;0.023051
2014-10-14;CNY_OIS_RUSFARCNY_2Y;0.02154;0.023048
2014-10-15;CNY_OIS_RUSFARCNY_2Y;0.021134;0.022654
2014-10-16;CNY_OIS_RUSFARCNY_2Y;0.020907;0.022401
2014-10-17;CNY_OIS_RUSFARCNY_2Y;0.020796;0.022252
2014-10-20;CNY_OIS_RUSFARCNY_2Y;0.020468;0.02192
2014-10-21;CNY_OIS_RUSFARCNY_2Y;0.020357;0.021771
2014-10-22;CNY_OIS_RUSFARCNY_2Y;0.020418;0.02179
2014-10-23;CNY_OIS_RUSFARCNY_2Y;0.020479;0.021809
2014-10-24;CNY_OIS_RUSFARCNY_2Y;0.020711;0.022021
2014-10-27;CNY_OIS_RUSFARCNY_2Y;0.021072;0.0224
2014-10-28;CNY_OIS_RUSFARCNY_2Y;0.021179;0.022469
2014-10-29;CNY_OIS_RUSFARCNY_2Y;0.021453;0.022735
2014-10-30;CNY_OIS_RUSFARCNY_2Y;0.021805;0.023103
2014-10-31;CNY_OIS_RUSFARCNY_2Y;0.021874;0.023134
2014-11-03;CNY_OIS_RUSFARCNY_2Y;0.021781;0.023007
2014-11-04;CNY_OIS_RUSFARCNY_2Y;0.021739;0.022929
2014-11-05;CNY_OIS_RUSFARCNY_2Y;0.021757;0.022911
2014-11-06;CNY_OIS_RUSFARCNY_2Y;0.021928;0.02306
2014-11-07;CNY_OIS_RUSFARCNY_2Y;0.022052;0.023156
2014-11-10;CNY_OIS_RUSFARCNY_2Y;0.021747;0.022861
2014-11-11;CNY_OIS_RUSFARCNY_2Y;0.021253;0.022435
2014-11-12;CNY_OIS_RUSFARCNY_2Y;0.021169;0.022319
2014-11-13;CNY_OIS_RUSFARCNY_2Y;0.021084;0.022204
2014-11-14;CNY_OIS_RUSFARCNY_2Y;0.021227;0.022321
2014-11-17;CNY_OIS_RUSFARCNY_2Y;0.02146;0.022548
2014-11-18;CNY_OIS_RUSFARCNY_2Y;0.021416;0.022472
2014-11-19;CNY_OIS_RUSFARCNY_2Y;0.021442;0.022466
2014-11-20;CNY_OIS_RUSFARCNY_2Y;0.021775;0.022833
2014-11-21;CNY_OIS_RUSFARCNY_2Y;0.022206;0.023342
2014-11-24;CNY_OIS_RUSFARCNY_2Y;0.021879;0.023029
2014-11-25;CNY_OIS_RUSFARCNY_2Y;0.021946;0.023062
2014-11-26;CNY_OIS_RUSFARCNY_2Y;0.022098;0.02319
2014-11-27;CNY_OIS_RUSFARCNY_2Y;0.022222;0.023286
2014-11-28;CNY_OIS_RUSFARCNY_2Y;0.022463;0.023525
2014-12-01;CNY_OIS_RUSFARCNY_2Y;0.022823;0.023925
2014-12-02;CNY_OIS_RUSFARCNY_2Y;0.022809;0.023879
2014-12-03;CNY_OIS_RUSFARCNY_2Y;0.022733;0.023775
2014-12-04;CNY_OIS_RUSFARCNY_2Y;0.022729;0.023739
2014-12-05;CNY_OIS_RUSFARCNY_2Y;0.022704;0.023684
2014-12-08;CNY_OIS_RUSFARCNY_2Y;0.022844;0.023804
2014-12-09;CNY_OIS_RUSFARCNY_2Y;0.022849;0.023779
2014-12-10;CNY_OIS_RUSFARCNY_2Y;0.022893;0.023795
2014-12-11;CNY_OIS_RUSFARCNY_2Y;0.022936;0.023812
2014-12-12;CNY_OIS_RUSFARCNY_2Y;0.022999;0.023849
2014-12-15;CNY_OIS_RUSFARCNY_2Y;0.023041;0.023867
2014-12-16;CNY_OIS_RUSFARCNY_2Y;0.023187;0.024001
2014-12-17;CNY_OIS_RUSFARCNY_2Y;0.02393;0.025218
2014-12-18;CNY_OIS_RUSFARCNY_2Y;0.026222;0.030206
2014-12-19;CNY_OIS_RUSFARCNY_2Y;0.029836;0.036112
2014-12-22;CNY_OIS_RUSFARCNY_2Y;0.030851;0.037017
2014-12-23;CNY_OIS_RUSFARCNY_2Y;0.030589;0.036579
2014-12-24;CNY_OIS_RUSFARCNY_2Y;0.030053;0.035895
2014-12-25;CNY_OIS_RUSFARCNY_2Y;0.029557;0.035251
2014-12-26;CNY_OIS_RUSFARCNY_2Y;0.028994;0.034554
2014-12-29;CNY_OIS_RUSFARCNY_2Y;0.028344;0.033784
2014-12-30;CNY_OIS_RUSFARCNY_2Y;0.02807;0.033358
2014-12-31;CNY_OIS_RUSFARCNY_2Y;0.029518;0.03487
2015-01-04;CNY_OIS_RUSFARCNY_2Y;0.030655;0.035973
2015-01-05;CNY_OIS_RUSFARCNY_2Y;0.028306;0.033942
2015-01-06;CNY_OIS_RUSFARCNY_2Y;0.023836;0.030632
2015-01-07;CNY_OIS_RUSFARCNY_2Y;0.022337;0.029111
2015-01-08;CNY_OIS_RUSFARCNY_2Y;0.021919;0.028509
2015-01-09;CNY_OIS_RUSFARCNY_2Y;0.021767;0.028161
2015-01-12;CNY_OIS_RUSFARCNY_2Y;0.021333;0.027555
2015-01-13;CNY_OIS_RUSFARCNY_2Y;0.020535;0.026633
2015-01-14;CNY_OIS_RUSFARCNY_2Y;0.020313;0.026235
2015-01-15;CNY_OIS_RUSFARCNY_2Y;0.020353;0.026095
2015-01-16;CNY_OIS_RUSFARCNY_2Y;0.020461;0.026027
2015-01-19;CNY_OIS_RUSFARCNY_2Y;0.020812;0.026216
2015-01-20;CNY_OIS_RUSFARCNY_2Y;0.021353;0.026615
2015-01-21;CNY_OIS_RUSFARCNY_2Y;0.022208;0.02738
2015-01-22;CNY_OIS_RUSFARCNY_2Y;0.022116;0.027132
2015-01-23;CNY_OIS_RUSFARCNY_2Y;0.021752;0.026636
2015-01-26;CNY_OIS_RUSFARCNY_2Y;0.021417;0.026171
2015-01-27;CNY_OIS_RUSFARCNY_2Y;0.021348;0.02596
2015-01-28;CNY_OIS_RUSFARCNY_2Y;0.021577;0.026051
2015-01-29;CNY_OIS_RUSFARCNY_2Y;0.022361;0.026767
2015-01-30;CNY_OIS_RUSFARCNY_2Y;0.022893;0.027195
2015-02-02;CNY_OIS_RUSFARCNY_2Y;0.023682;0.027926
2015-02-03;CNY_OIS_RUSFARCNY_2Y;0.024372;0.028544
2015-02-04;CNY_OIS_RUSFARCNY_2Y;0.02462;0.028668
2015-02-05;CNY_OIS_RUSFARCNY_2Y;0.023534;0.027614
2015-02-06;CNY_OIS_RUSFARCNY_2Y;0.023496;0.027452
2015-02-09;CNY_OIS_RUSFARCNY_2Y;0.023102;0.026966
2015-02-10;CNY_OIS_RUSFARCNY_2Y;0.02355;0.027318
2015-02-11;CNY_OIS_RUSFARCNY_2Y;0.02436;0.028108
2015-02-12;CNY_OIS_RUSFARCNY_2Y;0.025563;0.029425
2015-02-13;CNY_OIS_RUSFARCNY_2Y;0.025944;0.029704
2015-02-15;CNY_OIS_RUSFARCNY_2Y;0.02679;0.030538
2015-02-16;CNY_OIS_RUSFARCNY_2Y;0.026916;0.030552
2015-02-17;CNY_OIS_RUSFARCNY_2Y;0.028819;0.033009
2015-02-25;CNY_OIS_RUSFARCNY_2Y;0.028129;0.032259
2015-02-26;CNY_OIS_RUSFARCNY_2Y;0.027886;0.031902
2015-02-27;CNY_OIS_RUSFARCNY_2Y;0.028144;0.032044
2015-02-28;CNY_OIS_RUSFARCNY_2Y;0.029328;0.03332
2015-03-02;CNY_OIS_RUSFARCNY_2Y;0.029508;0.03338
2015-03-03;CNY_OIS_RUSFARCNY_2Y;0.029537;0.033291
2015-03-04;CNY_OIS_RUSFARCNY_2Y;0.029554;0.033194
2015-03-05;CNY_OIS_RUSFARCNY_2Y;0.029478;0.03301
2015-03-06;CNY_OIS_RUSFARCNY_2Y;0.02936;0.032788
2015-03-09;CNY_OIS_RUSFARCNY_2Y;0.029052;0.032396
2015-03-10;CNY_OIS_RUSFARCNY_2Y;0.028785;0.032043
2015-03-11;CNY_OIS_RUSFARCNY_2Y;0.028805;0.031963
2015-03-12;CNY_OIS_RUSFARCNY_2Y;0.02991;0.033206
2015-03-13;CNY_OIS_RUSFARCNY_2Y;0.029669;0.032879
2015-03-16;CNY_OIS_RUSFARCNY_2Y;0.029379;0.032509
2015-03-17;CNY_OIS_RUSFARCNY_2Y;0.02915;0.032198
2015-03-18;CNY_OIS_RUSFARCNY_2Y;0.029126;0.032082
2015-03-19;CNY_OIS_RUSFARCNY_2Y;0.028788;0.03168
2015-03-20;CNY_OIS_RUSFARCNY_2Y;0.028438;0.03127
2015-03-23;CNY_OIS_RUSFARCNY_2Y;0.027654;0.030514
2015-03-24;CNY_OIS_RUSFARCNY_2Y;0.027708;0.03048
2015-03-25;CNY_OIS_RUSFARCNY_2Y;0.027669;0.030359
2015-03-26;CNY_OIS_RUSFARCNY_2Y;0.02777;0.030378
2015-03-27;CNY_OIS_RUSFARCNY_2Y;0.027709;0.030239
2015-03-30;CNY_OIS_RUSFARCNY_2Y;0.027717;0.030171
2015-03-31;CNY_OIS_RUSFARCNY_2Y;0.02755;0.029938
2015-04-01;CNY_OIS_RUSFARCNY_2Y;0.026523;0.029045
2015-04-02;CNY_OIS_RUSFARCNY_2Y;0.025552;0.028176
2015-04-03;CNY_OIS_RUSFARCNY_2Y;0.024393;0.027175
2015-04-07;CNY_OIS_RUSFARCNY_2Y;0.023086;0.026062
2015-04-08;CNY_OIS_RUSFARCNY_2Y;0.022239;0.025249
2015-04-09;CNY_OIS_RUSFARCNY_2Y;0.021381;0.024427
2015-04-10;CNY_OIS_RUSFARCNY_2Y;0.02022;0.023388
2015-04-13;CNY_OIS_RUSFARCNY_2Y;0.019368;0.02256
2015-04-14;CNY_OIS_RUSFARCNY_2Y;0.019077;0.022191
2015-04-15;CNY_OIS_RUSFARCNY_2Y;0.018437;0.021531
2015-04-16;CNY_OIS_RUSFARCNY_2Y;0.018393;0.021395
2015-04-17;CNY_OIS_RUSFARCNY_2Y;0.018131;0.021057
2015-04-20;CNY_OIS_RUSFARCNY_2Y;0.016082;0.019486
2015-04-21;CNY_OIS_RUSFARCNY_2Y;0.015226;0.018642
2015-04-22;CNY_OIS_RUSFARCNY_2Y;0.014725;0.018083
2015-04-23;CNY_OIS_RUSFARCNY_2Y;0.014352;0.017636
2015-04-24;CNY_OIS_RUSFARCNY_2Y;0.013805;0.017043
2015-04-27;CNY_OIS_RUSFARCNY_2Y;0.013387;0.016561
2015-04-28;CNY_OIS_RUSFARCNY_2Y;0.012946;0.016062
2015-04-29;CNY_OIS_RUSFARCNY_2Y;0.01279;0.015818
2015-04-30;CNY_OIS_RUSFARCNY_2Y;0.012324;0.015304
2015-05-04;CNY_OIS_RUSFARCNY_2Y;0.011613;0.014595
2015-05-05;CNY_OIS_RUSFARCNY_2Y;0.011081;0.014027
2015-05-06;CNY_OIS_RUSFARCNY_2Y;0.0107;0.013588
2015-05-07;CNY_OIS_RUSFARCNY_2Y;0.010393;0.013215
2015-05-08;CNY_OIS_RUSFARCNY_2Y;0.009955;0.012733
2015-05-11;CNY_OIS_RUSFARCNY_2Y;0.008924;0.011804
2015-05-12;CNY_OIS_RUSFARCNY_2Y;0.008389;0.011239
2015-05-13;CNY_OIS_RUSFARCNY_2Y;0.007984;0.010784
2015-05-14;CNY_OIS_RUSFARCNY_2Y;0.007336;0.010132
2015-05-15;CNY_OIS_RUSFARCNY_2Y;0.006235;0.009153
2015-05-18;CNY_OIS_RUSFARCNY_2Y;0.006013;0.008855
2015-05-19;CNY_OIS_RUSFARCNY_2Y;0.005862;0.008626
2015-05-20;CNY_OIS_RUSFARCNY_2Y;0.005894;0.008574
2015-05-21;CNY_OIS_RUSFARCNY_2Y;0.005945;0.008543
2015-05-22;CNY_OIS_RUSFARCNY_2Y;0.006025;0.008543
2015-05-25;CNY_OIS_RUSFARCNY_2Y;0.006083;0.008525
2015-05-26;CNY_OIS_RUSFARCNY_2Y;0.00613;0.008498
2015-05-27;CNY_OIS_RUSFARCNY_2Y;0.006166;0.008462
2015-05-28;CNY_OIS_RUSFARCNY_2Y;0.006231;0.008457
2015-05-29;CNY_OIS_RUSFARCNY_2Y;0.006225;0.008383
2015-06-01;CNY_OIS_RUSFARCNY_2Y;0.006136;0.008232
2015-06-02;CNY_OIS_RUSFARCNY_2Y;0.006237;0.008271
2015-06-03;CNY_OIS_RUSFARCNY_2Y;0.006318;0.00829
2015-06-04;CNY_OIS_RUSFARCNY_2Y;0.006427;0.008341
2015-06-05;CNY_OIS_RUSFARCNY_2Y;0.006496;0.008352
2015-06-08;CNY_OIS_RUSFARCNY_2Y;0.006623;0.008425
2015-06-09;CNY_OIS_RUSFARCNY_2Y;0.006748;0.0085
2015-06-10;CNY_OIS_RUSFARCNY_2Y;0.006893;0.008595
2015-06-11;CNY_OIS_RUSFARCNY_2Y;0.006988;0.00864
2015-06-12;CNY_OIS_RUSFARCNY_2Y;0.00715;0.008758
2015-06-15;CNY_OIS_RUSFARCNY_2Y;0.007339;0.008909
2015-06-16;CNY_OIS_RUSFARCNY_2Y;0.007461;0.008987
2015-06-17;CNY_OIS_RUSFARCNY_2Y;0.007677;0.009171
2015-06-18;CNY_OIS_RUSFARCNY_2Y;0.008163;0.009705
2015-06-19;CNY_OIS_RUSFARCNY_2Y;0.008764;0.010404
2015-06-23;CNY_OIS_RUSFARCNY_2Y;0.009056;0.010672
2015-06-24;CNY_OIS_RUSFARCNY_2Y;0.009479;0.011109
2015-06-25;CNY_OIS_RUSFARCNY_2Y;0.009688;0.01128
2015-06-26;CNY_OIS_RUSFARCNY_2Y;0.009712;0.011256
2015-06-29;CNY_OIS_RUSFARCNY_2Y;0.00956;0.011068
2015-06-30;CNY_OIS_RUSFARCNY_2Y;0.008636;0.010332
2015-07-01;CNY_OIS_RUSFARCNY_2Y;0.007587;0.009501
2015-07-02;CNY_OIS_RUSFARCNY_2Y;0.007594;0.00945
2015-07-03;CNY_OIS_RUSFARCNY_2Y;0.007605;0.009403
2015-07-06;CNY_OIS_RUSFARCNY_2Y;0.007711;0.009457
2015-07-07;CNY_OIS_RUSFARCNY_2Y;0.007826;0.009522
2015-07-08;CNY_OIS_RUSFARCNY_2Y;0.00796;0.009608
2015-07-09;CNY_OIS_RUSFARCNY_2Y;0.008093;0.009695
2015-07-10;CNY_OIS_RUSFARCNY_2Y;0.008235;0.009793
2015-07-13;CNY_OIS_RUSFARCNY_2Y;0.008395;0.009913
2015-07-14;CNY_OIS_RUSFARCNY_2Y;0.008555;0.010033
2015-07-15;CNY_OIS_RUSFARCNY_2Y;0.008646;0.010082
2015-07-16;CNY_OIS_RUSFARCNY_2Y;0.008842;0.010246
2015-07-17;CNY_OIS_RUSFARCNY_2Y;0.009046;0.010422
2015-07-20;CNY_OIS_RUSFARCNY_2Y;0.009146;0.010482
2015-07-21;CNY_OIS_RUSFARCNY_2Y;0.009302;0.010606
2015-07-22;CNY_OIS_RUSFARCNY_2Y;0.009504;0.010784
2015-07-23;CNY_OIS_RUSFARCNY_2Y;0.009612;0.010856
2015-07-24;CNY_OIS_RUSFARCNY_2Y;0.009681;0.010887
2015-07-27;CNY_OIS_RUSFARCNY_2Y;0.010038;0.01127
2015-07-28;CNY_OIS_RUSFARCNY_2Y;0.010192;0.011396
2015-07-29;CNY_OIS_RUSFARCNY_2Y;0.010567;0.011801
2015-07-30;CNY_OIS_RUSFARCNY_2Y;0.010786;0.012002
2015-07-31;CNY_OIS_RUSFARCNY_2Y;0.011013;0.012215
2015-08-03;CNY_OIS_RUSFARCNY_2Y;0.011204;0.012384
2015-08-04;CNY_OIS_RUSFARCNY_2Y;0.01131;0.012458
2015-08-05;CNY_OIS_RUSFARCNY_2Y;0.011435;0.012553
2015-08-06;CNY_OIS_RUSFARCNY_2Y;0.01154;0.012628
2015-08-07;CNY_OIS_RUSFARCNY_2Y;0.011673;0.012735
2015-08-10;CNY_OIS_RUSFARCNY_2Y;0.011949;0.013019
2015-08-11;CNY_OIS_RUSFARCNY_2Y;0.012233;0.013315
2015-08-12;CNY_OIS_RUSFARCNY_2Y;0.01251;0.013598
2015-08-13;CNY_OIS_RUSFARCNY_2Y;0.012778;0.01387
2015-08-14;CNY_OIS_RUSFARCNY_2Y;0.013038;0.01413
2015-08-17;CNY_OIS_RUSFARCNY_2Y;0.013366;0.014482
2015-08-18;CNY_OIS_RUSFARCNY_2Y;0.013777;0.014951
2015-08-19;CNY_OIS_RUSFARCNY_2Y;0.014182;0.015406
2015-08-20;CNY_OIS_RUSFARCNY_2Y;0.014582;0.015846
2015-08-21;CNY_OIS_RUSFARCNY_2Y;0.014765;0.016003
2015-08-24;CNY_OIS_RUSFARCNY_2Y;0.014966;0.016182
2015-08-25;CNY_OIS_RUSFARCNY_2Y;0.01511;0.016298
2015-08-26;CNY_OIS_RUSFARCNY_2Y;0.014022;0.015526
2015-08-27;CNY_OIS_RUSFARCNY_2Y;0.013762;0.015246
2015-08-28;CNY_OIS_RUSFARCNY_2Y;0.01393;0.015378
2015-08-31;CNY_OIS_RUSFARCNY_2Y;0.014209;0.015639
2015-09-01;CNY_OIS_RUSFARCNY_2Y;0.014423;0.015825
2015-09-02;CNY_OIS_RUSFARCNY_2Y;0.015938;0.01851
2015-09-06;CNY_OIS_RUSFARCNY_2Y;0.014506;0.017342
2015-09-07;CNY_OIS_RUSFARCNY_2Y;0.014579;0.017329
2015-09-08;CNY_OIS_RUSFARCNY_2Y;0.014551;0.017217
2015-09-09;CNY_OIS_RUSFARCNY_2Y;0.014581;0.017167
2015-09-10;CNY_OIS_RUSFARCNY_2Y;0.014651;0.017157
2015-09-11;CNY_OIS_RUSFARCNY_2Y;0.0147;0.01713
2015-09-14;CNY_OIS_RUSFARCNY_2Y;0.014726;0.017082
2015-09-15;CNY_OIS_RUSFARCNY_2Y;0.014762;0.017046
2015-09-16;CNY_OIS_RUSFARCNY_2Y;0.014806;0.017022
2015-09-17;CNY_OIS_RUSFARCNY_2Y;0.01483;0.016978
2015-09-18;CNY_OIS_RUSFARCNY_2Y;0.014873;0.016955
2015-09-21;CNY_OIS_RUSFARCNY_2Y;0.014915;0.016933
2015-09-22;CNY_OIS_RUSFARCNY_2Y;0.015015;0.016973
2015-09-23;CNY_OIS_RUSFARCNY_2Y;0.015044;0.016944
2015-09-24;CNY_OIS_RUSFARCNY_2Y;0.015083;0.016925
2015-09-25;CNY_OIS_RUSFARCNY_2Y;0.015091;0.016877
2015-09-28;CNY_OIS_RUSFARCNY_2Y;0.015148;0.01688
2015-09-29;CNY_OIS_RUSFARCNY_2Y;0.015145;0.016823
2015-09-30;CNY_OIS_RUSFARCNY_2Y;0.015885;0.017723
2015-10-08;CNY_OIS_RUSFARCNY_2Y;0.015021;0.016987
2015-10-09;CNY_OIS_RUSFARCNY_2Y;0.015021;0.016927
2015-10-10;CNY_OIS_RUSFARCNY_2Y;0.01503;0.016878
2015-10-12;CNY_OIS_RUSFARCNY_2Y;0.015038;0.01683
2015-10-13;CNY_OIS_RUSFARCNY_2Y;0.015045;0.016783
2015-10-14;CNY_OIS_RUSFARCNY_2Y;0.015072;0.016756
2015-10-15;CNY_OIS_RUSFARCNY_2Y;0.015107;0.016741
2015-10-16;CNY_OIS_RUSFARCNY_2Y;0.015112;0.016696
2015-10-19;CNY_OIS_RUSFARCNY_2Y;0.015166;0.016702
2015-10-20;CNY_OIS_RUSFARCNY_2Y;0.0152;0.016688
2015-10-21;CNY_OIS_RUSFARCNY_2Y;0.015242;0.016686
2015-10-22;CNY_OIS_RUSFARCNY_2Y;0.015254;0.016654
2015-10-23;CNY_OIS_RUSFARCNY_2Y;0.015325;0.016683
2015-10-26;CNY_OIS_RUSFARCNY_2Y;0.014564;0.016064
2015-10-27;CNY_OIS_RUSFARCNY_2Y;0.014158;0.01567
2015-10-28;CNY_OIS_RUSFARCNY_2Y;0.014141;0.015607
2015-10-29;CNY_OIS_RUSFARCNY_2Y;0.014183;0.015605
2015-10-30;CNY_OIS_RUSFARCNY_2Y;0.014205;0.015583
2015-11-02;CNY_OIS_RUSFARCNY_2Y;0.014175;0.015513
2015-11-03;CNY_OIS_RUSFARCNY_2Y;0.014186;0.015482
2015-11-04;CNY_OIS_RUSFARCNY_2Y;0.014185;0.015443
2015-11-05;CNY_OIS_RUSFARCNY_2Y;0.014174;0.015394
2015-11-06;CNY_OIS_RUSFARCNY_2Y;0.014193;0.015375
2015-11-09;CNY_OIS_RUSFARCNY_2Y;0.014201;0.015347
2015-11-10;CNY_OIS_RUSFARCNY_2Y;0.014188;0.0153
2015-11-11;CNY_OIS_RUSFARCNY_2Y;0.014195;0.015273
2015-11-12;CNY_OIS_RUSFARCNY_2Y;0.014231;0.015277
2015-11-13;CNY_OIS_RUSFARCNY_2Y;0.014267;0.015281
2015-11-16;CNY_OIS_RUSFARCNY_2Y;0.014262;0.015246
2015-11-17;CNY_OIS_RUSFARCNY_2Y;0.014257;0.015211
2015-11-18;CNY_OIS_RUSFARCNY_2Y;0.014262;0.015186
2015-11-19;CNY_OIS_RUSFARCNY_2Y;0.014315;0.015213
2015-11-20;CNY_OIS_RUSFARCNY_2Y;0.014319;0.015189
2015-11-23;CNY_OIS_RUSFARCNY_2Y;0.014342;0.015186
2015-11-24;CNY_OIS_RUSFARCNY_2Y;0.014355;0.015173
2015-11-25;CNY_OIS_RUSFARCNY_2Y;0.014367;0.015161
2015-11-26;CNY_OIS_RUSFARCNY_2Y;0.01438;0.015148
2015-11-27;CNY_OIS_RUSFARCNY_2Y;0.014401;0.015147
2015-11-30;CNY_OIS_RUSFARCNY_2Y;0.014432;0.015156
2015-12-01;CNY_OIS_RUSFARCNY_2Y;0.014443;0.015145
2015-12-02;CNY_OIS_RUSFARCNY_2Y;0.014434;0.015114
2015-12-03;CNY_OIS_RUSFARCNY_2Y;0.014454;0.015114
2015-12-04;CNY_OIS_RUSFARCNY_2Y;0.014464;0.015104
2015-12-07;CNY_OIS_RUSFARCNY_2Y;0.014444;0.015064
2015-12-08;CNY_OIS_RUSFARCNY_2Y;0.014473;0.015075
2015-12-09;CNY_OIS_RUSFARCNY_2Y;0.014512;0.015096
2015-12-10;CNY_OIS_RUSFARCNY_2Y;0.014521;0.015087
2015-12-11;CNY_OIS_RUSFARCNY_2Y;0.014519;0.015069
2015-12-14;CNY_OIS_RUSFARCNY_2Y;0.014528;0.01506
2015-12-15;CNY_OIS_RUSFARCNY_2Y;0.014536;0.015052
2015-12-16;CNY_OIS_RUSFARCNY_2Y;0.014563;0.015065
2015-12-17;CNY_OIS_RUSFARCNY_2Y;0.0146;0.015088
2015-12-18;CNY_OIS_RUSFARCNY_2Y;0.014809;0.015339
2015-12-21;CNY_OIS_RUSFARCNY_2Y;0.015052;0.015636
2015-12-22;CNY_OIS_RUSFARCNY_2Y;0.015335;0.015993
2015-12-23;CNY_OIS_RUSFARCNY_2Y;0.015594;0.016294
2015-12-24;CNY_OIS_RUSFARCNY_2Y;0.015797;0.016511
2015-12-25;CNY_OIS_RUSFARCNY_2Y;0.015904;0.016604
2015-12-28;CNY_OIS_RUSFARCNY_2Y;0.015964;0.016644
2015-12-29;CNY_OIS_RUSFARCNY_2Y;0.015934;0.016594
2015-12-30;CNY_OIS_RUSFARCNY_2Y;0.015944;0.016584
2015-12-31;CNY_OIS_RUSFARCNY_2Y;0.016398;0.01725
2016-01-04;CNY_OIS_RUSFARCNY_2Y;0.016451;0.017277
2016-01-05;CNY_OIS_RUSFARCNY_2Y;0.016493;0.017295
2016-01-06;CNY_OIS_RUSFARCNY_2Y;0.016314;0.017114
2016-01-07;CNY_OIS_RUSFARCNY_2Y;0.01618;0.016968
2016-01-08;CNY_OIS_RUSFARCNY_2Y;0.016109;0.016879
2016-01-11;CNY_OIS_RUSFARCNY_2Y;0.016049;0.016799
2016-01-12;CNY_OIS_RUSFARCNY_2Y;0.016061;0.016787
2016-01-13;CNY_OIS_RUSFARCNY_2Y;0.016062;0.016766
2016-01-14;CNY_OIS_RUSFARCNY_2Y;0.016073;0.016755
2016-01-15;CNY_OIS_RUSFARCNY_2Y;0.016141;0.016807
2016-01-18;CNY_OIS_RUSFARCNY_2Y;0.016131;0.016777
2016-01-19;CNY_OIS_RUSFARCNY_2Y;0.01619;0.016818
2016-01-20;CNY_OIS_RUSFARCNY_2Y;0.016415;0.017073
2016-01-21;CNY_OIS_RUSFARCNY_2Y;0.016697;0.017411
2016-01-22;CNY_OIS_RUSFARCNY_2Y;0.01684;0.017548
2016-01-25;CNY_OIS_RUSFARCNY_2Y;0.016647;0.017361
2016-01-26;CNY_OIS_RUSFARCNY_2Y;0.016532;0.017236
2016-01-27;CNY_OIS_RUSFARCNY_2Y;0.016523;0.017205
2016-01-28;CNY_OIS_RUSFARCNY_2Y;0.016503;0.017165
2016-01-29;CNY_OIS_RUSFARCNY_2Y;0.016483;0.017125
2016-02-01;CNY_OIS_RUSFARCNY_2Y;0.016472;0.017096
2016-02-02;CNY_OIS_RUSFARCNY_2Y;0.016451;0.017057
2016-02-03;CNY_OIS_RUSFARCNY_2Y;0.01645;0.017038
2016-02-04;CNY_OIS_RUSFARCNY_2Y;0.016459;0.017029
2016-02-05;CNY_OIS_RUSFARCNY_2Y;0.016478;0.01703
2016-02-06;CNY_OIS_RUSFARCNY_2Y;0.018158;0.02129
2016-02-14;CNY_OIS_RUSFARCNY_2Y;0.014507;0.018881
2016-02-15;CNY_OIS_RUSFARCNY_2Y;0.014563;0.018805
2016-02-16;CNY_OIS_RUSFARCNY_2Y;0.014598;0.01871
2016-02-17;CNY_OIS_RUSFARCNY_2Y;0.0146;0.018588
2016-02-18;CNY_OIS_RUSFARCNY_2Y;0.014489;0.018359
2016-02-19;CNY_OIS_RUSFARCNY_2Y;0.014417;0.018171
2016-02-22;CNY_OIS_RUSFARCNY_2Y;0.014434;0.018074
2016-02-23;CNY_OIS_RUSFARCNY_2Y;0.014479;0.018009
2016-02-24;CNY_OIS_RUSFARCNY_2Y;0.014759;0.018189
2016-02-25;CNY_OIS_RUSFARCNY_2Y;0.015272;0.018636
2016-02-26;CNY_OIS_RUSFARCNY_2Y;0.015748;0.01904
2016-02-29;CNY_OIS_RUSFARCNY_2Y;0.015374;0.018594
2016-03-01;CNY_OIS_RUSFARCNY_2Y;0.01502;0.018168
2016-03-02;CNY_OIS_RUSFARCNY_2Y;0.015007;0.018061
2016-03-03;CNY_OIS_RUSFARCNY_2Y;0.015004;0.017964
2016-03-04;CNY_OIS_RUSFARCNY_2Y;0.014978;0.01785
2016-03-07;CNY_OIS_RUSFARCNY_2Y;0.015032;0.017816
2016-03-08;CNY_OIS_RUSFARCNY_2Y;0.015064;0.017764
2016-03-09;CNY_OIS_RUSFARCNY_2Y;0.015105;0.017723
2016-03-10;CNY_OIS_RUSFARCNY_2Y;0.015115;0.017653
2016-03-11;CNY_OIS_RUSFARCNY_2Y;0.015134;0.017594
2016-03-14;CNY_OIS_RUSFARCNY_2Y;0.015211;0.017597
2016-03-15;CNY_OIS_RUSFARCNY_2Y;0.015287;0.017601
2016-03-16;CNY_OIS_RUSFARCNY_2Y;0.015352;0.017596
2016-03-17;CNY_OIS_RUSFARCNY_2Y;0.015524;0.017704
2016-03-18;CNY_OIS_RUSFARCNY_2Y;0.015752;0.017876
2016-03-21;CNY_OIS_RUSFARCNY_2Y;0.015864;0.017924
2016-03-22;CNY_OIS_RUSFARCNY_2Y;0.015984;0.017984
2016-03-23;CNY_OIS_RUSFARCNY_2Y;0.015944;0.017884
2016-03-24;CNY_OIS_RUSFARCNY_2Y;0.015923;0.017805
2016-03-25;CNY_OIS_RUSFARCNY_2Y;0.015891;0.017717
2016-03-28;CNY_OIS_RUSFARCNY_2Y;0.015949;0.017719
2016-03-29;CNY_OIS_RUSFARCNY_2Y;0.016016;0.017732
2016-03-30;CNY_OIS_RUSFARCNY_2Y;0.016121;0.017787
2016-03-31;CNY_OIS_RUSFARCNY_2Y;0.016273;0.017895
2016-04-01;CNY_OIS_RUSFARCNY_2Y;0.016268;0.01784
2016-04-05;CNY_OIS_RUSFARCNY_2Y;0.016074;0.017614
2016-04-06;CNY_OIS_RUSFARCNY_2Y;0.015996;0.017492
2016-04-07;CNY_OIS_RUSFARCNY_2Y;0.015971;0.017423
2016-04-08;CNY_OIS_RUSFARCNY_2Y;0.01601;0.017418
2016-04-11;CNY_OIS_RUSFARCNY_2Y;0.016081;0.017447
2016-04-12;CNY_OIS_RUSFARCNY_2Y;0.01618;0.017508
2016-04-13;CNY_OIS_RUSFARCNY_2Y;0.016231;0.017517
2016-04-14;CNY_OIS_RUSFARCNY_2Y;0.01628;0.017528
2016-04-15;CNY_OIS_RUSFARCNY_2Y;0.016259;0.017469
2016-04-18;CNY_OIS_RUSFARCNY_2Y;0.016307;0.017481
2016-04-19;CNY_OIS_RUSFARCNY_2Y;0.016384;0.017524
2016-04-20;CNY_OIS_RUSFARCNY_2Y;0.016536;0.017652
2016-04-21;CNY_OIS_RUSFARCNY_2Y;0.01666;0.017748
2016-04-22;CNY_OIS_RUSFARCNY_2Y;0.016765;0.017823
2016-04-25;CNY_OIS_RUSFARCNY_2Y;0.01685;0.017878
2016-04-26;CNY_OIS_RUSFARCNY_2Y;0.016773;0.017775
2016-04-27;CNY_OIS_RUSFARCNY_2Y;0.016664;0.017644
2016-04-28;CNY_OIS_RUSFARCNY_2Y;0.016649;0.017599
2016-04-29;CNY_OIS_RUSFARCNY_2Y;0.016921;0.017887
2016-05-03;CNY_OIS_RUSFARCNY_2Y;0.016422;0.017472
2016-05-04;CNY_OIS_RUSFARCNY_2Y;0.016405;0.017423
2016-05-05;CNY_OIS_RUSFARCNY_2Y;0.01643;0.017418
2016-05-06;CNY_OIS_RUSFARCNY_2Y;0.016435;0.017393
2016-05-09;CNY_OIS_RUSFARCNY_2Y;0.01644;0.017368
2016-05-10;CNY_OIS_RUSFARCNY_2Y;0.016454;0.017354
2016-05-11;CNY_OIS_RUSFARCNY_2Y;0.016468;0.01734
2016-05-12;CNY_OIS_RUSFARCNY_2Y;0.016491;0.017337
2016-05-13;CNY_OIS_RUSFARCNY_2Y;0.016524;0.017344
2016-05-16;CNY_OIS_RUSFARCNY_2Y;0.016566;0.017362
2016-05-17;CNY_OIS_RUSFARCNY_2Y;0.016637;0.017411
2016-05-18;CNY_OIS_RUSFARCNY_2Y;0.016649;0.017399
2016-05-19;CNY_OIS_RUSFARCNY_2Y;0.01665;0.017378
2016-05-20;CNY_OIS_RUSFARCNY_2Y;0.016641;0.017347
2016-05-23;CNY_OIS_RUSFARCNY_2Y;0.016611;0.017297
2016-05-24;CNY_OIS_RUSFARCNY_2Y;0.016601;0.017267
2016-05-25;CNY_OIS_RUSFARCNY_2Y;0.016601;0.017247
2016-05-26;CNY_OIS_RUSFARCNY_2Y;0.016611;0.017237
2016-05-27;CNY_OIS_RUSFARCNY_2Y;0.016621;0.017227
2016-05-30;CNY_OIS_RUSFARCNY_2Y;0.01664;0.017228
2016-05-31;CNY_OIS_RUSFARCNY_2Y;0.016726;0.017302
2016-06-01;CNY_OIS_RUSFARCNY_2Y;0.016694;0.017254
2016-06-02;CNY_OIS_RUSFARCNY_2Y;0.016682;0.017226
2016-06-03;CNY_OIS_RUSFARCNY_2Y;0.016639;0.017169
2016-06-06;CNY_OIS_RUSFARCNY_2Y;0.016637;0.017151
2016-06-07;CNY_OIS_RUSFARCNY_2Y;0.016665;0.017163
2016-06-08;CNY_OIS_RUSFARCNY_2Y;0.016672;0.017156
2016-06-12;CNY_OIS_RUSFARCNY_2Y;0.01668;0.017148
2016-06-13;CNY_OIS_RUSFARCNY_2Y;0.016687;0.017141
2016-06-14;CNY_OIS_RUSFARCNY_2Y;0.016694;0.017134
2016-06-15;CNY_OIS_RUSFARCNY_2Y;0.016701;0.017127
2016-06-16;CNY_OIS_RUSFARCNY_2Y;0.016727;0.017141
2016-06-17;CNY_OIS_RUSFARCNY_2Y;0.016763;0.017165
2016-06-20;CNY_OIS_RUSFARCNY_2Y;0.016817;0.017211
2016-06-21;CNY_OIS_RUSFARCNY_2Y;0.016907;0.017301
2016-06-22;CNY_OIS_RUSFARCNY_2Y;0.016989;0.017379
2016-06-23;CNY_OIS_RUSFARCNY_2Y;0.017043;0.017425
2016-06-24;CNY_OIS_RUSFARCNY_2Y;0.017078;0.01745
2016-06-27;CNY_OIS_RUSFARCNY_2Y;0.017113;0.017475
2016-06-28;CNY_OIS_RUSFARCNY_2Y;0.017138;0.01749
2016-06-29;CNY_OIS_RUSFARCNY_2Y;0.017123;0.017465
2016-06-30;CNY_OIS_RUSFARCNY_2Y;0.017118;0.01745
2016-07-01;CNY_OIS_RUSFARCNY_2Y;0.017015;0.017353
2016-07-04;CNY_OIS_RUSFARCNY_2Y;0.016877;0.017231
2016-07-05;CNY_OIS_RUSFARCNY_2Y;0.016809;0.017159
2016-07-06;CNY_OIS_RUSFARCNY_2Y;0.016729;0.017079
2016-07-07;CNY_OIS_RUSFARCNY_2Y;0.016714;0.017054
2016-07-08;CNY_OIS_RUSFARCNY_2Y;0.016709;0.017039
2016-07-11;CNY_OIS_RUSFARCNY_2Y;0.016714;0.017034
2016-07-12;CNY_OIS_RUSFARCNY_2Y;0.016699;0.017009
2016-07-13;CNY_OIS_RUSFARCNY_2Y;0.016693;0.016995
2016-07-14;CNY_OIS_RUSFARCNY_2Y;0.016698;0.01699
2016-07-15;CNY_OIS_RUSFARCNY_2Y;0.016731;0.017017
2016-07-18;CNY_OIS_RUSFARCNY_2Y;0.016736;0.017012
2016-07-19;CNY_OIS_RUSFARCNY_2Y;0.016805;0.017083
2016-07-20;CNY_OIS_RUSFARCNY_2Y;0.016829;0.017099
2016-07-21;CNY_OIS_RUSFARCNY_2Y;0.016862;0.017126
2016-07-22;CNY_OIS_RUSFARCNY_2Y;0.016994;0.017294
2016-07-25;CNY_OIS_RUSFARCNY_2Y;0.017082;0.017386
2016-07-26;CNY_OIS_RUSFARCNY_2Y;0.017134;0.017434
2016-07-27;CNY_OIS_RUSFARCNY_2Y;0.017148;0.01744
2016-07-28;CNY_OIS_RUSFARCNY_2Y;0.017044;0.017344
2016-07-29;CNY_OIS_RUSFARCNY_2Y;0.016927;0.017241
2016-08-01;CNY_OIS_RUSFARCNY_2Y;0.01688;0.017188
2016-08-02;CNY_OIS_RUSFARCNY_2Y;0.016843;0.017145
2016-08-03;CNY_OIS_RUSFARCNY_2Y;0.016806;0.017102
2016-08-04;CNY_OIS_RUSFARCNY_2Y;0.01679;0.017078
2016-08-05;CNY_OIS_RUSFARCNY_2Y;0.016795;0.017073
2016-08-08;CNY_OIS_RUSFARCNY_2Y;0.016828;0.0171
2016-08-09;CNY_OIS_RUSFARCNY_2Y;0.01688;0.017148
2016-08-10;CNY_OIS_RUSFARCNY_2Y;0.016949;0.017219
2016-08-11;CNY_OIS_RUSFARCNY_2Y;0.016991;0.017257
2016-08-12;CNY_OIS_RUSFARCNY_2Y;0.016995;0.017253
2016-08-15;CNY_OIS_RUSFARCNY_2Y;0.017022;0.017272
2016-08-16;CNY_OIS_RUSFARCNY_2Y;0.017012;0.017256
2016-08-17;CNY_OIS_RUSFARCNY_2Y;0.017016;0.017252
2016-08-18;CNY_OIS_RUSFARCNY_2Y;0.01703;0.017258
2016-08-19;CNY_OIS_RUSFARCNY_2Y;0.017033;0.017255
2016-08-22;CNY_OIS_RUSFARCNY_2Y;0.017039;0.017255
2016-08-23;CNY_OIS_RUSFARCNY_2Y;0.017128;0.01736
2016-08-24;CNY_OIS_RUSFARCNY_2Y;0.01722;0.017468
2016-08-25;CNY_OIS_RUSFARCNY_2Y;0.017234;0.017474
2016-08-26;CNY_OIS_RUSFARCNY_2Y;0.017238;0.01747
2016-08-29;CNY_OIS_RUSFARCNY_2Y;0.017288;0.01752
2016-08-30;CNY_OIS_RUSFARCNY_2Y;0.01741;0.017678
2016-08-31;CNY_OIS_RUSFARCNY_2Y;0.017434;0.017694
2016-09-01;CNY_OIS_RUSFARCNY_2Y;0.017448;0.0177
2016-09-02;CNY_OIS_RUSFARCNY_2Y;0.017452;0.017696
2016-09-05;CNY_OIS_RUSFARCNY_2Y;0.017493;0.017735
2016-09-06;CNY_OIS_RUSFARCNY_2Y;0.017562;0.017806
2016-09-07;CNY_OIS_RUSFARCNY_2Y;0.017597;0.017837
2016-09-08;CNY_OIS_RUSFARCNY_2Y;0.017608;0.01784
2016-09-09;CNY_OIS_RUSFARCNY_2Y;0.017649;0.017879
2016-09-12;CNY_OIS_RUSFARCNY_2Y;0.017741;0.017987
2016-09-13;CNY_OIS_RUSFARCNY_2Y;0.017857;0.018131
2016-09-14;CNY_OIS_RUSFARCNY_2Y;0.018025;0.018363
2016-09-18;CNY_OIS_RUSFARCNY_2Y;0.018139;0.018489
2016-09-19;CNY_OIS_RUSFARCNY_2Y;0.01827;0.018638
2016-09-20;CNY_OIS_RUSFARCNY_2Y;0.018323;0.018685
2016-09-21;CNY_OIS_RUSFARCNY_2Y;0.018404;0.018764
2016-09-22;CNY_OIS_RUSFARCNY_2Y;0.018419;0.018769
2016-09-23;CNY_OIS_RUSFARCNY_2Y;0.018413;0.018751
2016-09-26;CNY_OIS_RUSFARCNY_2Y;0.018389;0.018719
2016-09-27;CNY_OIS_RUSFARCNY_2Y;0.018414;0.018734
2016-09-28;CNY_OIS_RUSFARCNY_2Y;0.018527;0.018861
2016-09-29;CNY_OIS_RUSFARCNY_2Y;0.018624;0.018964
2016-09-30;CNY_OIS_RUSFARCNY_2Y;0.019443;0.020925
2016-10-08;CNY_OIS_RUSFARCNY_2Y;0.017844;0.019844
2016-10-09;CNY_OIS_RUSFARCNY_2Y;0.01769;0.019638
2016-10-10;CNY_OIS_RUSFARCNY_2Y;0.017587;0.019481
2016-10-11;CNY_OIS_RUSFARCNY_2Y;0.017524;0.019364
2016-10-12;CNY_OIS_RUSFARCNY_2Y;0.017522;0.019306
2016-10-13;CNY_OIS_RUSFARCNY_2Y;0.01756;0.019288
2016-10-14;CNY_OIS_RUSFARCNY_2Y;0.017606;0.019282
2016-10-17;CNY_OIS_RUSFARCNY_2Y;0.017691;0.019317
2016-10-18;CNY_OIS_RUSFARCNY_2Y;0.017852;0.019436
2016-10-19;CNY_OIS_RUSFARCNY_2Y;0.018097;0.019651
2016-10-20;CNY_OIS_RUSFARCNY_2Y;0.018238;0.01975
2016-10-21;CNY_OIS_RUSFARCNY_2Y;0.018398;0.01987
2016-10-24;CNY_OIS_RUSFARCNY_2Y;0.018508;0.01994
2016-10-25;CNY_OIS_RUSFARCNY_2Y;0.018599;0.019989
2016-10-26;CNY_OIS_RUSFARCNY_2Y;0.018718;0.02007
2016-10-27;CNY_OIS_RUSFARCNY_2Y;0.018798;0.02011
2016-10-28;CNY_OIS_RUSFARCNY_2Y;0.018818;0.02009
2016-10-31;CNY_OIS_RUSFARCNY_2Y;0.018828;0.02006
2016-11-01;CNY_OIS_RUSFARCNY_2Y;0.018836;0.020032
2016-11-02;CNY_OIS_RUSFARCNY_2Y;0.018826;0.019986
2016-11-03;CNY_OIS_RUSFARCNY_2Y;0.018802;0.019926
2016-11-04;CNY_OIS_RUSFARCNY_2Y;0.018685;0.019783
2016-11-07;CNY_OIS_RUSFARCNY_2Y;0.018424;0.019524
2016-11-08;CNY_OIS_RUSFARCNY_2Y;0.018242;0.019326
2016-11-09;CNY_OIS_RUSFARCNY_2Y;0.018208;0.01926
2016-11-10;CNY_OIS_RUSFARCNY_2Y;0.018359;0.019389
2016-11-11;CNY_OIS_RUSFARCNY_2Y;0.018519;0.019529
2016-11-14;CNY_OIS_RUSFARCNY_2Y;0.018723;0.019725
2016-11-15;CNY_OIS_RUSFARCNY_2Y;0.018891;0.019877
2016-11-16;CNY_OIS_RUSFARCNY_2Y;0.019003;0.019965
2016-11-17;CNY_OIS_RUSFARCNY_2Y;0.019038;0.01997
2016-11-18;CNY_OIS_RUSFARCNY_2Y;0.019111;0.020017
2016-11-21;CNY_OIS_RUSFARCNY_2Y;0.019184;0.020064
2016-11-22;CNY_OIS_RUSFARCNY_2Y;0.019217;0.020071
2016-11-23;CNY_OIS_RUSFARCNY_2Y;0.01927;0.020098
2016-11-24;CNY_OIS_RUSFARCNY_2Y;0.019331;0.020137
2016-11-25;CNY_OIS_RUSFARCNY_2Y;0.019412;0.020196
2016-11-28;CNY_OIS_RUSFARCNY_2Y;0.019511;0.020277
2016-11-29;CNY_OIS_RUSFARCNY_2Y;0.019562;0.020306
2016-11-30;CNY_OIS_RUSFARCNY_2Y;0.019706;0.020442
2016-12-01;CNY_OIS_RUSFARCNY_2Y;0.019804;0.020524
2016-12-02;CNY_OIS_RUSFARCNY_2Y;0.019764;0.020464
2016-12-05;CNY_OIS_RUSFARCNY_2Y;0.019649;0.020339
2016-12-06;CNY_OIS_RUSFARCNY_2Y;0.019566;0.020242
2016-12-07;CNY_OIS_RUSFARCNY_2Y;0.019505;0.020163
2016-12-08;CNY_OIS_RUSFARCNY_2Y;0.019503;0.020141
2016-12-09;CNY_OIS_RUSFARCNY_2Y;0.019529;0.020149
2016-12-12;CNY_OIS_RUSFARCNY_2Y;0.019534;0.020134
2016-12-13;CNY_OIS_RUSFARCNY_2Y;0.019582;0.020166
2016-12-14;CNY_OIS_RUSFARCNY_2Y;0.01963;0.020198
2016-12-15;CNY_OIS_RUSFARCNY_2Y;0.019743;0.020305
2016-12-16;CNY_OIS_RUSFARCNY_2Y;0.019924;0.020504
2016-12-19;CNY_OIS_RUSFARCNY_2Y;0.019982;0.020546
2016-12-20;CNY_OIS_RUSFARCNY_2Y;0.020086;0.020642
2016-12-21;CNY_OIS_RUSFARCNY_2Y;0.020094;0.020634
2016-12-22;CNY_OIS_RUSFARCNY_2Y;0.020061;0.020587
2016-12-23;CNY_OIS_RUSFARCNY_2Y;0.019873;0.020415
2016-12-26;CNY_OIS_RUSFARCNY_2Y;0.019551;0.020157
2016-12-27;CNY_OIS_RUSFARCNY_2Y;0.019221;0.019887
2016-12-28;CNY_OIS_RUSFARCNY_2Y;0.019038;0.01971
2016-12-29;CNY_OIS_RUSFARCNY_2Y;0.018844;0.019524
2016-12-30;CNY_OIS_RUSFARCNY_2Y;0.018884;0.019544
2017-01-03;CNY_OIS_RUSFARCNY_2Y;0.018666;0.019342
2017-01-04;CNY_OIS_RUSFARCNY_2Y;0.018254;0.019014
2017-01-05;CNY_OIS_RUSFARCNY_2Y;0.017786;0.018642
2017-01-06;CNY_OIS_RUSFARCNY_2Y;0.017608;0.01846
2017-01-09;CNY_OIS_RUSFARCNY_2Y;0.017431;0.018277
2017-01-10;CNY_OIS_RUSFARCNY_2Y;0.017464;0.018284
2017-01-11;CNY_OIS_RUSFARCNY_2Y;0.017554;0.018354
2017-01-12;CNY_OIS_RUSFARCNY_2Y;0.017556;0.018332
2017-01-13;CNY_OIS_RUSFARCNY_2Y;0.017578;0.01833
2017-01-16;CNY_OIS_RUSFARCNY_2Y;0.017919;0.018749
2017-01-17;CNY_OIS_RUSFARCNY_2Y;0.01876;0.020194
2017-01-18;CNY_OIS_RUSFARCNY_2Y;0.019405;0.020983
2017-01-19;CNY_OIS_RUSFARCNY_2Y;0.019767;0.021341
2017-01-20;CNY_OIS_RUSFARCNY_2Y;0.019908;0.02144
2017-01-22;CNY_OIS_RUSFARCNY_2Y;0.017581;0.020027
2017-01-23;CNY_OIS_RUSFARCNY_2Y;0.017476;0.019852
2017-01-24;CNY_OIS_RUSFARCNY_2Y;0.017401;0.019707
2017-01-25;CNY_OIS_RUSFARCNY_2Y;0.017446;0.019682
2017-01-26;CNY_OIS_RUSFARCNY_2Y;0.020026;0.024388
2017-02-03;CNY_OIS_RUSFARCNY_2Y;0.016431;0.021757
2017-02-04;CNY_OIS_RUSFARCNY_2Y;0.016896;0.022074
2017-02-06;CNY_OIS_RUSFARCNY_2Y;0.017181;0.022207
2017-02-07;CNY_OIS_RUSFARCNY_2Y;0.017288;0.02216
2017-02-08;CNY_OIS_RUSFARCNY_2Y;0.017317;0.022041
2017-02-09;CNY_OIS_RUSFARCNY_2Y;0.017344;0.021924
2017-02-10;CNY_OIS_RUSFARCNY_2Y;0.017371;0.021813
2017-02-13;CNY_OIS_RUSFARCNY_2Y;0.017401;0.021707
2017-02-14;CNY_OIS_RUSFARCNY_2Y;0.017436;0.021612
2017-02-15;CNY_OIS_RUSFARCNY_2Y;0.017548;0.021596
2017-02-16;CNY_OIS_RUSFARCNY_2Y;0.018251;0.022237
2017-02-17;CNY_OIS_RUSFARCNY_2Y;0.018576;0.022452
2017-02-20;CNY_OIS_RUSFARCNY_2Y;0.019104;0.022896
2017-02-21;CNY_OIS_RUSFARCNY_2Y;0.019866;0.023622
2017-02-22;CNY_OIS_RUSFARCNY_2Y;0.019938;0.02358
2017-02-23;CNY_OIS_RUSFARCNY_2Y;0.020406;0.023964
2017-02-24;CNY_OIS_RUSFARCNY_2Y;0.019924;0.023416
2017-02-27;CNY_OIS_RUSFARCNY_2Y;0.019546;0.022958
2017-02-28;CNY_OIS_RUSFARCNY_2Y;0.020161;0.023527
2017-03-01;CNY_OIS_RUSFARCNY_2Y;0.020226;0.023488
2017-03-02;CNY_OIS_RUSFARCNY_2Y;0.019934;0.023116
2017-03-03;CNY_OIS_RUSFARCNY_2Y;0.018989;0.022219
2017-03-06;CNY_OIS_RUSFARCNY_2Y;0.019371;0.022523
2017-03-07;CNY_OIS_RUSFARCNY_2Y;0.019427;0.022483
2017-03-08;CNY_OIS_RUSFARCNY_2Y;0.019493;0.022457
2017-03-09;CNY_OIS_RUSFARCNY_2Y;0.019554;0.022426
2017-03-10;CNY_OIS_RUSFARCNY_2Y;0.01954;0.022326
2017-03-13;CNY_OIS_RUSFARCNY_2Y;0.019348;0.02206
2017-03-14;CNY_OIS_RUSFARCNY_2Y;0.01936;0.02199
2017-03-15;CNY_OIS_RUSFARCNY_2Y;0.019507;0.022059
2017-03-16;CNY_OIS_RUSFARCNY_2Y;0.020056;0.022592
2017-03-17;CNY_OIS_RUSFARCNY_2Y;0.02166;0.024828
2017-03-20;CNY_OIS_RUSFARCNY_2Y;0.021704;0.024774
2017-03-21;CNY_OIS_RUSFARCNY_2Y;0.0219;0.024882
2017-03-22;CNY_OIS_RUSFARCNY_2Y;0.021976;0.024866
2017-03-23;CNY_OIS_RUSFARCNY_2Y;0.022082;0.024886
2017-03-24;CNY_OIS_RUSFARCNY_2Y;0.021567;0.024341
2017-03-27;CNY_OIS_RUSFARCNY_2Y;0.020248;0.02322
2017-03-28;CNY_OIS_RUSFARCNY_2Y;0.019942;0.022846
2017-03-29;CNY_OIS_RUSFARCNY_2Y;0.020666;0.023582
2017-03-30;CNY_OIS_RUSFARCNY_2Y;0.020569;0.023399
2017-03-31;CNY_OIS_RUSFARCNY_2Y;0.020916;0.02368
2017-04-01;CNY_OIS_RUSFARCNY_2Y;0.020527;0.023241
2017-04-05;CNY_OIS_RUSFARCNY_2Y;0.020465;0.023099
2017-04-06;CNY_OIS_RUSFARCNY_2Y;0.020981;0.023587
2017-04-07;CNY_OIS_RUSFARCNY_2Y;0.02059;0.023152
2017-04-10;CNY_OIS_RUSFARCNY_2Y;0.020061;0.022607
2017-04-11;CNY_OIS_RUSFARCNY_2Y;0.019747;0.022241
2017-04-12;CNY_OIS_RUSFARCNY_2Y;0.019586;0.022012
2017-04-13;CNY_OIS_RUSFARCNY_2Y;0.019861;0.022227
2017-04-14;CNY_OIS_RUSFARCNY_2Y;0.020054;0.022354
2017-04-17;CNY_OIS_RUSFARCNY_2Y;0.020236;0.022472
2017-04-18;CNY_OIS_RUSFARCNY_2Y;0.020668;0.02288
2017-04-19;CNY_OIS_RUSFARCNY_2Y;0.021497;0.023831
2017-04-20;CNY_OIS_RUSFARCNY_2Y;0.021763;0.024039
2017-04-21;CNY_OIS_RUSFARCNY_2Y;0.021969;0.024185
2017-04-24;CNY_OIS_RUSFARCNY_2Y;0.022879;0.025263
2017-04-25;CNY_OIS_RUSFARCNY_2Y;0.023258;0.025598
2017-04-26;CNY_OIS_RUSFARCNY_2Y;0.023369;0.025639
2017-04-27;CNY_OIS_RUSFARCNY_2Y;0.02372;0.025948
2017-04-28;CNY_OIS_RUSFARCNY_2Y;0.024015;0.026193
2017-05-02;CNY_OIS_RUSFARCNY_2Y;0.024033;0.026145
2017-05-03;CNY_OIS_RUSFARCNY_2Y;0.024331;0.026399
2017-05-04;CNY_OIS_RUSFARCNY_2Y;0.024417;0.026423
2017-05-05;CNY_OIS_RUSFARCNY_2Y;0.024287;0.026237
2017-05-08;CNY_OIS_RUSFARCNY_2Y;0.024144;0.026044
2017-05-09;CNY_OIS_RUSFARCNY_2Y;0.024192;0.026034
2017-05-10;CNY_OIS_RUSFARCNY_2Y;0.02429;0.026078
2017-05-11;CNY_OIS_RUSFARCNY_2Y;0.024175;0.025913
2017-05-12;CNY_OIS_RUSFARCNY_2Y;0.023974;0.025676
2017-05-15;CNY_OIS_RUSFARCNY_2Y;0.023162;0.024986
2017-05-16;CNY_OIS_RUSFARCNY_2Y;0.023476;0.025272
2017-05-17;CNY_OIS_RUSFARCNY_2Y;0.023568;0.02531
2017-05-18;CNY_OIS_RUSFARCNY_2Y;0.023708;0.025402
2017-05-19;CNY_OIS_RUSFARCNY_2Y;0.023204;0.024924
2017-05-22;CNY_OIS_RUSFARCNY_2Y;0.022799;0.024519
2017-05-23;CNY_OIS_RUSFARCNY_2Y;0.022613;0.024295
2017-05-24;CNY_OIS_RUSFARCNY_2Y;0.022313;0.023975
2017-05-25;CNY_OIS_RUSFARCNY_2Y;0.022216;0.023832
2017-05-26;CNY_OIS_RUSFARCNY_2Y;0.022221;0.023787
2017-05-27;CNY_OIS_RUSFARCNY_2Y;0.022163;0.023685
2017-05-31;CNY_OIS_RUSFARCNY_2Y;0.022519;0.024039
2017-06-01;CNY_OIS_RUSFARCNY_2Y;0.022697;0.024181
2017-06-02;CNY_OIS_RUSFARCNY_2Y;0.023834;0.0259
2017-06-05;CNY_OIS_RUSFARCNY_2Y;0.024073;0.026089
2017-06-06;CNY_OIS_RUSFARCNY_2Y;0.024347;0.026319
2017-06-07;CNY_OIS_RUSFARCNY_2Y;0.024033;0.025975
2017-06-08;CNY_OIS_RUSFARCNY_2Y;0.02417;0.026056
2017-06-09;CNY_OIS_RUSFARCNY_2Y;0.024274;0.026104
2017-06-12;CNY_OIS_RUSFARCNY_2Y;0.024328;0.026104
2017-06-13;CNY_OIS_RUSFARCNY_2Y;0.024373;0.026095
2017-06-14;CNY_OIS_RUSFARCNY_2Y;0.024329;0.025999
2017-06-15;CNY_OIS_RUSFARCNY_2Y;0.024421;0.026041
2017-06-16;CNY_OIS_RUSFARCNY_2Y;0.024649;0.026235
2017-06-19;CNY_OIS_RUSFARCNY_2Y;0.024778;0.02632
2017-06-20;CNY_OIS_RUSFARCNY_2Y;0.024939;0.026441
2017-06-21;CNY_OIS_RUSFARCNY_2Y;0.025073;0.026535
2017-06-22;CNY_OIS_RUSFARCNY_2Y;0.024888;0.02632
2017-06-23;CNY_OIS_RUSFARCNY_2Y;0.024255;0.025773
2017-06-26;CNY_OIS_RUSFARCNY_2Y;0.023204;0.024964
2017-06-27;CNY_OIS_RUSFARCNY_2Y;0.022198;0.02415
2017-06-28;CNY_OIS_RUSFARCNY_2Y;0.021503;0.023517
2017-06-29;CNY_OIS_RUSFARCNY_2Y;0.021322;0.023286
2017-06-30;CNY_OIS_RUSFARCNY_2Y;0.022057;0.024131
2017-07-03;CNY_OIS_RUSFARCNY_2Y;0.022977;0.025251
2017-07-04;CNY_OIS_RUSFARCNY_2Y;0.022698;0.024924
2017-07-05;CNY_OIS_RUSFARCNY_2Y;0.021531;0.023957
2017-07-06;CNY_OIS_RUSFARCNY_2Y;0.021196;0.023578
2017-07-07;CNY_OIS_RUSFARCNY_2Y;0.021087;0.023401
2017-07-10;CNY_OIS_RUSFARCNY_2Y;0.021279;0.023529
2017-07-11;CNY_OIS_RUSFARCNY_2Y;0.021971;0.024277
2017-07-12;CNY_OIS_RUSFARCNY_2Y;0.022249;0.024499
2017-07-13;CNY_OIS_RUSFARCNY_2Y;0.022411;0.024597
2017-07-14;CNY_OIS_RUSFARCNY_2Y;0.022111;0.024257
2017-07-17;CNY_OIS_RUSFARCNY_2Y;0.022202;0.024284
2017-07-18;CNY_OIS_RUSFARCNY_2Y;0.022855;0.024993
2017-07-19;CNY_OIS_RUSFARCNY_2Y;0.023092;0.025176
2017-07-20;CNY_OIS_RUSFARCNY_2Y;0.023424;0.025472
2017-07-21;CNY_OIS_RUSFARCNY_2Y;0.023246;0.025242
2017-07-24;CNY_OIS_RUSFARCNY_2Y;0.023018;0.02497
2017-07-25;CNY_OIS_RUSFARCNY_2Y;0.023114;0.025008
2017-07-26;CNY_OIS_RUSFARCNY_2Y;0.023244;0.025084
2017-07-27;CNY_OIS_RUSFARCNY_2Y;0.023827;0.025721
2017-07-28;CNY_OIS_RUSFARCNY_2Y;0.024136;0.025996
2017-07-31;CNY_OIS_RUSFARCNY_2Y;0.024071;0.025877
2017-08-01;CNY_OIS_RUSFARCNY_2Y;0.024131;0.025883
2017-08-02;CNY_OIS_RUSFARCNY_2Y;0.024377;0.026091
2017-08-03;CNY_OIS_RUSFARCNY_2Y;0.024143;0.025825
2017-08-04;CNY_OIS_RUSFARCNY_2Y;0.023194;0.025054
2017-08-07;CNY_OIS_RUSFARCNY_2Y;0.023369;0.025179
2017-08-08;CNY_OIS_RUSFARCNY_2Y;0.023842;0.025666
2017-08-09;CNY_OIS_RUSFARCNY_2Y;0.024043;0.025821
2017-08-10;CNY_OIS_RUSFARCNY_2Y;0.024021;0.025747
2017-08-11;CNY_OIS_RUSFARCNY_2Y;0.023977;0.025651
2017-08-14;CNY_OIS_RUSFARCNY_2Y;0.023841;0.025473
2017-08-15;CNY_OIS_RUSFARCNY_2Y;0.024094;0.025694
2017-08-16;CNY_OIS_RUSFARCNY_2Y;0.024342;0.025912
2017-08-17;CNY_OIS_RUSFARCNY_2Y;0.024501;0.026031
2017-08-18;CNY_OIS_RUSFARCNY_2Y;0.024527;0.026011
2017-08-21;CNY_OIS_RUSFARCNY_2Y;0.024674;0.026118
2017-08-22;CNY_OIS_RUSFARCNY_2Y;0.024367;0.025803
2017-08-23;CNY_OIS_RUSFARCNY_2Y;0.024655;0.026079
2017-08-24;CNY_OIS_RUSFARCNY_2Y;0.024703;0.026083
2017-08-25;CNY_OIS_RUSFARCNY_2Y;0.024794;0.026134
2017-08-28;CNY_OIS_RUSFARCNY_2Y;0.024774;0.026074
2017-08-29;CNY_OIS_RUSFARCNY_2Y;0.025404;0.026864
2017-08-30;CNY_OIS_RUSFARCNY_2Y;0.025443;0.026859
2017-08-31;CNY_OIS_RUSFARCNY_2Y;0.024385;0.026063
2017-09-01;CNY_OIS_RUSFARCNY_2Y;0.024226;0.025862
2017-09-04;CNY_OIS_RUSFARCNY_2Y;0.023556;0.025272
2017-09-05;CNY_OIS_RUSFARCNY_2Y;0.022622;0.024506
2017-09-06;CNY_OIS_RUSFARCNY_2Y;0.022402;0.024246
2017-09-07;CNY_OIS_RUSFARCNY_2Y;0.022426;0.024214
2017-09-08;CNY_OIS_RUSFARCNY_2Y;0.022407;0.024141
2017-09-11;CNY_OIS_RUSFARCNY_2Y;0.022512;0.024196
2017-09-12;CNY_OIS_RUSFARCNY_2Y;0.022581;0.024213
2017-09-13;CNY_OIS_RUSFARCNY_2Y;0.022623;0.024205
2017-09-14;CNY_OIS_RUSFARCNY_2Y;0.02294;0.024508
2017-09-15;CNY_OIS_RUSFARCNY_2Y;0.023108;0.024636
2017-09-18;CNY_OIS_RUSFARCNY_2Y;0.02367;0.025278
2017-09-19;CNY_OIS_RUSFARCNY_2Y;0.02436;0.026108
2017-09-20;CNY_OIS_RUSFARCNY_2Y;0.023939;0.025689
2017-09-21;CNY_OIS_RUSFARCNY_2Y;0.024119;0.025823
2017-09-22;CNY_OIS_RUSFARCNY_2Y;0.023608;0.02534
2017-09-25;CNY_OIS_RUSFARCNY_2Y;0.023655;0.025333
2017-09-26;CNY_OIS_RUSFARCNY_2Y;0.024373;0.026195
2017-09-27;CNY_OIS_RUSFARCNY_2Y;0.02465;0.026438
2017-09-28;CNY_OIS_RUSFARCNY_2Y;0.025173;0.026995
2017-09-29;CNY_OIS_RUSFARCNY_2Y;0.023893;0.026015
2017-09-30;CNY_OIS_RUSFARCNY_2Y;0.025052;0.027536
2017-10-09;CNY_OIS_RUSFARCNY_2Y;0.02273;0.025898
2017-10-10;CNY_OIS_RUSFARCNY_2Y;0.022758;0.02583
2017-10-11;CNY_OIS_RUSFARCNY_2Y;0.022835;0.025813
2017-10-12;CNY_OIS_RUSFARCNY_2Y;0.021976;0.024992
2017-10-13;CNY_OIS_RUSFARCNY_2Y;0.021477;0.024451
2017-10-16;CNY_OIS_RUSFARCNY_2Y;0.021411;0.024297
2017-10-17;CNY_OIS_RUSFARCNY_2Y;0.021518;0.024316
2017-10-18;CNY_OIS_RUSFARCNY_2Y;0.021517;0.024231
2017-10-19;CNY_OIS_RUSFARCNY_2Y;0.021518;0.02415
2017-10-20;CNY_OIS_RUSFARCNY_2Y;0.021419;0.023973
2017-10-23;CNY_OIS_RUSFARCNY_2Y;0.02182;0.024328
2017-10-24;CNY_OIS_RUSFARCNY_2Y;0.022035;0.024473
2017-10-25;CNY_OIS_RUSFARCNY_2Y;0.022362;0.024746
2017-10-26;CNY_OIS_RUSFARCNY_2Y;0.022685;0.025017
2017-10-27;CNY_OIS_RUSFARCNY_2Y;0.022957;0.025233
2017-10-30;CNY_OIS_RUSFARCNY_2Y;0.023011;0.025217
2017-10-31;CNY_OIS_RUSFARCNY_2Y;0.023201;0.025347
2017-11-01;CNY_OIS_RUSFARCNY_2Y;0.023264;0.025344
2017-11-02;CNY_OIS_RUSFARCNY_2Y;0.022007;0.024341
2017-11-03;CNY_OIS_RUSFARCNY_2Y;0.021526;0.023846
2017-11-06;CNY_OIS_RUSFARCNY_2Y;0.02086;0.023208
2017-11-07;CNY_OIS_RUSFARCNY_2Y;0.021277;0.023591
2017-11-08;CNY_OIS_RUSFARCNY_2Y;0.02172;0.024008
2017-11-09;CNY_OIS_RUSFARCNY_2Y;0.022234;0.024514
2017-11-10;CNY_OIS_RUSFARCNY_2Y;0.022918;0.02525
2017-11-13;CNY_OIS_RUSFARCNY_2Y;0.023597;0.025971
2017-11-14;CNY_OIS_RUSFARCNY_2Y;0.024014;0.026354
2017-11-15;CNY_OIS_RUSFARCNY_2Y;0.023835;0.026113
2017-11-16;CNY_OIS_RUSFARCNY_2Y;0.023809;0.026019
2017-11-17;CNY_OIS_RUSFARCNY_2Y;0.023175;0.025413
2017-11-20;CNY_OIS_RUSFARCNY_2Y;0.023661;0.025887
2017-11-21;CNY_OIS_RUSFARCNY_2Y;0.023909;0.026079
2017-11-22;CNY_OIS_RUSFARCNY_2Y;0.023952;0.026056
2017-11-23;CNY_OIS_RUSFARCNY_2Y;0.023924;0.025964
2017-11-24;CNY_OIS_RUSFARCNY_2Y;0.023894;0.025874
2017-11-27;CNY_OIS_RUSFARCNY_2Y;0.024138;0.02607
2017-11-28;CNY_OIS_RUSFARCNY_2Y;0.023961;0.025847
2017-11-29;CNY_OIS_RUSFARCNY_2Y;0.022649;0.024839
2017-11-30;CNY_OIS_RUSFARCNY_2Y;0.0236;0.025988
2017-12-01;CNY_OIS_RUSFARCNY_2Y;0.02195;0.024718
2017-12-04;CNY_OIS_RUSFARCNY_2Y;0.021555;0.024273
2017-12-05;CNY_OIS_RUSFARCNY_2Y;0.021382;0.024026
2017-12-06;CNY_OIS_RUSFARCNY_2Y;0.021362;0.023926
2017-12-07;CNY_OIS_RUSFARCNY_2Y;0.021519;0.024009
2017-12-08;CNY_OIS_RUSFARCNY_2Y;0.021781;0.024207
2017-12-11;CNY_OIS_RUSFARCNY_2Y;0.022547;0.025041
2017-12-12;CNY_OIS_RUSFARCNY_2Y;0.022949;0.025399
2017-12-13;CNY_OIS_RUSFARCNY_2Y;0.023563;0.026025
2017-12-14;CNY_OIS_RUSFARCNY_2Y;0.023748;0.02614
2017-12-15;CNY_OIS_RUSFARCNY_2Y;0.022924;0.025384
2017-12-18;CNY_OIS_RUSFARCNY_2Y;0.022951;0.025337
2017-12-19;CNY_OIS_RUSFARCNY_2Y;0.023164;0.025484
2017-12-20;CNY_OIS_RUSFARCNY_2Y;0.023088;0.02534
2017-12-21;CNY_OIS_RUSFARCNY_2Y;0.022421;0.024707
2017-12-22;CNY_OIS_RUSFARCNY_2Y;0.021892;0.024176
2017-12-25;CNY_OIS_RUSFARCNY_2Y;0.021475;0.023733
2017-12-26;CNY_OIS_RUSFARCNY_2Y;0.021704;0.023904
2017-12-27;CNY_OIS_RUSFARCNY_2Y;0.022435;0.024713
2017-12-28;CNY_OIS_RUSFARCNY_2Y;0.022529;0.024739
2017-12-29;CNY_OIS_RUSFARCNY_2Y;0.023932;0.026696
2018-01-02;CNY_OIS_RUSFARCNY_2Y;0.021841;0.025127
2018-01-03;CNY_OIS_RUSFARCNY_2Y;0.020884;0.024214
2018-01-04;CNY_OIS_RUSFARCNY_2Y;0.020321;0.023607
2018-01-05;CNY_OIS_RUSFARCNY_2Y;0.020158;0.02335
2018-01-08;CNY_OIS_RUSFARCNY_2Y;0.019972;0.023076
2018-01-09;CNY_OIS_RUSFARCNY_2Y;0.020658;0.02375
2018-01-10;CNY_OIS_RUSFARCNY_2Y;0.021732;0.024956
2018-01-11;CNY_OIS_RUSFARCNY_2Y;0.023388;0.02708
2018-01-12;CNY_OIS_RUSFARCNY_2Y;0.023425;0.027003
2018-01-15;CNY_OIS_RUSFARCNY_2Y;0.023109;0.026599
2018-01-16;CNY_OIS_RUSFARCNY_2Y;0.023072;0.026456
2018-01-17;CNY_OIS_RUSFARCNY_2Y;0.02292;0.026208
2018-01-18;CNY_OIS_RUSFARCNY_2Y;0.022975;0.026163
2018-01-19;CNY_OIS_RUSFARCNY_2Y;0.023686;0.026862
2018-01-22;CNY_OIS_RUSFARCNY_2Y;0.023047;0.026201
2018-01-23;CNY_OIS_RUSFARCNY_2Y;0.021171;0.024697
2018-01-24;CNY_OIS_RUSFARCNY_2Y;0.020939;0.024369
2018-01-25;CNY_OIS_RUSFARCNY_2Y;0.020884;0.024212
2018-01-26;CNY_OIS_RUSFARCNY_2Y;0.020805;0.024035
2018-01-29;CNY_OIS_RUSFARCNY_2Y;0.021006;0.024142
2018-01-30;CNY_OIS_RUSFARCNY_2Y;0.020933;0.023975
2018-01-31;CNY_OIS_RUSFARCNY_2Y;0.021365;0.024343
2018-02-01;CNY_OIS_RUSFARCNY_2Y;0.020567;0.023569
2018-02-02;CNY_OIS_RUSFARCNY_2Y;0.020632;0.023542
2018-02-05;CNY_OIS_RUSFARCNY_2Y;0.020807;0.023631
2018-02-06;CNY_OIS_RUSFARCNY_2Y;0.020934;0.023674
2018-02-07;CNY_OIS_RUSFARCNY_2Y;0.021285;0.023963
2018-02-08;CNY_OIS_RUSFARCNY_2Y;0.021336;0.023932
2018-02-09;CNY_OIS_RUSFARCNY_2Y;0.021543;0.024065
2018-02-11;CNY_OIS_RUSFARCNY_2Y;0.021767;0.024221
2018-02-12;CNY_OIS_RUSFARCNY_2Y;0.021568;0.02396
2018-02-13;CNY_OIS_RUSFARCNY_2Y;0.021625;0.023943
2018-02-14;CNY_OIS_RUSFARCNY_2Y;0.022816;0.025472
2018-02-22;CNY_OIS_RUSFARCNY_2Y;0.021851;0.024597
2018-02-23;CNY_OIS_RUSFARCNY_2Y;0.021541;0.024227
2018-02-24;CNY_OIS_RUSFARCNY_2Y;0.021198;0.02383
2018-02-26;CNY_OIS_RUSFARCNY_2Y;0.021347;0.023901
2018-02-27;CNY_OIS_RUSFARCNY_2Y;0.021285;0.023763
2018-02-28;CNY_OIS_RUSFARCNY_2Y;0.02257;0.025418
2018-03-01;CNY_OIS_RUSFARCNY_2Y;0.022441;0.025207
2018-03-02;CNY_OIS_RUSFARCNY_2Y;0.023237;0.026051
2018-03-05;CNY_OIS_RUSFARCNY_2Y;0.021932;0.024936
2018-03-06;CNY_OIS_RUSFARCNY_2Y;0.021616;0.024552
2018-03-07;CNY_OIS_RUSFARCNY_2Y;0.021405;0.024263
2018-03-08;CNY_OIS_RUSFARCNY_2Y;0.021224;0.024004
2018-03-09;CNY_OIS_RUSFARCNY_2Y;0.021296;0.023992
2018-03-12;CNY_OIS_RUSFARCNY_2Y;0.021465;0.024083
2018-03-13;CNY_OIS_RUSFARCNY_2Y;0.021988;0.02458
2018-03-14;CNY_OIS_RUSFARCNY_2Y;0.021987;0.024501
2018-03-15;CNY_OIS_RUSFARCNY_2Y;0.022015;0.024453
2018-03-16;CNY_OIS_RUSFARCNY_2Y;0.021569;0.023979
2018-03-19;CNY_OIS_RUSFARCNY_2Y;0.021348;0.0237
2018-03-20;CNY_OIS_RUSFARCNY_2Y;0.021354;0.023634
2018-03-21;CNY_OIS_RUSFARCNY_2Y;0.021399;0.023609
2018-03-22;CNY_OIS_RUSFARCNY_2Y;0.021331;0.023477
2018-03-23;CNY_OIS_RUSFARCNY_2Y;0.021323;0.023405
2018-03-26;CNY_OIS_RUSFARCNY_2Y;0.021335;0.023353
2018-03-27;CNY_OIS_RUSFARCNY_2Y;0.021836;0.023862
2018-03-28;CNY_OIS_RUSFARCNY_2Y;0.021852;0.023816
2018-03-29;CNY_OIS_RUSFARCNY_2Y;0.02177;0.023678
2018-03-30;CNY_OIS_RUSFARCNY_2Y;0.02273;0.024898
2018-04-02;CNY_OIS_RUSFARCNY_2Y;0.022025;0.024243
2018-04-03;CNY_OIS_RUSFARCNY_2Y;0.02155;0.023758
2018-04-04;CNY_OIS_RUSFARCNY_2Y;0.020403;0.022805
2018-04-08;CNY_OIS_RUSFARCNY_2Y;0.020203;0.022545
2018-04-09;CNY_OIS_RUSFARCNY_2Y;0.020982;0.023406
2018-04-10;CNY_OIS_RUSFARCNY_2Y;0.021242;0.023606
2018-04-11;CNY_OIS_RUSFARCNY_2Y;0.021377;0.023671
2018-04-12;CNY_OIS_RUSFARCNY_2Y;0.021372;0.023596
2018-04-13;CNY_OIS_RUSFARCNY_2Y;0.021406;0.023562
2018-04-16;CNY_OIS_RUSFARCNY_2Y;0.021681;0.023787
2018-04-17;CNY_OIS_RUSFARCNY_2Y;0.022455;0.024673
2018-04-18;CNY_OIS_RUSFARCNY_2Y;0.022627;0.024781
2018-04-19;CNY_OIS_RUSFARCNY_2Y;0.023163;0.025325
2018-04-20;CNY_OIS_RUSFARCNY_2Y;0.023333;0.025435
2018-04-23;CNY_OIS_RUSFARCNY_2Y;0.023128;0.02518
2018-04-24;CNY_OIS_RUSFARCNY_2Y;0.023277;0.025271
2018-04-25;CNY_OIS_RUSFARCNY_2Y;0.023227;0.025161
2018-04-26;CNY_OIS_RUSFARCNY_2Y;0.023607;0.025521
2018-04-27;CNY_OIS_RUSFARCNY_2Y;0.024892;0.027356
2018-04-28;CNY_OIS_RUSFARCNY_2Y;0.023857;0.026451
2018-05-02;CNY_OIS_RUSFARCNY_2Y;0.022746;0.025482
2018-05-03;CNY_OIS_RUSFARCNY_2Y;0.022382;0.025066
2018-05-04;CNY_OIS_RUSFARCNY_2Y;0.021476;0.024232
2018-05-07;CNY_OIS_RUSFARCNY_2Y;0.021397;0.024071
2018-05-08;CNY_OIS_RUSFARCNY_2Y;0.021367;0.023961
2018-05-09;CNY_OIS_RUSFARCNY_2Y;0.020825;0.023403
2018-05-10;CNY_OIS_RUSFARCNY_2Y;0.020753;0.023255
2018-05-11;CNY_OIS_RUSFARCNY_2Y;0.020565;0.023003
2018-05-14;CNY_OIS_RUSFARCNY_2Y;0.021437;0.023991
2018-05-15;CNY_OIS_RUSFARCNY_2Y;0.022046;0.024602
2018-05-16;CNY_OIS_RUSFARCNY_2Y;0.023175;0.025973
2018-05-17;CNY_OIS_RUSFARCNY_2Y;0.021268;0.0245
2018-05-18;CNY_OIS_RUSFARCNY_2Y;0.020968;0.02412
2018-05-21;CNY_OIS_RUSFARCNY_2Y;0.020644;0.023724
2018-05-22;CNY_OIS_RUSFARCNY_2Y;0.020671;0.023657
2018-05-23;CNY_OIS_RUSFARCNY_2Y;0.020766;0.023662
2018-05-24;CNY_OIS_RUSFARCNY_2Y;0.020811;0.023617
2018-05-25;CNY_OIS_RUSFARCNY_2Y;0.020833;0.023555
2018-05-28;CNY_OIS_RUSFARCNY_2Y;0.020924;0.023564
2018-05-29;CNY_OIS_RUSFARCNY_2Y;0.022656;0.026012
2018-05-30;CNY_OIS_RUSFARCNY_2Y;0.023968;0.02754
2018-05-31;CNY_OIS_RUSFARCNY_2Y;0.02347;0.026978
2018-06-01;CNY_OIS_RUSFARCNY_2Y;0.023216;0.026632
2018-06-04;CNY_OIS_RUSFARCNY_2Y;0.020944;0.024864
2018-06-05;CNY_OIS_RUSFARCNY_2Y;0.020852;0.024656
2018-06-06;CNY_OIS_RUSFARCNY_2Y;0.020686;0.024382
2018-06-07;CNY_OIS_RUSFARCNY_2Y;0.020672;0.024256
2018-06-08;CNY_OIS_RUSFARCNY_2Y;0.020806;0.024282
2018-06-11;CNY_OIS_RUSFARCNY_2Y;0.020958;0.02433
2018-06-12;CNY_OIS_RUSFARCNY_2Y;0.021119;0.024389
2018-06-13;CNY_OIS_RUSFARCNY_2Y;0.021218;0.02439
2018-06-14;CNY_OIS_RUSFARCNY_2Y;0.021287;0.024361
2018-06-15;CNY_OIS_RUSFARCNY_2Y;0.021344;0.024324
2018-06-19;CNY_OIS_RUSFARCNY_2Y;0.021369;0.024259
2018-06-20;CNY_OIS_RUSFARCNY_2Y;0.021695;0.024513
2018-06-21;CNY_OIS_RUSFARCNY_2Y;0.021471;0.024217
2018-06-22;CNY_OIS_RUSFARCNY_2Y;0.021442;0.024106
2018-06-25;CNY_OIS_RUSFARCNY_2Y;0.021258;0.02385
2018-06-26;CNY_OIS_RUSFARCNY_2Y;0.020815;0.023373
2018-06-27;CNY_OIS_RUSFARCNY_2Y;0.020067;0.022661
2018-06-28;CNY_OIS_RUSFARCNY_2Y;0.018308;0.0213
2018-06-29;CNY_OIS_RUSFARCNY_2Y;0.020912;0.025476
2018-07-02;CNY_OIS_RUSFARCNY_2Y;0.01982;0.024388
2018-07-03;CNY_OIS_RUSFARCNY_2Y;0.018841;0.023387
2018-07-04;CNY_OIS_RUSFARCNY_2Y;0.016419;0.021389
2018-07-05;CNY_OIS_RUSFARCNY_2Y;0.0158;0.020668
2018-07-06;CNY_OIS_RUSFARCNY_2Y;0.014073;0.019095
2018-07-09;CNY_OIS_RUSFARCNY_2Y;0.014386;0.019262
2018-07-10;CNY_OIS_RUSFARCNY_2Y;0.017113;0.022875
2018-07-11;CNY_OIS_RUSFARCNY_2Y;0.018135;0.023813
2018-07-12;CNY_OIS_RUSFARCNY_2Y;0.018999;0.024569
2018-07-13;CNY_OIS_RUSFARCNY_2Y;0.019014;0.024414
2018-07-16;CNY_OIS_RUSFARCNY_2Y;0.019836;0.025132
2018-07-17;CNY_OIS_RUSFARCNY_2Y;0.02025;0.025398
2018-07-18;CNY_OIS_RUSFARCNY_2Y;0.019645;0.024683
2018-07-19;CNY_OIS_RUSFARCNY_2Y;0.018567;0.023581
2018-07-20;CNY_OIS_RUSFARCNY_2Y;0.017917;0.022831
2018-07-23;CNY_OIS_RUSFARCNY_2Y;0.01815;0.022918
2018-07-24;CNY_OIS_RUSFARCNY_2Y;0.018132;0.022756
2018-07-25;CNY_OIS_RUSFARCNY_2Y;0.018162;0.022646
2018-07-26;CNY_OIS_RUSFARCNY_2Y;0.017946;0.022302
2018-07-27;CNY_OIS_RUSFARCNY_2Y;0.017633;0.021875
2018-07-30;CNY_OIS_RUSFARCNY_2Y;0.01679;0.020998
2018-07-31;CNY_OIS_RUSFARCNY_2Y;0.015422;0.019726
2018-08-01;CNY_OIS_RUSFARCNY_2Y;0.015098;0.01929
2018-08-02;CNY_OIS_RUSFARCNY_2Y;0.01456;0.018668
2018-08-03;CNY_OIS_RUSFARCNY_2Y;0.013315;0.017493
2018-08-06;CNY_OIS_RUSFARCNY_2Y;0.013073;0.017135
2018-08-07;CNY_OIS_RUSFARCNY_2Y;0.010803;0.015285
2018-08-08;CNY_OIS_RUSFARCNY_2Y;0.008745;0.013523
2018-08-09;CNY_OIS_RUSFARCNY_2Y;0.010596;0.015672
2018-08-10;CNY_OIS_RUSFARCNY_2Y;0.012494;0.017854
2018-08-13;CNY_OIS_RUSFARCNY_2Y;0.015048;0.02104
2018-08-14;CNY_OIS_RUSFARCNY_2Y;0.017082;0.023306
2018-08-15;CNY_OIS_RUSFARCNY_2Y;0.017346;0.023382
2018-08-16;CNY_OIS_RUSFARCNY_2Y;0.018973;0.025075
2018-08-17;CNY_OIS_RUSFARCNY_2Y;0.019734;0.025694
2018-08-20;CNY_OIS_RUSFARCNY_2Y;0.020266;0.026062
2018-08-21;CNY_OIS_RUSFARCNY_2Y;0.020463;0.026085
2018-08-22;CNY_OIS_RUSFARCNY_2Y;0.019522;0.025066
2018-08-23;CNY_OIS_RUSFARCNY_2Y;0.018731;0.024177
2018-08-24;CNY_OIS_RUSFARCNY_2Y;0.018174;0.023494
2018-08-27;CNY_OIS_RUSFARCNY_2Y;0.018723;0.023905
2018-08-28;CNY_OIS_RUSFARCNY_2Y;0.018656;0.023682
2018-08-29;CNY_OIS_RUSFARCNY_2Y;0.018366;0.023252
2018-08-30;CNY_OIS_RUSFARCNY_2Y;0.017244;0.022124
2018-08-31;CNY_OIS_RUSFARCNY_2Y;0.017633;0.022375
2018-09-03;CNY_OIS_RUSFARCNY_2Y;0.017379;0.021989
2018-09-04;CNY_OIS_RUSFARCNY_2Y;0.016589;0.021139
2018-09-05;CNY_OIS_RUSFARCNY_2Y;0.016342;0.020766
2018-09-06;CNY_OIS_RUSFARCNY_2Y;0.019108;0.0246
2018-09-07;CNY_OIS_RUSFARCNY_2Y;0.020115;0.025533
2018-09-10;CNY_OIS_RUSFARCNY_2Y;0.020016;0.025272
2018-09-11;CNY_OIS_RUSFARCNY_2Y;0.020264;0.025364
2018-09-12;CNY_OIS_RUSFARCNY_2Y;0.020006;0.024962
2018-09-13;CNY_OIS_RUSFARCNY_2Y;0.019807;0.024621
2018-09-14;CNY_OIS_RUSFARCNY_2Y;0.019461;0.024147
2018-09-17;CNY_OIS_RUSFARCNY_2Y;0.019299;0.023849
2018-09-18;CNY_OIS_RUSFARCNY_2Y;0.021042;0.025866
2018-09-19;CNY_OIS_RUSFARCNY_2Y;0.020147;0.024921
2018-09-20;CNY_OIS_RUSFARCNY_2Y;0.019779;0.024429
2018-09-21;CNY_OIS_RUSFARCNY_2Y;0.019799;0.024309
2018-09-25;CNY_OIS_RUSFARCNY_2Y;0.020153;0.024535
2018-09-26;CNY_OIS_RUSFARCNY_2Y;0.020319;0.024569
2018-09-27;CNY_OIS_RUSFARCNY_2Y;0.019398;0.02363
2018-09-28;CNY_OIS_RUSFARCNY_2Y;0.019311;0.023417
2018-09-29;CNY_OIS_RUSFARCNY_2Y;0.014869;0.020419
2018-09-30;CNY_OIS_RUSFARCNY_2Y;0.019404;0.027484
2018-10-08;CNY_OIS_RUSFARCNY_2Y;0.01831;0.026238
2018-10-09;CNY_OIS_RUSFARCNY_2Y;0.018087;0.025781
2018-10-10;CNY_OIS_RUSFARCNY_2Y;0.017125;0.024663
2018-10-11;CNY_OIS_RUSFARCNY_2Y;0.016855;0.024173
2018-10-12;CNY_OIS_RUSFARCNY_2Y;0.017733;0.024875
2018-10-15;CNY_OIS_RUSFARCNY_2Y;0.017206;0.024162
2018-10-16;CNY_OIS_RUSFARCNY_2Y;0.017272;0.024016
2018-10-17;CNY_OIS_RUSFARCNY_2Y;0.017173;0.023715
2018-10-18;CNY_OIS_RUSFARCNY_2Y;0.01799;0.024378
2018-10-19;CNY_OIS_RUSFARCNY_2Y;0.018266;0.024462
2018-10-22;CNY_OIS_RUSFARCNY_2Y;0.018656;0.024672
2018-10-23;CNY_OIS_RUSFARCNY_2Y;0.018505;0.024343
2018-10-24;CNY_OIS_RUSFARCNY_2Y;0.017998;0.02369
2018-10-25;CNY_OIS_RUSFARCNY_2Y;0.016154;0.021974
2018-10-26;CNY_OIS_RUSFARCNY_2Y;0.014659;0.020509
2018-10-29;CNY_OIS_RUSFARCNY_2Y;0.012386;0.018482
2018-10-30;CNY_OIS_RUSFARCNY_2Y;0.009267;0.015881
2018-10-31;CNY_OIS_RUSFARCNY_2Y;0.015348;0.02588
2018-11-01;CNY_OIS_RUSFARCNY_2Y;0.017196;0.027572
2018-11-02;CNY_OIS_RUSFARCNY_2Y;0.016641;0.026727
2018-11-05;CNY_OIS_RUSFARCNY_2Y;0.016364;0.026154
2018-11-06;CNY_OIS_RUSFARCNY_2Y;0.014792;0.024436
2018-11-07;CNY_OIS_RUSFARCNY_2Y;0.013053;0.022587
2018-11-08;CNY_OIS_RUSFARCNY_2Y;0.012035;0.021353
2018-11-09;CNY_OIS_RUSFARCNY_2Y;0.012766;0.021822
2018-11-12;CNY_OIS_RUSFARCNY_2Y;0.015394;0.024614
2018-11-13;CNY_OIS_RUSFARCNY_2Y;0.017049;0.026139
2018-11-14;CNY_OIS_RUSFARCNY_2Y;0.015695;0.024633
2018-11-15;CNY_OIS_RUSFARCNY_2Y;0.015971;0.024637
2018-11-16;CNY_OIS_RUSFARCNY_2Y;0.016162;0.024566
2018-11-19;CNY_OIS_RUSFARCNY_2Y;0.018212;0.026636
2018-11-20;CNY_OIS_RUSFARCNY_2Y;0.018909;0.027099
2018-11-21;CNY_OIS_RUSFARCNY_2Y;0.018731;0.026677
2018-11-22;CNY_OIS_RUSFARCNY_2Y;0.017569;0.025379
2018-11-23;CNY_OIS_RUSFARCNY_2Y;0.016653;0.024295
2018-11-26;CNY_OIS_RUSFARCNY_2Y;0.018117;0.025671
2018-11-27;CNY_OIS_RUSFARCNY_2Y;0.018799;0.026149
2018-11-28;CNY_OIS_RUSFARCNY_2Y;0.01874;0.025868
2018-11-29;CNY_OIS_RUSFARCNY_2Y;0.015791;0.023277
2018-11-30;CNY_OIS_RUSFARCNY_2Y;0.019203;0.027465
2018-12-03;CNY_OIS_RUSFARCNY_2Y;0.018004;0.026124
2018-12-04;CNY_OIS_RUSFARCNY_2Y;0.017411;0.025317
2018-12-05;CNY_OIS_RUSFARCNY_2Y;0.015642;0.023526
2018-12-06;CNY_OIS_RUSFARCNY_2Y;0.017192;0.024996
2018-12-07;CNY_OIS_RUSFARCNY_2Y;0.017291;0.024857
2018-12-10;CNY_OIS_RUSFARCNY_2Y;0.017771;0.025117
2018-12-11;CNY_OIS_RUSFARCNY_2Y;0.017983;0.025105
2018-12-12;CNY_OIS_RUSFARCNY_2Y;0.017695;0.024613
2018-12-13;CNY_OIS_RUSFARCNY_2Y;0.018714;0.025494
2018-12-14;CNY_OIS_RUSFARCNY_2Y;0.020103;0.026825
2018-12-17;CNY_OIS_RUSFARCNY_2Y;0.019901;0.026427
2018-12-18;CNY_OIS_RUSFARCNY_2Y;0.020432;0.026776
2018-12-19;CNY_OIS_RUSFARCNY_2Y;0.020378;0.02653
2018-12-20;CNY_OIS_RUSFARCNY_2Y;0.019568;0.0256
2018-12-21;CNY_OIS_RUSFARCNY_2Y;0.018819;0.024729
2018-12-24;CNY_OIS_RUSFARCNY_2Y;0.017076;0.023072
2018-12-25;CNY_OIS_RUSFARCNY_2Y;0.013925;0.020463
2018-12-26;CNY_OIS_RUSFARCNY_2Y;0.014035;0.020373
2018-12-27;CNY_OIS_RUSFARCNY_2Y;0.011535;0.018153
2018-12-28;CNY_OIS_RUSFARCNY_2Y;0.007994;0.015234
2018-12-29;CNY_OIS_RUSFARCNY_2Y;0.015817;0.029091
2019-01-02;CNY_OIS_RUSFARCNY_2Y;0.013345;0.026483
2019-01-03;CNY_OIS_RUSFARCNY_2Y;0.009996;0.023192
2019-01-04;CNY_OIS_RUSFARCNY_2Y;0.006796;0.020012
2019-01-07;CNY_OIS_RUSFARCNY_2Y;0.004892;0.017876
2019-01-08;CNY_OIS_RUSFARCNY_2Y;0.004757;0.017351
2019-01-09;CNY_OIS_RUSFARCNY_2Y;0.006427;0.018741
2019-01-10;CNY_OIS_RUSFARCNY_2Y;0.008305;0.020383
2019-01-11;CNY_OIS_RUSFARCNY_2Y;0.008136;0.019852
2019-01-14;CNY_OIS_RUSFARCNY_2Y;0.009947;0.021441
2019-01-15;CNY_OIS_RUSFARCNY_2Y;0.013474;0.025254
2019-01-16;CNY_OIS_RUSFARCNY_2Y;0.014255;0.025693
2019-01-17;CNY_OIS_RUSFARCNY_2Y;0.013954;0.025054
2019-01-18;CNY_OIS_RUSFARCNY_2Y;0.013302;0.024096
2019-01-21;CNY_OIS_RUSFARCNY_2Y;0.014071;0.024557
2019-01-22;CNY_OIS_RUSFARCNY_2Y;0.014261;0.024427
2019-01-23;CNY_OIS_RUSFARCNY_2Y;0.014426;0.024282
2019-01-24;CNY_OIS_RUSFARCNY_2Y;0.014765;0.024323
2019-01-25;CNY_OIS_RUSFARCNY_2Y;0.015872;0.025196
2019-01-28;CNY_OIS_RUSFARCNY_2Y;0.014251;0.023457
2019-01-29;CNY_OIS_RUSFARCNY_2Y;0.01319;0.022198
2019-01-30;CNY_OIS_RUSFARCNY_2Y;0.012551;0.021319
2019-01-31;CNY_OIS_RUSFARCNY_2Y;0.01487;0.023718
2019-02-01;CNY_OIS_RUSFARCNY_2Y;0.013565;0.022263
2019-02-02;CNY_OIS_RUSFARCNY_2Y;0.015253;0.023855
2019-02-03;CNY_OIS_RUSFARCNY_2Y;0.013502;0.022046
2019-02-11;CNY_OIS_RUSFARCNY_2Y;0.015319;0.023809
2019-02-12;CNY_OIS_RUSFARCNY_2Y;0.012772;0.021396
2019-02-13;CNY_OIS_RUSFARCNY_2Y;0.009681;0.018587
2019-02-14;CNY_OIS_RUSFARCNY_2Y;0.009806;0.018442
2019-02-15;CNY_OIS_RUSFARCNY_2Y;0.009858;0.01823
2019-02-18;CNY_OIS_RUSFARCNY_2Y;0.01104;0.019236
2019-02-19;CNY_OIS_RUSFARCNY_2Y;0.01254;0.020628
2019-02-20;CNY_OIS_RUSFARCNY_2Y;0.01149;0.019418
2019-02-21;CNY_OIS_RUSFARCNY_2Y;0.013263;0.021165
2019-02-22;CNY_OIS_RUSFARCNY_2Y;0.016863;0.025585
2019-02-25;CNY_OIS_RUSFARCNY_2Y;0.018641;0.027287
2019-02-26;CNY_OIS_RUSFARCNY_2Y;0.01974;0.028188
2019-02-27;CNY_OIS_RUSFARCNY_2Y;0.01935;0.027558
2019-02-28;CNY_OIS_RUSFARCNY_2Y;0.018759;0.026749
2019-03-01;CNY_OIS_RUSFARCNY_2Y;0.013995;0.022933
2019-03-04;CNY_OIS_RUSFARCNY_2Y;0.01176;0.020728
2019-03-05;CNY_OIS_RUSFARCNY_2Y;0.014895;0.024253
2019-03-06;CNY_OIS_RUSFARCNY_2Y;0.013009;0.022299
2019-03-07;CNY_OIS_RUSFARCNY_2Y;0.01301;0.022018
2019-03-08;CNY_OIS_RUSFARCNY_2Y;0.013017;0.021751
2019-03-11;CNY_OIS_RUSFARCNY_2Y;0.013593;0.022075
2019-03-12;CNY_OIS_RUSFARCNY_2Y;0.016215;0.024913
2019-03-13;CNY_OIS_RUSFARCNY_2Y;0.013233;0.022175
2019-03-14;CNY_OIS_RUSFARCNY_2Y;0.015516;0.024512
2019-03-15;CNY_OIS_RUSFARCNY_2Y;0.018749;0.028179
2019-03-18;CNY_OIS_RUSFARCNY_2Y;0.019873;0.029075
2019-03-19;CNY_OIS_RUSFARCNY_2Y;0.019088;0.02806
2019-03-20;CNY_OIS_RUSFARCNY_2Y;0.019698;0.02841
2019-03-21;CNY_OIS_RUSFARCNY_2Y;0.019292;0.027756
2019-03-22;CNY_OIS_RUSFARCNY_2Y;0.019005;0.027223
2019-03-25;CNY_OIS_RUSFARCNY_2Y;0.018256;0.026272
2019-03-26;CNY_OIS_RUSFARCNY_2Y;0.017972;0.025756
2019-03-27;CNY_OIS_RUSFARCNY_2Y;0.015848;0.0237
2019-03-28;CNY_OIS_RUSFARCNY_2Y;0.01331;0.021338
2019-03-29;CNY_OIS_RUSFARCNY_2Y;0.017247;0.026301
2019-04-01;CNY_OIS_RUSFARCNY_2Y;0.015586;0.024542
2019-04-02;CNY_OIS_RUSFARCNY_2Y;0.011749;0.021199
2019-04-03;CNY_OIS_RUSFARCNY_2Y;0.008716;0.018372
2019-04-04;CNY_OIS_RUSFARCNY_2Y;0.006232;0.015936
2019-04-08;CNY_OIS_RUSFARCNY_2Y;0.006489;0.015899
2019-04-09;CNY_OIS_RUSFARCNY_2Y;0.009936;0.019832
2019-04-10;CNY_OIS_RUSFARCNY_2Y;0.014285;0.025103
2019-04-11;CNY_OIS_RUSFARCNY_2Y;0.018507;0.030021
2019-04-12;CNY_OIS_RUSFARCNY_2Y;0.017836;0.029032
2019-04-15;CNY_OIS_RUSFARCNY_2Y;0.019404;0.030364
2019-04-16;CNY_OIS_RUSFARCNY_2Y;0.020412;0.031076
2019-04-17;CNY_OIS_RUSFARCNY_2Y;0.02169;0.032098
2019-04-18;CNY_OIS_RUSFARCNY_2Y;0.019897;0.030171
2019-04-19;CNY_OIS_RUSFARCNY_2Y;0.018482;0.028566
2019-04-22;CNY_OIS_RUSFARCNY_2Y;0.017566;0.027402
2019-04-23;CNY_OIS_RUSFARCNY_2Y;0.020222;0.030166
2019-04-24;CNY_OIS_RUSFARCNY_2Y;0.019598;0.02927
2019-04-25;CNY_OIS_RUSFARCNY_2Y;0.020072;0.029456
2019-04-26;CNY_OIS_RUSFARCNY_2Y;0.017083;0.026665
2019-04-28;CNY_OIS_RUSFARCNY_2Y;0.012469;0.022759
2019-04-29;CNY_OIS_RUSFARCNY_2Y;0.008568;0.01926
2019-04-30;CNY_OIS_RUSFARCNY_2Y;0.012216;0.023332
2019-05-05;CNY_OIS_RUSFARCNY_2Y;0.00921;0.020418
2019-05-06;CNY_OIS_RUSFARCNY_2Y;0.007847;0.018821
2019-05-07;CNY_OIS_RUSFARCNY_2Y;0.005346;0.016302
2019-05-08;CNY_OIS_RUSFARCNY_2Y;0.002857;0.013791
2019-05-09;CNY_OIS_RUSFARCNY_2Y;0.006402;0.017686
2019-05-10;CNY_OIS_RUSFARCNY_2Y;0.009467;0.020881
2019-05-13;CNY_OIS_RUSFARCNY_2Y;0.012681;0.024267
2019-05-14;CNY_OIS_RUSFARCNY_2Y;0.015265;0.026809
2019-05-15;CNY_OIS_RUSFARCNY_2Y;0.016617;0.027879
2019-05-16;CNY_OIS_RUSFARCNY_2Y;0.014109;0.025339
2019-05-17;CNY_OIS_RUSFARCNY_2Y;0.012757;0.023751
2019-05-20;CNY_OIS_RUSFARCNY_2Y;0.016938;0.02858
2019-05-21;CNY_OIS_RUSFARCNY_2Y;0.018705;0.030123
2019-05-22;CNY_OIS_RUSFARCNY_2Y;0.01757;0.028718
2019-05-23;CNY_OIS_RUSFARCNY_2Y;0.017346;0.028162
2019-05-24;CNY_OIS_RUSFARCNY_2Y;0.014942;0.025726
2019-05-27;CNY_OIS_RUSFARCNY_2Y;0.018082;0.029066
2019-05-28;CNY_OIS_RUSFARCNY_2Y;0.019167;0.029861
2019-05-29;CNY_OIS_RUSFARCNY_2Y;0.016454;0.027194
2019-05-30;CNY_OIS_RUSFARCNY_2Y;0.011931;0.023237
2019-05-31;CNY_OIS_RUSFARCNY_2Y;0.013334;0.024374
2019-06-03;CNY_OIS_RUSFARCNY_2Y;0.011501;0.022387
2019-06-04;CNY_OIS_RUSFARCNY_2Y;0.00884;0.019748
2019-06-05;CNY_OIS_RUSFARCNY_2Y;0.007502;0.018186
2019-06-06;CNY_OIS_RUSFARCNY_2Y;0.006932;0.017316
2019-06-10;CNY_OIS_RUSFARCNY_2Y;0.010081;0.020707
2019-06-11;CNY_OIS_RUSFARCNY_2Y;0.012184;0.022704
2019-06-12;CNY_OIS_RUSFARCNY_2Y;0.01117;0.021438
2019-06-13;CNY_OIS_RUSFARCNY_2Y;0.011175;0.021133
2019-06-14;CNY_OIS_RUSFARCNY_2Y;0.009205;0.019083
2019-06-17;CNY_OIS_RUSFARCNY_2Y;0.010119;0.019729
2019-06-18;CNY_OIS_RUSFARCNY_2Y;0.008151;0.017697
2019-06-19;CNY_OIS_RUSFARCNY_2Y;0.006687;0.016081
2019-06-20;CNY_OIS_RUSFARCNY_2Y;0.00478;0.014108
2019-06-21;CNY_OIS_RUSFARCNY_2Y;0.003453;0.012615
2019-06-24;CNY_OIS_RUSFARCNY_2Y;0.002435;0.011393
2019-06-25;CNY_OIS_RUSFARCNY_2Y;0.0028;0.011488
2019-06-26;CNY_OIS_RUSFARCNY_2Y;0.002609;0.011039
2019-06-27;CNY_OIS_RUSFARCNY_2Y;0.002439;0.010619
2019-06-28;CNY_OIS_RUSFARCNY_2Y;0.00612;0.015118
2019-07-01;CNY_OIS_RUSFARCNY_2Y;0.002922;0.012206
2019-07-02;CNY_OIS_RUSFARCNY_2Y;0.001486;0.010622
2019-07-03;CNY_OIS_RUSFARCNY_2Y;0.001251;0.010117
2019-07-04;CNY_OIS_RUSFARCNY_2Y;0.001053;0.009655
2019-07-05;CNY_OIS_RUSFARCNY_2Y;0.003152;0.011776
2019-07-08;CNY_OIS_RUSFARCNY_2Y;0.006718;0.01601
2019-07-09;CNY_OIS_RUSFARCNY_2Y;0.009828;0.01946
2019-07-10;CNY_OIS_RUSFARCNY_2Y;0.01038;0.019728
2019-07-11;CNY_OIS_RUSFARCNY_2Y;0.012262;0.021526
2019-07-12;CNY_OIS_RUSFARCNY_2Y;0.014608;0.02392
2019-07-15;CNY_OIS_RUSFARCNY_2Y;0.018156;0.028022
2019-07-16;CNY_OIS_RUSFARCNY_2Y;0.019349;0.028979
2019-07-17;CNY_OIS_RUSFARCNY_2Y;0.019355;0.028693
2019-07-18;CNY_OIS_RUSFARCNY_2Y;0.020096;0.029172
2019-07-19;CNY_OIS_RUSFARCNY_2Y;0.020775;0.029593
2019-07-22;CNY_OIS_RUSFARCNY_2Y;0.01926;0.027964
2019-07-23;CNY_OIS_RUSFARCNY_2Y;0.018278;0.02679
2019-07-24;CNY_OIS_RUSFARCNY_2Y;0.017576;0.025872
2019-07-25;CNY_OIS_RUSFARCNY_2Y;0.019101;0.027287
2019-07-26;CNY_OIS_RUSFARCNY_2Y;0.019305;0.027243
2019-07-29;CNY_OIS_RUSFARCNY_2Y;0.019356;0.027052
2019-07-30;CNY_OIS_RUSFARCNY_2Y;0.019393;0.026855
2019-07-31;CNY_OIS_RUSFARCNY_2Y;0.019715;0.026953
2019-08-01;CNY_OIS_RUSFARCNY_2Y;0.019745;0.026763
2019-08-02;CNY_OIS_RUSFARCNY_2Y;0.019852;0.026656
2019-08-05;CNY_OIS_RUSFARCNY_2Y;0.019022;0.025686
2019-08-06;CNY_OIS_RUSFARCNY_2Y;0.015975;0.023073
2019-08-07;CNY_OIS_RUSFARCNY_2Y;0.015666;0.022562
2019-08-08;CNY_OIS_RUSFARCNY_2Y;0.018269;0.025559
2019-08-09;CNY_OIS_RUSFARCNY_2Y;0.019305;0.026443
2019-08-12;CNY_OIS_RUSFARCNY_2Y;0.019739;0.026669
2019-08-13;CNY_OIS_RUSFARCNY_2Y;0.020219;0.026949
2019-08-14;CNY_OIS_RUSFARCNY_2Y;0.020539;0.027069
2019-08-15;CNY_OIS_RUSFARCNY_2Y;0.020335;0.026673
2019-08-16;CNY_OIS_RUSFARCNY_2Y;0.020491;0.026637
2019-08-19;CNY_OIS_RUSFARCNY_2Y;0.020595;0.026553
2019-08-20;CNY_OIS_RUSFARCNY_2Y;0.020443;0.026225
2019-08-21;CNY_OIS_RUSFARCNY_2Y;0.019926;0.025566
2019-08-22;CNY_OIS_RUSFARCNY_2Y;0.019613;0.025095
2019-08-23;CNY_OIS_RUSFARCNY_2Y;0.020107;0.025441
2019-08-26;CNY_OIS_RUSFARCNY_2Y;0.020704;0.025904
2019-08-27;CNY_OIS_RUSFARCNY_2Y;0.021155;0.026213
2019-08-28;CNY_OIS_RUSFARCNY_2Y;0.020527;0.025481
2019-08-29;CNY_OIS_RUSFARCNY_2Y;0.019198;0.02419
2019-08-30;CNY_OIS_RUSFARCNY_2Y;0.020165;0.025103
2019-09-02;CNY_OIS_RUSFARCNY_2Y;0.020018;0.02481
2019-09-03;CNY_OIS_RUSFARCNY_2Y;0.019713;0.024375
2019-09-04;CNY_OIS_RUSFARCNY_2Y;0.019076;0.023652
2019-09-05;CNY_OIS_RUSFARCNY_2Y;0.020006;0.024542
2019-09-06;CNY_OIS_RUSFARCNY_2Y;0.020663;0.025105
2019-09-09;CNY_OIS_RUSFARCNY_2Y;0.02083;0.025138
2019-09-10;CNY_OIS_RUSFARCNY_2Y;0.020336;0.024552
2019-09-11;CNY_OIS_RUSFARCNY_2Y;0.019313;0.023535
2019-09-12;CNY_OIS_RUSFARCNY_2Y;0.018513;0.022695
2019-09-16;CNY_OIS_RUSFARCNY_2Y;0.01824;0.022308
2019-09-17;CNY_OIS_RUSFARCNY_2Y;0.020261;0.024867
2019-09-18;CNY_OIS_RUSFARCNY_2Y;0.020983;0.025505
2019-09-19;CNY_OIS_RUSFARCNY_2Y;0.022026;0.026542
2019-09-20;CNY_OIS_RUSFARCNY_2Y;0.022185;0.026563
2019-09-23;CNY_OIS_RUSFARCNY_2Y;0.02238;0.026628
2019-09-24;CNY_OIS_RUSFARCNY_2Y;0.017715;0.023493
2019-09-25;CNY_OIS_RUSFARCNY_2Y;0.014109;0.020639
2019-09-26;CNY_OIS_RUSFARCNY_2Y;0.009471;0.017097
2019-09-27;CNY_OIS_RUSFARCNY_2Y;0.005982;0.014106
2019-09-29;CNY_OIS_RUSFARCNY_2Y;0.005452;0.013356
2019-09-30;CNY_OIS_RUSFARCNY_2Y;0.015106;0.031422
2019-10-08;CNY_OIS_RUSFARCNY_2Y;0.015275;0.031093
2019-10-09;CNY_OIS_RUSFARCNY_2Y;0.010954;0.026914
2019-10-10;CNY_OIS_RUSFARCNY_2Y;0.009277;0.024871
2019-10-11;CNY_OIS_RUSFARCNY_2Y;0.008445;0.023603
2019-10-12;CNY_OIS_RUSFARCNY_2Y;0.011548;0.02658
2019-10-14;CNY_OIS_RUSFARCNY_2Y;0.014966;0.029962
2019-10-15;CNY_OIS_RUSFARCNY_2Y;0.016633;0.031255
2019-10-16;CNY_OIS_RUSFARCNY_2Y;0.016766;0.030942
2019-10-17;CNY_OIS_RUSFARCNY_2Y;0.015869;0.029659
2019-10-18;CNY_OIS_RUSFARCNY_2Y;0.016406;0.029782
2019-10-21;CNY_OIS_RUSFARCNY_2Y;0.017242;0.030226
2019-10-22;CNY_OIS_RUSFARCNY_2Y;0.01858;0.031228
2019-10-23;CNY_OIS_RUSFARCNY_2Y;0.017277;0.029631
2019-10-24;CNY_OIS_RUSFARCNY_2Y;0.015288;0.02746
2019-10-25;CNY_OIS_RUSFARCNY_2Y;0.016065;0.027883
2019-10-28;CNY_OIS_RUSFARCNY_2Y;0.015963;0.027425
2019-10-29;CNY_OIS_RUSFARCNY_2Y;0.015009;0.026179
2019-10-30;CNY_OIS_RUSFARCNY_2Y;0.014518;0.02537
2019-10-31;CNY_OIS_RUSFARCNY_2Y;0.017346;0.028282
2019-11-01;CNY_OIS_RUSFARCNY_2Y;0.014414;0.025434
2019-11-04;CNY_OIS_RUSFARCNY_2Y;0.012195;0.023133
2019-11-05;CNY_OIS_RUSFARCNY_2Y;0.010315;0.021113
2019-11-06;CNY_OIS_RUSFARCNY_2Y;0.009538;0.02005
2019-11-07;CNY_OIS_RUSFARCNY_2Y;0.010926;0.021202
2019-11-08;CNY_OIS_RUSFARCNY_2Y;0.010952;0.020916
2019-11-11;CNY_OIS_RUSFARCNY_2Y;0.012366;0.022122
2019-11-12;CNY_OIS_RUSFARCNY_2Y;0.01562;0.025728
2019-11-13;CNY_OIS_RUSFARCNY_2Y;0.01786;0.027928
2019-11-14;CNY_OIS_RUSFARCNY_2Y;0.01868;0.028468
2019-11-15;CNY_OIS_RUSFARCNY_2Y;0.019097;0.028591
2019-11-18;CNY_OIS_RUSFARCNY_2Y;0.019381;0.028587
2019-11-19;CNY_OIS_RUSFARCNY_2Y;0.015497;0.025191
2019-11-20;CNY_OIS_RUSFARCNY_2Y;0.010669;0.021139
2019-11-21;CNY_OIS_RUSFARCNY_2Y;0.010322;0.020486
2019-11-22;CNY_OIS_RUSFARCNY_2Y;0.01144;0.021348
2019-11-25;CNY_OIS_RUSFARCNY_2Y;0.014226;0.024282
2019-11-26;CNY_OIS_RUSFARCNY_2Y;0.015248;0.02504
2019-11-27;CNY_OIS_RUSFARCNY_2Y;0.014474;0.024014
2019-11-28;CNY_OIS_RUSFARCNY_2Y;0.012999;0.022389
2019-11-29;CNY_OIS_RUSFARCNY_2Y;0.015699;0.025249
2019-12-02;CNY_OIS_RUSFARCNY_2Y;0.01457;0.023918
2019-12-03;CNY_OIS_RUSFARCNY_2Y;0.013672;0.022796
2019-12-04;CNY_OIS_RUSFARCNY_2Y;0.012123;0.021125
2019-12-05;CNY_OIS_RUSFARCNY_2Y;0.011597;0.020351
2019-12-06;CNY_OIS_RUSFARCNY_2Y;0.013313;0.021975
2019-12-09;CNY_OIS_RUSFARCNY_2Y;0.015933;0.024795
2019-12-10;CNY_OIS_RUSFARCNY_2Y;0.014531;0.023257
2019-12-11;CNY_OIS_RUSFARCNY_2Y;0.01345;0.021998
2019-12-12;CNY_OIS_RUSFARCNY_2Y;0.013298;0.02159
2019-12-13;CNY_OIS_RUSFARCNY_2Y;0.014203;0.022285
2019-12-16;CNY_OIS_RUSFARCNY_2Y;0.017059;0.025509
2019-12-17;CNY_OIS_RUSFARCNY_2Y;0.017862;0.026086
2019-12-18;CNY_OIS_RUSFARCNY_2Y;0.017776;0.025752
2019-12-19;CNY_OIS_RUSFARCNY_2Y;0.01303;0.021948
2019-12-20;CNY_OIS_RUSFARCNY_2Y;0.010549;0.019559
2019-12-23;CNY_OIS_RUSFARCNY_2Y;0.007917;0.017051
2019-12-24;CNY_OIS_RUSFARCNY_2Y;0.003064;0.013044
2019-12-25;CNY_OIS_RUSFARCNY_2Y;0.001425;0.011263
2019-12-26;CNY_OIS_RUSFARCNY_2Y;0.000599;0.010189
2019-12-27;CNY_OIS_RUSFARCNY_2Y;0.002868;0.01246
2019-12-30;CNY_OIS_RUSFARCNY_2Y;0.004219;0.013609
2019-12-31;CNY_OIS_RUSFARCNY_2Y;0.008628;0.01908
2020-01-02;CNY_OIS_RUSFARCNY_2Y;0.006119;0.016581
2020-01-03;CNY_OIS_RUSFARCNY_2Y;0.003255;0.013813
2020-01-06;CNY_OIS_RUSFARCNY_2Y;0.00176;0.012128
2020-01-07;CNY_OIS_RUSFARCNY_2Y;0.003918;0.01421
2020-01-08;CNY_OIS_RUSFARCNY_2Y;0.007155;0.017733
2020-01-09;CNY_OIS_RUSFARCNY_2Y;0.008637;0.018991
2020-01-10;CNY_OIS_RUSFARCNY_2Y;0.009599;0.019673
2020-01-13;CNY_OIS_RUSFARCNY_2Y;0.012398;0.02261
2020-01-14;CNY_OIS_RUSFARCNY_2Y;0.016599;0.027589
2020-01-15;CNY_OIS_RUSFARCNY_2Y;0.01808;0.028828
2020-01-16;CNY_OIS_RUSFARCNY_2Y;0.017788;0.02822
2020-01-17;CNY_OIS_RUSFARCNY_2Y;0.017057;0.027211
2020-01-19;CNY_OIS_RUSFARCNY_2Y;0.016089;0.025999
2020-01-20;CNY_OIS_RUSFARCNY_2Y;0.014514;0.024274
2020-01-21;CNY_OIS_RUSFARCNY_2Y;0.010671;0.020857
2020-01-22;CNY_OIS_RUSFARCNY_2Y;0.00699;0.017518
2020-01-23;CNY_OIS_RUSFARCNY_2Y;0.014396;0.028312
2020-02-03;CNY_OIS_RUSFARCNY_2Y;0.015201;0.028707
2020-02-04;CNY_OIS_RUSFARCNY_2Y;0.012988;0.0263
2020-02-05;CNY_OIS_RUSFARCNY_2Y;0.010868;0.02398
2020-02-06;CNY_OIS_RUSFARCNY_2Y;0.008635;0.021573
2020-02-07;CNY_OIS_RUSFARCNY_2Y;0.00857;0.021118
2020-02-10;CNY_OIS_RUSFARCNY_2Y;0.007307;0.019561
2020-02-11;CNY_OIS_RUSFARCNY_2Y;0.006555;0.018473
2020-02-12;CNY_OIS_RUSFARCNY_2Y;0.006343;0.017905
2020-02-13;CNY_OIS_RUSFARCNY_2Y;0.005724;0.016964
2020-02-14;CNY_OIS_RUSFARCNY_2Y;0.00394;0.015008
2020-02-17;CNY_OIS_RUSFARCNY_2Y;0.005727;0.016601
2020-02-18;CNY_OIS_RUSFARCNY_2Y;0.006657;0.017231
2020-02-19;CNY_OIS_RUSFARCNY_2Y;0.008008;0.01834
2020-02-20;CNY_OIS_RUSFARCNY_2Y;0.005803;0.016085
2020-02-21;CNY_OIS_RUSFARCNY_2Y;0.005474;0.015454
2020-02-24;CNY_OIS_RUSFARCNY_2Y;0.007318;0.01717
2020-02-25;CNY_OIS_RUSFARCNY_2Y;0.008145;0.017723
2020-02-26;CNY_OIS_RUSFARCNY_2Y;0.00723;0.016578
2020-02-27;CNY_OIS_RUSFARCNY_2Y;0.005784;0.014984
2020-02-28;CNY_OIS_RUSFARCNY_2Y;0.008501;0.017887
2020-03-02;CNY_OIS_RUSFARCNY_2Y;0.009482;0.018626
2020-03-03;CNY_OIS_RUSFARCNY_2Y;0.008676;0.017592
2020-03-04;CNY_OIS_RUSFARCNY_2Y;0.007132;0.015936
2020-03-05;CNY_OIS_RUSFARCNY_2Y;0.007146;0.015682
2020-03-06;CNY_OIS_RUSFARCNY_2Y;0.006371;0.014697
2020-03-09;CNY_OIS_RUSFARCNY_2Y;0.00859;0.016998
2020-03-10;CNY_OIS_RUSFARCNY_2Y;0.012416;0.021692
2020-03-11;CNY_OIS_RUSFARCNY_2Y;0.013565;0.022623
2020-03-12;CNY_OIS_RUSFARCNY_2Y;0.008569;0.018539
2020-03-13;CNY_OIS_RUSFARCNY_2Y;0.00605;0.016058
2020-03-16;CNY_OIS_RUSFARCNY_2Y;0.00428;0.014168
2020-03-17;CNY_OIS_RUSFARCNY_2Y;0.002889;0.012599
2020-03-18;CNY_OIS_RUSFARCNY_2Y;0.001796;0.011292
2020-03-19;CNY_OIS_RUSFARCNY_2Y;0.000731;0.010017
2020-03-20;CNY_OIS_RUSFARCNY_2Y;0.000354;0.009374
2020-03-23;CNY_OIS_RUSFARCNY_2Y;0.000984;0.009744
2020-03-24;CNY_OIS_RUSFARCNY_2Y;0.000804;0.009304
2020-03-25;CNY_OIS_RUSFARCNY_2Y;0.00126;0.009508
2020-03-26;CNY_OIS_RUSFARCNY_2Y;0.001366;0.009362
2020-03-27;CNY_OIS_RUSFARCNY_2Y;0.003851;0.012057
2020-03-30;CNY_OIS_RUSFARCNY_2Y;0.006436;0.014872
2020-03-31;CNY_OIS_RUSFARCNY_2Y;0.008778;0.01733
2020-04-01;CNY_OIS_RUSFARCNY_2Y;0.006656;0.015232
2020-04-02;CNY_OIS_RUSFARCNY_2Y;0.005486;0.013902
2020-04-03;CNY_OIS_RUSFARCNY_2Y;0.002598;0.01125
2020-04-07;CNY_OIS_RUSFARCNY_2Y;0.000659;0.009289
2020-04-08;CNY_OIS_RUSFARCNY_2Y;0.001636;0.010052
2020-04-09;CNY_OIS_RUSFARCNY_2Y;0.004387;0.013081
2020-04-10;CNY_OIS_RUSFARCNY_2Y;0.006101;0.014707
2020-04-13;CNY_OIS_RUSFARCNY_2Y;0.006519;0.014869
2020-04-14;CNY_OIS_RUSFARCNY_2Y;0.002341;0.011367
2020-04-15;CNY_OIS_RUSFARCNY_2Y;0.000435;0.009413
2020-04-16;CNY_OIS_RUSFARCNY_2Y;-0.000448;0.008316
2020-04-17;CNY_OIS_RUSFARCNY_2Y;-0.000175;0.008323
2020-04-20;CNY_OIS_RUSFARCNY_2Y;0.001649;0.010099
2020-04-21;CNY_OIS_RUSFARCNY_2Y;0.001828;0.01002
2020-04-22;CNY_OIS_RUSFARCNY_2Y;0.001953;0.009895
2020-04-23;CNY_OIS_RUSFARCNY_2Y;0.001993;0.009695
2020-04-24;CNY_OIS_RUSFARCNY_2Y;0.002299;0.009769
2020-04-26;CNY_OIS_RUSFARCNY_2Y;0.002373;0.009615
2020-04-27;CNY_OIS_RUSFARCNY_2Y;0.002139;0.009169
2020-04-28;CNY_OIS_RUSFARCNY_2Y;0.002246;0.009062
2020-04-29;CNY_OIS_RUSFARCNY_2Y;3.9e-05;0.007009
2020-04-30;CNY_OIS_RUSFARCNY_2Y;0.008579;0.023009
2020-05-06;CNY_OIS_RUSFARCNY_2Y;0.004439;0.019049
2020-05-07;CNY_OIS_RUSFARCNY_2Y;0.001044;0.015644
2020-05-08;CNY_OIS_RUSFARCNY_2Y;-0.000863;0.013451
2020-05-09;CNY_OIS_RUSFARCNY_2Y;-0.00154;0.012368
2020-05-11;CNY_OIS_RUSFARCNY_2Y;-0.00107;0.012418
2020-05-12;CNY_OIS_RUSFARCNY_2Y;-0.001605;0.011493
2020-05-13;CNY_OIS_RUSFARCNY_2Y;-0.002406;0.010334
2020-05-14;CNY_OIS_RUSFARCNY_2Y;-0.001835;0.010523
2020-05-15;CNY_OIS_RUSFARCNY_2Y;-0.00047;0.011578
2020-05-18;CNY_OIS_RUSFARCNY_2Y;0.00012;0.011808
2020-05-19;CNY_OIS_RUSFARCNY_2Y;0.004573;0.016955
2020-05-20;CNY_OIS_RUSFARCNY_2Y;0.003051;0.015177
2020-05-21;CNY_OIS_RUSFARCNY_2Y;0.002045;0.013863
2020-05-22;CNY_OIS_RUSFARCNY_2Y;0.002125;0.013583
2020-05-25;CNY_OIS_RUSFARCNY_2Y;0.00575;0.017538
2020-05-26;CNY_OIS_RUSFARCNY_2Y;0.009621;0.021807
2020-05-27;CNY_OIS_RUSFARCNY_2Y;0.011933;0.023975
2020-05-28;CNY_OIS_RUSFARCNY_2Y;0.012096;0.023772
2020-05-29;CNY_OIS_RUSFARCNY_2Y;0.012224;0.023544
2020-06-01;CNY_OIS_RUSFARCNY_2Y;0.007202;0.019206
2020-06-02;CNY_OIS_RUSFARCNY_2Y;0.005715;0.017473
2020-06-03;CNY_OIS_RUSFARCNY_2Y;0.009666;0.021862
2020-06-04;CNY_OIS_RUSFARCNY_2Y;0.010618;0.02247
2020-06-05;CNY_OIS_RUSFARCNY_2Y;0.006657;0.018811
2020-06-08;CNY_OIS_RUSFARCNY_2Y;0.009709;0.021919
2020-06-09;CNY_OIS_RUSFARCNY_2Y;0.009317;0.021171
2020-06-10;CNY_OIS_RUSFARCNY_2Y;0.009657;0.021151
2020-06-11;CNY_OIS_RUSFARCNY_2Y;0.008892;0.020076
2020-06-12;CNY_OIS_RUSFARCNY_2Y;0.006654;0.017754
2020-06-15;CNY_OIS_RUSFARCNY_2Y;0.006297;0.017071
2020-06-16;CNY_OIS_RUSFARCNY_2Y;0.00901;0.019838
2020-06-17;CNY_OIS_RUSFARCNY_2Y;0.011923;0.022865
2020-06-18;CNY_OIS_RUSFARCNY_2Y;0.012825;0.023463
2020-06-19;CNY_OIS_RUSFARCNY_2Y;0.013067;0.023381
2020-06-22;CNY_OIS_RUSFARCNY_2Y;0.013244;0.023244
2020-06-23;CNY_OIS_RUSFARCNY_2Y;0.011704;0.021544
2020-06-24;CNY_OIS_RUSFARCNY_2Y;0.007044;0.017584
2020-06-28;CNY_OIS_RUSFARCNY_2Y;0.002268;0.01348
2020-06-29;CNY_OIS_RUSFARCNY_2Y;0.001581;0.012487
2020-06-30;CNY_OIS_RUSFARCNY_2Y;0.008125;0.021403
2020-07-01;CNY_OIS_RUSFARCNY_2Y;0.010078;0.02309
2020-07-02;CNY_OIS_RUSFARCNY_2Y;0.007951;0.020777
2020-07-03;CNY_OIS_RUSFARCNY_2Y;0.004029;0.017079
2020-07-06;CNY_OIS_RUSFARCNY_2Y;0.004047;0.016701
2020-07-07;CNY_OIS_RUSFARCNY_2Y;0.007561;0.020387
2020-07-08;CNY_OIS_RUSFARCNY_2Y;0.011267;0.024321
2020-07-09;CNY_OIS_RUSFARCNY_2Y;0.012454;0.025154
2020-07-10;CNY_OIS_RUSFARCNY_2Y;0.012728;0.02504
2020-07-13;CNY_OIS_RUSFARCNY_2Y;0.012215;0.024173
2020-07-14;CNY_OIS_RUSFARCNY_2Y;0.007347;0.019881
2020-07-15;CNY_OIS_RUSFARCNY_2Y;0.010789;0.023479
2020-07-16;CNY_OIS_RUSFARCNY_2Y;0.013117;0.025641
2020-07-17;CNY_OIS_RUSFARCNY_2Y;0.014108;0.02628
2020-07-20;CNY_OIS_RUSFARCNY_2Y;0.010271;0.022687
2020-07-21;CNY_OIS_RUSFARCNY_2Y;0.006432;0.019076
2020-07-22;CNY_OIS_RUSFARCNY_2Y;0.00401;0.016538
2020-07-23;CNY_OIS_RUSFARCNY_2Y;0.008843;0.022145
2020-07-24;CNY_OIS_RUSFARCNY_2Y;0.008895;0.021793
2020-07-27;CNY_OIS_RUSFARCNY_2Y;0.010552;0.023156
2020-07-28;CNY_OIS_RUSFARCNY_2Y;0.008207;0.020681
2020-07-29;CNY_OIS_RUSFARCNY_2Y;0.005166;0.017662
2020-07-30;CNY_OIS_RUSFARCNY_2Y;0.004532;0.016676
2020-07-31;CNY_OIS_RUSFARCNY_2Y;0.008517;0.021071
2020-08-03;CNY_OIS_RUSFARCNY_2Y;0.006424;0.018804
2020-08-04;CNY_OIS_RUSFARCNY_2Y;0.009885;0.022443
2020-08-05;CNY_OIS_RUSFARCNY_2Y;0.007605;0.020023
2020-08-06;CNY_OIS_RUSFARCNY_2Y;0.007502;0.019546
2020-08-07;CNY_OIS_RUSFARCNY_2Y;0.011294;0.023674
2020-08-10;CNY_OIS_RUSFARCNY_2Y;0.012191;0.024217
2020-08-11;CNY_OIS_RUSFARCNY_2Y;0.013082;0.024766
2020-08-12;CNY_OIS_RUSFARCNY_2Y;0.012764;0.024104
2020-08-13;CNY_OIS_RUSFARCNY_2Y;0.013037;0.024031
2020-08-14;CNY_OIS_RUSFARCNY_2Y;0.013334;0.023994
2020-08-17;CNY_OIS_RUSFARCNY_2Y;0.01302;0.023368
2020-08-18;CNY_OIS_RUSFARCNY_2Y;0.013047;0.023081
2020-08-19;CNY_OIS_RUSFARCNY_2Y;0.013527;0.023261
2020-08-20;CNY_OIS_RUSFARCNY_2Y;0.013914;0.023354
2020-08-21;CNY_OIS_RUSFARCNY_2Y;0.014896;0.024092
2020-08-24;CNY_OIS_RUSFARCNY_2Y;0.01602;0.024998
2020-08-25;CNY_OIS_RUSFARCNY_2Y;0.011802;0.021406
2020-08-26;CNY_OIS_RUSFARCNY_2Y;0.008236;0.018192
2020-08-27;CNY_OIS_RUSFARCNY_2Y;0.006793;0.016575
2020-08-28;CNY_OIS_RUSFARCNY_2Y;0.005572;0.015156
2020-08-31;CNY_OIS_RUSFARCNY_2Y;0.009439;0.019709
2020-09-01;CNY_OIS_RUSFARCNY_2Y;0.012675;0.023233
2020-09-02;CNY_OIS_RUSFARCNY_2Y;0.012735;0.022973
2020-09-03;CNY_OIS_RUSFARCNY_2Y;0.009045;0.019623
2020-09-04;CNY_OIS_RUSFARCNY_2Y;0.012059;0.022809
2020-09-07;CNY_OIS_RUSFARCNY_2Y;0.012579;0.023009
2020-09-08;CNY_OIS_RUSFARCNY_2Y;0.012365;0.022483
2020-09-09;CNY_OIS_RUSFARCNY_2Y;0.007563;0.018405
2020-09-10;CNY_OIS_RUSFARCNY_2Y;0.004878;0.01575
2020-09-11;CNY_OIS_RUSFARCNY_2Y;0.006245;0.016863
2020-09-14;CNY_OIS_RUSFARCNY_2Y;0.007783;0.018185
2020-09-15;CNY_OIS_RUSFARCNY_2Y;0.009141;0.019307
2020-09-16;CNY_OIS_RUSFARCNY_2Y;0.005741;0.016167
2020-09-17;CNY_OIS_RUSFARCNY_2Y;0.009205;0.020003
2020-09-18;CNY_OIS_RUSFARCNY_2Y;0.012413;0.023435
2020-09-21;CNY_OIS_RUSFARCNY_2Y;0.013584;0.024324
2020-09-22;CNY_OIS_RUSFARCNY_2Y;0.01455;0.024998
2020-09-23;CNY_OIS_RUSFARCNY_2Y;0.010276;0.021232
2020-09-24;CNY_OIS_RUSFARCNY_2Y;0.005329;0.016979
2020-09-25;CNY_OIS_RUSFARCNY_2Y;0.00217;0.013918
2020-09-27;CNY_OIS_RUSFARCNY_2Y;-0.00235;0.009878
2020-09-28;CNY_OIS_RUSFARCNY_2Y;-0.003009;0.008877
2020-09-29;CNY_OIS_RUSFARCNY_2Y;6e-05;0.012028
2020-09-30;CNY_OIS_RUSFARCNY_2Y;0.011023;0.030025
2020-10-09;CNY_OIS_RUSFARCNY_2Y;0.00793;0.026658
2020-10-10;CNY_OIS_RUSFARCNY_2Y;0.003869;0.022519
2020-10-12;CNY_OIS_RUSFARCNY_2Y;0.003159;0.021269
2020-10-13;CNY_OIS_RUSFARCNY_2Y;0.00509;0.022738
2020-10-14;CNY_OIS_RUSFARCNY_2Y;0.007872;0.025196
2020-10-15;CNY_OIS_RUSFARCNY_2Y;0.009129;0.025959
2020-10-16;CNY_OIS_RUSFARCNY_2Y;0.008922;0.025246
2020-10-19;CNY_OIS_RUSFARCNY_2Y;0.010821;0.026747
2020-10-20;CNY_OIS_RUSFARCNY_2Y;0.010813;0.026255
2020-10-21;CNY_OIS_RUSFARCNY_2Y;0.009254;0.024334
2020-10-22;CNY_OIS_RUSFARCNY_2Y;0.008702;0.023346
2020-10-23;CNY_OIS_RUSFARCNY_2Y;0.011308;0.02574
2020-10-26;CNY_OIS_RUSFARCNY_2Y;0.011717;0.025711
2020-10-27;CNY_OIS_RUSFARCNY_2Y;0.013851;0.027577
2020-10-28;CNY_OIS_RUSFARCNY_2Y;0.01405;0.027358
2020-10-29;CNY_OIS_RUSFARCNY_2Y;0.011579;0.024749
2020-10-30;CNY_OIS_RUSFARCNY_2Y;0.012864;0.025684
2020-11-02;CNY_OIS_RUSFARCNY_2Y;0.013903;0.026365
2020-11-03;CNY_OIS_RUSFARCNY_2Y;0.009108;0.02208
2020-11-04;CNY_OIS_RUSFARCNY_2Y;0.00475;0.018058
2020-11-05;CNY_OIS_RUSFARCNY_2Y;0.004222;0.017146
2020-11-06;CNY_OIS_RUSFARCNY_2Y;0.008191;0.021437
2020-11-09;CNY_OIS_RUSFARCNY_2Y;0.01209;0.025598
2020-11-10;CNY_OIS_RUSFARCNY_2Y;0.013656;0.026832
2020-11-11;CNY_OIS_RUSFARCNY_2Y;0.013665;0.026443
2020-11-12;CNY_OIS_RUSFARCNY_2Y;0.015837;0.028411
2020-11-13;CNY_OIS_RUSFARCNY_2Y;0.016049;0.028239
2020-11-16;CNY_OIS_RUSFARCNY_2Y;0.013359;0.025509
2020-11-17;CNY_OIS_RUSFARCNY_2Y;0.008549;0.021239
2020-11-18;CNY_OIS_RUSFARCNY_2Y;0.007949;0.020279
2020-11-19;CNY_OIS_RUSFARCNY_2Y;0.010029;0.022159
2020-11-20;CNY_OIS_RUSFARCNY_2Y;0.01062;0.022388
2020-11-23;CNY_OIS_RUSFARCNY_2Y;0.009565;0.021043
2020-11-24;CNY_OIS_RUSFARCNY_2Y;0.00963;0.020758
2020-11-25;CNY_OIS_RUSFARCNY_2Y;0.007145;0.018243
2020-11-26;CNY_OIS_RUSFARCNY_2Y;0.004321;0.015467
2020-11-27;CNY_OIS_RUSFARCNY_2Y;-0.000639;0.011187
2020-11-30;CNY_OIS_RUSFARCNY_2Y;0.002151;0.013977
2020-12-01;CNY_OIS_RUSFARCNY_2Y;-0.001462;0.01057
2020-12-02;CNY_OIS_RUSFARCNY_2Y;-0.0015;0.010168
2020-12-03;CNY_OIS_RUSFARCNY_2Y;0.000208;0.01164
2020-12-04;CNY_OIS_RUSFARCNY_2Y;0.002149;0.013399
2020-12-07;CNY_OIS_RUSFARCNY_2Y;0.00493;0.016218
2020-12-08;CNY_OIS_RUSFARCNY_2Y;0.004452;0.015416
2020-12-09;CNY_OIS_RUSFARCNY_2Y;0.002108;0.01302
2020-12-10;CNY_OIS_RUSFARCNY_2Y;0.001395;0.012013
2020-12-11;CNY_OIS_RUSFARCNY_2Y;0.005567;0.016881
2020-12-14;CNY_OIS_RUSFARCNY_2Y;0.008271;0.019597
2020-12-15;CNY_OIS_RUSFARCNY_2Y;0.005238;0.01665
2020-12-16;CNY_OIS_RUSFARCNY_2Y;0.00069;0.012618
2020-12-17;CNY_OIS_RUSFARCNY_2Y;0.00436;0.016588
2020-12-18;CNY_OIS_RUSFARCNY_2Y;0.007917;0.020371
2020-12-21;CNY_OIS_RUSFARCNY_2Y;0.005646;0.017962
2020-12-22;CNY_OIS_RUSFARCNY_2Y;0.000605;0.013523
2020-12-23;CNY_OIS_RUSFARCNY_2Y;-0.003441;0.009729
2020-12-24;CNY_OIS_RUSFARCNY_2Y;-0.003381;0.009389
2020-12-25;CNY_OIS_RUSFARCNY_2Y;-0.00142;0.011108
2020-12-28;CNY_OIS_RUSFARCNY_2Y;-0.002461;0.009749
2020-12-29;CNY_OIS_RUSFARCNY_2Y;-0.00277;0.009078
2020-12-30;CNY_OIS_RUSFARCNY_2Y;-0.002391;0.009099
2020-12-31;CNY_OIS_RUSFARCNY_2Y;0.001805;0.013883
2021-01-04;CNY_OIS_RUSFARCNY_2Y;-3.7e-05;0.011845
2021-01-05;CNY_OIS_RUSFARCNY_2Y;-0.001623;0.010031
2021-01-06;CNY_OIS_RUSFARCNY_2Y;-0.002606;0.008754
2021-01-07;CNY_OIS_RUSFARCNY_2Y;0.000393;0.011855
2021-01-08;CNY_OIS_RUSFARCNY_2Y;0.001003;0.012125
2021-01-11;CNY_OIS_RUSFARCNY_2Y;0.003527;0.014621
2021-01-12;CNY_OIS_RUSFARCNY_2Y;0.004832;0.015656
2021-01-13;CNY_OIS_RUSFARCNY_2Y;0.005665;0.016183
2021-01-14;CNY_OIS_RUSFARCNY_2Y;0.00837;0.018958
2021-01-15;CNY_OIS_RUSFARCNY_2Y;0.009151;0.019437
2021-01-18;CNY_OIS_RUSFARCNY_2Y;0.012787;0.023541
2021-01-19;CNY_OIS_RUSFARCNY_2Y;0.014029;0.024519
2021-01-20;CNY_OIS_RUSFARCNY_2Y;0.016271;0.026697
2021-01-21;CNY_OIS_RUSFARCNY_2Y;0.017554;0.027734
2021-01-22;CNY_OIS_RUSFARCNY_2Y;0.016288;0.02626
2021-01-25;CNY_OIS_RUSFARCNY_2Y;0.016579;0.026249
2021-01-26;CNY_OIS_RUSFARCNY_2Y;0.019272;0.029076
2021-01-27;CNY_OIS_RUSFARCNY_2Y;0.021695;0.031533
2021-01-28;CNY_OIS_RUSFARCNY_2Y;0.022377;0.031931
2021-01-29;CNY_OIS_RUSFARCNY_2Y;0.024912;0.034556
2021-02-01;CNY_OIS_RUSFARCNY_2Y;0.019548;0.03018
2021-02-02;CNY_OIS_RUSFARCNY_2Y;0.014314;0.025774
2021-02-03;CNY_OIS_RUSFARCNY_2Y;0.009468;0.02154
2021-02-04;CNY_OIS_RUSFARCNY_2Y;0.011706;0.023622
2021-02-05;CNY_OIS_RUSFARCNY_2Y;0.010163;0.021845
2021-02-07;CNY_OIS_RUSFARCNY_2Y;0.006718;0.01857
2021-02-08;CNY_OIS_RUSFARCNY_2Y;0.009974;0.021974
2021-02-09;CNY_OIS_RUSFARCNY_2Y;0.008775;0.020493
2021-02-10;CNY_OIS_RUSFARCNY_2Y;0.010428;0.0219
2021-02-18;CNY_OIS_RUSFARCNY_2Y;0.014357;0.026291
2021-02-19;CNY_OIS_RUSFARCNY_2Y;0.009525;0.022023
2021-02-20;CNY_OIS_RUSFARCNY_2Y;0.005028;0.01794
2021-02-22;CNY_OIS_RUSFARCNY_2Y;0.005768;0.0183
2021-02-23;CNY_OIS_RUSFARCNY_2Y;0.010203;0.023305
2021-02-24;CNY_OIS_RUSFARCNY_2Y;0.005225;0.018843
2021-02-25;CNY_OIS_RUSFARCNY_2Y;0.007268;0.02062
2021-02-26;CNY_OIS_RUSFARCNY_2Y;0.011053;0.024615
2021-03-01;CNY_OIS_RUSFARCNY_2Y;0.011872;0.025036
2021-03-02;CNY_OIS_RUSFARCNY_2Y;0.007986;0.021342
2021-03-03;CNY_OIS_RUSFARCNY_2Y;0.004959;0.018289
2021-03-04;CNY_OIS_RUSFARCNY_2Y;0.009293;0.023055
2021-03-05;CNY_OIS_RUSFARCNY_2Y;0.005634;0.019494
2021-03-08;CNY_OIS_RUSFARCNY_2Y;0.007197;0.020711
2021-03-09;CNY_OIS_RUSFARCNY_2Y;0.010395;0.023913
2021-03-10;CNY_OIS_RUSFARCNY_2Y;0.007674;0.021094
2021-03-11;CNY_OIS_RUSFARCNY_2Y;0.008364;0.021384
2021-03-12;CNY_OIS_RUSFARCNY_2Y;0.008472;0.021096
2021-03-15;CNY_OIS_RUSFARCNY_2Y;0.012798;0.02593
2021-03-16;CNY_OIS_RUSFARCNY_2Y;0.011925;0.024703
2021-03-17;CNY_OIS_RUSFARCNY_2Y;0.010335;0.022853
2021-03-18;CNY_OIS_RUSFARCNY_2Y;0.012781;0.025167
2021-03-19;CNY_OIS_RUSFARCNY_2Y;0.012248;0.02428
2021-03-22;CNY_OIS_RUSFARCNY_2Y;0.011586;0.023282
2021-03-23;CNY_OIS_RUSFARCNY_2Y;0.01099;0.022358
2021-03-24;CNY_OIS_RUSFARCNY_2Y;0.009565;0.020703
2021-03-25;CNY_OIS_RUSFARCNY_2Y;0.011699;0.022709
2021-03-26;CNY_OIS_RUSFARCNY_2Y;0.009019;0.020049
2021-03-29;CNY_OIS_RUSFARCNY_2Y;0.009701;0.020407
2021-03-30;CNY_OIS_RUSFARCNY_2Y;0.009973;0.020355
2021-03-31;CNY_OIS_RUSFARCNY_2Y;0.012887;0.023421
2021-04-01;CNY_OIS_RUSFARCNY_2Y;0.013237;0.023451
2021-04-02;CNY_OIS_RUSFARCNY_2Y;0.008865;0.019643
2021-04-06;CNY_OIS_RUSFARCNY_2Y;0.009337;0.019791
2021-04-07;CNY_OIS_RUSFARCNY_2Y;0.010077;0.020231
2021-04-08;CNY_OIS_RUSFARCNY_2Y;0.00958;0.019448
2021-04-09;CNY_OIS_RUSFARCNY_2Y;0.009969;0.019539
2021-04-12;CNY_OIS_RUSFARCNY_2Y;0.010195;0.019473
2021-04-13;CNY_OIS_RUSFARCNY_2Y;0.010226;0.019222
2021-04-14;CNY_OIS_RUSFARCNY_2Y;0.01065;0.019378
2021-04-15;CNY_OIS_RUSFARCNY_2Y;0.010783;0.019245
2021-04-16;CNY_OIS_RUSFARCNY_2Y;0.012212;0.020536
2021-04-19;CNY_OIS_RUSFARCNY_2Y;0.013961;0.022227
2021-04-20;CNY_OIS_RUSFARCNY_2Y;0.011218;0.01969
2021-04-21;CNY_OIS_RUSFARCNY_2Y;0.011447;0.019661
2021-04-22;CNY_OIS_RUSFARCNY_2Y;0.013974;0.022394
2021-04-23;CNY_OIS_RUSFARCNY_2Y;0.012141;0.020527
2021-04-25;CNY_OIS_RUSFARCNY_2Y;0.013009;0.021179
2021-04-26;CNY_OIS_RUSFARCNY_2Y;0.013693;0.021635
2021-04-27;CNY_OIS_RUSFARCNY_2Y;0.010972;0.019136
2021-04-28;CNY_OIS_RUSFARCNY_2Y;0.010752;0.018676
2021-04-29;CNY_OIS_RUSFARCNY_2Y;0.011296;0.018992
2021-04-30;CNY_OIS_RUSFARCNY_2Y;0.015328;0.0242
2021-05-06;CNY_OIS_RUSFARCNY_2Y;0.013473;0.022295
2021-05-07;CNY_OIS_RUSFARCNY_2Y;0.01012;0.019288
2021-05-08;CNY_OIS_RUSFARCNY_2Y;0.007169;0.016539
2021-05-10;CNY_OIS_RUSFARCNY_2Y;0.008918;0.01817
2021-05-11;CNY_OIS_RUSFARCNY_2Y;0.011587;0.021001
2021-05-12;CNY_OIS_RUSFARCNY_2Y;0.011859;0.020989
2021-05-13;CNY_OIS_RUSFARCNY_2Y;0.012148;0.021
2021-05-14;CNY_OIS_RUSFARCNY_2Y;0.010592;0.019336
2021-05-17;CNY_OIS_RUSFARCNY_2Y;0.013699;0.022849
2021-05-18;CNY_OIS_RUSFARCNY_2Y;0.013668;0.02254
2021-05-19;CNY_OIS_RUSFARCNY_2Y;0.012835;0.021493
2021-05-20;CNY_OIS_RUSFARCNY_2Y;0.013623;0.022045
2021-05-21;CNY_OIS_RUSFARCNY_2Y;0.012761;0.020987
2021-05-24;CNY_OIS_RUSFARCNY_2Y;0.014534;0.022714
2021-05-25;CNY_OIS_RUSFARCNY_2Y;0.014887;0.022821
2021-05-26;CNY_OIS_RUSFARCNY_2Y;0.012824;0.020804
2021-05-27;CNY_OIS_RUSFARCNY_2Y;0.01416;0.022008
2021-05-28;CNY_OIS_RUSFARCNY_2Y;0.014761;0.022387
2021-05-31;CNY_OIS_RUSFARCNY_2Y;0.015473;0.022895
2021-06-01;CNY_OIS_RUSFARCNY_2Y;0.01518;0.022388
2021-06-02;CNY_OIS_RUSFARCNY_2Y;0.013738;0.02089
2021-06-03;CNY_OIS_RUSFARCNY_2Y;0.011832;0.019036
2021-06-04;CNY_OIS_RUSFARCNY_2Y;0.014789;0.022539
2021-06-07;CNY_OIS_RUSFARCNY_2Y;0.016092;0.023716
2021-06-08;CNY_OIS_RUSFARCNY_2Y;0.015108;0.02258
2021-06-09;CNY_OIS_RUSFARCNY_2Y;0.015171;0.022417
2021-06-10;CNY_OIS_RUSFARCNY_2Y;0.012;0.019668
2021-06-11;CNY_OIS_RUSFARCNY_2Y;0.013136;0.020652
2021-06-15;CNY_OIS_RUSFARCNY_2Y;0.014269;0.021639
2021-06-16;CNY_OIS_RUSFARCNY_2Y;0.013365;0.020583
2021-06-17;CNY_OIS_RUSFARCNY_2Y;0.01211;0.019238
2021-06-18;CNY_OIS_RUSFARCNY_2Y;0.013525;0.020583
2021-06-21;CNY_OIS_RUSFARCNY_2Y;0.015755;0.023013
2021-06-22;CNY_OIS_RUSFARCNY_2Y;0.016394;0.023454
2021-06-23;CNY_OIS_RUSFARCNY_2Y;0.015538;0.02245
2021-06-24;CNY_OIS_RUSFARCNY_2Y;0.011619;0.019269
2021-06-25;CNY_OIS_RUSFARCNY_2Y;0.008385;0.016443
2021-06-28;CNY_OIS_RUSFARCNY_2Y;0.008588;0.0164
2021-06-29;CNY_OIS_RUSFARCNY_2Y;0.010881;0.018847
2021-06-30;CNY_OIS_RUSFARCNY_2Y;0.014342;0.023026
2021-07-01;CNY_OIS_RUSFARCNY_2Y;0.009456;0.019052
2021-07-02;CNY_OIS_RUSFARCNY_2Y;0.008361;0.017747
2021-07-05;CNY_OIS_RUSFARCNY_2Y;0.009006;0.018122
2021-07-06;CNY_OIS_RUSFARCNY_2Y;0.011398;0.02059
2021-07-07;CNY_OIS_RUSFARCNY_2Y;0.013061;0.022127
2021-07-08;CNY_OIS_RUSFARCNY_2Y;0.0102;0.019448
2021-07-09;CNY_OIS_RUSFARCNY_2Y;0.013999;0.023949
2021-07-12;CNY_OIS_RUSFARCNY_2Y;0.011296;0.021332
2021-07-13;CNY_OIS_RUSFARCNY_2Y;0.012516;0.022312
2021-07-14;CNY_OIS_RUSFARCNY_2Y;0.011993;0.021515
2021-07-15;CNY_OIS_RUSFARCNY_2Y;0.01324;0.022548
2021-07-16;CNY_OIS_RUSFARCNY_2Y;0.013551;0.022577
2021-07-19;CNY_OIS_RUSFARCNY_2Y;0.013648;0.0224
2021-07-20;CNY_OIS_RUSFARCNY_2Y;0.014437;0.022951
2021-07-21;CNY_OIS_RUSFARCNY_2Y;0.014607;0.022861
2021-07-22;CNY_OIS_RUSFARCNY_2Y;0.014037;0.022071
2021-07-23;CNY_OIS_RUSFARCNY_2Y;0.013578;0.02139
2021-07-26;CNY_OIS_RUSFARCNY_2Y;0.014303;0.021905
2021-07-27;CNY_OIS_RUSFARCNY_2Y;0.015847;0.023381
2021-07-28;CNY_OIS_RUSFARCNY_2Y;0.014066;0.021602
2021-07-29;CNY_OIS_RUSFARCNY_2Y;0.009022;0.017686
2021-07-30;CNY_OIS_RUSFARCNY_2Y;0.01366;0.023728
2021-08-02;CNY_OIS_RUSFARCNY_2Y;0.010548;0.0208
2021-08-03;CNY_OIS_RUSFARCNY_2Y;0.010299;0.020249
2021-08-04;CNY_OIS_RUSFARCNY_2Y;0.009147;0.018881
2021-08-05;CNY_OIS_RUSFARCNY_2Y;0.009285;0.018723
2021-08-06;CNY_OIS_RUSFARCNY_2Y;0.010863;0.020145
2021-08-09;CNY_OIS_RUSFARCNY_2Y;0.014175;0.023893
2021-08-10;CNY_OIS_RUSFARCNY_2Y;0.014699;0.024129
2021-08-11;CNY_OIS_RUSFARCNY_2Y;0.012524;0.021944
2021-08-12;CNY_OIS_RUSFARCNY_2Y;0.011723;0.020905
2021-08-13;CNY_OIS_RUSFARCNY_2Y;0.014057;0.023291
2021-08-16;CNY_OIS_RUSFARCNY_2Y;0.013472;0.022456
2021-08-17;CNY_OIS_RUSFARCNY_2Y;0.012224;0.021044
2021-08-18;CNY_OIS_RUSFARCNY_2Y;0.0097;0.018628
2021-08-19;CNY_OIS_RUSFARCNY_2Y;0.010955;0.019693
2021-08-20;CNY_OIS_RUSFARCNY_2Y;0.012971;0.021697
2021-08-23;CNY_OIS_RUSFARCNY_2Y;0.014081;0.022607
2021-08-24;CNY_OIS_RUSFARCNY_2Y;0.015355;0.023713
2021-08-25;CNY_OIS_RUSFARCNY_2Y;0.014964;0.023084
2021-08-26;CNY_OIS_RUSFARCNY_2Y;0.014967;0.022841
2021-08-27;CNY_OIS_RUSFARCNY_2Y;0.013977;0.021691
2021-08-30;CNY_OIS_RUSFARCNY_2Y;0.011422;0.019326
2021-08-31;CNY_OIS_RUSFARCNY_2Y;0.014625;0.023103
2021-09-01;CNY_OIS_RUSFARCNY_2Y;0.014006;0.022262
2021-09-02;CNY_OIS_RUSFARCNY_2Y;0.013727;0.021741
2021-09-03;CNY_OIS_RUSFARCNY_2Y;0.012392;0.020296
2021-09-06;CNY_OIS_RUSFARCNY_2Y;0.01413;0.021998
2021-09-07;CNY_OIS_RUSFARCNY_2Y;0.014951;0.022617
2021-09-08;CNY_OIS_RUSFARCNY_2Y;0.015038;0.02247
2021-09-09;CNY_OIS_RUSFARCNY_2Y;0.013512;0.020896
2021-09-10;CNY_OIS_RUSFARCNY_2Y;0.014401;0.021607
2021-09-13;CNY_OIS_RUSFARCNY_2Y;0.015058;0.02207
2021-09-14;CNY_OIS_RUSFARCNY_2Y;0.016408;0.02334
2021-09-15;CNY_OIS_RUSFARCNY_2Y;0.014823;0.021745
2021-09-16;CNY_OIS_RUSFARCNY_2Y;0.015637;0.022391
2021-09-17;CNY_OIS_RUSFARCNY_2Y;0.01577;0.022318
2021-09-18;CNY_OIS_RUSFARCNY_2Y;0.014762;0.021206
2021-09-22;CNY_OIS_RUSFARCNY_2Y;0.015388;0.02166
2021-09-23;CNY_OIS_RUSFARCNY_2Y;0.014154;0.020374
2021-09-24;CNY_OIS_RUSFARCNY_2Y;0.010369;0.017359
2021-09-26;CNY_OIS_RUSFARCNY_2Y;0.010436;0.017212
2021-09-27;CNY_OIS_RUSFARCNY_2Y;0.010708;0.01728
2021-09-28;CNY_OIS_RUSFARCNY_2Y;0.012956;0.019792
2021-09-29;CNY_OIS_RUSFARCNY_2Y;0.007935;0.015993
2021-09-30;CNY_OIS_RUSFARCNY_2Y;0.013723;0.024505
2021-10-08;CNY_OIS_RUSFARCNY_2Y;0.012703;0.023225
2021-10-09;CNY_OIS_RUSFARCNY_2Y;0.007609;0.018919
2021-10-11;CNY_OIS_RUSFARCNY_2Y;0.012197;0.024331
2021-10-12;CNY_OIS_RUSFARCNY_2Y;0.012039;0.023809
2021-10-13;CNY_OIS_RUSFARCNY_2Y;0.012771;0.024197
2021-10-14;CNY_OIS_RUSFARCNY_2Y;0.012429;0.023519
2021-10-15;CNY_OIS_RUSFARCNY_2Y;0.012183;0.022945
2021-10-18;CNY_OIS_RUSFARCNY_2Y;0.012996;0.023452
2021-10-19;CNY_OIS_RUSFARCNY_2Y;0.014053;0.024235
2021-10-20;CNY_OIS_RUSFARCNY_2Y;0.012979;0.022929
2021-10-21;CNY_OIS_RUSFARCNY_2Y;0.008448;0.01904
2021-10-22;CNY_OIS_RUSFARCNY_2Y;0.008499;0.018769
2021-10-25;CNY_OIS_RUSFARCNY_2Y;0.008025;0.018003
2021-10-26;CNY_OIS_RUSFARCNY_2Y;0.007526;0.017222
2021-10-27;CNY_OIS_RUSFARCNY_2Y;0.011035;0.021213
2021-10-28;CNY_OIS_RUSFARCNY_2Y;0.011379;0.021249
2021-10-29;CNY_OIS_RUSFARCNY_2Y;0.013436;0.023232
2021-11-01;CNY_OIS_RUSFARCNY_2Y;0.01243;0.021998
2021-11-02;CNY_OIS_RUSFARCNY_2Y;0.013509;0.022839
2021-11-03;CNY_OIS_RUSFARCNY_2Y;0.012344;0.021484
2021-11-04;CNY_OIS_RUSFARCNY_2Y;0.011303;0.020245
2021-11-05;CNY_OIS_RUSFARCNY_2Y;0.01145;0.020118
2021-11-08;CNY_OIS_RUSFARCNY_2Y;0.011681;0.020087
2021-11-09;CNY_OIS_RUSFARCNY_2Y;0.014023;0.022545
2021-11-10;CNY_OIS_RUSFARCNY_2Y;0.010821;0.019667
2021-11-11;CNY_OIS_RUSFARCNY_2Y;0.011428;0.02002
2021-11-12;CNY_OIS_RUSFARCNY_2Y;0.011307;0.019641
2021-11-15;CNY_OIS_RUSFARCNY_2Y;0.010728;0.01884
2021-11-16;CNY_OIS_RUSFARCNY_2Y;0.012149;0.020139
2021-11-17;CNY_OIS_RUSFARCNY_2Y;0.014382;0.022486
2021-11-18;CNY_OIS_RUSFARCNY_2Y;0.012142;0.020326
2021-11-19;CNY_OIS_RUSFARCNY_2Y;0.012912;0.020876
2021-11-22;CNY_OIS_RUSFARCNY_2Y;0.012504;0.020244
2021-11-23;CNY_OIS_RUSFARCNY_2Y;0.014753;0.022635
2021-11-24;CNY_OIS_RUSFARCNY_2Y;0.010469;0.019119
2021-11-25;CNY_OIS_RUSFARCNY_2Y;0.010947;0.019341
2021-11-26;CNY_OIS_RUSFARCNY_2Y;0.009924;0.018144
2021-11-29;CNY_OIS_RUSFARCNY_2Y;0.011456;0.019572
2021-11-30;CNY_OIS_RUSFARCNY_2Y;0.014386;0.022902
2021-12-01;CNY_OIS_RUSFARCNY_2Y;0.012877;0.021291
2021-12-02;CNY_OIS_RUSFARCNY_2Y;0.012672;0.020836
2021-12-03;CNY_OIS_RUSFARCNY_2Y;0.012069;0.020019
2021-12-06;CNY_OIS_RUSFARCNY_2Y;0.011198;0.01897
2021-12-07;CNY_OIS_RUSFARCNY_2Y;0.01411;0.022318
2021-12-08;CNY_OIS_RUSFARCNY_2Y;0.014444;0.022404
2021-12-09;CNY_OIS_RUSFARCNY_2Y;0.014595;0.022313
2021-12-10;CNY_OIS_RUSFARCNY_2Y;0.010831;0.019137
2021-12-13;CNY_OIS_RUSFARCNY_2Y;0.013674;0.022314
2021-12-14;CNY_OIS_RUSFARCNY_2Y;0.014394;0.022794
2021-12-15;CNY_OIS_RUSFARCNY_2Y;0.014209;0.022359
2021-12-16;CNY_OIS_RUSFARCNY_2Y;0.014122;0.022026
2021-12-17;CNY_OIS_RUSFARCNY_2Y;0.011481;0.019587
2021-12-20;CNY_OIS_RUSFARCNY_2Y;0.012865;0.020843
2021-12-21;CNY_OIS_RUSFARCNY_2Y;0.011563;0.019425
2021-12-22;CNY_OIS_RUSFARCNY_2Y;0.00987;0.017698
2021-12-23;CNY_OIS_RUSFARCNY_2Y;0.009418;0.01703
2021-12-24;CNY_OIS_RUSFARCNY_2Y;0.011468;0.01916
2021-12-27;CNY_OIS_RUSFARCNY_2Y;0.010951;0.018437
2021-12-28;CNY_OIS_RUSFARCNY_2Y;0.009349;0.016799
2021-12-29;CNY_OIS_RUSFARCNY_2Y;0.006464;0.014224
2021-12-30;CNY_OIS_RUSFARCNY_2Y;0.005896;0.013452
2021-12-31;CNY_OIS_RUSFARCNY_2Y;0.012454;0.023954
2022-01-04;CNY_OIS_RUSFARCNY_2Y;0.010489;0.021839
2022-01-05;CNY_OIS_RUSFARCNY_2Y;0.009129;0.020239
2022-01-06;CNY_OIS_RUSFARCNY_2Y;0.008658;0.01945
2022-01-07;CNY_OIS_RUSFARCNY_2Y;0.010032;0.020576
2022-01-10;CNY_OIS_RUSFARCNY_2Y;0.010579;0.020809
2022-01-11;CNY_OIS_RUSFARCNY_2Y;0.011764;0.021744
2022-01-12;CNY_OIS_RUSFARCNY_2Y;0.011796;0.021472
2022-01-13;CNY_OIS_RUSFARCNY_2Y;0.014232;0.023956
2022-01-14;CNY_OIS_RUSFARCNY_2Y;0.01429;0.023718
2022-01-17;CNY_OIS_RUSFARCNY_2Y;0.013446;0.022642
2022-01-18;CNY_OIS_RUSFARCNY_2Y;0.011556;0.020692
2022-01-19;CNY_OIS_RUSFARCNY_2Y;0.012796;0.021732
2022-01-20;CNY_OIS_RUSFARCNY_2Y;0.012932;0.021596
2022-01-21;CNY_OIS_RUSFARCNY_2Y;0.013341;0.021747
2022-01-24;CNY_OIS_RUSFARCNY_2Y;0.012136;0.020392
2022-01-25;CNY_OIS_RUSFARCNY_2Y;0.012221;0.020227
2022-01-26;CNY_OIS_RUSFARCNY_2Y;0.010308;0.01832
2022-01-27;CNY_OIS_RUSFARCNY_2Y;0.009116;0.016992
2022-01-28;CNY_OIS_RUSFARCNY_2Y;0.004531;0.013297
2022-01-29;CNY_OIS_RUSFARCNY_2Y;0.005205;0.013723
2022-01-30;CNY_OIS_RUSFARCNY_2Y;0.012225;0.024703
2022-02-07;CNY_OIS_RUSFARCNY_2Y;0.011981;0.024087
2022-02-08;CNY_OIS_RUSFARCNY_2Y;0.011475;0.023233
2022-02-09;CNY_OIS_RUSFARCNY_2Y;0.008262;0.020126
2022-02-10;CNY_OIS_RUSFARCNY_2Y;0.007886;0.019402
2022-02-11;CNY_OIS_RUSFARCNY_2Y;0.009405;0.020663
2022-02-14;CNY_OIS_RUSFARCNY_2Y;0.010109;0.021039
2022-02-15;CNY_OIS_RUSFARCNY_2Y;0.009677;0.020291
2022-02-16;CNY_OIS_RUSFARCNY_2Y;0.011141;0.021527
2022-02-17;CNY_OIS_RUSFARCNY_2Y;0.010409;0.020519
2022-02-18;CNY_OIS_RUSFARCNY_2Y;0.012937;0.023091
2022-02-21;CNY_OIS_RUSFARCNY_2Y;0.013922;0.023806
2022-02-22;CNY_OIS_RUSFARCNY_2Y;0.012444;0.022164
2022-02-23;CNY_OIS_RUSFARCNY_2Y;0.012632;0.022056
2022-02-24;CNY_OIS_RUSFARCNY_2Y;0.014246;0.023522
2022-02-25;CNY_OIS_RUSFARCNY_2Y;0.014724;0.023724
2022-02-28;CNY_OIS_RUSFARCNY_2Y;0.014891;0.023617
2022-03-01;CNY_OIS_RUSFARCNY_2Y;0.010133;0.019715
2022-03-02;CNY_OIS_RUSFARCNY_2Y;0.011117;0.020451
2022-03-03;CNY_OIS_RUSFARCNY_2Y;0.009606;0.018802
2022-03-04;CNY_OIS_RUSFARCNY_2Y;0.011386;0.020482
2022-03-07;CNY_OIS_RUSFARCNY_2Y;0.012837;0.021771
2022-03-08;CNY_OIS_RUSFARCNY_2Y;0.013143;0.021805
2022-03-09;CNY_OIS_RUSFARCNY_2Y;0.012951;0.021357
2022-03-10;CNY_OIS_RUSFARCNY_2Y;0.013089;0.021239
2022-03-11;CNY_OIS_RUSFARCNY_2Y;0.013471;0.021377
2022-03-14;CNY_OIS_RUSFARCNY_2Y;0.013711;0.021377
2022-03-15;CNY_OIS_RUSFARCNY_2Y;0.013828;0.02126
2022-03-16;CNY_OIS_RUSFARCNY_2Y;0.013709;0.020919
2022-03-17;CNY_OIS_RUSFARCNY_2Y;0.013505;0.020503
2022-03-18;CNY_OIS_RUSFARCNY_2Y;0.013441;0.020227
2022-03-21;CNY_OIS_RUSFARCNY_2Y;0.013772;0.020356
2022-03-22;CNY_OIS_RUSFARCNY_2Y;0.013162;0.019586
2022-03-23;CNY_OIS_RUSFARCNY_2Y;0.013816;0.020072
2022-03-24;CNY_OIS_RUSFARCNY_2Y;0.013931;0.019997
2022-03-25;CNY_OIS_RUSFARCNY_2Y;0.013983;0.019865
2022-03-28;CNY_OIS_RUSFARCNY_2Y;0.013509;0.019239
2022-03-29;CNY_OIS_RUSFARCNY_2Y;0.011182;0.017186
2022-03-30;CNY_OIS_RUSFARCNY_2Y;0.009442;0.015526
2022-03-31;CNY_OIS_RUSFARCNY_2Y;0.013248;0.0208
2022-04-01;CNY_OIS_RUSFARCNY_2Y;0.008726;0.017182
2022-04-02;CNY_OIS_RUSFARCNY_2Y;0.005615;0.014373
2022-04-06;CNY_OIS_RUSFARCNY_2Y;0.010305;0.020483
2022-04-07;CNY_OIS_RUSFARCNY_2Y;0.010229;0.020099
2022-04-08;CNY_OIS_RUSFARCNY_2Y;0.009624;0.019224
2022-04-11;CNY_OIS_RUSFARCNY_2Y;0.010788;0.02016
2022-04-12;CNY_OIS_RUSFARCNY_2Y;0.01007;0.019198
2022-04-13;CNY_OIS_RUSFARCNY_2Y;0.009104;0.018024
2022-04-14;CNY_OIS_RUSFARCNY_2Y;0.00807;0.016798
2022-04-15;CNY_OIS_RUSFARCNY_2Y;0.005931;0.014677
2022-04-18;CNY_OIS_RUSFARCNY_2Y;0.006691;0.015197
2022-04-19;CNY_OIS_RUSFARCNY_2Y;0.005692;0.014016
2022-04-20;CNY_OIS_RUSFARCNY_2Y;0.005909;0.013979
2022-04-21;CNY_OIS_RUSFARCNY_2Y;0.005941;0.013767
2022-04-22;CNY_OIS_RUSFARCNY_2Y;0.005665;0.013263
2022-04-24;CNY_OIS_RUSFARCNY_2Y;0.006243;0.013625
2022-04-25;CNY_OIS_RUSFARCNY_2Y;0.006365;0.013523
2022-04-26;CNY_OIS_RUSFARCNY_2Y;0.006504;0.013444
2022-04-27;CNY_OIS_RUSFARCNY_2Y;0.00658;0.013308
2022-04-28;CNY_OIS_RUSFARCNY_2Y;0.006662;0.013186
2022-04-29;CNY_OIS_RUSFARCNY_2Y;0.011077;0.019511
2022-05-05;CNY_OIS_RUSFARCNY_2Y;0.010645;0.018843
2022-05-06;CNY_OIS_RUSFARCNY_2Y;0.00586;0.014988
2022-05-07;CNY_OIS_RUSFARCNY_2Y;0.005419;0.014289
2022-05-09;CNY_OIS_RUSFARCNY_2Y;0.005703;0.014305
2022-05-10;CNY_OIS_RUSFARCNY_2Y;0.005794;0.014134
2022-05-11;CNY_OIS_RUSFARCNY_2Y;0.00612;0.014208
2022-05-12;CNY_OIS_RUSFARCNY_2Y;0.006082;0.013926
2022-05-13;CNY_OIS_RUSFARCNY_2Y;0.006212;0.013816
2022-05-16;CNY_OIS_RUSFARCNY_2Y;0.006338;0.01371
2022-05-17;CNY_OIS_RUSFARCNY_2Y;0.006589;0.013739
2022-05-18;CNY_OIS_RUSFARCNY_2Y;0.006708;0.01364
2022-05-19;CNY_OIS_RUSFARCNY_2Y;0.007663;0.014445
2022-05-20;CNY_OIS_RUSFARCNY_2Y;0.006811;0.013457
2022-05-23;CNY_OIS_RUSFARCNY_2Y;0.006923;0.013365
2022-05-24;CNY_OIS_RUSFARCNY_2Y;0.007041;0.013287
2022-05-25;CNY_OIS_RUSFARCNY_2Y;0.007354;0.013414
2022-05-26;CNY_OIS_RUSFARCNY_2Y;0.007615;0.013493
2022-05-27;CNY_OIS_RUSFARCNY_2Y;0.007873;0.013575
2022-05-30;CNY_OIS_RUSFARCNY_2Y;0.008197;0.013731
2022-05-31;CNY_OIS_RUSFARCNY_2Y;0.009948;0.01564
2022-06-01;CNY_OIS_RUSFARCNY_2Y;0.008138;0.01395
2022-06-02;CNY_OIS_RUSFARCNY_2Y;0.008415;0.014053
2022-06-06;CNY_OIS_RUSFARCNY_2Y;0.008719;0.014189
2022-06-07;CNY_OIS_RUSFARCNY_2Y;0.008467;0.013781
2022-06-08;CNY_OIS_RUSFARCNY_2Y;0.008527;0.013681
2022-06-09;CNY_OIS_RUSFARCNY_2Y;0.008556;0.013552
2022-06-10;CNY_OIS_RUSFARCNY_2Y;0.008521;0.013367
2022-06-13;CNY_OIS_RUSFARCNY_2Y;0.008645;0.013343
2022-06-14;CNY_OIS_RUSFARCNY_2Y;0.008766;0.013322
2022-06-15;CNY_OIS_RUSFARCNY_2Y;0.008836;0.013252
2022-06-16;CNY_OIS_RUSFARCNY_2Y;0.008903;0.013185
2022-06-17;CNY_OIS_RUSFARCNY_2Y;0.008978;0.01313
2022-06-20;CNY_OIS_RUSFARCNY_2Y;0.009081;0.013107
2022-06-21;CNY_OIS_RUSFARCNY_2Y;0.00934;0.013248
2022-06-22;CNY_OIS_RUSFARCNY_2Y;0.009459;0.013249
2022-06-23;CNY_OIS_RUSFARCNY_2Y;0.009447;0.013121
2022-06-24;CNY_OIS_RUSFARCNY_2Y;0.009482;0.013046
2022-06-27;CNY_OIS_RUSFARCNY_2Y;0.009567;0.013021
2022-06-28;CNY_OIS_RUSFARCNY_2Y;0.009619;0.012969
2022-06-29;CNY_OIS_RUSFARCNY_2Y;0.008974;0.012294
2022-06-30;CNY_OIS_RUSFARCNY_2Y;0.012739;0.019109
2022-07-01;CNY_OIS_RUSFARCNY_2Y;0.007419;0.015229
2022-07-04;CNY_OIS_RUSFARCNY_2Y;0.007306;0.014882
2022-07-05;CNY_OIS_RUSFARCNY_2Y;0.006902;0.014266
2022-07-06;CNY_OIS_RUSFARCNY_2Y;0.005352;0.012676
2022-07-07;CNY_OIS_RUSFARCNY_2Y;0.005583;0.012685
2022-07-08;CNY_OIS_RUSFARCNY_2Y;0.005631;0.012517
2022-07-11;CNY_OIS_RUSFARCNY_2Y;0.005806;0.012482
2022-07-12;CNY_OIS_RUSFARCNY_2Y;0.005787;0.012261
2022-07-13;CNY_OIS_RUSFARCNY_2Y;0.005965;0.012243
2022-07-14;CNY_OIS_RUSFARCNY_2Y;0.005818;0.01191
2022-07-15;CNY_OIS_RUSFARCNY_2Y;0.00607;0.011978
2022-07-18;CNY_OIS_RUSFARCNY_2Y;0.00623;0.011958
2022-07-19;CNY_OIS_RUSFARCNY_2Y;0.006554;0.012114
2022-07-20;CNY_OIS_RUSFARCNY_2Y;0.006915;0.012313
2022-07-21;CNY_OIS_RUSFARCNY_2Y;0.006836;0.012072
2022-07-22;CNY_OIS_RUSFARCNY_2Y;0.006296;0.011412
2022-07-25;CNY_OIS_RUSFARCNY_2Y;0.005097;0.010211
2022-07-26;CNY_OIS_RUSFARCNY_2Y;0.004598;0.00959
2022-07-27;CNY_OIS_RUSFARCNY_2Y;0.004574;0.009414
2022-07-28;CNY_OIS_RUSFARCNY_2Y;0.004707;0.009401
2022-07-29;CNY_OIS_RUSFARCNY_2Y;0.006859;0.012049
2022-08-01;CNY_OIS_RUSFARCNY_2Y;0.006137;0.011231
2022-08-02;CNY_OIS_RUSFARCNY_2Y;0.005149;0.010199
2022-08-03;CNY_OIS_RUSFARCNY_2Y;0.004712;0.009636
2022-08-04;CNY_OIS_RUSFARCNY_2Y;0.004777;0.009551
2022-08-05;CNY_OIS_RUSFARCNY_2Y;0.00479;0.009418
2022-08-08;CNY_OIS_RUSFARCNY_2Y;0.0048;0.009288
2022-08-09;CNY_OIS_RUSFARCNY_2Y;0.004918;0.00927
2022-08-10;CNY_OIS_RUSFARCNY_2Y;0.005469;0.009719
2022-08-11;CNY_OIS_RUSFARCNY_2Y;0.005144;0.009284
2022-08-12;CNY_OIS_RUSFARCNY_2Y;0.005346;0.009362
2022-08-15;CNY_OIS_RUSFARCNY_2Y;0.005397;0.009291
2022-08-16;CNY_OIS_RUSFARCNY_2Y;0.005769;0.009559
2022-08-17;CNY_OIS_RUSFARCNY_2Y;0.006428;0.01016
2022-08-18;CNY_OIS_RUSFARCNY_2Y;0.006957;0.010611
2022-08-19;CNY_OIS_RUSFARCNY_2Y;0.007248;0.0108
2022-08-22;CNY_OIS_RUSFARCNY_2Y;0.00659;0.010104
2022-08-23;CNY_OIS_RUSFARCNY_2Y;0.006291;0.009717
2022-08-24;CNY_OIS_RUSFARCNY_2Y;0.006472;0.009796
2022-08-25;CNY_OIS_RUSFARCNY_2Y;0.006824;0.010064
2022-08-26;CNY_OIS_RUSFARCNY_2Y;0.007831;0.011157
2022-08-29;CNY_OIS_RUSFARCNY_2Y;0.007648;0.01088
2022-08-30;CNY_OIS_RUSFARCNY_2Y;0.006484;0.009824
2022-08-31;CNY_OIS_RUSFARCNY_2Y;0.008758;0.01309
2022-09-01;CNY_OIS_RUSFARCNY_2Y;0.009419;0.013669
2022-09-02;CNY_OIS_RUSFARCNY_2Y;0.006118;0.01121
2022-09-05;CNY_OIS_RUSFARCNY_2Y;0.004667;0.009821
2022-09-06;CNY_OIS_RUSFARCNY_2Y;0.005099;0.010109
2022-09-07;CNY_OIS_RUSFARCNY_2Y;0.005604;0.010484
2022-09-08;CNY_OIS_RUSFARCNY_2Y;0.006127;0.010881
2022-09-09;CNY_OIS_RUSFARCNY_2Y;0.006338;0.01095
2022-09-13;CNY_OIS_RUSFARCNY_2Y;0.006388;0.01086
2022-09-14;CNY_OIS_RUSFARCNY_2Y;0.006476;0.010812
2022-09-15;CNY_OIS_RUSFARCNY_2Y;0.007054;0.011294
2022-09-16;CNY_OIS_RUSFARCNY_2Y;0.007769;0.011939
2022-09-19;CNY_OIS_RUSFARCNY_2Y;0.008904;0.013124
2022-09-20;CNY_OIS_RUSFARCNY_2Y;0.009433;0.013555
2022-09-21;CNY_OIS_RUSFARCNY_2Y;0.009596;0.013592
2022-09-22;CNY_OIS_RUSFARCNY_2Y;0.009586;0.013462
2022-09-23;CNY_OIS_RUSFARCNY_2Y;0.009685;0.013443
2022-09-26;CNY_OIS_RUSFARCNY_2Y;-0.004634;0.006834
2022-09-27;CNY_OIS_RUSFARCNY_2Y;-0.006121;0.005121
2022-09-28;CNY_OIS_RUSFARCNY_2Y;-0.00687;0.00407
2022-09-29;CNY_OIS_RUSFARCNY_2Y;-0.007416;0.003216
2022-09-30;CNY_OIS_RUSFARCNY_2Y;-0.029907;-0.009093
2022-10-10;CNY_OIS_RUSFARCNY_2Y;-0.013797;0.015397
2022-10-11;CNY_OIS_RUSFARCNY_2Y;-0.016332;0.012132
2022-10-12;CNY_OIS_RUSFARCNY_2Y;-0.014034;0.013634
2022-10-13;CNY_OIS_RUSFARCNY_2Y;-0.013613;0.013213
2022-10-14;CNY_OIS_RUSFARCNY_2Y;-0.009924;0.016324
2022-10-17;CNY_OIS_RUSFARCNY_2Y;-0.008437;0.017037
2022-10-18;CNY_OIS_RUSFARCNY_2Y;-0.009059;0.015659
2022-10-19;CNY_OIS_RUSFARCNY_2Y;-0.008583;0.015383
2022-10-20;CNY_OIS_RUSFARCNY_2Y;-0.008218;0.015018
2022-10-21;CNY_OIS_RUSFARCNY_2Y;-0.007964;0.014564
2022-10-24;CNY_OIS_RUSFARCNY_2Y;-0.007822;0.014022
2022-10-25;CNY_OIS_RUSFARCNY_2Y;-0.007489;0.013689
2022-10-26;CNY_OIS_RUSFARCNY_2Y;-0.008592;0.011992
2022-10-27;CNY_OIS_RUSFARCNY_2Y;-0.008479;0.011479
2022-10-28;CNY_OIS_RUSFARCNY_2Y;-0.008882;0.010482
2022-10-31;CNY_OIS_RUSFARCNY_2Y;-0.007796;0.010996
2022-11-01;CNY_OIS_RUSFARCNY_2Y;-0.00761;0.01061
2022-11-02;CNY_OIS_RUSFARCNY_2Y;-0.007433;0.010233
2022-11-03;CNY_OIS_RUSFARCNY_2Y;-0.007465;0.009665
2022-11-07;CNY_OIS_RUSFARCNY_2Y;-0.00622;0.01042
2022-11-08;CNY_OIS_RUSFARCNY_2Y;-0.006573;0.009573
2022-11-09;CNY_OIS_RUSFARCNY_2Y;-0.006528;0.009128
2022-11-10;CNY_OIS_RUSFARCNY_2Y;-0.00609;0.00909
2022-11-11;CNY_OIS_RUSFARCNY_2Y;-0.005265;0.009465
2022-11-14;CNY_OIS_RUSFARCNY_2Y;-0.005444;0.008844
2022-11-15;CNY_OIS_RUSFARCNY_2Y;-0.005427;0.008427
2022-11-16;CNY_OIS_RUSFARCNY_2Y;-0.005017;0.008417
2022-11-17;CNY_OIS_RUSFARCNY_2Y;-0.004712;0.008312
2022-11-18;CNY_OIS_RUSFARCNY_2Y;-0.004019;0.008619
2022-11-21;CNY_OIS_RUSFARCNY_2Y;-0.004332;0.007932
2022-11-22;CNY_OIS_RUSFARCNY_2Y;-0.004754;0.007154
2022-11-23;CNY_OIS_RUSFARCNY_2Y;-0.004078;0.007478
2022-11-24;CNY_OIS_RUSFARCNY_2Y;-0.003902;0.007302
2022-11-25;CNY_OIS_RUSFARCNY_2Y;-0.003832;0.007032
2022-11-28;CNY_OIS_RUSFARCNY_2Y;-0.003666;0.006866
2022-11-29;CNY_OIS_RUSFARCNY_2Y;-0.003506;0.006706
2022-11-30;CNY_OIS_RUSFARCNY_2Y;-0.003251;0.006651
2022-12-01;CNY_OIS_RUSFARCNY_2Y;-0.002802;0.006802
2022-12-02;CNY_OIS_RUSFARCNY_2Y;-0.002556;0.006756
2022-12-05;CNY_OIS_RUSFARCNY_2Y;-0.000981;0.008181
2022-12-06;CNY_OIS_RUSFARCNY_2Y;-0.000349;0.008549
2022-12-07;CNY_OIS_RUSFARCNY_2Y;-0.000619;0.008019
2022-12-08;CNY_OIS_RUSFARCNY_2Y;-0.001308;0.007108
2022-12-09;CNY_OIS_RUSFARCNY_2Y;-0.001791;0.006391
2022-12-12;CNY_OIS_RUSFARCNY_2Y;-0.002489;0.005489
2022-12-13;CNY_OIS_RUSFARCNY_2Y;-0.002267;0.005467
2022-12-14;CNY_OIS_RUSFARCNY_2Y;-0.00205;0.00545
2022-12-15;CNY_OIS_RUSFARCNY_2Y;-0.00088;0.00648
2022-12-16;CNY_OIS_RUSFARCNY_2Y;-0.000768;0.006368
2022-12-19;CNY_OIS_RUSFARCNY_2Y;-0.000963;0.005963
2022-12-20;CNY_OIS_RUSFARCNY_2Y;-0.000758;0.005958
2022-12-21;CNY_OIS_RUSFARCNY_2Y;0.001432;0.008368
2022-12-22;CNY_OIS_RUSFARCNY_2Y;0.014834;0.038366
2022-12-23;CNY_OIS_RUSFARCNY_2Y;0.013975;0.036825
2022-12-26;CNY_OIS_RUSFARCNY_2Y;0.008573;0.031427
2022-12-27;CNY_OIS_RUSFARCNY_2Y;0.014232;0.037168
2022-12-28;CNY_OIS_RUSFARCNY_2Y;0.04016;0.08404
2022-12-29;CNY_OIS_RUSFARCNY_2Y;0.050814;0.094786
2023-01-09;CNY_OIS_RUSFARCNY_2Y;0.017955;0.070045
2023-01-10;CNY_OIS_RUSFARCNY_2Y;0.02759;0.07901
2023-01-11;CNY_OIS_RUSFARCNY_2Y;0.001797;0.057403
2023-01-12;CNY_OIS_RUSFARCNY_2Y;-0.01232;0.04352
2023-01-13;CNY_OIS_RUSFARCNY_2Y;-0.00707;0.04727
2023-01-16;CNY_OIS_RUSFARCNY_2Y;-0.000708;0.052308
2023-01-17;CNY_OIS_RUSFARCNY_2Y;0.004493;0.056107
2023-01-18;CNY_OIS_RUSFARCNY_2Y;0.012569;0.063231
2023-01-19;CNY_OIS_RUSFARCNY_2Y;-0.00949;0.04409
2023-01-20;CNY_OIS_RUSFARCNY_2Y;-0.015713;0.036713
2023-01-30;CNY_OIS_RUSFARCNY_2Y;-0.016021;0.034821
2023-01-31;CNY_OIS_RUSFARCNY_2Y;-0.015247;0.034047
2023-02-01;CNY_OIS_RUSFARCNY_2Y;-0.017547;0.030347
2023-02-02;CNY_OIS_RUSFARCNY_2Y;-0.018943;0.027543
2023-02-03;CNY_OIS_RUSFARCNY_2Y;-0.019241;0.025841
2023-02-06;CNY_OIS_RUSFARCNY_2Y;-0.019763;0.023963
2023-02-07;CNY_OIS_RUSFARCNY_2Y;-0.018897;0.023497
2023-02-08;CNY_OIS_RUSFARCNY_2Y;-0.018652;0.022452
2023-02-09;CNY_OIS_RUSFARCNY_2Y;-0.017429;0.022429
2023-02-10;CNY_OIS_RUSFARCNY_2Y;-0.017122;0.021522
2023-02-13;CNY_OIS_RUSFARCNY_2Y;-0.01379;0.02379
2023-02-14;CNY_OIS_RUSFARCNY_2Y;-0.014327;0.022127
2023-02-15;CNY_OIS_RUSFARCNY_2Y;-0.013871;0.021471
2023-02-16;CNY_OIS_RUSFARCNY_2Y;-0.012637;0.021637
2023-02-17;CNY_OIS_RUSFARCNY_2Y;-0.012015;0.021215
2023-02-20;CNY_OIS_RUSFARCNY_2Y;-0.011509;0.020709
2023-02-21;CNY_OIS_RUSFARCNY_2Y;-0.010322;0.020922
2023-02-22;CNY_OIS_RUSFARCNY_2Y;-0.004254;0.026654
2023-02-27;CNY_OIS_RUSFARCNY_2Y;-0.00469;0.02529
2023-02-28;CNY_OIS_RUSFARCNY_2Y;0.00361;0.03399
2023-03-01;CNY_OIS_RUSFARCNY_2Y;-0.001922;0.028122
2023-03-02;CNY_OIS_RUSFARCNY_2Y;-0.003501;0.025701
2023-03-03;CNY_OIS_RUSFARCNY_2Y;-0.003257;0.025057
2023-03-06;CNY_OIS_RUSFARCNY_2Y;-0.002826;0.024626
2023-03-07;CNY_OIS_RUSFARCNY_2Y;-0.003418;0.023218
2023-03-09;CNY_OIS_RUSFARCNY_2Y;-0.00212;0.02372
2023-03-10;CNY_OIS_RUSFARCNY_2Y;-0.002635;0.022435
2023-03-13;CNY_OIS_RUSFARCNY_2Y;-0.003882;0.020482
2023-03-14;CNY_OIS_RUSFARCNY_2Y;-0.003611;0.020011
2023-03-15;CNY_OIS_RUSFARCNY_2Y;-0.002655;0.020255
2023-03-16;CNY_OIS_RUSFARCNY_2Y;-0.003012;0.019212
2023-03-17;CNY_OIS_RUSFARCNY_2Y;-0.000629;0.021029
2023-03-20;CNY_OIS_RUSFARCNY_2Y;0.011286;0.036714
2023-03-21;CNY_OIS_RUSFARCNY_2Y;0.018318;0.044082
2023-03-22;CNY_OIS_RUSFARCNY_2Y;-0.000968;0.029568
2023-03-23;CNY_OIS_RUSFARCNY_2Y;-0.004008;0.025808
2023-03-24;CNY_OIS_RUSFARCNY_2Y;-0.001784;0.027184
2023-03-27;CNY_OIS_RUSFARCNY_2Y;0.004932;0.033868
2023-03-28;CNY_OIS_RUSFARCNY_2Y;0.011735;0.040665
2023-03-29;CNY_OIS_RUSFARCNY_2Y;0.013848;0.041952
2023-03-30;CNY_OIS_RUSFARCNY_2Y;0.014872;0.042128
2023-03-31;CNY_OIS_RUSFARCNY_2Y;0.018477;0.045123
2023-04-03;CNY_OIS_RUSFARCNY_2Y;0.01997;0.04583
2023-04-04;CNY_OIS_RUSFARCNY_2Y;0.030279;0.057921
2023-04-06;CNY_OIS_RUSFARCNY_2Y;0.023442;0.051158
2023-04-07;CNY_OIS_RUSFARCNY_2Y;0.025728;0.052672
2023-04-10;CNY_OIS_RUSFARCNY_2Y;0.023784;0.050016
2023-04-11;CNY_OIS_RUSFARCNY_2Y;0.022865;0.048335
2023-04-12;CNY_OIS_RUSFARCNY_2Y;0.023353;0.048047
2023-04-13;CNY_OIS_RUSFARCNY_2Y;0.025204;0.049196
2023-04-14;CNY_OIS_RUSFARCNY_2Y;0.033095;0.057905
2023-04-17;CNY_OIS_RUSFARCNY_2Y;0.026849;0.051751
2023-04-18;CNY_OIS_RUSFARCNY_2Y;0.028992;0.053208
2023-04-19;CNY_OIS_RUSFARCNY_2Y;0.035726;0.060274
2023-04-20;CNY_OIS_RUSFARCNY_2Y;0.038055;0.061945
2023-04-21;CNY_OIS_RUSFARCNY_2Y;0.038318;0.061482
2023-04-24;CNY_OIS_RUSFARCNY_2Y;0.021361;0.048639
2023-04-25;CNY_OIS_RUSFARCNY_2Y;0.008989;0.038011
2023-04-26;CNY_OIS_RUSFARCNY_2Y;0.007806;0.035994
2023-04-27;CNY_OIS_RUSFARCNY_2Y;0.007021;0.034379
2023-04-28;CNY_OIS_RUSFARCNY_2Y;0.009684;0.036316
2023-05-04;CNY_OIS_RUSFARCNY_2Y;0.01693;0.04387
2023-05-05;CNY_OIS_RUSFARCNY_2Y;0.02561;0.05339
2023-05-10;CNY_OIS_RUSFARCNY_2Y;0.019453;0.047147
2023-05-11;CNY_OIS_RUSFARCNY_2Y;0.011935;0.039865
2023-05-12;CNY_OIS_RUSFARCNY_2Y;-0.001006;0.028806
2023-05-15;CNY_OIS_RUSFARCNY_2Y;-0.00353;0.02553
2023-05-16;CNY_OIS_RUSFARCNY_2Y;-0.002788;0.025388
2023-05-17;CNY_OIS_RUSFARCNY_2Y;-0.004088;0.023288
2023-05-18;CNY_OIS_RUSFARCNY_2Y;-0.002388;0.024188
2023-05-19;CNY_OIS_RUSFARCNY_2Y;-0.000507;0.025307
2023-05-22;CNY_OIS_RUSFARCNY_2Y;-0.001227;0.023827
2023-05-23;CNY_OIS_RUSFARCNY_2Y;-0.00612;0.01872
2023-05-24;CNY_OIS_RUSFARCNY_2Y;-0.006143;0.017943
2023-05-25;CNY_OIS_RUSFARCNY_2Y;-0.007406;0.016006
2023-05-26;CNY_OIS_RUSFARCNY_2Y;-0.00725;0.01545
2023-05-29;CNY_OIS_RUSFARCNY_2Y;-0.006308;0.015708
2023-05-30;CNY_OIS_RUSFARCNY_2Y;-0.005378;0.015978
2023-05-31;CNY_OIS_RUSFARCNY_2Y;-0.003774;0.016974
2023-06-01;CNY_OIS_RUSFARCNY_2Y;-0.003458;0.016658
2023-06-02;CNY_OIS_RUSFARCNY_2Y;-0.002952;0.016552
2023-06-05;CNY_OIS_RUSFARCNY_2Y;-0.002655;0.016255
2023-06-06;CNY_OIS_RUSFARCNY_2Y;-0.002467;0.015867
2023-06-07;CNY_OIS_RUSFARCNY_2Y;-0.001496;0.016296
2023-06-08;CNY_OIS_RUSFARCNY_2Y;0.004638;0.023162
2023-06-09;CNY_OIS_RUSFARCNY_2Y;0.004416;0.022384
2023-06-13;CNY_OIS_RUSFARCNY_2Y;0.001223;0.018977
2023-06-14;CNY_OIS_RUSFARCNY_2Y;0.000477;0.017723
2023-06-15;CNY_OIS_RUSFARCNY_2Y;-0.001112;0.015712
2023-06-16;CNY_OIS_RUSFARCNY_2Y;-0.000956;0.015356
2023-06-19;CNY_OIS_RUSFARCNY_2Y;-0.000409;0.015409
2023-06-20;CNY_OIS_RUSFARCNY_2Y;-0.002453;0.013053
2023-06-21;CNY_OIS_RUSFARCNY_2Y;-0.002925;0.012125
2023-06-26;CNY_OIS_RUSFARCNY_2Y;0.001269;0.016531
2023-06-27;CNY_OIS_RUSFARCNY_2Y;-0.001883;0.013283
2023-06-28;CNY_OIS_RUSFARCNY_2Y;-0.000864;0.013864
2023-06-29;CNY_OIS_RUSFARCNY_2Y;-0.001762;0.012562
2023-06-30;CNY_OIS_RUSFARCNY_2Y;0.020727;0.059273
2023-07-03;CNY_OIS_RUSFARCNY_2Y;0.017199;0.054801
2023-07-04;CNY_OIS_RUSFARCNY_2Y;-0.011905;0.033105
2023-07-05;CNY_OIS_RUSFARCNY_2Y;-0.011019;0.032619
2023-07-06;CNY_OIS_RUSFARCNY_2Y;-0.014037;0.028437
2023-07-07;CNY_OIS_RUSFARCNY_2Y;-0.012595;0.028595
2023-07-10;CNY_OIS_RUSFARCNY_2Y;-0.012167;0.027767
2023-07-11;CNY_OIS_RUSFARCNY_2Y;-0.011359;0.027359
2023-07-12;CNY_OIS_RUSFARCNY_2Y;-0.009777;0.027777
2023-07-13;CNY_OIS_RUSFARCNY_2Y;-0.007234;0.029234
2023-07-14;CNY_OIS_RUSFARCNY_2Y;-0.003272;0.032272
2023-07-17;CNY_OIS_RUSFARCNY_2Y;0.000673;0.035327
2023-07-18;CNY_OIS_RUSFARCNY_2Y;0.001301;0.034899
2023-07-19;CNY_OIS_RUSFARCNY_2Y;0.001109;0.033691
2023-07-20;CNY_OIS_RUSFARCNY_2Y;-0.008418;0.024618
2023-07-21;CNY_OIS_RUSFARCNY_2Y;-0.009025;0.023025
2023-07-24;CNY_OIS_RUSFARCNY_2Y;-0.010468;0.020668
2023-07-25;CNY_OIS_RUSFARCNY_2Y;-0.012029;0.018229
2023-07-26;CNY_OIS_RUSFARCNY_2Y;-0.009798;0.019598
2023-07-27;CNY_OIS_RUSFARCNY_2Y;-0.006435;0.022235
2023-07-28;CNY_OIS_RUSFARCNY_2Y;-0.005501;0.022301
2023-07-31;CNY_OIS_RUSFARCNY_2Y;-0.004481;0.022481
2023-08-01;CNY_OIS_RUSFARCNY_2Y;-0.004573;0.021573
2023-08-02;CNY_OIS_RUSFARCNY_2Y;-0.006952;0.018552
2023-08-03;CNY_OIS_RUSFARCNY_2Y;-0.007677;0.017077
2023-08-04;CNY_OIS_RUSFARCNY_2Y;-0.007601;0.016401
2023-08-07;CNY_OIS_RUSFARCNY_2Y;-0.006443;0.016843
2023-08-08;CNY_OIS_RUSFARCNY_2Y;-0.00649;0.01609
2023-08-09;CNY_OIS_RUSFARCNY_2Y;-0.006954;0.014954
2023-08-10;CNY_OIS_RUSFARCNY_2Y;-0.007633;0.013633
2023-08-11;CNY_OIS_RUSFARCNY_2Y;-0.007509;0.013109
2023-08-14;CNY_OIS_RUSFARCNY_2Y;-0.006502;0.013502
2023-08-15;CNY_OIS_RUSFARCNY_2Y;-0.003877;0.015677
2023-08-16;CNY_OIS_RUSFARCNY_2Y;-0.006598;0.012598
2023-08-17;CNY_OIS_RUSFARCNY_2Y;-0.003436;0.015436
2023-08-18;CNY_OIS_RUSFARCNY_2Y;-0.001113;0.017313
2023-08-21;CNY_OIS_RUSFARCNY_2Y;0.000346;0.018254
2023-08-22;CNY_OIS_RUSFARCNY_2Y;-0.000294;0.017094
2023-08-23;CNY_OIS_RUSFARCNY_2Y;-0.00146;0.01546
2023-08-24;CNY_OIS_RUSFARCNY_2Y;0.002275;0.019125
2023-08-25;CNY_OIS_RUSFARCNY_2Y;0.001099;0.017501
2023-08-28;CNY_OIS_RUSFARCNY_2Y;0.002235;0.018165
2023-08-29;CNY_OIS_RUSFARCNY_2Y;0.003749;0.019251
2023-08-30;CNY_OIS_RUSFARCNY_2Y;0.005539;0.020661
2023-08-31;CNY_OIS_RUSFARCNY_2Y;0.006847;0.021553
2023-09-01;CNY_OIS_RUSFARCNY_2Y;0.005316;0.019684
2023-09-04;CNY_OIS_RUSFARCNY_2Y;0.002805;0.016995
2023-09-05;CNY_OIS_RUSFARCNY_2Y;-0.000153;0.013953
2023-09-06;CNY_OIS_RUSFARCNY_2Y;-0.001909;0.011909
2023-09-07;CNY_OIS_RUSFARCNY_2Y;-0.001799;0.011599
2023-09-08;CNY_OIS_RUSFARCNY_2Y;-0.0021;0.0109
2023-09-11;CNY_OIS_RUSFARCNY_2Y;-0.002305;0.010305
2023-09-12;CNY_OIS_RUSFARCNY_2Y;-0.000292;0.012092
2023-09-13;CNY_OIS_RUSFARCNY_2Y;0.001252;0.013348
2023-09-14;CNY_OIS_RUSFARCNY_2Y;0.004319;0.016481
2023-09-15;CNY_OIS_RUSFARCNY_2Y;0.010327;0.024073
2023-09-18;CNY_OIS_RUSFARCNY_2Y;-0.000593;0.015993
2023-09-19;CNY_OIS_RUSFARCNY_2Y;-0.001983;0.014183
2023-09-20;CNY_OIS_RUSFARCNY_2Y;-0.001045;0.014645
2023-09-21;CNY_OIS_RUSFARCNY_2Y;-0.001721;0.013521
2023-09-22;CNY_OIS_RUSFARCNY_2Y;-0.002611;0.012211
2023-09-25;CNY_OIS_RUSFARCNY_2Y;-0.003717;0.010717
2023-09-26;CNY_OIS_RUSFARCNY_2Y;-0.004002;0.010002
2023-09-27;CNY_OIS_RUSFARCNY_2Y;-0.002712;0.010912
2023-09-28;CNY_OIS_RUSFARCNY_2Y;0.008089;0.027511
2023-10-09;CNY_OIS_RUSFARCNY_2Y;0.006539;0.025461
2023-10-10;CNY_OIS_RUSFARCNY_2Y;0.008674;0.027126
2023-10-11;CNY_OIS_RUSFARCNY_2Y;0.003356;0.022044
2023-10-12;CNY_OIS_RUSFARCNY_2Y;0.001581;0.019819
2023-10-13;CNY_OIS_RUSFARCNY_2Y;0.002649;0.020351
2023-10-16;CNY_OIS_RUSFARCNY_2Y;0.000105;0.017495
2023-10-17;CNY_OIS_RUSFARCNY_2Y;0.000964;0.017836
2023-10-18;CNY_OIS_RUSFARCNY_2Y;0.001618;0.017982
2023-10-19;CNY_OIS_RUSFARCNY_2Y;0.003706;0.019694
2023-10-20;CNY_OIS_RUSFARCNY_2Y;0.00625;0.02195
2023-10-23;CNY_OIS_RUSFARCNY_2Y;0.006788;0.022012
2023-10-24;CNY_OIS_RUSFARCNY_2Y;0.005373;0.020227
2023-10-25;CNY_OIS_RUSFARCNY_2Y;0.003951;0.018449
2023-10-26;CNY_OIS_RUSFARCNY_2Y;0.00284;0.01696
2023-10-27;CNY_OIS_RUSFARCNY_2Y;0.00255;0.01625
2023-10-30;CNY_OIS_RUSFARCNY_2Y;0.004024;0.017376
2023-10-31;CNY_OIS_RUSFARCNY_2Y;0.009747;0.024253
2023-11-01;CNY_OIS_RUSFARCNY_2Y;0.013837;0.028563
2023-11-02;CNY_OIS_RUSFARCNY_2Y;0.012834;0.027166
2023-11-03;CNY_OIS_RUSFARCNY_2Y;0.005652;0.021148
2023-11-07;CNY_OIS_RUSFARCNY_2Y;0.000217;0.016183
2023-11-08;CNY_OIS_RUSFARCNY_2Y;-0.003363;0.012563
2023-11-09;CNY_OIS_RUSFARCNY_2Y;-0.004034;0.011434
2023-11-10;CNY_OIS_RUSFARCNY_2Y;-0.003205;0.011805
2023-11-13;CNY_OIS_RUSFARCNY_2Y;-0.003177;0.011377
2023-11-14;CNY_OIS_RUSFARCNY_2Y;-0.004711;0.009511
2023-11-15;CNY_OIS_RUSFARCNY_2Y;-0.004897;0.008897
2023-11-16;CNY_OIS_RUSFARCNY_2Y;-0.004094;0.009294
2023-11-17;CNY_OIS_RUSFARCNY_2Y;0.000284;0.014116
2023-11-20;CNY_OIS_RUSFARCNY_2Y;0.000792;0.014208
2023-11-21;CNY_OIS_RUSFARCNY_2Y;0.000287;0.013313
2023-11-22;CNY_OIS_RUSFARCNY_2Y;-0.001276;0.011476
2023-11-23;CNY_OIS_RUSFARCNY_2Y;-0.002104;0.010304
2023-11-24;CNY_OIS_RUSFARCNY_2Y;-0.002015;0.010015
2023-11-27;CNY_OIS_RUSFARCNY_2Y;-0.00124;0.01044
2023-11-28;CNY_OIS_RUSFARCNY_2Y;-0.000278;0.011078
2023-11-29;CNY_OIS_RUSFARCNY_2Y;0.000871;0.011929
2023-11-30;CNY_OIS_RUSFARCNY_2Y;0.006346;0.018854
2023-12-01;CNY_OIS_RUSFARCNY_2Y;0.008539;0.020861
2023-12-04;CNY_OIS_RUSFARCNY_2Y;-0.002682;0.012882
2023-12-05;CNY_OIS_RUSFARCNY_2Y;-0.002147;0.012947
2023-12-06;CNY_OIS_RUSFARCNY_2Y;-0.002832;0.011832
2023-12-07;CNY_OIS_RUSFARCNY_2Y;-0.00231;0.01191
2023-12-08;CNY_OIS_RUSFARCNY_2Y;-0.001209;0.012609
2023-12-11;CNY_OIS_RUSFARCNY_2Y;0.002085;0.015915
2023-12-12;CNY_OIS_RUSFARCNY_2Y;0.001791;0.015209
2023-12-13;CNY_OIS_RUSFARCNY_2Y;0.004986;0.018414
2023-12-14;CNY_OIS_RUSFARCNY_2Y;0.004274;0.017326
2023-12-15;CNY_OIS_RUSFARCNY_2Y;-0.000801;0.012801
2023-12-18;CNY_OIS_RUSFARCNY_2Y;-0.003664;0.009864
2023-12-19;CNY_OIS_RUSFARCNY_2Y;-0.001911;0.011311
2023-12-20;CNY_OIS_RUSFARCNY_2Y;0.013485;0.039515
2023-12-21;CNY_OIS_RUSFARCNY_2Y;0.027317;0.057483
2023-12-22;CNY_OIS_RUSFARCNY_2Y;0.00498;0.04062
2023-12-25;CNY_OIS_RUSFARCNY_2Y;-0.0023;0.0331
2023-12-26;CNY_OIS_RUSFARCNY_2Y;-0.006849;0.027849
2023-12-27;CNY_OIS_RUSFARCNY_2Y;-0.008146;0.025546
2023-12-28;CNY_OIS_RUSFARCNY_2Y;0.019256;0.068144
2024-01-09;CNY_OIS_RUSFARCNY_2Y;0.002585;0.052815
2024-01-10;CNY_OIS_RUSFARCNY_2Y;-0.014968;0.036768
2024-01-11;CNY_OIS_RUSFARCNY_2Y;-0.02263;0.02823
2024-01-12;CNY_OIS_RUSFARCNY_2Y;-0.022861;0.026461
2024-01-15;CNY_OIS_RUSFARCNY_2Y;-0.018968;0.028968
2024-01-16;CNY_OIS_RUSFARCNY_2Y;-0.020056;0.026456
2024-01-17;CNY_OIS_RUSFARCNY_2Y;-0.001004;0.049004
2024-01-18;CNY_OIS_RUSFARCNY_2Y;-0.003603;0.045003
2024-01-19;CNY_OIS_RUSFARCNY_2Y;-0.00177;0.04537
2024-01-22;CNY_OIS_RUSFARCNY_2Y;0.009069;0.056131
2024-01-23;CNY_OIS_RUSFARCNY_2Y;0.01929;0.06611
2024-01-24;CNY_OIS_RUSFARCNY_2Y;0.009193;0.055807
2024-01-25;CNY_OIS_RUSFARCNY_2Y;0.011976;0.057224
2024-01-26;CNY_OIS_RUSFARCNY_2Y;0.01366;0.05754
2024-01-29;CNY_OIS_RUSFARCNY_2Y;0.023878;0.067722
2024-01-30;CNY_OIS_RUSFARCNY_2Y;0.027392;0.070008
2024-01-31;CNY_OIS_RUSFARCNY_2Y;0.049079;0.097721
2024-02-01;CNY_OIS_RUSFARCNY_2Y;0.031574;0.081826
2024-02-02;CNY_OIS_RUSFARCNY_2Y;0.010336;0.063264
2024-02-05;CNY_OIS_RUSFARCNY_2Y;0.018163;0.070037
2024-02-06;CNY_OIS_RUSFARCNY_2Y;0.025041;0.075759
2024-02-07;CNY_OIS_RUSFARCNY_2Y;0.026907;0.076093
2024-02-08;CNY_OIS_RUSFARCNY_2Y;0.022303;0.070297
2024-02-09;CNY_OIS_RUSFARCNY_2Y;0.016075;0.063125
2024-02-19;CNY_OIS_RUSFARCNY_2Y;0.005087;0.052113
2024-02-20;CNY_OIS_RUSFARCNY_2Y;-0.005677;0.041277
2024-02-21;CNY_OIS_RUSFARCNY_2Y;0.009977;0.058623
2024-02-22;CNY_OIS_RUSFARCNY_2Y;0.007769;0.055031
2024-02-26;CNY_OIS_RUSFARCNY_2Y;0.008988;0.054812
2024-02-27;CNY_OIS_RUSFARCNY_2Y;0.009586;0.054014
2024-02-28;CNY_OIS_RUSFARCNY_2Y;0.0234;0.069
2024-02-29;CNY_OIS_RUSFARCNY_2Y;0.061906;0.129894
2024-03-01;CNY_OIS_RUSFARCNY_2Y;0.093332;0.168668
2024-03-04;CNY_OIS_RUSFARCNY_2Y;-0.027391;0.096591
2024-03-05;CNY_OIS_RUSFARCNY_2Y;-0.017742;0.102742
2024-03-06;CNY_OIS_RUSFARCNY_2Y;-0.00652;0.11072
2024-03-07;CNY_OIS_RUSFARCNY_2Y;0.001083;0.114917
2024-03-11;CNY_OIS_RUSFARCNY_2Y;-0.002757;0.107757
2024-03-12;CNY_OIS_RUSFARCNY_2Y;-0.006855;0.100455
2024-03-13;CNY_OIS_RUSFARCNY_2Y;-0.009058;0.095058
2024-03-14;CNY_OIS_RUSFARCNY_2Y;-0.007572;0.093372
2024-03-15;CNY_OIS_RUSFARCNY_2Y;-0.019071;0.079671
2024-03-18;CNY_OIS_RUSFARCNY_2Y;-0.016569;0.079169
2024-03-19;CNY_OIS_RUSFARCNY_2Y;-0.013222;0.079622
2024-03-20;CNY_OIS_RUSFARCNY_2Y;-0.015855;0.074255
2024-03-21;CNY_OIS_RUSFARCNY_2Y;-0.018225;0.069225
2024-03-22;CNY_OIS_RUSFARCNY_2Y;-0.031948;0.054148
2024-03-25;CNY_OIS_RUSFARCNY_2Y;-0.026105;0.057505
2024-03-26;CNY_OIS_RUSFARCNY_2Y;-0.02868;0.05248
2024-03-27;CNY_OIS_RUSFARCNY_2Y;-0.027244;0.051444
2024-03-28;CNY_OIS_RUSFARCNY_2Y;-0.015748;0.061348
2024-03-29;CNY_OIS_RUSFARCNY_2Y;0.010856;0.091144
2024-04-01;CNY_OIS_RUSFARCNY_2Y;-0.030026;0.057026
2024-04-02;CNY_OIS_RUSFARCNY_2Y;-0.0284;0.056
2024-04-03;CNY_OIS_RUSFARCNY_2Y;0.000342;0.088058
2024-04-08;CNY_OIS_RUSFARCNY_2Y;-0.003298;0.081898
2024-04-09;CNY_OIS_RUSFARCNY_2Y;-0.013073;0.070273
2024-04-10;CNY_OIS_RUSFARCNY_2Y;-0.02439;0.05739
2024-04-11;CNY_OIS_RUSFARCNY_2Y;-0.019783;0.059583
2024-04-12;CNY_OIS_RUSFARCNY_2Y;-0.005076;0.073276
2024-04-15;CNY_OIS_RUSFARCNY_2Y;-0.006608;0.069408
2024-04-16;CNY_OIS_RUSFARCNY_2Y;-0.010128;0.063728
2024-04-17;CNY_OIS_RUSFARCNY_2Y;-0.007116;0.064516
2024-04-18;CNY_OIS_RUSFARCNY_2Y;-0.00093;0.06873
2024-04-19;CNY_OIS_RUSFARCNY_2Y;0.01282;0.08178
2024-04-22;CNY_OIS_RUSFARCNY_2Y;-0.0008;0.0676
2024-04-23;CNY_OIS_RUSFARCNY_2Y;-0.009409;0.057609
2024-04-24;CNY_OIS_RUSFARCNY_2Y;-0.010812;0.054212
2024-04-25;CNY_OIS_RUSFARCNY_2Y;0.002374;0.066826
2024-04-26;CNY_OIS_RUSFARCNY_2Y;0.029913;0.099887
2024-05-06;CNY_OIS_RUSFARCNY_2Y;-0.004264;0.071064
2024-05-07;CNY_OIS_RUSFARCNY_2Y;-0.026518;0.049918
2024-05-08;CNY_OIS_RUSFARCNY_2Y;-0.025654;0.048454
2024-05-13;CNY_OIS_RUSFARCNY_2Y;-0.022836;0.049036
2024-05-14;CNY_OIS_RUSFARCNY_2Y;-0.022041;0.047641
2024-05-15;CNY_OIS_RUSFARCNY_2Y;-0.00946;0.05926
2024-05-16;CNY_OIS_RUSFARCNY_2Y;-0.003323;0.063523
2024-05-17;CNY_OIS_RUSFARCNY_2Y;0.015394;0.083206
2024-05-20;CNY_OIS_RUSFARCNY_2Y;-0.005524;0.063524
2024-05-21;CNY_OIS_RUSFARCNY_2Y;0.003551;0.071049
2024-05-22;CNY_OIS_RUSFARCNY_2Y;-0.011112;0.056112
2024-05-23;CNY_OIS_RUSFARCNY_2Y;-0.022899;0.043499
2024-05-24;CNY_OIS_RUSFARCNY_2Y;-0.022389;0.041989
2024-05-27;CNY_OIS_RUSFARCNY_2Y;-0.023935;0.038535
2024-05-28;CNY_OIS_RUSFARCNY_2Y;-0.011261;0.050661
2024-05-29;CNY_OIS_RUSFARCNY_2Y;-0.018712;0.041912
2024-05-30;CNY_OIS_RUSFARCNY_2Y;-0.010546;0.048746
2024-05-31;CNY_OIS_RUSFARCNY_2Y;0.007875;0.068725
2024-06-03;CNY_OIS_RUSFARCNY_2Y;-0.01053;0.05133
2024-06-04;CNY_OIS_RUSFARCNY_2Y;-0.0113;0.0487
2024-06-05;CNY_OIS_RUSFARCNY_2Y;-0.018789;0.039989
2024-06-06;CNY_OIS_RUSFARCNY_2Y;-0.018194;0.038794
2024-06-07;CNY_OIS_RUSFARCNY_2Y;-0.016035;0.039235
2024-06-11;CNY_OIS_RUSFARCNY_2Y;-0.013507;0.040107
2024-06-13;CNY_OIS_RUSFARCNY_2Y;0.133567;0.404233
2024-06-14;CNY_OIS_RUSFARCNY_2Y;-0.109891;0.230491
2024-06-17;CNY_OIS_RUSFARCNY_2Y;-0.109021;0.221021
2024-06-18;CNY_OIS_RUSFARCNY_2Y;-0.105596;0.214396
2024-06-19;CNY_OIS_RUSFARCNY_2Y;-0.09763;0.21263
2024-06-20;CNY_OIS_RUSFARCNY_2Y;-0.09531;0.20551
2024-06-21;CNY_OIS_RUSFARCNY_2Y;-0.072641;0.219641
2024-06-24;CNY_OIS_RUSFARCNY_2Y;-0.076046;0.207446
2024-06-25;CNY_OIS_RUSFARCNY_2Y;-0.081827;0.193227
2024-06-26;CNY_OIS_RUSFARCNY_2Y;-0.087942;0.178942
2024-06-27;CNY_OIS_RUSFARCNY_2Y;-0.075354;0.183554
2024-06-28;CNY_OIS_RUSFARCNY_2Y;-0.06535;0.18575
2024-07-01;CNY_OIS_RUSFARCNY_2Y;-0.055171;0.188371
2024-07-02;CNY_OIS_RUSFARCNY_2Y;-0.04138;0.19498
2024-07-03;CNY_OIS_RUSFARCNY_2Y;-0.017013;0.213213
2024-07-04;CNY_OIS_RUSFARCNY_2Y;-0.048248;0.177648
2024-07-05;CNY_OIS_RUSFARCNY_2Y;-0.047818;0.171218
2024-07-08;CNY_OIS_RUSFARCNY_2Y;-0.049109;0.163309
2024-07-09;CNY_OIS_RUSFARCNY_2Y;-0.047276;0.158676
2024-07-10;CNY_OIS_RUSFARCNY_2Y;-0.037794;0.161994
2024-07-11;CNY_OIS_RUSFARCNY_2Y;-0.030378;0.163378
2024-07-12;CNY_OIS_RUSFARCNY_2Y;-0.024638;0.163238
2024-07-15;CNY_OIS_RUSFARCNY_2Y;-0.021876;0.160276
2024-07-16;CNY_OIS_RUSFARCNY_2Y;-0.040029;0.137829
2024-07-17;CNY_OIS_RUSFARCNY_2Y;-0.047374;0.125374
2024-07-18;CNY_OIS_RUSFARCNY_2Y;-0.056663;0.111263
2024-07-19;CNY_OIS_RUSFARCNY_2Y;-0.03617;0.12777
2024-07-22;CNY_OIS_RUSFARCNY_2Y;-0.027539;0.131539
2024-07-23;CNY_OIS_RUSFARCNY_2Y;-0.007119;0.148319
2024-07-24;CNY_OIS_RUSFARCNY_2Y;0.007278;0.158522
2024-07-25;CNY_OIS_RUSFARCNY_2Y;-0.005304;0.142104
2024-07-26;CNY_OIS_RUSFARCNY_2Y;-0.005369;0.137569
2024-07-29;CNY_OIS_RUSFARCNY_2Y;0.001171;0.139829
2024-07-30;CNY_OIS_RUSFARCNY_2Y;-0.013336;0.122136
2024-07-31;CNY_OIS_RUSFARCNY_2Y;0.000337;0.132263
2024-08-01;CNY_OIS_RUSFARCNY_2Y;0.012614;0.140986
2024-08-02;CNY_OIS_RUSFARCNY_2Y;0.022913;0.147687
2024-08-05;CNY_OIS_RUSFARCNY_2Y;0.038659;0.160541
2024-08-06;CNY_OIS_RUSFARCNY_2Y;0.122423;0.281377
2024-08-07;CNY_OIS_RUSFARCNY_2Y;0.064951;0.229249
2024-08-08;CNY_OIS_RUSFARCNY_2Y;-0.013384;0.162784
2024-08-09;CNY_OIS_RUSFARCNY_2Y;-0.011001;0.159801
2024-08-12;CNY_OIS_RUSFARCNY_2Y;-0.005117;0.160517
2024-08-13;CNY_OIS_RUSFARCNY_2Y;0.004421;0.165179
2024-08-14;CNY_OIS_RUSFARCNY_2Y;0.00667;0.16253
2024-08-15;CNY_OIS_RUSFARCNY_2Y;0.007138;0.158262
2024-08-16;CNY_OIS_RUSFARCNY_2Y;0.008739;0.155261
2024-08-19;CNY_OIS_RUSFARCNY_2Y;0.01027;0.15233
2024-08-20;CNY_OIS_RUSFARCNY_2Y;0.010022;0.147778
2024-08-21;CNY_OIS_RUSFARCNY_2Y;0.013019;0.146581
2024-08-22;CNY_OIS_RUSFARCNY_2Y;0.015353;0.144847
2024-08-23;CNY_OIS_RUSFARCNY_2Y;0.019911;0.145489
2024-08-26;CNY_OIS_RUSFARCNY_2Y;0.02312;0.14488
2024-08-27;CNY_OIS_RUSFARCNY_2Y;0.025773;0.143827
2024-08-28;CNY_OIS_RUSFARCNY_2Y;0.027171;0.141629
2024-08-29;CNY_OIS_RUSFARCNY_2Y;0.029414;0.140386
2024-08-30;CNY_OIS_RUSFARCNY_2Y;0.238511;0.604489
2024-09-02;CNY_OIS_RUSFARCNY_2Y;0.339614;0.710386
2024-09-03;CNY_OIS_RUSFARCNY_2Y;0.415462;0.783138
2024-09-04;CNY_OIS_RUSFARCNY_2Y;1.310363;2.931237
2024-09-05;CNY_OIS_RUSFARCNY_2Y;-0.350806;1.791206
2024-09-06;CNY_OIS_RUSFARCNY_2Y;-0.861461;1.281861
2024-09-09;CNY_OIS_RUSFARCNY_2Y;-0.838326;1.239726
2024-09-10;CNY_OIS_RUSFARCNY_2Y;-0.891005;1.125605
2024-09-11;CNY_OIS_RUSFARCNY_2Y;-0.863689;1.091489
2024-09-12;CNY_OIS_RUSFARCNY_2Y;-0.822825;1.072825
2024-09-13;CNY_OIS_RUSFARCNY_2Y;-0.493959;1.372759
2024-09-18;CNY_OIS_RUSFARCNY_2Y;-0.057366;1.808366
2024-09-19;CNY_OIS_RUSFARCNY_2Y;-0.322091;1.510291
2024-09-20;CNY_OIS_RUSFARCNY_2Y;-0.736664;1.091864
2024-09-23;CNY_OIS_RUSFARCNY_2Y;-0.751283;1.022083
2024-09-24;CNY_OIS_RUSFARCNY_2Y;-0.730176;0.989176
2024-09-25;CNY_OIS_RUSFARCNY_2Y;-0.700789;0.966189
2024-09-26;CNY_OIS_RUSFARCNY_2Y;-0.676598;0.939598
2024-09-27;CNY_OIS_RUSFARCNY_2Y;-0.65078;0.91618
2024-09-30;CNY_OIS_RUSFARCNY_2Y;-0.614539;0.904739
2024-10-08;CNY_OIS_RUSFARCNY_2Y;-0.597003;0.876003
2024-10-09;CNY_OIS_RUSFARCNY_2Y;-0.574267;0.853867
2024-10-10;CNY_OIS_RUSFARCNY_2Y;-0.551813;0.832813
2024-10-11;CNY_OIS_RUSFARCNY_2Y;-0.529023;0.813423
2024-10-14;CNY_OIS_RUSFARCNY_2Y;-0.511977;0.789577
2024-10-15;CNY_OIS_RUSFARCNY_2Y;-0.493152;0.768752
2024-10-16;CNY_OIS_RUSFARCNY_2Y;-0.474031;0.749431
2024-10-17;CNY_OIS_RUSFARCNY_2Y;-0.456696;0.729496
2024-10-18;CNY_OIS_RUSFARCNY_2Y;-0.436029;0.714029
2024-10-21;CNY_OIS_RUSFARCNY_2Y;-0.418411;0.696611
2024-10-22;CNY_OIS_RUSFARCNY_2Y;-0.400827;0.680227
2024-10-23;CNY_OIS_RUSFARCNY_2Y;-0.383661;0.664461
2024-10-24;CNY_OIS_RUSFARCNY_2Y;-0.366197;0.649997
2024-10-25;CNY_OIS_RUSFARCNY_2Y;-0.352919;0.632319
2024-10-28;CNY_OIS_RUSFARCNY_2Y;-0.27748;0.67988
2024-10-29;CNY_OIS_RUSFARCNY_2Y;-0.269209;0.659009
2024-10-30;CNY_OIS_RUSFARCNY_2Y;-0.253371;0.646571
2024-10-31;CNY_OIS_RUSFARCNY_2Y;-0.233077;0.639477
2024-11-01;CNY_OIS_RUSFARCNY_2Y;-0.221387;0.624587
2024-11-05;CNY_OIS_RUSFARCNY_2Y;-0.210602;0.609602
2024-11-06;CNY_OIS_RUSFARCNY_2Y;-0.285237;0.514837
2024-11-07;CNY_OIS_RUSFARCNY_2Y;-0.327961;0.449761
2024-11-08;CNY_OIS_RUSFARCNY_2Y;-0.353091;0.401891
2024-11-11;CNY_OIS_RUSFARCNY_2Y;-0.340292;0.391692
2024-11-12;CNY_OIS_RUSFARCNY_2Y;-0.308999;0.400999
2024-11-13;CNY_OIS_RUSFARCNY_2Y;-0.297584;0.390784
2024-11-14;CNY_OIS_RUSFARCNY_2Y;-0.260981;0.406981
2024-11-15;CNY_OIS_RUSFARCNY_2Y;-0.129209;0.532009
2024-11-18;CNY_OIS_RUSFARCNY_2Y;-0.157951;0.484351
2024-11-19;CNY_OIS_RUSFARCNY_2Y;-0.120702;0.502702
2024-11-20;CNY_OIS_RUSFARCNY_2Y;-0.103632;0.500832
2024-11-21;CNY_OIS_RUSFARCNY_2Y;-0.094925;0.491125
2024-11-22;CNY_OIS_RUSFARCNY_2Y;-0.075155;0.493155
2024-11-25;CNY_OIS_RUSFARCNY_2Y;-0.11898;0.43458
2024-11-26;CNY_OIS_RUSFARCNY_2Y;-0.23725;0.31365
2024-11-27;CNY_OIS_RUSFARCNY_2Y;-0.241033;0.293233
2024-11-28;CNY_OIS_RUSFARCNY_2Y;-0.243958;0.274158
2024-11-29;CNY_OIS_RUSFARCNY_2Y;-0.238369;0.263969
2024-12-02;CNY_OIS_RUSFARCNY_2Y;-0.215744;0.271544
2024-12-03;CNY_OIS_RUSFARCNY_2Y;-0.218581;0.253981
2024-12-04;CNY_OIS_RUSFARCNY_2Y;-0.218613;0.239613
2024-12-05;CNY_OIS_RUSFARCNY_2Y;-0.214539;0.229739
2024-12-06;CNY_OIS_RUSFARCNY_2Y;-0.210175;0.220575
2024-12-09;CNY_OIS_RUSFARCNY_2Y;-0.201716;0.215916
2024-12-10;CNY_OIS_RUSFARCNY_2Y;-0.183648;0.221448
2024-12-11;CNY_OIS_RUSFARCNY_2Y;-0.177477;0.215277
2024-12-12;CNY_OIS_RUSFARCNY_2Y;-0.177722;0.203122
2024-12-13;CNY_OIS_RUSFARCNY_2Y;-0.174727;0.194527
2024-12-16;CNY_OIS_RUSFARCNY_2Y;-0.168503;0.189503
2024-12-17;CNY_OIS_RUSFARCNY_2Y;-0.165856;0.181256
2024-12-18;CNY_OIS_RUSFARCNY_2Y;-0.151732;0.184932
2024-12-19;CNY_OIS_RUSFARCNY_2Y;-0.148407;0.178007
2024-12-20;CNY_OIS_RUSFARCNY_2Y;-0.149971;0.166571
2024-12-23;CNY_OIS_RUSFARCNY_2Y;-0.149969;0.156969
2024-12-24;CNY_OIS_RUSFARCNY_2Y;-0.1479;0.1497
2024-12-25;CNY_OIS_RUSFARCNY_2Y;-0.145873;0.142673
2024-12-26;CNY_OIS_RUSFARCNY_2Y;-0.144688;0.135088
2024-12-27;CNY_OIS_RUSFARCNY_2Y;-0.1319;0.1395
2025-01-09;CNY_OIS_RUSFARCNY_2Y;-0.130172;0.132972
2025-01-10;CNY_OIS_RUSFARCNY_2Y;-0.132506;0.122706
2025-01-13;CNY_OIS_RUSFARCNY_2Y;-0.127021;0.120421
2025-01-14;CNY_OIS_RUSFARCNY_2Y;-0.122952;0.116952
2025-01-15;CNY_OIS_RUSFARCNY_2Y;-0.116209;0.116409
2025-01-16;CNY_OIS_RUSFARCNY_2Y;-0.111567;0.113967
2025-01-17;CNY_OIS_RUSFARCNY_2Y;-0.107432;0.111232
2025-01-20;CNY_OIS_RUSFARCNY_2Y;-0.104602;0.107402
2025-01-21;CNY_OIS_RUSFARCNY_2Y;-0.101373;0.104173
2025-01-22;CNY_OIS_RUSFARCNY_2Y;-0.099745;0.099545
2025-01-23;CNY_OIS_RUSFARCNY_2Y;-0.100226;0.093026
2025-01-24;CNY_OIS_RUSFARCNY_2Y;-0.098485;0.088885
2025-01-27;CNY_OIS_RUSFARCNY_2Y;-0.096332;0.085332
2025-02-05;CNY_OIS_RUSFARCNY_2Y;-0.092865;0.083265
2025-02-06;CNY_OIS_RUSFARCNY_2Y;-0.088586;0.082186
2025-02-07;CNY_OIS_RUSFARCNY_2Y;-0.089505;0.076105
2025-02-10;CNY_OIS_RUSFARCNY_2Y;-0.088085;0.072485
2025-02-11;CNY_OIS_RUSFARCNY_2Y;-0.082457;0.073257
2025-02-12;CNY_OIS_RUSFARCNY_2Y;-0.080986;0.069986
2025-02-13;CNY_OIS_RUSFARCNY_2Y;-0.071096;0.075496
2025-02-17;CNY_OIS_RUSFARCNY_2Y;-0.07077;0.07137
2025-02-18;CNY_OIS_RUSFARCNY_2Y;-0.07021;0.06761
2025-02-19;CNY_OIS_RUSFARCNY_2Y;-0.069414;0.064214
2025-02-20;CNY_OIS_RUSFARCNY_2Y;-0.07131;0.05831
2025-02-21;CNY_OIS_RUSFARCNY_2Y;-0.064977;0.060777
2025-02-24;CNY_OIS_RUSFARCNY_2Y;-0.058215;0.063815
2025-02-25;CNY_OIS_RUSFARCNY_2Y;-0.057459;0.060859
2025-02-26;CNY_OIS_RUSFARCNY_2Y;-0.057666;0.057066
2025-02-28;CNY_OIS_RUSFARCNY_2Y;-0.059754;0.051554
2025-03-03;CNY_OIS_RUSFARCNY_2Y;-0.058258;0.049658
2025-03-04;CNY_OIS_RUSFARCNY_2Y;-0.058322;0.046322
2025-03-05;CNY_OIS_RUSFARCNY_2Y;-0.05464;0.04684
2025-03-06;CNY_OIS_RUSFARCNY_2Y;-0.051105;0.047305
2025-03-07;CNY_OIS_RUSFARCNY_2Y;-0.048708;0.046708
2025-03-10;CNY_OIS_RUSFARCNY_2Y;-0.045366;0.047166
2025-03-11;CNY_OIS_RUSFARCNY_2Y;-0.044056;0.045656
2025-03-12;CNY_OIS_RUSFARCNY_2Y;-0.04259;0.04439
2025-03-13;CNY_OIS_RUSFARCNY_2Y;-0.039475;0.044875
2025-03-14;CNY_OIS_RUSFARCNY_2Y;-0.039496;0.042296
2025-03-17;CNY_OIS_RUSFARCNY_2Y;-0.037751;0.041551
2025-03-18;CNY_OIS_RUSFARCNY_2Y;-0.036243;0.040643
2025-03-19;CNY_OIS_RUSFARCNY_2Y;-0.036378;0.038178
2025-03-20;CNY_OIS_RUSFARCNY_2Y;-0.035343;0.036943
2025-03-21;CNY_OIS_RUSFARCNY_2Y;-0.033544;0.036544
2025-03-24;CNY_OIS_RUSFARCNY_2Y;-0.032476;0.035476
2025-03-25;CNY_OIS_RUSFARCNY_2Y;-0.031341;0.034541
2025-03-26;CNY_OIS_RUSFARCNY_2Y;-0.03114;0.03274
2025-03-27;CNY_OIS_RUSFARCNY_2Y;-0.029668;0.032268
2025-03-28;CNY_OIS_RUSFARCNY_2Y;-0.028425;0.031625
2025-03-31;CNY_OIS_RUSFARCNY_2Y;-0.031481;0.026881
2025-04-01;CNY_OIS_RUSFARCNY_2Y;-0.032917;0.023717
2025-04-02;CNY_OIS_RUSFARCNY_2Y;-0.031755;0.023155
2025-04-03;CNY_OIS_RUSFARCNY_2Y;-0.027288;0.026088
2025-04-07;CNY_OIS_RUSFARCNY_2Y;-0.027987;0.023787
2025-04-08;CNY_OIS_RUSFARCNY_2Y;-0.028001;0.022201
2025-04-09;CNY_OIS_RUSFARCNY_2Y;-0.024966;0.023766
2025-04-10;CNY_OIS_RUSFARCNY_2Y;-0.024424;0.022824
2025-04-11;CNY_OIS_RUSFARCNY_2Y;-0.023405;0.022405
2025-04-14;CNY_OIS_RUSFARCNY_2Y;-0.022507;0.021907
2025-04-15;CNY_OIS_RUSFARCNY_2Y;-0.021931;0.021131
2025-04-16;CNY_OIS_RUSFARCNY_2Y;-0.021978;0.019778
2025-04-17;CNY_OIS_RUSFARCNY_2Y;-0.020349;0.020149
2025-04-18;CNY_OIS_RUSFARCNY_2Y;-0.019433;0.019833
2025-04-21;CNY_OIS_RUSFARCNY_2Y;-0.016186;0.021986
2025-04-22;CNY_OIS_RUSFARCNY_2Y;-0.015206;0.021806
2025-04-23;CNY_OIS_RUSFARCNY_2Y;-0.014243;0.021643
2025-04-24;CNY_OIS_RUSFARCNY_2Y;-0.015625;0.019225
2025-04-25;CNY_OIS_RUSFARCNY_2Y;-0.015495;0.018295
2025-04-28;CNY_OIS_RUSFARCNY_2Y;-0.021055;0.012255
2025-04-29;CNY_OIS_RUSFARCNY_2Y;-0.023518;0.008918
2025-04-30;CNY_OIS_RUSFARCNY_2Y;-0.018975;0.012775
2025-05-06;CNY_OIS_RUSFARCNY_2Y;-0.016914;0.013914
2025-05-07;CNY_OIS_RUSFARCNY_2Y;-0.014577;0.015377
2025-05-12;CNY_OIS_RUSFARCNY_2Y;-0.013425;0.015625
2025-05-13;CNY_OIS_RUSFARCNY_2Y;-0.011992;0.016192
2025-05-14;CNY_OIS_RUSFARCNY_2Y;-0.010671;0.016671
2025-05-15;CNY_OIS_RUSFARCNY_2Y;-0.011777;0.014777
2025-05-16;CNY_OIS_RUSFARCNY_2Y;-0.011473;0.014273
2025-05-19;CNY_OIS_RUSFARCNY_2Y;-0.011482;0.013482
2025-05-20;CNY_OIS_RUSFARCNY_2Y;-0.010408;0.013808
2025-05-21;CNY_OIS_RUSFARCNY_2Y;-0.01034;0.01314
2025-05-22;CNY_OIS_RUSFARCNY_2Y;-0.009584;0.013184
2025-05-23;CNY_OIS_RUSFARCNY_2Y;-0.009337;0.012737
2025-05-26;CNY_OIS_RUSFARCNY_2Y;-0.009403;0.012003
2025-05-27;CNY_OIS_RUSFARCNY_2Y;-0.007896;0.012896
2025-05-28;CNY_OIS_RUSFARCNY_2Y;-0.011242;0.009242
2025-05-29;CNY_OIS_RUSFARCNY_2Y;-0.01073;0.00913
2025-05-30;CNY_OIS_RUSFARCNY_2Y;-0.009931;0.009331
2025-06-03;CNY_OIS_RUSFARCNY_2Y;-0.00779;0.01099
2025-06-04;CNY_OIS_RUSFARCNY_2Y;-0.008519;0.009719
2025-06-05;CNY_OIS_RUSFARCNY_2Y;-0.008542;0.009142
2025-06-06;CNY_OIS_RUSFARCNY_2Y;-0.009186;0.007986
2025-06-09;CNY_OIS_RUSFARCNY_2Y;-0.008924;0.007724
2025-06-10;CNY_OIS_RUSFARCNY_2Y;-0.006737;0.009537
2025-06-11;CNY_OIS_RUSFARCNY_2Y;-0.007714;0.008114
2025-06-16;CNY_OIS_RUSFARCNY_2Y;-0.00849;0.00689
2025-06-17;CNY_OIS_RUSFARCNY_2Y;-0.006608;0.008408
2025-06-18;CNY_OIS_RUSFARCNY_2Y;-0.007089;0.007489
2025-06-19;CNY_OIS_RUSFARCNY_2Y;-0.006568;0.007568
2025-06-20;CNY_OIS_RUSFARCNY_2Y;-0.006453;0.007253
2025-06-23;CNY_OIS_RUSFARCNY_2Y;-0.006244;0.007044
2025-06-24;CNY_OIS_RUSFARCNY_2Y;-0.006243;0.006643
2025-06-25;CNY_OIS_RUSFARCNY_2Y;-0.006654;0.005854
2025-06-26;CNY_OIS_RUSFARCNY_2Y;-0.006166;0.005966
2025-06-27;CNY_OIS_RUSFARCNY_2Y;-0.005683;0.006083
2025-06-30;CNY_OIS_RUSFARCNY_2Y;-0.004815;0.006615
2025-07-01;CNY_OIS_RUSFARCNY_2Y;-0.005353;0.005753
2025-07-02;CNY_OIS_RUSFARCNY_2Y;-0.005793;0.004993
2025-07-03;CNY_OIS_RUSFARCNY_2Y;-0.006866;0.003666
2025-07-04;CNY_OIS_RUSFARCNY_2Y;-0.0049;0.0055
2025-07-07;CNY_OIS_RUSFARCNY_2Y;-0.004742;0.005342
2025-07-08;CNY_OIS_RUSFARCNY_2Y;-0.005198;0.004598
2025-07-09;CNY_OIS_RUSFARCNY_2Y;-0.005049;0.004449
2025-07-10;CNY_OIS_RUSFARCNY_2Y;-0.005411;0.003811
2025-07-11;CNY_OIS_RUSFARCNY_2Y;-0.004022;0.005022
2025-07-14;CNY_OIS_RUSFARCNY_2Y;-0.005236;0.003636
2025-07-15;CNY_OIS_RUSFARCNY_2Y;-0.005816;0.002816
2025-07-16;CNY_OIS_RUSFARCNY_2Y;-0.00661;0.00181
2025-07-17;CNY_OIS_RUSFARCNY_2Y;-0.007198;0.000998
2025-07-18;CNY_OIS_RUSFARCNY_2Y;-0.007073;0.000873
2025-07-21;CNY_OIS_RUSFARCNY_2Y;-0.00553;0.00233
2025-07-22;CNY_OIS_RUSFARCNY_2Y;-0.004446;0.003246
2025-07-23;CNY_OIS_RUSFARCNY_2Y;-0.004329;0.003129
2025-07-24;CNY_OIS_RUSFARCNY_2Y;-0.004017;0.003217
2025-07-25;CNY_OIS_RUSFARCNY_2Y;-0.005829;0.001429
2025-07-28;CNY_OIS_RUSFARCNY_2Y;-0.00485;0.00225
2025-07-29;CNY_OIS_RUSFARCNY_2Y;-0.004741;0.002141
2025-07-30;CNY_OIS_RUSFARCNY_2Y;-0.005462;0.001262
2025-07-31;CNY_OIS_RUSFARCNY_2Y;-0.005064;0.001464
2025-08-01;CNY_OIS_RUSFARCNY_2Y;-0.005371;0.000971
2025-08-04;CNY_OIS_RUSFARCNY_2Y;-0.005175;0.000975
2025-08-05;CNY_OIS_RUSFARCNY_2Y;-0.004785;0.001185
2025-08-06;CNY_OIS_RUSFARCNY_2Y;-0.004694;0.001094
2025-08-07;CNY_OIS_RUSFARCNY_2Y;-0.006911;-0.000889
2025-08-08;CNY_OIS_RUSFARCNY_2Y;-0.006049;-0.000151
2025-08-11;CNY_OIS_RUSFARCNY_2Y;-0.004477;0.001477
2025-08-12;CNY_OIS_RUSFARCNY_2Y;-0.004691;0.001091
2025-08-13;CNY_OIS_RUSFARCNY_2Y;-0.003383;0.002383
2025-08-14;CNY_OIS_RUSFARCNY_2Y;-0.004234;0.001434
2025-08-15;CNY_OIS_RUSFARCNY_2Y;-0.003565;0.001965
2025-08-18;CNY_OIS_RUSFARCNY_2Y;-0.003481;0.001881
2025-08-19;CNY_OIS_RUSFARCNY_2Y;-0.004341;0.000941
2025-08-20;CNY_OIS_RUSFARCNY_2Y;-0.003965;0.001165
2025-08-21;CNY_OIS_RUSFARCNY_2Y;-0.004192;0.000792
2025-08-22;CNY_OIS_RUSFARCNY_2Y;-0.004217;0.000617
2025-08-25;CNY_OIS_RUSFARCNY_2Y;-0.004044;0.000644
2025-08-26;CNY_OIS_RUSFARCNY_2Y;-0.004073;0.000473
2025-08-27;CNY_OIS_RUSFARCNY_2Y;-0.003519;0.000919
2025-08-28;CNY_OIS_RUSFARCNY_2Y;-0.003757;0.000557
2025-08-29;CNY_OIS_RUSFARCNY_2Y;-0.004207;7e-06
2025-09-01;CNY_OIS_RUSFARCNY_2Y;-0.004346;-0.000254
2025-09-02;CNY_OIS_RUSFARCNY_2Y;-0.0048;-0.0008
2025-09-03;CNY_OIS_RUSFARCNY_2Y;-0.005257;-0.001343
2025-09-04;CNY_OIS_RUSFARCNY_2Y;-0.005298;-0.001502
2025-09-05;CNY_OIS_RUSFARCNY_2Y;-0.005652;-0.001948
2025-09-08;CNY_OIS_RUSFARCNY_2Y;-0.004755;-0.001045
2025-09-09;CNY_OIS_RUSFARCNY_2Y;-0.003859;-0.000141
2025-09-10;CNY_OIS_RUSFARCNY_2Y;-0.005107;-0.001293
2025-09-11;CNY_OIS_RUSFARCNY_2Y;-0.00223;0.00303
2025-09-12;CNY_OIS_RUSFARCNY_2Y;-0.001292;0.003892
2025-09-15;CNY_OIS_RUSFARCNY_2Y;0.000336;0.005664
2025-09-16;CNY_OIS_RUSFARCNY_2Y;-0.000202;0.005002
2025-09-17;CNY_OIS_RUSFARCNY_2Y;-0.000122;0.004922
2025-09-18;CNY_OIS_RUSFARCNY_2Y;5.4e-05;0.004946
2025-09-19;CNY_OIS_RUSFARCNY_2Y;-7.4e-05;0.004674
2025-09-22;CNY_OIS_RUSFARCNY_2Y;-0.000623;0.004023
2025-09-23;CNY_OIS_RUSFARCNY_2Y;-0.001067;0.003467
2025-09-24;CNY_OIS_RUSFARCNY_2Y;-0.000898;0.003498
2025-09-25;CNY_OIS_RUSFARCNY_2Y;-0.000932;0.003332
2025-09-26;CNY_OIS_RUSFARCNY_2Y;-0.00067;0.00347
2025-09-29;CNY_OIS_RUSFARCNY_2Y;-0.000313;0.003713
2025-09-30;CNY_OIS_RUSFARCNY_2Y;-0.005151;0.000551
2025-10-09;CNY_OIS_RUSFARCNY_2Y;-0.0027;0.0035
2025-10-10;CNY_OIS_RUSFARCNY_2Y;-0.002212;0.003812
2025-10-13;CNY_OIS_RUSFARCNY_2Y;-0.001443;0.004443
2025-10-14;CNY_OIS_RUSFARCNY_2Y;-0.001058;0.004658
2025-10-15;CNY_OIS_RUSFARCNY_2Y;-0.000675;0.004875
2025-10-16;CNY_OIS_RUSFARCNY_2Y;-0.000591;0.004791
2025-10-17;CNY_OIS_RUSFARCNY_2Y;-0.000711;0.004511
2025-10-20;CNY_OIS_RUSFARCNY_2Y;-0.000145;0.004945
2025-10-21;CNY_OIS_RUSFARCNY_2Y;-0.000168;0.004768
2025-10-22;CNY_OIS_RUSFARCNY_2Y;-0.000501;0.004301
2025-10-23;CNY_OIS_RUSFARCNY_2Y;0.000151;0.004849
2025-10-24;CNY_OIS_RUSFARCNY_2Y;2e-05;0.00458
2025-10-27;CNY_OIS_RUSFARCNY_2Y;-1.1e-05;0.004411
2025-10-28;CNY_OIS_RUSFARCNY_2Y;-0.000146;0.004146
2025-10-29;CNY_OIS_RUSFARCNY_2Y;-0.001258;0.003058
2025-10-30;CNY_OIS_RUSFARCNY_2Y;-0.000708;0.003508
2025-10-31;CNY_OIS_RUSFARCNY_2Y;-0.001054;0.003054
2025-11-05;CNY_OIS_RUSFARCNY_2Y;-0.000416;0.003616
2025-11-06;CNY_OIS_RUSFARCNY_2Y;0.000128;0.004072
2025-11-07;CNY_OIS_RUSFARCNY_2Y;0.001372;0.005428
2025-11-10;CNY_OIS_RUSFARCNY_2Y;0.00081;0.00479
2025-11-11;CNY_OIS_RUSFARCNY_2Y;2.6e-05;0.003974
2025-11-12;CNY_OIS_RUSFARCNY_2Y;-0.00022;0.00362
2025-11-13;CNY_OIS_RUSFARCNY_2Y;0.000937;0.004863
2025-11-14;CNY_OIS_RUSFARCNY_2Y;0.00129;0.00511
2025-11-17;CNY_OIS_RUSFARCNY_2Y;0.001042;0.004758
2025-11-18;CNY_OIS_RUSFARCNY_2Y;0.001098;0.004702
2025-11-19;CNY_OIS_RUSFARCNY_2Y;0.000192;0.003808
2025-11-20;CNY_OIS_RUSFARCNY_2Y;0.00054;0.00406
2025-11-21;CNY_OIS_RUSFARCNY_2Y;0.00039;0.00381
2025-11-24;CNY_OIS_RUSFARCNY_2Y;0.000829;0.004171
2025-11-25;CNY_OIS_RUSFARCNY_2Y;0.00014;0.00346
2025-11-26;CNY_OIS_RUSFARCNY_2Y;0.000577;0.003823
2025-11-27;CNY_OIS_RUSFARCNY_2Y;0.000627;0.003773
2025-11-28;CNY_OIS_RUSFARCNY_2Y;4.3e-05;0.003157
2025-12-01;CNY_OIS_RUSFARCNY_2Y;0.000834;0.003966
2025-12-02;CNY_OIS_RUSFARCNY_2Y;-0.000441;0.002841
2025-12-03;CNY_OIS_RUSFARCNY_2Y;-0.001474;0.001874
2025-12-04;CNY_OIS_RUSFARCNY_2Y;-0.001944;0.001344
2025-12-05;CNY_OIS_RUSFARCNY_2Y;-0.001794;0.001394
2025-12-08;CNY_OIS_RUSFARCNY_2Y;0.00121;0.00639
2025-12-09;CNY_OIS_RUSFARCNY_2Y;0.001289;0.006311
2025-12-10;CNY_OIS_RUSFARCNY_2Y;0.00106;0.00594
2025-12-11;CNY_OIS_RUSFARCNY_2Y;0.000932;0.005668
2025-12-12;CNY_OIS_RUSFARCNY_2Y;0.001202;0.005798
2025-12-15;CNY_OIS_RUSFARCNY_2Y;0.001757;0.006243
2025-12-16;CNY_OIS_RUSFARCNY_2Y;0.001203;0.005597
2025-12-17;CNY_OIS_RUSFARCNY_2Y;0.000539;0.004861
2025-12-18;CNY_OIS_RUSFARCNY_2Y;0.000802;0.004998
2025-12-19;CNY_OIS_RUSFARCNY_2Y;0.000766;0.004834
2025-12-22;CNY_OIS_RUSFARCNY_2Y;0.001494;0.005506
2025-12-23;CNY_OIS_RUSFARCNY_2Y;0.002038;0.005962
2025-12-24;CNY_OIS_RUSFARCNY_2Y;0.002487;0.006313
2025-12-25;CNY_OIS_RUSFARCNY_2Y;0.002838;0.006562
2025-12-26;CNY_OIS_RUSFARCNY_2Y;0.001707;0.005493
2025-12-29;CNY_OIS_RUSFARCNY_2Y;0.001353;0.005047
2026-01-12;CNY_OIS_RUSFARCNY_2Y;0.002979;0.007021
2026-01-13;CNY_OIS_RUSFARCNY_2Y;0.001029;0.005371
2026-01-14;CNY_OIS_RUSFARCNY_2Y;0.00079;0.00501
2026-01-15;CNY_OIS_RUSFARCNY_2Y;0.000854;0.004946
2026-01-16;CNY_OIS_RUSFARCNY_2Y;0.000399;0.004401
2026-01-19;CNY_OIS_RUSFARCNY_2Y;0.00046;0.00434
2026-01-20;CNY_OIS_RUSFARCNY_2Y;0.001094;0.004906
2026-01-21;CNY_OIS_RUSFARCNY_2Y;0.005812;0.013788
2026-01-22;CNY_OIS_RUSFARCNY_2Y;0.011232;0.021568
2026-01-23;CNY_OIS_RUSFARCNY_2Y;0.000411;0.014189
2026-01-26;CNY_OIS_RUSFARCNY_2Y;0.001213;0.014587
2026-01-27;CNY_OIS_RUSFARCNY_2Y;0.001014;0.013986
2026-01-28;CNY_OIS_RUSFARCNY_2Y;0.000501;0.013099
2026-01-29;CNY_OIS_RUSFARCNY_2Y;-0.001179;0.011179
2026-01-30;CNY_OIS_RUSFARCNY_2Y;-0.000692;0.011292
2026-02-02;CNY_OIS_RUSFARCNY_2Y;0.001847;0.013753
2026-02-03;CNY_OIS_RUSFARCNY_2Y;0.003568;0.015232
2026-02-04;CNY_OIS_RUSFARCNY_2Y;0.004722;0.016078
2026-02-05;CNY_OIS_RUSFARCNY_2Y;0.004593;0.015607
2026-02-06;CNY_OIS_RUSFARCNY_2Y;0.053369;0.148231
2026-02-09;CNY_OIS_RUSFARCNY_2Y;0.042821;0.135579
2026-02-10;CNY_OIS_RUSFARCNY_2Y;-0.024481;0.084481
2026-02-11;CNY_OIS_RUSFARCNY_2Y;0.054438;0.200962
2026-02-12;CNY_OIS_RUSFARCNY_2Y;0.010123;0.159077
2026-02-13;CNY_OIS_RUSFARCNY_2Y;0.002309;0.147091
2026-02-24;CNY_OIS_RUSFARCNY_2Y;0.033954;0.178046
2026-02-25;CNY_OIS_RUSFARCNY_2Y;0.034141;0.173859
2026-02-26;CNY_OIS_RUSFARCNY_2Y;0.035368;0.170832
2026-02-27;CNY_OIS_RUSFARCNY_2Y;0.018554;0.151246
2026-03-02;CNY_OIS_RUSFARCNY_2Y;-0.001779;0.128779
2026-03-03;CNY_OIS_RUSFARCNY_2Y;-0.00772;0.11912
2026-03-04;CNY_OIS_RUSFARCNY_2Y;0.00447;0.12793
2026-03-05;CNY_OIS_RUSFARCNY_2Y;0.002009;0.121791
2026-03-06;CNY_OIS_RUSFARCNY_2Y;0.009944;0.126256
2026-03-10;CNY_OIS_RUSFARCNY_2Y;0.003459;0.116541
2026-03-11;CNY_OIS_RUSFARCNY_2Y;0.029015;0.141785
2026-03-12;CNY_OIS_RUSFARCNY_2Y;0.058468;0.172132
2026-03-13;CNY_OIS_RUSFARCNY_2Y;0.067947;0.178453
2026-03-16;CNY_OIS_RUSFARCNY_2Y;0.084436;0.192764
2026-03-17;CNY_OIS_RUSFARCNY_2Y;0.090631;0.195769
2026-03-18;CNY_OIS_RUSFARCNY_2Y;0.146986;0.269214
2026-03-19;CNY_OIS_RUSFARCNY_2Y;0.305348;0.573252
2026-03-20;CNY_OIS_RUSFARCNY_2Y;-0.034476;0.354876
2026-03-23;CNY_OIS_RUSFARCNY_2Y;-0.121893;0.266493
2026-03-24;CNY_OIS_RUSFARCNY_2Y;-0.094615;0.282615
2026-03-25;CNY_OIS_RUSFARCNY_2Y;-0.05915;0.30795
2026-03-26;CNY_OIS_RUSFARCNY_2Y;-0.084449;0.272849
2026-03-27;CNY_OIS_RUSFARCNY_2Y;-0.088779;0.257779
2026-03-30;CNY_OIS_RUSFARCNY_2Y;-0.120327;0.217727
2026-03-31;CNY_OIS_RUSFARCNY_2Y;-0.138717;0.189917
2026-04-01;CNY_OIS_RUSFARCNY_2Y;-0.122618;0.196218
2026-04-02;CNY_OIS_RUSFARCNY_2Y;-0.11031;0.19891
2026-04-03;CNY_OIS_RUSFARCNY_2Y;-0.09628;0.20368
2026-04-07;CNY_OIS_RUSFARCNY_2Y;-0.109495;0.181895
2026-04-08;CNY_OIS_RUSFARCNY_2Y;-0.131176;0.152576
2026-04-09;CNY_OIS_RUSFARCNY_2Y;-0.128256;0.146856
2026-04-10;CNY_OIS_RUSFARCNY_2Y;-0.124166;0.142566
2026-04-13;CNY_OIS_RUSFARCNY_2Y;-0.099371;0.160171
2026-04-14;CNY_OIS_RUSFARCNY_2Y;-0.107983;0.143983
2026-04-15;CNY_OIS_RUSFARCNY_2Y;-0.115483;0.129083
2026-04-16;CNY_OIS_RUSFARCNY_2Y;-0.11306;0.12406
2026-04-17;CNY_OIS_RUSFARCNY_2Y;-0.109949;0.119949
2026-04-20;CNY_OIS_RUSFARCNY_2Y;-0.105947;0.116947
2026-04-21;CNY_OIS_RUSFARCNY_2Y;-0.105362;0.110762
2026-04-22;CNY_OIS_RUSFARCNY_2Y;-0.10267;0.10687
2026-04-23;CNY_OIS_RUSFARCNY_2Y;-0.099579;0.103579
2013-01-05;CNY_OIS_RUSFARCNY_3Y;0.013381;0.026527
2013-01-06;CNY_OIS_RUSFARCNY_3Y;0.012496;0.025312
2013-01-07;CNY_OIS_RUSFARCNY_3Y;0.012223;0.024663
2013-01-08;CNY_OIS_RUSFARCNY_3Y;0.012334;0.024394
2013-01-09;CNY_OIS_RUSFARCNY_3Y;0.012132;0.023836
2013-01-10;CNY_OIS_RUSFARCNY_3Y;0.012321;0.023667
2013-01-11;CNY_OIS_RUSFARCNY_3Y;0.012453;0.023455
2013-01-14;CNY_OIS_RUSFARCNY_3Y;0.012358;0.02303
2013-01-15;CNY_OIS_RUSFARCNY_3Y;0.012788;0.02314
2013-01-16;CNY_OIS_RUSFARCNY_3Y;0.012601;0.022647
2013-01-17;CNY_OIS_RUSFARCNY_3Y;0.012327;0.022081
2013-01-18;CNY_OIS_RUSFARCNY_3Y;0.011965;0.021443
2013-01-21;CNY_OIS_RUSFARCNY_3Y;0.011897;0.021091
2013-01-22;CNY_OIS_RUSFARCNY_3Y;0.011723;0.020645
2013-01-23;CNY_OIS_RUSFARCNY_3Y;0.011997;0.020649
2013-01-24;CNY_OIS_RUSFARCNY_3Y;0.013309;0.021849
2013-01-25;CNY_OIS_RUSFARCNY_3Y;0.013798;0.02209
2013-01-28;CNY_OIS_RUSFARCNY_3Y;0.013894;0.021934
2013-01-29;CNY_OIS_RUSFARCNY_3Y;0.014016;0.021812
2013-01-30;CNY_OIS_RUSFARCNY_3Y;0.014135;0.021693
2013-01-31;CNY_OIS_RUSFARCNY_3Y;0.016114;0.023914
2013-02-01;CNY_OIS_RUSFARCNY_3Y;0.019223;0.028095
2013-02-04;CNY_OIS_RUSFARCNY_3Y;0.020827;0.029661
2013-02-05;CNY_OIS_RUSFARCNY_3Y;0.024376;0.034452
2013-02-06;CNY_OIS_RUSFARCNY_3Y;0.027516;0.038232
2013-02-07;CNY_OIS_RUSFARCNY_3Y;0.028172;0.038582
2013-02-08;CNY_OIS_RUSFARCNY_3Y;0.01628;0.031848
2013-02-16;CNY_OIS_RUSFARCNY_3Y;0.007835;0.025593
2013-02-17;CNY_OIS_RUSFARCNY_3Y;0.00728;0.024528
2013-02-18;CNY_OIS_RUSFARCNY_3Y;0.00721;0.023938
2013-02-19;CNY_OIS_RUSFARCNY_3Y;0.007498;0.023716
2013-02-20;CNY_OIS_RUSFARCNY_3Y;0.00785;0.023574
2013-02-21;CNY_OIS_RUSFARCNY_3Y;0.009421;0.024767
2013-02-22;CNY_OIS_RUSFARCNY_3Y;0.011385;0.026443
2013-02-25;CNY_OIS_RUSFARCNY_3Y;0.013379;0.028169
2013-02-26;CNY_OIS_RUSFARCNY_3Y;0.022847;0.044781
2013-02-27;CNY_OIS_RUSFARCNY_3Y;0.02549;0.046978
2013-02-28;CNY_OIS_RUSFARCNY_3Y;0.026595;0.047453
2013-03-01;CNY_OIS_RUSFARCNY_3Y;0.028132;0.048416
2013-03-04;CNY_OIS_RUSFARCNY_3Y;0.018649;0.041049
2013-03-05;CNY_OIS_RUSFARCNY_3Y;0.016095;0.038093
2013-03-06;CNY_OIS_RUSFARCNY_3Y;0.014781;0.036207
2013-03-07;CNY_OIS_RUSFARCNY_3Y;0.011121;0.032427
2013-03-08;CNY_OIS_RUSFARCNY_3Y;0.011265;0.031923
2013-03-11;CNY_OIS_RUSFARCNY_3Y;0.009102;0.029356
2013-03-12;CNY_OIS_RUSFARCNY_3Y;0.008007;0.027721
2013-03-13;CNY_OIS_RUSFARCNY_3Y;0.008077;0.027191
2013-03-14;CNY_OIS_RUSFARCNY_3Y;0.008217;0.026751
2013-03-15;CNY_OIS_RUSFARCNY_3Y;0.008569;0.026539
2013-03-18;CNY_OIS_RUSFARCNY_3Y;0.012964;0.031344
2013-03-19;CNY_OIS_RUSFARCNY_3Y;0.010313;0.028475
2013-03-20;CNY_OIS_RUSFARCNY_3Y;0.008531;0.026317
2013-03-21;CNY_OIS_RUSFARCNY_3Y;0.007642;0.024946
2013-03-22;CNY_OIS_RUSFARCNY_3Y;0.006554;0.023414
2013-03-25;CNY_OIS_RUSFARCNY_3Y;0.005544;0.021966
2013-03-26;CNY_OIS_RUSFARCNY_3Y;0.005693;0.021615
2013-03-27;CNY_OIS_RUSFARCNY_3Y;0.006594;0.022054
2013-03-28;CNY_OIS_RUSFARCNY_3Y;0.006919;0.021909
2013-03-29;CNY_OIS_RUSFARCNY_3Y;0.014366;0.033142
2013-04-01;CNY_OIS_RUSFARCNY_3Y;0.006716;0.026942
2013-04-02;CNY_OIS_RUSFARCNY_3Y;0.007298;0.02691
2013-04-03;CNY_OIS_RUSFARCNY_3Y;0.008325;0.027363
2013-04-07;CNY_OIS_RUSFARCNY_3Y;0.008007;0.026481
2013-04-08;CNY_OIS_RUSFARCNY_3Y;0.009717;0.027727
2013-04-09;CNY_OIS_RUSFARCNY_3Y;0.00958;0.027048
2013-04-10;CNY_OIS_RUSFARCNY_3Y;0.00968;0.026618
2013-04-11;CNY_OIS_RUSFARCNY_3Y;0.009364;0.025802
2013-04-12;CNY_OIS_RUSFARCNY_3Y;0.009179;0.025125
2013-04-15;CNY_OIS_RUSFARCNY_3Y;0.009714;0.02518
2013-04-16;CNY_OIS_RUSFARCNY_3Y;0.009583;0.024585
2013-04-17;CNY_OIS_RUSFARCNY_3Y;0.00978;0.024324
2013-04-18;CNY_OIS_RUSFARCNY_3Y;0.011836;0.026152
2013-04-19;CNY_OIS_RUSFARCNY_3Y;0.014755;0.029133
2013-04-22;CNY_OIS_RUSFARCNY_3Y;0.016262;0.030306
2013-04-23;CNY_OIS_RUSFARCNY_3Y;0.019483;0.033745
2013-04-24;CNY_OIS_RUSFARCNY_3Y;0.027726;0.047322
2013-04-25;CNY_OIS_RUSFARCNY_3Y;0.030212;0.049436
2013-04-26;CNY_OIS_RUSFARCNY_3Y;0.014491;0.039337
2013-04-27;CNY_OIS_RUSFARCNY_3Y;0.015029;0.039119
2013-04-28;CNY_OIS_RUSFARCNY_3Y;0.013476;0.036952
2013-05-02;CNY_OIS_RUSFARCNY_3Y;0.013532;0.036296
2013-05-03;CNY_OIS_RUSFARCNY_3Y;0.015805;0.038023
2013-05-06;CNY_OIS_RUSFARCNY_3Y;0.013853;0.035575
2013-05-07;CNY_OIS_RUSFARCNY_3Y;0.00965;0.031378
2013-05-08;CNY_OIS_RUSFARCNY_3Y;0.007362;0.028666
2013-05-09;CNY_OIS_RUSFARCNY_3Y;0.007686;0.028342
2013-05-10;CNY_OIS_RUSFARCNY_3Y;0.008299;0.028329
2013-05-13;CNY_OIS_RUSFARCNY_3Y;0.008776;0.028198
2013-05-14;CNY_OIS_RUSFARCNY_3Y;0.009884;0.028744
2013-05-15;CNY_OIS_RUSFARCNY_3Y;0.010217;0.028501
2013-05-16;CNY_OIS_RUSFARCNY_3Y;0.014604;0.033264
2013-05-17;CNY_OIS_RUSFARCNY_3Y;0.016263;0.034443
2013-05-20;CNY_OIS_RUSFARCNY_3Y;0.017641;0.035327
2013-05-21;CNY_OIS_RUSFARCNY_3Y;0.021565;0.039463
2013-05-22;CNY_OIS_RUSFARCNY_3Y;0.022468;0.03984
2013-05-23;CNY_OIS_RUSFARCNY_3Y;0.025145;0.042303
2013-05-24;CNY_OIS_RUSFARCNY_3Y;0.023561;0.040347
2013-05-27;CNY_OIS_RUSFARCNY_3Y;0.024369;0.040659
2013-05-28;CNY_OIS_RUSFARCNY_3Y;0.022405;0.038423
2013-05-29;CNY_OIS_RUSFARCNY_3Y;0.019417;0.035411
2013-05-30;CNY_OIS_RUSFARCNY_3Y;0.022765;0.038863
2013-05-31;CNY_OIS_RUSFARCNY_3Y;0.031393;0.052455
2013-06-03;CNY_OIS_RUSFARCNY_3Y;0.032675;0.053133
2013-06-04;CNY_OIS_RUSFARCNY_3Y;0.032153;0.052015
2013-06-05;CNY_OIS_RUSFARCNY_3Y;0.033492;0.052796
2013-06-06;CNY_OIS_RUSFARCNY_3Y;0.043992;0.069476
2013-06-07;CNY_OIS_RUSFARCNY_3Y;0.060642;0.099066
2013-06-08;CNY_OIS_RUSFARCNY_3Y;0.072376;0.113072
2013-06-09;CNY_OIS_RUSFARCNY_3Y;0.048017;0.095611
2013-06-13;CNY_OIS_RUSFARCNY_3Y;0.040199;0.087449
2013-06-14;CNY_OIS_RUSFARCNY_3Y;0.043621;0.089567
2013-06-17;CNY_OIS_RUSFARCNY_3Y;0.018887;0.071201
2013-06-18;CNY_OIS_RUSFARCNY_3Y;0.027029;0.078719
2013-06-19;CNY_OIS_RUSFARCNY_3Y;0.045222;0.101806
2013-06-20;CNY_OIS_RUSFARCNY_3Y;0.085448;0.17726
2013-06-21;CNY_OIS_RUSFARCNY_3Y;0.027299;0.136369
2013-06-24;CNY_OIS_RUSFARCNY_3Y;0.007416;0.116192
2013-06-25;CNY_OIS_RUSFARCNY_3Y;0.001325;0.107223
2013-06-26;CNY_OIS_RUSFARCNY_3Y;0.001095;0.103793
2013-06-27;CNY_OIS_RUSFARCNY_3Y;0.002739;0.102309
2013-06-28;CNY_OIS_RUSFARCNY_3Y;-0.002105;0.094753
2013-07-01;CNY_OIS_RUSFARCNY_3Y;-0.005581;0.088529
2013-07-02;CNY_OIS_RUSFARCNY_3Y;-0.011046;0.080594
2013-07-03;CNY_OIS_RUSFARCNY_3Y;-0.013578;0.075406
2013-07-04;CNY_OIS_RUSFARCNY_3Y;-0.012744;0.073532
2013-07-05;CNY_OIS_RUSFARCNY_3Y;-0.01111;0.072538
2013-07-08;CNY_OIS_RUSFARCNY_3Y;-0.011084;0.070032
2013-07-09;CNY_OIS_RUSFARCNY_3Y;-0.009918;0.068726
2013-07-10;CNY_OIS_RUSFARCNY_3Y;-0.008701;0.067549
2013-07-11;CNY_OIS_RUSFARCNY_3Y;-0.006508;0.06743
2013-07-12;CNY_OIS_RUSFARCNY_3Y;-0.00593;0.065758
2013-07-15;CNY_OIS_RUSFARCNY_3Y;-0.00484;0.064664
2013-07-16;CNY_OIS_RUSFARCNY_3Y;-0.006699;0.060787
2013-07-17;CNY_OIS_RUSFARCNY_3Y;-0.006122;0.05931
2013-07-18;CNY_OIS_RUSFARCNY_3Y;-0.004826;0.058614
2013-07-19;CNY_OIS_RUSFARCNY_3Y;-0.003441;0.058069
2013-07-22;CNY_OIS_RUSFARCNY_3Y;-0.001872;0.05777
2013-07-23;CNY_OIS_RUSFARCNY_3Y;-0.000644;0.057182
2013-07-24;CNY_OIS_RUSFARCNY_3Y;0.001175;0.057253
2013-07-25;CNY_OIS_RUSFARCNY_3Y;0.003214;0.057604
2013-07-26;CNY_OIS_RUSFARCNY_3Y;0.006016;0.058812
2013-07-29;CNY_OIS_RUSFARCNY_3Y;0.008332;0.059556
2013-07-30;CNY_OIS_RUSFARCNY_3Y;0.008489;0.058159
2013-07-31;CNY_OIS_RUSFARCNY_3Y;0.009823;0.057985
2013-08-01;CNY_OIS_RUSFARCNY_3Y;0.009037;0.055771
2013-08-02;CNY_OIS_RUSFARCNY_3Y;0.00672;0.052186
2013-08-05;CNY_OIS_RUSFARCNY_3Y;0.005852;0.049976
2013-08-06;CNY_OIS_RUSFARCNY_3Y;0.006524;0.049304
2013-08-07;CNY_OIS_RUSFARCNY_3Y;0.007181;0.048657
2013-08-08;CNY_OIS_RUSFARCNY_3Y;0.008444;0.048666
2013-08-09;CNY_OIS_RUSFARCNY_3Y;0.006491;0.045617
2013-08-12;CNY_OIS_RUSFARCNY_3Y;0.007589;0.045529
2013-08-13;CNY_OIS_RUSFARCNY_3Y;0.0107;0.047634
2013-08-14;CNY_OIS_RUSFARCNY_3Y;0.01331;0.049218
2013-08-15;CNY_OIS_RUSFARCNY_3Y;0.01231;0.047178
2013-08-16;CNY_OIS_RUSFARCNY_3Y;0.012095;0.045913
2013-08-19;CNY_OIS_RUSFARCNY_3Y;0.014504;0.047384
2013-08-20;CNY_OIS_RUSFARCNY_3Y;0.019258;0.05165
2013-08-21;CNY_OIS_RUSFARCNY_3Y;0.016236;0.047932
2013-08-22;CNY_OIS_RUSFARCNY_3Y;0.015085;0.045883
2013-08-23;CNY_OIS_RUSFARCNY_3Y;0.014623;0.044505
2013-08-26;CNY_OIS_RUSFARCNY_3Y;0.012725;0.041843
2013-08-27;CNY_OIS_RUSFARCNY_3Y;0.012857;0.041091
2013-08-28;CNY_OIS_RUSFARCNY_3Y;0.014195;0.041593
2013-08-29;CNY_OIS_RUSFARCNY_3Y;0.013172;0.039796
2013-08-30;CNY_OIS_RUSFARCNY_3Y;0.014338;0.04017
2013-09-02;CNY_OIS_RUSFARCNY_3Y;0.014579;0.039625
2013-09-03;CNY_OIS_RUSFARCNY_3Y;0.014778;0.039062
2013-09-04;CNY_OIS_RUSFARCNY_3Y;0.015192;0.038736
2013-09-05;CNY_OIS_RUSFARCNY_3Y;0.014377;0.037251
2013-09-06;CNY_OIS_RUSFARCNY_3Y;0.015319;0.037509
2013-09-09;CNY_OIS_RUSFARCNY_3Y;0.015355;0.036873
2013-09-10;CNY_OIS_RUSFARCNY_3Y;0.015437;0.036301
2013-09-11;CNY_OIS_RUSFARCNY_3Y;0.016912;0.037196
2013-09-12;CNY_OIS_RUSFARCNY_3Y;0.016746;0.036422
2013-09-13;CNY_OIS_RUSFARCNY_3Y;0.017166;0.036242
2013-09-16;CNY_OIS_RUSFARCNY_3Y;0.017744;0.036244
2013-09-17;CNY_OIS_RUSFARCNY_3Y;0.02236;0.041328
2013-09-18;CNY_OIS_RUSFARCNY_3Y;0.02328;0.041688
2013-09-22;CNY_OIS_RUSFARCNY_3Y;0.023719;0.041569
2013-09-23;CNY_OIS_RUSFARCNY_3Y;0.026275;0.043853
2013-09-24;CNY_OIS_RUSFARCNY_3Y;0.024442;0.041674
2013-09-25;CNY_OIS_RUSFARCNY_3Y;0.021859;0.038909
2013-09-26;CNY_OIS_RUSFARCNY_3Y;0.019634;0.036434
2013-09-27;CNY_OIS_RUSFARCNY_3Y;0.020244;0.036538
2013-09-29;CNY_OIS_RUSFARCNY_3Y;0.020515;0.036313
2013-09-30;CNY_OIS_RUSFARCNY_3Y;0.020514;0.035834
2013-10-08;CNY_OIS_RUSFARCNY_3Y;0.019993;0.034875
2013-10-09;CNY_OIS_RUSFARCNY_3Y;0.021929;0.036539
2013-10-10;CNY_OIS_RUSFARCNY_3Y;0.023085;0.037303
2013-10-11;CNY_OIS_RUSFARCNY_3Y;0.020871;0.034957
2013-10-12;CNY_OIS_RUSFARCNY_3Y;0.02034;0.034028
2013-10-14;CNY_OIS_RUSFARCNY_3Y;0.021386;0.034702
2013-10-15;CNY_OIS_RUSFARCNY_3Y;0.021628;0.03454
2013-10-16;CNY_OIS_RUSFARCNY_3Y;0.021193;0.033735
2013-10-17;CNY_OIS_RUSFARCNY_3Y;0.021213;0.033375
2013-10-18;CNY_OIS_RUSFARCNY_3Y;0.021023;0.032825
2013-10-21;CNY_OIS_RUSFARCNY_3Y;0.021781;0.033247
2013-10-22;CNY_OIS_RUSFARCNY_3Y;0.021875;0.032993
2013-10-23;CNY_OIS_RUSFARCNY_3Y;0.027607;0.041821
2013-10-24;CNY_OIS_RUSFARCNY_3Y;0.03063;0.044958
2013-10-25;CNY_OIS_RUSFARCNY_3Y;0.033415;0.047753
2013-10-28;CNY_OIS_RUSFARCNY_3Y;0.03429;0.048218
2013-10-29;CNY_OIS_RUSFARCNY_3Y;0.034622;0.048126
2013-10-30;CNY_OIS_RUSFARCNY_3Y;0.040983;0.057445
2013-10-31;CNY_OIS_RUSFARCNY_3Y;0.033855;0.051773
2013-11-01;CNY_OIS_RUSFARCNY_3Y;0.030901;0.048693
2013-11-04;CNY_OIS_RUSFARCNY_3Y;0.029174;0.046596
2013-11-05;CNY_OIS_RUSFARCNY_3Y;0.027536;0.044586
2013-11-06;CNY_OIS_RUSFARCNY_3Y;0.025092;0.041936
2013-11-07;CNY_OIS_RUSFARCNY_3Y;0.026036;0.042392
2013-11-08;CNY_OIS_RUSFARCNY_3Y;0.026593;0.042455
2013-11-11;CNY_OIS_RUSFARCNY_3Y;0.025156;0.040672
2013-11-12;CNY_OIS_RUSFARCNY_3Y;0.022488;0.03792
2013-11-13;CNY_OIS_RUSFARCNY_3Y;0.022792;0.037756
2013-11-14;CNY_OIS_RUSFARCNY_3Y;0.029738;0.04785
2013-11-15;CNY_OIS_RUSFARCNY_3Y;0.032512;0.050396
2013-11-18;CNY_OIS_RUSFARCNY_3Y;0.033366;0.050722
2013-11-19;CNY_OIS_RUSFARCNY_3Y;0.028801;0.046527
2013-11-20;CNY_OIS_RUSFARCNY_3Y;0.02889;0.046078
2013-11-21;CNY_OIS_RUSFARCNY_3Y;0.027404;0.044204
2013-11-22;CNY_OIS_RUSFARCNY_3Y;0.027759;0.044049
2013-11-25;CNY_OIS_RUSFARCNY_3Y;0.027481;0.043287
2013-11-26;CNY_OIS_RUSFARCNY_3Y;0.026684;0.042064
2013-11-27;CNY_OIS_RUSFARCNY_3Y;0.027098;0.04201
2013-11-28;CNY_OIS_RUSFARCNY_3Y;0.027144;0.041604
2013-11-29;CNY_OIS_RUSFARCNY_3Y;0.027163;0.041185
2013-12-02;CNY_OIS_RUSFARCNY_3Y;0.027595;0.041193
2013-12-03;CNY_OIS_RUSFARCNY_3Y;0.027571;0.040757
2013-12-04;CNY_OIS_RUSFARCNY_3Y;0.027757;0.040541
2013-12-05;CNY_OIS_RUSFARCNY_3Y;0.027745;0.040143
2013-12-06;CNY_OIS_RUSFARCNY_3Y;0.027904;0.039924
2013-12-09;CNY_OIS_RUSFARCNY_3Y;0.027265;0.038963
2013-12-10;CNY_OIS_RUSFARCNY_3Y;0.026809;0.038179
2013-12-11;CNY_OIS_RUSFARCNY_3Y;0.026494;0.037534
2013-12-12;CNY_OIS_RUSFARCNY_3Y;0.026153;0.036875
2013-12-13;CNY_OIS_RUSFARCNY_3Y;0.026034;0.036436
2013-12-16;CNY_OIS_RUSFARCNY_3Y;0.02634;0.036428
2013-12-17;CNY_OIS_RUSFARCNY_3Y;0.026722;0.036506
2013-12-18;CNY_OIS_RUSFARCNY_3Y;0.027992;0.037596
2013-12-19;CNY_OIS_RUSFARCNY_3Y;0.030437;0.040311
2013-12-20;CNY_OIS_RUSFARCNY_3Y;0.03137;0.040998
2013-12-23;CNY_OIS_RUSFARCNY_3Y;0.036082;0.048046
2013-12-24;CNY_OIS_RUSFARCNY_3Y;0.032104;0.044624
2013-12-25;CNY_OIS_RUSFARCNY_3Y;0.031315;0.043513
2013-12-26;CNY_OIS_RUSFARCNY_3Y;0.031002;0.042846
2013-12-27;CNY_OIS_RUSFARCNY_3Y;0.025517;0.038571
2013-12-30;CNY_OIS_RUSFARCNY_3Y;0.022339;0.035589
2013-12-31;CNY_OIS_RUSFARCNY_3Y;0.021961;0.034827
2014-01-02;CNY_OIS_RUSFARCNY_3Y;0.021986;0.034462
2014-01-03;CNY_OIS_RUSFARCNY_3Y;0.020874;0.033074
2014-01-06;CNY_OIS_RUSFARCNY_3Y;0.020174;0.032054
2014-01-07;CNY_OIS_RUSFARCNY_3Y;0.019898;0.03143
2014-01-08;CNY_OIS_RUSFARCNY_3Y;0.019616;0.030812
2014-01-09;CNY_OIS_RUSFARCNY_3Y;0.019422;0.030286
2014-01-10;CNY_OIS_RUSFARCNY_3Y;0.019304;0.029844
2014-01-13;CNY_OIS_RUSFARCNY_3Y;0.019182;0.029406
2014-01-14;CNY_OIS_RUSFARCNY_3Y;0.019353;0.029265
2014-01-15;CNY_OIS_RUSFARCNY_3Y;0.019621;0.029233
2014-01-16;CNY_OIS_RUSFARCNY_3Y;0.019975;0.029299
2014-01-17;CNY_OIS_RUSFARCNY_3Y;0.020556;0.029612
2014-01-20;CNY_OIS_RUSFARCNY_3Y;0.027686;0.043902
2014-01-21;CNY_OIS_RUSFARCNY_3Y;0.025308;0.04134
2014-01-22;CNY_OIS_RUSFARCNY_3Y;0.025899;0.041449
2014-01-23;CNY_OIS_RUSFARCNY_3Y;0.026374;0.041454
2014-01-24;CNY_OIS_RUSFARCNY_3Y;0.026796;0.041418
2014-01-26;CNY_OIS_RUSFARCNY_3Y;0.032607;0.049221
2014-01-27;CNY_OIS_RUSFARCNY_3Y;0.034155;0.050353
2014-01-28;CNY_OIS_RUSFARCNY_3Y;0.037289;0.053493
2014-01-29;CNY_OIS_RUSFARCNY_3Y;0.037053;0.052775
2014-01-30;CNY_OIS_RUSFARCNY_3Y;0.033296;0.049232
2014-02-07;CNY_OIS_RUSFARCNY_3Y;0.031818;0.04741
2014-02-08;CNY_OIS_RUSFARCNY_3Y;0.031854;0.046974
2014-02-10;CNY_OIS_RUSFARCNY_3Y;0.032612;0.047286
2014-02-11;CNY_OIS_RUSFARCNY_3Y;0.031092;0.045476
2014-02-12;CNY_OIS_RUSFARCNY_3Y;0.03068;0.044648
2014-02-13;CNY_OIS_RUSFARCNY_3Y;0.026356;0.040852
2014-02-14;CNY_OIS_RUSFARCNY_3Y;0.022239;0.037149
2014-02-17;CNY_OIS_RUSFARCNY_3Y;0.018903;0.033945
2014-02-18;CNY_OIS_RUSFARCNY_3Y;0.016221;0.031207
2014-02-19;CNY_OIS_RUSFARCNY_3Y;0.013468;0.02842
2014-02-20;CNY_OIS_RUSFARCNY_3Y;0.008994;0.024454
2014-02-21;CNY_OIS_RUSFARCNY_3Y;0.006934;0.022174
2014-02-24;CNY_OIS_RUSFARCNY_3Y;0.006515;0.021313
2014-02-25;CNY_OIS_RUSFARCNY_3Y;0.006939;0.021289
2014-02-26;CNY_OIS_RUSFARCNY_3Y;0.007455;0.021373
2014-02-27;CNY_OIS_RUSFARCNY_3Y;0.007667;0.021161
2014-02-28;CNY_OIS_RUSFARCNY_3Y;0.008802;0.021942
2014-03-03;CNY_OIS_RUSFARCNY_3Y;0.011215;0.024313
2014-03-04;CNY_OIS_RUSFARCNY_3Y;0.011394;0.024094
2014-03-05;CNY_OIS_RUSFARCNY_3Y;0.011658;0.02397
2014-03-06;CNY_OIS_RUSFARCNY_3Y;0.011488;0.023434
2014-03-07;CNY_OIS_RUSFARCNY_3Y;0.011058;0.022666
2014-03-10;CNY_OIS_RUSFARCNY_3Y;0.010457;0.021751
2014-03-11;CNY_OIS_RUSFARCNY_3Y;0.010161;0.021127
2014-03-12;CNY_OIS_RUSFARCNY_3Y;0.010595;0.021233
2014-03-13;CNY_OIS_RUSFARCNY_3Y;0.011343;0.021685
2014-03-14;CNY_OIS_RUSFARCNY_3Y;0.010637;0.020721
2014-03-17;CNY_OIS_RUSFARCNY_3Y;0.010716;0.020492
2014-03-18;CNY_OIS_RUSFARCNY_3Y;0.012537;0.022291
2014-03-19;CNY_OIS_RUSFARCNY_3Y;0.018209;0.031669
2014-03-20;CNY_OIS_RUSFARCNY_3Y;0.020365;0.033683
2014-03-21;CNY_OIS_RUSFARCNY_3Y;0.014685;0.029143
2014-03-24;CNY_OIS_RUSFARCNY_3Y;0.014906;0.028922
2014-03-25;CNY_OIS_RUSFARCNY_3Y;0.015119;0.028709
2014-03-26;CNY_OIS_RUSFARCNY_3Y;0.015525;0.028703
2014-03-27;CNY_OIS_RUSFARCNY_3Y;0.017046;0.029942
2014-03-28;CNY_OIS_RUSFARCNY_3Y;0.018135;0.030693
2014-03-31;CNY_OIS_RUSFARCNY_3Y;0.018818;0.03101
2014-04-01;CNY_OIS_RUSFARCNY_3Y;0.019648;0.0315
2014-04-02;CNY_OIS_RUSFARCNY_3Y;0.020644;0.032184
2014-04-03;CNY_OIS_RUSFARCNY_3Y;0.02082;0.032008
2014-04-04;CNY_OIS_RUSFARCNY_3Y;0.018991;0.030097
2014-04-08;CNY_OIS_RUSFARCNY_3Y;0.018651;0.029437
2014-04-09;CNY_OIS_RUSFARCNY_3Y;0.019083;0.029545
2014-04-10;CNY_OIS_RUSFARCNY_3Y;0.019242;0.029386
2014-04-11;CNY_OIS_RUSFARCNY_3Y;0.019496;0.029332
2014-04-14;CNY_OIS_RUSFARCNY_3Y;0.018484;0.028124
2014-04-15;CNY_OIS_RUSFARCNY_3Y;0.016577;0.026231
2014-04-16;CNY_OIS_RUSFARCNY_3Y;0.015116;0.024672
2014-04-17;CNY_OIS_RUSFARCNY_3Y;0.014032;0.023416
2014-04-18;CNY_OIS_RUSFARCNY_3Y;0.012222;0.021606
2014-04-21;CNY_OIS_RUSFARCNY_3Y;0.012163;0.021265
2014-04-22;CNY_OIS_RUSFARCNY_3Y;0.01175;0.020602
2014-04-23;CNY_OIS_RUSFARCNY_3Y;0.012247;0.020841
2014-04-24;CNY_OIS_RUSFARCNY_3Y;0.015249;0.024639
2014-04-25;CNY_OIS_RUSFARCNY_3Y;0.015462;0.024566
2014-04-28;CNY_OIS_RUSFARCNY_3Y;0.016519;0.025429
2014-04-29;CNY_OIS_RUSFARCNY_3Y;0.018454;0.027454
2014-04-30;CNY_OIS_RUSFARCNY_3Y;0.017501;0.026327
2014-05-04;CNY_OIS_RUSFARCNY_3Y;0.016589;0.025239
2014-05-05;CNY_OIS_RUSFARCNY_3Y;0.016416;0.024812
2014-05-06;CNY_OIS_RUSFARCNY_3Y;0.016544;0.024684
2014-05-07;CNY_OIS_RUSFARCNY_3Y;0.016668;0.02456
2014-05-08;CNY_OIS_RUSFARCNY_3Y;0.015286;0.023142
2014-05-09;CNY_OIS_RUSFARCNY_3Y;0.01531;0.022928
2014-05-12;CNY_OIS_RUSFARCNY_3Y;0.015356;0.022742
2014-05-13;CNY_OIS_RUSFARCNY_3Y;0.01673;0.024098
2014-05-14;CNY_OIS_RUSFARCNY_3Y;0.017006;0.024154
2014-05-15;CNY_OIS_RUSFARCNY_3Y;0.016947;0.023881
2014-05-16;CNY_OIS_RUSFARCNY_3Y;0.017251;0.023977
2014-05-19;CNY_OIS_RUSFARCNY_3Y;0.017609;0.024139
2014-05-20;CNY_OIS_RUSFARCNY_3Y;0.018012;0.024356
2014-05-21;CNY_OIS_RUSFARCNY_3Y;0.019052;0.025336
2014-05-22;CNY_OIS_RUSFARCNY_3Y;0.018966;0.025062
2014-05-23;CNY_OIS_RUSFARCNY_3Y;0.019256;0.025172
2014-05-26;CNY_OIS_RUSFARCNY_3Y;0.019066;0.024812
2014-05-27;CNY_OIS_RUSFARCNY_3Y;0.019528;0.02512
2014-05-28;CNY_OIS_RUSFARCNY_3Y;0.019296;0.024732
2014-05-29;CNY_OIS_RUSFARCNY_3Y;0.019378;0.02465
2014-05-30;CNY_OIS_RUSFARCNY_3Y;0.02003;0.025198
2014-06-03;CNY_OIS_RUSFARCNY_3Y;0.0196;0.024648
2014-06-04;CNY_OIS_RUSFARCNY_3Y;0.020063;0.024985
2014-06-05;CNY_OIS_RUSFARCNY_3Y;0.020286;0.025062
2014-06-06;CNY_OIS_RUSFARCNY_3Y;0.020407;0.025037
2014-06-09;CNY_OIS_RUSFARCNY_3Y;0.02047;0.024958
2014-06-10;CNY_OIS_RUSFARCNY_3Y;0.020437;0.024791
2014-06-11;CNY_OIS_RUSFARCNY_3Y;0.020719;0.024949
2014-06-12;CNY_OIS_RUSFARCNY_3Y;0.020833;0.024935
2014-06-13;CNY_OIS_RUSFARCNY_3Y;0.020925;0.024903
2014-06-16;CNY_OIS_RUSFARCNY_3Y;0.020986;0.024842
2014-06-17;CNY_OIS_RUSFARCNY_3Y;0.021045;0.024783
2014-06-18;CNY_OIS_RUSFARCNY_3Y;0.021475;0.025133
2014-06-19;CNY_OIS_RUSFARCNY_3Y;0.022081;0.025707
2014-06-20;CNY_OIS_RUSFARCNY_3Y;0.022704;0.026304
2014-06-23;CNY_OIS_RUSFARCNY_3Y;0.022719;0.026209
2014-06-24;CNY_OIS_RUSFARCNY_3Y;0.024444;0.028804
2014-06-25;CNY_OIS_RUSFARCNY_3Y;0.024745;0.028983
2014-06-26;CNY_OIS_RUSFARCNY_3Y;0.024595;0.028713
2014-06-27;CNY_OIS_RUSFARCNY_3Y;0.023689;0.027839
2014-06-30;CNY_OIS_RUSFARCNY_3Y;0.024024;0.028064
2014-07-01;CNY_OIS_RUSFARCNY_3Y;0.025017;0.029151
2014-07-02;CNY_OIS_RUSFARCNY_3Y;0.02511;0.029118
2014-07-03;CNY_OIS_RUSFARCNY_3Y;0.024534;0.028494
2014-07-04;CNY_OIS_RUSFARCNY_3Y;0.02439;0.028238
2014-07-07;CNY_OIS_RUSFARCNY_3Y;0.024567;0.028301
2014-07-08;CNY_OIS_RUSFARCNY_3Y;0.026808;0.03208
2014-07-09;CNY_OIS_RUSFARCNY_3Y;0.027794;0.033054
2014-07-10;CNY_OIS_RUSFARCNY_3Y;0.027343;0.032485
2014-07-11;CNY_OIS_RUSFARCNY_3Y;0.02727;0.032258
2014-07-14;CNY_OIS_RUSFARCNY_3Y;0.027038;0.03189
2014-07-15;CNY_OIS_RUSFARCNY_3Y;0.02673;0.031458
2014-07-16;CNY_OIS_RUSFARCNY_3Y;0.027087;0.031685
2014-07-17;CNY_OIS_RUSFARCNY_3Y;0.02715;0.031608
2014-07-18;CNY_OIS_RUSFARCNY_3Y;0.027203;0.031525
2014-07-21;CNY_OIS_RUSFARCNY_3Y;0.027948;0.03224
2014-07-22;CNY_OIS_RUSFARCNY_3Y;0.027322;0.031566
2014-07-23;CNY_OIS_RUSFARCNY_3Y;0.02779;0.031938
2014-07-24;CNY_OIS_RUSFARCNY_3Y;0.02803;0.032058
2014-07-25;CNY_OIS_RUSFARCNY_3Y;0.028428;0.03236
2014-07-28;CNY_OIS_RUSFARCNY_3Y;0.028028;0.03188
2014-07-29;CNY_OIS_RUSFARCNY_3Y;0.027518;0.031316
2014-07-30;CNY_OIS_RUSFARCNY_3Y;0.027575;0.031257
2014-07-31;CNY_OIS_RUSFARCNY_3Y;0.027145;0.030763
2014-08-01;CNY_OIS_RUSFARCNY_3Y;0.02712;0.030628
2014-08-04;CNY_OIS_RUSFARCNY_3Y;0.027031;0.030437
2014-08-05;CNY_OIS_RUSFARCNY_3Y;0.026696;0.030032
2014-08-06;CNY_OIS_RUSFARCNY_3Y;0.0257;0.029148
2014-08-07;CNY_OIS_RUSFARCNY_3Y;0.025641;0.028987
2014-08-08;CNY_OIS_RUSFARCNY_3Y;0.025283;0.028565
2014-08-11;CNY_OIS_RUSFARCNY_3Y;0.024846;0.028082
2014-08-12;CNY_OIS_RUSFARCNY_3Y;0.024486;0.027662
2014-08-13;CNY_OIS_RUSFARCNY_3Y;0.024287;0.027381
2014-08-14;CNY_OIS_RUSFARCNY_3Y;0.024294;0.027294
2014-08-15;CNY_OIS_RUSFARCNY_3Y;0.024349;0.027259
2014-08-18;CNY_OIS_RUSFARCNY_3Y;0.02407;0.026918
2014-08-19;CNY_OIS_RUSFARCNY_3Y;0.023876;0.026652
2014-08-20;CNY_OIS_RUSFARCNY_3Y;0.023898;0.02659
2014-08-21;CNY_OIS_RUSFARCNY_3Y;0.024085;0.026703
2014-08-22;CNY_OIS_RUSFARCNY_3Y;0.024075;0.026613
2014-08-25;CNY_OIS_RUSFARCNY_3Y;0.024093;0.026555
2014-08-26;CNY_OIS_RUSFARCNY_3Y;0.023945;0.026343
2014-08-27;CNY_OIS_RUSFARCNY_3Y;0.024337;0.026711
2014-08-28;CNY_OIS_RUSFARCNY_3Y;0.024519;0.026829
2014-08-29;CNY_OIS_RUSFARCNY_3Y;0.024856;0.027132
2014-09-01;CNY_OIS_RUSFARCNY_3Y;0.024871;0.027077
2014-09-02;CNY_OIS_RUSFARCNY_3Y;0.02425;0.026518
2014-09-03;CNY_OIS_RUSFARCNY_3Y;0.024045;0.026263
2014-09-04;CNY_OIS_RUSFARCNY_3Y;0.023987;0.026141
2014-09-05;CNY_OIS_RUSFARCNY_3Y;0.023939;0.026029
2014-09-09;CNY_OIS_RUSFARCNY_3Y;0.024059;0.026089
2014-09-10;CNY_OIS_RUSFARCNY_3Y;0.024309;0.026299
2014-09-11;CNY_OIS_RUSFARCNY_3Y;0.024531;0.026477
2014-09-12;CNY_OIS_RUSFARCNY_3Y;0.0245;0.026388
2014-09-15;CNY_OIS_RUSFARCNY_3Y;0.024509;0.026339
2014-09-16;CNY_OIS_RUSFARCNY_3Y;0.024556;0.026332
2014-09-17;CNY_OIS_RUSFARCNY_3Y;0.024523;0.026245
2014-09-18;CNY_OIS_RUSFARCNY_3Y;0.024488;0.02616
2014-09-19;CNY_OIS_RUSFARCNY_3Y;0.024503;0.026125
2014-09-22;CNY_OIS_RUSFARCNY_3Y;0.024052;0.025716
2014-09-23;CNY_OIS_RUSFARCNY_3Y;0.023117;0.025031
2014-09-24;CNY_OIS_RUSFARCNY_3Y;0.022882;0.024766
2014-09-25;CNY_OIS_RUSFARCNY_3Y;0.022767;0.024601
2014-09-26;CNY_OIS_RUSFARCNY_3Y;0.022805;0.024583
2014-09-28;CNY_OIS_RUSFARCNY_3Y;0.022622;0.024366
2014-09-29;CNY_OIS_RUSFARCNY_3Y;0.021226;0.023462
2014-09-30;CNY_OIS_RUSFARCNY_3Y;0.021153;0.023325
2014-10-08;CNY_OIS_RUSFARCNY_3Y;0.02126;0.023368
2014-10-09;CNY_OIS_RUSFARCNY_3Y;0.021505;0.023569
2014-10-10;CNY_OIS_RUSFARCNY_3Y;0.021578;0.02358
2014-10-11;CNY_OIS_RUSFARCNY_3Y;0.021373;0.023335
2014-10-13;CNY_OIS_RUSFARCNY_3Y;0.021322;0.023226
2014-10-14;CNY_OIS_RUSFARCNY_3Y;0.021371;0.023217
2014-10-15;CNY_OIS_RUSFARCNY_3Y;0.020963;0.022825
2014-10-16;CNY_OIS_RUSFARCNY_3Y;0.020739;0.022569
2014-10-17;CNY_OIS_RUSFARCNY_3Y;0.020633;0.022415
2014-10-20;CNY_OIS_RUSFARCNY_3Y;0.020305;0.022083
2014-10-21;CNY_OIS_RUSFARCNY_3Y;0.020198;0.02193
2014-10-22;CNY_OIS_RUSFARCNY_3Y;0.020264;0.021944
2014-10-23;CNY_OIS_RUSFARCNY_3Y;0.020329;0.021959
2014-10-24;CNY_OIS_RUSFARCNY_3Y;0.020564;0.022168
2014-10-27;CNY_OIS_RUSFARCNY_3Y;0.020923;0.022549
2014-10-28;CNY_OIS_RUSFARCNY_3Y;0.021034;0.022614
2014-10-29;CNY_OIS_RUSFARCNY_3Y;0.021309;0.022879
2014-10-30;CNY_OIS_RUSFARCNY_3Y;0.021659;0.023249
2014-10-31;CNY_OIS_RUSFARCNY_3Y;0.021733;0.023275
2014-11-03;CNY_OIS_RUSFARCNY_3Y;0.021643;0.023145
2014-11-04;CNY_OIS_RUSFARCNY_3Y;0.021605;0.023063
2014-11-05;CNY_OIS_RUSFARCNY_3Y;0.021627;0.023041
2014-11-06;CNY_OIS_RUSFARCNY_3Y;0.021801;0.023187
2014-11-07;CNY_OIS_RUSFARCNY_3Y;0.021928;0.02328
2014-11-10;CNY_OIS_RUSFARCNY_3Y;0.021622;0.022986
2014-11-11;CNY_OIS_RUSFARCNY_3Y;0.021121;0.022567
2014-11-12;CNY_OIS_RUSFARCNY_3Y;0.02104;0.022448
2014-11-13;CNY_OIS_RUSFARCNY_3Y;0.020958;0.02233
2014-11-14;CNY_OIS_RUSFARCNY_3Y;0.021104;0.022444
2014-11-17;CNY_OIS_RUSFARCNY_3Y;0.021338;0.02267
2014-11-18;CNY_OIS_RUSFARCNY_3Y;0.021297;0.022591
2014-11-19;CNY_OIS_RUSFARCNY_3Y;0.021327;0.022581
2014-11-20;CNY_OIS_RUSFARCNY_3Y;0.021657;0.022951
2014-11-21;CNY_OIS_RUSFARCNY_3Y;0.022079;0.023469
2014-11-24;CNY_OIS_RUSFARCNY_3Y;0.02175;0.023158
2014-11-25;CNY_OIS_RUSFARCNY_3Y;0.021821;0.023187
2014-11-26;CNY_OIS_RUSFARCNY_3Y;0.021975;0.023313
2014-11-27;CNY_OIS_RUSFARCNY_3Y;0.022102;0.023406
2014-11-28;CNY_OIS_RUSFARCNY_3Y;0.022344;0.023644
2014-12-01;CNY_OIS_RUSFARCNY_3Y;0.022699;0.024049
2014-12-02;CNY_OIS_RUSFARCNY_3Y;0.022689;0.023999
2014-12-03;CNY_OIS_RUSFARCNY_3Y;0.022616;0.023892
2014-12-04;CNY_OIS_RUSFARCNY_3Y;0.022616;0.023852
2014-12-05;CNY_OIS_RUSFARCNY_3Y;0.022594;0.023794
2014-12-08;CNY_OIS_RUSFARCNY_3Y;0.022736;0.023912
2014-12-09;CNY_OIS_RUSFARCNY_3Y;0.022744;0.023884
2014-12-10;CNY_OIS_RUSFARCNY_3Y;0.022791;0.023897
2014-12-11;CNY_OIS_RUSFARCNY_3Y;0.022838;0.02391
2014-12-12;CNY_OIS_RUSFARCNY_3Y;0.022903;0.023945
2014-12-15;CNY_OIS_RUSFARCNY_3Y;0.022949;0.023959
2014-12-16;CNY_OIS_RUSFARCNY_3Y;0.023096;0.024092
2014-12-17;CNY_OIS_RUSFARCNY_3Y;0.023785;0.025363
2014-12-18;CNY_OIS_RUSFARCNY_3Y;0.025775;0.030653
2014-12-19;CNY_OIS_RUSFARCNY_3Y;0.029131;0.036817
2014-12-22;CNY_OIS_RUSFARCNY_3Y;0.030158;0.03771
2014-12-23;CNY_OIS_RUSFARCNY_3Y;0.029916;0.037252
2014-12-24;CNY_OIS_RUSFARCNY_3Y;0.029397;0.036551
2014-12-25;CNY_OIS_RUSFARCNY_3Y;0.028917;0.035891
2014-12-26;CNY_OIS_RUSFARCNY_3Y;0.02837;0.035178
2014-12-29;CNY_OIS_RUSFARCNY_3Y;0.027733;0.034395
2014-12-30;CNY_OIS_RUSFARCNY_3Y;0.027476;0.033952
2014-12-31;CNY_OIS_RUSFARCNY_3Y;0.028917;0.035471
2015-01-04;CNY_OIS_RUSFARCNY_3Y;0.030058;0.03657
2015-01-05;CNY_OIS_RUSFARCNY_3Y;0.027673;0.034575
2015-01-06;CNY_OIS_RUSFARCNY_3Y;0.023072;0.031396
2015-01-07;CNY_OIS_RUSFARCNY_3Y;0.021576;0.029872
2015-01-08;CNY_OIS_RUSFARCNY_3Y;0.021179;0.029249
2015-01-09;CNY_OIS_RUSFARCNY_3Y;0.021049;0.028879
2015-01-12;CNY_OIS_RUSFARCNY_3Y;0.020634;0.028254
2015-01-13;CNY_OIS_RUSFARCNY_3Y;0.019849;0.027319
2015-01-14;CNY_OIS_RUSFARCNY_3Y;0.019648;0.0269
2015-01-15;CNY_OIS_RUSFARCNY_3Y;0.019708;0.02674
2015-01-16;CNY_OIS_RUSFARCNY_3Y;0.019835;0.026653
2015-01-19;CNY_OIS_RUSFARCNY_3Y;0.020205;0.026823
2015-01-20;CNY_OIS_RUSFARCNY_3Y;0.020761;0.027207
2015-01-21;CNY_OIS_RUSFARCNY_3Y;0.021627;0.027961
2015-01-22;CNY_OIS_RUSFARCNY_3Y;0.021552;0.027696
2015-01-23;CNY_OIS_RUSFARCNY_3Y;0.021203;0.027185
2015-01-26;CNY_OIS_RUSFARCNY_3Y;0.020883;0.026705
2015-01-27;CNY_OIS_RUSFARCNY_3Y;0.02083;0.026478
2015-01-28;CNY_OIS_RUSFARCNY_3Y;0.021074;0.026554
2015-01-29;CNY_OIS_RUSFARCNY_3Y;0.021865;0.027263
2015-01-30;CNY_OIS_RUSFARCNY_3Y;0.02241;0.027678
2015-02-02;CNY_OIS_RUSFARCNY_3Y;0.023205;0.028403
2015-02-03;CNY_OIS_RUSFARCNY_3Y;0.023904;0.029012
2015-02-04;CNY_OIS_RUSFARCNY_3Y;0.024165;0.029123
2015-02-05;CNY_OIS_RUSFARCNY_3Y;0.023076;0.028072
2015-02-06;CNY_OIS_RUSFARCNY_3Y;0.023051;0.027897
2015-02-09;CNY_OIS_RUSFARCNY_3Y;0.022668;0.0274
2015-02-10;CNY_OIS_RUSFARCNY_3Y;0.023126;0.027742
2015-02-11;CNY_OIS_RUSFARCNY_3Y;0.023939;0.028529
2015-02-12;CNY_OIS_RUSFARCNY_3Y;0.025129;0.029859
2015-02-13;CNY_OIS_RUSFARCNY_3Y;0.025521;0.030127
2015-02-15;CNY_OIS_RUSFARCNY_3Y;0.026368;0.03096
2015-02-16;CNY_OIS_RUSFARCNY_3Y;0.026508;0.03096
2015-02-17;CNY_OIS_RUSFARCNY_3Y;0.028348;0.03348
2015-02-25;CNY_OIS_RUSFARCNY_3Y;0.027665;0.032723
2015-02-26;CNY_OIS_RUSFARCNY_3Y;0.027434;0.032354
2015-02-27;CNY_OIS_RUSFARCNY_3Y;0.027706;0.032482
2015-02-28;CNY_OIS_RUSFARCNY_3Y;0.02888;0.033768
2015-03-02;CNY_OIS_RUSFARCNY_3Y;0.029073;0.033815
2015-03-03;CNY_OIS_RUSFARCNY_3Y;0.029115;0.033713
2015-03-04;CNY_OIS_RUSFARCNY_3Y;0.029145;0.033603
2015-03-05;CNY_OIS_RUSFARCNY_3Y;0.029081;0.033407
2015-03-06;CNY_OIS_RUSFARCNY_3Y;0.028975;0.033173
2015-03-09;CNY_OIS_RUSFARCNY_3Y;0.028676;0.032772
2015-03-10;CNY_OIS_RUSFARCNY_3Y;0.028419;0.032409
2015-03-11;CNY_OIS_RUSFARCNY_3Y;0.02845;0.032318
2015-03-12;CNY_OIS_RUSFARCNY_3Y;0.029539;0.033577
2015-03-13;CNY_OIS_RUSFARCNY_3Y;0.029308;0.03324
2015-03-16;CNY_OIS_RUSFARCNY_3Y;0.029027;0.032861
2015-03-17;CNY_OIS_RUSFARCNY_3Y;0.028807;0.032541
2015-03-18;CNY_OIS_RUSFARCNY_3Y;0.028794;0.032414
2015-03-19;CNY_OIS_RUSFARCNY_3Y;0.028463;0.032005
2015-03-20;CNY_OIS_RUSFARCNY_3Y;0.02812;0.031588
2015-03-23;CNY_OIS_RUSFARCNY_3Y;0.027333;0.030835
2015-03-24;CNY_OIS_RUSFARCNY_3Y;0.027396;0.030792
2015-03-25;CNY_OIS_RUSFARCNY_3Y;0.027367;0.030661
2015-03-26;CNY_OIS_RUSFARCNY_3Y;0.027477;0.030671
2015-03-27;CNY_OIS_RUSFARCNY_3Y;0.027424;0.030524
2015-03-30;CNY_OIS_RUSFARCNY_3Y;0.027441;0.030447
2015-03-31;CNY_OIS_RUSFARCNY_3Y;0.027281;0.030207
2015-04-01;CNY_OIS_RUSFARCNY_3Y;0.02624;0.029328
2015-04-02;CNY_OIS_RUSFARCNY_3Y;0.025257;0.028471
2015-04-03;CNY_OIS_RUSFARCNY_3Y;0.024081;0.027487
2015-04-07;CNY_OIS_RUSFARCNY_3Y;0.022752;0.026396
2015-04-08;CNY_OIS_RUSFARCNY_3Y;0.0219;0.025588
2015-04-09;CNY_OIS_RUSFARCNY_3Y;0.021038;0.02477
2015-04-10;CNY_OIS_RUSFARCNY_3Y;0.019864;0.023744
2015-04-13;CNY_OIS_RUSFARCNY_3Y;0.019009;0.022919
2015-04-14;CNY_OIS_RUSFARCNY_3Y;0.018727;0.022541
2015-04-15;CNY_OIS_RUSFARCNY_3Y;0.018089;0.021879
2015-04-16;CNY_OIS_RUSFARCNY_3Y;0.018056;0.021732
2015-04-17;CNY_OIS_RUSFARCNY_3Y;0.017802;0.021386
2015-04-20;CNY_OIS_RUSFARCNY_3Y;0.015699;0.019869
2015-04-21;CNY_OIS_RUSFARCNY_3Y;0.014842;0.019026
2015-04-22;CNY_OIS_RUSFARCNY_3Y;0.014348;0.01846
2015-04-23;CNY_OIS_RUSFARCNY_3Y;0.013983;0.018005
2015-04-24;CNY_OIS_RUSFARCNY_3Y;0.013441;0.017407
2015-04-27;CNY_OIS_RUSFARCNY_3Y;0.01303;0.016918
2015-04-28;CNY_OIS_RUSFARCNY_3Y;0.012596;0.016412
2015-04-29;CNY_OIS_RUSFARCNY_3Y;0.01245;0.016158
2015-04-30;CNY_OIS_RUSFARCNY_3Y;0.011989;0.015639
2015-05-04;CNY_OIS_RUSFARCNY_3Y;0.011278;0.01493
2015-05-05;CNY_OIS_RUSFARCNY_3Y;0.010749;0.014359
2015-05-06;CNY_OIS_RUSFARCNY_3Y;0.010375;0.013913
2015-05-07;CNY_OIS_RUSFARCNY_3Y;0.010075;0.013533
2015-05-08;CNY_OIS_RUSFARCNY_3Y;0.009643;0.013045
2015-05-11;CNY_OIS_RUSFARCNY_3Y;0.0086;0.012128
2015-05-12;CNY_OIS_RUSFARCNY_3Y;0.008069;0.011559
2015-05-13;CNY_OIS_RUSFARCNY_3Y;0.00767;0.011098
2015-05-14;CNY_OIS_RUSFARCNY_3Y;0.007021;0.010447
2015-05-15;CNY_OIS_RUSFARCNY_3Y;0.005907;0.009481
2015-05-18;CNY_OIS_RUSFARCNY_3Y;0.005693;0.009175
2015-05-19;CNY_OIS_RUSFARCNY_3Y;0.005552;0.008936
2015-05-20;CNY_OIS_RUSFARCNY_3Y;0.005593;0.008875
2015-05-21;CNY_OIS_RUSFARCNY_3Y;0.005653;0.008835
2015-05-22;CNY_OIS_RUSFARCNY_3Y;0.005742;0.008826
2015-05-25;CNY_OIS_RUSFARCNY_3Y;0.005809;0.008799
2015-05-26;CNY_OIS_RUSFARCNY_3Y;0.005864;0.008764
2015-05-27;CNY_OIS_RUSFARCNY_3Y;0.005908;0.00872
2015-05-28;CNY_OIS_RUSFARCNY_3Y;0.005981;0.008707
2015-05-29;CNY_OIS_RUSFARCNY_3Y;0.005982;0.008626
2015-06-01;CNY_OIS_RUSFARCNY_3Y;0.0059;0.008468
2015-06-02;CNY_OIS_RUSFARCNY_3Y;0.006009;0.008499
2015-06-03;CNY_OIS_RUSFARCNY_3Y;0.006096;0.008512
2015-06-04;CNY_OIS_RUSFARCNY_3Y;0.006212;0.008556
2015-06-05;CNY_OIS_RUSFARCNY_3Y;0.006287;0.008561
2015-06-08;CNY_OIS_RUSFARCNY_3Y;0.00642;0.008628
2015-06-09;CNY_OIS_RUSFARCNY_3Y;0.006552;0.008696
2015-06-10;CNY_OIS_RUSFARCNY_3Y;0.006702;0.008786
2015-06-11;CNY_OIS_RUSFARCNY_3Y;0.006802;0.008826
2015-06-12;CNY_OIS_RUSFARCNY_3Y;0.006969;0.008939
2015-06-15;CNY_OIS_RUSFARCNY_3Y;0.007163;0.009085
2015-06-16;CNY_OIS_RUSFARCNY_3Y;0.00729;0.009158
2015-06-17;CNY_OIS_RUSFARCNY_3Y;0.00751;0.009338
2015-06-18;CNY_OIS_RUSFARCNY_3Y;0.00799;0.009878
2015-06-19;CNY_OIS_RUSFARCNY_3Y;0.00858;0.010588
2015-06-23;CNY_OIS_RUSFARCNY_3Y;0.008874;0.010854
2015-06-24;CNY_OIS_RUSFARCNY_3Y;0.009296;0.011292
2015-06-25;CNY_OIS_RUSFARCNY_3Y;0.009509;0.011459
2015-06-26;CNY_OIS_RUSFARCNY_3Y;0.009539;0.011429
2015-06-29;CNY_OIS_RUSFARCNY_3Y;0.009391;0.011237
2015-06-30;CNY_OIS_RUSFARCNY_3Y;0.008445;0.010523
2015-07-01;CNY_OIS_RUSFARCNY_3Y;0.007372;0.009716
2015-07-02;CNY_OIS_RUSFARCNY_3Y;0.007386;0.009658
2015-07-03;CNY_OIS_RUSFARCNY_3Y;0.007402;0.009606
2015-07-06;CNY_OIS_RUSFARCNY_3Y;0.007515;0.009653
2015-07-07;CNY_OIS_RUSFARCNY_3Y;0.007636;0.009712
2015-07-08;CNY_OIS_RUSFARCNY_3Y;0.007775;0.009793
2015-07-09;CNY_OIS_RUSFARCNY_3Y;0.007913;0.009875
2015-07-10;CNY_OIS_RUSFARCNY_3Y;0.00806;0.009968
2015-07-13;CNY_OIS_RUSFARCNY_3Y;0.008225;0.010083
2015-07-14;CNY_OIS_RUSFARCNY_3Y;0.008389;0.010199
2015-07-15;CNY_OIS_RUSFARCNY_3Y;0.008485;0.010243
2015-07-16;CNY_OIS_RUSFARCNY_3Y;0.008684;0.010404
2015-07-17;CNY_OIS_RUSFARCNY_3Y;0.008892;0.010576
2015-07-20;CNY_OIS_RUSFARCNY_3Y;0.008996;0.010632
2015-07-21;CNY_OIS_RUSFARCNY_3Y;0.009156;0.010752
2015-07-22;CNY_OIS_RUSFARCNY_3Y;0.009361;0.010927
2015-07-23;CNY_OIS_RUSFARCNY_3Y;0.009472;0.010996
2015-07-24;CNY_OIS_RUSFARCNY_3Y;0.009545;0.011023
2015-07-27;CNY_OIS_RUSFARCNY_3Y;0.0099;0.011408
2015-07-28;CNY_OIS_RUSFARCNY_3Y;0.010057;0.011531
2015-07-29;CNY_OIS_RUSFARCNY_3Y;0.010428;0.01194
2015-07-30;CNY_OIS_RUSFARCNY_3Y;0.010649;0.012139
2015-07-31;CNY_OIS_RUSFARCNY_3Y;0.010878;0.01235
2015-08-03;CNY_OIS_RUSFARCNY_3Y;0.011071;0.012517
2015-08-04;CNY_OIS_RUSFARCNY_3Y;0.011181;0.012587
2015-08-05;CNY_OIS_RUSFARCNY_3Y;0.011309;0.012679
2015-08-06;CNY_OIS_RUSFARCNY_3Y;0.011417;0.012751
2015-08-07;CNY_OIS_RUSFARCNY_3Y;0.011553;0.012855
2015-08-10;CNY_OIS_RUSFARCNY_3Y;0.011828;0.01314
2015-08-11;CNY_OIS_RUSFARCNY_3Y;0.012112;0.013436
2015-08-12;CNY_OIS_RUSFARCNY_3Y;0.012388;0.01372
2015-08-13;CNY_OIS_RUSFARCNY_3Y;0.012656;0.013992
2015-08-14;CNY_OIS_RUSFARCNY_3Y;0.012915;0.014253
2015-08-17;CNY_OIS_RUSFARCNY_3Y;0.01324;0.014608
2015-08-18;CNY_OIS_RUSFARCNY_3Y;0.013645;0.015083
2015-08-19;CNY_OIS_RUSFARCNY_3Y;0.014045;0.015543
2015-08-20;CNY_OIS_RUSFARCNY_3Y;0.01444;0.015988
2015-08-21;CNY_OIS_RUSFARCNY_3Y;0.014626;0.016142
2015-08-24;CNY_OIS_RUSFARCNY_3Y;0.014829;0.016319
2015-08-25;CNY_OIS_RUSFARCNY_3Y;0.014977;0.016431
2015-08-26;CNY_OIS_RUSFARCNY_3Y;0.013854;0.015694
2015-08-27;CNY_OIS_RUSFARCNY_3Y;0.013595;0.015413
2015-08-28;CNY_OIS_RUSFARCNY_3Y;0.013768;0.01554
2015-08-31;CNY_OIS_RUSFARCNY_3Y;0.014048;0.0158
2015-09-01;CNY_OIS_RUSFARCNY_3Y;0.014265;0.015983
2015-09-02;CNY_OIS_RUSFARCNY_3Y;0.015649;0.018799
2015-09-06;CNY_OIS_RUSFARCNY_3Y;0.014188;0.01766
2015-09-07;CNY_OIS_RUSFARCNY_3Y;0.01427;0.017638
2015-09-08;CNY_OIS_RUSFARCNY_3Y;0.014251;0.017517
2015-09-09;CNY_OIS_RUSFARCNY_3Y;0.014291;0.017457
2015-09-10;CNY_OIS_RUSFARCNY_3Y;0.014369;0.017439
2015-09-11;CNY_OIS_RUSFARCNY_3Y;0.014427;0.017403
2015-09-14;CNY_OIS_RUSFARCNY_3Y;0.014461;0.017347
2015-09-15;CNY_OIS_RUSFARCNY_3Y;0.014505;0.017303
2015-09-16;CNY_OIS_RUSFARCNY_3Y;0.014557;0.017271
2015-09-17;CNY_OIS_RUSFARCNY_3Y;0.014589;0.017219
2015-09-18;CNY_OIS_RUSFARCNY_3Y;0.014639;0.017189
2015-09-21;CNY_OIS_RUSFARCNY_3Y;0.014688;0.01716
2015-09-22;CNY_OIS_RUSFARCNY_3Y;0.014795;0.017193
2015-09-23;CNY_OIS_RUSFARCNY_3Y;0.014831;0.017157
2015-09-24;CNY_OIS_RUSFARCNY_3Y;0.014876;0.017132
2015-09-25;CNY_OIS_RUSFARCNY_3Y;0.014891;0.017077
2015-09-28;CNY_OIS_RUSFARCNY_3Y;0.014954;0.017074
2015-09-29;CNY_OIS_RUSFARCNY_3Y;0.014956;0.017012
2015-09-30;CNY_OIS_RUSFARCNY_3Y;0.015679;0.017929
2015-10-08;CNY_OIS_RUSFARCNY_3Y;0.0148;0.017208
2015-10-09;CNY_OIS_RUSFARCNY_3Y;0.014807;0.017141
2015-10-10;CNY_OIS_RUSFARCNY_3Y;0.014822;0.017086
2015-10-12;CNY_OIS_RUSFARCNY_3Y;0.014837;0.017031
2015-10-13;CNY_OIS_RUSFARCNY_3Y;0.01485;0.016978
2015-10-14;CNY_OIS_RUSFARCNY_3Y;0.014882;0.016946
2015-10-15;CNY_OIS_RUSFARCNY_3Y;0.014924;0.016924
2015-10-16;CNY_OIS_RUSFARCNY_3Y;0.014934;0.016874
2015-10-19;CNY_OIS_RUSFARCNY_3Y;0.014994;0.016874
2015-10-20;CNY_OIS_RUSFARCNY_3Y;0.015032;0.016856
2015-10-21;CNY_OIS_RUSFARCNY_3Y;0.01508;0.016848
2015-10-22;CNY_OIS_RUSFARCNY_3Y;0.015097;0.016811
2015-10-23;CNY_OIS_RUSFARCNY_3Y;0.015172;0.016836
2015-10-26;CNY_OIS_RUSFARCNY_3Y;0.014396;0.016232
2015-10-27;CNY_OIS_RUSFARCNY_3Y;0.013988;0.01584
2015-10-28;CNY_OIS_RUSFARCNY_3Y;0.013976;0.015772
2015-10-29;CNY_OIS_RUSFARCNY_3Y;0.014023;0.015765
2015-10-30;CNY_OIS_RUSFARCNY_3Y;0.01405;0.015738
2015-11-02;CNY_OIS_RUSFARCNY_3Y;0.014025;0.015663
2015-11-03;CNY_OIS_RUSFARCNY_3Y;0.01404;0.015628
2015-11-04;CNY_OIS_RUSFARCNY_3Y;0.014044;0.015584
2015-11-05;CNY_OIS_RUSFARCNY_3Y;0.014037;0.015531
2015-11-06;CNY_OIS_RUSFARCNY_3Y;0.01406;0.015508
2015-11-09;CNY_OIS_RUSFARCNY_3Y;0.014072;0.015476
2015-11-10;CNY_OIS_RUSFARCNY_3Y;0.014063;0.015425
2015-11-11;CNY_OIS_RUSFARCNY_3Y;0.014074;0.015394
2015-11-12;CNY_OIS_RUSFARCNY_3Y;0.014114;0.015394
2015-11-13;CNY_OIS_RUSFARCNY_3Y;0.014153;0.015395
2015-11-16;CNY_OIS_RUSFARCNY_3Y;0.014152;0.015356
2015-11-17;CNY_OIS_RUSFARCNY_3Y;0.01415;0.015318
2015-11-18;CNY_OIS_RUSFARCNY_3Y;0.014158;0.01529
2015-11-19;CNY_OIS_RUSFARCNY_3Y;0.014214;0.015314
2015-11-20;CNY_OIS_RUSFARCNY_3Y;0.014221;0.015287
2015-11-23;CNY_OIS_RUSFARCNY_3Y;0.014247;0.015281
2015-11-24;CNY_OIS_RUSFARCNY_3Y;0.014263;0.015265
2015-11-25;CNY_OIS_RUSFARCNY_3Y;0.014278;0.01525
2015-11-26;CNY_OIS_RUSFARCNY_3Y;0.014293;0.015235
2015-11-27;CNY_OIS_RUSFARCNY_3Y;0.014317;0.015231
2015-11-30;CNY_OIS_RUSFARCNY_3Y;0.014351;0.015237
2015-12-01;CNY_OIS_RUSFARCNY_3Y;0.014365;0.015223
2015-12-02;CNY_OIS_RUSFARCNY_3Y;0.014358;0.01519
2015-12-03;CNY_OIS_RUSFARCNY_3Y;0.01438;0.015188
2015-12-04;CNY_OIS_RUSFARCNY_3Y;0.014393;0.015175
2015-12-07;CNY_OIS_RUSFARCNY_3Y;0.014374;0.015134
2015-12-08;CNY_OIS_RUSFARCNY_3Y;0.014405;0.015143
2015-12-09;CNY_OIS_RUSFARCNY_3Y;0.014446;0.015162
2015-12-10;CNY_OIS_RUSFARCNY_3Y;0.014457;0.015151
2015-12-11;CNY_OIS_RUSFARCNY_3Y;0.014457;0.015131
2015-12-14;CNY_OIS_RUSFARCNY_3Y;0.014468;0.01512
2015-12-15;CNY_OIS_RUSFARCNY_3Y;0.014478;0.01511
2015-12-16;CNY_OIS_RUSFARCNY_3Y;0.014507;0.015121
2015-12-17;CNY_OIS_RUSFARCNY_3Y;0.014546;0.015142
2015-12-18;CNY_OIS_RUSFARCNY_3Y;0.01475;0.015398
2015-12-21;CNY_OIS_RUSFARCNY_3Y;0.014986;0.015702
2015-12-22;CNY_OIS_RUSFARCNY_3Y;0.015261;0.016067
2015-12-23;CNY_OIS_RUSFARCNY_3Y;0.015515;0.016373
2015-12-24;CNY_OIS_RUSFARCNY_3Y;0.015717;0.016591
2015-12-25;CNY_OIS_RUSFARCNY_3Y;0.015826;0.016682
2015-12-28;CNY_OIS_RUSFARCNY_3Y;0.015887;0.016721
2015-12-29;CNY_OIS_RUSFARCNY_3Y;0.015859;0.016669
2015-12-30;CNY_OIS_RUSFARCNY_3Y;0.015872;0.016656
2015-12-31;CNY_OIS_RUSFARCNY_3Y;0.016303;0.017345
2016-01-04;CNY_OIS_RUSFARCNY_3Y;0.016358;0.01737
2016-01-05;CNY_OIS_RUSFARCNY_3Y;0.016403;0.017385
2016-01-06;CNY_OIS_RUSFARCNY_3Y;0.016224;0.017204
2016-01-07;CNY_OIS_RUSFARCNY_3Y;0.016091;0.017057
2016-01-08;CNY_OIS_RUSFARCNY_3Y;0.016023;0.016965
2016-01-11;CNY_OIS_RUSFARCNY_3Y;0.015965;0.016883
2016-01-12;CNY_OIS_RUSFARCNY_3Y;0.015979;0.016869
2016-01-13;CNY_OIS_RUSFARCNY_3Y;0.015983;0.016845
2016-01-14;CNY_OIS_RUSFARCNY_3Y;0.015996;0.016832
2016-01-15;CNY_OIS_RUSFARCNY_3Y;0.016067;0.016881
2016-01-18;CNY_OIS_RUSFARCNY_3Y;0.016059;0.016849
2016-01-19;CNY_OIS_RUSFARCNY_3Y;0.01612;0.016888
2016-01-20;CNY_OIS_RUSFARCNY_3Y;0.016341;0.017147
2016-01-21;CNY_OIS_RUSFARCNY_3Y;0.016617;0.017491
2016-01-22;CNY_OIS_RUSFARCNY_3Y;0.016761;0.017627
2016-01-25;CNY_OIS_RUSFARCNY_3Y;0.016567;0.017441
2016-01-26;CNY_OIS_RUSFARCNY_3Y;0.016453;0.017315
2016-01-27;CNY_OIS_RUSFARCNY_3Y;0.016446;0.017282
2016-01-28;CNY_OIS_RUSFARCNY_3Y;0.016428;0.01724
2016-01-29;CNY_OIS_RUSFARCNY_3Y;0.01641;0.017198
2016-02-01;CNY_OIS_RUSFARCNY_3Y;0.016402;0.017166
2016-02-02;CNY_OIS_RUSFARCNY_3Y;0.016383;0.017125
2016-02-03;CNY_OIS_RUSFARCNY_3Y;0.016385;0.017103
2016-02-04;CNY_OIS_RUSFARCNY_3Y;0.016395;0.017093
2016-02-05;CNY_OIS_RUSFARCNY_3Y;0.016416;0.017092
2016-02-06;CNY_OIS_RUSFARCNY_3Y;0.017806;0.021642
2016-02-14;CNY_OIS_RUSFARCNY_3Y;0.014015;0.019373
2016-02-15;CNY_OIS_RUSFARCNY_3Y;0.014087;0.019281
2016-02-16;CNY_OIS_RUSFARCNY_3Y;0.014136;0.019172
2016-02-17;CNY_OIS_RUSFARCNY_3Y;0.014152;0.019036
2016-02-18;CNY_OIS_RUSFARCNY_3Y;0.014054;0.018794
2016-02-19;CNY_OIS_RUSFARCNY_3Y;0.013995;0.018593
2016-02-22;CNY_OIS_RUSFARCNY_3Y;0.014025;0.018483
2016-02-23;CNY_OIS_RUSFARCNY_3Y;0.014082;0.018406
2016-02-24;CNY_OIS_RUSFARCNY_3Y;0.014373;0.018575
2016-02-25;CNY_OIS_RUSFARCNY_3Y;0.014894;0.019014
2016-02-26;CNY_OIS_RUSFARCNY_3Y;0.015378;0.01941
2016-02-29;CNY_OIS_RUSFARCNY_3Y;0.015012;0.018956
2016-03-01;CNY_OIS_RUSFARCNY_3Y;0.014666;0.018522
2016-03-02;CNY_OIS_RUSFARCNY_3Y;0.014664;0.018404
2016-03-03;CNY_OIS_RUSFARCNY_3Y;0.014671;0.018297
2016-03-04;CNY_OIS_RUSFARCNY_3Y;0.014655;0.018173
2016-03-07;CNY_OIS_RUSFARCNY_3Y;0.014719;0.018129
2016-03-08;CNY_OIS_RUSFARCNY_3Y;0.014761;0.018067
2016-03-09;CNY_OIS_RUSFARCNY_3Y;0.014811;0.018017
2016-03-10;CNY_OIS_RUSFARCNY_3Y;0.01483;0.017938
2016-03-11;CNY_OIS_RUSFARCNY_3Y;0.014857;0.017871
2016-03-14;CNY_OIS_RUSFARCNY_3Y;0.014943;0.017865
2016-03-15;CNY_OIS_RUSFARCNY_3Y;0.015027;0.017861
2016-03-16;CNY_OIS_RUSFARCNY_3Y;0.0151;0.017848
2016-03-17;CNY_OIS_RUSFARCNY_3Y;0.015279;0.017949
2016-03-18;CNY_OIS_RUSFARCNY_3Y;0.015514;0.018114
2016-03-21;CNY_OIS_RUSFARCNY_3Y;0.015632;0.018156
2016-03-22;CNY_OIS_RUSFARCNY_3Y;0.015759;0.018209
2016-03-23;CNY_OIS_RUSFARCNY_3Y;0.015726;0.018102
2016-03-24;CNY_OIS_RUSFARCNY_3Y;0.015712;0.018016
2016-03-25;CNY_OIS_RUSFARCNY_3Y;0.015686;0.017922
2016-03-28;CNY_OIS_RUSFARCNY_3Y;0.01575;0.017918
2016-03-29;CNY_OIS_RUSFARCNY_3Y;0.015823;0.017925
2016-03-30;CNY_OIS_RUSFARCNY_3Y;0.015933;0.017975
2016-03-31;CNY_OIS_RUSFARCNY_3Y;0.016091;0.018077
2016-04-01;CNY_OIS_RUSFARCNY_3Y;0.016091;0.018017
2016-04-05;CNY_OIS_RUSFARCNY_3Y;0.015901;0.017787
2016-04-06;CNY_OIS_RUSFARCNY_3Y;0.015827;0.017661
2016-04-07;CNY_OIS_RUSFARCNY_3Y;0.015808;0.017586
2016-04-08;CNY_OIS_RUSFARCNY_3Y;0.015852;0.017576
2016-04-11;CNY_OIS_RUSFARCNY_3Y;0.015927;0.017601
2016-04-12;CNY_OIS_RUSFARCNY_3Y;0.016031;0.017657
2016-04-13;CNY_OIS_RUSFARCNY_3Y;0.016086;0.017662
2016-04-14;CNY_OIS_RUSFARCNY_3Y;0.01614;0.017668
2016-04-15;CNY_OIS_RUSFARCNY_3Y;0.016123;0.017605
2016-04-18;CNY_OIS_RUSFARCNY_3Y;0.016175;0.017613
2016-04-19;CNY_OIS_RUSFARCNY_3Y;0.016256;0.017652
2016-04-20;CNY_OIS_RUSFARCNY_3Y;0.016411;0.017777
2016-04-21;CNY_OIS_RUSFARCNY_3Y;0.016538;0.01787
2016-04-22;CNY_OIS_RUSFARCNY_3Y;0.016646;0.017942
2016-04-25;CNY_OIS_RUSFARCNY_3Y;0.016734;0.017994
2016-04-26;CNY_OIS_RUSFARCNY_3Y;0.016661;0.017887
2016-04-27;CNY_OIS_RUSFARCNY_3Y;0.016554;0.017754
2016-04-28;CNY_OIS_RUSFARCNY_3Y;0.016542;0.017706
2016-04-29;CNY_OIS_RUSFARCNY_3Y;0.016813;0.017995
2016-05-03;CNY_OIS_RUSFARCNY_3Y;0.016304;0.01759
2016-05-04;CNY_OIS_RUSFARCNY_3Y;0.01629;0.017538
2016-05-05;CNY_OIS_RUSFARCNY_3Y;0.016319;0.017529
2016-05-06;CNY_OIS_RUSFARCNY_3Y;0.016328;0.0175
2016-05-09;CNY_OIS_RUSFARCNY_3Y;0.016336;0.017472
2016-05-10;CNY_OIS_RUSFARCNY_3Y;0.016353;0.017455
2016-05-11;CNY_OIS_RUSFARCNY_3Y;0.01637;0.017438
2016-05-12;CNY_OIS_RUSFARCNY_3Y;0.016396;0.017432
2016-05-13;CNY_OIS_RUSFARCNY_3Y;0.016432;0.017436
2016-05-16;CNY_OIS_RUSFARCNY_3Y;0.016476;0.017452
2016-05-17;CNY_OIS_RUSFARCNY_3Y;0.01655;0.017498
2016-05-18;CNY_OIS_RUSFARCNY_3Y;0.016564;0.017484
2016-05-19;CNY_OIS_RUSFARCNY_3Y;0.016568;0.01746
2016-05-20;CNY_OIS_RUSFARCNY_3Y;0.016562;0.017426
2016-05-23;CNY_OIS_RUSFARCNY_3Y;0.016534;0.017374
2016-05-24;CNY_OIS_RUSFARCNY_3Y;0.016527;0.017341
2016-05-25;CNY_OIS_RUSFARCNY_3Y;0.016529;0.017319
2016-05-26;CNY_OIS_RUSFARCNY_3Y;0.016541;0.017307
2016-05-27;CNY_OIS_RUSFARCNY_3Y;0.016553;0.017295
2016-05-30;CNY_OIS_RUSFARCNY_3Y;0.016574;0.017294
2016-05-31;CNY_OIS_RUSFARCNY_3Y;0.016661;0.017367
2016-06-01;CNY_OIS_RUSFARCNY_3Y;0.016631;0.017317
2016-06-02;CNY_OIS_RUSFARCNY_3Y;0.016621;0.017287
2016-06-03;CNY_OIS_RUSFARCNY_3Y;0.01658;0.017228
2016-06-06;CNY_OIS_RUSFARCNY_3Y;0.01658;0.017208
2016-06-07;CNY_OIS_RUSFARCNY_3Y;0.016609;0.017219
2016-06-08;CNY_OIS_RUSFARCNY_3Y;0.016618;0.01721
2016-06-12;CNY_OIS_RUSFARCNY_3Y;0.016627;0.017201
2016-06-13;CNY_OIS_RUSFARCNY_3Y;0.016636;0.017192
2016-06-14;CNY_OIS_RUSFARCNY_3Y;0.016644;0.017184
2016-06-15;CNY_OIS_RUSFARCNY_3Y;0.016653;0.017175
2016-06-16;CNY_OIS_RUSFARCNY_3Y;0.01668;0.017188
2016-06-17;CNY_OIS_RUSFARCNY_3Y;0.016717;0.017211
2016-06-20;CNY_OIS_RUSFARCNY_3Y;0.016773;0.017255
2016-06-21;CNY_OIS_RUSFARCNY_3Y;0.016863;0.017345
2016-06-22;CNY_OIS_RUSFARCNY_3Y;0.016945;0.017423
2016-06-23;CNY_OIS_RUSFARCNY_3Y;0.017;0.017468
2016-06-24;CNY_OIS_RUSFARCNY_3Y;0.017036;0.017492
2016-06-27;CNY_OIS_RUSFARCNY_3Y;0.017072;0.017516
2016-06-28;CNY_OIS_RUSFARCNY_3Y;0.017099;0.017529
2016-06-29;CNY_OIS_RUSFARCNY_3Y;0.017085;0.017503
2016-06-30;CNY_OIS_RUSFARCNY_3Y;0.017081;0.017487
2016-07-01;CNY_OIS_RUSFARCNY_3Y;0.016977;0.017391
2016-07-04;CNY_OIS_RUSFARCNY_3Y;0.016837;0.017271
2016-07-05;CNY_OIS_RUSFARCNY_3Y;0.016769;0.017199
2016-07-06;CNY_OIS_RUSFARCNY_3Y;0.01669;0.017118
2016-07-07;CNY_OIS_RUSFARCNY_3Y;0.016676;0.017092
2016-07-08;CNY_OIS_RUSFARCNY_3Y;0.016672;0.017076
2016-07-11;CNY_OIS_RUSFARCNY_3Y;0.016678;0.01707
2016-07-12;CNY_OIS_RUSFARCNY_3Y;0.016664;0.017044
2016-07-13;CNY_OIS_RUSFARCNY_3Y;0.016659;0.017029
2016-07-14;CNY_OIS_RUSFARCNY_3Y;0.016665;0.017023
2016-07-15;CNY_OIS_RUSFARCNY_3Y;0.016699;0.017049
2016-07-18;CNY_OIS_RUSFARCNY_3Y;0.016705;0.017043
2016-07-19;CNY_OIS_RUSFARCNY_3Y;0.016774;0.017114
2016-07-20;CNY_OIS_RUSFARCNY_3Y;0.016799;0.017129
2016-07-21;CNY_OIS_RUSFARCNY_3Y;0.016833;0.017155
2016-07-22;CNY_OIS_RUSFARCNY_3Y;0.016961;0.017327
2016-07-25;CNY_OIS_RUSFARCNY_3Y;0.017047;0.017421
2016-07-26;CNY_OIS_RUSFARCNY_3Y;0.0171;0.017468
2016-07-27;CNY_OIS_RUSFARCNY_3Y;0.017116;0.017472
2016-07-28;CNY_OIS_RUSFARCNY_3Y;0.01701;0.017378
2016-07-29;CNY_OIS_RUSFARCNY_3Y;0.016892;0.017276
2016-08-01;CNY_OIS_RUSFARCNY_3Y;0.016845;0.017223
2016-08-02;CNY_OIS_RUSFARCNY_3Y;0.016809;0.017179
2016-08-03;CNY_OIS_RUSFARCNY_3Y;0.016773;0.017135
2016-08-04;CNY_OIS_RUSFARCNY_3Y;0.016758;0.01711
2016-08-05;CNY_OIS_RUSFARCNY_3Y;0.016763;0.017105
2016-08-08;CNY_OIS_RUSFARCNY_3Y;0.016798;0.01713
2016-08-09;CNY_OIS_RUSFARCNY_3Y;0.01685;0.017178
2016-08-10;CNY_OIS_RUSFARCNY_3Y;0.016918;0.01725
2016-08-11;CNY_OIS_RUSFARCNY_3Y;0.016961;0.017287
2016-08-12;CNY_OIS_RUSFARCNY_3Y;0.016966;0.017282
2016-08-15;CNY_OIS_RUSFARCNY_3Y;0.016994;0.0173
2016-08-16;CNY_OIS_RUSFARCNY_3Y;0.016985;0.017283
2016-08-17;CNY_OIS_RUSFARCNY_3Y;0.01699;0.017278
2016-08-18;CNY_OIS_RUSFARCNY_3Y;0.017004;0.017284
2016-08-19;CNY_OIS_RUSFARCNY_3Y;0.017008;0.01728
2016-08-22;CNY_OIS_RUSFARCNY_3Y;0.017015;0.017279
2016-08-23;CNY_OIS_RUSFARCNY_3Y;0.017102;0.017386
2016-08-24;CNY_OIS_RUSFARCNY_3Y;0.017192;0.017496
2016-08-25;CNY_OIS_RUSFARCNY_3Y;0.017207;0.017501
2016-08-26;CNY_OIS_RUSFARCNY_3Y;0.017211;0.017497
2016-08-29;CNY_OIS_RUSFARCNY_3Y;0.017262;0.017546
2016-08-30;CNY_OIS_RUSFARCNY_3Y;0.01738;0.017708
2016-08-31;CNY_OIS_RUSFARCNY_3Y;0.017405;0.017723
2016-09-01;CNY_OIS_RUSFARCNY_3Y;0.017419;0.017729
2016-09-02;CNY_OIS_RUSFARCNY_3Y;0.017424;0.017724
2016-09-05;CNY_OIS_RUSFARCNY_3Y;0.017466;0.017762
2016-09-06;CNY_OIS_RUSFARCNY_3Y;0.017534;0.017834
2016-09-07;CNY_OIS_RUSFARCNY_3Y;0.01757;0.017864
2016-09-08;CNY_OIS_RUSFARCNY_3Y;0.017582;0.017866
2016-09-09;CNY_OIS_RUSFARCNY_3Y;0.017624;0.017904
2016-09-12;CNY_OIS_RUSFARCNY_3Y;0.017714;0.018014
2016-09-13;CNY_OIS_RUSFARCNY_3Y;0.017826;0.018162
2016-09-14;CNY_OIS_RUSFARCNY_3Y;0.017988;0.0184
2016-09-18;CNY_OIS_RUSFARCNY_3Y;0.0181;0.018528
2016-09-19;CNY_OIS_RUSFARCNY_3Y;0.018228;0.01868
2016-09-20;CNY_OIS_RUSFARCNY_3Y;0.018283;0.018725
2016-09-21;CNY_OIS_RUSFARCNY_3Y;0.018363;0.018805
2016-09-22;CNY_OIS_RUSFARCNY_3Y;0.01838;0.018808
2016-09-23;CNY_OIS_RUSFARCNY_3Y;0.018374;0.01879
2016-09-26;CNY_OIS_RUSFARCNY_3Y;0.018352;0.018756
2016-09-27;CNY_OIS_RUSFARCNY_3Y;0.018378;0.01877
2016-09-28;CNY_OIS_RUSFARCNY_3Y;0.018489;0.018899
2016-09-29;CNY_OIS_RUSFARCNY_3Y;0.018585;0.019003
2016-09-30;CNY_OIS_RUSFARCNY_3Y;0.019277;0.021091
2016-10-08;CNY_OIS_RUSFARCNY_3Y;0.017619;0.020069
2016-10-09;CNY_OIS_RUSFARCNY_3Y;0.017471;0.019857
2016-10-10;CNY_OIS_RUSFARCNY_3Y;0.017374;0.019694
2016-10-11;CNY_OIS_RUSFARCNY_3Y;0.017318;0.01957
2016-10-12;CNY_OIS_RUSFARCNY_3Y;0.017322;0.019506
2016-10-13;CNY_OIS_RUSFARCNY_3Y;0.017365;0.019483
2016-10-14;CNY_OIS_RUSFARCNY_3Y;0.017417;0.019471
2016-10-17;CNY_OIS_RUSFARCNY_3Y;0.017508;0.0195
2016-10-18;CNY_OIS_RUSFARCNY_3Y;0.017674;0.019614
2016-10-19;CNY_OIS_RUSFARCNY_3Y;0.017922;0.019826
2016-10-20;CNY_OIS_RUSFARCNY_3Y;0.018068;0.01992
2016-10-21;CNY_OIS_RUSFARCNY_3Y;0.018232;0.020036
2016-10-24;CNY_OIS_RUSFARCNY_3Y;0.018348;0.0201
2016-10-25;CNY_OIS_RUSFARCNY_3Y;0.018443;0.020145
2016-10-26;CNY_OIS_RUSFARCNY_3Y;0.018567;0.020221
2016-10-27;CNY_OIS_RUSFARCNY_3Y;0.018651;0.020257
2016-10-28;CNY_OIS_RUSFARCNY_3Y;0.018675;0.020233
2016-10-31;CNY_OIS_RUSFARCNY_3Y;0.018689;0.020199
2016-11-01;CNY_OIS_RUSFARCNY_3Y;0.018702;0.020166
2016-11-02;CNY_OIS_RUSFARCNY_3Y;0.018696;0.020116
2016-11-03;CNY_OIS_RUSFARCNY_3Y;0.018675;0.020053
2016-11-04;CNY_OIS_RUSFARCNY_3Y;0.018561;0.019907
2016-11-07;CNY_OIS_RUSFARCNY_3Y;0.018301;0.019647
2016-11-08;CNY_OIS_RUSFARCNY_3Y;0.01812;0.019448
2016-11-09;CNY_OIS_RUSFARCNY_3Y;0.01809;0.019378
2016-11-10;CNY_OIS_RUSFARCNY_3Y;0.018243;0.019505
2016-11-11;CNY_OIS_RUSFARCNY_3Y;0.018405;0.019643
2016-11-14;CNY_OIS_RUSFARCNY_3Y;0.01861;0.019838
2016-11-15;CNY_OIS_RUSFARCNY_3Y;0.01878;0.019988
2016-11-16;CNY_OIS_RUSFARCNY_3Y;0.018895;0.020073
2016-11-17;CNY_OIS_RUSFARCNY_3Y;0.018933;0.020075
2016-11-18;CNY_OIS_RUSFARCNY_3Y;0.019009;0.020119
2016-11-21;CNY_OIS_RUSFARCNY_3Y;0.019085;0.020163
2016-11-22;CNY_OIS_RUSFARCNY_3Y;0.019121;0.020167
2016-11-23;CNY_OIS_RUSFARCNY_3Y;0.019176;0.020192
2016-11-24;CNY_OIS_RUSFARCNY_3Y;0.019241;0.020227
2016-11-25;CNY_OIS_RUSFARCNY_3Y;0.019324;0.020284
2016-11-28;CNY_OIS_RUSFARCNY_3Y;0.019425;0.020363
2016-11-29;CNY_OIS_RUSFARCNY_3Y;0.019478;0.02039
2016-11-30;CNY_OIS_RUSFARCNY_3Y;0.019623;0.020525
2016-12-01;CNY_OIS_RUSFARCNY_3Y;0.019723;0.020605
2016-12-02;CNY_OIS_RUSFARCNY_3Y;0.019686;0.020542
2016-12-05;CNY_OIS_RUSFARCNY_3Y;0.019572;0.020416
2016-12-06;CNY_OIS_RUSFARCNY_3Y;0.019491;0.020317
2016-12-07;CNY_OIS_RUSFARCNY_3Y;0.019431;0.020237
2016-12-08;CNY_OIS_RUSFARCNY_3Y;0.019431;0.020213
2016-12-09;CNY_OIS_RUSFARCNY_3Y;0.01946;0.020218
2016-12-12;CNY_OIS_RUSFARCNY_3Y;0.019466;0.020202
2016-12-13;CNY_OIS_RUSFARCNY_3Y;0.019517;0.020231
2016-12-14;CNY_OIS_RUSFARCNY_3Y;0.019567;0.020261
2016-12-15;CNY_OIS_RUSFARCNY_3Y;0.01968;0.020368
2016-12-16;CNY_OIS_RUSFARCNY_3Y;0.019859;0.020569
2016-12-19;CNY_OIS_RUSFARCNY_3Y;0.019918;0.02061
2016-12-20;CNY_OIS_RUSFARCNY_3Y;0.020023;0.020705
2016-12-21;CNY_OIS_RUSFARCNY_3Y;0.020033;0.020695
2016-12-22;CNY_OIS_RUSFARCNY_3Y;0.020002;0.020646
2016-12-23;CNY_OIS_RUSFARCNY_3Y;0.019812;0.020476
2016-12-26;CNY_OIS_RUSFARCNY_3Y;0.019483;0.020225
2016-12-27;CNY_OIS_RUSFARCNY_3Y;0.019147;0.019961
2016-12-28;CNY_OIS_RUSFARCNY_3Y;0.018963;0.019785
2016-12-29;CNY_OIS_RUSFARCNY_3Y;0.018767;0.019601
2016-12-30;CNY_OIS_RUSFARCNY_3Y;0.01881;0.019618
2017-01-03;CNY_OIS_RUSFARCNY_3Y;0.01859;0.019418
2017-01-04;CNY_OIS_RUSFARCNY_3Y;0.018168;0.0191
2017-01-05;CNY_OIS_RUSFARCNY_3Y;0.017689;0.018739
2017-01-06;CNY_OIS_RUSFARCNY_3Y;0.017513;0.018555
2017-01-09;CNY_OIS_RUSFARCNY_3Y;0.017336;0.018372
2017-01-10;CNY_OIS_RUSFARCNY_3Y;0.017371;0.018377
2017-01-11;CNY_OIS_RUSFARCNY_3Y;0.017464;0.018444
2017-01-12;CNY_OIS_RUSFARCNY_3Y;0.017469;0.018419
2017-01-13;CNY_OIS_RUSFARCNY_3Y;0.017493;0.018415
2017-01-16;CNY_OIS_RUSFARCNY_3Y;0.017826;0.018842
2017-01-17;CNY_OIS_RUSFARCNY_3Y;0.018599;0.020355
2017-01-18;CNY_OIS_RUSFARCNY_3Y;0.019228;0.02116
2017-01-19;CNY_OIS_RUSFARCNY_3Y;0.01959;0.021518
2017-01-20;CNY_OIS_RUSFARCNY_3Y;0.019736;0.021612
2017-01-22;CNY_OIS_RUSFARCNY_3Y;0.017306;0.020302
2017-01-23;CNY_OIS_RUSFARCNY_3Y;0.017209;0.020119
2017-01-24;CNY_OIS_RUSFARCNY_3Y;0.017142;0.019966
2017-01-25;CNY_OIS_RUSFARCNY_3Y;0.017195;0.019933
2017-01-26;CNY_OIS_RUSFARCNY_3Y;0.019535;0.024879
2017-02-03;CNY_OIS_RUSFARCNY_3Y;0.015833;0.022355
2017-02-04;CNY_OIS_RUSFARCNY_3Y;0.016314;0.022656
2017-02-06;CNY_OIS_RUSFARCNY_3Y;0.016616;0.022772
2017-02-07;CNY_OIS_RUSFARCNY_3Y;0.01674;0.022708
2017-02-08;CNY_OIS_RUSFARCNY_3Y;0.016786;0.022572
2017-02-09;CNY_OIS_RUSFARCNY_3Y;0.016829;0.022439
2017-02-10;CNY_OIS_RUSFARCNY_3Y;0.016872;0.022312
2017-02-13;CNY_OIS_RUSFARCNY_3Y;0.016917;0.022191
2017-02-14;CNY_OIS_RUSFARCNY_3Y;0.016967;0.022081
2017-02-15;CNY_OIS_RUSFARCNY_3Y;0.017093;0.022051
2017-02-16;CNY_OIS_RUSFARCNY_3Y;0.017803;0.022685
2017-02-17;CNY_OIS_RUSFARCNY_3Y;0.018141;0.022887
2017-02-20;CNY_OIS_RUSFARCNY_3Y;0.018678;0.023322
2017-02-21;CNY_OIS_RUSFARCNY_3Y;0.019444;0.024044
2017-02-22;CNY_OIS_RUSFARCNY_3Y;0.019529;0.023989
2017-02-23;CNY_OIS_RUSFARCNY_3Y;0.020006;0.024364
2017-02-24;CNY_OIS_RUSFARCNY_3Y;0.019532;0.023808
2017-02-27;CNY_OIS_RUSFARCNY_3Y;0.019162;0.023342
2017-02-28;CNY_OIS_RUSFARCNY_3Y;0.019783;0.023905
2017-03-01;CNY_OIS_RUSFARCNY_3Y;0.019859;0.023855
2017-03-02;CNY_OIS_RUSFARCNY_3Y;0.019576;0.023474
2017-03-03;CNY_OIS_RUSFARCNY_3Y;0.018626;0.022582
2017-03-06;CNY_OIS_RUSFARCNY_3Y;0.019017;0.022877
2017-03-07;CNY_OIS_RUSFARCNY_3Y;0.019083;0.022827
2017-03-08;CNY_OIS_RUSFARCNY_3Y;0.01916;0.02279
2017-03-09;CNY_OIS_RUSFARCNY_3Y;0.019231;0.022749
2017-03-10;CNY_OIS_RUSFARCNY_3Y;0.019227;0.022639
2017-03-13;CNY_OIS_RUSFARCNY_3Y;0.019043;0.022365
2017-03-14;CNY_OIS_RUSFARCNY_3Y;0.019065;0.022285
2017-03-15;CNY_OIS_RUSFARCNY_3Y;0.01922;0.022346
2017-03-16;CNY_OIS_RUSFARCNY_3Y;0.01977;0.022878
2017-03-17;CNY_OIS_RUSFARCNY_3Y;0.021304;0.025184
2017-03-20;CNY_OIS_RUSFARCNY_3Y;0.021359;0.025119
2017-03-21;CNY_OIS_RUSFARCNY_3Y;0.021565;0.025217
2017-03-22;CNY_OIS_RUSFARCNY_3Y;0.021651;0.025191
2017-03-23;CNY_OIS_RUSFARCNY_3Y;0.021767;0.025201
2017-03-24;CNY_OIS_RUSFARCNY_3Y;0.021256;0.024652
2017-03-27;CNY_OIS_RUSFARCNY_3Y;0.019914;0.023554
2017-03-28;CNY_OIS_RUSFARCNY_3Y;0.019616;0.023172
2017-03-29;CNY_OIS_RUSFARCNY_3Y;0.020339;0.023909
2017-03-30;CNY_OIS_RUSFARCNY_3Y;0.020251;0.023717
2017-03-31;CNY_OIS_RUSFARCNY_3Y;0.020606;0.02399
2017-04-01;CNY_OIS_RUSFARCNY_3Y;0.020222;0.023546
2017-04-05;CNY_OIS_RUSFARCNY_3Y;0.020169;0.023395
2017-04-06;CNY_OIS_RUSFARCNY_3Y;0.020688;0.02388
2017-04-07;CNY_OIS_RUSFARCNY_3Y;0.020302;0.02344
2017-04-10;CNY_OIS_RUSFARCNY_3Y;0.019775;0.022893
2017-04-11;CNY_OIS_RUSFARCNY_3Y;0.019467;0.022521
2017-04-12;CNY_OIS_RUSFARCNY_3Y;0.019313;0.022285
2017-04-13;CNY_OIS_RUSFARCNY_3Y;0.019595;0.022493
2017-04-14;CNY_OIS_RUSFARCNY_3Y;0.019795;0.022613
2017-04-17;CNY_OIS_RUSFARCNY_3Y;0.019985;0.022723
2017-04-18;CNY_OIS_RUSFARCNY_3Y;0.02042;0.023128
2017-04-19;CNY_OIS_RUSFARCNY_3Y;0.021234;0.024094
2017-04-20;CNY_OIS_RUSFARCNY_3Y;0.021507;0.024295
2017-04-21;CNY_OIS_RUSFARCNY_3Y;0.02172;0.024434
2017-04-24;CNY_OIS_RUSFARCNY_3Y;0.022612;0.02553
2017-04-25;CNY_OIS_RUSFARCNY_3Y;0.022995;0.025861
2017-04-26;CNY_OIS_RUSFARCNY_3Y;0.023114;0.025894
2017-04-27;CNY_OIS_RUSFARCNY_3Y;0.02347;0.026198
2017-04-28;CNY_OIS_RUSFARCNY_3Y;0.02377;0.026438
2017-05-02;CNY_OIS_RUSFARCNY_3Y;0.023796;0.026382
2017-05-03;CNY_OIS_RUSFARCNY_3Y;0.024099;0.026631
2017-05-04;CNY_OIS_RUSFARCNY_3Y;0.024192;0.026648
2017-05-05;CNY_OIS_RUSFARCNY_3Y;0.024067;0.026457
2017-05-08;CNY_OIS_RUSFARCNY_3Y;0.023931;0.026257
2017-05-09;CNY_OIS_RUSFARCNY_3Y;0.023985;0.026241
2017-05-10;CNY_OIS_RUSFARCNY_3Y;0.02409;0.026278
2017-05-11;CNY_OIS_RUSFARCNY_3Y;0.023979;0.026109
2017-05-12;CNY_OIS_RUSFARCNY_3Y;0.023783;0.025867
2017-05-15;CNY_OIS_RUSFARCNY_3Y;0.022957;0.025191
2017-05-16;CNY_OIS_RUSFARCNY_3Y;0.023274;0.025474
2017-05-17;CNY_OIS_RUSFARCNY_3Y;0.023372;0.025506
2017-05-18;CNY_OIS_RUSFARCNY_3Y;0.023518;0.025592
2017-05-19;CNY_OIS_RUSFARCNY_3Y;0.023011;0.025117
2017-05-22;CNY_OIS_RUSFARCNY_3Y;0.022606;0.024712
2017-05-23;CNY_OIS_RUSFARCNY_3Y;0.022425;0.024483
2017-05-24;CNY_OIS_RUSFARCNY_3Y;0.022127;0.024161
2017-05-25;CNY_OIS_RUSFARCNY_3Y;0.022035;0.024013
2017-05-26;CNY_OIS_RUSFARCNY_3Y;0.022045;0.023963
2017-05-27;CNY_OIS_RUSFARCNY_3Y;0.021993;0.023855
2017-05-31;CNY_OIS_RUSFARCNY_3Y;0.022348;0.02421
2017-06-01;CNY_OIS_RUSFARCNY_3Y;0.022531;0.024347
2017-06-02;CNY_OIS_RUSFARCNY_3Y;0.023602;0.026132
2017-06-05;CNY_OIS_RUSFARCNY_3Y;0.023847;0.026315
2017-06-06;CNY_OIS_RUSFARCNY_3Y;0.024125;0.026541
2017-06-07;CNY_OIS_RUSFARCNY_3Y;0.023815;0.026193
2017-06-08;CNY_OIS_RUSFARCNY_3Y;0.023958;0.026268
2017-06-09;CNY_OIS_RUSFARCNY_3Y;0.024068;0.02631
2017-06-12;CNY_OIS_RUSFARCNY_3Y;0.024129;0.026303
2017-06-13;CNY_OIS_RUSFARCNY_3Y;0.02418;0.026288
2017-06-14;CNY_OIS_RUSFARCNY_3Y;0.024141;0.026187
2017-06-15;CNY_OIS_RUSFARCNY_3Y;0.024238;0.026224
2017-06-16;CNY_OIS_RUSFARCNY_3Y;0.02447;0.026414
2017-06-19;CNY_OIS_RUSFARCNY_3Y;0.024604;0.026494
2017-06-20;CNY_OIS_RUSFARCNY_3Y;0.02477;0.02661
2017-06-21;CNY_OIS_RUSFARCNY_3Y;0.024909;0.026699
2017-06-22;CNY_OIS_RUSFARCNY_3Y;0.024727;0.026481
2017-06-23;CNY_OIS_RUSFARCNY_3Y;0.024084;0.025944
2017-06-26;CNY_OIS_RUSFARCNY_3Y;0.023006;0.025162
2017-06-27;CNY_OIS_RUSFARCNY_3Y;0.021979;0.024369
2017-06-28;CNY_OIS_RUSFARCNY_3Y;0.021277;0.023743
2017-06-29;CNY_OIS_RUSFARCNY_3Y;0.021101;0.023507
2017-06-30;CNY_OIS_RUSFARCNY_3Y;0.021824;0.024364
2017-07-03;CNY_OIS_RUSFARCNY_3Y;0.022722;0.025506
2017-07-04;CNY_OIS_RUSFARCNY_3Y;0.022448;0.025174
2017-07-05;CNY_OIS_RUSFARCNY_3Y;0.021258;0.02423
2017-07-06;CNY_OIS_RUSFARCNY_3Y;0.020929;0.023845
2017-07-07;CNY_OIS_RUSFARCNY_3Y;0.020827;0.023661
2017-07-10;CNY_OIS_RUSFARCNY_3Y;0.021026;0.023782
2017-07-11;CNY_OIS_RUSFARCNY_3Y;0.021712;0.024536
2017-07-12;CNY_OIS_RUSFARCNY_3Y;0.021996;0.024752
2017-07-13;CNY_OIS_RUSFARCNY_3Y;0.022165;0.024843
2017-07-14;CNY_OIS_RUSFARCNY_3Y;0.02187;0.024498
2017-07-17;CNY_OIS_RUSFARCNY_3Y;0.021969;0.024517
2017-07-18;CNY_OIS_RUSFARCNY_3Y;0.022615;0.025233
2017-07-19;CNY_OIS_RUSFARCNY_3Y;0.022857;0.025411
2017-07-20;CNY_OIS_RUSFARCNY_3Y;0.023194;0.025702
2017-07-21;CNY_OIS_RUSFARCNY_3Y;0.023022;0.025466
2017-07-24;CNY_OIS_RUSFARCNY_3Y;0.022798;0.02519
2017-07-25;CNY_OIS_RUSFARCNY_3Y;0.022901;0.025221
2017-07-26;CNY_OIS_RUSFARCNY_3Y;0.023037;0.025291
2017-07-27;CNY_OIS_RUSFARCNY_3Y;0.023615;0.025933
2017-07-28;CNY_OIS_RUSFARCNY_3Y;0.023927;0.026205
2017-07-31;CNY_OIS_RUSFARCNY_3Y;0.023868;0.02608
2017-08-01;CNY_OIS_RUSFARCNY_3Y;0.023934;0.02608
2017-08-02;CNY_OIS_RUSFARCNY_3Y;0.024184;0.026284
2017-08-03;CNY_OIS_RUSFARCNY_3Y;0.023954;0.026014
2017-08-04;CNY_OIS_RUSFARCNY_3Y;0.022985;0.025263
2017-08-07;CNY_OIS_RUSFARCNY_3Y;0.023166;0.025382
2017-08-08;CNY_OIS_RUSFARCNY_3Y;0.023637;0.025871
2017-08-09;CNY_OIS_RUSFARCNY_3Y;0.023843;0.026021
2017-08-10;CNY_OIS_RUSFARCNY_3Y;0.023828;0.02594
2017-08-11;CNY_OIS_RUSFARCNY_3Y;0.023789;0.025839
2017-08-14;CNY_OIS_RUSFARCNY_3Y;0.023658;0.025656
2017-08-15;CNY_OIS_RUSFARCNY_3Y;0.023914;0.025874
2017-08-16;CNY_OIS_RUSFARCNY_3Y;0.024165;0.026089
2017-08-17;CNY_OIS_RUSFARCNY_3Y;0.024329;0.026203
2017-08-18;CNY_OIS_RUSFARCNY_3Y;0.024361;0.026177
2017-08-21;CNY_OIS_RUSFARCNY_3Y;0.024512;0.02628
2017-08-22;CNY_OIS_RUSFARCNY_3Y;0.024205;0.025965
2017-08-23;CNY_OIS_RUSFARCNY_3Y;0.024495;0.026239
2017-08-24;CNY_OIS_RUSFARCNY_3Y;0.024548;0.026238
2017-08-25;CNY_OIS_RUSFARCNY_3Y;0.024643;0.026285
2017-08-28;CNY_OIS_RUSFARCNY_3Y;0.024628;0.02622
2017-08-29;CNY_OIS_RUSFARCNY_3Y;0.02524;0.027028
2017-08-30;CNY_OIS_RUSFARCNY_3Y;0.025284;0.027018
2017-08-31;CNY_OIS_RUSFARCNY_3Y;0.024197;0.026251
2017-09-01;CNY_OIS_RUSFARCNY_3Y;0.024042;0.026046
2017-09-04;CNY_OIS_RUSFARCNY_3Y;0.023363;0.025465
2017-09-05;CNY_OIS_RUSFARCNY_3Y;0.02241;0.024718
2017-09-06;CNY_OIS_RUSFARCNY_3Y;0.022195;0.024453
2017-09-07;CNY_OIS_RUSFARCNY_3Y;0.022225;0.024415
2017-09-08;CNY_OIS_RUSFARCNY_3Y;0.022212;0.024336
2017-09-11;CNY_OIS_RUSFARCNY_3Y;0.022323;0.024385
2017-09-12;CNY_OIS_RUSFARCNY_3Y;0.022397;0.024397
2017-09-13;CNY_OIS_RUSFARCNY_3Y;0.022445;0.024383
2017-09-14;CNY_OIS_RUSFARCNY_3Y;0.022764;0.024684
2017-09-15;CNY_OIS_RUSFARCNY_3Y;0.022936;0.024808
2017-09-18;CNY_OIS_RUSFARCNY_3Y;0.023489;0.025459
2017-09-19;CNY_OIS_RUSFARCNY_3Y;0.024164;0.026304
2017-09-20;CNY_OIS_RUSFARCNY_3Y;0.023742;0.025886
2017-09-21;CNY_OIS_RUSFARCNY_3Y;0.023927;0.026015
2017-09-22;CNY_OIS_RUSFARCNY_3Y;0.023414;0.025534
2017-09-25;CNY_OIS_RUSFARCNY_3Y;0.023466;0.025522
2017-09-26;CNY_OIS_RUSFARCNY_3Y;0.024168;0.0264
2017-09-27;CNY_OIS_RUSFARCNY_3Y;0.024449;0.026639
2017-09-28;CNY_OIS_RUSFARCNY_3Y;0.024968;0.0272
2017-09-29;CNY_OIS_RUSFARCNY_3Y;0.023655;0.026253
2017-09-30;CNY_OIS_RUSFARCNY_3Y;0.024773;0.027815
2017-10-09;CNY_OIS_RUSFARCNY_3Y;0.022374;0.026254
2017-10-10;CNY_OIS_RUSFARCNY_3Y;0.022413;0.026175
2017-10-11;CNY_OIS_RUSFARCNY_3Y;0.022501;0.026147
2017-10-12;CNY_OIS_RUSFARCNY_3Y;0.021637;0.025331
2017-10-13;CNY_OIS_RUSFARCNY_3Y;0.021143;0.024785
2017-10-16;CNY_OIS_RUSFARCNY_3Y;0.021087;0.024621
2017-10-17;CNY_OIS_RUSFARCNY_3Y;0.021203;0.024631
2017-10-18;CNY_OIS_RUSFARCNY_3Y;0.021212;0.024536
2017-10-19;CNY_OIS_RUSFARCNY_3Y;0.021223;0.024445
2017-10-20;CNY_OIS_RUSFARCNY_3Y;0.021131;0.024261
2017-10-23;CNY_OIS_RUSFARCNY_3Y;0.021538;0.02461
2017-10-24;CNY_OIS_RUSFARCNY_3Y;0.021761;0.024747
2017-10-25;CNY_OIS_RUSFARCNY_3Y;0.022094;0.025014
2017-10-26;CNY_OIS_RUSFARCNY_3Y;0.022422;0.02528
2017-10-27;CNY_OIS_RUSFARCNY_3Y;0.022701;0.025489
2017-10-30;CNY_OIS_RUSFARCNY_3Y;0.022763;0.025465
2017-10-31;CNY_OIS_RUSFARCNY_3Y;0.02296;0.025588
2017-11-01;CNY_OIS_RUSFARCNY_3Y;0.02303;0.025578
2017-11-02;CNY_OIS_RUSFARCNY_3Y;0.021745;0.024603
2017-11-03;CNY_OIS_RUSFARCNY_3Y;0.021266;0.024106
2017-11-06;CNY_OIS_RUSFARCNY_3Y;0.020596;0.023472
2017-11-07;CNY_OIS_RUSFARCNY_3Y;0.021017;0.023851
2017-11-08;CNY_OIS_RUSFARCNY_3Y;0.021463;0.024265
2017-11-09;CNY_OIS_RUSFARCNY_3Y;0.021977;0.024771
2017-11-10;CNY_OIS_RUSFARCNY_3Y;0.022656;0.025512
2017-11-13;CNY_OIS_RUSFARCNY_3Y;0.02333;0.026238
2017-11-14;CNY_OIS_RUSFARCNY_3Y;0.023751;0.026617
2017-11-15;CNY_OIS_RUSFARCNY_3Y;0.023579;0.026369
2017-11-16;CNY_OIS_RUSFARCNY_3Y;0.023561;0.026267
2017-11-17;CNY_OIS_RUSFARCNY_3Y;0.022924;0.025664
2017-11-20;CNY_OIS_RUSFARCNY_3Y;0.023411;0.026137
2017-11-21;CNY_OIS_RUSFARCNY_3Y;0.023665;0.026323
2017-11-22;CNY_OIS_RUSFARCNY_3Y;0.023716;0.026292
2017-11-23;CNY_OIS_RUSFARCNY_3Y;0.023694;0.026194
2017-11-24;CNY_OIS_RUSFARCNY_3Y;0.023672;0.026096
2017-11-27;CNY_OIS_RUSFARCNY_3Y;0.02392;0.026288
2017-11-28;CNY_OIS_RUSFARCNY_3Y;0.023749;0.026059
2017-11-29;CNY_OIS_RUSFARCNY_3Y;0.022403;0.025085
2017-11-30;CNY_OIS_RUSFARCNY_3Y;0.023332;0.026256
2017-12-01;CNY_OIS_RUSFARCNY_3Y;0.021639;0.025029
2017-12-04;CNY_OIS_RUSFARCNY_3Y;0.021249;0.024579
2017-12-05;CNY_OIS_RUSFARCNY_3Y;0.021085;0.024323
2017-12-06;CNY_OIS_RUSFARCNY_3Y;0.021073;0.024215
2017-12-07;CNY_OIS_RUSFARCNY_3Y;0.021239;0.024289
2017-12-08;CNY_OIS_RUSFARCNY_3Y;0.021509;0.024479
2017-12-11;CNY_OIS_RUSFARCNY_3Y;0.022266;0.025322
2017-12-12;CNY_OIS_RUSFARCNY_3Y;0.022673;0.025675
2017-12-13;CNY_OIS_RUSFARCNY_3Y;0.023287;0.026301
2017-12-14;CNY_OIS_RUSFARCNY_3Y;0.023479;0.026409
2017-12-15;CNY_OIS_RUSFARCNY_3Y;0.022648;0.02566
2017-12-18;CNY_OIS_RUSFARCNY_3Y;0.022683;0.025605
2017-12-19;CNY_OIS_RUSFARCNY_3Y;0.022903;0.025745
2017-12-20;CNY_OIS_RUSFARCNY_3Y;0.022835;0.025593
2017-12-21;CNY_OIS_RUSFARCNY_3Y;0.022164;0.024964
2017-12-22;CNY_OIS_RUSFARCNY_3Y;0.021636;0.024432
2017-12-25;CNY_OIS_RUSFARCNY_3Y;0.021221;0.023987
2017-12-26;CNY_OIS_RUSFARCNY_3Y;0.021457;0.024151
2017-12-27;CNY_OIS_RUSFARCNY_3Y;0.022179;0.024969
2017-12-28;CNY_OIS_RUSFARCNY_3Y;0.022281;0.024987
2017-12-29;CNY_OIS_RUSFARCNY_3Y;0.023622;0.027006
2018-01-02;CNY_OIS_RUSFARCNY_3Y;0.021472;0.025496
2018-01-03;CNY_OIS_RUSFARCNY_3Y;0.02051;0.024588
2018-01-04;CNY_OIS_RUSFARCNY_3Y;0.019952;0.023976
2018-01-05;CNY_OIS_RUSFARCNY_3Y;0.019799;0.023709
2018-01-08;CNY_OIS_RUSFARCNY_3Y;0.019623;0.023425
2018-01-09;CNY_OIS_RUSFARCNY_3Y;0.02031;0.024098
2018-01-10;CNY_OIS_RUSFARCNY_3Y;0.02137;0.025318
2018-01-11;CNY_OIS_RUSFARCNY_3Y;0.022974;0.027494
2018-01-12;CNY_OIS_RUSFARCNY_3Y;0.023022;0.027406
2018-01-15;CNY_OIS_RUSFARCNY_3Y;0.022717;0.026991
2018-01-16;CNY_OIS_RUSFARCNY_3Y;0.022691;0.026837
2018-01-17;CNY_OIS_RUSFARCNY_3Y;0.02255;0.026578
2018-01-18;CNY_OIS_RUSFARCNY_3Y;0.022617;0.026521
2018-01-19;CNY_OIS_RUSFARCNY_3Y;0.023329;0.027219
2018-01-22;CNY_OIS_RUSFARCNY_3Y;0.022693;0.026555
2018-01-23;CNY_OIS_RUSFARCNY_3Y;0.020775;0.025093
2018-01-24;CNY_OIS_RUSFARCNY_3Y;0.020553;0.024755
2018-01-25;CNY_OIS_RUSFARCNY_3Y;0.02051;0.024586
2018-01-26;CNY_OIS_RUSFARCNY_3Y;0.020442;0.024398
2018-01-29;CNY_OIS_RUSFARCNY_3Y;0.020654;0.024494
2018-01-30;CNY_OIS_RUSFARCNY_3Y;0.020591;0.024317
2018-01-31;CNY_OIS_RUSFARCNY_3Y;0.02103;0.024678
2018-02-01;CNY_OIS_RUSFARCNY_3Y;0.02023;0.023906
2018-02-02;CNY_OIS_RUSFARCNY_3Y;0.020305;0.023869
2018-02-05;CNY_OIS_RUSFARCNY_3Y;0.020489;0.023949
2018-02-06;CNY_OIS_RUSFARCNY_3Y;0.020626;0.023982
2018-02-07;CNY_OIS_RUSFARCNY_3Y;0.020985;0.024263
2018-02-08;CNY_OIS_RUSFARCNY_3Y;0.021045;0.024223
2018-02-09;CNY_OIS_RUSFARCNY_3Y;0.021259;0.024349
2018-02-11;CNY_OIS_RUSFARCNY_3Y;0.021491;0.024497
2018-02-12;CNY_OIS_RUSFARCNY_3Y;0.0213;0.024228
2018-02-13;CNY_OIS_RUSFARCNY_3Y;0.021364;0.024204
2018-02-14;CNY_OIS_RUSFARCNY_3Y;0.022518;0.02577
2018-02-22;CNY_OIS_RUSFARCNY_3Y;0.021542;0.024906
2018-02-23;CNY_OIS_RUSFARCNY_3Y;0.021239;0.024529
2018-02-24;CNY_OIS_RUSFARCNY_3Y;0.020902;0.024126
2018-02-26;CNY_OIS_RUSFARCNY_3Y;0.02106;0.024188
2018-02-27;CNY_OIS_RUSFARCNY_3Y;0.021006;0.024042
2018-02-28;CNY_OIS_RUSFARCNY_3Y;0.02225;0.025738
2018-03-01;CNY_OIS_RUSFARCNY_3Y;0.02213;0.025518
2018-03-02;CNY_OIS_RUSFARCNY_3Y;0.02292;0.026368
2018-03-05;CNY_OIS_RUSFARCNY_3Y;0.021594;0.025274
2018-03-06;CNY_OIS_RUSFARCNY_3Y;0.021286;0.024882
2018-03-07;CNY_OIS_RUSFARCNY_3Y;0.021084;0.024584
2018-03-08;CNY_OIS_RUSFARCNY_3Y;0.020911;0.024317
2018-03-09;CNY_OIS_RUSFARCNY_3Y;0.020993;0.024295
2018-03-12;CNY_OIS_RUSFARCNY_3Y;0.021171;0.024377
2018-03-13;CNY_OIS_RUSFARCNY_3Y;0.021697;0.024871
2018-03-14;CNY_OIS_RUSFARCNY_3Y;0.021705;0.024783
2018-03-15;CNY_OIS_RUSFARCNY_3Y;0.021742;0.024726
2018-03-16;CNY_OIS_RUSFARCNY_3Y;0.021298;0.02425
2018-03-19;CNY_OIS_RUSFARCNY_3Y;0.021084;0.023964
2018-03-20;CNY_OIS_RUSFARCNY_3Y;0.021098;0.02389
2018-03-21;CNY_OIS_RUSFARCNY_3Y;0.02115;0.023858
2018-03-22;CNY_OIS_RUSFARCNY_3Y;0.02109;0.023718
2018-03-23;CNY_OIS_RUSFARCNY_3Y;0.02109;0.023638
2018-03-26;CNY_OIS_RUSFARCNY_3Y;0.021108;0.02358
2018-03-27;CNY_OIS_RUSFARCNY_3Y;0.021609;0.024089
2018-03-28;CNY_OIS_RUSFARCNY_3Y;0.021631;0.024037
2018-03-29;CNY_OIS_RUSFARCNY_3Y;0.021556;0.023892
2018-03-30;CNY_OIS_RUSFARCNY_3Y;0.022486;0.025142
2018-04-02;CNY_OIS_RUSFARCNY_3Y;0.021776;0.024492
2018-04-03;CNY_OIS_RUSFARCNY_3Y;0.021302;0.024006
2018-04-04;CNY_OIS_RUSFARCNY_3Y;0.020133;0.023075
2018-04-08;CNY_OIS_RUSFARCNY_3Y;0.01994;0.022808
2018-04-09;CNY_OIS_RUSFARCNY_3Y;0.020709;0.023679
2018-04-10;CNY_OIS_RUSFARCNY_3Y;0.020977;0.023871
2018-04-11;CNY_OIS_RUSFARCNY_3Y;0.02112;0.023928
2018-04-12;CNY_OIS_RUSFARCNY_3Y;0.021122;0.023846
2018-04-13;CNY_OIS_RUSFARCNY_3Y;0.021164;0.023804
2018-04-16;CNY_OIS_RUSFARCNY_3Y;0.021444;0.024024
2018-04-17;CNY_OIS_RUSFARCNY_3Y;0.022206;0.024922
2018-04-18;CNY_OIS_RUSFARCNY_3Y;0.022385;0.025023
2018-04-19;CNY_OIS_RUSFARCNY_3Y;0.022919;0.025569
2018-04-20;CNY_OIS_RUSFARCNY_3Y;0.023097;0.025671
2018-04-23;CNY_OIS_RUSFARCNY_3Y;0.022897;0.025411
2018-04-24;CNY_OIS_RUSFARCNY_3Y;0.023053;0.025495
2018-04-25;CNY_OIS_RUSFARCNY_3Y;0.023009;0.025379
2018-04-26;CNY_OIS_RUSFARCNY_3Y;0.023392;0.025736
2018-04-27;CNY_OIS_RUSFARCNY_3Y;0.024615;0.027633
2018-04-28;CNY_OIS_RUSFARCNY_3Y;0.023566;0.026742
2018-05-02;CNY_OIS_RUSFARCNY_3Y;0.022438;0.02579
2018-05-03;CNY_OIS_RUSFARCNY_3Y;0.02208;0.025368
2018-05-04;CNY_OIS_RUSFARCNY_3Y;0.021167;0.024541
2018-05-07;CNY_OIS_RUSFARCNY_3Y;0.021097;0.024371
2018-05-08;CNY_OIS_RUSFARCNY_3Y;0.021076;0.024252
2018-05-09;CNY_OIS_RUSFARCNY_3Y;0.020535;0.023693
2018-05-10;CNY_OIS_RUSFARCNY_3Y;0.020471;0.023537
2018-05-11;CNY_OIS_RUSFARCNY_3Y;0.020291;0.023277
2018-05-14;CNY_OIS_RUSFARCNY_3Y;0.021151;0.024277
2018-05-15;CNY_OIS_RUSFARCNY_3Y;0.021759;0.024889
2018-05-16;CNY_OIS_RUSFARCNY_3Y;0.022861;0.026287
2018-05-17;CNY_OIS_RUSFARCNY_3Y;0.020905;0.024863
2018-05-18;CNY_OIS_RUSFARCNY_3Y;0.020614;0.024474
2018-05-21;CNY_OIS_RUSFARCNY_3Y;0.020298;0.02407
2018-05-22;CNY_OIS_RUSFARCNY_3Y;0.020336;0.023992
2018-05-23;CNY_OIS_RUSFARCNY_3Y;0.020441;0.023987
2018-05-24;CNY_OIS_RUSFARCNY_3Y;0.020495;0.023933
2018-05-25;CNY_OIS_RUSFARCNY_3Y;0.020527;0.023861
2018-05-28;CNY_OIS_RUSFARCNY_3Y;0.020628;0.02386
2018-05-29;CNY_OIS_RUSFARCNY_3Y;0.022279;0.026389
2018-05-30;CNY_OIS_RUSFARCNY_3Y;0.023566;0.027942
2018-05-31;CNY_OIS_RUSFARCNY_3Y;0.023076;0.027372
2018-06-01;CNY_OIS_RUSFARCNY_3Y;0.022833;0.027015
2018-06-04;CNY_OIS_RUSFARCNY_3Y;0.020503;0.025305
2018-06-05;CNY_OIS_RUSFARCNY_3Y;0.020424;0.025084
2018-06-06;CNY_OIS_RUSFARCNY_3Y;0.020271;0.024797
2018-06-07;CNY_OIS_RUSFARCNY_3Y;0.02027;0.024658
2018-06-08;CNY_OIS_RUSFARCNY_3Y;0.020416;0.024672
2018-06-11;CNY_OIS_RUSFARCNY_3Y;0.02058;0.024708
2018-06-12;CNY_OIS_RUSFARCNY_3Y;0.020751;0.024757
2018-06-13;CNY_OIS_RUSFARCNY_3Y;0.020862;0.024746
2018-06-14;CNY_OIS_RUSFARCNY_3Y;0.020941;0.024707
2018-06-15;CNY_OIS_RUSFARCNY_3Y;0.021009;0.024659
2018-06-19;CNY_OIS_RUSFARCNY_3Y;0.021044;0.024584
2018-06-20;CNY_OIS_RUSFARCNY_3Y;0.021378;0.02483
2018-06-21;CNY_OIS_RUSFARCNY_3Y;0.021163;0.024525
2018-06-22;CNY_OIS_RUSFARCNY_3Y;0.021143;0.024405
2018-06-25;CNY_OIS_RUSFARCNY_3Y;0.020967;0.024141
2018-06-26;CNY_OIS_RUSFARCNY_3Y;0.020527;0.023661
2018-06-27;CNY_OIS_RUSFARCNY_3Y;0.019776;0.022952
2018-06-28;CNY_OIS_RUSFARCNY_3Y;0.017972;0.021636
2018-06-29;CNY_OIS_RUSFARCNY_3Y;0.020399;0.025989
2018-07-02;CNY_OIS_RUSFARCNY_3Y;0.019307;0.024901
2018-07-03;CNY_OIS_RUSFARCNY_3Y;0.01833;0.023898
2018-07-04;CNY_OIS_RUSFARCNY_3Y;0.01586;0.021948
2018-07-05;CNY_OIS_RUSFARCNY_3Y;0.015253;0.021215
2018-07-06;CNY_OIS_RUSFARCNY_3Y;0.013509;0.019659
2018-07-09;CNY_OIS_RUSFARCNY_3Y;0.013838;0.01981
2018-07-10;CNY_OIS_RUSFARCNY_3Y;0.016466;0.023522
2018-07-11;CNY_OIS_RUSFARCNY_3Y;0.017497;0.024451
2018-07-12;CNY_OIS_RUSFARCNY_3Y;0.018374;0.025194
2018-07-13;CNY_OIS_RUSFARCNY_3Y;0.018407;0.025021
2018-07-16;CNY_OIS_RUSFARCNY_3Y;0.019241;0.025727
2018-07-17;CNY_OIS_RUSFARCNY_3Y;0.019672;0.025976
2018-07-18;CNY_OIS_RUSFARCNY_3Y;0.019079;0.025249
2018-07-19;CNY_OIS_RUSFARCNY_3Y;0.018004;0.024144
2018-07-20;CNY_OIS_RUSFARCNY_3Y;0.017364;0.023384
2018-07-23;CNY_OIS_RUSFARCNY_3Y;0.017614;0.023454
2018-07-24;CNY_OIS_RUSFARCNY_3Y;0.017613;0.023275
2018-07-25;CNY_OIS_RUSFARCNY_3Y;0.017659;0.023149
2018-07-26;CNY_OIS_RUSFARCNY_3Y;0.017456;0.022792
2018-07-27;CNY_OIS_RUSFARCNY_3Y;0.017157;0.022351
2018-07-30;CNY_OIS_RUSFARCNY_3Y;0.016317;0.021471
2018-07-31;CNY_OIS_RUSFARCNY_3Y;0.014938;0.02021
2018-08-01;CNY_OIS_RUSFARCNY_3Y;0.014627;0.019761
2018-08-02;CNY_OIS_RUSFARCNY_3Y;0.014098;0.01913
2018-08-03;CNY_OIS_RUSFARCNY_3Y;0.012846;0.017962
2018-08-06;CNY_OIS_RUSFARCNY_3Y;0.012617;0.017591
2018-08-07;CNY_OIS_RUSFARCNY_3Y;0.010299;0.015789
2018-08-08;CNY_OIS_RUSFARCNY_3Y;0.008208;0.01406
2018-08-09;CNY_OIS_RUSFARCNY_3Y;0.010025;0.016243
2018-08-10;CNY_OIS_RUSFARCNY_3Y;0.011892;0.018456
2018-08-13;CNY_OIS_RUSFARCNY_3Y;0.014375;0.021713
2018-08-14;CNY_OIS_RUSFARCNY_3Y;0.016383;0.024005
2018-08-15;CNY_OIS_RUSFARCNY_3Y;0.016667;0.024061
2018-08-16;CNY_OIS_RUSFARCNY_3Y;0.018287;0.025761
2018-08-17;CNY_OIS_RUSFARCNY_3Y;0.019065;0.026363
2018-08-20;CNY_OIS_RUSFARCNY_3Y;0.019614;0.026714
2018-08-21;CNY_OIS_RUSFARCNY_3Y;0.019832;0.026716
2018-08-22;CNY_OIS_RUSFARCNY_3Y;0.018899;0.025689
2018-08-23;CNY_OIS_RUSFARCNY_3Y;0.018119;0.024789
2018-08-24;CNY_OIS_RUSFARCNY_3Y;0.017577;0.024091
2018-08-27;CNY_OIS_RUSFARCNY_3Y;0.018141;0.024487
2018-08-28;CNY_OIS_RUSFARCNY_3Y;0.018092;0.024246
2018-08-29;CNY_OIS_RUSFARCNY_3Y;0.017817;0.023801
2018-08-30;CNY_OIS_RUSFARCNY_3Y;0.016696;0.022672
2018-08-31;CNY_OIS_RUSFARCNY_3Y;0.0171;0.022908
2018-09-03;CNY_OIS_RUSFARCNY_3Y;0.016861;0.022507
2018-09-04;CNY_OIS_RUSFARCNY_3Y;0.016077;0.021651
2018-09-05;CNY_OIS_RUSFARCNY_3Y;0.015845;0.021263
2018-09-06;CNY_OIS_RUSFARCNY_3Y;0.018491;0.025217
2018-09-07;CNY_OIS_RUSFARCNY_3Y;0.019506;0.026142
2018-09-10;CNY_OIS_RUSFARCNY_3Y;0.019425;0.025863
2018-09-11;CNY_OIS_RUSFARCNY_3Y;0.019691;0.025937
2018-09-12;CNY_OIS_RUSFARCNY_3Y;0.019449;0.025519
2018-09-13;CNY_OIS_RUSFARCNY_3Y;0.019266;0.025162
2018-09-14;CNY_OIS_RUSFARCNY_3Y;0.018934;0.024674
2018-09-17;CNY_OIS_RUSFARCNY_3Y;0.018788;0.02436
2018-09-18;CNY_OIS_RUSFARCNY_3Y;0.0205;0.026408
2018-09-19;CNY_OIS_RUSFARCNY_3Y;0.01961;0.025458
2018-09-20;CNY_OIS_RUSFARCNY_3Y;0.019256;0.024952
2018-09-21;CNY_OIS_RUSFARCNY_3Y;0.019293;0.024815
2018-09-25;CNY_OIS_RUSFARCNY_3Y;0.019661;0.025027
2018-09-26;CNY_OIS_RUSFARCNY_3Y;0.019842;0.025046
2018-09-27;CNY_OIS_RUSFARCNY_3Y;0.018922;0.024106
2018-09-28;CNY_OIS_RUSFARCNY_3Y;0.018849;0.023879
2018-09-29;CNY_OIS_RUSFARCNY_3Y;0.014246;0.021042
2018-09-30;CNY_OIS_RUSFARCNY_3Y;0.018496;0.028392
2018-10-08;CNY_OIS_RUSFARCNY_3Y;0.01742;0.027128
2018-10-09;CNY_OIS_RUSFARCNY_3Y;0.017223;0.026645
2018-10-10;CNY_OIS_RUSFARCNY_3Y;0.016278;0.02551
2018-10-11;CNY_OIS_RUSFARCNY_3Y;0.016032;0.024996
2018-10-12;CNY_OIS_RUSFARCNY_3Y;0.01693;0.025678
2018-10-15;CNY_OIS_RUSFARCNY_3Y;0.016425;0.024943
2018-10-16;CNY_OIS_RUSFARCNY_3Y;0.016515;0.024773
2018-10-17;CNY_OIS_RUSFARCNY_3Y;0.016438;0.02445
2018-10-18;CNY_OIS_RUSFARCNY_3Y;0.017272;0.025096
2018-10-19;CNY_OIS_RUSFARCNY_3Y;0.017569;0.025159
2018-10-22;CNY_OIS_RUSFARCNY_3Y;0.01798;0.025348
2018-10-23;CNY_OIS_RUSFARCNY_3Y;0.017849;0.024999
2018-10-24;CNY_OIS_RUSFARCNY_3Y;0.017358;0.02433
2018-10-25;CNY_OIS_RUSFARCNY_3Y;0.0155;0.022628
2018-10-26;CNY_OIS_RUSFARCNY_3Y;0.014002;0.021166
2018-10-29;CNY_OIS_RUSFARCNY_3Y;0.011702;0.019166
2018-10-30;CNY_OIS_RUSFARCNY_3Y;0.008523;0.016625
2018-10-31;CNY_OIS_RUSFARCNY_3Y;0.014164;0.027064
2018-11-01;CNY_OIS_RUSFARCNY_3Y;0.01603;0.028738
2018-11-02;CNY_OIS_RUSFARCNY_3Y;0.015507;0.027861
2018-11-05;CNY_OIS_RUSFARCNY_3Y;0.015264;0.027254
2018-11-06;CNY_OIS_RUSFARCNY_3Y;0.013708;0.02552
2018-11-07;CNY_OIS_RUSFARCNY_3Y;0.011982;0.023658
2018-11-08;CNY_OIS_RUSFARCNY_3Y;0.010988;0.0224
2018-11-09;CNY_OIS_RUSFARCNY_3Y;0.011749;0.022839
2018-11-12;CNY_OIS_RUSFARCNY_3Y;0.014358;0.02565
2018-11-13;CNY_OIS_RUSFARCNY_3Y;0.016027;0.027161
2018-11-14;CNY_OIS_RUSFARCNY_3Y;0.014691;0.025637
2018-11-15;CNY_OIS_RUSFARCNY_3Y;0.014997;0.025611
2018-11-16;CNY_OIS_RUSFARCNY_3Y;0.015218;0.02551
2018-11-19;CNY_OIS_RUSFARCNY_3Y;0.017266;0.027582
2018-11-20;CNY_OIS_RUSFARCNY_3Y;0.017989;0.028019
2018-11-21;CNY_OIS_RUSFARCNY_3Y;0.017838;0.02757
2018-11-22;CNY_OIS_RUSFARCNY_3Y;0.016692;0.026256
2018-11-23;CNY_OIS_RUSFARCNY_3Y;0.015794;0.025154
2018-11-26;CNY_OIS_RUSFARCNY_3Y;0.017268;0.02652
2018-11-27;CNY_OIS_RUSFARCNY_3Y;0.017973;0.026975
2018-11-28;CNY_OIS_RUSFARCNY_3Y;0.017939;0.026669
2018-11-29;CNY_OIS_RUSFARCNY_3Y;0.01495;0.024118
2018-11-30;CNY_OIS_RUSFARCNY_3Y;0.018274;0.028394
2018-12-03;CNY_OIS_RUSFARCNY_3Y;0.017092;0.027036
2018-12-04;CNY_OIS_RUSFARCNY_3Y;0.016523;0.026205
2018-12-05;CNY_OIS_RUSFARCNY_3Y;0.014756;0.024412
2018-12-06;CNY_OIS_RUSFARCNY_3Y;0.016315;0.025873
2018-12-07;CNY_OIS_RUSFARCNY_3Y;0.016441;0.025707
2018-12-10;CNY_OIS_RUSFARCNY_3Y;0.016946;0.025942
2018-12-11;CNY_OIS_RUSFARCNY_3Y;0.017182;0.025906
2018-12-12;CNY_OIS_RUSFARCNY_3Y;0.016918;0.02539
2018-12-13;CNY_OIS_RUSFARCNY_3Y;0.017953;0.026255
2018-12-14;CNY_OIS_RUSFARCNY_3Y;0.019347;0.027581
2018-12-17;CNY_OIS_RUSFARCNY_3Y;0.019168;0.02716
2018-12-18;CNY_OIS_RUSFARCNY_3Y;0.01972;0.027488
2018-12-19;CNY_OIS_RUSFARCNY_3Y;0.019687;0.027221
2018-12-20;CNY_OIS_RUSFARCNY_3Y;0.01889;0.026278
2018-12-21;CNY_OIS_RUSFARCNY_3Y;0.018155;0.025393
2018-12-24;CNY_OIS_RUSFARCNY_3Y;0.016403;0.023745
2018-12-25;CNY_OIS_RUSFARCNY_3Y;0.01319;0.021198
2018-12-26;CNY_OIS_RUSFARCNY_3Y;0.013322;0.021086
2018-12-27;CNY_OIS_RUSFARCNY_3Y;0.010792;0.018896
2018-12-28;CNY_OIS_RUSFARCNY_3Y;0.00718;0.016048
2018-12-29;CNY_OIS_RUSFARCNY_3Y;0.014326;0.030582
2019-01-02;CNY_OIS_RUSFARCNY_3Y;0.011869;0.027959
2019-01-03;CNY_OIS_RUSFARCNY_3Y;0.008513;0.024675
2019-01-04;CNY_OIS_RUSFARCNY_3Y;0.005311;0.021497
2019-01-07;CNY_OIS_RUSFARCNY_3Y;0.003433;0.019335
2019-01-08;CNY_OIS_RUSFARCNY_3Y;0.003342;0.018766
2019-01-09;CNY_OIS_RUSFARCNY_3Y;0.005044;0.020124
2019-01-10;CNY_OIS_RUSFARCNY_3Y;0.006948;0.02174
2019-01-11;CNY_OIS_RUSFARCNY_3Y;0.00682;0.021168
2019-01-14;CNY_OIS_RUSFARCNY_3Y;0.008655;0.022733
2019-01-15;CNY_OIS_RUSFARCNY_3Y;0.012151;0.026577
2019-01-16;CNY_OIS_RUSFARCNY_3Y;0.01297;0.026978
2019-01-17;CNY_OIS_RUSFARCNY_3Y;0.012707;0.026301
2019-01-18;CNY_OIS_RUSFARCNY_3Y;0.012089;0.025309
2019-01-21;CNY_OIS_RUSFARCNY_3Y;0.012893;0.025735
2019-01-22;CNY_OIS_RUSFARCNY_3Y;0.013119;0.025569
2019-01-23;CNY_OIS_RUSFARCNY_3Y;0.013318;0.02539
2019-01-24;CNY_OIS_RUSFARCNY_3Y;0.013691;0.025397
2019-01-25;CNY_OIS_RUSFARCNY_3Y;0.014824;0.026244
2019-01-28;CNY_OIS_RUSFARCNY_3Y;0.013216;0.024492
2019-01-29;CNY_OIS_RUSFARCNY_3Y;0.012178;0.02321
2019-01-30;CNY_OIS_RUSFARCNY_3Y;0.011565;0.022305
2019-01-31;CNY_OIS_RUSFARCNY_3Y;0.013876;0.024712
2019-02-01;CNY_OIS_RUSFARCNY_3Y;0.012588;0.02324
2019-02-02;CNY_OIS_RUSFARCNY_3Y;0.014286;0.024822
2019-02-03;CNY_OIS_RUSFARCNY_3Y;0.012542;0.023006
2019-02-11;CNY_OIS_RUSFARCNY_3Y;0.014365;0.024763
2019-02-12;CNY_OIS_RUSFARCNY_3Y;0.011802;0.022366
2019-02-13;CNY_OIS_RUSFARCNY_3Y;0.00868;0.019588
2019-02-14;CNY_OIS_RUSFARCNY_3Y;0.008836;0.019412
2019-02-15;CNY_OIS_RUSFARCNY_3Y;0.008917;0.019171
2019-02-18;CNY_OIS_RUSFARCNY_3Y;0.010119;0.020157
2019-02-19;CNY_OIS_RUSFARCNY_3Y;0.011631;0.021537
2019-02-20;CNY_OIS_RUSFARCNY_3Y;0.010599;0.020309
2019-02-21;CNY_OIS_RUSFARCNY_3Y;0.012375;0.022053
2019-02-22;CNY_OIS_RUSFARCNY_3Y;0.015883;0.026565
2019-02-25;CNY_OIS_RUSFARCNY_3Y;0.017669;0.028259
2019-02-26;CNY_OIS_RUSFARCNY_3Y;0.018791;0.029137
2019-02-27;CNY_OIS_RUSFARCNY_3Y;0.018428;0.02848
2019-02-28;CNY_OIS_RUSFARCNY_3Y;0.017861;0.027647
2019-03-01;CNY_OIS_RUSFARCNY_3Y;0.01299;0.023938
2019-03-04;CNY_OIS_RUSFARCNY_3Y;0.010752;0.021736
2019-03-05;CNY_OIS_RUSFARCNY_3Y;0.013843;0.025305
2019-03-06;CNY_OIS_RUSFARCNY_3Y;0.011965;0.023343
2019-03-07;CNY_OIS_RUSFARCNY_3Y;0.011998;0.02303
2019-03-08;CNY_OIS_RUSFARCNY_3Y;0.012035;0.022733
2019-03-11;CNY_OIS_RUSFARCNY_3Y;0.01264;0.023028
2019-03-12;CNY_OIS_RUSFARCNY_3Y;0.015237;0.025891
2019-03-13;CNY_OIS_RUSFARCNY_3Y;0.012228;0.02318
2019-03-14;CNY_OIS_RUSFARCNY_3Y;0.014505;0.025523
2019-03-15;CNY_OIS_RUSFARCNY_3Y;0.017689;0.029239
2019-03-18;CNY_OIS_RUSFARCNY_3Y;0.018838;0.03011
2019-03-19;CNY_OIS_RUSFARCNY_3Y;0.01808;0.029068
2019-03-20;CNY_OIS_RUSFARCNY_3Y;0.018719;0.029389
2019-03-21;CNY_OIS_RUSFARCNY_3Y;0.01834;0.028708
2019-03-22;CNY_OIS_RUSFARCNY_3Y;0.018082;0.028146
2019-03-25;CNY_OIS_RUSFARCNY_3Y;0.017355;0.027173
2019-03-26;CNY_OIS_RUSFARCNY_3Y;0.017098;0.02663
2019-03-27;CNY_OIS_RUSFARCNY_3Y;0.014965;0.024583
2019-03-28;CNY_OIS_RUSFARCNY_3Y;0.012408;0.02224
2019-03-29;CNY_OIS_RUSFARCNY_3Y;0.01623;0.027318
2019-04-01;CNY_OIS_RUSFARCNY_3Y;0.01458;0.025548
2019-04-02;CNY_OIS_RUSFARCNY_3Y;0.010687;0.022261
2019-04-03;CNY_OIS_RUSFARCNY_3Y;0.007631;0.019457
2019-04-04;CNY_OIS_RUSFARCNY_3Y;0.005142;0.017026
2019-04-08;CNY_OIS_RUSFARCNY_3Y;0.005432;0.016956
2019-04-09;CNY_OIS_RUSFARCNY_3Y;0.008824;0.020944
2019-04-10;CNY_OIS_RUSFARCNY_3Y;0.013069;0.026319
2019-04-11;CNY_OIS_RUSFARCNY_3Y;0.017213;0.031315
2019-04-12;CNY_OIS_RUSFARCNY_3Y;0.016578;0.03029
2019-04-15;CNY_OIS_RUSFARCNY_3Y;0.018173;0.031595
2019-04-16;CNY_OIS_RUSFARCNY_3Y;0.019214;0.032274
2019-04-17;CNY_OIS_RUSFARCNY_3Y;0.020521;0.033267
2019-04-18;CNY_OIS_RUSFARCNY_3Y;0.018743;0.031325
2019-04-19;CNY_OIS_RUSFARCNY_3Y;0.017349;0.029699
2019-04-22;CNY_OIS_RUSFARCNY_3Y;0.016461;0.028507
2019-04-23;CNY_OIS_RUSFARCNY_3Y;0.019105;0.031283
2019-04-24;CNY_OIS_RUSFARCNY_3Y;0.018511;0.030357
2019-04-25;CNY_OIS_RUSFARCNY_3Y;0.019017;0.030511
2019-04-26;CNY_OIS_RUSFARCNY_3Y;0.016007;0.027741
2019-04-28;CNY_OIS_RUSFARCNY_3Y;0.011312;0.023916
2019-04-29;CNY_OIS_RUSFARCNY_3Y;0.007366;0.020462
2019-04-30;CNY_OIS_RUSFARCNY_3Y;0.010967;0.024581
2019-05-05;CNY_OIS_RUSFARCNY_3Y;0.007951;0.021677
2019-05-06;CNY_OIS_RUSFARCNY_3Y;0.006614;0.020054
2019-05-07;CNY_OIS_RUSFARCNY_3Y;0.004115;0.017533
2019-05-08;CNY_OIS_RUSFARCNY_3Y;0.001628;0.01502
2019-05-09;CNY_OIS_RUSFARCNY_3Y;0.005134;0.018954
2019-05-10;CNY_OIS_RUSFARCNY_3Y;0.008185;0.022163
2019-05-13;CNY_OIS_RUSFARCNY_3Y;0.011379;0.025569
2019-05-14;CNY_OIS_RUSFARCNY_3Y;0.013968;0.028106
2019-05-15;CNY_OIS_RUSFARCNY_3Y;0.015351;0.029145
2019-05-16;CNY_OIS_RUSFARCNY_3Y;0.012847;0.026601
2019-05-17;CNY_OIS_RUSFARCNY_3Y;0.011521;0.024987
2019-05-20;CNY_OIS_RUSFARCNY_3Y;0.015629;0.029889
2019-05-21;CNY_OIS_RUSFARCNY_3Y;0.017422;0.031406
2019-05-22;CNY_OIS_RUSFARCNY_3Y;0.016317;0.029971
2019-05-23;CNY_OIS_RUSFARCNY_3Y;0.01613;0.029378
2019-05-24;CNY_OIS_RUSFARCNY_3Y;0.01373;0.026938
2019-05-27;CNY_OIS_RUSFARCNY_3Y;0.016847;0.030301
2019-05-28;CNY_OIS_RUSFARCNY_3Y;0.017965;0.031063
2019-05-29;CNY_OIS_RUSFARCNY_3Y;0.015248;0.0284
2019-05-30;CNY_OIS_RUSFARCNY_3Y;0.01066;0.024508
2019-05-31;CNY_OIS_RUSFARCNY_3Y;0.012093;0.025615
2019-06-03;CNY_OIS_RUSFARCNY_3Y;0.010277;0.023611
2019-06-04;CNY_OIS_RUSFARCNY_3Y;0.007614;0.020974
2019-06-05;CNY_OIS_RUSFARCNY_3Y;0.006302;0.019386
2019-06-06;CNY_OIS_RUSFARCNY_3Y;0.005765;0.018483
2019-06-10;CNY_OIS_RUSFARCNY_3Y;0.008887;0.021901
2019-06-11;CNY_OIS_RUSFARCNY_3Y;0.011001;0.023887
2019-06-12;CNY_OIS_RUSFARCNY_3Y;0.010016;0.022592
2019-06-13;CNY_OIS_RUSFARCNY_3Y;0.010057;0.022251
2019-06-14;CNY_OIS_RUSFARCNY_3Y;0.008096;0.020192
2019-06-17;CNY_OIS_RUSFARCNY_3Y;0.009039;0.020809
2019-06-18;CNY_OIS_RUSFARCNY_3Y;0.007078;0.01877
2019-06-19;CNY_OIS_RUSFARCNY_3Y;0.005632;0.017136
2019-06-20;CNY_OIS_RUSFARCNY_3Y;0.003732;0.015156
2019-06-21;CNY_OIS_RUSFARCNY_3Y;0.002424;0.013644
2019-06-24;CNY_OIS_RUSFARCNY_3Y;0.001428;0.0124
2019-06-25;CNY_OIS_RUSFARCNY_3Y;0.001823;0.012465
2019-06-26;CNY_OIS_RUSFARCNY_3Y;0.001661;0.011987
2019-06-27;CNY_OIS_RUSFARCNY_3Y;0.00152;0.011538
2019-06-28;CNY_OIS_RUSFARCNY_3Y;0.005109;0.016129
2019-07-01;CNY_OIS_RUSFARCNY_3Y;0.001879;0.013249
2019-07-02;CNY_OIS_RUSFARCNY_3Y;0.000459;0.011649
2019-07-03;CNY_OIS_RUSFARCNY_3Y;0.000255;0.011113
2019-07-04;CNY_OIS_RUSFARCNY_3Y;8.6e-05;0.010622
2019-07-05;CNY_OIS_RUSFARCNY_3Y;0.002183;0.012745
2019-07-08;CNY_OIS_RUSFARCNY_3Y;0.005674;0.017054
2019-07-09;CNY_OIS_RUSFARCNY_3Y;0.008745;0.020543
2019-07-10;CNY_OIS_RUSFARCNY_3Y;0.009329;0.020779
2019-07-11;CNY_OIS_RUSFARCNY_3Y;0.011221;0.022567
2019-07-12;CNY_OIS_RUSFARCNY_3Y;0.013561;0.024967
2019-07-15;CNY_OIS_RUSFARCNY_3Y;0.017048;0.02913
2019-07-16;CNY_OIS_RUSFARCNY_3Y;0.018267;0.030061
2019-07-17;CNY_OIS_RUSFARCNY_3Y;0.018306;0.029742
2019-07-18;CNY_OIS_RUSFARCNY_3Y;0.019077;0.030191
2019-07-19;CNY_OIS_RUSFARCNY_3Y;0.019785;0.030583
2019-07-22;CNY_OIS_RUSFARCNY_3Y;0.018282;0.028942
2019-07-23;CNY_OIS_RUSFARCNY_3Y;0.017321;0.027747
2019-07-24;CNY_OIS_RUSFARCNY_3Y;0.016644;0.026804
2019-07-25;CNY_OIS_RUSFARCNY_3Y;0.018181;0.028207
2019-07-26;CNY_OIS_RUSFARCNY_3Y;0.018413;0.028135
2019-07-29;CNY_OIS_RUSFARCNY_3Y;0.018491;0.027917
2019-07-30;CNY_OIS_RUSFARCNY_3Y;0.018554;0.027694
2019-07-31;CNY_OIS_RUSFARCNY_3Y;0.018901;0.027767
2019-08-01;CNY_OIS_RUSFARCNY_3Y;0.018956;0.027552
2019-08-02;CNY_OIS_RUSFARCNY_3Y;0.019087;0.027421
2019-08-05;CNY_OIS_RUSFARCNY_3Y;0.018274;0.026434
2019-08-06;CNY_OIS_RUSFARCNY_3Y;0.015177;0.023871
2019-08-07;CNY_OIS_RUSFARCNY_3Y;0.014892;0.023336
2019-08-08;CNY_OIS_RUSFARCNY_3Y;0.017449;0.026379
2019-08-09;CNY_OIS_RUSFARCNY_3Y;0.018502;0.027246
2019-08-12;CNY_OIS_RUSFARCNY_3Y;0.01896;0.027448
2019-08-13;CNY_OIS_RUSFARCNY_3Y;0.019463;0.027705
2019-08-14;CNY_OIS_RUSFARCNY_3Y;0.019806;0.027802
2019-08-15;CNY_OIS_RUSFARCNY_3Y;0.019623;0.027385
2019-08-16;CNY_OIS_RUSFARCNY_3Y;0.019801;0.027327
2019-08-19;CNY_OIS_RUSFARCNY_3Y;0.019925;0.027223
2019-08-20;CNY_OIS_RUSFARCNY_3Y;0.019793;0.026875
2019-08-21;CNY_OIS_RUSFARCNY_3Y;0.019293;0.026199
2019-08-22;CNY_OIS_RUSFARCNY_3Y;0.018997;0.025711
2019-08-23;CNY_OIS_RUSFARCNY_3Y;0.019508;0.02604
2019-08-26;CNY_OIS_RUSFARCNY_3Y;0.02012;0.026488
2019-08-27;CNY_OIS_RUSFARCNY_3Y;0.020587;0.026781
2019-08-28;CNY_OIS_RUSFARCNY_3Y;0.01997;0.026038
2019-08-29;CNY_OIS_RUSFARCNY_3Y;0.018637;0.024751
2019-08-30;CNY_OIS_RUSFARCNY_3Y;0.01961;0.025658
2019-09-02;CNY_OIS_RUSFARCNY_3Y;0.019479;0.025349
2019-09-03;CNY_OIS_RUSFARCNY_3Y;0.019189;0.024899
2019-09-04;CNY_OIS_RUSFARCNY_3Y;0.018562;0.024166
2019-09-05;CNY_OIS_RUSFARCNY_3Y;0.019497;0.025051
2019-09-06;CNY_OIS_RUSFARCNY_3Y;0.020163;0.025605
2019-09-09;CNY_OIS_RUSFARCNY_3Y;0.020345;0.025623
2019-09-10;CNY_OIS_RUSFARCNY_3Y;0.019863;0.025025
2019-09-11;CNY_OIS_RUSFARCNY_3Y;0.018839;0.024009
2019-09-12;CNY_OIS_RUSFARCNY_3Y;0.018044;0.023164
2019-09-16;CNY_OIS_RUSFARCNY_3Y;0.017783;0.022765
2019-09-17;CNY_OIS_RUSFARCNY_3Y;0.019743;0.025385
2019-09-18;CNY_OIS_RUSFARCNY_3Y;0.020475;0.026013
2019-09-19;CNY_OIS_RUSFARCNY_3Y;0.021519;0.027049
2019-09-20;CNY_OIS_RUSFARCNY_3Y;0.021693;0.027055
2019-09-23;CNY_OIS_RUSFARCNY_3Y;0.021903;0.027105
2019-09-24;CNY_OIS_RUSFARCNY_3Y;0.017066;0.024142
2019-09-25;CNY_OIS_RUSFARCNY_3Y;0.013375;0.021373
2019-09-26;CNY_OIS_RUSFARCNY_3Y;0.008614;0.017954
2019-09-27;CNY_OIS_RUSFARCNY_3Y;0.005069;0.015019
2019-09-29;CNY_OIS_RUSFARCNY_3Y;0.004563;0.014245
2019-09-30;CNY_OIS_RUSFARCNY_3Y;0.013273;0.033255
2019-10-08;CNY_OIS_RUSFARCNY_3Y;0.013497;0.032871
2019-10-09;CNY_OIS_RUSFARCNY_3Y;0.00916;0.028708
2019-10-10;CNY_OIS_RUSFARCNY_3Y;0.007524;0.026624
2019-10-11;CNY_OIS_RUSFARCNY_3Y;0.006741;0.025307
2019-10-12;CNY_OIS_RUSFARCNY_3Y;0.009858;0.02827
2019-10-14;CNY_OIS_RUSFARCNY_3Y;0.01328;0.031648
2019-10-15;CNY_OIS_RUSFARCNY_3Y;0.01499;0.032898
2019-10-16;CNY_OIS_RUSFARCNY_3Y;0.015173;0.032535
2019-10-17;CNY_OIS_RUSFARCNY_3Y;0.014319;0.031209
2019-10-18;CNY_OIS_RUSFARCNY_3Y;0.014904;0.031284
2019-10-21;CNY_OIS_RUSFARCNY_3Y;0.015783;0.031685
2019-10-22;CNY_OIS_RUSFARCNY_3Y;0.017159;0.032649
2019-10-23;CNY_OIS_RUSFARCNY_3Y;0.015888;0.03102
2019-10-24;CNY_OIS_RUSFARCNY_3Y;0.01392;0.028828
2019-10-25;CNY_OIS_RUSFARCNY_3Y;0.014737;0.029211
2019-10-28;CNY_OIS_RUSFARCNY_3Y;0.014676;0.028712
2019-10-29;CNY_OIS_RUSFARCNY_3Y;0.013753;0.027435
2019-10-30;CNY_OIS_RUSFARCNY_3Y;0.013299;0.026589
2019-10-31;CNY_OIS_RUSFARCNY_3Y;0.016118;0.02951
2019-11-01;CNY_OIS_RUSFARCNY_3Y;0.013176;0.026672
2019-11-04;CNY_OIS_RUSFARCNY_3Y;0.010965;0.024363
2019-11-05;CNY_OIS_RUSFARCNY_3Y;0.009102;0.022326
2019-11-06;CNY_OIS_RUSFARCNY_3Y;0.008357;0.021231
2019-11-07;CNY_OIS_RUSFARCNY_3Y;0.009771;0.022357
2019-11-08;CNY_OIS_RUSFARCNY_3Y;0.009832;0.022036
2019-11-11;CNY_OIS_RUSFARCNY_3Y;0.011269;0.023219
2019-11-12;CNY_OIS_RUSFARCNY_3Y;0.014484;0.026864
2019-11-13;CNY_OIS_RUSFARCNY_3Y;0.016728;0.02906
2019-11-14;CNY_OIS_RUSFARCNY_3Y;0.01758;0.029568
2019-11-15;CNY_OIS_RUSFARCNY_3Y;0.01803;0.029658
2019-11-18;CNY_OIS_RUSFARCNY_3Y;0.018347;0.029621
2019-11-19;CNY_OIS_RUSFARCNY_3Y;0.014408;0.02628
2019-11-20;CNY_OIS_RUSFARCNY_3Y;0.009493;0.022315
2019-11-21;CNY_OIS_RUSFARCNY_3Y;0.00918;0.021628
2019-11-22;CNY_OIS_RUSFARCNY_3Y;0.010327;0.022461
2019-11-25;CNY_OIS_RUSFARCNY_3Y;0.013096;0.025412
2019-11-26;CNY_OIS_RUSFARCNY_3Y;0.014147;0.026141
2019-11-27;CNY_OIS_RUSFARCNY_3Y;0.013402;0.025086
2019-11-28;CNY_OIS_RUSFARCNY_3Y;0.011944;0.023444
2019-11-29;CNY_OIS_RUSFARCNY_3Y;0.014625;0.026323
2019-12-02;CNY_OIS_RUSFARCNY_3Y;0.01352;0.024968
2019-12-03;CNY_OIS_RUSFARCNY_3Y;0.012647;0.023821
2019-12-04;CNY_OIS_RUSFARCNY_3Y;0.011111;0.022137
2019-12-05;CNY_OIS_RUSFARCNY_3Y;0.010613;0.021335
2019-12-06;CNY_OIS_RUSFARCNY_3Y;0.012339;0.022949
2019-12-09;CNY_OIS_RUSFARCNY_3Y;0.014937;0.025791
2019-12-10;CNY_OIS_RUSFARCNY_3Y;0.01355;0.024238
2019-12-11;CNY_OIS_RUSFARCNY_3Y;0.01249;0.022958
2019-12-12;CNY_OIS_RUSFARCNY_3Y;0.012366;0.022522
2019-12-13;CNY_OIS_RUSFARCNY_3Y;0.013294;0.023194
2019-12-16;CNY_OIS_RUSFARCNY_3Y;0.01611;0.026458
2019-12-17;CNY_OIS_RUSFARCNY_3Y;0.016938;0.02701
2019-12-18;CNY_OIS_RUSFARCNY_3Y;0.01688;0.026648
2019-12-19;CNY_OIS_RUSFARCNY_3Y;0.012028;0.02295
2019-12-20;CNY_OIS_RUSFARCNY_3Y;0.009537;0.020571
2019-12-23;CNY_OIS_RUSFARCNY_3Y;0.006891;0.018077
2019-12-24;CNY_OIS_RUSFARCNY_3Y;0.001942;0.014166
2019-12-25;CNY_OIS_RUSFARCNY_3Y;0.000319;0.012369
2019-12-26;CNY_OIS_RUSFARCNY_3Y;-0.000479;0.011267
2019-12-27;CNY_OIS_RUSFARCNY_3Y;0.00179;0.013538
2019-12-30;CNY_OIS_RUSFARCNY_3Y;0.003164;0.014664
2019-12-31;CNY_OIS_RUSFARCNY_3Y;0.007453;0.020255
2020-01-02;CNY_OIS_RUSFARCNY_3Y;0.004943;0.017757
2020-01-03;CNY_OIS_RUSFARCNY_3Y;0.002069;0.014999
2020-01-06;CNY_OIS_RUSFARCNY_3Y;0.000595;0.013293
2020-01-07;CNY_OIS_RUSFARCNY_3Y;0.002762;0.015366
2020-01-08;CNY_OIS_RUSFARCNY_3Y;0.005966;0.018922
2020-01-09;CNY_OIS_RUSFARCNY_3Y;0.007474;0.020154
2020-01-10;CNY_OIS_RUSFARCNY_3Y;0.008467;0.020805
2020-01-13;CNY_OIS_RUSFARCNY_3Y;0.01125;0.023758
2020-01-14;CNY_OIS_RUSFARCNY_3Y;0.015364;0.028824
2020-01-15;CNY_OIS_RUSFARCNY_3Y;0.016872;0.030036
2020-01-16;CNY_OIS_RUSFARCNY_3Y;0.016616;0.029392
2020-01-17;CNY_OIS_RUSFARCNY_3Y;0.015916;0.028352
2020-01-19;CNY_OIS_RUSFARCNY_3Y;0.014975;0.027113
2020-01-20;CNY_OIS_RUSFARCNY_3Y;0.013417;0.025371
2020-01-21;CNY_OIS_RUSFARCNY_3Y;0.009526;0.022002
2020-01-22;CNY_OIS_RUSFARCNY_3Y;0.005807;0.018701
2020-01-23;CNY_OIS_RUSFARCNY_3Y;0.012833;0.029875
2020-02-03;CNY_OIS_RUSFARCNY_3Y;0.013683;0.030225
2020-02-04;CNY_OIS_RUSFARCNY_3Y;0.011492;0.027796
2020-02-05;CNY_OIS_RUSFARCNY_3Y;0.009395;0.025453
2020-02-06;CNY_OIS_RUSFARCNY_3Y;0.007181;0.023027
2020-02-07;CNY_OIS_RUSFARCNY_3Y;0.00716;0.022528
2020-02-10;CNY_OIS_RUSFARCNY_3Y;0.00593;0.020938
2020-02-11;CNY_OIS_RUSFARCNY_3Y;0.005216;0.019812
2020-02-12;CNY_OIS_RUSFARCNY_3Y;0.005044;0.019204
2020-02-13;CNY_OIS_RUSFARCNY_3Y;0.004461;0.018227
2020-02-14;CNY_OIS_RUSFARCNY_3Y;0.002696;0.016252
2020-02-17;CNY_OIS_RUSFARCNY_3Y;0.004505;0.017823
2020-02-18;CNY_OIS_RUSFARCNY_3Y;0.005469;0.018419
2020-02-19;CNY_OIS_RUSFARCNY_3Y;0.006847;0.019501
2020-02-20;CNY_OIS_RUSFARCNY_3Y;0.004648;0.01724
2020-02-21;CNY_OIS_RUSFARCNY_3Y;0.004352;0.016576
2020-02-24;CNY_OIS_RUSFARCNY_3Y;0.006211;0.018277
2020-02-25;CNY_OIS_RUSFARCNY_3Y;0.007068;0.0188
2020-02-26;CNY_OIS_RUSFARCNY_3Y;0.006179;0.017629
2020-02-27;CNY_OIS_RUSFARCNY_3Y;0.00475;0.016018
2020-02-28;CNY_OIS_RUSFARCNY_3Y;0.007446;0.018942
2020-03-02;CNY_OIS_RUSFARCNY_3Y;0.008455;0.019653
2020-03-03;CNY_OIS_RUSFARCNY_3Y;0.007674;0.018594
2020-03-04;CNY_OIS_RUSFARCNY_3Y;0.006143;0.016925
2020-03-05;CNY_OIS_RUSFARCNY_3Y;0.006187;0.016641
2020-03-06;CNY_OIS_RUSFARCNY_3Y;0.005435;0.015633
2020-03-09;CNY_OIS_RUSFARCNY_3Y;0.007646;0.017942
2020-03-10;CNY_OIS_RUSFARCNY_3Y;0.011374;0.022734
2020-03-11;CNY_OIS_RUSFARCNY_3Y;0.012547;0.023641
2020-03-12;CNY_OIS_RUSFARCNY_3Y;0.007449;0.019659
2020-03-13;CNY_OIS_RUSFARCNY_3Y;0.004925;0.017183
2020-03-16;CNY_OIS_RUSFARCNY_3Y;0.003169;0.015279
2020-03-17;CNY_OIS_RUSFARCNY_3Y;0.001798;0.01369
2020-03-18;CNY_OIS_RUSFARCNY_3Y;0.000729;0.012359
2020-03-19;CNY_OIS_RUSFARCNY_3Y;-0.000313;0.011061
2020-03-20;CNY_OIS_RUSFARCNY_3Y;-0.000659;0.010387
2020-03-23;CNY_OIS_RUSFARCNY_3Y;-0.0;0.010728
2020-03-24;CNY_OIS_RUSFARCNY_3Y;-0.000151;0.010259
2020-03-25;CNY_OIS_RUSFARCNY_3Y;0.000333;0.010435
2020-03-26;CNY_OIS_RUSFARCNY_3Y;0.000467;0.010261
2020-03-27;CNY_OIS_RUSFARCNY_3Y;0.002928;0.01298
2020-03-30;CNY_OIS_RUSFARCNY_3Y;0.005487;0.015821
2020-03-31;CNY_OIS_RUSFARCNY_3Y;0.007817;0.018291
2020-04-01;CNY_OIS_RUSFARCNY_3Y;0.005692;0.016196
2020-04-02;CNY_OIS_RUSFARCNY_3Y;0.00454;0.014848
2020-04-03;CNY_OIS_RUSFARCNY_3Y;0.001626;0.012222
2020-04-07;CNY_OIS_RUSFARCNY_3Y;-0.000311;0.010259
2020-04-08;CNY_OIS_RUSFARCNY_3Y;0.00069;0.010998
2020-04-09;CNY_OIS_RUSFARCNY_3Y;0.00341;0.014058
2020-04-10;CNY_OIS_RUSFARCNY_3Y;0.005134;0.015674
2020-04-13;CNY_OIS_RUSFARCNY_3Y;0.005581;0.015807
2020-04-14;CNY_OIS_RUSFARCNY_3Y;0.001327;0.012381
2020-04-15;CNY_OIS_RUSFARCNY_3Y;-0.000574;0.010422
2020-04-16;CNY_OIS_RUSFARCNY_3Y;-0.001433;0.009301
2020-04-17;CNY_OIS_RUSFARCNY_3Y;-0.001131;0.009279
2020-04-20;CNY_OIS_RUSFARCNY_3Y;0.0007;0.011048
2020-04-21;CNY_OIS_RUSFARCNY_3Y;0.000907;0.010941
2020-04-22;CNY_OIS_RUSFARCNY_3Y;0.00106;0.010788
2020-04-23;CNY_OIS_RUSFARCNY_3Y;0.001128;0.01056
2020-04-24;CNY_OIS_RUSFARCNY_3Y;0.00146;0.010608
2020-04-26;CNY_OIS_RUSFARCNY_3Y;0.001559;0.010429
2020-04-27;CNY_OIS_RUSFARCNY_3Y;0.001349;0.009959
2020-04-28;CNY_OIS_RUSFARCNY_3Y;0.00148;0.009828
2020-04-29;CNY_OIS_RUSFARCNY_3Y;-0.000744;0.007792
2020-04-30;CNY_OIS_RUSFARCNY_3Y;0.006957;0.024631
2020-05-06;CNY_OIS_RUSFARCNY_3Y;0.002797;0.020691
2020-05-07;CNY_OIS_RUSFARCNY_3Y;-0.000596;0.017284
2020-05-08;CNY_OIS_RUSFARCNY_3Y;-0.002472;0.01506
2020-05-09;CNY_OIS_RUSFARCNY_3Y;-0.003103;0.013931
2020-05-11;CNY_OIS_RUSFARCNY_3Y;-0.002585;0.013933
2020-05-12;CNY_OIS_RUSFARCNY_3Y;-0.003077;0.012965
2020-05-13;CNY_OIS_RUSFARCNY_3Y;-0.003838;0.011766
2020-05-14;CNY_OIS_RUSFARCNY_3Y;-0.003224;0.011912
2020-05-15;CNY_OIS_RUSFARCNY_3Y;-0.001824;0.012932
2020-05-18;CNY_OIS_RUSFARCNY_3Y;-0.001194;0.013122
2020-05-19;CNY_OIS_RUSFARCNY_3Y;0.003182;0.018346
2020-05-20;CNY_OIS_RUSFARCNY_3Y;0.001688;0.01654
2020-05-21;CNY_OIS_RUSFARCNY_3Y;0.000717;0.015191
2020-05-22;CNY_OIS_RUSFARCNY_3Y;0.000837;0.014871
2020-05-25;CNY_OIS_RUSFARCNY_3Y;0.004426;0.018862
2020-05-26;CNY_OIS_RUSFARCNY_3Y;0.008252;0.023176
2020-05-27;CNY_OIS_RUSFARCNY_3Y;0.01058;0.025328
2020-05-28;CNY_OIS_RUSFARCNY_3Y;0.010785;0.025083
2020-05-29;CNY_OIS_RUSFARCNY_3Y;0.010952;0.024816
2020-06-01;CNY_OIS_RUSFARCNY_3Y;0.005853;0.020555
2020-06-02;CNY_OIS_RUSFARCNY_3Y;0.004394;0.018794
2020-06-03;CNY_OIS_RUSFARCNY_3Y;0.008296;0.023232
2020-06-04;CNY_OIS_RUSFARCNY_3Y;0.009286;0.023802
2020-06-05;CNY_OIS_RUSFARCNY_3Y;0.005291;0.020177
2020-06-08;CNY_OIS_RUSFARCNY_3Y;0.008337;0.023291
2020-06-09;CNY_OIS_RUSFARCNY_3Y;0.007985;0.022503
2020-06-10;CNY_OIS_RUSFARCNY_3Y;0.008366;0.022442
2020-06-11;CNY_OIS_RUSFARCNY_3Y;0.007635;0.021333
2020-06-12;CNY_OIS_RUSFARCNY_3Y;0.005407;0.019001
2020-06-15;CNY_OIS_RUSFARCNY_3Y;0.005086;0.018282
2020-06-16;CNY_OIS_RUSFARCNY_3Y;0.007793;0.021055
2020-06-17;CNY_OIS_RUSFARCNY_3Y;0.010693;0.024095
2020-06-18;CNY_OIS_RUSFARCNY_3Y;0.01163;0.024658
2020-06-19;CNY_OIS_RUSFARCNY_3Y;0.011908;0.02454
2020-06-22;CNY_OIS_RUSFARCNY_3Y;0.012121;0.024367
2020-06-23;CNY_OIS_RUSFARCNY_3Y;0.010598;0.02265
2020-06-24;CNY_OIS_RUSFARCNY_3Y;0.00586;0.018768
2020-06-28;CNY_OIS_RUSFARCNY_3Y;0.001008;0.01474
2020-06-29;CNY_OIS_RUSFARCNY_3Y;0.000356;0.013712
2020-06-30;CNY_OIS_RUSFARCNY_3Y;0.006633;0.022895
2020-07-01;CNY_OIS_RUSFARCNY_3Y;0.008616;0.024552
2020-07-02;CNY_OIS_RUSFARCNY_3Y;0.00651;0.022218
2020-07-03;CNY_OIS_RUSFARCNY_3Y;0.002563;0.018545
2020-07-06;CNY_OIS_RUSFARCNY_3Y;0.002625;0.018123
2020-07-07;CNY_OIS_RUSFARCNY_3Y;0.00612;0.021828
2020-07-08;CNY_OIS_RUSFARCNY_3Y;0.0098;0.025788
2020-07-09;CNY_OIS_RUSFARCNY_3Y;0.011027;0.026581
2020-07-10;CNY_OIS_RUSFARCNY_3Y;0.011344;0.026424
2020-07-13;CNY_OIS_RUSFARCNY_3Y;0.010871;0.025517
2020-07-14;CNY_OIS_RUSFARCNY_3Y;0.005939;0.021289
2020-07-15;CNY_OIS_RUSFARCNY_3Y;0.009363;0.024905
2020-07-16;CNY_OIS_RUSFARCNY_3Y;0.01171;0.027048
2020-07-17;CNY_OIS_RUSFARCNY_3Y;0.012741;0.027647
2020-07-20;CNY_OIS_RUSFARCNY_3Y;0.008876;0.024082
2020-07-21;CNY_OIS_RUSFARCNY_3Y;0.005011;0.020497
2020-07-22;CNY_OIS_RUSFARCNY_3Y;0.002603;0.017945
2020-07-23;CNY_OIS_RUSFARCNY_3Y;0.007348;0.02364
2020-07-24;CNY_OIS_RUSFARCNY_3Y;0.007446;0.023242
2020-07-27;CNY_OIS_RUSFARCNY_3Y;0.009136;0.024572
2020-07-28;CNY_OIS_RUSFARCNY_3Y;0.006806;0.022082
2020-07-29;CNY_OIS_RUSFARCNY_3Y;0.003762;0.019066
2020-07-30;CNY_OIS_RUSFARCNY_3Y;0.003167;0.018041
2020-07-31;CNY_OIS_RUSFARCNY_3Y;0.007106;0.022482
2020-08-03;CNY_OIS_RUSFARCNY_3Y;0.005032;0.020196
2020-08-04;CNY_OIS_RUSFARCNY_3Y;0.008474;0.023854
2020-08-05;CNY_OIS_RUSFARCNY_3Y;0.00621;0.021418
2020-08-06;CNY_OIS_RUSFARCNY_3Y;0.006149;0.020899
2020-08-07;CNY_OIS_RUSFARCNY_3Y;0.009903;0.025065
2020-08-10;CNY_OIS_RUSFARCNY_3Y;0.010839;0.025569
2020-08-11;CNY_OIS_RUSFARCNY_3Y;0.011769;0.026079
2020-08-12;CNY_OIS_RUSFARCNY_3Y;0.01149;0.025378
2020-08-13;CNY_OIS_RUSFARCNY_3Y;0.011801;0.025267
2020-08-14;CNY_OIS_RUSFARCNY_3Y;0.012136;0.025192
2020-08-17;CNY_OIS_RUSFARCNY_3Y;0.011858;0.02453
2020-08-18;CNY_OIS_RUSFARCNY_3Y;0.01192;0.024208
2020-08-19;CNY_OIS_RUSFARCNY_3Y;0.012433;0.024355
2020-08-20;CNY_OIS_RUSFARCNY_3Y;0.012853;0.024415
2020-08-21;CNY_OIS_RUSFARCNY_3Y;0.013863;0.025125
2020-08-24;CNY_OIS_RUSFARCNY_3Y;0.015011;0.026007
2020-08-25;CNY_OIS_RUSFARCNY_3Y;0.010723;0.022485
2020-08-26;CNY_OIS_RUSFARCNY_3Y;0.007117;0.019311
2020-08-27;CNY_OIS_RUSFARCNY_3Y;0.005693;0.017675
2020-08-28;CNY_OIS_RUSFARCNY_3Y;0.004495;0.016233
2020-08-31;CNY_OIS_RUSFARCNY_3Y;0.008285;0.020863
2020-09-01;CNY_OIS_RUSFARCNY_3Y;0.011488;0.02442
2020-09-02;CNY_OIS_RUSFARCNY_3Y;0.011585;0.024123
2020-09-03;CNY_OIS_RUSFARCNY_3Y;0.007856;0.020812
2020-09-04;CNY_OIS_RUSFARCNY_3Y;0.010851;0.024017
2020-09-07;CNY_OIS_RUSFARCNY_3Y;0.011407;0.024181
2020-09-08;CNY_OIS_RUSFARCNY_3Y;0.011228;0.02362
2020-09-09;CNY_OIS_RUSFARCNY_3Y;0.006345;0.019623
2020-09-10;CNY_OIS_RUSFARCNY_3Y;0.003657;0.016971
2020-09-11;CNY_OIS_RUSFARCNY_3Y;0.005052;0.018056
2020-09-14;CNY_OIS_RUSFARCNY_3Y;0.006614;0.019354
2020-09-15;CNY_OIS_RUSFARCNY_3Y;0.007998;0.02045
2020-09-16;CNY_OIS_RUSFARCNY_3Y;0.004569;0.017339
2020-09-17;CNY_OIS_RUSFARCNY_3Y;0.007992;0.021216
2020-09-18;CNY_OIS_RUSFARCNY_3Y;0.011174;0.024674
2020-09-21;CNY_OIS_RUSFARCNY_3Y;0.012377;0.025531
2020-09-22;CNY_OIS_RUSFARCNY_3Y;0.013376;0.026172
2020-09-23;CNY_OIS_RUSFARCNY_3Y;0.009044;0.022464
2020-09-24;CNY_OIS_RUSFARCNY_3Y;0.00402;0.018288
2020-09-25;CNY_OIS_RUSFARCNY_3Y;0.00085;0.015238
2020-09-27;CNY_OIS_RUSFARCNY_3Y;-0.003724;0.011252
2020-09-28;CNY_OIS_RUSFARCNY_3Y;-0.004345;0.010213
2020-09-29;CNY_OIS_RUSFARCNY_3Y;-0.001285;0.013373
2020-09-30;CNY_OIS_RUSFARCNY_3Y;0.008887;0.032161
2020-10-09;CNY_OIS_RUSFARCNY_3Y;0.005826;0.028762
2020-10-10;CNY_OIS_RUSFARCNY_3Y;0.001773;0.024615
2020-10-12;CNY_OIS_RUSFARCNY_3Y;0.001124;0.023304
2020-10-13;CNY_OIS_RUSFARCNY_3Y;0.003107;0.024721
2020-10-14;CNY_OIS_RUSFARCNY_3Y;0.005925;0.027143
2020-10-15;CNY_OIS_RUSFARCNY_3Y;0.007238;0.02785
2020-10-16;CNY_OIS_RUSFARCNY_3Y;0.007087;0.027081
2020-10-19;CNY_OIS_RUSFARCNY_3Y;0.009032;0.028536
2020-10-20;CNY_OIS_RUSFARCNY_3Y;0.009078;0.02799
2020-10-21;CNY_OIS_RUSFARCNY_3Y;0.007559;0.026029
2020-10-22;CNY_OIS_RUSFARCNY_3Y;0.007057;0.024991
2020-10-23;CNY_OIS_RUSFARCNY_3Y;0.009686;0.027362
2020-10-26;CNY_OIS_RUSFARCNY_3Y;0.010144;0.027284
2020-10-27;CNY_OIS_RUSFARCNY_3Y;0.012308;0.02912
2020-10-28;CNY_OIS_RUSFARCNY_3Y;0.012554;0.028854
2020-10-29;CNY_OIS_RUSFARCNY_3Y;0.010099;0.026229
2020-10-30;CNY_OIS_RUSFARCNY_3Y;0.011423;0.027125
2020-11-02;CNY_OIS_RUSFARCNY_3Y;0.012502;0.027766
2020-11-03;CNY_OIS_RUSFARCNY_3Y;0.007651;0.023537
2020-11-04;CNY_OIS_RUSFARCNY_3Y;0.003254;0.019554
2020-11-05;CNY_OIS_RUSFARCNY_3Y;0.002769;0.018599
2020-11-06;CNY_OIS_RUSFARCNY_3Y;0.006703;0.022925
2020-11-09;CNY_OIS_RUSFARCNY_3Y;0.010572;0.027116
2020-11-10;CNY_OIS_RUSFARCNY_3Y;0.012175;0.028313
2020-11-11;CNY_OIS_RUSFARCNY_3Y;0.01223;0.027878
2020-11-12;CNY_OIS_RUSFARCNY_3Y;0.014425;0.029823
2020-11-13;CNY_OIS_RUSFARCNY_3Y;0.014679;0.029609
2020-11-16;CNY_OIS_RUSFARCNY_3Y;0.011994;0.026874
2020-11-17;CNY_OIS_RUSFARCNY_3Y;0.007123;0.022665
2020-11-18;CNY_OIS_RUSFARCNY_3Y;0.006564;0.021664
2020-11-19;CNY_OIS_RUSFARCNY_3Y;0.008666;0.023522
2020-11-20;CNY_OIS_RUSFARCNY_3Y;0.009298;0.02371
2020-11-23;CNY_OIS_RUSFARCNY_3Y;0.008276;0.022332
2020-11-24;CNY_OIS_RUSFARCNY_3Y;0.008379;0.022009
2020-11-25;CNY_OIS_RUSFARCNY_3Y;0.005898;0.01949
2020-11-26;CNY_OIS_RUSFARCNY_3Y;0.003068;0.01672
2020-11-27;CNY_OIS_RUSFARCNY_3Y;-0.001967;0.012515
2020-11-30;CNY_OIS_RUSFARCNY_3Y;0.000822;0.015306
2020-12-01;CNY_OIS_RUSFARCNY_3Y;-0.002814;0.011922
2020-12-02;CNY_OIS_RUSFARCNY_3Y;-0.002811;0.011479
2020-12-03;CNY_OIS_RUSFARCNY_3Y;-0.001077;0.012925
2020-12-04;CNY_OIS_RUSFARCNY_3Y;0.000885;0.014663
2020-12-07;CNY_OIS_RUSFARCNY_3Y;0.003661;0.017487
2020-12-08;CNY_OIS_RUSFARCNY_3Y;0.00322;0.016648
2020-12-09;CNY_OIS_RUSFARCNY_3Y;0.000882;0.014246
2020-12-10;CNY_OIS_RUSFARCNY_3Y;0.000202;0.013206
2020-12-11;CNY_OIS_RUSFARCNY_3Y;0.004295;0.018153
2020-12-14;CNY_OIS_RUSFARCNY_3Y;0.006998;0.02087
2020-12-15;CNY_OIS_RUSFARCNY_3Y;0.003956;0.017932
2020-12-16;CNY_OIS_RUSFARCNY_3Y;-0.000651;0.013959
2020-12-17;CNY_OIS_RUSFARCNY_3Y;0.002986;0.017962
2020-12-18;CNY_OIS_RUSFARCNY_3Y;0.006518;0.02177
2020-12-21;CNY_OIS_RUSFARCNY_3Y;0.004262;0.019346
2020-12-22;CNY_OIS_RUSFARCNY_3Y;-0.000846;0.014974
2020-12-23;CNY_OIS_RUSFARCNY_3Y;-0.004921;0.011209
2020-12-24;CNY_OIS_RUSFARCNY_3Y;-0.004816;0.010824
2020-12-25;CNY_OIS_RUSFARCNY_3Y;-0.002827;0.012515
2020-12-28;CNY_OIS_RUSFARCNY_3Y;-0.003833;0.011121
2020-12-29;CNY_OIS_RUSFARCNY_3Y;-0.004102;0.01041
2020-12-30;CNY_OIS_RUSFARCNY_3Y;-0.003682;0.01039
2020-12-31;CNY_OIS_RUSFARCNY_3Y;0.000448;0.01524
2021-01-04;CNY_OIS_RUSFARCNY_3Y;-0.001372;0.01318
2021-01-05;CNY_OIS_RUSFARCNY_3Y;-0.002933;0.011341
2021-01-06;CNY_OIS_RUSFARCNY_3Y;-0.003883;0.010031
2021-01-07;CNY_OIS_RUSFARCNY_3Y;-0.000895;0.013143
2021-01-08;CNY_OIS_RUSFARCNY_3Y;-0.000246;0.013374
2021-01-11;CNY_OIS_RUSFARCNY_3Y;0.002281;0.015867
2021-01-12;CNY_OIS_RUSFARCNY_3Y;0.003616;0.016872
2021-01-13;CNY_OIS_RUSFARCNY_3Y;0.004483;0.017365
2021-01-14;CNY_OIS_RUSFARCNY_3Y;0.00718;0.020148
2021-01-15;CNY_OIS_RUSFARCNY_3Y;0.007995;0.020593
2021-01-18;CNY_OIS_RUSFARCNY_3Y;0.011579;0.024749
2021-01-19;CNY_OIS_RUSFARCNY_3Y;0.012851;0.025697
2021-01-20;CNY_OIS_RUSFARCNY_3Y;0.015099;0.027869
2021-01-21;CNY_OIS_RUSFARCNY_3Y;0.01641;0.028878
2021-01-22;CNY_OIS_RUSFARCNY_3Y;0.015167;0.027381
2021-01-25;CNY_OIS_RUSFARCNY_3Y;0.015493;0.027335
2021-01-26;CNY_OIS_RUSFARCNY_3Y;0.018171;0.030177
2021-01-27;CNY_OIS_RUSFARCNY_3Y;0.02059;0.032638
2021-01-28;CNY_OIS_RUSFARCNY_3Y;0.021303;0.033005
2021-01-29;CNY_OIS_RUSFARCNY_3Y;0.023829;0.035639
2021-02-01;CNY_OIS_RUSFARCNY_3Y;0.018354;0.031374
2021-02-02;CNY_OIS_RUSFARCNY_3Y;0.013026;0.027062
2021-02-03;CNY_OIS_RUSFARCNY_3Y;0.008112;0.022896
2021-02-04;CNY_OIS_RUSFARCNY_3Y;0.010366;0.024962
2021-02-05;CNY_OIS_RUSFARCNY_3Y;0.00885;0.023158
2021-02-07;CNY_OIS_RUSFARCNY_3Y;0.005386;0.019902
2021-02-08;CNY_OIS_RUSFARCNY_3Y;0.008625;0.023323
2021-02-09;CNY_OIS_RUSFARCNY_3Y;0.007458;0.02181
2021-02-10;CNY_OIS_RUSFARCNY_3Y;0.009139;0.023189
2021-02-18;CNY_OIS_RUSFARCNY_3Y;0.013016;0.027632
2021-02-19;CNY_OIS_RUSFARCNY_3Y;0.00812;0.023428
2021-02-20;CNY_OIS_RUSFARCNY_3Y;0.003577;0.019391
2021-02-22;CNY_OIS_RUSFARCNY_3Y;0.00436;0.019708
2021-02-23;CNY_OIS_RUSFARCNY_3Y;0.00873;0.024778
2021-02-24;CNY_OIS_RUSFARCNY_3Y;0.003695;0.020373
2021-02-25;CNY_OIS_RUSFARCNY_3Y;0.005768;0.02212
2021-02-26;CNY_OIS_RUSFARCNY_3Y;0.00953;0.026138
2021-03-01;CNY_OIS_RUSFARCNY_3Y;0.010393;0.026515
2021-03-02;CNY_OIS_RUSFARCNY_3Y;0.006485;0.022843
2021-03-03;CNY_OIS_RUSFARCNY_3Y;0.003461;0.019787
2021-03-04;CNY_OIS_RUSFARCNY_3Y;0.007747;0.024601
2021-03-05;CNY_OIS_RUSFARCNY_3Y;0.004077;0.021051
2021-03-08;CNY_OIS_RUSFARCNY_3Y;0.005678;0.02223
2021-03-09;CNY_OIS_RUSFARCNY_3Y;0.008876;0.025432
2021-03-10;CNY_OIS_RUSFARCNY_3Y;0.006167;0.022601
2021-03-11;CNY_OIS_RUSFARCNY_3Y;0.006901;0.022847
2021-03-12;CNY_OIS_RUSFARCNY_3Y;0.007053;0.022515
2021-03-15;CNY_OIS_RUSFARCNY_3Y;0.011322;0.027406
2021-03-16;CNY_OIS_RUSFARCNY_3Y;0.010489;0.026139
2021-03-17;CNY_OIS_RUSFARCNY_3Y;0.008928;0.02426
2021-03-18;CNY_OIS_RUSFARCNY_3Y;0.011389;0.026559
2021-03-19;CNY_OIS_RUSFARCNY_3Y;0.010896;0.025632
2021-03-22;CNY_OIS_RUSFARCNY_3Y;0.010271;0.024597
2021-03-23;CNY_OIS_RUSFARCNY_3Y;0.009713;0.023635
2021-03-24;CNY_OIS_RUSFARCNY_3Y;0.008314;0.021954
2021-03-25;CNY_OIS_RUSFARCNY_3Y;0.010462;0.023946
2021-03-26;CNY_OIS_RUSFARCNY_3Y;0.00778;0.021288
2021-03-29;CNY_OIS_RUSFARCNY_3Y;0.008497;0.021611
2021-03-30;CNY_OIS_RUSFARCNY_3Y;0.008807;0.021521
2021-03-31;CNY_OIS_RUSFARCNY_3Y;0.011703;0.024605
2021-04-01;CNY_OIS_RUSFARCNY_3Y;0.012089;0.024599
2021-04-02;CNY_OIS_RUSFARCNY_3Y;0.007654;0.020854
2021-04-06;CNY_OIS_RUSFARCNY_3Y;0.008162;0.020966
2021-04-07;CNY_OIS_RUSFARCNY_3Y;0.008936;0.021372
2021-04-08;CNY_OIS_RUSFARCNY_3Y;0.008472;0.020556
2021-04-09;CNY_OIS_RUSFARCNY_3Y;0.008894;0.020614
2021-04-12;CNY_OIS_RUSFARCNY_3Y;0.009152;0.020516
2021-04-13;CNY_OIS_RUSFARCNY_3Y;0.009215;0.020233
2021-04-14;CNY_OIS_RUSFARCNY_3Y;0.009669;0.020359
2021-04-15;CNY_OIS_RUSFARCNY_3Y;0.009832;0.020196
2021-04-16;CNY_OIS_RUSFARCNY_3Y;0.011276;0.021472
2021-04-19;CNY_OIS_RUSFARCNY_3Y;0.013032;0.023156
2021-04-20;CNY_OIS_RUSFARCNY_3Y;0.010266;0.020642
2021-04-21;CNY_OIS_RUSFARCNY_3Y;0.010524;0.020584
2021-04-22;CNY_OIS_RUSFARCNY_3Y;0.013028;0.02334
2021-04-23;CNY_OIS_RUSFARCNY_3Y;0.011198;0.02147
2021-04-25;CNY_OIS_RUSFARCNY_3Y;0.012091;0.022097
2021-04-26;CNY_OIS_RUSFARCNY_3Y;0.0128;0.022528
2021-04-27;CNY_OIS_RUSFARCNY_3Y;0.010054;0.020054
2021-04-28;CNY_OIS_RUSFARCNY_3Y;0.009862;0.019566
2021-04-29;CNY_OIS_RUSFARCNY_3Y;0.010432;0.019856
2021-04-30;CNY_OIS_RUSFARCNY_3Y;0.014331;0.025197
2021-05-06;CNY_OIS_RUSFARCNY_3Y;0.012482;0.023286
2021-05-07;CNY_OIS_RUSFARCNY_3Y;0.009089;0.020319
2021-05-08;CNY_OIS_RUSFARCNY_3Y;0.006116;0.017592
2021-05-10;CNY_OIS_RUSFARCNY_3Y;0.007878;0.01921
2021-05-11;CNY_OIS_RUSFARCNY_3Y;0.010529;0.022059
2021-05-12;CNY_OIS_RUSFARCNY_3Y;0.010834;0.022014
2021-05-13;CNY_OIS_RUSFARCNY_3Y;0.011153;0.021995
2021-05-14;CNY_OIS_RUSFARCNY_3Y;0.009609;0.020319
2021-05-17;CNY_OIS_RUSFARCNY_3Y;0.012671;0.023877
2021-05-18;CNY_OIS_RUSFARCNY_3Y;0.012671;0.023537
2021-05-19;CNY_OIS_RUSFARCNY_3Y;0.011863;0.022465
2021-05-20;CNY_OIS_RUSFARCNY_3Y;0.012676;0.022992
2021-05-21;CNY_OIS_RUSFARCNY_3Y;0.011836;0.021912
2021-05-24;CNY_OIS_RUSFARCNY_3Y;0.013614;0.023634
2021-05-25;CNY_OIS_RUSFARCNY_3Y;0.013995;0.023713
2021-05-26;CNY_OIS_RUSFARCNY_3Y;0.011927;0.021701
2021-05-27;CNY_OIS_RUSFARCNY_3Y;0.013278;0.02289
2021-05-28;CNY_OIS_RUSFARCNY_3Y;0.013904;0.023244
2021-05-31;CNY_OIS_RUSFARCNY_3Y;0.014639;0.023729
2021-06-01;CNY_OIS_RUSFARCNY_3Y;0.01437;0.023198
2021-06-02;CNY_OIS_RUSFARCNY_3Y;0.012934;0.021694
2021-06-03;CNY_OIS_RUSFARCNY_3Y;0.011022;0.019846
2021-06-04;CNY_OIS_RUSFARCNY_3Y;0.013918;0.02341
2021-06-07;CNY_OIS_RUSFARCNY_3Y;0.015236;0.024572
2021-06-08;CNY_OIS_RUSFARCNY_3Y;0.014268;0.02342
2021-06-09;CNY_OIS_RUSFARCNY_3Y;0.014357;0.023231
2021-06-10;CNY_OIS_RUSFARCNY_3Y;0.011138;0.02053
2021-06-11;CNY_OIS_RUSFARCNY_3Y;0.012291;0.021497
2021-06-15;CNY_OIS_RUSFARCNY_3Y;0.013441;0.022467
2021-06-16;CNY_OIS_RUSFARCNY_3Y;0.012554;0.021394
2021-06-17;CNY_OIS_RUSFARCNY_3Y;0.01131;0.020038
2021-06-18;CNY_OIS_RUSFARCNY_3Y;0.012732;0.021376
2021-06-21;CNY_OIS_RUSFARCNY_3Y;0.014939;0.023829
2021-06-22;CNY_OIS_RUSFARCNY_3Y;0.015601;0.024247
2021-06-23;CNY_OIS_RUSFARCNY_3Y;0.014761;0.023227
2021-06-24;CNY_OIS_RUSFARCNY_3Y;0.010759;0.020129
2021-06-25;CNY_OIS_RUSFARCNY_3Y;0.00748;0.017348
2021-06-28;CNY_OIS_RUSFARCNY_3Y;0.00771;0.017278
2021-06-29;CNY_OIS_RUSFARCNY_3Y;0.009986;0.019742
2021-06-30;CNY_OIS_RUSFARCNY_3Y;0.013367;0.024001
2021-07-01;CNY_OIS_RUSFARCNY_3Y;0.008378;0.02013
2021-07-02;CNY_OIS_RUSFARCNY_3Y;0.007306;0.018802
2021-07-05;CNY_OIS_RUSFARCNY_3Y;0.007982;0.019146
2021-07-06;CNY_OIS_RUSFARCNY_3Y;0.010365;0.021623
2021-07-07;CNY_OIS_RUSFARCNY_3Y;0.012043;0.023145
2021-07-08;CNY_OIS_RUSFARCNY_3Y;0.00916;0.020488
2021-07-09;CNY_OIS_RUSFARCNY_3Y;0.012881;0.025067
2021-07-12;CNY_OIS_RUSFARCNY_3Y;0.010169;0.022459
2021-07-13;CNY_OIS_RUSFARCNY_3Y;0.011415;0.023413
2021-07-14;CNY_OIS_RUSFARCNY_3Y;0.010923;0.022585
2021-07-15;CNY_OIS_RUSFARCNY_3Y;0.012194;0.023594
2021-07-16;CNY_OIS_RUSFARCNY_3Y;0.012536;0.023592
2021-07-19;CNY_OIS_RUSFARCNY_3Y;0.012665;0.023383
2021-07-20;CNY_OIS_RUSFARCNY_3Y;0.013481;0.023907
2021-07-21;CNY_OIS_RUSFARCNY_3Y;0.013679;0.023789
2021-07-22;CNY_OIS_RUSFARCNY_3Y;0.013134;0.022974
2021-07-23;CNY_OIS_RUSFARCNY_3Y;0.0127;0.022268
2021-07-26;CNY_OIS_RUSFARCNY_3Y;0.013449;0.022759
2021-07-27;CNY_OIS_RUSFARCNY_3Y;0.015;0.024228
2021-07-28;CNY_OIS_RUSFARCNY_3Y;0.013219;0.022449
2021-07-29;CNY_OIS_RUSFARCNY_3Y;0.008049;0.018659
2021-07-30;CNY_OIS_RUSFARCNY_3Y;0.012529;0.024859
2021-08-02;CNY_OIS_RUSFARCNY_3Y;0.009395;0.021953
2021-08-03;CNY_OIS_RUSFARCNY_3Y;0.009181;0.021367
2021-08-04;CNY_OIS_RUSFARCNY_3Y;0.008053;0.019975
2021-08-05;CNY_OIS_RUSFARCNY_3Y;0.008224;0.019784
2021-08-06;CNY_OIS_RUSFARCNY_3Y;0.00982;0.021188
2021-08-09;CNY_OIS_RUSFARCNY_3Y;0.013083;0.024985
2021-08-10;CNY_OIS_RUSFARCNY_3Y;0.013639;0.025189
2021-08-11;CNY_OIS_RUSFARCNY_3Y;0.011466;0.023002
2021-08-12;CNY_OIS_RUSFARCNY_3Y;0.010691;0.021937
2021-08-13;CNY_OIS_RUSFARCNY_3Y;0.013019;0.024329
2021-08-16;CNY_OIS_RUSFARCNY_3Y;0.012463;0.023465
2021-08-17;CNY_OIS_RUSFARCNY_3Y;0.011233;0.022035
2021-08-18;CNY_OIS_RUSFARCNY_3Y;0.008697;0.019631
2021-08-19;CNY_OIS_RUSFARCNY_3Y;0.009973;0.020675
2021-08-20;CNY_OIS_RUSFARCNY_3Y;0.01199;0.022678
2021-08-23;CNY_OIS_RUSFARCNY_3Y;0.013123;0.023565
2021-08-24;CNY_OIS_RUSFARCNY_3Y;0.014416;0.024652
2021-08-25;CNY_OIS_RUSFARCNY_3Y;0.014051;0.023997
2021-08-26;CNY_OIS_RUSFARCNY_3Y;0.014082;0.023726
2021-08-27;CNY_OIS_RUSFARCNY_3Y;0.01311;0.022558
2021-08-30;CNY_OIS_RUSFARCNY_3Y;0.010533;0.020215
2021-08-31;CNY_OIS_RUSFARCNY_3Y;0.013672;0.024056
2021-09-01;CNY_OIS_RUSFARCNY_3Y;0.013079;0.023189
2021-09-02;CNY_OIS_RUSFARCNY_3Y;0.012826;0.022642
2021-09-03;CNY_OIS_RUSFARCNY_3Y;0.011504;0.021184
2021-09-06;CNY_OIS_RUSFARCNY_3Y;0.013246;0.022882
2021-09-07;CNY_OIS_RUSFARCNY_3Y;0.01409;0.023478
2021-09-08;CNY_OIS_RUSFARCNY_3Y;0.014203;0.023305
2021-09-09;CNY_OIS_RUSFARCNY_3Y;0.012683;0.021725
2021-09-10;CNY_OIS_RUSFARCNY_3Y;0.013591;0.022417
2021-09-13;CNY_OIS_RUSFARCNY_3Y;0.014271;0.022857
2021-09-14;CNY_OIS_RUSFARCNY_3Y;0.015629;0.024119
2021-09-15;CNY_OIS_RUSFARCNY_3Y;0.014045;0.022523
2021-09-16;CNY_OIS_RUSFARCNY_3Y;0.014878;0.02315
2021-09-17;CNY_OIS_RUSFARCNY_3Y;0.015034;0.023054
2021-09-18;CNY_OIS_RUSFARCNY_3Y;0.014038;0.02193
2021-09-22;CNY_OIS_RUSFARCNY_3Y;0.014683;0.022365
2021-09-23;CNY_OIS_RUSFARCNY_3Y;0.013455;0.021073
2021-09-24;CNY_OIS_RUSFARCNY_3Y;0.009584;0.018144
2021-09-26;CNY_OIS_RUSFARCNY_3Y;0.009674;0.017974
2021-09-27;CNY_OIS_RUSFARCNY_3Y;0.009969;0.018019
2021-09-28;CNY_OIS_RUSFARCNY_3Y;0.012188;0.02056
2021-09-29;CNY_OIS_RUSFARCNY_3Y;0.00703;0.016898
2021-09-30;CNY_OIS_RUSFARCNY_3Y;0.012512;0.025716
2021-10-08;CNY_OIS_RUSFARCNY_3Y;0.011521;0.024407
2021-10-09;CNY_OIS_RUSFARCNY_3Y;0.006338;0.02019
2021-10-11;CNY_OIS_RUSFARCNY_3Y;0.010833;0.025695
2021-10-12;CNY_OIS_RUSFARCNY_3Y;0.010716;0.025132
2021-10-13;CNY_OIS_RUSFARCNY_3Y;0.011487;0.025481
2021-10-14;CNY_OIS_RUSFARCNY_3Y;0.011182;0.024766
2021-10-15;CNY_OIS_RUSFARCNY_3Y;0.010974;0.024154
2021-10-18;CNY_OIS_RUSFARCNY_3Y;0.011821;0.024627
2021-10-19;CNY_OIS_RUSFARCNY_3Y;0.012909;0.025379
2021-10-20;CNY_OIS_RUSFARCNY_3Y;0.011861;0.024047
2021-10-21;CNY_OIS_RUSFARCNY_3Y;0.007258;0.02023
2021-10-22;CNY_OIS_RUSFARCNY_3Y;0.007345;0.019923
2021-10-25;CNY_OIS_RUSFARCNY_3Y;0.006904;0.019124
2021-10-26;CNY_OIS_RUSFARCNY_3Y;0.006436;0.018312
2021-10-27;CNY_OIS_RUSFARCNY_3Y;0.009892;0.022356
2021-10-28;CNY_OIS_RUSFARCNY_3Y;0.01027;0.022358
2021-10-29;CNY_OIS_RUSFARCNY_3Y;0.012335;0.024333
2021-11-01;CNY_OIS_RUSFARCNY_3Y;0.011354;0.023074
2021-11-02;CNY_OIS_RUSFARCNY_3Y;0.01246;0.023888
2021-11-03;CNY_OIS_RUSFARCNY_3Y;0.011316;0.022512
2021-11-04;CNY_OIS_RUSFARCNY_3Y;0.010299;0.021249
2021-11-05;CNY_OIS_RUSFARCNY_3Y;0.010476;0.021092
2021-11-08;CNY_OIS_RUSFARCNY_3Y;0.010737;0.021031
2021-11-09;CNY_OIS_RUSFARCNY_3Y;0.013065;0.023503
2021-11-10;CNY_OIS_RUSFARCNY_3Y;0.009827;0.020661
2021-11-11;CNY_OIS_RUSFARCNY_3Y;0.010463;0.020985
2021-11-12;CNY_OIS_RUSFARCNY_3Y;0.010371;0.020577
2021-11-15;CNY_OIS_RUSFARCNY_3Y;0.009817;0.019751
2021-11-16;CNY_OIS_RUSFARCNY_3Y;0.011251;0.021037
2021-11-17;CNY_OIS_RUSFARCNY_3Y;0.013471;0.023397
2021-11-18;CNY_OIS_RUSFARCNY_3Y;0.011223;0.021245
2021-11-19;CNY_OIS_RUSFARCNY_3Y;0.012017;0.021771
2021-11-22;CNY_OIS_RUSFARCNY_3Y;0.011634;0.021114
2021-11-23;CNY_OIS_RUSFARCNY_3Y;0.013867;0.023521
2021-11-24;CNY_OIS_RUSFARCNY_3Y;0.009497;0.020091
2021-11-25;CNY_OIS_RUSFARCNY_3Y;0.010004;0.020284
2021-11-26;CNY_OIS_RUSFARCNY_3Y;0.009;0.019068
2021-11-29;CNY_OIS_RUSFARCNY_3Y;0.010544;0.020484
2021-11-30;CNY_OIS_RUSFARCNY_3Y;0.01343;0.023858
2021-12-01;CNY_OIS_RUSFARCNY_3Y;0.011932;0.022236
2021-12-02;CNY_OIS_RUSFARCNY_3Y;0.011754;0.021754
2021-12-03;CNY_OIS_RUSFARCNY_3Y;0.011176;0.020912
2021-12-06;CNY_OIS_RUSFARCNY_3Y;0.010325;0.019843
2021-12-07;CNY_OIS_RUSFARCNY_3Y;0.013188;0.02324
2021-12-08;CNY_OIS_RUSFARCNY_3Y;0.013549;0.023299
2021-12-09;CNY_OIS_RUSFARCNY_3Y;0.013728;0.02318
2021-12-10;CNY_OIS_RUSFARCNY_3Y;0.009897;0.020071
2021-12-13;CNY_OIS_RUSFARCNY_3Y;0.012703;0.023285
2021-12-14;CNY_OIS_RUSFARCNY_3Y;0.01345;0.023738
2021-12-15;CNY_OIS_RUSFARCNY_3Y;0.013293;0.023275
2021-12-16;CNY_OIS_RUSFARCNY_3Y;0.013233;0.022915
2021-12-17;CNY_OIS_RUSFARCNY_3Y;0.01057;0.020498
2021-12-20;CNY_OIS_RUSFARCNY_3Y;0.011969;0.021739
2021-12-21;CNY_OIS_RUSFARCNY_3Y;0.010679;0.020309
2021-12-22;CNY_OIS_RUSFARCNY_3Y;0.008991;0.018577
2021-12-23;CNY_OIS_RUSFARCNY_3Y;0.008563;0.017885
2021-12-24;CNY_OIS_RUSFARCNY_3Y;0.010603;0.020025
2021-12-27;CNY_OIS_RUSFARCNY_3Y;0.01011;0.019278
2021-12-28;CNY_OIS_RUSFARCNY_3Y;0.008511;0.017637
2021-12-29;CNY_OIS_RUSFARCNY_3Y;0.005592;0.015096
2021-12-30;CNY_OIS_RUSFARCNY_3Y;0.005047;0.014301
2021-12-31;CNY_OIS_RUSFARCNY_3Y;0.011162;0.025246
2022-01-04;CNY_OIS_RUSFARCNY_3Y;0.009214;0.023114
2022-01-05;CNY_OIS_RUSFARCNY_3Y;0.00788;0.021488
2022-01-06;CNY_OIS_RUSFARCNY_3Y;0.007445;0.020663
2022-01-07;CNY_OIS_RUSFARCNY_3Y;0.008847;0.021761
2022-01-10;CNY_OIS_RUSFARCNY_3Y;0.009429;0.021959
2022-01-11;CNY_OIS_RUSFARCNY_3Y;0.010643;0.022865
2022-01-12;CNY_OIS_RUSFARCNY_3Y;0.010708;0.02256
2022-01-13;CNY_OIS_RUSFARCNY_3Y;0.013139;0.025049
2022-01-14;CNY_OIS_RUSFARCNY_3Y;0.01323;0.024778
2022-01-17;CNY_OIS_RUSFARCNY_3Y;0.012413;0.023675
2022-01-18;CNY_OIS_RUSFARCNY_3Y;0.01053;0.021718
2022-01-19;CNY_OIS_RUSFARCNY_3Y;0.011792;0.022736
2022-01-20;CNY_OIS_RUSFARCNY_3Y;0.011958;0.02257
2022-01-21;CNY_OIS_RUSFARCNY_3Y;0.012397;0.022691
2022-01-24;CNY_OIS_RUSFARCNY_3Y;0.011208;0.02132
2022-01-25;CNY_OIS_RUSFARCNY_3Y;0.011322;0.021126
2022-01-26;CNY_OIS_RUSFARCNY_3Y;0.009408;0.01922
2022-01-27;CNY_OIS_RUSFARCNY_3Y;0.00823;0.017878
2022-01-28;CNY_OIS_RUSFARCNY_3Y;0.003546;0.014282
2022-01-29;CNY_OIS_RUSFARCNY_3Y;0.004248;0.01468
2022-01-30;CNY_OIS_RUSFARCNY_3Y;0.010823;0.026105
2022-02-07;CNY_OIS_RUSFARCNY_3Y;0.010621;0.025447
2022-02-08;CNY_OIS_RUSFARCNY_3Y;0.010154;0.024554
2022-02-09;CNY_OIS_RUSFARCNY_3Y;0.006929;0.021459
2022-02-10;CNY_OIS_RUSFARCNY_3Y;0.006592;0.020696
2022-02-11;CNY_OIS_RUSFARCNY_3Y;0.00814;0.021928
2022-02-14;CNY_OIS_RUSFARCNY_3Y;0.008881;0.022267
2022-02-15;CNY_OIS_RUSFARCNY_3Y;0.008484;0.021484
2022-02-16;CNY_OIS_RUSFARCNY_3Y;0.009974;0.022694
2022-02-17;CNY_OIS_RUSFARCNY_3Y;0.009273;0.021655
2022-02-18;CNY_OIS_RUSFARCNY_3Y;0.011796;0.024232
2022-02-21;CNY_OIS_RUSFARCNY_3Y;0.012811;0.024917
2022-02-22;CNY_OIS_RUSFARCNY_3Y;0.011352;0.023256
2022-02-23;CNY_OIS_RUSFARCNY_3Y;0.011573;0.023115
2022-02-24;CNY_OIS_RUSFARCNY_3Y;0.013204;0.024564
2022-02-25;CNY_OIS_RUSFARCNY_3Y;0.013713;0.024735
2022-02-28;CNY_OIS_RUSFARCNY_3Y;0.013911;0.024597
2022-03-01;CNY_OIS_RUSFARCNY_3Y;0.009056;0.020792
2022-03-02;CNY_OIS_RUSFARCNY_3Y;0.010069;0.021499
2022-03-03;CNY_OIS_RUSFARCNY_3Y;0.008572;0.019836
2022-03-04;CNY_OIS_RUSFARCNY_3Y;0.010364;0.021504
2022-03-07;CNY_OIS_RUSFARCNY_3Y;0.011834;0.022774
2022-03-08;CNY_OIS_RUSFARCNY_3Y;0.012169;0.022779
2022-03-09;CNY_OIS_RUSFARCNY_3Y;0.012007;0.022301
2022-03-10;CNY_OIS_RUSFARCNY_3Y;0.012174;0.022154
2022-03-11;CNY_OIS_RUSFARCNY_3Y;0.012583;0.022265
2022-03-14;CNY_OIS_RUSFARCNY_3Y;0.01285;0.022238
2022-03-15;CNY_OIS_RUSFARCNY_3Y;0.012993;0.022095
2022-03-16;CNY_OIS_RUSFARCNY_3Y;0.012899;0.021729
2022-03-17;CNY_OIS_RUSFARCNY_3Y;0.012719;0.021289
2022-03-18;CNY_OIS_RUSFARCNY_3Y;0.012678;0.02099
2022-03-21;CNY_OIS_RUSFARCNY_3Y;0.013032;0.021096
2022-03-22;CNY_OIS_RUSFARCNY_3Y;0.01244;0.020308
2022-03-23;CNY_OIS_RUSFARCNY_3Y;0.013113;0.020775
2022-03-24;CNY_OIS_RUSFARCNY_3Y;0.013249;0.020679
2022-03-25;CNY_OIS_RUSFARCNY_3Y;0.013323;0.020525
2022-03-28;CNY_OIS_RUSFARCNY_3Y;0.012865;0.019883
2022-03-29;CNY_OIS_RUSFARCNY_3Y;0.010507;0.017861
2022-03-30;CNY_OIS_RUSFARCNY_3Y;0.008759;0.016209
2022-03-31;CNY_OIS_RUSFARCNY_3Y;0.012399;0.021649
2022-04-01;CNY_OIS_RUSFARCNY_3Y;0.007775;0.018133
2022-04-02;CNY_OIS_RUSFARCNY_3Y;0.004631;0.015357
2022-04-06;CNY_OIS_RUSFARCNY_3Y;0.009162;0.021626
2022-04-07;CNY_OIS_RUSFARCNY_3Y;0.00912;0.021208
2022-04-08;CNY_OIS_RUSFARCNY_3Y;0.008545;0.020303
2022-04-11;CNY_OIS_RUSFARCNY_3Y;0.009735;0.021213
2022-04-12;CNY_OIS_RUSFARCNY_3Y;0.009044;0.020224
2022-04-13;CNY_OIS_RUSFARCNY_3Y;0.008102;0.019026
2022-04-14;CNY_OIS_RUSFARCNY_3Y;0.00709;0.017778
2022-04-15;CNY_OIS_RUSFARCNY_3Y;0.004948;0.01566
2022-04-18;CNY_OIS_RUSFARCNY_3Y;0.005735;0.016153
2022-04-19;CNY_OIS_RUSFARCNY_3Y;0.004757;0.014951
2022-04-20;CNY_OIS_RUSFARCNY_3Y;0.005002;0.014886
2022-04-21;CNY_OIS_RUSFARCNY_3Y;0.005062;0.014646
2022-04-22;CNY_OIS_RUSFARCNY_3Y;0.004811;0.014117
2022-04-24;CNY_OIS_RUSFARCNY_3Y;0.005413;0.014455
2022-04-25;CNY_OIS_RUSFARCNY_3Y;0.005561;0.014327
2022-04-26;CNY_OIS_RUSFARCNY_3Y;0.005724;0.014224
2022-04-27;CNY_OIS_RUSFARCNY_3Y;0.005824;0.014064
2022-04-28;CNY_OIS_RUSFARCNY_3Y;0.005929;0.013919
2022-04-29;CNY_OIS_RUSFARCNY_3Y;0.010129;0.020459
2022-05-05;CNY_OIS_RUSFARCNY_3Y;0.009724;0.019764
2022-05-06;CNY_OIS_RUSFARCNY_3Y;0.004834;0.016014
2022-05-07;CNY_OIS_RUSFARCNY_3Y;0.004422;0.015286
2022-05-09;CNY_OIS_RUSFARCNY_3Y;0.004737;0.015271
2022-05-10;CNY_OIS_RUSFARCNY_3Y;0.004857;0.015071
2022-05-11;CNY_OIS_RUSFARCNY_3Y;0.005211;0.015117
2022-05-12;CNY_OIS_RUSFARCNY_3Y;0.005201;0.014807
2022-05-13;CNY_OIS_RUSFARCNY_3Y;0.005357;0.014671
2022-05-16;CNY_OIS_RUSFARCNY_3Y;0.005509;0.014539
2022-05-17;CNY_OIS_RUSFARCNY_3Y;0.005786;0.014542
2022-05-18;CNY_OIS_RUSFARCNY_3Y;0.005929;0.014419
2022-05-19;CNY_OIS_RUSFARCNY_3Y;0.006901;0.015207
2022-05-20;CNY_OIS_RUSFARCNY_3Y;0.006065;0.014203
2022-05-23;CNY_OIS_RUSFARCNY_3Y;0.006199;0.014089
2022-05-24;CNY_OIS_RUSFARCNY_3Y;0.006339;0.013989
2022-05-25;CNY_OIS_RUSFARCNY_3Y;0.006673;0.014095
2022-05-26;CNY_OIS_RUSFARCNY_3Y;0.006954;0.014154
2022-05-27;CNY_OIS_RUSFARCNY_3Y;0.007232;0.014216
2022-05-30;CNY_OIS_RUSFARCNY_3Y;0.007575;0.014353
2022-05-31;CNY_OIS_RUSFARCNY_3Y;0.009308;0.01628
2022-06-01;CNY_OIS_RUSFARCNY_3Y;0.007485;0.014603
2022-06-02;CNY_OIS_RUSFARCNY_3Y;0.007782;0.014686
2022-06-06;CNY_OIS_RUSFARCNY_3Y;0.008104;0.014804
2022-06-07;CNY_OIS_RUSFARCNY_3Y;0.007869;0.014379
2022-06-08;CNY_OIS_RUSFARCNY_3Y;0.007948;0.01426
2022-06-09;CNY_OIS_RUSFARCNY_3Y;0.007994;0.014114
2022-06-10;CNY_OIS_RUSFARCNY_3Y;0.007977;0.013911
2022-06-13;CNY_OIS_RUSFARCNY_3Y;0.008117;0.013871
2022-06-14;CNY_OIS_RUSFARCNY_3Y;0.008254;0.013834
2022-06-15;CNY_OIS_RUSFARCNY_3Y;0.008339;0.013749
2022-06-16;CNY_OIS_RUSFARCNY_3Y;0.008422;0.013666
2022-06-17;CNY_OIS_RUSFARCNY_3Y;0.008512;0.013596
2022-06-20;CNY_OIS_RUSFARCNY_3Y;0.008629;0.013559
2022-06-21;CNY_OIS_RUSFARCNY_3Y;0.008901;0.013687
2022-06-22;CNY_OIS_RUSFARCNY_3Y;0.009033;0.013675
2022-06-23;CNY_OIS_RUSFARCNY_3Y;0.009034;0.013534
2022-06-24;CNY_OIS_RUSFARCNY_3Y;0.009082;0.013446
2022-06-27;CNY_OIS_RUSFARCNY_3Y;0.009178;0.01341
2022-06-28;CNY_OIS_RUSFARCNY_3Y;0.009243;0.013345
2022-06-29;CNY_OIS_RUSFARCNY_3Y;0.008602;0.012666
2022-06-30;CNY_OIS_RUSFARCNY_3Y;0.012023;0.019825
2022-07-01;CNY_OIS_RUSFARCNY_3Y;0.006541;0.016107
2022-07-04;CNY_OIS_RUSFARCNY_3Y;0.006455;0.015733
2022-07-05;CNY_OIS_RUSFARCNY_3Y;0.006074;0.015094
2022-07-06;CNY_OIS_RUSFARCNY_3Y;0.004529;0.013499
2022-07-07;CNY_OIS_RUSFARCNY_3Y;0.004785;0.013483
2022-07-08;CNY_OIS_RUSFARCNY_3Y;0.004857;0.013291
2022-07-11;CNY_OIS_RUSFARCNY_3Y;0.005056;0.013232
2022-07-12;CNY_OIS_RUSFARCNY_3Y;0.005059;0.012989
2022-07-13;CNY_OIS_RUSFARCNY_3Y;0.00526;0.012948
2022-07-14;CNY_OIS_RUSFARCNY_3Y;0.005134;0.012594
2022-07-15;CNY_OIS_RUSFARCNY_3Y;0.005406;0.012642
2022-07-18;CNY_OIS_RUSFARCNY_3Y;0.005586;0.012602
2022-07-19;CNY_OIS_RUSFARCNY_3Y;0.005929;0.012739
2022-07-20;CNY_OIS_RUSFARCNY_3Y;0.006308;0.01292
2022-07-21;CNY_OIS_RUSFARCNY_3Y;0.006247;0.012661
2022-07-22;CNY_OIS_RUSFARCNY_3Y;0.005722;0.011986
2022-07-25;CNY_OIS_RUSFARCNY_3Y;0.004523;0.010785
2022-07-26;CNY_OIS_RUSFARCNY_3Y;0.004037;0.010151
2022-07-27;CNY_OIS_RUSFARCNY_3Y;0.00403;0.009958
2022-07-28;CNY_OIS_RUSFARCNY_3Y;0.00418;0.009928
2022-07-29;CNY_OIS_RUSFARCNY_3Y;0.006276;0.012632
2022-08-01;CNY_OIS_RUSFARCNY_3Y;0.005564;0.011804
2022-08-02;CNY_OIS_RUSFARCNY_3Y;0.004582;0.010766
2022-08-03;CNY_OIS_RUSFARCNY_3Y;0.004159;0.010189
2022-08-04;CNY_OIS_RUSFARCNY_3Y;0.004241;0.010087
2022-08-05;CNY_OIS_RUSFARCNY_3Y;0.00427;0.009938
2022-08-08;CNY_OIS_RUSFARCNY_3Y;0.004296;0.009792
2022-08-09;CNY_OIS_RUSFARCNY_3Y;0.004429;0.009759
2022-08-10;CNY_OIS_RUSFARCNY_3Y;0.004991;0.010197
2022-08-11;CNY_OIS_RUSFARCNY_3Y;0.004679;0.009749
2022-08-12;CNY_OIS_RUSFARCNY_3Y;0.004894;0.009814
2022-08-15;CNY_OIS_RUSFARCNY_3Y;0.004959;0.009729
2022-08-16;CNY_OIS_RUSFARCNY_3Y;0.005343;0.009985
2022-08-17;CNY_OIS_RUSFARCNY_3Y;0.006008;0.01058
2022-08-18;CNY_OIS_RUSFARCNY_3Y;0.006546;0.011022
2022-08-19;CNY_OIS_RUSFARCNY_3Y;0.006849;0.011199
2022-08-22;CNY_OIS_RUSFARCNY_3Y;0.006195;0.010499
2022-08-23;CNY_OIS_RUSFARCNY_3Y;0.005906;0.010102
2022-08-24;CNY_OIS_RUSFARCNY_3Y;0.006098;0.01017
2022-08-25;CNY_OIS_RUSFARCNY_3Y;0.00646;0.010428
2022-08-26;CNY_OIS_RUSFARCNY_3Y;0.007458;0.01153
2022-08-29;CNY_OIS_RUSFARCNY_3Y;0.007284;0.011244
2022-08-30;CNY_OIS_RUSFARCNY_3Y;0.006109;0.010199
2022-08-31;CNY_OIS_RUSFARCNY_3Y;0.008271;0.013577
2022-09-01;CNY_OIS_RUSFARCNY_3Y;0.008942;0.014146
2022-09-02;CNY_OIS_RUSFARCNY_3Y;0.005545;0.011783
2022-09-05;CNY_OIS_RUSFARCNY_3Y;0.004088;0.0104
2022-09-06;CNY_OIS_RUSFARCNY_3Y;0.004536;0.010672
2022-09-07;CNY_OIS_RUSFARCNY_3Y;0.005056;0.011032
2022-09-08;CNY_OIS_RUSFARCNY_3Y;0.005592;0.011416
2022-09-09;CNY_OIS_RUSFARCNY_3Y;0.00582;0.011468
2022-09-13;CNY_OIS_RUSFARCNY_3Y;0.005886;0.011362
2022-09-14;CNY_OIS_RUSFARCNY_3Y;0.005989;0.011299
2022-09-15;CNY_OIS_RUSFARCNY_3Y;0.006578;0.01177
2022-09-16;CNY_OIS_RUSFARCNY_3Y;0.0073;0.012408
2022-09-19;CNY_OIS_RUSFARCNY_3Y;0.00843;0.013598
2022-09-20;CNY_OIS_RUSFARCNY_3Y;0.00897;0.014018
2022-09-21;CNY_OIS_RUSFARCNY_3Y;0.009146;0.014042
2022-09-22;CNY_OIS_RUSFARCNY_3Y;0.009151;0.013897
2022-09-23;CNY_OIS_RUSFARCNY_3Y;0.009263;0.013865
2022-09-26;CNY_OIS_RUSFARCNY_3Y;-0.005923;0.008123
2022-09-27;CNY_OIS_RUSFARCNY_3Y;-0.007385;0.006385
2022-09-28;CNY_OIS_RUSFARCNY_3Y;-0.0081;0.0053
2022-09-29;CNY_OIS_RUSFARCNY_3Y;-0.008611;0.004411
2022-09-30;CNY_OIS_RUSFARCNY_3Y;-0.032246;-0.006754
2022-10-10;CNY_OIS_RUSFARCNY_3Y;-0.017078;0.018678
2022-10-11;CNY_OIS_RUSFARCNY_3Y;-0.019531;0.015331
2022-10-12;CNY_OIS_RUSFARCNY_3Y;-0.017143;0.016743
2022-10-13;CNY_OIS_RUSFARCNY_3Y;-0.016627;0.016227
2022-10-14;CNY_OIS_RUSFARCNY_3Y;-0.012873;0.019273
2022-10-17;CNY_OIS_RUSFARCNY_3Y;-0.011299;0.019899
2022-10-18;CNY_OIS_RUSFARCNY_3Y;-0.011837;0.018437
2022-10-19;CNY_OIS_RUSFARCNY_3Y;-0.011276;0.018076
2022-10-20;CNY_OIS_RUSFARCNY_3Y;-0.010829;0.017629
2022-10-21;CNY_OIS_RUSFARCNY_3Y;-0.010496;0.017096
2022-10-24;CNY_OIS_RUSFARCNY_3Y;-0.010276;0.016476
2022-10-25;CNY_OIS_RUSFARCNY_3Y;-0.009869;0.016069
2022-10-26;CNY_OIS_RUSFARCNY_3Y;-0.010905;0.014305
2022-10-27;CNY_OIS_RUSFARCNY_3Y;-0.010722;0.013722
2022-10-28;CNY_OIS_RUSFARCNY_3Y;-0.011058;0.012658
2022-10-31;CNY_OIS_RUSFARCNY_3Y;-0.009908;0.013108
2022-11-01;CNY_OIS_RUSFARCNY_3Y;-0.009657;0.012657
2022-11-02;CNY_OIS_RUSFARCNY_3Y;-0.009418;0.012218
2022-11-03;CNY_OIS_RUSFARCNY_3Y;-0.00939;0.01159
2022-11-07;CNY_OIS_RUSFARCNY_3Y;-0.00809;0.01229
2022-11-08;CNY_OIS_RUSFARCNY_3Y;-0.008387;0.011387
2022-11-09;CNY_OIS_RUSFARCNY_3Y;-0.008287;0.010887
2022-11-10;CNY_OIS_RUSFARCNY_3Y;-0.007796;0.010796
2022-11-11;CNY_OIS_RUSFARCNY_3Y;-0.006921;0.011121
2022-11-14;CNY_OIS_RUSFARCNY_3Y;-0.007049;0.010449
2022-11-15;CNY_OIS_RUSFARCNY_3Y;-0.006984;0.009984
2022-11-16;CNY_OIS_RUSFARCNY_3Y;-0.006526;0.009926
2022-11-17;CNY_OIS_RUSFARCNY_3Y;-0.006176;0.009776
2022-11-18;CNY_OIS_RUSFARCNY_3Y;-0.00544;0.01004
2022-11-21;CNY_OIS_RUSFARCNY_3Y;-0.005711;0.009311
2022-11-22;CNY_OIS_RUSFARCNY_3Y;-0.006092;0.008492
2022-11-23;CNY_OIS_RUSFARCNY_3Y;-0.005377;0.008777
2022-11-24;CNY_OIS_RUSFARCNY_3Y;-0.005161;0.008561
2022-11-25;CNY_OIS_RUSFARCNY_3Y;-0.005052;0.008252
2022-11-28;CNY_OIS_RUSFARCNY_3Y;-0.00485;0.00805
2022-11-29;CNY_OIS_RUSFARCNY_3Y;-0.004653;0.007853
2022-11-30;CNY_OIS_RUSFARCNY_3Y;-0.004363;0.007763
2022-12-01;CNY_OIS_RUSFARCNY_3Y;-0.003882;0.007882
2022-12-02;CNY_OIS_RUSFARCNY_3Y;-0.003603;0.007803
2022-12-05;CNY_OIS_RUSFARCNY_3Y;-0.002011;0.009211
2022-12-06;CNY_OIS_RUSFARCNY_3Y;-0.001349;0.009549
2022-12-07;CNY_OIS_RUSFARCNY_3Y;-0.001589;0.008989
2022-12-08;CNY_OIS_RUSFARCNY_3Y;-0.002253;0.008053
2022-12-09;CNY_OIS_RUSFARCNY_3Y;-0.002711;0.007311
2022-12-12;CNY_OIS_RUSFARCNY_3Y;-0.003385;0.006385
2022-12-13;CNY_OIS_RUSFARCNY_3Y;-0.003137;0.006337
2022-12-14;CNY_OIS_RUSFARCNY_3Y;-0.002893;0.006293
2022-12-15;CNY_OIS_RUSFARCNY_3Y;-0.001707;0.007307
2022-12-16;CNY_OIS_RUSFARCNY_3Y;-0.00157;0.00717
2022-12-19;CNY_OIS_RUSFARCNY_3Y;-0.001741;0.006741
2022-12-20;CNY_OIS_RUSFARCNY_3Y;-0.001513;0.006713
2022-12-21;CNY_OIS_RUSFARCNY_3Y;0.000653;0.009147
2022-12-22;CNY_OIS_RUSFARCNY_3Y;0.012189;0.041011
2022-12-23;CNY_OIS_RUSFARCNY_3Y;0.011407;0.039393
2022-12-26;CNY_OIS_RUSFARCNY_3Y;0.006005;0.033995
2022-12-27;CNY_OIS_RUSFARCNY_3Y;0.011655;0.039745
2022-12-28;CNY_OIS_RUSFARCNY_3Y;0.035229;0.088971
2022-12-29;CNY_OIS_RUSFARCNY_3Y;0.045873;0.099727
2023-01-09;CNY_OIS_RUSFARCNY_3Y;0.012102;0.075898
2023-01-10;CNY_OIS_RUSFARCNY_3Y;0.021812;0.084788
2023-01-11;CNY_OIS_RUSFARCNY_3Y;-0.004451;0.063651
2023-01-12;CNY_OIS_RUSFARCNY_3Y;-0.018595;0.049795
2023-01-13;CNY_OIS_RUSFARCNY_3Y;-0.013177;0.053377
2023-01-16;CNY_OIS_RUSFARCNY_3Y;-0.006666;0.058266
2023-01-17;CNY_OIS_RUSFARCNY_3Y;-0.001307;0.061907
2023-01-18;CNY_OIS_RUSFARCNY_3Y;0.006876;0.068924
2023-01-19;CNY_OIS_RUSFARCNY_3Y;-0.015511;0.050111
2023-01-20;CNY_OIS_RUSFARCNY_3Y;-0.021605;0.042605
2023-01-30;CNY_OIS_RUSFARCNY_3Y;-0.021735;0.040535
2023-01-31;CNY_OIS_RUSFARCNY_3Y;-0.020786;0.039586
2023-02-01;CNY_OIS_RUSFARCNY_3Y;-0.022929;0.035729
2023-02-02;CNY_OIS_RUSFARCNY_3Y;-0.024167;0.032767
2023-02-03;CNY_OIS_RUSFARCNY_3Y;-0.024307;0.030907
2023-02-06;CNY_OIS_RUSFARCNY_3Y;-0.024677;0.028877
2023-02-07;CNY_OIS_RUSFARCNY_3Y;-0.023661;0.028261
2023-02-08;CNY_OIS_RUSFARCNY_3Y;-0.023272;0.027072
2023-02-09;CNY_OIS_RUSFARCNY_3Y;-0.021908;0.026908
2023-02-10;CNY_OIS_RUSFARCNY_3Y;-0.021465;0.025865
2023-02-13;CNY_OIS_RUSFARCNY_3Y;-0.018013;0.028013
2023-02-14;CNY_OIS_RUSFARCNY_3Y;-0.018423;0.026223
2023-02-15;CNY_OIS_RUSFARCNY_3Y;-0.017843;0.025443
2023-02-16;CNY_OIS_RUSFARCNY_3Y;-0.016488;0.025488
2023-02-17;CNY_OIS_RUSFARCNY_3Y;-0.015749;0.024949
2023-02-20;CNY_OIS_RUSFARCNY_3Y;-0.015129;0.024329
2023-02-21;CNY_OIS_RUSFARCNY_3Y;-0.013833;0.024433
2023-02-22;CNY_OIS_RUSFARCNY_3Y;-0.007727;0.030127
2023-02-27;CNY_OIS_RUSFARCNY_3Y;-0.008059;0.028659
2023-02-28;CNY_OIS_RUSFARCNY_3Y;0.000196;0.037404
2023-03-01;CNY_OIS_RUSFARCNY_3Y;-0.005298;0.031498
2023-03-02;CNY_OIS_RUSFARCNY_3Y;-0.006783;0.028983
2023-03-03;CNY_OIS_RUSFARCNY_3Y;-0.006439;0.028239
2023-03-06;CNY_OIS_RUSFARCNY_3Y;-0.00591;0.02771
2023-03-07;CNY_OIS_RUSFARCNY_3Y;-0.006411;0.026211
2023-03-09;CNY_OIS_RUSFARCNY_3Y;-0.005024;0.026624
2023-03-10;CNY_OIS_RUSFARCNY_3Y;-0.005453;0.025253
2023-03-13;CNY_OIS_RUSFARCNY_3Y;-0.00662;0.02322
2023-03-14;CNY_OIS_RUSFARCNY_3Y;-0.006265;0.022665
2023-03-15;CNY_OIS_RUSFARCNY_3Y;-0.00523;0.02283
2023-03-16;CNY_OIS_RUSFARCNY_3Y;-0.00551;0.02171
2023-03-17;CNY_OIS_RUSFARCNY_3Y;-0.003063;0.023463
2023-03-20;CNY_OIS_RUSFARCNY_3Y;0.008428;0.039572
2023-03-21;CNY_OIS_RUSFARCNY_3Y;0.015423;0.046977
2023-03-22;CNY_OIS_RUSFARCNY_3Y;-0.004399;0.032999
2023-03-23;CNY_OIS_RUSFARCNY_3Y;-0.007358;0.029158
2023-03-24;CNY_OIS_RUSFARCNY_3Y;-0.005039;0.030439
2023-03-27;CNY_OIS_RUSFARCNY_3Y;0.001681;0.037119
2023-03-28;CNY_OIS_RUSFARCNY_3Y;0.008484;0.043916
2023-03-29;CNY_OIS_RUSFARCNY_3Y;0.01069;0.04511
2023-03-30;CNY_OIS_RUSFARCNY_3Y;0.01181;0.04519
2023-03-31;CNY_OIS_RUSFARCNY_3Y;0.015482;0.048118
2023-04-03;CNY_OIS_RUSFARCNY_3Y;0.017064;0.048736
2023-04-04;CNY_OIS_RUSFARCNY_3Y;0.027173;0.061027
2023-04-06;CNY_OIS_RUSFARCNY_3Y;0.020327;0.054273
2023-04-07;CNY_OIS_RUSFARCNY_3Y;0.0227;0.0557
2023-04-10;CNY_OIS_RUSFARCNY_3Y;0.020836;0.052964
2023-04-11;CNY_OIS_RUSFARCNY_3Y;0.020003;0.051197
2023-04-12;CNY_OIS_RUSFARCNY_3Y;0.020578;0.050822
2023-04-13;CNY_OIS_RUSFARCNY_3Y;0.022508;0.051892
2023-04-14;CNY_OIS_RUSFARCNY_3Y;0.030308;0.060692
2023-04-17;CNY_OIS_RUSFARCNY_3Y;0.024051;0.054549
2023-04-18;CNY_OIS_RUSFARCNY_3Y;0.026271;0.055929
2023-04-19;CNY_OIS_RUSFARCNY_3Y;0.032967;0.063033
2023-04-20;CNY_OIS_RUSFARCNY_3Y;0.03537;0.06463
2023-04-21;CNY_OIS_RUSFARCNY_3Y;0.035715;0.064085
2023-04-24;CNY_OIS_RUSFARCNY_3Y;0.018295;0.051705
2023-04-25;CNY_OIS_RUSFARCNY_3Y;0.005728;0.041272
2023-04-26;CNY_OIS_RUSFARCNY_3Y;0.004639;0.039161
2023-04-27;CNY_OIS_RUSFARCNY_3Y;0.003947;0.037453
2023-04-28;CNY_OIS_RUSFARCNY_3Y;0.006692;0.039308
2023-05-04;CNY_OIS_RUSFARCNY_3Y;0.013902;0.046898
2023-05-05;CNY_OIS_RUSFARCNY_3Y;0.022489;0.056511
2023-05-10;CNY_OIS_RUSFARCNY_3Y;0.016342;0.050258
2023-05-11;CNY_OIS_RUSFARCNY_3Y;0.008797;0.043003
2023-05-12;CNY_OIS_RUSFARCNY_3Y;-0.004356;0.032156
2023-05-15;CNY_OIS_RUSFARCNY_3Y;-0.006796;0.028796
2023-05-16;CNY_OIS_RUSFARCNY_3Y;-0.005955;0.028555
2023-05-17;CNY_OIS_RUSFARCNY_3Y;-0.007164;0.026364
2023-05-18;CNY_OIS_RUSFARCNY_3Y;-0.005374;0.027174
2023-05-19;CNY_OIS_RUSFARCNY_3Y;-0.003407;0.028207
2023-05-22;CNY_OIS_RUSFARCNY_3Y;-0.004042;0.026642
2023-05-23;CNY_OIS_RUSFARCNY_3Y;-0.008911;0.021511
2023-05-24;CNY_OIS_RUSFARCNY_3Y;-0.00885;0.02065
2023-05-25;CNY_OIS_RUSFARCNY_3Y;-0.010037;0.018637
2023-05-26;CNY_OIS_RUSFARCNY_3Y;-0.009801;0.018001
2023-05-29;CNY_OIS_RUSFARCNY_3Y;-0.008782;0.018182
2023-05-30;CNY_OIS_RUSFARCNY_3Y;-0.007777;0.018377
2023-05-31;CNY_OIS_RUSFARCNY_3Y;-0.006106;0.019306
2023-06-01;CNY_OIS_RUSFARCNY_3Y;-0.005719;0.018919
2023-06-02;CNY_OIS_RUSFARCNY_3Y;-0.005144;0.018744
2023-06-05;CNY_OIS_RUSFARCNY_3Y;-0.00478;0.01838
2023-06-06;CNY_OIS_RUSFARCNY_3Y;-0.004528;0.017928
2023-06-07;CNY_OIS_RUSFARCNY_3Y;-0.003495;0.018295
2023-06-08;CNY_OIS_RUSFARCNY_3Y;0.002556;0.025244
2023-06-09;CNY_OIS_RUSFARCNY_3Y;0.002397;0.024403
2023-06-13;CNY_OIS_RUSFARCNY_3Y;-0.000773;0.020973
2023-06-14;CNY_OIS_RUSFARCNY_3Y;-0.001461;0.019661
2023-06-15;CNY_OIS_RUSFARCNY_3Y;-0.003003;0.017603
2023-06-16;CNY_OIS_RUSFARCNY_3Y;-0.002789;0.017189
2023-06-19;CNY_OIS_RUSFARCNY_3Y;-0.002187;0.017187
2023-06-20;CNY_OIS_RUSFARCNY_3Y;-0.004195;0.014795
2023-06-21;CNY_OIS_RUSFARCNY_3Y;-0.004617;0.013817
2023-06-26;CNY_OIS_RUSFARCNY_3Y;-0.000446;0.018246
2023-06-27;CNY_OIS_RUSFARCNY_3Y;-0.003587;0.014987
2023-06-28;CNY_OIS_RUSFARCNY_3Y;-0.002518;0.015518
2023-06-29;CNY_OIS_RUSFARCNY_3Y;-0.003372;0.014172
2023-06-30;CNY_OIS_RUSFARCNY_3Y;0.016395;0.063605
2023-07-03;CNY_OIS_RUSFARCNY_3Y;0.012973;0.059027
2023-07-04;CNY_OIS_RUSFARCNY_3Y;-0.016963;0.038163
2023-07-05;CNY_OIS_RUSFARCNY_3Y;-0.015923;0.037523
2023-07-06;CNY_OIS_RUSFARCNY_3Y;-0.01881;0.03321
2023-07-07;CNY_OIS_RUSFARCNY_3Y;-0.017223;0.033223
2023-07-10;CNY_OIS_RUSFARCNY_3Y;-0.016655;0.032255
2023-07-11;CNY_OIS_RUSFARCNY_3Y;-0.01571;0.03171
2023-07-12;CNY_OIS_RUSFARCNY_3Y;-0.013997;0.031997
2023-07-13;CNY_OIS_RUSFARCNY_3Y;-0.011333;0.033333
2023-07-14;CNY_OIS_RUSFARCNY_3Y;-0.007266;0.036266
2023-07-17;CNY_OIS_RUSFARCNY_3Y;-0.003221;0.039221
2023-07-18;CNY_OIS_RUSFARCNY_3Y;-0.002474;0.038674
2023-07-19;CNY_OIS_RUSFARCNY_3Y;-0.002552;0.037352
2023-07-20;CNY_OIS_RUSFARCNY_3Y;-0.01213;0.02833
2023-07-21;CNY_OIS_RUSFARCNY_3Y;-0.012626;0.026626
2023-07-24;CNY_OIS_RUSFARCNY_3Y;-0.013966;0.024166
2023-07-25;CNY_OIS_RUSFARCNY_3Y;-0.015429;0.021629
2023-07-26;CNY_OIS_RUSFARCNY_3Y;-0.013101;0.022901
2023-07-27;CNY_OIS_RUSFARCNY_3Y;-0.009657;0.025457
2023-07-28;CNY_OIS_RUSFARCNY_3Y;-0.008625;0.025425
2023-07-31;CNY_OIS_RUSFARCNY_3Y;-0.007511;0.025511
2023-08-01;CNY_OIS_RUSFARCNY_3Y;-0.007511;0.024511
2023-08-02;CNY_OIS_RUSFARCNY_3Y;-0.009818;0.021418
2023-08-03;CNY_OIS_RUSFARCNY_3Y;-0.010459;0.019859
2023-08-04;CNY_OIS_RUSFARCNY_3Y;-0.010298;0.019098
2023-08-07;CNY_OIS_RUSFARCNY_3Y;-0.009059;0.019459
2023-08-08;CNY_OIS_RUSFARCNY_3Y;-0.009027;0.018627
2023-08-09;CNY_OIS_RUSFARCNY_3Y;-0.009416;0.017416
2023-08-10;CNY_OIS_RUSFARCNY_3Y;-0.010023;0.016023
2023-08-11;CNY_OIS_RUSFARCNY_3Y;-0.009827;0.015427
2023-08-14;CNY_OIS_RUSFARCNY_3Y;-0.00875;0.01575
2023-08-15;CNY_OIS_RUSFARCNY_3Y;-0.006075;0.017875
2023-08-16;CNY_OIS_RUSFARCNY_3Y;-0.008756;0.014756
2023-08-17;CNY_OIS_RUSFARCNY_3Y;-0.005556;0.017556
2023-08-18;CNY_OIS_RUSFARCNY_3Y;-0.003184;0.019384
2023-08-21;CNY_OIS_RUSFARCNY_3Y;-0.001666;0.020266
2023-08-22;CNY_OIS_RUSFARCNY_3Y;-0.002248;0.019048
2023-08-23;CNY_OIS_RUSFARCNY_3Y;-0.003362;0.017362
2023-08-24;CNY_OIS_RUSFARCNY_3Y;0.000382;0.021018
2023-08-25;CNY_OIS_RUSFARCNY_3Y;-0.000744;0.019344
2023-08-28;CNY_OIS_RUSFARCNY_3Y;0.000445;0.019955
2023-08-29;CNY_OIS_RUSFARCNY_3Y;0.002007;0.020993
2023-08-30;CNY_OIS_RUSFARCNY_3Y;0.00384;0.02236
2023-08-31;CNY_OIS_RUSFARCNY_3Y;0.005194;0.023206
2023-09-01;CNY_OIS_RUSFARCNY_3Y;0.003702;0.021298
2023-09-04;CNY_OIS_RUSFARCNY_3Y;0.001211;0.018589
2023-09-05;CNY_OIS_RUSFARCNY_3Y;-0.001738;0.015538
2023-09-06;CNY_OIS_RUSFARCNY_3Y;-0.003462;0.013462
2023-09-07;CNY_OIS_RUSFARCNY_3Y;-0.003304;0.013104
2023-09-08;CNY_OIS_RUSFARCNY_3Y;-0.00356;0.01236
2023-09-11;CNY_OIS_RUSFARCNY_3Y;-0.003722;0.011722
2023-09-12;CNY_OIS_RUSFARCNY_3Y;-0.001684;0.013484
2023-09-13;CNY_OIS_RUSFARCNY_3Y;-0.000107;0.014707
2023-09-14;CNY_OIS_RUSFARCNY_3Y;0.002953;0.017847
2023-09-15;CNY_OIS_RUSFARCNY_3Y;0.008782;0.025618
2023-09-18;CNY_OIS_RUSFARCNY_3Y;-0.002457;0.017857
2023-09-19;CNY_OIS_RUSFARCNY_3Y;-0.0038;0.016
2023-09-20;CNY_OIS_RUSFARCNY_3Y;-0.002809;0.016409
2023-09-21;CNY_OIS_RUSFARCNY_3Y;-0.003433;0.015233
2023-09-22;CNY_OIS_RUSFARCNY_3Y;-0.004276;0.013876
2023-09-25;CNY_OIS_RUSFARCNY_3Y;-0.005338;0.012338
2023-09-26;CNY_OIS_RUSFARCNY_3Y;-0.005575;0.011575
2023-09-27;CNY_OIS_RUSFARCNY_3Y;-0.004243;0.012443
2023-09-28;CNY_OIS_RUSFARCNY_3Y;0.005907;0.029693
2023-10-09;CNY_OIS_RUSFARCNY_3Y;0.004412;0.027588
2023-10-10;CNY_OIS_RUSFARCNY_3Y;0.0066;0.0292
2023-10-11;CNY_OIS_RUSFARCNY_3Y;0.001256;0.024144
2023-10-12;CNY_OIS_RUSFARCNY_3Y;-0.000468;0.021868
2023-10-13;CNY_OIS_RUSFARCNY_3Y;0.00066;0.02234
2023-10-16;CNY_OIS_RUSFARCNY_3Y;-0.001849;0.019449
2023-10-17;CNY_OIS_RUSFARCNY_3Y;-0.000932;0.019732
2023-10-18;CNY_OIS_RUSFARCNY_3Y;-0.00022;0.01982
2023-10-19;CNY_OIS_RUSFARCNY_3Y;0.00191;0.02149
2023-10-20;CNY_OIS_RUSFARCNY_3Y;0.004486;0.023714
2023-10-23;CNY_OIS_RUSFARCNY_3Y;0.005077;0.023723
2023-10-24;CNY_OIS_RUSFARCNY_3Y;0.003704;0.021896
2023-10-25;CNY_OIS_RUSFARCNY_3Y;0.002322;0.020078
2023-10-26;CNY_OIS_RUSFARCNY_3Y;0.001253;0.018547
2023-10-27;CNY_OIS_RUSFARCNY_3Y;0.00101;0.01779
2023-10-30;CNY_OIS_RUSFARCNY_3Y;0.002524;0.018876
2023-10-31;CNY_OIS_RUSFARCNY_3Y;0.008117;0.025883
2023-11-01;CNY_OIS_RUSFARCNY_3Y;0.012182;0.030218
2023-11-02;CNY_OIS_RUSFARCNY_3Y;0.011224;0.028776
2023-11-03;CNY_OIS_RUSFARCNY_3Y;0.003911;0.022889
2023-11-07;CNY_OIS_RUSFARCNY_3Y;-0.001577;0.017977
2023-11-08;CNY_OIS_RUSFARCNY_3Y;-0.005152;0.014352
2023-11-09;CNY_OIS_RUSFARCNY_3Y;-0.005772;0.013172
2023-11-10;CNY_OIS_RUSFARCNY_3Y;-0.004892;0.013492
2023-11-13;CNY_OIS_RUSFARCNY_3Y;-0.004813;0.013013
2023-11-14;CNY_OIS_RUSFARCNY_3Y;-0.006309;0.011109
2023-11-15;CNY_OIS_RUSFARCNY_3Y;-0.006447;0.010447
2023-11-16;CNY_OIS_RUSFARCNY_3Y;-0.005599;0.010799
2023-11-17;CNY_OIS_RUSFARCNY_3Y;-0.001271;0.015671
2023-11-20;CNY_OIS_RUSFARCNY_3Y;-0.000715;0.015715
2023-11-21;CNY_OIS_RUSFARCNY_3Y;-0.001177;0.014777
2023-11-22;CNY_OIS_RUSFARCNY_3Y;-0.00271;0.01291
2023-11-23;CNY_OIS_RUSFARCNY_3Y;-0.003498;0.011698
2023-11-24;CNY_OIS_RUSFARCNY_3Y;-0.003367;0.011367
2023-11-27;CNY_OIS_RUSFARCNY_3Y;-0.002553;0.011753
2023-11-28;CNY_OIS_RUSFARCNY_3Y;-0.001554;0.012354
2023-11-29;CNY_OIS_RUSFARCNY_3Y;-0.000372;0.013172
2023-11-30;CNY_OIS_RUSFARCNY_3Y;0.00494;0.02026
2023-12-01;CNY_OIS_RUSFARCNY_3Y;0.007154;0.022246
2023-12-04;CNY_OIS_RUSFARCNY_3Y;-0.004431;0.014631
2023-12-05;CNY_OIS_RUSFARCNY_3Y;-0.003843;0.014643
2023-12-06;CNY_OIS_RUSFARCNY_3Y;-0.00448;0.01348
2023-12-07;CNY_OIS_RUSFARCNY_3Y;-0.003908;0.013508
2023-12-08;CNY_OIS_RUSFARCNY_3Y;-0.002762;0.014162
2023-12-11;CNY_OIS_RUSFARCNY_3Y;0.000531;0.017469
2023-12-12;CNY_OIS_RUSFARCNY_3Y;0.000283;0.016717
2023-12-13;CNY_OIS_RUSFARCNY_3Y;0.003477;0.019923
2023-12-14;CNY_OIS_RUSFARCNY_3Y;0.002807;0.018793
2023-12-15;CNY_OIS_RUSFARCNY_3Y;-0.00233;0.01433
2023-12-18;CNY_OIS_RUSFARCNY_3Y;-0.005184;0.011384
2023-12-19;CNY_OIS_RUSFARCNY_3Y;-0.003396;0.012796
2023-12-20;CNY_OIS_RUSFARCNY_3Y;0.01056;0.04244
2023-12-21;CNY_OIS_RUSFARCNY_3Y;0.023928;0.060872
2023-12-22;CNY_OIS_RUSFARCNY_3Y;0.000975;0.044625
2023-12-25;CNY_OIS_RUSFARCNY_3Y;-0.006278;0.037078
2023-12-26;CNY_OIS_RUSFARCNY_3Y;-0.010748;0.031748
2023-12-27;CNY_OIS_RUSFARCNY_3Y;-0.011932;0.029332
2023-12-28;CNY_OIS_RUSFARCNY_3Y;0.013762;0.073638
2024-01-09;CNY_OIS_RUSFARCNY_3Y;-0.00306;0.05846
2024-01-10;CNY_OIS_RUSFARCNY_3Y;-0.020781;0.042581
2024-01-11;CNY_OIS_RUSFARCNY_3Y;-0.028346;0.033946
2024-01-12;CNY_OIS_RUSFARCNY_3Y;-0.028404;0.032004
2024-01-15;CNY_OIS_RUSFARCNY_3Y;-0.024354;0.034354
2024-01-16;CNY_OIS_RUSFARCNY_3Y;-0.025283;0.031683
2024-01-17;CNY_OIS_RUSFARCNY_3Y;-0.006624;0.054624
2024-01-18;CNY_OIS_RUSFARCNY_3Y;-0.009065;0.050465
2024-01-19;CNY_OIS_RUSFARCNY_3Y;-0.007067;0.050667
2024-01-22;CNY_OIS_RUSFARCNY_3Y;0.003781;0.061419
2024-01-23;CNY_OIS_RUSFARCNY_3Y;0.014029;0.071371
2024-01-24;CNY_OIS_RUSFARCNY_3Y;0.003955;0.061045
2024-01-25;CNY_OIS_RUSFARCNY_3Y;0.006892;0.062308
2024-01-26;CNY_OIS_RUSFARCNY_3Y;0.008729;0.062471
2024-01-29;CNY_OIS_RUSFARCNY_3Y;0.018951;0.072649
2024-01-30;CNY_OIS_RUSFARCNY_3Y;0.022603;0.074797
2024-01-31;CNY_OIS_RUSFARCNY_3Y;0.043613;0.103187
2024-02-01;CNY_OIS_RUSFARCNY_3Y;0.025927;0.087473
2024-02-02;CNY_OIS_RUSFARCNY_3Y;0.004388;0.069212
2024-02-05;CNY_OIS_RUSFARCNY_3Y;0.012334;0.075866
2024-02-06;CNY_OIS_RUSFARCNY_3Y;0.019342;0.081458
2024-02-07;CNY_OIS_RUSFARCNY_3Y;0.02138;0.08162
2024-02-08;CNY_OIS_RUSFARCNY_3Y;0.01691;0.07569
2024-02-09;CNY_OIS_RUSFARCNY_3Y;0.010788;0.068412
2024-02-19;CNY_OIS_RUSFARCNY_3Y;-0.000198;0.057398
2024-02-20;CNY_OIS_RUSFARCNY_3Y;-0.010954;0.046554
2024-02-21;CNY_OIS_RUSFARCNY_3Y;0.00451;0.06409
2024-02-22;CNY_OIS_RUSFARCNY_3Y;0.002459;0.060341
2024-02-26;CNY_OIS_RUSFARCNY_3Y;0.003839;0.059961
2024-02-27;CNY_OIS_RUSFARCNY_3Y;0.004593;0.059007
2024-02-28;CNY_OIS_RUSFARCNY_3Y;0.018276;0.074124
2024-02-29;CNY_OIS_RUSFARCNY_3Y;0.054266;0.137534
2024-03-01;CNY_OIS_RUSFARCNY_3Y;0.084866;0.177134
2024-03-04;CNY_OIS_RUSFARCNY_3Y;-0.041323;0.110523
2024-03-05;CNY_OIS_RUSFARCNY_3Y;-0.031281;0.116281
2024-03-06;CNY_OIS_RUSFARCNY_3Y;-0.019694;0.123894
2024-03-07;CNY_OIS_RUSFARCNY_3Y;-0.011708;0.127708
2024-03-11;CNY_OIS_RUSFARCNY_3Y;-0.015175;0.120175
2024-03-12;CNY_OIS_RUSFARCNY_3Y;-0.018914;0.112514
2024-03-13;CNY_OIS_RUSFARCNY_3Y;-0.020758;0.106758
2024-03-14;CNY_OIS_RUSFARCNY_3Y;-0.018915;0.104715
2024-03-15;CNY_OIS_RUSFARCNY_3Y;-0.030166;0.090766
2024-03-18;CNY_OIS_RUSFARCNY_3Y;-0.027328;0.089928
2024-03-19;CNY_OIS_RUSFARCNY_3Y;-0.023655;0.090055
2024-03-20;CNY_OIS_RUSFARCNY_3Y;-0.025981;0.084381
2024-03-21;CNY_OIS_RUSFARCNY_3Y;-0.028052;0.079052
2024-03-22;CNY_OIS_RUSFARCNY_3Y;-0.041623;0.063823
2024-03-25;CNY_OIS_RUSFARCNY_3Y;-0.035501;0.066901
2024-03-26;CNY_OIS_RUSFARCNY_3Y;-0.0378;0.0616
2024-03-27;CNY_OIS_RUSFARCNY_3Y;-0.036086;0.060286
2024-03-28;CNY_OIS_RUSFARCNY_3Y;-0.024412;0.070012
2024-03-29;CNY_OIS_RUSFARCNY_3Y;0.001834;0.100166
2024-04-01;CNY_OIS_RUSFARCNY_3Y;-0.039808;0.066808
2024-04-02;CNY_OIS_RUSFARCNY_3Y;-0.037885;0.065485
2024-04-03;CNY_OIS_RUSFARCNY_3Y;-0.009515;0.097915
2024-04-08;CNY_OIS_RUSFARCNY_3Y;-0.012872;0.091472
2024-04-09;CNY_OIS_RUSFARCNY_3Y;-0.022439;0.079639
2024-04-10;CNY_OIS_RUSFARCNY_3Y;-0.03358;0.06658
2024-04-11;CNY_OIS_RUSFARCNY_3Y;-0.028702;0.068502
2024-04-12;CNY_OIS_RUSFARCNY_3Y;-0.01388;0.08208
2024-04-15;CNY_OIS_RUSFARCNY_3Y;-0.01515;0.07795
2024-04-16;CNY_OIS_RUSFARCNY_3Y;-0.018427;0.072027
2024-04-17;CNY_OIS_RUSFARCNY_3Y;-0.015166;0.072566
2024-04-18;CNY_OIS_RUSFARCNY_3Y;-0.008758;0.076558
2024-04-19;CNY_OIS_RUSFARCNY_3Y;0.005071;0.089529
2024-04-22;CNY_OIS_RUSFARCNY_3Y;-0.008487;0.075287
2024-04-23;CNY_OIS_RUSFARCNY_3Y;-0.01694;0.06514
2024-04-24;CNY_OIS_RUSFARCNY_3Y;-0.018119;0.061519
2024-04-25;CNY_OIS_RUSFARCNY_3Y;-0.004869;0.074069
2024-04-26;CNY_OIS_RUSFARCNY_3Y;0.02205;0.10775
2024-05-06;CNY_OIS_RUSFARCNY_3Y;-0.012729;0.079529
2024-05-07;CNY_OIS_RUSFARCNY_3Y;-0.035107;0.058507
2024-05-08;CNY_OIS_RUSFARCNY_3Y;-0.033981;0.056781
2024-05-13;CNY_OIS_RUSFARCNY_3Y;-0.030912;0.057112
2024-05-14;CNY_OIS_RUSFARCNY_3Y;-0.029872;0.055472
2024-05-15;CNY_OIS_RUSFARCNY_3Y;-0.017182;0.066982
2024-05-16;CNY_OIS_RUSFARCNY_3Y;-0.010834;0.071034
2024-05-17;CNY_OIS_RUSFARCNY_3Y;0.007774;0.090826
2024-05-20;CNY_OIS_RUSFARCNY_3Y;-0.013283;0.071283
2024-05-21;CNY_OIS_RUSFARCNY_3Y;-0.004033;0.078633
2024-05-22;CNY_OIS_RUSFARCNY_3Y;-0.018666;0.063666
2024-05-23;CNY_OIS_RUSFARCNY_3Y;-0.03036;0.05096
2024-05-24;CNY_OIS_RUSFARCNY_3Y;-0.029623;0.049223
2024-05-27;CNY_OIS_RUSFARCNY_3Y;-0.030955;0.045555
2024-05-28;CNY_OIS_RUSFARCNY_3Y;-0.01822;0.05762
2024-05-29;CNY_OIS_RUSFARCNY_3Y;-0.025524;0.048724
2024-05-30;CNY_OIS_RUSFARCNY_3Y;-0.017208;0.055408
2024-05-31;CNY_OIS_RUSFARCNY_3Y;0.001037;0.075563
2024-06-03;CNY_OIS_RUSFARCNY_3Y;-0.017481;0.058281
2024-06-04;CNY_OIS_RUSFARCNY_3Y;-0.018043;0.055443
2024-06-05;CNY_OIS_RUSFARCNY_3Y;-0.025394;0.046594
2024-06-06;CNY_OIS_RUSFARCNY_3Y;-0.024598;0.045198
2024-06-07;CNY_OIS_RUSFARCNY_3Y;-0.022245;0.045445
2024-06-11;CNY_OIS_RUSFARCNY_3Y;-0.019532;0.046132
2024-06-13;CNY_OIS_RUSFARCNY_3Y;0.103152;0.434648
2024-06-14;CNY_OIS_RUSFARCNY_3Y;-0.14814;0.26874
2024-06-17;CNY_OIS_RUSFARCNY_3Y;-0.146109;0.258109
2024-06-18;CNY_OIS_RUSFARCNY_3Y;-0.141554;0.250354
2024-06-19;CNY_OIS_RUSFARCNY_3Y;-0.132495;0.247495
2024-06-20;CNY_OIS_RUSFARCNY_3Y;-0.129113;0.239313
2024-06-21;CNY_OIS_RUSFARCNY_3Y;-0.105485;0.252485
2024-06-24;CNY_OIS_RUSFARCNY_3Y;-0.107903;0.239303
2024-06-25;CNY_OIS_RUSFARCNY_3Y;-0.112735;0.224135
2024-06-26;CNY_OIS_RUSFARCNY_3Y;-0.117933;0.208933
2024-06-27;CNY_OIS_RUSFARCNY_3Y;-0.104448;0.212648
2024-06-28;CNY_OIS_RUSFARCNY_3Y;-0.093567;0.213967
2024-07-01;CNY_OIS_RUSFARCNY_3Y;-0.082539;0.215739
2024-07-02;CNY_OIS_RUSFARCNY_3Y;-0.067941;0.221541
2024-07-03;CNY_OIS_RUSFARCNY_3Y;-0.042885;0.239085
2024-07-04;CNY_OIS_RUSFARCNY_3Y;-0.073632;0.203032
2024-07-05;CNY_OIS_RUSFARCNY_3Y;-0.072432;0.195832
2024-07-08;CNY_OIS_RUSFARCNY_3Y;-0.072979;0.187179
2024-07-09;CNY_OIS_RUSFARCNY_3Y;-0.070419;0.181819
2024-07-10;CNY_OIS_RUSFARCNY_3Y;-0.060245;0.184445
2024-07-11;CNY_OIS_RUSFARCNY_3Y;-0.052151;0.185151
2024-07-12;CNY_OIS_RUSFARCNY_3Y;-0.04575;0.18435
2024-07-15;CNY_OIS_RUSFARCNY_3Y;-0.042345;0.180745
2024-07-16;CNY_OIS_RUSFARCNY_3Y;-0.060016;0.157816
2024-07-17;CNY_OIS_RUSFARCNY_3Y;-0.066786;0.144786
2024-07-18;CNY_OIS_RUSFARCNY_3Y;-0.075533;0.130133
2024-07-19;CNY_OIS_RUSFARCNY_3Y;-0.054593;0.146193
2024-07-22;CNY_OIS_RUSFARCNY_3Y;-0.045414;0.149414
2024-07-23;CNY_OIS_RUSFARCNY_3Y;-0.024586;0.165786
2024-07-24;CNY_OIS_RUSFARCNY_3Y;-0.009717;0.175517
2024-07-25;CNY_OIS_RUSFARCNY_3Y;-0.021869;0.158669
2024-07-26;CNY_OIS_RUSFARCNY_3Y;-0.021431;0.153631
2024-07-29;CNY_OIS_RUSFARCNY_3Y;-0.014411;0.155411
2024-07-30;CNY_OIS_RUSFARCNY_3Y;-0.028559;0.137359
2024-07-31;CNY_OIS_RUSFARCNY_3Y;-0.014488;0.147088
2024-08-01;CNY_OIS_RUSFARCNY_3Y;-0.001811;0.155411
2024-08-02;CNY_OIS_RUSFARCNY_3Y;0.008892;0.161708
2024-08-05;CNY_OIS_RUSFARCNY_3Y;0.024963;0.174237
2024-08-06;CNY_OIS_RUSFARCNY_3Y;0.104561;0.299239
2024-08-07;CNY_OIS_RUSFARCNY_3Y;0.046489;0.247711
2024-08-08;CNY_OIS_RUSFARCNY_3Y;-0.03318;0.18258
2024-08-09;CNY_OIS_RUSFARCNY_3Y;-0.030194;0.178994
2024-08-12;CNY_OIS_RUSFARCNY_3Y;-0.02373;0.17913
2024-08-13;CNY_OIS_RUSFARCNY_3Y;-0.013643;0.183243
2024-08-14;CNY_OIS_RUSFARCNY_3Y;-0.010844;0.180044
2024-08-15;CNY_OIS_RUSFARCNY_3Y;-0.009845;0.175245
2024-08-16;CNY_OIS_RUSFARCNY_3Y;-0.007727;0.171727
2024-08-19;CNY_OIS_RUSFARCNY_3Y;-0.005694;0.168294
2024-08-20;CNY_OIS_RUSFARCNY_3Y;-0.005458;0.163258
2024-08-21;CNY_OIS_RUSFARCNY_3Y;-0.00199;0.16159
2024-08-22;CNY_OIS_RUSFARCNY_3Y;0.000801;0.159399
2024-08-23;CNY_OIS_RUSFARCNY_3Y;0.005799;0.159601
2024-08-26;CNY_OIS_RUSFARCNY_3Y;0.009438;0.158562
2024-08-27;CNY_OIS_RUSFARCNY_3Y;0.012507;0.157093
2024-08-28;CNY_OIS_RUSFARCNY_3Y;0.014309;0.154491
2024-08-29;CNY_OIS_RUSFARCNY_3Y;0.016944;0.152856
2024-08-30;CNY_OIS_RUSFARCNY_3Y;0.197385;0.645615
2024-09-02;CNY_OIS_RUSFARCNY_3Y;0.297949;0.752051
2024-09-03;CNY_OIS_RUSFARCNY_3Y;0.374145;0.824455
2024-09-04;CNY_OIS_RUSFARCNY_3Y;1.128221;3.113379
2024-09-05;CNY_OIS_RUSFARCNY_3Y;-0.591509;2.031909
2024-09-06;CNY_OIS_RUSFARCNY_3Y;-1.102311;1.522711
2024-09-09;CNY_OIS_RUSFARCNY_3Y;-1.071841;1.473241
2024-09-10;CNY_OIS_RUSFARCNY_3Y;-1.117616;1.352216
2024-09-11;CNY_OIS_RUSFARCNY_3Y;-1.083397;1.311197
2024-09-12;CNY_OIS_RUSFARCNY_3Y;-1.035844;1.285844
2024-09-13;CNY_OIS_RUSFARCNY_3Y;-0.703727;1.582527
2024-09-18;CNY_OIS_RUSFARCNY_3Y;-0.267023;2.018023
2024-09-19;CNY_OIS_RUSFARCNY_3Y;-0.528;1.7162
2024-09-20;CNY_OIS_RUSFARCNY_3Y;-0.94214;1.29734
2024-09-23;CNY_OIS_RUSFARCNY_3Y;-0.95056;1.22136
2024-09-24;CNY_OIS_RUSFARCNY_3Y;-0.923384;1.182384
2024-09-25;CNY_OIS_RUSFARCNY_3Y;-0.888111;1.153511
2024-09-26;CNY_OIS_RUSFARCNY_3Y;-0.858213;1.121213
2024-09-27;CNY_OIS_RUSFARCNY_3Y;-0.826863;1.092263
2024-09-30;CNY_OIS_RUSFARCNY_3Y;-0.785264;1.075464
2024-10-08;CNY_OIS_RUSFARCNY_3Y;-0.762529;1.041529
2024-10-09;CNY_OIS_RUSFARCNY_3Y;-0.734749;1.014349
2024-10-10;CNY_OIS_RUSFARCNY_3Y;-0.707407;0.988407
2024-10-11;CNY_OIS_RUSFARCNY_3Y;-0.679877;0.964277
2024-10-14;CNY_OIS_RUSFARCNY_3Y;-0.658236;0.935836
2024-10-15;CNY_OIS_RUSFARCNY_3Y;-0.634956;0.910556
2024-10-16;CNY_OIS_RUSFARCNY_3Y;-0.611514;0.886914
2024-10-17;CNY_OIS_RUSFARCNY_3Y;-0.589991;0.862791
2024-10-18;CNY_OIS_RUSFARCNY_3Y;-0.565264;0.843264
2024-10-21;CNY_OIS_RUSFARCNY_3Y;-0.543709;0.821909
2024-10-22;CNY_OIS_RUSFARCNY_3Y;-0.522308;0.801708
2024-10-23;CNY_OIS_RUSFARCNY_3Y;-0.501441;0.782241
2024-10-24;CNY_OIS_RUSFARCNY_3Y;-0.480389;0.764189
2024-10-25;CNY_OIS_RUSFARCNY_3Y;-0.463633;0.743033
2024-10-28;CNY_OIS_RUSFARCNY_3Y;-0.385061;0.787461
2024-10-29;CNY_OIS_RUSFARCNY_3Y;-0.373515;0.763315
2024-10-30;CNY_OIS_RUSFARCNY_3Y;-0.3545;0.7477
2024-10-31;CNY_OIS_RUSFARCNY_3Y;-0.331128;0.737528
2024-11-01;CNY_OIS_RUSFARCNY_3Y;-0.316451;0.719651
2024-11-05;CNY_OIS_RUSFARCNY_3Y;-0.302771;0.701771
2024-11-06;CNY_OIS_RUSFARCNY_3Y;-0.375144;0.604744
2024-11-07;CNY_OIS_RUSFARCNY_3Y;-0.415355;0.537155
2024-11-08;CNY_OIS_RUSFARCNY_3Y;-0.43793;0.48673
2024-11-11;CNY_OIS_RUSFARCNY_3Y;-0.422547;0.473947
2024-11-12;CNY_OIS_RUSFARCNY_3Y;-0.388783;0.480783
2024-11-13;CNY_OIS_RUSFARCNY_3Y;-0.374938;0.468138
2024-11-14;CNY_OIS_RUSFARCNY_3Y;-0.336041;0.482041
2024-11-15;CNY_OIS_RUSFARCNY_3Y;-0.203511;0.606311
2024-11-18;CNY_OIS_RUSFARCNY_3Y;-0.230128;0.556528
2024-11-19;CNY_OIS_RUSFARCNY_3Y;-0.190756;0.572756
2024-11-20;CNY_OIS_RUSFARCNY_3Y;-0.171558;0.568758
2024-11-21;CNY_OIS_RUSFARCNY_3Y;-0.160781;0.556981
2024-11-22;CNY_OIS_RUSFARCNY_3Y;-0.139017;0.557017
2024-11-25;CNY_OIS_RUSFARCNY_3Y;-0.181185;0.496785
2024-11-26;CNY_OIS_RUSFARCNY_3Y;-0.299156;0.375556
2024-11-27;CNY_OIS_RUSFARCNY_3Y;-0.30107;0.35327
2024-11-28;CNY_OIS_RUSFARCNY_3Y;-0.30218;0.33238
2024-11-29;CNY_OIS_RUSFARCNY_3Y;-0.294818;0.320418
2024-12-02;CNY_OIS_RUSFARCNY_3Y;-0.270501;0.326301
2024-12-03;CNY_OIS_RUSFARCNY_3Y;-0.271684;0.307084
2024-12-04;CNY_OIS_RUSFARCNY_3Y;-0.270105;0.291105
2024-12-05;CNY_OIS_RUSFARCNY_3Y;-0.264463;0.279663
2024-12-06;CNY_OIS_RUSFARCNY_3Y;-0.25858;0.26898
2024-12-09;CNY_OIS_RUSFARCNY_3Y;-0.248647;0.262847
2024-12-10;CNY_OIS_RUSFARCNY_3Y;-0.229169;0.266969
2024-12-11;CNY_OIS_RUSFARCNY_3Y;-0.221612;0.259412
2024-12-12;CNY_OIS_RUSFARCNY_3Y;-0.220518;0.245918
2024-12-13;CNY_OIS_RUSFARCNY_3Y;-0.216221;0.236021
2024-12-16;CNY_OIS_RUSFARCNY_3Y;-0.208733;0.229733
2024-12-17;CNY_OIS_RUSFARCNY_3Y;-0.204861;0.220261
2024-12-18;CNY_OIS_RUSFARCNY_3Y;-0.189564;0.222764
2024-12-19;CNY_OIS_RUSFARCNY_3Y;-0.185086;0.214686
2024-12-20;CNY_OIS_RUSFARCNY_3Y;-0.185541;0.202141
2024-12-23;CNY_OIS_RUSFARCNY_3Y;-0.184461;0.191461
2024-12-24;CNY_OIS_RUSFARCNY_3Y;-0.181342;0.183142
2024-12-25;CNY_OIS_RUSFARCNY_3Y;-0.178298;0.175098
2024-12-26;CNY_OIS_RUSFARCNY_3Y;-0.176127;0.166527
2024-12-27;CNY_OIS_RUSFARCNY_3Y;-0.162398;0.169998
2025-01-09;CNY_OIS_RUSFARCNY_3Y;-0.159742;0.162542
2025-01-10;CNY_OIS_RUSFARCNY_3Y;-0.161184;0.151384
2025-01-13;CNY_OIS_RUSFARCNY_3Y;-0.154827;0.148227
2025-01-14;CNY_OIS_RUSFARCNY_3Y;-0.149911;0.143911
2025-01-15;CNY_OIS_RUSFARCNY_3Y;-0.142349;0.142549
2025-01-16;CNY_OIS_RUSFARCNY_3Y;-0.136911;0.139311
2025-01-17;CNY_OIS_RUSFARCNY_3Y;-0.132004;0.135804
2025-01-20;CNY_OIS_RUSFARCNY_3Y;-0.128425;0.131225
2025-01-21;CNY_OIS_RUSFARCNY_3Y;-0.12447;0.12727
2025-01-22;CNY_OIS_RUSFARCNY_3Y;-0.12214;0.12194
2025-01-23;CNY_OIS_RUSFARCNY_3Y;-0.121943;0.114743
2025-01-24;CNY_OIS_RUSFARCNY_3Y;-0.11954;0.10994
2025-01-27;CNY_OIS_RUSFARCNY_3Y;-0.116746;0.105746
2025-02-05;CNY_OIS_RUSFARCNY_3Y;-0.112657;0.103057
2025-02-06;CNY_OIS_RUSFARCNY_3Y;-0.107777;0.101377
2025-02-07;CNY_OIS_RUSFARCNY_3Y;-0.108115;0.094715
2025-02-10;CNY_OIS_RUSFARCNY_3Y;-0.106128;0.090528
2025-02-11;CNY_OIS_RUSFARCNY_3Y;-0.099955;0.090755
2025-02-12;CNY_OIS_RUSFARCNY_3Y;-0.097951;0.086951
2025-02-13;CNY_OIS_RUSFARCNY_3Y;-0.087569;0.091969
2025-02-17;CNY_OIS_RUSFARCNY_3Y;-0.086743;0.087343
2025-02-18;CNY_OIS_RUSFARCNY_3Y;-0.085697;0.083097
2025-02-19;CNY_OIS_RUSFARCNY_3Y;-0.08443;0.07923
2025-02-20;CNY_OIS_RUSFARCNY_3Y;-0.085876;0.072876
2025-02-21;CNY_OIS_RUSFARCNY_3Y;-0.079109;0.074909
2025-02-24;CNY_OIS_RUSFARCNY_3Y;-0.071928;0.077528
2025-02-25;CNY_OIS_RUSFARCNY_3Y;-0.070755;0.074155
2025-02-26;CNY_OIS_RUSFARCNY_3Y;-0.070559;0.069959
2025-02-28;CNY_OIS_RUSFARCNY_3Y;-0.072262;0.064062
2025-03-03;CNY_OIS_RUSFARCNY_3Y;-0.070385;0.061785
2025-03-04;CNY_OIS_RUSFARCNY_3Y;-0.070081;0.058081
2025-03-05;CNY_OIS_RUSFARCNY_3Y;-0.066043;0.058243
2025-03-06;CNY_OIS_RUSFARCNY_3Y;-0.062164;0.058364
2025-03-07;CNY_OIS_RUSFARCNY_3Y;-0.059431;0.057431
2025-03-10;CNY_OIS_RUSFARCNY_3Y;-0.055763;0.057563
2025-03-11;CNY_OIS_RUSFARCNY_3Y;-0.054137;0.055737
2025-03-12;CNY_OIS_RUSFARCNY_3Y;-0.052364;0.054164
2025-03-13;CNY_OIS_RUSFARCNY_3Y;-0.048954;0.054354
2025-03-14;CNY_OIS_RUSFARCNY_3Y;-0.048687;0.051487
2025-03-17;CNY_OIS_RUSFARCNY_3Y;-0.046662;0.050462
2025-03-18;CNY_OIS_RUSFARCNY_3Y;-0.044883;0.049283
2025-03-19;CNY_OIS_RUSFARCNY_3Y;-0.044756;0.046556
2025-03-20;CNY_OIS_RUSFARCNY_3Y;-0.043466;0.045066
2025-03-21;CNY_OIS_RUSFARCNY_3Y;-0.041419;0.044419
2025-03-24;CNY_OIS_RUSFARCNY_3Y;-0.040112;0.043112
2025-03-25;CNY_OIS_RUSFARCNY_3Y;-0.038744;0.041944
2025-03-26;CNY_OIS_RUSFARCNY_3Y;-0.038319;0.039919
2025-03-27;CNY_OIS_RUSFARCNY_3Y;-0.036628;0.039228
2025-03-28;CNY_OIS_RUSFARCNY_3Y;-0.035173;0.038373
2025-03-31;CNY_OIS_RUSFARCNY_3Y;-0.038039;0.033439
2025-04-01;CNY_OIS_RUSFARCNY_3Y;-0.039281;0.030081
2025-04-02;CNY_OIS_RUSFARCNY_3Y;-0.037925;0.029325
2025-04-03;CNY_OIS_RUSFARCNY_3Y;-0.033286;0.032086
2025-04-07;CNY_OIS_RUSFARCNY_3Y;-0.033805;0.029605
2025-04-08;CNY_OIS_RUSFARCNY_3Y;-0.033643;0.027843
2025-04-09;CNY_OIS_RUSFARCNY_3Y;-0.030442;0.029242
2025-04-10;CNY_OIS_RUSFARCNY_3Y;-0.029733;0.028133
2025-04-11;CNY_OIS_RUSFARCNY_3Y;-0.028553;0.027553
2025-04-14;CNY_OIS_RUSFARCNY_3Y;-0.027498;0.026898
2025-04-15;CNY_OIS_RUSFARCNY_3Y;-0.02677;0.02597
2025-04-16;CNY_OIS_RUSFARCNY_3Y;-0.02667;0.02447
2025-04-17;CNY_OIS_RUSFARCNY_3Y;-0.0249;0.0247
2025-04-18;CNY_OIS_RUSFARCNY_3Y;-0.023845;0.024245
2025-04-21;CNY_OIS_RUSFARCNY_3Y;-0.020476;0.026276
2025-04-22;CNY_OIS_RUSFARCNY_3Y;-0.019365;0.025965
2025-04-23;CNY_OIS_RUSFARCNY_3Y;-0.018276;0.025676
2025-04-24;CNY_OIS_RUSFARCNY_3Y;-0.019541;0.023141
2025-04-25;CNY_OIS_RUSFARCNY_3Y;-0.019292;0.022092
2025-04-28;CNY_OIS_RUSFARCNY_3Y;-0.024799;0.015999
2025-04-29;CNY_OIS_RUSFARCNY_3Y;-0.027163;0.012563
2025-04-30;CNY_OIS_RUSFARCNY_3Y;-0.022543;0.016343
2025-05-06;CNY_OIS_RUSFARCNY_3Y;-0.020378;0.017378
2025-05-07;CNY_OIS_RUSFARCNY_3Y;-0.017943;0.018743
2025-05-12;CNY_OIS_RUSFARCNY_3Y;-0.016689;0.018889
2025-05-13;CNY_OIS_RUSFARCNY_3Y;-0.015159;0.019359
2025-05-14;CNY_OIS_RUSFARCNY_3Y;-0.013743;0.019743
2025-05-15;CNY_OIS_RUSFARCNY_3Y;-0.014761;0.017761
2025-05-16;CNY_OIS_RUSFARCNY_3Y;-0.014366;0.017166
2025-05-19;CNY_OIS_RUSFARCNY_3Y;-0.014288;0.016288
2025-05-20;CNY_OIS_RUSFARCNY_3Y;-0.013129;0.016529
2025-05-21;CNY_OIS_RUSFARCNY_3Y;-0.012978;0.015778
2025-05-22;CNY_OIS_RUSFARCNY_3Y;-0.012143;0.015743
2025-05-23;CNY_OIS_RUSFARCNY_3Y;-0.011818;0.015218
2025-05-26;CNY_OIS_RUSFARCNY_3Y;-0.011809;0.014409
2025-05-27;CNY_OIS_RUSFARCNY_3Y;-0.010232;0.015232
2025-05-28;CNY_OIS_RUSFARCNY_3Y;-0.013544;0.011544
2025-05-29;CNY_OIS_RUSFARCNY_3Y;-0.012962;0.011362
2025-05-30;CNY_OIS_RUSFARCNY_3Y;-0.012096;0.011496
2025-06-03;CNY_OIS_RUSFARCNY_3Y;-0.0099;0.0131
2025-06-04;CNY_OIS_RUSFARCNY_3Y;-0.010568;0.011768
2025-06-05;CNY_OIS_RUSFARCNY_3Y;-0.01053;0.01113
2025-06-06;CNY_OIS_RUSFARCNY_3Y;-0.011115;0.009915
2025-06-09;CNY_OIS_RUSFARCNY_3Y;-0.010795;0.009595
2025-06-10;CNY_OIS_RUSFARCNY_3Y;-0.008566;0.011366
2025-06-11;CNY_OIS_RUSFARCNY_3Y;-0.009493;0.009893
2025-06-16;CNY_OIS_RUSFARCNY_3Y;-0.010219;0.008619
2025-06-17;CNY_OIS_RUSFARCNY_3Y;-0.008296;0.010096
2025-06-18;CNY_OIS_RUSFARCNY_3Y;-0.008727;0.009127
2025-06-19;CNY_OIS_RUSFARCNY_3Y;-0.008157;0.009157
2025-06-20;CNY_OIS_RUSFARCNY_3Y;-0.007993;0.008793
2025-06-23;CNY_OIS_RUSFARCNY_3Y;-0.007738;0.008538
2025-06-24;CNY_OIS_RUSFARCNY_3Y;-0.007691;0.008091
2025-06-25;CNY_OIS_RUSFARCNY_3Y;-0.00806;0.00726
2025-06-26;CNY_OIS_RUSFARCNY_3Y;-0.007529;0.007329
2025-06-27;CNY_OIS_RUSFARCNY_3Y;-0.007005;0.007405
2025-06-30;CNY_OIS_RUSFARCNY_3Y;-0.0061;0.0079
2025-07-01;CNY_OIS_RUSFARCNY_3Y;-0.006601;0.007001
2025-07-02;CNY_OIS_RUSFARCNY_3Y;-0.007005;0.006205
2025-07-03;CNY_OIS_RUSFARCNY_3Y;-0.008049;0.004849
2025-07-04;CNY_OIS_RUSFARCNY_3Y;-0.006069;0.006669
2025-07-07;CNY_OIS_RUSFARCNY_3Y;-0.005875;0.006475
2025-07-08;CNY_OIS_RUSFARCNY_3Y;-0.006299;0.005699
2025-07-09;CNY_OIS_RUSFARCNY_3Y;-0.006116;0.005516
2025-07-10;CNY_OIS_RUSFARCNY_3Y;-0.006448;0.004848
2025-07-11;CNY_OIS_RUSFARCNY_3Y;-0.005038;0.006038
2025-07-14;CNY_OIS_RUSFARCNY_3Y;-0.006233;0.004633
2025-07-15;CNY_OIS_RUSFARCNY_3Y;-0.006786;0.003786
2025-07-16;CNY_OIS_RUSFARCNY_3Y;-0.007557;0.002757
2025-07-17;CNY_OIS_RUSFARCNY_3Y;-0.008119;0.001919
2025-07-18;CNY_OIS_RUSFARCNY_3Y;-0.007966;0.001766
2025-07-21;CNY_OIS_RUSFARCNY_3Y;-0.006414;0.003214
2025-07-22;CNY_OIS_RUSFARCNY_3Y;-0.00531;0.00411
2025-07-23;CNY_OIS_RUSFARCNY_3Y;-0.005167;0.003967
2025-07-24;CNY_OIS_RUSFARCNY_3Y;-0.00483;0.00403
2025-07-25;CNY_OIS_RUSFARCNY_3Y;-0.006645;0.002245
2025-07-28;CNY_OIS_RUSFARCNY_3Y;-0.005647;0.003047
2025-07-29;CNY_OIS_RUSFARCNY_3Y;-0.005515;0.002915
2025-07-30;CNY_OIS_RUSFARCNY_3Y;-0.006218;0.002018
2025-07-31;CNY_OIS_RUSFARCNY_3Y;-0.005797;0.002197
2025-08-01;CNY_OIS_RUSFARCNY_3Y;-0.006084;0.001684
2025-08-04;CNY_OIS_RUSFARCNY_3Y;-0.005866;0.001666
2025-08-05;CNY_OIS_RUSFARCNY_3Y;-0.005456;0.001856
2025-08-06;CNY_OIS_RUSFARCNY_3Y;-0.005345;0.001745
2025-08-07;CNY_OIS_RUSFARCNY_3Y;-0.007588;-0.000212
2025-08-08;CNY_OIS_RUSFARCNY_3Y;-0.006711;0.000511
2025-08-11;CNY_OIS_RUSFARCNY_3Y;-0.005146;0.002146
2025-08-12;CNY_OIS_RUSFARCNY_3Y;-0.00534;0.00174
2025-08-13;CNY_OIS_RUSFARCNY_3Y;-0.004031;0.003031
2025-08-14;CNY_OIS_RUSFARCNY_3Y;-0.004871;0.002071
2025-08-15;CNY_OIS_RUSFARCNY_3Y;-0.004187;0.002587
2025-08-18;CNY_OIS_RUSFARCNY_3Y;-0.004084;0.002484
2025-08-19;CNY_OIS_RUSFARCNY_3Y;-0.004935;0.001535
2025-08-20;CNY_OIS_RUSFARCNY_3Y;-0.004542;0.001742
2025-08-21;CNY_OIS_RUSFARCNY_3Y;-0.004752;0.001352
2025-08-22;CNY_OIS_RUSFARCNY_3Y;-0.00476;0.00116
2025-08-25;CNY_OIS_RUSFARCNY_3Y;-0.00457;0.00117
2025-08-26;CNY_OIS_RUSFARCNY_3Y;-0.004584;0.000984
2025-08-27;CNY_OIS_RUSFARCNY_3Y;-0.004018;0.001418
2025-08-28;CNY_OIS_RUSFARCNY_3Y;-0.004242;0.001042
2025-08-29;CNY_OIS_RUSFARCNY_3Y;-0.004681;0.000481
2025-09-01;CNY_OIS_RUSFARCNY_3Y;-0.004806;0.000206
2025-09-02;CNY_OIS_RUSFARCNY_3Y;-0.00525;-0.00035
2025-09-03;CNY_OIS_RUSFARCNY_3Y;-0.005697;-0.000903
2025-09-04;CNY_OIS_RUSFARCNY_3Y;-0.005724;-0.001076
2025-09-05;CNY_OIS_RUSFARCNY_3Y;-0.006068;-0.001532
2025-09-08;CNY_OIS_RUSFARCNY_3Y;-0.005172;-0.000628
2025-09-09;CNY_OIS_RUSFARCNY_3Y;-0.004276;0.000276
2025-09-10;CNY_OIS_RUSFARCNY_3Y;-0.005535;-0.000865
2025-09-11;CNY_OIS_RUSFARCNY_3Y;-0.002821;0.003621
2025-09-12;CNY_OIS_RUSFARCNY_3Y;-0.001875;0.004475
2025-09-15;CNY_OIS_RUSFARCNY_3Y;-0.000263;0.006263
2025-09-16;CNY_OIS_RUSFARCNY_3Y;-0.000786;0.005586
2025-09-17;CNY_OIS_RUSFARCNY_3Y;-0.000689;0.005489
2025-09-18;CNY_OIS_RUSFARCNY_3Y;-0.000496;0.005496
2025-09-19;CNY_OIS_RUSFARCNY_3Y;-0.000607;0.005207
2025-09-22;CNY_OIS_RUSFARCNY_3Y;-0.001145;0.004545
2025-09-23;CNY_OIS_RUSFARCNY_3Y;-0.001576;0.003976
2025-09-24;CNY_OIS_RUSFARCNY_3Y;-0.001392;0.003992
2025-09-25;CNY_OIS_RUSFARCNY_3Y;-0.001411;0.003811
2025-09-26;CNY_OIS_RUSFARCNY_3Y;-0.001135;0.003935
2025-09-29;CNY_OIS_RUSFARCNY_3Y;-0.000765;0.004165
2025-09-30;CNY_OIS_RUSFARCNY_3Y;-0.005792;0.001192
2025-10-09;CNY_OIS_RUSFARCNY_3Y;-0.003396;0.004196
2025-10-10;CNY_OIS_RUSFARCNY_3Y;-0.00289;0.00449
2025-10-13;CNY_OIS_RUSFARCNY_3Y;-0.002105;0.005105
2025-10-14;CNY_OIS_RUSFARCNY_3Y;-0.0017;0.0053
2025-10-15;CNY_OIS_RUSFARCNY_3Y;-0.001299;0.005499
2025-10-16;CNY_OIS_RUSFARCNY_3Y;-0.001195;0.005395
2025-10-17;CNY_OIS_RUSFARCNY_3Y;-0.001297;0.005097
2025-10-20;CNY_OIS_RUSFARCNY_3Y;-0.000716;0.005516
2025-10-21;CNY_OIS_RUSFARCNY_3Y;-0.000722;0.005322
2025-10-22;CNY_OIS_RUSFARCNY_3Y;-0.001041;0.004841
2025-10-23;CNY_OIS_RUSFARCNY_3Y;-0.000377;0.005377
2025-10-24;CNY_OIS_RUSFARCNY_3Y;-0.000492;0.005092
2025-10-27;CNY_OIS_RUSFARCNY_3Y;-0.000508;0.004908
2025-10-28;CNY_OIS_RUSFARCNY_3Y;-0.000628;0.004628
2025-10-29;CNY_OIS_RUSFARCNY_3Y;-0.001743;0.003543
2025-10-30;CNY_OIS_RUSFARCNY_3Y;-0.001182;0.003982
2025-10-31;CNY_OIS_RUSFARCNY_3Y;-0.001516;0.003516
2025-11-05;CNY_OIS_RUSFARCNY_3Y;-0.000869;0.004069
2025-11-06;CNY_OIS_RUSFARCNY_3Y;-0.000315;0.004515
2025-11-07;CNY_OIS_RUSFARCNY_3Y;0.000917;0.005883
2025-11-10;CNY_OIS_RUSFARCNY_3Y;0.000362;0.005238
2025-11-11;CNY_OIS_RUSFARCNY_3Y;-0.000418;0.004418
2025-11-12;CNY_OIS_RUSFARCNY_3Y;-0.000652;0.004052
2025-11-13;CNY_OIS_RUSFARCNY_3Y;0.000495;0.005305
2025-11-14;CNY_OIS_RUSFARCNY_3Y;0.000861;0.005539
2025-11-17;CNY_OIS_RUSFARCNY_3Y;0.000624;0.005176
2025-11-18;CNY_OIS_RUSFARCNY_3Y;0.000693;0.005107
2025-11-19;CNY_OIS_RUSFARCNY_3Y;-0.000215;0.004215
2025-11-20;CNY_OIS_RUSFARCNY_3Y;0.000144;0.004456
2025-11-21;CNY_OIS_RUSFARCNY_3Y;6e-06;0.004194
2025-11-24;CNY_OIS_RUSFARCNY_3Y;0.000454;0.004546
2025-11-25;CNY_OIS_RUSFARCNY_3Y;-0.000233;0.003833
2025-11-26;CNY_OIS_RUSFARCNY_3Y;0.000212;0.004188
2025-11-27;CNY_OIS_RUSFARCNY_3Y;0.000273;0.004127
2025-11-28;CNY_OIS_RUSFARCNY_3Y;-0.000307;0.003507
2025-12-01;CNY_OIS_RUSFARCNY_3Y;0.000482;0.004318
2025-12-02;CNY_OIS_RUSFARCNY_3Y;-0.00081;0.00321
2025-12-03;CNY_OIS_RUSFARCNY_3Y;-0.00185;0.00225
2025-12-04;CNY_OIS_RUSFARCNY_3Y;-0.002313;0.001713
2025-12-05;CNY_OIS_RUSFARCNY_3Y;-0.002153;0.001753
2025-12-08;CNY_OIS_RUSFARCNY_3Y;0.000628;0.006972
2025-12-09;CNY_OIS_RUSFARCNY_3Y;0.000724;0.006876
2025-12-10;CNY_OIS_RUSFARCNY_3Y;0.000512;0.006488
2025-12-11;CNY_OIS_RUSFARCNY_3Y;0.0004;0.0062
2025-12-12;CNY_OIS_RUSFARCNY_3Y;0.000686;0.006314
2025-12-15;CNY_OIS_RUSFARCNY_3Y;0.001253;0.006747
2025-12-16;CNY_OIS_RUSFARCNY_3Y;0.000709;0.006091
2025-12-17;CNY_OIS_RUSFARCNY_3Y;5.3e-05;0.005347
2025-12-18;CNY_OIS_RUSFARCNY_3Y;0.000331;0.005469
2025-12-19;CNY_OIS_RUSFARCNY_3Y;0.000308;0.005292
2025-12-22;CNY_OIS_RUSFARCNY_3Y;0.001044;0.005956
2025-12-23;CNY_OIS_RUSFARCNY_3Y;0.001597;0.006403
2025-12-24;CNY_OIS_RUSFARCNY_3Y;0.002057;0.006743
2025-12-25;CNY_OIS_RUSFARCNY_3Y;0.00242;0.00698
2025-12-26;CNY_OIS_RUSFARCNY_3Y;0.001281;0.005919
2025-12-29;CNY_OIS_RUSFARCNY_3Y;0.000937;0.005463
2026-01-12;CNY_OIS_RUSFARCNY_3Y;0.002525;0.007475
2026-01-13;CNY_OIS_RUSFARCNY_3Y;0.000541;0.005859
2026-01-14;CNY_OIS_RUSFARCNY_3Y;0.000315;0.005485
2026-01-15;CNY_OIS_RUSFARCNY_3Y;0.000394;0.005406
2026-01-16;CNY_OIS_RUSFARCNY_3Y;-5e-05;0.00485
2026-01-19;CNY_OIS_RUSFARCNY_3Y;2.4e-05;0.004776
2026-01-20;CNY_OIS_RUSFARCNY_3Y;0.000665;0.005335
2026-01-21;CNY_OIS_RUSFARCNY_3Y;0.004916;0.014684
2026-01-22;CNY_OIS_RUSFARCNY_3Y;0.010071;0.022729
2026-01-23;CNY_OIS_RUSFARCNY_3Y;-0.001138;0.015738
2026-01-26;CNY_OIS_RUSFARCNY_3Y;-0.00029;0.01609
2026-01-27;CNY_OIS_RUSFARCNY_3Y;-0.000444;0.015444
2026-01-28;CNY_OIS_RUSFARCNY_3Y;-0.000915;0.014515
2026-01-29;CNY_OIS_RUSFARCNY_3Y;-0.002567;0.012567
2026-01-30;CNY_OIS_RUSFARCNY_3Y;-0.002039;0.012639
2026-02-02;CNY_OIS_RUSFARCNY_3Y;0.000509;0.015091
2026-02-03;CNY_OIS_RUSFARCNY_3Y;0.002258;0.016542
2026-02-04;CNY_OIS_RUSFARCNY_3Y;0.003446;0.017354
2026-02-05;CNY_OIS_RUSFARCNY_3Y;0.003355;0.016845
2026-02-06;CNY_OIS_RUSFARCNY_3Y;0.04271;0.15889
2026-02-09;CNY_OIS_RUSFARCNY_3Y;0.032398;0.146002
2026-02-10;CNY_OIS_RUSFARCNY_3Y;-0.036726;0.096726
2026-02-11;CNY_OIS_RUSFARCNY_3Y;0.037973;0.217427
2026-02-12;CNY_OIS_RUSFARCNY_3Y;-0.006616;0.175816
2026-02-13;CNY_OIS_RUSFARCNY_3Y;-0.013961;0.163361
2026-02-24;CNY_OIS_RUSFARCNY_3Y;0.017762;0.194238
2026-02-25;CNY_OIS_RUSFARCNY_3Y;0.018441;0.189559
2026-02-26;CNY_OIS_RUSFARCNY_3Y;0.020145;0.186055
2026-02-27;CNY_OIS_RUSFARCNY_3Y;0.003643;0.166157
2026-03-02;CNY_OIS_RUSFARCNY_3Y;-0.01645;0.14345
2026-03-03;CNY_OIS_RUSFARCNY_3Y;-0.021973;0.133373
2026-03-04;CNY_OIS_RUSFARCNY_3Y;-0.009403;0.141803
2026-03-05;CNY_OIS_RUSFARCNY_3Y;-0.011451;0.135251
2026-03-06;CNY_OIS_RUSFARCNY_3Y;-0.003126;0.139326
2026-03-10;CNY_OIS_RUSFARCNY_3Y;-0.009248;0.129248
2026-03-11;CNY_OIS_RUSFARCNY_3Y;0.016343;0.154457
2026-03-12;CNY_OIS_RUSFARCNY_3Y;0.045695;0.184905
2026-03-13;CNY_OIS_RUSFARCNY_3Y;0.055529;0.190871
2026-03-16;CNY_OIS_RUSFARCNY_3Y;0.072262;0.204938
2026-03-17;CNY_OIS_RUSFARCNY_3Y;0.078817;0.207583
2026-03-18;CNY_OIS_RUSFARCNY_3Y;0.133251;0.282949
2026-03-19;CNY_OIS_RUSFARCNY_3Y;0.275243;0.603357
2026-03-20;CNY_OIS_RUSFARCNY_3Y;-0.078229;0.398629
2026-03-23;CNY_OIS_RUSFARCNY_3Y;-0.165537;0.310137
2026-03-24;CNY_OIS_RUSFARCNY_3Y;-0.137005;0.325005
2026-03-25;CNY_OIS_RUSFARCNY_3Y;-0.100401;0.349201
2026-03-26;CNY_OIS_RUSFARCNY_3Y;-0.124599;0.312999
2026-03-27;CNY_OIS_RUSFARCNY_3Y;-0.127723;0.296723
2026-03-30;CNY_OIS_RUSFARCNY_3Y;-0.158315;0.255715
2026-03-31;CNY_OIS_RUSFARCNY_3Y;-0.175647;0.226847
2026-04-01;CNY_OIS_RUSFARCNY_3Y;-0.158446;0.232046
2026-04-02;CNY_OIS_RUSFARCNY_3Y;-0.145058;0.233658
2026-04-03;CNY_OIS_RUSFARCNY_3Y;-0.129987;0.237387
2026-04-07;CNY_OIS_RUSFARCNY_3Y;-0.142239;0.214639
2026-04-08;CNY_OIS_RUSFARCNY_3Y;-0.163062;0.184462
2026-04-09;CNY_OIS_RUSFARCNY_3Y;-0.159171;0.177771
2026-04-10;CNY_OIS_RUSFARCNY_3Y;-0.154139;0.172539
2026-04-13;CNY_OIS_RUSFARCNY_3Y;-0.128537;0.189337
2026-04-14;CNY_OIS_RUSFARCNY_3Y;-0.136297;0.172297
2026-04-15;CNY_OIS_RUSFARCNY_3Y;-0.142966;0.156566
2026-04-16;CNY_OIS_RUSFARCNY_3Y;-0.139706;0.150706
2026-04-17;CNY_OIS_RUSFARCNY_3Y;-0.135783;0.145783
2026-04-20;CNY_OIS_RUSFARCNY_3Y;-0.130994;0.141994
2026-04-21;CNY_OIS_RUSFARCNY_3Y;-0.129648;0.135048
2026-04-22;CNY_OIS_RUSFARCNY_3Y;-0.126217;0.130417
2026-04-23;CNY_OIS_RUSFARCNY_3Y;-0.122408;0.126408
2013-01-05;CNY_OIS_RUSFARCNY_5Y;0.011468;0.02844
2013-01-06;CNY_OIS_RUSFARCNY_5Y;0.010632;0.027176
2013-01-07;CNY_OIS_RUSFARCNY_5Y;0.010414;0.026472
2013-01-08;CNY_OIS_RUSFARCNY_5Y;0.010579;0.026149
2013-01-09;CNY_OIS_RUSFARCNY_5Y;0.01043;0.025538
2013-01-10;CNY_OIS_RUSFARCNY_5Y;0.01067;0.025318
2013-01-11;CNY_OIS_RUSFARCNY_5Y;0.010853;0.025055
2013-01-14;CNY_OIS_RUSFARCNY_5Y;0.010806;0.024582
2013-01-15;CNY_OIS_RUSFARCNY_5Y;0.011282;0.024646
2013-01-16;CNY_OIS_RUSFARCNY_5Y;0.01114;0.024108
2013-01-17;CNY_OIS_RUSFARCNY_5Y;0.010908;0.0235
2013-01-18;CNY_OIS_RUSFARCNY_5Y;0.010586;0.022822
2013-01-21;CNY_OIS_RUSFARCNY_5Y;0.01056;0.022428
2013-01-22;CNY_OIS_RUSFARCNY_5Y;0.010425;0.021943
2013-01-23;CNY_OIS_RUSFARCNY_5Y;0.010738;0.021908
2013-01-24;CNY_OIS_RUSFARCNY_5Y;0.012067;0.023091
2013-01-25;CNY_OIS_RUSFARCNY_5Y;0.012591;0.023297
2013-01-28;CNY_OIS_RUSFARCNY_5Y;0.012724;0.023104
2013-01-29;CNY_OIS_RUSFARCNY_5Y;0.012882;0.022946
2013-01-30;CNY_OIS_RUSFARCNY_5Y;0.013036;0.022792
2013-01-31;CNY_OIS_RUSFARCNY_5Y;0.014979;0.025049
2013-02-01;CNY_OIS_RUSFARCNY_5Y;0.017932;0.029386
2013-02-04;CNY_OIS_RUSFARCNY_5Y;0.019541;0.030947
2013-02-05;CNY_OIS_RUSFARCNY_5Y;0.022909;0.035919
2013-02-06;CNY_OIS_RUSFARCNY_5Y;0.025957;0.039791
2013-02-07;CNY_OIS_RUSFARCNY_5Y;0.026658;0.040096
2013-02-08;CNY_OIS_RUSFARCNY_5Y;0.014015;0.034113
2013-02-16;CNY_OIS_RUSFARCNY_5Y;0.005251;0.028177
2013-02-17;CNY_OIS_RUSFARCNY_5Y;0.004771;0.027037
2013-02-18;CNY_OIS_RUSFARCNY_5Y;0.004776;0.026372
2013-02-19;CNY_OIS_RUSFARCNY_5Y;0.005138;0.026076
2013-02-20;CNY_OIS_RUSFARCNY_5Y;0.005562;0.025862
2013-02-21;CNY_OIS_RUSFARCNY_5Y;0.007188;0.027
2013-02-22;CNY_OIS_RUSFARCNY_5Y;0.009194;0.028634
2013-02-25;CNY_OIS_RUSFARCNY_5Y;0.011227;0.030321
2013-02-26;CNY_OIS_RUSFARCNY_5Y;0.019656;0.047972
2013-02-27;CNY_OIS_RUSFARCNY_5Y;0.022364;0.050104
2013-02-28;CNY_OIS_RUSFARCNY_5Y;0.023561;0.050487
2013-03-01;CNY_OIS_RUSFARCNY_5Y;0.025181;0.051367
2013-03-04;CNY_OIS_RUSFARCNY_5Y;0.01539;0.044308
2013-03-05;CNY_OIS_RUSFARCNY_5Y;0.012894;0.041294
2013-03-06;CNY_OIS_RUSFARCNY_5Y;0.011664;0.039324
2013-03-07;CNY_OIS_RUSFARCNY_5Y;0.008021;0.035527
2013-03-08;CNY_OIS_RUSFARCNY_5Y;0.008259;0.034929
2013-03-11;CNY_OIS_RUSFARCNY_5Y;0.006155;0.032303
2013-03-12;CNY_OIS_RUSFARCNY_5Y;0.005139;0.030589
2013-03-13;CNY_OIS_RUSFARCNY_5Y;0.005295;0.029973
2013-03-14;CNY_OIS_RUSFARCNY_5Y;0.005521;0.029447
2013-03-15;CNY_OIS_RUSFARCNY_5Y;0.005955;0.029153
2013-03-18;CNY_OIS_RUSFARCNY_5Y;0.01029;0.034018
2013-03-19;CNY_OIS_RUSFARCNY_5Y;0.00767;0.031118
2013-03-20;CNY_OIS_RUSFARCNY_5Y;0.005943;0.028905
2013-03-21;CNY_OIS_RUSFARCNY_5Y;0.005124;0.027464
2013-03-22;CNY_OIS_RUSFARCNY_5Y;0.004101;0.025867
2013-03-25;CNY_OIS_RUSFARCNY_5Y;0.003155;0.024355
2013-03-26;CNY_OIS_RUSFARCNY_5Y;0.003377;0.023931
2013-03-27;CNY_OIS_RUSFARCNY_5Y;0.004345;0.024303
2013-03-28;CNY_OIS_RUSFARCNY_5Y;0.004738;0.02409
2013-03-29;CNY_OIS_RUSFARCNY_5Y;0.011634;0.035874
2013-04-01;CNY_OIS_RUSFARCNY_5Y;0.003774;0.029884
2013-04-02;CNY_OIS_RUSFARCNY_5Y;0.004444;0.029764
2013-04-03;CNY_OIS_RUSFARCNY_5Y;0.005555;0.030133
2013-04-07;CNY_OIS_RUSFARCNY_5Y;0.005319;0.029169
2013-04-08;CNY_OIS_RUSFARCNY_5Y;0.007097;0.030347
2013-04-09;CNY_OIS_RUSFARCNY_5Y;0.007038;0.02959
2013-04-10;CNY_OIS_RUSFARCNY_5Y;0.007216;0.029082
2013-04-11;CNY_OIS_RUSFARCNY_5Y;0.006973;0.028193
2013-04-12;CNY_OIS_RUSFARCNY_5Y;0.006859;0.027445
2013-04-15;CNY_OIS_RUSFARCNY_5Y;0.007464;0.02743
2013-04-16;CNY_OIS_RUSFARCNY_5Y;0.007401;0.026767
2013-04-17;CNY_OIS_RUSFARCNY_5Y;0.007664;0.02644
2013-04-18;CNY_OIS_RUSFARCNY_5Y;0.009753;0.028235
2013-04-19;CNY_OIS_RUSFARCNY_5Y;0.012663;0.031225
2013-04-22;CNY_OIS_RUSFARCNY_5Y;0.014218;0.03235
2013-04-23;CNY_OIS_RUSFARCNY_5Y;0.017408;0.03582
2013-04-24;CNY_OIS_RUSFARCNY_5Y;0.024875;0.050173
2013-04-25;CNY_OIS_RUSFARCNY_5Y;0.027415;0.052233
2013-04-26;CNY_OIS_RUSFARCNY_5Y;0.010875;0.042953
2013-04-27;CNY_OIS_RUSFARCNY_5Y;0.011523;0.042625
2013-04-28;CNY_OIS_RUSFARCNY_5Y;0.01006;0.040368
2013-05-02;CNY_OIS_RUSFARCNY_5Y;0.01022;0.039608
2013-05-03;CNY_OIS_RUSFARCNY_5Y;0.012573;0.041255
2013-05-06;CNY_OIS_RUSFARCNY_5Y;0.010693;0.038735
2013-05-07;CNY_OIS_RUSFARCNY_5Y;0.006489;0.034539
2013-05-08;CNY_OIS_RUSFARCNY_5Y;0.004262;0.031766
2013-05-09;CNY_OIS_RUSFARCNY_5Y;0.004681;0.031347
2013-05-10;CNY_OIS_RUSFARCNY_5Y;0.005385;0.031243
2013-05-13;CNY_OIS_RUSFARCNY_5Y;0.005951;0.031023
2013-05-14;CNY_OIS_RUSFARCNY_5Y;0.007141;0.031487
2013-05-15;CNY_OIS_RUSFARCNY_5Y;0.007556;0.031162
2013-05-16;CNY_OIS_RUSFARCNY_5Y;0.011889;0.035979
2013-05-17;CNY_OIS_RUSFARCNY_5Y;0.013617;0.037089
2013-05-20;CNY_OIS_RUSFARCNY_5Y;0.015068;0.0379
2013-05-21;CNY_OIS_RUSFARCNY_5Y;0.018961;0.042067
2013-05-22;CNY_OIS_RUSFARCNY_5Y;0.019941;0.042367
2013-05-23;CNY_OIS_RUSFARCNY_5Y;0.022649;0.044799
2013-05-24;CNY_OIS_RUSFARCNY_5Y;0.021118;0.04279
2013-05-27;CNY_OIS_RUSFARCNY_5Y;0.021999;0.043029
2013-05-28;CNY_OIS_RUSFARCNY_5Y;0.020074;0.040754
2013-05-29;CNY_OIS_RUSFARCNY_5Y;0.01709;0.037738
2013-05-30;CNY_OIS_RUSFARCNY_5Y;0.020422;0.041206
2013-05-31;CNY_OIS_RUSFARCNY_5Y;0.028329;0.055519
2013-06-03;CNY_OIS_RUSFARCNY_5Y;0.029699;0.056109
2013-06-04;CNY_OIS_RUSFARCNY_5Y;0.029263;0.054905
2013-06-05;CNY_OIS_RUSFARCNY_5Y;0.030683;0.055605
2013-06-06;CNY_OIS_RUSFARCNY_5Y;0.040284;0.073184
2013-06-07;CNY_OIS_RUSFARCNY_5Y;0.055051;0.104657
2013-06-08;CNY_OIS_RUSFARCNY_5Y;0.066455;0.118993
2013-06-09;CNY_OIS_RUSFARCNY_5Y;0.041093;0.102535
2013-06-13;CNY_OIS_RUSFARCNY_5Y;0.033324;0.094324
2013-06-14;CNY_OIS_RUSFARCNY_5Y;0.036935;0.096253
2013-06-17;CNY_OIS_RUSFARCNY_5Y;0.011275;0.078813
2013-06-18;CNY_OIS_RUSFARCNY_5Y;0.019508;0.08624
2013-06-19;CNY_OIS_RUSFARCNY_5Y;0.036989;0.110039
2013-06-20;CNY_OIS_RUSFARCNY_5Y;0.07209;0.190618
2013-06-21;CNY_OIS_RUSFARCNY_5Y;0.01143;0.152238
2013-06-24;CNY_OIS_RUSFARCNY_5Y;-0.008411;0.132019
2013-06-25;CNY_OIS_RUSFARCNY_5Y;-0.014082;0.12263
2013-06-26;CNY_OIS_RUSFARCNY_5Y;-0.013847;0.118735
2013-06-27;CNY_OIS_RUSFARCNY_5Y;-0.011748;0.116796
2013-06-28;CNY_OIS_RUSFARCNY_5Y;-0.016197;0.108845
2013-07-01;CNY_OIS_RUSFARCNY_5Y;-0.019274;0.102222
2013-07-02;CNY_OIS_RUSFARCNY_5Y;-0.02438;0.093928
2013-07-03;CNY_OIS_RUSFARCNY_5Y;-0.026525;0.088353
2013-07-04;CNY_OIS_RUSFARCNY_5Y;-0.025297;0.086085
2013-07-05;CNY_OIS_RUSFARCNY_5Y;-0.023281;0.084709
2013-07-08;CNY_OIS_RUSFARCNY_5Y;-0.022886;0.081834
2013-07-09;CNY_OIS_RUSFARCNY_5Y;-0.021361;0.080169
2013-07-10;CNY_OIS_RUSFARCNY_5Y;-0.019795;0.078643
2013-07-11;CNY_OIS_RUSFARCNY_5Y;-0.017266;0.078188
2013-07-12;CNY_OIS_RUSFARCNY_5Y;-0.016361;0.076189
2013-07-15;CNY_OIS_RUSFARCNY_5Y;-0.014953;0.074777
2013-07-16;CNY_OIS_RUSFARCNY_5Y;-0.016518;0.070606
2013-07-17;CNY_OIS_RUSFARCNY_5Y;-0.015643;0.068831
2013-07-18;CNY_OIS_RUSFARCNY_5Y;-0.014057;0.067845
2013-07-19;CNY_OIS_RUSFARCNY_5Y;-0.012391;0.067019
2013-07-22;CNY_OIS_RUSFARCNY_5Y;-0.01055;0.066448
2013-07-23;CNY_OIS_RUSFARCNY_5Y;-0.009058;0.065596
2013-07-24;CNY_OIS_RUSFARCNY_5Y;-0.006984;0.065412
2013-07-25;CNY_OIS_RUSFARCNY_5Y;-0.0047;0.065518
2013-07-26;CNY_OIS_RUSFARCNY_5Y;-0.001665;0.066493
2013-07-29;CNY_OIS_RUSFARCNY_5Y;0.000879;0.067009
2013-07-30;CNY_OIS_RUSFARCNY_5Y;0.001262;0.065386
2013-07-31;CNY_OIS_RUSFARCNY_5Y;0.002815;0.064993
2013-08-01;CNY_OIS_RUSFARCNY_5Y;0.002237;0.062571
2013-08-02;CNY_OIS_RUSFARCNY_5Y;0.000105;0.058801
2013-08-05;CNY_OIS_RUSFARCNY_5Y;-0.000568;0.056396
2013-08-06;CNY_OIS_RUSFARCNY_5Y;0.0003;0.055528
2013-08-07;CNY_OIS_RUSFARCNY_5Y;0.001146;0.054692
2013-08-08;CNY_OIS_RUSFARCNY_5Y;0.002592;0.054518
2013-08-09;CNY_OIS_RUSFARCNY_5Y;0.000798;0.05131
2013-08-12;CNY_OIS_RUSFARCNY_5Y;0.002069;0.051049
2013-08-13;CNY_OIS_RUSFARCNY_5Y;0.005327;0.053007
2013-08-14;CNY_OIS_RUSFARCNY_5Y;0.008086;0.054442
2013-08-15;CNY_OIS_RUSFARCNY_5Y;0.007237;0.052251
2013-08-16;CNY_OIS_RUSFARCNY_5Y;0.007175;0.050833
2013-08-19;CNY_OIS_RUSFARCNY_5Y;0.00972;0.052168
2013-08-20;CNY_OIS_RUSFARCNY_5Y;0.014545;0.056363
2013-08-21;CNY_OIS_RUSFARCNY_5Y;0.011624;0.052544
2013-08-22;CNY_OIS_RUSFARCNY_5Y;0.010604;0.050364
2013-08-23;CNY_OIS_RUSFARCNY_5Y;0.010275;0.048853
2013-08-26;CNY_OIS_RUSFARCNY_5Y;0.008489;0.046079
2013-08-27;CNY_OIS_RUSFARCNY_5Y;0.008749;0.045199
2013-08-28;CNY_OIS_RUSFARCNY_5Y;0.010209;0.045579
2013-08-29;CNY_OIS_RUSFARCNY_5Y;0.009298;0.04367
2013-08-30;CNY_OIS_RUSFARCNY_5Y;0.01058;0.043928
2013-09-02;CNY_OIS_RUSFARCNY_5Y;0.010935;0.043269
2013-09-03;CNY_OIS_RUSFARCNY_5Y;0.011245;0.042595
2013-09-04;CNY_OIS_RUSFARCNY_5Y;0.011767;0.042161
2013-09-05;CNY_OIS_RUSFARCNY_5Y;0.011049;0.040579
2013-09-06;CNY_OIS_RUSFARCNY_5Y;0.012091;0.040737
2013-09-09;CNY_OIS_RUSFARCNY_5Y;0.012225;0.040003
2013-09-10;CNY_OIS_RUSFARCNY_5Y;0.012401;0.039337
2013-09-11;CNY_OIS_RUSFARCNY_5Y;0.01396;0.040148
2013-09-12;CNY_OIS_RUSFARCNY_5Y;0.013883;0.039285
2013-09-13;CNY_OIS_RUSFARCNY_5Y;0.01439;0.039018
2013-09-16;CNY_OIS_RUSFARCNY_5Y;0.015053;0.038935
2013-09-17;CNY_OIS_RUSFARCNY_5Y;0.0196;0.044088
2013-09-18;CNY_OIS_RUSFARCNY_5Y;0.020601;0.044367
2013-09-22;CNY_OIS_RUSFARCNY_5Y;0.021123;0.044165
2013-09-23;CNY_OIS_RUSFARCNY_5Y;0.023718;0.04641
2013-09-24;CNY_OIS_RUSFARCNY_5Y;0.021935;0.044181
2013-09-25;CNY_OIS_RUSFARCNY_5Y;0.019378;0.04139
2013-09-26;CNY_OIS_RUSFARCNY_5Y;0.01719;0.038878
2013-09-27;CNY_OIS_RUSFARCNY_5Y;0.017873;0.038909
2013-09-29;CNY_OIS_RUSFARCNY_5Y;0.018217;0.038611
2013-09-30;CNY_OIS_RUSFARCNY_5Y;0.018286;0.038062
2013-10-08;CNY_OIS_RUSFARCNY_5Y;0.017827;0.037041
2013-10-09;CNY_OIS_RUSFARCNY_5Y;0.019803;0.038665
2013-10-10;CNY_OIS_RUSFARCNY_5Y;0.021017;0.039371
2013-10-11;CNY_OIS_RUSFARCNY_5Y;0.018821;0.037007
2013-10-12;CNY_OIS_RUSFARCNY_5Y;0.018348;0.03602
2013-10-14;CNY_OIS_RUSFARCNY_5Y;0.019448;0.03664
2013-10-15;CNY_OIS_RUSFARCNY_5Y;0.01975;0.036418
2013-10-16;CNY_OIS_RUSFARCNY_5Y;0.019368;0.03556
2013-10-17;CNY_OIS_RUSFARCNY_5Y;0.019443;0.035145
2013-10-18;CNY_OIS_RUSFARCNY_5Y;0.019306;0.034542
2013-10-21;CNY_OIS_RUSFARCNY_5Y;0.020112;0.034916
2013-10-22;CNY_OIS_RUSFARCNY_5Y;0.020258;0.03461
2013-10-23;CNY_OIS_RUSFARCNY_5Y;0.025539;0.043889
2013-10-24;CNY_OIS_RUSFARCNY_5Y;0.028545;0.047043
2013-10-25;CNY_OIS_RUSFARCNY_5Y;0.031329;0.049839
2013-10-28;CNY_OIS_RUSFARCNY_5Y;0.032264;0.050244
2013-10-29;CNY_OIS_RUSFARCNY_5Y;0.032657;0.050091
2013-10-30;CNY_OIS_RUSFARCNY_5Y;0.038588;0.05984
2013-10-31;CNY_OIS_RUSFARCNY_5Y;0.031247;0.054381
2013-11-01;CNY_OIS_RUSFARCNY_5Y;0.028312;0.051282
2013-11-04;CNY_OIS_RUSFARCNY_5Y;0.02664;0.04913
2013-11-05;CNY_OIS_RUSFARCNY_5Y;0.025056;0.047066
2013-11-06;CNY_OIS_RUSFARCNY_5Y;0.022641;0.044387
2013-11-07;CNY_OIS_RUSFARCNY_5Y;0.023656;0.044772
2013-11-08;CNY_OIS_RUSFARCNY_5Y;0.024285;0.044763
2013-11-11;CNY_OIS_RUSFARCNY_5Y;0.022899;0.042929
2013-11-12;CNY_OIS_RUSFARCNY_5Y;0.020242;0.040166
2013-11-13;CNY_OIS_RUSFARCNY_5Y;0.020615;0.039933
2013-11-14;CNY_OIS_RUSFARCNY_5Y;0.027103;0.050485
2013-11-15;CNY_OIS_RUSFARCNY_5Y;0.02991;0.052998
2013-11-18;CNY_OIS_RUSFARCNY_5Y;0.030841;0.053247
2013-11-19;CNY_OIS_RUSFARCNY_5Y;0.026222;0.049106
2013-11-20;CNY_OIS_RUSFARCNY_5Y;0.026389;0.048579
2013-11-21;CNY_OIS_RUSFARCNY_5Y;0.024959;0.046649
2013-11-22;CNY_OIS_RUSFARCNY_5Y;0.025389;0.046419
2013-11-25;CNY_OIS_RUSFARCNY_5Y;0.025181;0.045587
2013-11-26;CNY_OIS_RUSFARCNY_5Y;0.024447;0.044301
2013-11-27;CNY_OIS_RUSFARCNY_5Y;0.024928;0.04418
2013-11-28;CNY_OIS_RUSFARCNY_5Y;0.02504;0.043708
2013-11-29;CNY_OIS_RUSFARCNY_5Y;0.025123;0.043225
2013-12-02;CNY_OIS_RUSFARCNY_5Y;0.025617;0.043171
2013-12-03;CNY_OIS_RUSFARCNY_5Y;0.025652;0.042676
2013-12-04;CNY_OIS_RUSFARCNY_5Y;0.025896;0.042402
2013-12-05;CNY_OIS_RUSFARCNY_5Y;0.025941;0.041947
2013-12-06;CNY_OIS_RUSFARCNY_5Y;0.026155;0.041673
2013-12-09;CNY_OIS_RUSFARCNY_5Y;0.025563;0.040665
2013-12-10;CNY_OIS_RUSFARCNY_5Y;0.025155;0.039833
2013-12-11;CNY_OIS_RUSFARCNY_5Y;0.024888;0.03914
2013-12-12;CNY_OIS_RUSFARCNY_5Y;0.024592;0.038436
2013-12-13;CNY_OIS_RUSFARCNY_5Y;0.02452;0.03795
2013-12-16;CNY_OIS_RUSFARCNY_5Y;0.024873;0.037895
2013-12-17;CNY_OIS_RUSFARCNY_5Y;0.025298;0.03793
2013-12-18;CNY_OIS_RUSFARCNY_5Y;0.026594;0.038994
2013-12-19;CNY_OIS_RUSFARCNY_5Y;0.029001;0.041747
2013-12-20;CNY_OIS_RUSFARCNY_5Y;0.029969;0.042399
2013-12-23;CNY_OIS_RUSFARCNY_5Y;0.034341;0.049787
2013-12-24;CNY_OIS_RUSFARCNY_5Y;0.030283;0.046445
2013-12-25;CNY_OIS_RUSFARCNY_5Y;0.02954;0.045288
2013-12-26;CNY_OIS_RUSFARCNY_5Y;0.029279;0.044569
2013-12-27;CNY_OIS_RUSFARCNY_5Y;0.023617;0.040471
2013-12-30;CNY_OIS_RUSFARCNY_5Y;0.020411;0.037517
2013-12-31;CNY_OIS_RUSFARCNY_5Y;0.020088;0.0367
2014-01-02;CNY_OIS_RUSFARCNY_5Y;0.02017;0.036278
2014-01-03;CNY_OIS_RUSFARCNY_5Y;0.019098;0.03485
2014-01-06;CNY_OIS_RUSFARCNY_5Y;0.018446;0.033782
2014-01-07;CNY_OIS_RUSFARCNY_5Y;0.01822;0.033108
2014-01-08;CNY_OIS_RUSFARCNY_5Y;0.017987;0.032441
2014-01-09;CNY_OIS_RUSFARCNY_5Y;0.017841;0.031867
2014-01-10;CNY_OIS_RUSFARCNY_5Y;0.017771;0.031377
2014-01-13;CNY_OIS_RUSFARCNY_5Y;0.017694;0.030894
2014-01-14;CNY_OIS_RUSFARCNY_5Y;0.01791;0.030708
2014-01-15;CNY_OIS_RUSFARCNY_5Y;0.018222;0.030632
2014-01-16;CNY_OIS_RUSFARCNY_5Y;0.018619;0.030655
2014-01-17;CNY_OIS_RUSFARCNY_5Y;0.019238;0.03093
2014-01-20;CNY_OIS_RUSFARCNY_5Y;0.025327;0.046261
2014-01-21;CNY_OIS_RUSFARCNY_5Y;0.022975;0.043673
2014-01-22;CNY_OIS_RUSFARCNY_5Y;0.023636;0.043712
2014-01-23;CNY_OIS_RUSFARCNY_5Y;0.02418;0.043648
2014-01-24;CNY_OIS_RUSFARCNY_5Y;0.024668;0.043546
2014-01-26;CNY_OIS_RUSFARCNY_5Y;0.030189;0.051639
2014-01-27;CNY_OIS_RUSFARCNY_5Y;0.031798;0.05271
2014-01-28;CNY_OIS_RUSFARCNY_5Y;0.034931;0.055851
2014-01-29;CNY_OIS_RUSFARCNY_5Y;0.034765;0.055063
2014-01-30;CNY_OIS_RUSFARCNY_5Y;0.030977;0.051551
2014-02-07;CNY_OIS_RUSFARCNY_5Y;0.029549;0.049679
2014-02-08;CNY_OIS_RUSFARCNY_5Y;0.029654;0.049174
2014-02-10;CNY_OIS_RUSFARCNY_5Y;0.030476;0.049422
2014-02-11;CNY_OIS_RUSFARCNY_5Y;0.028999;0.047569
2014-02-12;CNY_OIS_RUSFARCNY_5Y;0.028647;0.046681
2014-02-13;CNY_OIS_RUSFARCNY_5Y;0.024247;0.042961
2014-02-14;CNY_OIS_RUSFARCNY_5Y;0.02007;0.039318
2014-02-17;CNY_OIS_RUSFARCNY_5Y;0.016714;0.036134
2014-02-18;CNY_OIS_RUSFARCNY_5Y;0.01404;0.033388
2014-02-19;CNY_OIS_RUSFARCNY_5Y;0.011293;0.030595
2014-02-20;CNY_OIS_RUSFARCNY_5Y;0.006745;0.026703
2014-02-21;CNY_OIS_RUSFARCNY_5Y;0.004716;0.024392
2014-02-24;CNY_OIS_RUSFARCNY_5Y;0.004362;0.023466
2014-02-25;CNY_OIS_RUSFARCNY_5Y;0.004851;0.023377
2014-02-26;CNY_OIS_RUSFARCNY_5Y;0.00543;0.023398
2014-02-27;CNY_OIS_RUSFARCNY_5Y;0.005704;0.023124
2014-02-28;CNY_OIS_RUSFARCNY_5Y;0.00689;0.023854
2014-03-03;CNY_OIS_RUSFARCNY_5Y;0.009309;0.026219
2014-03-04;CNY_OIS_RUSFARCNY_5Y;0.009547;0.025941
2014-03-05;CNY_OIS_RUSFARCNY_5Y;0.009866;0.025762
2014-03-06;CNY_OIS_RUSFARCNY_5Y;0.00975;0.025172
2014-03-07;CNY_OIS_RUSFARCNY_5Y;0.00937;0.024354
2014-03-10;CNY_OIS_RUSFARCNY_5Y;0.008813;0.023395
2014-03-11;CNY_OIS_RUSFARCNY_5Y;0.008565;0.022723
2014-03-12;CNY_OIS_RUSFARCNY_5Y;0.009047;0.022781
2014-03-13;CNY_OIS_RUSFARCNY_5Y;0.009838;0.02319
2014-03-14;CNY_OIS_RUSFARCNY_5Y;0.00917;0.022188
2014-03-17;CNY_OIS_RUSFARCNY_5Y;0.009293;0.021915
2014-03-18;CNY_OIS_RUSFARCNY_5Y;0.011117;0.023711
2014-03-19;CNY_OIS_RUSFARCNY_5Y;0.016251;0.033627
2014-03-20;CNY_OIS_RUSFARCNY_5Y;0.018428;0.03562
2014-03-21;CNY_OIS_RUSFARCNY_5Y;0.012582;0.031246
2014-03-24;CNY_OIS_RUSFARCNY_5Y;0.012866;0.030962
2014-03-25;CNY_OIS_RUSFARCNY_5Y;0.013142;0.030686
2014-03-26;CNY_OIS_RUSFARCNY_5Y;0.013608;0.03062
2014-03-27;CNY_OIS_RUSFARCNY_5Y;0.015169;0.031819
2014-03-28;CNY_OIS_RUSFARCNY_5Y;0.016307;0.032521
2014-03-31;CNY_OIS_RUSFARCNY_5Y;0.017044;0.032784
2014-04-01;CNY_OIS_RUSFARCNY_5Y;0.017924;0.033224
2014-04-02;CNY_OIS_RUSFARCNY_5Y;0.018965;0.033863
2014-04-03;CNY_OIS_RUSFARCNY_5Y;0.019192;0.033636
2014-04-04;CNY_OIS_RUSFARCNY_5Y;0.017376;0.031712
2014-04-08;CNY_OIS_RUSFARCNY_5Y;0.017082;0.031006
2014-04-09;CNY_OIS_RUSFARCNY_5Y;0.01756;0.031068
2014-04-10;CNY_OIS_RUSFARCNY_5Y;0.017766;0.030862
2014-04-11;CNY_OIS_RUSFARCNY_5Y;0.018065;0.030763
2014-04-14;CNY_OIS_RUSFARCNY_5Y;0.017081;0.029527
2014-04-15;CNY_OIS_RUSFARCNY_5Y;0.015172;0.027636
2014-04-16;CNY_OIS_RUSFARCNY_5Y;0.013726;0.026062
2014-04-17;CNY_OIS_RUSFARCNY_5Y;0.012667;0.024781
2014-04-18;CNY_OIS_RUSFARCNY_5Y;0.010856;0.022972
2014-04-21;CNY_OIS_RUSFARCNY_5Y;0.010838;0.02259
2014-04-22;CNY_OIS_RUSFARCNY_5Y;0.010462;0.02189
2014-04-23;CNY_OIS_RUSFARCNY_5Y;0.010996;0.022092
2014-04-24;CNY_OIS_RUSFARCNY_5Y;0.013883;0.026005
2014-04-25;CNY_OIS_RUSFARCNY_5Y;0.014137;0.025891
2014-04-28;CNY_OIS_RUSFARCNY_5Y;0.015222;0.026726
2014-04-29;CNY_OIS_RUSFARCNY_5Y;0.017145;0.028763
2014-04-30;CNY_OIS_RUSFARCNY_5Y;0.016217;0.027611
2014-05-04;CNY_OIS_RUSFARCNY_5Y;0.01533;0.026498
2014-05-05;CNY_OIS_RUSFARCNY_5Y;0.015195;0.026033
2014-05-06;CNY_OIS_RUSFARCNY_5Y;0.01536;0.025868
2014-05-07;CNY_OIS_RUSFARCNY_5Y;0.01552;0.025708
2014-05-08;CNY_OIS_RUSFARCNY_5Y;0.014143;0.024285
2014-05-09;CNY_OIS_RUSFARCNY_5Y;0.014202;0.024036
2014-05-12;CNY_OIS_RUSFARCNY_5Y;0.014281;0.023817
2014-05-13;CNY_OIS_RUSFARCNY_5Y;0.015657;0.025171
2014-05-14;CNY_OIS_RUSFARCNY_5Y;0.015966;0.025194
2014-05-15;CNY_OIS_RUSFARCNY_5Y;0.015939;0.024889
2014-05-16;CNY_OIS_RUSFARCNY_5Y;0.016272;0.024956
2014-05-19;CNY_OIS_RUSFARCNY_5Y;0.016659;0.025089
2014-05-20;CNY_OIS_RUSFARCNY_5Y;0.017089;0.025279
2014-05-21;CNY_OIS_RUSFARCNY_5Y;0.018138;0.02625
2014-05-22;CNY_OIS_RUSFARCNY_5Y;0.018079;0.025949
2014-05-23;CNY_OIS_RUSFARCNY_5Y;0.018395;0.026033
2014-05-26;CNY_OIS_RUSFARCNY_5Y;0.01823;0.025648
2014-05-27;CNY_OIS_RUSFARCNY_5Y;0.018714;0.025934
2014-05-28;CNY_OIS_RUSFARCNY_5Y;0.018505;0.025523
2014-05-29;CNY_OIS_RUSFARCNY_5Y;0.018612;0.025416
2014-05-30;CNY_OIS_RUSFARCNY_5Y;0.019279;0.025949
2014-06-03;CNY_OIS_RUSFARCNY_5Y;0.018865;0.025383
2014-06-04;CNY_OIS_RUSFARCNY_5Y;0.019347;0.025701
2014-06-05;CNY_OIS_RUSFARCNY_5Y;0.019592;0.025756
2014-06-06;CNY_OIS_RUSFARCNY_5Y;0.019733;0.025711
2014-06-09;CNY_OIS_RUSFARCNY_5Y;0.019816;0.025612
2014-06-10;CNY_OIS_RUSFARCNY_5Y;0.019803;0.025425
2014-06-11;CNY_OIS_RUSFARCNY_5Y;0.020103;0.025565
2014-06-12;CNY_OIS_RUSFARCNY_5Y;0.020236;0.025532
2014-06-13;CNY_OIS_RUSFARCNY_5Y;0.020347;0.025481
2014-06-16;CNY_OIS_RUSFARCNY_5Y;0.020425;0.025403
2014-06-17;CNY_OIS_RUSFARCNY_5Y;0.020501;0.025327
2014-06-18;CNY_OIS_RUSFARCNY_5Y;0.020942;0.025666
2014-06-19;CNY_OIS_RUSFARCNY_5Y;0.021553;0.026235
2014-06-20;CNY_OIS_RUSFARCNY_5Y;0.02218;0.026828
2014-06-23;CNY_OIS_RUSFARCNY_5Y;0.022211;0.026717
2014-06-24;CNY_OIS_RUSFARCNY_5Y;0.023809;0.029439
2014-06-25;CNY_OIS_RUSFARCNY_5Y;0.024128;0.0296
2014-06-26;CNY_OIS_RUSFARCNY_5Y;0.023996;0.029312
2014-06-27;CNY_OIS_RUSFARCNY_5Y;0.023085;0.028443
2014-06-30;CNY_OIS_RUSFARCNY_5Y;0.023436;0.028652
2014-07-01;CNY_OIS_RUSFARCNY_5Y;0.024415;0.029753
2014-07-02;CNY_OIS_RUSFARCNY_5Y;0.024527;0.029701
2014-07-03;CNY_OIS_RUSFARCNY_5Y;0.023957;0.029071
2014-07-04;CNY_OIS_RUSFARCNY_5Y;0.02383;0.028798
2014-07-07;CNY_OIS_RUSFARCNY_5Y;0.024024;0.028844
2014-07-08;CNY_OIS_RUSFARCNY_5Y;0.026041;0.032847
2014-07-09;CNY_OIS_RUSFARCNY_5Y;0.027028;0.03382
2014-07-10;CNY_OIS_RUSFARCNY_5Y;0.026595;0.033233
2014-07-11;CNY_OIS_RUSFARCNY_5Y;0.026544;0.032984
2014-07-14;CNY_OIS_RUSFARCNY_5Y;0.026332;0.032596
2014-07-15;CNY_OIS_RUSFARCNY_5Y;0.026043;0.032145
2014-07-16;CNY_OIS_RUSFARCNY_5Y;0.026418;0.032354
2014-07-17;CNY_OIS_RUSFARCNY_5Y;0.026501;0.032257
2014-07-18;CNY_OIS_RUSFARCNY_5Y;0.026574;0.032154
2014-07-21;CNY_OIS_RUSFARCNY_5Y;0.027323;0.032865
2014-07-22;CNY_OIS_RUSFARCNY_5Y;0.026705;0.032183
2014-07-23;CNY_OIS_RUSFARCNY_5Y;0.027186;0.032542
2014-07-24;CNY_OIS_RUSFARCNY_5Y;0.027443;0.032645
2014-07-25;CNY_OIS_RUSFARCNY_5Y;0.027856;0.032932
2014-07-28;CNY_OIS_RUSFARCNY_5Y;0.027467;0.032441
2014-07-29;CNY_OIS_RUSFARCNY_5Y;0.026966;0.031868
2014-07-30;CNY_OIS_RUSFARCNY_5Y;0.02704;0.031792
2014-07-31;CNY_OIS_RUSFARCNY_5Y;0.026619;0.031289
2014-08-01;CNY_OIS_RUSFARCNY_5Y;0.026609;0.031139
2014-08-04;CNY_OIS_RUSFARCNY_5Y;0.026535;0.030933
2014-08-05;CNY_OIS_RUSFARCNY_5Y;0.026211;0.030517
2014-08-06;CNY_OIS_RUSFARCNY_5Y;0.025198;0.02965
2014-08-07;CNY_OIS_RUSFARCNY_5Y;0.025154;0.029474
2014-08-08;CNY_OIS_RUSFARCNY_5Y;0.024805;0.029043
2014-08-11;CNY_OIS_RUSFARCNY_5Y;0.024375;0.028553
2014-08-12;CNY_OIS_RUSFARCNY_5Y;0.024024;0.028124
2014-08-13;CNY_OIS_RUSFARCNY_5Y;0.023836;0.027832
2014-08-14;CNY_OIS_RUSFARCNY_5Y;0.023857;0.027731
2014-08-15;CNY_OIS_RUSFARCNY_5Y;0.023926;0.027682
2014-08-18;CNY_OIS_RUSFARCNY_5Y;0.023656;0.027332
2014-08-19;CNY_OIS_RUSFARCNY_5Y;0.023472;0.027056
2014-08-20;CNY_OIS_RUSFARCNY_5Y;0.023506;0.026982
2014-08-21;CNY_OIS_RUSFARCNY_5Y;0.023705;0.027083
2014-08-22;CNY_OIS_RUSFARCNY_5Y;0.023705;0.026983
2014-08-25;CNY_OIS_RUSFARCNY_5Y;0.023735;0.026913
2014-08-26;CNY_OIS_RUSFARCNY_5Y;0.023597;0.026691
2014-08-27;CNY_OIS_RUSFARCNY_5Y;0.023992;0.027056
2014-08-28;CNY_OIS_RUSFARCNY_5Y;0.024183;0.027165
2014-08-29;CNY_OIS_RUSFARCNY_5Y;0.024525;0.027463
2014-09-01;CNY_OIS_RUSFARCNY_5Y;0.02455;0.027398
2014-09-02;CNY_OIS_RUSFARCNY_5Y;0.02392;0.026848
2014-09-03;CNY_OIS_RUSFARCNY_5Y;0.023722;0.026586
2014-09-04;CNY_OIS_RUSFARCNY_5Y;0.023674;0.026454
2014-09-05;CNY_OIS_RUSFARCNY_5Y;0.023635;0.026333
2014-09-09;CNY_OIS_RUSFARCNY_5Y;0.023764;0.026384
2014-09-10;CNY_OIS_RUSFARCNY_5Y;0.02402;0.026588
2014-09-11;CNY_OIS_RUSFARCNY_5Y;0.024248;0.02676
2014-09-12;CNY_OIS_RUSFARCNY_5Y;0.024225;0.026663
2014-09-15;CNY_OIS_RUSFARCNY_5Y;0.024242;0.026606
2014-09-16;CNY_OIS_RUSFARCNY_5Y;0.024298;0.02659
2014-09-17;CNY_OIS_RUSFARCNY_5Y;0.024272;0.026496
2014-09-18;CNY_OIS_RUSFARCNY_5Y;0.024245;0.026403
2014-09-19;CNY_OIS_RUSFARCNY_5Y;0.024268;0.02636
2014-09-22;CNY_OIS_RUSFARCNY_5Y;0.02381;0.025958
2014-09-23;CNY_OIS_RUSFARCNY_5Y;0.022838;0.02531
2014-09-24;CNY_OIS_RUSFARCNY_5Y;0.022608;0.02504
2014-09-25;CNY_OIS_RUSFARCNY_5Y;0.0225;0.024868
2014-09-26;CNY_OIS_RUSFARCNY_5Y;0.022546;0.024842
2014-09-28;CNY_OIS_RUSFARCNY_5Y;0.022369;0.024619
2014-09-29;CNY_OIS_RUSFARCNY_5Y;0.020901;0.023787
2014-09-30;CNY_OIS_RUSFARCNY_5Y;0.020837;0.023641
2014-10-08;CNY_OIS_RUSFARCNY_5Y;0.020953;0.023675
2014-10-09;CNY_OIS_RUSFARCNY_5Y;0.021205;0.023869
2014-10-10;CNY_OIS_RUSFARCNY_5Y;0.021287;0.023871
2014-10-11;CNY_OIS_RUSFARCNY_5Y;0.021088;0.02362
2014-10-13;CNY_OIS_RUSFARCNY_5Y;0.021045;0.023503
2014-10-14;CNY_OIS_RUSFARCNY_5Y;0.021102;0.023486
2014-10-15;CNY_OIS_RUSFARCNY_5Y;0.020693;0.023095
2014-10-16;CNY_OIS_RUSFARCNY_5Y;0.020473;0.022835
2014-10-17;CNY_OIS_RUSFARCNY_5Y;0.020374;0.022674
2014-10-20;CNY_OIS_RUSFARCNY_5Y;0.020046;0.022342
2014-10-21;CNY_OIS_RUSFARCNY_5Y;0.019946;0.022182
2014-10-22;CNY_OIS_RUSFARCNY_5Y;0.02002;0.022188
2014-10-23;CNY_OIS_RUSFARCNY_5Y;0.020092;0.022196
2014-10-24;CNY_OIS_RUSFARCNY_5Y;0.02033;0.022402
2014-10-27;CNY_OIS_RUSFARCNY_5Y;0.020687;0.022785
2014-10-28;CNY_OIS_RUSFARCNY_5Y;0.020804;0.022844
2014-10-29;CNY_OIS_RUSFARCNY_5Y;0.02108;0.023108
2014-10-30;CNY_OIS_RUSFARCNY_5Y;0.021428;0.02348
2014-10-31;CNY_OIS_RUSFARCNY_5Y;0.021508;0.0235
2014-11-03;CNY_OIS_RUSFARCNY_5Y;0.021424;0.023364
2014-11-04;CNY_OIS_RUSFARCNY_5Y;0.021393;0.023275
2014-11-05;CNY_OIS_RUSFARCNY_5Y;0.021421;0.023247
2014-11-06;CNY_OIS_RUSFARCNY_5Y;0.021599;0.023389
2014-11-07;CNY_OIS_RUSFARCNY_5Y;0.021732;0.023476
2014-11-10;CNY_OIS_RUSFARCNY_5Y;0.021423;0.023185
2014-11-11;CNY_OIS_RUSFARCNY_5Y;0.02091;0.022778
2014-11-12;CNY_OIS_RUSFARCNY_5Y;0.020835;0.022653
2014-11-13;CNY_OIS_RUSFARCNY_5Y;0.020759;0.022529
2014-11-14;CNY_OIS_RUSFARCNY_5Y;0.020909;0.022639
2014-11-17;CNY_OIS_RUSFARCNY_5Y;0.021144;0.022864
2014-11-18;CNY_OIS_RUSFARCNY_5Y;0.021109;0.022779
2014-11-19;CNY_OIS_RUSFARCNY_5Y;0.021145;0.022763
2014-11-20;CNY_OIS_RUSFARCNY_5Y;0.021468;0.02314
2014-11-21;CNY_OIS_RUSFARCNY_5Y;0.021876;0.023672
2014-11-24;CNY_OIS_RUSFARCNY_5Y;0.021545;0.023363
2014-11-25;CNY_OIS_RUSFARCNY_5Y;0.021622;0.023386
2014-11-26;CNY_OIS_RUSFARCNY_5Y;0.021781;0.023507
2014-11-27;CNY_OIS_RUSFARCNY_5Y;0.021912;0.023596
2014-11-28;CNY_OIS_RUSFARCNY_5Y;0.022154;0.023834
2014-12-01;CNY_OIS_RUSFARCNY_5Y;0.022502;0.024246
2014-12-02;CNY_OIS_RUSFARCNY_5Y;0.022498;0.02419
2014-12-03;CNY_OIS_RUSFARCNY_5Y;0.022431;0.024077
2014-12-04;CNY_OIS_RUSFARCNY_5Y;0.022436;0.024032
2014-12-05;CNY_OIS_RUSFARCNY_5Y;0.022419;0.023969
2014-12-08;CNY_OIS_RUSFARCNY_5Y;0.022565;0.024083
2014-12-09;CNY_OIS_RUSFARCNY_5Y;0.022578;0.02405
2014-12-10;CNY_OIS_RUSFARCNY_5Y;0.02263;0.024058
2014-12-11;CNY_OIS_RUSFARCNY_5Y;0.022682;0.024066
2014-12-12;CNY_OIS_RUSFARCNY_5Y;0.022752;0.024096
2014-12-15;CNY_OIS_RUSFARCNY_5Y;0.022802;0.024106
2014-12-16;CNY_OIS_RUSFARCNY_5Y;0.022951;0.024237
2014-12-17;CNY_OIS_RUSFARCNY_5Y;0.023556;0.025592
2014-12-18;CNY_OIS_RUSFARCNY_5Y;0.025065;0.031363
2014-12-19;CNY_OIS_RUSFARCNY_5Y;0.028012;0.037936
2014-12-22;CNY_OIS_RUSFARCNY_5Y;0.029059;0.038809
2014-12-23;CNY_OIS_RUSFARCNY_5Y;0.028849;0.038319
2014-12-24;CNY_OIS_RUSFARCNY_5Y;0.028356;0.037592
2014-12-25;CNY_OIS_RUSFARCNY_5Y;0.027902;0.036906
2014-12-26;CNY_OIS_RUSFARCNY_5Y;0.027379;0.036169
2014-12-29;CNY_OIS_RUSFARCNY_5Y;0.026763;0.035365
2014-12-30;CNY_OIS_RUSFARCNY_5Y;0.026534;0.034894
2014-12-31;CNY_OIS_RUSFARCNY_5Y;0.027963;0.036425
2015-01-04;CNY_OIS_RUSFARCNY_5Y;0.02911;0.037518
2015-01-05;CNY_OIS_RUSFARCNY_5Y;0.026669;0.035579
2015-01-06;CNY_OIS_RUSFARCNY_5Y;0.021861;0.032607
2015-01-07;CNY_OIS_RUSFARCNY_5Y;0.020369;0.031079
2015-01-08;CNY_OIS_RUSFARCNY_5Y;0.020005;0.030423
2015-01-09;CNY_OIS_RUSFARCNY_5Y;0.019909;0.030019
2015-01-12;CNY_OIS_RUSFARCNY_5Y;0.019525;0.029363
2015-01-13;CNY_OIS_RUSFARCNY_5Y;0.018763;0.028405
2015-01-14;CNY_OIS_RUSFARCNY_5Y;0.018593;0.027955
2015-01-15;CNY_OIS_RUSFARCNY_5Y;0.018685;0.027763
2015-01-16;CNY_OIS_RUSFARCNY_5Y;0.018843;0.027645
2015-01-19;CNY_OIS_RUSFARCNY_5Y;0.019242;0.027786
2015-01-20;CNY_OIS_RUSFARCNY_5Y;0.019824;0.028144
2015-01-21;CNY_OIS_RUSFARCNY_5Y;0.020706;0.028882
2015-01-22;CNY_OIS_RUSFARCNY_5Y;0.020658;0.02859
2015-01-23;CNY_OIS_RUSFARCNY_5Y;0.020333;0.028055
2015-01-26;CNY_OIS_RUSFARCNY_5Y;0.020036;0.027552
2015-01-27;CNY_OIS_RUSFARCNY_5Y;0.020009;0.027299
2015-01-28;CNY_OIS_RUSFARCNY_5Y;0.020277;0.027351
2015-01-29;CNY_OIS_RUSFARCNY_5Y;0.02108;0.028048
2015-01-30;CNY_OIS_RUSFARCNY_5Y;0.021643;0.028445
2015-02-02;CNY_OIS_RUSFARCNY_5Y;0.022448;0.02916
2015-02-03;CNY_OIS_RUSFARCNY_5Y;0.02316;0.029756
2015-02-04;CNY_OIS_RUSFARCNY_5Y;0.023443;0.029845
2015-02-05;CNY_OIS_RUSFARCNY_5Y;0.022349;0.028799
2015-02-06;CNY_OIS_RUSFARCNY_5Y;0.022346;0.028602
2015-02-09;CNY_OIS_RUSFARCNY_5Y;0.02198;0.028088
2015-02-10;CNY_OIS_RUSFARCNY_5Y;0.022454;0.028414
2015-02-11;CNY_OIS_RUSFARCNY_5Y;0.023271;0.029197
2015-02-12;CNY_OIS_RUSFARCNY_5Y;0.024441;0.030547
2015-02-13;CNY_OIS_RUSFARCNY_5Y;0.024851;0.030797
2015-02-15;CNY_OIS_RUSFARCNY_5Y;0.0257;0.031628
2015-02-16;CNY_OIS_RUSFARCNY_5Y;0.02586;0.031608
2015-02-17;CNY_OIS_RUSFARCNY_5Y;0.027602;0.034226
2015-02-25;CNY_OIS_RUSFARCNY_5Y;0.026929;0.033459
2015-02-26;CNY_OIS_RUSFARCNY_5Y;0.026718;0.03307
2015-02-27;CNY_OIS_RUSFARCNY_5Y;0.027011;0.033177
2015-02-28;CNY_OIS_RUSFARCNY_5Y;0.028169;0.034479
2015-03-02;CNY_OIS_RUSFARCNY_5Y;0.028383;0.034505
2015-03-03;CNY_OIS_RUSFARCNY_5Y;0.028446;0.034382
2015-03-04;CNY_OIS_RUSFARCNY_5Y;0.028496;0.034252
2015-03-05;CNY_OIS_RUSFARCNY_5Y;0.028452;0.034036
2015-03-06;CNY_OIS_RUSFARCNY_5Y;0.028364;0.033784
2015-03-09;CNY_OIS_RUSFARCNY_5Y;0.02808;0.033368
2015-03-10;CNY_OIS_RUSFARCNY_5Y;0.027838;0.03299
2015-03-11;CNY_OIS_RUSFARCNY_5Y;0.027887;0.032881
2015-03-12;CNY_OIS_RUSFARCNY_5Y;0.028952;0.034164
2015-03-13;CNY_OIS_RUSFARCNY_5Y;0.028736;0.033812
2015-03-16;CNY_OIS_RUSFARCNY_5Y;0.028469;0.033419
2015-03-17;CNY_OIS_RUSFARCNY_5Y;0.028264;0.033084
2015-03-18;CNY_OIS_RUSFARCNY_5Y;0.028267;0.032941
2015-03-19;CNY_OIS_RUSFARCNY_5Y;0.027948;0.03252
2015-03-20;CNY_OIS_RUSFARCNY_5Y;0.027615;0.032093
2015-03-23;CNY_OIS_RUSFARCNY_5Y;0.026823;0.031345
2015-03-24;CNY_OIS_RUSFARCNY_5Y;0.026902;0.031286
2015-03-25;CNY_OIS_RUSFARCNY_5Y;0.026888;0.03114
2015-03-26;CNY_OIS_RUSFARCNY_5Y;0.027012;0.031136
2015-03-27;CNY_OIS_RUSFARCNY_5Y;0.026973;0.030975
2015-03-30;CNY_OIS_RUSFARCNY_5Y;0.027004;0.030884
2015-03-31;CNY_OIS_RUSFARCNY_5Y;0.026856;0.030632
2015-04-01;CNY_OIS_RUSFARCNY_5Y;0.025791;0.029777
2015-04-02;CNY_OIS_RUSFARCNY_5Y;0.024789;0.028939
2015-04-03;CNY_OIS_RUSFARCNY_5Y;0.023585;0.027983
2015-04-07;CNY_OIS_RUSFARCNY_5Y;0.022222;0.026926
2015-04-08;CNY_OIS_RUSFARCNY_5Y;0.021364;0.026124
2015-04-09;CNY_OIS_RUSFARCNY_5Y;0.020495;0.025313
2015-04-10;CNY_OIS_RUSFARCNY_5Y;0.0193;0.024308
2015-04-13;CNY_OIS_RUSFARCNY_5Y;0.01844;0.023488
2015-04-14;CNY_OIS_RUSFARCNY_5Y;0.018172;0.023096
2015-04-15;CNY_OIS_RUSFARCNY_5Y;0.017538;0.02243
2015-04-16;CNY_OIS_RUSFARCNY_5Y;0.017521;0.022267
2015-04-17;CNY_OIS_RUSFARCNY_5Y;0.01728;0.021908
2015-04-20;CNY_OIS_RUSFARCNY_5Y;0.015093;0.020475
2015-04-21;CNY_OIS_RUSFARCNY_5Y;0.014233;0.019635
2015-04-22;CNY_OIS_RUSFARCNY_5Y;0.013749;0.019059
2015-04-23;CNY_OIS_RUSFARCNY_5Y;0.013398;0.01859
2015-04-24;CNY_OIS_RUSFARCNY_5Y;0.012864;0.017984
2015-04-27;CNY_OIS_RUSFARCNY_5Y;0.012465;0.017483
2015-04-28;CNY_OIS_RUSFARCNY_5Y;0.012041;0.016967
2015-04-29;CNY_OIS_RUSFARCNY_5Y;0.01191;0.016698
2015-04-30;CNY_OIS_RUSFARCNY_5Y;0.011458;0.01617
2015-05-04;CNY_OIS_RUSFARCNY_5Y;0.010747;0.015461
2015-05-05;CNY_OIS_RUSFARCNY_5Y;0.010224;0.014884
2015-05-06;CNY_OIS_RUSFARCNY_5Y;0.00986;0.014428
2015-05-07;CNY_OIS_RUSFARCNY_5Y;0.009572;0.014036
2015-05-08;CNY_OIS_RUSFARCNY_5Y;0.009148;0.01354
2015-05-11;CNY_OIS_RUSFARCNY_5Y;0.008087;0.012641
2015-05-12;CNY_OIS_RUSFARCNY_5Y;0.007561;0.012067
2015-05-13;CNY_OIS_RUSFARCNY_5Y;0.007171;0.011597
2015-05-14;CNY_OIS_RUSFARCNY_5Y;0.006523;0.010945
2015-05-15;CNY_OIS_RUSFARCNY_5Y;0.005386;0.010002
2015-05-18;CNY_OIS_RUSFARCNY_5Y;0.005187;0.009681
2015-05-19;CNY_OIS_RUSFARCNY_5Y;0.005059;0.009429
2015-05-20;CNY_OIS_RUSFARCNY_5Y;0.005116;0.009352
2015-05-21;CNY_OIS_RUSFARCNY_5Y;0.00519;0.009298
2015-05-22;CNY_OIS_RUSFARCNY_5Y;0.005293;0.009275
2015-05-25;CNY_OIS_RUSFARCNY_5Y;0.005373;0.009235
2015-05-26;CNY_OIS_RUSFARCNY_5Y;0.005442;0.009186
2015-05-27;CNY_OIS_RUSFARCNY_5Y;0.005499;0.009129
2015-05-28;CNY_OIS_RUSFARCNY_5Y;0.005584;0.009104
2015-05-29;CNY_OIS_RUSFARCNY_5Y;0.005598;0.00901
2015-06-01;CNY_OIS_RUSFARCNY_5Y;0.005527;0.008841
2015-06-02;CNY_OIS_RUSFARCNY_5Y;0.005646;0.008862
2015-06-03;CNY_OIS_RUSFARCNY_5Y;0.005745;0.008863
2015-06-04;CNY_OIS_RUSFARCNY_5Y;0.005871;0.008897
2015-06-05;CNY_OIS_RUSFARCNY_5Y;0.005956;0.008892
2015-06-08;CNY_OIS_RUSFARCNY_5Y;0.006099;0.008949
2015-06-09;CNY_OIS_RUSFARCNY_5Y;0.00624;0.009008
2015-06-10;CNY_OIS_RUSFARCNY_5Y;0.006398;0.00909
2015-06-11;CNY_OIS_RUSFARCNY_5Y;0.006508;0.00912
2015-06-12;CNY_OIS_RUSFARCNY_5Y;0.006683;0.009225
2015-06-15;CNY_OIS_RUSFARCNY_5Y;0.006883;0.009365
2015-06-16;CNY_OIS_RUSFARCNY_5Y;0.007018;0.00943
2015-06-17;CNY_OIS_RUSFARCNY_5Y;0.007244;0.009604
2015-06-18;CNY_OIS_RUSFARCNY_5Y;0.007715;0.010153
2015-06-19;CNY_OIS_RUSFARCNY_5Y;0.008287;0.010881
2015-06-23;CNY_OIS_RUSFARCNY_5Y;0.008586;0.011142
2015-06-24;CNY_OIS_RUSFARCNY_5Y;0.009006;0.011582
2015-06-25;CNY_OIS_RUSFARCNY_5Y;0.009225;0.011743
2015-06-26;CNY_OIS_RUSFARCNY_5Y;0.009263;0.011705
2015-06-29;CNY_OIS_RUSFARCNY_5Y;0.009122;0.011506
2015-06-30;CNY_OIS_RUSFARCNY_5Y;0.008142;0.010826
2015-07-01;CNY_OIS_RUSFARCNY_5Y;0.007031;0.010057
2015-07-02;CNY_OIS_RUSFARCNY_5Y;0.007055;0.009989
2015-07-03;CNY_OIS_RUSFARCNY_5Y;0.007082;0.009926
2015-07-06;CNY_OIS_RUSFARCNY_5Y;0.007204;0.009964
2015-07-07;CNY_OIS_RUSFARCNY_5Y;0.007334;0.010014
2015-07-08;CNY_OIS_RUSFARCNY_5Y;0.007481;0.010087
2015-07-09;CNY_OIS_RUSFARCNY_5Y;0.007628;0.01016
2015-07-10;CNY_OIS_RUSFARCNY_5Y;0.007782;0.010246
2015-07-13;CNY_OIS_RUSFARCNY_5Y;0.007954;0.010354
2015-07-14;CNY_OIS_RUSFARCNY_5Y;0.008125;0.010463
2015-07-15;CNY_OIS_RUSFARCNY_5Y;0.008229;0.010499
2015-07-16;CNY_OIS_RUSFARCNY_5Y;0.008434;0.010654
2015-07-17;CNY_OIS_RUSFARCNY_5Y;0.008647;0.010821
2015-07-20;CNY_OIS_RUSFARCNY_5Y;0.008758;0.01087
2015-07-21;CNY_OIS_RUSFARCNY_5Y;0.008923;0.010985
2015-07-22;CNY_OIS_RUSFARCNY_5Y;0.009133;0.011155
2015-07-23;CNY_OIS_RUSFARCNY_5Y;0.009251;0.011217
2015-07-24;CNY_OIS_RUSFARCNY_5Y;0.00933;0.011238
2015-07-27;CNY_OIS_RUSFARCNY_5Y;0.00968;0.011628
2015-07-28;CNY_OIS_RUSFARCNY_5Y;0.009843;0.011745
2015-07-29;CNY_OIS_RUSFARCNY_5Y;0.010208;0.01216
2015-07-30;CNY_OIS_RUSFARCNY_5Y;0.010432;0.012356
2015-07-31;CNY_OIS_RUSFARCNY_5Y;0.010664;0.012564
2015-08-03;CNY_OIS_RUSFARCNY_5Y;0.010861;0.012727
2015-08-04;CNY_OIS_RUSFARCNY_5Y;0.010976;0.012792
2015-08-05;CNY_OIS_RUSFARCNY_5Y;0.011109;0.012879
2015-08-06;CNY_OIS_RUSFARCNY_5Y;0.011223;0.012945
2015-08-07;CNY_OIS_RUSFARCNY_5Y;0.011364;0.013044
2015-08-10;CNY_OIS_RUSFARCNY_5Y;0.011637;0.013331
2015-08-11;CNY_OIS_RUSFARCNY_5Y;0.011919;0.013629
2015-08-12;CNY_OIS_RUSFARCNY_5Y;0.012194;0.013914
2015-08-13;CNY_OIS_RUSFARCNY_5Y;0.012461;0.014187
2015-08-14;CNY_OIS_RUSFARCNY_5Y;0.012721;0.014447
2015-08-17;CNY_OIS_RUSFARCNY_5Y;0.013042;0.014806
2015-08-18;CNY_OIS_RUSFARCNY_5Y;0.013435;0.015293
2015-08-19;CNY_OIS_RUSFARCNY_5Y;0.013827;0.015761
2015-08-20;CNY_OIS_RUSFARCNY_5Y;0.014215;0.016213
2015-08-21;CNY_OIS_RUSFARCNY_5Y;0.014405;0.016363
2015-08-24;CNY_OIS_RUSFARCNY_5Y;0.014612;0.016536
2015-08-25;CNY_OIS_RUSFARCNY_5Y;0.014765;0.016643
2015-08-26;CNY_OIS_RUSFARCNY_5Y;0.013586;0.015962
2015-08-27;CNY_OIS_RUSFARCNY_5Y;0.013331;0.015677
2015-08-28;CNY_OIS_RUSFARCNY_5Y;0.01351;0.015798
2015-08-31;CNY_OIS_RUSFARCNY_5Y;0.013793;0.016055
2015-09-01;CNY_OIS_RUSFARCNY_5Y;0.014015;0.016233
2015-09-02;CNY_OIS_RUSFARCNY_5Y;0.015191;0.019257
2015-09-06;CNY_OIS_RUSFARCNY_5Y;0.013682;0.018166
2015-09-07;CNY_OIS_RUSFARCNY_5Y;0.01378;0.018128
2015-09-08;CNY_OIS_RUSFARCNY_5Y;0.013776;0.017992
2015-09-09;CNY_OIS_RUSFARCNY_5Y;0.01383;0.017918
2015-09-10;CNY_OIS_RUSFARCNY_5Y;0.013922;0.017886
2015-09-11;CNY_OIS_RUSFARCNY_5Y;0.013993;0.017837
2015-09-14;CNY_OIS_RUSFARCNY_5Y;0.014041;0.017767
2015-09-15;CNY_OIS_RUSFARCNY_5Y;0.014098;0.01771
2015-09-16;CNY_OIS_RUSFARCNY_5Y;0.014163;0.017665
2015-09-17;CNY_OIS_RUSFARCNY_5Y;0.014206;0.017602
2015-09-18;CNY_OIS_RUSFARCNY_5Y;0.014268;0.01756
2015-09-21;CNY_OIS_RUSFARCNY_5Y;0.014328;0.01752
2015-09-22;CNY_OIS_RUSFARCNY_5Y;0.014445;0.017543
2015-09-23;CNY_OIS_RUSFARCNY_5Y;0.014493;0.017495
2015-09-24;CNY_OIS_RUSFARCNY_5Y;0.014548;0.01746
2015-09-25;CNY_OIS_RUSFARCNY_5Y;0.014573;0.017395
2015-09-28;CNY_OIS_RUSFARCNY_5Y;0.014645;0.017383
2015-09-29;CNY_OIS_RUSFARCNY_5Y;0.014657;0.017311
2015-09-30;CNY_OIS_RUSFARCNY_5Y;0.015352;0.018256
2015-10-08;CNY_OIS_RUSFARCNY_5Y;0.01445;0.017558
2015-10-09;CNY_OIS_RUSFARCNY_5Y;0.014467;0.017481
2015-10-10;CNY_OIS_RUSFARCNY_5Y;0.014493;0.017415
2015-10-12;CNY_OIS_RUSFARCNY_5Y;0.014517;0.017351
2015-10-13;CNY_OIS_RUSFARCNY_5Y;0.01454;0.017288
2015-10-14;CNY_OIS_RUSFARCNY_5Y;0.014582;0.017246
2015-10-15;CNY_OIS_RUSFARCNY_5Y;0.014633;0.017215
2015-10-16;CNY_OIS_RUSFARCNY_5Y;0.014652;0.017156
2015-10-19;CNY_OIS_RUSFARCNY_5Y;0.01472;0.017148
2015-10-20;CNY_OIS_RUSFARCNY_5Y;0.014767;0.017121
2015-10-21;CNY_OIS_RUSFARCNY_5Y;0.014823;0.017105
2015-10-22;CNY_OIS_RUSFARCNY_5Y;0.014847;0.017061
2015-10-23;CNY_OIS_RUSFARCNY_5Y;0.01493;0.017078
2015-10-26;CNY_OIS_RUSFARCNY_5Y;0.014129;0.016499
2015-10-27;CNY_OIS_RUSFARCNY_5Y;0.013719;0.016109
2015-10-28;CNY_OIS_RUSFARCNY_5Y;0.013715;0.016033
2015-10-29;CNY_OIS_RUSFARCNY_5Y;0.01377;0.016018
2015-10-30;CNY_OIS_RUSFARCNY_5Y;0.013804;0.015984
2015-11-02;CNY_OIS_RUSFARCNY_5Y;0.013786;0.015902
2015-11-03;CNY_OIS_RUSFARCNY_5Y;0.013809;0.015859
2015-11-04;CNY_OIS_RUSFARCNY_5Y;0.01382;0.015808
2015-11-05;CNY_OIS_RUSFARCNY_5Y;0.01382;0.015748
2015-11-06;CNY_OIS_RUSFARCNY_5Y;0.013849;0.015719
2015-11-09;CNY_OIS_RUSFARCNY_5Y;0.013868;0.01568
2015-11-10;CNY_OIS_RUSFARCNY_5Y;0.013865;0.015623
2015-11-11;CNY_OIS_RUSFARCNY_5Y;0.013882;0.015586
2015-11-12;CNY_OIS_RUSFARCNY_5Y;0.013927;0.015581
2015-11-13;CNY_OIS_RUSFARCNY_5Y;0.013972;0.015576
2015-11-16;CNY_OIS_RUSFARCNY_5Y;0.013977;0.015531
2015-11-17;CNY_OIS_RUSFARCNY_5Y;0.01398;0.015488
2015-11-18;CNY_OIS_RUSFARCNY_5Y;0.013993;0.015455
2015-11-19;CNY_OIS_RUSFARCNY_5Y;0.014055;0.015473
2015-11-20;CNY_OIS_RUSFARCNY_5Y;0.014066;0.015442
2015-11-23;CNY_OIS_RUSFARCNY_5Y;0.014097;0.015431
2015-11-24;CNY_OIS_RUSFARCNY_5Y;0.014117;0.015411
2015-11-25;CNY_OIS_RUSFARCNY_5Y;0.014137;0.015391
2015-11-26;CNY_OIS_RUSFARCNY_5Y;0.014156;0.015372
2015-11-27;CNY_OIS_RUSFARCNY_5Y;0.014185;0.015363
2015-11-30;CNY_OIS_RUSFARCNY_5Y;0.014222;0.015366
2015-12-01;CNY_OIS_RUSFARCNY_5Y;0.01424;0.015348
2015-12-02;CNY_OIS_RUSFARCNY_5Y;0.014236;0.015312
2015-12-03;CNY_OIS_RUSFARCNY_5Y;0.014263;0.015305
2015-12-04;CNY_OIS_RUSFARCNY_5Y;0.014279;0.015289
2015-12-07;CNY_OIS_RUSFARCNY_5Y;0.014263;0.015245
2015-12-08;CNY_OIS_RUSFARCNY_5Y;0.014298;0.01525
2015-12-09;CNY_OIS_RUSFARCNY_5Y;0.014342;0.015266
2015-12-10;CNY_OIS_RUSFARCNY_5Y;0.014356;0.015252
2015-12-11;CNY_OIS_RUSFARCNY_5Y;0.01436;0.015228
2015-12-14;CNY_OIS_RUSFARCNY_5Y;0.014373;0.015215
2015-12-15;CNY_OIS_RUSFARCNY_5Y;0.014386;0.015202
2015-12-16;CNY_OIS_RUSFARCNY_5Y;0.014418;0.01521
2015-12-17;CNY_OIS_RUSFARCNY_5Y;0.014459;0.015229
2015-12-18;CNY_OIS_RUSFARCNY_5Y;0.014656;0.015492
2015-12-21;CNY_OIS_RUSFARCNY_5Y;0.014882;0.015806
2015-12-22;CNY_OIS_RUSFARCNY_5Y;0.015144;0.016184
2015-12-23;CNY_OIS_RUSFARCNY_5Y;0.01539;0.016498
2015-12-24;CNY_OIS_RUSFARCNY_5Y;0.01559;0.016718
2015-12-25;CNY_OIS_RUSFARCNY_5Y;0.015701;0.016807
2015-12-28;CNY_OIS_RUSFARCNY_5Y;0.015766;0.016842
2015-12-29;CNY_OIS_RUSFARCNY_5Y;0.015742;0.016786
2015-12-30;CNY_OIS_RUSFARCNY_5Y;0.015758;0.01677
2015-12-31;CNY_OIS_RUSFARCNY_5Y;0.016151;0.017497
2016-01-04;CNY_OIS_RUSFARCNY_5Y;0.016211;0.017517
2016-01-05;CNY_OIS_RUSFARCNY_5Y;0.01626;0.017528
2016-01-06;CNY_OIS_RUSFARCNY_5Y;0.016082;0.017346
2016-01-07;CNY_OIS_RUSFARCNY_5Y;0.015951;0.017197
2016-01-08;CNY_OIS_RUSFARCNY_5Y;0.015886;0.017102
2016-01-11;CNY_OIS_RUSFARCNY_5Y;0.015832;0.017016
2016-01-12;CNY_OIS_RUSFARCNY_5Y;0.01585;0.016998
2016-01-13;CNY_OIS_RUSFARCNY_5Y;0.015857;0.016971
2016-01-14;CNY_OIS_RUSFARCNY_5Y;0.015874;0.016954
2016-01-15;CNY_OIS_RUSFARCNY_5Y;0.015948;0.017
2016-01-18;CNY_OIS_RUSFARCNY_5Y;0.015944;0.016964
2016-01-19;CNY_OIS_RUSFARCNY_5Y;0.016008;0.017
2016-01-20;CNY_OIS_RUSFARCNY_5Y;0.016224;0.017264
2016-01-21;CNY_OIS_RUSFARCNY_5Y;0.016489;0.017619
2016-01-22;CNY_OIS_RUSFARCNY_5Y;0.016635;0.017753
2016-01-25;CNY_OIS_RUSFARCNY_5Y;0.01644;0.017568
2016-01-26;CNY_OIS_RUSFARCNY_5Y;0.016328;0.01744
2016-01-27;CNY_OIS_RUSFARCNY_5Y;0.016325;0.017403
2016-01-28;CNY_OIS_RUSFARCNY_5Y;0.01631;0.017358
2016-01-29;CNY_OIS_RUSFARCNY_5Y;0.016296;0.017312
2016-02-01;CNY_OIS_RUSFARCNY_5Y;0.016291;0.017277
2016-02-02;CNY_OIS_RUSFARCNY_5Y;0.016275;0.017233
2016-02-03;CNY_OIS_RUSFARCNY_5Y;0.01628;0.017208
2016-02-04;CNY_OIS_RUSFARCNY_5Y;0.016294;0.017194
2016-02-05;CNY_OIS_RUSFARCNY_5Y;0.016318;0.01719
2016-02-06;CNY_OIS_RUSFARCNY_5Y;0.017247;0.022201
2016-02-14;CNY_OIS_RUSFARCNY_5Y;0.013235;0.020153
2016-02-15;CNY_OIS_RUSFARCNY_5Y;0.013331;0.020037
2016-02-16;CNY_OIS_RUSFARCNY_5Y;0.013403;0.019905
2016-02-17;CNY_OIS_RUSFARCNY_5Y;0.013441;0.019747
2016-02-18;CNY_OIS_RUSFARCNY_5Y;0.013364;0.019484
2016-02-19;CNY_OIS_RUSFARCNY_5Y;0.013326;0.019262
2016-02-22;CNY_OIS_RUSFARCNY_5Y;0.013376;0.019132
2016-02-23;CNY_OIS_RUSFARCNY_5Y;0.013453;0.019035
2016-02-24;CNY_OIS_RUSFARCNY_5Y;0.013762;0.019186
2016-02-25;CNY_OIS_RUSFARCNY_5Y;0.014295;0.019613
2016-02-26;CNY_OIS_RUSFARCNY_5Y;0.014791;0.019997
2016-02-29;CNY_OIS_RUSFARCNY_5Y;0.014438;0.01953
2016-03-01;CNY_OIS_RUSFARCNY_5Y;0.014105;0.019083
2016-03-02;CNY_OIS_RUSFARCNY_5Y;0.01412;0.018948
2016-03-03;CNY_OIS_RUSFARCNY_5Y;0.014143;0.018825
2016-03-04;CNY_OIS_RUSFARCNY_5Y;0.014144;0.018684
2016-03-07;CNY_OIS_RUSFARCNY_5Y;0.014223;0.018625
2016-03-08;CNY_OIS_RUSFARCNY_5Y;0.01428;0.018548
2016-03-09;CNY_OIS_RUSFARCNY_5Y;0.014345;0.018483
2016-03-10;CNY_OIS_RUSFARCNY_5Y;0.014378;0.01839
2016-03-11;CNY_OIS_RUSFARCNY_5Y;0.014419;0.018309
2016-03-14;CNY_OIS_RUSFARCNY_5Y;0.014518;0.01829
2016-03-15;CNY_OIS_RUSFARCNY_5Y;0.014615;0.018273
2016-03-16;CNY_OIS_RUSFARCNY_5Y;0.014701;0.018247
2016-03-17;CNY_OIS_RUSFARCNY_5Y;0.014891;0.018337
2016-03-18;CNY_OIS_RUSFARCNY_5Y;0.015135;0.018493
2016-03-21;CNY_OIS_RUSFARCNY_5Y;0.015265;0.018523
2016-03-22;CNY_OIS_RUSFARCNY_5Y;0.015403;0.018565
2016-03-23;CNY_OIS_RUSFARCNY_5Y;0.01538;0.018448
2016-03-24;CNY_OIS_RUSFARCNY_5Y;0.015376;0.018352
2016-03-25;CNY_OIS_RUSFARCNY_5Y;0.015361;0.018247
2016-03-28;CNY_OIS_RUSFARCNY_5Y;0.015434;0.018234
2016-03-29;CNY_OIS_RUSFARCNY_5Y;0.015517;0.018231
2016-03-30;CNY_OIS_RUSFARCNY_5Y;0.015636;0.018272
2016-03-31;CNY_OIS_RUSFARCNY_5Y;0.015802;0.018366
2016-04-01;CNY_OIS_RUSFARCNY_5Y;0.015811;0.018297
2016-04-05;CNY_OIS_RUSFARCNY_5Y;0.015626;0.018062
2016-04-06;CNY_OIS_RUSFARCNY_5Y;0.015561;0.017927
2016-04-07;CNY_OIS_RUSFARCNY_5Y;0.015549;0.017845
2016-04-08;CNY_OIS_RUSFARCNY_5Y;0.015601;0.017827
2016-04-11;CNY_OIS_RUSFARCNY_5Y;0.015684;0.017844
2016-04-12;CNY_OIS_RUSFARCNY_5Y;0.015795;0.017893
2016-04-13;CNY_OIS_RUSFARCNY_5Y;0.015857;0.017891
2016-04-14;CNY_OIS_RUSFARCNY_5Y;0.015917;0.017891
2016-04-15;CNY_OIS_RUSFARCNY_5Y;0.015907;0.017821
2016-04-18;CNY_OIS_RUSFARCNY_5Y;0.015966;0.017822
2016-04-19;CNY_OIS_RUSFARCNY_5Y;0.016053;0.017855
2016-04-20;CNY_OIS_RUSFARCNY_5Y;0.016212;0.017976
2016-04-21;CNY_OIS_RUSFARCNY_5Y;0.016345;0.018063
2016-04-22;CNY_OIS_RUSFARCNY_5Y;0.016457;0.018131
2016-04-25;CNY_OIS_RUSFARCNY_5Y;0.016551;0.018177
2016-04-26;CNY_OIS_RUSFARCNY_5Y;0.016482;0.018066
2016-04-27;CNY_OIS_RUSFARCNY_5Y;0.01638;0.017928
2016-04-28;CNY_OIS_RUSFARCNY_5Y;0.016373;0.017875
2016-04-29;CNY_OIS_RUSFARCNY_5Y;0.016641;0.018167
2016-05-03;CNY_OIS_RUSFARCNY_5Y;0.016117;0.017777
2016-05-04;CNY_OIS_RUSFARCNY_5Y;0.016109;0.017719
2016-05-05;CNY_OIS_RUSFARCNY_5Y;0.016143;0.017705
2016-05-06;CNY_OIS_RUSFARCNY_5Y;0.016157;0.017671
2016-05-09;CNY_OIS_RUSFARCNY_5Y;0.01617;0.017638
2016-05-10;CNY_OIS_RUSFARCNY_5Y;0.016192;0.017616
2016-05-11;CNY_OIS_RUSFARCNY_5Y;0.016214;0.017594
2016-05-12;CNY_OIS_RUSFARCNY_5Y;0.016245;0.017583
2016-05-13;CNY_OIS_RUSFARCNY_5Y;0.016285;0.017583
2016-05-16;CNY_OIS_RUSFARCNY_5Y;0.016335;0.017593
2016-05-17;CNY_OIS_RUSFARCNY_5Y;0.016412;0.017636
2016-05-18;CNY_OIS_RUSFARCNY_5Y;0.01643;0.017618
2016-05-19;CNY_OIS_RUSFARCNY_5Y;0.016438;0.01759
2016-05-20;CNY_OIS_RUSFARCNY_5Y;0.016436;0.017552
2016-05-23;CNY_OIS_RUSFARCNY_5Y;0.016412;0.017496
2016-05-24;CNY_OIS_RUSFARCNY_5Y;0.016408;0.01746
2016-05-25;CNY_OIS_RUSFARCNY_5Y;0.016414;0.017434
2016-05-26;CNY_OIS_RUSFARCNY_5Y;0.016429;0.017419
2016-05-27;CNY_OIS_RUSFARCNY_5Y;0.016445;0.017403
2016-05-30;CNY_OIS_RUSFARCNY_5Y;0.016469;0.017399
2016-05-31;CNY_OIS_RUSFARCNY_5Y;0.016558;0.01747
2016-06-01;CNY_OIS_RUSFARCNY_5Y;0.016531;0.017417
2016-06-02;CNY_OIS_RUSFARCNY_5Y;0.016524;0.017384
2016-06-03;CNY_OIS_RUSFARCNY_5Y;0.016485;0.017323
2016-06-06;CNY_OIS_RUSFARCNY_5Y;0.016488;0.0173
2016-06-07;CNY_OIS_RUSFARCNY_5Y;0.01652;0.017308
2016-06-08;CNY_OIS_RUSFARCNY_5Y;0.016532;0.017296
2016-06-12;CNY_OIS_RUSFARCNY_5Y;0.016544;0.017284
2016-06-13;CNY_OIS_RUSFARCNY_5Y;0.016555;0.017273
2016-06-14;CNY_OIS_RUSFARCNY_5Y;0.016566;0.017262
2016-06-15;CNY_OIS_RUSFARCNY_5Y;0.016577;0.017251
2016-06-16;CNY_OIS_RUSFARCNY_5Y;0.016606;0.017262
2016-06-17;CNY_OIS_RUSFARCNY_5Y;0.016645;0.017283
2016-06-20;CNY_OIS_RUSFARCNY_5Y;0.016702;0.017326
2016-06-21;CNY_OIS_RUSFARCNY_5Y;0.016793;0.017415
2016-06-22;CNY_OIS_RUSFARCNY_5Y;0.016875;0.017493
2016-06-23;CNY_OIS_RUSFARCNY_5Y;0.016932;0.017536
2016-06-24;CNY_OIS_RUSFARCNY_5Y;0.01697;0.017558
2016-06-27;CNY_OIS_RUSFARCNY_5Y;0.017008;0.01758
2016-06-28;CNY_OIS_RUSFARCNY_5Y;0.017036;0.017592
2016-06-29;CNY_OIS_RUSFARCNY_5Y;0.017024;0.017564
2016-06-30;CNY_OIS_RUSFARCNY_5Y;0.017022;0.017546
2016-07-01;CNY_OIS_RUSFARCNY_5Y;0.016917;0.017451
2016-07-04;CNY_OIS_RUSFARCNY_5Y;0.016774;0.017334
2016-07-05;CNY_OIS_RUSFARCNY_5Y;0.016707;0.017261
2016-07-06;CNY_OIS_RUSFARCNY_5Y;0.016627;0.017181
2016-07-07;CNY_OIS_RUSFARCNY_5Y;0.016615;0.017153
2016-07-08;CNY_OIS_RUSFARCNY_5Y;0.016613;0.017135
2016-07-11;CNY_OIS_RUSFARCNY_5Y;0.016621;0.017127
2016-07-12;CNY_OIS_RUSFARCNY_5Y;0.016608;0.0171
2016-07-13;CNY_OIS_RUSFARCNY_5Y;0.016606;0.017082
2016-07-14;CNY_OIS_RUSFARCNY_5Y;0.016613;0.017075
2016-07-15;CNY_OIS_RUSFARCNY_5Y;0.016649;0.017099
2016-07-18;CNY_OIS_RUSFARCNY_5Y;0.016655;0.017093
2016-07-19;CNY_OIS_RUSFARCNY_5Y;0.016724;0.017164
2016-07-20;CNY_OIS_RUSFARCNY_5Y;0.016751;0.017177
2016-07-21;CNY_OIS_RUSFARCNY_5Y;0.016786;0.017202
2016-07-22;CNY_OIS_RUSFARCNY_5Y;0.016907;0.017381
2016-07-25;CNY_OIS_RUSFARCNY_5Y;0.016993;0.017475
2016-07-26;CNY_OIS_RUSFARCNY_5Y;0.017047;0.017521
2016-07-27;CNY_OIS_RUSFARCNY_5Y;0.017064;0.017524
2016-07-28;CNY_OIS_RUSFARCNY_5Y;0.016956;0.017432
2016-07-29;CNY_OIS_RUSFARCNY_5Y;0.016836;0.017332
2016-08-01;CNY_OIS_RUSFARCNY_5Y;0.01679;0.017278
2016-08-02;CNY_OIS_RUSFARCNY_5Y;0.016756;0.017232
2016-08-03;CNY_OIS_RUSFARCNY_5Y;0.01672;0.017188
2016-08-04;CNY_OIS_RUSFARCNY_5Y;0.016707;0.017161
2016-08-05;CNY_OIS_RUSFARCNY_5Y;0.016714;0.017154
2016-08-08;CNY_OIS_RUSFARCNY_5Y;0.016749;0.017179
2016-08-09;CNY_OIS_RUSFARCNY_5Y;0.016802;0.017226
2016-08-10;CNY_OIS_RUSFARCNY_5Y;0.01687;0.017298
2016-08-11;CNY_OIS_RUSFARCNY_5Y;0.016914;0.017334
2016-08-12;CNY_OIS_RUSFARCNY_5Y;0.016921;0.017327
2016-08-15;CNY_OIS_RUSFARCNY_5Y;0.016949;0.017345
2016-08-16;CNY_OIS_RUSFARCNY_5Y;0.016942;0.017326
2016-08-17;CNY_OIS_RUSFARCNY_5Y;0.016947;0.017321
2016-08-18;CNY_OIS_RUSFARCNY_5Y;0.016963;0.017325
2016-08-19;CNY_OIS_RUSFARCNY_5Y;0.016968;0.01732
2016-08-22;CNY_OIS_RUSFARCNY_5Y;0.016977;0.017317
2016-08-23;CNY_OIS_RUSFARCNY_5Y;0.017061;0.017427
2016-08-24;CNY_OIS_RUSFARCNY_5Y;0.017148;0.01754
2016-08-25;CNY_OIS_RUSFARCNY_5Y;0.017164;0.017544
2016-08-26;CNY_OIS_RUSFARCNY_5Y;0.01717;0.017538
2016-08-29;CNY_OIS_RUSFARCNY_5Y;0.017221;0.017587
2016-08-30;CNY_OIS_RUSFARCNY_5Y;0.017332;0.017756
2016-08-31;CNY_OIS_RUSFARCNY_5Y;0.017358;0.01777
2016-09-01;CNY_OIS_RUSFARCNY_5Y;0.017374;0.017774
2016-09-02;CNY_OIS_RUSFARCNY_5Y;0.01738;0.017768
2016-09-05;CNY_OIS_RUSFARCNY_5Y;0.017423;0.017805
2016-09-06;CNY_OIS_RUSFARCNY_5Y;0.01749;0.017878
2016-09-07;CNY_OIS_RUSFARCNY_5Y;0.017527;0.017907
2016-09-08;CNY_OIS_RUSFARCNY_5Y;0.01754;0.017908
2016-09-09;CNY_OIS_RUSFARCNY_5Y;0.017583;0.017945
2016-09-12;CNY_OIS_RUSFARCNY_5Y;0.01767;0.018058
2016-09-13;CNY_OIS_RUSFARCNY_5Y;0.017778;0.01821
2016-09-14;CNY_OIS_RUSFARCNY_5Y;0.017928;0.01846
2016-09-18;CNY_OIS_RUSFARCNY_5Y;0.018038;0.01859
2016-09-19;CNY_OIS_RUSFARCNY_5Y;0.018162;0.018746
2016-09-20;CNY_OIS_RUSFARCNY_5Y;0.018218;0.01879
2016-09-21;CNY_OIS_RUSFARCNY_5Y;0.018299;0.018869
2016-09-22;CNY_OIS_RUSFARCNY_5Y;0.018318;0.01887
2016-09-23;CNY_OIS_RUSFARCNY_5Y;0.018314;0.01885
2016-09-26;CNY_OIS_RUSFARCNY_5Y;0.018293;0.018815
2016-09-27;CNY_OIS_RUSFARCNY_5Y;0.018321;0.018827
2016-09-28;CNY_OIS_RUSFARCNY_5Y;0.018429;0.018959
2016-09-29;CNY_OIS_RUSFARCNY_5Y;0.018524;0.019064
2016-09-30;CNY_OIS_RUSFARCNY_5Y;0.019012;0.021356
2016-10-08;CNY_OIS_RUSFARCNY_5Y;0.017262;0.020426
2016-10-09;CNY_OIS_RUSFARCNY_5Y;0.017123;0.020205
2016-10-10;CNY_OIS_RUSFARCNY_5Y;0.017036;0.020032
2016-10-11;CNY_OIS_RUSFARCNY_5Y;0.01699;0.019898
2016-10-12;CNY_OIS_RUSFARCNY_5Y;0.017004;0.019824
2016-10-13;CNY_OIS_RUSFARCNY_5Y;0.017057;0.019791
2016-10-14;CNY_OIS_RUSFARCNY_5Y;0.017119;0.019769
2016-10-17;CNY_OIS_RUSFARCNY_5Y;0.017218;0.01979
2016-10-18;CNY_OIS_RUSFARCNY_5Y;0.017392;0.019896
2016-10-19;CNY_OIS_RUSFARCNY_5Y;0.017645;0.020103
2016-10-20;CNY_OIS_RUSFARCNY_5Y;0.017799;0.020189
2016-10-21;CNY_OIS_RUSFARCNY_5Y;0.01797;0.020298
2016-10-24;CNY_OIS_RUSFARCNY_5Y;0.018093;0.020355
2016-10-25;CNY_OIS_RUSFARCNY_5Y;0.018196;0.020392
2016-10-26;CNY_OIS_RUSFARCNY_5Y;0.018326;0.020462
2016-10-27;CNY_OIS_RUSFARCNY_5Y;0.018417;0.020491
2016-10-28;CNY_OIS_RUSFARCNY_5Y;0.018449;0.020459
2016-10-31;CNY_OIS_RUSFARCNY_5Y;0.018469;0.020419
2016-11-01;CNY_OIS_RUSFARCNY_5Y;0.018489;0.020379
2016-11-02;CNY_OIS_RUSFARCNY_5Y;0.01849;0.020322
2016-11-03;CNY_OIS_RUSFARCNY_5Y;0.018475;0.020253
2016-11-04;CNY_OIS_RUSFARCNY_5Y;0.018365;0.020103
2016-11-07;CNY_OIS_RUSFARCNY_5Y;0.018105;0.019843
2016-11-08;CNY_OIS_RUSFARCNY_5Y;0.017927;0.019641
2016-11-09;CNY_OIS_RUSFARCNY_5Y;0.017902;0.019566
2016-11-10;CNY_OIS_RUSFARCNY_5Y;0.018059;0.019689
2016-11-11;CNY_OIS_RUSFARCNY_5Y;0.018225;0.019823
2016-11-14;CNY_OIS_RUSFARCNY_5Y;0.018432;0.020016
2016-11-15;CNY_OIS_RUSFARCNY_5Y;0.018605;0.020163
2016-11-16;CNY_OIS_RUSFARCNY_5Y;0.018724;0.020244
2016-11-17;CNY_OIS_RUSFARCNY_5Y;0.018767;0.020241
2016-11-18;CNY_OIS_RUSFARCNY_5Y;0.018848;0.02028
2016-11-21;CNY_OIS_RUSFARCNY_5Y;0.018928;0.02032
2016-11-22;CNY_OIS_RUSFARCNY_5Y;0.018969;0.020319
2016-11-23;CNY_OIS_RUSFARCNY_5Y;0.019029;0.020339
2016-11-24;CNY_OIS_RUSFARCNY_5Y;0.019097;0.020371
2016-11-25;CNY_OIS_RUSFARCNY_5Y;0.019184;0.020424
2016-11-28;CNY_OIS_RUSFARCNY_5Y;0.019288;0.0205
2016-11-29;CNY_OIS_RUSFARCNY_5Y;0.019346;0.020522
2016-11-30;CNY_OIS_RUSFARCNY_5Y;0.019492;0.020656
2016-12-01;CNY_OIS_RUSFARCNY_5Y;0.019595;0.020733
2016-12-02;CNY_OIS_RUSFARCNY_5Y;0.019561;0.020667
2016-12-05;CNY_OIS_RUSFARCNY_5Y;0.019449;0.020539
2016-12-06;CNY_OIS_RUSFARCNY_5Y;0.01937;0.020438
2016-12-07;CNY_OIS_RUSFARCNY_5Y;0.019313;0.020355
2016-12-08;CNY_OIS_RUSFARCNY_5Y;0.019317;0.020327
2016-12-09;CNY_OIS_RUSFARCNY_5Y;0.019349;0.020329
2016-12-12;CNY_OIS_RUSFARCNY_5Y;0.019359;0.020309
2016-12-13;CNY_OIS_RUSFARCNY_5Y;0.019413;0.020335
2016-12-14;CNY_OIS_RUSFARCNY_5Y;0.019465;0.020363
2016-12-15;CNY_OIS_RUSFARCNY_5Y;0.01958;0.020468
2016-12-16;CNY_OIS_RUSFARCNY_5Y;0.019756;0.020672
2016-12-19;CNY_OIS_RUSFARCNY_5Y;0.019818;0.02071
2016-12-20;CNY_OIS_RUSFARCNY_5Y;0.019924;0.020804
2016-12-21;CNY_OIS_RUSFARCNY_5Y;0.019937;0.020791
2016-12-22;CNY_OIS_RUSFARCNY_5Y;0.019909;0.020739
2016-12-23;CNY_OIS_RUSFARCNY_5Y;0.019715;0.020573
2016-12-26;CNY_OIS_RUSFARCNY_5Y;0.019375;0.020333
2016-12-27;CNY_OIS_RUSFARCNY_5Y;0.019028;0.02008
2016-12-28;CNY_OIS_RUSFARCNY_5Y;0.018843;0.019905
2016-12-29;CNY_OIS_RUSFARCNY_5Y;0.018646;0.019722
2016-12-30;CNY_OIS_RUSFARCNY_5Y;0.018692;0.019736
2017-01-03;CNY_OIS_RUSFARCNY_5Y;0.018469;0.019539
2017-01-04;CNY_OIS_RUSFARCNY_5Y;0.018033;0.019235
2017-01-05;CNY_OIS_RUSFARCNY_5Y;0.017537;0.018891
2017-01-06;CNY_OIS_RUSFARCNY_5Y;0.017361;0.018707
2017-01-09;CNY_OIS_RUSFARCNY_5Y;0.017185;0.018523
2017-01-10;CNY_OIS_RUSFARCNY_5Y;0.017225;0.018523
2017-01-11;CNY_OIS_RUSFARCNY_5Y;0.017321;0.018587
2017-01-12;CNY_OIS_RUSFARCNY_5Y;0.017331;0.018557
2017-01-13;CNY_OIS_RUSFARCNY_5Y;0.017359;0.018549
2017-01-16;CNY_OIS_RUSFARCNY_5Y;0.017678;0.01899
2017-01-17;CNY_OIS_RUSFARCNY_5Y;0.018343;0.020611
2017-01-18;CNY_OIS_RUSFARCNY_5Y;0.018947;0.021441
2017-01-19;CNY_OIS_RUSFARCNY_5Y;0.019309;0.021799
2017-01-20;CNY_OIS_RUSFARCNY_5Y;0.019463;0.021885
2017-01-22;CNY_OIS_RUSFARCNY_5Y;0.01687;0.020738
2017-01-23;CNY_OIS_RUSFARCNY_5Y;0.016786;0.020542
2017-01-24;CNY_OIS_RUSFARCNY_5Y;0.016731;0.020377
2017-01-25;CNY_OIS_RUSFARCNY_5Y;0.016796;0.020332
2017-01-26;CNY_OIS_RUSFARCNY_5Y;0.018758;0.025656
2017-02-03;CNY_OIS_RUSFARCNY_5Y;0.014884;0.023304
2017-02-04;CNY_OIS_RUSFARCNY_5Y;0.015391;0.023579
2017-02-06;CNY_OIS_RUSFARCNY_5Y;0.015721;0.023667
2017-02-07;CNY_OIS_RUSFARCNY_5Y;0.015872;0.023576
2017-02-08;CNY_OIS_RUSFARCNY_5Y;0.015944;0.023414
2017-02-09;CNY_OIS_RUSFARCNY_5Y;0.016012;0.023256
2017-02-10;CNY_OIS_RUSFARCNY_5Y;0.016081;0.023103
2017-02-13;CNY_OIS_RUSFARCNY_5Y;0.016149;0.022959
2017-02-14;CNY_OIS_RUSFARCNY_5Y;0.016223;0.022825
2017-02-15;CNY_OIS_RUSFARCNY_5Y;0.016371;0.022773
2017-02-16;CNY_OIS_RUSFARCNY_5Y;0.017092;0.023396
2017-02-17;CNY_OIS_RUSFARCNY_5Y;0.01745;0.023578
2017-02-20;CNY_OIS_RUSFARCNY_5Y;0.018003;0.023997
2017-02-21;CNY_OIS_RUSFARCNY_5Y;0.018774;0.024714
2017-02-22;CNY_OIS_RUSFARCNY_5Y;0.01888;0.024638
2017-02-23;CNY_OIS_RUSFARCNY_5Y;0.019372;0.024998
2017-02-24;CNY_OIS_RUSFARCNY_5Y;0.01891;0.02443
2017-02-27;CNY_OIS_RUSFARCNY_5Y;0.018554;0.02395
2017-02-28;CNY_OIS_RUSFARCNY_5Y;0.019183;0.024505
2017-03-01;CNY_OIS_RUSFARCNY_5Y;0.019277;0.024437
2017-03-02;CNY_OIS_RUSFARCNY_5Y;0.019009;0.024041
2017-03-03;CNY_OIS_RUSFARCNY_5Y;0.01805;0.023158
2017-03-06;CNY_OIS_RUSFARCNY_5Y;0.018455;0.023439
2017-03-07;CNY_OIS_RUSFARCNY_5Y;0.018539;0.023371
2017-03-08;CNY_OIS_RUSFARCNY_5Y;0.018632;0.023318
2017-03-09;CNY_OIS_RUSFARCNY_5Y;0.018719;0.023261
2017-03-10;CNY_OIS_RUSFARCNY_5Y;0.01873;0.023136
2017-03-13;CNY_OIS_RUSFARCNY_5Y;0.01856;0.022848
2017-03-14;CNY_OIS_RUSFARCNY_5Y;0.018596;0.022754
2017-03-15;CNY_OIS_RUSFARCNY_5Y;0.018766;0.0228
2017-03-16;CNY_OIS_RUSFARCNY_5Y;0.019318;0.02333
2017-03-17;CNY_OIS_RUSFARCNY_5Y;0.02074;0.025748
2017-03-20;CNY_OIS_RUSFARCNY_5Y;0.020811;0.025667
2017-03-21;CNY_OIS_RUSFARCNY_5Y;0.021034;0.025748
2017-03-22;CNY_OIS_RUSFARCNY_5Y;0.021136;0.025706
2017-03-23;CNY_OIS_RUSFARCNY_5Y;0.021268;0.0257
2017-03-24;CNY_OIS_RUSFARCNY_5Y;0.020762;0.025146
2017-03-27;CNY_OIS_RUSFARCNY_5Y;0.019384;0.024084
2017-03-28;CNY_OIS_RUSFARCNY_5Y;0.019098;0.02369
2017-03-29;CNY_OIS_RUSFARCNY_5Y;0.019819;0.024429
2017-03-30;CNY_OIS_RUSFARCNY_5Y;0.019746;0.024222
2017-03-31;CNY_OIS_RUSFARCNY_5Y;0.020113;0.024483
2017-04-01;CNY_OIS_RUSFARCNY_5Y;0.019739;0.024029
2017-04-05;CNY_OIS_RUSFARCNY_5Y;0.0197;0.023864
2017-04-06;CNY_OIS_RUSFARCNY_5Y;0.020224;0.024344
2017-04-07;CNY_OIS_RUSFARCNY_5Y;0.019845;0.023897
2017-04-10;CNY_OIS_RUSFARCNY_5Y;0.019321;0.023347
2017-04-11;CNY_OIS_RUSFARCNY_5Y;0.019022;0.022966
2017-04-12;CNY_OIS_RUSFARCNY_5Y;0.018881;0.022717
2017-04-13;CNY_OIS_RUSFARCNY_5Y;0.019173;0.022915
2017-04-14;CNY_OIS_RUSFARCNY_5Y;0.019385;0.023023
2017-04-17;CNY_OIS_RUSFARCNY_5Y;0.019587;0.023121
2017-04-18;CNY_OIS_RUSFARCNY_5Y;0.020026;0.023522
2017-04-19;CNY_OIS_RUSFARCNY_5Y;0.020818;0.02451
2017-04-20;CNY_OIS_RUSFARCNY_5Y;0.021101;0.024701
2017-04-21;CNY_OIS_RUSFARCNY_5Y;0.021326;0.024828
2017-04-24;CNY_OIS_RUSFARCNY_5Y;0.022187;0.025955
2017-04-25;CNY_OIS_RUSFARCNY_5Y;0.022578;0.026278
2017-04-26;CNY_OIS_RUSFARCNY_5Y;0.022709;0.026299
2017-04-27;CNY_OIS_RUSFARCNY_5Y;0.023073;0.026595
2017-04-28;CNY_OIS_RUSFARCNY_5Y;0.023382;0.026826
2017-05-02;CNY_OIS_RUSFARCNY_5Y;0.02342;0.026758
2017-05-03;CNY_OIS_RUSFARCNY_5Y;0.023731;0.026999
2017-05-04;CNY_OIS_RUSFARCNY_5Y;0.023835;0.027005
2017-05-05;CNY_OIS_RUSFARCNY_5Y;0.02372;0.026804
2017-05-08;CNY_OIS_RUSFARCNY_5Y;0.023592;0.026596
2017-05-09;CNY_OIS_RUSFARCNY_5Y;0.023657;0.026569
2017-05-10;CNY_OIS_RUSFARCNY_5Y;0.023771;0.026597
2017-05-11;CNY_OIS_RUSFARCNY_5Y;0.023669;0.026419
2017-05-12;CNY_OIS_RUSFARCNY_5Y;0.02348;0.02617
2017-05-15;CNY_OIS_RUSFARCNY_5Y;0.022631;0.025517
2017-05-16;CNY_OIS_RUSFARCNY_5Y;0.022954;0.025794
2017-05-17;CNY_OIS_RUSFARCNY_5Y;0.023061;0.025817
2017-05-18;CNY_OIS_RUSFARCNY_5Y;0.023216;0.025894
2017-05-19;CNY_OIS_RUSFARCNY_5Y;0.022704;0.025424
2017-05-22;CNY_OIS_RUSFARCNY_5Y;0.022299;0.025019
2017-05-23;CNY_OIS_RUSFARCNY_5Y;0.022125;0.024783
2017-05-24;CNY_OIS_RUSFARCNY_5Y;0.021831;0.024457
2017-05-25;CNY_OIS_RUSFARCNY_5Y;0.021747;0.024301
2017-05-26;CNY_OIS_RUSFARCNY_5Y;0.021766;0.024242
2017-05-27;CNY_OIS_RUSFARCNY_5Y;0.021721;0.024127
2017-05-31;CNY_OIS_RUSFARCNY_5Y;0.022077;0.024481
2017-06-01;CNY_OIS_RUSFARCNY_5Y;0.022266;0.024612
2017-06-02;CNY_OIS_RUSFARCNY_5Y;0.023233;0.026501
2017-06-05;CNY_OIS_RUSFARCNY_5Y;0.023487;0.026675
2017-06-06;CNY_OIS_RUSFARCNY_5Y;0.023774;0.026892
2017-06-07;CNY_OIS_RUSFARCNY_5Y;0.023469;0.026539
2017-06-08;CNY_OIS_RUSFARCNY_5Y;0.023622;0.026604
2017-06-09;CNY_OIS_RUSFARCNY_5Y;0.023742;0.026636
2017-06-12;CNY_OIS_RUSFARCNY_5Y;0.023813;0.026619
2017-06-13;CNY_OIS_RUSFARCNY_5Y;0.023873;0.026595
2017-06-14;CNY_OIS_RUSFARCNY_5Y;0.023844;0.026484
2017-06-15;CNY_OIS_RUSFARCNY_5Y;0.02395;0.026512
2017-06-16;CNY_OIS_RUSFARCNY_5Y;0.024188;0.026696
2017-06-19;CNY_OIS_RUSFARCNY_5Y;0.02433;0.026768
2017-06-20;CNY_OIS_RUSFARCNY_5Y;0.024502;0.026878
2017-06-21;CNY_OIS_RUSFARCNY_5Y;0.024649;0.026959
2017-06-22;CNY_OIS_RUSFARCNY_5Y;0.024472;0.026736
2017-06-23;CNY_OIS_RUSFARCNY_5Y;0.023814;0.026214
2017-06-26;CNY_OIS_RUSFARCNY_5Y;0.022692;0.025476
2017-06-27;CNY_OIS_RUSFARCNY_5Y;0.021631;0.024717
2017-06-28;CNY_OIS_RUSFARCNY_5Y;0.020918;0.024102
2017-06-29;CNY_OIS_RUSFARCNY_5Y;0.020751;0.023857
2017-06-30;CNY_OIS_RUSFARCNY_5Y;0.021454;0.024734
2017-07-03;CNY_OIS_RUSFARCNY_5Y;0.022317;0.025911
2017-07-04;CNY_OIS_RUSFARCNY_5Y;0.022051;0.025571
2017-07-05;CNY_OIS_RUSFARCNY_5Y;0.020826;0.024662
2017-07-06;CNY_OIS_RUSFARCNY_5Y;0.020504;0.02427
2017-07-07;CNY_OIS_RUSFARCNY_5Y;0.020415;0.024073
2017-07-10;CNY_OIS_RUSFARCNY_5Y;0.020626;0.024182
2017-07-11;CNY_OIS_RUSFARCNY_5Y;0.021301;0.024947
2017-07-12;CNY_OIS_RUSFARCNY_5Y;0.021595;0.025153
2017-07-13;CNY_OIS_RUSFARCNY_5Y;0.021776;0.025232
2017-07-14;CNY_OIS_RUSFARCNY_5Y;0.021488;0.02488
2017-07-17;CNY_OIS_RUSFARCNY_5Y;0.021598;0.024888
2017-07-18;CNY_OIS_RUSFARCNY_5Y;0.022234;0.025614
2017-07-19;CNY_OIS_RUSFARCNY_5Y;0.022486;0.025782
2017-07-20;CNY_OIS_RUSFARCNY_5Y;0.02283;0.026066
2017-07-21;CNY_OIS_RUSFARCNY_5Y;0.022666;0.025822
2017-07-24;CNY_OIS_RUSFARCNY_5Y;0.02245;0.025538
2017-07-25;CNY_OIS_RUSFARCNY_5Y;0.022563;0.025559
2017-07-26;CNY_OIS_RUSFARCNY_5Y;0.022709;0.025619
2017-07-27;CNY_OIS_RUSFARCNY_5Y;0.023277;0.026271
2017-07-28;CNY_OIS_RUSFARCNY_5Y;0.023595;0.026537
2017-07-31;CNY_OIS_RUSFARCNY_5Y;0.023546;0.026402
2017-08-01;CNY_OIS_RUSFARCNY_5Y;0.023622;0.026392
2017-08-02;CNY_OIS_RUSFARCNY_5Y;0.023879;0.026589
2017-08-03;CNY_OIS_RUSFARCNY_5Y;0.023654;0.026314
2017-08-04;CNY_OIS_RUSFARCNY_5Y;0.022654;0.025594
2017-08-07;CNY_OIS_RUSFARCNY_5Y;0.022843;0.025705
2017-08-08;CNY_OIS_RUSFARCNY_5Y;0.023312;0.026196
2017-08-09;CNY_OIS_RUSFARCNY_5Y;0.023526;0.026338
2017-08-10;CNY_OIS_RUSFARCNY_5Y;0.02352;0.026248
2017-08-11;CNY_OIS_RUSFARCNY_5Y;0.023491;0.026137
2017-08-14;CNY_OIS_RUSFARCNY_5Y;0.023367;0.025947
2017-08-15;CNY_OIS_RUSFARCNY_5Y;0.023629;0.026159
2017-08-16;CNY_OIS_RUSFARCNY_5Y;0.023885;0.026369
2017-08-17;CNY_OIS_RUSFARCNY_5Y;0.024057;0.026475
2017-08-18;CNY_OIS_RUSFARCNY_5Y;0.024097;0.026441
2017-08-21;CNY_OIS_RUSFARCNY_5Y;0.024255;0.026537
2017-08-22;CNY_OIS_RUSFARCNY_5Y;0.023949;0.026221
2017-08-23;CNY_OIS_RUSFARCNY_5Y;0.024242;0.026492
2017-08-24;CNY_OIS_RUSFARCNY_5Y;0.024302;0.026484
2017-08-25;CNY_OIS_RUSFARCNY_5Y;0.024404;0.026524
2017-08-28;CNY_OIS_RUSFARCNY_5Y;0.024396;0.026452
2017-08-29;CNY_OIS_RUSFARCNY_5Y;0.024979;0.027289
2017-08-30;CNY_OIS_RUSFARCNY_5Y;0.025031;0.027271
2017-08-31;CNY_OIS_RUSFARCNY_5Y;0.023898;0.02655
2017-09-01;CNY_OIS_RUSFARCNY_5Y;0.02375;0.026338
2017-09-04;CNY_OIS_RUSFARCNY_5Y;0.023057;0.025771
2017-09-05;CNY_OIS_RUSFARCNY_5Y;0.022074;0.025054
2017-09-06;CNY_OIS_RUSFARCNY_5Y;0.021866;0.024782
2017-09-07;CNY_OIS_RUSFARCNY_5Y;0.021907;0.024733
2017-09-08;CNY_OIS_RUSFARCNY_5Y;0.021903;0.024645
2017-09-11;CNY_OIS_RUSFARCNY_5Y;0.022023;0.024685
2017-09-12;CNY_OIS_RUSFARCNY_5Y;0.022106;0.024688
2017-09-13;CNY_OIS_RUSFARCNY_5Y;0.022163;0.024665
2017-09-14;CNY_OIS_RUSFARCNY_5Y;0.022484;0.024964
2017-09-15;CNY_OIS_RUSFARCNY_5Y;0.022664;0.02508
2017-09-18;CNY_OIS_RUSFARCNY_5Y;0.023203;0.025745
2017-09-19;CNY_OIS_RUSFARCNY_5Y;0.023852;0.026616
2017-09-20;CNY_OIS_RUSFARCNY_5Y;0.023431;0.026197
2017-09-21;CNY_OIS_RUSFARCNY_5Y;0.023624;0.026318
2017-09-22;CNY_OIS_RUSFARCNY_5Y;0.023105;0.025843
2017-09-25;CNY_OIS_RUSFARCNY_5Y;0.023167;0.025821
2017-09-26;CNY_OIS_RUSFARCNY_5Y;0.023843;0.026725
2017-09-27;CNY_OIS_RUSFARCNY_5Y;0.024131;0.026957
2017-09-28;CNY_OIS_RUSFARCNY_5Y;0.024644;0.027524
2017-09-29;CNY_OIS_RUSFARCNY_5Y;0.023277;0.026631
2017-09-30;CNY_OIS_RUSFARCNY_5Y;0.02433;0.028258
2017-10-09;CNY_OIS_RUSFARCNY_5Y;0.02181;0.026818
2017-10-10;CNY_OIS_RUSFARCNY_5Y;0.021866;0.026722
2017-10-11;CNY_OIS_RUSFARCNY_5Y;0.02197;0.026678
2017-10-12;CNY_OIS_RUSFARCNY_5Y;0.0211;0.025868
2017-10-13;CNY_OIS_RUSFARCNY_5Y;0.020613;0.025315
2017-10-16;CNY_OIS_RUSFARCNY_5Y;0.020573;0.025135
2017-10-17;CNY_OIS_RUSFARCNY_5Y;0.020705;0.025129
2017-10-18;CNY_OIS_RUSFARCNY_5Y;0.020729;0.025019
2017-10-19;CNY_OIS_RUSFARCNY_5Y;0.020754;0.024914
2017-10-20;CNY_OIS_RUSFARCNY_5Y;0.020676;0.024716
2017-10-23;CNY_OIS_RUSFARCNY_5Y;0.021091;0.025057
2017-10-24;CNY_OIS_RUSFARCNY_5Y;0.021326;0.025182
2017-10-25;CNY_OIS_RUSFARCNY_5Y;0.021669;0.025439
2017-10-26;CNY_OIS_RUSFARCNY_5Y;0.022007;0.025695
2017-10-27;CNY_OIS_RUSFARCNY_5Y;0.022296;0.025894
2017-10-30;CNY_OIS_RUSFARCNY_5Y;0.022369;0.025859
2017-10-31;CNY_OIS_RUSFARCNY_5Y;0.022578;0.02597
2017-11-01;CNY_OIS_RUSFARCNY_5Y;0.022659;0.025949
2017-11-02;CNY_OIS_RUSFARCNY_5Y;0.021329;0.025019
2017-11-03;CNY_OIS_RUSFARCNY_5Y;0.020852;0.02452
2017-11-06;CNY_OIS_RUSFARCNY_5Y;0.020177;0.023891
2017-11-07;CNY_OIS_RUSFARCNY_5Y;0.020604;0.024264
2017-11-08;CNY_OIS_RUSFARCNY_5Y;0.021055;0.024673
2017-11-09;CNY_OIS_RUSFARCNY_5Y;0.021571;0.025177
2017-11-10;CNY_OIS_RUSFARCNY_5Y;0.022241;0.025927
2017-11-13;CNY_OIS_RUSFARCNY_5Y;0.022907;0.026661
2017-11-14;CNY_OIS_RUSFARCNY_5Y;0.023335;0.027033
2017-11-15;CNY_OIS_RUSFARCNY_5Y;0.023173;0.026775
2017-11-16;CNY_OIS_RUSFARCNY_5Y;0.023167;0.026661
2017-11-17;CNY_OIS_RUSFARCNY_5Y;0.022525;0.026063
2017-11-20;CNY_OIS_RUSFARCNY_5Y;0.023014;0.026534
2017-11-21;CNY_OIS_RUSFARCNY_5Y;0.023278;0.02671
2017-11-22;CNY_OIS_RUSFARCNY_5Y;0.023341;0.026667
2017-11-23;CNY_OIS_RUSFARCNY_5Y;0.023331;0.026557
2017-11-24;CNY_OIS_RUSFARCNY_5Y;0.023319;0.026449
2017-11-27;CNY_OIS_RUSFARCNY_5Y;0.023576;0.026632
2017-11-28;CNY_OIS_RUSFARCNY_5Y;0.023413;0.026395
2017-11-29;CNY_OIS_RUSFARCNY_5Y;0.022013;0.025475
2017-11-30;CNY_OIS_RUSFARCNY_5Y;0.022907;0.026681
2017-12-01;CNY_OIS_RUSFARCNY_5Y;0.021146;0.025522
2017-12-04;CNY_OIS_RUSFARCNY_5Y;0.020765;0.025063
2017-12-05;CNY_OIS_RUSFARCNY_5Y;0.020613;0.024795
2017-12-06;CNY_OIS_RUSFARCNY_5Y;0.020616;0.024672
2017-12-07;CNY_OIS_RUSFARCNY_5Y;0.020796;0.024732
2017-12-08;CNY_OIS_RUSFARCNY_5Y;0.021076;0.024912
2017-12-11;CNY_OIS_RUSFARCNY_5Y;0.021822;0.025766
2017-12-12;CNY_OIS_RUSFARCNY_5Y;0.022237;0.026111
2017-12-13;CNY_OIS_RUSFARCNY_5Y;0.022848;0.02674
2017-12-14;CNY_OIS_RUSFARCNY_5Y;0.023053;0.026835
2017-12-15;CNY_OIS_RUSFARCNY_5Y;0.022209;0.026099
2017-12-18;CNY_OIS_RUSFARCNY_5Y;0.022258;0.02603
2017-12-19;CNY_OIS_RUSFARCNY_5Y;0.02249;0.026158
2017-12-20;CNY_OIS_RUSFARCNY_5Y;0.022434;0.025994
2017-12-21;CNY_OIS_RUSFARCNY_5Y;0.021757;0.025371
2017-12-22;CNY_OIS_RUSFARCNY_5Y;0.021229;0.024839
2017-12-25;CNY_OIS_RUSFARCNY_5Y;0.020818;0.02439
2017-12-26;CNY_OIS_RUSFARCNY_5Y;0.021065;0.024543
2017-12-27;CNY_OIS_RUSFARCNY_5Y;0.021773;0.025375
2017-12-28;CNY_OIS_RUSFARCNY_5Y;0.021887;0.025381
2017-12-29;CNY_OIS_RUSFARCNY_5Y;0.023129;0.027499
2018-01-02;CNY_OIS_RUSFARCNY_5Y;0.020887;0.026081
2018-01-03;CNY_OIS_RUSFARCNY_5Y;0.019916;0.025182
2018-01-04;CNY_OIS_RUSFARCNY_5Y;0.019366;0.024562
2018-01-05;CNY_OIS_RUSFARCNY_5Y;0.01923;0.024278
2018-01-08;CNY_OIS_RUSFARCNY_5Y;0.019069;0.023979
2018-01-09;CNY_OIS_RUSFARCNY_5Y;0.019759;0.024649
2018-01-10;CNY_OIS_RUSFARCNY_5Y;0.020796;0.025892
2018-01-11;CNY_OIS_RUSFARCNY_5Y;0.022316;0.028152
2018-01-12;CNY_OIS_RUSFARCNY_5Y;0.022385;0.028043
2018-01-15;CNY_OIS_RUSFARCNY_5Y;0.022095;0.027613
2018-01-16;CNY_OIS_RUSFARCNY_5Y;0.022088;0.02744
2018-01-17;CNY_OIS_RUSFARCNY_5Y;0.021964;0.027164
2018-01-18;CNY_OIS_RUSFARCNY_5Y;0.022048;0.02709
2018-01-19;CNY_OIS_RUSFARCNY_5Y;0.022763;0.027785
2018-01-22;CNY_OIS_RUSFARCNY_5Y;0.022131;0.027117
2018-01-23;CNY_OIS_RUSFARCNY_5Y;0.020147;0.025721
2018-01-24;CNY_OIS_RUSFARCNY_5Y;0.019942;0.025366
2018-01-25;CNY_OIS_RUSFARCNY_5Y;0.019917;0.025179
2018-01-26;CNY_OIS_RUSFARCNY_5Y;0.019867;0.024973
2018-01-29;CNY_OIS_RUSFARCNY_5Y;0.020096;0.025052
2018-01-30;CNY_OIS_RUSFARCNY_5Y;0.020049;0.024859
2018-01-31;CNY_OIS_RUSFARCNY_5Y;0.020499;0.025209
2018-02-01;CNY_OIS_RUSFARCNY_5Y;0.019695;0.024441
2018-02-02;CNY_OIS_RUSFARCNY_5Y;0.019787;0.024387
2018-02-05;CNY_OIS_RUSFARCNY_5Y;0.019986;0.024452
2018-02-06;CNY_OIS_RUSFARCNY_5Y;0.020138;0.02447
2018-02-07;CNY_OIS_RUSFARCNY_5Y;0.020508;0.02474
2018-02-08;CNY_OIS_RUSFARCNY_5Y;0.020582;0.024686
2018-02-09;CNY_OIS_RUSFARCNY_5Y;0.02081;0.024798
2018-02-11;CNY_OIS_RUSFARCNY_5Y;0.021054;0.024934
2018-02-12;CNY_OIS_RUSFARCNY_5Y;0.020874;0.024654
2018-02-13;CNY_OIS_RUSFARCNY_5Y;0.020951;0.024617
2018-02-14;CNY_OIS_RUSFARCNY_5Y;0.022045;0.026243
2018-02-22;CNY_OIS_RUSFARCNY_5Y;0.021053;0.025395
2018-02-23;CNY_OIS_RUSFARCNY_5Y;0.020761;0.025007
2018-02-24;CNY_OIS_RUSFARCNY_5Y;0.020433;0.024595
2018-02-26;CNY_OIS_RUSFARCNY_5Y;0.020604;0.024644
2018-02-27;CNY_OIS_RUSFARCNY_5Y;0.020564;0.024484
2018-02-28;CNY_OIS_RUSFARCNY_5Y;0.021743;0.026245
2018-03-01;CNY_OIS_RUSFARCNY_5Y;0.021637;0.026011
2018-03-02;CNY_OIS_RUSFARCNY_5Y;0.022419;0.026869
2018-03-05;CNY_OIS_RUSFARCNY_5Y;0.021059;0.025809
2018-03-06;CNY_OIS_RUSFARCNY_5Y;0.020763;0.025405
2018-03-07;CNY_OIS_RUSFARCNY_5Y;0.020575;0.025093
2018-03-08;CNY_OIS_RUSFARCNY_5Y;0.020416;0.024812
2018-03-09;CNY_OIS_RUSFARCNY_5Y;0.020513;0.024775
2018-03-12;CNY_OIS_RUSFARCNY_5Y;0.020705;0.024843
2018-03-13;CNY_OIS_RUSFARCNY_5Y;0.021235;0.025333
2018-03-14;CNY_OIS_RUSFARCNY_5Y;0.021257;0.025231
2018-03-15;CNY_OIS_RUSFARCNY_5Y;0.021307;0.025161
2018-03-16;CNY_OIS_RUSFARCNY_5Y;0.020868;0.02468
2018-03-19;CNY_OIS_RUSFARCNY_5Y;0.020665;0.024383
2018-03-20;CNY_OIS_RUSFARCNY_5Y;0.020691;0.024297
2018-03-21;CNY_OIS_RUSFARCNY_5Y;0.020756;0.024252
2018-03-22;CNY_OIS_RUSFARCNY_5Y;0.020707;0.024101
2018-03-23;CNY_OIS_RUSFARCNY_5Y;0.020719;0.024009
2018-03-26;CNY_OIS_RUSFARCNY_5Y;0.020749;0.023939
2018-03-27;CNY_OIS_RUSFARCNY_5Y;0.021248;0.02445
2018-03-28;CNY_OIS_RUSFARCNY_5Y;0.021281;0.024387
2018-03-29;CNY_OIS_RUSFARCNY_5Y;0.021216;0.024232
2018-03-30;CNY_OIS_RUSFARCNY_5Y;0.0221;0.025528
2018-04-02;CNY_OIS_RUSFARCNY_5Y;0.02138;0.024888
2018-04-03;CNY_OIS_RUSFARCNY_5Y;0.020909;0.024399
2018-04-04;CNY_OIS_RUSFARCNY_5Y;0.019705;0.023503
2018-04-08;CNY_OIS_RUSFARCNY_5Y;0.019523;0.023225
2018-04-09;CNY_OIS_RUSFARCNY_5Y;0.020277;0.024111
2018-04-10;CNY_OIS_RUSFARCNY_5Y;0.020556;0.024292
2018-04-11;CNY_OIS_RUSFARCNY_5Y;0.020711;0.024337
2018-04-12;CNY_OIS_RUSFARCNY_5Y;0.020726;0.024242
2018-04-13;CNY_OIS_RUSFARCNY_5Y;0.020779;0.024189
2018-04-16;CNY_OIS_RUSFARCNY_5Y;0.021069;0.024399
2018-04-17;CNY_OIS_RUSFARCNY_5Y;0.021811;0.025317
2018-04-18;CNY_OIS_RUSFARCNY_5Y;0.022001;0.025407
2018-04-19;CNY_OIS_RUSFARCNY_5Y;0.022534;0.025954
2018-04-20;CNY_OIS_RUSFARCNY_5Y;0.022722;0.026046
2018-04-23;CNY_OIS_RUSFARCNY_5Y;0.022532;0.025776
2018-04-24;CNY_OIS_RUSFARCNY_5Y;0.022698;0.02585
2018-04-25;CNY_OIS_RUSFARCNY_5Y;0.022665;0.025723
2018-04-26;CNY_OIS_RUSFARCNY_5Y;0.02305;0.026078
2018-04-27;CNY_OIS_RUSFARCNY_5Y;0.024176;0.028072
2018-04-28;CNY_OIS_RUSFARCNY_5Y;0.023104;0.027204
2018-05-02;CNY_OIS_RUSFARCNY_5Y;0.02195;0.026278
2018-05-03;CNY_OIS_RUSFARCNY_5Y;0.021602;0.025846
2018-05-04;CNY_OIS_RUSFARCNY_5Y;0.020676;0.025032
2018-05-07;CNY_OIS_RUSFARCNY_5Y;0.02062;0.024848
2018-05-08;CNY_OIS_RUSFARCNY_5Y;0.020614;0.024714
2018-05-09;CNY_OIS_RUSFARCNY_5Y;0.020075;0.024153
2018-05-10;CNY_OIS_RUSFARCNY_5Y;0.020025;0.023983
2018-05-11;CNY_OIS_RUSFARCNY_5Y;0.019857;0.023711
2018-05-14;CNY_OIS_RUSFARCNY_5Y;0.020696;0.024732
2018-05-15;CNY_OIS_RUSFARCNY_5Y;0.021304;0.025344
2018-05-16;CNY_OIS_RUSFARCNY_5Y;0.022363;0.026785
2018-05-17;CNY_OIS_RUSFARCNY_5Y;0.02033;0.025438
2018-05-18;CNY_OIS_RUSFARCNY_5Y;0.020052;0.025036
2018-05-21;CNY_OIS_RUSFARCNY_5Y;0.01975;0.024618
2018-05-22;CNY_OIS_RUSFARCNY_5Y;0.019804;0.024524
2018-05-23;CNY_OIS_RUSFARCNY_5Y;0.019925;0.024503
2018-05-24;CNY_OIS_RUSFARCNY_5Y;0.019995;0.024433
2018-05-25;CNY_OIS_RUSFARCNY_5Y;0.020043;0.024345
2018-05-28;CNY_OIS_RUSFARCNY_5Y;0.020158;0.02433
2018-05-29;CNY_OIS_RUSFARCNY_5Y;0.021681;0.026987
2018-05-30;CNY_OIS_RUSFARCNY_5Y;0.022929;0.028579
2018-05-31;CNY_OIS_RUSFARCNY_5Y;0.022451;0.027997
2018-06-01;CNY_OIS_RUSFARCNY_5Y;0.022224;0.027624
2018-06-04;CNY_OIS_RUSFARCNY_5Y;0.019805;0.026003
2018-06-05;CNY_OIS_RUSFARCNY_5Y;0.019747;0.025761
2018-06-06;CNY_OIS_RUSFARCNY_5Y;0.019613;0.025455
2018-06-07;CNY_OIS_RUSFARCNY_5Y;0.019631;0.025297
2018-06-08;CNY_OIS_RUSFARCNY_5Y;0.019797;0.025291
2018-06-11;CNY_OIS_RUSFARCNY_5Y;0.019979;0.025309
2018-06-12;CNY_OIS_RUSFARCNY_5Y;0.020169;0.025339
2018-06-13;CNY_OIS_RUSFARCNY_5Y;0.020297;0.025311
2018-06-14;CNY_OIS_RUSFARCNY_5Y;0.020393;0.025255
2018-06-15;CNY_OIS_RUSFARCNY_5Y;0.020477;0.025191
2018-06-19;CNY_OIS_RUSFARCNY_5Y;0.020529;0.025099
2018-06-20;CNY_OIS_RUSFARCNY_5Y;0.020876;0.025332
2018-06-21;CNY_OIS_RUSFARCNY_5Y;0.020673;0.025015
2018-06-22;CNY_OIS_RUSFARCNY_5Y;0.020669;0.024879
2018-06-25;CNY_OIS_RUSFARCNY_5Y;0.020505;0.024603
2018-06-26;CNY_OIS_RUSFARCNY_5Y;0.020072;0.024116
2018-06-27;CNY_OIS_RUSFARCNY_5Y;0.019313;0.023415
2018-06-28;CNY_OIS_RUSFARCNY_5Y;0.017439;0.022169
2018-06-29;CNY_OIS_RUSFARCNY_5Y;0.019586;0.026802
2018-07-02;CNY_OIS_RUSFARCNY_5Y;0.018493;0.025715
2018-07-03;CNY_OIS_RUSFARCNY_5Y;0.01752;0.024708
2018-07-04;CNY_OIS_RUSFARCNY_5Y;0.014975;0.022833
2018-07-05;CNY_OIS_RUSFARCNY_5Y;0.014385;0.022083
2018-07-06;CNY_OIS_RUSFARCNY_5Y;0.012614;0.020554
2018-07-09;CNY_OIS_RUSFARCNY_5Y;0.01297;0.020678
2018-07-10;CNY_OIS_RUSFARCNY_5Y;0.015439;0.024549
2018-07-11;CNY_OIS_RUSFARCNY_5Y;0.016485;0.025463
2018-07-12;CNY_OIS_RUSFARCNY_5Y;0.017381;0.026187
2018-07-13;CNY_OIS_RUSFARCNY_5Y;0.017445;0.025983
2018-07-16;CNY_OIS_RUSFARCNY_5Y;0.018297;0.026671
2018-07-17;CNY_OIS_RUSFARCNY_5Y;0.018755;0.026893
2018-07-18;CNY_OIS_RUSFARCNY_5Y;0.018182;0.026146
2018-07-19;CNY_OIS_RUSFARCNY_5Y;0.01711;0.025038
2018-07-20;CNY_OIS_RUSFARCNY_5Y;0.016488;0.02426
2018-07-23;CNY_OIS_RUSFARCNY_5Y;0.016764;0.024304
2018-07-24;CNY_OIS_RUSFARCNY_5Y;0.016789;0.024099
2018-07-25;CNY_OIS_RUSFARCNY_5Y;0.01686;0.023948
2018-07-26;CNY_OIS_RUSFARCNY_5Y;0.01668;0.023568
2018-07-27;CNY_OIS_RUSFARCNY_5Y;0.016401;0.023107
2018-07-30;CNY_OIS_RUSFARCNY_5Y;0.015567;0.022221
2018-07-31;CNY_OIS_RUSFARCNY_5Y;0.014171;0.020977
2018-08-01;CNY_OIS_RUSFARCNY_5Y;0.01388;0.020508
2018-08-02;CNY_OIS_RUSFARCNY_5Y;0.013366;0.019862
2018-08-03;CNY_OIS_RUSFARCNY_5Y;0.012102;0.018706
2018-08-06;CNY_OIS_RUSFARCNY_5Y;0.011893;0.018315
2018-08-07;CNY_OIS_RUSFARCNY_5Y;0.0095;0.016588
2018-08-08;CNY_OIS_RUSFARCNY_5Y;0.007357;0.014911
2018-08-09;CNY_OIS_RUSFARCNY_5Y;0.00912;0.017148
2018-08-10;CNY_OIS_RUSFARCNY_5Y;0.010937;0.019411
2018-08-13;CNY_OIS_RUSFARCNY_5Y;0.013307;0.022781
2018-08-14;CNY_OIS_RUSFARCNY_5Y;0.015274;0.025114
2018-08-15;CNY_OIS_RUSFARCNY_5Y;0.015592;0.025136
2018-08-16;CNY_OIS_RUSFARCNY_5Y;0.0172;0.026848
2018-08-17;CNY_OIS_RUSFARCNY_5Y;0.018003;0.027425
2018-08-20;CNY_OIS_RUSFARCNY_5Y;0.018581;0.027747
2018-08-21;CNY_OIS_RUSFARCNY_5Y;0.01883;0.027718
2018-08-22;CNY_OIS_RUSFARCNY_5Y;0.017911;0.026677
2018-08-23;CNY_OIS_RUSFARCNY_5Y;0.017149;0.025759
2018-08-24;CNY_OIS_RUSFARCNY_5Y;0.016629;0.025039
2018-08-27;CNY_OIS_RUSFARCNY_5Y;0.017218;0.02541
2018-08-28;CNY_OIS_RUSFARCNY_5Y;0.017196;0.025142
2018-08-29;CNY_OIS_RUSFARCNY_5Y;0.016946;0.024672
2018-08-30;CNY_OIS_RUSFARCNY_5Y;0.015826;0.023542
2018-08-31;CNY_OIS_RUSFARCNY_5Y;0.016254;0.023754
2018-09-03;CNY_OIS_RUSFARCNY_5Y;0.016039;0.023329
2018-09-04;CNY_OIS_RUSFARCNY_5Y;0.015266;0.022462
2018-09-05;CNY_OIS_RUSFARCNY_5Y;0.015057;0.022051
2018-09-06;CNY_OIS_RUSFARCNY_5Y;0.017513;0.026195
2018-09-07;CNY_OIS_RUSFARCNY_5Y;0.01854;0.027108
2018-09-10;CNY_OIS_RUSFARCNY_5Y;0.018488;0.0268
2018-09-11;CNY_OIS_RUSFARCNY_5Y;0.018782;0.026846
2018-09-12;CNY_OIS_RUSFARCNY_5Y;0.018566;0.026402
2018-09-13;CNY_OIS_RUSFARCNY_5Y;0.018409;0.026019
2018-09-14;CNY_OIS_RUSFARCNY_5Y;0.018099;0.025509
2018-09-17;CNY_OIS_RUSFARCNY_5Y;0.017977;0.025171
2018-09-18;CNY_OIS_RUSFARCNY_5Y;0.01964;0.027268
2018-09-19;CNY_OIS_RUSFARCNY_5Y;0.01876;0.026308
2018-09-20;CNY_OIS_RUSFARCNY_5Y;0.018428;0.02578
2018-09-21;CNY_OIS_RUSFARCNY_5Y;0.018489;0.025619
2018-09-25;CNY_OIS_RUSFARCNY_5Y;0.01888;0.025808
2018-09-26;CNY_OIS_RUSFARCNY_5Y;0.019084;0.025804
2018-09-27;CNY_OIS_RUSFARCNY_5Y;0.018168;0.02486
2018-09-28;CNY_OIS_RUSFARCNY_5Y;0.018118;0.02461
2018-09-29;CNY_OIS_RUSFARCNY_5Y;0.013257;0.022031
2018-09-30;CNY_OIS_RUSFARCNY_5Y;0.017057;0.029831
2018-10-08;CNY_OIS_RUSFARCNY_5Y;0.016007;0.028541
2018-10-09;CNY_OIS_RUSFARCNY_5Y;0.015852;0.028016
2018-10-10;CNY_OIS_RUSFARCNY_5Y;0.014935;0.026853
2018-10-11;CNY_OIS_RUSFARCNY_5Y;0.014728;0.0263
2018-10-12;CNY_OIS_RUSFARCNY_5Y;0.015657;0.026951
2018-10-15;CNY_OIS_RUSFARCNY_5Y;0.015186;0.026182
2018-10-16;CNY_OIS_RUSFARCNY_5Y;0.015313;0.025975
2018-10-17;CNY_OIS_RUSFARCNY_5Y;0.015273;0.025615
2018-10-18;CNY_OIS_RUSFARCNY_5Y;0.016134;0.026234
2018-10-19;CNY_OIS_RUSFARCNY_5Y;0.016465;0.026263
2018-10-22;CNY_OIS_RUSFARCNY_5Y;0.016908;0.02642
2018-10-23;CNY_OIS_RUSFARCNY_5Y;0.016809;0.026039
2018-10-24;CNY_OIS_RUSFARCNY_5Y;0.016344;0.025344
2018-10-25;CNY_OIS_RUSFARCNY_5Y;0.014463;0.023665
2018-10-26;CNY_OIS_RUSFARCNY_5Y;0.01296;0.022208
2018-10-29;CNY_OIS_RUSFARCNY_5Y;0.010615;0.020253
2018-10-30;CNY_OIS_RUSFARCNY_5Y;0.007345;0.017803
2018-10-31;CNY_OIS_RUSFARCNY_5Y;0.012287;0.028941
2018-11-01;CNY_OIS_RUSFARCNY_5Y;0.014181;0.030587
2018-11-02;CNY_OIS_RUSFARCNY_5Y;0.01371;0.029658
2018-11-05;CNY_OIS_RUSFARCNY_5Y;0.01352;0.028998
2018-11-06;CNY_OIS_RUSFARCNY_5Y;0.01199;0.027238
2018-11-07;CNY_OIS_RUSFARCNY_5Y;0.010283;0.025357
2018-11-08;CNY_OIS_RUSFARCNY_5Y;0.009328;0.02406
2018-11-09;CNY_OIS_RUSFARCNY_5Y;0.010135;0.024453
2018-11-12;CNY_OIS_RUSFARCNY_5Y;0.012715;0.027293
2018-11-13;CNY_OIS_RUSFARCNY_5Y;0.014407;0.028781
2018-11-14;CNY_OIS_RUSFARCNY_5Y;0.013098;0.02723
2018-11-15;CNY_OIS_RUSFARCNY_5Y;0.013452;0.027156
2018-11-16;CNY_OIS_RUSFARCNY_5Y;0.013721;0.027007
2018-11-19;CNY_OIS_RUSFARCNY_5Y;0.015765;0.029083
2018-11-20;CNY_OIS_RUSFARCNY_5Y;0.01653;0.029478
2018-11-21;CNY_OIS_RUSFARCNY_5Y;0.016422;0.028986
2018-11-22;CNY_OIS_RUSFARCNY_5Y;0.0153;0.027648
2018-11-23;CNY_OIS_RUSFARCNY_5Y;0.014432;0.026516
2018-11-26;CNY_OIS_RUSFARCNY_5Y;0.015921;0.027867
2018-11-27;CNY_OIS_RUSFARCNY_5Y;0.016664;0.028284
2018-11-28;CNY_OIS_RUSFARCNY_5Y;0.016669;0.027939
2018-11-29;CNY_OIS_RUSFARCNY_5Y;0.013616;0.025452
2018-11-30;CNY_OIS_RUSFARCNY_5Y;0.016802;0.029866
2018-12-03;CNY_OIS_RUSFARCNY_5Y;0.015645;0.028483
2018-12-04;CNY_OIS_RUSFARCNY_5Y;0.015114;0.027614
2018-12-05;CNY_OIS_RUSFARCNY_5Y;0.013351;0.025817
2018-12-06;CNY_OIS_RUSFARCNY_5Y;0.014924;0.027264
2018-12-07;CNY_OIS_RUSFARCNY_5Y;0.015092;0.027056
2018-12-10;CNY_OIS_RUSFARCNY_5Y;0.015637;0.027251
2018-12-11;CNY_OIS_RUSFARCNY_5Y;0.015913;0.027175
2018-12-12;CNY_OIS_RUSFARCNY_5Y;0.015685;0.026623
2018-12-13;CNY_OIS_RUSFARCNY_5Y;0.016745;0.027463
2018-12-14;CNY_OIS_RUSFARCNY_5Y;0.018149;0.028779
2018-12-17;CNY_OIS_RUSFARCNY_5Y;0.018005;0.028323
2018-12-18;CNY_OIS_RUSFARCNY_5Y;0.018589;0.028619
2018-12-19;CNY_OIS_RUSFARCNY_5Y;0.01859;0.028318
2018-12-20;CNY_OIS_RUSFARCNY_5Y;0.017815;0.027353
2018-12-21;CNY_OIS_RUSFARCNY_5Y;0.017102;0.026446
2018-12-24;CNY_OIS_RUSFARCNY_5Y;0.015334;0.024814
2018-12-25;CNY_OIS_RUSFARCNY_5Y;0.012025;0.022363
2018-12-26;CNY_OIS_RUSFARCNY_5Y;0.012193;0.022215
2018-12-27;CNY_OIS_RUSFARCNY_5Y;0.009613;0.020075
2018-12-28;CNY_OIS_RUSFARCNY_5Y;0.00589;0.017338
2018-12-29;CNY_OIS_RUSFARCNY_5Y;0.01196;0.032948
2019-01-02;CNY_OIS_RUSFARCNY_5Y;0.009528;0.0303
2019-01-03;CNY_OIS_RUSFARCNY_5Y;0.006162;0.027026
2019-01-04;CNY_OIS_RUSFARCNY_5Y;0.002955;0.023853
2019-01-07;CNY_OIS_RUSFARCNY_5Y;0.001119;0.021649
2019-01-08;CNY_OIS_RUSFARCNY_5Y;0.001098;0.02101
2019-01-09;CNY_OIS_RUSFARCNY_5Y;0.00285;0.022318
2019-01-10;CNY_OIS_RUSFARCNY_5Y;0.004796;0.023892
2019-01-11;CNY_OIS_RUSFARCNY_5Y;0.004732;0.023256
2019-01-14;CNY_OIS_RUSFARCNY_5Y;0.006607;0.024781
2019-01-15;CNY_OIS_RUSFARCNY_5Y;0.010052;0.028676
2019-01-16;CNY_OIS_RUSFARCNY_5Y;0.010932;0.029016
2019-01-17;CNY_OIS_RUSFARCNY_5Y;0.010729;0.028279
2019-01-18;CNY_OIS_RUSFARCNY_5Y;0.010165;0.027233
2019-01-21;CNY_OIS_RUSFARCNY_5Y;0.011025;0.027603
2019-01-22;CNY_OIS_RUSFARCNY_5Y;0.011307;0.027381
2019-01-23;CNY_OIS_RUSFARCNY_5Y;0.011562;0.027146
2019-01-24;CNY_OIS_RUSFARCNY_5Y;0.011988;0.0271
2019-01-25;CNY_OIS_RUSFARCNY_5Y;0.013163;0.027905
2019-01-28;CNY_OIS_RUSFARCNY_5Y;0.011575;0.026133
2019-01-29;CNY_OIS_RUSFARCNY_5Y;0.010573;0.024815
2019-01-30;CNY_OIS_RUSFARCNY_5Y;0.010003;0.023867
2019-01-31;CNY_OIS_RUSFARCNY_5Y;0.012299;0.026289
2019-02-01;CNY_OIS_RUSFARCNY_5Y;0.011038;0.02479
2019-02-02;CNY_OIS_RUSFARCNY_5Y;0.012753;0.026355
2019-02-03;CNY_OIS_RUSFARCNY_5Y;0.01102;0.024528
2019-02-11;CNY_OIS_RUSFARCNY_5Y;0.012853;0.026275
2019-02-12;CNY_OIS_RUSFARCNY_5Y;0.010265;0.023903
2019-02-13;CNY_OIS_RUSFARCNY_5Y;0.007093;0.021175
2019-02-14;CNY_OIS_RUSFARCNY_5Y;0.007297;0.020951
2019-02-15;CNY_OIS_RUSFARCNY_5Y;0.007425;0.020663
2019-02-18;CNY_OIS_RUSFARCNY_5Y;0.008658;0.021618
2019-02-19;CNY_OIS_RUSFARCNY_5Y;0.01019;0.022978
2019-02-20;CNY_OIS_RUSFARCNY_5Y;0.009186;0.021722
2019-02-21;CNY_OIS_RUSFARCNY_5Y;0.010967;0.023461
2019-02-22;CNY_OIS_RUSFARCNY_5Y;0.014329;0.028119
2019-02-25;CNY_OIS_RUSFARCNY_5Y;0.016128;0.0298
2019-02-26;CNY_OIS_RUSFARCNY_5Y;0.017286;0.030642
2019-02-27;CNY_OIS_RUSFARCNY_5Y;0.016966;0.029942
2019-02-28;CNY_OIS_RUSFARCNY_5Y;0.016437;0.029071
2019-03-01;CNY_OIS_RUSFARCNY_5Y;0.011398;0.02553
2019-03-04;CNY_OIS_RUSFARCNY_5Y;0.009154;0.023334
2019-03-05;CNY_OIS_RUSFARCNY_5Y;0.012176;0.026972
2019-03-06;CNY_OIS_RUSFARCNY_5Y;0.01031;0.024998
2019-03-07;CNY_OIS_RUSFARCNY_5Y;0.010393;0.024635
2019-03-08;CNY_OIS_RUSFARCNY_5Y;0.010479;0.024289
2019-03-11;CNY_OIS_RUSFARCNY_5Y;0.011129;0.024539
2019-03-12;CNY_OIS_RUSFARCNY_5Y;0.013687;0.027441
2019-03-13;CNY_OIS_RUSFARCNY_5Y;0.010635;0.024773
2019-03-14;CNY_OIS_RUSFARCNY_5Y;0.012902;0.027126
2019-03-15;CNY_OIS_RUSFARCNY_5Y;0.016009;0.030919
2019-03-18;CNY_OIS_RUSFARCNY_5Y;0.017199;0.031749
2019-03-19;CNY_OIS_RUSFARCNY_5Y;0.016482;0.030666
2019-03-20;CNY_OIS_RUSFARCNY_5Y;0.017166;0.030942
2019-03-21;CNY_OIS_RUSFARCNY_5Y;0.016832;0.030216
2019-03-22;CNY_OIS_RUSFARCNY_5Y;0.016617;0.029611
2019-03-25;CNY_OIS_RUSFARCNY_5Y;0.015926;0.028602
2019-03-26;CNY_OIS_RUSFARCNY_5Y;0.015711;0.028017
2019-03-27;CNY_OIS_RUSFARCNY_5Y;0.013566;0.025982
2019-03-28;CNY_OIS_RUSFARCNY_5Y;0.010977;0.023671
2019-03-29;CNY_OIS_RUSFARCNY_5Y;0.014617;0.028931
2019-04-01;CNY_OIS_RUSFARCNY_5Y;0.012984;0.027144
2019-04-02;CNY_OIS_RUSFARCNY_5Y;0.009003;0.023945
2019-04-03;CNY_OIS_RUSFARCNY_5Y;0.005911;0.021177
2019-04-04;CNY_OIS_RUSFARCNY_5Y;0.003412;0.018756
2019-04-08;CNY_OIS_RUSFARCNY_5Y;0.003755;0.018633
2019-04-09;CNY_OIS_RUSFARCNY_5Y;0.007061;0.022707
2019-04-10;CNY_OIS_RUSFARCNY_5Y;0.011141;0.028247
2019-04-11;CNY_OIS_RUSFARCNY_5Y;0.015161;0.033367
2019-04-12;CNY_OIS_RUSFARCNY_5Y;0.014582;0.032286
2019-04-15;CNY_OIS_RUSFARCNY_5Y;0.01622;0.033548
2019-04-16;CNY_OIS_RUSFARCNY_5Y;0.017314;0.034174
2019-04-17;CNY_OIS_RUSFARCNY_5Y;0.018666;0.035122
2019-04-18;CNY_OIS_RUSFARCNY_5Y;0.016912;0.033156
2019-04-19;CNY_OIS_RUSFARCNY_5Y;0.015552;0.031496
2019-04-22;CNY_OIS_RUSFARCNY_5Y;0.014708;0.03026
2019-04-23;CNY_OIS_RUSFARCNY_5Y;0.017333;0.033055
2019-04-24;CNY_OIS_RUSFARCNY_5Y;0.016787;0.032081
2019-04-25;CNY_OIS_RUSFARCNY_5Y;0.017345;0.032183
2019-04-26;CNY_OIS_RUSFARCNY_5Y;0.014299;0.029449
2019-04-28;CNY_OIS_RUSFARCNY_5Y;0.009479;0.025749
2019-04-29;CNY_OIS_RUSFARCNY_5Y;0.005461;0.022367
2019-04-30;CNY_OIS_RUSFARCNY_5Y;0.008986;0.026562
2019-05-05;CNY_OIS_RUSFARCNY_5Y;0.005954;0.023674
2019-05-06;CNY_OIS_RUSFARCNY_5Y;0.004658;0.02201
2019-05-07;CNY_OIS_RUSFARCNY_5Y;0.002163;0.019485
2019-05-08;CNY_OIS_RUSFARCNY_5Y;-0.00032;0.016968
2019-05-09;CNY_OIS_RUSFARCNY_5Y;0.003123;0.020965
2019-05-10;CNY_OIS_RUSFARCNY_5Y;0.006151;0.024197
2019-05-13;CNY_OIS_RUSFARCNY_5Y;0.009315;0.027633
2019-05-14;CNY_OIS_RUSFARCNY_5Y;0.011911;0.030163
2019-05-15;CNY_OIS_RUSFARCNY_5Y;0.013344;0.031152
2019-05-16;CNY_OIS_RUSFARCNY_5Y;0.010846;0.028602
2019-05-17;CNY_OIS_RUSFARCNY_5Y;0.009562;0.026946
2019-05-20;CNY_OIS_RUSFARCNY_5Y;0.013555;0.031963
2019-05-21;CNY_OIS_RUSFARCNY_5Y;0.015387;0.033441
2019-05-22;CNY_OIS_RUSFARCNY_5Y;0.01433;0.031958
2019-05-23;CNY_OIS_RUSFARCNY_5Y;0.014203;0.031305
2019-05-24;CNY_OIS_RUSFARCNY_5Y;0.011808;0.02886
2019-05-27;CNY_OIS_RUSFARCNY_5Y;0.01489;0.032258
2019-05-28;CNY_OIS_RUSFARCNY_5Y;0.016059;0.032969
2019-05-29;CNY_OIS_RUSFARCNY_5Y;0.013334;0.030314
2019-05-30;CNY_OIS_RUSFARCNY_5Y;0.008646;0.026522
2019-05-31;CNY_OIS_RUSFARCNY_5Y;0.010125;0.027583
2019-06-03;CNY_OIS_RUSFARCNY_5Y;0.008337;0.025551
2019-06-04;CNY_OIS_RUSFARCNY_5Y;0.00567;0.022918
2019-06-05;CNY_OIS_RUSFARCNY_5Y;0.004398;0.02129
2019-06-06;CNY_OIS_RUSFARCNY_5Y;0.003914;0.020334
2019-06-10;CNY_OIS_RUSFARCNY_5Y;0.006993;0.023795
2019-06-11;CNY_OIS_RUSFARCNY_5Y;0.009127;0.025761
2019-06-12;CNY_OIS_RUSFARCNY_5Y;0.008186;0.024422
2019-06-13;CNY_OIS_RUSFARCNY_5Y;0.008282;0.024026
2019-06-14;CNY_OIS_RUSFARCNY_5Y;0.006335;0.021953
2019-06-17;CNY_OIS_RUSFARCNY_5Y;0.007326;0.022522
2019-06-18;CNY_OIS_RUSFARCNY_5Y;0.005377;0.020471
2019-06-19;CNY_OIS_RUSFARCNY_5Y;0.003958;0.01881
2019-06-20;CNY_OIS_RUSFARCNY_5Y;0.00207;0.016818
2019-06-21;CNY_OIS_RUSFARCNY_5Y;0.000791;0.015277
2019-06-24;CNY_OIS_RUSFARCNY_5Y;-0.000168;0.013996
2019-06-25;CNY_OIS_RUSFARCNY_5Y;0.000275;0.014013
2019-06-26;CNY_OIS_RUSFARCNY_5Y;0.000159;0.013489
2019-06-27;CNY_OIS_RUSFARCNY_5Y;6.3e-05;0.012995
2019-06-28;CNY_OIS_RUSFARCNY_5Y;0.003506;0.017732
2019-07-01;CNY_OIS_RUSFARCNY_5Y;0.000225;0.014903
2019-07-02;CNY_OIS_RUSFARCNY_5Y;-0.001169;0.013277
2019-07-03;CNY_OIS_RUSFARCNY_5Y;-0.001325;0.012693
2019-07-04;CNY_OIS_RUSFARCNY_5Y;-0.001447;0.012155
2019-07-05;CNY_OIS_RUSFARCNY_5Y;0.000646;0.014282
2019-07-08;CNY_OIS_RUSFARCNY_5Y;0.004018;0.01871
2019-07-09;CNY_OIS_RUSFARCNY_5Y;0.007029;0.022259
2019-07-10;CNY_OIS_RUSFARCNY_5Y;0.007663;0.022445
2019-07-11;CNY_OIS_RUSFARCNY_5Y;0.009571;0.024217
2019-07-12;CNY_OIS_RUSFARCNY_5Y;0.011902;0.026626
2019-07-15;CNY_OIS_RUSFARCNY_5Y;0.01529;0.030888
2019-07-16;CNY_OIS_RUSFARCNY_5Y;0.016551;0.031777
2019-07-17;CNY_OIS_RUSFARCNY_5Y;0.016642;0.031406
2019-07-18;CNY_OIS_RUSFARCNY_5Y;0.017459;0.031809
2019-07-19;CNY_OIS_RUSFARCNY_5Y;0.018213;0.032155
2019-07-22;CNY_OIS_RUSFARCNY_5Y;0.016731;0.030493
2019-07-23;CNY_OIS_RUSFARCNY_5Y;0.015804;0.029264
2019-07-24;CNY_OIS_RUSFARCNY_5Y;0.015166;0.028282
2019-07-25;CNY_OIS_RUSFARCNY_5Y;0.016722;0.029666
2019-07-26;CNY_OIS_RUSFARCNY_5Y;0.016999;0.029549
2019-07-29;CNY_OIS_RUSFARCNY_5Y;0.017119;0.029289
2019-07-30;CNY_OIS_RUSFARCNY_5Y;0.017224;0.029024
2019-07-31;CNY_OIS_RUSFARCNY_5Y;0.017612;0.029056
2019-08-01;CNY_OIS_RUSFARCNY_5Y;0.017706;0.028802
2019-08-02;CNY_OIS_RUSFARCNY_5Y;0.017875;0.028633
2019-08-05;CNY_OIS_RUSFARCNY_5Y;0.017086;0.027622
2019-08-06;CNY_OIS_RUSFARCNY_5Y;0.013912;0.025136
2019-08-07;CNY_OIS_RUSFARCNY_5Y;0.013663;0.024565
2019-08-08;CNY_OIS_RUSFARCNY_5Y;0.01615;0.027678
2019-08-09;CNY_OIS_RUSFARCNY_5Y;0.01723;0.028518
2019-08-12;CNY_OIS_RUSFARCNY_5Y;0.017725;0.028683
2019-08-13;CNY_OIS_RUSFARCNY_5Y;0.018263;0.028905
2019-08-14;CNY_OIS_RUSFARCNY_5Y;0.018642;0.028966
2019-08-15;CNY_OIS_RUSFARCNY_5Y;0.018493;0.028515
2019-08-16;CNY_OIS_RUSFARCNY_5Y;0.018706;0.028422
2019-08-19;CNY_OIS_RUSFARCNY_5Y;0.018864;0.028284
2019-08-20;CNY_OIS_RUSFARCNY_5Y;0.018763;0.027905
2019-08-21;CNY_OIS_RUSFARCNY_5Y;0.018288;0.027204
2019-08-22;CNY_OIS_RUSFARCNY_5Y;0.01802;0.026688
2019-08-23;CNY_OIS_RUSFARCNY_5Y;0.018558;0.02699
2019-08-26;CNY_OIS_RUSFARCNY_5Y;0.019193;0.027415
2019-08-27;CNY_OIS_RUSFARCNY_5Y;0.019686;0.027682
2019-08-28;CNY_OIS_RUSFARCNY_5Y;0.019088;0.02692
2019-08-29;CNY_OIS_RUSFARCNY_5Y;0.017747;0.025641
2019-08-30;CNY_OIS_RUSFARCNY_5Y;0.018731;0.026537
2019-09-02;CNY_OIS_RUSFARCNY_5Y;0.018625;0.026203
2019-09-03;CNY_OIS_RUSFARCNY_5Y;0.018358;0.02573
2019-09-04;CNY_OIS_RUSFARCNY_5Y;0.017747;0.024981
2019-09-05;CNY_OIS_RUSFARCNY_5Y;0.018688;0.02586
2019-09-06;CNY_OIS_RUSFARCNY_5Y;0.019372;0.026396
2019-09-09;CNY_OIS_RUSFARCNY_5Y;0.019578;0.02639
2019-09-10;CNY_OIS_RUSFARCNY_5Y;0.019112;0.025776
2019-09-11;CNY_OIS_RUSFARCNY_5Y;0.018086;0.024762
2019-09-12;CNY_OIS_RUSFARCNY_5Y;0.017299;0.023909
2019-09-16;CNY_OIS_RUSFARCNY_5Y;0.017058;0.02349
2019-09-17;CNY_OIS_RUSFARCNY_5Y;0.018922;0.026206
2019-09-18;CNY_OIS_RUSFARCNY_5Y;0.019669;0.026819
2019-09-19;CNY_OIS_RUSFARCNY_5Y;0.020714;0.027854
2019-09-20;CNY_OIS_RUSFARCNY_5Y;0.020912;0.027836
2019-09-23;CNY_OIS_RUSFARCNY_5Y;0.021146;0.027862
2019-09-24;CNY_OIS_RUSFARCNY_5Y;0.016036;0.025172
2019-09-25;CNY_OIS_RUSFARCNY_5Y;0.012211;0.022537
2019-09-26;CNY_OIS_RUSFARCNY_5Y;0.007255;0.019313
2019-09-27;CNY_OIS_RUSFARCNY_5Y;0.003621;0.016467
2019-09-29;CNY_OIS_RUSFARCNY_5Y;0.003155;0.015653
2019-09-30;CNY_OIS_RUSFARCNY_5Y;0.010365;0.036163
2019-10-08;CNY_OIS_RUSFARCNY_5Y;0.010678;0.03569
2019-10-09;CNY_OIS_RUSFARCNY_5Y;0.006316;0.031552
2019-10-10;CNY_OIS_RUSFARCNY_5Y;0.004746;0.029402
2019-10-11;CNY_OIS_RUSFARCNY_5Y;0.00404;0.028008
2019-10-12;CNY_OIS_RUSFARCNY_5Y;0.00718;0.030948
2019-10-14;CNY_OIS_RUSFARCNY_5Y;0.010608;0.03432
2019-10-15;CNY_OIS_RUSFARCNY_5Y;0.012385;0.035503
2019-10-16;CNY_OIS_RUSFARCNY_5Y;0.012647;0.035061
2019-10-17;CNY_OIS_RUSFARCNY_5Y;0.011861;0.033667
2019-10-18;CNY_OIS_RUSFARCNY_5Y;0.01252;0.033668
2019-10-21;CNY_OIS_RUSFARCNY_5Y;0.013469;0.033999
2019-10-22;CNY_OIS_RUSFARCNY_5Y;0.014905;0.034903
2019-10-23;CNY_OIS_RUSFARCNY_5Y;0.013687;0.033221
2019-10-24;CNY_OIS_RUSFARCNY_5Y;0.011751;0.030997
2019-10-25;CNY_OIS_RUSFARCNY_5Y;0.012632;0.031316
2019-10-28;CNY_OIS_RUSFARCNY_5Y;0.012633;0.030755
2019-10-29;CNY_OIS_RUSFARCNY_5Y;0.011763;0.029425
2019-10-30;CNY_OIS_RUSFARCNY_5Y;0.011365;0.028523
2019-10-31;CNY_OIS_RUSFARCNY_5Y;0.014169;0.031459
2019-11-01;CNY_OIS_RUSFARCNY_5Y;0.011212;0.028636
2019-11-04;CNY_OIS_RUSFARCNY_5Y;0.009016;0.026312
2019-11-05;CNY_OIS_RUSFARCNY_5Y;0.007178;0.02425
2019-11-06;CNY_OIS_RUSFARCNY_5Y;0.006483;0.023105
2019-11-07;CNY_OIS_RUSFARCNY_5Y;0.007939;0.024189
2019-11-08;CNY_OIS_RUSFARCNY_5Y;0.008056;0.023812
2019-11-11;CNY_OIS_RUSFARCNY_5Y;0.009531;0.024957
2019-11-12;CNY_OIS_RUSFARCNY_5Y;0.012682;0.028666
2019-11-13;CNY_OIS_RUSFARCNY_5Y;0.014934;0.030854
2019-11-14;CNY_OIS_RUSFARCNY_5Y;0.015836;0.031312
2019-11-15;CNY_OIS_RUSFARCNY_5Y;0.016339;0.031349
2019-11-18;CNY_OIS_RUSFARCNY_5Y;0.016706;0.031262
2019-11-19;CNY_OIS_RUSFARCNY_5Y;0.012681;0.028007
2019-11-20;CNY_OIS_RUSFARCNY_5Y;0.007627;0.024181
2019-11-21;CNY_OIS_RUSFARCNY_5Y;0.007369;0.023439
2019-11-22;CNY_OIS_RUSFARCNY_5Y;0.008561;0.024227
2019-11-25;CNY_OIS_RUSFARCNY_5Y;0.011304;0.027204
2019-11-26;CNY_OIS_RUSFARCNY_5Y;0.012402;0.027886
2019-11-27;CNY_OIS_RUSFARCNY_5Y;0.011701;0.026787
2019-11-28;CNY_OIS_RUSFARCNY_5Y;0.010271;0.025117
2019-11-29;CNY_OIS_RUSFARCNY_5Y;0.012924;0.028024
2019-12-02;CNY_OIS_RUSFARCNY_5Y;0.011854;0.026634
2019-12-03;CNY_OIS_RUSFARCNY_5Y;0.011021;0.025447
2019-12-04;CNY_OIS_RUSFARCNY_5Y;0.009507;0.023741
2019-12-05;CNY_OIS_RUSFARCNY_5Y;0.009053;0.022895
2019-12-06;CNY_OIS_RUSFARCNY_5Y;0.010795;0.024493
2019-12-09;CNY_OIS_RUSFARCNY_5Y;0.013358;0.02737
2019-12-10;CNY_OIS_RUSFARCNY_5Y;0.011995;0.025793
2019-12-11;CNY_OIS_RUSFARCNY_5Y;0.010966;0.024482
2019-12-12;CNY_OIS_RUSFARCNY_5Y;0.010888;0.024
2019-12-13;CNY_OIS_RUSFARCNY_5Y;0.011854;0.024634
2019-12-16;CNY_OIS_RUSFARCNY_5Y;0.014604;0.027964
2019-12-17;CNY_OIS_RUSFARCNY_5Y;0.015473;0.028475
2019-12-18;CNY_OIS_RUSFARCNY_5Y;0.015459;0.028069
2019-12-19;CNY_OIS_RUSFARCNY_5Y;0.010439;0.024539
2019-12-20;CNY_OIS_RUSFARCNY_5Y;0.007932;0.022176
2019-12-23;CNY_OIS_RUSFARCNY_5Y;0.005263;0.019705
2019-12-24;CNY_OIS_RUSFARCNY_5Y;0.000163;0.015945
2019-12-25;CNY_OIS_RUSFARCNY_5Y;-0.001434;0.014122
2019-12-26;CNY_OIS_RUSFARCNY_5Y;-0.002187;0.012975
2019-12-27;CNY_OIS_RUSFARCNY_5Y;8.1e-05;0.015247
2019-12-30;CNY_OIS_RUSFARCNY_5Y;0.00149;0.016338
2019-12-31;CNY_OIS_RUSFARCNY_5Y;0.005591;0.022117
2020-01-02;CNY_OIS_RUSFARCNY_5Y;0.003079;0.019621
2020-01-03;CNY_OIS_RUSFARCNY_5Y;0.000188;0.01688
2020-01-06;CNY_OIS_RUSFARCNY_5Y;-0.001253;0.015141
2020-01-07;CNY_OIS_RUSFARCNY_5Y;0.000928;0.0172
2020-01-08;CNY_OIS_RUSFARCNY_5Y;0.004082;0.020806
2020-01-09;CNY_OIS_RUSFARCNY_5Y;0.005629;0.021999
2020-01-10;CNY_OIS_RUSFARCNY_5Y;0.006671;0.022601
2020-01-13;CNY_OIS_RUSFARCNY_5Y;0.00943;0.025578
2020-01-14;CNY_OIS_RUSFARCNY_5Y;0.013405;0.030783
2020-01-15;CNY_OIS_RUSFARCNY_5Y;0.014956;0.031952
2020-01-16;CNY_OIS_RUSFARCNY_5Y;0.014757;0.031251
2020-01-17;CNY_OIS_RUSFARCNY_5Y;0.014106;0.030162
2020-01-19;CNY_OIS_RUSFARCNY_5Y;0.013209;0.028879
2020-01-20;CNY_OIS_RUSFARCNY_5Y;0.011678;0.02711
2020-01-21;CNY_OIS_RUSFARCNY_5Y;0.007711;0.023817
2020-01-22;CNY_OIS_RUSFARCNY_5Y;0.00393;0.020578
2020-01-23;CNY_OIS_RUSFARCNY_5Y;0.010353;0.032355
2020-02-03;CNY_OIS_RUSFARCNY_5Y;0.011277;0.032631
2020-02-04;CNY_OIS_RUSFARCNY_5Y;0.009119;0.030169
2020-02-05;CNY_OIS_RUSFARCNY_5Y;0.007058;0.02779
2020-02-06;CNY_OIS_RUSFARCNY_5Y;0.004875;0.025333
2020-02-07;CNY_OIS_RUSFARCNY_5Y;0.004924;0.024764
2020-02-10;CNY_OIS_RUSFARCNY_5Y;0.003747;0.023121
2020-02-11;CNY_OIS_RUSFARCNY_5Y;0.003092;0.021936
2020-02-12;CNY_OIS_RUSFARCNY_5Y;0.002983;0.021265
2020-02-13;CNY_OIS_RUSFARCNY_5Y;0.002458;0.02023
2020-02-14;CNY_OIS_RUSFARCNY_5Y;0.000723;0.018225
2020-02-17;CNY_OIS_RUSFARCNY_5Y;0.002567;0.019761
2020-02-18;CNY_OIS_RUSFARCNY_5Y;0.003584;0.020304
2020-02-19;CNY_OIS_RUSFARCNY_5Y;0.005006;0.021342
2020-02-20;CNY_OIS_RUSFARCNY_5Y;0.002816;0.019072
2020-02-21;CNY_OIS_RUSFARCNY_5Y;0.002574;0.018354
2020-02-24;CNY_OIS_RUSFARCNY_5Y;0.004455;0.020033
2020-02-25;CNY_OIS_RUSFARCNY_5Y;0.005361;0.020507
2020-02-26;CNY_OIS_RUSFARCNY_5Y;0.004514;0.019294
2020-02-27;CNY_OIS_RUSFARCNY_5Y;0.003111;0.017657
2020-02-28;CNY_OIS_RUSFARCNY_5Y;0.005774;0.020614
2020-03-02;CNY_OIS_RUSFARCNY_5Y;0.006825;0.021283
2020-03-03;CNY_OIS_RUSFARCNY_5Y;0.006085;0.020183
2020-03-04;CNY_OIS_RUSFARCNY_5Y;0.004574;0.018494
2020-03-05;CNY_OIS_RUSFARCNY_5Y;0.004666;0.018162
2020-03-06;CNY_OIS_RUSFARCNY_5Y;0.003951;0.017117
2020-03-09;CNY_OIS_RUSFARCNY_5Y;0.006147;0.019441
2020-03-10;CNY_OIS_RUSFARCNY_5Y;0.009721;0.024387
2020-03-11;CNY_OIS_RUSFARCNY_5Y;0.010933;0.025255
2020-03-12;CNY_OIS_RUSFARCNY_5Y;0.005673;0.021435
2020-03-13;CNY_OIS_RUSFARCNY_5Y;0.003141;0.018967
2020-03-16;CNY_OIS_RUSFARCNY_5Y;0.001407;0.017041
2020-03-17;CNY_OIS_RUSFARCNY_5Y;6.8e-05;0.01542
2020-03-18;CNY_OIS_RUSFARCNY_5Y;-0.000963;0.014051
2020-03-19;CNY_OIS_RUSFARCNY_5Y;-0.001968;0.012716
2020-03-20;CNY_OIS_RUSFARCNY_5Y;-0.002267;0.011995
2020-03-23;CNY_OIS_RUSFARCNY_5Y;-0.001561;0.012289
2020-03-24;CNY_OIS_RUSFARCNY_5Y;-0.001665;0.011773
2020-03-25;CNY_OIS_RUSFARCNY_5Y;-0.001136;0.011904
2020-03-26;CNY_OIS_RUSFARCNY_5Y;-0.000958;0.011686
2020-03-27;CNY_OIS_RUSFARCNY_5Y;0.001466;0.014442
2020-03-30;CNY_OIS_RUSFARCNY_5Y;0.003984;0.017324
2020-03-31;CNY_OIS_RUSFARCNY_5Y;0.006293;0.019815
2020-04-01;CNY_OIS_RUSFARCNY_5Y;0.004164;0.017724
2020-04-02;CNY_OIS_RUSFARCNY_5Y;0.003041;0.016347
2020-04-03;CNY_OIS_RUSFARCNY_5Y;8.4e-05;0.013764
2020-04-07;CNY_OIS_RUSFARCNY_5Y;-0.001849;0.011797
2020-04-08;CNY_OIS_RUSFARCNY_5Y;-0.000809;0.012497
2020-04-09;CNY_OIS_RUSFARCNY_5Y;0.00186;0.015608
2020-04-10;CNY_OIS_RUSFARCNY_5Y;0.0036;0.017208
2020-04-13;CNY_OIS_RUSFARCNY_5Y;0.004093;0.017295
2020-04-14;CNY_OIS_RUSFARCNY_5Y;-0.000281;0.013989
2020-04-15;CNY_OIS_RUSFARCNY_5Y;-0.002173;0.012021
2020-04-16;CNY_OIS_RUSFARCNY_5Y;-0.002995;0.010863
2020-04-17;CNY_OIS_RUSFARCNY_5Y;-0.002645;0.010793
2020-04-20;CNY_OIS_RUSFARCNY_5Y;-0.000806;0.012554
2020-04-21;CNY_OIS_RUSFARCNY_5Y;-0.000553;0.012401
2020-04-22;CNY_OIS_RUSFARCNY_5Y;-0.000355;0.012203
2020-04-23;CNY_OIS_RUSFARCNY_5Y;-0.000244;0.011932
2020-04-24;CNY_OIS_RUSFARCNY_5Y;0.000129;0.011939
2020-04-26;CNY_OIS_RUSFARCNY_5Y;0.000269;0.011719
2020-04-27;CNY_OIS_RUSFARCNY_5Y;9.6e-05;0.011212
2020-04-28;CNY_OIS_RUSFARCNY_5Y;0.000265;0.011043
2020-04-29;CNY_OIS_RUSFARCNY_5Y;-0.001986;0.009034
2020-04-30;CNY_OIS_RUSFARCNY_5Y;0.004385;0.027203
2020-05-06;CNY_OIS_RUSFARCNY_5Y;0.000193;0.023295
2020-05-07;CNY_OIS_RUSFARCNY_5Y;-0.003198;0.019886
2020-05-08;CNY_OIS_RUSFARCNY_5Y;-0.005022;0.01761
2020-05-09;CNY_OIS_RUSFARCNY_5Y;-0.005581;0.016409
2020-05-11;CNY_OIS_RUSFARCNY_5Y;-0.004989;0.016337
2020-05-12;CNY_OIS_RUSFARCNY_5Y;-0.005411;0.015299
2020-05-13;CNY_OIS_RUSFARCNY_5Y;-0.006108;0.014036
2020-05-14;CNY_OIS_RUSFARCNY_5Y;-0.005426;0.014114
2020-05-15;CNY_OIS_RUSFARCNY_5Y;-0.003971;0.015079
2020-05-18;CNY_OIS_RUSFARCNY_5Y;-0.003277;0.015205
2020-05-19;CNY_OIS_RUSFARCNY_5Y;0.000975;0.020553
2020-05-20;CNY_OIS_RUSFARCNY_5Y;-0.000473;0.018701
2020-05-21;CNY_OIS_RUSFARCNY_5Y;-0.001389;0.017297
2020-05-22;CNY_OIS_RUSFARCNY_5Y;-0.001205;0.016913
2020-05-25;CNY_OIS_RUSFARCNY_5Y;0.002325;0.020963
2020-05-26;CNY_OIS_RUSFARCNY_5Y;0.00608;0.025348
2020-05-27;CNY_OIS_RUSFARCNY_5Y;0.008434;0.027474
2020-05-28;CNY_OIS_RUSFARCNY_5Y;0.008704;0.027164
2020-05-29;CNY_OIS_RUSFARCNY_5Y;0.008935;0.026833
2020-06-01;CNY_OIS_RUSFARCNY_5Y;0.003714;0.022694
2020-06-02;CNY_OIS_RUSFARCNY_5Y;0.002298;0.02089
2020-06-03;CNY_OIS_RUSFARCNY_5Y;0.006122;0.025406
2020-06-04;CNY_OIS_RUSFARCNY_5Y;0.007174;0.025914
2020-06-05;CNY_OIS_RUSFARCNY_5Y;0.003125;0.022343
2020-06-08;CNY_OIS_RUSFARCNY_5Y;0.006161;0.025467
2020-06-09;CNY_OIS_RUSFARCNY_5Y;0.005873;0.024615
2020-06-10;CNY_OIS_RUSFARCNY_5Y;0.006318;0.02449
2020-06-11;CNY_OIS_RUSFARCNY_5Y;0.005642;0.023326
2020-06-12;CNY_OIS_RUSFARCNY_5Y;0.003429;0.020979
2020-06-15;CNY_OIS_RUSFARCNY_5Y;0.003166;0.020202
2020-06-16;CNY_OIS_RUSFARCNY_5Y;0.005864;0.022984
2020-06-17;CNY_OIS_RUSFARCNY_5Y;0.008743;0.026045
2020-06-18;CNY_OIS_RUSFARCNY_5Y;0.009734;0.026554
2020-06-19;CNY_OIS_RUSFARCNY_5Y;0.01007;0.026378
2020-06-22;CNY_OIS_RUSFARCNY_5Y;0.010339;0.026149
2020-06-23;CNY_OIS_RUSFARCNY_5Y;0.008845;0.024403
2020-06-24;CNY_OIS_RUSFARCNY_5Y;0.003982;0.020646
2020-06-28;CNY_OIS_RUSFARCNY_5Y;-0.00099;0.016738
2020-06-29;CNY_OIS_RUSFARCNY_5Y;-0.001587;0.015655
2020-06-30;CNY_OIS_RUSFARCNY_5Y;0.004266;0.025262
2020-07-01;CNY_OIS_RUSFARCNY_5Y;0.006297;0.026871
2020-07-02;CNY_OIS_RUSFARCNY_5Y;0.004225;0.024503
2020-07-03;CNY_OIS_RUSFARCNY_5Y;0.000237;0.020871
2020-07-06;CNY_OIS_RUSFARCNY_5Y;0.000371;0.020377
2020-07-07;CNY_OIS_RUSFARCNY_5Y;0.003834;0.024114
2020-07-08;CNY_OIS_RUSFARCNY_5Y;0.007474;0.028114
2020-07-09;CNY_OIS_RUSFARCNY_5Y;0.008764;0.028844
2020-07-10;CNY_OIS_RUSFARCNY_5Y;0.00915;0.028618
2020-07-13;CNY_OIS_RUSFARCNY_5Y;0.00874;0.027648
2020-07-14;CNY_OIS_RUSFARCNY_5Y;0.003705;0.023523
2020-07-15;CNY_OIS_RUSFARCNY_5Y;0.007101;0.027167
2020-07-16;CNY_OIS_RUSFARCNY_5Y;0.009479;0.029279
2020-07-17;CNY_OIS_RUSFARCNY_5Y;0.010572;0.029816
2020-07-20;CNY_OIS_RUSFARCNY_5Y;0.006663;0.026295
2020-07-21;CNY_OIS_RUSFARCNY_5Y;0.002757;0.022751
2020-07-22;CNY_OIS_RUSFARCNY_5Y;0.00037;0.020178
2020-07-23;CNY_OIS_RUSFARCNY_5Y;0.004978;0.02601
2020-07-24;CNY_OIS_RUSFARCNY_5Y;0.005147;0.025541
2020-07-27;CNY_OIS_RUSFARCNY_5Y;0.00689;0.026818
2020-07-28;CNY_OIS_RUSFARCNY_5Y;0.004583;0.024305
2020-07-29;CNY_OIS_RUSFARCNY_5Y;0.001535;0.021293
2020-07-30;CNY_OIS_RUSFARCNY_5Y;0.001003;0.020205
2020-07-31;CNY_OIS_RUSFARCNY_5Y;0.004869;0.024719
2020-08-03;CNY_OIS_RUSFARCNY_5Y;0.002826;0.022402
2020-08-04;CNY_OIS_RUSFARCNY_5Y;0.006236;0.026092
2020-08-05;CNY_OIS_RUSFARCNY_5Y;0.003997;0.023631
2020-08-06;CNY_OIS_RUSFARCNY_5Y;0.004003;0.023045
2020-08-07;CNY_OIS_RUSFARCNY_5Y;0.007696;0.027272
2020-08-10;CNY_OIS_RUSFARCNY_5Y;0.008696;0.027712
2020-08-11;CNY_OIS_RUSFARCNY_5Y;0.009687;0.028161
2020-08-12;CNY_OIS_RUSFARCNY_5Y;0.009469;0.027399
2020-08-13;CNY_OIS_RUSFARCNY_5Y;0.009842;0.027226
2020-08-14;CNY_OIS_RUSFARCNY_5Y;0.010236;0.027092
2020-08-17;CNY_OIS_RUSFARCNY_5Y;0.010014;0.026374
2020-08-18;CNY_OIS_RUSFARCNY_5Y;0.010132;0.025996
2020-08-19;CNY_OIS_RUSFARCNY_5Y;0.010699;0.026089
2020-08-20;CNY_OIS_RUSFARCNY_5Y;0.011171;0.026097
2020-08-21;CNY_OIS_RUSFARCNY_5Y;0.012224;0.026764
2020-08-24;CNY_OIS_RUSFARCNY_5Y;0.013411;0.027607
2020-08-25;CNY_OIS_RUSFARCNY_5Y;0.009011;0.024197
2020-08-26;CNY_OIS_RUSFARCNY_5Y;0.005343;0.021085
2020-08-27;CNY_OIS_RUSFARCNY_5Y;0.00395;0.019418
2020-08-28;CNY_OIS_RUSFARCNY_5Y;0.002788;0.01794
2020-08-31;CNY_OIS_RUSFARCNY_5Y;0.006455;0.022693
2020-09-01;CNY_OIS_RUSFARCNY_5Y;0.009607;0.026301
2020-09-02;CNY_OIS_RUSFARCNY_5Y;0.009761;0.025947
2020-09-03;CNY_OIS_RUSFARCNY_5Y;0.005971;0.022697
2020-09-04;CNY_OIS_RUSFARCNY_5Y;0.008935;0.025933
2020-09-07;CNY_OIS_RUSFARCNY_5Y;0.009549;0.026039
2020-09-08;CNY_OIS_RUSFARCNY_5Y;0.009424;0.025424
2020-09-09;CNY_OIS_RUSFARCNY_5Y;0.004413;0.021555
2020-09-10;CNY_OIS_RUSFARCNY_5Y;0.00172;0.018908
2020-09-11;CNY_OIS_RUSFARCNY_5Y;0.003159;0.019949
2020-09-14;CNY_OIS_RUSFARCNY_5Y;0.004761;0.021207
2020-09-15;CNY_OIS_RUSFARCNY_5Y;0.006186;0.022262
2020-09-16;CNY_OIS_RUSFARCNY_5Y;0.002711;0.019197
2020-09-17;CNY_OIS_RUSFARCNY_5Y;0.006068;0.02314
2020-09-18;CNY_OIS_RUSFARCNY_5Y;0.00921;0.026638
2020-09-21;CNY_OIS_RUSFARCNY_5Y;0.010463;0.027445
2020-09-22;CNY_OIS_RUSFARCNY_5Y;0.011515;0.028033
2020-09-23;CNY_OIS_RUSFARCNY_5Y;0.007092;0.024416
2020-09-24;CNY_OIS_RUSFARCNY_5Y;0.001945;0.020363
2020-09-25;CNY_OIS_RUSFARCNY_5Y;-0.001243;0.017331
2020-09-27;CNY_OIS_RUSFARCNY_5Y;-0.005903;0.013431
2020-09-28;CNY_OIS_RUSFARCNY_5Y;-0.006463;0.012331
2020-09-29;CNY_OIS_RUSFARCNY_5Y;-0.003418;0.015506
2020-09-30;CNY_OIS_RUSFARCNY_5Y;0.005501;0.035547
2020-10-09;CNY_OIS_RUSFARCNY_5Y;0.002489;0.032099
2020-10-10;CNY_OIS_RUSFARCNY_5Y;-0.00155;0.027938
2020-10-12;CNY_OIS_RUSFARCNY_5Y;-0.002103;0.026531
2020-10-13;CNY_OIS_RUSFARCNY_5Y;-3.7e-05;0.027865
2020-10-14;CNY_OIS_RUSFARCNY_5Y;0.002837;0.030231
2020-10-15;CNY_OIS_RUSFARCNY_5Y;0.004239;0.030849
2020-10-16;CNY_OIS_RUSFARCNY_5Y;0.004179;0.029989
2020-10-19;CNY_OIS_RUSFARCNY_5Y;0.006194;0.031374
2020-10-20;CNY_OIS_RUSFARCNY_5Y;0.006326;0.030742
2020-10-21;CNY_OIS_RUSFARCNY_5Y;0.004872;0.028716
2020-10-22;CNY_OIS_RUSFARCNY_5Y;0.004448;0.0276
2020-10-23;CNY_OIS_RUSFARCNY_5Y;0.007114;0.029934
2020-10-26;CNY_OIS_RUSFARCNY_5Y;0.00765;0.029778
2020-10-27;CNY_OIS_RUSFARCNY_5Y;0.009862;0.031566
2020-10-28;CNY_OIS_RUSFARCNY_5Y;0.010183;0.031225
2020-10-29;CNY_OIS_RUSFARCNY_5Y;0.007752;0.028576
2020-10-30;CNY_OIS_RUSFARCNY_5Y;0.009138;0.02941
2020-11-02;CNY_OIS_RUSFARCNY_5Y;0.010282;0.029986
2020-11-03;CNY_OIS_RUSFARCNY_5Y;0.005339;0.025849
2020-11-04;CNY_OIS_RUSFARCNY_5Y;0.000883;0.021925
2020-11-05;CNY_OIS_RUSFARCNY_5Y;0.000466;0.020902
2020-11-06;CNY_OIS_RUSFARCNY_5Y;0.004342;0.025286
2020-11-09;CNY_OIS_RUSFARCNY_5Y;0.008165;0.029523
2020-11-10;CNY_OIS_RUSFARCNY_5Y;0.009827;0.030661
2020-11-11;CNY_OIS_RUSFARCNY_5Y;0.009953;0.030155
2020-11-12;CNY_OIS_RUSFARCNY_5Y;0.012184;0.032064
2020-11-13;CNY_OIS_RUSFARCNY_5Y;0.012507;0.031781
2020-11-16;CNY_OIS_RUSFARCNY_5Y;0.009829;0.029039
2020-11-17;CNY_OIS_RUSFARCNY_5Y;0.004862;0.024926
2020-11-18;CNY_OIS_RUSFARCNY_5Y;0.004367;0.023861
2020-11-19;CNY_OIS_RUSFARCNY_5Y;0.006505;0.025683
2020-11-20;CNY_OIS_RUSFARCNY_5Y;0.007201;0.025807
2020-11-23;CNY_OIS_RUSFARCNY_5Y;0.00623;0.024378
2020-11-24;CNY_OIS_RUSFARCNY_5Y;0.006396;0.023992
2020-11-25;CNY_OIS_RUSFARCNY_5Y;0.003921;0.021467
2020-11-26;CNY_OIS_RUSFARCNY_5Y;0.001082;0.018706
2020-11-27;CNY_OIS_RUSFARCNY_5Y;-0.004075;0.014623
2020-11-30;CNY_OIS_RUSFARCNY_5Y;-0.001285;0.017413
2020-12-01;CNY_OIS_RUSFARCNY_5Y;-0.004958;0.014066
2020-12-02;CNY_OIS_RUSFARCNY_5Y;-0.00489;0.013558
2020-12-03;CNY_OIS_RUSFARCNY_5Y;-0.003114;0.014962
2020-12-04;CNY_OIS_RUSFARCNY_5Y;-0.001119;0.016667
2020-12-07;CNY_OIS_RUSFARCNY_5Y;0.00165;0.019498
2020-12-08;CNY_OIS_RUSFARCNY_5Y;0.001266;0.018602
2020-12-09;CNY_OIS_RUSFARCNY_5Y;-0.001063;0.016191
2020-12-10;CNY_OIS_RUSFARCNY_5Y;-0.00169;0.015098
2020-12-11;CNY_OIS_RUSFARCNY_5Y;0.002279;0.020169
2020-12-14;CNY_OIS_RUSFARCNY_5Y;0.00498;0.022888
2020-12-15;CNY_OIS_RUSFARCNY_5Y;0.001922;0.019966
2020-12-16;CNY_OIS_RUSFARCNY_5Y;-0.002777;0.016085
2020-12-17;CNY_OIS_RUSFARCNY_5Y;0.000807;0.020141
2020-12-18;CNY_OIS_RUSFARCNY_5Y;0.004298;0.02399
2020-12-21;CNY_OIS_RUSFARCNY_5Y;0.002067;0.021541
2020-12-22;CNY_OIS_RUSFARCNY_5Y;-0.003148;0.017276
2020-12-23;CNY_OIS_RUSFARCNY_5Y;-0.007268;0.013556
2020-12-24;CNY_OIS_RUSFARCNY_5Y;-0.007091;0.013099
2020-12-25;CNY_OIS_RUSFARCNY_5Y;-0.00506;0.014748
2020-12-28;CNY_OIS_RUSFARCNY_5Y;-0.006009;0.013297
2020-12-29;CNY_OIS_RUSFARCNY_5Y;-0.006213;0.012521
2020-12-30;CNY_OIS_RUSFARCNY_5Y;-0.005729;0.012437
2020-12-31;CNY_OIS_RUSFARCNY_5Y;-0.001704;0.017392
2021-01-04;CNY_OIS_RUSFARCNY_5Y;-0.003489;0.015297
2021-01-05;CNY_OIS_RUSFARCNY_5Y;-0.00501;0.013418
2021-01-06;CNY_OIS_RUSFARCNY_5Y;-0.005907;0.012055
2021-01-07;CNY_OIS_RUSFARCNY_5Y;-0.002937;0.015185
2021-01-08;CNY_OIS_RUSFARCNY_5Y;-0.002228;0.015356
2021-01-11;CNY_OIS_RUSFARCNY_5Y;0.000304;0.017844
2021-01-12;CNY_OIS_RUSFARCNY_5Y;0.001687;0.018801
2021-01-13;CNY_OIS_RUSFARCNY_5Y;0.002609;0.019239
2021-01-14;CNY_OIS_RUSFARCNY_5Y;0.005294;0.022034
2021-01-15;CNY_OIS_RUSFARCNY_5Y;0.006162;0.022426
2021-01-18;CNY_OIS_RUSFARCNY_5Y;0.009663;0.026665
2021-01-19;CNY_OIS_RUSFARCNY_5Y;0.010981;0.027567
2021-01-20;CNY_OIS_RUSFARCNY_5Y;0.013242;0.029726
2021-01-21;CNY_OIS_RUSFARCNY_5Y;0.014596;0.030692
2021-01-22;CNY_OIS_RUSFARCNY_5Y;0.01339;0.029158
2021-01-25;CNY_OIS_RUSFARCNY_5Y;0.01377;0.029058
2021-01-26;CNY_OIS_RUSFARCNY_5Y;0.016424;0.031924
2021-01-27;CNY_OIS_RUSFARCNY_5Y;0.018837;0.034391
2021-01-28;CNY_OIS_RUSFARCNY_5Y;0.019601;0.034707
2021-01-29;CNY_OIS_RUSFARCNY_5Y;0.02211;0.037358
2021-02-01;CNY_OIS_RUSFARCNY_5Y;0.016459;0.033269
2021-02-02;CNY_OIS_RUSFARCNY_5Y;0.010984;0.029104
2021-02-03;CNY_OIS_RUSFARCNY_5Y;0.005961;0.025047
2021-02-04;CNY_OIS_RUSFARCNY_5Y;0.008243;0.027085
2021-02-05;CNY_OIS_RUSFARCNY_5Y;0.006769;0.025239
2021-02-07;CNY_OIS_RUSFARCNY_5Y;0.003274;0.022014
2021-02-08;CNY_OIS_RUSFARCNY_5Y;0.006486;0.025462
2021-02-09;CNY_OIS_RUSFARCNY_5Y;0.00537;0.023898
2021-02-10;CNY_OIS_RUSFARCNY_5Y;0.007095;0.025233
2021-02-18;CNY_OIS_RUSFARCNY_5Y;0.01089;0.029758
2021-02-19;CNY_OIS_RUSFARCNY_5Y;0.005893;0.025655
2021-02-20;CNY_OIS_RUSFARCNY_5Y;0.001276;0.021692
2021-02-22;CNY_OIS_RUSFARCNY_5Y;0.002127;0.021941
2021-02-23;CNY_OIS_RUSFARCNY_5Y;0.006395;0.027113
2021-02-24;CNY_OIS_RUSFARCNY_5Y;0.001268;0.0228
2021-02-25;CNY_OIS_RUSFARCNY_5Y;0.003389;0.024499
2021-02-26;CNY_OIS_RUSFARCNY_5Y;0.007113;0.028555
2021-03-01;CNY_OIS_RUSFARCNY_5Y;0.008047;0.028861
2021-03-02;CNY_OIS_RUSFARCNY_5Y;0.004105;0.025223
2021-03-03;CNY_OIS_RUSFARCNY_5Y;0.001086;0.022162
2021-03-04;CNY_OIS_RUSFARCNY_5Y;0.005295;0.027053
2021-03-05;CNY_OIS_RUSFARCNY_5Y;0.001607;0.023521
2021-03-08;CNY_OIS_RUSFARCNY_5Y;0.00327;0.024638
2021-03-09;CNY_OIS_RUSFARCNY_5Y;0.006467;0.027841
2021-03-10;CNY_OIS_RUSFARCNY_5Y;0.003775;0.024993
2021-03-11;CNY_OIS_RUSFARCNY_5Y;0.004581;0.025167
2021-03-12;CNY_OIS_RUSFARCNY_5Y;0.004804;0.024764
2021-03-15;CNY_OIS_RUSFARCNY_5Y;0.008982;0.029746
2021-03-16;CNY_OIS_RUSFARCNY_5Y;0.008211;0.028417
2021-03-17;CNY_OIS_RUSFARCNY_5Y;0.006698;0.02649
2021-03-18;CNY_OIS_RUSFARCNY_5Y;0.009182;0.028766
2021-03-19;CNY_OIS_RUSFARCNY_5Y;0.008752;0.027776
2021-03-22;CNY_OIS_RUSFARCNY_5Y;0.008187;0.026681
2021-03-23;CNY_OIS_RUSFARCNY_5Y;0.007687;0.025661
2021-03-24;CNY_OIS_RUSFARCNY_5Y;0.006329;0.023939
2021-03-25;CNY_OIS_RUSFARCNY_5Y;0.0085;0.025908
2021-03-26;CNY_OIS_RUSFARCNY_5Y;0.005815;0.023253
2021-03-29;CNY_OIS_RUSFARCNY_5Y;0.006589;0.023519
2021-03-30;CNY_OIS_RUSFARCNY_5Y;0.006957;0.023371
2021-03-31;CNY_OIS_RUSFARCNY_5Y;0.009826;0.026482
2021-04-01;CNY_OIS_RUSFARCNY_5Y;0.010268;0.02642
2021-04-02;CNY_OIS_RUSFARCNY_5Y;0.005734;0.022774
2021-04-06;CNY_OIS_RUSFARCNY_5Y;0.006299;0.022829
2021-04-07;CNY_OIS_RUSFARCNY_5Y;0.007127;0.023181
2021-04-08;CNY_OIS_RUSFARCNY_5Y;0.006713;0.022315
2021-04-09;CNY_OIS_RUSFARCNY_5Y;0.007188;0.02232
2021-04-12;CNY_OIS_RUSFARCNY_5Y;0.007499;0.022169
2021-04-13;CNY_OIS_RUSFARCNY_5Y;0.007612;0.021836
2021-04-14;CNY_OIS_RUSFARCNY_5Y;0.008114;0.021914
2021-04-15;CNY_OIS_RUSFARCNY_5Y;0.008324;0.021704
2021-04-16;CNY_OIS_RUSFARCNY_5Y;0.009793;0.022955
2021-04-19;CNY_OIS_RUSFARCNY_5Y;0.011558;0.02463
2021-04-20;CNY_OIS_RUSFARCNY_5Y;0.008757;0.022151
2021-04-21;CNY_OIS_RUSFARCNY_5Y;0.00906;0.022048
2021-04-22;CNY_OIS_RUSFARCNY_5Y;0.011527;0.024841
2021-04-23;CNY_OIS_RUSFARCNY_5Y;0.009704;0.022964
2021-04-25;CNY_OIS_RUSFARCNY_5Y;0.010635;0.023553
2021-04-26;CNY_OIS_RUSFARCNY_5Y;0.011385;0.023943
2021-04-27;CNY_OIS_RUSFARCNY_5Y;0.008599;0.021509
2021-04-28;CNY_OIS_RUSFARCNY_5Y;0.00845;0.020978
2021-04-29;CNY_OIS_RUSFARCNY_5Y;0.00906;0.021228
2021-04-30;CNY_OIS_RUSFARCNY_5Y;0.01275;0.026778
2021-05-06;CNY_OIS_RUSFARCNY_5Y;0.01091;0.024858
2021-05-07;CNY_OIS_RUSFARCNY_5Y;0.007456;0.021952
2021-05-08;CNY_OIS_RUSFARCNY_5Y;0.004447;0.019261
2021-05-10;CNY_OIS_RUSFARCNY_5Y;0.006229;0.020859
2021-05-11;CNY_OIS_RUSFARCNY_5Y;0.008851;0.023737
2021-05-12;CNY_OIS_RUSFARCNY_5Y;0.009207;0.023641
2021-05-13;CNY_OIS_RUSFARCNY_5Y;0.009576;0.023572
2021-05-14;CNY_OIS_RUSFARCNY_5Y;0.008051;0.021877
2021-05-17;CNY_OIS_RUSFARCNY_5Y;0.011041;0.025507
2021-05-18;CNY_OIS_RUSFARCNY_5Y;0.01109;0.025118
2021-05-19;CNY_OIS_RUSFARCNY_5Y;0.01032;0.024008
2021-05-20;CNY_OIS_RUSFARCNY_5Y;0.011176;0.024492
2021-05-21;CNY_OIS_RUSFARCNY_5Y;0.01037;0.023378
2021-05-24;CNY_OIS_RUSFARCNY_5Y;0.012157;0.025091
2021-05-25;CNY_OIS_RUSFARCNY_5Y;0.012581;0.025127
2021-05-26;CNY_OIS_RUSFARCNY_5Y;0.010505;0.023123
2021-05-27;CNY_OIS_RUSFARCNY_5Y;0.011879;0.024289
2021-05-28;CNY_OIS_RUSFARCNY_5Y;0.012545;0.024603
2021-05-31;CNY_OIS_RUSFARCNY_5Y;0.013317;0.025051
2021-06-01;CNY_OIS_RUSFARCNY_5Y;0.013086;0.024482
2021-06-02;CNY_OIS_RUSFARCNY_5Y;0.011659;0.022969
2021-06-03;CNY_OIS_RUSFARCNY_5Y;0.009738;0.02113
2021-06-04;CNY_OIS_RUSFARCNY_5Y;0.012537;0.024791
2021-06-07;CNY_OIS_RUSFARCNY_5Y;0.013877;0.025931
2021-06-08;CNY_OIS_RUSFARCNY_5Y;0.012936;0.024752
2021-06-09;CNY_OIS_RUSFARCNY_5Y;0.013066;0.024522
2021-06-10;CNY_OIS_RUSFARCNY_5Y;0.009771;0.021897
2021-06-11;CNY_OIS_RUSFARCNY_5Y;0.010952;0.022836
2021-06-15;CNY_OIS_RUSFARCNY_5Y;0.012127;0.023781
2021-06-16;CNY_OIS_RUSFARCNY_5Y;0.011268;0.02268
2021-06-17;CNY_OIS_RUSFARCNY_5Y;0.01004;0.021308
2021-06-18;CNY_OIS_RUSFARCNY_5Y;0.011475;0.022633
2021-06-21;CNY_OIS_RUSFARCNY_5Y;0.013646;0.025122
2021-06-22;CNY_OIS_RUSFARCNY_5Y;0.014343;0.025505
2021-06-23;CNY_OIS_RUSFARCNY_5Y;0.013529;0.024459
2021-06-24;CNY_OIS_RUSFARCNY_5Y;0.009396;0.021492
2021-06-25;CNY_OIS_RUSFARCNY_5Y;0.006044;0.018784
2021-06-28;CNY_OIS_RUSFARCNY_5Y;0.006318;0.01867
2021-06-29;CNY_OIS_RUSFARCNY_5Y;0.008567;0.021161
2021-06-30;CNY_OIS_RUSFARCNY_5Y;0.011819;0.025549
2021-07-01;CNY_OIS_RUSFARCNY_5Y;0.006668;0.02184
2021-07-02;CNY_OIS_RUSFARCNY_5Y;0.005634;0.020474
2021-07-05;CNY_OIS_RUSFARCNY_5Y;0.006358;0.02077
2021-07-06;CNY_OIS_RUSFARCNY_5Y;0.008727;0.023261
2021-07-07;CNY_OIS_RUSFARCNY_5Y;0.010427;0.024761
2021-07-08;CNY_OIS_RUSFARCNY_5Y;0.007512;0.022136
2021-07-09;CNY_OIS_RUSFARCNY_5Y;0.011108;0.02684
2021-07-12;CNY_OIS_RUSFARCNY_5Y;0.00838;0.024248
2021-07-13;CNY_OIS_RUSFARCNY_5Y;0.009669;0.025159
2021-07-14;CNY_OIS_RUSFARCNY_5Y;0.009226;0.024282
2021-07-15;CNY_OIS_RUSFARCNY_5Y;0.010535;0.025253
2021-07-16;CNY_OIS_RUSFARCNY_5Y;0.010928;0.0252
2021-07-19;CNY_OIS_RUSFARCNY_5Y;0.011105;0.024943
2021-07-20;CNY_OIS_RUSFARCNY_5Y;0.011963;0.025425
2021-07-21;CNY_OIS_RUSFARCNY_5Y;0.012208;0.02526
2021-07-22;CNY_OIS_RUSFARCNY_5Y;0.011703;0.024405
2021-07-23;CNY_OIS_RUSFARCNY_5Y;0.011308;0.02366
2021-07-26;CNY_OIS_RUSFARCNY_5Y;0.012095;0.024113
2021-07-27;CNY_OIS_RUSFARCNY_5Y;0.013657;0.025571
2021-07-28;CNY_OIS_RUSFARCNY_5Y;0.011876;0.023792
2021-07-29;CNY_OIS_RUSFARCNY_5Y;0.006505;0.020203
2021-07-30;CNY_OIS_RUSFARCNY_5Y;0.010735;0.026653
2021-08-02;CNY_OIS_RUSFARCNY_5Y;0.007568;0.02378
2021-08-03;CNY_OIS_RUSFARCNY_5Y;0.007409;0.023139
2021-08-04;CNY_OIS_RUSFARCNY_5Y;0.006318;0.02171
2021-08-05;CNY_OIS_RUSFARCNY_5Y;0.006543;0.021465
2021-08-06;CNY_OIS_RUSFARCNY_5Y;0.008166;0.022842
2021-08-09;CNY_OIS_RUSFARCNY_5Y;0.011351;0.026717
2021-08-10;CNY_OIS_RUSFARCNY_5Y;0.011958;0.02687
2021-08-11;CNY_OIS_RUSFARCNY_5Y;0.009787;0.024681
2021-08-12;CNY_OIS_RUSFARCNY_5Y;0.009054;0.023574
2021-08-13;CNY_OIS_RUSFARCNY_5Y;0.011373;0.025975
2021-08-16;CNY_OIS_RUSFARCNY_5Y;0.010862;0.025066
2021-08-17;CNY_OIS_RUSFARCNY_5Y;0.009662;0.023606
2021-08-18;CNY_OIS_RUSFARCNY_5Y;0.007106;0.021222
2021-08-19;CNY_OIS_RUSFARCNY_5Y;0.008415;0.022233
2021-08-20;CNY_OIS_RUSFARCNY_5Y;0.010435;0.024233
2021-08-23;CNY_OIS_RUSFARCNY_5Y;0.011604;0.025084
2021-08-24;CNY_OIS_RUSFARCNY_5Y;0.012927;0.026141
2021-08-25;CNY_OIS_RUSFARCNY_5Y;0.012604;0.025444
2021-08-26;CNY_OIS_RUSFARCNY_5Y;0.012679;0.025129
2021-08-27;CNY_OIS_RUSFARCNY_5Y;0.011735;0.023933
2021-08-30;CNY_OIS_RUSFARCNY_5Y;0.009125;0.021623
2021-08-31;CNY_OIS_RUSFARCNY_5Y;0.012161;0.025567
2021-09-01;CNY_OIS_RUSFARCNY_5Y;0.011608;0.02466
2021-09-02;CNY_OIS_RUSFARCNY_5Y;0.011398;0.02407
2021-09-03;CNY_OIS_RUSFARCNY_5Y;0.010096;0.022592
2021-09-06;CNY_OIS_RUSFARCNY_5Y;0.011843;0.024285
2021-09-07;CNY_OIS_RUSFARCNY_5Y;0.012724;0.024844
2021-09-08;CNY_OIS_RUSFARCNY_5Y;0.012879;0.024629
2021-09-09;CNY_OIS_RUSFARCNY_5Y;0.011367;0.023041
2021-09-10;CNY_OIS_RUSFARCNY_5Y;0.012307;0.023701
2021-09-13;CNY_OIS_RUSFARCNY_5Y;0.013021;0.024107
2021-09-14;CNY_OIS_RUSFARCNY_5Y;0.014393;0.025355
2021-09-15;CNY_OIS_RUSFARCNY_5Y;0.012812;0.023756
2021-09-16;CNY_OIS_RUSFARCNY_5Y;0.013675;0.024353
2021-09-17;CNY_OIS_RUSFARCNY_5Y;0.013868;0.02422
2021-09-18;CNY_OIS_RUSFARCNY_5Y;0.01289;0.023078
2021-09-22;CNY_OIS_RUSFARCNY_5Y;0.013566;0.023482
2021-09-23;CNY_OIS_RUSFARCNY_5Y;0.012346;0.022182
2021-09-24;CNY_OIS_RUSFARCNY_5Y;0.008338;0.01939
2021-09-26;CNY_OIS_RUSFARCNY_5Y;0.008466;0.019182
2021-09-27;CNY_OIS_RUSFARCNY_5Y;0.008798;0.01919
2021-09-28;CNY_OIS_RUSFARCNY_5Y;0.01097;0.021778
2021-09-29;CNY_OIS_RUSFARCNY_5Y;0.005594;0.018334
2021-09-30;CNY_OIS_RUSFARCNY_5Y;0.01059;0.027638
2021-10-08;CNY_OIS_RUSFARCNY_5Y;0.009646;0.026282
2021-10-09;CNY_OIS_RUSFARCNY_5Y;0.004323;0.022205
2021-10-11;CNY_OIS_RUSFARCNY_5Y;0.008671;0.027857
2021-10-12;CNY_OIS_RUSFARCNY_5Y;0.008619;0.027229
2021-10-13;CNY_OIS_RUSFARCNY_5Y;0.009451;0.027517
2021-10-14;CNY_OIS_RUSFARCNY_5Y;0.009206;0.026742
2021-10-15;CNY_OIS_RUSFARCNY_5Y;0.009056;0.026072
2021-10-18;CNY_OIS_RUSFARCNY_5Y;0.009958;0.02649
2021-10-19;CNY_OIS_RUSFARCNY_5Y;0.011094;0.027194
2021-10-20;CNY_OIS_RUSFARCNY_5Y;0.010088;0.02582
2021-10-21;CNY_OIS_RUSFARCNY_5Y;0.00537;0.022118
2021-10-22;CNY_OIS_RUSFARCNY_5Y;0.005515;0.021753
2021-10-25;CNY_OIS_RUSFARCNY_5Y;0.005126;0.020902
2021-10-26;CNY_OIS_RUSFARCNY_5Y;0.004708;0.02004
2021-10-27;CNY_OIS_RUSFARCNY_5Y;0.008078;0.02417
2021-10-28;CNY_OIS_RUSFARCNY_5Y;0.008512;0.024116
2021-10-29;CNY_OIS_RUSFARCNY_5Y;0.01059;0.026078
2021-11-01;CNY_OIS_RUSFARCNY_5Y;0.009649;0.024779
2021-11-02;CNY_OIS_RUSFARCNY_5Y;0.010797;0.025551
2021-11-03;CNY_OIS_RUSFARCNY_5Y;0.009688;0.02414
2021-11-04;CNY_OIS_RUSFARCNY_5Y;0.008705;0.022843
2021-11-05;CNY_OIS_RUSFARCNY_5Y;0.008931;0.022637
2021-11-08;CNY_OIS_RUSFARCNY_5Y;0.009239;0.022529
2021-11-09;CNY_OIS_RUSFARCNY_5Y;0.011547;0.025021
2021-11-10;CNY_OIS_RUSFARCNY_5Y;0.008251;0.022237
2021-11-11;CNY_OIS_RUSFARCNY_5Y;0.008932;0.022516
2021-11-12;CNY_OIS_RUSFARCNY_5Y;0.008886;0.022062
2021-11-15;CNY_OIS_RUSFARCNY_5Y;0.008371;0.021197
2021-11-16;CNY_OIS_RUSFARCNY_5Y;0.009827;0.022461
2021-11-17;CNY_OIS_RUSFARCNY_5Y;0.012027;0.024841
2021-11-18;CNY_OIS_RUSFARCNY_5Y;0.009765;0.022703
2021-11-19;CNY_OIS_RUSFARCNY_5Y;0.010598;0.02319
2021-11-22;CNY_OIS_RUSFARCNY_5Y;0.010255;0.022493
2021-11-23;CNY_OIS_RUSFARCNY_5Y;0.012463;0.024925
2021-11-24;CNY_OIS_RUSFARCNY_5Y;0.007956;0.021632
2021-11-25;CNY_OIS_RUSFARCNY_5Y;0.008508;0.02178
2021-11-26;CNY_OIS_RUSFARCNY_5Y;0.007536;0.020532
2021-11-29;CNY_OIS_RUSFARCNY_5Y;0.009097;0.021931
2021-11-30;CNY_OIS_RUSFARCNY_5Y;0.011912;0.025376
2021-12-01;CNY_OIS_RUSFARCNY_5Y;0.010433;0.023735
2021-12-02;CNY_OIS_RUSFARCNY_5Y;0.0103;0.023208
2021-12-03;CNY_OIS_RUSFARCNY_5Y;0.009759;0.022329
2021-12-06;CNY_OIS_RUSFARCNY_5Y;0.00894;0.021228
2021-12-07;CNY_OIS_RUSFARCNY_5Y;0.011726;0.024702
2021-12-08;CNY_OIS_RUSFARCNY_5Y;0.012131;0.024717
2021-12-09;CNY_OIS_RUSFARCNY_5Y;0.012353;0.024555
2021-12-10;CNY_OIS_RUSFARCNY_5Y;0.008417;0.021551
2021-12-13;CNY_OIS_RUSFARCNY_5Y;0.011164;0.024824
2021-12-14;CNY_OIS_RUSFARCNY_5Y;0.011954;0.025234
2021-12-15;CNY_OIS_RUSFARCNY_5Y;0.011841;0.024727
2021-12-16;CNY_OIS_RUSFARCNY_5Y;0.011825;0.024323
2021-12-17;CNY_OIS_RUSFARCNY_5Y;0.009126;0.021942
2021-12-20;CNY_OIS_RUSFARCNY_5Y;0.010547;0.023161
2021-12-21;CNY_OIS_RUSFARCNY_5Y;0.009278;0.02171
2021-12-22;CNY_OIS_RUSFARCNY_5Y;0.007596;0.019972
2021-12-23;CNY_OIS_RUSFARCNY_5Y;0.007207;0.019241
2021-12-24;CNY_OIS_RUSFARCNY_5Y;0.009233;0.021395
2021-12-27;CNY_OIS_RUSFARCNY_5Y;0.008776;0.020612
2021-12-28;CNY_OIS_RUSFARCNY_5Y;0.007184;0.018964
2021-12-29;CNY_OIS_RUSFARCNY_5Y;0.004209;0.016479
2021-12-30;CNY_OIS_RUSFARCNY_5Y;0.0037;0.015648
2021-12-31;CNY_OIS_RUSFARCNY_5Y;0.009112;0.027296
2022-01-04;CNY_OIS_RUSFARCNY_5Y;0.007191;0.025137
2022-01-05;CNY_OIS_RUSFARCNY_5Y;0.0059;0.023468
2022-01-06;CNY_OIS_RUSFARCNY_5Y;0.005522;0.022586
2022-01-07;CNY_OIS_RUSFARCNY_5Y;0.006968;0.02364
2022-01-10;CNY_OIS_RUSFARCNY_5Y;0.007606;0.023782
2022-01-11;CNY_OIS_RUSFARCNY_5Y;0.008864;0.024644
2022-01-12;CNY_OIS_RUSFARCNY_5Y;0.008984;0.024284
2022-01-13;CNY_OIS_RUSFARCNY_5Y;0.011406;0.026782
2022-01-14;CNY_OIS_RUSFARCNY_5Y;0.01155;0.026458
2022-01-17;CNY_OIS_RUSFARCNY_5Y;0.010774;0.025314
2022-01-18;CNY_OIS_RUSFARCNY_5Y;0.008902;0.023346
2022-01-19;CNY_OIS_RUSFARCNY_5Y;0.010199;0.024329
2022-01-20;CNY_OIS_RUSFARCNY_5Y;0.010414;0.024114
2022-01-21;CNY_OIS_RUSFARCNY_5Y;0.010899;0.024189
2022-01-24;CNY_OIS_RUSFARCNY_5Y;0.009736;0.022792
2022-01-25;CNY_OIS_RUSFARCNY_5Y;0.009895;0.022553
2022-01-26;CNY_OIS_RUSFARCNY_5Y;0.00798;0.020648
2022-01-27;CNY_OIS_RUSFARCNY_5Y;0.006827;0.019281
2022-01-28;CNY_OIS_RUSFARCNY_5Y;0.001984;0.015844
2022-01-29;CNY_OIS_RUSFARCNY_5Y;0.00273;0.016198
2022-01-30;CNY_OIS_RUSFARCNY_5Y;0.0086;0.028328
2022-02-07;CNY_OIS_RUSFARCNY_5Y;0.008464;0.027604
2022-02-08;CNY_OIS_RUSFARCNY_5Y;0.008059;0.026649
2022-02-09;CNY_OIS_RUSFARCNY_5Y;0.004815;0.023573
2022-02-10;CNY_OIS_RUSFARCNY_5Y;0.00454;0.022748
2022-02-11;CNY_OIS_RUSFARCNY_5Y;0.006134;0.023934
2022-02-14;CNY_OIS_RUSFARCNY_5Y;0.006933;0.024215
2022-02-15;CNY_OIS_RUSFARCNY_5Y;0.006593;0.023375
2022-02-16;CNY_OIS_RUSFARCNY_5Y;0.008123;0.024545
2022-02-17;CNY_OIS_RUSFARCNY_5Y;0.007471;0.023457
2022-02-18;CNY_OIS_RUSFARCNY_5Y;0.009986;0.026042
2022-02-21;CNY_OIS_RUSFARCNY_5Y;0.01105;0.026678
2022-02-22;CNY_OIS_RUSFARCNY_5Y;0.00962;0.024988
2022-02-23;CNY_OIS_RUSFARCNY_5Y;0.009894;0.024794
2022-02-24;CNY_OIS_RUSFARCNY_5Y;0.011551;0.026217
2022-02-25;CNY_OIS_RUSFARCNY_5Y;0.012109;0.026339
2022-02-28;CNY_OIS_RUSFARCNY_5Y;0.012356;0.026152
2022-03-01;CNY_OIS_RUSFARCNY_5Y;0.007349;0.022499
2022-03-02;CNY_OIS_RUSFARCNY_5Y;0.008405;0.023163
2022-03-03;CNY_OIS_RUSFARCNY_5Y;0.006933;0.021475
2022-03-04;CNY_OIS_RUSFARCNY_5Y;0.008743;0.023125
2022-03-07;CNY_OIS_RUSFARCNY_5Y;0.010242;0.024366
2022-03-08;CNY_OIS_RUSFARCNY_5Y;0.010626;0.024322
2022-03-09;CNY_OIS_RUSFARCNY_5Y;0.010509;0.023799
2022-03-10;CNY_OIS_RUSFARCNY_5Y;0.010721;0.023607
2022-03-11;CNY_OIS_RUSFARCNY_5Y;0.011174;0.023674
2022-03-14;CNY_OIS_RUSFARCNY_5Y;0.011484;0.023604
2022-03-15;CNY_OIS_RUSFARCNY_5Y;0.011668;0.02342
2022-03-16;CNY_OIS_RUSFARCNY_5Y;0.011614;0.023014
2022-03-17;CNY_OIS_RUSFARCNY_5Y;0.011472;0.022536
2022-03-18;CNY_OIS_RUSFARCNY_5Y;0.011469;0.022199
2022-03-21;CNY_OIS_RUSFARCNY_5Y;0.011859;0.022269
2022-03-22;CNY_OIS_RUSFARCNY_5Y;0.011295;0.021453
2022-03-23;CNY_OIS_RUSFARCNY_5Y;0.011998;0.02189
2022-03-24;CNY_OIS_RUSFARCNY_5Y;0.012169;0.021759
2022-03-25;CNY_OIS_RUSFARCNY_5Y;0.012275;0.021573
2022-03-28;CNY_OIS_RUSFARCNY_5Y;0.011844;0.020904
2022-03-29;CNY_OIS_RUSFARCNY_5Y;0.009437;0.018931
2022-03-30;CNY_OIS_RUSFARCNY_5Y;0.007675;0.017293
2022-03-31;CNY_OIS_RUSFARCNY_5Y;0.011053;0.022995
2022-04-01;CNY_OIS_RUSFARCNY_5Y;0.006268;0.01964
2022-04-02;CNY_OIS_RUSFARCNY_5Y;0.003071;0.016917
2022-04-06;CNY_OIS_RUSFARCNY_5Y;0.007348;0.02344
2022-04-07;CNY_OIS_RUSFARCNY_5Y;0.007361;0.022967
2022-04-08;CNY_OIS_RUSFARCNY_5Y;0.006834;0.022014
2022-04-11;CNY_OIS_RUSFARCNY_5Y;0.008065;0.022883
2022-04-12;CNY_OIS_RUSFARCNY_5Y;0.007418;0.02185
2022-04-13;CNY_OIS_RUSFARCNY_5Y;0.006513;0.020615
2022-04-14;CNY_OIS_RUSFARCNY_5Y;0.005535;0.019333
2022-04-15;CNY_OIS_RUSFARCNY_5Y;0.00339;0.017218
2022-04-18;CNY_OIS_RUSFARCNY_5Y;0.00422;0.017668
2022-04-19;CNY_OIS_RUSFARCNY_5Y;0.003273;0.016435
2022-04-20;CNY_OIS_RUSFARCNY_5Y;0.003563;0.016325
2022-04-21;CNY_OIS_RUSFARCNY_5Y;0.003667;0.016041
2022-04-22;CNY_OIS_RUSFARCNY_5Y;0.003457;0.015471
2022-04-24;CNY_OIS_RUSFARCNY_5Y;0.004097;0.015771
2022-04-25;CNY_OIS_RUSFARCNY_5Y;0.004285;0.015603
2022-04-26;CNY_OIS_RUSFARCNY_5Y;0.004488;0.01546
2022-04-27;CNY_OIS_RUSFARCNY_5Y;0.004625;0.015263
2022-04-28;CNY_OIS_RUSFARCNY_5Y;0.004767;0.015081
2022-04-29;CNY_OIS_RUSFARCNY_5Y;0.008626;0.021962
2022-05-05;CNY_OIS_RUSFARCNY_5Y;0.008263;0.021225
2022-05-06;CNY_OIS_RUSFARCNY_5Y;0.003207;0.017641
2022-05-07;CNY_OIS_RUSFARCNY_5Y;0.002842;0.016866
2022-05-09;CNY_OIS_RUSFARCNY_5Y;0.003204;0.016804
2022-05-10;CNY_OIS_RUSFARCNY_5Y;0.003371;0.016557
2022-05-11;CNY_OIS_RUSFARCNY_5Y;0.00377;0.016558
2022-05-12;CNY_OIS_RUSFARCNY_5Y;0.003803;0.016205
2022-05-13;CNY_OIS_RUSFARCNY_5Y;0.004002;0.016026
2022-05-16;CNY_OIS_RUSFARCNY_5Y;0.004195;0.015853
2022-05-17;CNY_OIS_RUSFARCNY_5Y;0.004512;0.015816
2022-05-18;CNY_OIS_RUSFARCNY_5Y;0.004694;0.015654
2022-05-19;CNY_OIS_RUSFARCNY_5Y;0.005692;0.016416
2022-05-20;CNY_OIS_RUSFARCNY_5Y;0.004881;0.015387
2022-05-23;CNY_OIS_RUSFARCNY_5Y;0.005051;0.015237
2022-05-24;CNY_OIS_RUSFARCNY_5Y;0.005226;0.015102
2022-05-25;CNY_OIS_RUSFARCNY_5Y;0.005593;0.015175
2022-05-26;CNY_OIS_RUSFARCNY_5Y;0.005907;0.015201
2022-05-27;CNY_OIS_RUSFARCNY_5Y;0.006216;0.015232
2022-05-30;CNY_OIS_RUSFARCNY_5Y;0.006589;0.015339
2022-05-31;CNY_OIS_RUSFARCNY_5Y;0.008294;0.017294
2022-06-01;CNY_OIS_RUSFARCNY_5Y;0.00645;0.015638
2022-06-02;CNY_OIS_RUSFARCNY_5Y;0.006777;0.015691
2022-06-06;CNY_OIS_RUSFARCNY_5Y;0.007129;0.015779
2022-06-07;CNY_OIS_RUSFARCNY_5Y;0.006922;0.015326
2022-06-08;CNY_OIS_RUSFARCNY_5Y;0.00703;0.015178
2022-06-09;CNY_OIS_RUSFARCNY_5Y;0.007104;0.015004
2022-06-10;CNY_OIS_RUSFARCNY_5Y;0.007113;0.014775
2022-06-13;CNY_OIS_RUSFARCNY_5Y;0.00728;0.014708
2022-06-14;CNY_OIS_RUSFARCNY_5Y;0.007443;0.014645
2022-06-15;CNY_OIS_RUSFARCNY_5Y;0.007552;0.014536
2022-06-16;CNY_OIS_RUSFARCNY_5Y;0.007659;0.014429
2022-06-17;CNY_OIS_RUSFARCNY_5Y;0.007772;0.014336
2022-06-20;CNY_OIS_RUSFARCNY_5Y;0.007912;0.014276
2022-06-21;CNY_OIS_RUSFARCNY_5Y;0.008204;0.014384
2022-06-22;CNY_OIS_RUSFARCNY_5Y;0.008358;0.01435
2022-06-23;CNY_OIS_RUSFARCNY_5Y;0.008379;0.014189
2022-06-24;CNY_OIS_RUSFARCNY_5Y;0.008447;0.014081
2022-06-27;CNY_OIS_RUSFARCNY_5Y;0.008563;0.014025
2022-06-28;CNY_OIS_RUSFARCNY_5Y;0.008646;0.013942
2022-06-29;CNY_OIS_RUSFARCNY_5Y;0.00801;0.013258
2022-06-30;CNY_OIS_RUSFARCNY_5Y;0.010888;0.02096
2022-07-01;CNY_OIS_RUSFARCNY_5Y;0.00515;0.017498
2022-07-04;CNY_OIS_RUSFARCNY_5Y;0.005105;0.017083
2022-07-05;CNY_OIS_RUSFARCNY_5Y;0.004762;0.016406
2022-07-06;CNY_OIS_RUSFARCNY_5Y;0.003224;0.014804
2022-07-07;CNY_OIS_RUSFARCNY_5Y;0.00352;0.014748
2022-07-08;CNY_OIS_RUSFARCNY_5Y;0.00363;0.014518
2022-07-11;CNY_OIS_RUSFARCNY_5Y;0.003866;0.014422
2022-07-12;CNY_OIS_RUSFARCNY_5Y;0.003906;0.014142
2022-07-13;CNY_OIS_RUSFARCNY_5Y;0.004141;0.014067
2022-07-14;CNY_OIS_RUSFARCNY_5Y;0.004048;0.01368
2022-07-15;CNY_OIS_RUSFARCNY_5Y;0.004353;0.013695
2022-07-18;CNY_OIS_RUSFARCNY_5Y;0.004565;0.013623
2022-07-19;CNY_OIS_RUSFARCNY_5Y;0.004939;0.013729
2022-07-20;CNY_OIS_RUSFARCNY_5Y;0.005346;0.013882
2022-07-21;CNY_OIS_RUSFARCNY_5Y;0.005314;0.013594
2022-07-22;CNY_OIS_RUSFARCNY_5Y;0.00481;0.012898
2022-07-25;CNY_OIS_RUSFARCNY_5Y;0.003611;0.011697
2022-07-26;CNY_OIS_RUSFARCNY_5Y;0.003148;0.01104
2022-07-27;CNY_OIS_RUSFARCNY_5Y;0.003167;0.010821
2022-07-28;CNY_OIS_RUSFARCNY_5Y;0.003343;0.010765
2022-07-29;CNY_OIS_RUSFARCNY_5Y;0.005351;0.013557
2022-08-01;CNY_OIS_RUSFARCNY_5Y;0.004656;0.012712
2022-08-02;CNY_OIS_RUSFARCNY_5Y;0.003682;0.011666
2022-08-03;CNY_OIS_RUSFARCNY_5Y;0.003282;0.011066
2022-08-04;CNY_OIS_RUSFARCNY_5Y;0.00339;0.010938
2022-08-05;CNY_OIS_RUSFARCNY_5Y;0.003445;0.010763
2022-08-08;CNY_OIS_RUSFARCNY_5Y;0.003496;0.010592
2022-08-09;CNY_OIS_RUSFARCNY_5Y;0.003654;0.010534
2022-08-10;CNY_OIS_RUSFARCNY_5Y;0.004233;0.010955
2022-08-11;CNY_OIS_RUSFARCNY_5Y;0.003941;0.010487
2022-08-12;CNY_OIS_RUSFARCNY_5Y;0.004179;0.010529
2022-08-15;CNY_OIS_RUSFARCNY_5Y;0.004265;0.010423
2022-08-16;CNY_OIS_RUSFARCNY_5Y;0.004668;0.01066
2022-08-17;CNY_OIS_RUSFARCNY_5Y;0.005343;0.011245
2022-08-18;CNY_OIS_RUSFARCNY_5Y;0.005895;0.011673
2022-08-19;CNY_OIS_RUSFARCNY_5Y;0.006216;0.011832
2022-08-22;CNY_OIS_RUSFARCNY_5Y;0.005568;0.011126
2022-08-23;CNY_OIS_RUSFARCNY_5Y;0.005295;0.010713
2022-08-24;CNY_OIS_RUSFARCNY_5Y;0.005505;0.010763
2022-08-25;CNY_OIS_RUSFARCNY_5Y;0.005883;0.011005
2022-08-26;CNY_OIS_RUSFARCNY_5Y;0.006865;0.012123
2022-08-29;CNY_OIS_RUSFARCNY_5Y;0.006708;0.01182
2022-08-30;CNY_OIS_RUSFARCNY_5Y;0.005514;0.010794
2022-08-31;CNY_OIS_RUSFARCNY_5Y;0.007499;0.014349
2022-09-01;CNY_OIS_RUSFARCNY_5Y;0.008184;0.014904
2022-09-02;CNY_OIS_RUSFARCNY_5Y;0.004638;0.01269
2022-09-05;CNY_OIS_RUSFARCNY_5Y;0.00317;0.011318
2022-09-06;CNY_OIS_RUSFARCNY_5Y;0.003643;0.011565
2022-09-07;CNY_OIS_RUSFARCNY_5Y;0.004187;0.011901
2022-09-08;CNY_OIS_RUSFARCNY_5Y;0.004745;0.012263
2022-09-09;CNY_OIS_RUSFARCNY_5Y;0.004998;0.01229
2022-09-13;CNY_OIS_RUSFARCNY_5Y;0.005089;0.012159
2022-09-14;CNY_OIS_RUSFARCNY_5Y;0.005217;0.012071
2022-09-15;CNY_OIS_RUSFARCNY_5Y;0.005823;0.012525
2022-09-16;CNY_OIS_RUSFARCNY_5Y;0.006557;0.013151
2022-09-19;CNY_OIS_RUSFARCNY_5Y;0.007678;0.01435
2022-09-20;CNY_OIS_RUSFARCNY_5Y;0.008236;0.014752
2022-09-21;CNY_OIS_RUSFARCNY_5Y;0.008434;0.014754
2022-09-22;CNY_OIS_RUSFARCNY_5Y;0.00846;0.014588
2022-09-23;CNY_OIS_RUSFARCNY_5Y;0.008593;0.014535
2022-09-26;CNY_OIS_RUSFARCNY_5Y;-0.007967;0.010167
2022-09-27;CNY_OIS_RUSFARCNY_5Y;-0.009388;0.008388
2022-09-28;CNY_OIS_RUSFARCNY_5Y;-0.010049;0.007249
2022-09-29;CNY_OIS_RUSFARCNY_5Y;-0.010505;0.006305
2022-09-30;CNY_OIS_RUSFARCNY_5Y;-0.035955;-0.003045
2022-10-10;CNY_OIS_RUSFARCNY_5Y;-0.02228;0.02388
2022-10-11;CNY_OIS_RUSFARCNY_5Y;-0.024603;0.020403
2022-10-12;CNY_OIS_RUSFARCNY_5Y;-0.022074;0.021674
2022-10-13;CNY_OIS_RUSFARCNY_5Y;-0.021407;0.021007
2022-10-14;CNY_OIS_RUSFARCNY_5Y;-0.01755;0.02395
2022-10-17;CNY_OIS_RUSFARCNY_5Y;-0.015838;0.024438
2022-10-18;CNY_OIS_RUSFARCNY_5Y;-0.016242;0.022842
2022-10-19;CNY_OIS_RUSFARCNY_5Y;-0.015547;0.022347
2022-10-20;CNY_OIS_RUSFARCNY_5Y;-0.01497;0.02177
2022-10-21;CNY_OIS_RUSFARCNY_5Y;-0.01451;0.02111
2022-10-24;CNY_OIS_RUSFARCNY_5Y;-0.014168;0.020368
2022-10-25;CNY_OIS_RUSFARCNY_5Y;-0.013642;0.019842
2022-10-26;CNY_OIS_RUSFARCNY_5Y;-0.014573;0.017973
2022-10-27;CNY_OIS_RUSFARCNY_5Y;-0.014278;0.017278
2022-10-28;CNY_OIS_RUSFARCNY_5Y;-0.014508;0.016108
2022-10-31;CNY_OIS_RUSFARCNY_5Y;-0.013257;0.016457
2022-11-01;CNY_OIS_RUSFARCNY_5Y;-0.012904;0.015904
2022-11-02;CNY_OIS_RUSFARCNY_5Y;-0.012566;0.015366
2022-11-03;CNY_OIS_RUSFARCNY_5Y;-0.012442;0.014642
2022-11-07;CNY_OIS_RUSFARCNY_5Y;-0.011056;0.015256
2022-11-08;CNY_OIS_RUSFARCNY_5Y;-0.011264;0.014264
2022-11-09;CNY_OIS_RUSFARCNY_5Y;-0.011077;0.013677
2022-11-10;CNY_OIS_RUSFARCNY_5Y;-0.010501;0.013501
2022-11-11;CNY_OIS_RUSFARCNY_5Y;-0.009545;0.013745
2022-11-14;CNY_OIS_RUSFARCNY_5Y;-0.009595;0.012995
2022-11-15;CNY_OIS_RUSFARCNY_5Y;-0.009453;0.012453
2022-11-16;CNY_OIS_RUSFARCNY_5Y;-0.00892;0.01232
2022-11-17;CNY_OIS_RUSFARCNY_5Y;-0.008497;0.012097
2022-11-18;CNY_OIS_RUSFARCNY_5Y;-0.007692;0.012292
2022-11-21;CNY_OIS_RUSFARCNY_5Y;-0.007896;0.011496
2022-11-22;CNY_OIS_RUSFARCNY_5Y;-0.008214;0.010614
2022-11-23;CNY_OIS_RUSFARCNY_5Y;-0.007436;0.010836
2022-11-24;CNY_OIS_RUSFARCNY_5Y;-0.007158;0.010558
2022-11-25;CNY_OIS_RUSFARCNY_5Y;-0.006988;0.010188
2022-11-28;CNY_OIS_RUSFARCNY_5Y;-0.006727;0.009927
2022-11-29;CNY_OIS_RUSFARCNY_5Y;-0.006473;0.009673
2022-11-30;CNY_OIS_RUSFARCNY_5Y;-0.006127;0.009527
2022-12-01;CNY_OIS_RUSFARCNY_5Y;-0.005593;0.009593
2022-12-02;CNY_OIS_RUSFARCNY_5Y;-0.005262;0.009462
2022-12-05;CNY_OIS_RUSFARCNY_5Y;-0.003644;0.010844
2022-12-06;CNY_OIS_RUSFARCNY_5Y;-0.002935;0.011135
2022-12-07;CNY_OIS_RUSFARCNY_5Y;-0.003128;0.010528
2022-12-08;CNY_OIS_RUSFARCNY_5Y;-0.003753;0.009553
2022-12-09;CNY_OIS_RUSFARCNY_5Y;-0.004169;0.008769
2022-12-12;CNY_OIS_RUSFARCNY_5Y;-0.004806;0.007806
2022-12-13;CNY_OIS_RUSFARCNY_5Y;-0.004515;0.007715
2022-12-14;CNY_OIS_RUSFARCNY_5Y;-0.004229;0.007629
2022-12-15;CNY_OIS_RUSFARCNY_5Y;-0.003019;0.008619
2022-12-16;CNY_OIS_RUSFARCNY_5Y;-0.002842;0.008442
2022-12-19;CNY_OIS_RUSFARCNY_5Y;-0.002975;0.007975
2022-12-20;CNY_OIS_RUSFARCNY_5Y;-0.002709;0.007909
2022-12-21;CNY_OIS_RUSFARCNY_5Y;-0.000583;0.010383
2022-12-22;CNY_OIS_RUSFARCNY_5Y;0.007996;0.045204
2022-12-23;CNY_OIS_RUSFARCNY_5Y;0.007336;0.043464
2022-12-26;CNY_OIS_RUSFARCNY_5Y;0.001933;0.038067
2022-12-27;CNY_OIS_RUSFARCNY_5Y;0.007568;0.043832
2022-12-28;CNY_OIS_RUSFARCNY_5Y;0.02741;0.09679
2022-12-29;CNY_OIS_RUSFARCNY_5Y;0.038037;0.107563
2023-01-09;CNY_OIS_RUSFARCNY_5Y;0.00282;0.08518
2023-01-10;CNY_OIS_RUSFARCNY_5Y;0.01265;0.09395
2023-01-11;CNY_OIS_RUSFARCNY_5Y;-0.01436;0.07356
2023-01-12;CNY_OIS_RUSFARCNY_5Y;-0.028545;0.059745
2023-01-13;CNY_OIS_RUSFARCNY_5Y;-0.02286;0.06306
2023-01-16;CNY_OIS_RUSFARCNY_5Y;-0.016114;0.067714
2023-01-17;CNY_OIS_RUSFARCNY_5Y;-0.010505;0.071105
2023-01-18;CNY_OIS_RUSFARCNY_5Y;-0.002151;0.077951
2023-01-19;CNY_OIS_RUSFARCNY_5Y;-0.025059;0.059659
2023-01-20;CNY_OIS_RUSFARCNY_5Y;-0.030947;0.051947
2023-01-30;CNY_OIS_RUSFARCNY_5Y;-0.030794;0.049594
2023-01-31;CNY_OIS_RUSFARCNY_5Y;-0.02957;0.04837
2023-02-01;CNY_OIS_RUSFARCNY_5Y;-0.031463;0.044263
2023-02-02;CNY_OIS_RUSFARCNY_5Y;-0.03245;0.04105
2023-02-03;CNY_OIS_RUSFARCNY_5Y;-0.03234;0.03894
2023-02-06;CNY_OIS_RUSFARCNY_5Y;-0.032468;0.036668
2023-02-07;CNY_OIS_RUSFARCNY_5Y;-0.031216;0.035816
2023-02-08;CNY_OIS_RUSFARCNY_5Y;-0.030596;0.034396
2023-02-09;CNY_OIS_RUSFARCNY_5Y;-0.02901;0.03401
2023-02-10;CNY_OIS_RUSFARCNY_5Y;-0.028351;0.032751
2023-02-13;CNY_OIS_RUSFARCNY_5Y;-0.02471;0.03471
2023-02-14;CNY_OIS_RUSFARCNY_5Y;-0.024919;0.032719
2023-02-15;CNY_OIS_RUSFARCNY_5Y;-0.024141;0.031741
2023-02-16;CNY_OIS_RUSFARCNY_5Y;-0.022596;0.031596
2023-02-17;CNY_OIS_RUSFARCNY_5Y;-0.021671;0.030871
2023-02-20;CNY_OIS_RUSFARCNY_5Y;-0.02087;0.03007
2023-02-21;CNY_OIS_RUSFARCNY_5Y;-0.019401;0.030001
2023-02-22;CNY_OIS_RUSFARCNY_5Y;-0.013234;0.035634
2023-02-27;CNY_OIS_RUSFARCNY_5Y;-0.013401;0.034001
2023-02-28;CNY_OIS_RUSFARCNY_5Y;-0.005217;0.042817
2023-03-01;CNY_OIS_RUSFARCNY_5Y;-0.010652;0.036852
2023-03-02;CNY_OIS_RUSFARCNY_5Y;-0.011987;0.034187
2023-03-03;CNY_OIS_RUSFARCNY_5Y;-0.011484;0.033284
2023-03-06;CNY_OIS_RUSFARCNY_5Y;-0.010802;0.032602
2023-03-07;CNY_OIS_RUSFARCNY_5Y;-0.011157;0.030957
2023-03-09;CNY_OIS_RUSFARCNY_5Y;-0.009629;0.031229
2023-03-10;CNY_OIS_RUSFARCNY_5Y;-0.00992;0.02972
2023-03-13;CNY_OIS_RUSFARCNY_5Y;-0.010961;0.027561
2023-03-14;CNY_OIS_RUSFARCNY_5Y;-0.010475;0.026875
2023-03-15;CNY_OIS_RUSFARCNY_5Y;-0.009313;0.026913
2023-03-16;CNY_OIS_RUSFARCNY_5Y;-0.00947;0.02567
2023-03-17;CNY_OIS_RUSFARCNY_5Y;-0.006922;0.027322
2023-03-20;CNY_OIS_RUSFARCNY_5Y;0.003897;0.044103
2023-03-21;CNY_OIS_RUSFARCNY_5Y;0.010832;0.051568
2023-03-22;CNY_OIS_RUSFARCNY_5Y;-0.00984;0.03844
2023-03-23;CNY_OIS_RUSFARCNY_5Y;-0.012671;0.034471
2023-03-24;CNY_OIS_RUSFARCNY_5Y;-0.010201;0.035601
2023-03-27;CNY_OIS_RUSFARCNY_5Y;-0.003475;0.042275
2023-03-28;CNY_OIS_RUSFARCNY_5Y;0.003329;0.049071
2023-03-29;CNY_OIS_RUSFARCNY_5Y;0.005681;0.050119
2023-03-30;CNY_OIS_RUSFARCNY_5Y;0.006953;0.050047
2023-03-31;CNY_OIS_RUSFARCNY_5Y;0.010734;0.052866
2023-04-03;CNY_OIS_RUSFARCNY_5Y;0.012456;0.053344
2023-04-04;CNY_OIS_RUSFARCNY_5Y;0.022247;0.065953
2023-04-06;CNY_OIS_RUSFARCNY_5Y;0.015388;0.059212
2023-04-07;CNY_OIS_RUSFARCNY_5Y;0.017899;0.060501
2023-04-10;CNY_OIS_RUSFARCNY_5Y;0.016161;0.057639
2023-04-11;CNY_OIS_RUSFARCNY_5Y;0.015465;0.055735
2023-04-12;CNY_OIS_RUSFARCNY_5Y;0.016178;0.055222
2023-04-13;CNY_OIS_RUSFARCNY_5Y;0.018233;0.056167
2023-04-14;CNY_OIS_RUSFARCNY_5Y;0.025887;0.065113
2023-04-17;CNY_OIS_RUSFARCNY_5Y;0.019614;0.058986
2023-04-18;CNY_OIS_RUSFARCNY_5Y;0.021956;0.060244
2023-04-19;CNY_OIS_RUSFARCNY_5Y;0.028593;0.067407
2023-04-20;CNY_OIS_RUSFARCNY_5Y;0.031113;0.068887
2023-04-21;CNY_OIS_RUSFARCNY_5Y;0.031588;0.068212
2023-04-24;CNY_OIS_RUSFARCNY_5Y;0.013435;0.056565
2023-04-25;CNY_OIS_RUSFARCNY_5Y;0.000556;0.046444
2023-04-26;CNY_OIS_RUSFARCNY_5Y;-0.000384;0.044184
2023-04-27;CNY_OIS_RUSFARCNY_5Y;-0.000928;0.042328
2023-04-28;CNY_OIS_RUSFARCNY_5Y;0.001946;0.044054
2023-05-04;CNY_OIS_RUSFARCNY_5Y;0.009101;0.051699
2023-05-05;CNY_OIS_RUSFARCNY_5Y;0.017539;0.061461
2023-05-10;CNY_OIS_RUSFARCNY_5Y;0.011407;0.055193
2023-05-11;CNY_OIS_RUSFARCNY_5Y;0.00382;0.04798
2023-05-12;CNY_OIS_RUSFARCNY_5Y;-0.009668;0.037468
2023-05-15;CNY_OIS_RUSFARCNY_5Y;-0.011974;0.033974
2023-05-16;CNY_OIS_RUSFARCNY_5Y;-0.010976;0.033576
2023-05-17;CNY_OIS_RUSFARCNY_5Y;-0.012042;0.031242
2023-05-18;CNY_OIS_RUSFARCNY_5Y;-0.01011;0.03191
2023-05-19;CNY_OIS_RUSFARCNY_5Y;-0.008007;0.032807
2023-05-22;CNY_OIS_RUSFARCNY_5Y;-0.008506;0.031106
2023-05-23;CNY_OIS_RUSFARCNY_5Y;-0.013337;0.025937
2023-05-24;CNY_OIS_RUSFARCNY_5Y;-0.013142;0.024942
2023-05-25;CNY_OIS_RUSFARCNY_5Y;-0.014209;0.022809
2023-05-26;CNY_OIS_RUSFARCNY_5Y;-0.013845;0.022045
2023-05-29;CNY_OIS_RUSFARCNY_5Y;-0.012706;0.022106
2023-05-30;CNY_OIS_RUSFARCNY_5Y;-0.011583;0.022183
2023-05-31;CNY_OIS_RUSFARCNY_5Y;-0.009803;0.023003
2023-06-01;CNY_OIS_RUSFARCNY_5Y;-0.009304;0.022504
2023-06-02;CNY_OIS_RUSFARCNY_5Y;-0.00862;0.02222
2023-06-05;CNY_OIS_RUSFARCNY_5Y;-0.00815;0.02175
2023-06-06;CNY_OIS_RUSFARCNY_5Y;-0.007795;0.021195
2023-06-07;CNY_OIS_RUSFARCNY_5Y;-0.006665;0.021465
2023-06-08;CNY_OIS_RUSFARCNY_5Y;-0.000745;0.028545
2023-06-09;CNY_OIS_RUSFARCNY_5Y;-0.000805;0.027605
2023-06-13;CNY_OIS_RUSFARCNY_5Y;-0.003936;0.024136
2023-06-14;CNY_OIS_RUSFARCNY_5Y;-0.004534;0.022734
2023-06-15;CNY_OIS_RUSFARCNY_5Y;-0.006001;0.020601
2023-06-16;CNY_OIS_RUSFARCNY_5Y;-0.005696;0.020096
2023-06-19;CNY_OIS_RUSFARCNY_5Y;-0.005005;0.020005
2023-06-20;CNY_OIS_RUSFARCNY_5Y;-0.006958;0.017558
2023-06-21;CNY_OIS_RUSFARCNY_5Y;-0.007299;0.016499
2023-06-26;CNY_OIS_RUSFARCNY_5Y;-0.003165;0.020965
2023-06-27;CNY_OIS_RUSFARCNY_5Y;-0.006289;0.017689
2023-06-28;CNY_OIS_RUSFARCNY_5Y;-0.005143;0.018143
2023-06-29;CNY_OIS_RUSFARCNY_5Y;-0.005924;0.016724
2023-06-30;CNY_OIS_RUSFARCNY_5Y;0.009527;0.070473
2023-07-03;CNY_OIS_RUSFARCNY_5Y;0.006273;0.065727
2023-07-04;CNY_OIS_RUSFARCNY_5Y;-0.024983;0.046183
2023-07-05;CNY_OIS_RUSFARCNY_5Y;-0.0237;0.0453
2023-07-06;CNY_OIS_RUSFARCNY_5Y;-0.026379;0.040779
2023-07-07;CNY_OIS_RUSFARCNY_5Y;-0.024563;0.040563
2023-07-10;CNY_OIS_RUSFARCNY_5Y;-0.023771;0.039371
2023-07-11;CNY_OIS_RUSFARCNY_5Y;-0.02261;0.03861
2023-07-12;CNY_OIS_RUSFARCNY_5Y;-0.020689;0.038689
2023-07-13;CNY_OIS_RUSFARCNY_5Y;-0.017831;0.039831
2023-07-14;CNY_OIS_RUSFARCNY_5Y;-0.0136;0.0426
2023-07-17;CNY_OIS_RUSFARCNY_5Y;-0.009396;0.045396
2023-07-18;CNY_OIS_RUSFARCNY_5Y;-0.008461;0.044661
2023-07-19;CNY_OIS_RUSFARCNY_5Y;-0.008358;0.043158
2023-07-20;CNY_OIS_RUSFARCNY_5Y;-0.018016;0.034216
2023-07-21;CNY_OIS_RUSFARCNY_5Y;-0.018337;0.032337
2023-07-24;CNY_OIS_RUSFARCNY_5Y;-0.019515;0.029715
2023-07-25;CNY_OIS_RUSFARCNY_5Y;-0.020821;0.027021
2023-07-26;CNY_OIS_RUSFARCNY_5Y;-0.01834;0.02814
2023-07-27;CNY_OIS_RUSFARCNY_5Y;-0.014766;0.030566
2023-07-28;CNY_OIS_RUSFARCNY_5Y;-0.013579;0.030379
2023-07-31;CNY_OIS_RUSFARCNY_5Y;-0.012316;0.030316
2023-08-01;CNY_OIS_RUSFARCNY_5Y;-0.01217;0.02917
2023-08-02;CNY_OIS_RUSFARCNY_5Y;-0.014363;0.025963
2023-08-03;CNY_OIS_RUSFARCNY_5Y;-0.01487;0.02427
2023-08-04;CNY_OIS_RUSFARCNY_5Y;-0.014575;0.023375
2023-08-07;CNY_OIS_RUSFARCNY_5Y;-0.013209;0.023609
2023-08-08;CNY_OIS_RUSFARCNY_5Y;-0.013051;0.022651
2023-08-09;CNY_OIS_RUSFARCNY_5Y;-0.01332;0.02132
2023-08-10;CNY_OIS_RUSFARCNY_5Y;-0.013812;0.019812
2023-08-11;CNY_OIS_RUSFARCNY_5Y;-0.013501;0.019101
2023-08-14;CNY_OIS_RUSFARCNY_5Y;-0.012315;0.019315
2023-08-15;CNY_OIS_RUSFARCNY_5Y;-0.009559;0.021359
2023-08-16;CNY_OIS_RUSFARCNY_5Y;-0.012176;0.018176
2023-08-17;CNY_OIS_RUSFARCNY_5Y;-0.008919;0.020919
2023-08-18;CNY_OIS_RUSFARCNY_5Y;-0.006467;0.022667
2023-08-21;CNY_OIS_RUSFARCNY_5Y;-0.004858;0.023458
2023-08-22;CNY_OIS_RUSFARCNY_5Y;-0.005346;0.022146
2023-08-23;CNY_OIS_RUSFARCNY_5Y;-0.006377;0.020377
2023-08-24;CNY_OIS_RUSFARCNY_5Y;-0.002621;0.024021
2023-08-25;CNY_OIS_RUSFARCNY_5Y;-0.003666;0.022266
2023-08-28;CNY_OIS_RUSFARCNY_5Y;-0.002393;0.022793
2023-08-29;CNY_OIS_RUSFARCNY_5Y;-0.000756;0.023756
2023-08-30;CNY_OIS_RUSFARCNY_5Y;0.001145;0.025055
2023-08-31;CNY_OIS_RUSFARCNY_5Y;0.002574;0.025826
2023-09-01;CNY_OIS_RUSFARCNY_5Y;0.001142;0.023858
2023-09-04;CNY_OIS_RUSFARCNY_5Y;-0.001317;0.021117
2023-09-05;CNY_OIS_RUSFARCNY_5Y;-0.004251;0.018051
2023-09-06;CNY_OIS_RUSFARCNY_5Y;-0.005924;0.015924
2023-09-07;CNY_OIS_RUSFARCNY_5Y;-0.005691;0.015491
2023-09-08;CNY_OIS_RUSFARCNY_5Y;-0.005877;0.014677
2023-09-11;CNY_OIS_RUSFARCNY_5Y;-0.005969;0.013969
2023-09-12;CNY_OIS_RUSFARCNY_5Y;-0.003891;0.015691
2023-09-13;CNY_OIS_RUSFARCNY_5Y;-0.002262;0.016862
2023-09-14;CNY_OIS_RUSFARCNY_5Y;0.000786;0.020014
2023-09-15;CNY_OIS_RUSFARCNY_5Y;0.006333;0.028067
2023-09-18;CNY_OIS_RUSFARCNY_5Y;-0.005412;0.020812
2023-09-19;CNY_OIS_RUSFARCNY_5Y;-0.006681;0.018881
2023-09-20;CNY_OIS_RUSFARCNY_5Y;-0.005605;0.019205
2023-09-21;CNY_OIS_RUSFARCNY_5Y;-0.006149;0.017949
2023-09-22;CNY_OIS_RUSFARCNY_5Y;-0.006917;0.016517
2023-09-25;CNY_OIS_RUSFARCNY_5Y;-0.00791;0.01491
2023-09-26;CNY_OIS_RUSFARCNY_5Y;-0.00807;0.01407
2023-09-27;CNY_OIS_RUSFARCNY_5Y;-0.006671;0.014871
2023-09-28;CNY_OIS_RUSFARCNY_5Y;0.002446;0.033154
2023-10-09;CNY_OIS_RUSFARCNY_5Y;0.00104;0.03096
2023-10-10;CNY_OIS_RUSFARCNY_5Y;0.003312;0.032488
2023-10-11;CNY_OIS_RUSFARCNY_5Y;-0.002074;0.027474
2023-10-12;CNY_OIS_RUSFARCNY_5Y;-0.003718;0.025118
2023-10-13;CNY_OIS_RUSFARCNY_5Y;-0.002494;0.025494
2023-10-16;CNY_OIS_RUSFARCNY_5Y;-0.004948;0.022548
2023-10-17;CNY_OIS_RUSFARCNY_5Y;-0.003939;0.022739
2023-10-18;CNY_OIS_RUSFARCNY_5Y;-0.003136;0.022736
2023-10-19;CNY_OIS_RUSFARCNY_5Y;-0.000939;0.024339
2023-10-20;CNY_OIS_RUSFARCNY_5Y;0.001688;0.026512
2023-10-23;CNY_OIS_RUSFARCNY_5Y;0.002364;0.026436
2023-10-24;CNY_OIS_RUSFARCNY_5Y;0.001057;0.024543
2023-10-25;CNY_OIS_RUSFARCNY_5Y;-0.000261;0.022661
2023-10-26;CNY_OIS_RUSFARCNY_5Y;-0.001263;0.021063
2023-10-27;CNY_OIS_RUSFARCNY_5Y;-0.001431;0.020231
2023-10-30;CNY_OIS_RUSFARCNY_5Y;0.000145;0.021255
2023-10-31;CNY_OIS_RUSFARCNY_5Y;0.005532;0.028468
2023-11-01;CNY_OIS_RUSFARCNY_5Y;0.009558;0.032842
2023-11-02;CNY_OIS_RUSFARCNY_5Y;0.00867;0.03133
2023-11-03;CNY_OIS_RUSFARCNY_5Y;0.00115;0.02565
2023-11-07;CNY_OIS_RUSFARCNY_5Y;-0.004422;0.020822
2023-11-08;CNY_OIS_RUSFARCNY_5Y;-0.00799;0.01719
2023-11-09;CNY_OIS_RUSFARCNY_5Y;-0.008529;0.015929
2023-11-10;CNY_OIS_RUSFARCNY_5Y;-0.007567;0.016167
2023-11-13;CNY_OIS_RUSFARCNY_5Y;-0.007406;0.015606
2023-11-14;CNY_OIS_RUSFARCNY_5Y;-0.008843;0.013643
2023-11-15;CNY_OIS_RUSFARCNY_5Y;-0.008905;0.012905
2023-11-16;CNY_OIS_RUSFARCNY_5Y;-0.007985;0.013185
2023-11-17;CNY_OIS_RUSFARCNY_5Y;-0.003736;0.018136
2023-11-20;CNY_OIS_RUSFARCNY_5Y;-0.003106;0.018106
2023-11-21;CNY_OIS_RUSFARCNY_5Y;-0.003499;0.017099
2023-11-22;CNY_OIS_RUSFARCNY_5Y;-0.004982;0.015182
2023-11-23;CNY_OIS_RUSFARCNY_5Y;-0.005709;0.013909
2023-11-24;CNY_OIS_RUSFARCNY_5Y;-0.005511;0.013511
2023-11-27;CNY_OIS_RUSFARCNY_5Y;-0.004634;0.013834
2023-11-28;CNY_OIS_RUSFARCNY_5Y;-0.003577;0.014377
2023-11-29;CNY_OIS_RUSFARCNY_5Y;-0.002342;0.015142
2023-11-30;CNY_OIS_RUSFARCNY_5Y;0.002711;0.022489
2023-12-01;CNY_OIS_RUSFARCNY_5Y;0.004958;0.024442
2023-12-04;CNY_OIS_RUSFARCNY_5Y;-0.007205;0.017405
2023-12-05;CNY_OIS_RUSFARCNY_5Y;-0.006533;0.017333
2023-12-06;CNY_OIS_RUSFARCNY_5Y;-0.007093;0.016093
2023-12-07;CNY_OIS_RUSFARCNY_5Y;-0.006442;0.016042
2023-12-08;CNY_OIS_RUSFARCNY_5Y;-0.005225;0.016625
2023-12-11;CNY_OIS_RUSFARCNY_5Y;-0.001934;0.019934
2023-12-12;CNY_OIS_RUSFARCNY_5Y;-0.002108;0.019108
2023-12-13;CNY_OIS_RUSFARCNY_5Y;0.001084;0.022316
2023-12-14;CNY_OIS_RUSFARCNY_5Y;0.000481;0.021119
2023-12-15;CNY_OIS_RUSFARCNY_5Y;-0.004754;0.016754
2023-12-18;CNY_OIS_RUSFARCNY_5Y;-0.007595;0.013795
2023-12-19;CNY_OIS_RUSFARCNY_5Y;-0.005752;0.015152
2023-12-20;CNY_OIS_RUSFARCNY_5Y;0.005921;0.047079
2023-12-21;CNY_OIS_RUSFARCNY_5Y;0.018552;0.066248
2023-12-22;CNY_OIS_RUSFARCNY_5Y;-0.005376;0.050976
2023-12-25;CNY_OIS_RUSFARCNY_5Y;-0.012586;0.043386
2023-12-26;CNY_OIS_RUSFARCNY_5Y;-0.016931;0.037931
2023-12-27;CNY_OIS_RUSFARCNY_5Y;-0.017936;0.035336
2023-12-28;CNY_OIS_RUSFARCNY_5Y;0.00505;0.08235
2024-01-09;CNY_OIS_RUSFARCNY_5Y;-0.012011;0.067411
2024-01-10;CNY_OIS_RUSFARCNY_5Y;-0.030001;0.051801
2024-01-11;CNY_OIS_RUSFARCNY_5Y;-0.037409;0.043009
2024-01-12;CNY_OIS_RUSFARCNY_5Y;-0.037193;0.040793
2024-01-15;CNY_OIS_RUSFARCNY_5Y;-0.032896;0.042896
2024-01-16;CNY_OIS_RUSFARCNY_5Y;-0.033572;0.039972
2024-01-17;CNY_OIS_RUSFARCNY_5Y;-0.015535;0.063535
2024-01-18;CNY_OIS_RUSFARCNY_5Y;-0.017727;0.059127
2024-01-19;CNY_OIS_RUSFARCNY_5Y;-0.015467;0.059067
2024-01-22;CNY_OIS_RUSFARCNY_5Y;-0.004605;0.069805
2024-01-23;CNY_OIS_RUSFARCNY_5Y;0.005686;0.079714
2024-01-24;CNY_OIS_RUSFARCNY_5Y;-0.004352;0.069352
2024-01-25;CNY_OIS_RUSFARCNY_5Y;-0.001171;0.070371
2024-01-26;CNY_OIS_RUSFARCNY_5Y;0.000909;0.070291
2024-01-29;CNY_OIS_RUSFARCNY_5Y;0.011138;0.080462
2024-01-30;CNY_OIS_RUSFARCNY_5Y;0.015009;0.082391
2024-01-31;CNY_OIS_RUSFARCNY_5Y;0.034945;0.111855
2024-02-01;CNY_OIS_RUSFARCNY_5Y;0.016972;0.096428
2024-02-02;CNY_OIS_RUSFARCNY_5Y;-0.005044;0.078644
2024-02-05;CNY_OIS_RUSFARCNY_5Y;0.00309;0.08511
2024-02-06;CNY_OIS_RUSFARCNY_5Y;0.010304;0.090496
2024-02-07;CNY_OIS_RUSFARCNY_5Y;0.012615;0.090385
2024-02-08;CNY_OIS_RUSFARCNY_5Y;0.008358;0.084242
2024-02-09;CNY_OIS_RUSFARCNY_5Y;0.002404;0.076796
2024-02-19;CNY_OIS_RUSFARCNY_5Y;-0.008578;0.065778
2024-02-20;CNY_OIS_RUSFARCNY_5Y;-0.019321;0.054921
2024-02-21;CNY_OIS_RUSFARCNY_5Y;-0.004159;0.072759
2024-02-22;CNY_OIS_RUSFARCNY_5Y;-0.005963;0.068763
2024-02-26;CNY_OIS_RUSFARCNY_5Y;-0.004327;0.068127
2024-02-27;CNY_OIS_RUSFARCNY_5Y;-0.003324;0.066924
2024-02-28;CNY_OIS_RUSFARCNY_5Y;0.01015;0.08225
2024-02-29;CNY_OIS_RUSFARCNY_5Y;0.042151;0.149649
2024-03-01;CNY_OIS_RUSFARCNY_5Y;0.071441;0.190559
2024-03-04;CNY_OIS_RUSFARCNY_5Y;-0.063416;0.132616
2024-03-05;CNY_OIS_RUSFARCNY_5Y;-0.052751;0.137751
2024-03-06;CNY_OIS_RUSFARCNY_5Y;-0.040586;0.144786
2024-03-07;CNY_OIS_RUSFARCNY_5Y;-0.031993;0.147993
2024-03-11;CNY_OIS_RUSFARCNY_5Y;-0.034868;0.139868
2024-03-12;CNY_OIS_RUSFARCNY_5Y;-0.038036;0.131636
2024-03-13;CNY_OIS_RUSFARCNY_5Y;-0.039311;0.125311
2024-03-14;CNY_OIS_RUSFARCNY_5Y;-0.036903;0.122703
2024-03-15;CNY_OIS_RUSFARCNY_5Y;-0.047762;0.108362
2024-03-18;CNY_OIS_RUSFARCNY_5Y;-0.044388;0.106988
2024-03-19;CNY_OIS_RUSFARCNY_5Y;-0.040199;0.106599
2024-03-20;CNY_OIS_RUSFARCNY_5Y;-0.042039;0.100439
2024-03-21;CNY_OIS_RUSFARCNY_5Y;-0.043635;0.094635
2024-03-22;CNY_OIS_RUSFARCNY_5Y;-0.056965;0.079165
2024-03-25;CNY_OIS_RUSFARCNY_5Y;-0.0504;0.0818
2024-03-26;CNY_OIS_RUSFARCNY_5Y;-0.052262;0.076062
2024-03-27;CNY_OIS_RUSFARCNY_5Y;-0.050108;0.074308
2024-03-28;CNY_OIS_RUSFARCNY_5Y;-0.03815;0.08375
2024-03-29;CNY_OIS_RUSFARCNY_5Y;-0.012473;0.114473
2024-04-01;CNY_OIS_RUSFARCNY_5Y;-0.055321;0.082321
2024-04-02;CNY_OIS_RUSFARCNY_5Y;-0.052925;0.080525
2024-04-03;CNY_OIS_RUSFARCNY_5Y;-0.025146;0.113546
2024-04-08;CNY_OIS_RUSFARCNY_5Y;-0.028054;0.106654
2024-04-09;CNY_OIS_RUSFARCNY_5Y;-0.037291;0.094491
2024-04-10;CNY_OIS_RUSFARCNY_5Y;-0.048152;0.081152
2024-04-11;CNY_OIS_RUSFARCNY_5Y;-0.042845;0.082645
2024-04-12;CNY_OIS_RUSFARCNY_5Y;-0.027842;0.096042
2024-04-15;CNY_OIS_RUSFARCNY_5Y;-0.028696;0.091496
2024-04-16;CNY_OIS_RUSFARCNY_5Y;-0.031588;0.085188
2024-04-17;CNY_OIS_RUSFARCNY_5Y;-0.027931;0.085331
2024-04-18;CNY_OIS_RUSFARCNY_5Y;-0.021171;0.088971
2024-04-19;CNY_OIS_RUSFARCNY_5Y;-0.007217;0.101817
2024-04-22;CNY_OIS_RUSFARCNY_5Y;-0.020676;0.087476
2024-04-23;CNY_OIS_RUSFARCNY_5Y;-0.028882;0.077082
2024-04-24;CNY_OIS_RUSFARCNY_5Y;-0.029706;0.073106
2024-04-25;CNY_OIS_RUSFARCNY_5Y;-0.016354;0.085554
2024-04-26;CNY_OIS_RUSFARCNY_5Y;0.00958;0.12022
2024-05-06;CNY_OIS_RUSFARCNY_5Y;-0.026152;0.092952
2024-05-07;CNY_OIS_RUSFARCNY_5Y;-0.048728;0.072128
2024-05-08;CNY_OIS_RUSFARCNY_5Y;-0.047187;0.069987
2024-05-13;CNY_OIS_RUSFARCNY_5Y;-0.04372;0.06992
2024-05-14;CNY_OIS_RUSFARCNY_5Y;-0.042289;0.067889
2024-05-15;CNY_OIS_RUSFARCNY_5Y;-0.029428;0.079228
2024-05-16;CNY_OIS_RUSFARCNY_5Y;-0.022746;0.082946
2024-05-17;CNY_OIS_RUSFARCNY_5Y;-0.00431;0.10291
2024-05-20;CNY_OIS_RUSFARCNY_5Y;-0.025587;0.083587
2024-05-21;CNY_OIS_RUSFARCNY_5Y;-0.016061;0.090661
2024-05-22;CNY_OIS_RUSFARCNY_5Y;-0.030645;0.075645
2024-05-23;CNY_OIS_RUSFARCNY_5Y;-0.042192;0.062792
2024-05-24;CNY_OIS_RUSFARCNY_5Y;-0.041095;0.060695
2024-05-27;CNY_OIS_RUSFARCNY_5Y;-0.042087;0.056687
2024-05-28;CNY_OIS_RUSFARCNY_5Y;-0.029254;0.068654
2024-05-29;CNY_OIS_RUSFARCNY_5Y;-0.036327;0.059527
2024-05-30;CNY_OIS_RUSFARCNY_5Y;-0.027774;0.065974
2024-05-31;CNY_OIS_RUSFARCNY_5Y;-0.009806;0.086406
2024-06-03;CNY_OIS_RUSFARCNY_5Y;-0.028504;0.069304
2024-06-04;CNY_OIS_RUSFARCNY_5Y;-0.028735;0.066135
2024-06-05;CNY_OIS_RUSFARCNY_5Y;-0.035869;0.057069
2024-06-06;CNY_OIS_RUSFARCNY_5Y;-0.034754;0.055354
2024-06-07;CNY_OIS_RUSFARCNY_5Y;-0.032094;0.055294
2024-06-11;CNY_OIS_RUSFARCNY_5Y;-0.029086;0.055686
2024-06-13;CNY_OIS_RUSFARCNY_5Y;0.05492;0.48288
2024-06-14;CNY_OIS_RUSFARCNY_5Y;-0.208795;0.329395
2024-06-17;CNY_OIS_RUSFARCNY_5Y;-0.204921;0.316921
2024-06-18;CNY_OIS_RUSFARCNY_5Y;-0.198576;0.307376
2024-06-19;CNY_OIS_RUSFARCNY_5Y;-0.187782;0.302782
2024-06-20;CNY_OIS_RUSFARCNY_5Y;-0.182718;0.292918
2024-06-21;CNY_OIS_RUSFARCNY_5Y;-0.157568;0.304568
2024-06-24;CNY_OIS_RUSFARCNY_5Y;-0.158421;0.289821
2024-06-25;CNY_OIS_RUSFARCNY_5Y;-0.161748;0.273148
2024-06-26;CNY_OIS_RUSFARCNY_5Y;-0.165491;0.256491
2024-06-27;CNY_OIS_RUSFARCNY_5Y;-0.150585;0.258785
2024-06-28;CNY_OIS_RUSFARCNY_5Y;-0.138313;0.258713
2024-07-01;CNY_OIS_RUSFARCNY_5Y;-0.125937;0.259137
2024-07-02;CNY_OIS_RUSFARCNY_5Y;-0.11006;0.26366
2024-07-03;CNY_OIS_RUSFARCNY_5Y;-0.08391;0.28011
2024-07-04;CNY_OIS_RUSFARCNY_5Y;-0.113886;0.243286
2024-07-05;CNY_OIS_RUSFARCNY_5Y;-0.111463;0.234863
2024-07-08;CNY_OIS_RUSFARCNY_5Y;-0.110831;0.225031
2024-07-09;CNY_OIS_RUSFARCNY_5Y;-0.107119;0.218519
2024-07-10;CNY_OIS_RUSFARCNY_5Y;-0.095846;0.220046
2024-07-11;CNY_OIS_RUSFARCNY_5Y;-0.086677;0.219677
2024-07-12;CNY_OIS_RUSFARCNY_5Y;-0.079229;0.217829
2024-07-15;CNY_OIS_RUSFARCNY_5Y;-0.074804;0.213204
2024-07-16;CNY_OIS_RUSFARCNY_5Y;-0.09171;0.18951
2024-07-17;CNY_OIS_RUSFARCNY_5Y;-0.097569;0.175569
2024-07-18;CNY_OIS_RUSFARCNY_5Y;-0.105457;0.160057
2024-07-19;CNY_OIS_RUSFARCNY_5Y;-0.083807;0.175407
2024-07-22;CNY_OIS_RUSFARCNY_5Y;-0.073762;0.177762
2024-07-23;CNY_OIS_RUSFARCNY_5Y;-0.052284;0.193484
2024-07-24;CNY_OIS_RUSFARCNY_5Y;-0.036668;0.202468
2024-07-25;CNY_OIS_RUSFARCNY_5Y;-0.048136;0.184936
2024-07-26;CNY_OIS_RUSFARCNY_5Y;-0.046902;0.179102
2024-07-29;CNY_OIS_RUSFARCNY_5Y;-0.039119;0.180119
2024-07-30;CNY_OIS_RUSFARCNY_5Y;-0.0527;0.1615
2024-07-31;CNY_OIS_RUSFARCNY_5Y;-0.037996;0.170596
2024-08-01;CNY_OIS_RUSFARCNY_5Y;-0.024686;0.178286
2024-08-02;CNY_OIS_RUSFARCNY_5Y;-0.013342;0.183942
2024-08-05;CNY_OIS_RUSFARCNY_5Y;0.003244;0.195956
2024-08-06;CNY_OIS_RUSFARCNY_5Y;0.076236;0.327564
2024-08-07;CNY_OIS_RUSFARCNY_5Y;0.017211;0.276989
2024-08-08;CNY_OIS_RUSFARCNY_5Y;-0.064573;0.213973
2024-08-09;CNY_OIS_RUSFARCNY_5Y;-0.06063;0.20943
2024-08-12;CNY_OIS_RUSFARCNY_5Y;-0.053245;0.208645
2024-08-13;CNY_OIS_RUSFARCNY_5Y;-0.04229;0.21189
2024-08-14;CNY_OIS_RUSFARCNY_5Y;-0.038618;0.207818
2024-08-15;CNY_OIS_RUSFARCNY_5Y;-0.036775;0.202175
2024-08-16;CNY_OIS_RUSFARCNY_5Y;-0.033836;0.197836
2024-08-19;CNY_OIS_RUSFARCNY_5Y;-0.031009;0.193609
2024-08-20;CNY_OIS_RUSFARCNY_5Y;-0.030006;0.187806
2024-08-21;CNY_OIS_RUSFARCNY_5Y;-0.02579;0.18539
2024-08-22;CNY_OIS_RUSFARCNY_5Y;-0.022274;0.182474
2024-08-23;CNY_OIS_RUSFARCNY_5Y;-0.016578;0.181978
2024-08-26;CNY_OIS_RUSFARCNY_5Y;-0.01226;0.18026
2024-08-27;CNY_OIS_RUSFARCNY_5Y;-0.00853;0.17813
2024-08-28;CNY_OIS_RUSFARCNY_5Y;-0.006087;0.174887
2024-08-29;CNY_OIS_RUSFARCNY_5Y;-0.002831;0.172631
2024-08-30;CNY_OIS_RUSFARCNY_5Y;0.132169;0.710831
2024-09-02;CNY_OIS_RUSFARCNY_5Y;0.231878;0.818122
2024-09-03;CNY_OIS_RUSFARCNY_5Y;0.308626;0.889974
2024-09-04;CNY_OIS_RUSFARCNY_5Y;0.839386;3.402214
2024-09-05;CNY_OIS_RUSFARCNY_5Y;-0.973209;2.413609
2024-09-06;CNY_OIS_RUSFARCNY_5Y;-1.484245;1.904645
2024-09-09;CNY_OIS_RUSFARCNY_5Y;-1.442144;1.843544
2024-09-10;CNY_OIS_RUSFARCNY_5Y;-1.476969;1.711569
2024-09-11;CNY_OIS_RUSFARCNY_5Y;-1.431804;1.659604
2024-09-12;CNY_OIS_RUSFARCNY_5Y;-1.373643;1.623643
2024-09-13;CNY_OIS_RUSFARCNY_5Y;-1.03637;1.91517
2024-09-18;CNY_OIS_RUSFARCNY_5Y;-0.599491;2.350491
2024-09-19;CNY_OIS_RUSFARCNY_5Y;-0.854524;2.042724
2024-09-20;CNY_OIS_RUSFARCNY_5Y;-1.267978;1.623178
2024-09-23;CNY_OIS_RUSFARCNY_5Y;-1.266569;1.537369
2024-09-24;CNY_OIS_RUSFARCNY_5Y;-1.229768;1.488768
2024-09-25;CNY_OIS_RUSFARCNY_5Y;-1.185161;1.450561
2024-09-26;CNY_OIS_RUSFARCNY_5Y;-1.146214;1.409214
2024-09-27;CNY_OIS_RUSFARCNY_5Y;-1.106091;1.371491
2024-09-30;CNY_OIS_RUSFARCNY_5Y;-1.055995;1.346195
2024-10-08;CNY_OIS_RUSFARCNY_5Y;-1.025014;1.304014
2024-10-09;CNY_OIS_RUSFARCNY_5Y;-0.989238;1.268838
2024-10-10;CNY_OIS_RUSFARCNY_5Y;-0.954143;1.235143
2024-10-11;CNY_OIS_RUSFARCNY_5Y;-0.919097;1.203497
2024-10-14;CNY_OIS_RUSFARCNY_5Y;-0.89017;1.16777
2024-10-15;CNY_OIS_RUSFARCNY_5Y;-0.859823;1.135423
2024-10-16;CNY_OIS_RUSFARCNY_5Y;-0.829532;1.104932
2024-10-17;CNY_OIS_RUSFARCNY_5Y;-0.801367;1.074167
2024-10-18;CNY_OIS_RUSFARCNY_5Y;-0.770201;1.048201
2024-10-21;CNY_OIS_RUSFARCNY_5Y;-0.742403;1.020603
2024-10-22;CNY_OIS_RUSFARCNY_5Y;-0.714949;0.994349
2024-10-23;CNY_OIS_RUSFARCNY_5Y;-0.688213;0.969013
2024-10-24;CNY_OIS_RUSFARCNY_5Y;-0.661471;0.945271
2024-10-25;CNY_OIS_RUSFARCNY_5Y;-0.639199;0.918599
2024-10-28;CNY_OIS_RUSFARCNY_5Y;-0.555659;0.958059
2024-10-29;CNY_OIS_RUSFARCNY_5Y;-0.538921;0.928721
2024-10-30;CNY_OIS_RUSFARCNY_5Y;-0.514867;0.908067
2024-10-31;CNY_OIS_RUSFARCNY_5Y;-0.486614;0.893014
2024-11-01;CNY_OIS_RUSFARCNY_5Y;-0.467201;0.870401
2024-11-05;CNY_OIS_RUSFARCNY_5Y;-0.448929;0.847929
2024-11-06;CNY_OIS_RUSFARCNY_5Y;-0.517715;0.747315
2024-11-07;CNY_OIS_RUSFARCNY_5Y;-0.553943;0.675743
2024-11-08;CNY_OIS_RUSFARCNY_5Y;-0.572466;0.621266
2024-11-11;CNY_OIS_RUSFARCNY_5Y;-0.552984;0.604384
2024-11-12;CNY_OIS_RUSFARCNY_5Y;-0.515303;0.607303
2024-11-13;CNY_OIS_RUSFARCNY_5Y;-0.497603;0.590803
2024-11-14;CNY_OIS_RUSFARCNY_5Y;-0.45507;0.60107
2024-11-15;CNY_OIS_RUSFARCNY_5Y;-0.321338;0.724138
2024-11-18;CNY_OIS_RUSFARCNY_5Y;-0.344584;0.670984
2024-11-19;CNY_OIS_RUSFARCNY_5Y;-0.301845;0.683845
2024-11-20;CNY_OIS_RUSFARCNY_5Y;-0.279271;0.676471
2024-11-21;CNY_OIS_RUSFARCNY_5Y;-0.265214;0.661414
2024-11-22;CNY_OIS_RUSFARCNY_5Y;-0.240289;0.658289
2024-11-25;CNY_OIS_RUSFARCNY_5Y;-0.279828;0.595428
2024-11-26;CNY_OIS_RUSFARCNY_5Y;-0.397325;0.473725
2024-11-27;CNY_OIS_RUSFARCNY_5Y;-0.396274;0.448474
2024-11-28;CNY_OIS_RUSFARCNY_5Y;-0.394507;0.424707
2024-11-29;CNY_OIS_RUSFARCNY_5Y;-0.384333;0.409933
2024-12-02;CNY_OIS_RUSFARCNY_5Y;-0.357335;0.413135
2024-12-03;CNY_OIS_RUSFARCNY_5Y;-0.355893;0.391293
2024-12-04;CNY_OIS_RUSFARCNY_5Y;-0.35176;0.37276
2024-12-05;CNY_OIS_RUSFARCNY_5Y;-0.343632;0.358832
2024-12-06;CNY_OIS_RUSFARCNY_5Y;-0.335338;0.345738
2024-12-09;CNY_OIS_RUSFARCNY_5Y;-0.323067;0.337267
2024-12-10;CNY_OIS_RUSFARCNY_5Y;-0.301356;0.339156
2024-12-11;CNY_OIS_RUSFARCNY_5Y;-0.2916;0.3294
2024-12-12;CNY_OIS_RUSFARCNY_5Y;-0.288384;0.313784
2024-12-13;CNY_OIS_RUSFARCNY_5Y;-0.282021;0.301821
2024-12-16;CNY_OIS_RUSFARCNY_5Y;-0.272528;0.293528
2024-12-17;CNY_OIS_RUSFARCNY_5Y;-0.266715;0.282115
2024-12-18;CNY_OIS_RUSFARCNY_5Y;-0.249556;0.282756
2024-12-19;CNY_OIS_RUSFARCNY_5Y;-0.243252;0.272852
2024-12-20;CNY_OIS_RUSFARCNY_5Y;-0.241948;0.258548
2024-12-23;CNY_OIS_RUSFARCNY_5Y;-0.239156;0.246156
2024-12-24;CNY_OIS_RUSFARCNY_5Y;-0.234374;0.236174
2024-12-25;CNY_OIS_RUSFARCNY_5Y;-0.229716;0.226516
2024-12-26;CNY_OIS_RUSFARCNY_5Y;-0.225982;0.216382
2024-12-27;CNY_OIS_RUSFARCNY_5Y;-0.21076;0.21836
2025-01-09;CNY_OIS_RUSFARCNY_5Y;-0.206633;0.209433
2025-01-10;CNY_OIS_RUSFARCNY_5Y;-0.206662;0.196862
2025-01-13;CNY_OIS_RUSFARCNY_5Y;-0.19892;0.19232
2025-01-14;CNY_OIS_RUSFARCNY_5Y;-0.192661;0.186661
2025-01-15;CNY_OIS_RUSFARCNY_5Y;-0.183801;0.184001
2025-01-16;CNY_OIS_RUSFARCNY_5Y;-0.1771;0.1795
2025-01-17;CNY_OIS_RUSFARCNY_5Y;-0.17097;0.17477
2025-01-20;CNY_OIS_RUSFARCNY_5Y;-0.166204;0.169004
2025-01-21;CNY_OIS_RUSFARCNY_5Y;-0.161098;0.163898
2025-01-22;CNY_OIS_RUSFARCNY_5Y;-0.157652;0.157452
2025-01-23;CNY_OIS_RUSFARCNY_5Y;-0.15638;0.14918
2025-01-24;CNY_OIS_RUSFARCNY_5Y;-0.152929;0.143329
2025-01-27;CNY_OIS_RUSFARCNY_5Y;-0.149117;0.138117
2025-02-05;CNY_OIS_RUSFARCNY_5Y;-0.144043;0.134443
2025-02-06;CNY_OIS_RUSFARCNY_5Y;-0.138208;0.131808
2025-02-07;CNY_OIS_RUSFARCNY_5Y;-0.137627;0.124227
2025-02-10;CNY_OIS_RUSFARCNY_5Y;-0.134741;0.119141
2025-02-11;CNY_OIS_RUSFARCNY_5Y;-0.127702;0.118502
2025-02-12;CNY_OIS_RUSFARCNY_5Y;-0.124854;0.113854
2025-02-13;CNY_OIS_RUSFARCNY_5Y;-0.113691;0.118091
2025-02-17;CNY_OIS_RUSFARCNY_5Y;-0.112071;0.112671
2025-02-18;CNY_OIS_RUSFARCNY_5Y;-0.110256;0.107656
2025-02-19;CNY_OIS_RUSFARCNY_5Y;-0.108242;0.103042
2025-02-20;CNY_OIS_RUSFARCNY_5Y;-0.108974;0.095974
2025-02-21;CNY_OIS_RUSFARCNY_5Y;-0.101518;0.097318
2025-02-24;CNY_OIS_RUSFARCNY_5Y;-0.093673;0.099273
2025-02-25;CNY_OIS_RUSFARCNY_5Y;-0.091839;0.095239
2025-02-26;CNY_OIS_RUSFARCNY_5Y;-0.091004;0.090404
2025-02-28;CNY_OIS_RUSFARCNY_5Y;-0.092096;0.083896
2025-03-03;CNY_OIS_RUSFARCNY_5Y;-0.089616;0.081016
2025-03-04;CNY_OIS_RUSFARCNY_5Y;-0.088728;0.076728
2025-03-05;CNY_OIS_RUSFARCNY_5Y;-0.084127;0.076327
2025-03-06;CNY_OIS_RUSFARCNY_5Y;-0.0797;0.0759
2025-03-07;CNY_OIS_RUSFARCNY_5Y;-0.076434;0.074434
2025-03-10;CNY_OIS_RUSFARCNY_5Y;-0.072252;0.074052
2025-03-11;CNY_OIS_RUSFARCNY_5Y;-0.070124;0.071724
2025-03-12;CNY_OIS_RUSFARCNY_5Y;-0.067863;0.069663
2025-03-13;CNY_OIS_RUSFARCNY_5Y;-0.063985;0.069385
2025-03-14;CNY_OIS_RUSFARCNY_5Y;-0.063262;0.066062
2025-03-17;CNY_OIS_RUSFARCNY_5Y;-0.060794;0.064594
2025-03-18;CNY_OIS_RUSFARCNY_5Y;-0.058584;0.062984
2025-03-19;CNY_OIS_RUSFARCNY_5Y;-0.058042;0.059842
2025-03-20;CNY_OIS_RUSFARCNY_5Y;-0.056347;0.057947
2025-03-21;CNY_OIS_RUSFARCNY_5Y;-0.053909;0.056909
2025-03-24;CNY_OIS_RUSFARCNY_5Y;-0.052221;0.055221
2025-03-25;CNY_OIS_RUSFARCNY_5Y;-0.050484;0.053684
2025-03-26;CNY_OIS_RUSFARCNY_5Y;-0.049702;0.051302
2025-03-27;CNY_OIS_RUSFARCNY_5Y;-0.047665;0.050265
2025-03-28;CNY_OIS_RUSFARCNY_5Y;-0.045874;0.049074
2025-03-31;CNY_OIS_RUSFARCNY_5Y;-0.048439;0.043839
2025-04-01;CNY_OIS_RUSFARCNY_5Y;-0.049373;0.040173
2025-04-02;CNY_OIS_RUSFARCNY_5Y;-0.04771;0.03911
2025-04-03;CNY_OIS_RUSFARCNY_5Y;-0.042797;0.041597
2025-04-07;CNY_OIS_RUSFARCNY_5Y;-0.04303;0.03883
2025-04-08;CNY_OIS_RUSFARCNY_5Y;-0.042589;0.036789
2025-04-09;CNY_OIS_RUSFARCNY_5Y;-0.039126;0.037926
2025-04-10;CNY_OIS_RUSFARCNY_5Y;-0.038153;0.036553
2025-04-11;CNY_OIS_RUSFARCNY_5Y;-0.036716;0.035716
2025-04-14;CNY_OIS_RUSFARCNY_5Y;-0.035413;0.034813
2025-04-15;CNY_OIS_RUSFARCNY_5Y;-0.034443;0.033643
2025-04-16;CNY_OIS_RUSFARCNY_5Y;-0.034111;0.031911
2025-04-17;CNY_OIS_RUSFARCNY_5Y;-0.032116;0.031916
2025-04-18;CNY_OIS_RUSFARCNY_5Y;-0.030842;0.031242
2025-04-21;CNY_OIS_RUSFARCNY_5Y;-0.027278;0.033078
2025-04-22;CNY_OIS_RUSFARCNY_5Y;-0.02596;0.03256
2025-04-23;CNY_OIS_RUSFARCNY_5Y;-0.024671;0.032071
2025-04-24;CNY_OIS_RUSFARCNY_5Y;-0.025751;0.029351
2025-04-25;CNY_OIS_RUSFARCNY_5Y;-0.025313;0.028113
2025-04-28;CNY_OIS_RUSFARCNY_5Y;-0.030734;0.021934
2025-04-29;CNY_OIS_RUSFARCNY_5Y;-0.032943;0.018343
2025-04-30;CNY_OIS_RUSFARCNY_5Y;-0.0282;0.022
2025-05-06;CNY_OIS_RUSFARCNY_5Y;-0.025871;0.022871
2025-05-07;CNY_OIS_RUSFARCNY_5Y;-0.02328;0.02408
2025-05-12;CNY_OIS_RUSFARCNY_5Y;-0.021866;0.024066
2025-05-13;CNY_OIS_RUSFARCNY_5Y;-0.020181;0.024381
2025-05-14;CNY_OIS_RUSFARCNY_5Y;-0.018615;0.024615
2025-05-15;CNY_OIS_RUSFARCNY_5Y;-0.019493;0.022493
2025-05-16;CNY_OIS_RUSFARCNY_5Y;-0.018954;0.021754
2025-05-19;CNY_OIS_RUSFARCNY_5Y;-0.018736;0.020736
2025-05-20;CNY_OIS_RUSFARCNY_5Y;-0.017444;0.020844
2025-05-21;CNY_OIS_RUSFARCNY_5Y;-0.017162;0.019962
2025-05-22;CNY_OIS_RUSFARCNY_5Y;-0.0162;0.0198
2025-05-23;CNY_OIS_RUSFARCNY_5Y;-0.015752;0.019152
2025-05-26;CNY_OIS_RUSFARCNY_5Y;-0.015623;0.018223
2025-05-27;CNY_OIS_RUSFARCNY_5Y;-0.013937;0.018937
2025-05-28;CNY_OIS_RUSFARCNY_5Y;-0.017194;0.015194
2025-05-29;CNY_OIS_RUSFARCNY_5Y;-0.016501;0.014901
2025-05-30;CNY_OIS_RUSFARCNY_5Y;-0.015528;0.014928
2025-06-03;CNY_OIS_RUSFARCNY_5Y;-0.013247;0.016447
2025-06-04;CNY_OIS_RUSFARCNY_5Y;-0.013818;0.015018
2025-06-05;CNY_OIS_RUSFARCNY_5Y;-0.013681;0.014281
2025-06-06;CNY_OIS_RUSFARCNY_5Y;-0.014175;0.012975
2025-06-09;CNY_OIS_RUSFARCNY_5Y;-0.013762;0.012562
2025-06-10;CNY_OIS_RUSFARCNY_5Y;-0.011466;0.014266
2025-06-11;CNY_OIS_RUSFARCNY_5Y;-0.012313;0.012713
2025-06-16;CNY_OIS_RUSFARCNY_5Y;-0.01296;0.01136
2025-06-17;CNY_OIS_RUSFARCNY_5Y;-0.010972;0.012772
2025-06-18;CNY_OIS_RUSFARCNY_5Y;-0.011324;0.011724
2025-06-19;CNY_OIS_RUSFARCNY_5Y;-0.010676;0.011676
2025-06-20;CNY_OIS_RUSFARCNY_5Y;-0.010436;0.011236
2025-06-23;CNY_OIS_RUSFARCNY_5Y;-0.010106;0.010906
2025-06-24;CNY_OIS_RUSFARCNY_5Y;-0.009987;0.010387
2025-06-25;CNY_OIS_RUSFARCNY_5Y;-0.010289;0.009489
2025-06-26;CNY_OIS_RUSFARCNY_5Y;-0.009691;0.009491
2025-06-27;CNY_OIS_RUSFARCNY_5Y;-0.009102;0.009502
2025-06-30;CNY_OIS_RUSFARCNY_5Y;-0.008137;0.009937
2025-07-01;CNY_OIS_RUSFARCNY_5Y;-0.00858;0.00898
2025-07-02;CNY_OIS_RUSFARCNY_5Y;-0.008927;0.008127
2025-07-03;CNY_OIS_RUSFARCNY_5Y;-0.009926;0.006726
2025-07-04;CNY_OIS_RUSFARCNY_5Y;-0.007922;0.008522
2025-07-07;CNY_OIS_RUSFARCNY_5Y;-0.007671;0.008271
2025-07-08;CNY_OIS_RUSFARCNY_5Y;-0.008044;0.007444
2025-07-09;CNY_OIS_RUSFARCNY_5Y;-0.007808;0.007208
2025-07-10;CNY_OIS_RUSFARCNY_5Y;-0.008091;0.006491
2025-07-11;CNY_OIS_RUSFARCNY_5Y;-0.006649;0.007649
2025-07-14;CNY_OIS_RUSFARCNY_5Y;-0.007813;0.006213
2025-07-15;CNY_OIS_RUSFARCNY_5Y;-0.008324;0.005324
2025-07-16;CNY_OIS_RUSFARCNY_5Y;-0.009057;0.004257
2025-07-17;CNY_OIS_RUSFARCNY_5Y;-0.00958;0.00338
2025-07-18;CNY_OIS_RUSFARCNY_5Y;-0.009383;0.003183
2025-07-21;CNY_OIS_RUSFARCNY_5Y;-0.007815;0.004615
2025-07-22;CNY_OIS_RUSFARCNY_5Y;-0.006681;0.005481
2025-07-23;CNY_OIS_RUSFARCNY_5Y;-0.006496;0.005296
2025-07-24;CNY_OIS_RUSFARCNY_5Y;-0.006119;0.005319
2025-07-25;CNY_OIS_RUSFARCNY_5Y;-0.007938;0.003538
2025-07-28;CNY_OIS_RUSFARCNY_5Y;-0.006912;0.004312
2025-07-29;CNY_OIS_RUSFARCNY_5Y;-0.006741;0.004141
2025-07-30;CNY_OIS_RUSFARCNY_5Y;-0.007416;0.003216
2025-07-31;CNY_OIS_RUSFARCNY_5Y;-0.00696;0.00336
2025-08-01;CNY_OIS_RUSFARCNY_5Y;-0.007214;0.002814
2025-08-04;CNY_OIS_RUSFARCNY_5Y;-0.006962;0.002762
2025-08-05;CNY_OIS_RUSFARCNY_5Y;-0.00652;0.00292
2025-08-06;CNY_OIS_RUSFARCNY_5Y;-0.006376;0.002776
2025-08-07;CNY_OIS_RUSFARCNY_5Y;-0.008661;0.000861
2025-08-08;CNY_OIS_RUSFARCNY_5Y;-0.007762;0.001562
2025-08-11;CNY_OIS_RUSFARCNY_5Y;-0.006207;0.003207
2025-08-12;CNY_OIS_RUSFARCNY_5Y;-0.006371;0.002771
2025-08-13;CNY_OIS_RUSFARCNY_5Y;-0.005058;0.004058
2025-08-14;CNY_OIS_RUSFARCNY_5Y;-0.005881;0.003081
2025-08-15;CNY_OIS_RUSFARCNY_5Y;-0.005172;0.003572
2025-08-18;CNY_OIS_RUSFARCNY_5Y;-0.005039;0.003439
2025-08-19;CNY_OIS_RUSFARCNY_5Y;-0.005876;0.002476
2025-08-20;CNY_OIS_RUSFARCNY_5Y;-0.005456;0.002656
2025-08-21;CNY_OIS_RUSFARCNY_5Y;-0.00564;0.00224
2025-08-22;CNY_OIS_RUSFARCNY_5Y;-0.005621;0.002021
2025-08-25;CNY_OIS_RUSFARCNY_5Y;-0.005406;0.002006
2025-08-26;CNY_OIS_RUSFARCNY_5Y;-0.005394;0.001794
2025-08-27;CNY_OIS_RUSFARCNY_5Y;-0.004808;0.002208
2025-08-28;CNY_OIS_RUSFARCNY_5Y;-0.00501;0.00181
2025-08-29;CNY_OIS_RUSFARCNY_5Y;-0.005432;0.001232
2025-09-01;CNY_OIS_RUSFARCNY_5Y;-0.005535;0.000935
2025-09-02;CNY_OIS_RUSFARCNY_5Y;-0.005963;0.000363
2025-09-03;CNY_OIS_RUSFARCNY_5Y;-0.006394;-0.000206
2025-09-04;CNY_OIS_RUSFARCNY_5Y;-0.006401;-0.000399
2025-09-05;CNY_OIS_RUSFARCNY_5Y;-0.006728;-0.000872
2025-09-08;CNY_OIS_RUSFARCNY_5Y;-0.005833;3.3e-05
2025-09-09;CNY_OIS_RUSFARCNY_5Y;-0.004939;0.000939
2025-09-10;CNY_OIS_RUSFARCNY_5Y;-0.006215;-0.000185
2025-09-11;CNY_OIS_RUSFARCNY_5Y;-0.003758;0.004558
2025-09-12;CNY_OIS_RUSFARCNY_5Y;-0.002799;0.005399
2025-09-15;CNY_OIS_RUSFARCNY_5Y;-0.001212;0.007212
2025-09-16;CNY_OIS_RUSFARCNY_5Y;-0.001714;0.006514
2025-09-17;CNY_OIS_RUSFARCNY_5Y;-0.001588;0.006388
2025-09-18;CNY_OIS_RUSFARCNY_5Y;-0.001368;0.006368
2025-09-19;CNY_OIS_RUSFARCNY_5Y;-0.001453;0.006053
2025-09-22;CNY_OIS_RUSFARCNY_5Y;-0.001972;0.005372
2025-09-23;CNY_OIS_RUSFARCNY_5Y;-0.002384;0.004784
2025-09-24;CNY_OIS_RUSFARCNY_5Y;-0.002176;0.004776
2025-09-25;CNY_OIS_RUSFARCNY_5Y;-0.002171;0.004571
2025-09-26;CNY_OIS_RUSFARCNY_5Y;-0.001872;0.004672
2025-09-29;CNY_OIS_RUSFARCNY_5Y;-0.001482;0.004882
2025-09-30;CNY_OIS_RUSFARCNY_5Y;-0.006808;0.002208
2025-10-09;CNY_OIS_RUSFARCNY_5Y;-0.004501;0.005301
2025-10-10;CNY_OIS_RUSFARCNY_5Y;-0.003963;0.005563
2025-10-13;CNY_OIS_RUSFARCNY_5Y;-0.003154;0.006154
2025-10-14;CNY_OIS_RUSFARCNY_5Y;-0.002719;0.006319
2025-10-15;CNY_OIS_RUSFARCNY_5Y;-0.002288;0.006488
2025-10-16;CNY_OIS_RUSFARCNY_5Y;-0.002154;0.006354
2025-10-17;CNY_OIS_RUSFARCNY_5Y;-0.002228;0.006028
2025-10-20;CNY_OIS_RUSFARCNY_5Y;-0.001623;0.006423
2025-10-21;CNY_OIS_RUSFARCNY_5Y;-0.001602;0.006202
2025-10-22;CNY_OIS_RUSFARCNY_5Y;-0.001897;0.005697
2025-10-23;CNY_OIS_RUSFARCNY_5Y;-0.001214;0.006214
2025-10-24;CNY_OIS_RUSFARCNY_5Y;-0.001305;0.005905
2025-10-27;CNY_OIS_RUSFARCNY_5Y;-0.001296;0.005696
2025-10-28;CNY_OIS_RUSFARCNY_5Y;-0.001393;0.005393
2025-10-29;CNY_OIS_RUSFARCNY_5Y;-0.002512;0.004312
2025-10-30;CNY_OIS_RUSFARCNY_5Y;-0.001933;0.004733
2025-10-31;CNY_OIS_RUSFARCNY_5Y;-0.002248;0.004248
2025-11-05;CNY_OIS_RUSFARCNY_5Y;-0.001588;0.004788
2025-11-06;CNY_OIS_RUSFARCNY_5Y;-0.001018;0.005218
2025-11-07;CNY_OIS_RUSFARCNY_5Y;0.000194;0.006606
2025-11-10;CNY_OIS_RUSFARCNY_5Y;-0.000347;0.005947
2025-11-11;CNY_OIS_RUSFARCNY_5Y;-0.001121;0.005121
2025-11-12;CNY_OIS_RUSFARCNY_5Y;-0.001336;0.004736
2025-11-13;CNY_OIS_RUSFARCNY_5Y;-0.000204;0.006004
2025-11-14;CNY_OIS_RUSFARCNY_5Y;0.00018;0.00622
2025-11-17;CNY_OIS_RUSFARCNY_5Y;-3.8e-05;0.005838
2025-11-18;CNY_OIS_RUSFARCNY_5Y;5.1e-05;0.005749
2025-11-19;CNY_OIS_RUSFARCNY_5Y;-0.000859;0.004859
2025-11-20;CNY_OIS_RUSFARCNY_5Y;-0.000483;0.005083
2025-11-21;CNY_OIS_RUSFARCNY_5Y;-0.000603;0.004803
2025-11-24;CNY_OIS_RUSFARCNY_5Y;-0.000141;0.005141
2025-11-25;CNY_OIS_RUSFARCNY_5Y;-0.000825;0.004425
2025-11-26;CNY_OIS_RUSFARCNY_5Y;-0.000366;0.004766
2025-11-27;CNY_OIS_RUSFARCNY_5Y;-0.000288;0.004688
2025-11-28;CNY_OIS_RUSFARCNY_5Y;-0.000862;0.004062
2025-12-01;CNY_OIS_RUSFARCNY_5Y;-7.6e-05;0.004876
2025-12-02;CNY_OIS_RUSFARCNY_5Y;-0.001395;0.003795
2025-12-03;CNY_OIS_RUSFARCNY_5Y;-0.002447;0.002847
2025-12-04;CNY_OIS_RUSFARCNY_5Y;-0.002899;0.002299
2025-12-05;CNY_OIS_RUSFARCNY_5Y;-0.002721;0.002321
2025-12-08;CNY_OIS_RUSFARCNY_5Y;-0.000296;0.007896
2025-12-09;CNY_OIS_RUSFARCNY_5Y;-0.000171;0.007771
2025-12-10;CNY_OIS_RUSFARCNY_5Y;-0.000358;0.007358
2025-12-11;CNY_OIS_RUSFARCNY_5Y;-0.000444;0.007044
2025-12-12;CNY_OIS_RUSFARCNY_5Y;-0.000133;0.007133
2025-12-15;CNY_OIS_RUSFARCNY_5Y;0.000453;0.007547
2025-12-16;CNY_OIS_RUSFARCNY_5Y;-7.4e-05;0.006874
2025-12-17;CNY_OIS_RUSFARCNY_5Y;-0.000717;0.006117
2025-12-18;CNY_OIS_RUSFARCNY_5Y;-0.000417;0.006217
2025-12-19;CNY_OIS_RUSFARCNY_5Y;-0.000417;0.006017
2025-12-22;CNY_OIS_RUSFARCNY_5Y;0.000329;0.006671
2025-12-23;CNY_OIS_RUSFARCNY_5Y;0.000898;0.007102
2025-12-24;CNY_OIS_RUSFARCNY_5Y;0.001375;0.007425
2025-12-25;CNY_OIS_RUSFARCNY_5Y;0.001756;0.007644
2025-12-26;CNY_OIS_RUSFARCNY_5Y;0.000606;0.006594
2025-12-29;CNY_OIS_RUSFARCNY_5Y;0.000279;0.006121
2026-01-12;CNY_OIS_RUSFARCNY_5Y;0.001805;0.008195
2026-01-13;CNY_OIS_RUSFARCNY_5Y;-0.000232;0.006632
2026-01-14;CNY_OIS_RUSFARCNY_5Y;-0.000437;0.006237
2026-01-15;CNY_OIS_RUSFARCNY_5Y;-0.000335;0.006135
2026-01-16;CNY_OIS_RUSFARCNY_5Y;-0.000764;0.005564
2026-01-19;CNY_OIS_RUSFARCNY_5Y;-0.000667;0.005467
2026-01-20;CNY_OIS_RUSFARCNY_5Y;-1.4e-05;0.006014
2026-01-21;CNY_OIS_RUSFARCNY_5Y;0.003495;0.016105
2026-01-22;CNY_OIS_RUSFARCNY_5Y;0.008229;0.024571
2026-01-23;CNY_OIS_RUSFARCNY_5Y;-0.003593;0.018193
2026-01-26;CNY_OIS_RUSFARCNY_5Y;-0.002673;0.018473
2026-01-27;CNY_OIS_RUSFARCNY_5Y;-0.002756;0.017756
2026-01-28;CNY_OIS_RUSFARCNY_5Y;-0.00316;0.01676
2026-01-29;CNY_OIS_RUSFARCNY_5Y;-0.004769;0.014769
2026-01-30;CNY_OIS_RUSFARCNY_5Y;-0.004175;0.014775
2026-02-02;CNY_OIS_RUSFARCNY_5Y;-0.001613;0.017213
2026-02-03;CNY_OIS_RUSFARCNY_5Y;0.000179;0.018621
2026-02-04;CNY_OIS_RUSFARCNY_5Y;0.001423;0.019377
2026-02-05;CNY_OIS_RUSFARCNY_5Y;0.001393;0.018807
2026-02-06;CNY_OIS_RUSFARCNY_5Y;0.025806;0.175794
2026-02-09;CNY_OIS_RUSFARCNY_5Y;0.015868;0.162532
2026-02-10;CNY_OIS_RUSFARCNY_5Y;-0.056142;0.116142
2026-02-11;CNY_OIS_RUSFARCNY_5Y;0.011862;0.243538
2026-02-12;CNY_OIS_RUSFARCNY_5Y;-0.033159;0.202359
2026-02-13;CNY_OIS_RUSFARCNY_5Y;-0.039761;0.189161
2026-02-24;CNY_OIS_RUSFARCNY_5Y;-0.007914;0.219914
2026-02-25;CNY_OIS_RUSFARCNY_5Y;-0.006456;0.214456
2026-02-26;CNY_OIS_RUSFARCNY_5Y;-0.003994;0.210194
2026-02-27;CNY_OIS_RUSFARCNY_5Y;-0.020003;0.189803
2026-03-02;CNY_OIS_RUSFARCNY_5Y;-0.039715;0.166715
2026-03-03;CNY_OIS_RUSFARCNY_5Y;-0.044576;0.155976
2026-03-04;CNY_OIS_RUSFARCNY_5Y;-0.031403;0.163803
2026-03-05;CNY_OIS_RUSFARCNY_5Y;-0.032796;0.156596
2026-03-06;CNY_OIS_RUSFARCNY_5Y;-0.023852;0.160052
2026-03-10;CNY_OIS_RUSFARCNY_5Y;-0.029399;0.149399
2026-03-11;CNY_OIS_RUSFARCNY_5Y;-0.003752;0.174552
2026-03-12;CNY_OIS_RUSFARCNY_5Y;0.025441;0.205159
2026-03-13;CNY_OIS_RUSFARCNY_5Y;0.035837;0.210563
2026-03-16;CNY_OIS_RUSFARCNY_5Y;0.052959;0.224241
2026-03-17;CNY_OIS_RUSFARCNY_5Y;0.060082;0.226318
2026-03-18;CNY_OIS_RUSFARCNY_5Y;0.11147;0.30473
2026-03-19;CNY_OIS_RUSFARCNY_5Y;0.227503;0.651097
2026-03-20;CNY_OIS_RUSFARCNY_5Y;-0.14761;0.46801
2026-03-23;CNY_OIS_RUSFARCNY_5Y;-0.234746;0.379346
2026-03-24;CNY_OIS_RUSFARCNY_5Y;-0.204226;0.392226
2026-03-25;CNY_OIS_RUSFARCNY_5Y;-0.165817;0.414617
2026-03-26;CNY_OIS_RUSFARCNY_5Y;-0.188268;0.376668
2026-03-27;CNY_OIS_RUSFARCNY_5Y;-0.189479;0.358479
2026-03-30;CNY_OIS_RUSFARCNY_5Y;-0.218556;0.315956
2026-03-31;CNY_OIS_RUSFARCNY_5Y;-0.234208;0.285408
2026-04-01;CNY_OIS_RUSFARCNY_5Y;-0.215261;0.288861
2026-04-02;CNY_OIS_RUSFARCNY_5Y;-0.20016;0.28876
2026-04-03;CNY_OIS_RUSFARCNY_5Y;-0.183439;0.290839
2026-04-07;CNY_OIS_RUSFARCNY_5Y;-0.194164;0.266564
2026-04-08;CNY_OIS_RUSFARCNY_5Y;-0.213626;0.235026
2026-04-09;CNY_OIS_RUSFARCNY_5Y;-0.208196;0.226796
2026-04-10;CNY_OIS_RUSFARCNY_5Y;-0.20167;0.22007
2026-04-13;CNY_OIS_RUSFARCNY_5Y;-0.174786;0.235586
2026-04-14;CNY_OIS_RUSFARCNY_5Y;-0.181196;0.217196
2026-04-15;CNY_OIS_RUSFARCNY_5Y;-0.186547;0.200147
2026-04-16;CNY_OIS_RUSFARCNY_5Y;-0.18196;0.19296
2026-04-17;CNY_OIS_RUSFARCNY_5Y;-0.17675;0.18675
2026-04-20;CNY_OIS_RUSFARCNY_5Y;-0.170713;0.181713
2026-04-21;CNY_OIS_RUSFARCNY_5Y;-0.168161;0.173561
2026-04-22;CNY_OIS_RUSFARCNY_5Y;-0.163556;0.167756
2026-04-23;CNY_OIS_RUSFARCNY_5Y;-0.15861;0.16261
2013-01-05;CNY_OIS_RUSFARCNY_7Y;0.009913;0.029995
2013-01-06;CNY_OIS_RUSFARCNY_7Y;0.009116;0.028692
2013-01-07;CNY_OIS_RUSFARCNY_7Y;0.008942;0.027944
2013-01-08;CNY_OIS_RUSFARCNY_7Y;0.009153;0.027575
2013-01-09;CNY_OIS_RUSFARCNY_7Y;0.009046;0.026922
2013-01-10;CNY_OIS_RUSFARCNY_7Y;0.009328;0.02666
2013-01-11;CNY_OIS_RUSFARCNY_7Y;0.009552;0.026356
2013-01-14;CNY_OIS_RUSFARCNY_7Y;0.009544;0.025844
2013-01-15;CNY_OIS_RUSFARCNY_7Y;0.010058;0.02587
2013-01-16;CNY_OIS_RUSFARCNY_7Y;0.009951;0.025297
2013-01-17;CNY_OIS_RUSFARCNY_7Y;0.009754;0.024654
2013-01-18;CNY_OIS_RUSFARCNY_7Y;0.009465;0.023943
2013-01-21;CNY_OIS_RUSFARCNY_7Y;0.009472;0.023516
2013-01-22;CNY_OIS_RUSFARCNY_7Y;0.009369;0.022999
2013-01-23;CNY_OIS_RUSFARCNY_7Y;0.009715;0.022931
2013-01-24;CNY_OIS_RUSFARCNY_7Y;0.011057;0.024101
2013-01-25;CNY_OIS_RUSFARCNY_7Y;0.01161;0.024278
2013-01-28;CNY_OIS_RUSFARCNY_7Y;0.011773;0.024055
2013-01-29;CNY_OIS_RUSFARCNY_7Y;0.01196;0.023868
2013-01-30;CNY_OIS_RUSFARCNY_7Y;0.012142;0.023686
2013-01-31;CNY_OIS_RUSFARCNY_7Y;0.014057;0.025971
2013-02-01;CNY_OIS_RUSFARCNY_7Y;0.016883;0.030435
2013-02-04;CNY_OIS_RUSFARCNY_7Y;0.018496;0.031992
2013-02-05;CNY_OIS_RUSFARCNY_7Y;0.021718;0.03711
2013-02-06;CNY_OIS_RUSFARCNY_7Y;0.024689;0.041059
2013-02-07;CNY_OIS_RUSFARCNY_7Y;0.025426;0.041328
2013-02-08;CNY_OIS_RUSFARCNY_7Y;0.012174;0.035954
2013-02-16;CNY_OIS_RUSFARCNY_7Y;0.003151;0.030277
2013-02-17;CNY_OIS_RUSFARCNY_7Y;0.002731;0.029077
2013-02-18;CNY_OIS_RUSFARCNY_7Y;0.002798;0.02835
2013-02-19;CNY_OIS_RUSFARCNY_7Y;0.00322;0.027994
2013-02-20;CNY_OIS_RUSFARCNY_7Y;0.003702;0.027722
2013-02-21;CNY_OIS_RUSFARCNY_7Y;0.005373;0.028815
2013-02-22;CNY_OIS_RUSFARCNY_7Y;0.007413;0.030415
2013-02-25;CNY_OIS_RUSFARCNY_7Y;0.009478;0.03207
2013-02-26;CNY_OIS_RUSFARCNY_7Y;0.017062;0.050566
2013-02-27;CNY_OIS_RUSFARCNY_7Y;0.019823;0.052645
2013-02-28;CNY_OIS_RUSFARCNY_7Y;0.021094;0.052954
2013-03-01;CNY_OIS_RUSFARCNY_7Y;0.022782;0.053766
2013-03-04;CNY_OIS_RUSFARCNY_7Y;0.012741;0.046957
2013-03-05;CNY_OIS_RUSFARCNY_7Y;0.010292;0.043896
2013-03-06;CNY_OIS_RUSFARCNY_7Y;0.00913;0.041858
2013-03-07;CNY_OIS_RUSFARCNY_7Y;0.005502;0.038046
2013-03-08;CNY_OIS_RUSFARCNY_7Y;0.005816;0.037372
2013-03-11;CNY_OIS_RUSFARCNY_7Y;0.00376;0.034698
2013-03-12;CNY_OIS_RUSFARCNY_7Y;0.002808;0.03292
2013-03-13;CNY_OIS_RUSFARCNY_7Y;0.003035;0.032233
2013-03-14;CNY_OIS_RUSFARCNY_7Y;0.003329;0.031639
2013-03-15;CNY_OIS_RUSFARCNY_7Y;0.00383;0.031278
2013-03-18;CNY_OIS_RUSFARCNY_7Y;0.008117;0.036191
2013-03-19;CNY_OIS_RUSFARCNY_7Y;0.005522;0.033266
2013-03-20;CNY_OIS_RUSFARCNY_7Y;0.003839;0.031009
2013-03-21;CNY_OIS_RUSFARCNY_7Y;0.003077;0.029511
2013-03-22;CNY_OIS_RUSFARCNY_7Y;0.002107;0.027861
2013-03-25;CNY_OIS_RUSFARCNY_7Y;0.001213;0.026297
2013-03-26;CNY_OIS_RUSFARCNY_7Y;0.001494;0.025814
2013-03-27;CNY_OIS_RUSFARCNY_7Y;0.002516;0.026132
2013-03-28;CNY_OIS_RUSFARCNY_7Y;0.002966;0.025862
2013-03-29;CNY_OIS_RUSFARCNY_7Y;0.009414;0.038094
2013-04-01;CNY_OIS_RUSFARCNY_7Y;0.001382;0.032276
2013-04-02;CNY_OIS_RUSFARCNY_7Y;0.002125;0.032083
2013-04-03;CNY_OIS_RUSFARCNY_7Y;0.003303;0.032385
2013-04-07;CNY_OIS_RUSFARCNY_7Y;0.003134;0.031354
2013-04-08;CNY_OIS_RUSFARCNY_7Y;0.004967;0.032477
2013-04-09;CNY_OIS_RUSFARCNY_7Y;0.004972;0.031656
2013-04-10;CNY_OIS_RUSFARCNY_7Y;0.005213;0.031085
2013-04-11;CNY_OIS_RUSFARCNY_7Y;0.005029;0.030137
2013-04-12;CNY_OIS_RUSFARCNY_7Y;0.004973;0.029331
2013-04-15;CNY_OIS_RUSFARCNY_7Y;0.005635;0.029259
2013-04-16;CNY_OIS_RUSFARCNY_7Y;0.005627;0.028541
2013-04-17;CNY_OIS_RUSFARCNY_7Y;0.005944;0.02816
2013-04-18;CNY_OIS_RUSFARCNY_7Y;0.00806;0.029928
2013-04-19;CNY_OIS_RUSFARCNY_7Y;0.010962;0.032926
2013-04-22;CNY_OIS_RUSFARCNY_7Y;0.012557;0.034011
2013-04-23;CNY_OIS_RUSFARCNY_7Y;0.015722;0.037506
2013-04-24;CNY_OIS_RUSFARCNY_7Y;0.022557;0.052491
2013-04-25;CNY_OIS_RUSFARCNY_7Y;0.025142;0.054506
2013-04-26;CNY_OIS_RUSFARCNY_7Y;0.007937;0.045891
2013-04-27;CNY_OIS_RUSFARCNY_7Y;0.008674;0.045474
2013-04-28;CNY_OIS_RUSFARCNY_7Y;0.007284;0.043144
2013-05-02;CNY_OIS_RUSFARCNY_7Y;0.007527;0.042301
2013-05-03;CNY_OIS_RUSFARCNY_7Y;0.009945;0.043883
2013-05-06;CNY_OIS_RUSFARCNY_7Y;0.008124;0.041304
2013-05-07;CNY_OIS_RUSFARCNY_7Y;0.003919;0.037109
2013-05-08;CNY_OIS_RUSFARCNY_7Y;0.001742;0.034286
2013-05-09;CNY_OIS_RUSFARCNY_7Y;0.002238;0.03379
2013-05-10;CNY_OIS_RUSFARCNY_7Y;0.003016;0.033612
2013-05-13;CNY_OIS_RUSFARCNY_7Y;0.003654;0.03332
2013-05-14;CNY_OIS_RUSFARCNY_7Y;0.00491;0.033718
2013-05-15;CNY_OIS_RUSFARCNY_7Y;0.005394;0.033324
2013-05-16;CNY_OIS_RUSFARCNY_7Y;0.009683;0.038185
2013-05-17;CNY_OIS_RUSFARCNY_7Y;0.011467;0.039239
2013-05-20;CNY_OIS_RUSFARCNY_7Y;0.012976;0.039992
2013-05-21;CNY_OIS_RUSFARCNY_7Y;0.016844;0.044184
2013-05-22;CNY_OIS_RUSFARCNY_7Y;0.017886;0.044422
2013-05-23;CNY_OIS_RUSFARCNY_7Y;0.02062;0.046828
2013-05-24;CNY_OIS_RUSFARCNY_7Y;0.019133;0.044775
2013-05-27;CNY_OIS_RUSFARCNY_7Y;0.020072;0.044956
2013-05-28;CNY_OIS_RUSFARCNY_7Y;0.018179;0.042649
2013-05-29;CNY_OIS_RUSFARCNY_7Y;0.015199;0.039629
2013-05-30;CNY_OIS_RUSFARCNY_7Y;0.018518;0.04311
2013-05-31;CNY_OIS_RUSFARCNY_7Y;0.025838;0.05801
2013-06-03;CNY_OIS_RUSFARCNY_7Y;0.027279;0.058529
2013-06-04;CNY_OIS_RUSFARCNY_7Y;0.026914;0.057254
2013-06-05;CNY_OIS_RUSFARCNY_7Y;0.0284;0.057888
2013-06-06;CNY_OIS_RUSFARCNY_7Y;0.03727;0.076198
2013-06-07;CNY_OIS_RUSFARCNY_7Y;0.050507;0.109201
2013-06-08;CNY_OIS_RUSFARCNY_7Y;0.061642;0.123806
2013-06-09;CNY_OIS_RUSFARCNY_7Y;0.035464;0.108164
2013-06-13;CNY_OIS_RUSFARCNY_7Y;0.027735;0.099913
2013-06-14;CNY_OIS_RUSFARCNY_7Y;0.031501;0.101687
2013-06-17;CNY_OIS_RUSFARCNY_7Y;0.005088;0.085
2013-06-18;CNY_OIS_RUSFARCNY_7Y;0.013395;0.092353
2013-06-19;CNY_OIS_RUSFARCNY_7Y;0.030297;0.116731
2013-06-20;CNY_OIS_RUSFARCNY_7Y;0.061232;0.201476
2013-06-21;CNY_OIS_RUSFARCNY_7Y;-0.001469;0.165137
2013-06-24;CNY_OIS_RUSFARCNY_7Y;-0.021275;0.144883
2013-06-25;CNY_OIS_RUSFARCNY_7Y;-0.026606;0.135154
2013-06-26;CNY_OIS_RUSFARCNY_7Y;-0.025993;0.130881
2013-06-27;CNY_OIS_RUSFARCNY_7Y;-0.023523;0.128571
2013-06-28;CNY_OIS_RUSFARCNY_7Y;-0.027652;0.1203
2013-07-01;CNY_OIS_RUSFARCNY_7Y;-0.030404;0.113352
2013-07-02;CNY_OIS_RUSFARCNY_7Y;-0.035218;0.104766
2013-07-03;CNY_OIS_RUSFARCNY_7Y;-0.037049;0.098877
2013-07-04;CNY_OIS_RUSFARCNY_7Y;-0.035501;0.096289
2013-07-05;CNY_OIS_RUSFARCNY_7Y;-0.033174;0.094602
2013-07-08;CNY_OIS_RUSFARCNY_7Y;-0.032479;0.091427
2013-07-09;CNY_OIS_RUSFARCNY_7Y;-0.030662;0.08947
2013-07-10;CNY_OIS_RUSFARCNY_7Y;-0.028812;0.08766
2013-07-11;CNY_OIS_RUSFARCNY_7Y;-0.02601;0.086932
2013-07-12;CNY_OIS_RUSFARCNY_7Y;-0.024839;0.084667
2013-07-15;CNY_OIS_RUSFARCNY_7Y;-0.023173;0.082997
2013-07-16;CNY_OIS_RUSFARCNY_7Y;-0.0245;0.078588
2013-07-17;CNY_OIS_RUSFARCNY_7Y;-0.023381;0.076569
2013-07-18;CNY_OIS_RUSFARCNY_7Y;-0.02156;0.075348
2013-07-19;CNY_OIS_RUSFARCNY_7Y;-0.019665;0.074293
2013-07-22;CNY_OIS_RUSFARCNY_7Y;-0.017603;0.073501
2013-07-23;CNY_OIS_RUSFARCNY_7Y;-0.015897;0.072435
2013-07-24;CNY_OIS_RUSFARCNY_7Y;-0.013616;0.072044
2013-07-25;CNY_OIS_RUSFARCNY_7Y;-0.011133;0.071951
2013-07-26;CNY_OIS_RUSFARCNY_7Y;-0.007909;0.072737
2013-07-29;CNY_OIS_RUSFARCNY_7Y;-0.005179;0.073067
2013-07-30;CNY_OIS_RUSFARCNY_7Y;-0.004612;0.07126
2013-07-31;CNY_OIS_RUSFARCNY_7Y;-0.002881;0.070689
2013-08-01;CNY_OIS_RUSFARCNY_7Y;-0.00329;0.068098
2013-08-02;CNY_OIS_RUSFARCNY_7Y;-0.005272;0.064178
2013-08-05;CNY_OIS_RUSFARCNY_7Y;-0.005787;0.061615
2013-08-06;CNY_OIS_RUSFARCNY_7Y;-0.00476;0.060588
2013-08-07;CNY_OIS_RUSFARCNY_7Y;-0.003759;0.059597
2013-08-08;CNY_OIS_RUSFARCNY_7Y;-0.002165;0.059275
2013-08-09;CNY_OIS_RUSFARCNY_7Y;-0.003829;0.055937
2013-08-12;CNY_OIS_RUSFARCNY_7Y;-0.002418;0.055536
2013-08-13;CNY_OIS_RUSFARCNY_7Y;0.000959;0.057375
2013-08-14;CNY_OIS_RUSFARCNY_7Y;0.003839;0.058689
2013-08-15;CNY_OIS_RUSFARCNY_7Y;0.003114;0.056374
2013-08-16;CNY_OIS_RUSFARCNY_7Y;0.003175;0.054833
2013-08-19;CNY_OIS_RUSFARCNY_7Y;0.005831;0.056057
2013-08-20;CNY_OIS_RUSFARCNY_7Y;0.010714;0.060194
2013-08-21;CNY_OIS_RUSFARCNY_7Y;0.007875;0.056293
2013-08-22;CNY_OIS_RUSFARCNY_7Y;0.006961;0.054007
2013-08-23;CNY_OIS_RUSFARCNY_7Y;0.006741;0.052387
2013-08-26;CNY_OIS_RUSFARCNY_7Y;0.005045;0.049523
2013-08-27;CNY_OIS_RUSFARCNY_7Y;0.00541;0.048538
2013-08-28;CNY_OIS_RUSFARCNY_7Y;0.006968;0.04882
2013-08-29;CNY_OIS_RUSFARCNY_7Y;0.006149;0.046819
2013-08-30;CNY_OIS_RUSFARCNY_7Y;0.007525;0.046983
2013-09-02;CNY_OIS_RUSFARCNY_7Y;0.007973;0.046231
2013-09-03;CNY_OIS_RUSFARCNY_7Y;0.008373;0.045467
2013-09-04;CNY_OIS_RUSFARCNY_7Y;0.008982;0.044946
2013-09-05;CNY_OIS_RUSFARCNY_7Y;0.008344;0.043284
2013-09-06;CNY_OIS_RUSFARCNY_7Y;0.009466;0.043362
2013-09-09;CNY_OIS_RUSFARCNY_7Y;0.00968;0.042548
2013-09-10;CNY_OIS_RUSFARCNY_7Y;0.009934;0.041804
2013-09-11;CNY_OIS_RUSFARCNY_7Y;0.011561;0.042547
2013-09-12;CNY_OIS_RUSFARCNY_7Y;0.011556;0.041612
2013-09-13;CNY_OIS_RUSFARCNY_7Y;0.012134;0.041274
2013-09-16;CNY_OIS_RUSFARCNY_7Y;0.012865;0.041123
2013-09-17;CNY_OIS_RUSFARCNY_7Y;0.017357;0.046331
2013-09-18;CNY_OIS_RUSFARCNY_7Y;0.018424;0.046544
2013-09-22;CNY_OIS_RUSFARCNY_7Y;0.019012;0.046276
2013-09-23;CNY_OIS_RUSFARCNY_7Y;0.021639;0.048489
2013-09-24;CNY_OIS_RUSFARCNY_7Y;0.019897;0.046219
2013-09-25;CNY_OIS_RUSFARCNY_7Y;0.017362;0.043406
2013-09-26;CNY_OIS_RUSFARCNY_7Y;0.015203;0.040865
2013-09-27;CNY_OIS_RUSFARCNY_7Y;0.015946;0.040836
2013-09-29;CNY_OIS_RUSFARCNY_7Y;0.016349;0.040479
2013-09-30;CNY_OIS_RUSFARCNY_7Y;0.016474;0.039874
2013-10-08;CNY_OIS_RUSFARCNY_7Y;0.016067;0.038801
2013-10-09;CNY_OIS_RUSFARCNY_7Y;0.018076;0.040392
2013-10-10;CNY_OIS_RUSFARCNY_7Y;0.019335;0.041053
2013-10-11;CNY_OIS_RUSFARCNY_7Y;0.017155;0.038673
2013-10-12;CNY_OIS_RUSFARCNY_7Y;0.016729;0.037639
2013-10-14;CNY_OIS_RUSFARCNY_7Y;0.017873;0.038215
2013-10-15;CNY_OIS_RUSFARCNY_7Y;0.018223;0.037945
2013-10-16;CNY_OIS_RUSFARCNY_7Y;0.017884;0.037044
2013-10-17;CNY_OIS_RUSFARCNY_7Y;0.018005;0.036583
2013-10-18;CNY_OIS_RUSFARCNY_7Y;0.017911;0.035937
2013-10-21;CNY_OIS_RUSFARCNY_7Y;0.018756;0.036272
2013-10-22;CNY_OIS_RUSFARCNY_7Y;0.018943;0.035925
2013-10-23;CNY_OIS_RUSFARCNY_7Y;0.023858;0.04557
2013-10-24;CNY_OIS_RUSFARCNY_7Y;0.026851;0.048737
2013-10-25;CNY_OIS_RUSFARCNY_7Y;0.029633;0.051535
2013-10-28;CNY_OIS_RUSFARCNY_7Y;0.030617;0.051891
2013-10-29;CNY_OIS_RUSFARCNY_7Y;0.03106;0.051688
2013-10-30;CNY_OIS_RUSFARCNY_7Y;0.036641;0.061787
2013-10-31;CNY_OIS_RUSFARCNY_7Y;0.029128;0.0565
2013-11-01;CNY_OIS_RUSFARCNY_7Y;0.026208;0.053386
2013-11-04;CNY_OIS_RUSFARCNY_7Y;0.024579;0.051191
2013-11-05;CNY_OIS_RUSFARCNY_7Y;0.023039;0.049083
2013-11-06;CNY_OIS_RUSFARCNY_7Y;0.020649;0.046379
2013-11-07;CNY_OIS_RUSFARCNY_7Y;0.021722;0.046706
2013-11-08;CNY_OIS_RUSFARCNY_7Y;0.022409;0.046639
2013-11-11;CNY_OIS_RUSFARCNY_7Y;0.021064;0.044764
2013-11-12;CNY_OIS_RUSFARCNY_7Y;0.018417;0.041991
2013-11-13;CNY_OIS_RUSFARCNY_7Y;0.018846;0.041702
2013-11-14;CNY_OIS_RUSFARCNY_7Y;0.024961;0.052627
2013-11-15;CNY_OIS_RUSFARCNY_7Y;0.027795;0.055113
2013-11-18;CNY_OIS_RUSFARCNY_7Y;0.028789;0.055299
2013-11-19;CNY_OIS_RUSFARCNY_7Y;0.024125;0.051203
2013-11-20;CNY_OIS_RUSFARCNY_7Y;0.024357;0.050611
2013-11-21;CNY_OIS_RUSFARCNY_7Y;0.022972;0.048636
2013-11-22;CNY_OIS_RUSFARCNY_7Y;0.023463;0.048345
2013-11-25;CNY_OIS_RUSFARCNY_7Y;0.023311;0.047457
2013-11-26;CNY_OIS_RUSFARCNY_7Y;0.022628;0.04612
2013-11-27;CNY_OIS_RUSFARCNY_7Y;0.023164;0.045944
2013-11-28;CNY_OIS_RUSFARCNY_7Y;0.02333;0.045418
2013-11-29;CNY_OIS_RUSFARCNY_7Y;0.023465;0.044883
2013-12-02;CNY_OIS_RUSFARCNY_7Y;0.024009;0.044779
2013-12-03;CNY_OIS_RUSFARCNY_7Y;0.024093;0.044235
2013-12-04;CNY_OIS_RUSFARCNY_7Y;0.024384;0.043914
2013-12-05;CNY_OIS_RUSFARCNY_7Y;0.024475;0.043413
2013-12-06;CNY_OIS_RUSFARCNY_7Y;0.024733;0.043095
2013-12-09;CNY_OIS_RUSFARCNY_7Y;0.024179;0.042049
2013-12-10;CNY_OIS_RUSFARCNY_7Y;0.02381;0.041178
2013-12-11;CNY_OIS_RUSFARCNY_7Y;0.023582;0.040446
2013-12-12;CNY_OIS_RUSFARCNY_7Y;0.023324;0.039704
2013-12-13;CNY_OIS_RUSFARCNY_7Y;0.02329;0.03918
2013-12-16;CNY_OIS_RUSFARCNY_7Y;0.02368;0.039088
2013-12-17;CNY_OIS_RUSFARCNY_7Y;0.024141;0.039087
2013-12-18;CNY_OIS_RUSFARCNY_7Y;0.025459;0.040129
2013-12-19;CNY_OIS_RUSFARCNY_7Y;0.027833;0.042915
2013-12-20;CNY_OIS_RUSFARCNY_7Y;0.02883;0.043538
2013-12-23;CNY_OIS_RUSFARCNY_7Y;0.032926;0.051202
2013-12-24;CNY_OIS_RUSFARCNY_7Y;0.028802;0.047926
2013-12-25;CNY_OIS_RUSFARCNY_7Y;0.028097;0.046731
2013-12-26;CNY_OIS_RUSFARCNY_7Y;0.027879;0.045969
2013-12-27;CNY_OIS_RUSFARCNY_7Y;0.022073;0.042015
2013-12-30;CNY_OIS_RUSFARCNY_7Y;0.018844;0.039084
2013-12-31;CNY_OIS_RUSFARCNY_7Y;0.018567;0.038221
2014-01-02;CNY_OIS_RUSFARCNY_7Y;0.018695;0.037753
2014-01-03;CNY_OIS_RUSFARCNY_7Y;0.017655;0.036293
2014-01-06;CNY_OIS_RUSFARCNY_7Y;0.017041;0.035187
2014-01-07;CNY_OIS_RUSFARCNY_7Y;0.016856;0.034472
2014-01-08;CNY_OIS_RUSFARCNY_7Y;0.016663;0.033765
2014-01-09;CNY_OIS_RUSFARCNY_7Y;0.016556;0.033152
2014-01-10;CNY_OIS_RUSFARCNY_7Y;0.016525;0.032623
2014-01-13;CNY_OIS_RUSFARCNY_7Y;0.016485;0.032103
2014-01-14;CNY_OIS_RUSFARCNY_7Y;0.016738;0.03188
2014-01-15;CNY_OIS_RUSFARCNY_7Y;0.017086;0.031768
2014-01-16;CNY_OIS_RUSFARCNY_7Y;0.017516;0.031758
2014-01-17;CNY_OIS_RUSFARCNY_7Y;0.018167;0.032001
2014-01-20;CNY_OIS_RUSFARCNY_7Y;0.02341;0.048178
2014-01-21;CNY_OIS_RUSFARCNY_7Y;0.021079;0.045569
2014-01-22;CNY_OIS_RUSFARCNY_7Y;0.021797;0.045551
2014-01-23;CNY_OIS_RUSFARCNY_7Y;0.022397;0.045431
2014-01-24;CNY_OIS_RUSFARCNY_7Y;0.022939;0.045275
2014-01-26;CNY_OIS_RUSFARCNY_7Y;0.028224;0.053604
2014-01-27;CNY_OIS_RUSFARCNY_7Y;0.029882;0.054626
2014-01-28;CNY_OIS_RUSFARCNY_7Y;0.033014;0.057768
2014-01-29;CNY_OIS_RUSFARCNY_7Y;0.032906;0.056922
2014-01-30;CNY_OIS_RUSFARCNY_7Y;0.029093;0.053435
2014-02-07;CNY_OIS_RUSFARCNY_7Y;0.027705;0.051523
2014-02-08;CNY_OIS_RUSFARCNY_7Y;0.027866;0.050962
2014-02-10;CNY_OIS_RUSFARCNY_7Y;0.028741;0.051157
2014-02-11;CNY_OIS_RUSFARCNY_7Y;0.027297;0.049271
2014-02-12;CNY_OIS_RUSFARCNY_7Y;0.026995;0.048333
2014-02-13;CNY_OIS_RUSFARCNY_7Y;0.022533;0.044675
2014-02-14;CNY_OIS_RUSFARCNY_7Y;0.018307;0.041081
2014-02-17;CNY_OIS_RUSFARCNY_7Y;0.014935;0.037913
2014-02-18;CNY_OIS_RUSFARCNY_7Y;0.012268;0.03516
2014-02-19;CNY_OIS_RUSFARCNY_7Y;0.009525;0.032363
2014-02-20;CNY_OIS_RUSFARCNY_7Y;0.004917;0.028531
2014-02-21;CNY_OIS_RUSFARCNY_7Y;0.002914;0.026194
2014-02-24;CNY_OIS_RUSFARCNY_7Y;0.002611;0.025217
2014-02-25;CNY_OIS_RUSFARCNY_7Y;0.003154;0.025074
2014-02-26;CNY_OIS_RUSFARCNY_7Y;0.003784;0.025044
2014-02-27;CNY_OIS_RUSFARCNY_7Y;0.004108;0.02472
2014-02-28;CNY_OIS_RUSFARCNY_7Y;0.005336;0.025408
2014-03-03;CNY_OIS_RUSFARCNY_7Y;0.00776;0.027768
2014-03-04;CNY_OIS_RUSFARCNY_7Y;0.008045;0.027443
2014-03-05;CNY_OIS_RUSFARCNY_7Y;0.00841;0.027218
2014-03-06;CNY_OIS_RUSFARCNY_7Y;0.008337;0.026585
2014-03-07;CNY_OIS_RUSFARCNY_7Y;0.007997;0.025727
2014-03-10;CNY_OIS_RUSFARCNY_7Y;0.007477;0.024731
2014-03-11;CNY_OIS_RUSFARCNY_7Y;0.007268;0.02402
2014-03-12;CNY_OIS_RUSFARCNY_7Y;0.007789;0.024039
2014-03-13;CNY_OIS_RUSFARCNY_7Y;0.008615;0.024413
2014-03-14;CNY_OIS_RUSFARCNY_7Y;0.007978;0.02338
2014-03-17;CNY_OIS_RUSFARCNY_7Y;0.008137;0.023071
2014-03-18;CNY_OIS_RUSFARCNY_7Y;0.009964;0.024864
2014-03-19;CNY_OIS_RUSFARCNY_7Y;0.014659;0.035219
2014-03-20;CNY_OIS_RUSFARCNY_7Y;0.016853;0.037195
2014-03-21;CNY_OIS_RUSFARCNY_7Y;0.010872;0.032956
2014-03-24;CNY_OIS_RUSFARCNY_7Y;0.011209;0.032619
2014-03-25;CNY_OIS_RUSFARCNY_7Y;0.011535;0.032293
2014-03-26;CNY_OIS_RUSFARCNY_7Y;0.012049;0.032179
2014-03-27;CNY_OIS_RUSFARCNY_7Y;0.013644;0.033344
2014-03-28;CNY_OIS_RUSFARCNY_7Y;0.014822;0.034006
2014-03-31;CNY_OIS_RUSFARCNY_7Y;0.015602;0.034226
2014-04-01;CNY_OIS_RUSFARCNY_7Y;0.016523;0.034625
2014-04-02;CNY_OIS_RUSFARCNY_7Y;0.0176;0.035228
2014-04-03;CNY_OIS_RUSFARCNY_7Y;0.017869;0.034959
2014-04-04;CNY_OIS_RUSFARCNY_7Y;0.016062;0.033026
2014-04-08;CNY_OIS_RUSFARCNY_7Y;0.015806;0.032282
2014-04-09;CNY_OIS_RUSFARCNY_7Y;0.016323;0.032305
2014-04-10;CNY_OIS_RUSFARCNY_7Y;0.016566;0.032062
2014-04-11;CNY_OIS_RUSFARCNY_7Y;0.016902;0.031926
2014-04-14;CNY_OIS_RUSFARCNY_7Y;0.015941;0.030667
2014-04-15;CNY_OIS_RUSFARCNY_7Y;0.01403;0.028778
2014-04-16;CNY_OIS_RUSFARCNY_7Y;0.012596;0.027192
2014-04-17;CNY_OIS_RUSFARCNY_7Y;0.011557;0.025891
2014-04-18;CNY_OIS_RUSFARCNY_7Y;0.009746;0.024082
2014-04-21;CNY_OIS_RUSFARCNY_7Y;0.009762;0.023666
2014-04-22;CNY_OIS_RUSFARCNY_7Y;0.009415;0.022937
2014-04-23;CNY_OIS_RUSFARCNY_7Y;0.00998;0.023108
2014-04-24;CNY_OIS_RUSFARCNY_7Y;0.012773;0.027115
2014-04-25;CNY_OIS_RUSFARCNY_7Y;0.013061;0.026967
2014-04-28;CNY_OIS_RUSFARCNY_7Y;0.014168;0.02778
2014-04-29;CNY_OIS_RUSFARCNY_7Y;0.016081;0.029827
2014-04-30;CNY_OIS_RUSFARCNY_7Y;0.015174;0.028654
2014-05-04;CNY_OIS_RUSFARCNY_7Y;0.014307;0.027521
2014-05-05;CNY_OIS_RUSFARCNY_7Y;0.014202;0.027026
2014-05-06;CNY_OIS_RUSFARCNY_7Y;0.014397;0.026831
2014-05-07;CNY_OIS_RUSFARCNY_7Y;0.014587;0.026641
2014-05-08;CNY_OIS_RUSFARCNY_7Y;0.013214;0.025214
2014-05-09;CNY_OIS_RUSFARCNY_7Y;0.013301;0.024937
2014-05-12;CNY_OIS_RUSFARCNY_7Y;0.013408;0.02469
2014-05-13;CNY_OIS_RUSFARCNY_7Y;0.014786;0.026042
2014-05-14;CNY_OIS_RUSFARCNY_7Y;0.015121;0.026039
2014-05-15;CNY_OIS_RUSFARCNY_7Y;0.015119;0.025709
2014-05-16;CNY_OIS_RUSFARCNY_7Y;0.015476;0.025752
2014-05-19;CNY_OIS_RUSFARCNY_7Y;0.015886;0.025862
2014-05-20;CNY_OIS_RUSFARCNY_7Y;0.016339;0.026029
2014-05-21;CNY_OIS_RUSFARCNY_7Y;0.017395;0.026993
2014-05-22;CNY_OIS_RUSFARCNY_7Y;0.017358;0.02667
2014-05-23;CNY_OIS_RUSFARCNY_7Y;0.017696;0.026732
2014-05-26;CNY_OIS_RUSFARCNY_7Y;0.01755;0.026328
2014-05-27;CNY_OIS_RUSFARCNY_7Y;0.018052;0.026596
2014-05-28;CNY_OIS_RUSFARCNY_7Y;0.017862;0.026166
2014-05-29;CNY_OIS_RUSFARCNY_7Y;0.017988;0.02604
2014-05-30;CNY_OIS_RUSFARCNY_7Y;0.018667;0.026561
2014-06-03;CNY_OIS_RUSFARCNY_7Y;0.018268;0.02598
2014-06-04;CNY_OIS_RUSFARCNY_7Y;0.018765;0.026283
2014-06-05;CNY_OIS_RUSFARCNY_7Y;0.019027;0.026321
2014-06-06;CNY_OIS_RUSFARCNY_7Y;0.019186;0.026258
2014-06-09;CNY_OIS_RUSFARCNY_7Y;0.019286;0.026142
2014-06-10;CNY_OIS_RUSFARCNY_7Y;0.019289;0.025939
2014-06-11;CNY_OIS_RUSFARCNY_7Y;0.019603;0.026065
2014-06-12;CNY_OIS_RUSFARCNY_7Y;0.019751;0.026017
2014-06-13;CNY_OIS_RUSFARCNY_7Y;0.019876;0.025952
2014-06-16;CNY_OIS_RUSFARCNY_7Y;0.019969;0.025859
2014-06-17;CNY_OIS_RUSFARCNY_7Y;0.020058;0.02577
2014-06-18;CNY_OIS_RUSFARCNY_7Y;0.02051;0.026098
2014-06-19;CNY_OIS_RUSFARCNY_7Y;0.021125;0.026663
2014-06-20;CNY_OIS_RUSFARCNY_7Y;0.021754;0.027254
2014-06-23;CNY_OIS_RUSFARCNY_7Y;0.021798;0.02713
2014-06-24;CNY_OIS_RUSFARCNY_7Y;0.023294;0.029954
2014-06-25;CNY_OIS_RUSFARCNY_7Y;0.023627;0.030101
2014-06-26;CNY_OIS_RUSFARCNY_7Y;0.023509;0.029799
2014-06-27;CNY_OIS_RUSFARCNY_7Y;0.022594;0.028934
2014-06-30;CNY_OIS_RUSFARCNY_7Y;0.022959;0.029129
2014-07-01;CNY_OIS_RUSFARCNY_7Y;0.023926;0.030242
2014-07-02;CNY_OIS_RUSFARCNY_7Y;0.024053;0.030175
2014-07-03;CNY_OIS_RUSFARCNY_7Y;0.023489;0.029539
2014-07-04;CNY_OIS_RUSFARCNY_7Y;0.023375;0.029253
2014-07-07;CNY_OIS_RUSFARCNY_7Y;0.023582;0.029286
2014-07-08;CNY_OIS_RUSFARCNY_7Y;0.025418;0.03347
2014-07-09;CNY_OIS_RUSFARCNY_7Y;0.026406;0.034442
2014-07-10;CNY_OIS_RUSFARCNY_7Y;0.025987;0.033841
2014-07-11;CNY_OIS_RUSFARCNY_7Y;0.025954;0.033574
2014-07-14;CNY_OIS_RUSFARCNY_7Y;0.025759;0.033169
2014-07-15;CNY_OIS_RUSFARCNY_7Y;0.025483;0.032705
2014-07-16;CNY_OIS_RUSFARCNY_7Y;0.025874;0.032898
2014-07-17;CNY_OIS_RUSFARCNY_7Y;0.025974;0.032784
2014-07-18;CNY_OIS_RUSFARCNY_7Y;0.026063;0.032665
2014-07-21;CNY_OIS_RUSFARCNY_7Y;0.026815;0.033373
2014-07-22;CNY_OIS_RUSFARCNY_7Y;0.026203;0.032685
2014-07-23;CNY_OIS_RUSFARCNY_7Y;0.026695;0.033033
2014-07-24;CNY_OIS_RUSFARCNY_7Y;0.026967;0.033121
2014-07-25;CNY_OIS_RUSFARCNY_7Y;0.027391;0.033397
2014-07-28;CNY_OIS_RUSFARCNY_7Y;0.027012;0.032896
2014-07-29;CNY_OIS_RUSFARCNY_7Y;0.026517;0.032317
2014-07-30;CNY_OIS_RUSFARCNY_7Y;0.026604;0.032228
2014-07-31;CNY_OIS_RUSFARCNY_7Y;0.026191;0.031717
2014-08-01;CNY_OIS_RUSFARCNY_7Y;0.026194;0.031554
2014-08-04;CNY_OIS_RUSFARCNY_7Y;0.026132;0.031336
2014-08-05;CNY_OIS_RUSFARCNY_7Y;0.025816;0.030912
2014-08-06;CNY_OIS_RUSFARCNY_7Y;0.02479;0.030058
2014-08-07;CNY_OIS_RUSFARCNY_7Y;0.024758;0.02987
2014-08-08;CNY_OIS_RUSFARCNY_7Y;0.024417;0.029431
2014-08-11;CNY_OIS_RUSFARCNY_7Y;0.023993;0.028935
2014-08-12;CNY_OIS_RUSFARCNY_7Y;0.023648;0.0285
2014-08-13;CNY_OIS_RUSFARCNY_7Y;0.02347;0.028198
2014-08-14;CNY_OIS_RUSFARCNY_7Y;0.023502;0.028086
2014-08-15;CNY_OIS_RUSFARCNY_7Y;0.023582;0.028026
2014-08-18;CNY_OIS_RUSFARCNY_7Y;0.023319;0.027669
2014-08-19;CNY_OIS_RUSFARCNY_7Y;0.023143;0.027385
2014-08-20;CNY_OIS_RUSFARCNY_7Y;0.023188;0.0273
2014-08-21;CNY_OIS_RUSFARCNY_7Y;0.023395;0.027393
2014-08-22;CNY_OIS_RUSFARCNY_7Y;0.023405;0.027283
2014-08-25;CNY_OIS_RUSFARCNY_7Y;0.023444;0.027204
2014-08-26;CNY_OIS_RUSFARCNY_7Y;0.023313;0.026975
2014-08-27;CNY_OIS_RUSFARCNY_7Y;0.023711;0.027337
2014-08-28;CNY_OIS_RUSFARCNY_7Y;0.02391;0.027438
2014-08-29;CNY_OIS_RUSFARCNY_7Y;0.024256;0.027732
2014-09-01;CNY_OIS_RUSFARCNY_7Y;0.024289;0.027659
2014-09-02;CNY_OIS_RUSFARCNY_7Y;0.023652;0.027116
2014-09-03;CNY_OIS_RUSFARCNY_7Y;0.02346;0.026848
2014-09-04;CNY_OIS_RUSFARCNY_7Y;0.023419;0.026709
2014-09-05;CNY_OIS_RUSFARCNY_7Y;0.023388;0.02658
2014-09-09;CNY_OIS_RUSFARCNY_7Y;0.023524;0.026624
2014-09-10;CNY_OIS_RUSFARCNY_7Y;0.023784;0.026824
2014-09-11;CNY_OIS_RUSFARCNY_7Y;0.024018;0.02699
2014-09-12;CNY_OIS_RUSFARCNY_7Y;0.024002;0.026886
2014-09-15;CNY_OIS_RUSFARCNY_7Y;0.024026;0.026822
2014-09-16;CNY_OIS_RUSFARCNY_7Y;0.024088;0.0268
2014-09-17;CNY_OIS_RUSFARCNY_7Y;0.024068;0.0267
2014-09-18;CNY_OIS_RUSFARCNY_7Y;0.024047;0.026601
2014-09-19;CNY_OIS_RUSFARCNY_7Y;0.024076;0.026552
2014-09-22;CNY_OIS_RUSFARCNY_7Y;0.023613;0.026155
2014-09-23;CNY_OIS_RUSFARCNY_7Y;0.022612;0.025536
2014-09-24;CNY_OIS_RUSFARCNY_7Y;0.022385;0.025263
2014-09-25;CNY_OIS_RUSFARCNY_7Y;0.022283;0.025085
2014-09-26;CNY_OIS_RUSFARCNY_7Y;0.022335;0.025053
2014-09-28;CNY_OIS_RUSFARCNY_7Y;0.022162;0.024826
2014-09-29;CNY_OIS_RUSFARCNY_7Y;0.020636;0.024052
2014-09-30;CNY_OIS_RUSFARCNY_7Y;0.02058;0.023898
2014-10-08;CNY_OIS_RUSFARCNY_7Y;0.020704;0.023924
2014-10-09;CNY_OIS_RUSFARCNY_7Y;0.020961;0.024113
2014-10-10;CNY_OIS_RUSFARCNY_7Y;0.021051;0.024107
2014-10-11;CNY_OIS_RUSFARCNY_7Y;0.020856;0.023852
2014-10-13;CNY_OIS_RUSFARCNY_7Y;0.02082;0.023728
2014-10-14;CNY_OIS_RUSFARCNY_7Y;0.020884;0.023704
2014-10-15;CNY_OIS_RUSFARCNY_7Y;0.020473;0.023315
2014-10-16;CNY_OIS_RUSFARCNY_7Y;0.020256;0.023052
2014-10-17;CNY_OIS_RUSFARCNY_7Y;0.020163;0.022885
2014-10-20;CNY_OIS_RUSFARCNY_7Y;0.019836;0.022552
2014-10-21;CNY_OIS_RUSFARCNY_7Y;0.019741;0.022387
2014-10-22;CNY_OIS_RUSFARCNY_7Y;0.019821;0.022387
2014-10-23;CNY_OIS_RUSFARCNY_7Y;0.019899;0.022389
2014-10-24;CNY_OIS_RUSFARCNY_7Y;0.02014;0.022592
2014-10-27;CNY_OIS_RUSFARCNY_7Y;0.020494;0.022978
2014-10-28;CNY_OIS_RUSFARCNY_7Y;0.020617;0.023031
2014-10-29;CNY_OIS_RUSFARCNY_7Y;0.020895;0.023293
2014-10-30;CNY_OIS_RUSFARCNY_7Y;0.02124;0.023668
2014-10-31;CNY_OIS_RUSFARCNY_7Y;0.021326;0.023682
2014-11-03;CNY_OIS_RUSFARCNY_7Y;0.021247;0.023541
2014-11-04;CNY_OIS_RUSFARCNY_7Y;0.02122;0.023448
2014-11-05;CNY_OIS_RUSFARCNY_7Y;0.021254;0.023414
2014-11-06;CNY_OIS_RUSFARCNY_7Y;0.021435;0.023553
2014-11-07;CNY_OIS_RUSFARCNY_7Y;0.021572;0.023636
2014-11-10;CNY_OIS_RUSFARCNY_7Y;0.021262;0.023346
2014-11-11;CNY_OIS_RUSFARCNY_7Y;0.020739;0.022949
2014-11-12;CNY_OIS_RUSFARCNY_7Y;0.020668;0.02282
2014-11-13;CNY_OIS_RUSFARCNY_7Y;0.020597;0.022691
2014-11-14;CNY_OIS_RUSFARCNY_7Y;0.020751;0.022797
2014-11-17;CNY_OIS_RUSFARCNY_7Y;0.020987;0.023021
2014-11-18;CNY_OIS_RUSFARCNY_7Y;0.020956;0.022932
2014-11-19;CNY_OIS_RUSFARCNY_7Y;0.020996;0.022912
2014-11-20;CNY_OIS_RUSFARCNY_7Y;0.021315;0.023293
2014-11-21;CNY_OIS_RUSFARCNY_7Y;0.021712;0.023836
2014-11-24;CNY_OIS_RUSFARCNY_7Y;0.021378;0.02353
2014-11-25;CNY_OIS_RUSFARCNY_7Y;0.02146;0.023548
2014-11-26;CNY_OIS_RUSFARCNY_7Y;0.021623;0.023665
2014-11-27;CNY_OIS_RUSFARCNY_7Y;0.021758;0.02375
2014-11-28;CNY_OIS_RUSFARCNY_7Y;0.022001;0.023987
2014-12-01;CNY_OIS_RUSFARCNY_7Y;0.022342;0.024406
2014-12-02;CNY_OIS_RUSFARCNY_7Y;0.022343;0.024345
2014-12-03;CNY_OIS_RUSFARCNY_7Y;0.02228;0.024228
2014-12-04;CNY_OIS_RUSFARCNY_7Y;0.022289;0.024179
2014-12-05;CNY_OIS_RUSFARCNY_7Y;0.022277;0.024111
2014-12-08;CNY_OIS_RUSFARCNY_7Y;0.022426;0.024222
2014-12-09;CNY_OIS_RUSFARCNY_7Y;0.022444;0.024184
2014-12-10;CNY_OIS_RUSFARCNY_7Y;0.0225;0.024188
2014-12-11;CNY_OIS_RUSFARCNY_7Y;0.022555;0.024193
2014-12-12;CNY_OIS_RUSFARCNY_7Y;0.022628;0.02422
2014-12-15;CNY_OIS_RUSFARCNY_7Y;0.022682;0.024226
2014-12-16;CNY_OIS_RUSFARCNY_7Y;0.022833;0.024355
2014-12-17;CNY_OIS_RUSFARCNY_7Y;0.023369;0.025779
2014-12-18;CNY_OIS_RUSFARCNY_7Y;0.024488;0.03194
2014-12-19;CNY_OIS_RUSFARCNY_7Y;0.027103;0.038845
2014-12-22;CNY_OIS_RUSFARCNY_7Y;0.028166;0.039702
2014-12-23;CNY_OIS_RUSFARCNY_7Y;0.027982;0.039186
2014-12-24;CNY_OIS_RUSFARCNY_7Y;0.02751;0.038438
2014-12-25;CNY_OIS_RUSFARCNY_7Y;0.027078;0.03773
2014-12-26;CNY_OIS_RUSFARCNY_7Y;0.026574;0.036974
2014-12-29;CNY_OIS_RUSFARCNY_7Y;0.025975;0.036153
2014-12-30;CNY_OIS_RUSFARCNY_7Y;0.025768;0.03566
2014-12-31;CNY_OIS_RUSFARCNY_7Y;0.027188;0.0372
2015-01-04;CNY_OIS_RUSFARCNY_7Y;0.02834;0.038288
2015-01-05;CNY_OIS_RUSFARCNY_7Y;0.025852;0.036396
2015-01-06;CNY_OIS_RUSFARCNY_7Y;0.020876;0.033592
2015-01-07;CNY_OIS_RUSFARCNY_7Y;0.019387;0.032061
2015-01-08;CNY_OIS_RUSFARCNY_7Y;0.01905;0.031378
2015-01-09;CNY_OIS_RUSFARCNY_7Y;0.018983;0.030945
2015-01-12;CNY_OIS_RUSFARCNY_7Y;0.018623;0.030265
2015-01-13;CNY_OIS_RUSFARCNY_7Y;0.017879;0.029289
2015-01-14;CNY_OIS_RUSFARCNY_7Y;0.017735;0.028813
2015-01-15;CNY_OIS_RUSFARCNY_7Y;0.017853;0.028595
2015-01-16;CNY_OIS_RUSFARCNY_7Y;0.018037;0.028451
2015-01-19;CNY_OIS_RUSFARCNY_7Y;0.018459;0.028569
2015-01-20;CNY_OIS_RUSFARCNY_7Y;0.019061;0.028907
2015-01-21;CNY_OIS_RUSFARCNY_7Y;0.019957;0.029631
2015-01-22;CNY_OIS_RUSFARCNY_7Y;0.019931;0.029317
2015-01-23;CNY_OIS_RUSFARCNY_7Y;0.019625;0.028763
2015-01-26;CNY_OIS_RUSFARCNY_7Y;0.019347;0.028241
2015-01-27;CNY_OIS_RUSFARCNY_7Y;0.019341;0.027967
2015-01-28;CNY_OIS_RUSFARCNY_7Y;0.019629;0.027999
2015-01-29;CNY_OIS_RUSFARCNY_7Y;0.020442;0.028686
2015-01-30;CNY_OIS_RUSFARCNY_7Y;0.02102;0.029068
2015-02-02;CNY_OIS_RUSFARCNY_7Y;0.021833;0.029775
2015-02-03;CNY_OIS_RUSFARCNY_7Y;0.022556;0.03036
2015-02-04;CNY_OIS_RUSFARCNY_7Y;0.022857;0.030431
2015-02-05;CNY_OIS_RUSFARCNY_7Y;0.021758;0.02939
2015-02-06;CNY_OIS_RUSFARCNY_7Y;0.021773;0.029175
2015-02-09;CNY_OIS_RUSFARCNY_7Y;0.02142;0.028648
2015-02-10;CNY_OIS_RUSFARCNY_7Y;0.021909;0.028959
2015-02-11;CNY_OIS_RUSFARCNY_7Y;0.022729;0.029739
2015-02-12;CNY_OIS_RUSFARCNY_7Y;0.023881;0.031107
2015-02-13;CNY_OIS_RUSFARCNY_7Y;0.024307;0.031341
2015-02-15;CNY_OIS_RUSFARCNY_7Y;0.025158;0.03217
2015-02-16;CNY_OIS_RUSFARCNY_7Y;0.025334;0.032134
2015-02-17;CNY_OIS_RUSFARCNY_7Y;0.026995;0.034833
2015-02-25;CNY_OIS_RUSFARCNY_7Y;0.02633;0.034058
2015-02-26;CNY_OIS_RUSFARCNY_7Y;0.026137;0.033651
2015-02-27;CNY_OIS_RUSFARCNY_7Y;0.026446;0.033742
2015-02-28;CNY_OIS_RUSFARCNY_7Y;0.02759;0.035058
2015-03-02;CNY_OIS_RUSFARCNY_7Y;0.027822;0.035066
2015-03-03;CNY_OIS_RUSFARCNY_7Y;0.027903;0.034925
2015-03-04;CNY_OIS_RUSFARCNY_7Y;0.027969;0.034779
2015-03-05;CNY_OIS_RUSFARCNY_7Y;0.027941;0.034547
2015-03-06;CNY_OIS_RUSFARCNY_7Y;0.027867;0.034281
2015-03-09;CNY_OIS_RUSFARCNY_7Y;0.027596;0.033852
2015-03-10;CNY_OIS_RUSFARCNY_7Y;0.027366;0.033462
2015-03-11;CNY_OIS_RUSFARCNY_7Y;0.027429;0.033339
2015-03-12;CNY_OIS_RUSFARCNY_7Y;0.028474;0.034642
2015-03-13;CNY_OIS_RUSFARCNY_7Y;0.028271;0.034277
2015-03-16;CNY_OIS_RUSFARCNY_7Y;0.028015;0.033873
2015-03-17;CNY_OIS_RUSFARCNY_7Y;0.027822;0.033526
2015-03-18;CNY_OIS_RUSFARCNY_7Y;0.027838;0.03337
2015-03-19;CNY_OIS_RUSFARCNY_7Y;0.027529;0.032939
2015-03-20;CNY_OIS_RUSFARCNY_7Y;0.027205;0.032503
2015-03-23;CNY_OIS_RUSFARCNY_7Y;0.026409;0.031759
2015-03-24;CNY_OIS_RUSFARCNY_7Y;0.026501;0.031687
2015-03-25;CNY_OIS_RUSFARCNY_7Y;0.026498;0.03153
2015-03-26;CNY_OIS_RUSFARCNY_7Y;0.026634;0.031514
2015-03-27;CNY_OIS_RUSFARCNY_7Y;0.026607;0.031341
2015-03-30;CNY_OIS_RUSFARCNY_7Y;0.026649;0.031239
2015-03-31;CNY_OIS_RUSFARCNY_7Y;0.02651;0.030978
2015-04-01;CNY_OIS_RUSFARCNY_7Y;0.025426;0.030142
2015-04-02;CNY_OIS_RUSFARCNY_7Y;0.024409;0.029319
2015-04-03;CNY_OIS_RUSFARCNY_7Y;0.023182;0.028386
2015-04-07;CNY_OIS_RUSFARCNY_7Y;0.021791;0.027357
2015-04-08;CNY_OIS_RUSFARCNY_7Y;0.020928;0.02656
2015-04-09;CNY_OIS_RUSFARCNY_7Y;0.020054;0.025754
2015-04-10;CNY_OIS_RUSFARCNY_7Y;0.018841;0.024767
2015-04-13;CNY_OIS_RUSFARCNY_7Y;0.017977;0.023951
2015-04-14;CNY_OIS_RUSFARCNY_7Y;0.017721;0.023547
2015-04-15;CNY_OIS_RUSFARCNY_7Y;0.01709;0.022878
2015-04-16;CNY_OIS_RUSFARCNY_7Y;0.017086;0.022702
2015-04-17;CNY_OIS_RUSFARCNY_7Y;0.016856;0.022332
2015-04-20;CNY_OIS_RUSFARCNY_7Y;0.0146;0.020968
2015-04-21;CNY_OIS_RUSFARCNY_7Y;0.013738;0.02013
2015-04-22;CNY_OIS_RUSFARCNY_7Y;0.013263;0.019545
2015-04-23;CNY_OIS_RUSFARCNY_7Y;0.012922;0.019066
2015-04-24;CNY_OIS_RUSFARCNY_7Y;0.012395;0.018453
2015-04-27;CNY_OIS_RUSFARCNY_7Y;0.012005;0.017943
2015-04-28;CNY_OIS_RUSFARCNY_7Y;0.011589;0.017419
2015-04-29;CNY_OIS_RUSFARCNY_7Y;0.011471;0.017137
2015-04-30;CNY_OIS_RUSFARCNY_7Y;0.011027;0.016601
2015-05-04;CNY_OIS_RUSFARCNY_7Y;0.010315;0.015893
2015-05-05;CNY_OIS_RUSFARCNY_7Y;0.009797;0.015311
2015-05-06;CNY_OIS_RUSFARCNY_7Y;0.009442;0.014846
2015-05-07;CNY_OIS_RUSFARCNY_7Y;0.009163;0.014445
2015-05-08;CNY_OIS_RUSFARCNY_7Y;0.008745;0.013943
2015-05-11;CNY_OIS_RUSFARCNY_7Y;0.00767;0.013058
2015-05-12;CNY_OIS_RUSFARCNY_7Y;0.007148;0.01248
2015-05-13;CNY_OIS_RUSFARCNY_7Y;0.006766;0.012002
2015-05-14;CNY_OIS_RUSFARCNY_7Y;0.006118;0.01135
2015-05-15;CNY_OIS_RUSFARCNY_7Y;0.004964;0.010424
2015-05-18;CNY_OIS_RUSFARCNY_7Y;0.004775;0.010093
2015-05-19;CNY_OIS_RUSFARCNY_7Y;0.004659;0.009829
2015-05-20;CNY_OIS_RUSFARCNY_7Y;0.004728;0.00974
2015-05-21;CNY_OIS_RUSFARCNY_7Y;0.004814;0.009674
2015-05-22;CNY_OIS_RUSFARCNY_7Y;0.004928;0.00964
2015-05-25;CNY_OIS_RUSFARCNY_7Y;0.00502;0.009588
2015-05-26;CNY_OIS_RUSFARCNY_7Y;0.005099;0.009529
2015-05-27;CNY_OIS_RUSFARCNY_7Y;0.005167;0.009461
2015-05-28;CNY_OIS_RUSFARCNY_7Y;0.005262;0.009426
2015-05-29;CNY_OIS_RUSFARCNY_7Y;0.005285;0.009323
2015-06-01;CNY_OIS_RUSFARCNY_7Y;0.005223;0.009145
2015-06-02;CNY_OIS_RUSFARCNY_7Y;0.005351;0.009157
2015-06-03;CNY_OIS_RUSFARCNY_7Y;0.005459;0.009149
2015-06-04;CNY_OIS_RUSFARCNY_7Y;0.005593;0.009175
2015-06-05;CNY_OIS_RUSFARCNY_7Y;0.005687;0.009161
2015-06-08;CNY_OIS_RUSFARCNY_7Y;0.005838;0.00921
2015-06-09;CNY_OIS_RUSFARCNY_7Y;0.005986;0.009262
2015-06-10;CNY_OIS_RUSFARCNY_7Y;0.006152;0.009336
2015-06-11;CNY_OIS_RUSFARCNY_7Y;0.006269;0.009359
2015-06-12;CNY_OIS_RUSFARCNY_7Y;0.00645;0.009458
2015-06-15;CNY_OIS_RUSFARCNY_7Y;0.006656;0.009592
2015-06-16;CNY_OIS_RUSFARCNY_7Y;0.006797;0.009651
2015-06-17;CNY_OIS_RUSFARCNY_7Y;0.007027;0.009821
2015-06-18;CNY_OIS_RUSFARCNY_7Y;0.007492;0.010376
2015-06-19;CNY_OIS_RUSFARCNY_7Y;0.00805;0.011118
2015-06-23;CNY_OIS_RUSFARCNY_7Y;0.008352;0.011376
2015-06-24;CNY_OIS_RUSFARCNY_7Y;0.008769;0.011819
2015-06-25;CNY_OIS_RUSFARCNY_7Y;0.008994;0.011974
2015-06-26;CNY_OIS_RUSFARCNY_7Y;0.00904;0.011928
2015-06-29;CNY_OIS_RUSFARCNY_7Y;0.008904;0.011724
2015-06-30;CNY_OIS_RUSFARCNY_7Y;0.007897;0.011071
2015-07-01;CNY_OIS_RUSFARCNY_7Y;0.006754;0.010334
2015-07-02;CNY_OIS_RUSFARCNY_7Y;0.006787;0.010257
2015-07-03;CNY_OIS_RUSFARCNY_7Y;0.006821;0.010187
2015-07-06;CNY_OIS_RUSFARCNY_7Y;0.006951;0.010217
2015-07-07;CNY_OIS_RUSFARCNY_7Y;0.007088;0.01026
2015-07-08;CNY_OIS_RUSFARCNY_7Y;0.007243;0.010325
2015-07-09;CNY_OIS_RUSFARCNY_7Y;0.007396;0.010392
2015-07-10;CNY_OIS_RUSFARCNY_7Y;0.007557;0.010471
2015-07-13;CNY_OIS_RUSFARCNY_7Y;0.007735;0.010573
2015-07-14;CNY_OIS_RUSFARCNY_7Y;0.007911;0.010677
2015-07-15;CNY_OIS_RUSFARCNY_7Y;0.008022;0.010706
2015-07-16;CNY_OIS_RUSFARCNY_7Y;0.008231;0.010857
2015-07-17;CNY_OIS_RUSFARCNY_7Y;0.008447;0.011021
2015-07-20;CNY_OIS_RUSFARCNY_7Y;0.008564;0.011064
2015-07-21;CNY_OIS_RUSFARCNY_7Y;0.008735;0.011173
2015-07-22;CNY_OIS_RUSFARCNY_7Y;0.008947;0.011341
2015-07-23;CNY_OIS_RUSFARCNY_7Y;0.009071;0.011397
2015-07-24;CNY_OIS_RUSFARCNY_7Y;0.009155;0.011413
2015-07-27;CNY_OIS_RUSFARCNY_7Y;0.009502;0.011806
2015-07-28;CNY_OIS_RUSFARCNY_7Y;0.009669;0.011919
2015-07-29;CNY_OIS_RUSFARCNY_7Y;0.010029;0.012339
2015-07-30;CNY_OIS_RUSFARCNY_7Y;0.010256;0.012532
2015-07-31;CNY_OIS_RUSFARCNY_7Y;0.01049;0.012738
2015-08-03;CNY_OIS_RUSFARCNY_7Y;0.01069;0.012898
2015-08-04;CNY_OIS_RUSFARCNY_7Y;0.01081;0.012958
2015-08-05;CNY_OIS_RUSFARCNY_7Y;0.010947;0.013041
2015-08-06;CNY_OIS_RUSFARCNY_7Y;0.011066;0.013102
2015-08-07;CNY_OIS_RUSFARCNY_7Y;0.01121;0.013198
2015-08-10;CNY_OIS_RUSFARCNY_7Y;0.011482;0.013486
2015-08-11;CNY_OIS_RUSFARCNY_7Y;0.011763;0.013785
2015-08-12;CNY_OIS_RUSFARCNY_7Y;0.012036;0.014072
2015-08-13;CNY_OIS_RUSFARCNY_7Y;0.012303;0.014345
2015-08-14;CNY_OIS_RUSFARCNY_7Y;0.012562;0.014606
2015-08-17;CNY_OIS_RUSFARCNY_7Y;0.01288;0.014968
2015-08-18;CNY_OIS_RUSFARCNY_7Y;0.013265;0.015463
2015-08-19;CNY_OIS_RUSFARCNY_7Y;0.013649;0.015939
2015-08-20;CNY_OIS_RUSFARCNY_7Y;0.014032;0.016396
2015-08-21;CNY_OIS_RUSFARCNY_7Y;0.014226;0.016542
2015-08-24;CNY_OIS_RUSFARCNY_7Y;0.014436;0.016712
2015-08-25;CNY_OIS_RUSFARCNY_7Y;0.014593;0.016815
2015-08-26;CNY_OIS_RUSFARCNY_7Y;0.013368;0.01618
2015-08-27;CNY_OIS_RUSFARCNY_7Y;0.013116;0.015892
2015-08-28;CNY_OIS_RUSFARCNY_7Y;0.0133;0.016008
2015-08-31;CNY_OIS_RUSFARCNY_7Y;0.013586;0.016262
2015-09-01;CNY_OIS_RUSFARCNY_7Y;0.013812;0.016436
2015-09-02;CNY_OIS_RUSFARCNY_7Y;0.014819;0.019629
2015-09-06;CNY_OIS_RUSFARCNY_7Y;0.013271;0.018577
2015-09-07;CNY_OIS_RUSFARCNY_7Y;0.013382;0.018526
2015-09-08;CNY_OIS_RUSFARCNY_7Y;0.01339;0.018378
2015-09-09;CNY_OIS_RUSFARCNY_7Y;0.013456;0.018292
2015-09-10;CNY_OIS_RUSFARCNY_7Y;0.013559;0.018249
2015-09-11;CNY_OIS_RUSFARCNY_7Y;0.013641;0.018189
2015-09-14;CNY_OIS_RUSFARCNY_7Y;0.0137;0.018108
2015-09-15;CNY_OIS_RUSFARCNY_7Y;0.013767;0.018041
2015-09-16;CNY_OIS_RUSFARCNY_7Y;0.013842;0.017986
2015-09-17;CNY_OIS_RUSFARCNY_7Y;0.013895;0.017913
2015-09-18;CNY_OIS_RUSFARCNY_7Y;0.013966;0.017862
2015-09-21;CNY_OIS_RUSFARCNY_7Y;0.014035;0.017813
2015-09-22;CNY_OIS_RUSFARCNY_7Y;0.014162;0.017826
2015-09-23;CNY_OIS_RUSFARCNY_7Y;0.014218;0.01777
2015-09-24;CNY_OIS_RUSFARCNY_7Y;0.014282;0.017726
2015-09-25;CNY_OIS_RUSFARCNY_7Y;0.014314;0.017654
2015-09-28;CNY_OIS_RUSFARCNY_7Y;0.014395;0.017633
2015-09-29;CNY_OIS_RUSFARCNY_7Y;0.014414;0.017554
2015-09-30;CNY_OIS_RUSFARCNY_7Y;0.015085;0.018523
2015-10-08;CNY_OIS_RUSFARCNY_7Y;0.014165;0.017843
2015-10-09;CNY_OIS_RUSFARCNY_7Y;0.014191;0.017757
2015-10-10;CNY_OIS_RUSFARCNY_7Y;0.014225;0.017683
2015-10-12;CNY_OIS_RUSFARCNY_7Y;0.014258;0.01761
2015-10-13;CNY_OIS_RUSFARCNY_7Y;0.014289;0.017539
2015-10-14;CNY_OIS_RUSFARCNY_7Y;0.014338;0.01749
2015-10-15;CNY_OIS_RUSFARCNY_7Y;0.014396;0.017452
2015-10-16;CNY_OIS_RUSFARCNY_7Y;0.014423;0.017385
2015-10-19;CNY_OIS_RUSFARCNY_7Y;0.014497;0.017371
2015-10-20;CNY_OIS_RUSFARCNY_7Y;0.014551;0.017337
2015-10-21;CNY_OIS_RUSFARCNY_7Y;0.014613;0.017315
2015-10-22;CNY_OIS_RUSFARCNY_7Y;0.014645;0.017263
2015-10-23;CNY_OIS_RUSFARCNY_7Y;0.014734;0.017274
2015-10-26;CNY_OIS_RUSFARCNY_7Y;0.013911;0.016717
2015-10-27;CNY_OIS_RUSFARCNY_7Y;0.0135;0.016328
2015-10-28;CNY_OIS_RUSFARCNY_7Y;0.013502;0.016246
2015-10-29;CNY_OIS_RUSFARCNY_7Y;0.013564;0.016224
2015-10-30;CNY_OIS_RUSFARCNY_7Y;0.013604;0.016184
2015-11-02;CNY_OIS_RUSFARCNY_7Y;0.013593;0.016095
2015-11-03;CNY_OIS_RUSFARCNY_7Y;0.013621;0.016047
2015-11-04;CNY_OIS_RUSFARCNY_7Y;0.013638;0.01599
2015-11-05;CNY_OIS_RUSFARCNY_7Y;0.013643;0.015925
2015-11-06;CNY_OIS_RUSFARCNY_7Y;0.013678;0.01589
2015-11-09;CNY_OIS_RUSFARCNY_7Y;0.013701;0.015847
2015-11-10;CNY_OIS_RUSFARCNY_7Y;0.013704;0.015784
2015-11-11;CNY_OIS_RUSFARCNY_7Y;0.013725;0.015743
2015-11-12;CNY_OIS_RUSFARCNY_7Y;0.013776;0.015732
2015-11-13;CNY_OIS_RUSFARCNY_7Y;0.013826;0.015722
2015-11-16;CNY_OIS_RUSFARCNY_7Y;0.013834;0.015674
2015-11-17;CNY_OIS_RUSFARCNY_7Y;0.013842;0.015626
2015-11-18;CNY_OIS_RUSFARCNY_7Y;0.013859;0.015589
2015-11-19;CNY_OIS_RUSFARCNY_7Y;0.013925;0.015603
2015-11-20;CNY_OIS_RUSFARCNY_7Y;0.01394;0.015568
2015-11-23;CNY_OIS_RUSFARCNY_7Y;0.013975;0.015553
2015-11-24;CNY_OIS_RUSFARCNY_7Y;0.013999;0.015529
2015-11-25;CNY_OIS_RUSFARCNY_7Y;0.014022;0.015506
2015-11-26;CNY_OIS_RUSFARCNY_7Y;0.014045;0.015483
2015-11-27;CNY_OIS_RUSFARCNY_7Y;0.014077;0.015471
2015-11-30;CNY_OIS_RUSFARCNY_7Y;0.014118;0.01547
2015-12-01;CNY_OIS_RUSFARCNY_7Y;0.014138;0.01545
2015-12-02;CNY_OIS_RUSFARCNY_7Y;0.014138;0.01541
2015-12-03;CNY_OIS_RUSFARCNY_7Y;0.014167;0.015401
2015-12-04;CNY_OIS_RUSFARCNY_7Y;0.014186;0.015382
2015-12-07;CNY_OIS_RUSFARCNY_7Y;0.014173;0.015335
2015-12-08;CNY_OIS_RUSFARCNY_7Y;0.014211;0.015337
2015-12-09;CNY_OIS_RUSFARCNY_7Y;0.014257;0.015351
2015-12-10;CNY_OIS_RUSFARCNY_7Y;0.014274;0.015334
2015-12-11;CNY_OIS_RUSFARCNY_7Y;0.01428;0.015308
2015-12-14;CNY_OIS_RUSFARCNY_7Y;0.014296;0.015292
2015-12-15;CNY_OIS_RUSFARCNY_7Y;0.014311;0.015277
2015-12-16;CNY_OIS_RUSFARCNY_7Y;0.014345;0.015283
2015-12-17;CNY_OIS_RUSFARCNY_7Y;0.014388;0.0153
2015-12-18;CNY_OIS_RUSFARCNY_7Y;0.014579;0.015569
2015-12-21;CNY_OIS_RUSFARCNY_7Y;0.014797;0.015891
2015-12-22;CNY_OIS_RUSFARCNY_7Y;0.015049;0.016279
2015-12-23;CNY_OIS_RUSFARCNY_7Y;0.015289;0.016599
2015-12-24;CNY_OIS_RUSFARCNY_7Y;0.015487;0.016821
2015-12-25;CNY_OIS_RUSFARCNY_7Y;0.0156;0.016908
2015-12-28;CNY_OIS_RUSFARCNY_7Y;0.015668;0.01694
2015-12-29;CNY_OIS_RUSFARCNY_7Y;0.015646;0.016882
2015-12-30;CNY_OIS_RUSFARCNY_7Y;0.015665;0.016863
2015-12-31;CNY_OIS_RUSFARCNY_7Y;0.016028;0.01762
2016-01-04;CNY_OIS_RUSFARCNY_7Y;0.016091;0.017637
2016-01-05;CNY_OIS_RUSFARCNY_7Y;0.016144;0.017644
2016-01-06;CNY_OIS_RUSFARCNY_7Y;0.015966;0.017462
2016-01-07;CNY_OIS_RUSFARCNY_7Y;0.015836;0.017312
2016-01-08;CNY_OIS_RUSFARCNY_7Y;0.015775;0.017213
2016-01-11;CNY_OIS_RUSFARCNY_7Y;0.015723;0.017125
2016-01-12;CNY_OIS_RUSFARCNY_7Y;0.015744;0.017104
2016-01-13;CNY_OIS_RUSFARCNY_7Y;0.015755;0.017073
2016-01-14;CNY_OIS_RUSFARCNY_7Y;0.015775;0.017053
2016-01-15;CNY_OIS_RUSFARCNY_7Y;0.015852;0.017096
2016-01-18;CNY_OIS_RUSFARCNY_7Y;0.015851;0.017057
2016-01-19;CNY_OIS_RUSFARCNY_7Y;0.015917;0.017091
2016-01-20;CNY_OIS_RUSFARCNY_7Y;0.016129;0.017359
2016-01-21;CNY_OIS_RUSFARCNY_7Y;0.016386;0.017722
2016-01-22;CNY_OIS_RUSFARCNY_7Y;0.016532;0.017856
2016-01-25;CNY_OIS_RUSFARCNY_7Y;0.016336;0.017672
2016-01-26;CNY_OIS_RUSFARCNY_7Y;0.016226;0.017542
2016-01-27;CNY_OIS_RUSFARCNY_7Y;0.016226;0.017502
2016-01-28;CNY_OIS_RUSFARCNY_7Y;0.016215;0.017453
2016-01-29;CNY_OIS_RUSFARCNY_7Y;0.016203;0.017405
2016-02-01;CNY_OIS_RUSFARCNY_7Y;0.016201;0.017367
2016-02-02;CNY_OIS_RUSFARCNY_7Y;0.016188;0.01732
2016-02-03;CNY_OIS_RUSFARCNY_7Y;0.016195;0.017293
2016-02-04;CNY_OIS_RUSFARCNY_7Y;0.016212;0.017276
2016-02-05;CNY_OIS_RUSFARCNY_7Y;0.016238;0.01727
2016-02-06;CNY_OIS_RUSFARCNY_7Y;0.016794;0.022654
2016-02-14;CNY_OIS_RUSFARCNY_7Y;0.012602;0.020786
2016-02-15;CNY_OIS_RUSFARCNY_7Y;0.012716;0.020652
2016-02-16;CNY_OIS_RUSFARCNY_7Y;0.012807;0.020501
2016-02-17;CNY_OIS_RUSFARCNY_7Y;0.012864;0.020324
2016-02-18;CNY_OIS_RUSFARCNY_7Y;0.012804;0.020044
2016-02-19;CNY_OIS_RUSFARCNY_7Y;0.012782;0.019806
2016-02-22;CNY_OIS_RUSFARCNY_7Y;0.012848;0.01966
2016-02-23;CNY_OIS_RUSFARCNY_7Y;0.012942;0.019546
2016-02-24;CNY_OIS_RUSFARCNY_7Y;0.013265;0.019683
2016-02-25;CNY_OIS_RUSFARCNY_7Y;0.013808;0.0201
2016-02-26;CNY_OIS_RUSFARCNY_7Y;0.014314;0.020474
2016-02-29;CNY_OIS_RUSFARCNY_7Y;0.013971;0.019997
2016-03-01;CNY_OIS_RUSFARCNY_7Y;0.013649;0.019539
2016-03-02;CNY_OIS_RUSFARCNY_7Y;0.013678;0.01939
2016-03-03;CNY_OIS_RUSFARCNY_7Y;0.013714;0.019254
2016-03-04;CNY_OIS_RUSFARCNY_7Y;0.013728;0.0191
2016-03-07;CNY_OIS_RUSFARCNY_7Y;0.01382;0.019028
2016-03-08;CNY_OIS_RUSFARCNY_7Y;0.013889;0.018939
2016-03-09;CNY_OIS_RUSFARCNY_7Y;0.013966;0.018862
2016-03-10;CNY_OIS_RUSFARCNY_7Y;0.01401;0.018758
2016-03-11;CNY_OIS_RUSFARCNY_7Y;0.014063;0.018665
2016-03-14;CNY_OIS_RUSFARCNY_7Y;0.014172;0.018636
2016-03-15;CNY_OIS_RUSFARCNY_7Y;0.01428;0.018608
2016-03-16;CNY_OIS_RUSFARCNY_7Y;0.014376;0.018572
2016-03-17;CNY_OIS_RUSFARCNY_7Y;0.014575;0.018653
2016-03-18;CNY_OIS_RUSFARCNY_7Y;0.014828;0.0188
2016-03-21;CNY_OIS_RUSFARCNY_7Y;0.014967;0.018821
2016-03-22;CNY_OIS_RUSFARCNY_7Y;0.015113;0.018855
2016-03-23;CNY_OIS_RUSFARCNY_7Y;0.015099;0.018729
2016-03-24;CNY_OIS_RUSFARCNY_7Y;0.015104;0.018624
2016-03-25;CNY_OIS_RUSFARCNY_7Y;0.015096;0.018512
2016-03-28;CNY_OIS_RUSFARCNY_7Y;0.015178;0.01849
2016-03-29;CNY_OIS_RUSFARCNY_7Y;0.015268;0.01848
2016-03-30;CNY_OIS_RUSFARCNY_7Y;0.015395;0.018513
2016-03-31;CNY_OIS_RUSFARCNY_7Y;0.015567;0.018601
2016-04-01;CNY_OIS_RUSFARCNY_7Y;0.015583;0.018525
2016-04-05;CNY_OIS_RUSFARCNY_7Y;0.015403;0.018285
2016-04-06;CNY_OIS_RUSFARCNY_7Y;0.015344;0.018144
2016-04-07;CNY_OIS_RUSFARCNY_7Y;0.015339;0.018055
2016-04-08;CNY_OIS_RUSFARCNY_7Y;0.015397;0.018031
2016-04-11;CNY_OIS_RUSFARCNY_7Y;0.015486;0.018042
2016-04-12;CNY_OIS_RUSFARCNY_7Y;0.015603;0.018085
2016-04-13;CNY_OIS_RUSFARCNY_7Y;0.01567;0.018078
2016-04-14;CNY_OIS_RUSFARCNY_7Y;0.015736;0.018072
2016-04-15;CNY_OIS_RUSFARCNY_7Y;0.015731;0.017997
2016-04-18;CNY_OIS_RUSFARCNY_7Y;0.015795;0.017993
2016-04-19;CNY_OIS_RUSFARCNY_7Y;0.015887;0.018021
2016-04-20;CNY_OIS_RUSFARCNY_7Y;0.016051;0.018137
2016-04-21;CNY_OIS_RUSFARCNY_7Y;0.016187;0.018221
2016-04-22;CNY_OIS_RUSFARCNY_7Y;0.016304;0.018284
2016-04-25;CNY_OIS_RUSFARCNY_7Y;0.016402;0.018326
2016-04-26;CNY_OIS_RUSFARCNY_7Y;0.016337;0.018211
2016-04-27;CNY_OIS_RUSFARCNY_7Y;0.016238;0.01807
2016-04-28;CNY_OIS_RUSFARCNY_7Y;0.016236;0.018012
2016-04-29;CNY_OIS_RUSFARCNY_7Y;0.016501;0.018307
2016-05-03;CNY_OIS_RUSFARCNY_7Y;0.015965;0.017929
2016-05-04;CNY_OIS_RUSFARCNY_7Y;0.015961;0.017867
2016-05-05;CNY_OIS_RUSFARCNY_7Y;0.016;0.017848
2016-05-06;CNY_OIS_RUSFARCNY_7Y;0.016018;0.01781
2016-05-09;CNY_OIS_RUSFARCNY_7Y;0.016036;0.017772
2016-05-10;CNY_OIS_RUSFARCNY_7Y;0.016062;0.017746
2016-05-11;CNY_OIS_RUSFARCNY_7Y;0.016088;0.01772
2016-05-12;CNY_OIS_RUSFARCNY_7Y;0.016123;0.017705
2016-05-13;CNY_OIS_RUSFARCNY_7Y;0.016166;0.017702
2016-05-16;CNY_OIS_RUSFARCNY_7Y;0.016219;0.017709
2016-05-17;CNY_OIS_RUSFARCNY_7Y;0.0163;0.017748
2016-05-18;CNY_OIS_RUSFARCNY_7Y;0.016322;0.017726
2016-05-19;CNY_OIS_RUSFARCNY_7Y;0.016333;0.017695
2016-05-20;CNY_OIS_RUSFARCNY_7Y;0.016333;0.017655
2016-05-23;CNY_OIS_RUSFARCNY_7Y;0.016312;0.017596
2016-05-24;CNY_OIS_RUSFARCNY_7Y;0.016312;0.017556
2016-05-25;CNY_OIS_RUSFARCNY_7Y;0.01632;0.017528
2016-05-26;CNY_OIS_RUSFARCNY_7Y;0.016339;0.017509
2016-05-27;CNY_OIS_RUSFARCNY_7Y;0.016357;0.017491
2016-05-30;CNY_OIS_RUSFARCNY_7Y;0.016384;0.017484
2016-05-31;CNY_OIS_RUSFARCNY_7Y;0.016475;0.017553
2016-06-01;CNY_OIS_RUSFARCNY_7Y;0.01645;0.017498
2016-06-02;CNY_OIS_RUSFARCNY_7Y;0.016446;0.017462
2016-06-03;CNY_OIS_RUSFARCNY_7Y;0.016409;0.017399
2016-06-06;CNY_OIS_RUSFARCNY_7Y;0.016414;0.017374
2016-06-07;CNY_OIS_RUSFARCNY_7Y;0.016448;0.01738
2016-06-08;CNY_OIS_RUSFARCNY_7Y;0.016462;0.017366
2016-06-12;CNY_OIS_RUSFARCNY_7Y;0.016476;0.017352
2016-06-13;CNY_OIS_RUSFARCNY_7Y;0.016489;0.017339
2016-06-14;CNY_OIS_RUSFARCNY_7Y;0.016502;0.017326
2016-06-15;CNY_OIS_RUSFARCNY_7Y;0.016515;0.017313
2016-06-16;CNY_OIS_RUSFARCNY_7Y;0.016546;0.017322
2016-06-17;CNY_OIS_RUSFARCNY_7Y;0.016587;0.017341
2016-06-20;CNY_OIS_RUSFARCNY_7Y;0.016645;0.017383
2016-06-21;CNY_OIS_RUSFARCNY_7Y;0.016736;0.017472
2016-06-22;CNY_OIS_RUSFARCNY_7Y;0.016819;0.017549
2016-06-23;CNY_OIS_RUSFARCNY_7Y;0.016877;0.017591
2016-06-24;CNY_OIS_RUSFARCNY_7Y;0.016916;0.017612
2016-06-27;CNY_OIS_RUSFARCNY_7Y;0.016956;0.017632
2016-06-28;CNY_OIS_RUSFARCNY_7Y;0.016985;0.017643
2016-06-29;CNY_OIS_RUSFARCNY_7Y;0.016975;0.017613
2016-06-30;CNY_OIS_RUSFARCNY_7Y;0.016974;0.017594
2016-07-01;CNY_OIS_RUSFARCNY_7Y;0.016868;0.0175
2016-07-04;CNY_OIS_RUSFARCNY_7Y;0.016723;0.017385
2016-07-05;CNY_OIS_RUSFARCNY_7Y;0.016656;0.017312
2016-07-06;CNY_OIS_RUSFARCNY_7Y;0.016577;0.017231
2016-07-07;CNY_OIS_RUSFARCNY_7Y;0.016566;0.017202
2016-07-08;CNY_OIS_RUSFARCNY_7Y;0.016565;0.017183
2016-07-11;CNY_OIS_RUSFARCNY_7Y;0.016575;0.017173
2016-07-12;CNY_OIS_RUSFARCNY_7Y;0.016563;0.017145
2016-07-13;CNY_OIS_RUSFARCNY_7Y;0.016562;0.017126
2016-07-14;CNY_OIS_RUSFARCNY_7Y;0.016571;0.017117
2016-07-15;CNY_OIS_RUSFARCNY_7Y;0.016607;0.017141
2016-07-18;CNY_OIS_RUSFARCNY_7Y;0.016615;0.017133
2016-07-19;CNY_OIS_RUSFARCNY_7Y;0.016684;0.017204
2016-07-20;CNY_OIS_RUSFARCNY_7Y;0.016711;0.017217
2016-07-21;CNY_OIS_RUSFARCNY_7Y;0.016747;0.017241
2016-07-22;CNY_OIS_RUSFARCNY_7Y;0.016864;0.017424
2016-07-25;CNY_OIS_RUSFARCNY_7Y;0.016949;0.017519
2016-07-26;CNY_OIS_RUSFARCNY_7Y;0.017003;0.017565
2016-07-27;CNY_OIS_RUSFARCNY_7Y;0.017022;0.017566
2016-07-28;CNY_OIS_RUSFARCNY_7Y;0.016913;0.017475
2016-07-29;CNY_OIS_RUSFARCNY_7Y;0.016791;0.017377
2016-08-01;CNY_OIS_RUSFARCNY_7Y;0.016746;0.017322
2016-08-02;CNY_OIS_RUSFARCNY_7Y;0.016712;0.017276
2016-08-03;CNY_OIS_RUSFARCNY_7Y;0.016678;0.01723
2016-08-04;CNY_OIS_RUSFARCNY_7Y;0.016665;0.017203
2016-08-05;CNY_OIS_RUSFARCNY_7Y;0.016674;0.017194
2016-08-08;CNY_OIS_RUSFARCNY_7Y;0.01671;0.017218
2016-08-09;CNY_OIS_RUSFARCNY_7Y;0.016763;0.017265
2016-08-10;CNY_OIS_RUSFARCNY_7Y;0.016831;0.017337
2016-08-11;CNY_OIS_RUSFARCNY_7Y;0.016876;0.017372
2016-08-12;CNY_OIS_RUSFARCNY_7Y;0.016883;0.017365
2016-08-15;CNY_OIS_RUSFARCNY_7Y;0.016913;0.017381
2016-08-16;CNY_OIS_RUSFARCNY_7Y;0.016906;0.017362
2016-08-17;CNY_OIS_RUSFARCNY_7Y;0.016913;0.017355
2016-08-18;CNY_OIS_RUSFARCNY_7Y;0.01693;0.017358
2016-08-19;CNY_OIS_RUSFARCNY_7Y;0.016936;0.017352
2016-08-22;CNY_OIS_RUSFARCNY_7Y;0.016946;0.017348
2016-08-23;CNY_OIS_RUSFARCNY_7Y;0.017027;0.017461
2016-08-24;CNY_OIS_RUSFARCNY_7Y;0.017112;0.017576
2016-08-25;CNY_OIS_RUSFARCNY_7Y;0.017129;0.017579
2016-08-26;CNY_OIS_RUSFARCNY_7Y;0.017136;0.017572
2016-08-29;CNY_OIS_RUSFARCNY_7Y;0.017187;0.017621
2016-08-30;CNY_OIS_RUSFARCNY_7Y;0.017294;0.017794
2016-08-31;CNY_OIS_RUSFARCNY_7Y;0.01732;0.017808
2016-09-01;CNY_OIS_RUSFARCNY_7Y;0.017338;0.01781
2016-09-02;CNY_OIS_RUSFARCNY_7Y;0.017345;0.017803
2016-09-05;CNY_OIS_RUSFARCNY_7Y;0.017388;0.01784
2016-09-06;CNY_OIS_RUSFARCNY_7Y;0.017455;0.017913
2016-09-07;CNY_OIS_RUSFARCNY_7Y;0.017493;0.017941
2016-09-08;CNY_OIS_RUSFARCNY_7Y;0.017506;0.017942
2016-09-09;CNY_OIS_RUSFARCNY_7Y;0.017549;0.017979
2016-09-12;CNY_OIS_RUSFARCNY_7Y;0.017634;0.018094
2016-09-13;CNY_OIS_RUSFARCNY_7Y;0.017738;0.01825
2016-09-14;CNY_OIS_RUSFARCNY_7Y;0.017879;0.018509
2016-09-18;CNY_OIS_RUSFARCNY_7Y;0.017987;0.018641
2016-09-19;CNY_OIS_RUSFARCNY_7Y;0.018109;0.018799
2016-09-20;CNY_OIS_RUSFARCNY_7Y;0.018166;0.018842
2016-09-21;CNY_OIS_RUSFARCNY_7Y;0.018247;0.018921
2016-09-22;CNY_OIS_RUSFARCNY_7Y;0.018267;0.018921
2016-09-23;CNY_OIS_RUSFARCNY_7Y;0.018265;0.018899
2016-09-26;CNY_OIS_RUSFARCNY_7Y;0.018245;0.018863
2016-09-27;CNY_OIS_RUSFARCNY_7Y;0.018274;0.018874
2016-09-28;CNY_OIS_RUSFARCNY_7Y;0.018381;0.019007
2016-09-29;CNY_OIS_RUSFARCNY_7Y;0.018475;0.019113
2016-09-30;CNY_OIS_RUSFARCNY_7Y;0.018798;0.02157
2016-10-08;CNY_OIS_RUSFARCNY_7Y;0.016972;0.020716
2016-10-09;CNY_OIS_RUSFARCNY_7Y;0.016841;0.020487
2016-10-10;CNY_OIS_RUSFARCNY_7Y;0.016762;0.020306
2016-10-11;CNY_OIS_RUSFARCNY_7Y;0.016724;0.020164
2016-10-12;CNY_OIS_RUSFARCNY_7Y;0.016746;0.020082
2016-10-13;CNY_OIS_RUSFARCNY_7Y;0.016807;0.020041
2016-10-14;CNY_OIS_RUSFARCNY_7Y;0.016876;0.020012
2016-10-17;CNY_OIS_RUSFARCNY_7Y;0.016982;0.020026
2016-10-18;CNY_OIS_RUSFARCNY_7Y;0.017163;0.020125
2016-10-19;CNY_OIS_RUSFARCNY_7Y;0.01742;0.020328
2016-10-20;CNY_OIS_RUSFARCNY_7Y;0.01758;0.020408
2016-10-21;CNY_OIS_RUSFARCNY_7Y;0.017756;0.020512
2016-10-24;CNY_OIS_RUSFARCNY_7Y;0.017885;0.020563
2016-10-25;CNY_OIS_RUSFARCNY_7Y;0.017994;0.020594
2016-10-26;CNY_OIS_RUSFARCNY_7Y;0.01813;0.020658
2016-10-27;CNY_OIS_RUSFARCNY_7Y;0.018227;0.020681
2016-10-28;CNY_OIS_RUSFARCNY_7Y;0.018265;0.020643
2016-10-31;CNY_OIS_RUSFARCNY_7Y;0.018291;0.020597
2016-11-01;CNY_OIS_RUSFARCNY_7Y;0.018316;0.020552
2016-11-02;CNY_OIS_RUSFARCNY_7Y;0.018322;0.02049
2016-11-03;CNY_OIS_RUSFARCNY_7Y;0.018312;0.020416
2016-11-04;CNY_OIS_RUSFARCNY_7Y;0.018206;0.020262
2016-11-07;CNY_OIS_RUSFARCNY_7Y;0.017946;0.020002
2016-11-08;CNY_OIS_RUSFARCNY_7Y;0.01777;0.019798
2016-11-09;CNY_OIS_RUSFARCNY_7Y;0.01775;0.019718
2016-11-10;CNY_OIS_RUSFARCNY_7Y;0.01791;0.019838
2016-11-11;CNY_OIS_RUSFARCNY_7Y;0.018078;0.01997
2016-11-14;CNY_OIS_RUSFARCNY_7Y;0.018287;0.020161
2016-11-15;CNY_OIS_RUSFARCNY_7Y;0.018462;0.020306
2016-11-16;CNY_OIS_RUSFARCNY_7Y;0.018585;0.020383
2016-11-17;CNY_OIS_RUSFARCNY_7Y;0.018632;0.020376
2016-11-18;CNY_OIS_RUSFARCNY_7Y;0.018717;0.020411
2016-11-21;CNY_OIS_RUSFARCNY_7Y;0.0188;0.020448
2016-11-22;CNY_OIS_RUSFARCNY_7Y;0.018845;0.020443
2016-11-23;CNY_OIS_RUSFARCNY_7Y;0.018909;0.020459
2016-11-24;CNY_OIS_RUSFARCNY_7Y;0.018981;0.020487
2016-11-25;CNY_OIS_RUSFARCNY_7Y;0.01907;0.020538
2016-11-28;CNY_OIS_RUSFARCNY_7Y;0.019177;0.020611
2016-11-29;CNY_OIS_RUSFARCNY_7Y;0.019238;0.02063
2016-11-30;CNY_OIS_RUSFARCNY_7Y;0.019386;0.020762
2016-12-01;CNY_OIS_RUSFARCNY_7Y;0.019491;0.020837
2016-12-02;CNY_OIS_RUSFARCNY_7Y;0.01946;0.020768
2016-12-05;CNY_OIS_RUSFARCNY_7Y;0.019349;0.020639
2016-12-06;CNY_OIS_RUSFARCNY_7Y;0.019273;0.020535
2016-12-07;CNY_OIS_RUSFARCNY_7Y;0.019218;0.02045
2016-12-08;CNY_OIS_RUSFARCNY_7Y;0.019225;0.020419
2016-12-09;CNY_OIS_RUSFARCNY_7Y;0.01926;0.020418
2016-12-12;CNY_OIS_RUSFARCNY_7Y;0.019272;0.020396
2016-12-13;CNY_OIS_RUSFARCNY_7Y;0.019328;0.02042
2016-12-14;CNY_OIS_RUSFARCNY_7Y;0.019383;0.020445
2016-12-15;CNY_OIS_RUSFARCNY_7Y;0.019498;0.02055
2016-12-16;CNY_OIS_RUSFARCNY_7Y;0.019672;0.020756
2016-12-19;CNY_OIS_RUSFARCNY_7Y;0.019736;0.020792
2016-12-20;CNY_OIS_RUSFARCNY_7Y;0.019843;0.020885
2016-12-21;CNY_OIS_RUSFARCNY_7Y;0.019859;0.020869
2016-12-22;CNY_OIS_RUSFARCNY_7Y;0.019833;0.020815
2016-12-23;CNY_OIS_RUSFARCNY_7Y;0.019637;0.020651
2016-12-26;CNY_OIS_RUSFARCNY_7Y;0.019287;0.020421
2016-12-27;CNY_OIS_RUSFARCNY_7Y;0.018932;0.020176
2016-12-28;CNY_OIS_RUSFARCNY_7Y;0.018746;0.020002
2016-12-29;CNY_OIS_RUSFARCNY_7Y;0.018548;0.01982
2016-12-30;CNY_OIS_RUSFARCNY_7Y;0.018596;0.019832
2017-01-03;CNY_OIS_RUSFARCNY_7Y;0.018371;0.019637
2017-01-04;CNY_OIS_RUSFARCNY_7Y;0.017923;0.019345
2017-01-05;CNY_OIS_RUSFARCNY_7Y;0.017413;0.019015
2017-01-06;CNY_OIS_RUSFARCNY_7Y;0.017238;0.01883
2017-01-09;CNY_OIS_RUSFARCNY_7Y;0.017062;0.018646
2017-01-10;CNY_OIS_RUSFARCNY_7Y;0.017106;0.018642
2017-01-11;CNY_OIS_RUSFARCNY_7Y;0.017206;0.018702
2017-01-12;CNY_OIS_RUSFARCNY_7Y;0.017218;0.01867
2017-01-13;CNY_OIS_RUSFARCNY_7Y;0.01725;0.018658
2017-01-16;CNY_OIS_RUSFARCNY_7Y;0.017558;0.01911
2017-01-17;CNY_OIS_RUSFARCNY_7Y;0.018135;0.020819
2017-01-18;CNY_OIS_RUSFARCNY_7Y;0.018718;0.02167
2017-01-19;CNY_OIS_RUSFARCNY_7Y;0.019081;0.022027
2017-01-20;CNY_OIS_RUSFARCNY_7Y;0.019241;0.022107
2017-01-22;CNY_OIS_RUSFARCNY_7Y;0.016516;0.021092
2017-01-23;CNY_OIS_RUSFARCNY_7Y;0.016442;0.020886
2017-01-24;CNY_OIS_RUSFARCNY_7Y;0.016397;0.020711
2017-01-25;CNY_OIS_RUSFARCNY_7Y;0.016472;0.020656
2017-01-26;CNY_OIS_RUSFARCNY_7Y;0.018126;0.026288
2017-02-03;CNY_OIS_RUSFARCNY_7Y;0.014113;0.024075
2017-02-04;CNY_OIS_RUSFARCNY_7Y;0.014641;0.024329
2017-02-06;CNY_OIS_RUSFARCNY_7Y;0.014993;0.024395
2017-02-07;CNY_OIS_RUSFARCNY_7Y;0.015166;0.024282
2017-02-08;CNY_OIS_RUSFARCNY_7Y;0.01526;0.024098
2017-02-09;CNY_OIS_RUSFARCNY_7Y;0.015349;0.023919
2017-02-10;CNY_OIS_RUSFARCNY_7Y;0.015437;0.023747
2017-02-13;CNY_OIS_RUSFARCNY_7Y;0.015526;0.023582
2017-02-14;CNY_OIS_RUSFARCNY_7Y;0.015618;0.02343
2017-02-15;CNY_OIS_RUSFARCNY_7Y;0.015785;0.023359
2017-02-16;CNY_OIS_RUSFARCNY_7Y;0.016515;0.023973
2017-02-17;CNY_OIS_RUSFARCNY_7Y;0.016889;0.024139
2017-02-20;CNY_OIS_RUSFARCNY_7Y;0.017454;0.024546
2017-02-21;CNY_OIS_RUSFARCNY_7Y;0.01823;0.025258
2017-02-22;CNY_OIS_RUSFARCNY_7Y;0.018352;0.025166
2017-02-23;CNY_OIS_RUSFARCNY_7Y;0.018856;0.025514
2017-02-24;CNY_OIS_RUSFARCNY_7Y;0.018404;0.024936
2017-02-27;CNY_OIS_RUSFARCNY_7Y;0.01806;0.024444
2017-02-28;CNY_OIS_RUSFARCNY_7Y;0.018696;0.024992
2017-03-01;CNY_OIS_RUSFARCNY_7Y;0.018805;0.024909
2017-03-02;CNY_OIS_RUSFARCNY_7Y;0.018548;0.024502
2017-03-03;CNY_OIS_RUSFARCNY_7Y;0.017582;0.023626
2017-03-06;CNY_OIS_RUSFARCNY_7Y;0.017998;0.023896
2017-03-07;CNY_OIS_RUSFARCNY_7Y;0.018096;0.023814
2017-03-08;CNY_OIS_RUSFARCNY_7Y;0.018203;0.023747
2017-03-09;CNY_OIS_RUSFARCNY_7Y;0.018303;0.023677
2017-03-10;CNY_OIS_RUSFARCNY_7Y;0.018327;0.023539
2017-03-13;CNY_OIS_RUSFARCNY_7Y;0.018167;0.023241
2017-03-14;CNY_OIS_RUSFARCNY_7Y;0.018216;0.023134
2017-03-15;CNY_OIS_RUSFARCNY_7Y;0.018396;0.02317
2017-03-16;CNY_OIS_RUSFARCNY_7Y;0.018951;0.023697
2017-03-17;CNY_OIS_RUSFARCNY_7Y;0.020281;0.026207
2017-03-20;CNY_OIS_RUSFARCNY_7Y;0.020367;0.026111
2017-03-21;CNY_OIS_RUSFARCNY_7Y;0.020602;0.02618
2017-03-22;CNY_OIS_RUSFARCNY_7Y;0.020717;0.026125
2017-03-23;CNY_OIS_RUSFARCNY_7Y;0.020862;0.026106
2017-03-24;CNY_OIS_RUSFARCNY_7Y;0.02036;0.025548
2017-03-27;CNY_OIS_RUSFARCNY_7Y;0.018953;0.024515
2017-03-28;CNY_OIS_RUSFARCNY_7Y;0.018678;0.02411
2017-03-29;CNY_OIS_RUSFARCNY_7Y;0.019397;0.024851
2017-03-30;CNY_OIS_RUSFARCNY_7Y;0.019336;0.024632
2017-03-31;CNY_OIS_RUSFARCNY_7Y;0.019713;0.024883
2017-04-01;CNY_OIS_RUSFARCNY_7Y;0.019345;0.024423
2017-04-05;CNY_OIS_RUSFARCNY_7Y;0.019319;0.024245
2017-04-06;CNY_OIS_RUSFARCNY_7Y;0.019846;0.024722
2017-04-07;CNY_OIS_RUSFARCNY_7Y;0.019474;0.024268
2017-04-10;CNY_OIS_RUSFARCNY_7Y;0.018952;0.023716
2017-04-11;CNY_OIS_RUSFARCNY_7Y;0.018661;0.023327
2017-04-12;CNY_OIS_RUSFARCNY_7Y;0.018529;0.023069
2017-04-13;CNY_OIS_RUSFARCNY_7Y;0.01883;0.023258
2017-04-14;CNY_OIS_RUSFARCNY_7Y;0.019052;0.023356
2017-04-17;CNY_OIS_RUSFARCNY_7Y;0.019263;0.023445
2017-04-18;CNY_OIS_RUSFARCNY_7Y;0.019706;0.023842
2017-04-19;CNY_OIS_RUSFARCNY_7Y;0.02048;0.024848
2017-04-20;CNY_OIS_RUSFARCNY_7Y;0.020771;0.025031
2017-04-21;CNY_OIS_RUSFARCNY_7Y;0.021005;0.025149
2017-04-24;CNY_OIS_RUSFARCNY_7Y;0.021842;0.0263
2017-04-25;CNY_OIS_RUSFARCNY_7Y;0.022239;0.026617
2017-04-26;CNY_OIS_RUSFARCNY_7Y;0.02238;0.026628
2017-04-27;CNY_OIS_RUSFARCNY_7Y;0.02275;0.026918
2017-04-28;CNY_OIS_RUSFARCNY_7Y;0.023067;0.027141
2017-05-02;CNY_OIS_RUSFARCNY_7Y;0.023114;0.027064
2017-05-03;CNY_OIS_RUSFARCNY_7Y;0.023431;0.027299
2017-05-04;CNY_OIS_RUSFARCNY_7Y;0.023544;0.027296
2017-05-05;CNY_OIS_RUSFARCNY_7Y;0.023437;0.027087
2017-05-08;CNY_OIS_RUSFARCNY_7Y;0.023317;0.026871
2017-05-09;CNY_OIS_RUSFARCNY_7Y;0.02339;0.026836
2017-05-10;CNY_OIS_RUSFARCNY_7Y;0.023512;0.026856
2017-05-11;CNY_OIS_RUSFARCNY_7Y;0.023417;0.026671
2017-05-12;CNY_OIS_RUSFARCNY_7Y;0.023234;0.026416
2017-05-15;CNY_OIS_RUSFARCNY_7Y;0.022367;0.025781
2017-05-16;CNY_OIS_RUSFARCNY_7Y;0.022694;0.026054
2017-05-17;CNY_OIS_RUSFARCNY_7Y;0.022809;0.026069
2017-05-18;CNY_OIS_RUSFARCNY_7Y;0.02297;0.02614
2017-05-19;CNY_OIS_RUSFARCNY_7Y;0.022455;0.025673
2017-05-22;CNY_OIS_RUSFARCNY_7Y;0.02205;0.025268
2017-05-23;CNY_OIS_RUSFARCNY_7Y;0.021882;0.025026
2017-05-24;CNY_OIS_RUSFARCNY_7Y;0.02159;0.024698
2017-05-25;CNY_OIS_RUSFARCNY_7Y;0.021513;0.024535
2017-05-26;CNY_OIS_RUSFARCNY_7Y;0.021539;0.024469
2017-05-27;CNY_OIS_RUSFARCNY_7Y;0.021501;0.024347
2017-05-31;CNY_OIS_RUSFARCNY_7Y;0.021857;0.024701
2017-06-01;CNY_OIS_RUSFARCNY_7Y;0.022052;0.024826
2017-06-02;CNY_OIS_RUSFARCNY_7Y;0.022934;0.0268
2017-06-05;CNY_OIS_RUSFARCNY_7Y;0.023195;0.026967
2017-06-06;CNY_OIS_RUSFARCNY_7Y;0.023488;0.027178
2017-06-07;CNY_OIS_RUSFARCNY_7Y;0.023187;0.026821
2017-06-08;CNY_OIS_RUSFARCNY_7Y;0.023348;0.026878
2017-06-09;CNY_OIS_RUSFARCNY_7Y;0.023477;0.026901
2017-06-12;CNY_OIS_RUSFARCNY_7Y;0.023556;0.026876
2017-06-13;CNY_OIS_RUSFARCNY_7Y;0.023624;0.026844
2017-06-14;CNY_OIS_RUSFARCNY_7Y;0.023602;0.026726
2017-06-15;CNY_OIS_RUSFARCNY_7Y;0.023715;0.026747
2017-06-16;CNY_OIS_RUSFARCNY_7Y;0.023958;0.026926
2017-06-19;CNY_OIS_RUSFARCNY_7Y;0.024106;0.026992
2017-06-20;CNY_OIS_RUSFARCNY_7Y;0.024284;0.027096
2017-06-21;CNY_OIS_RUSFARCNY_7Y;0.024437;0.027171
2017-06-22;CNY_OIS_RUSFARCNY_7Y;0.024264;0.026944
2017-06-23;CNY_OIS_RUSFARCNY_7Y;0.023594;0.026434
2017-06-26;CNY_OIS_RUSFARCNY_7Y;0.022437;0.025731
2017-06-27;CNY_OIS_RUSFARCNY_7Y;0.021349;0.024999
2017-06-28;CNY_OIS_RUSFARCNY_7Y;0.020626;0.024394
2017-06-29;CNY_OIS_RUSFARCNY_7Y;0.020467;0.024141
2017-06-30;CNY_OIS_RUSFARCNY_7Y;0.021154;0.025034
2017-07-03;CNY_OIS_RUSFARCNY_7Y;0.021988;0.02624
2017-07-04;CNY_OIS_RUSFARCNY_7Y;0.021729;0.025893
2017-07-05;CNY_OIS_RUSFARCNY_7Y;0.020474;0.025014
2017-07-06;CNY_OIS_RUSFARCNY_7Y;0.020159;0.024615
2017-07-07;CNY_OIS_RUSFARCNY_7Y;0.02008;0.024408
2017-07-10;CNY_OIS_RUSFARCNY_7Y;0.0203;0.024508
2017-07-11;CNY_OIS_RUSFARCNY_7Y;0.020967;0.025281
2017-07-12;CNY_OIS_RUSFARCNY_7Y;0.021269;0.025479
2017-07-13;CNY_OIS_RUSFARCNY_7Y;0.021459;0.025549
2017-07-14;CNY_OIS_RUSFARCNY_7Y;0.021177;0.025191
2017-07-17;CNY_OIS_RUSFARCNY_7Y;0.021296;0.02519
2017-07-18;CNY_OIS_RUSFARCNY_7Y;0.021924;0.025924
2017-07-19;CNY_OIS_RUSFARCNY_7Y;0.022184;0.026084
2017-07-20;CNY_OIS_RUSFARCNY_7Y;0.022533;0.026363
2017-07-21;CNY_OIS_RUSFARCNY_7Y;0.022377;0.026111
2017-07-24;CNY_OIS_RUSFARCNY_7Y;0.022167;0.025821
2017-07-25;CNY_OIS_RUSFARCNY_7Y;0.022289;0.025833
2017-07-26;CNY_OIS_RUSFARCNY_7Y;0.022443;0.025885
2017-07-27;CNY_OIS_RUSFARCNY_7Y;0.023003;0.026545
2017-07-28;CNY_OIS_RUSFARCNY_7Y;0.023326;0.026806
2017-07-31;CNY_OIS_RUSFARCNY_7Y;0.023284;0.026664
2017-08-01;CNY_OIS_RUSFARCNY_7Y;0.023369;0.026645
2017-08-02;CNY_OIS_RUSFARCNY_7Y;0.02363;0.026838
2017-08-03;CNY_OIS_RUSFARCNY_7Y;0.02341;0.026558
2017-08-04;CNY_OIS_RUSFARCNY_7Y;0.022384;0.025864
2017-08-07;CNY_OIS_RUSFARCNY_7Y;0.022581;0.025967
2017-08-08;CNY_OIS_RUSFARCNY_7Y;0.023047;0.026461
2017-08-09;CNY_OIS_RUSFARCNY_7Y;0.023268;0.026596
2017-08-10;CNY_OIS_RUSFARCNY_7Y;0.02327;0.026498
2017-08-11;CNY_OIS_RUSFARCNY_7Y;0.023248;0.02638
2017-08-14;CNY_OIS_RUSFARCNY_7Y;0.023131;0.026183
2017-08-15;CNY_OIS_RUSFARCNY_7Y;0.023397;0.026391
2017-08-16;CNY_OIS_RUSFARCNY_7Y;0.023658;0.026596
2017-08-17;CNY_OIS_RUSFARCNY_7Y;0.023835;0.026697
2017-08-18;CNY_OIS_RUSFARCNY_7Y;0.023882;0.026656
2017-08-21;CNY_OIS_RUSFARCNY_7Y;0.024045;0.026747
2017-08-22;CNY_OIS_RUSFARCNY_7Y;0.023741;0.026429
2017-08-23;CNY_OIS_RUSFARCNY_7Y;0.024035;0.026699
2017-08-24;CNY_OIS_RUSFARCNY_7Y;0.024102;0.026684
2017-08-25;CNY_OIS_RUSFARCNY_7Y;0.02421;0.026718
2017-08-28;CNY_OIS_RUSFARCNY_7Y;0.024208;0.02664
2017-08-29;CNY_OIS_RUSFARCNY_7Y;0.024768;0.0275
2017-08-30;CNY_OIS_RUSFARCNY_7Y;0.024826;0.027476
2017-08-31;CNY_OIS_RUSFARCNY_7Y;0.023655;0.026793
2017-09-01;CNY_OIS_RUSFARCNY_7Y;0.023513;0.026575
2017-09-04;CNY_OIS_RUSFARCNY_7Y;0.022808;0.02602
2017-09-05;CNY_OIS_RUSFARCNY_7Y;0.021801;0.025327
2017-09-06;CNY_OIS_RUSFARCNY_7Y;0.021599;0.025049
2017-09-07;CNY_OIS_RUSFARCNY_7Y;0.021648;0.024992
2017-09-08;CNY_OIS_RUSFARCNY_7Y;0.021652;0.024896
2017-09-11;CNY_OIS_RUSFARCNY_7Y;0.02178;0.024928
2017-09-12;CNY_OIS_RUSFARCNY_7Y;0.02187;0.024924
2017-09-13;CNY_OIS_RUSFARCNY_7Y;0.021933;0.024895
2017-09-14;CNY_OIS_RUSFARCNY_7Y;0.022257;0.025191
2017-09-15;CNY_OIS_RUSFARCNY_7Y;0.022443;0.025301
2017-09-18;CNY_OIS_RUSFARCNY_7Y;0.02297;0.025978
2017-09-19;CNY_OIS_RUSFARCNY_7Y;0.023599;0.026869
2017-09-20;CNY_OIS_RUSFARCNY_7Y;0.023177;0.026451
2017-09-21;CNY_OIS_RUSFARCNY_7Y;0.023377;0.026565
2017-09-22;CNY_OIS_RUSFARCNY_7Y;0.022854;0.026094
2017-09-25;CNY_OIS_RUSFARCNY_7Y;0.022924;0.026064
2017-09-26;CNY_OIS_RUSFARCNY_7Y;0.023579;0.026989
2017-09-27;CNY_OIS_RUSFARCNY_7Y;0.023872;0.027216
2017-09-28;CNY_OIS_RUSFARCNY_7Y;0.02438;0.027788
2017-09-29;CNY_OIS_RUSFARCNY_7Y;0.02297;0.026938
2017-09-30;CNY_OIS_RUSFARCNY_7Y;0.023971;0.028617
2017-10-09;CNY_OIS_RUSFARCNY_7Y;0.021351;0.027277
2017-10-10;CNY_OIS_RUSFARCNY_7Y;0.021421;0.027167
2017-10-11;CNY_OIS_RUSFARCNY_7Y;0.021539;0.027109
2017-10-12;CNY_OIS_RUSFARCNY_7Y;0.020663;0.026305
2017-10-13;CNY_OIS_RUSFARCNY_7Y;0.020182;0.025746
2017-10-16;CNY_OIS_RUSFARCNY_7Y;0.020155;0.025553
2017-10-17;CNY_OIS_RUSFARCNY_7Y;0.0203;0.025534
2017-10-18;CNY_OIS_RUSFARCNY_7Y;0.020336;0.025412
2017-10-19;CNY_OIS_RUSFARCNY_7Y;0.020373;0.025295
2017-10-20;CNY_OIS_RUSFARCNY_7Y;0.020306;0.025086
2017-10-23;CNY_OIS_RUSFARCNY_7Y;0.020728;0.02542
2017-10-24;CNY_OIS_RUSFARCNY_7Y;0.020973;0.025535
2017-10-25;CNY_OIS_RUSFARCNY_7Y;0.021323;0.025785
2017-10-26;CNY_OIS_RUSFARCNY_7Y;0.021669;0.026033
2017-10-27;CNY_OIS_RUSFARCNY_7Y;0.021966;0.026224
2017-10-30;CNY_OIS_RUSFARCNY_7Y;0.02205;0.026178
2017-10-31;CNY_OIS_RUSFARCNY_7Y;0.022267;0.026281
2017-11-01;CNY_OIS_RUSFARCNY_7Y;0.022358;0.02625
2017-11-02;CNY_OIS_RUSFARCNY_7Y;0.02099;0.025358
2017-11-03;CNY_OIS_RUSFARCNY_7Y;0.020517;0.024855
2017-11-06;CNY_OIS_RUSFARCNY_7Y;0.019837;0.024231
2017-11-07;CNY_OIS_RUSFARCNY_7Y;0.020269;0.024599
2017-11-08;CNY_OIS_RUSFARCNY_7Y;0.020724;0.025004
2017-11-09;CNY_OIS_RUSFARCNY_7Y;0.02124;0.025508
2017-11-10;CNY_OIS_RUSFARCNY_7Y;0.021903;0.026265
2017-11-13;CNY_OIS_RUSFARCNY_7Y;0.022563;0.027005
2017-11-14;CNY_OIS_RUSFARCNY_7Y;0.022996;0.027372
2017-11-15;CNY_OIS_RUSFARCNY_7Y;0.022843;0.027105
2017-11-16;CNY_OIS_RUSFARCNY_7Y;0.022847;0.026981
2017-11-17;CNY_OIS_RUSFARCNY_7Y;0.022201;0.026387
2017-11-20;CNY_OIS_RUSFARCNY_7Y;0.022692;0.026856
2017-11-21;CNY_OIS_RUSFARCNY_7Y;0.022964;0.027024
2017-11-22;CNY_OIS_RUSFARCNY_7Y;0.023036;0.026972
2017-11-23;CNY_OIS_RUSFARCNY_7Y;0.023035;0.026853
2017-11-24;CNY_OIS_RUSFARCNY_7Y;0.023032;0.026736
2017-11-27;CNY_OIS_RUSFARCNY_7Y;0.023296;0.026912
2017-11-28;CNY_OIS_RUSFARCNY_7Y;0.02314;0.026668
2017-11-29;CNY_OIS_RUSFARCNY_7Y;0.021696;0.025792
2017-11-30;CNY_OIS_RUSFARCNY_7Y;0.022561;0.027027
2017-12-01;CNY_OIS_RUSFARCNY_7Y;0.020745;0.025923
2017-12-04;CNY_OIS_RUSFARCNY_7Y;0.020371;0.025457
2017-12-05;CNY_OIS_RUSFARCNY_7Y;0.02023;0.025178
2017-12-06;CNY_OIS_RUSFARCNY_7Y;0.020245;0.025043
2017-12-07;CNY_OIS_RUSFARCNY_7Y;0.020435;0.025093
2017-12-08;CNY_OIS_RUSFARCNY_7Y;0.020725;0.025263
2017-12-11;CNY_OIS_RUSFARCNY_7Y;0.021461;0.026127
2017-12-12;CNY_OIS_RUSFARCNY_7Y;0.021882;0.026466
2017-12-13;CNY_OIS_RUSFARCNY_7Y;0.022491;0.027097
2017-12-14;CNY_OIS_RUSFARCNY_7Y;0.022707;0.027181
2017-12-15;CNY_OIS_RUSFARCNY_7Y;0.021853;0.026455
2017-12-18;CNY_OIS_RUSFARCNY_7Y;0.021913;0.026375
2017-12-19;CNY_OIS_RUSFARCNY_7Y;0.022154;0.026494
2017-12-20;CNY_OIS_RUSFARCNY_7Y;0.022107;0.026321
2017-12-21;CNY_OIS_RUSFARCNY_7Y;0.021426;0.025702
2017-12-22;CNY_OIS_RUSFARCNY_7Y;0.020898;0.02517
2017-12-25;CNY_OIS_RUSFARCNY_7Y;0.020491;0.024717
2017-12-26;CNY_OIS_RUSFARCNY_7Y;0.020747;0.024861
2017-12-27;CNY_OIS_RUSFARCNY_7Y;0.021443;0.025705
2017-12-28;CNY_OIS_RUSFARCNY_7Y;0.021567;0.025701
2017-12-29;CNY_OIS_RUSFARCNY_7Y;0.022729;0.027899
2018-01-02;CNY_OIS_RUSFARCNY_7Y;0.020411;0.026557
2018-01-03;CNY_OIS_RUSFARCNY_7Y;0.019434;0.025664
2018-01-04;CNY_OIS_RUSFARCNY_7Y;0.018891;0.025037
2018-01-05;CNY_OIS_RUSFARCNY_7Y;0.018767;0.024741
2018-01-08;CNY_OIS_RUSFARCNY_7Y;0.01862;0.024428
2018-01-09;CNY_OIS_RUSFARCNY_7Y;0.019312;0.025096
2018-01-10;CNY_OIS_RUSFARCNY_7Y;0.020329;0.026359
2018-01-11;CNY_OIS_RUSFARCNY_7Y;0.021781;0.028687
2018-01-12;CNY_OIS_RUSFARCNY_7Y;0.021866;0.028562
2018-01-15;CNY_OIS_RUSFARCNY_7Y;0.021589;0.028119
2018-01-16;CNY_OIS_RUSFARCNY_7Y;0.021598;0.02793
2018-01-17;CNY_OIS_RUSFARCNY_7Y;0.021488;0.02764
2018-01-18;CNY_OIS_RUSFARCNY_7Y;0.021587;0.027551
2018-01-19;CNY_OIS_RUSFARCNY_7Y;0.022302;0.028246
2018-01-22;CNY_OIS_RUSFARCNY_7Y;0.021674;0.027574
2018-01-23;CNY_OIS_RUSFARCNY_7Y;0.019636;0.026232
2018-01-24;CNY_OIS_RUSFARCNY_7Y;0.019445;0.025863
2018-01-25;CNY_OIS_RUSFARCNY_7Y;0.019435;0.025661
2018-01-26;CNY_OIS_RUSFARCNY_7Y;0.019399;0.025441
2018-01-29;CNY_OIS_RUSFARCNY_7Y;0.019641;0.025507
2018-01-30;CNY_OIS_RUSFARCNY_7Y;0.019608;0.0253
2018-01-31;CNY_OIS_RUSFARCNY_7Y;0.020068;0.02564
2018-02-01;CNY_OIS_RUSFARCNY_7Y;0.019261;0.024875
2018-02-02;CNY_OIS_RUSFARCNY_7Y;0.019365;0.024809
2018-02-05;CNY_OIS_RUSFARCNY_7Y;0.019577;0.024861
2018-02-06;CNY_OIS_RUSFARCNY_7Y;0.019741;0.024867
2018-02-07;CNY_OIS_RUSFARCNY_7Y;0.02012;0.025128
2018-02-08;CNY_OIS_RUSFARCNY_7Y;0.020206;0.025062
2018-02-09;CNY_OIS_RUSFARCNY_7Y;0.020444;0.025164
2018-02-11;CNY_OIS_RUSFARCNY_7Y;0.020699;0.025289
2018-02-12;CNY_OIS_RUSFARCNY_7Y;0.020527;0.025001
2018-02-13;CNY_OIS_RUSFARCNY_7Y;0.020615;0.024953
2018-02-14;CNY_OIS_RUSFARCNY_7Y;0.02166;0.026628
2018-02-22;CNY_OIS_RUSFARCNY_7Y;0.020655;0.025793
2018-02-23;CNY_OIS_RUSFARCNY_7Y;0.020372;0.025396
2018-02-24;CNY_OIS_RUSFARCNY_7Y;0.020052;0.024976
2018-02-26;CNY_OIS_RUSFARCNY_7Y;0.020234;0.025014
2018-02-27;CNY_OIS_RUSFARCNY_7Y;0.020205;0.024843
2018-02-28;CNY_OIS_RUSFARCNY_7Y;0.02133;0.026658
2018-03-01;CNY_OIS_RUSFARCNY_7Y;0.021236;0.026412
2018-03-02;CNY_OIS_RUSFARCNY_7Y;0.022011;0.027277
2018-03-05;CNY_OIS_RUSFARCNY_7Y;0.020623;0.026245
2018-03-06;CNY_OIS_RUSFARCNY_7Y;0.020338;0.02583
2018-03-07;CNY_OIS_RUSFARCNY_7Y;0.020161;0.025507
2018-03-08;CNY_OIS_RUSFARCNY_7Y;0.020013;0.025215
2018-03-09;CNY_OIS_RUSFARCNY_7Y;0.020122;0.025166
2018-03-12;CNY_OIS_RUSFARCNY_7Y;0.020326;0.025222
2018-03-13;CNY_OIS_RUSFARCNY_7Y;0.020859;0.025709
2018-03-14;CNY_OIS_RUSFARCNY_7Y;0.020893;0.025595
2018-03-15;CNY_OIS_RUSFARCNY_7Y;0.020954;0.025514
2018-03-16;CNY_OIS_RUSFARCNY_7Y;0.020519;0.025029
2018-03-19;CNY_OIS_RUSFARCNY_7Y;0.020324;0.024724
2018-03-20;CNY_OIS_RUSFARCNY_7Y;0.020361;0.024627
2018-03-21;CNY_OIS_RUSFARCNY_7Y;0.020436;0.024572
2018-03-22;CNY_OIS_RUSFARCNY_7Y;0.020397;0.024411
2018-03-23;CNY_OIS_RUSFARCNY_7Y;0.020417;0.024311
2018-03-26;CNY_OIS_RUSFARCNY_7Y;0.020457;0.024231
2018-03-27;CNY_OIS_RUSFARCNY_7Y;0.020954;0.024744
2018-03-28;CNY_OIS_RUSFARCNY_7Y;0.020997;0.024671
2018-03-29;CNY_OIS_RUSFARCNY_7Y;0.02094;0.024508
2018-03-30;CNY_OIS_RUSFARCNY_7Y;0.021785;0.025843
2018-04-02;CNY_OIS_RUSFARCNY_7Y;0.021059;0.025209
2018-04-03;CNY_OIS_RUSFARCNY_7Y;0.020589;0.024719
2018-04-04;CNY_OIS_RUSFARCNY_7Y;0.019357;0.023851
2018-04-08;CNY_OIS_RUSFARCNY_7Y;0.019184;0.023564
2018-04-09;CNY_OIS_RUSFARCNY_7Y;0.019926;0.024462
2018-04-10;CNY_OIS_RUSFARCNY_7Y;0.020213;0.024635
2018-04-11;CNY_OIS_RUSFARCNY_7Y;0.020379;0.024669
2018-04-12;CNY_OIS_RUSFARCNY_7Y;0.020404;0.024564
2018-04-13;CNY_OIS_RUSFARCNY_7Y;0.020467;0.024501
2018-04-16;CNY_OIS_RUSFARCNY_7Y;0.020763;0.024705
2018-04-17;CNY_OIS_RUSFARCNY_7Y;0.02149;0.025638
2018-04-18;CNY_OIS_RUSFARCNY_7Y;0.021689;0.025719
2018-04-19;CNY_OIS_RUSFARCNY_7Y;0.022221;0.026267
2018-04-20;CNY_OIS_RUSFARCNY_7Y;0.022418;0.02635
2018-04-23;CNY_OIS_RUSFARCNY_7Y;0.022234;0.026074
2018-04-24;CNY_OIS_RUSFARCNY_7Y;0.022409;0.026139
2018-04-25;CNY_OIS_RUSFARCNY_7Y;0.022384;0.026004
2018-04-26;CNY_OIS_RUSFARCNY_7Y;0.022773;0.026355
2018-04-27;CNY_OIS_RUSFARCNY_7Y;0.023819;0.028429
2018-04-28;CNY_OIS_RUSFARCNY_7Y;0.022728;0.02758
2018-05-02;CNY_OIS_RUSFARCNY_7Y;0.021554;0.026674
2018-05-03;CNY_OIS_RUSFARCNY_7Y;0.021213;0.026235
2018-05-04;CNY_OIS_RUSFARCNY_7Y;0.020277;0.025431
2018-05-07;CNY_OIS_RUSFARCNY_7Y;0.020233;0.025235
2018-05-08;CNY_OIS_RUSFARCNY_7Y;0.020238;0.02509
2018-05-09;CNY_OIS_RUSFARCNY_7Y;0.019702;0.024526
2018-05-10;CNY_OIS_RUSFARCNY_7Y;0.019663;0.024345
2018-05-11;CNY_OIS_RUSFARCNY_7Y;0.019504;0.024064
2018-05-14;CNY_OIS_RUSFARCNY_7Y;0.020326;0.025102
2018-05-15;CNY_OIS_RUSFARCNY_7Y;0.020934;0.025714
2018-05-16;CNY_OIS_RUSFARCNY_7Y;0.021957;0.027191
2018-05-17;CNY_OIS_RUSFARCNY_7Y;0.019862;0.025906
2018-05-18;CNY_OIS_RUSFARCNY_7Y;0.019595;0.025493
2018-05-21;CNY_OIS_RUSFARCNY_7Y;0.019304;0.025064
2018-05-22;CNY_OIS_RUSFARCNY_7Y;0.019371;0.024957
2018-05-23;CNY_OIS_RUSFARCNY_7Y;0.019506;0.024922
2018-05-24;CNY_OIS_RUSFARCNY_7Y;0.019588;0.02484
2018-05-25;CNY_OIS_RUSFARCNY_7Y;0.019648;0.02474
2018-05-28;CNY_OIS_RUSFARCNY_7Y;0.019775;0.024713
2018-05-29;CNY_OIS_RUSFARCNY_7Y;0.021195;0.027473
2018-05-30;CNY_OIS_RUSFARCNY_7Y;0.022412;0.029096
2018-05-31;CNY_OIS_RUSFARCNY_7Y;0.021943;0.028505
2018-06-01;CNY_OIS_RUSFARCNY_7Y;0.02173;0.028118
2018-06-04;CNY_OIS_RUSFARCNY_7Y;0.019237;0.026571
2018-06-05;CNY_OIS_RUSFARCNY_7Y;0.019196;0.026312
2018-06-06;CNY_OIS_RUSFARCNY_7Y;0.019077;0.025991
2018-06-07;CNY_OIS_RUSFARCNY_7Y;0.019112;0.025816
2018-06-08;CNY_OIS_RUSFARCNY_7Y;0.019293;0.025795
2018-06-11;CNY_OIS_RUSFARCNY_7Y;0.019491;0.025797
2018-06-12;CNY_OIS_RUSFARCNY_7Y;0.019695;0.025813
2018-06-13;CNY_OIS_RUSFARCNY_7Y;0.019838;0.02577
2018-06-14;CNY_OIS_RUSFARCNY_7Y;0.019948;0.0257
2018-06-15;CNY_OIS_RUSFARCNY_7Y;0.020046;0.025622
2018-06-19;CNY_OIS_RUSFARCNY_7Y;0.02011;0.025518
2018-06-20;CNY_OIS_RUSFARCNY_7Y;0.020468;0.02574
2018-06-21;CNY_OIS_RUSFARCNY_7Y;0.020276;0.025412
2018-06-22;CNY_OIS_RUSFARCNY_7Y;0.020283;0.025265
2018-06-25;CNY_OIS_RUSFARCNY_7Y;0.020129;0.024979
2018-06-26;CNY_OIS_RUSFARCNY_7Y;0.019701;0.024487
2018-06-27;CNY_OIS_RUSFARCNY_7Y;0.018938;0.02379
2018-06-28;CNY_OIS_RUSFARCNY_7Y;0.017005;0.022603
2018-06-29;CNY_OIS_RUSFARCNY_7Y;0.018925;0.027463
2018-07-02;CNY_OIS_RUSFARCNY_7Y;0.017832;0.026376
2018-07-03;CNY_OIS_RUSFARCNY_7Y;0.016862;0.025366
2018-07-04;CNY_OIS_RUSFARCNY_7Y;0.014255;0.023553
2018-07-05;CNY_OIS_RUSFARCNY_7Y;0.01368;0.022788
2018-07-06;CNY_OIS_RUSFARCNY_7Y;0.011886;0.021282
2018-07-09;CNY_OIS_RUSFARCNY_7Y;0.012263;0.021385
2018-07-10;CNY_OIS_RUSFARCNY_7Y;0.014604;0.025384
2018-07-11;CNY_OIS_RUSFARCNY_7Y;0.015662;0.026286
2018-07-12;CNY_OIS_RUSFARCNY_7Y;0.016574;0.026994
2018-07-13;CNY_OIS_RUSFARCNY_7Y;0.016663;0.026765
2018-07-16;CNY_OIS_RUSFARCNY_7Y;0.01753;0.027438
2018-07-17;CNY_OIS_RUSFARCNY_7Y;0.018009;0.027639
2018-07-18;CNY_OIS_RUSFARCNY_7Y;0.017452;0.026876
2018-07-19;CNY_OIS_RUSFARCNY_7Y;0.016384;0.025764
2018-07-20;CNY_OIS_RUSFARCNY_7Y;0.015777;0.024971
2018-07-23;CNY_OIS_RUSFARCNY_7Y;0.016074;0.024994
2018-07-24;CNY_OIS_RUSFARCNY_7Y;0.016119;0.024769
2018-07-25;CNY_OIS_RUSFARCNY_7Y;0.01621;0.024598
2018-07-26;CNY_OIS_RUSFARCNY_7Y;0.016049;0.024199
2018-07-27;CNY_OIS_RUSFARCNY_7Y;0.015787;0.023721
2018-07-30;CNY_OIS_RUSFARCNY_7Y;0.014958;0.02283
2018-07-31;CNY_OIS_RUSFARCNY_7Y;0.013548;0.0216
2018-08-01;CNY_OIS_RUSFARCNY_7Y;0.013273;0.021115
2018-08-02;CNY_OIS_RUSFARCNY_7Y;0.012771;0.020457
2018-08-03;CNY_OIS_RUSFARCNY_7Y;0.011497;0.019311
2018-08-06;CNY_OIS_RUSFARCNY_7Y;0.011305;0.018903
2018-08-07;CNY_OIS_RUSFARCNY_7Y;0.008851;0.017237
2018-08-08;CNY_OIS_RUSFARCNY_7Y;0.006665;0.015603
2018-08-09;CNY_OIS_RUSFARCNY_7Y;0.008385;0.017883
2018-08-10;CNY_OIS_RUSFARCNY_7Y;0.010161;0.020187
2018-08-13;CNY_OIS_RUSFARCNY_7Y;0.01244;0.023648
2018-08-14;CNY_OIS_RUSFARCNY_7Y;0.014372;0.026016
2018-08-15;CNY_OIS_RUSFARCNY_7Y;0.014717;0.026011
2018-08-16;CNY_OIS_RUSFARCNY_7Y;0.016316;0.027732
2018-08-17;CNY_OIS_RUSFARCNY_7Y;0.01714;0.028288
2018-08-20;CNY_OIS_RUSFARCNY_7Y;0.017742;0.028586
2018-08-21;CNY_OIS_RUSFARCNY_7Y;0.018016;0.028532
2018-08-22;CNY_OIS_RUSFARCNY_7Y;0.017108;0.02748
2018-08-23;CNY_OIS_RUSFARCNY_7Y;0.01636;0.026548
2018-08-24;CNY_OIS_RUSFARCNY_7Y;0.015859;0.025809
2018-08-27;CNY_OIS_RUSFARCNY_7Y;0.016468;0.02616
2018-08-28;CNY_OIS_RUSFARCNY_7Y;0.016468;0.02587
2018-08-29;CNY_OIS_RUSFARCNY_7Y;0.016238;0.02538
2018-08-30;CNY_OIS_RUSFARCNY_7Y;0.015119;0.024249
2018-08-31;CNY_OIS_RUSFARCNY_7Y;0.015567;0.024441
2018-09-03;CNY_OIS_RUSFARCNY_7Y;0.015371;0.023997
2018-09-04;CNY_OIS_RUSFARCNY_7Y;0.014607;0.023121
2018-09-05;CNY_OIS_RUSFARCNY_7Y;0.014416;0.022692
2018-09-06;CNY_OIS_RUSFARCNY_7Y;0.016717;0.026991
2018-09-07;CNY_OIS_RUSFARCNY_7Y;0.017755;0.027893
2018-09-10;CNY_OIS_RUSFARCNY_7Y;0.017727;0.027561
2018-09-11;CNY_OIS_RUSFARCNY_7Y;0.018043;0.027585
2018-09-12;CNY_OIS_RUSFARCNY_7Y;0.017848;0.02712
2018-09-13;CNY_OIS_RUSFARCNY_7Y;0.017711;0.026717
2018-09-14;CNY_OIS_RUSFARCNY_7Y;0.01742;0.026188
2018-09-17;CNY_OIS_RUSFARCNY_7Y;0.017318;0.02583
2018-09-18;CNY_OIS_RUSFARCNY_7Y;0.018941;0.027967
2018-09-19;CNY_OIS_RUSFARCNY_7Y;0.018068;0.027
2018-09-20;CNY_OIS_RUSFARCNY_7Y;0.017754;0.026454
2018-09-21;CNY_OIS_RUSFARCNY_7Y;0.017836;0.026272
2018-09-25;CNY_OIS_RUSFARCNY_7Y;0.018245;0.026443
2018-09-26;CNY_OIS_RUSFARCNY_7Y;0.018469;0.026419
2018-09-27;CNY_OIS_RUSFARCNY_7Y;0.017555;0.025473
2018-09-28;CNY_OIS_RUSFARCNY_7Y;0.017523;0.025205
2018-09-29;CNY_OIS_RUSFARCNY_7Y;0.012453;0.022835
2018-09-30;CNY_OIS_RUSFARCNY_7Y;0.015886;0.031002
2018-10-08;CNY_OIS_RUSFARCNY_7Y;0.014859;0.029689
2018-10-09;CNY_OIS_RUSFARCNY_7Y;0.014737;0.029131
2018-10-10;CNY_OIS_RUSFARCNY_7Y;0.013844;0.027944
2018-10-11;CNY_OIS_RUSFARCNY_7Y;0.013668;0.02736
2018-10-12;CNY_OIS_RUSFARCNY_7Y;0.014623;0.027985
2018-10-15;CNY_OIS_RUSFARCNY_7Y;0.014178;0.02719
2018-10-16;CNY_OIS_RUSFARCNY_7Y;0.014336;0.026952
2018-10-17;CNY_OIS_RUSFARCNY_7Y;0.014325;0.026563
2018-10-18;CNY_OIS_RUSFARCNY_7Y;0.015208;0.02716
2018-10-19;CNY_OIS_RUSFARCNY_7Y;0.015568;0.02716
2018-10-22;CNY_OIS_RUSFARCNY_7Y;0.016037;0.027291
2018-10-23;CNY_OIS_RUSFARCNY_7Y;0.015963;0.026885
2018-10-24;CNY_OIS_RUSFARCNY_7Y;0.01552;0.026168
2018-10-25;CNY_OIS_RUSFARCNY_7Y;0.013619;0.024509
2018-10-26;CNY_OIS_RUSFARCNY_7Y;0.012113;0.023055
2018-10-29;CNY_OIS_RUSFARCNY_7Y;0.009733;0.021135
2018-10-30;CNY_OIS_RUSFARCNY_7Y;0.006386;0.018762
2018-10-31;CNY_OIS_RUSFARCNY_7Y;0.010761;0.030467
2018-11-01;CNY_OIS_RUSFARCNY_7Y;0.012678;0.03209
2018-11-02;CNY_OIS_RUSFARCNY_7Y;0.012249;0.031119
2018-11-05;CNY_OIS_RUSFARCNY_7Y;0.012102;0.030416
2018-11-06;CNY_OIS_RUSFARCNY_7Y;0.010593;0.028635
2018-11-07;CNY_OIS_RUSFARCNY_7Y;0.008902;0.026738
2018-11-08;CNY_OIS_RUSFARCNY_7Y;0.007978;0.02541
2018-11-09;CNY_OIS_RUSFARCNY_7Y;0.008824;0.025764
2018-11-12;CNY_OIS_RUSFARCNY_7Y;0.01138;0.028628
2018-11-13;CNY_OIS_RUSFARCNY_7Y;0.013091;0.030097
2018-11-14;CNY_OIS_RUSFARCNY_7Y;0.011803;0.028525
2018-11-15;CNY_OIS_RUSFARCNY_7Y;0.012197;0.028411
2018-11-16;CNY_OIS_RUSFARCNY_7Y;0.012504;0.028224
2018-11-19;CNY_OIS_RUSFARCNY_7Y;0.014544;0.030304
2018-11-20;CNY_OIS_RUSFARCNY_7Y;0.015344;0.030664
2018-11-21;CNY_OIS_RUSFARCNY_7Y;0.015271;0.030137
2018-11-22;CNY_OIS_RUSFARCNY_7Y;0.014169;0.028779
2018-11-23;CNY_OIS_RUSFARCNY_7Y;0.013325;0.027623
2018-11-26;CNY_OIS_RUSFARCNY_7Y;0.014827;0.028961
2018-11-27;CNY_OIS_RUSFARCNY_7Y;0.015599;0.029349
2018-11-28;CNY_OIS_RUSFARCNY_7Y;0.015637;0.028971
2018-11-29;CNY_OIS_RUSFARCNY_7Y;0.012531;0.026537
2018-11-30;CNY_OIS_RUSFARCNY_7Y;0.015605;0.031063
2018-12-03;CNY_OIS_RUSFARCNY_7Y;0.014469;0.029659
2018-12-04;CNY_OIS_RUSFARCNY_7Y;0.013969;0.028759
2018-12-05;CNY_OIS_RUSFARCNY_7Y;0.012209;0.026959
2018-12-06;CNY_OIS_RUSFARCNY_7Y;0.013794;0.028394
2018-12-07;CNY_OIS_RUSFARCNY_7Y;0.013996;0.028152
2018-12-10;CNY_OIS_RUSFARCNY_7Y;0.014573;0.028315
2018-12-11;CNY_OIS_RUSFARCNY_7Y;0.014881;0.028207
2018-12-12;CNY_OIS_RUSFARCNY_7Y;0.014683;0.027625
2018-12-13;CNY_OIS_RUSFARCNY_7Y;0.015763;0.028445
2018-12-14;CNY_OIS_RUSFARCNY_7Y;0.017175;0.029753
2018-12-17;CNY_OIS_RUSFARCNY_7Y;0.01706;0.029268
2018-12-18;CNY_OIS_RUSFARCNY_7Y;0.01767;0.029538
2018-12-19;CNY_OIS_RUSFARCNY_7Y;0.017699;0.029209
2018-12-20;CNY_OIS_RUSFARCNY_7Y;0.016941;0.028227
2018-12-21;CNY_OIS_RUSFARCNY_7Y;0.016246;0.027302
2018-12-24;CNY_OIS_RUSFARCNY_7Y;0.014466;0.025682
2018-12-25;CNY_OIS_RUSFARCNY_7Y;0.011078;0.02331
2018-12-26;CNY_OIS_RUSFARCNY_7Y;0.011275;0.023133
2018-12-27;CNY_OIS_RUSFARCNY_7Y;0.008654;0.021034
2018-12-28;CNY_OIS_RUSFARCNY_7Y;0.004841;0.018387
2018-12-29;CNY_OIS_RUSFARCNY_7Y;0.010038;0.03487
2019-01-02;CNY_OIS_RUSFARCNY_7Y;0.007625;0.032203
2019-01-03;CNY_OIS_RUSFARCNY_7Y;0.00425;0.028938
2019-01-04;CNY_OIS_RUSFARCNY_7Y;0.001041;0.025767
2019-01-07;CNY_OIS_RUSFARCNY_7Y;-0.000762;0.02353
2019-01-08;CNY_OIS_RUSFARCNY_7Y;-0.000726;0.022834
2019-01-09;CNY_OIS_RUSFARCNY_7Y;0.001066;0.024102
2019-01-10;CNY_OIS_RUSFARCNY_7Y;0.003047;0.025641
2019-01-11;CNY_OIS_RUSFARCNY_7Y;0.003036;0.024952
2019-01-14;CNY_OIS_RUSFARCNY_7Y;0.004942;0.026446
2019-01-15;CNY_OIS_RUSFARCNY_7Y;0.008346;0.030382
2019-01-16;CNY_OIS_RUSFARCNY_7Y;0.009275;0.030673
2019-01-17;CNY_OIS_RUSFARCNY_7Y;0.009121;0.029887
2019-01-18;CNY_OIS_RUSFARCNY_7Y;0.008602;0.028796
2019-01-21;CNY_OIS_RUSFARCNY_7Y;0.009506;0.029122
2019-01-22;CNY_OIS_RUSFARCNY_7Y;0.009835;0.028853
2019-01-23;CNY_OIS_RUSFARCNY_7Y;0.010134;0.028574
2019-01-24;CNY_OIS_RUSFARCNY_7Y;0.010603;0.028485
2019-01-25;CNY_OIS_RUSFARCNY_7Y;0.011813;0.029255
2019-01-28;CNY_OIS_RUSFARCNY_7Y;0.010242;0.027466
2019-01-29;CNY_OIS_RUSFARCNY_7Y;0.009268;0.02612
2019-01-30;CNY_OIS_RUSFARCNY_7Y;0.008733;0.025137
2019-01-31;CNY_OIS_RUSFARCNY_7Y;0.011018;0.02757
2019-02-01;CNY_OIS_RUSFARCNY_7Y;0.009778;0.02605
2019-02-02;CNY_OIS_RUSFARCNY_7Y;0.011507;0.027601
2019-02-03;CNY_OIS_RUSFARCNY_7Y;0.009782;0.025766
2019-02-11;CNY_OIS_RUSFARCNY_7Y;0.011623;0.027505
2019-02-12;CNY_OIS_RUSFARCNY_7Y;0.009016;0.025152
2019-02-13;CNY_OIS_RUSFARCNY_7Y;0.005803;0.022465
2019-02-14;CNY_OIS_RUSFARCNY_7Y;0.006047;0.022201
2019-02-15;CNY_OIS_RUSFARCNY_7Y;0.006212;0.021876
2019-02-18;CNY_OIS_RUSFARCNY_7Y;0.007471;0.022805
2019-02-19;CNY_OIS_RUSFARCNY_7Y;0.009019;0.024149
2019-02-20;CNY_OIS_RUSFARCNY_7Y;0.008037;0.022871
2019-02-21;CNY_OIS_RUSFARCNY_7Y;0.009822;0.024606
2019-02-22;CNY_OIS_RUSFARCNY_7Y;0.013066;0.029382
2019-02-25;CNY_OIS_RUSFARCNY_7Y;0.014876;0.031052
2019-02-26;CNY_OIS_RUSFARCNY_7Y;0.016062;0.031866
2019-02-27;CNY_OIS_RUSFARCNY_7Y;0.015777;0.031131
2019-02-28;CNY_OIS_RUSFARCNY_7Y;0.01528;0.030228
2019-03-01;CNY_OIS_RUSFARCNY_7Y;0.010103;0.026825
2019-03-04;CNY_OIS_RUSFARCNY_7Y;0.007855;0.024633
2019-03-05;CNY_OIS_RUSFARCNY_7Y;0.01082;0.028328
2019-03-06;CNY_OIS_RUSFARCNY_7Y;0.008964;0.026344
2019-03-07;CNY_OIS_RUSFARCNY_7Y;0.009088;0.02594
2019-03-08;CNY_OIS_RUSFARCNY_7Y;0.009214;0.025554
2019-03-11;CNY_OIS_RUSFARCNY_7Y;0.0099;0.025768
2019-03-12;CNY_OIS_RUSFARCNY_7Y;0.012427;0.028701
2019-03-13;CNY_OIS_RUSFARCNY_7Y;0.009339;0.026069
2019-03-14;CNY_OIS_RUSFARCNY_7Y;0.011599;0.028429
2019-03-15;CNY_OIS_RUSFARCNY_7Y;0.014643;0.032285
2019-03-18;CNY_OIS_RUSFARCNY_7Y;0.015866;0.033082
2019-03-19;CNY_OIS_RUSFARCNY_7Y;0.015182;0.031966
2019-03-20;CNY_OIS_RUSFARCNY_7Y;0.015904;0.032204
2019-03-21;CNY_OIS_RUSFARCNY_7Y;0.015606;0.031442
2019-03-22;CNY_OIS_RUSFARCNY_7Y;0.015427;0.030801
2019-03-25;CNY_OIS_RUSFARCNY_7Y;0.014765;0.029763
2019-03-26;CNY_OIS_RUSFARCNY_7Y;0.014583;0.029145
2019-03-27;CNY_OIS_RUSFARCNY_7Y;0.012429;0.027119
2019-03-28;CNY_OIS_RUSFARCNY_7Y;0.009815;0.024833
2019-03-29;CNY_OIS_RUSFARCNY_7Y;0.013305;0.030243
2019-04-01;CNY_OIS_RUSFARCNY_7Y;0.011687;0.028441
2019-04-02;CNY_OIS_RUSFARCNY_7Y;0.007634;0.025314
2019-04-03;CNY_OIS_RUSFARCNY_7Y;0.004512;0.022576
2019-04-04;CNY_OIS_RUSFARCNY_7Y;0.002007;0.020161
2019-04-08;CNY_OIS_RUSFARCNY_7Y;0.002393;0.019995
2019-04-09;CNY_OIS_RUSFARCNY_7Y;0.005627;0.024141
2019-04-10;CNY_OIS_RUSFARCNY_7Y;0.009574;0.029814
2019-04-11;CNY_OIS_RUSFARCNY_7Y;0.013494;0.035034
2019-04-12;CNY_OIS_RUSFARCNY_7Y;0.012961;0.033907
2019-04-15;CNY_OIS_RUSFARCNY_7Y;0.014632;0.035136
2019-04-16;CNY_OIS_RUSFARCNY_7Y;0.01577;0.035718
2019-04-17;CNY_OIS_RUSFARCNY_7Y;0.017159;0.036629
2019-04-18;CNY_OIS_RUSFARCNY_7Y;0.015424;0.034644
2019-04-19;CNY_OIS_RUSFARCNY_7Y;0.014092;0.032956
2019-04-22;CNY_OIS_RUSFARCNY_7Y;0.013283;0.031685
2019-04-23;CNY_OIS_RUSFARCNY_7Y;0.015893;0.034495
2019-04-24;CNY_OIS_RUSFARCNY_7Y;0.015386;0.033482
2019-04-25;CNY_OIS_RUSFARCNY_7Y;0.015986;0.033542
2019-04-26;CNY_OIS_RUSFARCNY_7Y;0.012912;0.030836
2019-04-28;CNY_OIS_RUSFARCNY_7Y;0.007988;0.02724
2019-04-29;CNY_OIS_RUSFARCNY_7Y;0.003912;0.023916
2019-04-30;CNY_OIS_RUSFARCNY_7Y;0.007376;0.028172
2019-05-05;CNY_OIS_RUSFARCNY_7Y;0.00433;0.025298
2019-05-06;CNY_OIS_RUSFARCNY_7Y;0.003068;0.0236
2019-05-07;CNY_OIS_RUSFARCNY_7Y;0.000576;0.021072
2019-05-08;CNY_OIS_RUSFARCNY_7Y;-0.001904;0.018552
2019-05-09;CNY_OIS_RUSFARCNY_7Y;0.001489;0.022599
2019-05-10;CNY_OIS_RUSFARCNY_7Y;0.004497;0.025851
2019-05-13;CNY_OIS_RUSFARCNY_7Y;0.007637;0.029311
2019-05-14;CNY_OIS_RUSFARCNY_7Y;0.010239;0.031835
2019-05-15;CNY_OIS_RUSFARCNY_7Y;0.011713;0.032783
2019-05-16;CNY_OIS_RUSFARCNY_7Y;0.009219;0.030229
2019-05-17;CNY_OIS_RUSFARCNY_7Y;0.007969;0.028539
2019-05-20;CNY_OIS_RUSFARCNY_7Y;0.011868;0.03365
2019-05-21;CNY_OIS_RUSFARCNY_7Y;0.013733;0.035095
2019-05-22;CNY_OIS_RUSFARCNY_7Y;0.012715;0.033573
2019-05-23;CNY_OIS_RUSFARCNY_7Y;0.012636;0.032872
2019-05-24;CNY_OIS_RUSFARCNY_7Y;0.010246;0.030422
2019-05-27;CNY_OIS_RUSFARCNY_7Y;0.013299;0.033849
2019-05-28;CNY_OIS_RUSFARCNY_7Y;0.01451;0.034518
2019-05-29;CNY_OIS_RUSFARCNY_7Y;0.011778;0.03187
2019-05-30;CNY_OIS_RUSFARCNY_7Y;0.007008;0.02816
2019-05-31;CNY_OIS_RUSFARCNY_7Y;0.008526;0.029182
2019-06-03;CNY_OIS_RUSFARCNY_7Y;0.00676;0.027128
2019-06-04;CNY_OIS_RUSFARCNY_7Y;0.00409;0.024498
2019-06-05;CNY_OIS_RUSFARCNY_7Y;0.002851;0.022837
2019-06-06;CNY_OIS_RUSFARCNY_7Y;0.00241;0.021838
2019-06-10;CNY_OIS_RUSFARCNY_7Y;0.005454;0.025334
2019-06-11;CNY_OIS_RUSFARCNY_7Y;0.007603;0.027285
2019-06-12;CNY_OIS_RUSFARCNY_7Y;0.006699;0.025909
2019-06-13;CNY_OIS_RUSFARCNY_7Y;0.00684;0.025468
2019-06-14;CNY_OIS_RUSFARCNY_7Y;0.004905;0.023383
2019-06-17;CNY_OIS_RUSFARCNY_7Y;0.005934;0.023914
2019-06-18;CNY_OIS_RUSFARCNY_7Y;0.003994;0.021854
2019-06-19;CNY_OIS_RUSFARCNY_7Y;0.002597;0.020171
2019-06-20;CNY_OIS_RUSFARCNY_7Y;0.000719;0.018169
2019-06-21;CNY_OIS_RUSFARCNY_7Y;-0.000536;0.016604
2019-06-24;CNY_OIS_RUSFARCNY_7Y;-0.001466;0.015294
2019-06-25;CNY_OIS_RUSFARCNY_7Y;-0.000983;0.015271
2019-06-26;CNY_OIS_RUSFARCNY_7Y;-0.001062;0.01471
2019-06-27;CNY_OIS_RUSFARCNY_7Y;-0.001122;0.01418
2019-06-28;CNY_OIS_RUSFARCNY_7Y;0.002203;0.019035
2019-07-01;CNY_OIS_RUSFARCNY_7Y;-0.00112;0.016248
2019-07-02;CNY_OIS_RUSFARCNY_7Y;-0.002492;0.0146
2019-07-03;CNY_OIS_RUSFARCNY_7Y;-0.00261;0.013978
2019-07-04;CNY_OIS_RUSFARCNY_7Y;-0.002693;0.013401
2019-07-05;CNY_OIS_RUSFARCNY_7Y;-0.000603;0.015531
2019-07-08;CNY_OIS_RUSFARCNY_7Y;0.002672;0.020056
2019-07-09;CNY_OIS_RUSFARCNY_7Y;0.005634;0.023654
2019-07-10;CNY_OIS_RUSFARCNY_7Y;0.006309;0.023799
2019-07-11;CNY_OIS_RUSFARCNY_7Y;0.008229;0.025559
2019-07-12;CNY_OIS_RUSFARCNY_7Y;0.010553;0.027975
2019-07-15;CNY_OIS_RUSFARCNY_7Y;0.013861;0.032317
2019-07-16;CNY_OIS_RUSFARCNY_7Y;0.015156;0.033172
2019-07-17;CNY_OIS_RUSFARCNY_7Y;0.01529;0.032758
2019-07-18;CNY_OIS_RUSFARCNY_7Y;0.016145;0.033123
2019-07-19;CNY_OIS_RUSFARCNY_7Y;0.016936;0.033432
2019-07-22;CNY_OIS_RUSFARCNY_7Y;0.015471;0.031753
2019-07-23;CNY_OIS_RUSFARCNY_7Y;0.014571;0.030497
2019-07-24;CNY_OIS_RUSFARCNY_7Y;0.013964;0.029484
2019-07-25;CNY_OIS_RUSFARCNY_7Y;0.015536;0.030852
2019-07-26;CNY_OIS_RUSFARCNY_7Y;0.015849;0.030699
2019-07-29;CNY_OIS_RUSFARCNY_7Y;0.016005;0.030403
2019-07-30;CNY_OIS_RUSFARCNY_7Y;0.016144;0.030104
2019-07-31;CNY_OIS_RUSFARCNY_7Y;0.016563;0.030105
2019-08-01;CNY_OIS_RUSFARCNY_7Y;0.016689;0.029819
2019-08-02;CNY_OIS_RUSFARCNY_7Y;0.016889;0.029619
2019-08-05;CNY_OIS_RUSFARCNY_7Y;0.016121;0.028587
2019-08-06;CNY_OIS_RUSFARCNY_7Y;0.012884;0.026164
2019-08-07;CNY_OIS_RUSFARCNY_7Y;0.012664;0.025564
2019-08-08;CNY_OIS_RUSFARCNY_7Y;0.015094;0.028734
2019-08-09;CNY_OIS_RUSFARCNY_7Y;0.016196;0.029552
2019-08-12;CNY_OIS_RUSFARCNY_7Y;0.016722;0.029686
2019-08-13;CNY_OIS_RUSFARCNY_7Y;0.017288;0.02988
2019-08-14;CNY_OIS_RUSFARCNY_7Y;0.017696;0.029912
2019-08-15;CNY_OIS_RUSFARCNY_7Y;0.017575;0.029433
2019-08-16;CNY_OIS_RUSFARCNY_7Y;0.017816;0.029312
2019-08-19;CNY_OIS_RUSFARCNY_7Y;0.018001;0.029147
2019-08-20;CNY_OIS_RUSFARCNY_7Y;0.017925;0.028743
2019-08-21;CNY_OIS_RUSFARCNY_7Y;0.017471;0.028021
2019-08-22;CNY_OIS_RUSFARCNY_7Y;0.017226;0.027482
2019-08-23;CNY_OIS_RUSFARCNY_7Y;0.017785;0.027763
2019-08-26;CNY_OIS_RUSFARCNY_7Y;0.01844;0.028168
2019-08-27;CNY_OIS_RUSFARCNY_7Y;0.018954;0.028414
2019-08-28;CNY_OIS_RUSFARCNY_7Y;0.01837;0.027638
2019-08-29;CNY_OIS_RUSFARCNY_7Y;0.017024;0.026364
2019-08-30;CNY_OIS_RUSFARCNY_7Y;0.018015;0.027253
2019-09-02;CNY_OIS_RUSFARCNY_7Y;0.017931;0.026897
2019-09-03;CNY_OIS_RUSFARCNY_7Y;0.017683;0.026405
2019-09-04;CNY_OIS_RUSFARCNY_7Y;0.017084;0.025644
2019-09-05;CNY_OIS_RUSFARCNY_7Y;0.018031;0.026517
2019-09-06;CNY_OIS_RUSFARCNY_7Y;0.018728;0.02704
2019-09-09;CNY_OIS_RUSFARCNY_7Y;0.018953;0.027015
2019-09-10;CNY_OIS_RUSFARCNY_7Y;0.018501;0.026387
2019-09-11;CNY_OIS_RUSFARCNY_7Y;0.017475;0.025373
2019-09-12;CNY_OIS_RUSFARCNY_7Y;0.016693;0.024515
2019-09-16;CNY_OIS_RUSFARCNY_7Y;0.016469;0.024079
2019-09-17;CNY_OIS_RUSFARCNY_7Y;0.018255;0.026873
2019-09-18;CNY_OIS_RUSFARCNY_7Y;0.019014;0.027474
2019-09-19;CNY_OIS_RUSFARCNY_7Y;0.02006;0.028508
2019-09-20;CNY_OIS_RUSFARCNY_7Y;0.020278;0.02847
2019-09-23;CNY_OIS_RUSFARCNY_7Y;0.020531;0.028477
2019-09-24;CNY_OIS_RUSFARCNY_7Y;0.015199;0.026009
2019-09-25;CNY_OIS_RUSFARCNY_7Y;0.011265;0.023483
2019-09-26;CNY_OIS_RUSFARCNY_7Y;0.00615;0.020418
2019-09-27;CNY_OIS_RUSFARCNY_7Y;0.002444;0.017644
2019-09-29;CNY_OIS_RUSFARCNY_7Y;0.00201;0.016798
2019-09-30;CNY_OIS_RUSFARCNY_7Y;0.008002;0.038526
2019-10-08;CNY_OIS_RUSFARCNY_7Y;0.008387;0.037981
2019-10-09;CNY_OIS_RUSFARCNY_7Y;0.004004;0.033864
2019-10-10;CNY_OIS_RUSFARCNY_7Y;0.002487;0.031661
2019-10-11;CNY_OIS_RUSFARCNY_7Y;0.001844;0.030204
2019-10-12;CNY_OIS_RUSFARCNY_7Y;0.005002;0.033126
2019-10-14;CNY_OIS_RUSFARCNY_7Y;0.008436;0.036492
2019-10-15;CNY_OIS_RUSFARCNY_7Y;0.010267;0.037621
2019-10-16;CNY_OIS_RUSFARCNY_7Y;0.010594;0.037114
2019-10-17;CNY_OIS_RUSFARCNY_7Y;0.009864;0.035664
2019-10-18;CNY_OIS_RUSFARCNY_7Y;0.010583;0.035605
2019-10-21;CNY_OIS_RUSFARCNY_7Y;0.011588;0.03588
2019-10-22;CNY_OIS_RUSFARCNY_7Y;0.013073;0.036735
2019-10-23;CNY_OIS_RUSFARCNY_7Y;0.011897;0.035011
2019-10-24;CNY_OIS_RUSFARCNY_7Y;0.009988;0.03276
2019-10-25;CNY_OIS_RUSFARCNY_7Y;0.01092;0.033028
2019-10-28;CNY_OIS_RUSFARCNY_7Y;0.010973;0.032415
2019-10-29;CNY_OIS_RUSFARCNY_7Y;0.010145;0.031043
2019-10-30;CNY_OIS_RUSFARCNY_7Y;0.009794;0.030094
2019-10-31;CNY_OIS_RUSFARCNY_7Y;0.012585;0.033043
2019-11-01;CNY_OIS_RUSFARCNY_7Y;0.009616;0.030232
2019-11-04;CNY_OIS_RUSFARCNY_7Y;0.007432;0.027896
2019-11-05;CNY_OIS_RUSFARCNY_7Y;0.005614;0.025814
2019-11-06;CNY_OIS_RUSFARCNY_7Y;0.004961;0.024627
2019-11-07;CNY_OIS_RUSFARCNY_7Y;0.006451;0.025677
2019-11-08;CNY_OIS_RUSFARCNY_7Y;0.006613;0.025255
2019-11-11;CNY_OIS_RUSFARCNY_7Y;0.008118;0.02637
2019-11-12;CNY_OIS_RUSFARCNY_7Y;0.011218;0.03013
2019-11-13;CNY_OIS_RUSFARCNY_7Y;0.013476;0.032312
2019-11-14;CNY_OIS_RUSFARCNY_7Y;0.014419;0.032729
2019-11-15;CNY_OIS_RUSFARCNY_7Y;0.014964;0.032724
2019-11-18;CNY_OIS_RUSFARCNY_7Y;0.015373;0.032595
2019-11-19;CNY_OIS_RUSFARCNY_7Y;0.011277;0.029411
2019-11-20;CNY_OIS_RUSFARCNY_7Y;0.00611;0.025698
2019-11-21;CNY_OIS_RUSFARCNY_7Y;0.005896;0.024912
2019-11-22;CNY_OIS_RUSFARCNY_7Y;0.007126;0.025662
2019-11-25;CNY_OIS_RUSFARCNY_7Y;0.009848;0.02866
2019-11-26;CNY_OIS_RUSFARCNY_7Y;0.010983;0.029305
2019-11-27;CNY_OIS_RUSFARCNY_7Y;0.01032;0.028168
2019-11-28;CNY_OIS_RUSFARCNY_7Y;0.008911;0.026477
2019-11-29;CNY_OIS_RUSFARCNY_7Y;0.01154;0.029408
2019-12-02;CNY_OIS_RUSFARCNY_7Y;0.0105;0.027988
2019-12-03;CNY_OIS_RUSFARCNY_7Y;0.0097;0.026768
2019-12-04;CNY_OIS_RUSFARCNY_7Y;0.008203;0.025045
2019-12-05;CNY_OIS_RUSFARCNY_7Y;0.007785;0.024163
2019-12-06;CNY_OIS_RUSFARCNY_7Y;0.009541;0.025747
2019-12-09;CNY_OIS_RUSFARCNY_7Y;0.012074;0.028654
2019-12-10;CNY_OIS_RUSFARCNY_7Y;0.010731;0.027057
2019-12-11;CNY_OIS_RUSFARCNY_7Y;0.009728;0.02572
2019-12-12;CNY_OIS_RUSFARCNY_7Y;0.009687;0.025201
2019-12-13;CNY_OIS_RUSFARCNY_7Y;0.010683;0.025805
2019-12-16;CNY_OIS_RUSFARCNY_7Y;0.01338;0.029188
2019-12-17;CNY_OIS_RUSFARCNY_7Y;0.014282;0.029666
2019-12-18;CNY_OIS_RUSFARCNY_7Y;0.014303;0.029225
2019-12-19;CNY_OIS_RUSFARCNY_7Y;0.009147;0.025831
2019-12-20;CNY_OIS_RUSFARCNY_7Y;0.006627;0.023481
2019-12-23;CNY_OIS_RUSFARCNY_7Y;0.00394;0.021028
2019-12-24;CNY_OIS_RUSFARCNY_7Y;-0.001282;0.01739
2019-12-25;CNY_OIS_RUSFARCNY_7Y;-0.002859;0.015547
2019-12-26;CNY_OIS_RUSFARCNY_7Y;-0.003577;0.014365
2019-12-27;CNY_OIS_RUSFARCNY_7Y;-0.001309;0.016637
2019-12-30;CNY_OIS_RUSFARCNY_7Y;0.00013;0.017698
2019-12-31;CNY_OIS_RUSFARCNY_7Y;0.004077;0.023631
2020-01-02;CNY_OIS_RUSFARCNY_7Y;0.001563;0.021137
2020-01-03;CNY_OIS_RUSFARCNY_7Y;-0.001342;0.01841
2020-01-06;CNY_OIS_RUSFARCNY_7Y;-0.002755;0.016643
2020-01-07;CNY_OIS_RUSFARCNY_7Y;-0.000562;0.01869
2020-01-08;CNY_OIS_RUSFARCNY_7Y;0.002549;0.022339
2020-01-09;CNY_OIS_RUSFARCNY_7Y;0.004129;0.023499
2020-01-10;CNY_OIS_RUSFARCNY_7Y;0.005212;0.02406
2020-01-13;CNY_OIS_RUSFARCNY_7Y;0.007951;0.027057
2020-01-14;CNY_OIS_RUSFARCNY_7Y;0.011813;0.032375
2020-01-15;CNY_OIS_RUSFARCNY_7Y;0.013399;0.033509
2020-01-16;CNY_OIS_RUSFARCNY_7Y;0.013246;0.032762
2020-01-17;CNY_OIS_RUSFARCNY_7Y;0.012635;0.031633
2020-01-19;CNY_OIS_RUSFARCNY_7Y;0.011774;0.030314
2020-01-20;CNY_OIS_RUSFARCNY_7Y;0.010264;0.028524
2020-01-21;CNY_OIS_RUSFARCNY_7Y;0.006235;0.025293
2020-01-22;CNY_OIS_RUSFARCNY_7Y;0.002405;0.022103
2020-01-23;CNY_OIS_RUSFARCNY_7Y;0.008337;0.034371
2020-02-03;CNY_OIS_RUSFARCNY_7Y;0.00932;0.034588
2020-02-04;CNY_OIS_RUSFARCNY_7Y;0.007191;0.032097
2020-02-05;CNY_OIS_RUSFARCNY_7Y;0.005159;0.029689
2020-02-06;CNY_OIS_RUSFARCNY_7Y;0.003001;0.027207
2020-02-07;CNY_OIS_RUSFARCNY_7Y;0.003107;0.026581
2020-02-10;CNY_OIS_RUSFARCNY_7Y;0.001972;0.024896
2020-02-11;CNY_OIS_RUSFARCNY_7Y;0.001365;0.023663
2020-02-12;CNY_OIS_RUSFARCNY_7Y;0.001308;0.02294
2020-02-13;CNY_OIS_RUSFARCNY_7Y;0.00083;0.021858
2020-02-14;CNY_OIS_RUSFARCNY_7Y;-0.00088;0.019828
2020-02-17;CNY_OIS_RUSFARCNY_7Y;0.000992;0.021336
2020-02-18;CNY_OIS_RUSFARCNY_7Y;0.002053;0.021835
2020-02-19;CNY_OIS_RUSFARCNY_7Y;0.00351;0.022838
2020-02-20;CNY_OIS_RUSFARCNY_7Y;0.001327;0.020561
2020-02-21;CNY_OIS_RUSFARCNY_7Y;0.001128;0.0198
2020-02-24;CNY_OIS_RUSFARCNY_7Y;0.003028;0.02146
2020-02-25;CNY_OIS_RUSFARCNY_7Y;0.003974;0.021894
2020-02-26;CNY_OIS_RUSFARCNY_7Y;0.003159;0.020649
2020-02-27;CNY_OIS_RUSFARCNY_7Y;0.001778;0.01899
2020-02-28;CNY_OIS_RUSFARCNY_7Y;0.004414;0.021974
2020-03-02;CNY_OIS_RUSFARCNY_7Y;0.005501;0.022607
2020-03-03;CNY_OIS_RUSFARCNY_7Y;0.004793;0.021475
2020-03-04;CNY_OIS_RUSFARCNY_7Y;0.003299;0.019769
2020-03-05;CNY_OIS_RUSFARCNY_7Y;0.003429;0.019399
2020-03-06;CNY_OIS_RUSFARCNY_7Y;0.002745;0.018323
2020-03-09;CNY_OIS_RUSFARCNY_7Y;0.00493;0.020658
2020-03-10;CNY_OIS_RUSFARCNY_7Y;0.008377;0.025731
2020-03-11;CNY_OIS_RUSFARCNY_7Y;0.009621;0.026567
2020-03-12;CNY_OIS_RUSFARCNY_7Y;0.004229;0.022879
2020-03-13;CNY_OIS_RUSFARCNY_7Y;0.001692;0.020416
2020-03-16;CNY_OIS_RUSFARCNY_7Y;-2.6e-05;0.018474
2020-03-17;CNY_OIS_RUSFARCNY_7Y;-0.001339;0.016827
2020-03-18;CNY_OIS_RUSFARCNY_7Y;-0.002339;0.015427
2020-03-19;CNY_OIS_RUSFARCNY_7Y;-0.003313;0.014061
2020-03-20;CNY_OIS_RUSFARCNY_7Y;-0.003573;0.013301
2020-03-23;CNY_OIS_RUSFARCNY_7Y;-0.00283;0.013558
2020-03-24;CNY_OIS_RUSFARCNY_7Y;-0.002896;0.013004
2020-03-25;CNY_OIS_RUSFARCNY_7Y;-0.002331;0.013099
2020-03-26;CNY_OIS_RUSFARCNY_7Y;-0.002116;0.012844
2020-03-27;CNY_OIS_RUSFARCNY_7Y;0.000277;0.015631
2020-03-30;CNY_OIS_RUSFARCNY_7Y;0.002762;0.018546
2020-03-31;CNY_OIS_RUSFARCNY_7Y;0.005055;0.021053
2020-04-01;CNY_OIS_RUSFARCNY_7Y;0.002922;0.018966
2020-04-02;CNY_OIS_RUSFARCNY_7Y;0.001822;0.017566
2020-04-03;CNY_OIS_RUSFARCNY_7Y;-0.00117;0.015018
2020-04-07;CNY_OIS_RUSFARCNY_7Y;-0.003099;0.013047
2020-04-08;CNY_OIS_RUSFARCNY_7Y;-0.002028;0.013716
2020-04-09;CNY_OIS_RUSFARCNY_7Y;0.000601;0.016867
2020-04-10;CNY_OIS_RUSFARCNY_7Y;0.002353;0.018455
2020-04-13;CNY_OIS_RUSFARCNY_7Y;0.002883;0.018505
2020-04-14;CNY_OIS_RUSFARCNY_7Y;-0.001589;0.015297
2020-04-15;CNY_OIS_RUSFARCNY_7Y;-0.003474;0.013322
2020-04-16;CNY_OIS_RUSFARCNY_7Y;-0.004265;0.012133
2020-04-17;CNY_OIS_RUSFARCNY_7Y;-0.003876;0.012024
2020-04-20;CNY_OIS_RUSFARCNY_7Y;-0.00203;0.013778
2020-04-21;CNY_OIS_RUSFARCNY_7Y;-0.001739;0.013587
2020-04-22;CNY_OIS_RUSFARCNY_7Y;-0.001506;0.013354
2020-04-23;CNY_OIS_RUSFARCNY_7Y;-0.00136;0.013048
2020-04-24;CNY_OIS_RUSFARCNY_7Y;-0.000953;0.013021
2020-04-26;CNY_OIS_RUSFARCNY_7Y;-0.00078;0.012768
2020-04-27;CNY_OIS_RUSFARCNY_7Y;-0.000922;0.01223
2020-04-28;CNY_OIS_RUSFARCNY_7Y;-0.000722;0.01203
2020-04-29;CNY_OIS_RUSFARCNY_7Y;-0.002995;0.010043
2020-04-30;CNY_OIS_RUSFARCNY_7Y;0.002295;0.029293
2020-05-06;CNY_OIS_RUSFARCNY_7Y;-0.001923;0.025411
2020-05-07;CNY_OIS_RUSFARCNY_7Y;-0.005313;0.022001
2020-05-08;CNY_OIS_RUSFARCNY_7Y;-0.007096;0.019684
2020-05-09;CNY_OIS_RUSFARCNY_7Y;-0.007596;0.018424
2020-05-11;CNY_OIS_RUSFARCNY_7Y;-0.006942;0.01829
2020-05-12;CNY_OIS_RUSFARCNY_7Y;-0.007308;0.017196
2020-05-13;CNY_OIS_RUSFARCNY_7Y;-0.007953;0.015881
2020-05-14;CNY_OIS_RUSFARCNY_7Y;-0.007216;0.015904
2020-05-15;CNY_OIS_RUSFARCNY_7Y;-0.005716;0.016824
2020-05-18;CNY_OIS_RUSFARCNY_7Y;-0.00497;0.016898
2020-05-19;CNY_OIS_RUSFARCNY_7Y;-0.000818;0.022346
2020-05-20;CNY_OIS_RUSFARCNY_7Y;-0.002229;0.020457
2020-05-21;CNY_OIS_RUSFARCNY_7Y;-0.003101;0.019009
2020-05-22;CNY_OIS_RUSFARCNY_7Y;-0.002865;0.018573
2020-05-25;CNY_OIS_RUSFARCNY_7Y;0.000618;0.02267
2020-05-26;CNY_OIS_RUSFARCNY_7Y;0.004315;0.027113
2020-05-27;CNY_OIS_RUSFARCNY_7Y;0.00669;0.029218
2020-05-28;CNY_OIS_RUSFARCNY_7Y;0.007013;0.028855
2020-05-29;CNY_OIS_RUSFARCNY_7Y;0.007296;0.028472
2020-06-01;CNY_OIS_RUSFARCNY_7Y;0.001975;0.024433
2020-06-02;CNY_OIS_RUSFARCNY_7Y;0.000595;0.022593
2020-06-03;CNY_OIS_RUSFARCNY_7Y;0.004356;0.027172
2020-06-04;CNY_OIS_RUSFARCNY_7Y;0.005458;0.02763
2020-06-05;CNY_OIS_RUSFARCNY_7Y;0.001365;0.024103
2020-06-08;CNY_OIS_RUSFARCNY_7Y;0.004392;0.027236
2020-06-09;CNY_OIS_RUSFARCNY_7Y;0.004156;0.026332
2020-06-10;CNY_OIS_RUSFARCNY_7Y;0.004653;0.026155
2020-06-11;CNY_OIS_RUSFARCNY_7Y;0.004022;0.024946
2020-06-12;CNY_OIS_RUSFARCNY_7Y;0.001821;0.022587
2020-06-15;CNY_OIS_RUSFARCNY_7Y;0.001605;0.021763
2020-06-16;CNY_OIS_RUSFARCNY_7Y;0.004296;0.024552
2020-06-17;CNY_OIS_RUSFARCNY_7Y;0.007158;0.02763
2020-06-18;CNY_OIS_RUSFARCNY_7Y;0.008194;0.028094
2020-06-19;CNY_OIS_RUSFARCNY_7Y;0.008576;0.027872
2020-06-22;CNY_OIS_RUSFARCNY_7Y;0.00889;0.027598
2020-06-23;CNY_OIS_RUSFARCNY_7Y;0.007419;0.025829
2020-06-24;CNY_OIS_RUSFARCNY_7Y;0.002455;0.022173
2020-06-28;CNY_OIS_RUSFARCNY_7Y;-0.002614;0.018362
2020-06-29;CNY_OIS_RUSFARCNY_7Y;-0.003167;0.017235
2020-06-30;CNY_OIS_RUSFARCNY_7Y;0.002343;0.027185
2020-07-01;CNY_OIS_RUSFARCNY_7Y;0.004412;0.028756
2020-07-02;CNY_OIS_RUSFARCNY_7Y;0.002367;0.026361
2020-07-03;CNY_OIS_RUSFARCNY_7Y;-0.001653;0.022761
2020-07-06;CNY_OIS_RUSFARCNY_7Y;-0.001462;0.02221
2020-07-07;CNY_OIS_RUSFARCNY_7Y;0.001977;0.025971
2020-07-08;CNY_OIS_RUSFARCNY_7Y;0.005584;0.030004
2020-07-09;CNY_OIS_RUSFARCNY_7Y;0.006925;0.030683
2020-07-10;CNY_OIS_RUSFARCNY_7Y;0.007367;0.030401
2020-07-13;CNY_OIS_RUSFARCNY_7Y;0.007007;0.029381
2020-07-14;CNY_OIS_RUSFARCNY_7Y;0.00189;0.025338
2020-07-15;CNY_OIS_RUSFARCNY_7Y;0.005263;0.029005
2020-07-16;CNY_OIS_RUSFARCNY_7Y;0.007665;0.031093
2020-07-17;CNY_OIS_RUSFARCNY_7Y;0.008809;0.031579
2020-07-20;CNY_OIS_RUSFARCNY_7Y;0.004865;0.028093
2020-07-21;CNY_OIS_RUSFARCNY_7Y;0.000926;0.024582
2020-07-22;CNY_OIS_RUSFARCNY_7Y;-0.001444;0.021992
2020-07-23;CNY_OIS_RUSFARCNY_7Y;0.003051;0.027937
2020-07-24;CNY_OIS_RUSFARCNY_7Y;0.003279;0.027409
2020-07-27;CNY_OIS_RUSFARCNY_7Y;0.005065;0.028643
2020-07-28;CNY_OIS_RUSFARCNY_7Y;0.002776;0.026112
2020-07-29;CNY_OIS_RUSFARCNY_7Y;-0.000275;0.023103
2020-07-30;CNY_OIS_RUSFARCNY_7Y;-0.000757;0.021965
2020-07-31;CNY_OIS_RUSFARCNY_7Y;0.003051;0.026537
2020-08-03;CNY_OIS_RUSFARCNY_7Y;0.001033;0.024195
2020-08-04;CNY_OIS_RUSFARCNY_7Y;0.004417;0.027911
2020-08-05;CNY_OIS_RUSFARCNY_7Y;0.002198;0.02543
2020-08-06;CNY_OIS_RUSFARCNY_7Y;0.002259;0.024789
2020-08-07;CNY_OIS_RUSFARCNY_7Y;0.005903;0.029065
2020-08-10;CNY_OIS_RUSFARCNY_7Y;0.006954;0.029454
2020-08-11;CNY_OIS_RUSFARCNY_7Y;0.007994;0.029854
2020-08-12;CNY_OIS_RUSFARCNY_7Y;0.007827;0.029041
2020-08-13;CNY_OIS_RUSFARCNY_7Y;0.008249;0.028819
2020-08-14;CNY_OIS_RUSFARCNY_7Y;0.008692;0.028636
2020-08-17;CNY_OIS_RUSFARCNY_7Y;0.008515;0.027873
2020-08-18;CNY_OIS_RUSFARCNY_7Y;0.008679;0.027449
2020-08-19;CNY_OIS_RUSFARCNY_7Y;0.009289;0.027499
2020-08-20;CNY_OIS_RUSFARCNY_7Y;0.009803;0.027465
2020-08-21;CNY_OIS_RUSFARCNY_7Y;0.010892;0.028096
2020-08-24;CNY_OIS_RUSFARCNY_7Y;0.012111;0.028907
2020-08-25;CNY_OIS_RUSFARCNY_7Y;0.00762;0.025588
2020-08-26;CNY_OIS_RUSFARCNY_7Y;0.003901;0.022527
2020-08-27;CNY_OIS_RUSFARCNY_7Y;0.002533;0.020835
2020-08-28;CNY_OIS_RUSFARCNY_7Y;0.0014;0.019328
2020-08-31;CNY_OIS_RUSFARCNY_7Y;0.004967;0.024181
2020-09-01;CNY_OIS_RUSFARCNY_7Y;0.008077;0.027831
2020-09-02;CNY_OIS_RUSFARCNY_7Y;0.008278;0.02743
2020-09-03;CNY_OIS_RUSFARCNY_7Y;0.004439;0.024229
2020-09-04;CNY_OIS_RUSFARCNY_7Y;0.007378;0.02749
2020-09-07;CNY_OIS_RUSFARCNY_7Y;0.008038;0.02755
2020-09-08;CNY_OIS_RUSFARCNY_7Y;0.007959;0.026889
2020-09-09;CNY_OIS_RUSFARCNY_7Y;0.002843;0.023125
2020-09-10;CNY_OIS_RUSFARCNY_7Y;0.000145;0.020483
2020-09-11;CNY_OIS_RUSFARCNY_7Y;0.001621;0.021487
2020-09-14;CNY_OIS_RUSFARCNY_7Y;0.003254;0.022714
2020-09-15;CNY_OIS_RUSFARCNY_7Y;0.004714;0.023734
2020-09-16;CNY_OIS_RUSFARCNY_7Y;0.001201;0.020707
2020-09-17;CNY_OIS_RUSFARCNY_7Y;0.004504;0.024704
2020-09-18;CNY_OIS_RUSFARCNY_7Y;0.007614;0.028234
2020-09-21;CNY_OIS_RUSFARCNY_7Y;0.008908;0.029
2020-09-22;CNY_OIS_RUSFARCNY_7Y;0.010001;0.029547
2020-09-23;CNY_OIS_RUSFARCNY_7Y;0.005505;0.026003
2020-09-24;CNY_OIS_RUSFARCNY_7Y;0.000257;0.022051
2020-09-25;CNY_OIS_RUSFARCNY_7Y;-0.002945;0.019033
2020-09-27;CNY_OIS_RUSFARCNY_7Y;-0.007674;0.015202
2020-09-28;CNY_OIS_RUSFARCNY_7Y;-0.008185;0.014053
2020-09-29;CNY_OIS_RUSFARCNY_7Y;-0.005152;0.01724
2020-09-30;CNY_OIS_RUSFARCNY_7Y;0.002749;0.038299
2020-10-09;CNY_OIS_RUSFARCNY_7Y;-0.000224;0.034812
2020-10-10;CNY_OIS_RUSFARCNY_7Y;-0.004251;0.030639
2020-10-12;CNY_OIS_RUSFARCNY_7Y;-0.004727;0.029155
2020-10-13;CNY_OIS_RUSFARCNY_7Y;-0.002594;0.030422
2020-10-14;CNY_OIS_RUSFARCNY_7Y;0.000328;0.03274
2020-10-15;CNY_OIS_RUSFARCNY_7Y;0.001801;0.033287
2020-10-16;CNY_OIS_RUSFARCNY_7Y;0.001814;0.032354
2020-10-19;CNY_OIS_RUSFARCNY_7Y;0.003887;0.033681
2020-10-20;CNY_OIS_RUSFARCNY_7Y;0.004089;0.032979
2020-10-21;CNY_OIS_RUSFARCNY_7Y;0.002687;0.030901
2020-10-22;CNY_OIS_RUSFARCNY_7Y;0.002327;0.029721
2020-10-23;CNY_OIS_RUSFARCNY_7Y;0.005023;0.032025
2020-10-26;CNY_OIS_RUSFARCNY_7Y;0.005623;0.031805
2020-10-27;CNY_OIS_RUSFARCNY_7Y;0.007874;0.033554
2020-10-28;CNY_OIS_RUSFARCNY_7Y;0.008255;0.033153
2020-10-29;CNY_OIS_RUSFARCNY_7Y;0.005845;0.030483
2020-10-30;CNY_OIS_RUSFARCNY_7Y;0.007281;0.031267
2020-11-02;CNY_OIS_RUSFARCNY_7Y;0.008477;0.031791
2020-11-03;CNY_OIS_RUSFARCNY_7Y;0.003461;0.027727
2020-11-04;CNY_OIS_RUSFARCNY_7Y;-0.001045;0.023853
2020-11-05;CNY_OIS_RUSFARCNY_7Y;-0.001406;0.022774
2020-11-06;CNY_OIS_RUSFARCNY_7Y;0.002424;0.027204
2020-11-09;CNY_OIS_RUSFARCNY_7Y;0.006209;0.031479
2020-11-10;CNY_OIS_RUSFARCNY_7Y;0.007918;0.03257
2020-11-11;CNY_OIS_RUSFARCNY_7Y;0.008102;0.032006
2020-11-12;CNY_OIS_RUSFARCNY_7Y;0.010363;0.033885
2020-11-13;CNY_OIS_RUSFARCNY_7Y;0.010741;0.033547
2020-11-16;CNY_OIS_RUSFARCNY_7Y;0.008069;0.030799
2020-11-17;CNY_OIS_RUSFARCNY_7Y;0.003024;0.026764
2020-11-18;CNY_OIS_RUSFARCNY_7Y;0.002581;0.025647
2020-11-19;CNY_OIS_RUSFARCNY_7Y;0.004748;0.02744
2020-11-20;CNY_OIS_RUSFARCNY_7Y;0.005496;0.027512
2020-11-23;CNY_OIS_RUSFARCNY_7Y;0.004568;0.02604
2020-11-24;CNY_OIS_RUSFARCNY_7Y;0.004784;0.025604
2020-11-25;CNY_OIS_RUSFARCNY_7Y;0.002313;0.023075
2020-11-26;CNY_OIS_RUSFARCNY_7Y;-0.000532;0.02032
2020-11-27;CNY_OIS_RUSFARCNY_7Y;-0.005787;0.016335
2020-11-30;CNY_OIS_RUSFARCNY_7Y;-0.002998;0.019126
2020-12-01;CNY_OIS_RUSFARCNY_7Y;-0.006701;0.015809
2020-12-02;CNY_OIS_RUSFARCNY_7Y;-0.00658;0.015248
2020-12-03;CNY_OIS_RUSFARCNY_7Y;-0.00477;0.016618
2020-12-04;CNY_OIS_RUSFARCNY_7Y;-0.002749;0.018297
2020-12-07;CNY_OIS_RUSFARCNY_7Y;1.5e-05;0.021133
2020-12-08;CNY_OIS_RUSFARCNY_7Y;-0.000322;0.02019
2020-12-09;CNY_OIS_RUSFARCNY_7Y;-0.002643;0.017771
2020-12-10;CNY_OIS_RUSFARCNY_7Y;-0.003228;0.016636
2020-12-11;CNY_OIS_RUSFARCNY_7Y;0.00064;0.021808
2020-12-14;CNY_OIS_RUSFARCNY_7Y;0.003339;0.024529
2020-12-15;CNY_OIS_RUSFARCNY_7Y;0.000269;0.021619
2020-12-16;CNY_OIS_RUSFARCNY_7Y;-0.004504;0.017812
2020-12-17;CNY_OIS_RUSFARCNY_7Y;-0.000964;0.021912
2020-12-18;CNY_OIS_RUSFARCNY_7Y;0.002495;0.025793
2020-12-21;CNY_OIS_RUSFARCNY_7Y;0.000283;0.023325
2020-12-22;CNY_OIS_RUSFARCNY_7Y;-0.005019;0.019147
2020-12-23;CNY_OIS_RUSFARCNY_7Y;-0.009175;0.015463
2020-12-24;CNY_OIS_RUSFARCNY_7Y;-0.008941;0.014949
2020-12-25;CNY_OIS_RUSFARCNY_7Y;-0.006874;0.016562
2020-12-28;CNY_OIS_RUSFARCNY_7Y;-0.007777;0.015065
2020-12-29;CNY_OIS_RUSFARCNY_7Y;-0.007929;0.014237
2020-12-30;CNY_OIS_RUSFARCNY_7Y;-0.007394;0.014102
2020-12-31;CNY_OIS_RUSFARCNY_7Y;-0.003453;0.019141
2021-01-04;CNY_OIS_RUSFARCNY_7Y;-0.00521;0.017018
2021-01-05;CNY_OIS_RUSFARCNY_7Y;-0.006698;0.015106
2021-01-06;CNY_OIS_RUSFARCNY_7Y;-0.007553;0.013701
2021-01-07;CNY_OIS_RUSFARCNY_7Y;-0.004597;0.016845
2021-01-08;CNY_OIS_RUSFARCNY_7Y;-0.003839;0.016967
2021-01-11;CNY_OIS_RUSFARCNY_7Y;-0.001303;0.019451
2021-01-12;CNY_OIS_RUSFARCNY_7Y;0.000119;0.020369
2021-01-13;CNY_OIS_RUSFARCNY_7Y;0.001085;0.020763
2021-01-14;CNY_OIS_RUSFARCNY_7Y;0.00376;0.023568
2021-01-15;CNY_OIS_RUSFARCNY_7Y;0.004672;0.023916
2021-01-18;CNY_OIS_RUSFARCNY_7Y;0.008105;0.028223
2021-01-19;CNY_OIS_RUSFARCNY_7Y;0.009462;0.029086
2021-01-20;CNY_OIS_RUSFARCNY_7Y;0.011731;0.031237
2021-01-21;CNY_OIS_RUSFARCNY_7Y;0.013122;0.032166
2021-01-22;CNY_OIS_RUSFARCNY_7Y;0.011946;0.030602
2021-01-25;CNY_OIS_RUSFARCNY_7Y;0.012369;0.030459
2021-01-26;CNY_OIS_RUSFARCNY_7Y;0.015004;0.033344
2021-01-27;CNY_OIS_RUSFARCNY_7Y;0.017412;0.035816
2021-01-28;CNY_OIS_RUSFARCNY_7Y;0.018217;0.036091
2021-01-29;CNY_OIS_RUSFARCNY_7Y;0.020713;0.038755
2021-02-01;CNY_OIS_RUSFARCNY_7Y;0.014919;0.034809
2021-02-02;CNY_OIS_RUSFARCNY_7Y;0.009324;0.030764
2021-02-03;CNY_OIS_RUSFARCNY_7Y;0.004212;0.026796
2021-02-04;CNY_OIS_RUSFARCNY_7Y;0.006517;0.028811
2021-02-05;CNY_OIS_RUSFARCNY_7Y;0.005076;0.026932
2021-02-07;CNY_OIS_RUSFARCNY_7Y;0.001557;0.023731
2021-02-08;CNY_OIS_RUSFARCNY_7Y;0.004748;0.0272
2021-02-09;CNY_OIS_RUSFARCNY_7Y;0.003672;0.025596
2021-02-10;CNY_OIS_RUSFARCNY_7Y;0.005433;0.026895
2021-02-18;CNY_OIS_RUSFARCNY_7Y;0.009161;0.031487
2021-02-19;CNY_OIS_RUSFARCNY_7Y;0.004083;0.027465
2021-02-20;CNY_OIS_RUSFARCNY_7Y;-0.000594;0.023562
2021-02-22;CNY_OIS_RUSFARCNY_7Y;0.000312;0.023756
2021-02-23;CNY_OIS_RUSFARCNY_7Y;0.004498;0.02901
2021-02-24;CNY_OIS_RUSFARCNY_7Y;-0.000704;0.024772
2021-02-25;CNY_OIS_RUSFARCNY_7Y;0.001455;0.026433
2021-02-26;CNY_OIS_RUSFARCNY_7Y;0.005149;0.030519
2021-03-01;CNY_OIS_RUSFARCNY_7Y;0.00614;0.030768
2021-03-02;CNY_OIS_RUSFARCNY_7Y;0.00217;0.027158
2021-03-03;CNY_OIS_RUSFARCNY_7Y;-0.000845;0.024093
2021-03-04;CNY_OIS_RUSFARCNY_7Y;0.003301;0.029047
2021-03-05;CNY_OIS_RUSFARCNY_7Y;-0.0004;0.025528
2021-03-08;CNY_OIS_RUSFARCNY_7Y;0.001312;0.026596
2021-03-09;CNY_OIS_RUSFARCNY_7Y;0.004509;0.029799
2021-03-10;CNY_OIS_RUSFARCNY_7Y;0.001832;0.026936
2021-03-11;CNY_OIS_RUSFARCNY_7Y;0.002695;0.027053
2021-03-12;CNY_OIS_RUSFARCNY_7Y;0.002975;0.026593
2021-03-15;CNY_OIS_RUSFARCNY_7Y;0.00708;0.031648
2021-03-16;CNY_OIS_RUSFARCNY_7Y;0.00636;0.030268
2021-03-17;CNY_OIS_RUSFARCNY_7Y;0.004885;0.028303
2021-03-18;CNY_OIS_RUSFARCNY_7Y;0.007388;0.03056
2021-03-19;CNY_OIS_RUSFARCNY_7Y;0.00701;0.029518
2021-03-22;CNY_OIS_RUSFARCNY_7Y;0.006493;0.028375
2021-03-23;CNY_OIS_RUSFARCNY_7Y;0.00604;0.027308
2021-03-24;CNY_OIS_RUSFARCNY_7Y;0.004716;0.025552
2021-03-25;CNY_OIS_RUSFARCNY_7Y;0.006905;0.027503
2021-03-26;CNY_OIS_RUSFARCNY_7Y;0.004217;0.024851
2021-03-29;CNY_OIS_RUSFARCNY_7Y;0.005039;0.025069
2021-03-30;CNY_OIS_RUSFARCNY_7Y;0.005453;0.024875
2021-03-31;CNY_OIS_RUSFARCNY_7Y;0.0083;0.028008
2021-04-01;CNY_OIS_RUSFARCNY_7Y;0.008789;0.027899
2021-04-02;CNY_OIS_RUSFARCNY_7Y;0.004173;0.024335
2021-04-06;CNY_OIS_RUSFARCNY_7Y;0.004785;0.024343
2021-04-07;CNY_OIS_RUSFARCNY_7Y;0.005656;0.024652
2021-04-08;CNY_OIS_RUSFARCNY_7Y;0.005284;0.023744
2021-04-09;CNY_OIS_RUSFARCNY_7Y;0.005802;0.023706
2021-04-12;CNY_OIS_RUSFARCNY_7Y;0.006155;0.023513
2021-04-13;CNY_OIS_RUSFARCNY_7Y;0.006308;0.02314
2021-04-14;CNY_OIS_RUSFARCNY_7Y;0.00685;0.023178
2021-04-15;CNY_OIS_RUSFARCNY_7Y;0.007099;0.022929
2021-04-16;CNY_OIS_RUSFARCNY_7Y;0.008587;0.024161
2021-04-19;CNY_OIS_RUSFARCNY_7Y;0.010361;0.025827
2021-04-20;CNY_OIS_RUSFARCNY_7Y;0.00753;0.023378
2021-04-21;CNY_OIS_RUSFARCNY_7Y;0.00787;0.023238
2021-04-22;CNY_OIS_RUSFARCNY_7Y;0.010308;0.02606
2021-04-23;CNY_OIS_RUSFARCNY_7Y;0.008489;0.024179
2021-04-25;CNY_OIS_RUSFARCNY_7Y;0.009452;0.024736
2021-04-26;CNY_OIS_RUSFARCNY_7Y;0.010234;0.025094
2021-04-27;CNY_OIS_RUSFARCNY_7Y;0.007417;0.022691
2021-04-28;CNY_OIS_RUSFARCNY_7Y;0.007302;0.022126
2021-04-29;CNY_OIS_RUSFARCNY_7Y;0.007946;0.022342
2021-04-30;CNY_OIS_RUSFARCNY_7Y;0.011465;0.028063
2021-05-06;CNY_OIS_RUSFARCNY_7Y;0.009633;0.026135
2021-05-07;CNY_OIS_RUSFARCNY_7Y;0.006128;0.02328
2021-05-08;CNY_OIS_RUSFARCNY_7Y;0.003089;0.020619
2021-05-10;CNY_OIS_RUSFARCNY_7Y;0.004889;0.022199
2021-05-11;CNY_OIS_RUSFARCNY_7Y;0.007487;0.025101
2021-05-12;CNY_OIS_RUSFARCNY_7Y;0.007885;0.024963
2021-05-13;CNY_OIS_RUSFARCNY_7Y;0.008293;0.024855
2021-05-14;CNY_OIS_RUSFARCNY_7Y;0.006785;0.023143
2021-05-17;CNY_OIS_RUSFARCNY_7Y;0.009716;0.026832
2021-05-18;CNY_OIS_RUSFARCNY_7Y;0.009805;0.026403
2021-05-19;CNY_OIS_RUSFARCNY_7Y;0.009066;0.025262
2021-05-20;CNY_OIS_RUSFARCNY_7Y;0.009956;0.025712
2021-05-21;CNY_OIS_RUSFARCNY_7Y;0.009179;0.024569
2021-05-24;CNY_OIS_RUSFARCNY_7Y;0.010972;0.026276
2021-05-25;CNY_OIS_RUSFARCNY_7Y;0.011432;0.026276
2021-05-26;CNY_OIS_RUSFARCNY_7Y;0.009349;0.024279
2021-05-27;CNY_OIS_RUSFARCNY_7Y;0.010742;0.025426
2021-05-28;CNY_OIS_RUSFARCNY_7Y;0.01144;0.025708
2021-05-31;CNY_OIS_RUSFARCNY_7Y;0.012242;0.026126
2021-06-01;CNY_OIS_RUSFARCNY_7Y;0.012042;0.025526
2021-06-02;CNY_OIS_RUSFARCNY_7Y;0.010623;0.024005
2021-06-03;CNY_OIS_RUSFARCNY_7Y;0.008695;0.022173
2021-06-04;CNY_OIS_RUSFARCNY_7Y;0.011415;0.025913
2021-06-07;CNY_OIS_RUSFARCNY_7Y;0.012773;0.027035
2021-06-08;CNY_OIS_RUSFARCNY_7Y;0.011854;0.025834
2021-06-09;CNY_OIS_RUSFARCNY_7Y;0.012016;0.025572
2021-06-10;CNY_OIS_RUSFARCNY_7Y;0.008661;0.023007
2021-06-11;CNY_OIS_RUSFARCNY_7Y;0.009863;0.023925
2021-06-15;CNY_OIS_RUSFARCNY_7Y;0.01106;0.024848
2021-06-16;CNY_OIS_RUSFARCNY_7Y;0.010222;0.023726
2021-06-17;CNY_OIS_RUSFARCNY_7Y;0.009007;0.022341
2021-06-18;CNY_OIS_RUSFARCNY_7Y;0.010453;0.023655
2021-06-21;CNY_OIS_RUSFARCNY_7Y;0.012595;0.026173
2021-06-22;CNY_OIS_RUSFARCNY_7Y;0.013321;0.026527
2021-06-23;CNY_OIS_RUSFARCNY_7Y;0.012528;0.02546
2021-06-24;CNY_OIS_RUSFARCNY_7Y;0.008288;0.0226
2021-06-25;CNY_OIS_RUSFARCNY_7Y;0.004877;0.019951
2021-06-28;CNY_OIS_RUSFARCNY_7Y;0.005186;0.019802
2021-06-29;CNY_OIS_RUSFARCNY_7Y;0.007413;0.022315
2021-06-30;CNY_OIS_RUSFARCNY_7Y;0.010562;0.026806
2021-07-01;CNY_OIS_RUSFARCNY_7Y;0.005279;0.023229
2021-07-02;CNY_OIS_RUSFARCNY_7Y;0.004274;0.021834
2021-07-05;CNY_OIS_RUSFARCNY_7Y;0.005037;0.022091
2021-07-06;CNY_OIS_RUSFARCNY_7Y;0.007396;0.024592
2021-07-07;CNY_OIS_RUSFARCNY_7Y;0.009114;0.026074
2021-07-08;CNY_OIS_RUSFARCNY_7Y;0.006173;0.023475
2021-07-09;CNY_OIS_RUSFARCNY_7Y;0.009667;0.028281
2021-07-12;CNY_OIS_RUSFARCNY_7Y;0.006927;0.025701
2021-07-13;CNY_OIS_RUSFARCNY_7Y;0.00825;0.026578
2021-07-14;CNY_OIS_RUSFARCNY_7Y;0.007846;0.025662
2021-07-15;CNY_OIS_RUSFARCNY_7Y;0.009187;0.026601
2021-07-16;CNY_OIS_RUSFARCNY_7Y;0.009621;0.026507
2021-07-19;CNY_OIS_RUSFARCNY_7Y;0.009838;0.02621
2021-07-20;CNY_OIS_RUSFARCNY_7Y;0.01073;0.026658
2021-07-21;CNY_OIS_RUSFARCNY_7Y;0.011013;0.026455
2021-07-22;CNY_OIS_RUSFARCNY_7Y;0.010539;0.025569
2021-07-23;CNY_OIS_RUSFARCNY_7Y;0.010177;0.024791
2021-07-26;CNY_OIS_RUSFARCNY_7Y;0.010994;0.025214
2021-07-27;CNY_OIS_RUSFARCNY_7Y;0.012566;0.026662
2021-07-28;CNY_OIS_RUSFARCNY_7Y;0.010785;0.024883
2021-07-29;CNY_OIS_RUSFARCNY_7Y;0.00525;0.021458
2021-07-30;CNY_OIS_RUSFARCNY_7Y;0.009277;0.028111
2021-08-02;CNY_OIS_RUSFARCNY_7Y;0.006083;0.025265
2021-08-03;CNY_OIS_RUSFARCNY_7Y;0.005967;0.024581
2021-08-04;CNY_OIS_RUSFARCNY_7Y;0.004908;0.02312
2021-08-05;CNY_OIS_RUSFARCNY_7Y;0.005176;0.022832
2021-08-06;CNY_OIS_RUSFARCNY_7Y;0.006821;0.024187
2021-08-09;CNY_OIS_RUSFARCNY_7Y;0.009943;0.028125
2021-08-10;CNY_OIS_RUSFARCNY_7Y;0.010592;0.028236
2021-08-11;CNY_OIS_RUSFARCNY_7Y;0.008423;0.026045
2021-08-12;CNY_OIS_RUSFARCNY_7Y;0.007724;0.024904
2021-08-13;CNY_OIS_RUSFARCNY_7Y;0.010036;0.027312
2021-08-16;CNY_OIS_RUSFARCNY_7Y;0.009561;0.026367
2021-08-17;CNY_OIS_RUSFARCNY_7Y;0.008385;0.024883
2021-08-18;CNY_OIS_RUSFARCNY_7Y;0.005813;0.022515
2021-08-19;CNY_OIS_RUSFARCNY_7Y;0.007149;0.023499
2021-08-20;CNY_OIS_RUSFARCNY_7Y;0.009171;0.025497
2021-08-23;CNY_OIS_RUSFARCNY_7Y;0.010369;0.026319
2021-08-24;CNY_OIS_RUSFARCNY_7Y;0.011716;0.027352
2021-08-25;CNY_OIS_RUSFARCNY_7Y;0.011428;0.02662
2021-08-26;CNY_OIS_RUSFARCNY_7Y;0.011539;0.026269
2021-08-27;CNY_OIS_RUSFARCNY_7Y;0.010618;0.02505
2021-08-30;CNY_OIS_RUSFARCNY_7Y;0.00798;0.022768
2021-08-31;CNY_OIS_RUSFARCNY_7Y;0.010933;0.026795
2021-09-01;CNY_OIS_RUSFARCNY_7Y;0.010412;0.025856
2021-09-02;CNY_OIS_RUSFARCNY_7Y;0.010237;0.025231
2021-09-03;CNY_OIS_RUSFARCNY_7Y;0.008951;0.023737
2021-09-06;CNY_OIS_RUSFARCNY_7Y;0.010704;0.025424
2021-09-07;CNY_OIS_RUSFARCNY_7Y;0.011614;0.025954
2021-09-08;CNY_OIS_RUSFARCNY_7Y;0.011802;0.025706
2021-09-09;CNY_OIS_RUSFARCNY_7Y;0.010297;0.024111
2021-09-10;CNY_OIS_RUSFARCNY_7Y;0.011263;0.024745
2021-09-13;CNY_OIS_RUSFARCNY_7Y;0.012006;0.025122
2021-09-14;CNY_OIS_RUSFARCNY_7Y;0.013389;0.026359
2021-09-15;CNY_OIS_RUSFARCNY_7Y;0.011809;0.024759
2021-09-16;CNY_OIS_RUSFARCNY_7Y;0.012697;0.025331
2021-09-17;CNY_OIS_RUSFARCNY_7Y;0.012919;0.025169
2021-09-18;CNY_OIS_RUSFARCNY_7Y;0.011957;0.024011
2021-09-22;CNY_OIS_RUSFARCNY_7Y;0.012657;0.024391
2021-09-23;CNY_OIS_RUSFARCNY_7Y;0.011445;0.023083
2021-09-24;CNY_OIS_RUSFARCNY_7Y;0.007326;0.020402
2021-09-26;CNY_OIS_RUSFARCNY_7Y;0.007485;0.020163
2021-09-27;CNY_OIS_RUSFARCNY_7Y;0.007846;0.020142
2021-09-28;CNY_OIS_RUSFARCNY_7Y;0.00998;0.022768
2021-09-29;CNY_OIS_RUSFARCNY_7Y;0.004427;0.019501
2021-09-30;CNY_OIS_RUSFARCNY_7Y;0.009029;0.029199
2021-10-08;CNY_OIS_RUSFARCNY_7Y;0.008122;0.027806
2021-10-09;CNY_OIS_RUSFARCNY_7Y;0.002685;0.023843
2021-10-11;CNY_OIS_RUSFARCNY_7Y;0.006914;0.029614
2021-10-12;CNY_OIS_RUSFARCNY_7Y;0.006914;0.028934
2021-10-13;CNY_OIS_RUSFARCNY_7Y;0.007796;0.029172
2021-10-14;CNY_OIS_RUSFARCNY_7Y;0.0076;0.028348
2021-10-15;CNY_OIS_RUSFARCNY_7Y;0.007498;0.02763
2021-10-18;CNY_OIS_RUSFARCNY_7Y;0.008443;0.028005
2021-10-19;CNY_OIS_RUSFARCNY_7Y;0.009619;0.028669
2021-10-20;CNY_OIS_RUSFARCNY_7Y;0.008647;0.027261
2021-10-21;CNY_OIS_RUSFARCNY_7Y;0.003836;0.023652
2021-10-22;CNY_OIS_RUSFARCNY_7Y;0.004027;0.023241
2021-10-25;CNY_OIS_RUSFARCNY_7Y;0.00368;0.022348
2021-10-26;CNY_OIS_RUSFARCNY_7Y;0.003303;0.021445
2021-10-27;CNY_OIS_RUSFARCNY_7Y;0.006604;0.025644
2021-10-28;CNY_OIS_RUSFARCNY_7Y;0.007082;0.025546
2021-10-29;CNY_OIS_RUSFARCNY_7Y;0.009171;0.027497
2021-11-01;CNY_OIS_RUSFARCNY_7Y;0.008263;0.026165
2021-11-02;CNY_OIS_RUSFARCNY_7Y;0.009446;0.026902
2021-11-03;CNY_OIS_RUSFARCNY_7Y;0.008364;0.025464
2021-11-04;CNY_OIS_RUSFARCNY_7Y;0.00741;0.024138
2021-11-05;CNY_OIS_RUSFARCNY_7Y;0.007675;0.023893
2021-11-08;CNY_OIS_RUSFARCNY_7Y;0.008022;0.023746
2021-11-09;CNY_OIS_RUSFARCNY_7Y;0.010312;0.026256
2021-11-10;CNY_OIS_RUSFARCNY_7Y;0.006969;0.023519
2021-11-11;CNY_OIS_RUSFARCNY_7Y;0.007688;0.02376
2021-11-12;CNY_OIS_RUSFARCNY_7Y;0.007679;0.023269
2021-11-15;CNY_OIS_RUSFARCNY_7Y;0.007197;0.022371
2021-11-16;CNY_OIS_RUSFARCNY_7Y;0.00867;0.023618
2021-11-17;CNY_OIS_RUSFARCNY_7Y;0.010853;0.026015
2021-11-18;CNY_OIS_RUSFARCNY_7Y;0.008579;0.023889
2021-11-19;CNY_OIS_RUSFARCNY_7Y;0.009445;0.024343
2021-11-22;CNY_OIS_RUSFARCNY_7Y;0.009134;0.023614
2021-11-23;CNY_OIS_RUSFARCNY_7Y;0.011321;0.026067
2021-11-24;CNY_OIS_RUSFARCNY_7Y;0.006703;0.022885
2021-11-25;CNY_OIS_RUSFARCNY_7Y;0.007292;0.022996
2021-11-26;CNY_OIS_RUSFARCNY_7Y;0.006345;0.021723
2021-11-29;CNY_OIS_RUSFARCNY_7Y;0.007922;0.023106
2021-11-30;CNY_OIS_RUSFARCNY_7Y;0.010679;0.026609
2021-12-01;CNY_OIS_RUSFARCNY_7Y;0.009214;0.024954
2021-12-02;CNY_OIS_RUSFARCNY_7Y;0.009117;0.024391
2021-12-03;CNY_OIS_RUSFARCNY_7Y;0.008608;0.02348
2021-12-06;CNY_OIS_RUSFARCNY_7Y;0.007814;0.022354
2021-12-07;CNY_OIS_RUSFARCNY_7Y;0.010537;0.025891
2021-12-08;CNY_OIS_RUSFARCNY_7Y;0.010978;0.02587
2021-12-09;CNY_OIS_RUSFARCNY_7Y;0.011235;0.025673
2021-12-10;CNY_OIS_RUSFARCNY_7Y;0.007214;0.022754
2021-12-13;CNY_OIS_RUSFARCNY_7Y;0.009913;0.026075
2021-12-14;CNY_OIS_RUSFARCNY_7Y;0.010737;0.026451
2021-12-15;CNY_OIS_RUSFARCNY_7Y;0.01066;0.025908
2021-12-16;CNY_OIS_RUSFARCNY_7Y;0.01068;0.025468
2021-12-17;CNY_OIS_RUSFARCNY_7Y;0.007952;0.023116
2021-12-20;CNY_OIS_RUSFARCNY_7Y;0.009392;0.024316
2021-12-21;CNY_OIS_RUSFARCNY_7Y;0.008139;0.022849
2021-12-22;CNY_OIS_RUSFARCNY_7Y;0.006462;0.021106
2021-12-23;CNY_OIS_RUSFARCNY_7Y;0.006104;0.020344
2021-12-24;CNY_OIS_RUSFARCNY_7Y;0.008118;0.02251
2021-12-27;CNY_OIS_RUSFARCNY_7Y;0.007692;0.021696
2021-12-28;CNY_OIS_RUSFARCNY_7Y;0.006105;0.020043
2021-12-29;CNY_OIS_RUSFARCNY_7Y;0.003084;0.017604
2021-12-30;CNY_OIS_RUSFARCNY_7Y;0.002606;0.016742
2021-12-31;CNY_OIS_RUSFARCNY_7Y;0.007446;0.028962
2022-01-04;CNY_OIS_RUSFARCNY_7Y;0.005547;0.026781
2022-01-05;CNY_OIS_RUSFARCNY_7Y;0.004291;0.025077
2022-01-06;CNY_OIS_RUSFARCNY_7Y;0.003959;0.024149
2022-01-07;CNY_OIS_RUSFARCNY_7Y;0.005441;0.025167
2022-01-10;CNY_OIS_RUSFARCNY_7Y;0.006124;0.025264
2022-01-11;CNY_OIS_RUSFARCNY_7Y;0.007419;0.026089
2022-01-12;CNY_OIS_RUSFARCNY_7Y;0.007582;0.025686
2022-01-13;CNY_OIS_RUSFARCNY_7Y;0.009998;0.02819
2022-01-14;CNY_OIS_RUSFARCNY_7Y;0.010185;0.027823
2022-01-17;CNY_OIS_RUSFARCNY_7Y;0.009443;0.026645
2022-01-18;CNY_OIS_RUSFARCNY_7Y;0.007578;0.02467
2022-01-19;CNY_OIS_RUSFARCNY_7Y;0.008905;0.025623
2022-01-20;CNY_OIS_RUSFARCNY_7Y;0.009159;0.025369
2022-01-21;CNY_OIS_RUSFARCNY_7Y;0.009682;0.025406
2022-01-24;CNY_OIS_RUSFARCNY_7Y;0.00854;0.023988
2022-01-25;CNY_OIS_RUSFARCNY_7Y;0.008735;0.023713
2022-01-26;CNY_OIS_RUSFARCNY_7Y;0.00682;0.021808
2022-01-27;CNY_OIS_RUSFARCNY_7Y;0.005686;0.020422
2022-01-28;CNY_OIS_RUSFARCNY_7Y;0.000715;0.017113
2022-01-29;CNY_OIS_RUSFARCNY_7Y;0.001496;0.017432
2022-01-30;CNY_OIS_RUSFARCNY_7Y;0.006793;0.030135
2022-02-07;CNY_OIS_RUSFARCNY_7Y;0.006711;0.029357
2022-02-08;CNY_OIS_RUSFARCNY_7Y;0.006356;0.028352
2022-02-09;CNY_OIS_RUSFARCNY_7Y;0.003097;0.025291
2022-02-10;CNY_OIS_RUSFARCNY_7Y;0.002872;0.024416
2022-02-11;CNY_OIS_RUSFARCNY_7Y;0.004503;0.025565
2022-02-14;CNY_OIS_RUSFARCNY_7Y;0.00535;0.025798
2022-02-15;CNY_OIS_RUSFARCNY_7Y;0.005055;0.024913
2022-02-16;CNY_OIS_RUSFARCNY_7Y;0.006619;0.026049
2022-02-17;CNY_OIS_RUSFARCNY_7Y;0.006007;0.024921
2022-02-18;CNY_OIS_RUSFARCNY_7Y;0.008516;0.027512
2022-02-21;CNY_OIS_RUSFARCNY_7Y;0.009618;0.02811
2022-02-22;CNY_OIS_RUSFARCNY_7Y;0.008212;0.026396
2022-02-23;CNY_OIS_RUSFARCNY_7Y;0.008529;0.026159
2022-02-24;CNY_OIS_RUSFARCNY_7Y;0.010208;0.02756
2022-02-25;CNY_OIS_RUSFARCNY_7Y;0.010805;0.027643
2022-02-28;CNY_OIS_RUSFARCNY_7Y;0.011092;0.027416
2022-03-01;CNY_OIS_RUSFARCNY_7Y;0.005961;0.023887
2022-03-02;CNY_OIS_RUSFARCNY_7Y;0.007054;0.024514
2022-03-03;CNY_OIS_RUSFARCNY_7Y;0.005601;0.022807
2022-03-04;CNY_OIS_RUSFARCNY_7Y;0.007426;0.024442
2022-03-07;CNY_OIS_RUSFARCNY_7Y;0.008948;0.02566
2022-03-08;CNY_OIS_RUSFARCNY_7Y;0.009371;0.025577
2022-03-09;CNY_OIS_RUSFARCNY_7Y;0.009291;0.025017
2022-03-10;CNY_OIS_RUSFARCNY_7Y;0.009541;0.024787
2022-03-11;CNY_OIS_RUSFARCNY_7Y;0.010029;0.024819
2022-03-14;CNY_OIS_RUSFARCNY_7Y;0.010373;0.024715
2022-03-15;CNY_OIS_RUSFARCNY_7Y;0.010592;0.024496
2022-03-16;CNY_OIS_RUSFARCNY_7Y;0.01057;0.024058
2022-03-17;CNY_OIS_RUSFARCNY_7Y;0.010458;0.02355
2022-03-18;CNY_OIS_RUSFARCNY_7Y;0.010486;0.023182
2022-03-21;CNY_OIS_RUSFARCNY_7Y;0.010905;0.023223
2022-03-22;CNY_OIS_RUSFARCNY_7Y;0.010365;0.022383
2022-03-23;CNY_OIS_RUSFARCNY_7Y;0.011092;0.022796
2022-03-24;CNY_OIS_RUSFARCNY_7Y;0.01129;0.022638
2022-03-25;CNY_OIS_RUSFARCNY_7Y;0.011423;0.022425
2022-03-28;CNY_OIS_RUSFARCNY_7Y;0.011014;0.021734
2022-03-29;CNY_OIS_RUSFARCNY_7Y;0.008568;0.0198
2022-03-30;CNY_OIS_RUSFARCNY_7Y;0.006794;0.018174
2022-03-31;CNY_OIS_RUSFARCNY_7Y;0.009959;0.024089
2022-04-01;CNY_OIS_RUSFARCNY_7Y;0.005044;0.020864
2022-04-02;CNY_OIS_RUSFARCNY_7Y;0.001803;0.018185
2022-04-06;CNY_OIS_RUSFARCNY_7Y;0.005874;0.024914
2022-04-07;CNY_OIS_RUSFARCNY_7Y;0.005931;0.024397
2022-04-08;CNY_OIS_RUSFARCNY_7Y;0.005444;0.023404
2022-04-11;CNY_OIS_RUSFARCNY_7Y;0.006708;0.02424
2022-04-12;CNY_OIS_RUSFARCNY_7Y;0.006096;0.023172
2022-04-13;CNY_OIS_RUSFARCNY_7Y;0.005221;0.021907
2022-04-14;CNY_OIS_RUSFARCNY_7Y;0.004271;0.020597
2022-04-15;CNY_OIS_RUSFARCNY_7Y;0.002123;0.018485
2022-04-18;CNY_OIS_RUSFARCNY_7Y;0.002988;0.0189
2022-04-19;CNY_OIS_RUSFARCNY_7Y;0.002068;0.01764
2022-04-20;CNY_OIS_RUSFARCNY_7Y;0.002394;0.017494
2022-04-21;CNY_OIS_RUSFARCNY_7Y;0.002534;0.017174
2022-04-22;CNY_OIS_RUSFARCNY_7Y;0.002357;0.016571
2022-04-24;CNY_OIS_RUSFARCNY_7Y;0.003028;0.01684
2022-04-25;CNY_OIS_RUSFARCNY_7Y;0.003248;0.01664
2022-04-26;CNY_OIS_RUSFARCNY_7Y;0.003482;0.016466
2022-04-27;CNY_OIS_RUSFARCNY_7Y;0.00365;0.016238
2022-04-28;CNY_OIS_RUSFARCNY_7Y;0.003822;0.016026
2022-04-29;CNY_OIS_RUSFARCNY_7Y;0.007404;0.023184
2022-05-05;CNY_OIS_RUSFARCNY_7Y;0.007076;0.022412
2022-05-06;CNY_OIS_RUSFARCNY_7Y;0.001885;0.018963
2022-05-07;CNY_OIS_RUSFARCNY_7Y;0.001557;0.018151
2022-05-09;CNY_OIS_RUSFARCNY_7Y;0.001958;0.01805
2022-05-10;CNY_OIS_RUSFARCNY_7Y;0.002163;0.017765
2022-05-11;CNY_OIS_RUSFARCNY_7Y;0.002598;0.01773
2022-05-12;CNY_OIS_RUSFARCNY_7Y;0.002667;0.017341
2022-05-13;CNY_OIS_RUSFARCNY_7Y;0.002901;0.017127
2022-05-16;CNY_OIS_RUSFARCNY_7Y;0.003127;0.016921
2022-05-17;CNY_OIS_RUSFARCNY_7Y;0.003476;0.016852
2022-05-18;CNY_OIS_RUSFARCNY_7Y;0.00369;0.016658
2022-05-19;CNY_OIS_RUSFARCNY_7Y;0.004709;0.017399
2022-05-20;CNY_OIS_RUSFARCNY_7Y;0.003918;0.01635
2022-05-23;CNY_OIS_RUSFARCNY_7Y;0.004117;0.016171
2022-05-24;CNY_OIS_RUSFARCNY_7Y;0.004321;0.016007
2022-05-25;CNY_OIS_RUSFARCNY_7Y;0.004715;0.016053
2022-05-26;CNY_OIS_RUSFARCNY_7Y;0.005055;0.016053
2022-05-27;CNY_OIS_RUSFARCNY_7Y;0.00539;0.016058
2022-05-30;CNY_OIS_RUSFARCNY_7Y;0.005787;0.016141
2022-05-31;CNY_OIS_RUSFARCNY_7Y;0.007469;0.018119
2022-06-01;CNY_OIS_RUSFARCNY_7Y;0.005608;0.01648
2022-06-02;CNY_OIS_RUSFARCNY_7Y;0.005961;0.016507
2022-06-06;CNY_OIS_RUSFARCNY_7Y;0.006337;0.016571
2022-06-07;CNY_OIS_RUSFARCNY_7Y;0.006152;0.016096
2022-06-08;CNY_OIS_RUSFARCNY_7Y;0.006284;0.015924
2022-06-09;CNY_OIS_RUSFARCNY_7Y;0.00638;0.015728
2022-06-10;CNY_OIS_RUSFARCNY_7Y;0.006411;0.015477
2022-06-13;CNY_OIS_RUSFARCNY_7Y;0.006599;0.015389
2022-06-14;CNY_OIS_RUSFARCNY_7Y;0.006783;0.015305
2022-06-15;CNY_OIS_RUSFARCNY_7Y;0.006913;0.015175
2022-06-16;CNY_OIS_RUSFARCNY_7Y;0.007039;0.015049
2022-06-17;CNY_OIS_RUSFARCNY_7Y;0.007171;0.014937
2022-06-20;CNY_OIS_RUSFARCNY_7Y;0.007329;0.014859
2022-06-21;CNY_OIS_RUSFARCNY_7Y;0.007638;0.01495
2022-06-22;CNY_OIS_RUSFARCNY_7Y;0.007809;0.014899
2022-06-23;CNY_OIS_RUSFARCNY_7Y;0.007846;0.014722
2022-06-24;CNY_OIS_RUSFARCNY_7Y;0.007931;0.014597
2022-06-27;CNY_OIS_RUSFARCNY_7Y;0.008062;0.014526
2022-06-28;CNY_OIS_RUSFARCNY_7Y;0.008161;0.014427
2022-06-29;CNY_OIS_RUSFARCNY_7Y;0.007529;0.013739
2022-06-30;CNY_OIS_RUSFARCNY_7Y;0.009965;0.021883
2022-07-01;CNY_OIS_RUSFARCNY_7Y;0.004018;0.01863
2022-07-04;CNY_OIS_RUSFARCNY_7Y;0.004007;0.018181
2022-07-05;CNY_OIS_RUSFARCNY_7Y;0.003695;0.017473
2022-07-06;CNY_OIS_RUSFARCNY_7Y;0.002163;0.015865
2022-07-07;CNY_OIS_RUSFARCNY_7Y;0.002491;0.015777
2022-07-08;CNY_OIS_RUSFARCNY_7Y;0.002633;0.015515
2022-07-11;CNY_OIS_RUSFARCNY_7Y;0.002899;0.015389
2022-07-12;CNY_OIS_RUSFARCNY_7Y;0.002968;0.01508
2022-07-13;CNY_OIS_RUSFARCNY_7Y;0.003232;0.014976
2022-07-14;CNY_OIS_RUSFARCNY_7Y;0.003166;0.014562
2022-07-15;CNY_OIS_RUSFARCNY_7Y;0.003497;0.014551
2022-07-18;CNY_OIS_RUSFARCNY_7Y;0.003735;0.014453
2022-07-19;CNY_OIS_RUSFARCNY_7Y;0.004133;0.014535
2022-07-20;CNY_OIS_RUSFARCNY_7Y;0.004564;0.014664
2022-07-21;CNY_OIS_RUSFARCNY_7Y;0.004556;0.014352
2022-07-22;CNY_OIS_RUSFARCNY_7Y;0.004069;0.013639
2022-07-25;CNY_OIS_RUSFARCNY_7Y;0.002871;0.012437
2022-07-26;CNY_OIS_RUSFARCNY_7Y;0.002425;0.011763
2022-07-27;CNY_OIS_RUSFARCNY_7Y;0.002466;0.011522
2022-07-28;CNY_OIS_RUSFARCNY_7Y;0.002663;0.011445
2022-07-29;CNY_OIS_RUSFARCNY_7Y;0.0046;0.014308
2022-08-01;CNY_OIS_RUSFARCNY_7Y;0.003918;0.01345
2022-08-02;CNY_OIS_RUSFARCNY_7Y;0.00295;0.012398
2022-08-03;CNY_OIS_RUSFARCNY_7Y;0.002569;0.011779
2022-08-04;CNY_OIS_RUSFARCNY_7Y;0.002699;0.011629
2022-08-05;CNY_OIS_RUSFARCNY_7Y;0.002775;0.011433
2022-08-08;CNY_OIS_RUSFARCNY_7Y;0.002846;0.011242
2022-08-09;CNY_OIS_RUSFARCNY_7Y;0.003024;0.011164
2022-08-10;CNY_OIS_RUSFARCNY_7Y;0.003618;0.01157
2022-08-11;CNY_OIS_RUSFARCNY_7Y;0.003341;0.011087
2022-08-12;CNY_OIS_RUSFARCNY_7Y;0.003597;0.011111
2022-08-15;CNY_OIS_RUSFARCNY_7Y;0.003701;0.010987
2022-08-16;CNY_OIS_RUSFARCNY_7Y;0.004119;0.011209
2022-08-17;CNY_OIS_RUSFARCNY_7Y;0.004802;0.011786
2022-08-18;CNY_OIS_RUSFARCNY_7Y;0.005365;0.012203
2022-08-19;CNY_OIS_RUSFARCNY_7Y;0.005701;0.012347
2022-08-22;CNY_OIS_RUSFARCNY_7Y;0.005059;0.011635
2022-08-23;CNY_OIS_RUSFARCNY_7Y;0.004799;0.011209
2022-08-24;CNY_OIS_RUSFARCNY_7Y;0.005024;0.011244
2022-08-25;CNY_OIS_RUSFARCNY_7Y;0.005414;0.011474
2022-08-26;CNY_OIS_RUSFARCNY_7Y;0.006384;0.012604
2022-08-29;CNY_OIS_RUSFARCNY_7Y;0.00624;0.012288
2022-08-30;CNY_OIS_RUSFARCNY_7Y;0.00503;0.011278
2022-08-31;CNY_OIS_RUSFARCNY_7Y;0.006871;0.014977
2022-09-01;CNY_OIS_RUSFARCNY_7Y;0.007569;0.015519
2022-09-02;CNY_OIS_RUSFARCNY_7Y;0.0039;0.013428
2022-09-05;CNY_OIS_RUSFARCNY_7Y;0.002424;0.012064
2022-09-06;CNY_OIS_RUSFARCNY_7Y;0.002917;0.012291
2022-09-07;CNY_OIS_RUSFARCNY_7Y;0.00348;0.012608
2022-09-08;CNY_OIS_RUSFARCNY_7Y;0.004057;0.012951
2022-09-09;CNY_OIS_RUSFARCNY_7Y;0.00433;0.012958
2022-09-13;CNY_OIS_RUSFARCNY_7Y;0.004441;0.012807
2022-09-14;CNY_OIS_RUSFARCNY_7Y;0.004589;0.012699
2022-09-15;CNY_OIS_RUSFARCNY_7Y;0.005209;0.013139
2022-09-16;CNY_OIS_RUSFARCNY_7Y;0.005953;0.013755
2022-09-19;CNY_OIS_RUSFARCNY_7Y;0.007067;0.014961
2022-09-20;CNY_OIS_RUSFARCNY_7Y;0.007639;0.015349
2022-09-21;CNY_OIS_RUSFARCNY_7Y;0.007855;0.015333
2022-09-22;CNY_OIS_RUSFARCNY_7Y;0.007899;0.015149
2022-09-23;CNY_OIS_RUSFARCNY_7Y;0.008049;0.015079
2022-09-26;CNY_OIS_RUSFARCNY_7Y;-0.009628;0.011828
2022-09-27;CNY_OIS_RUSFARCNY_7Y;-0.011017;0.010017
2022-09-28;CNY_OIS_RUSFARCNY_7Y;-0.011634;0.008834
2022-09-29;CNY_OIS_RUSFARCNY_7Y;-0.012045;0.007845
2022-09-30;CNY_OIS_RUSFARCNY_7Y;-0.03897;-3e-05
2022-10-10;CNY_OIS_RUSFARCNY_7Y;-0.026509;0.028109
2022-10-11;CNY_OIS_RUSFARCNY_7Y;-0.028726;0.024526
2022-10-12;CNY_OIS_RUSFARCNY_7Y;-0.026081;0.025681
2022-10-13;CNY_OIS_RUSFARCNY_7Y;-0.025293;0.024893
2022-10-14;CNY_OIS_RUSFARCNY_7Y;-0.021352;0.027752
2022-10-17;CNY_OIS_RUSFARCNY_7Y;-0.019528;0.028128
2022-10-18;CNY_OIS_RUSFARCNY_7Y;-0.019822;0.026422
2022-10-19;CNY_OIS_RUSFARCNY_7Y;-0.019018;0.025818
2022-10-20;CNY_OIS_RUSFARCNY_7Y;-0.018335;0.025135
2022-10-21;CNY_OIS_RUSFARCNY_7Y;-0.017773;0.024373
2022-10-24;CNY_OIS_RUSFARCNY_7Y;-0.017332;0.023532
2022-10-25;CNY_OIS_RUSFARCNY_7Y;-0.01671;0.02291
2022-10-26;CNY_OIS_RUSFARCNY_7Y;-0.017555;0.020955
2022-10-27;CNY_OIS_RUSFARCNY_7Y;-0.017169;0.020169
2022-10-28;CNY_OIS_RUSFARCNY_7Y;-0.017313;0.018913
2022-10-31;CNY_OIS_RUSFARCNY_7Y;-0.015978;0.019178
2022-11-01;CNY_OIS_RUSFARCNY_7Y;-0.015543;0.018543
2022-11-02;CNY_OIS_RUSFARCNY_7Y;-0.015124;0.017924
2022-11-03;CNY_OIS_RUSFARCNY_7Y;-0.014924;0.017124
2022-11-07;CNY_OIS_RUSFARCNY_7Y;-0.013466;0.017666
2022-11-08;CNY_OIS_RUSFARCNY_7Y;-0.013603;0.016603
2022-11-09;CNY_OIS_RUSFARCNY_7Y;-0.013344;0.015944
2022-11-10;CNY_OIS_RUSFARCNY_7Y;-0.012699;0.015699
2022-11-11;CNY_OIS_RUSFARCNY_7Y;-0.011679;0.015879
2022-11-14;CNY_OIS_RUSFARCNY_7Y;-0.011665;0.015065
2022-11-15;CNY_OIS_RUSFARCNY_7Y;-0.011459;0.014459
2022-11-16;CNY_OIS_RUSFARCNY_7Y;-0.010866;0.014266
2022-11-17;CNY_OIS_RUSFARCNY_7Y;-0.010384;0.013984
2022-11-18;CNY_OIS_RUSFARCNY_7Y;-0.009522;0.014122
2022-11-21;CNY_OIS_RUSFARCNY_7Y;-0.009673;0.013273
2022-11-22;CNY_OIS_RUSFARCNY_7Y;-0.009938;0.012338
2022-11-23;CNY_OIS_RUSFARCNY_7Y;-0.00911;0.01251
2022-11-24;CNY_OIS_RUSFARCNY_7Y;-0.008781;0.012181
2022-11-25;CNY_OIS_RUSFARCNY_7Y;-0.008562;0.011762
2022-11-28;CNY_OIS_RUSFARCNY_7Y;-0.008252;0.011452
2022-11-29;CNY_OIS_RUSFARCNY_7Y;-0.007952;0.011152
2022-11-30;CNY_OIS_RUSFARCNY_7Y;-0.007562;0.010962
2022-12-01;CNY_OIS_RUSFARCNY_7Y;-0.006984;0.010984
2022-12-02;CNY_OIS_RUSFARCNY_7Y;-0.006611;0.010811
2022-12-05;CNY_OIS_RUSFARCNY_7Y;-0.004971;0.012171
2022-12-06;CNY_OIS_RUSFARCNY_7Y;-0.004224;0.012424
2022-12-07;CNY_OIS_RUSFARCNY_7Y;-0.00438;0.01178
2022-12-08;CNY_OIS_RUSFARCNY_7Y;-0.004972;0.010772
2022-12-09;CNY_OIS_RUSFARCNY_7Y;-0.005354;0.009954
2022-12-12;CNY_OIS_RUSFARCNY_7Y;-0.005962;0.008962
2022-12-13;CNY_OIS_RUSFARCNY_7Y;-0.005635;0.008835
2022-12-14;CNY_OIS_RUSFARCNY_7Y;-0.005315;0.008715
2022-12-15;CNY_OIS_RUSFARCNY_7Y;-0.004085;0.009685
2022-12-16;CNY_OIS_RUSFARCNY_7Y;-0.003875;0.009475
2022-12-19;CNY_OIS_RUSFARCNY_7Y;-0.003979;0.008979
2022-12-20;CNY_OIS_RUSFARCNY_7Y;-0.003682;0.008882
2022-12-21;CNY_OIS_RUSFARCNY_7Y;-0.001588;0.011388
2022-12-22;CNY_OIS_RUSFARCNY_7Y;0.004587;0.048613
2022-12-23;CNY_OIS_RUSFARCNY_7Y;0.004026;0.046774
2022-12-26;CNY_OIS_RUSFARCNY_7Y;-0.001377;0.041377
2022-12-27;CNY_OIS_RUSFARCNY_7Y;0.004246;0.047154
2022-12-28;CNY_OIS_RUSFARCNY_7Y;0.021054;0.103146
2022-12-29;CNY_OIS_RUSFARCNY_7Y;0.031668;0.113932
2023-01-09;CNY_OIS_RUSFARCNY_7Y;-0.004725;0.092725
2023-01-10;CNY_OIS_RUSFARCNY_7Y;0.005202;0.101398
2023-01-11;CNY_OIS_RUSFARCNY_7Y;-0.022414;0.081614
2023-01-12;CNY_OIS_RUSFARCNY_7Y;-0.036633;0.067833
2023-01-13;CNY_OIS_RUSFARCNY_7Y;-0.030731;0.070931
2023-01-16;CNY_OIS_RUSFARCNY_7Y;-0.023793;0.075393
2023-01-17;CNY_OIS_RUSFARCNY_7Y;-0.017981;0.078581
2023-01-18;CNY_OIS_RUSFARCNY_7Y;-0.009489;0.085289
2023-01-19;CNY_OIS_RUSFARCNY_7Y;-0.03282;0.06742
2023-01-20;CNY_OIS_RUSFARCNY_7Y;-0.038541;0.059541
2023-01-30;CNY_OIS_RUSFARCNY_7Y;-0.038159;0.056959
2023-01-31;CNY_OIS_RUSFARCNY_7Y;-0.03671;0.05551
2023-02-01;CNY_OIS_RUSFARCNY_7Y;-0.0384;0.0512
2023-02-02;CNY_OIS_RUSFARCNY_7Y;-0.039183;0.047783
2023-02-03;CNY_OIS_RUSFARCNY_7Y;-0.03887;0.04547
2023-02-06;CNY_OIS_RUSFARCNY_7Y;-0.038802;0.043002
2023-02-07;CNY_OIS_RUSFARCNY_7Y;-0.037356;0.041956
2023-02-08;CNY_OIS_RUSFARCNY_7Y;-0.03655;0.04035
2023-02-09;CNY_OIS_RUSFARCNY_7Y;-0.034783;0.039783
2023-02-10;CNY_OIS_RUSFARCNY_7Y;-0.033949;0.038349
2023-02-13;CNY_OIS_RUSFARCNY_7Y;-0.030153;0.040153
2023-02-14;CNY_OIS_RUSFARCNY_7Y;-0.030199;0.037999
2023-02-15;CNY_OIS_RUSFARCNY_7Y;-0.02926;0.03686
2023-02-16;CNY_OIS_RUSFARCNY_7Y;-0.02756;0.03656
2023-02-17;CNY_OIS_RUSFARCNY_7Y;-0.026484;0.035684
2023-02-20;CNY_OIS_RUSFARCNY_7Y;-0.025537;0.034737
2023-02-21;CNY_OIS_RUSFARCNY_7Y;-0.023927;0.034527
2023-02-22;CNY_OIS_RUSFARCNY_7Y;-0.017711;0.040111
2023-02-27;CNY_OIS_RUSFARCNY_7Y;-0.017744;0.038344
2023-02-28;CNY_OIS_RUSFARCNY_7Y;-0.009617;0.047217
2023-03-01;CNY_OIS_RUSFARCNY_7Y;-0.015003;0.041203
2023-03-02;CNY_OIS_RUSFARCNY_7Y;-0.016216;0.038416
2023-03-03;CNY_OIS_RUSFARCNY_7Y;-0.015585;0.037385
2023-03-06;CNY_OIS_RUSFARCNY_7Y;-0.014778;0.036578
2023-03-07;CNY_OIS_RUSFARCNY_7Y;-0.015015;0.034815
2023-03-09;CNY_OIS_RUSFARCNY_7Y;-0.013372;0.034972
2023-03-10;CNY_OIS_RUSFARCNY_7Y;-0.013552;0.033352
2023-03-13;CNY_OIS_RUSFARCNY_7Y;-0.01449;0.03109
2023-03-14;CNY_OIS_RUSFARCNY_7Y;-0.013896;0.030296
2023-03-15;CNY_OIS_RUSFARCNY_7Y;-0.012631;0.030231
2023-03-16;CNY_OIS_RUSFARCNY_7Y;-0.012689;0.028889
2023-03-17;CNY_OIS_RUSFARCNY_7Y;-0.010059;0.030459
2023-03-20;CNY_OIS_RUSFARCNY_7Y;0.000214;0.047786
2023-03-21;CNY_OIS_RUSFARCNY_7Y;0.0071;0.0553
2023-03-22;CNY_OIS_RUSFARCNY_7Y;-0.014263;0.042863
2023-03-23;CNY_OIS_RUSFARCNY_7Y;-0.01699;0.03879
2023-03-24;CNY_OIS_RUSFARCNY_7Y;-0.014397;0.039797
2023-03-27;CNY_OIS_RUSFARCNY_7Y;-0.007667;0.046467
2023-03-28;CNY_OIS_RUSFARCNY_7Y;-0.000862;0.053262
2023-03-29;CNY_OIS_RUSFARCNY_7Y;0.001611;0.054189
2023-03-30;CNY_OIS_RUSFARCNY_7Y;0.003005;0.053995
2023-03-31;CNY_OIS_RUSFARCNY_7Y;0.006874;0.056726
2023-04-03;CNY_OIS_RUSFARCNY_7Y;0.00871;0.05709
2023-04-04;CNY_OIS_RUSFARCNY_7Y;0.018243;0.069957
2023-04-06;CNY_OIS_RUSFARCNY_7Y;0.011374;0.063226
2023-04-07;CNY_OIS_RUSFARCNY_7Y;0.013996;0.064404
2023-04-10;CNY_OIS_RUSFARCNY_7Y;0.012362;0.061438
2023-04-11;CNY_OIS_RUSFARCNY_7Y;0.011776;0.059424
2023-04-12;CNY_OIS_RUSFARCNY_7Y;0.012601;0.058799
2023-04-13;CNY_OIS_RUSFARCNY_7Y;0.014757;0.059643
2023-04-14;CNY_OIS_RUSFARCNY_7Y;0.022293;0.068707
2023-04-17;CNY_OIS_RUSFARCNY_7Y;0.016007;0.062593
2023-04-18;CNY_OIS_RUSFARCNY_7Y;0.018449;0.063751
2023-04-19;CNY_OIS_RUSFARCNY_7Y;0.025037;0.070963
2023-04-20;CNY_OIS_RUSFARCNY_7Y;0.027652;0.072348
2023-04-21;CNY_OIS_RUSFARCNY_7Y;0.028233;0.071567
2023-04-24;CNY_OIS_RUSFARCNY_7Y;0.009483;0.060517
2023-04-25;CNY_OIS_RUSFARCNY_7Y;-0.003648;0.050648
2023-04-26;CNY_OIS_RUSFARCNY_7Y;-0.004467;0.048267
2023-04-27;CNY_OIS_RUSFARCNY_7Y;-0.00489;0.04629
2023-04-28;CNY_OIS_RUSFARCNY_7Y;-0.001911;0.047911
2023-05-04;CNY_OIS_RUSFARCNY_7Y;0.005199;0.055601
2023-05-05;CNY_OIS_RUSFARCNY_7Y;0.013515;0.065485
2023-05-10;CNY_OIS_RUSFARCNY_7Y;0.007396;0.059204
2023-05-11;CNY_OIS_RUSFARCNY_7Y;-0.000225;0.052025
2023-05-12;CNY_OIS_RUSFARCNY_7Y;-0.013986;0.041786
2023-05-15;CNY_OIS_RUSFARCNY_7Y;-0.016184;0.038184
2023-05-16;CNY_OIS_RUSFARCNY_7Y;-0.015057;0.037657
2023-05-17;CNY_OIS_RUSFARCNY_7Y;-0.016007;0.035207
2023-05-18;CNY_OIS_RUSFARCNY_7Y;-0.013959;0.035759
2023-05-19;CNY_OIS_RUSFARCNY_7Y;-0.011746;0.036546
2023-05-22;CNY_OIS_RUSFARCNY_7Y;-0.012135;0.034735
2023-05-23;CNY_OIS_RUSFARCNY_7Y;-0.016935;0.029535
2023-05-24;CNY_OIS_RUSFARCNY_7Y;-0.016631;0.028431
2023-05-25;CNY_OIS_RUSFARCNY_7Y;-0.0176;0.0262
2023-05-26;CNY_OIS_RUSFARCNY_7Y;-0.017133;0.025333
2023-05-29;CNY_OIS_RUSFARCNY_7Y;-0.015895;0.025295
2023-05-30;CNY_OIS_RUSFARCNY_7Y;-0.014676;0.025276
2023-05-31;CNY_OIS_RUSFARCNY_7Y;-0.012809;0.026009
2023-06-01;CNY_OIS_RUSFARCNY_7Y;-0.012217;0.025417
2023-06-02;CNY_OIS_RUSFARCNY_7Y;-0.011445;0.025045
2023-06-05;CNY_OIS_RUSFARCNY_7Y;-0.010889;0.024489
2023-06-06;CNY_OIS_RUSFARCNY_7Y;-0.010451;0.023851
2023-06-07;CNY_OIS_RUSFARCNY_7Y;-0.009242;0.024042
2023-06-08;CNY_OIS_RUSFARCNY_7Y;-0.003428;0.031228
2023-06-09;CNY_OIS_RUSFARCNY_7Y;-0.003407;0.030207
2023-06-13;CNY_OIS_RUSFARCNY_7Y;-0.006508;0.026708
2023-06-14;CNY_OIS_RUSFARCNY_7Y;-0.007031;0.025231
2023-06-15;CNY_OIS_RUSFARCNY_7Y;-0.008438;0.023038
2023-06-16;CNY_OIS_RUSFARCNY_7Y;-0.008059;0.022459
2023-06-19;CNY_OIS_RUSFARCNY_7Y;-0.007297;0.022297
2023-06-20;CNY_OIS_RUSFARCNY_7Y;-0.009204;0.019804
2023-06-21;CNY_OIS_RUSFARCNY_7Y;-0.009479;0.018679
2023-06-26;CNY_OIS_RUSFARCNY_7Y;-0.005376;0.023176
2023-06-27;CNY_OIS_RUSFARCNY_7Y;-0.008486;0.019886
2023-06-28;CNY_OIS_RUSFARCNY_7Y;-0.007276;0.020276
2023-06-29;CNY_OIS_RUSFARCNY_7Y;-0.007999;0.018799
2023-06-30;CNY_OIS_RUSFARCNY_7Y;0.003943;0.076057
2023-07-03;CNY_OIS_RUSFARCNY_7Y;0.000826;0.071174
2023-07-04;CNY_OIS_RUSFARCNY_7Y;-0.031503;0.052703
2023-07-05;CNY_OIS_RUSFARCNY_7Y;-0.030021;0.051621
2023-07-06;CNY_OIS_RUSFARCNY_7Y;-0.032531;0.046931
2023-07-07;CNY_OIS_RUSFARCNY_7Y;-0.030529;0.046529
2023-07-10;CNY_OIS_RUSFARCNY_7Y;-0.029556;0.045156
2023-07-11;CNY_OIS_RUSFARCNY_7Y;-0.028218;0.044218
2023-07-12;CNY_OIS_RUSFARCNY_7Y;-0.026128;0.044128
2023-07-13;CNY_OIS_RUSFARCNY_7Y;-0.023114;0.045114
2023-07-14;CNY_OIS_RUSFARCNY_7Y;-0.018749;0.047749
2023-07-17;CNY_OIS_RUSFARCNY_7Y;-0.014415;0.050415
2023-07-18;CNY_OIS_RUSFARCNY_7Y;-0.013328;0.049528
2023-07-19;CNY_OIS_RUSFARCNY_7Y;-0.013078;0.047878
2023-07-20;CNY_OIS_RUSFARCNY_7Y;-0.022801;0.039001
2023-07-21;CNY_OIS_RUSFARCNY_7Y;-0.022979;0.036979
2023-07-24;CNY_OIS_RUSFARCNY_7Y;-0.024024;0.034224
2023-07-25;CNY_OIS_RUSFARCNY_7Y;-0.025204;0.031404
2023-07-26;CNY_OIS_RUSFARCNY_7Y;-0.022598;0.032398
2023-07-27;CNY_OIS_RUSFARCNY_7Y;-0.018919;0.034719
2023-07-28;CNY_OIS_RUSFARCNY_7Y;-0.017606;0.034406
2023-07-31;CNY_OIS_RUSFARCNY_7Y;-0.016221;0.034221
2023-08-01;CNY_OIS_RUSFARCNY_7Y;-0.015957;0.032957
2023-08-02;CNY_OIS_RUSFARCNY_7Y;-0.018057;0.029657
2023-08-03;CNY_OIS_RUSFARCNY_7Y;-0.018455;0.027855
2023-08-04;CNY_OIS_RUSFARCNY_7Y;-0.018052;0.026852
2023-08-07;CNY_OIS_RUSFARCNY_7Y;-0.016582;0.026982
2023-08-08;CNY_OIS_RUSFARCNY_7Y;-0.016322;0.025922
2023-08-09;CNY_OIS_RUSFARCNY_7Y;-0.016493;0.024493
2023-08-10;CNY_OIS_RUSFARCNY_7Y;-0.016892;0.022892
2023-08-11;CNY_OIS_RUSFARCNY_7Y;-0.016487;0.022087
2023-08-14;CNY_OIS_RUSFARCNY_7Y;-0.015212;0.022212
2023-08-15;CNY_OIS_RUSFARCNY_7Y;-0.012391;0.024191
2023-08-16;CNY_OIS_RUSFARCNY_7Y;-0.014957;0.020957
2023-08-17;CNY_OIS_RUSFARCNY_7Y;-0.011652;0.023652
2023-08-18;CNY_OIS_RUSFARCNY_7Y;-0.009136;0.025336
2023-08-21;CNY_OIS_RUSFARCNY_7Y;-0.007452;0.026052
2023-08-22;CNY_OIS_RUSFARCNY_7Y;-0.007865;0.024665
2023-08-23;CNY_OIS_RUSFARCNY_7Y;-0.008828;0.022828
2023-08-24;CNY_OIS_RUSFARCNY_7Y;-0.005062;0.026462
2023-08-25;CNY_OIS_RUSFARCNY_7Y;-0.006042;0.024642
2023-08-28;CNY_OIS_RUSFARCNY_7Y;-0.0047;0.0251
2023-08-29;CNY_OIS_RUSFARCNY_7Y;-0.003002;0.026002
2023-08-30;CNY_OIS_RUSFARCNY_7Y;-0.001046;0.027246
2023-08-31;CNY_OIS_RUSFARCNY_7Y;0.000444;0.027956
2023-09-01;CNY_OIS_RUSFARCNY_7Y;-0.000939;0.025939
2023-09-04;CNY_OIS_RUSFARCNY_7Y;-0.003373;0.023173
2023-09-05;CNY_OIS_RUSFARCNY_7Y;-0.006295;0.020095
2023-09-06;CNY_OIS_RUSFARCNY_7Y;-0.007925;0.017925
2023-09-07;CNY_OIS_RUSFARCNY_7Y;-0.007632;0.017432
2023-09-08;CNY_OIS_RUSFARCNY_7Y;-0.00776;0.01656
2023-09-11;CNY_OIS_RUSFARCNY_7Y;-0.007796;0.015796
2023-09-12;CNY_OIS_RUSFARCNY_7Y;-0.005685;0.017485
2023-09-13;CNY_OIS_RUSFARCNY_7Y;-0.004014;0.018614
2023-09-14;CNY_OIS_RUSFARCNY_7Y;-0.000976;0.021776
2023-09-15;CNY_OIS_RUSFARCNY_7Y;0.004342;0.030058
2023-09-18;CNY_OIS_RUSFARCNY_7Y;-0.007815;0.023215
2023-09-19;CNY_OIS_RUSFARCNY_7Y;-0.009022;0.021222
2023-09-20;CNY_OIS_RUSFARCNY_7Y;-0.007877;0.021477
2023-09-21;CNY_OIS_RUSFARCNY_7Y;-0.008357;0.020157
2023-09-22;CNY_OIS_RUSFARCNY_7Y;-0.009064;0.018664
2023-09-25;CNY_OIS_RUSFARCNY_7Y;-0.010001;0.017001
2023-09-26;CNY_OIS_RUSFARCNY_7Y;-0.010099;0.016099
2023-09-27;CNY_OIS_RUSFARCNY_7Y;-0.008645;0.016845
2023-09-28;CNY_OIS_RUSFARCNY_7Y;-0.000367;0.035967
2023-10-09;CNY_OIS_RUSFARCNY_7Y;-0.0017;0.0337
2023-10-10;CNY_OIS_RUSFARCNY_7Y;0.00064;0.03516
2023-10-11;CNY_OIS_RUSFARCNY_7Y;-0.004781;0.030181
2023-10-12;CNY_OIS_RUSFARCNY_7Y;-0.00636;0.02776
2023-10-13;CNY_OIS_RUSFARCNY_7Y;-0.005058;0.028058
2023-10-16;CNY_OIS_RUSFARCNY_7Y;-0.007467;0.025067
2023-10-17;CNY_OIS_RUSFARCNY_7Y;-0.006382;0.025182
2023-10-18;CNY_OIS_RUSFARCNY_7Y;-0.005507;0.025107
2023-10-19;CNY_OIS_RUSFARCNY_7Y;-0.003255;0.026655
2023-10-20;CNY_OIS_RUSFARCNY_7Y;-0.000586;0.028786
2023-10-23;CNY_OIS_RUSFARCNY_7Y;0.000159;0.028641
2023-10-24;CNY_OIS_RUSFARCNY_7Y;-0.001095;0.026695
2023-10-25;CNY_OIS_RUSFARCNY_7Y;-0.002361;0.024761
2023-10-26;CNY_OIS_RUSFARCNY_7Y;-0.003308;0.023108
2023-10-27;CNY_OIS_RUSFARCNY_7Y;-0.003415;0.022215
2023-10-30;CNY_OIS_RUSFARCNY_7Y;-0.001789;0.023189
2023-10-31;CNY_OIS_RUSFARCNY_7Y;0.003431;0.030569
2023-11-01;CNY_OIS_RUSFARCNY_7Y;0.007425;0.034975
2023-11-02;CNY_OIS_RUSFARCNY_7Y;0.006594;0.033406
2023-11-03;CNY_OIS_RUSFARCNY_7Y;-0.001095;0.027895
2023-11-07;CNY_OIS_RUSFARCNY_7Y;-0.006735;0.023135
2023-11-08;CNY_OIS_RUSFARCNY_7Y;-0.010297;0.019497
2023-11-09;CNY_OIS_RUSFARCNY_7Y;-0.010769;0.018169
2023-11-10;CNY_OIS_RUSFARCNY_7Y;-0.009741;0.018341
2023-11-13;CNY_OIS_RUSFARCNY_7Y;-0.009514;0.017714
2023-11-14;CNY_OIS_RUSFARCNY_7Y;-0.010903;0.015703
2023-11-15;CNY_OIS_RUSFARCNY_7Y;-0.010903;0.014903
2023-11-16;CNY_OIS_RUSFARCNY_7Y;-0.009924;0.015124
2023-11-17;CNY_OIS_RUSFARCNY_7Y;-0.00574;0.02014
2023-11-20;CNY_OIS_RUSFARCNY_7Y;-0.005049;0.020049
2023-11-21;CNY_OIS_RUSFARCNY_7Y;-0.005385;0.018985
2023-11-22;CNY_OIS_RUSFARCNY_7Y;-0.006829;0.017029
2023-11-23;CNY_OIS_RUSFARCNY_7Y;-0.007507;0.015707
2023-11-24;CNY_OIS_RUSFARCNY_7Y;-0.007253;0.015253
2023-11-27;CNY_OIS_RUSFARCNY_7Y;-0.006326;0.015526
2023-11-28;CNY_OIS_RUSFARCNY_7Y;-0.005222;0.016022
2023-11-29;CNY_OIS_RUSFARCNY_7Y;-0.003944;0.016744
2023-11-30;CNY_OIS_RUSFARCNY_7Y;0.000899;0.024301
2023-12-01;CNY_OIS_RUSFARCNY_7Y;0.003174;0.026226
2023-12-04;CNY_OIS_RUSFARCNY_7Y;-0.009459;0.019659
2023-12-05;CNY_OIS_RUSFARCNY_7Y;-0.008719;0.019519
2023-12-06;CNY_OIS_RUSFARCNY_7Y;-0.009217;0.018217
2023-12-07;CNY_OIS_RUSFARCNY_7Y;-0.008502;0.018102
2023-12-08;CNY_OIS_RUSFARCNY_7Y;-0.007226;0.018626
2023-12-11;CNY_OIS_RUSFARCNY_7Y;-0.003937;0.021937
2023-12-12;CNY_OIS_RUSFARCNY_7Y;-0.004052;0.021052
2023-12-13;CNY_OIS_RUSFARCNY_7Y;-0.000861;0.024261
2023-12-14;CNY_OIS_RUSFARCNY_7Y;-0.00141;0.02301
2023-12-15;CNY_OIS_RUSFARCNY_7Y;-0.006724;0.018724
2023-12-18;CNY_OIS_RUSFARCNY_7Y;-0.009555;0.015755
2023-12-19;CNY_OIS_RUSFARCNY_7Y;-0.007667;0.017067
2023-12-20;CNY_OIS_RUSFARCNY_7Y;0.002151;0.050849
2023-12-21;CNY_OIS_RUSFARCNY_7Y;0.014183;0.070617
2023-12-22;CNY_OIS_RUSFARCNY_7Y;-0.010539;0.056139
2023-12-25;CNY_OIS_RUSFARCNY_7Y;-0.017714;0.048514
2023-12-26;CNY_OIS_RUSFARCNY_7Y;-0.021956;0.042956
2023-12-27;CNY_OIS_RUSFARCNY_7Y;-0.022816;0.040216
2023-12-28;CNY_OIS_RUSFARCNY_7Y;-0.002031;0.089431
2024-01-09;CNY_OIS_RUSFARCNY_7Y;-0.019287;0.074687
2024-01-10;CNY_OIS_RUSFARCNY_7Y;-0.037494;0.059294
2024-01-11;CNY_OIS_RUSFARCNY_7Y;-0.044776;0.050376
2024-01-12;CNY_OIS_RUSFARCNY_7Y;-0.044337;0.047937
2024-01-15;CNY_OIS_RUSFARCNY_7Y;-0.039839;0.049839
2024-01-16;CNY_OIS_RUSFARCNY_7Y;-0.040309;0.046709
2024-01-17;CNY_OIS_RUSFARCNY_7Y;-0.022779;0.070779
2024-01-18;CNY_OIS_RUSFARCNY_7Y;-0.024767;0.066167
2024-01-19;CNY_OIS_RUSFARCNY_7Y;-0.022295;0.065895
2024-01-22;CNY_OIS_RUSFARCNY_7Y;-0.011422;0.076622
2024-01-23;CNY_OIS_RUSFARCNY_7Y;-0.001096;0.086496
2024-01-24;CNY_OIS_RUSFARCNY_7Y;-0.011104;0.076104
2024-01-25;CNY_OIS_RUSFARCNY_7Y;-0.007725;0.076925
2024-01-26;CNY_OIS_RUSFARCNY_7Y;-0.005447;0.076647
2024-01-29;CNY_OIS_RUSFARCNY_7Y;0.004787;0.086813
2024-01-30;CNY_OIS_RUSFARCNY_7Y;0.008837;0.088563
2024-01-31;CNY_OIS_RUSFARCNY_7Y;0.0279;0.1189
2024-02-01;CNY_OIS_RUSFARCNY_7Y;0.009693;0.103707
2024-02-02;CNY_OIS_RUSFARCNY_7Y;-0.01271;0.08631
2024-02-05;CNY_OIS_RUSFARCNY_7Y;-0.004424;0.092624
2024-02-06;CNY_OIS_RUSFARCNY_7Y;0.002958;0.097842
2024-02-07;CNY_OIS_RUSFARCNY_7Y;0.00549;0.09751
2024-02-08;CNY_OIS_RUSFARCNY_7Y;0.001407;0.091193
2024-02-09;CNY_OIS_RUSFARCNY_7Y;-0.00441;0.08361
2024-02-19;CNY_OIS_RUSFARCNY_7Y;-0.015389;0.072589
2024-02-20;CNY_OIS_RUSFARCNY_7Y;-0.026122;0.061722
2024-02-21;CNY_OIS_RUSFARCNY_7Y;-0.011205;0.079805
2024-02-22;CNY_OIS_RUSFARCNY_7Y;-0.012809;0.075609
2024-02-26;CNY_OIS_RUSFARCNY_7Y;-0.010965;0.074765
2024-02-27;CNY_OIS_RUSFARCNY_7Y;-0.009759;0.073359
2024-02-28;CNY_OIS_RUSFARCNY_7Y;0.003545;0.088855
2024-02-29;CNY_OIS_RUSFARCNY_7Y;0.032303;0.159497
2024-03-01;CNY_OIS_RUSFARCNY_7Y;0.060529;0.201471
2024-03-04;CNY_OIS_RUSFARCNY_7Y;-0.081374;0.150574
2024-03-05;CNY_OIS_RUSFARCNY_7Y;-0.070203;0.155203
2024-03-06;CNY_OIS_RUSFARCNY_7Y;-0.057567;0.161767
2024-03-07;CNY_OIS_RUSFARCNY_7Y;-0.048481;0.164481
2024-03-11;CNY_OIS_RUSFARCNY_7Y;-0.050876;0.155876
2024-03-12;CNY_OIS_RUSFARCNY_7Y;-0.053579;0.147179
2024-03-13;CNY_OIS_RUSFARCNY_7Y;-0.054392;0.140392
2024-03-14;CNY_OIS_RUSFARCNY_7Y;-0.051525;0.137325
2024-03-15;CNY_OIS_RUSFARCNY_7Y;-0.062064;0.122664
2024-03-18;CNY_OIS_RUSFARCNY_7Y;-0.058255;0.120855
2024-03-19;CNY_OIS_RUSFARCNY_7Y;-0.053647;0.120047
2024-03-20;CNY_OIS_RUSFARCNY_7Y;-0.055091;0.113491
2024-03-21;CNY_OIS_RUSFARCNY_7Y;-0.056302;0.107302
2024-03-22;CNY_OIS_RUSFARCNY_7Y;-0.069436;0.091636
2024-03-25;CNY_OIS_RUSFARCNY_7Y;-0.06251;0.09391
2024-03-26;CNY_OIS_RUSFARCNY_7Y;-0.064018;0.087818
2024-03-27;CNY_OIS_RUSFARCNY_7Y;-0.061505;0.085705
2024-03-28;CNY_OIS_RUSFARCNY_7Y;-0.049317;0.094917
2024-03-29;CNY_OIS_RUSFARCNY_7Y;-0.024102;0.126102
2024-04-01;CNY_OIS_RUSFARCNY_7Y;-0.06793;0.09493
2024-04-02;CNY_OIS_RUSFARCNY_7Y;-0.06515;0.09275
2024-04-03;CNY_OIS_RUSFARCNY_7Y;-0.037851;0.126251
2024-04-08;CNY_OIS_RUSFARCNY_7Y;-0.040394;0.118994
2024-04-09;CNY_OIS_RUSFARCNY_7Y;-0.049363;0.106563
2024-04-10;CNY_OIS_RUSFARCNY_7Y;-0.059998;0.092998
2024-04-11;CNY_OIS_RUSFARCNY_7Y;-0.054341;0.094141
2024-04-12;CNY_OIS_RUSFARCNY_7Y;-0.039191;0.107391
2024-04-15;CNY_OIS_RUSFARCNY_7Y;-0.039707;0.102507
2024-04-16;CNY_OIS_RUSFARCNY_7Y;-0.042285;0.095885
2024-04-17;CNY_OIS_RUSFARCNY_7Y;-0.038306;0.095706
2024-04-18;CNY_OIS_RUSFARCNY_7Y;-0.031261;0.099061
2024-04-19;CNY_OIS_RUSFARCNY_7Y;-0.017205;0.111805
2024-04-22;CNY_OIS_RUSFARCNY_7Y;-0.030583;0.097383
2024-04-23;CNY_OIS_RUSFARCNY_7Y;-0.038589;0.086789
2024-04-24;CNY_OIS_RUSFARCNY_7Y;-0.039124;0.082524
2024-04-25;CNY_OIS_RUSFARCNY_7Y;-0.02569;0.09489
2024-04-26;CNY_OIS_RUSFARCNY_7Y;-0.000555;0.130355
2024-05-06;CNY_OIS_RUSFARCNY_7Y;-0.037063;0.103863
2024-05-07;CNY_OIS_RUSFARCNY_7Y;-0.059799;0.083199
2024-05-08;CNY_OIS_RUSFARCNY_7Y;-0.057921;0.080721
2024-05-13;CNY_OIS_RUSFARCNY_7Y;-0.05413;0.08033
2024-05-14;CNY_OIS_RUSFARCNY_7Y;-0.052382;0.077982
2024-05-15;CNY_OIS_RUSFARCNY_7Y;-0.039382;0.089182
2024-05-16;CNY_OIS_RUSFARCNY_7Y;-0.032428;0.092628
2024-05-17;CNY_OIS_RUSFARCNY_7Y;-0.014132;0.112732
2024-05-20;CNY_OIS_RUSFARCNY_7Y;-0.035588;0.093588
2024-05-21;CNY_OIS_RUSFARCNY_7Y;-0.025838;0.100438
2024-05-22;CNY_OIS_RUSFARCNY_7Y;-0.040382;0.085382
2024-05-23;CNY_OIS_RUSFARCNY_7Y;-0.05181;0.07241
2024-05-24;CNY_OIS_RUSFARCNY_7Y;-0.050419;0.070019
2024-05-27;CNY_OIS_RUSFARCNY_7Y;-0.051136;0.065736
2024-05-28;CNY_OIS_RUSFARCNY_7Y;-0.038223;0.077623
2024-05-29;CNY_OIS_RUSFARCNY_7Y;-0.045108;0.068308
2024-05-30;CNY_OIS_RUSFARCNY_7Y;-0.036362;0.074562
2024-05-31;CNY_OIS_RUSFARCNY_7Y;-0.01862;0.09522
2024-06-03;CNY_OIS_RUSFARCNY_7Y;-0.037464;0.078264
2024-06-04;CNY_OIS_RUSFARCNY_7Y;-0.037425;0.074825
2024-06-05;CNY_OIS_RUSFARCNY_7Y;-0.044382;0.065582
2024-06-06;CNY_OIS_RUSFARCNY_7Y;-0.043008;0.063608
2024-06-07;CNY_OIS_RUSFARCNY_7Y;-0.0401;0.0633
2024-06-11;CNY_OIS_RUSFARCNY_7Y;-0.036852;0.063452
2024-06-13;CNY_OIS_RUSFARCNY_7Y;0.015715;0.522085
2024-06-14;CNY_OIS_RUSFARCNY_7Y;-0.258098;0.378698
2024-06-17;CNY_OIS_RUSFARCNY_7Y;-0.252726;0.364726
2024-06-18;CNY_OIS_RUSFARCNY_7Y;-0.244925;0.353725
2024-06-19;CNY_OIS_RUSFARCNY_7Y;-0.232722;0.347722
2024-06-20;CNY_OIS_RUSFARCNY_7Y;-0.22629;0.33649
2024-06-21;CNY_OIS_RUSFARCNY_7Y;-0.199904;0.346904
2024-06-24;CNY_OIS_RUSFARCNY_7Y;-0.199483;0.330883
2024-06-25;CNY_OIS_RUSFARCNY_7Y;-0.201589;0.312989
2024-06-26;CNY_OIS_RUSFARCNY_7Y;-0.204147;0.295147
2024-06-27;CNY_OIS_RUSFARCNY_7Y;-0.188087;0.296287
2024-06-28;CNY_OIS_RUSFARCNY_7Y;-0.174683;0.295083
2024-07-01;CNY_OIS_RUSFARCNY_7Y;-0.161213;0.294413
2024-07-02;CNY_OIS_RUSFARCNY_7Y;-0.144295;0.297895
2024-07-03;CNY_OIS_RUSFARCNY_7Y;-0.117258;0.313458
2024-07-04;CNY_OIS_RUSFARCNY_7Y;-0.146606;0.276006
2024-07-05;CNY_OIS_RUSFARCNY_7Y;-0.14319;0.26659
2024-07-08;CNY_OIS_RUSFARCNY_7Y;-0.141598;0.255798
2024-07-09;CNY_OIS_RUSFARCNY_7Y;-0.13695;0.24835
2024-07-10;CNY_OIS_RUSFARCNY_7Y;-0.124785;0.248985
2024-07-11;CNY_OIS_RUSFARCNY_7Y;-0.114742;0.247742
2024-07-12;CNY_OIS_RUSFARCNY_7Y;-0.106442;0.245042
2024-07-15;CNY_OIS_RUSFARCNY_7Y;-0.101188;0.239588
2024-07-16;CNY_OIS_RUSFARCNY_7Y;-0.117472;0.215272
2024-07-17;CNY_OIS_RUSFARCNY_7Y;-0.12259;0.20059
2024-07-18;CNY_OIS_RUSFARCNY_7Y;-0.12978;0.18438
2024-07-19;CNY_OIS_RUSFARCNY_7Y;-0.107553;0.199153
2024-07-22;CNY_OIS_RUSFARCNY_7Y;-0.096803;0.200803
2024-07-23;CNY_OIS_RUSFARCNY_7Y;-0.074799;0.215999
2024-07-24;CNY_OIS_RUSFARCNY_7Y;-0.058575;0.224375
2024-07-25;CNY_OIS_RUSFARCNY_7Y;-0.069488;0.206288
2024-07-26;CNY_OIS_RUSFARCNY_7Y;-0.067606;0.199806
2024-07-29;CNY_OIS_RUSFARCNY_7Y;-0.059203;0.200203
2024-07-30;CNY_OIS_RUSFARCNY_7Y;-0.072322;0.181122
2024-07-31;CNY_OIS_RUSFARCNY_7Y;-0.057105;0.189705
2024-08-01;CNY_OIS_RUSFARCNY_7Y;-0.04328;0.19688
2024-08-02;CNY_OIS_RUSFARCNY_7Y;-0.031415;0.202015
2024-08-05;CNY_OIS_RUSFARCNY_7Y;-0.01441;0.21361
2024-08-06;CNY_OIS_RUSFARCNY_7Y;0.053212;0.350588
2024-08-07;CNY_OIS_RUSFARCNY_7Y;-0.006586;0.300786
2024-08-08;CNY_OIS_RUSFARCNY_7Y;-0.09009;0.23949
2024-08-09;CNY_OIS_RUSFARCNY_7Y;-0.08537;0.23417
2024-08-12;CNY_OIS_RUSFARCNY_7Y;-0.077236;0.232636
2024-08-13;CNY_OIS_RUSFARCNY_7Y;-0.065575;0.235175
2024-08-14;CNY_OIS_RUSFARCNY_7Y;-0.061194;0.230394
2024-08-15;CNY_OIS_RUSFARCNY_7Y;-0.058664;0.224064
2024-08-16;CNY_OIS_RUSFARCNY_7Y;-0.05506;0.21906
2024-08-19;CNY_OIS_RUSFARCNY_7Y;-0.051586;0.214186
2024-08-20;CNY_OIS_RUSFARCNY_7Y;-0.049959;0.207759
2024-08-21;CNY_OIS_RUSFARCNY_7Y;-0.045136;0.204736
2024-08-22;CNY_OIS_RUSFARCNY_7Y;-0.041031;0.201231
2024-08-23;CNY_OIS_RUSFARCNY_7Y;-0.034768;0.200168
2024-08-26;CNY_OIS_RUSFARCNY_7Y;-0.029896;0.197896
2024-08-27;CNY_OIS_RUSFARCNY_7Y;-0.025629;0.195229
2024-08-28;CNY_OIS_RUSFARCNY_7Y;-0.022666;0.191466
2024-08-29;CNY_OIS_RUSFARCNY_7Y;-0.018905;0.188705
2024-08-30;CNY_OIS_RUSFARCNY_7Y;0.079159;0.763841
2024-09-02;CNY_OIS_RUSFARCNY_7Y;0.178174;0.871826
2024-09-03;CNY_OIS_RUSFARCNY_7Y;0.25537;0.94323
2024-09-04;CNY_OIS_RUSFARCNY_7Y;0.604611;3.636989
2024-09-05;CNY_OIS_RUSFARCNY_7Y;-1.283469;2.723869
2024-09-06;CNY_OIS_RUSFARCNY_7Y;-1.794694;2.215094
2024-09-09;CNY_OIS_RUSFARCNY_7Y;-1.743139;2.144539
2024-09-10;CNY_OIS_RUSFARCNY_7Y;-1.769065;2.003665
2024-09-11;CNY_OIS_RUSFARCNY_7Y;-1.715002;1.942802
2024-09-12;CNY_OIS_RUSFARCNY_7Y;-1.648219;1.898219
2024-09-13;CNY_OIS_RUSFARCNY_7Y;-1.306755;2.185555
2024-09-18;CNY_OIS_RUSFARCNY_7Y;-0.869733;2.620733
2024-09-19;CNY_OIS_RUSFARCNY_7Y;-1.119935;2.308135
2024-09-20;CNY_OIS_RUSFARCNY_7Y;-1.532831;1.888031
2024-09-23;CNY_OIS_RUSFARCNY_7Y;-1.523432;1.794232
2024-09-24;CNY_OIS_RUSFARCNY_7Y;-1.478807;1.737807
2024-09-25;CNY_OIS_RUSFARCNY_7Y;-1.426615;1.692015
2024-09-26;CNY_OIS_RUSFARCNY_7Y;-1.380312;1.643312
2024-09-27;CNY_OIS_RUSFARCNY_7Y;-1.333057;1.598457
2024-09-30;CNY_OIS_RUSFARCNY_7Y;-1.276055;1.566255
2024-10-08;CNY_OIS_RUSFARCNY_7Y;-1.238372;1.517372
2024-10-09;CNY_OIS_RUSFARCNY_7Y;-1.196096;1.475696
2024-10-10;CNY_OIS_RUSFARCNY_7Y;-1.1547;1.4357
2024-10-11;CNY_OIS_RUSFARCNY_7Y;-1.113544;1.397944
2024-10-14;CNY_OIS_RUSFARCNY_7Y;-1.078693;1.356293
2024-10-15;CNY_OIS_RUSFARCNY_7Y;-1.042604;1.318204
2024-10-16;CNY_OIS_RUSFARCNY_7Y;-1.006744;1.282144
2024-10-17;CNY_OIS_RUSFARCNY_7Y;-0.97318;1.24598
2024-10-18;CNY_OIS_RUSFARCNY_7Y;-0.936781;1.214781
2024-10-21;CNY_OIS_RUSFARCNY_7Y;-0.903908;1.182108
2024-10-22;CNY_OIS_RUSFARCNY_7Y;-0.871534;1.150934
2024-10-23;CNY_OIS_RUSFARCNY_7Y;-0.840028;1.120828
2024-10-24;CNY_OIS_RUSFARCNY_7Y;-0.808662;1.092462
2024-10-25;CNY_OIS_RUSFARCNY_7Y;-0.781906;1.061306
2024-10-28;CNY_OIS_RUSFARCNY_7Y;-0.694328;1.096728
2024-10-29;CNY_OIS_RUSFARCNY_7Y;-0.673368;1.063168
2024-10-30;CNY_OIS_RUSFARCNY_7Y;-0.645219;1.038419
2024-10-31;CNY_OIS_RUSFARCNY_7Y;-0.612999;1.019399
2024-11-01;CNY_OIS_RUSFARCNY_7Y;-0.589736;0.992936
2024-11-05;CNY_OIS_RUSFARCNY_7Y;-0.567731;0.966731
2024-11-06;CNY_OIS_RUSFARCNY_7Y;-0.633601;0.863201
2024-11-07;CNY_OIS_RUSFARCNY_7Y;-0.666591;0.788391
2024-11-08;CNY_OIS_RUSFARCNY_7Y;-0.681821;0.730621
2024-11-11;CNY_OIS_RUSFARCNY_7Y;-0.659008;0.710408
2024-11-12;CNY_OIS_RUSFARCNY_7Y;-0.618142;0.710142
2024-11-13;CNY_OIS_RUSFARCNY_7Y;-0.59731;0.69051
2024-11-14;CNY_OIS_RUSFARCNY_7Y;-0.551821;0.697821
2024-11-15;CNY_OIS_RUSFARCNY_7Y;-0.417112;0.819912
2024-11-18;CNY_OIS_RUSFARCNY_7Y;-0.437618;0.764018
2024-11-19;CNY_OIS_RUSFARCNY_7Y;-0.392142;0.774142
2024-11-20;CNY_OIS_RUSFARCNY_7Y;-0.366825;0.764025
2024-11-21;CNY_OIS_RUSFARCNY_7Y;-0.3501;0.7463
2024-11-22;CNY_OIS_RUSFARCNY_7Y;-0.322605;0.740605
2024-11-25;CNY_OIS_RUSFARCNY_7Y;-0.360008;0.675608
2024-11-26;CNY_OIS_RUSFARCNY_7Y;-0.47712;0.55352
2024-11-27;CNY_OIS_RUSFARCNY_7Y;-0.47366;0.52586
2024-11-28;CNY_OIS_RUSFARCNY_7Y;-0.469553;0.499753
2024-11-29;CNY_OIS_RUSFARCNY_7Y;-0.457094;0.482694
2024-12-02;CNY_OIS_RUSFARCNY_7Y;-0.427916;0.483716
2024-12-03;CNY_OIS_RUSFARCNY_7Y;-0.424341;0.459741
2024-12-04;CNY_OIS_RUSFARCNY_7Y;-0.418132;0.439132
2024-12-05;CNY_OIS_RUSFARCNY_7Y;-0.407984;0.423184
2024-12-06;CNY_OIS_RUSFARCNY_7Y;-0.39773;0.40813
2024-12-09;CNY_OIS_RUSFARCNY_7Y;-0.383559;0.397759
2024-12-10;CNY_OIS_RUSFARCNY_7Y;-0.360032;0.397832
2024-12-11;CNY_OIS_RUSFARCNY_7Y;-0.348488;0.386288
2024-12-12;CNY_OIS_RUSFARCNY_7Y;-0.343547;0.368947
2024-12-13;CNY_OIS_RUSFARCNY_7Y;-0.335505;0.355305
2024-12-16;CNY_OIS_RUSFARCNY_7Y;-0.324383;0.345383
2024-12-17;CNY_OIS_RUSFARCNY_7Y;-0.316993;0.332393
2024-12-18;CNY_OIS_RUSFARCNY_7Y;-0.29832;0.33152
2024-12-19;CNY_OIS_RUSFARCNY_7Y;-0.290531;0.320131
2024-12-20;CNY_OIS_RUSFARCNY_7Y;-0.287797;0.304397
2024-12-23;CNY_OIS_RUSFARCNY_7Y;-0.283615;0.290615
2024-12-24;CNY_OIS_RUSFARCNY_7Y;-0.27748;0.27928
2024-12-25;CNY_OIS_RUSFARCNY_7Y;-0.27151;0.26831
2024-12-26;CNY_OIS_RUSFARCNY_7Y;-0.266506;0.256906
2024-12-27;CNY_OIS_RUSFARCNY_7Y;-0.250071;0.257671
2025-01-09;CNY_OIS_RUSFARCNY_7Y;-0.244748;0.247548
2025-01-10;CNY_OIS_RUSFARCNY_7Y;-0.243628;0.233828
2025-01-13;CNY_OIS_RUSFARCNY_7Y;-0.234761;0.228161
2025-01-14;CNY_OIS_RUSFARCNY_7Y;-0.22741;0.22141
2025-01-15;CNY_OIS_RUSFARCNY_7Y;-0.217494;0.217694
2025-01-16;CNY_OIS_RUSFARCNY_7Y;-0.209768;0.212168
2025-01-17;CNY_OIS_RUSFARCNY_7Y;-0.202642;0.206442
2025-01-20;CNY_OIS_RUSFARCNY_7Y;-0.196912;0.199712
2025-01-21;CNY_OIS_RUSFARCNY_7Y;-0.19087;0.19367
2025-01-22;CNY_OIS_RUSFARCNY_7Y;-0.186519;0.186319
2025-01-23;CNY_OIS_RUSFARCNY_7Y;-0.184372;0.177172
2025-01-24;CNY_OIS_RUSFARCNY_7Y;-0.180068;0.170468
2025-01-27;CNY_OIS_RUSFARCNY_7Y;-0.17543;0.16443
2025-02-05;CNY_OIS_RUSFARCNY_7Y;-0.169555;0.159955
2025-02-06;CNY_OIS_RUSFARCNY_7Y;-0.162944;0.156544
2025-02-07;CNY_OIS_RUSFARCNY_7Y;-0.161614;0.148214
2025-02-10;CNY_OIS_RUSFARCNY_7Y;-0.157999;0.142399
2025-02-11;CNY_OIS_RUSFARCNY_7Y;-0.150256;0.141056
2025-02-12;CNY_OIS_RUSFARCNY_7Y;-0.146722;0.135722
2025-02-13;CNY_OIS_RUSFARCNY_7Y;-0.134924;0.139324
2025-02-17;CNY_OIS_RUSFARCNY_7Y;-0.13266;0.13326
2025-02-18;CNY_OIS_RUSFARCNY_7Y;-0.130219;0.127619
2025-02-19;CNY_OIS_RUSFARCNY_7Y;-0.127598;0.122398
2025-02-20;CNY_OIS_RUSFARCNY_7Y;-0.127749;0.114749
2025-02-21;CNY_OIS_RUSFARCNY_7Y;-0.119733;0.115533
2025-02-24;CNY_OIS_RUSFARCNY_7Y;-0.111349;0.116949
2025-02-25;CNY_OIS_RUSFARCNY_7Y;-0.108977;0.112377
2025-02-26;CNY_OIS_RUSFARCNY_7Y;-0.107623;0.107023
2025-02-28;CNY_OIS_RUSFARCNY_7Y;-0.108219;0.100019
2025-03-03;CNY_OIS_RUSFARCNY_7Y;-0.105247;0.096647
2025-03-04;CNY_OIS_RUSFARCNY_7Y;-0.103886;0.091886
2025-03-05;CNY_OIS_RUSFARCNY_7Y;-0.098826;0.091026
2025-03-06;CNY_OIS_RUSFARCNY_7Y;-0.093954;0.090154
2025-03-07;CNY_OIS_RUSFARCNY_7Y;-0.090254;0.088254
2025-03-10;CNY_OIS_RUSFARCNY_7Y;-0.085655;0.087455
2025-03-11;CNY_OIS_RUSFARCNY_7Y;-0.083118;0.084718
2025-03-12;CNY_OIS_RUSFARCNY_7Y;-0.080462;0.082262
2025-03-13;CNY_OIS_RUSFARCNY_7Y;-0.076203;0.081603
2025-03-14;CNY_OIS_RUSFARCNY_7Y;-0.075109;0.077909
2025-03-17;CNY_OIS_RUSFARCNY_7Y;-0.07228;0.07608
2025-03-18;CNY_OIS_RUSFARCNY_7Y;-0.069721;0.074121
2025-03-19;CNY_OIS_RUSFARCNY_7Y;-0.068841;0.070641
2025-03-20;CNY_OIS_RUSFARCNY_7Y;-0.066817;0.068417
2025-03-21;CNY_OIS_RUSFARCNY_7Y;-0.06406;0.06706
2025-03-24;CNY_OIS_RUSFARCNY_7Y;-0.062063;0.065063
2025-03-25;CNY_OIS_RUSFARCNY_7Y;-0.060027;0.063227
2025-03-26;CNY_OIS_RUSFARCNY_7Y;-0.058955;0.060555
2025-03-27;CNY_OIS_RUSFARCNY_7Y;-0.056636;0.059236
2025-03-28;CNY_OIS_RUSFARCNY_7Y;-0.054572;0.057772
2025-03-31;CNY_OIS_RUSFARCNY_7Y;-0.056893;0.052293
2025-04-01;CNY_OIS_RUSFARCNY_7Y;-0.057577;0.048377
2025-04-02;CNY_OIS_RUSFARCNY_7Y;-0.055664;0.047064
2025-04-03;CNY_OIS_RUSFARCNY_7Y;-0.050529;0.049329
2025-04-07;CNY_OIS_RUSFARCNY_7Y;-0.05053;0.04633
2025-04-08;CNY_OIS_RUSFARCNY_7Y;-0.049861;0.044061
2025-04-09;CNY_OIS_RUSFARCNY_7Y;-0.046185;0.044985
2025-04-10;CNY_OIS_RUSFARCNY_7Y;-0.044997;0.043397
2025-04-11;CNY_OIS_RUSFARCNY_7Y;-0.043351;0.042351
2025-04-14;CNY_OIS_RUSFARCNY_7Y;-0.041846;0.041246
2025-04-15;CNY_OIS_RUSFARCNY_7Y;-0.040681;0.039881
2025-04-16;CNY_OIS_RUSFARCNY_7Y;-0.040159;0.037959
2025-04-17;CNY_OIS_RUSFARCNY_7Y;-0.037982;0.037782
2025-04-18;CNY_OIS_RUSFARCNY_7Y;-0.036529;0.036929
2025-04-21;CNY_OIS_RUSFARCNY_7Y;-0.032807;0.038607
2025-04-22;CNY_OIS_RUSFARCNY_7Y;-0.031321;0.037921
2025-04-23;CNY_OIS_RUSFARCNY_7Y;-0.029869;0.037269
2025-04-24;CNY_OIS_RUSFARCNY_7Y;-0.030799;0.034399
2025-04-25;CNY_OIS_RUSFARCNY_7Y;-0.030208;0.033008
2025-04-28;CNY_OIS_RUSFARCNY_7Y;-0.035559;0.026759
2025-04-29;CNY_OIS_RUSFARCNY_7Y;-0.037641;0.023041
2025-04-30;CNY_OIS_RUSFARCNY_7Y;-0.032799;0.026599
2025-05-06;CNY_OIS_RUSFARCNY_7Y;-0.030336;0.027336
2025-05-07;CNY_OIS_RUSFARCNY_7Y;-0.027619;0.028419
2025-05-12;CNY_OIS_RUSFARCNY_7Y;-0.026074;0.028274
2025-05-13;CNY_OIS_RUSFARCNY_7Y;-0.024264;0.028464
2025-05-14;CNY_OIS_RUSFARCNY_7Y;-0.022576;0.028576
2025-05-15;CNY_OIS_RUSFARCNY_7Y;-0.023339;0.026339
2025-05-16;CNY_OIS_RUSFARCNY_7Y;-0.022683;0.025483
2025-05-19;CNY_OIS_RUSFARCNY_7Y;-0.022352;0.024352
2025-05-20;CNY_OIS_RUSFARCNY_7Y;-0.020951;0.024351
2025-05-21;CNY_OIS_RUSFARCNY_7Y;-0.020563;0.023363
2025-05-22;CNY_OIS_RUSFARCNY_7Y;-0.019498;0.023098
2025-05-23;CNY_OIS_RUSFARCNY_7Y;-0.018949;0.022349
2025-05-26;CNY_OIS_RUSFARCNY_7Y;-0.018724;0.021324
2025-05-27;CNY_OIS_RUSFARCNY_7Y;-0.016949;0.021949
2025-05-28;CNY_OIS_RUSFARCNY_7Y;-0.020161;0.018161
2025-05-29;CNY_OIS_RUSFARCNY_7Y;-0.019378;0.017778
2025-05-30;CNY_OIS_RUSFARCNY_7Y;-0.018319;0.017719
2025-06-03;CNY_OIS_RUSFARCNY_7Y;-0.015967;0.019167
2025-06-04;CNY_OIS_RUSFARCNY_7Y;-0.01646;0.01766
2025-06-05;CNY_OIS_RUSFARCNY_7Y;-0.016242;0.016842
2025-06-06;CNY_OIS_RUSFARCNY_7Y;-0.016662;0.015462
2025-06-09;CNY_OIS_RUSFARCNY_7Y;-0.016173;0.014973
2025-06-10;CNY_OIS_RUSFARCNY_7Y;-0.013823;0.016623
2025-06-11;CNY_OIS_RUSFARCNY_7Y;-0.014606;0.015006
2025-06-16;CNY_OIS_RUSFARCNY_7Y;-0.015187;0.013587
2025-06-17;CNY_OIS_RUSFARCNY_7Y;-0.013147;0.014947
2025-06-18;CNY_OIS_RUSFARCNY_7Y;-0.013436;0.013836
2025-06-19;CNY_OIS_RUSFARCNY_7Y;-0.012724;0.013724
2025-06-20;CNY_OIS_RUSFARCNY_7Y;-0.012421;0.013221
2025-06-23;CNY_OIS_RUSFARCNY_7Y;-0.01203;0.01283
2025-06-24;CNY_OIS_RUSFARCNY_7Y;-0.011853;0.012253
2025-06-25;CNY_OIS_RUSFARCNY_7Y;-0.012101;0.011301
2025-06-26;CNY_OIS_RUSFARCNY_7Y;-0.011448;0.011248
2025-06-27;CNY_OIS_RUSFARCNY_7Y;-0.010806;0.011206
2025-06-30;CNY_OIS_RUSFARCNY_7Y;-0.009793;0.011593
2025-07-01;CNY_OIS_RUSFARCNY_7Y;-0.010189;0.010589
2025-07-02;CNY_OIS_RUSFARCNY_7Y;-0.01049;0.00969
2025-07-03;CNY_OIS_RUSFARCNY_7Y;-0.011451;0.008251
2025-07-04;CNY_OIS_RUSFARCNY_7Y;-0.009428;0.010028
2025-07-07;CNY_OIS_RUSFARCNY_7Y;-0.009132;0.009732
2025-07-08;CNY_OIS_RUSFARCNY_7Y;-0.009463;0.008863
2025-07-09;CNY_OIS_RUSFARCNY_7Y;-0.009184;0.008584
2025-07-10;CNY_OIS_RUSFARCNY_7Y;-0.009427;0.007827
2025-07-11;CNY_OIS_RUSFARCNY_7Y;-0.007959;0.008959
2025-07-14;CNY_OIS_RUSFARCNY_7Y;-0.009098;0.007498
2025-07-15;CNY_OIS_RUSFARCNY_7Y;-0.009574;0.006574
2025-07-16;CNY_OIS_RUSFARCNY_7Y;-0.010277;0.005477
2025-07-17;CNY_OIS_RUSFARCNY_7Y;-0.010767;0.004567
2025-07-18;CNY_OIS_RUSFARCNY_7Y;-0.010534;0.004334
2025-07-21;CNY_OIS_RUSFARCNY_7Y;-0.008953;0.005753
2025-07-22;CNY_OIS_RUSFARCNY_7Y;-0.007795;0.006595
2025-07-23;CNY_OIS_RUSFARCNY_7Y;-0.007576;0.006376
2025-07-24;CNY_OIS_RUSFARCNY_7Y;-0.007166;0.006366
2025-07-25;CNY_OIS_RUSFARCNY_7Y;-0.00899;0.00459
2025-07-28;CNY_OIS_RUSFARCNY_7Y;-0.007941;0.005341
2025-07-29;CNY_OIS_RUSFARCNY_7Y;-0.007738;0.005138
2025-07-30;CNY_OIS_RUSFARCNY_7Y;-0.00839;0.00419
2025-07-31;CNY_OIS_RUSFARCNY_7Y;-0.007906;0.004306
2025-08-01;CNY_OIS_RUSFARCNY_7Y;-0.008132;0.003732
2025-08-04;CNY_OIS_RUSFARCNY_7Y;-0.007853;0.003653
2025-08-05;CNY_OIS_RUSFARCNY_7Y;-0.007385;0.003785
2025-08-06;CNY_OIS_RUSFARCNY_7Y;-0.007215;0.003615
2025-08-07;CNY_OIS_RUSFARCNY_7Y;-0.009533;0.001733
2025-08-08;CNY_OIS_RUSFARCNY_7Y;-0.008616;0.002416
2025-08-11;CNY_OIS_RUSFARCNY_7Y;-0.00707;0.00407
2025-08-12;CNY_OIS_RUSFARCNY_7Y;-0.007208;0.003608
2025-08-13;CNY_OIS_RUSFARCNY_7Y;-0.005893;0.004893
2025-08-14;CNY_OIS_RUSFARCNY_7Y;-0.006702;0.003902
2025-08-15;CNY_OIS_RUSFARCNY_7Y;-0.005973;0.004373
2025-08-18;CNY_OIS_RUSFARCNY_7Y;-0.005816;0.004216
2025-08-19;CNY_OIS_RUSFARCNY_7Y;-0.006641;0.003241
2025-08-20;CNY_OIS_RUSFARCNY_7Y;-0.006199;0.003399
2025-08-21;CNY_OIS_RUSFARCNY_7Y;-0.006362;0.002962
2025-08-22;CNY_OIS_RUSFARCNY_7Y;-0.006321;0.002721
2025-08-25;CNY_OIS_RUSFARCNY_7Y;-0.006085;0.002685
2025-08-26;CNY_OIS_RUSFARCNY_7Y;-0.006052;0.002452
2025-08-27;CNY_OIS_RUSFARCNY_7Y;-0.005451;0.002851
2025-08-28;CNY_OIS_RUSFARCNY_7Y;-0.005635;0.002435
2025-08-29;CNY_OIS_RUSFARCNY_7Y;-0.006042;0.001842
2025-09-01;CNY_OIS_RUSFARCNY_7Y;-0.006127;0.001527
2025-09-02;CNY_OIS_RUSFARCNY_7Y;-0.006542;0.000942
2025-09-03;CNY_OIS_RUSFARCNY_7Y;-0.006961;0.000361
2025-09-04;CNY_OIS_RUSFARCNY_7Y;-0.006951;0.000151
2025-09-05;CNY_OIS_RUSFARCNY_7Y;-0.007264;-0.000336
2025-09-08;CNY_OIS_RUSFARCNY_7Y;-0.006371;0.000571
2025-09-09;CNY_OIS_RUSFARCNY_7Y;-0.005477;0.001477
2025-09-10;CNY_OIS_RUSFARCNY_7Y;-0.006767;0.000367
2025-09-11;CNY_OIS_RUSFARCNY_7Y;-0.00452;0.00532
2025-09-12;CNY_OIS_RUSFARCNY_7Y;-0.00355;0.00615
2025-09-15;CNY_OIS_RUSFARCNY_7Y;-0.001984;0.007984
2025-09-16;CNY_OIS_RUSFARCNY_7Y;-0.002467;0.007267
2025-09-17;CNY_OIS_RUSFARCNY_7Y;-0.002319;0.007119
2025-09-18;CNY_OIS_RUSFARCNY_7Y;-0.002076;0.007076
2025-09-19;CNY_OIS_RUSFARCNY_7Y;-0.002141;0.006741
2025-09-22;CNY_OIS_RUSFARCNY_7Y;-0.002645;0.006045
2025-09-23;CNY_OIS_RUSFARCNY_7Y;-0.003041;0.005441
2025-09-24;CNY_OIS_RUSFARCNY_7Y;-0.002813;0.005413
2025-09-25;CNY_OIS_RUSFARCNY_7Y;-0.002789;0.005189
2025-09-26;CNY_OIS_RUSFARCNY_7Y;-0.002472;0.005272
2025-09-29;CNY_OIS_RUSFARCNY_7Y;-0.002065;0.005465
2025-09-30;CNY_OIS_RUSFARCNY_7Y;-0.007634;0.003034
2025-10-09;CNY_OIS_RUSFARCNY_7Y;-0.005399;0.006199
2025-10-10;CNY_OIS_RUSFARCNY_7Y;-0.004836;0.006436
2025-10-13;CNY_OIS_RUSFARCNY_7Y;-0.004006;0.007006
2025-10-14;CNY_OIS_RUSFARCNY_7Y;-0.003547;0.007147
2025-10-15;CNY_OIS_RUSFARCNY_7Y;-0.003092;0.007292
2025-10-16;CNY_OIS_RUSFARCNY_7Y;-0.002934;0.007134
2025-10-17;CNY_OIS_RUSFARCNY_7Y;-0.002984;0.006784
2025-10-20;CNY_OIS_RUSFARCNY_7Y;-0.00236;0.00716
2025-10-21;CNY_OIS_RUSFARCNY_7Y;-0.002316;0.006916
2025-10-22;CNY_OIS_RUSFARCNY_7Y;-0.002593;0.006393
2025-10-23;CNY_OIS_RUSFARCNY_7Y;-0.001895;0.006895
2025-10-24;CNY_OIS_RUSFARCNY_7Y;-0.001965;0.006565
2025-10-27;CNY_OIS_RUSFARCNY_7Y;-0.001936;0.006336
2025-10-28;CNY_OIS_RUSFARCNY_7Y;-0.002015;0.006015
2025-10-29;CNY_OIS_RUSFARCNY_7Y;-0.003137;0.004937
2025-10-30;CNY_OIS_RUSFARCNY_7Y;-0.002544;0.005344
2025-10-31;CNY_OIS_RUSFARCNY_7Y;-0.002844;0.004844
2025-11-05;CNY_OIS_RUSFARCNY_7Y;-0.002172;0.005372
2025-11-06;CNY_OIS_RUSFARCNY_7Y;-0.001589;0.005789
2025-11-07;CNY_OIS_RUSFARCNY_7Y;-0.000393;0.007193
2025-11-10;CNY_OIS_RUSFARCNY_7Y;-0.000924;0.006524
2025-11-11;CNY_OIS_RUSFARCNY_7Y;-0.001693;0.005693
2025-11-12;CNY_OIS_RUSFARCNY_7Y;-0.001893;0.005293
2025-11-13;CNY_OIS_RUSFARCNY_7Y;-0.000773;0.006573
2025-11-14;CNY_OIS_RUSFARCNY_7Y;-0.000373;0.006773
2025-11-17;CNY_OIS_RUSFARCNY_7Y;-0.000577;0.006377
2025-11-18;CNY_OIS_RUSFARCNY_7Y;-0.000471;0.006271
2025-11-19;CNY_OIS_RUSFARCNY_7Y;-0.001383;0.005383
2025-11-20;CNY_OIS_RUSFARCNY_7Y;-0.000993;0.005593
2025-11-21;CNY_OIS_RUSFARCNY_7Y;-0.001099;0.005299
2025-11-24;CNY_OIS_RUSFARCNY_7Y;-0.000625;0.005625
2025-11-25;CNY_OIS_RUSFARCNY_7Y;-0.001306;0.004906
2025-11-26;CNY_OIS_RUSFARCNY_7Y;-0.000836;0.005236
2025-11-27;CNY_OIS_RUSFARCNY_7Y;-0.000744;0.005144
2025-11-28;CNY_OIS_RUSFARCNY_7Y;-0.001313;0.004513
2025-12-01;CNY_OIS_RUSFARCNY_7Y;-0.000529;0.005329
2025-12-02;CNY_OIS_RUSFARCNY_7Y;-0.00187;0.00427
2025-12-03;CNY_OIS_RUSFARCNY_7Y;-0.002931;0.003331
2025-12-04;CNY_OIS_RUSFARCNY_7Y;-0.003375;0.002775
2025-12-05;CNY_OIS_RUSFARCNY_7Y;-0.003183;0.002783
2025-12-08;CNY_OIS_RUSFARCNY_7Y;-0.001046;0.008646
2025-12-09;CNY_OIS_RUSFARCNY_7Y;-0.000898;0.008498
2025-12-10;CNY_OIS_RUSFARCNY_7Y;-0.001064;0.008064
2025-12-11;CNY_OIS_RUSFARCNY_7Y;-0.00113;0.00773
2025-12-12;CNY_OIS_RUSFARCNY_7Y;-0.000799;0.007799
2025-12-15;CNY_OIS_RUSFARCNY_7Y;-0.000196;0.008196
2025-12-16;CNY_OIS_RUSFARCNY_7Y;-0.00071;0.00751
2025-12-17;CNY_OIS_RUSFARCNY_7Y;-0.001343;0.006743
2025-12-18;CNY_OIS_RUSFARCNY_7Y;-0.001024;0.006824
2025-12-19;CNY_OIS_RUSFARCNY_7Y;-0.001006;0.006606
2025-12-22;CNY_OIS_RUSFARCNY_7Y;-0.000252;0.007252
2025-12-23;CNY_OIS_RUSFARCNY_7Y;0.00033;0.00767
2025-12-24;CNY_OIS_RUSFARCNY_7Y;0.00082;0.00798
2025-12-25;CNY_OIS_RUSFARCNY_7Y;0.001217;0.008183
2025-12-26;CNY_OIS_RUSFARCNY_7Y;5.8e-05;0.007142
2025-12-29;CNY_OIS_RUSFARCNY_7Y;-0.000256;0.006656
2026-01-12;CNY_OIS_RUSFARCNY_7Y;0.00122;0.00878
2026-01-13;CNY_OIS_RUSFARCNY_7Y;-0.000861;0.007261
2026-01-14;CNY_OIS_RUSFARCNY_7Y;-0.001048;0.006848
2026-01-15;CNY_OIS_RUSFARCNY_7Y;-0.000928;0.006728
2026-01-16;CNY_OIS_RUSFARCNY_7Y;-0.001343;0.006143
2026-01-19;CNY_OIS_RUSFARCNY_7Y;-0.001229;0.006029
2026-01-20;CNY_OIS_RUSFARCNY_7Y;-0.000567;0.006567
2026-01-21;CNY_OIS_RUSFARCNY_7Y;0.00234;0.01726
2026-01-22;CNY_OIS_RUSFARCNY_7Y;0.006732;0.026068
2026-01-23;CNY_OIS_RUSFARCNY_7Y;-0.005589;0.020189
2026-01-26;CNY_OIS_RUSFARCNY_7Y;-0.00461;0.02041
2026-01-27;CNY_OIS_RUSFARCNY_7Y;-0.004635;0.019635
2026-01-28;CNY_OIS_RUSFARCNY_7Y;-0.004985;0.018585
2026-01-29;CNY_OIS_RUSFARCNY_7Y;-0.006559;0.016559
2026-01-30;CNY_OIS_RUSFARCNY_7Y;-0.005911;0.016511
2026-02-02;CNY_OIS_RUSFARCNY_7Y;-0.003338;0.018938
2026-02-03;CNY_OIS_RUSFARCNY_7Y;-0.00151;0.02031
2026-02-04;CNY_OIS_RUSFARCNY_7Y;-0.000222;0.021022
2026-02-05;CNY_OIS_RUSFARCNY_7Y;-0.000203;0.020403
2026-02-06;CNY_OIS_RUSFARCNY_7Y;0.012066;0.189534
2026-02-09;CNY_OIS_RUSFARCNY_7Y;0.002433;0.175967
2026-02-10;CNY_OIS_RUSFARCNY_7Y;-0.071925;0.131925
2026-02-11;CNY_OIS_RUSFARCNY_7Y;-0.009361;0.264761
2026-02-12;CNY_OIS_RUSFARCNY_7Y;-0.054734;0.223934
2026-02-13;CNY_OIS_RUSFARCNY_7Y;-0.060732;0.210132
2026-02-24;CNY_OIS_RUSFARCNY_7Y;-0.028785;0.240785
2026-02-25;CNY_OIS_RUSFARCNY_7Y;-0.026694;0.234694
2026-02-26;CNY_OIS_RUSFARCNY_7Y;-0.023615;0.229815
2026-02-27;CNY_OIS_RUSFARCNY_7Y;-0.039222;0.209022
2026-03-02;CNY_OIS_RUSFARCNY_7Y;-0.058626;0.185626
2026-03-03;CNY_OIS_RUSFARCNY_7Y;-0.062948;0.174348
2026-03-04;CNY_OIS_RUSFARCNY_7Y;-0.049286;0.181686
2026-03-05;CNY_OIS_RUSFARCNY_7Y;-0.050145;0.173945
2026-03-06;CNY_OIS_RUSFARCNY_7Y;-0.040699;0.176899
2026-03-10;CNY_OIS_RUSFARCNY_7Y;-0.045778;0.165778
2026-03-11;CNY_OIS_RUSFARCNY_7Y;-0.020086;0.190886
2026-03-12;CNY_OIS_RUSFARCNY_7Y;0.008977;0.221623
2026-03-13;CNY_OIS_RUSFARCNY_7Y;0.019831;0.226569
2026-03-16;CNY_OIS_RUSFARCNY_7Y;0.037268;0.239932
2026-03-17;CNY_OIS_RUSFARCNY_7Y;0.044853;0.241547
2026-03-18;CNY_OIS_RUSFARCNY_7Y;0.093766;0.322434
2026-03-19;CNY_OIS_RUSFARCNY_7Y;0.188698;0.689902
2026-03-20;CNY_OIS_RUSFARCNY_7Y;-0.204006;0.524406
2026-03-23;CNY_OIS_RUSFARCNY_7Y;-0.291002;0.435602
2026-03-24;CNY_OIS_RUSFARCNY_7Y;-0.258866;0.446866
2026-03-25;CNY_OIS_RUSFARCNY_7Y;-0.21899;0.46779
2026-03-26;CNY_OIS_RUSFARCNY_7Y;-0.240021;0.428421
2026-03-27;CNY_OIS_RUSFARCNY_7Y;-0.239676;0.408676
2026-03-30;CNY_OIS_RUSFARCNY_7Y;-0.267521;0.364921
2026-03-31;CNY_OIS_RUSFARCNY_7Y;-0.281809;0.333009
2026-04-01;CNY_OIS_RUSFARCNY_7Y;-0.261443;0.335043
2026-04-02;CNY_OIS_RUSFARCNY_7Y;-0.244949;0.333549
2026-04-03;CNY_OIS_RUSFARCNY_7Y;-0.226886;0.334286
2026-04-07;CNY_OIS_RUSFARCNY_7Y;-0.23637;0.30877
2026-04-08;CNY_OIS_RUSFARCNY_7Y;-0.254727;0.276127
2026-04-09;CNY_OIS_RUSFARCNY_7Y;-0.248044;0.266644
2026-04-10;CNY_OIS_RUSFARCNY_7Y;-0.240304;0.258704
2026-04-13;CNY_OIS_RUSFARCNY_7Y;-0.21238;0.27318
2026-04-14;CNY_OIS_RUSFARCNY_7Y;-0.217692;0.253692
2026-04-15;CNY_OIS_RUSFARCNY_7Y;-0.221971;0.235571
2026-04-16;CNY_OIS_RUSFARCNY_7Y;-0.216306;0.227306
2026-04-17;CNY_OIS_RUSFARCNY_7Y;-0.210049;0.220049
2026-04-20;CNY_OIS_RUSFARCNY_7Y;-0.202998;0.213998
2026-04-21;CNY_OIS_RUSFARCNY_7Y;-0.199465;0.204865
2026-04-22;CNY_OIS_RUSFARCNY_7Y;-0.193907;0.198107
2026-04-23;CNY_OIS_RUSFARCNY_7Y;-0.188036;0.192036
