date;ticker;bid;ask
2014-02-18;USD_OIS_SOFR_10Y;0.00103;0.00123
2014-02-19;USD_OIS_SOFR_10Y;0.00103;0.00123
2014-02-20;USD_OIS_SOFR_10Y;0.00103;0.00123
2014-02-21;USD_OIS_SOFR_10Y;0.00103;0.00123
2014-02-24;USD_OIS_SOFR_10Y;0.00103;0.00123
2014-02-25;USD_OIS_SOFR_10Y;0.00103;0.00123
2014-02-26;USD_OIS_SOFR_10Y;0.001114;0.001346
2014-02-27;USD_OIS_SOFR_10Y;0.001117;0.001343
2014-02-28;USD_OIS_SOFR_10Y;0.001121;0.001339
2014-03-03;USD_OIS_SOFR_10Y;0.001124;0.001336
2014-03-04;USD_OIS_SOFR_10Y;0.001127;0.001333
2014-03-05;USD_OIS_SOFR_10Y;0.00113;0.00133
2014-03-06;USD_OIS_SOFR_10Y;0.00113;0.00133
2014-03-07;USD_OIS_SOFR_10Y;0.00113;0.00133
2014-03-10;USD_OIS_SOFR_10Y;0.00113;0.00133
2014-03-11;USD_OIS_SOFR_10Y;0.00113;0.00133
2014-03-12;USD_OIS_SOFR_10Y;0.001186;0.001474
2014-03-13;USD_OIS_SOFR_10Y;0.00119;0.00147
2014-03-14;USD_OIS_SOFR_10Y;0.001195;0.001465
2014-03-17;USD_OIS_SOFR_10Y;0.001199;0.001461
2014-03-18;USD_OIS_SOFR_10Y;0.001203;0.001457
2014-03-19;USD_OIS_SOFR_10Y;0.001207;0.001453
2014-03-20;USD_OIS_SOFR_10Y;0.00121;0.00145
2014-03-21;USD_OIS_SOFR_10Y;0.001214;0.001446
2014-03-24;USD_OIS_SOFR_10Y;0.001217;0.001443
2014-03-25;USD_OIS_SOFR_10Y;0.001221;0.001439
2014-03-26;USD_OIS_SOFR_10Y;0.001224;0.001436
2014-03-27;USD_OIS_SOFR_10Y;0.001227;0.001433
2014-03-28;USD_OIS_SOFR_10Y;0.00123;0.00143
2014-03-31;USD_OIS_SOFR_10Y;0.00123;0.00143
2014-04-01;USD_OIS_SOFR_10Y;0.00123;0.00143
2014-04-02;USD_OIS_SOFR_10Y;0.00123;0.00143
2014-04-03;USD_OIS_SOFR_10Y;0.00123;0.00143
2014-04-04;USD_OIS_SOFR_10Y;0.00123;0.00143
2014-04-07;USD_OIS_SOFR_10Y;0.00123;0.00143
2014-04-08;USD_OIS_SOFR_10Y;0.00123;0.00143
2014-04-09;USD_OIS_SOFR_10Y;0.00123;0.00143
2014-04-10;USD_OIS_SOFR_10Y;0.00123;0.00143
2014-04-11;USD_OIS_SOFR_10Y;0.00123;0.00143
2014-04-14;USD_OIS_SOFR_10Y;0.00123;0.00143
2014-04-15;USD_OIS_SOFR_10Y;0.00123;0.00143
2014-04-16;USD_OIS_SOFR_10Y;0.001296;0.001564
2014-04-17;USD_OIS_SOFR_10Y;0.0013;0.00156
2014-04-21;USD_OIS_SOFR_10Y;0.001304;0.001556
2014-04-22;USD_OIS_SOFR_10Y;0.001308;0.001552
2014-04-23;USD_OIS_SOFR_10Y;0.001364;0.001696
2014-04-24;USD_OIS_SOFR_10Y;0.001369;0.001691
2014-04-25;USD_OIS_SOFR_10Y;0.001374;0.001686
2014-04-28;USD_OIS_SOFR_10Y;0.001379;0.001681
2014-04-29;USD_OIS_SOFR_10Y;0.001383;0.001677
2014-04-30;USD_OIS_SOFR_10Y;0.001246;0.001614
2014-05-01;USD_OIS_SOFR_10Y;0.001252;0.001608
2014-05-02;USD_OIS_SOFR_10Y;0.001257;0.001603
2014-05-05;USD_OIS_SOFR_10Y;0.001263;0.001597
2014-05-06;USD_OIS_SOFR_10Y;0.001268;0.001592
2014-05-07;USD_OIS_SOFR_10Y;0.001273;0.001587
2014-05-08;USD_OIS_SOFR_10Y;0.001278;0.001582
2014-05-09;USD_OIS_SOFR_10Y;0.001282;0.001578
2014-05-12;USD_OIS_SOFR_10Y;0.001287;0.001573
2014-05-13;USD_OIS_SOFR_10Y;0.001291;0.001569
2014-05-14;USD_OIS_SOFR_10Y;0.001152;0.001508
2014-05-15;USD_OIS_SOFR_10Y;0.001158;0.001502
2014-05-16;USD_OIS_SOFR_10Y;0.001163;0.001497
2014-05-19;USD_OIS_SOFR_10Y;0.001168;0.001492
2014-05-20;USD_OIS_SOFR_10Y;0.001173;0.001487
2014-05-21;USD_OIS_SOFR_10Y;0.001238;0.001622
2014-05-22;USD_OIS_SOFR_10Y;0.001244;0.001616
2014-05-23;USD_OIS_SOFR_10Y;0.00125;0.00161
2014-05-27;USD_OIS_SOFR_10Y;0.001255;0.001605
2014-05-28;USD_OIS_SOFR_10Y;0.001261;0.001599
2014-05-29;USD_OIS_SOFR_10Y;0.001266;0.001594
2014-05-30;USD_OIS_SOFR_10Y;0.001271;0.001589
2014-06-02;USD_OIS_SOFR_10Y;0.001276;0.001584
2014-06-03;USD_OIS_SOFR_10Y;0.00128;0.00158
2014-06-04;USD_OIS_SOFR_10Y;0.001285;0.001575
2014-06-05;USD_OIS_SOFR_10Y;0.001289;0.001571
2014-06-06;USD_OIS_SOFR_10Y;0.001294;0.001566
2014-06-09;USD_OIS_SOFR_10Y;0.001298;0.001562
2014-06-10;USD_OIS_SOFR_10Y;0.001302;0.001558
2014-06-11;USD_OIS_SOFR_10Y;0.001306;0.001554
2014-06-12;USD_OIS_SOFR_10Y;0.00131;0.00155
2014-06-13;USD_OIS_SOFR_10Y;0.001313;0.001547
2014-06-16;USD_OIS_SOFR_10Y;0.001317;0.001543
2014-06-17;USD_OIS_SOFR_10Y;0.00132;0.00154
2014-06-18;USD_OIS_SOFR_10Y;0.001372;0.001688
2014-06-19;USD_OIS_SOFR_10Y;0.001377;0.001683
2014-06-20;USD_OIS_SOFR_10Y;0.001382;0.001678
2014-06-23;USD_OIS_SOFR_10Y;0.001386;0.001674
2014-06-24;USD_OIS_SOFR_10Y;0.001391;0.001669
2014-06-25;USD_OIS_SOFR_10Y;0.001395;0.001665
2014-06-26;USD_OIS_SOFR_10Y;0.001399;0.001661
2014-06-27;USD_OIS_SOFR_10Y;0.001403;0.001657
2014-06-30;USD_OIS_SOFR_10Y;0.001407;0.001653
2014-07-01;USD_OIS_SOFR_10Y;0.001411;0.001649
2014-07-02;USD_OIS_SOFR_10Y;0.001414;0.001646
2014-07-03;USD_OIS_SOFR_10Y;0.001418;0.001642
2014-07-07;USD_OIS_SOFR_10Y;0.001421;0.001639
2014-07-08;USD_OIS_SOFR_10Y;0.001425;0.001635
2014-07-09;USD_OIS_SOFR_10Y;0.001275;0.001585
2014-07-10;USD_OIS_SOFR_10Y;0.00128;0.00158
2014-07-11;USD_OIS_SOFR_10Y;0.001285;0.001575
2014-07-14;USD_OIS_SOFR_10Y;0.001289;0.001571
2014-07-15;USD_OIS_SOFR_10Y;0.001293;0.001567
2014-07-16;USD_OIS_SOFR_10Y;0.001297;0.001563
2014-07-17;USD_OIS_SOFR_10Y;0.001301;0.001559
2014-07-18;USD_OIS_SOFR_10Y;0.001305;0.001555
2014-07-21;USD_OIS_SOFR_10Y;0.001309;0.001551
2014-07-22;USD_OIS_SOFR_10Y;0.001313;0.001547
2014-07-23;USD_OIS_SOFR_10Y;0.001316;0.001544
2014-07-24;USD_OIS_SOFR_10Y;0.00132;0.00154
2014-07-25;USD_OIS_SOFR_10Y;0.001323;0.001537
2014-07-28;USD_OIS_SOFR_10Y;0.001327;0.001533
2014-07-29;USD_OIS_SOFR_10Y;0.00133;0.00153
2014-07-30;USD_OIS_SOFR_10Y;0.00133;0.00153
2014-07-31;USD_OIS_SOFR_10Y;0.00133;0.00153
2014-08-01;USD_OIS_SOFR_10Y;0.00133;0.00153
2014-08-04;USD_OIS_SOFR_10Y;0.00133;0.00153
2014-08-05;USD_OIS_SOFR_10Y;0.00133;0.00153
2014-08-06;USD_OIS_SOFR_10Y;0.00133;0.00153
2014-08-07;USD_OIS_SOFR_10Y;0.00133;0.00153
2014-08-08;USD_OIS_SOFR_10Y;0.00133;0.00153
2014-08-11;USD_OIS_SOFR_10Y;0.00133;0.00153
2014-08-12;USD_OIS_SOFR_10Y;0.00133;0.00153
2014-08-13;USD_OIS_SOFR_10Y;0.00133;0.00153
2014-08-14;USD_OIS_SOFR_10Y;0.00133;0.00153
2014-08-15;USD_OIS_SOFR_10Y;0.00133;0.00153
2014-08-18;USD_OIS_SOFR_10Y;0.00133;0.00153
2014-08-19;USD_OIS_SOFR_10Y;0.00133;0.00153
2014-08-20;USD_OIS_SOFR_10Y;0.00133;0.00153
2014-08-21;USD_OIS_SOFR_10Y;0.00133;0.00153
2014-08-22;USD_OIS_SOFR_10Y;0.00133;0.00153
2014-08-25;USD_OIS_SOFR_10Y;0.00133;0.00153
2014-08-26;USD_OIS_SOFR_10Y;0.00133;0.00153
2014-08-27;USD_OIS_SOFR_10Y;0.00133;0.00153
2014-08-28;USD_OIS_SOFR_10Y;0.00133;0.00153
2014-08-29;USD_OIS_SOFR_10Y;0.00133;0.00153
2014-09-02;USD_OIS_SOFR_10Y;0.00133;0.00153
2014-09-03;USD_OIS_SOFR_10Y;0.001205;0.001455
2014-09-04;USD_OIS_SOFR_10Y;0.001209;0.001451
2014-09-05;USD_OIS_SOFR_10Y;0.001212;0.001448
2014-09-08;USD_OIS_SOFR_10Y;0.001216;0.001444
2014-09-09;USD_OIS_SOFR_10Y;0.001219;0.001441
2014-09-10;USD_OIS_SOFR_10Y;0.001272;0.001588
2014-09-11;USD_OIS_SOFR_10Y;0.001277;0.001583
2014-09-12;USD_OIS_SOFR_10Y;0.001281;0.001579
2014-09-15;USD_OIS_SOFR_10Y;0.001286;0.001574
2014-09-16;USD_OIS_SOFR_10Y;0.00129;0.00157
2014-09-17;USD_OIS_SOFR_10Y;0.001295;0.001565
2014-09-18;USD_OIS_SOFR_10Y;0.001299;0.001561
2014-09-19;USD_OIS_SOFR_10Y;0.001303;0.001557
2014-09-22;USD_OIS_SOFR_10Y;0.001307;0.001553
2014-09-23;USD_OIS_SOFR_10Y;0.00131;0.00155
2014-09-24;USD_OIS_SOFR_10Y;0.001314;0.001546
2014-09-25;USD_OIS_SOFR_10Y;0.001318;0.001542
2014-09-26;USD_OIS_SOFR_10Y;0.001321;0.001539
2014-09-29;USD_OIS_SOFR_10Y;0.001324;0.001536
2014-09-30;USD_OIS_SOFR_10Y;0.001328;0.001532
2014-10-01;USD_OIS_SOFR_10Y;0.00133;0.00153
2014-10-02;USD_OIS_SOFR_10Y;0.00133;0.00153
2014-10-03;USD_OIS_SOFR_10Y;0.00133;0.00153
2014-10-06;USD_OIS_SOFR_10Y;0.00133;0.00153
2014-10-07;USD_OIS_SOFR_10Y;0.00133;0.00153
2014-10-08;USD_OIS_SOFR_10Y;0.00133;0.00153
2014-10-09;USD_OIS_SOFR_10Y;0.00133;0.00153
2014-10-10;USD_OIS_SOFR_10Y;0.00133;0.00153
2014-10-14;USD_OIS_SOFR_10Y;0.00133;0.00153
2014-10-15;USD_OIS_SOFR_10Y;0.00133;0.00153
2014-10-16;USD_OIS_SOFR_10Y;0.00133;0.00153
2014-10-17;USD_OIS_SOFR_10Y;0.00133;0.00153
2014-10-20;USD_OIS_SOFR_10Y;0.00133;0.00153
2014-10-21;USD_OIS_SOFR_10Y;0.00133;0.00153
2014-10-22;USD_OIS_SOFR_10Y;0.00133;0.00153
2014-10-23;USD_OIS_SOFR_10Y;0.00133;0.00153
2014-10-24;USD_OIS_SOFR_10Y;0.00133;0.00153
2014-10-27;USD_OIS_SOFR_10Y;0.00133;0.00153
2014-10-28;USD_OIS_SOFR_10Y;0.00133;0.00153
2014-10-29;USD_OIS_SOFR_10Y;0.00133;0.00153
2014-10-30;USD_OIS_SOFR_10Y;0.00133;0.00153
2014-10-31;USD_OIS_SOFR_10Y;0.00133;0.00153
2014-11-03;USD_OIS_SOFR_10Y;0.00133;0.00153
2014-11-04;USD_OIS_SOFR_10Y;0.00133;0.00153
2014-11-05;USD_OIS_SOFR_10Y;0.001205;0.001455
2014-11-06;USD_OIS_SOFR_10Y;0.001208;0.001452
2014-11-07;USD_OIS_SOFR_10Y;0.001212;0.001448
2014-11-10;USD_OIS_SOFR_10Y;0.001216;0.001444
2014-11-12;USD_OIS_SOFR_10Y;0.001269;0.001591
2014-11-13;USD_OIS_SOFR_10Y;0.001274;0.001586
2014-11-14;USD_OIS_SOFR_10Y;0.001279;0.001581
2014-11-17;USD_OIS_SOFR_10Y;0.001284;0.001576
2014-11-18;USD_OIS_SOFR_10Y;0.001288;0.001572
2014-11-19;USD_OIS_SOFR_10Y;0.00135;0.00171
2014-11-20;USD_OIS_SOFR_10Y;0.001355;0.001705
2014-11-21;USD_OIS_SOFR_10Y;0.001361;0.001699
2014-11-24;USD_OIS_SOFR_10Y;0.001366;0.001694
2014-11-25;USD_OIS_SOFR_10Y;0.001371;0.001689
2014-11-26;USD_OIS_SOFR_10Y;0.001376;0.001684
2014-11-28;USD_OIS_SOFR_10Y;0.00138;0.00168
2014-12-01;USD_OIS_SOFR_10Y;0.001385;0.001675
2014-12-02;USD_OIS_SOFR_10Y;0.001389;0.001671
2014-12-03;USD_OIS_SOFR_10Y;0.001394;0.001666
2014-12-04;USD_OIS_SOFR_10Y;0.001398;0.001662
2014-12-05;USD_OIS_SOFR_10Y;0.001402;0.001658
2014-12-08;USD_OIS_SOFR_10Y;0.001406;0.001654
2014-12-09;USD_OIS_SOFR_10Y;0.00141;0.00165
2014-12-10;USD_OIS_SOFR_10Y;0.00147;0.00199
2014-12-11;USD_OIS_SOFR_10Y;0.001478;0.001982
2014-12-12;USD_OIS_SOFR_10Y;0.001486;0.001974
2014-12-15;USD_OIS_SOFR_10Y;0.001493;0.001967
2014-12-16;USD_OIS_SOFR_10Y;0.0015;0.00196
2014-12-17;USD_OIS_SOFR_10Y;0.001507;0.001953
2014-12-18;USD_OIS_SOFR_10Y;0.001514;0.001946
2014-12-19;USD_OIS_SOFR_10Y;0.001521;0.001939
2014-12-22;USD_OIS_SOFR_10Y;0.001527;0.001933
2014-12-23;USD_OIS_SOFR_10Y;0.001533;0.001927
2014-12-24;USD_OIS_SOFR_10Y;0.001607;0.002053
2014-12-26;USD_OIS_SOFR_10Y;0.001613;0.002047
2014-12-29;USD_OIS_SOFR_10Y;0.00162;0.00204
2014-12-30;USD_OIS_SOFR_10Y;0.001626;0.002034
2014-12-31;USD_OIS_SOFR_10Y;0.001501;0.001959
2015-01-02;USD_OIS_SOFR_10Y;0.001508;0.001952
2015-01-05;USD_OIS_SOFR_10Y;0.001515;0.001945
2015-01-06;USD_OIS_SOFR_10Y;0.001521;0.001939
2015-01-07;USD_OIS_SOFR_10Y;0.001397;0.001863
2015-01-08;USD_OIS_SOFR_10Y;0.001404;0.001856
2015-01-09;USD_OIS_SOFR_10Y;0.001411;0.001849
2015-01-12;USD_OIS_SOFR_10Y;0.001417;0.001843
2015-01-13;USD_OIS_SOFR_10Y;0.001424;0.001836
2015-01-14;USD_OIS_SOFR_10Y;0.001499;0.001961
2015-01-15;USD_OIS_SOFR_10Y;0.001506;0.001954
2015-01-16;USD_OIS_SOFR_10Y;0.001513;0.001947
2015-01-20;USD_OIS_SOFR_10Y;0.001519;0.001941
2015-01-21;USD_OIS_SOFR_10Y;0.001595;0.002065
2015-01-22;USD_OIS_SOFR_10Y;0.001602;0.002058
2015-01-23;USD_OIS_SOFR_10Y;0.001609;0.002051
2015-01-26;USD_OIS_SOFR_10Y;0.001616;0.002044
2015-01-27;USD_OIS_SOFR_10Y;0.001622;0.002038
2015-01-28;USD_OIS_SOFR_10Y;0.001498;0.001962
2015-01-29;USD_OIS_SOFR_10Y;0.001505;0.001955
2015-01-30;USD_OIS_SOFR_10Y;0.001511;0.001949
2015-02-02;USD_OIS_SOFR_10Y;0.001518;0.001942
2015-02-03;USD_OIS_SOFR_10Y;0.001525;0.001935
2015-02-04;USD_OIS_SOFR_10Y;0.001029;0.001831
2015-02-05;USD_OIS_SOFR_10Y;0.001041;0.001819
2015-02-06;USD_OIS_SOFR_10Y;0.001053;0.001807
2015-02-09;USD_OIS_SOFR_10Y;0.001064;0.001796
2015-02-10;USD_OIS_SOFR_10Y;0.001075;0.001785
2015-02-11;USD_OIS_SOFR_10Y;0.00124;0.00222
2015-02-12;USD_OIS_SOFR_10Y;0.001255;0.002205
2015-02-13;USD_OIS_SOFR_10Y;0.00127;0.00219
2015-02-17;USD_OIS_SOFR_10Y;0.001284;0.002176
2015-02-18;USD_OIS_SOFR_10Y;0.001297;0.002163
2015-02-19;USD_OIS_SOFR_10Y;0.001311;0.002149
2015-02-20;USD_OIS_SOFR_10Y;0.001323;0.002137
2015-02-23;USD_OIS_SOFR_10Y;0.001336;0.002124
2015-02-24;USD_OIS_SOFR_10Y;0.001348;0.002112
2015-02-25;USD_OIS_SOFR_10Y;0.001359;0.002101
2015-02-26;USD_OIS_SOFR_10Y;0.001371;0.002089
2015-02-27;USD_OIS_SOFR_10Y;0.001382;0.002078
2015-03-02;USD_OIS_SOFR_10Y;0.001392;0.002068
2015-03-03;USD_OIS_SOFR_10Y;0.001402;0.002058
2015-03-04;USD_OIS_SOFR_10Y;0.000958;0.001902
2015-03-05;USD_OIS_SOFR_10Y;0.000973;0.001887
2015-03-06;USD_OIS_SOFR_10Y;0.000987;0.001873
2015-03-09;USD_OIS_SOFR_10Y;0.001;0.00186
2015-03-10;USD_OIS_SOFR_10Y;0.001013;0.001847
2015-03-11;USD_OIS_SOFR_10Y;0.001196;0.002264
2015-03-12;USD_OIS_SOFR_10Y;0.001213;0.002247
2015-03-13;USD_OIS_SOFR_10Y;0.001228;0.002232
2015-03-16;USD_OIS_SOFR_10Y;0.001244;0.002216
2015-03-17;USD_OIS_SOFR_10Y;0.001259;0.002201
2015-03-18;USD_OIS_SOFR_10Y;0.001158;0.002102
2015-03-19;USD_OIS_SOFR_10Y;0.001173;0.002087
2015-03-20;USD_OIS_SOFR_10Y;0.001187;0.002073
2015-03-23;USD_OIS_SOFR_10Y;0.0012;0.00206
2015-03-24;USD_OIS_SOFR_10Y;0.001213;0.002047
2015-03-25;USD_OIS_SOFR_10Y;0.00131;0.00215
2015-03-26;USD_OIS_SOFR_10Y;0.001322;0.002138
2015-03-27;USD_OIS_SOFR_10Y;0.001335;0.002125
2015-03-30;USD_OIS_SOFR_10Y;0.001347;0.002113
2015-03-31;USD_OIS_SOFR_10Y;0.001359;0.002101
2015-04-01;USD_OIS_SOFR_10Y;0.001252;0.002008
2015-04-02;USD_OIS_SOFR_10Y;0.001263;0.001997
2015-04-03;USD_OIS_SOFR_10Y;0.001274;0.001986
2015-04-06;USD_OIS_SOFR_10Y;0.001285;0.001975
2015-04-07;USD_OIS_SOFR_10Y;0.001296;0.001964
2015-04-08;USD_OIS_SOFR_10Y;0.001386;0.002074
2015-04-09;USD_OIS_SOFR_10Y;0.001396;0.002064
2015-04-10;USD_OIS_SOFR_10Y;0.001406;0.002054
2015-04-13;USD_OIS_SOFR_10Y;0.001416;0.002044
2015-04-14;USD_OIS_SOFR_10Y;0.001426;0.002034
2015-04-15;USD_OIS_SOFR_10Y;0.001435;0.002025
2015-04-16;USD_OIS_SOFR_10Y;0.001444;0.002016
2015-04-17;USD_OIS_SOFR_10Y;0.001453;0.002007
2015-04-20;USD_OIS_SOFR_10Y;0.001461;0.001999
2015-04-21;USD_OIS_SOFR_10Y;0.001469;0.001991
2015-04-22;USD_OIS_SOFR_10Y;0.001552;0.002108
2015-04-23;USD_OIS_SOFR_10Y;0.00156;0.0021
2015-04-24;USD_OIS_SOFR_10Y;0.001569;0.002091
2015-04-27;USD_OIS_SOFR_10Y;0.001576;0.002084
2015-04-28;USD_OIS_SOFR_10Y;0.001584;0.002076
2015-04-29;USD_OIS_SOFR_10Y;0.001592;0.002068
2015-04-30;USD_OIS_SOFR_10Y;0.001599;0.002061
2015-05-01;USD_OIS_SOFR_10Y;0.001606;0.002054
2015-05-04;USD_OIS_SOFR_10Y;0.001613;0.002047
2015-05-05;USD_OIS_SOFR_10Y;0.001619;0.002041
2015-05-06;USD_OIS_SOFR_10Y;0.001495;0.001965
2015-05-07;USD_OIS_SOFR_10Y;0.001502;0.001958
2015-05-08;USD_OIS_SOFR_10Y;0.001509;0.001951
2015-05-11;USD_OIS_SOFR_10Y;0.001516;0.001944
2015-05-12;USD_OIS_SOFR_10Y;0.001522;0.001938
2015-05-13;USD_OIS_SOFR_10Y;0.001598;0.002062
2015-05-14;USD_OIS_SOFR_10Y;0.001605;0.002055
2015-05-15;USD_OIS_SOFR_10Y;0.001612;0.002048
2015-05-18;USD_OIS_SOFR_10Y;0.001618;0.002042
2015-05-19;USD_OIS_SOFR_10Y;0.001625;0.002035
2015-05-20;USD_OIS_SOFR_10Y;0.001631;0.002029
2015-05-21;USD_OIS_SOFR_10Y;0.001637;0.002023
2015-05-22;USD_OIS_SOFR_10Y;0.001643;0.002017
2015-05-26;USD_OIS_SOFR_10Y;0.001649;0.002011
2015-05-27;USD_OIS_SOFR_10Y;0.001654;0.002006
2015-05-28;USD_OIS_SOFR_10Y;0.001659;0.002001
2015-05-29;USD_OIS_SOFR_10Y;0.001665;0.001995
2015-06-01;USD_OIS_SOFR_10Y;0.00167;0.00199
2015-06-02;USD_OIS_SOFR_10Y;0.001675;0.001985
2015-06-03;USD_OIS_SOFR_10Y;0.00115;0.00191
2015-06-04;USD_OIS_SOFR_10Y;0.001162;0.001898
2015-06-05;USD_OIS_SOFR_10Y;0.001173;0.001887
2015-06-08;USD_OIS_SOFR_10Y;0.001184;0.001876
2015-06-09;USD_OIS_SOFR_10Y;0.001194;0.001866
2015-06-10;USD_OIS_SOFR_10Y;0.001353;0.002307
2015-06-11;USD_OIS_SOFR_10Y;0.001368;0.002292
2015-06-12;USD_OIS_SOFR_10Y;0.001382;0.002278
2015-06-15;USD_OIS_SOFR_10Y;0.001395;0.002265
2015-06-16;USD_OIS_SOFR_10Y;0.001409;0.002251
2015-06-17;USD_OIS_SOFR_10Y;0.001422;0.002238
2015-06-18;USD_OIS_SOFR_10Y;0.001434;0.002226
2015-06-19;USD_OIS_SOFR_10Y;0.001446;0.002214
2015-06-22;USD_OIS_SOFR_10Y;0.001458;0.002202
2015-06-23;USD_OIS_SOFR_10Y;0.001469;0.002191
2015-06-24;USD_OIS_SOFR_10Y;0.00148;0.00218
2015-06-25;USD_OIS_SOFR_10Y;0.001491;0.002169
2015-06-26;USD_OIS_SOFR_10Y;0.001501;0.002159
2015-06-29;USD_OIS_SOFR_10Y;0.001511;0.002149
2015-06-30;USD_OIS_SOFR_10Y;0.001521;0.002139
2015-07-01;USD_OIS_SOFR_10Y;0.001408;0.002052
2015-07-02;USD_OIS_SOFR_10Y;0.001418;0.002042
2015-07-06;USD_OIS_SOFR_10Y;0.001428;0.002032
2015-07-07;USD_OIS_SOFR_10Y;0.001437;0.002023
2015-07-08;USD_OIS_SOFR_10Y;0.001523;0.002137
2015-07-09;USD_OIS_SOFR_10Y;0.001532;0.002128
2015-07-10;USD_OIS_SOFR_10Y;0.001541;0.002119
2015-07-13;USD_OIS_SOFR_10Y;0.00155;0.00211
2015-07-14;USD_OIS_SOFR_10Y;0.001559;0.002101
2015-07-15;USD_OIS_SOFR_10Y;0.001567;0.002093
2015-07-16;USD_OIS_SOFR_10Y;0.001575;0.002085
2015-07-17;USD_OIS_SOFR_10Y;0.001583;0.002077
2015-07-20;USD_OIS_SOFR_10Y;0.00159;0.00207
2015-07-21;USD_OIS_SOFR_10Y;0.001598;0.002062
2015-07-22;USD_OIS_SOFR_10Y;0.001605;0.002055
2015-07-23;USD_OIS_SOFR_10Y;0.001612;0.002048
2015-07-24;USD_OIS_SOFR_10Y;0.001618;0.002042
2015-07-27;USD_OIS_SOFR_10Y;0.001625;0.002035
2015-07-28;USD_OIS_SOFR_10Y;0.001631;0.002029
2015-07-29;USD_OIS_SOFR_10Y;0.001637;0.002023
2015-07-30;USD_OIS_SOFR_10Y;0.001643;0.002017
2015-07-31;USD_OIS_SOFR_10Y;0.001649;0.002011
2015-08-03;USD_OIS_SOFR_10Y;0.001654;0.002006
2015-08-04;USD_OIS_SOFR_10Y;0.001659;0.002001
2015-08-05;USD_OIS_SOFR_10Y;0.001345;0.001915
2015-08-06;USD_OIS_SOFR_10Y;0.001354;0.001906
2015-08-07;USD_OIS_SOFR_10Y;0.001362;0.001898
2015-08-10;USD_OIS_SOFR_10Y;0.00137;0.00189
2015-08-11;USD_OIS_SOFR_10Y;0.001378;0.001882
2015-08-12;USD_OIS_SOFR_10Y;0.001504;0.002356
2015-08-13;USD_OIS_SOFR_10Y;0.001517;0.002343
2015-08-14;USD_OIS_SOFR_10Y;0.00153;0.00233
2015-08-17;USD_OIS_SOFR_10Y;0.001542;0.002318
2015-08-18;USD_OIS_SOFR_10Y;0.001554;0.002306
2015-08-19;USD_OIS_SOFR_10Y;0.001647;0.002413
2015-08-20;USD_OIS_SOFR_10Y;0.001659;0.002401
2015-08-21;USD_OIS_SOFR_10Y;0.00167;0.00239
2015-08-24;USD_OIS_SOFR_10Y;0.001681;0.002379
2015-08-25;USD_OIS_SOFR_10Y;0.001692;0.002368
2015-08-26;USD_OIS_SOFR_10Y;0.001702;0.002358
2015-08-27;USD_OIS_SOFR_10Y;0.001712;0.002348
2015-08-28;USD_OIS_SOFR_10Y;0.001722;0.002338
2015-08-31;USD_OIS_SOFR_10Y;0.001731;0.002329
2015-09-01;USD_OIS_SOFR_10Y;0.00174;0.00232
2015-09-02;USD_OIS_SOFR_10Y;0.001465;0.002195
2015-09-03;USD_OIS_SOFR_10Y;0.001477;0.002183
2015-09-04;USD_OIS_SOFR_10Y;0.001487;0.002173
2015-09-08;USD_OIS_SOFR_10Y;0.001498;0.002162
2015-09-09;USD_OIS_SOFR_10Y;0.001588;0.002272
2015-09-10;USD_OIS_SOFR_10Y;0.001598;0.002262
2015-09-11;USD_OIS_SOFR_10Y;0.001608;0.002252
2015-09-14;USD_OIS_SOFR_10Y;0.001618;0.002242
2015-09-15;USD_OIS_SOFR_10Y;0.001627;0.002233
2015-09-16;USD_OIS_SOFR_10Y;0.001637;0.002223
2015-09-17;USD_OIS_SOFR_10Y;0.001646;0.002214
2015-09-18;USD_OIS_SOFR_10Y;0.001654;0.002206
2015-09-21;USD_OIS_SOFR_10Y;0.001663;0.002197
2015-09-22;USD_OIS_SOFR_10Y;0.001671;0.002189
2015-09-23;USD_OIS_SOFR_10Y;0.001679;0.002181
2015-09-24;USD_OIS_SOFR_10Y;0.001686;0.002174
2015-09-25;USD_OIS_SOFR_10Y;0.001694;0.002166
2015-09-28;USD_OIS_SOFR_10Y;0.001701;0.002159
2015-09-29;USD_OIS_SOFR_10Y;0.001708;0.002152
2015-09-30;USD_OIS_SOFR_10Y;0.001413;0.002047
2015-10-01;USD_OIS_SOFR_10Y;0.001423;0.002037
2015-10-02;USD_OIS_SOFR_10Y;0.001432;0.002028
2015-10-05;USD_OIS_SOFR_10Y;0.001441;0.002019
2015-10-06;USD_OIS_SOFR_10Y;0.00145;0.00201
2015-10-07;USD_OIS_SOFR_10Y;0.001535;0.002125
2015-10-08;USD_OIS_SOFR_10Y;0.001544;0.002116
2015-10-09;USD_OIS_SOFR_10Y;0.001553;0.002107
2015-10-13;USD_OIS_SOFR_10Y;0.001561;0.002099
2015-10-14;USD_OIS_SOFR_10Y;0.001569;0.002091
2015-10-15;USD_OIS_SOFR_10Y;0.001577;0.002083
2015-10-16;USD_OIS_SOFR_10Y;0.001585;0.002075
2015-10-19;USD_OIS_SOFR_10Y;0.001592;0.002068
2015-10-20;USD_OIS_SOFR_10Y;0.0016;0.00206
2015-10-21;USD_OIS_SOFR_10Y;0.001607;0.002053
2015-10-22;USD_OIS_SOFR_10Y;0.001613;0.002047
2015-10-23;USD_OIS_SOFR_10Y;0.00162;0.00204
2015-10-26;USD_OIS_SOFR_10Y;0.001626;0.002034
2015-10-27;USD_OIS_SOFR_10Y;0.001633;0.002027
2015-10-28;USD_OIS_SOFR_10Y;0.001506;0.001954
2015-10-29;USD_OIS_SOFR_10Y;0.001513;0.001947
2015-10-30;USD_OIS_SOFR_10Y;0.001519;0.001941
2015-11-02;USD_OIS_SOFR_10Y;0.001526;0.001934
2015-11-03;USD_OIS_SOFR_10Y;0.001532;0.001928
2015-11-04;USD_OIS_SOFR_10Y;0.001229;0.001831
2015-11-05;USD_OIS_SOFR_10Y;0.001238;0.001822
2015-11-06;USD_OIS_SOFR_10Y;0.001247;0.001813
2015-11-09;USD_OIS_SOFR_10Y;0.001255;0.001805
2015-11-10;USD_OIS_SOFR_10Y;0.001264;0.001796
2015-11-12;USD_OIS_SOFR_10Y;0.001383;0.002077
2015-11-13;USD_OIS_SOFR_10Y;0.001393;0.002067
2015-11-16;USD_OIS_SOFR_10Y;0.001404;0.002056
2015-11-17;USD_OIS_SOFR_10Y;0.001413;0.002047
2015-11-18;USD_OIS_SOFR_10Y;0.001423;0.002037
2015-11-19;USD_OIS_SOFR_10Y;0.001432;0.002028
2015-11-20;USD_OIS_SOFR_10Y;0.001442;0.002018
2015-11-23;USD_OIS_SOFR_10Y;0.00145;0.00201
2015-11-24;USD_OIS_SOFR_10Y;0.001459;0.002001
2015-11-25;USD_OIS_SOFR_10Y;0.001467;0.001993
2015-11-27;USD_OIS_SOFR_10Y;0.001475;0.001985
2015-11-30;USD_OIS_SOFR_10Y;0.001483;0.001977
2015-12-01;USD_OIS_SOFR_10Y;0.00149;0.00197
2015-12-02;USD_OIS_SOFR_10Y;0.001498;0.001962
2015-12-03;USD_OIS_SOFR_10Y;0.001505;0.001955
2015-12-04;USD_OIS_SOFR_10Y;0.001512;0.001948
2015-12-07;USD_OIS_SOFR_10Y;0.001518;0.001942
2015-12-08;USD_OIS_SOFR_10Y;0.001525;0.001935
2015-12-09;USD_OIS_SOFR_10Y;0.0016;0.00206
2015-12-10;USD_OIS_SOFR_10Y;0.001607;0.002053
2015-12-11;USD_OIS_SOFR_10Y;0.001613;0.002047
2015-12-14;USD_OIS_SOFR_10Y;0.00162;0.00204
2015-12-15;USD_OIS_SOFR_10Y;0.001626;0.002034
2015-12-16;USD_OIS_SOFR_10Y;0.001701;0.002159
2015-12-17;USD_OIS_SOFR_10Y;0.001708;0.002152
2015-12-18;USD_OIS_SOFR_10Y;0.001715;0.002145
2015-12-21;USD_OIS_SOFR_10Y;0.001721;0.002139
2015-12-22;USD_OIS_SOFR_10Y;0.001728;0.002132
2015-12-23;USD_OIS_SOFR_10Y;0.00155;0.00691
2015-12-24;USD_OIS_SOFR_10Y;0.001632;0.006828
2015-12-28;USD_OIS_SOFR_10Y;0.001711;0.006749
2015-12-29;USD_OIS_SOFR_10Y;0.001788;0.006672
2015-12-30;USD_OIS_SOFR_10Y;0.001759;0.006501
2015-12-31;USD_OIS_SOFR_10Y;0.001832;0.006428
2016-01-04;USD_OIS_SOFR_10Y;0.001902;0.006358
2016-01-05;USD_OIS_SOFR_10Y;0.00197;0.00629
2016-01-06;USD_OIS_SOFR_10Y;0.000889;0.005571
2016-01-07;USD_OIS_SOFR_10Y;0.00096;0.0055
2016-01-08;USD_OIS_SOFR_10Y;0.001029;0.005431
2016-01-11;USD_OIS_SOFR_10Y;0.001096;0.005364
2016-01-12;USD_OIS_SOFR_10Y;0.001161;0.005299
2016-01-13;USD_OIS_SOFR_10Y;0.001868;0.006392
2016-01-14;USD_OIS_SOFR_10Y;0.001937;0.006323
2016-01-15;USD_OIS_SOFR_10Y;0.002004;0.006256
2016-01-19;USD_OIS_SOFR_10Y;0.002069;0.006191
2016-01-20;USD_OIS_SOFR_10Y;0.002131;0.006129
2016-01-21;USD_OIS_SOFR_10Y;0.002192;0.006068
2016-01-22;USD_OIS_SOFR_10Y;0.002251;0.006009
2016-01-25;USD_OIS_SOFR_10Y;0.002309;0.005951
2016-01-26;USD_OIS_SOFR_10Y;0.002364;0.005896
2016-01-27;USD_OIS_SOFR_10Y;0.002602;0.006058
2016-01-28;USD_OIS_SOFR_10Y;0.002655;0.006005
2016-01-29;USD_OIS_SOFR_10Y;0.002706;0.005954
2016-02-01;USD_OIS_SOFR_10Y;0.002755;0.005905
2016-02-02;USD_OIS_SOFR_10Y;0.002803;0.005857
2016-02-03;USD_OIS_SOFR_10Y;0.002379;0.005481
2016-02-04;USD_OIS_SOFR_10Y;0.002426;0.005434
2016-02-05;USD_OIS_SOFR_10Y;0.002472;0.005388
2016-02-08;USD_OIS_SOFR_10Y;0.002516;0.005344
2016-02-09;USD_OIS_SOFR_10Y;0.002559;0.005301
2016-02-10;USD_OIS_SOFR_10Y;0.002922;0.005738
2016-02-11;USD_OIS_SOFR_10Y;0.002965;0.005695
2016-02-12;USD_OIS_SOFR_10Y;0.003006;0.005654
2016-02-16;USD_OIS_SOFR_10Y;0.003047;0.005613
2016-02-17;USD_OIS_SOFR_10Y;0.003086;0.005574
2016-02-18;USD_OIS_SOFR_10Y;0.003124;0.005536
2016-02-19;USD_OIS_SOFR_10Y;0.003161;0.005499
2016-02-22;USD_OIS_SOFR_10Y;0.003196;0.005464
2016-02-23;USD_OIS_SOFR_10Y;0.003231;0.005429
2016-02-24;USD_OIS_SOFR_10Y;0.003264;0.005396
2016-02-25;USD_OIS_SOFR_10Y;0.003297;0.005363
2016-02-26;USD_OIS_SOFR_10Y;0.003328;0.005332
2016-02-29;USD_OIS_SOFR_10Y;0.003359;0.005301
2016-03-01;USD_OIS_SOFR_10Y;0.003388;0.005272
2016-03-02;USD_OIS_SOFR_10Y;0.003188;0.005072
2016-03-03;USD_OIS_SOFR_10Y;0.003217;0.005043
2016-03-04;USD_OIS_SOFR_10Y;0.003244;0.005016
2016-03-07;USD_OIS_SOFR_10Y;0.003271;0.004989
2016-03-08;USD_OIS_SOFR_10Y;0.003298;0.004962
2016-03-09;USD_OIS_SOFR_10Y;0.003323;0.004937
2016-03-10;USD_OIS_SOFR_10Y;0.003347;0.004913
2016-03-11;USD_OIS_SOFR_10Y;0.003371;0.004889
2016-03-14;USD_OIS_SOFR_10Y;0.003394;0.004866
2016-03-15;USD_OIS_SOFR_10Y;0.003417;0.004843
2016-03-16;USD_OIS_SOFR_10Y;0.003439;0.004821
2016-03-17;USD_OIS_SOFR_10Y;0.00346;0.0048
2016-03-18;USD_OIS_SOFR_10Y;0.00348;0.00478
2016-03-21;USD_OIS_SOFR_10Y;0.0035;0.00476
2016-03-22;USD_OIS_SOFR_10Y;0.003519;0.004741
2016-03-23;USD_OIS_SOFR_10Y;0.003626;0.004834
2016-03-24;USD_OIS_SOFR_10Y;0.003645;0.004815
2016-03-28;USD_OIS_SOFR_10Y;0.003663;0.004797
2016-03-29;USD_OIS_SOFR_10Y;0.00368;0.00478
2016-03-30;USD_OIS_SOFR_10Y;0.003697;0.004763
2016-03-31;USD_OIS_SOFR_10Y;0.003713;0.004747
2016-04-01;USD_OIS_SOFR_10Y;0.003729;0.004731
2016-04-04;USD_OIS_SOFR_10Y;0.003744;0.004716
2016-04-05;USD_OIS_SOFR_10Y;0.003759;0.004701
2016-04-06;USD_OIS_SOFR_10Y;0.003517;0.004543
2016-04-07;USD_OIS_SOFR_10Y;0.003533;0.004527
2016-04-08;USD_OIS_SOFR_10Y;0.003548;0.004512
2016-04-11;USD_OIS_SOFR_10Y;0.003563;0.004497
2016-04-12;USD_OIS_SOFR_10Y;0.003577;0.004483
2016-04-13;USD_OIS_SOFR_10Y;0.003733;0.004727
2016-04-14;USD_OIS_SOFR_10Y;0.003748;0.004712
2016-04-15;USD_OIS_SOFR_10Y;0.003763;0.004697
2016-04-18;USD_OIS_SOFR_10Y;0.003777;0.004683
2016-04-19;USD_OIS_SOFR_10Y;0.003791;0.004669
2016-04-20;USD_OIS_SOFR_10Y;0.003804;0.004656
2016-04-21;USD_OIS_SOFR_10Y;0.003817;0.004643
2016-04-22;USD_OIS_SOFR_10Y;0.00383;0.00463
2016-04-25;USD_OIS_SOFR_10Y;0.003842;0.004618
2016-04-26;USD_OIS_SOFR_10Y;0.003854;0.004606
2016-04-27;USD_OIS_SOFR_10Y;0.003865;0.004595
2016-04-28;USD_OIS_SOFR_10Y;0.003876;0.004584
2016-04-29;USD_OIS_SOFR_10Y;0.003887;0.004573
2016-05-02;USD_OIS_SOFR_10Y;0.003898;0.004562
2016-05-03;USD_OIS_SOFR_10Y;0.003908;0.004552
2016-05-04;USD_OIS_SOFR_10Y;0.003462;0.004398
2016-05-05;USD_OIS_SOFR_10Y;0.003476;0.004384
2016-05-06;USD_OIS_SOFR_10Y;0.00349;0.00437
2016-05-09;USD_OIS_SOFR_10Y;0.003503;0.004357
2016-05-10;USD_OIS_SOFR_10Y;0.003516;0.004344
2016-05-11;USD_OIS_SOFR_10Y;0.003699;0.004761
2016-05-12;USD_OIS_SOFR_10Y;0.003715;0.004745
2016-05-13;USD_OIS_SOFR_10Y;0.003731;0.004729
2016-05-16;USD_OIS_SOFR_10Y;0.003746;0.004714
2016-05-17;USD_OIS_SOFR_10Y;0.003761;0.004699
2016-05-18;USD_OIS_SOFR_10Y;0.003775;0.004685
2016-05-19;USD_OIS_SOFR_10Y;0.003789;0.004671
2016-05-20;USD_OIS_SOFR_10Y;0.003802;0.004658
2016-05-23;USD_OIS_SOFR_10Y;0.003815;0.004645
2016-05-24;USD_OIS_SOFR_10Y;0.003828;0.004632
2016-05-25;USD_OIS_SOFR_10Y;0.00384;0.00462
2016-05-26;USD_OIS_SOFR_10Y;0.003852;0.004608
2016-05-27;USD_OIS_SOFR_10Y;0.003863;0.004597
2016-05-31;USD_OIS_SOFR_10Y;0.003875;0.004585
2016-06-01;USD_OIS_SOFR_10Y;0.003766;0.004494
2016-06-02;USD_OIS_SOFR_10Y;0.003777;0.004483
2016-06-03;USD_OIS_SOFR_10Y;0.003788;0.004472
2016-06-06;USD_OIS_SOFR_10Y;0.003799;0.004461
2016-06-07;USD_OIS_SOFR_10Y;0.003809;0.004451
2016-06-08;USD_OIS_SOFR_10Y;0.003898;0.004562
2016-06-09;USD_OIS_SOFR_10Y;0.003908;0.004552
2016-06-10;USD_OIS_SOFR_10Y;0.003917;0.004543
2016-06-13;USD_OIS_SOFR_10Y;0.003927;0.004533
2016-06-14;USD_OIS_SOFR_10Y;0.003936;0.004524
2016-06-15;USD_OIS_SOFR_10Y;0.003945;0.004515
2016-06-16;USD_OIS_SOFR_10Y;0.003954;0.004506
2016-06-17;USD_OIS_SOFR_10Y;0.003962;0.004498
2016-06-20;USD_OIS_SOFR_10Y;0.00397;0.00449
2016-06-21;USD_OIS_SOFR_10Y;0.003978;0.004482
2016-06-22;USD_OIS_SOFR_10Y;0.00406;0.0046
2016-06-23;USD_OIS_SOFR_10Y;0.004068;0.004592
2016-06-24;USD_OIS_SOFR_10Y;0.004076;0.004584
2016-06-27;USD_OIS_SOFR_10Y;0.004084;0.004576
2016-06-28;USD_OIS_SOFR_10Y;0.004091;0.004569
2016-06-29;USD_OIS_SOFR_10Y;0.004202;0.004858
2016-06-30;USD_OIS_SOFR_10Y;0.004212;0.004848
2016-07-01;USD_OIS_SOFR_10Y;0.004222;0.004838
2016-07-05;USD_OIS_SOFR_10Y;0.004231;0.004829
2016-07-06;USD_OIS_SOFR_10Y;0.004118;0.004742
2016-07-07;USD_OIS_SOFR_10Y;0.004127;0.004733
2016-07-08;USD_OIS_SOFR_10Y;0.004136;0.004724
2016-07-11;USD_OIS_SOFR_10Y;0.004145;0.004715
2016-07-12;USD_OIS_SOFR_10Y;0.004154;0.004706
2016-07-13;USD_OIS_SOFR_10Y;0.004238;0.004822
2016-07-14;USD_OIS_SOFR_10Y;0.004247;0.004813
2016-07-15;USD_OIS_SOFR_10Y;0.004256;0.004804
2016-07-18;USD_OIS_SOFR_10Y;0.004264;0.004796
2016-07-19;USD_OIS_SOFR_10Y;0.004272;0.004788
2016-07-20;USD_OIS_SOFR_10Y;0.00428;0.00478
2016-07-21;USD_OIS_SOFR_10Y;0.004288;0.004772
2016-07-22;USD_OIS_SOFR_10Y;0.004295;0.004765
2016-07-25;USD_OIS_SOFR_10Y;0.004302;0.004758
2016-07-26;USD_OIS_SOFR_10Y;0.004309;0.004751
2016-07-27;USD_OIS_SOFR_10Y;0.004316;0.004744
2016-07-28;USD_OIS_SOFR_10Y;0.004322;0.004738
2016-07-29;USD_OIS_SOFR_10Y;0.004329;0.004731
2016-08-01;USD_OIS_SOFR_10Y;0.004335;0.004725
2016-08-02;USD_OIS_SOFR_10Y;0.004341;0.004719
2016-08-03;USD_OIS_SOFR_10Y;0.00363;0.00463
2016-08-04;USD_OIS_SOFR_10Y;0.003646;0.004614
2016-08-05;USD_OIS_SOFR_10Y;0.00366;0.0046
2016-08-08;USD_OIS_SOFR_10Y;0.003675;0.004585
2016-08-09;USD_OIS_SOFR_10Y;0.003689;0.004571
2016-08-10;USD_OIS_SOFR_10Y;0.003898;0.005162
2016-08-11;USD_OIS_SOFR_10Y;0.003917;0.005143
2016-08-12;USD_OIS_SOFR_10Y;0.003936;0.005124
2016-08-15;USD_OIS_SOFR_10Y;0.003954;0.005106
2016-08-16;USD_OIS_SOFR_10Y;0.003972;0.005088
2016-08-17;USD_OIS_SOFR_10Y;0.003989;0.005071
2016-08-18;USD_OIS_SOFR_10Y;0.004005;0.005055
2016-08-19;USD_OIS_SOFR_10Y;0.004021;0.005039
2016-08-22;USD_OIS_SOFR_10Y;0.004037;0.005023
2016-08-23;USD_OIS_SOFR_10Y;0.004052;0.005008
2016-08-24;USD_OIS_SOFR_10Y;0.004066;0.004994
2016-08-25;USD_OIS_SOFR_10Y;0.00408;0.00498
2016-08-26;USD_OIS_SOFR_10Y;0.004094;0.004966
2016-08-29;USD_OIS_SOFR_10Y;0.004107;0.004953
2016-08-30;USD_OIS_SOFR_10Y;0.00412;0.00494
2016-08-31;USD_OIS_SOFR_10Y;0.004016;0.004844
2016-09-01;USD_OIS_SOFR_10Y;0.004029;0.004831
2016-09-02;USD_OIS_SOFR_10Y;0.004041;0.004819
2016-09-06;USD_OIS_SOFR_10Y;0.004053;0.004807
2016-09-07;USD_OIS_SOFR_10Y;0.004146;0.004914
2016-09-08;USD_OIS_SOFR_10Y;0.004158;0.004902
2016-09-09;USD_OIS_SOFR_10Y;0.004169;0.004891
2016-09-12;USD_OIS_SOFR_10Y;0.00418;0.00488
2016-09-13;USD_OIS_SOFR_10Y;0.004191;0.004869
2016-09-14;USD_OIS_SOFR_10Y;0.004201;0.004859
2016-09-15;USD_OIS_SOFR_10Y;0.004211;0.004849
2016-09-16;USD_OIS_SOFR_10Y;0.004221;0.004839
2016-09-19;USD_OIS_SOFR_10Y;0.00423;0.00483
2016-09-20;USD_OIS_SOFR_10Y;0.00424;0.00482
2016-09-21;USD_OIS_SOFR_10Y;0.004248;0.004812
2016-09-22;USD_OIS_SOFR_10Y;0.004257;0.004803
2016-09-23;USD_OIS_SOFR_10Y;0.004265;0.004795
2016-09-26;USD_OIS_SOFR_10Y;0.004273;0.004787
2016-09-27;USD_OIS_SOFR_10Y;0.004281;0.004779
2016-09-28;USD_OIS_SOFR_10Y;0.004289;0.004771
2016-09-29;USD_OIS_SOFR_10Y;0.004296;0.004764
2016-09-30;USD_OIS_SOFR_10Y;0.004303;0.004757
2016-10-03;USD_OIS_SOFR_10Y;0.00431;0.00475
2016-10-04;USD_OIS_SOFR_10Y;0.004317;0.004743
2016-10-05;USD_OIS_SOFR_10Y;0.003413;0.004647
2016-10-06;USD_OIS_SOFR_10Y;0.003432;0.004628
2016-10-07;USD_OIS_SOFR_10Y;0.00345;0.00461
2016-10-11;USD_OIS_SOFR_10Y;0.003468;0.004592
2016-10-12;USD_OIS_SOFR_10Y;0.003734;0.005326
2016-10-13;USD_OIS_SOFR_10Y;0.003758;0.005302
2016-10-14;USD_OIS_SOFR_10Y;0.003781;0.005279
2016-10-17;USD_OIS_SOFR_10Y;0.003804;0.005256
2016-10-18;USD_OIS_SOFR_10Y;0.003826;0.005234
2016-10-19;USD_OIS_SOFR_10Y;0.003938;0.005322
2016-10-20;USD_OIS_SOFR_10Y;0.003959;0.005301
2016-10-21;USD_OIS_SOFR_10Y;0.003979;0.005281
2016-10-24;USD_OIS_SOFR_10Y;0.003999;0.005261
2016-10-25;USD_OIS_SOFR_10Y;0.004018;0.005242
2016-10-26;USD_OIS_SOFR_10Y;0.004037;0.005223
2016-10-27;USD_OIS_SOFR_10Y;0.004055;0.005205
2016-10-28;USD_OIS_SOFR_10Y;0.004073;0.005187
2016-10-31;USD_OIS_SOFR_10Y;0.00409;0.00517
2016-11-01;USD_OIS_SOFR_10Y;0.004106;0.005154
2016-11-02;USD_OIS_SOFR_10Y;0.004009;0.005051
2016-11-03;USD_OIS_SOFR_10Y;0.004025;0.005035
2016-11-04;USD_OIS_SOFR_10Y;0.00404;0.00502
2016-11-07;USD_OIS_SOFR_10Y;0.004055;0.005005
2016-11-08;USD_OIS_SOFR_10Y;0.00407;0.00499
2016-11-09;USD_OIS_SOFR_10Y;0.004169;0.005091
2016-11-10;USD_OIS_SOFR_10Y;0.004183;0.005077
2016-11-14;USD_OIS_SOFR_10Y;0.004196;0.005064
2016-11-15;USD_OIS_SOFR_10Y;0.00421;0.00505
2016-11-16;USD_OIS_SOFR_10Y;0.004222;0.005038
2016-11-17;USD_OIS_SOFR_10Y;0.004235;0.005025
2016-11-18;USD_OIS_SOFR_10Y;0.004247;0.005013
2016-11-21;USD_OIS_SOFR_10Y;0.004259;0.005001
2016-11-22;USD_OIS_SOFR_10Y;0.00427;0.00499
2016-11-23;USD_OIS_SOFR_10Y;0.004281;0.004979
2016-11-25;USD_OIS_SOFR_10Y;0.004291;0.004969
2016-11-28;USD_OIS_SOFR_10Y;0.004302;0.004958
2016-11-29;USD_OIS_SOFR_10Y;0.004312;0.004948
2016-11-30;USD_OIS_SOFR_10Y;0.0042;0.00486
2016-12-01;USD_OIS_SOFR_10Y;0.00421;0.00485
2016-12-02;USD_OIS_SOFR_10Y;0.00422;0.00484
2016-12-05;USD_OIS_SOFR_10Y;0.00423;0.00483
2016-12-06;USD_OIS_SOFR_10Y;0.004239;0.004821
2016-12-07;USD_OIS_SOFR_10Y;0.004325;0.004935
2016-12-08;USD_OIS_SOFR_10Y;0.004334;0.004926
2016-12-09;USD_OIS_SOFR_10Y;0.004343;0.004917
2016-12-12;USD_OIS_SOFR_10Y;0.004352;0.004908
2016-12-13;USD_OIS_SOFR_10Y;0.00436;0.0049
2016-12-14;USD_OIS_SOFR_10Y;0.004368;0.004892
2016-12-15;USD_OIS_SOFR_10Y;0.004376;0.004884
2016-12-16;USD_OIS_SOFR_10Y;0.004384;0.004876
2016-12-19;USD_OIS_SOFR_10Y;0.004392;0.004868
2016-12-20;USD_OIS_SOFR_10Y;0.004399;0.004861
2016-12-21;USD_OIS_SOFR_10Y;0.004217;0.010043
2016-12-22;USD_OIS_SOFR_10Y;0.004305;0.009955
2016-12-23;USD_OIS_SOFR_10Y;0.004391;0.009869
2016-12-27;USD_OIS_SOFR_10Y;0.004475;0.009785
2016-12-28;USD_OIS_SOFR_10Y;0.004556;0.009704
2016-12-29;USD_OIS_SOFR_10Y;0.004634;0.009626
2016-12-30;USD_OIS_SOFR_10Y;0.00471;0.00955
2017-01-03;USD_OIS_SOFR_10Y;0.004784;0.009476
2017-01-04;USD_OIS_SOFR_10Y;0.004151;0.008909
2017-01-05;USD_OIS_SOFR_10Y;0.004223;0.008837
2017-01-06;USD_OIS_SOFR_10Y;0.004294;0.008766
2017-01-09;USD_OIS_SOFR_10Y;0.004362;0.008698
2017-01-10;USD_OIS_SOFR_10Y;0.004428;0.008632
2017-01-11;USD_OIS_SOFR_10Y;0.004976;0.009284
2017-01-12;USD_OIS_SOFR_10Y;0.005042;0.009218
2017-01-13;USD_OIS_SOFR_10Y;0.005105;0.009155
2017-01-17;USD_OIS_SOFR_10Y;0.005167;0.009093
2017-01-18;USD_OIS_SOFR_10Y;0.005227;0.009033
2017-01-19;USD_OIS_SOFR_10Y;0.005285;0.008975
2017-01-20;USD_OIS_SOFR_10Y;0.005341;0.008919
2017-01-23;USD_OIS_SOFR_10Y;0.005395;0.008865
2017-01-24;USD_OIS_SOFR_10Y;0.005448;0.008812
2017-01-25;USD_OIS_SOFR_10Y;0.005499;0.008761
2017-01-26;USD_OIS_SOFR_10Y;0.005549;0.008711
2017-01-27;USD_OIS_SOFR_10Y;0.005597;0.008663
2017-01-30;USD_OIS_SOFR_10Y;0.005644;0.008616
2017-01-31;USD_OIS_SOFR_10Y;0.005689;0.008571
2017-02-01;USD_OIS_SOFR_10Y;0.005628;0.008432
2017-02-02;USD_OIS_SOFR_10Y;0.005671;0.008389
2017-02-03;USD_OIS_SOFR_10Y;0.005712;0.008348
2017-02-06;USD_OIS_SOFR_10Y;0.005753;0.008307
2017-02-07;USD_OIS_SOFR_10Y;0.005791;0.008269
2017-02-08;USD_OIS_SOFR_10Y;0.005924;0.008336
2017-02-09;USD_OIS_SOFR_10Y;0.00596;0.0083
2017-02-10;USD_OIS_SOFR_10Y;0.005996;0.008264
2017-02-13;USD_OIS_SOFR_10Y;0.006031;0.008229
2017-02-14;USD_OIS_SOFR_10Y;0.006064;0.008196
2017-02-15;USD_OIS_SOFR_10Y;0.006097;0.008163
2017-02-16;USD_OIS_SOFR_10Y;0.006128;0.008132
2017-02-17;USD_OIS_SOFR_10Y;0.006159;0.008101
2017-02-21;USD_OIS_SOFR_10Y;0.006188;0.008072
2017-02-22;USD_OIS_SOFR_10Y;0.006217;0.008043
2017-02-23;USD_OIS_SOFR_10Y;0.006245;0.008015
2017-02-24;USD_OIS_SOFR_10Y;0.006272;0.007988
2017-02-27;USD_OIS_SOFR_10Y;0.006298;0.007962
2017-02-28;USD_OIS_SOFR_10Y;0.006323;0.007937
2017-03-01;USD_OIS_SOFR_10Y;0.006239;0.007821
2017-03-02;USD_OIS_SOFR_10Y;0.006263;0.007797
2017-03-03;USD_OIS_SOFR_10Y;0.006287;0.007773
2017-03-06;USD_OIS_SOFR_10Y;0.006309;0.007751
2017-03-07;USD_OIS_SOFR_10Y;0.006331;0.007729
2017-03-08;USD_OIS_SOFR_10Y;0.006443;0.007817
2017-03-09;USD_OIS_SOFR_10Y;0.006464;0.007796
2017-03-10;USD_OIS_SOFR_10Y;0.006484;0.007776
2017-03-13;USD_OIS_SOFR_10Y;0.006503;0.007757
2017-03-14;USD_OIS_SOFR_10Y;0.006523;0.007737
2017-03-15;USD_OIS_SOFR_10Y;0.006541;0.007719
2017-03-16;USD_OIS_SOFR_10Y;0.006559;0.007701
2017-03-17;USD_OIS_SOFR_10Y;0.006576;0.007684
2017-03-20;USD_OIS_SOFR_10Y;0.006593;0.007667
2017-03-21;USD_OIS_SOFR_10Y;0.00661;0.00765
2017-03-22;USD_OIS_SOFR_10Y;0.006682;0.012578
2017-03-23;USD_OIS_SOFR_10Y;0.006772;0.012488
2017-03-24;USD_OIS_SOFR_10Y;0.006859;0.012401
2017-03-27;USD_OIS_SOFR_10Y;0.006943;0.012317
2017-03-28;USD_OIS_SOFR_10Y;0.007025;0.012235
2017-03-29;USD_OIS_SOFR_10Y;0.007104;0.012156
2017-03-30;USD_OIS_SOFR_10Y;0.007181;0.012079
2017-03-31;USD_OIS_SOFR_10Y;0.007256;0.012004
2017-04-03;USD_OIS_SOFR_10Y;0.007328;0.011932
2017-04-04;USD_OIS_SOFR_10Y;0.007398;0.011862
2017-04-05;USD_OIS_SOFR_10Y;0.007017;0.011443
2017-04-06;USD_OIS_SOFR_10Y;0.007084;0.011376
2017-04-07;USD_OIS_SOFR_10Y;0.00715;0.01131
2017-04-10;USD_OIS_SOFR_10Y;0.007213;0.011247
2017-04-11;USD_OIS_SOFR_10Y;0.007275;0.011185
2017-04-12;USD_OIS_SOFR_10Y;0.007678;0.011582
2017-04-13;USD_OIS_SOFR_10Y;0.007737;0.011523
2017-04-17;USD_OIS_SOFR_10Y;0.007795;0.011465
2017-04-18;USD_OIS_SOFR_10Y;0.007851;0.011409
2017-04-19;USD_OIS_SOFR_10Y;0.007905;0.011355
2017-04-20;USD_OIS_SOFR_10Y;0.007958;0.011302
2017-04-21;USD_OIS_SOFR_10Y;0.008009;0.011251
2017-04-24;USD_OIS_SOFR_10Y;0.008058;0.011202
2017-04-25;USD_OIS_SOFR_10Y;0.008106;0.011154
2017-04-26;USD_OIS_SOFR_10Y;0.008152;0.011108
2017-04-27;USD_OIS_SOFR_10Y;0.008197;0.011063
2017-04-28;USD_OIS_SOFR_10Y;0.008241;0.011019
2017-05-01;USD_OIS_SOFR_10Y;0.008283;0.010977
2017-05-02;USD_OIS_SOFR_10Y;0.008324;0.010936
2017-05-03;USD_OIS_SOFR_10Y;0.008017;0.010643
2017-05-04;USD_OIS_SOFR_10Y;0.008057;0.010603
2017-05-05;USD_OIS_SOFR_10Y;0.008096;0.010564
2017-05-08;USD_OIS_SOFR_10Y;0.008133;0.010527
2017-05-09;USD_OIS_SOFR_10Y;0.00817;0.01049
2017-05-10;USD_OIS_SOFR_10Y;0.008452;0.010808
2017-05-11;USD_OIS_SOFR_10Y;0.008488;0.010772
2017-05-12;USD_OIS_SOFR_10Y;0.008523;0.010737
2017-05-15;USD_OIS_SOFR_10Y;0.008557;0.010703
2017-05-16;USD_OIS_SOFR_10Y;0.00859;0.01067
2017-05-17;USD_OIS_SOFR_10Y;0.008621;0.010639
2017-05-18;USD_OIS_SOFR_10Y;0.008652;0.010608
2017-05-19;USD_OIS_SOFR_10Y;0.008682;0.010578
2017-05-22;USD_OIS_SOFR_10Y;0.008711;0.010549
2017-05-23;USD_OIS_SOFR_10Y;0.008739;0.010521
2017-05-24;USD_OIS_SOFR_10Y;0.008766;0.010494
2017-05-25;USD_OIS_SOFR_10Y;0.008792;0.010468
2017-05-26;USD_OIS_SOFR_10Y;0.008818;0.010442
2017-05-30;USD_OIS_SOFR_10Y;0.008842;0.010418
2017-05-31;USD_OIS_SOFR_10Y;0.008758;0.010302
2017-06-01;USD_OIS_SOFR_10Y;0.008781;0.010279
2017-06-02;USD_OIS_SOFR_10Y;0.008804;0.010256
2017-06-05;USD_OIS_SOFR_10Y;0.008826;0.010234
2017-06-06;USD_OIS_SOFR_10Y;0.008847;0.010213
2017-06-07;USD_OIS_SOFR_10Y;0.008958;0.010302
2017-06-08;USD_OIS_SOFR_10Y;0.008979;0.010281
2017-06-09;USD_OIS_SOFR_10Y;0.008998;0.010262
2017-06-12;USD_OIS_SOFR_10Y;0.009018;0.010242
2017-06-13;USD_OIS_SOFR_10Y;0.009036;0.010224
2017-06-14;USD_OIS_SOFR_10Y;0.009054;0.010206
2017-06-15;USD_OIS_SOFR_10Y;0.009072;0.010188
2017-06-16;USD_OIS_SOFR_10Y;0.009089;0.010171
2017-06-19;USD_OIS_SOFR_10Y;0.009105;0.010155
2017-06-20;USD_OIS_SOFR_10Y;0.009121;0.010139
2017-06-21;USD_OIS_SOFR_10Y;0.009184;0.015076
2017-06-22;USD_OIS_SOFR_10Y;0.009273;0.014987
2017-06-23;USD_OIS_SOFR_10Y;0.00936;0.0149
2017-06-26;USD_OIS_SOFR_10Y;0.009445;0.014815
2017-06-27;USD_OIS_SOFR_10Y;0.009527;0.014733
2017-06-28;USD_OIS_SOFR_10Y;0.009606;0.014654
2017-06-29;USD_OIS_SOFR_10Y;0.009683;0.014577
2017-06-30;USD_OIS_SOFR_10Y;0.009757;0.014503
2017-07-03;USD_OIS_SOFR_10Y;0.00983;0.01443
2017-07-05;USD_OIS_SOFR_10Y;0.009452;0.014008
2017-07-06;USD_OIS_SOFR_10Y;0.009521;0.013939
2017-07-07;USD_OIS_SOFR_10Y;0.009589;0.013871
2017-07-10;USD_OIS_SOFR_10Y;0.009654;0.013806
2017-07-11;USD_OIS_SOFR_10Y;0.009717;0.013743
2017-07-12;USD_OIS_SOFR_10Y;0.010124;0.014136
2017-07-13;USD_OIS_SOFR_10Y;0.010185;0.014075
2017-07-14;USD_OIS_SOFR_10Y;0.010244;0.014016
2017-07-17;USD_OIS_SOFR_10Y;0.010302;0.013958
2017-07-18;USD_OIS_SOFR_10Y;0.010357;0.013903
2017-07-19;USD_OIS_SOFR_10Y;0.010411;0.013849
2017-07-20;USD_OIS_SOFR_10Y;0.010464;0.013796
2017-07-21;USD_OIS_SOFR_10Y;0.010514;0.013746
2017-07-24;USD_OIS_SOFR_10Y;0.010564;0.013696
2017-07-25;USD_OIS_SOFR_10Y;0.010611;0.013649
2017-07-26;USD_OIS_SOFR_10Y;0.010658;0.013602
2017-07-27;USD_OIS_SOFR_10Y;0.010702;0.013558
2017-07-28;USD_OIS_SOFR_10Y;0.010746;0.013514
2017-07-31;USD_OIS_SOFR_10Y;0.010788;0.013472
2017-08-01;USD_OIS_SOFR_10Y;0.010829;0.013431
2017-08-02;USD_OIS_SOFR_10Y;0.010763;0.013297
2017-08-03;USD_OIS_SOFR_10Y;0.010802;0.013258
2017-08-04;USD_OIS_SOFR_10Y;0.010839;0.013221
2017-08-07;USD_OIS_SOFR_10Y;0.010876;0.013184
2017-08-08;USD_OIS_SOFR_10Y;0.010911;0.013149
2017-08-09;USD_OIS_SOFR_10Y;0.011039;0.013221
2017-08-10;USD_OIS_SOFR_10Y;0.011072;0.013188
2017-08-11;USD_OIS_SOFR_10Y;0.011104;0.013156
2017-08-14;USD_OIS_SOFR_10Y;0.011135;0.013125
2017-08-15;USD_OIS_SOFR_10Y;0.011166;0.013094
2017-08-16;USD_OIS_SOFR_10Y;0.011195;0.013065
2017-08-17;USD_OIS_SOFR_10Y;0.011224;0.013036
2017-08-18;USD_OIS_SOFR_10Y;0.011251;0.013009
2017-08-21;USD_OIS_SOFR_10Y;0.011278;0.012982
2017-08-22;USD_OIS_SOFR_10Y;0.011304;0.012956
2017-08-23;USD_OIS_SOFR_10Y;0.011329;0.012931
2017-08-24;USD_OIS_SOFR_10Y;0.011353;0.012907
2017-08-25;USD_OIS_SOFR_10Y;0.011377;0.012883
2017-08-28;USD_OIS_SOFR_10Y;0.0114;0.01286
2017-08-29;USD_OIS_SOFR_10Y;0.011422;0.012838
2017-08-30;USD_OIS_SOFR_10Y;0.011444;0.012816
2017-08-31;USD_OIS_SOFR_10Y;0.011465;0.012795
2017-09-01;USD_OIS_SOFR_10Y;0.011485;0.012775
2017-09-05;USD_OIS_SOFR_10Y;0.011505;0.012755
2017-09-06;USD_OIS_SOFR_10Y;0.011413;0.012647
2017-09-07;USD_OIS_SOFR_10Y;0.011431;0.012629
2017-09-08;USD_OIS_SOFR_10Y;0.01145;0.01261
2017-09-11;USD_OIS_SOFR_10Y;0.011467;0.012593
2017-09-12;USD_OIS_SOFR_10Y;0.011485;0.012575
2017-09-13;USD_OIS_SOFR_10Y;0.011589;0.012671
2017-09-14;USD_OIS_SOFR_10Y;0.011605;0.012655
2017-09-15;USD_OIS_SOFR_10Y;0.011621;0.012639
2017-09-18;USD_OIS_SOFR_10Y;0.011637;0.012623
2017-09-19;USD_OIS_SOFR_10Y;0.011652;0.012608
2017-09-20;USD_OIS_SOFR_10Y;0.011666;0.012594
2017-09-21;USD_OIS_SOFR_10Y;0.01168;0.01258
2017-09-22;USD_OIS_SOFR_10Y;0.011694;0.012566
2017-09-25;USD_OIS_SOFR_10Y;0.011707;0.012553
2017-09-26;USD_OIS_SOFR_10Y;0.01172;0.01254
2017-09-27;USD_OIS_SOFR_10Y;0.011733;0.012527
2017-09-28;USD_OIS_SOFR_10Y;0.011745;0.012515
2017-09-29;USD_OIS_SOFR_10Y;0.011756;0.012504
2017-10-02;USD_OIS_SOFR_10Y;0.011768;0.012492
2017-10-03;USD_OIS_SOFR_10Y;0.011779;0.012481
2017-10-04;USD_OIS_SOFR_10Y;0.011154;0.012306
2017-10-05;USD_OIS_SOFR_10Y;0.011171;0.012289
2017-10-06;USD_OIS_SOFR_10Y;0.011188;0.012272
2017-10-10;USD_OIS_SOFR_10Y;0.011205;0.012255
2017-10-11;USD_OIS_SOFR_10Y;0.011441;0.012819
2017-10-12;USD_OIS_SOFR_10Y;0.011462;0.012798
2017-10-13;USD_OIS_SOFR_10Y;0.011482;0.012778
2017-10-16;USD_OIS_SOFR_10Y;0.011502;0.012758
2017-10-17;USD_OIS_SOFR_10Y;0.011521;0.012739
2017-10-18;USD_OIS_SOFR_10Y;0.011539;0.012721
2017-10-19;USD_OIS_SOFR_10Y;0.011557;0.012703
2017-10-20;USD_OIS_SOFR_10Y;0.011575;0.012685
2017-10-23;USD_OIS_SOFR_10Y;0.011592;0.012668
2017-10-24;USD_OIS_SOFR_10Y;0.011608;0.012652
2017-10-25;USD_OIS_SOFR_10Y;0.011624;0.012636
2017-10-26;USD_OIS_SOFR_10Y;0.01164;0.01262
2017-10-27;USD_OIS_SOFR_10Y;0.011654;0.012606
2017-10-30;USD_OIS_SOFR_10Y;0.011669;0.012591
2017-10-31;USD_OIS_SOFR_10Y;0.011683;0.012577
2017-11-01;USD_OIS_SOFR_10Y;0.011581;0.012479
2017-11-02;USD_OIS_SOFR_10Y;0.011595;0.012465
2017-11-03;USD_OIS_SOFR_10Y;0.011608;0.012452
2017-11-06;USD_OIS_SOFR_10Y;0.011621;0.012439
2017-11-07;USD_OIS_SOFR_10Y;0.011634;0.012426
2017-11-08;USD_OIS_SOFR_10Y;0.011728;0.012532
2017-11-09;USD_OIS_SOFR_10Y;0.011741;0.012519
2017-11-10;USD_OIS_SOFR_10Y;0.011753;0.012507
2017-11-13;USD_OIS_SOFR_10Y;0.011764;0.012496
2017-11-14;USD_OIS_SOFR_10Y;0.011775;0.012485
2017-11-15;USD_OIS_SOFR_10Y;0.011786;0.012474
2017-11-16;USD_OIS_SOFR_10Y;0.011796;0.012464
2017-11-17;USD_OIS_SOFR_10Y;0.011807;0.012453
2017-11-20;USD_OIS_SOFR_10Y;0.011816;0.012444
2017-11-21;USD_OIS_SOFR_10Y;0.011826;0.012434
2017-11-22;USD_OIS_SOFR_10Y;0.011835;0.012425
2017-11-24;USD_OIS_SOFR_10Y;0.011844;0.012416
2017-11-27;USD_OIS_SOFR_10Y;0.011853;0.012407
2017-11-28;USD_OIS_SOFR_10Y;0.011861;0.012399
2017-11-29;USD_OIS_SOFR_10Y;0.01187;0.01239
2017-11-30;USD_OIS_SOFR_10Y;0.011878;0.012382
2017-12-01;USD_OIS_SOFR_10Y;0.011885;0.012375
2017-12-04;USD_OIS_SOFR_10Y;0.011893;0.012367
2017-12-05;USD_OIS_SOFR_10Y;0.0119;0.01236
2017-12-06;USD_OIS_SOFR_10Y;0.011778;0.012282
2017-12-07;USD_OIS_SOFR_10Y;0.011786;0.012274
2017-12-08;USD_OIS_SOFR_10Y;0.011794;0.012266
2017-12-11;USD_OIS_SOFR_10Y;0.011801;0.012259
2017-12-12;USD_OIS_SOFR_10Y;0.011808;0.012252
2017-12-13;USD_OIS_SOFR_10Y;0.011885;0.012375
2017-12-14;USD_OIS_SOFR_10Y;0.011893;0.012367
2017-12-15;USD_OIS_SOFR_10Y;0.0119;0.01236
2017-12-18;USD_OIS_SOFR_10Y;0.011907;0.012353
2017-12-19;USD_OIS_SOFR_10Y;0.011914;0.012346
2017-12-20;USD_OIS_SOFR_10Y;0.011718;0.017542
2017-12-21;USD_OIS_SOFR_10Y;0.011806;0.017454
2017-12-22;USD_OIS_SOFR_10Y;0.011892;0.017368
2017-12-26;USD_OIS_SOFR_10Y;0.011976;0.017284
2017-12-27;USD_OIS_SOFR_10Y;0.012154;0.017306
2017-12-28;USD_OIS_SOFR_10Y;0.012233;0.017227
2017-12-29;USD_OIS_SOFR_10Y;0.012309;0.017151
2018-01-02;USD_OIS_SOFR_10Y;0.012382;0.017078
2018-01-03;USD_OIS_SOFR_10Y;0.011881;0.016579
2018-01-04;USD_OIS_SOFR_10Y;0.011953;0.016507
2018-01-05;USD_OIS_SOFR_10Y;0.012022;0.016438
2018-01-08;USD_OIS_SOFR_10Y;0.012089;0.016371
2018-01-09;USD_OIS_SOFR_10Y;0.012154;0.016306
2018-01-10;USD_OIS_SOFR_10Y;0.012635;0.016825
2018-01-11;USD_OIS_SOFR_10Y;0.012699;0.016761
2018-01-12;USD_OIS_SOFR_10Y;0.012761;0.016699
2018-01-16;USD_OIS_SOFR_10Y;0.012821;0.016639
2018-01-17;USD_OIS_SOFR_10Y;0.012879;0.016581
2018-01-18;USD_OIS_SOFR_10Y;0.012936;0.016524
2018-01-19;USD_OIS_SOFR_10Y;0.01299;0.01647
2018-01-22;USD_OIS_SOFR_10Y;0.013043;0.016417
2018-01-23;USD_OIS_SOFR_10Y;0.013095;0.016365
2018-01-24;USD_OIS_SOFR_10Y;0.013144;0.016316
2018-01-25;USD_OIS_SOFR_10Y;0.013193;0.016267
2018-01-26;USD_OIS_SOFR_10Y;0.01324;0.01622
2018-01-29;USD_OIS_SOFR_10Y;0.013285;0.016175
2018-01-30;USD_OIS_SOFR_10Y;0.013329;0.016131
2018-01-31;USD_OIS_SOFR_10Y;0.013267;0.015993
2018-02-01;USD_OIS_SOFR_10Y;0.013308;0.015952
2018-02-02;USD_OIS_SOFR_10Y;0.013349;0.015911
2018-02-05;USD_OIS_SOFR_10Y;0.013388;0.015872
2018-02-06;USD_OIS_SOFR_10Y;0.013425;0.015835
2018-02-07;USD_OIS_SOFR_10Y;0.013556;0.015904
2018-02-08;USD_OIS_SOFR_10Y;0.013592;0.015868
2018-02-09;USD_OIS_SOFR_10Y;0.013627;0.015833
2018-02-12;USD_OIS_SOFR_10Y;0.01366;0.0158
2018-02-13;USD_OIS_SOFR_10Y;0.013693;0.015767
2018-02-14;USD_OIS_SOFR_10Y;0.013725;0.015735
2018-02-15;USD_OIS_SOFR_10Y;0.013755;0.015705
2018-02-16;USD_OIS_SOFR_10Y;0.013785;0.015675
2018-02-20;USD_OIS_SOFR_10Y;0.013814;0.015646
2018-02-21;USD_OIS_SOFR_10Y;0.013842;0.015618
2018-02-22;USD_OIS_SOFR_10Y;0.013869;0.015591
2018-02-23;USD_OIS_SOFR_10Y;0.013895;0.015565
2018-02-26;USD_OIS_SOFR_10Y;0.01392;0.01554
2018-02-27;USD_OIS_SOFR_10Y;0.013945;0.015515
2018-02-28;USD_OIS_SOFR_10Y;0.01386;0.0154
2018-03-01;USD_OIS_SOFR_10Y;0.013884;0.015376
2018-03-02;USD_OIS_SOFR_10Y;0.013906;0.015354
2018-03-05;USD_OIS_SOFR_10Y;0.013928;0.015332
2018-03-06;USD_OIS_SOFR_10Y;0.01395;0.01531
2018-03-07;USD_OIS_SOFR_10Y;0.01406;0.0154
2018-03-08;USD_OIS_SOFR_10Y;0.014081;0.015379
2018-03-09;USD_OIS_SOFR_10Y;0.0141;0.01536
2018-03-12;USD_OIS_SOFR_10Y;0.01412;0.01534
2018-03-13;USD_OIS_SOFR_10Y;0.014138;0.015322
2018-03-14;USD_OIS_SOFR_10Y;0.014156;0.015304
2018-03-15;USD_OIS_SOFR_10Y;0.014174;0.015286
2018-03-16;USD_OIS_SOFR_10Y;0.014191;0.015269
2018-03-19;USD_OIS_SOFR_10Y;0.014207;0.015253
2018-03-20;USD_OIS_SOFR_10Y;0.014223;0.015237
2018-03-21;USD_OIS_SOFR_10Y;0.014325;0.015335
2018-03-22;USD_OIS_SOFR_10Y;0.01434;0.01532
2018-03-23;USD_OIS_SOFR_10Y;0.014355;0.015305
2018-03-26;USD_OIS_SOFR_10Y;0.01437;0.01529
2018-03-27;USD_OIS_SOFR_10Y;0.014384;0.015276
2018-03-28;USD_OIS_SOFR_10Y;0.014393;0.020267
2018-03-29;USD_OIS_SOFR_10Y;0.014483;0.020177
2018-04-02;USD_OIS_SOFR_10Y;0.014569;0.020091
2018-04-03;USD_OIS_SOFR_10Y;0.015396;0.021204
2018-04-04;USD_OIS_SOFR_10Y;0.014396;0.020404
2018-04-05;USD_OIS_SOFR_10Y;0.014586;0.020414
2018-04-06;USD_OIS_SOFR_10Y;0.014674;0.020326
2018-04-09;USD_OIS_SOFR_10Y;0.014761;0.020239
2018-04-10;USD_OIS_SOFR_10Y;0.014844;0.020156
2018-04-11;USD_OIS_SOFR_10Y;0.015022;0.020178
2018-04-12;USD_OIS_SOFR_10Y;0.014777;0.019823
2018-04-13;USD_OIS_SOFR_10Y;0.014751;0.019649
2018-04-16;USD_OIS_SOFR_10Y;0.015255;0.020145
2018-04-17;USD_OIS_SOFR_10Y;0.015227;0.019973
2018-04-18;USD_OIS_SOFR_10Y;0.015196;0.019804
2018-04-19;USD_OIS_SOFR_10Y;0.015054;0.019546
2018-04-20;USD_OIS_SOFR_10Y;0.01502;0.01938
2018-04-23;USD_OIS_SOFR_10Y;0.014873;0.019127
2018-04-24;USD_OIS_SOFR_10Y;0.015035;0.019165
2018-04-25;USD_OIS_SOFR_10Y;0.015098;0.019102
2018-04-26;USD_OIS_SOFR_10Y;0.015255;0.019145
2018-04-27;USD_OIS_SOFR_10Y;0.015315;0.019085
2018-04-30;USD_OIS_SOFR_10Y;0.015782;0.019618
2018-05-01;USD_OIS_SOFR_10Y;0.015737;0.019463
2018-05-02;USD_OIS_SOFR_10Y;0.01569;0.01931
2018-05-03;USD_OIS_SOFR_10Y;0.015641;0.019159
2018-05-04;USD_OIS_SOFR_10Y;0.015479;0.018921
2018-05-07;USD_OIS_SOFR_10Y;0.015427;0.018773
2018-05-08;USD_OIS_SOFR_10Y;0.015574;0.018826
2018-05-09;USD_OIS_SOFR_10Y;0.015624;0.018776
2018-05-10;USD_OIS_SOFR_10Y;0.015767;0.018833
2018-05-11;USD_OIS_SOFR_10Y;0.015814;0.018786
2018-05-14;USD_OIS_SOFR_10Y;0.016041;0.018959
2018-05-15;USD_OIS_SOFR_10Y;0.016411;0.019389
2018-05-16;USD_OIS_SOFR_10Y;0.015983;0.019017
2018-05-17;USD_OIS_SOFR_10Y;0.015925;0.018875
2018-05-18;USD_OIS_SOFR_10Y;0.015865;0.018735
2018-05-21;USD_OIS_SOFR_10Y;0.015433;0.018367
2018-05-22;USD_OIS_SOFR_10Y;0.015004;0.017996
2018-05-23;USD_OIS_SOFR_10Y;0.015231;0.018169
2018-05-24;USD_OIS_SOFR_10Y;0.01576;0.01904
2018-05-25;USD_OIS_SOFR_10Y;0.015705;0.018895
2018-05-29;USD_OIS_SOFR_10Y;0.01565;0.01875
2018-05-30;USD_OIS_SOFR_10Y;0.015697;0.018703
2018-05-31;USD_OIS_SOFR_10Y;0.016306;0.019894
2018-06-01;USD_OIS_SOFR_10Y;0.016361;0.019839
2018-06-04;USD_OIS_SOFR_10Y;0.01631;0.01969
2018-06-05;USD_OIS_SOFR_10Y;0.015762;0.019238
2018-06-06;USD_OIS_SOFR_10Y;0.015599;0.019001
2018-06-07;USD_OIS_SOFR_10Y;0.015434;0.018766
2018-06-08;USD_OIS_SOFR_10Y;0.015268;0.018532
2018-06-11;USD_OIS_SOFR_10Y;0.015318;0.018482
2018-06-12;USD_OIS_SOFR_10Y;0.015149;0.018251
2018-06-13;USD_OIS_SOFR_10Y;0.015526;0.018674
2018-06-14;USD_OIS_SOFR_10Y;0.016316;0.021684
2018-06-15;USD_OIS_SOFR_10Y;0.016495;0.021705
2018-06-18;USD_OIS_SOFR_10Y;0.016472;0.021528
2018-06-19;USD_OIS_SOFR_10Y;0.016338;0.021262
2018-06-20;USD_OIS_SOFR_10Y;0.01631;0.02109
2018-06-21;USD_OIS_SOFR_10Y;0.016383;0.021017
2018-06-22;USD_OIS_SOFR_10Y;0.01688;0.02152
2018-06-25;USD_OIS_SOFR_10Y;0.016847;0.021353
2018-06-26;USD_OIS_SOFR_10Y;0.016813;0.021187
2018-06-27;USD_OIS_SOFR_10Y;0.01688;0.02112
2018-06-28;USD_OIS_SOFR_10Y;0.017215;0.021385
2018-06-29;USD_OIS_SOFR_10Y;0.018207;0.024193
2018-07-02;USD_OIS_SOFR_10Y;0.017353;0.023447
2018-07-03;USD_OIS_SOFR_10Y;0.017009;0.022991
2018-07-05;USD_OIS_SOFR_10Y;0.016779;0.022621
2018-07-06;USD_OIS_SOFR_10Y;0.01643;0.02217
2018-07-09;USD_OIS_SOFR_10Y;0.016079;0.021721
2018-07-10;USD_OIS_SOFR_10Y;0.016165;0.021635
2018-07-11;USD_OIS_SOFR_10Y;0.016248;0.021552
2018-07-12;USD_OIS_SOFR_10Y;0.016427;0.021573
2018-07-13;USD_OIS_SOFR_10Y;0.016505;0.021495
2018-07-16;USD_OIS_SOFR_10Y;0.017012;0.021988
2018-07-17;USD_OIS_SOFR_10Y;0.016763;0.021637
2018-07-18;USD_OIS_SOFR_10Y;0.016626;0.021374
2018-07-19;USD_OIS_SOFR_10Y;0.016698;0.021302
2018-07-20;USD_OIS_SOFR_10Y;0.016556;0.021044
2018-07-23;USD_OIS_SOFR_10Y;0.016521;0.020879
2018-07-24;USD_OIS_SOFR_10Y;0.016859;0.021141
2018-07-25;USD_OIS_SOFR_10Y;0.016595;0.020805
2018-07-26;USD_OIS_SOFR_10Y;0.01693;0.02107
2018-07-27;USD_OIS_SOFR_10Y;0.01678;0.02082
2018-07-30;USD_OIS_SOFR_10Y;0.016841;0.020759
2018-07-31;USD_OIS_SOFR_10Y;0.017314;0.021286
2018-08-01;USD_OIS_SOFR_10Y;0.016789;0.020811
2018-08-02;USD_OIS_SOFR_10Y;0.017119;0.021081
2018-08-03;USD_OIS_SOFR_10Y;0.016594;0.020606
2018-08-06;USD_OIS_SOFR_10Y;0.016655;0.020545
2018-08-07;USD_OIS_SOFR_10Y;0.01681;0.02059
2018-08-08;USD_OIS_SOFR_10Y;0.016964;0.020636
2018-08-09;USD_OIS_SOFR_10Y;0.017286;0.020914
2018-08-10;USD_OIS_SOFR_10Y;0.017238;0.020762
2018-08-13;USD_OIS_SOFR_10Y;0.017387;0.020813
2018-08-14;USD_OIS_SOFR_10Y;0.017623;0.020977
2018-08-15;USD_OIS_SOFR_10Y;0.018074;0.021526
2018-08-16;USD_OIS_SOFR_10Y;0.018222;0.021578
2018-08-17;USD_OIS_SOFR_10Y;0.017066;0.020934
2018-08-20;USD_OIS_SOFR_10Y;0.017125;0.020875
2018-08-21;USD_OIS_SOFR_10Y;0.017182;0.020818
2018-08-22;USD_OIS_SOFR_10Y;0.017238;0.020762
2018-08-23;USD_OIS_SOFR_10Y;0.017629;0.021171
2018-08-24;USD_OIS_SOFR_10Y;0.017779;0.021221
2018-08-27;USD_OIS_SOFR_10Y;0.017832;0.021168
2018-08-28;USD_OIS_SOFR_10Y;0.017883;0.021117
2018-08-29;USD_OIS_SOFR_10Y;0.017715;0.020885
2018-08-30;USD_OIS_SOFR_10Y;0.017763;0.020837
2018-08-31;USD_OIS_SOFR_10Y;0.018139;0.021261
2018-09-04;USD_OIS_SOFR_10Y;0.017969;0.021031
2018-09-05;USD_OIS_SOFR_10Y;0.018016;0.020984
2018-09-06;USD_OIS_SOFR_10Y;0.017956;0.020844
2018-09-07;USD_OIS_SOFR_10Y;0.018;0.0208
2018-09-10;USD_OIS_SOFR_10Y;0.018043;0.020757
2018-09-11;USD_OIS_SOFR_10Y;0.018084;0.020716
2018-09-12;USD_OIS_SOFR_10Y;0.018124;0.020676
2018-09-13;USD_OIS_SOFR_10Y;0.018163;0.020637
2018-09-14;USD_OIS_SOFR_10Y;0.018295;0.020705
2018-09-17;USD_OIS_SOFR_10Y;0.018695;0.021305
2018-09-18;USD_OIS_SOFR_10Y;0.017956;0.020844
2018-09-19;USD_OIS_SOFR_10Y;0.017781;0.020619
2018-09-20;USD_OIS_SOFR_10Y;0.017824;0.020576
2018-09-21;USD_OIS_SOFR_10Y;0.017866;0.020534
2018-09-24;USD_OIS_SOFR_10Y;0.01816;0.02084
2018-09-25;USD_OIS_SOFR_10Y;0.01798;0.02062
2018-09-26;USD_OIS_SOFR_10Y;0.017915;0.020485
2018-09-27;USD_OIS_SOFR_10Y;0.018546;0.024654
2018-09-28;USD_OIS_SOFR_10Y;0.01936;0.02564
2018-10-01;USD_OIS_SOFR_10Y;0.019136;0.025264
2018-10-02;USD_OIS_SOFR_10Y;0.01902;0.02498
2018-10-03;USD_OIS_SOFR_10Y;0.019111;0.024889
2018-10-04;USD_OIS_SOFR_10Y;0.018989;0.024611
2018-10-05;USD_OIS_SOFR_10Y;0.018865;0.024335
2018-10-09;USD_OIS_SOFR_10Y;0.018846;0.024154
2018-10-10;USD_OIS_SOFR_10Y;0.018926;0.024074
2018-10-11;USD_OIS_SOFR_10Y;0.019194;0.024206
2018-10-12;USD_OIS_SOFR_10Y;0.019368;0.024232
2018-10-15;USD_OIS_SOFR_10Y;0.019716;0.024484
2018-10-16;USD_OIS_SOFR_10Y;0.019463;0.024137
2018-10-17;USD_OIS_SOFR_10Y;0.019534;0.024066
2018-10-18;USD_OIS_SOFR_10Y;0.0197;0.0241
2018-10-19;USD_OIS_SOFR_10Y;0.019767;0.024033
2018-10-22;USD_OIS_SOFR_10Y;0.019728;0.023872
2018-10-23;USD_OIS_SOFR_10Y;0.019688;0.023712
2018-10-24;USD_OIS_SOFR_10Y;0.019846;0.023754
2018-10-25;USD_OIS_SOFR_10Y;0.020002;0.023798
2018-10-26;USD_OIS_SOFR_10Y;0.02006;0.02374
2018-10-29;USD_OIS_SOFR_10Y;0.020012;0.023588
2018-10-30;USD_OIS_SOFR_10Y;0.020067;0.023533
2018-10-31;USD_OIS_SOFR_10Y;0.020456;0.023944
2018-11-01;USD_OIS_SOFR_10Y;0.020509;0.023891
2018-11-02;USD_OIS_SOFR_10Y;0.020824;0.024176
2018-11-05;USD_OIS_SOFR_10Y;0.020771;0.024029
2018-11-06;USD_OIS_SOFR_10Y;0.020604;0.023796
2018-11-07;USD_OIS_SOFR_10Y;0.020184;0.023416
2018-11-08;USD_OIS_SOFR_10Y;0.020495;0.023705
2018-11-09;USD_OIS_SOFR_10Y;0.02044;0.02356
2018-11-13;USD_OIS_SOFR_10Y;0.020487;0.023513
2018-11-14;USD_OIS_SOFR_10Y;0.020533;0.023467
2018-11-15;USD_OIS_SOFR_10Y;0.021101;0.024499
2018-11-16;USD_OIS_SOFR_10Y;0.020937;0.024263
2018-11-19;USD_OIS_SOFR_10Y;0.020771;0.024029
2018-11-20;USD_OIS_SOFR_10Y;0.020353;0.023647
2018-11-21;USD_OIS_SOFR_10Y;0.020187;0.023413
2018-11-23;USD_OIS_SOFR_10Y;0.020631;0.023969
2018-11-26;USD_OIS_SOFR_10Y;0.020345;0.023655
2018-11-27;USD_OIS_SOFR_10Y;0.020291;0.023509
2018-11-28;USD_OIS_SOFR_10Y;0.02034;0.02346
2018-11-29;USD_OIS_SOFR_10Y;0.02078;0.02402
2018-11-30;USD_OIS_SOFR_10Y;0.021162;0.024438
2018-12-03;USD_OIS_SOFR_10Y;0.020609;0.023991
2018-12-04;USD_OIS_SOFR_10Y;0.020996;0.024404
2018-12-06;USD_OIS_SOFR_10Y;0.021559;0.025241
2018-12-07;USD_OIS_SOFR_10Y;0.021155;0.024845
2018-12-10;USD_OIS_SOFR_10Y;0.020184;0.024216
2018-12-11;USD_OIS_SOFR_10Y;0.019915;0.023885
2018-12-12;USD_OIS_SOFR_10Y;0.020072;0.023928
2018-12-13;USD_OIS_SOFR_10Y;0.020227;0.023973
2018-12-14;USD_OIS_SOFR_10Y;0.020284;0.023916
2018-12-17;USD_OIS_SOFR_10Y;0.02099;0.02521
2018-12-18;USD_OIS_SOFR_10Y;0.021151;0.025249
2018-12-19;USD_OIS_SOFR_10Y;0.021;0.025
2018-12-20;USD_OIS_SOFR_10Y;0.021778;0.026422
2018-12-21;USD_OIS_SOFR_10Y;0.021746;0.026254
2018-12-24;USD_OIS_SOFR_10Y;0.021911;0.026289
2018-12-26;USD_OIS_SOFR_10Y;0.022249;0.026551
2018-12-27;USD_OIS_SOFR_10Y;0.022315;0.026485
2018-12-28;USD_OIS_SOFR_10Y;0.022565;0.026635
2018-12-31;USD_OIS_SOFR_10Y;0.023423;0.036577
2019-01-02;USD_OIS_SOFR_10Y;0.024889;0.038111
2019-01-03;USD_OIS_SOFR_10Y;0.018729;0.035271
2019-01-04;USD_OIS_SOFR_10Y;0.015971;0.033029
2019-01-07;USD_OIS_SOFR_10Y;0.015818;0.032382
2019-01-08;USD_OIS_SOFR_10Y;0.016169;0.032231
2019-01-09;USD_OIS_SOFR_10Y;0.016706;0.032294
2019-01-10;USD_OIS_SOFR_10Y;0.01674;0.03186
2019-01-11;USD_OIS_SOFR_10Y;0.016766;0.031434
2019-01-14;USD_OIS_SOFR_10Y;0.016889;0.031111
2019-01-15;USD_OIS_SOFR_10Y;0.01767;0.03153
2019-01-16;USD_OIS_SOFR_10Y;0.017572;0.031028
2019-01-17;USD_OIS_SOFR_10Y;0.017573;0.030627
2019-01-18;USD_OIS_SOFR_10Y;0.017871;0.030529
2019-01-22;USD_OIS_SOFR_10Y;0.017963;0.030237
2019-01-23;USD_OIS_SOFR_10Y;0.018048;0.029952
2019-01-24;USD_OIS_SOFR_10Y;0.018329;0.029871
2019-01-25;USD_OIS_SOFR_10Y;0.018403;0.029597
2019-01-28;USD_OIS_SOFR_10Y;0.018473;0.029327
2019-01-29;USD_OIS_SOFR_10Y;0.018737;0.029263
2019-01-30;USD_OIS_SOFR_10Y;0.018796;0.029004
2019-01-31;USD_OIS_SOFR_10Y;0.020381;0.031219
2019-02-01;USD_OIS_SOFR_10Y;0.019293;0.030107
2019-02-04;USD_OIS_SOFR_10Y;0.018695;0.029305
2019-02-05;USD_OIS_SOFR_10Y;0.018857;0.029143
2019-02-06;USD_OIS_SOFR_10Y;0.018808;0.028792
2019-02-07;USD_OIS_SOFR_10Y;0.01896;0.02864
2019-02-08;USD_OIS_SOFR_10Y;0.019006;0.028394
2019-02-11;USD_OIS_SOFR_10Y;0.019436;0.028564
2019-02-12;USD_OIS_SOFR_10Y;0.019473;0.028327
2019-02-13;USD_OIS_SOFR_10Y;0.019506;0.028094
2019-02-14;USD_OIS_SOFR_10Y;0.019736;0.028064
2019-02-15;USD_OIS_SOFR_10Y;0.020236;0.028364
2019-02-19;USD_OIS_SOFR_10Y;0.020044;0.027956
2019-02-20;USD_OIS_SOFR_10Y;0.020063;0.027737
2019-02-21;USD_OIS_SOFR_10Y;0.02018;0.02762
2019-02-22;USD_OIS_SOFR_10Y;0.020391;0.027609
2019-02-25;USD_OIS_SOFR_10Y;0.020294;0.027306
2019-02-26;USD_OIS_SOFR_10Y;0.0204;0.0272
2019-02-27;USD_OIS_SOFR_10Y;0.020402;0.026998
2019-02-28;USD_OIS_SOFR_10Y;0.021778;0.029822
2019-03-01;USD_OIS_SOFR_10Y;0.01926;0.02834
2019-03-04;USD_OIS_SOFR_10Y;0.019399;0.028201
2019-03-05;USD_OIS_SOFR_10Y;0.019533;0.028067
2019-03-06;USD_OIS_SOFR_10Y;0.019663;0.027937
2019-03-07;USD_OIS_SOFR_10Y;0.019789;0.027811
2019-03-08;USD_OIS_SOFR_10Y;0.020009;0.027791
2019-03-11;USD_OIS_SOFR_10Y;0.020026;0.027574
2019-03-12;USD_OIS_SOFR_10Y;0.020239;0.027561
2019-03-13;USD_OIS_SOFR_10Y;0.020449;0.027551
2019-03-14;USD_OIS_SOFR_10Y;0.020749;0.027651
2019-03-15;USD_OIS_SOFR_10Y;0.021222;0.027978
2019-03-18;USD_OIS_SOFR_10Y;0.020774;0.027426
2019-03-19;USD_OIS_SOFR_10Y;0.020973;0.027427
2019-03-20;USD_OIS_SOFR_10Y;0.021518;0.027882
2019-03-21;USD_OIS_SOFR_10Y;0.021295;0.027505
2019-03-22;USD_OIS_SOFR_10Y;0.020954;0.027046
2019-03-25;USD_OIS_SOFR_10Y;0.021047;0.026953
2019-03-26;USD_OIS_SOFR_10Y;0.021137;0.026863
2019-03-27;USD_OIS_SOFR_10Y;0.021224;0.026776
2019-03-28;USD_OIS_SOFR_10Y;0.021586;0.027014
2019-03-29;USD_OIS_SOFR_10Y;0.022832;0.030168
2019-04-01;USD_OIS_SOFR_10Y;0.020414;0.028786
2019-04-02;USD_OIS_SOFR_10Y;0.020542;0.028658
2019-04-03;USD_OIS_SOFR_10Y;0.020763;0.028637
2019-04-04;USD_OIS_SOFR_10Y;0.020782;0.028418
2019-04-05;USD_OIS_SOFR_10Y;0.020898;0.028302
2019-04-08;USD_OIS_SOFR_10Y;0.021011;0.028189
2019-04-09;USD_OIS_SOFR_10Y;0.021018;0.027982
2019-04-10;USD_OIS_SOFR_10Y;0.021124;0.027876
2019-04-11;USD_OIS_SOFR_10Y;0.021125;0.027675
2019-04-12;USD_OIS_SOFR_10Y;0.021225;0.027575
2019-04-15;USD_OIS_SOFR_10Y;0.021602;0.027798
2019-04-16;USD_OIS_SOFR_10Y;0.021696;0.027704
2019-04-17;USD_OIS_SOFR_10Y;0.022067;0.027933
2019-04-18;USD_OIS_SOFR_10Y;0.022156;0.027844
2019-04-22;USD_OIS_SOFR_10Y;0.021804;0.027396
2019-04-23;USD_OIS_SOFR_10Y;0.021889;0.027311
2019-04-24;USD_OIS_SOFR_10Y;0.021761;0.027039
2019-04-25;USD_OIS_SOFR_10Y;0.021939;0.027061
2019-04-26;USD_OIS_SOFR_10Y;0.022115;0.027085
2019-04-29;USD_OIS_SOFR_10Y;0.022379;0.027221
2019-04-30;USD_OIS_SOFR_10Y;0.023588;0.031612
2019-05-01;USD_OIS_SOFR_10Y;0.020746;0.030054
2019-05-02;USD_OIS_SOFR_10Y;0.020464;0.029536
2019-05-03;USD_OIS_SOFR_10Y;0.019827;0.028773
2019-05-06;USD_OIS_SOFR_10Y;0.019862;0.028538
2019-05-07;USD_OIS_SOFR_10Y;0.020188;0.028612
2019-05-08;USD_OIS_SOFR_10Y;0.020214;0.028386
2019-05-09;USD_OIS_SOFR_10Y;0.020132;0.028068
2019-05-10;USD_OIS_SOFR_10Y;0.020151;0.027849
2019-05-13;USD_OIS_SOFR_10Y;0.020061;0.027539
2019-05-14;USD_OIS_SOFR_10Y;0.020273;0.027527
2019-05-15;USD_OIS_SOFR_10Y;0.021132;0.028468
2019-05-16;USD_OIS_SOFR_10Y;0.020696;0.027904
2019-05-17;USD_OIS_SOFR_10Y;0.020704;0.027696
2019-05-20;USD_OIS_SOFR_10Y;0.020493;0.027307
2019-05-21;USD_OIS_SOFR_10Y;0.020494;0.027106
2019-05-22;USD_OIS_SOFR_10Y;0.020493;0.026907
2019-05-23;USD_OIS_SOFR_10Y;0.020591;0.026809
2019-05-24;USD_OIS_SOFR_10Y;0.020685;0.026715
2019-05-28;USD_OIS_SOFR_10Y;0.021141;0.027059
2019-05-29;USD_OIS_SOFR_10Y;0.021128;0.026872
2019-05-30;USD_OIS_SOFR_10Y;0.021216;0.026784
2019-05-31;USD_OIS_SOFR_10Y;0.022005;0.027795
2019-06-03;USD_OIS_SOFR_10Y;0.021005;0.026995
2019-06-04;USD_OIS_SOFR_10Y;0.020994;0.026806
2019-06-05;USD_OIS_SOFR_10Y;0.02118;0.02682
2019-06-06;USD_OIS_SOFR_10Y;0.021266;0.026734
2019-06-07;USD_OIS_SOFR_10Y;0.021247;0.026553
2019-06-10;USD_OIS_SOFR_10Y;0.021327;0.026473
2019-06-11;USD_OIS_SOFR_10Y;0.021303;0.026297
2019-06-12;USD_OIS_SOFR_10Y;0.021276;0.026124
2019-06-13;USD_OIS_SOFR_10Y;0.021139;0.025861
2019-06-14;USD_OIS_SOFR_10Y;0.021211;0.025789
2019-06-17;USD_OIS_SOFR_10Y;0.021774;0.026426
2019-06-18;USD_OIS_SOFR_10Y;0.021632;0.026168
2019-06-19;USD_OIS_SOFR_10Y;0.021374;0.025826
2019-06-20;USD_OIS_SOFR_10Y;0.021442;0.025758
2019-06-21;USD_OIS_SOFR_10Y;0.021604;0.025796
2019-06-24;USD_OIS_SOFR_10Y;0.021855;0.025945
2019-06-25;USD_OIS_SOFR_10Y;0.022104;0.026096
2019-06-26;USD_OIS_SOFR_10Y;0.022351;0.026249
2019-06-27;USD_OIS_SOFR_10Y;0.022306;0.026094
2019-06-28;USD_OIS_SOFR_10Y;0.022942;0.027058
2019-07-01;USD_OIS_SOFR_10Y;0.021999;0.026401
2019-07-02;USD_OIS_SOFR_10Y;0.022724;0.027476
2019-07-03;USD_OIS_SOFR_10Y;0.023224;0.027976
2019-07-05;USD_OIS_SOFR_10Y;0.02357;0.02823
2019-07-08;USD_OIS_SOFR_10Y;0.022205;0.027395
2019-07-09;USD_OIS_SOFR_10Y;0.02196;0.02704
2019-07-10;USD_OIS_SOFR_10Y;0.022134;0.027066
2019-07-11;USD_OIS_SOFR_10Y;0.02164;0.02656
2019-07-12;USD_OIS_SOFR_10Y;0.021145;0.026055
2019-07-15;USD_OIS_SOFR_10Y;0.021951;0.027249
2019-07-16;USD_OIS_SOFR_10Y;0.022129;0.027271
2019-07-17;USD_OIS_SOFR_10Y;0.022208;0.027192
2019-07-18;USD_OIS_SOFR_10Y;0.022181;0.027019
2019-07-19;USD_OIS_SOFR_10Y;0.021684;0.026516
2019-07-22;USD_OIS_SOFR_10Y;0.021654;0.026346
2019-07-23;USD_OIS_SOFR_10Y;0.021726;0.026274
2019-07-24;USD_OIS_SOFR_10Y;0.021892;0.026308
2019-07-25;USD_OIS_SOFR_10Y;0.022056;0.026344
2019-07-26;USD_OIS_SOFR_10Y;0.022018;0.026182
2019-07-29;USD_OIS_SOFR_10Y;0.021978;0.026022
2019-07-30;USD_OIS_SOFR_10Y;0.021936;0.025864
2019-07-31;USD_OIS_SOFR_10Y;0.022839;0.028161
2019-08-01;USD_OIS_SOFR_10Y;0.016986;0.026814
2019-08-02;USD_OIS_SOFR_10Y;0.017135;0.026665
2019-08-05;USD_OIS_SOFR_10Y;0.016628;0.025972
2019-08-06;USD_OIS_SOFR_10Y;0.016565;0.025635
2019-08-07;USD_OIS_SOFR_10Y;0.016601;0.025399
2019-08-08;USD_OIS_SOFR_10Y;0.016634;0.025166
2019-08-09;USD_OIS_SOFR_10Y;0.016957;0.025243
2019-08-12;USD_OIS_SOFR_10Y;0.017182;0.025218
2019-08-13;USD_OIS_SOFR_10Y;0.017676;0.025524
2019-08-14;USD_OIS_SOFR_10Y;0.01748;0.02512
2019-08-15;USD_OIS_SOFR_10Y;0.018051;0.025549
2019-08-16;USD_OIS_SOFR_10Y;0.017619;0.024981
2019-08-19;USD_OIS_SOFR_10Y;0.017524;0.024676
2019-08-20;USD_OIS_SOFR_10Y;0.017825;0.024775
2019-08-21;USD_OIS_SOFR_10Y;0.017613;0.024387
2019-08-22;USD_OIS_SOFR_10Y;0.017614;0.024186
2019-08-23;USD_OIS_SOFR_10Y;0.017812;0.024188
2019-08-26;USD_OIS_SOFR_10Y;0.017909;0.024091
2019-08-27;USD_OIS_SOFR_10Y;0.018447;0.024553
2019-08-28;USD_OIS_SOFR_10Y;0.01822;0.02418
2019-08-29;USD_OIS_SOFR_10Y;0.018311;0.024089
2019-08-30;USD_OIS_SOFR_10Y;0.01876;0.02444
2019-09-03;USD_OIS_SOFR_10Y;0.018944;0.024456
2019-09-04;USD_OIS_SOFR_10Y;0.019388;0.024812
2019-09-05;USD_OIS_SOFR_10Y;0.019471;0.024729
2019-09-06;USD_OIS_SOFR_10Y;0.018857;0.024143
2019-09-09;USD_OIS_SOFR_10Y;0.018614;0.023786
2019-09-10;USD_OIS_SOFR_10Y;0.018882;0.023918
2019-09-11;USD_OIS_SOFR_10Y;0.019056;0.023944
2019-09-12;USD_OIS_SOFR_10Y;0.019561;0.024439
2019-09-13;USD_OIS_SOFR_10Y;0.019635;0.024365
2019-09-16;USD_OIS_SOFR_10Y;0.020779;0.027821
2019-09-17;USD_OIS_SOFR_10Y;0.019557;0.085443
2019-09-18;USD_OIS_SOFR_10Y;-0.019269;0.070269
2019-09-19;USD_OIS_SOFR_10Y;-0.024461;0.063461
2019-09-20;USD_OIS_SOFR_10Y;-0.024035;0.061235
2019-09-23;USD_OIS_SOFR_10Y;-0.022836;0.059836
2019-09-24;USD_OIS_SOFR_10Y;-0.020497;0.059697
2019-09-25;USD_OIS_SOFR_10Y;-0.01878;0.05898
2019-09-26;USD_OIS_SOFR_10Y;-0.019242;0.056242
2019-09-27;USD_OIS_SOFR_10Y;-0.018394;0.054794
2019-09-30;USD_OIS_SOFR_10Y;-0.012509;0.059509
2019-10-01;USD_OIS_SOFR_10Y;-0.016537;0.054137
2019-10-02;USD_OIS_SOFR_10Y;-0.015762;0.052762
2019-10-03;USD_OIS_SOFR_10Y;-0.014818;0.051618
2019-10-04;USD_OIS_SOFR_10Y;-0.014007;0.050407
2019-10-07;USD_OIS_SOFR_10Y;-0.012926;0.049526
2019-10-08;USD_OIS_SOFR_10Y;-0.011776;0.048776
2019-10-09;USD_OIS_SOFR_10Y;-0.010854;0.047854
2019-10-10;USD_OIS_SOFR_10Y;-0.009959;0.046959
2019-10-11;USD_OIS_SOFR_10Y;-0.009092;0.046092
2019-10-15;USD_OIS_SOFR_10Y;-0.006809;0.046809
2019-10-16;USD_OIS_SOFR_10Y;-0.005498;0.046498
2019-10-17;USD_OIS_SOFR_10Y;-0.005733;0.044733
2019-10-18;USD_OIS_SOFR_10Y;-0.005678;0.043278
2019-10-21;USD_OIS_SOFR_10Y;-0.005133;0.042333
2019-10-22;USD_OIS_SOFR_10Y;-0.004311;0.041711
2019-10-23;USD_OIS_SOFR_10Y;-0.00361;0.04101
2019-10-24;USD_OIS_SOFR_10Y;-0.00303;0.04023
2019-10-25;USD_OIS_SOFR_10Y;-0.002573;0.039373
2019-10-28;USD_OIS_SOFR_10Y;-0.002135;0.038535
2019-10-29;USD_OIS_SOFR_10Y;-0.001616;0.037816
2019-10-30;USD_OIS_SOFR_10Y;-0.000916;0.037316
2019-10-31;USD_OIS_SOFR_10Y;-0.000946;0.036146
2019-11-01;USD_OIS_SOFR_10Y;-0.002303;0.033903
2019-11-04;USD_OIS_SOFR_10Y;-0.001953;0.033153
2019-11-05;USD_OIS_SOFR_10Y;-0.00122;0.03282
2019-11-06;USD_OIS_SOFR_10Y;-0.000801;0.032201
2019-11-07;USD_OIS_SOFR_10Y;-0.000399;0.031599
2019-11-08;USD_OIS_SOFR_10Y;8.8e-05;0.031112
2019-11-12;USD_OIS_SOFR_10Y;0.00066;0.03074
2019-11-13;USD_OIS_SOFR_10Y;0.001118;0.030282
2019-11-14;USD_OIS_SOFR_10Y;0.001662;0.029938
2019-11-15;USD_OIS_SOFR_10Y;0.002192;0.029608
2019-11-18;USD_OIS_SOFR_10Y;0.002305;0.028895
2019-11-19;USD_OIS_SOFR_10Y;0.00281;0.02859
2019-11-20;USD_OIS_SOFR_10Y;0.003203;0.028197
2019-11-21;USD_OIS_SOFR_10Y;0.003683;0.027917
2019-11-22;USD_OIS_SOFR_10Y;0.004052;0.027548
2019-11-25;USD_OIS_SOFR_10Y;0.004207;0.026993
2019-11-26;USD_OIS_SOFR_10Y;0.004352;0.026448
2019-11-27;USD_OIS_SOFR_10Y;0.004788;0.026212
2019-11-29;USD_OIS_SOFR_10Y;0.00605;0.02695
2019-12-02;USD_OIS_SOFR_10Y;0.006165;0.026435
2019-12-03;USD_OIS_SOFR_10Y;0.00563;0.02537
2019-12-04;USD_OIS_SOFR_10Y;0.00583;0.02497
2019-12-05;USD_OIS_SOFR_10Y;0.006221;0.024779
2019-12-06;USD_OIS_SOFR_10Y;0.006504;0.024496
2019-12-09;USD_OIS_SOFR_10Y;0.006877;0.024323
2019-12-10;USD_OIS_SOFR_10Y;0.007042;0.023958
2019-12-11;USD_OIS_SOFR_10Y;0.007199;0.023601
2019-12-12;USD_OIS_SOFR_10Y;0.007348;0.023252
2019-12-13;USD_OIS_SOFR_10Y;0.007689;0.023111
2019-12-16;USD_OIS_SOFR_10Y;0.008666;0.023734
2019-12-17;USD_OIS_SOFR_10Y;0.008037;0.022763
2019-12-18;USD_OIS_SOFR_10Y;0.00816;0.02244
2019-12-19;USD_OIS_SOFR_10Y;0.008378;0.022222
2019-12-20;USD_OIS_SOFR_10Y;0.008589;0.022011
2019-12-23;USD_OIS_SOFR_10Y;0.008692;0.021708
2019-12-24;USD_OIS_SOFR_10Y;0.00889;0.02151
2019-12-26;USD_OIS_SOFR_10Y;0.009083;0.021317
2019-12-27;USD_OIS_SOFR_10Y;0.009368;0.021232
2019-12-30;USD_OIS_SOFR_10Y;0.009647;0.021153
2019-12-31;USD_OIS_SOFR_10Y;0.009921;0.021079
2020-01-02;USD_OIS_SOFR_10Y;0.00999;0.02081
2020-01-03;USD_OIS_SOFR_10Y;0.010254;0.020746
2020-01-06;USD_OIS_SOFR_10Y;0.010413;0.020587
2020-01-07;USD_OIS_SOFR_10Y;0.010667;0.020533
2020-01-08;USD_OIS_SOFR_10Y;0.010716;0.020284
2020-01-09;USD_OIS_SOFR_10Y;0.010862;0.020138
2020-01-10;USD_OIS_SOFR_10Y;0.011003;0.019997
2020-01-13;USD_OIS_SOFR_10Y;0.011038;0.019762
2020-01-14;USD_OIS_SOFR_10Y;0.01127;0.01973
2020-01-15;USD_OIS_SOFR_10Y;0.011497;0.019703
2020-01-16;USD_OIS_SOFR_10Y;0.01152;0.01948
2020-01-17;USD_OIS_SOFR_10Y;0.01154;0.01926
2020-01-21;USD_OIS_SOFR_10Y;0.011657;0.019143
2020-01-22;USD_OIS_SOFR_10Y;0.011771;0.019029
2020-01-23;USD_OIS_SOFR_10Y;0.011882;0.018918
2020-01-24;USD_OIS_SOFR_10Y;0.011887;0.018713
2020-01-27;USD_OIS_SOFR_10Y;0.011991;0.018609
2020-01-28;USD_OIS_SOFR_10Y;0.012092;0.018508
2020-01-29;USD_OIS_SOFR_10Y;0.01219;0.01841
2020-01-30;USD_OIS_SOFR_10Y;0.012729;0.018871
2020-01-31;USD_OIS_SOFR_10Y;0.013013;0.018987
2020-02-03;USD_OIS_SOFR_10Y;0.013002;0.018798
2020-02-04;USD_OIS_SOFR_10Y;0.013188;0.018812
2020-02-05;USD_OIS_SOFR_10Y;0.013171;0.018629
2020-02-06;USD_OIS_SOFR_10Y;0.013254;0.018546
2020-02-07;USD_OIS_SOFR_10Y;0.013232;0.018368
2020-02-10;USD_OIS_SOFR_10Y;0.01331;0.01829
2020-02-11;USD_OIS_SOFR_10Y;0.013386;0.018214
2020-02-12;USD_OIS_SOFR_10Y;0.013357;0.018043
2020-02-13;USD_OIS_SOFR_10Y;0.013428;0.017972
2020-02-14;USD_OIS_SOFR_10Y;0.013594;0.018006
2020-02-18;USD_OIS_SOFR_10Y;0.013849;0.018151
2020-02-19;USD_OIS_SOFR_10Y;0.013811;0.017989
2020-02-20;USD_OIS_SOFR_10Y;0.013972;0.018028
2020-02-21;USD_OIS_SOFR_10Y;0.01382;0.01778
2020-02-24;USD_OIS_SOFR_10Y;0.01388;0.01772
2020-02-25;USD_OIS_SOFR_10Y;0.014035;0.017765
2020-02-26;USD_OIS_SOFR_10Y;0.013988;0.017612
2020-02-27;USD_OIS_SOFR_10Y;0.014043;0.017557
2020-02-28;USD_OIS_SOFR_10Y;0.014281;0.017719
2020-03-02;USD_OIS_SOFR_10Y;0.014229;0.017571
2020-03-03;USD_OIS_SOFR_10Y;0.014679;0.018121
2020-03-04;USD_OIS_SOFR_10Y;0.007253;0.017347
2020-03-05;USD_OIS_SOFR_10Y;0.006142;0.016258
2020-03-06;USD_OIS_SOFR_10Y;0.006091;0.015909
2020-03-09;USD_OIS_SOFR_10Y;0.006139;0.015661
2020-03-10;USD_OIS_SOFR_10Y;0.006478;0.015722
2020-03-11;USD_OIS_SOFR_10Y;0.006995;0.016005
2020-03-12;USD_OIS_SOFR_10Y;0.007594;0.016406
2020-03-13;USD_OIS_SOFR_10Y;0.006573;0.015427
2020-03-16;USD_OIS_SOFR_10Y;-0.008062;0.013262
2020-03-17;USD_OIS_SOFR_10Y;-0.005437;0.016237
2020-03-18;USD_OIS_SOFR_10Y;-0.010685;0.012685
2020-03-19;USD_OIS_SOFR_10Y;-0.010738;0.011938
2020-03-20;USD_OIS_SOFR_10Y;-0.010595;0.011395
2020-03-23;USD_OIS_SOFR_10Y;-0.010463;0.010863
2020-03-24;USD_OIS_SOFR_10Y;-0.010239;0.010439
2020-03-25;USD_OIS_SOFR_10Y;-0.009924;0.010124
2020-03-26;USD_OIS_SOFR_10Y;-0.009618;0.009818
2020-03-27;USD_OIS_SOFR_10Y;-0.009322;0.009522
2020-03-30;USD_OIS_SOFR_10Y;-0.009035;0.009235
2020-03-31;USD_OIS_SOFR_10Y;-0.008757;0.008957
2020-04-01;USD_OIS_SOFR_10Y;-0.008487;0.008687
2020-04-02;USD_OIS_SOFR_10Y;-0.008226;0.008426
2020-04-03;USD_OIS_SOFR_10Y;-0.007972;0.008172
2020-04-06;USD_OIS_SOFR_10Y;-0.007726;0.007926
2020-04-07;USD_OIS_SOFR_10Y;-0.007488;0.007688
2020-04-08;USD_OIS_SOFR_10Y;-0.007257;0.007457
2020-04-09;USD_OIS_SOFR_10Y;-0.007032;0.007232
2020-04-13;USD_OIS_SOFR_10Y;-0.006716;0.007116
2020-04-14;USD_OIS_SOFR_10Y;-0.006121;0.007321
2020-04-15;USD_OIS_SOFR_10Y;-0.006226;0.006826
2020-04-16;USD_OIS_SOFR_10Y;-0.006027;0.006627
2020-04-17;USD_OIS_SOFR_10Y;-0.005834;0.006434
2020-04-20;USD_OIS_SOFR_10Y;-0.005749;0.006149
2020-04-21;USD_OIS_SOFR_10Y;-0.005669;0.005869
2020-04-22;USD_OIS_SOFR_10Y;-0.005493;0.005693
2020-04-23;USD_OIS_SOFR_10Y;-0.005323;0.005523
2020-04-24;USD_OIS_SOFR_10Y;-0.004962;0.005562
2020-04-27;USD_OIS_SOFR_10Y;-0.004802;0.005402
2020-04-28;USD_OIS_SOFR_10Y;-0.004852;0.005052
2020-04-29;USD_OIS_SOFR_10Y;-0.004701;0.004901
2020-04-30;USD_OIS_SOFR_10Y;-0.004268;0.005068
2020-05-01;USD_OIS_SOFR_10Y;-0.004227;0.004827
2020-05-04;USD_OIS_SOFR_10Y;-0.003896;0.004896
2020-05-05;USD_OIS_SOFR_10Y;-0.003762;0.004762
2020-05-06;USD_OIS_SOFR_10Y;-0.003632;0.004632
2020-05-07;USD_OIS_SOFR_10Y;-0.003506;0.004506
2020-05-08;USD_OIS_SOFR_10Y;-0.003286;0.004486
2020-05-11;USD_OIS_SOFR_10Y;-0.003167;0.004367
2020-05-12;USD_OIS_SOFR_10Y;-0.003053;0.004253
2020-05-13;USD_OIS_SOFR_10Y;-0.003149;0.003949
2020-05-14;USD_OIS_SOFR_10Y;-0.003249;0.003649
2020-05-15;USD_OIS_SOFR_10Y;-0.002862;0.003862
2020-05-18;USD_OIS_SOFR_10Y;-0.002861;0.003661
2020-05-19;USD_OIS_SOFR_10Y;-0.002762;0.003562
2020-05-20;USD_OIS_SOFR_10Y;-0.002985;0.003185
2020-05-21;USD_OIS_SOFR_10Y;-0.002794;0.003194
2020-05-22;USD_OIS_SOFR_10Y;-0.002512;0.003312
2020-05-26;USD_OIS_SOFR_10Y;-0.002233;0.003433
2020-05-27;USD_OIS_SOFR_10Y;-0.002146;0.003346
2020-05-28;USD_OIS_SOFR_10Y;-0.002063;0.003263
2020-05-29;USD_OIS_SOFR_10Y;-0.001982;0.003182
2020-06-01;USD_OIS_SOFR_10Y;-0.001903;0.003103
2020-06-02;USD_OIS_SOFR_10Y;-0.001729;0.003129
2020-06-03;USD_OIS_SOFR_10Y;-0.001758;0.002958
2020-06-04;USD_OIS_SOFR_10Y;-0.001589;0.002989
2020-06-05;USD_OIS_SOFR_10Y;-0.00152;0.00292
2020-06-08;USD_OIS_SOFR_10Y;-0.001452;0.002852
2020-06-09;USD_OIS_SOFR_10Y;-0.00129;0.00289
2020-06-10;USD_OIS_SOFR_10Y;-0.001329;0.002729
2020-06-11;USD_OIS_SOFR_10Y;-0.001171;0.002771
2020-06-12;USD_OIS_SOFR_10Y;-0.001111;0.002711
2020-06-15;USD_OIS_SOFR_10Y;-0.000956;0.002756
2020-06-16;USD_OIS_SOFR_10Y;-0.0009;0.0027
2020-06-17;USD_OIS_SOFR_10Y;-0.000845;0.002645
2020-06-18;USD_OIS_SOFR_10Y;-0.000792;0.002592
2020-06-19;USD_OIS_SOFR_10Y;-0.00074;0.00254
2020-06-22;USD_OIS_SOFR_10Y;-0.000795;0.002395
2020-06-23;USD_OIS_SOFR_10Y;-0.00085;0.00225
2020-06-24;USD_OIS_SOFR_10Y;-0.000708;0.002308
2020-06-25;USD_OIS_SOFR_10Y;-0.000566;0.002366
2020-06-26;USD_OIS_SOFR_10Y;-0.000626;0.002226
2020-06-29;USD_OIS_SOFR_10Y;-0.000583;0.002183
2020-06-30;USD_OIS_SOFR_10Y;-0.000361;0.002361
2020-07-01;USD_OIS_SOFR_10Y;-0.000224;0.002424
2020-07-02;USD_OIS_SOFR_10Y;-0.000184;0.002384
2020-07-06;USD_OIS_SOFR_10Y;-0.00025;0.00225
2020-07-07;USD_OIS_SOFR_10Y;-0.000212;0.002212
2020-07-08;USD_OIS_SOFR_10Y;-0.000175;0.002175
2020-07-09;USD_OIS_SOFR_10Y;-0.00014;0.00214
2020-07-10;USD_OIS_SOFR_10Y;-0.000105;0.002105
2020-07-13;USD_OIS_SOFR_10Y;-7.1e-05;0.002071
2020-07-14;USD_OIS_SOFR_10Y;5.5e-05;0.002145
2020-07-15;USD_OIS_SOFR_10Y;0.000261;0.002339
2020-07-16;USD_OIS_SOFR_10Y;0.000186;0.002214
2020-07-17;USD_OIS_SOFR_10Y;0.000216;0.002184
2020-07-20;USD_OIS_SOFR_10Y;0.000246;0.002154
2020-07-21;USD_OIS_SOFR_10Y;0.000168;0.002032
2020-07-22;USD_OIS_SOFR_10Y;8.9e-05;0.001911
2020-07-23;USD_OIS_SOFR_10Y;0.000117;0.001883
2020-07-24;USD_OIS_SOFR_10Y;0.000144;0.001856
2020-07-27;USD_OIS_SOFR_10Y;0.00017;0.00183
2020-07-28;USD_OIS_SOFR_10Y;0.000195;0.001805
2020-07-29;USD_OIS_SOFR_10Y;0.000111;0.001689
2020-07-30;USD_OIS_SOFR_10Y;0.000226;0.001774
2020-07-31;USD_OIS_SOFR_10Y;0.00025;0.00175
2020-08-03;USD_OIS_SOFR_10Y;0.000273;0.001727
2020-08-04;USD_OIS_SOFR_10Y;0.000185;0.001615
2020-08-05;USD_OIS_SOFR_10Y;0.000207;0.001593
2020-08-06;USD_OIS_SOFR_10Y;0.000228;0.001572
2020-08-07;USD_OIS_SOFR_10Y;0.000249;0.001551
2020-08-10;USD_OIS_SOFR_10Y;0.000269;0.001531
2020-08-11;USD_OIS_SOFR_10Y;0.000377;0.001623
2020-08-12;USD_OIS_SOFR_10Y;0.000285;0.001515
2020-08-13;USD_OIS_SOFR_10Y;0.000304;0.001496
2020-08-14;USD_OIS_SOFR_10Y;0.000322;0.001478
2020-08-17;USD_OIS_SOFR_10Y;0.000427;0.001573
2020-08-18;USD_OIS_SOFR_10Y;0.000333;0.001467
2020-08-19;USD_OIS_SOFR_10Y;0.00035;0.00145
2020-08-20;USD_OIS_SOFR_10Y;0.000118;0.001282
2020-08-21;USD_OIS_SOFR_10Y;0.000136;0.001264
2020-08-24;USD_OIS_SOFR_10Y;0.000241;0.001359
2020-08-25;USD_OIS_SOFR_10Y;0.000258;0.001342
2020-08-26;USD_OIS_SOFR_10Y;0.000162;0.001238
2020-08-27;USD_OIS_SOFR_10Y;0.000178;0.001222
2020-08-28;USD_OIS_SOFR_10Y;0.000194;0.001206
2020-08-31;USD_OIS_SOFR_10Y;0.000357;0.001443
2020-09-01;USD_OIS_SOFR_10Y;0.000374;0.001426
2020-09-02;USD_OIS_SOFR_10Y;0.00039;0.00141
2020-09-03;USD_OIS_SOFR_10Y;0.000492;0.001508
2020-09-04;USD_OIS_SOFR_10Y;0.000394;0.001406
2020-09-08;USD_OIS_SOFR_10Y;0.000409;0.001391
2020-09-09;USD_OIS_SOFR_10Y;0.000424;0.001376
2020-09-10;USD_OIS_SOFR_10Y;0.000439;0.001361
2020-09-11;USD_OIS_SOFR_10Y;0.000453;0.001347
2020-09-14;USD_OIS_SOFR_10Y;0.000466;0.001334
2020-09-15;USD_OIS_SOFR_10Y;0.000564;0.001436
2020-09-16;USD_OIS_SOFR_10Y;0.000577;0.001423
2020-09-17;USD_OIS_SOFR_10Y;0.00059;0.00141
2020-09-18;USD_OIS_SOFR_10Y;0.000486;0.001314
2020-09-21;USD_OIS_SOFR_10Y;0.000382;0.001218
2020-09-22;USD_OIS_SOFR_10Y;0.000278;0.001122
2020-09-23;USD_OIS_SOFR_10Y;0.000175;0.001025
2020-09-24;USD_OIS_SOFR_10Y;0.000272;0.001128
2020-09-25;USD_OIS_SOFR_10Y;0.000369;0.001231
2020-09-28;USD_OIS_SOFR_10Y;0.000382;0.001218
2020-09-29;USD_OIS_SOFR_10Y;0.000279;0.001121
2020-09-30;USD_OIS_SOFR_10Y;0.000375;0.001225
2020-10-01;USD_OIS_SOFR_10Y;0.000388;0.001212
2020-10-02;USD_OIS_SOFR_10Y;0.000538;0.001462
2020-10-05;USD_OIS_SOFR_10Y;0.000437;0.001363
2020-10-06;USD_OIS_SOFR_10Y;0.000537;0.001463
2020-10-07;USD_OIS_SOFR_10Y;0.000436;0.001364
2020-10-08;USD_OIS_SOFR_10Y;0.000335;0.001265
2020-10-09;USD_OIS_SOFR_10Y;0.000435;0.001365
2020-10-13;USD_OIS_SOFR_10Y;0.000449;0.001351
2020-10-14;USD_OIS_SOFR_10Y;0.000463;0.001337
2020-10-15;USD_OIS_SOFR_10Y;0.00056;0.00144
2020-10-16;USD_OIS_SOFR_10Y;0.000458;0.001342
2020-10-19;USD_OIS_SOFR_10Y;0.000472;0.001328
2020-10-20;USD_OIS_SOFR_10Y;0.000369;0.001231
2020-10-21;USD_OIS_SOFR_10Y;0.000266;0.001134
2020-10-22;USD_OIS_SOFR_10Y;0.000279;0.001121
2020-10-23;USD_OIS_SOFR_10Y;0.000376;0.001224
2020-10-26;USD_OIS_SOFR_10Y;0.000473;0.001327
2020-10-27;USD_OIS_SOFR_10Y;0.000486;0.001314
2020-10-28;USD_OIS_SOFR_10Y;0.000382;0.001218
2020-10-29;USD_OIS_SOFR_10Y;0.000478;0.001322
2020-10-30;USD_OIS_SOFR_10Y;0.000491;0.001309
2020-11-02;USD_OIS_SOFR_10Y;0.00064;0.00156
2020-11-03;USD_OIS_SOFR_10Y;0.00054;0.00146
2020-11-04;USD_OIS_SOFR_10Y;0.000554;0.001446
2020-11-05;USD_OIS_SOFR_10Y;0.000652;0.001548
2020-11-06;USD_OIS_SOFR_10Y;0.00055;0.00145
2020-11-09;USD_OIS_SOFR_10Y;0.000564;0.001436
2020-11-10;USD_OIS_SOFR_10Y;0.000577;0.001423
2020-11-12;USD_OIS_SOFR_10Y;0.000474;0.001326
2020-11-13;USD_OIS_SOFR_10Y;0.000487;0.001313
2020-11-16;USD_OIS_SOFR_10Y;0.000583;0.001417
2020-11-17;USD_OIS_SOFR_10Y;0.000479;0.001321
2020-11-18;USD_OIS_SOFR_10Y;0.000231;0.001169
2020-11-19;USD_OIS_SOFR_10Y;0.00013;0.00107
2020-11-20;USD_OIS_SOFR_10Y;3e-05;0.00097
2020-11-23;USD_OIS_SOFR_10Y;4.4e-05;0.000956
2020-11-24;USD_OIS_SOFR_10Y;0.000201;0.001199
2020-11-25;USD_OIS_SOFR_10Y;0.000302;0.001298
2020-11-27;USD_OIS_SOFR_10Y;0.000317;0.001283
2020-11-30;USD_OIS_SOFR_10Y;0.000418;0.001382
2020-12-01;USD_OIS_SOFR_10Y;0.000318;0.001282
2020-12-02;USD_OIS_SOFR_10Y;0.000333;0.001267
2020-12-03;USD_OIS_SOFR_10Y;0.000347;0.001253
2020-12-04;USD_OIS_SOFR_10Y;0.000446;0.001354
2020-12-07;USD_OIS_SOFR_10Y;0.000345;0.001255
2020-12-08;USD_OIS_SOFR_10Y;0.000244;0.001156
2020-12-09;USD_OIS_SOFR_10Y;0.000342;0.001258
2020-12-10;USD_OIS_SOFR_10Y;0.000356;0.001244
2020-12-11;USD_OIS_SOFR_10Y;0.00037;0.00123
2020-12-14;USD_OIS_SOFR_10Y;0.000383;0.001217
2020-12-15;USD_OIS_SOFR_10Y;0.000479;0.001321
2020-12-16;USD_OIS_SOFR_10Y;0.000492;0.001308
2020-12-17;USD_OIS_SOFR_10Y;0.000505;0.001295
2020-12-18;USD_OIS_SOFR_10Y;0.000517;0.001283
2020-12-21;USD_OIS_SOFR_10Y;0.000528;0.001272
2020-12-22;USD_OIS_SOFR_10Y;0.000271;0.001129
2020-12-23;USD_OIS_SOFR_10Y;0.000168;0.001032
2020-12-24;USD_OIS_SOFR_10Y;0.000321;0.001279
2020-12-28;USD_OIS_SOFR_10Y;0.000422;0.001378
2020-12-29;USD_OIS_SOFR_10Y;0.000522;0.001478
2020-12-30;USD_OIS_SOFR_10Y;0.000422;0.001378
2020-12-31;USD_OIS_SOFR_10Y;0.000182;0.001218
2021-01-04;USD_OIS_SOFR_10Y;0.000388;0.001612
2021-01-05;USD_OIS_SOFR_10Y;0.000496;0.001704
2021-01-06;USD_OIS_SOFR_10Y;0.000403;0.001597
2021-01-07;USD_OIS_SOFR_10Y;0.000421;0.001579
2021-01-08;USD_OIS_SOFR_10Y;0.000327;0.001473
2021-01-11;USD_OIS_SOFR_10Y;0.000344;0.001456
2021-01-12;USD_OIS_SOFR_10Y;0.000249;0.001351
2021-01-13;USD_OIS_SOFR_10Y;0.000265;0.001335
2021-01-14;USD_OIS_SOFR_10Y;0.000282;0.001318
2021-01-15;USD_OIS_SOFR_10Y;0.000298;0.001302
2021-01-19;USD_OIS_SOFR_10Y;0.000199;0.001201
2021-01-20;USD_OIS_SOFR_10Y;0.000101;0.001099
2021-01-21;USD_OIS_SOFR_10Y;-0.000137;0.000937
2021-01-22;USD_OIS_SOFR_10Y;-3.3e-05;0.001033
2021-01-25;USD_OIS_SOFR_10Y;7e-05;0.00113
2021-01-26;USD_OIS_SOFR_10Y;-0.000321;0.000921
2021-01-27;USD_OIS_SOFR_10Y;-0.000302;0.000902
2021-01-28;USD_OIS_SOFR_10Y;-0.000195;0.000995
2021-01-29;USD_OIS_SOFR_10Y;-2.2e-05;0.001222
2021-02-01;USD_OIS_SOFR_10Y;8.6e-05;0.001314
2021-02-02;USD_OIS_SOFR_10Y;0.000105;0.001295
2021-02-03;USD_OIS_SOFR_10Y;0.000123;0.001277
2021-02-04;USD_OIS_SOFR_10Y;-0.000106;0.001106
2021-02-05;USD_OIS_SOFR_10Y;-0.000483;0.000883
2021-02-08;USD_OIS_SOFR_10Y;-0.000462;0.000862
2021-02-09;USD_OIS_SOFR_10Y;-0.000231;0.001231
2021-02-10;USD_OIS_SOFR_10Y;-0.000118;0.001318
2021-02-11;USD_OIS_SOFR_10Y;-9.6e-05;0.001296
2021-02-12;USD_OIS_SOFR_10Y;-0.000185;0.001185
2021-02-16;USD_OIS_SOFR_10Y;-7.4e-05;0.001274
2021-02-17;USD_OIS_SOFR_10Y;-5.3e-05;0.001253
2021-02-18;USD_OIS_SOFR_10Y;-0.000423;0.001023
2021-02-19;USD_OIS_SOFR_10Y;-0.000511;0.000911
2021-02-22;USD_OIS_SOFR_10Y;-0.000399;0.000999
2021-02-23;USD_OIS_SOFR_10Y;-0.000616;0.000816
2021-02-24;USD_OIS_SOFR_10Y;-0.000504;0.000904
2021-02-25;USD_OIS_SOFR_10Y;-0.000392;0.000992
2021-02-26;USD_OIS_SOFR_10Y;-0.00061;0.00081
2021-03-01;USD_OIS_SOFR_10Y;-0.000498;0.000898
2021-03-02;USD_OIS_SOFR_10Y;-0.000316;0.001116
2021-03-03;USD_OIS_SOFR_10Y;-0.000294;0.001094
2021-03-04;USD_OIS_SOFR_10Y;-0.000512;0.000912
2021-03-05;USD_OIS_SOFR_10Y;-0.00049;0.00089
2021-03-08;USD_OIS_SOFR_10Y;-0.000469;0.000869
2021-03-09;USD_OIS_SOFR_10Y;-0.000449;0.000849
2021-03-10;USD_OIS_SOFR_10Y;-0.000429;0.000829
2021-03-11;USD_OIS_SOFR_10Y;-0.000521;0.000721
2021-03-12;USD_OIS_SOFR_10Y;-0.000502;0.000702
2021-03-15;USD_OIS_SOFR_10Y;-0.000484;0.000684
2021-03-16;USD_OIS_SOFR_10Y;-0.000466;0.000666
2021-03-17;USD_OIS_SOFR_10Y;-0.000449;0.000649
2021-03-18;USD_OIS_SOFR_10Y;-0.000432;0.000632
2021-03-19;USD_OIS_SOFR_10Y;-0.000416;0.000616
2021-03-22;USD_OIS_SOFR_10Y;-0.0004;0.0006
2021-03-23;USD_OIS_SOFR_10Y;-0.000385;0.000585
2021-03-24;USD_OIS_SOFR_10Y;-0.00037;0.00057
2021-03-25;USD_OIS_SOFR_10Y;-0.000356;0.000556
2021-03-26;USD_OIS_SOFR_10Y;-0.000342;0.000542
2021-03-29;USD_OIS_SOFR_10Y;-0.000328;0.000528
2021-03-30;USD_OIS_SOFR_10Y;-0.000315;0.000515
2021-03-31;USD_OIS_SOFR_10Y;-0.000303;0.000503
2021-04-01;USD_OIS_SOFR_10Y;-0.00029;0.00049
2021-04-05;USD_OIS_SOFR_10Y;-0.000278;0.000478
2021-04-06;USD_OIS_SOFR_10Y;-0.000267;0.000467
2021-04-07;USD_OIS_SOFR_10Y;-0.000256;0.000456
2021-04-08;USD_OIS_SOFR_10Y;-0.000245;0.000445
2021-04-09;USD_OIS_SOFR_10Y;-0.000234;0.000434
2021-04-12;USD_OIS_SOFR_10Y;-0.000224;0.000424
2021-04-13;USD_OIS_SOFR_10Y;-0.000214;0.000414
2021-04-14;USD_OIS_SOFR_10Y;-0.000205;0.000405
2021-04-15;USD_OIS_SOFR_10Y;-0.000196;0.000396
2021-04-16;USD_OIS_SOFR_10Y;-0.000187;0.000387
2021-04-19;USD_OIS_SOFR_10Y;-0.000178;0.000378
2021-04-20;USD_OIS_SOFR_10Y;-0.000169;0.000369
2021-04-21;USD_OIS_SOFR_10Y;-0.000161;0.000361
2021-04-22;USD_OIS_SOFR_10Y;-0.000153;0.000353
2021-04-23;USD_OIS_SOFR_10Y;-0.000145;0.000345
2021-04-26;USD_OIS_SOFR_10Y;-0.000138;0.000338
2021-04-27;USD_OIS_SOFR_10Y;-0.000131;0.000331
2021-04-28;USD_OIS_SOFR_10Y;-0.000124;0.000324
2021-04-29;USD_OIS_SOFR_10Y;-0.000117;0.000317
2021-04-30;USD_OIS_SOFR_10Y;-0.00011;0.00031
2021-05-03;USD_OIS_SOFR_10Y;-0.000104;0.000304
2021-05-04;USD_OIS_SOFR_10Y;-9.8e-05;0.000298
2021-05-05;USD_OIS_SOFR_10Y;-9.2e-05;0.000292
2021-05-06;USD_OIS_SOFR_10Y;-8.6e-05;0.000286
2021-05-07;USD_OIS_SOFR_10Y;-8e-05;0.00028
2021-05-10;USD_OIS_SOFR_10Y;-7.5e-05;0.000275
2021-05-11;USD_OIS_SOFR_10Y;-6.9e-05;0.000269
2021-05-12;USD_OIS_SOFR_10Y;-6.4e-05;0.000264
2021-05-13;USD_OIS_SOFR_10Y;-5.9e-05;0.000259
2021-05-14;USD_OIS_SOFR_10Y;-5.4e-05;0.000254
2021-05-17;USD_OIS_SOFR_10Y;-5e-05;0.00025
2021-05-18;USD_OIS_SOFR_10Y;-4.5e-05;0.000245
2021-05-19;USD_OIS_SOFR_10Y;-4.1e-05;0.000241
2021-05-20;USD_OIS_SOFR_10Y;-3.6e-05;0.000236
2021-05-21;USD_OIS_SOFR_10Y;-3.2e-05;0.000232
2021-05-24;USD_OIS_SOFR_10Y;-2.8e-05;0.000228
2021-05-25;USD_OIS_SOFR_10Y;-2.4e-05;0.000224
2021-05-26;USD_OIS_SOFR_10Y;-2e-05;0.00022
2021-05-27;USD_OIS_SOFR_10Y;-1.7e-05;0.000217
2021-05-28;USD_OIS_SOFR_10Y;-1.3e-05;0.000213
2021-06-01;USD_OIS_SOFR_10Y;-1e-05;0.00021
2021-06-02;USD_OIS_SOFR_10Y;-6e-06;0.000206
2021-06-03;USD_OIS_SOFR_10Y;-3e-06;0.000203
2021-06-04;USD_OIS_SOFR_10Y;-0.0;0.0002
2021-06-07;USD_OIS_SOFR_10Y;0.0;0.0002
2021-06-08;USD_OIS_SOFR_10Y;0.0;0.0002
2021-06-09;USD_OIS_SOFR_10Y;0.0;0.0002
2021-06-10;USD_OIS_SOFR_10Y;0.0;0.0002
2021-06-11;USD_OIS_SOFR_10Y;0.0;0.0002
2021-06-14;USD_OIS_SOFR_10Y;0.0;0.0002
2021-06-15;USD_OIS_SOFR_10Y;0.0;0.0002
2021-06-16;USD_OIS_SOFR_10Y;0.0;0.0002
2021-06-17;USD_OIS_SOFR_10Y;2.9e-05;0.000971
2021-06-18;USD_OIS_SOFR_10Y;4.3e-05;0.000957
2021-06-21;USD_OIS_SOFR_10Y;5.7e-05;0.000943
2021-06-22;USD_OIS_SOFR_10Y;7.1e-05;0.000929
2021-06-23;USD_OIS_SOFR_10Y;8.4e-05;0.000916
2021-06-24;USD_OIS_SOFR_10Y;9.7e-05;0.000903
2021-06-25;USD_OIS_SOFR_10Y;0.000109;0.000891
2021-06-28;USD_OIS_SOFR_10Y;0.000121;0.000879
2021-06-29;USD_OIS_SOFR_10Y;0.000132;0.000868
2021-06-30;USD_OIS_SOFR_10Y;0.000144;0.000856
2021-07-01;USD_OIS_SOFR_10Y;0.000154;0.000846
2021-07-02;USD_OIS_SOFR_10Y;0.000165;0.000835
2021-07-06;USD_OIS_SOFR_10Y;0.000175;0.000825
2021-07-07;USD_OIS_SOFR_10Y;0.000185;0.000815
2021-07-08;USD_OIS_SOFR_10Y;0.000195;0.000805
2021-07-09;USD_OIS_SOFR_10Y;0.000204;0.000796
2021-07-12;USD_OIS_SOFR_10Y;0.000213;0.000787
2021-07-13;USD_OIS_SOFR_10Y;0.000222;0.000778
2021-07-14;USD_OIS_SOFR_10Y;0.00023;0.00077
2021-07-15;USD_OIS_SOFR_10Y;0.000238;0.000762
2021-07-16;USD_OIS_SOFR_10Y;0.000246;0.000754
2021-07-19;USD_OIS_SOFR_10Y;0.000254;0.000746
2021-07-20;USD_OIS_SOFR_10Y;0.000262;0.000738
2021-07-21;USD_OIS_SOFR_10Y;0.000269;0.000731
2021-07-22;USD_OIS_SOFR_10Y;0.000276;0.000724
2021-07-23;USD_OIS_SOFR_10Y;0.000283;0.000717
2021-07-26;USD_OIS_SOFR_10Y;0.000289;0.000711
2021-07-27;USD_OIS_SOFR_10Y;0.000296;0.000704
2021-07-28;USD_OIS_SOFR_10Y;0.000302;0.000698
2021-07-29;USD_OIS_SOFR_10Y;0.000308;0.000692
2021-07-30;USD_OIS_SOFR_10Y;0.000314;0.000686
2021-08-02;USD_OIS_SOFR_10Y;0.00032;0.00068
2021-08-03;USD_OIS_SOFR_10Y;0.000325;0.000675
2021-08-04;USD_OIS_SOFR_10Y;0.00033;0.00067
2021-08-05;USD_OIS_SOFR_10Y;0.000336;0.000664
2021-08-06;USD_OIS_SOFR_10Y;0.000341;0.000659
2021-08-09;USD_OIS_SOFR_10Y;0.000345;0.000655
2021-08-10;USD_OIS_SOFR_10Y;0.00035;0.00065
2021-08-11;USD_OIS_SOFR_10Y;0.000355;0.000645
2021-08-12;USD_OIS_SOFR_10Y;0.000359;0.000641
2021-08-13;USD_OIS_SOFR_10Y;0.000363;0.000637
2021-08-16;USD_OIS_SOFR_10Y;0.000368;0.000632
2021-08-17;USD_OIS_SOFR_10Y;0.000372;0.000628
2021-08-18;USD_OIS_SOFR_10Y;0.000376;0.000624
2021-08-19;USD_OIS_SOFR_10Y;0.000379;0.000621
2021-08-20;USD_OIS_SOFR_10Y;0.000383;0.000617
2021-08-23;USD_OIS_SOFR_10Y;0.000387;0.000613
2021-08-24;USD_OIS_SOFR_10Y;0.00039;0.00061
2021-08-25;USD_OIS_SOFR_10Y;0.000393;0.000607
2021-08-26;USD_OIS_SOFR_10Y;0.000397;0.000603
2021-08-27;USD_OIS_SOFR_10Y;0.0004;0.0006
2021-08-30;USD_OIS_SOFR_10Y;0.0004;0.0006
2021-08-31;USD_OIS_SOFR_10Y;0.0004;0.0006
2021-09-01;USD_OIS_SOFR_10Y;0.0004;0.0006
2021-09-02;USD_OIS_SOFR_10Y;0.0004;0.0006
2021-09-03;USD_OIS_SOFR_10Y;0.0004;0.0006
2021-09-07;USD_OIS_SOFR_10Y;0.0004;0.0006
2021-09-08;USD_OIS_SOFR_10Y;0.0004;0.0006
2021-09-09;USD_OIS_SOFR_10Y;0.0004;0.0006
2021-09-10;USD_OIS_SOFR_10Y;0.0004;0.0006
2021-09-13;USD_OIS_SOFR_10Y;0.0004;0.0006
2021-09-14;USD_OIS_SOFR_10Y;0.0004;0.0006
2021-09-15;USD_OIS_SOFR_10Y;0.0004;0.0006
2021-09-16;USD_OIS_SOFR_10Y;0.0004;0.0006
2021-09-17;USD_OIS_SOFR_10Y;0.0004;0.0006
2021-09-20;USD_OIS_SOFR_10Y;0.0004;0.0006
2021-09-21;USD_OIS_SOFR_10Y;0.0004;0.0006
2021-09-22;USD_OIS_SOFR_10Y;0.0004;0.0006
2021-09-23;USD_OIS_SOFR_10Y;0.0004;0.0006
2021-09-24;USD_OIS_SOFR_10Y;0.0004;0.0006
2021-09-27;USD_OIS_SOFR_10Y;0.0004;0.0006
2021-09-28;USD_OIS_SOFR_10Y;0.0004;0.0006
2021-09-29;USD_OIS_SOFR_10Y;0.0004;0.0006
2021-09-30;USD_OIS_SOFR_10Y;0.0004;0.0006
2021-10-01;USD_OIS_SOFR_10Y;0.0004;0.0006
2021-10-04;USD_OIS_SOFR_10Y;0.0004;0.0006
2021-10-05;USD_OIS_SOFR_10Y;0.0004;0.0006
2021-10-06;USD_OIS_SOFR_10Y;0.0004;0.0006
2021-10-07;USD_OIS_SOFR_10Y;0.0004;0.0006
2021-10-08;USD_OIS_SOFR_10Y;0.0004;0.0006
2021-10-12;USD_OIS_SOFR_10Y;0.0004;0.0006
2021-10-13;USD_OIS_SOFR_10Y;0.0004;0.0006
2021-10-14;USD_OIS_SOFR_10Y;0.0004;0.0006
2021-10-15;USD_OIS_SOFR_10Y;0.0004;0.0006
2021-10-18;USD_OIS_SOFR_10Y;0.0004;0.0006
2021-10-19;USD_OIS_SOFR_10Y;6.5e-05;0.000535
2021-10-20;USD_OIS_SOFR_10Y;7.2e-05;0.000528
2021-10-21;USD_OIS_SOFR_10Y;7.9e-05;0.000521
2021-10-22;USD_OIS_SOFR_10Y;0.000184;0.000816
2021-10-25;USD_OIS_SOFR_10Y;7.2e-05;0.000728
2021-10-26;USD_OIS_SOFR_10Y;0.000162;0.000838
2021-10-27;USD_OIS_SOFR_10Y;0.000172;0.000828
2021-10-28;USD_OIS_SOFR_10Y;0.000182;0.000818
2021-10-29;USD_OIS_SOFR_10Y;0.000192;0.000808
2021-11-01;USD_OIS_SOFR_10Y;0.000201;0.000799
2021-11-02;USD_OIS_SOFR_10Y;0.00021;0.00079
2021-11-03;USD_OIS_SOFR_10Y;0.000219;0.000781
2021-11-04;USD_OIS_SOFR_10Y;0.000228;0.000772
2021-11-05;USD_OIS_SOFR_10Y;0.000236;0.000764
2021-11-08;USD_OIS_SOFR_10Y;0.000244;0.000756
2021-11-09;USD_OIS_SOFR_10Y;0.000252;0.000748
2021-11-10;USD_OIS_SOFR_10Y;0.000259;0.000741
2021-11-12;USD_OIS_SOFR_10Y;0.000267;0.000733
2021-11-15;USD_OIS_SOFR_10Y;0.000274;0.000726
2021-11-16;USD_OIS_SOFR_10Y;0.000281;0.000719
2021-11-17;USD_OIS_SOFR_10Y;0.000287;0.000713
2021-11-18;USD_OIS_SOFR_10Y;0.000294;0.000706
2021-11-19;USD_OIS_SOFR_10Y;0.0003;0.0007
2021-11-22;USD_OIS_SOFR_10Y;0.000306;0.000694
2021-11-23;USD_OIS_SOFR_10Y;0.000312;0.000688
2021-11-24;USD_OIS_SOFR_10Y;0.000318;0.000682
2021-11-26;USD_OIS_SOFR_10Y;0.000323;0.000677
2021-11-29;USD_OIS_SOFR_10Y;0.000329;0.000671
2021-11-30;USD_OIS_SOFR_10Y;0.000334;0.000666
2021-12-01;USD_OIS_SOFR_10Y;0.000339;0.000661
2021-12-02;USD_OIS_SOFR_10Y;0.000344;0.000656
2021-12-03;USD_OIS_SOFR_10Y;0.000349;0.000651
2021-12-06;USD_OIS_SOFR_10Y;0.000353;0.000647
2021-12-07;USD_OIS_SOFR_10Y;0.000358;0.000642
2021-12-08;USD_OIS_SOFR_10Y;0.000362;0.000638
2021-12-09;USD_OIS_SOFR_10Y;0.000366;0.000634
2021-12-10;USD_OIS_SOFR_10Y;0.00037;0.00063
2021-12-13;USD_OIS_SOFR_10Y;0.000374;0.000626
2021-12-14;USD_OIS_SOFR_10Y;0.000378;0.000622
2021-12-15;USD_OIS_SOFR_10Y;0.000382;0.000618
2021-12-16;USD_OIS_SOFR_10Y;0.000385;0.000615
2021-12-17;USD_OIS_SOFR_10Y;0.000389;0.000611
2021-12-20;USD_OIS_SOFR_10Y;0.000242;0.000558
2021-12-21;USD_OIS_SOFR_10Y;0.000307;0.000693
2021-12-22;USD_OIS_SOFR_10Y;0.000313;0.000687
2021-12-23;USD_OIS_SOFR_10Y;0.000319;0.000681
2021-12-27;USD_OIS_SOFR_10Y;0.000324;0.000676
2021-12-28;USD_OIS_SOFR_10Y;0.00033;0.00067
2021-12-29;USD_OIS_SOFR_10Y;0.000335;0.000665
2021-12-30;USD_OIS_SOFR_10Y;0.00034;0.00066
2021-12-31;USD_OIS_SOFR_10Y;0.000345;0.000655
2022-01-03;USD_OIS_SOFR_10Y;0.00035;0.00065
2022-01-04;USD_OIS_SOFR_10Y;0.000354;0.000646
2022-01-05;USD_OIS_SOFR_10Y;0.000359;0.000641
2022-01-06;USD_OIS_SOFR_10Y;0.000363;0.000637
2022-01-07;USD_OIS_SOFR_10Y;0.000367;0.000633
2022-01-10;USD_OIS_SOFR_10Y;0.000371;0.000629
2022-01-11;USD_OIS_SOFR_10Y;0.000375;0.000625
2022-01-12;USD_OIS_SOFR_10Y;0.000379;0.000621
2022-01-13;USD_OIS_SOFR_10Y;0.000383;0.000617
2022-01-14;USD_OIS_SOFR_10Y;0.000386;0.000614
2022-01-18;USD_OIS_SOFR_10Y;0.00039;0.00061
2022-01-19;USD_OIS_SOFR_10Y;0.000393;0.000607
2022-01-20;USD_OIS_SOFR_10Y;0.000244;0.000556
2022-01-21;USD_OIS_SOFR_10Y;0.000309;0.000691
2022-01-24;USD_OIS_SOFR_10Y;0.000182;0.000618
2022-01-25;USD_OIS_SOFR_10Y;0.000259;0.000741
2022-01-26;USD_OIS_SOFR_10Y;0.000139;0.000661
2022-01-27;USD_OIS_SOFR_10Y;0.000147;0.000653
2022-01-28;USD_OIS_SOFR_10Y;0.000228;0.000772
2022-01-31;USD_OIS_SOFR_10Y;0.000237;0.000763
2022-02-01;USD_OIS_SOFR_10Y;0.000245;0.000755
2022-02-02;USD_OIS_SOFR_10Y;0.000252;0.000748
2022-02-03;USD_OIS_SOFR_10Y;0.00026;0.00074
2022-02-04;USD_OIS_SOFR_10Y;0.000267;0.000733
2022-02-07;USD_OIS_SOFR_10Y;0.000274;0.000726
2022-02-08;USD_OIS_SOFR_10Y;0.000281;0.000719
2022-02-09;USD_OIS_SOFR_10Y;0.000158;0.000642
2022-02-10;USD_OIS_SOFR_10Y;0.000238;0.000762
2022-02-11;USD_OIS_SOFR_10Y;0.000246;0.000754
2022-02-14;USD_OIS_SOFR_10Y;0.000254;0.000746
2022-02-15;USD_OIS_SOFR_10Y;0.000261;0.000739
2022-02-16;USD_OIS_SOFR_10Y;0.000269;0.000731
2022-02-17;USD_OIS_SOFR_10Y;0.000276;0.000724
2022-02-18;USD_OIS_SOFR_10Y;0.000283;0.000717
2022-02-22;USD_OIS_SOFR_10Y;0.000289;0.000711
2022-02-23;USD_OIS_SOFR_10Y;0.000296;0.000704
2022-02-24;USD_OIS_SOFR_10Y;0.000302;0.000698
2022-02-25;USD_OIS_SOFR_10Y;0.000308;0.000692
2022-02-28;USD_OIS_SOFR_10Y;0.000314;0.000686
2022-03-01;USD_OIS_SOFR_10Y;0.000319;0.000681
2022-03-02;USD_OIS_SOFR_10Y;0.000325;0.000675
2022-03-03;USD_OIS_SOFR_10Y;0.00033;0.00067
2022-03-04;USD_OIS_SOFR_10Y;0.000335;0.000665
2022-03-07;USD_OIS_SOFR_10Y;0.00034;0.00066
2022-03-08;USD_OIS_SOFR_10Y;0.000345;0.000655
2022-03-09;USD_OIS_SOFR_10Y;0.00035;0.00065
2022-03-10;USD_OIS_SOFR_10Y;0.000355;0.000645
2022-03-11;USD_OIS_SOFR_10Y;0.000359;0.000641
2022-03-14;USD_OIS_SOFR_10Y;0.000363;0.000637
2022-03-15;USD_OIS_SOFR_10Y;0.000367;0.000633
2022-03-16;USD_OIS_SOFR_10Y;0.000372;0.000628
2022-03-17;USD_OIS_SOFR_10Y;9.3e-05;0.005907
2022-03-18;USD_OIS_SOFR_10Y;0.000181;0.005819
2022-03-21;USD_OIS_SOFR_10Y;0.000165;0.005635
2022-03-22;USD_OIS_SOFR_10Y;0.000145;0.005455
2022-03-23;USD_OIS_SOFR_10Y;0.000124;0.005276
2022-03-24;USD_OIS_SOFR_10Y;0.000202;0.005198
2022-03-25;USD_OIS_SOFR_10Y;0.000375;0.005225
2022-03-28;USD_OIS_SOFR_10Y;0.000449;0.005151
2022-03-29;USD_OIS_SOFR_10Y;0.000521;0.005079
2022-03-30;USD_OIS_SOFR_10Y;0.000487;0.004913
2022-03-31;USD_OIS_SOFR_10Y;0.000742;0.005058
2022-04-01;USD_OIS_SOFR_10Y;0.000905;0.005095
2022-04-04;USD_OIS_SOFR_10Y;0.000968;0.005032
2022-04-05;USD_OIS_SOFR_10Y;0.00103;0.00497
2022-04-06;USD_OIS_SOFR_10Y;0.00109;0.00491
2022-04-07;USD_OIS_SOFR_10Y;0.001149;0.004851
2022-04-08;USD_OIS_SOFR_10Y;0.001205;0.004795
2022-04-11;USD_OIS_SOFR_10Y;0.00126;0.00474
2022-04-12;USD_OIS_SOFR_10Y;0.001209;0.004591
2022-04-13;USD_OIS_SOFR_10Y;0.00126;0.00454
2022-04-14;USD_OIS_SOFR_10Y;0.00131;0.00449
2022-04-18;USD_OIS_SOFR_10Y;0.001359;0.004441
2022-04-19;USD_OIS_SOFR_10Y;0.001301;0.004299
2022-04-20;USD_OIS_SOFR_10Y;0.001242;0.004158
2022-04-21;USD_OIS_SOFR_10Y;0.001182;0.004018
2022-04-22;USD_OIS_SOFR_10Y;0.00132;0.00408
2022-04-25;USD_OIS_SOFR_10Y;0.001362;0.004038
2022-04-26;USD_OIS_SOFR_10Y;0.001403;0.003997
2022-04-27;USD_OIS_SOFR_10Y;0.001537;0.004063
2022-04-28;USD_OIS_SOFR_10Y;0.001575;0.004025
2022-04-29;USD_OIS_SOFR_10Y;0.001613;0.003987
2022-05-02;USD_OIS_SOFR_10Y;0.001826;0.004174
2022-05-03;USD_OIS_SOFR_10Y;0.001861;0.004139
2022-05-04;USD_OIS_SOFR_10Y;0.001896;0.004104
2022-05-05;USD_OIS_SOFR_10Y;0.002107;0.013693
2022-05-06;USD_OIS_SOFR_10Y;0.002182;0.013418
2022-05-09;USD_OIS_SOFR_10Y;0.002353;0.013247
2022-05-10;USD_OIS_SOFR_10Y;0.002519;0.013081
2022-05-11;USD_OIS_SOFR_10Y;0.00268;0.01292
2022-05-12;USD_OIS_SOFR_10Y;0.002935;0.012865
2022-05-13;USD_OIS_SOFR_10Y;0.003086;0.012714
2022-05-16;USD_OIS_SOFR_10Y;0.003331;0.012669
2022-05-17;USD_OIS_SOFR_10Y;0.003474;0.012526
2022-05-18;USD_OIS_SOFR_10Y;0.00351;0.01229
2022-05-19;USD_OIS_SOFR_10Y;0.003644;0.012156
2022-05-20;USD_OIS_SOFR_10Y;0.003672;0.011928
2022-05-23;USD_OIS_SOFR_10Y;0.003797;0.011803
2022-05-24;USD_OIS_SOFR_10Y;0.003919;0.011681
2022-05-25;USD_OIS_SOFR_10Y;0.004038;0.011562
2022-05-26;USD_OIS_SOFR_10Y;0.004152;0.011448
2022-05-27;USD_OIS_SOFR_10Y;0.004263;0.011337
2022-05-31;USD_OIS_SOFR_10Y;0.004469;0.011331
2022-06-01;USD_OIS_SOFR_10Y;0.004672;0.011328
2022-06-02;USD_OIS_SOFR_10Y;0.004671;0.011129
2022-06-03;USD_OIS_SOFR_10Y;0.004667;0.010933
2022-06-06;USD_OIS_SOFR_10Y;0.004763;0.010837
2022-06-07;USD_OIS_SOFR_10Y;0.004753;0.010647
2022-06-08;USD_OIS_SOFR_10Y;0.00474;0.01046
2022-06-09;USD_OIS_SOFR_10Y;0.004725;0.010275
2022-06-10;USD_OIS_SOFR_10Y;0.004809;0.010191
2022-06-13;USD_OIS_SOFR_10Y;0.004681;0.009919
2022-06-14;USD_OIS_SOFR_10Y;0.004319;0.009481
2022-06-15;USD_OIS_SOFR_10Y;0.004495;0.009505
2022-06-16;USD_OIS_SOFR_10Y;0.005454;0.023546
2022-06-17;USD_OIS_SOFR_10Y;0.005729;0.023271
2022-06-21;USD_OIS_SOFR_10Y;0.005996;0.023004
2022-06-22;USD_OIS_SOFR_10Y;0.006255;0.022745
2022-06-23;USD_OIS_SOFR_10Y;0.006406;0.022394
2022-06-24;USD_OIS_SOFR_10Y;0.006846;0.022354
2022-06-27;USD_OIS_SOFR_10Y;0.007468;0.022532
2022-06-28;USD_OIS_SOFR_10Y;0.007893;0.022507
2022-06-29;USD_OIS_SOFR_10Y;0.008015;0.022185
2022-06-30;USD_OIS_SOFR_10Y;0.00813;0.02187
2022-07-01;USD_OIS_SOFR_10Y;0.008535;0.021865
2022-07-05;USD_OIS_SOFR_10Y;0.008934;0.021866
2022-07-06;USD_OIS_SOFR_10Y;0.009131;0.021669
2022-07-07;USD_OIS_SOFR_10Y;0.009322;0.021478
2022-07-08;USD_OIS_SOFR_10Y;0.009406;0.021194
2022-07-11;USD_OIS_SOFR_10Y;0.009586;0.021014
2022-07-12;USD_OIS_SOFR_10Y;0.009858;0.020942
2022-07-13;USD_OIS_SOFR_10Y;0.009926;0.020674
2022-07-14;USD_OIS_SOFR_10Y;0.01009;0.02051
2022-07-15;USD_OIS_SOFR_10Y;0.010347;0.020453
2022-07-18;USD_OIS_SOFR_10Y;0.010501;0.020299
2022-07-19;USD_OIS_SOFR_10Y;0.01065;0.02015
2022-07-20;USD_OIS_SOFR_10Y;0.010693;0.019907
2022-07-21;USD_OIS_SOFR_10Y;0.010834;0.019766
2022-07-22;USD_OIS_SOFR_10Y;0.010868;0.019532
2022-07-25;USD_OIS_SOFR_10Y;0.011099;0.019501
2022-07-26;USD_OIS_SOFR_10Y;0.011227;0.019373
2022-07-27;USD_OIS_SOFR_10Y;0.011351;0.019249
2022-07-28;USD_OIS_SOFR_10Y;0.013282;0.032318
2022-07-29;USD_OIS_SOFR_10Y;0.013471;0.031929
2022-08-01;USD_OIS_SOFR_10Y;0.013851;0.031749
2022-08-02;USD_OIS_SOFR_10Y;0.014321;0.031679
2022-08-03;USD_OIS_SOFR_10Y;0.014484;0.031316
2022-08-04;USD_OIS_SOFR_10Y;0.014741;0.031059
2022-08-05;USD_OIS_SOFR_10Y;0.014889;0.030711
2022-08-08;USD_OIS_SOFR_10Y;0.01513;0.03047
2022-08-09;USD_OIS_SOFR_10Y;0.015462;0.030338
2022-08-10;USD_OIS_SOFR_10Y;0.015588;0.030012
2022-08-11;USD_OIS_SOFR_10Y;0.015808;0.029792
2022-08-12;USD_OIS_SOFR_10Y;0.016021;0.029579
2022-08-15;USD_OIS_SOFR_10Y;0.016326;0.029474
2022-08-16;USD_OIS_SOFR_10Y;0.016526;0.029274
2022-08-17;USD_OIS_SOFR_10Y;0.016721;0.029079
2022-08-18;USD_OIS_SOFR_10Y;0.016808;0.028792
2022-08-19;USD_OIS_SOFR_10Y;0.01699;0.02861
2022-08-22;USD_OIS_SOFR_10Y;0.017167;0.028433
2022-08-23;USD_OIS_SOFR_10Y;0.017238;0.028162
2022-08-24;USD_OIS_SOFR_10Y;0.017404;0.027996
2022-08-25;USD_OIS_SOFR_10Y;0.017664;0.027936
2022-08-26;USD_OIS_SOFR_10Y;0.017821;0.027779
2022-08-29;USD_OIS_SOFR_10Y;0.017972;0.027628
2022-08-30;USD_OIS_SOFR_10Y;0.018218;0.027582
2022-08-31;USD_OIS_SOFR_10Y;0.01836;0.02744
2022-09-01;USD_OIS_SOFR_10Y;0.018499;0.027301
2022-09-02;USD_OIS_SOFR_10Y;0.018633;0.027167
2022-09-06;USD_OIS_SOFR_10Y;0.018763;0.027037
2022-09-07;USD_OIS_SOFR_10Y;0.018787;0.026813
2022-09-08;USD_OIS_SOFR_10Y;0.018909;0.026691
2022-09-09;USD_OIS_SOFR_10Y;0.019028;0.026572
2022-09-12;USD_OIS_SOFR_10Y;0.019143;0.026457
2022-09-13;USD_OIS_SOFR_10Y;0.019254;0.026346
2022-09-14;USD_OIS_SOFR_10Y;0.01926;0.02614
2022-09-15;USD_OIS_SOFR_10Y;0.019463;0.026137
2022-09-16;USD_OIS_SOFR_10Y;0.019463;0.025937
2022-09-19;USD_OIS_SOFR_10Y;0.019561;0.025839
2022-09-20;USD_OIS_SOFR_10Y;0.019555;0.025645
2022-09-21;USD_OIS_SOFR_10Y;0.019545;0.025455
2022-09-22;USD_OIS_SOFR_10Y;0.020837;0.038963
2022-09-23;USD_OIS_SOFR_10Y;0.021113;0.038687
2022-09-26;USD_OIS_SOFR_10Y;0.021381;0.038419
2022-09-27;USD_OIS_SOFR_10Y;0.02154;0.03806
2022-09-28;USD_OIS_SOFR_10Y;0.021791;0.037809
2022-09-29;USD_OIS_SOFR_10Y;0.021832;0.037368
2022-09-30;USD_OIS_SOFR_10Y;0.022265;0.037335
2022-10-03;USD_OIS_SOFR_10Y;0.022691;0.037309
2022-10-04;USD_OIS_SOFR_10Y;0.023298;0.037502
2022-10-05;USD_OIS_SOFR_10Y;0.023515;0.037285
2022-10-06;USD_OIS_SOFR_10Y;0.023823;0.037177
2022-10-07;USD_OIS_SOFR_10Y;0.024027;0.036973
2022-10-11;USD_OIS_SOFR_10Y;0.024224;0.036776
2022-10-12;USD_OIS_SOFR_10Y;0.024314;0.036486
2022-10-13;USD_OIS_SOFR_10Y;0.024499;0.036301
2022-10-14;USD_OIS_SOFR_10Y;0.024679;0.036121
2022-10-17;USD_OIS_SOFR_10Y;0.024952;0.036048
2022-10-18;USD_OIS_SOFR_10Y;0.02502;0.03578
2022-10-19;USD_OIS_SOFR_10Y;0.025184;0.035616
2022-10-20;USD_OIS_SOFR_10Y;0.025241;0.035359
2022-10-21;USD_OIS_SOFR_10Y;0.025294;0.035106
2022-10-24;USD_OIS_SOFR_10Y;0.025342;0.034858
2022-10-25;USD_OIS_SOFR_10Y;0.025586;0.034814
2022-10-26;USD_OIS_SOFR_10Y;0.025825;0.034775
2022-10-27;USD_OIS_SOFR_10Y;0.02606;0.03474
2022-10-28;USD_OIS_SOFR_10Y;0.02629;0.03471
2022-10-31;USD_OIS_SOFR_10Y;0.026418;0.034582
2022-11-01;USD_OIS_SOFR_10Y;0.026543;0.034457
2022-11-02;USD_OIS_SOFR_10Y;0.026663;0.034337
2022-11-03;USD_OIS_SOFR_10Y;0.028525;0.047475
2022-11-04;USD_OIS_SOFR_10Y;0.028814;0.047186
2022-11-07;USD_OIS_SOFR_10Y;0.028891;0.046709
2022-11-08;USD_OIS_SOFR_10Y;0.029162;0.046438
2022-11-09;USD_OIS_SOFR_10Y;0.029425;0.046175
2022-11-10;USD_OIS_SOFR_10Y;0.02968;0.04592
2022-11-14;USD_OIS_SOFR_10Y;0.030027;0.045773
2022-11-15;USD_OIS_SOFR_10Y;0.030366;0.045634
2022-11-16;USD_OIS_SOFR_10Y;0.030697;0.045503
2022-11-17;USD_OIS_SOFR_10Y;0.030822;0.045178
2022-11-18;USD_OIS_SOFR_10Y;0.031041;0.044959
2022-11-21;USD_OIS_SOFR_10Y;0.031253;0.044747
2022-11-22;USD_OIS_SOFR_10Y;0.031458;0.044542
2022-11-23;USD_OIS_SOFR_10Y;0.031556;0.044244
2022-11-25;USD_OIS_SOFR_10Y;0.031849;0.044151
2022-11-28;USD_OIS_SOFR_10Y;0.032036;0.043964
2022-11-29;USD_OIS_SOFR_10Y;0.032316;0.043884
2022-11-30;USD_OIS_SOFR_10Y;0.032591;0.043809
2022-12-01;USD_OIS_SOFR_10Y;0.032762;0.043638
2022-12-02;USD_OIS_SOFR_10Y;0.032827;0.043373
2022-12-05;USD_OIS_SOFR_10Y;0.032987;0.043213
2022-12-06;USD_OIS_SOFR_10Y;0.033042;0.042958
2022-12-07;USD_OIS_SOFR_10Y;0.033193;0.042807
2022-12-08;USD_OIS_SOFR_10Y;0.033339;0.042661
2022-12-09;USD_OIS_SOFR_10Y;0.033481;0.042519
2022-12-12;USD_OIS_SOFR_10Y;0.033619;0.042381
2022-12-13;USD_OIS_SOFR_10Y;0.033752;0.042248
2022-12-14;USD_OIS_SOFR_10Y;0.033882;0.042118
2022-12-15;USD_OIS_SOFR_10Y;0.035958;0.050442
2022-12-16;USD_OIS_SOFR_10Y;0.036179;0.050221
2022-12-19;USD_OIS_SOFR_10Y;0.036189;0.049811
2022-12-20;USD_OIS_SOFR_10Y;0.036396;0.049604
2022-12-21;USD_OIS_SOFR_10Y;0.036597;0.049403
2022-12-22;USD_OIS_SOFR_10Y;0.036792;0.049208
2022-12-23;USD_OIS_SOFR_10Y;0.036981;0.049019
2022-12-27;USD_OIS_SOFR_10Y;0.037165;0.048835
2022-12-28;USD_OIS_SOFR_10Y;0.037343;0.048657
2022-12-29;USD_OIS_SOFR_10Y;0.037515;0.048485
2022-12-30;USD_OIS_SOFR_10Y;0.037682;0.048318
2023-01-03;USD_OIS_SOFR_10Y;0.037943;0.048257
2023-01-04;USD_OIS_SOFR_10Y;0.037998;0.048002
2023-01-05;USD_OIS_SOFR_10Y;0.038249;0.047951
2023-01-06;USD_OIS_SOFR_10Y;0.038397;0.047803
2023-01-09;USD_OIS_SOFR_10Y;0.03854;0.04766
2023-01-10;USD_OIS_SOFR_10Y;0.038679;0.047521
2023-01-11;USD_OIS_SOFR_10Y;0.038712;0.047288
2023-01-12;USD_OIS_SOFR_10Y;0.038843;0.047157
2023-01-13;USD_OIS_SOFR_10Y;0.03897;0.04703
2023-01-17;USD_OIS_SOFR_10Y;0.039191;0.047009
2023-01-18;USD_OIS_SOFR_10Y;0.039208;0.046792
2023-01-19;USD_OIS_SOFR_10Y;0.039422;0.046778
2023-01-20;USD_OIS_SOFR_10Y;0.039432;0.046568
2023-01-23;USD_OIS_SOFR_10Y;0.039541;0.046459
2023-01-24;USD_OIS_SOFR_10Y;0.039646;0.046354
2023-01-25;USD_OIS_SOFR_10Y;0.039846;0.046354
2023-01-26;USD_OIS_SOFR_10Y;0.039843;0.046157
2023-01-27;USD_OIS_SOFR_10Y;0.039939;0.046061
2023-01-30;USD_OIS_SOFR_10Y;0.040032;0.045968
2023-01-31;USD_OIS_SOFR_10Y;0.040221;0.045979
2023-02-01;USD_OIS_SOFR_10Y;0.040308;0.045892
2023-02-02;USD_OIS_SOFR_10Y;0.04163;0.04957
2023-02-03;USD_OIS_SOFR_10Y;0.041649;0.049351
2023-02-06;USD_OIS_SOFR_10Y;0.041766;0.049234
2023-02-07;USD_OIS_SOFR_10Y;0.04188;0.04912
2023-02-08;USD_OIS_SOFR_10Y;0.04199;0.04901
2023-02-09;USD_OIS_SOFR_10Y;0.042097;0.048903
2023-02-10;USD_OIS_SOFR_10Y;0.042201;0.048799
2023-02-13;USD_OIS_SOFR_10Y;0.042301;0.048699
2023-02-14;USD_OIS_SOFR_10Y;0.042399;0.048601
2023-02-15;USD_OIS_SOFR_10Y;0.042493;0.048507
2023-02-16;USD_OIS_SOFR_10Y;0.042585;0.048415
2023-02-17;USD_OIS_SOFR_10Y;0.042674;0.048326
2023-02-21;USD_OIS_SOFR_10Y;0.04276;0.04824
2023-02-22;USD_OIS_SOFR_10Y;0.042843;0.048157
2023-02-23;USD_OIS_SOFR_10Y;0.042924;0.048076
2023-02-24;USD_OIS_SOFR_10Y;0.043003;0.047997
2023-02-27;USD_OIS_SOFR_10Y;0.043079;0.047921
2023-02-28;USD_OIS_SOFR_10Y;0.043152;0.047848
2023-03-01;USD_OIS_SOFR_10Y;0.043224;0.047776
2023-03-02;USD_OIS_SOFR_10Y;0.043293;0.047707
2023-03-03;USD_OIS_SOFR_10Y;0.043361;0.047639
2023-03-06;USD_OIS_SOFR_10Y;0.043426;0.047574
2023-03-07;USD_OIS_SOFR_10Y;0.043489;0.047511
2023-03-08;USD_OIS_SOFR_10Y;0.04355;0.04745
2023-03-09;USD_OIS_SOFR_10Y;0.04361;0.04739
2023-03-10;USD_OIS_SOFR_10Y;0.043667;0.047333
2023-03-13;USD_OIS_SOFR_10Y;0.043723;0.047277
2023-03-14;USD_OIS_SOFR_10Y;0.043777;0.047223
2023-03-15;USD_OIS_SOFR_10Y;0.044094;0.047506
2023-03-16;USD_OIS_SOFR_10Y;0.044042;0.047358
2023-03-17;USD_OIS_SOFR_10Y;0.043875;0.047125
2023-03-20;USD_OIS_SOFR_10Y;0.043925;0.047075
2023-03-21;USD_OIS_SOFR_10Y;0.043973;0.047027
2023-03-22;USD_OIS_SOFR_10Y;0.044019;0.046981
2023-03-23;USD_OIS_SOFR_10Y;0.04476;0.05124
2023-03-24;USD_OIS_SOFR_10Y;0.044859;0.051141
2023-03-27;USD_OIS_SOFR_10Y;0.045052;0.051148
2023-03-28;USD_OIS_SOFR_10Y;0.045424;0.051376
2023-03-29;USD_OIS_SOFR_10Y;0.045413;0.051187
2023-03-30;USD_OIS_SOFR_10Y;0.045398;0.051002
2023-03-31;USD_OIS_SOFR_10Y;0.045922;0.051478
2023-04-03;USD_OIS_SOFR_10Y;0.045684;0.051116
2023-04-04;USD_OIS_SOFR_10Y;0.045665;0.050935
2023-04-05;USD_OIS_SOFR_10Y;0.045534;0.050666
2023-04-06;USD_OIS_SOFR_10Y;0.045612;0.050588
2023-04-10;USD_OIS_SOFR_10Y;0.045688;0.050512
2023-04-11;USD_OIS_SOFR_10Y;0.045659;0.050341
2023-04-12;USD_OIS_SOFR_10Y;0.04573;0.05027
2023-04-13;USD_OIS_SOFR_10Y;0.045799;0.050201
2023-04-14;USD_OIS_SOFR_10Y;0.045866;0.050134
2023-04-17;USD_OIS_SOFR_10Y;0.045931;0.050069
2023-04-18;USD_OIS_SOFR_10Y;0.045994;0.050006
2023-04-19;USD_OIS_SOFR_10Y;0.046055;0.049945
2023-04-20;USD_OIS_SOFR_10Y;0.046115;0.049885
2023-04-21;USD_OIS_SOFR_10Y;0.046172;0.049828
2023-04-24;USD_OIS_SOFR_10Y;0.046228;0.049772
2023-04-25;USD_OIS_SOFR_10Y;0.046282;0.049718
2023-04-26;USD_OIS_SOFR_10Y;0.046334;0.049666
2023-04-27;USD_OIS_SOFR_10Y;0.046481;0.049719
2023-04-28;USD_OIS_SOFR_10Y;0.04653;0.04967
2023-05-01;USD_OIS_SOFR_10Y;0.046578;0.049622
2023-05-02;USD_OIS_SOFR_10Y;0.046624;0.049576
2023-05-03;USD_OIS_SOFR_10Y;0.046669;0.049531
2023-05-04;USD_OIS_SOFR_10Y;0.047381;0.053819
2023-05-05;USD_OIS_SOFR_10Y;0.047479;0.053721
2023-05-08;USD_OIS_SOFR_10Y;0.047574;0.053626
2023-05-09;USD_OIS_SOFR_10Y;0.047666;0.053534
2023-05-10;USD_OIS_SOFR_10Y;0.047756;0.053444
2023-05-11;USD_OIS_SOFR_10Y;0.04774;0.05326
2023-05-12;USD_OIS_SOFR_10Y;0.047824;0.053176
2023-05-15;USD_OIS_SOFR_10Y;0.048003;0.053197
2023-05-16;USD_OIS_SOFR_10Y;0.047979;0.053021
2023-05-17;USD_OIS_SOFR_10Y;0.048056;0.052944
2023-05-18;USD_OIS_SOFR_10Y;0.048131;0.052869
2023-05-19;USD_OIS_SOFR_10Y;0.048203;0.052797
2023-05-22;USD_OIS_SOFR_10Y;0.048273;0.052727
2023-05-23;USD_OIS_SOFR_10Y;0.048341;0.052659
2023-05-24;USD_OIS_SOFR_10Y;0.048406;0.052594
2023-05-25;USD_OIS_SOFR_10Y;0.048567;0.052633
2023-05-26;USD_OIS_SOFR_10Y;0.048629;0.052571
2023-05-30;USD_OIS_SOFR_10Y;0.048689;0.052511
2023-05-31;USD_OIS_SOFR_10Y;0.048933;0.052667
2023-06-01;USD_OIS_SOFR_10Y;0.048989;0.052611
2023-06-02;USD_OIS_SOFR_10Y;0.048941;0.052459
2023-06-05;USD_OIS_SOFR_10Y;0.04889;0.05231
2023-06-06;USD_OIS_SOFR_10Y;0.048838;0.052162
2023-06-07;USD_OIS_SOFR_10Y;0.048889;0.052111
2023-06-08;USD_OIS_SOFR_10Y;0.048938;0.052062
2023-06-09;USD_OIS_SOFR_10Y;0.048986;0.052014
2023-06-12;USD_OIS_SOFR_10Y;0.049032;0.051968
2023-06-13;USD_OIS_SOFR_10Y;0.049077;0.051923
2023-06-14;USD_OIS_SOFR_10Y;0.04912;0.05188
2023-06-15;USD_OIS_SOFR_10Y;0.049257;0.051943
2023-06-16;USD_OIS_SOFR_10Y;0.049193;0.051807
2023-06-20;USD_OIS_SOFR_10Y;0.049232;0.051768
2023-06-21;USD_OIS_SOFR_10Y;0.049271;0.051729
2023-06-22;USD_OIS_SOFR_10Y;0.049309;0.051691
2023-06-23;USD_OIS_SOFR_10Y;0.049345;0.051655
2023-06-26;USD_OIS_SOFR_10Y;0.04938;0.05162
2023-06-27;USD_OIS_SOFR_10Y;0.049414;0.051586
2023-06-28;USD_OIS_SOFR_10Y;0.049541;0.051659
2023-06-29;USD_OIS_SOFR_10Y;0.049573;0.051627
2023-06-30;USD_OIS_SOFR_10Y;0.049845;0.051955
2023-07-03;USD_OIS_SOFR_10Y;0.049519;0.051681
2023-07-05;USD_OIS_SOFR_10Y;0.049552;0.051648
2023-07-06;USD_OIS_SOFR_10Y;0.049584;0.051616
2023-07-07;USD_OIS_SOFR_10Y;0.049615;0.051585
2023-07-10;USD_OIS_SOFR_10Y;0.049645;0.051555
2023-07-11;USD_OIS_SOFR_10Y;0.049674;0.051526
2023-07-12;USD_OIS_SOFR_10Y;0.049595;0.051405
2023-07-13;USD_OIS_SOFR_10Y;0.049715;0.051485
2023-07-14;USD_OIS_SOFR_10Y;0.049634;0.051366
2023-07-17;USD_OIS_SOFR_10Y;0.049752;0.051448
2023-07-18;USD_OIS_SOFR_10Y;0.049778;0.051422
2023-07-19;USD_OIS_SOFR_10Y;0.049695;0.051305
2023-07-20;USD_OIS_SOFR_10Y;0.049811;0.051389
2023-07-21;USD_OIS_SOFR_10Y;0.049726;0.051274
2023-07-24;USD_OIS_SOFR_10Y;0.04975;0.05125
2023-07-25;USD_OIS_SOFR_10Y;0.049863;0.051337
2023-07-26;USD_OIS_SOFR_10Y;0.049886;0.051314
2023-07-27;USD_OIS_SOFR_10Y;0.050114;0.056086
2023-07-28;USD_OIS_SOFR_10Y;0.050102;0.055898
2023-07-31;USD_OIS_SOFR_10Y;0.050288;0.055912
2023-08-01;USD_OIS_SOFR_10Y;0.050374;0.055826
2023-08-02;USD_OIS_SOFR_10Y;0.050355;0.055645
2023-08-03;USD_OIS_SOFR_10Y;0.050435;0.055565
2023-08-04;USD_OIS_SOFR_10Y;0.050513;0.055487
2023-08-07;USD_OIS_SOFR_10Y;0.050589;0.055411
2023-08-08;USD_OIS_SOFR_10Y;0.050662;0.055338
2023-08-09;USD_OIS_SOFR_10Y;0.050734;0.055266
2023-08-10;USD_OIS_SOFR_10Y;0.050803;0.055197
2023-08-11;USD_OIS_SOFR_10Y;0.05087;0.05513
2023-08-14;USD_OIS_SOFR_10Y;0.050935;0.055065
2023-08-15;USD_OIS_SOFR_10Y;0.050997;0.055003
2023-08-16;USD_OIS_SOFR_10Y;0.051058;0.054942
2023-08-17;USD_OIS_SOFR_10Y;0.051118;0.054882
2023-08-18;USD_OIS_SOFR_10Y;0.051175;0.054825
2023-08-21;USD_OIS_SOFR_10Y;0.051231;0.054769
2023-08-22;USD_OIS_SOFR_10Y;0.051284;0.054716
2023-08-23;USD_OIS_SOFR_10Y;0.051337;0.054663
2023-08-24;USD_OIS_SOFR_10Y;0.051387;0.054613
2023-08-25;USD_OIS_SOFR_10Y;0.051437;0.054563
2023-08-28;USD_OIS_SOFR_10Y;0.051484;0.054516
2023-08-29;USD_OIS_SOFR_10Y;0.05153;0.05447
2023-08-30;USD_OIS_SOFR_10Y;0.051575;0.054425
2023-08-31;USD_OIS_SOFR_10Y;0.051714;0.054486
2023-09-01;USD_OIS_SOFR_10Y;0.051756;0.054444
2023-09-05;USD_OIS_SOFR_10Y;0.051797;0.054403
2023-09-06;USD_OIS_SOFR_10Y;0.051731;0.054269
2023-09-07;USD_OIS_SOFR_10Y;0.051864;0.054336
2023-09-08;USD_OIS_SOFR_10Y;0.051796;0.054204
2023-09-11;USD_OIS_SOFR_10Y;0.051833;0.054167
2023-09-12;USD_OIS_SOFR_10Y;0.051869;0.054131
2023-09-13;USD_OIS_SOFR_10Y;0.051903;0.054097
2023-09-14;USD_OIS_SOFR_10Y;0.051936;0.054064
2023-09-15;USD_OIS_SOFR_10Y;0.052062;0.054138
2023-09-18;USD_OIS_SOFR_10Y;0.052094;0.054106
2023-09-19;USD_OIS_SOFR_10Y;0.052125;0.054075
2023-09-20;USD_OIS_SOFR_10Y;0.052047;0.053953
2023-09-21;USD_OIS_SOFR_10Y;0.052076;0.053924
2023-09-22;USD_OIS_SOFR_10Y;0.052104;0.053896
2023-09-25;USD_OIS_SOFR_10Y;0.052224;0.053976
2023-09-26;USD_OIS_SOFR_10Y;0.052251;0.053949
2023-09-27;USD_OIS_SOFR_10Y;0.052368;0.054032
2023-09-28;USD_OIS_SOFR_10Y;0.052285;0.053915
2023-09-29;USD_OIS_SOFR_10Y;0.05231;0.05389
2023-10-02;USD_OIS_SOFR_10Y;0.052425;0.053975
2023-10-03;USD_OIS_SOFR_10Y;0.05254;0.05406
2023-10-04;USD_OIS_SOFR_10Y;0.052454;0.053946
2023-10-05;USD_OIS_SOFR_10Y;0.052477;0.053923
2023-10-06;USD_OIS_SOFR_10Y;0.052389;0.053811
2023-10-10;USD_OIS_SOFR_10Y;0.052411;0.053789
2023-10-11;USD_OIS_SOFR_10Y;0.052432;0.053768
2023-10-12;USD_OIS_SOFR_10Y;0.052452;0.053748
2023-10-13;USD_OIS_SOFR_10Y;0.052472;0.053728
2023-10-16;USD_OIS_SOFR_10Y;0.052491;0.053709
2023-10-17;USD_OIS_SOFR_10Y;0.05251;0.05369
2023-10-18;USD_OIS_SOFR_10Y;0.052416;0.053584
2023-10-19;USD_OIS_SOFR_10Y;0.052434;0.053566
2023-10-20;USD_OIS_SOFR_10Y;0.052451;0.053549
2023-10-23;USD_OIS_SOFR_10Y;0.052468;0.053532
2023-10-24;USD_OIS_SOFR_10Y;0.052484;0.053516
2023-10-25;USD_OIS_SOFR_10Y;0.0525;0.0535
2023-10-26;USD_OIS_SOFR_10Y;0.052601;0.053599
2023-10-27;USD_OIS_SOFR_10Y;0.052616;0.053584
2023-10-30;USD_OIS_SOFR_10Y;0.052631;0.053569
2023-10-31;USD_OIS_SOFR_10Y;0.05285;0.05415
2023-11-01;USD_OIS_SOFR_10Y;0.05248;0.05392
2023-11-02;USD_OIS_SOFR_10Y;0.052592;0.054008
2023-11-03;USD_OIS_SOFR_10Y;0.052504;0.053896
2023-11-06;USD_OIS_SOFR_10Y;0.052525;0.053875
2023-11-07;USD_OIS_SOFR_10Y;0.052546;0.053854
2023-11-08;USD_OIS_SOFR_10Y;0.052566;0.053834
2023-11-09;USD_OIS_SOFR_10Y;0.052585;0.053815
2023-11-10;USD_OIS_SOFR_10Y;0.052604;0.053796
2023-11-13;USD_OIS_SOFR_10Y;0.052622;0.053778
2023-11-14;USD_OIS_SOFR_10Y;0.052639;0.053761
2023-11-15;USD_OIS_SOFR_10Y;0.052657;0.053743
2023-11-16;USD_OIS_SOFR_10Y;0.052673;0.053727
2023-11-17;USD_OIS_SOFR_10Y;0.052689;0.053711
2023-11-20;USD_OIS_SOFR_10Y;0.052591;0.053609
2023-11-21;USD_OIS_SOFR_10Y;0.052607;0.053593
2023-11-22;USD_OIS_SOFR_10Y;0.052622;0.053578
2023-11-24;USD_OIS_SOFR_10Y;0.052722;0.053678
2023-11-27;USD_OIS_SOFR_10Y;0.052737;0.053663
2023-11-28;USD_OIS_SOFR_10Y;0.052751;0.053649
2023-11-29;USD_OIS_SOFR_10Y;0.052649;0.053551
2023-11-30;USD_OIS_SOFR_10Y;0.052805;0.053795
2023-12-01;USD_OIS_SOFR_10Y;0.053054;0.054746
2023-12-04;USD_OIS_SOFR_10Y;0.052847;0.054553
2023-12-05;USD_OIS_SOFR_10Y;0.052351;0.054249
2023-12-06;USD_OIS_SOFR_10Y;0.052273;0.054127
2023-12-07;USD_OIS_SOFR_10Y;0.052301;0.054099
2023-12-08;USD_OIS_SOFR_10Y;0.052329;0.054071
2023-12-11;USD_OIS_SOFR_10Y;0.052355;0.054045
2023-12-12;USD_OIS_SOFR_10Y;0.052273;0.053927
2023-12-13;USD_OIS_SOFR_10Y;0.052298;0.053902
2023-12-14;USD_OIS_SOFR_10Y;0.052322;0.053878
2023-12-15;USD_OIS_SOFR_10Y;0.052437;0.053963
2023-12-18;USD_OIS_SOFR_10Y;0.05246;0.05394
2023-12-19;USD_OIS_SOFR_10Y;0.052374;0.053826
2023-12-20;USD_OIS_SOFR_10Y;0.052396;0.053804
2023-12-21;USD_OIS_SOFR_10Y;0.052417;0.053783
2023-12-22;USD_OIS_SOFR_10Y;0.052528;0.053872
2023-12-26;USD_OIS_SOFR_10Y;0.052761;0.054239
2023-12-27;USD_OIS_SOFR_10Y;0.053046;0.054754
2023-12-28;USD_OIS_SOFR_10Y;0.053164;0.054836
2023-12-29;USD_OIS_SOFR_10Y;0.052957;0.054643
2024-01-02;USD_OIS_SOFR_10Y;0.05315;0.05485
2024-01-03;USD_OIS_SOFR_10Y;0.053068;0.054732
2024-01-04;USD_OIS_SOFR_10Y;0.052054;0.054346
2024-01-05;USD_OIS_SOFR_10Y;0.051983;0.054217
2024-01-08;USD_OIS_SOFR_10Y;0.052017;0.054183
2024-01-09;USD_OIS_SOFR_10Y;0.05205;0.05415
2024-01-10;USD_OIS_SOFR_10Y;0.052082;0.054118
2024-01-11;USD_OIS_SOFR_10Y;0.052113;0.054087
2024-01-12;USD_OIS_SOFR_10Y;0.052143;0.054057
2024-01-16;USD_OIS_SOFR_10Y;0.052265;0.054135
2024-01-17;USD_OIS_SOFR_10Y;0.052294;0.054106
2024-01-18;USD_OIS_SOFR_10Y;0.052214;0.053986
2024-01-19;USD_OIS_SOFR_10Y;0.052241;0.053959
2024-01-22;USD_OIS_SOFR_10Y;0.052267;0.053933
2024-01-23;USD_OIS_SOFR_10Y;0.052292;0.053908
2024-01-24;USD_OIS_SOFR_10Y;0.052317;0.053883
2024-01-25;USD_OIS_SOFR_10Y;0.052432;0.053968
2024-01-26;USD_OIS_SOFR_10Y;0.052455;0.053945
2024-01-29;USD_OIS_SOFR_10Y;0.052369;0.053831
2024-01-30;USD_OIS_SOFR_10Y;0.052391;0.053809
2024-01-31;USD_OIS_SOFR_10Y;0.052503;0.053897
2024-02-01;USD_OIS_SOFR_10Y;0.052524;0.053876
2024-02-02;USD_OIS_SOFR_10Y;0.052545;0.053855
2024-02-05;USD_OIS_SOFR_10Y;0.052454;0.053746
2024-02-06;USD_OIS_SOFR_10Y;0.052474;0.053726
2024-02-07;USD_OIS_SOFR_10Y;0.052493;0.053707
2024-02-08;USD_OIS_SOFR_10Y;0.052511;0.053689
2024-02-09;USD_OIS_SOFR_10Y;0.052529;0.053671
2024-02-12;USD_OIS_SOFR_10Y;0.052547;0.053653
2024-02-13;USD_OIS_SOFR_10Y;0.052563;0.053637
2024-02-14;USD_OIS_SOFR_10Y;0.052467;0.053533
2024-02-15;USD_OIS_SOFR_10Y;0.05257;0.05363
2024-02-16;USD_OIS_SOFR_10Y;0.052473;0.053527
2024-02-20;USD_OIS_SOFR_10Y;0.052489;0.053511
2024-02-21;USD_OIS_SOFR_10Y;0.052505;0.053495
2024-02-22;USD_OIS_SOFR_10Y;0.05252;0.05348
2024-02-23;USD_OIS_SOFR_10Y;0.05262;0.05358
2024-02-26;USD_OIS_SOFR_10Y;0.052635;0.053565
2024-02-27;USD_OIS_SOFR_10Y;0.052649;0.053551
2024-02-28;USD_OIS_SOFR_10Y;0.052663;0.053537
2024-02-29;USD_OIS_SOFR_10Y;0.052761;0.053639
2024-03-01;USD_OIS_SOFR_10Y;0.052658;0.053542
2024-03-04;USD_OIS_SOFR_10Y;0.052672;0.053528
2024-03-05;USD_OIS_SOFR_10Y;0.052685;0.053515
2024-03-06;USD_OIS_SOFR_10Y;0.052698;0.053502
2024-03-07;USD_OIS_SOFR_10Y;0.05271;0.05349
2024-03-08;USD_OIS_SOFR_10Y;0.052722;0.053478
2024-03-11;USD_OIS_SOFR_10Y;0.052733;0.053467
2024-03-12;USD_OIS_SOFR_10Y;0.052744;0.053456
2024-03-13;USD_OIS_SOFR_10Y;0.052755;0.053445
2024-03-14;USD_OIS_SOFR_10Y;0.052766;0.053434
2024-03-15;USD_OIS_SOFR_10Y;0.052776;0.053424
2024-03-18;USD_OIS_SOFR_10Y;0.052786;0.053414
2024-03-19;USD_OIS_SOFR_10Y;0.052795;0.053405
2024-03-20;USD_OIS_SOFR_10Y;0.052805;0.053395
2024-03-21;USD_OIS_SOFR_10Y;0.052814;0.053386
2024-03-22;USD_OIS_SOFR_10Y;0.052822;0.053378
2024-03-25;USD_OIS_SOFR_10Y;0.052831;0.053369
2024-03-26;USD_OIS_SOFR_10Y;0.052914;0.053486
2024-03-27;USD_OIS_SOFR_10Y;0.053;0.0536
2024-03-28;USD_OIS_SOFR_10Y;0.053086;0.053714
2024-04-01;USD_OIS_SOFR_10Y;0.053175;0.053825
2024-04-02;USD_OIS_SOFR_10Y;0.053064;0.053736
2024-04-03;USD_OIS_SOFR_10Y;0.0528;0.0536
2024-04-04;USD_OIS_SOFR_10Y;0.052812;0.053588
2024-04-05;USD_OIS_SOFR_10Y;0.052824;0.053576
2024-04-08;USD_OIS_SOFR_10Y;0.052717;0.053483
2024-04-09;USD_OIS_SOFR_10Y;0.052729;0.053471
2024-04-10;USD_OIS_SOFR_10Y;0.05274;0.05346
2024-04-11;USD_OIS_SOFR_10Y;0.052751;0.053449
2024-04-12;USD_OIS_SOFR_10Y;0.052762;0.053438
2024-04-15;USD_OIS_SOFR_10Y;0.052852;0.053548
2024-04-16;USD_OIS_SOFR_10Y;0.052743;0.053457
2024-04-17;USD_OIS_SOFR_10Y;0.052754;0.053446
2024-04-18;USD_OIS_SOFR_10Y;0.052645;0.053355
2024-04-19;USD_OIS_SOFR_10Y;0.052737;0.053463
2024-04-22;USD_OIS_SOFR_10Y;0.052748;0.053452
2024-04-23;USD_OIS_SOFR_10Y;0.052759;0.053441
2024-04-24;USD_OIS_SOFR_10Y;0.052769;0.053431
2024-04-25;USD_OIS_SOFR_10Y;0.052779;0.053421
2024-04-26;USD_OIS_SOFR_10Y;0.052868;0.053532
2024-04-29;USD_OIS_SOFR_10Y;0.052878;0.053522
2024-04-30;USD_OIS_SOFR_10Y;0.053011;0.053789
2024-05-01;USD_OIS_SOFR_10Y;0.052757;0.053643
2024-05-02;USD_OIS_SOFR_10Y;0.052655;0.053545
2024-05-03;USD_OIS_SOFR_10Y;0.052668;0.053532
2024-05-06;USD_OIS_SOFR_10Y;0.052682;0.053518
2024-05-07;USD_OIS_SOFR_10Y;0.052694;0.053506
2024-05-08;USD_OIS_SOFR_10Y;0.052707;0.053493
2024-05-09;USD_OIS_SOFR_10Y;0.052719;0.053481
2024-05-10;USD_OIS_SOFR_10Y;0.05273;0.05347
2024-05-13;USD_OIS_SOFR_10Y;0.052742;0.053458
2024-05-14;USD_OIS_SOFR_10Y;0.052752;0.053448
2024-05-15;USD_OIS_SOFR_10Y;0.052763;0.053437
2024-05-16;USD_OIS_SOFR_10Y;0.052773;0.053427
2024-05-17;USD_OIS_SOFR_10Y;0.052783;0.053417
2024-05-20;USD_OIS_SOFR_10Y;0.052793;0.053407
2024-05-21;USD_OIS_SOFR_10Y;0.052802;0.053398
2024-05-22;USD_OIS_SOFR_10Y;0.052811;0.053389
2024-05-23;USD_OIS_SOFR_10Y;0.05282;0.05338
2024-05-24;USD_OIS_SOFR_10Y;0.052905;0.053495
2024-05-28;USD_OIS_SOFR_10Y;0.052914;0.053486
2024-05-29;USD_OIS_SOFR_10Y;0.052999;0.053601
2024-05-30;USD_OIS_SOFR_10Y;0.053008;0.053592
2024-05-31;USD_OIS_SOFR_10Y;0.053094;0.053706
2024-06-03;USD_OIS_SOFR_10Y;0.053182;0.053818
2024-06-04;USD_OIS_SOFR_10Y;0.052914;0.053686
2024-06-05;USD_OIS_SOFR_10Y;0.052925;0.053675
2024-06-06;USD_OIS_SOFR_10Y;0.052937;0.053663
2024-06-07;USD_OIS_SOFR_10Y;0.052948;0.053652
2024-06-10;USD_OIS_SOFR_10Y;0.052839;0.053561
2024-06-11;USD_OIS_SOFR_10Y;0.05285;0.05355
2024-06-12;USD_OIS_SOFR_10Y;0.052742;0.053458
2024-06-13;USD_OIS_SOFR_10Y;0.052753;0.053447
2024-06-14;USD_OIS_SOFR_10Y;0.052763;0.053437
2024-06-17;USD_OIS_SOFR_10Y;0.052899;0.053701
2024-06-18;USD_OIS_SOFR_10Y;0.052911;0.053689
2024-06-20;USD_OIS_SOFR_10Y;0.052806;0.053594
2024-06-21;USD_OIS_SOFR_10Y;0.0527;0.0535
2024-06-24;USD_OIS_SOFR_10Y;0.052713;0.053487
2024-06-25;USD_OIS_SOFR_10Y;0.052858;0.053742
2024-06-26;USD_OIS_SOFR_10Y;0.052956;0.053844
2024-06-27;USD_OIS_SOFR_10Y;0.05297;0.05383
2024-06-28;USD_OIS_SOFR_10Y;0.052867;0.053733
2024-07-01;USD_OIS_SOFR_10Y;0.053085;0.054915
2024-07-02;USD_OIS_SOFR_10Y;0.052439;0.054561
2024-07-03;USD_OIS_SOFR_10Y;0.052246;0.054354
2024-07-05;USD_OIS_SOFR_10Y;0.052171;0.054229
2024-07-08;USD_OIS_SOFR_10Y;0.052203;0.054197
2024-07-09;USD_OIS_SOFR_10Y;0.052405;0.054395
2024-07-10;USD_OIS_SOFR_10Y;0.052436;0.054364
2024-07-11;USD_OIS_SOFR_10Y;0.052465;0.054335
2024-07-12;USD_OIS_SOFR_10Y;0.052494;0.054306
2024-07-15;USD_OIS_SOFR_10Y;0.052521;0.054279
2024-07-16;USD_OIS_SOFR_10Y;0.05264;0.05436
2024-07-17;USD_OIS_SOFR_10Y;0.052666;0.054334
2024-07-18;USD_OIS_SOFR_10Y;0.052583;0.054217
2024-07-19;USD_OIS_SOFR_10Y;0.052608;0.054192
2024-07-22;USD_OIS_SOFR_10Y;0.052524;0.054076
2024-07-23;USD_OIS_SOFR_10Y;0.052638;0.054162
2024-07-24;USD_OIS_SOFR_10Y;0.052662;0.054138
2024-07-25;USD_OIS_SOFR_10Y;0.052775;0.054225
2024-07-26;USD_OIS_SOFR_10Y;0.052797;0.054203
2024-07-29;USD_OIS_SOFR_10Y;0.05258;0.05402
2024-07-30;USD_OIS_SOFR_10Y;0.052602;0.053998
2024-07-31;USD_OIS_SOFR_10Y;0.052908;0.054692
2024-08-01;USD_OIS_SOFR_10Y;0.052567;0.054433
2024-08-02;USD_OIS_SOFR_10Y;0.052596;0.054404
2024-08-05;USD_OIS_SOFR_10Y;0.052257;0.054143
2024-08-06;USD_OIS_SOFR_10Y;0.052378;0.054222
2024-08-07;USD_OIS_SOFR_10Y;0.052406;0.054194
2024-08-08;USD_OIS_SOFR_10Y;0.052526;0.054274
2024-08-09;USD_OIS_SOFR_10Y;0.052552;0.054248
2024-08-12;USD_OIS_SOFR_10Y;0.052578;0.054222
2024-08-13;USD_OIS_SOFR_10Y;0.052603;0.054197
2024-08-14;USD_OIS_SOFR_10Y;0.052519;0.054081
2024-08-15;USD_OIS_SOFR_10Y;0.052708;0.054292
2024-08-16;USD_OIS_SOFR_10Y;0.052356;0.054044
2024-08-19;USD_OIS_SOFR_10Y;0.052382;0.054018
2024-08-20;USD_OIS_SOFR_10Y;0.052407;0.053993
2024-08-21;USD_OIS_SOFR_10Y;0.052322;0.053878
2024-08-22;USD_OIS_SOFR_10Y;0.052346;0.053854
2024-08-23;USD_OIS_SOFR_10Y;0.052533;0.054067
2024-08-26;USD_OIS_SOFR_10Y;0.052647;0.054153
2024-08-27;USD_OIS_SOFR_10Y;0.052761;0.054239
2024-08-28;USD_OIS_SOFR_10Y;0.052784;0.054216
2024-08-29;USD_OIS_SOFR_10Y;0.052568;0.054032
2024-08-30;USD_OIS_SOFR_10Y;0.05248;0.05392
2024-09-03;USD_OIS_SOFR_10Y;0.052665;0.054135
2024-09-04;USD_OIS_SOFR_10Y;0.052778;0.054222
2024-09-05;USD_OIS_SOFR_10Y;0.0528;0.0542
2024-09-06;USD_OIS_SOFR_10Y;0.052711;0.054089
2024-09-09;USD_OIS_SOFR_10Y;0.052732;0.054068
2024-09-10;USD_OIS_SOFR_10Y;0.052642;0.053958
2024-09-11;USD_OIS_SOFR_10Y;0.052552;0.053848
2024-09-12;USD_OIS_SOFR_10Y;0.052661;0.053939
2024-09-13;USD_OIS_SOFR_10Y;0.05268;0.05392
2024-09-16;USD_OIS_SOFR_10Y;0.052964;0.054636
2024-09-17;USD_OIS_SOFR_10Y;0.05299;0.05461
2024-09-18;USD_OIS_SOFR_10Y;0.052323;0.054277
2024-09-19;USD_OIS_SOFR_10Y;0.042199;0.054201
2024-09-20;USD_OIS_SOFR_10Y;0.042481;0.054119
2024-09-23;USD_OIS_SOFR_10Y;0.042658;0.053942
2024-09-24;USD_OIS_SOFR_10Y;0.042929;0.053871
2024-09-25;USD_OIS_SOFR_10Y;0.043095;0.053705
2024-09-26;USD_OIS_SOFR_10Y;0.043156;0.053444
2024-09-27;USD_OIS_SOFR_10Y;0.043411;0.053389
2024-09-30;USD_OIS_SOFR_10Y;0.044566;0.054634
2024-10-01;USD_OIS_SOFR_10Y;0.045509;0.055491
2024-10-02;USD_OIS_SOFR_10Y;0.04413;0.05427
2024-10-03;USD_OIS_SOFR_10Y;0.043518;0.053482
2024-10-04;USD_OIS_SOFR_10Y;0.043464;0.053136
2024-10-07;USD_OIS_SOFR_10Y;0.043612;0.052988
2024-10-08;USD_OIS_SOFR_10Y;0.043853;0.052947
2024-10-09;USD_OIS_SOFR_10Y;0.04389;0.05271
2024-10-10;USD_OIS_SOFR_10Y;0.043923;0.052477
2024-10-11;USD_OIS_SOFR_10Y;0.043951;0.052249
2024-10-15;USD_OIS_SOFR_10Y;0.044536;0.052664
2024-10-16;USD_OIS_SOFR_10Y;0.04466;0.05254
2024-10-17;USD_OIS_SOFR_10Y;0.044678;0.052322
2024-10-18;USD_OIS_SOFR_10Y;0.044693;0.052107
2024-10-21;USD_OIS_SOFR_10Y;0.044598;0.051802
2024-10-22;USD_OIS_SOFR_10Y;0.044806;0.051794
2024-10-23;USD_OIS_SOFR_10Y;0.044912;0.051688
2024-10-24;USD_OIS_SOFR_10Y;0.045016;0.051584
2024-10-25;USD_OIS_SOFR_10Y;0.045116;0.051484
2024-10-28;USD_OIS_SOFR_10Y;0.04511;0.05129
2024-10-29;USD_OIS_SOFR_10Y;0.045205;0.051195
2024-10-30;USD_OIS_SOFR_10Y;0.045193;0.051007
2024-10-31;USD_OIS_SOFR_10Y;0.045994;0.052006
2024-11-01;USD_OIS_SOFR_10Y;0.045649;0.051551
2024-11-04;USD_OIS_SOFR_10Y;0.045301;0.051099
2024-11-05;USD_OIS_SOFR_10Y;0.04539;0.05101
2024-11-06;USD_OIS_SOFR_10Y;0.045373;0.050827
2024-11-07;USD_OIS_SOFR_10Y;0.045553;0.050847
2024-11-08;USD_OIS_SOFR_10Y;0.042378;0.049622
2024-11-12;USD_OIS_SOFR_10Y;0.042488;0.049512
2024-11-13;USD_OIS_SOFR_10Y;0.042493;0.049307
2024-11-14;USD_OIS_SOFR_10Y;0.042495;0.049105
2024-11-15;USD_OIS_SOFR_10Y;0.042494;0.048906
2024-11-18;USD_OIS_SOFR_10Y;0.042591;0.048809
2024-11-19;USD_OIS_SOFR_10Y;0.042686;0.048714
2024-11-20;USD_OIS_SOFR_10Y;0.042676;0.048524
2024-11-21;USD_OIS_SOFR_10Y;0.042862;0.048538
2024-11-22;USD_OIS_SOFR_10Y;0.042949;0.048451
2024-11-25;USD_OIS_SOFR_10Y;0.04313;0.04847
2024-11-26;USD_OIS_SOFR_10Y;0.043211;0.048389
2024-11-27;USD_OIS_SOFR_10Y;0.043188;0.048212
2024-11-29;USD_OIS_SOFR_10Y;0.043453;0.048347
2024-12-02;USD_OIS_SOFR_10Y;0.043957;0.048843
2024-12-03;USD_OIS_SOFR_10Y;0.044032;0.048768
2024-12-04;USD_OIS_SOFR_10Y;0.043532;0.048268
2024-12-05;USD_OIS_SOFR_10Y;0.043604;0.048196
2024-12-06;USD_OIS_SOFR_10Y;0.043771;0.048229
2024-12-09;USD_OIS_SOFR_10Y;0.044111;0.048489
2024-12-10;USD_OIS_SOFR_10Y;0.044274;0.048526
2024-12-11;USD_OIS_SOFR_10Y;0.044126;0.048274
2024-12-12;USD_OIS_SOFR_10Y;0.044189;0.048211
2024-12-13;USD_OIS_SOFR_10Y;0.044037;0.047963
2024-12-16;USD_OIS_SOFR_10Y;0.04451;0.04849
2024-12-17;USD_OIS_SOFR_10Y;0.044239;0.048161
2024-12-18;USD_OIS_SOFR_10Y;0.043712;0.047688
2024-12-19;USD_OIS_SOFR_10Y;0.039318;0.046682
2024-12-20;USD_OIS_SOFR_10Y;0.03943;0.04657
2024-12-23;USD_OIS_SOFR_10Y;0.039637;0.046563
2024-12-24;USD_OIS_SOFR_10Y;0.040484;0.047516
2024-12-26;USD_OIS_SOFR_10Y;0.041571;0.049029
2024-12-27;USD_OIS_SOFR_10Y;0.040894;0.048306
2024-12-30;USD_OIS_SOFR_10Y;0.039958;0.047442
2024-12-31;USD_OIS_SOFR_10Y;0.041013;0.048787
2025-01-02;USD_OIS_SOFR_10Y;0.040089;0.047911
2025-01-03;USD_OIS_SOFR_10Y;0.039167;0.047033
2025-01-06;USD_OIS_SOFR_10Y;0.038859;0.046541
2025-01-07;USD_OIS_SOFR_10Y;0.038976;0.046424
2025-01-08;USD_OIS_SOFR_10Y;0.039282;0.046518
2025-01-09;USD_OIS_SOFR_10Y;0.03949;0.04651
2025-01-10;USD_OIS_SOFR_10Y;0.039597;0.046403
2025-01-13;USD_OIS_SOFR_10Y;0.039598;0.046202
2025-01-14;USD_OIS_SOFR_10Y;0.039597;0.046003
2025-01-15;USD_OIS_SOFR_10Y;0.039694;0.045906
2025-01-16;USD_OIS_SOFR_10Y;0.039887;0.045913
2025-01-17;USD_OIS_SOFR_10Y;0.039979;0.045821
2025-01-21;USD_OIS_SOFR_10Y;0.040068;0.045732
2025-01-22;USD_OIS_SOFR_10Y;0.040251;0.045749
2025-01-23;USD_OIS_SOFR_10Y;0.040773;0.046227
2025-01-24;USD_OIS_SOFR_10Y;0.040753;0.046047
2025-01-27;USD_OIS_SOFR_10Y;0.040834;0.045966
2025-01-28;USD_OIS_SOFR_10Y;0.041009;0.045991
2025-01-29;USD_OIS_SOFR_10Y;0.041085;0.045915
2025-01-30;USD_OIS_SOFR_10Y;0.041256;0.045944
2025-01-31;USD_OIS_SOFR_10Y;0.041515;0.046085
2025-02-03;USD_OIS_SOFR_10Y;0.041258;0.045742
2025-02-04;USD_OIS_SOFR_10Y;0.041114;0.045486
2025-02-05;USD_OIS_SOFR_10Y;0.04118;0.04542
2025-02-06;USD_OIS_SOFR_10Y;0.041515;0.045685
2025-02-07;USD_OIS_SOFR_10Y;0.041476;0.045524
2025-02-10;USD_OIS_SOFR_10Y;0.041537;0.045463
2025-02-11;USD_OIS_SOFR_10Y;0.041494;0.045306
2025-02-12;USD_OIS_SOFR_10Y;0.041337;0.045063
2025-02-13;USD_OIS_SOFR_10Y;0.04149;0.04511
2025-02-14;USD_OIS_SOFR_10Y;0.041545;0.045055
2025-02-18;USD_OIS_SOFR_10Y;0.041936;0.045464
2025-02-19;USD_OIS_SOFR_10Y;0.041774;0.045226
2025-02-20;USD_OIS_SOFR_10Y;0.041611;0.044989
2025-02-21;USD_OIS_SOFR_10Y;0.041758;0.045042
2025-02-24;USD_OIS_SOFR_10Y;0.041808;0.044992
2025-02-25;USD_OIS_SOFR_10Y;0.041752;0.044848
2025-02-26;USD_OIS_SOFR_10Y;0.041799;0.044801
2025-02-27;USD_OIS_SOFR_10Y;0.042104;0.045096
2025-02-28;USD_OIS_SOFR_10Y;0.042408;0.045392
2025-03-03;USD_OIS_SOFR_10Y;0.041695;0.044905
2025-03-04;USD_OIS_SOFR_10Y;0.041743;0.044857
2025-03-05;USD_OIS_SOFR_10Y;0.041886;0.044914
2025-03-06;USD_OIS_SOFR_10Y;0.042028;0.044972
2025-03-07;USD_OIS_SOFR_10Y;0.041968;0.044832
2025-03-10;USD_OIS_SOFR_10Y;0.041907;0.044693
2025-03-11;USD_OIS_SOFR_10Y;0.041844;0.044556
2025-03-12;USD_OIS_SOFR_10Y;0.04178;0.04442
2025-03-13;USD_OIS_SOFR_10Y;0.041715;0.044285
2025-03-14;USD_OIS_SOFR_10Y;0.041754;0.044246
2025-03-17;USD_OIS_SOFR_10Y;0.04197;0.04443
2025-03-18;USD_OIS_SOFR_10Y;0.041902;0.044298
2025-03-19;USD_OIS_SOFR_10Y;0.041716;0.044084
2025-03-20;USD_OIS_SOFR_10Y;0.041752;0.044048
2025-03-21;USD_OIS_SOFR_10Y;0.041881;0.044119
2025-03-24;USD_OIS_SOFR_10Y;0.042008;0.044192
2025-03-25;USD_OIS_SOFR_10Y;0.042217;0.044383
2025-03-26;USD_OIS_SOFR_10Y;0.042424;0.044576
2025-03-27;USD_OIS_SOFR_10Y;0.04255;0.04465
2025-03-28;USD_OIS_SOFR_10Y;0.042356;0.044444
2025-03-31;USD_OIS_SOFR_10Y;0.042802;0.045398
2025-04-01;USD_OIS_SOFR_10Y;0.04262;0.04518
2025-04-02;USD_OIS_SOFR_10Y;0.042437;0.044963
2025-04-03;USD_OIS_SOFR_10Y;0.042654;0.045146
2025-04-04;USD_OIS_SOFR_10Y;0.042206;0.044794
2025-04-07;USD_OIS_SOFR_10Y;0.042024;0.044576
2025-04-08;USD_OIS_SOFR_10Y;0.042519;0.045481
2025-04-09;USD_OIS_SOFR_10Y;0.042746;0.045654
2025-04-10;USD_OIS_SOFR_10Y;0.042175;0.045225
2025-04-11;USD_OIS_SOFR_10Y;0.04175;0.04485
2025-04-14;USD_OIS_SOFR_10Y;0.041797;0.044803
2025-04-15;USD_OIS_SOFR_10Y;0.042102;0.045098
2025-04-16;USD_OIS_SOFR_10Y;0.041536;0.044664
2025-04-17;USD_OIS_SOFR_10Y;0.041679;0.044721
2025-04-21;USD_OIS_SOFR_10Y;0.041725;0.044675
2025-04-22;USD_OIS_SOFR_10Y;0.041551;0.044449
2025-04-23;USD_OIS_SOFR_10Y;0.041376;0.044224
2025-04-24;USD_OIS_SOFR_10Y;0.041515;0.044285
2025-04-25;USD_OIS_SOFR_10Y;0.041879;0.044721
2025-04-28;USD_OIS_SOFR_10Y;0.042179;0.045021
2025-04-29;USD_OIS_SOFR_10Y;0.042222;0.044978
2025-04-30;USD_OIS_SOFR_10Y;0.042643;0.045557
2025-05-01;USD_OIS_SOFR_10Y;0.042469;0.045331
2025-05-02;USD_OIS_SOFR_10Y;0.042169;0.045031
2025-05-05;USD_OIS_SOFR_10Y;0.04187;0.04473
2025-05-06;USD_OIS_SOFR_10Y;0.041808;0.044592
2025-05-07;USD_OIS_SOFR_10Y;0.041631;0.044369
2025-05-08;USD_OIS_SOFR_10Y;0.041568;0.044232
2025-05-09;USD_OIS_SOFR_10Y;0.041503;0.044097
2025-05-12;USD_OIS_SOFR_10Y;0.041542;0.044058
2025-05-13;USD_OIS_SOFR_10Y;0.041759;0.044241
2025-05-14;USD_OIS_SOFR_10Y;0.041691;0.044109
2025-05-15;USD_OIS_SOFR_10Y;0.041905;0.044295
2025-05-16;USD_OIS_SOFR_10Y;0.041836;0.044164
2025-05-19;USD_OIS_SOFR_10Y;0.041765;0.044035
2025-05-20;USD_OIS_SOFR_10Y;0.041575;0.043825
2025-05-21;USD_OIS_SOFR_10Y;0.041504;0.043696
2025-05-22;USD_OIS_SOFR_10Y;0.041537;0.043663
2025-05-23;USD_OIS_SOFR_10Y;0.041569;0.043631
2025-05-27;USD_OIS_SOFR_10Y;0.041944;0.044256
2025-05-28;USD_OIS_SOFR_10Y;0.042155;0.044445
2025-05-29;USD_OIS_SOFR_10Y;0.04219;0.04441
2025-05-30;USD_OIS_SOFR_10Y;0.042399;0.044601
2025-06-02;USD_OIS_SOFR_10Y;0.042433;0.044567
2025-06-03;USD_OIS_SOFR_10Y;0.042108;0.044292
2025-06-04;USD_OIS_SOFR_10Y;0.041644;0.043956
2025-06-05;USD_OIS_SOFR_10Y;0.041773;0.044027
2025-06-06;USD_OIS_SOFR_10Y;0.041807;0.043993
2025-06-09;USD_OIS_SOFR_10Y;0.041841;0.043959
2025-06-10;USD_OIS_SOFR_10Y;0.041766;0.043834
2025-06-11;USD_OIS_SOFR_10Y;0.041798;0.043802
2025-06-12;USD_OIS_SOFR_10Y;0.041829;0.043771
2025-06-13;USD_OIS_SOFR_10Y;0.041858;0.043742
2025-06-16;USD_OIS_SOFR_10Y;0.042175;0.044225
2025-06-17;USD_OIS_SOFR_10Y;0.0421;0.0441
2025-06-18;USD_OIS_SOFR_10Y;0.04177;0.04383
2025-06-20;USD_OIS_SOFR_10Y;0.041894;0.043906
2025-06-23;USD_OIS_SOFR_10Y;0.041925;0.043875
2025-06-24;USD_OIS_SOFR_10Y;0.042047;0.043953
2025-06-25;USD_OIS_SOFR_10Y;0.042443;0.044757
2025-06-26;USD_OIS_SOFR_10Y;0.042786;0.045214
2025-06-27;USD_OIS_SOFR_10Y;0.042717;0.045083
2025-06-30;USD_OIS_SOFR_10Y;0.043158;0.045842
2025-07-01;USD_OIS_SOFR_10Y;0.043093;0.045707
2025-07-02;USD_OIS_SOFR_10Y;0.042651;0.045349
2025-07-03;USD_OIS_SOFR_10Y;0.042069;0.044931
2025-07-07;USD_OIS_SOFR_10Y;0.041893;0.044707
2025-07-08;USD_OIS_SOFR_10Y;0.042031;0.044769
2025-07-09;USD_OIS_SOFR_10Y;0.041852;0.044548
2025-07-10;USD_OIS_SOFR_10Y;0.041788;0.044412
2025-07-11;USD_OIS_SOFR_10Y;0.041828;0.044372
2025-07-14;USD_OIS_SOFR_10Y;0.042045;0.044555
2025-07-15;USD_OIS_SOFR_10Y;0.042398;0.045002
2025-07-16;USD_OIS_SOFR_10Y;0.04209;0.04471
2025-07-17;USD_OIS_SOFR_10Y;0.04213;0.04467
2025-07-18;USD_OIS_SOFR_10Y;0.041684;0.044316
2025-07-21;USD_OIS_SOFR_10Y;0.041503;0.044097
2025-07-22;USD_OIS_SOFR_10Y;0.041543;0.044057
2025-07-23;USD_OIS_SOFR_10Y;0.041581;0.044019
2025-07-24;USD_OIS_SOFR_10Y;0.041795;0.044205
2025-07-25;USD_OIS_SOFR_10Y;0.04224;0.04496
2025-07-28;USD_OIS_SOFR_10Y;0.042281;0.044919
2025-07-29;USD_OIS_SOFR_10Y;0.042321;0.044879
2025-07-30;USD_OIS_SOFR_10Y;0.041876;0.044524
2025-07-31;USD_OIS_SOFR_10Y;0.04238;0.04542
2025-08-01;USD_OIS_SOFR_10Y;0.041816;0.044984
2025-08-04;USD_OIS_SOFR_10Y;0.04176;0.04484
2025-08-05;USD_OIS_SOFR_10Y;0.041903;0.044897
2025-08-06;USD_OIS_SOFR_10Y;0.041948;0.044852
2025-08-07;USD_OIS_SOFR_10Y;0.042088;0.044912
2025-08-08;USD_OIS_SOFR_10Y;0.042131;0.044869
2025-08-11;USD_OIS_SOFR_10Y;0.042067;0.044733
2025-08-12;USD_OIS_SOFR_10Y;0.042287;0.044913
2025-08-13;USD_OIS_SOFR_10Y;0.04198;0.04462
2025-08-14;USD_OIS_SOFR_10Y;0.042115;0.044685
2025-08-15;USD_OIS_SOFR_10Y;0.042333;0.044867
2025-08-18;USD_OIS_SOFR_10Y;0.04215;0.04465
2025-08-19;USD_OIS_SOFR_10Y;0.042082;0.044518
2025-08-20;USD_OIS_SOFR_10Y;0.041897;0.044303
2025-08-21;USD_OIS_SOFR_10Y;0.042028;0.044372
2025-08-22;USD_OIS_SOFR_10Y;0.042372;0.044828
2025-08-25;USD_OIS_SOFR_10Y;0.042504;0.044896
2025-08-26;USD_OIS_SOFR_10Y;0.042634;0.044966
2025-08-27;USD_OIS_SOFR_10Y;0.042446;0.044754
2025-08-28;USD_OIS_SOFR_10Y;0.042257;0.044543
2025-08-29;USD_OIS_SOFR_10Y;0.042292;0.044508
2025-09-02;USD_OIS_SOFR_10Y;0.042679;0.045121
2025-09-03;USD_OIS_SOFR_10Y;0.042716;0.045084
2025-09-04;USD_OIS_SOFR_10Y;0.042929;0.045271
2025-09-05;USD_OIS_SOFR_10Y;0.043059;0.045341
2025-09-08;USD_OIS_SOFR_10Y;0.042869;0.045131
2025-09-09;USD_OIS_SOFR_10Y;0.042904;0.045096
2025-09-10;USD_OIS_SOFR_10Y;0.042831;0.044969
2025-09-11;USD_OIS_SOFR_10Y;0.043038;0.045162
2025-09-12;USD_OIS_SOFR_10Y;0.043164;0.045236
2025-09-15;USD_OIS_SOFR_10Y;0.04365;0.04655
2025-09-16;USD_OIS_SOFR_10Y;0.04192;0.04588
2025-09-17;USD_OIS_SOFR_10Y;0.041877;0.045723
2025-09-18;USD_OIS_SOFR_10Y;0.038045;0.044755
2025-09-19;USD_OIS_SOFR_10Y;0.038148;0.044652
2025-09-22;USD_OIS_SOFR_10Y;0.038247;0.044553
2025-09-23;USD_OIS_SOFR_10Y;0.038134;0.044266
2025-09-24;USD_OIS_SOFR_10Y;0.038325;0.044275
2025-09-25;USD_OIS_SOFR_10Y;0.038858;0.044742
2025-09-26;USD_OIS_SOFR_10Y;0.038738;0.044462
2025-09-29;USD_OIS_SOFR_10Y;0.038503;0.044097
2025-09-30;USD_OIS_SOFR_10Y;0.039402;0.045398
2025-10-01;USD_OIS_SOFR_10Y;0.039057;0.044943
2025-10-02;USD_OIS_SOFR_10Y;0.039146;0.044854
2025-10-03;USD_OIS_SOFR_10Y;0.039024;0.044576
2025-10-06;USD_OIS_SOFR_10Y;0.038786;0.044214
2025-10-07;USD_OIS_SOFR_10Y;0.038766;0.044034
2025-10-08;USD_OIS_SOFR_10Y;0.038636;0.043764
2025-10-09;USD_OIS_SOFR_10Y;0.038811;0.043789
2025-10-10;USD_OIS_SOFR_10Y;0.039076;0.043924
2025-10-14;USD_OIS_SOFR_10Y;0.039504;0.044296
2025-10-15;USD_OIS_SOFR_10Y;0.040303;0.045497
2025-10-16;USD_OIS_SOFR_10Y;0.040479;0.045521
2025-10-17;USD_OIS_SOFR_10Y;0.038986;0.044614
2025-10-20;USD_OIS_SOFR_10Y;0.038862;0.044338
2025-10-21;USD_OIS_SOFR_10Y;0.039524;0.045076
2025-10-22;USD_OIS_SOFR_10Y;0.039398;0.044802
2025-10-23;USD_OIS_SOFR_10Y;0.039757;0.045043
2025-10-24;USD_OIS_SOFR_10Y;0.039838;0.044962
2025-10-27;USD_OIS_SOFR_10Y;0.040192;0.045208
2025-10-28;USD_OIS_SOFR_10Y;0.040624;0.045576
2025-10-29;USD_OIS_SOFR_10Y;0.040255;0.045145
2025-10-30;USD_OIS_SOFR_10Y;0.036828;0.043972
2025-10-31;USD_OIS_SOFR_10Y;0.038154;0.046246
2025-11-03;USD_OIS_SOFR_10Y;0.03724;0.04536
2025-11-04;USD_OIS_SOFR_10Y;0.035784;0.044216
2025-11-05;USD_OIS_SOFR_10Y;0.034881;0.043319
2025-11-06;USD_OIS_SOFR_10Y;0.035108;0.043292
2025-11-07;USD_OIS_SOFR_10Y;0.035331;0.043269
2025-11-10;USD_OIS_SOFR_10Y;0.035645;0.043355
2025-11-12;USD_OIS_SOFR_10Y;0.036046;0.043554
2025-11-13;USD_OIS_SOFR_10Y;0.036353;0.043647
2025-11-14;USD_OIS_SOFR_10Y;0.035917;0.043083
2025-11-17;USD_OIS_SOFR_10Y;0.036477;0.043523
2025-11-18;USD_OIS_SOFR_10Y;0.035914;0.042886
2025-11-19;USD_OIS_SOFR_10Y;0.035703;0.042497
2025-11-20;USD_OIS_SOFR_10Y;0.035806;0.042394
2025-11-21;USD_OIS_SOFR_10Y;0.036098;0.042502
2025-11-24;USD_OIS_SOFR_10Y;0.036476;0.042724
2025-11-25;USD_OIS_SOFR_10Y;0.037016;0.043184
2025-11-26;USD_OIS_SOFR_10Y;0.037474;0.043526
2025-11-28;USD_OIS_SOFR_10Y;0.038156;0.044244
2025-12-01;USD_OIS_SOFR_10Y;0.038248;0.044152
2025-12-02;USD_OIS_SOFR_10Y;0.036966;0.043234
2025-12-03;USD_OIS_SOFR_10Y;0.036382;0.042618
2025-12-04;USD_OIS_SOFR_10Y;0.036157;0.042243
2025-12-05;USD_OIS_SOFR_10Y;0.036348;0.042252
2025-12-08;USD_OIS_SOFR_10Y;0.036628;0.042372
2025-12-09;USD_OIS_SOFR_10Y;0.036506;0.042094
2025-12-10;USD_OIS_SOFR_10Y;0.036269;0.041731
2025-12-11;USD_OIS_SOFR_10Y;0.032755;0.040445
2025-12-12;USD_OIS_SOFR_10Y;0.03297;0.04043
2025-12-15;USD_OIS_SOFR_10Y;0.033766;0.041234
2025-12-16;USD_OIS_SOFR_10Y;0.033213;0.040587
2025-12-17;USD_OIS_SOFR_10Y;0.033325;0.040475
2025-12-18;USD_OIS_SOFR_10Y;0.033117;0.040083
2025-12-19;USD_OIS_SOFR_10Y;0.033223;0.039977
2025-12-22;USD_OIS_SOFR_10Y;0.033518;0.040082
2025-12-23;USD_OIS_SOFR_10Y;0.033409;0.039791
2025-12-24;USD_OIS_SOFR_10Y;0.033506;0.039694
2025-12-26;USD_OIS_SOFR_10Y;0.034383;0.040817
2025-12-29;USD_OIS_SOFR_10Y;0.034579;0.040821
2025-12-30;USD_OIS_SOFR_10Y;0.033995;0.040205
2025-12-31;USD_OIS_SOFR_10Y;0.035162;0.042238
2026-01-02;USD_OIS_SOFR_10Y;0.033797;0.041203
2026-01-05;USD_OIS_SOFR_10Y;0.033363;0.040637
2026-01-06;USD_OIS_SOFR_10Y;0.033044;0.040156
2026-01-07;USD_OIS_SOFR_10Y;0.03305;0.03995
2026-01-08;USD_OIS_SOFR_10Y;0.033053;0.039747
2026-01-09;USD_OIS_SOFR_10Y;0.033155;0.039645
2026-01-12;USD_OIS_SOFR_10Y;0.033254;0.039546
2026-01-13;USD_OIS_SOFR_10Y;0.033447;0.039553
2026-01-14;USD_OIS_SOFR_10Y;0.033438;0.039362
2026-01-15;USD_OIS_SOFR_10Y;0.033719;0.039481
2026-01-16;USD_OIS_SOFR_10Y;0.033704;0.039296
2026-01-20;USD_OIS_SOFR_10Y;0.033687;0.039113
2026-01-21;USD_OIS_SOFR_10Y;0.033667;0.038933
2026-01-22;USD_OIS_SOFR_10Y;0.033845;0.038955
2026-01-23;USD_OIS_SOFR_10Y;0.03402;0.03898
2026-01-26;USD_OIS_SOFR_10Y;0.034193;0.039007
2026-01-27;USD_OIS_SOFR_10Y;0.034266;0.038934
2026-01-28;USD_OIS_SOFR_10Y;0.034125;0.038675
2026-01-29;USD_OIS_SOFR_10Y;0.034291;0.038709
2026-01-30;USD_OIS_SOFR_10Y;0.03463;0.03897
2026-02-02;USD_OIS_SOFR_10Y;0.034793;0.039007
2026-02-03;USD_OIS_SOFR_10Y;0.034858;0.038942
2026-02-04;USD_OIS_SOFR_10Y;0.034466;0.038534
2026-02-05;USD_OIS_SOFR_10Y;0.034528;0.038472
2026-02-06;USD_OIS_SOFR_10Y;0.034484;0.038316
2026-02-09;USD_OIS_SOFR_10Y;0.034439;0.038161
2026-02-10;USD_OIS_SOFR_10Y;0.034681;0.038319
2026-02-11;USD_OIS_SOFR_10Y;0.034736;0.038264
2026-02-12;USD_OIS_SOFR_10Y;0.03479;0.03821
2026-02-13;USD_OIS_SOFR_10Y;0.034938;0.038262
2026-02-17;USD_OIS_SOFR_10Y;0.035387;0.038813
2026-02-18;USD_OIS_SOFR_10Y;0.035623;0.038977
2026-02-19;USD_OIS_SOFR_10Y;0.034931;0.038469
2026-02-20;USD_OIS_SOFR_10Y;0.034881;0.038319
2026-02-23;USD_OIS_SOFR_10Y;0.034933;0.038267
2026-02-24;USD_OIS_SOFR_10Y;0.03508;0.03832
2026-02-25;USD_OIS_SOFR_10Y;0.035129;0.038271
2026-02-26;USD_OIS_SOFR_10Y;0.035177;0.038223
2026-02-27;USD_OIS_SOFR_10Y;0.035319;0.038281
2026-03-02;USD_OIS_SOFR_10Y;0.035622;0.038578
2026-03-03;USD_OIS_SOFR_10Y;0.035563;0.038437
2026-03-04;USD_OIS_SOFR_10Y;0.035264;0.038136
2026-03-05;USD_OIS_SOFR_10Y;0.035203;0.037997
2026-03-06;USD_OIS_SOFR_10Y;0.03514;0.03786
2026-03-09;USD_OIS_SOFR_10Y;0.035182;0.037818
2026-03-10;USD_OIS_SOFR_10Y;0.035116;0.037684
2026-03-11;USD_OIS_SOFR_10Y;0.035156;0.037644
2026-03-12;USD_OIS_SOFR_10Y;0.035288;0.037712
2026-03-13;USD_OIS_SOFR_10Y;0.035325;0.037675
2026-03-16;USD_OIS_SOFR_10Y;0.035721;0.038279
2026-03-17;USD_OIS_SOFR_10Y;0.035131;0.037869
2026-03-18;USD_OIS_SOFR_10Y;0.034827;0.037573
2026-03-19;USD_OIS_SOFR_10Y;0.034869;0.037531
2026-03-20;USD_OIS_SOFR_10Y;0.03491;0.03749
2026-03-23;USD_OIS_SOFR_10Y;0.034949;0.037451
2026-03-24;USD_OIS_SOFR_10Y;0.035082;0.037518
2026-03-25;USD_OIS_SOFR_10Y;0.035213;0.037587
2026-03-26;USD_OIS_SOFR_10Y;0.035343;0.037657
2026-03-27;USD_OIS_SOFR_10Y;0.035155;0.037445
2026-03-30;USD_OIS_SOFR_10Y;0.03519;0.03741
2026-03-31;USD_OIS_SOFR_10Y;0.035577;0.038023
2026-04-01;USD_OIS_SOFR_10Y;0.035264;0.037736
2026-04-02;USD_OIS_SOFR_10Y;0.035396;0.037804
2026-04-06;USD_OIS_SOFR_10Y;0.035327;0.037673
2026-04-07;USD_OIS_SOFR_10Y;0.03501;0.03739
2026-04-08;USD_OIS_SOFR_10Y;0.034695;0.037105
2026-04-09;USD_OIS_SOFR_10Y;0.034509;0.036891
2026-04-10;USD_OIS_SOFR_10Y;0.034855;0.037345
2026-04-13;USD_OIS_SOFR_10Y;0.035071;0.037529
2026-04-14;USD_OIS_SOFR_10Y;0.035358;0.037842
2026-04-15;USD_OIS_SOFR_10Y;0.035809;0.038591
2026-04-16;USD_OIS_SOFR_10Y;0.035232;0.038168
2026-04-17;USD_OIS_SOFR_10Y;0.035057;0.037943
2026-04-20;USD_OIS_SOFR_10Y;0.034882;0.037718
2026-04-21;USD_OIS_SOFR_10Y;0.034925;0.037675
2026-04-22;USD_OIS_SOFR_10Y;0.035062;0.037738
2014-02-18;USD_OIS_SOFR_1Y;0.00103;0.00123
2014-02-19;USD_OIS_SOFR_1Y;0.00103;0.00123
2014-02-20;USD_OIS_SOFR_1Y;0.00103;0.00123
2014-02-21;USD_OIS_SOFR_1Y;0.00103;0.00123
2014-02-24;USD_OIS_SOFR_1Y;0.00103;0.00123
2014-02-25;USD_OIS_SOFR_1Y;0.00103;0.00123
2014-02-26;USD_OIS_SOFR_1Y;0.00113;0.00133
2014-02-27;USD_OIS_SOFR_1Y;0.00113;0.00133
2014-02-28;USD_OIS_SOFR_1Y;0.00113;0.00133
2014-03-03;USD_OIS_SOFR_1Y;0.00113;0.00133
2014-03-04;USD_OIS_SOFR_1Y;0.00113;0.00133
2014-03-05;USD_OIS_SOFR_1Y;0.00113;0.00133
2014-03-06;USD_OIS_SOFR_1Y;0.00113;0.00133
2014-03-07;USD_OIS_SOFR_1Y;0.00113;0.00133
2014-03-10;USD_OIS_SOFR_1Y;0.00113;0.00133
2014-03-11;USD_OIS_SOFR_1Y;0.00113;0.00133
2014-03-12;USD_OIS_SOFR_1Y;0.00123;0.00143
2014-03-13;USD_OIS_SOFR_1Y;0.00123;0.00143
2014-03-14;USD_OIS_SOFR_1Y;0.00123;0.00143
2014-03-17;USD_OIS_SOFR_1Y;0.00123;0.00143
2014-03-18;USD_OIS_SOFR_1Y;0.00123;0.00143
2014-03-19;USD_OIS_SOFR_1Y;0.00123;0.00143
2014-03-20;USD_OIS_SOFR_1Y;0.00123;0.00143
2014-03-21;USD_OIS_SOFR_1Y;0.00123;0.00143
2014-03-24;USD_OIS_SOFR_1Y;0.00123;0.00143
2014-03-25;USD_OIS_SOFR_1Y;0.00123;0.00143
2014-03-26;USD_OIS_SOFR_1Y;0.00123;0.00143
2014-03-27;USD_OIS_SOFR_1Y;0.00123;0.00143
2014-03-28;USD_OIS_SOFR_1Y;0.00123;0.00143
2014-03-31;USD_OIS_SOFR_1Y;0.00123;0.00143
2014-04-01;USD_OIS_SOFR_1Y;0.00123;0.00143
2014-04-02;USD_OIS_SOFR_1Y;0.00123;0.00143
2014-04-03;USD_OIS_SOFR_1Y;0.00123;0.00143
2014-04-04;USD_OIS_SOFR_1Y;0.00123;0.00143
2014-04-07;USD_OIS_SOFR_1Y;0.00123;0.00143
2014-04-08;USD_OIS_SOFR_1Y;0.00123;0.00143
2014-04-09;USD_OIS_SOFR_1Y;0.00123;0.00143
2014-04-10;USD_OIS_SOFR_1Y;0.00123;0.00143
2014-04-11;USD_OIS_SOFR_1Y;0.00123;0.00143
2014-04-14;USD_OIS_SOFR_1Y;0.00123;0.00143
2014-04-15;USD_OIS_SOFR_1Y;0.00123;0.00143
2014-04-16;USD_OIS_SOFR_1Y;0.00133;0.00153
2014-04-17;USD_OIS_SOFR_1Y;0.00133;0.00153
2014-04-21;USD_OIS_SOFR_1Y;0.00133;0.00153
2014-04-22;USD_OIS_SOFR_1Y;0.00133;0.00153
2014-04-23;USD_OIS_SOFR_1Y;0.00143;0.00163
2014-04-24;USD_OIS_SOFR_1Y;0.00143;0.00163
2014-04-25;USD_OIS_SOFR_1Y;0.00143;0.00163
2014-04-28;USD_OIS_SOFR_1Y;0.00143;0.00163
2014-04-29;USD_OIS_SOFR_1Y;0.00143;0.00163
2014-04-30;USD_OIS_SOFR_1Y;0.00133;0.00153
2014-05-01;USD_OIS_SOFR_1Y;0.00133;0.00153
2014-05-02;USD_OIS_SOFR_1Y;0.00133;0.00153
2014-05-05;USD_OIS_SOFR_1Y;0.00133;0.00153
2014-05-06;USD_OIS_SOFR_1Y;0.00133;0.00153
2014-05-07;USD_OIS_SOFR_1Y;0.00133;0.00153
2014-05-08;USD_OIS_SOFR_1Y;0.00133;0.00153
2014-05-09;USD_OIS_SOFR_1Y;0.00133;0.00153
2014-05-12;USD_OIS_SOFR_1Y;0.00133;0.00153
2014-05-13;USD_OIS_SOFR_1Y;0.00133;0.00153
2014-05-14;USD_OIS_SOFR_1Y;0.00123;0.00143
2014-05-15;USD_OIS_SOFR_1Y;0.00123;0.00143
2014-05-16;USD_OIS_SOFR_1Y;0.00123;0.00143
2014-05-19;USD_OIS_SOFR_1Y;0.00123;0.00143
2014-05-20;USD_OIS_SOFR_1Y;0.00123;0.00143
2014-05-21;USD_OIS_SOFR_1Y;0.00133;0.00153
2014-05-22;USD_OIS_SOFR_1Y;0.00133;0.00153
2014-05-23;USD_OIS_SOFR_1Y;0.00133;0.00153
2014-05-27;USD_OIS_SOFR_1Y;0.00133;0.00153
2014-05-28;USD_OIS_SOFR_1Y;0.00133;0.00153
2014-05-29;USD_OIS_SOFR_1Y;0.00133;0.00153
2014-05-30;USD_OIS_SOFR_1Y;0.00133;0.00153
2014-06-02;USD_OIS_SOFR_1Y;0.00133;0.00153
2014-06-03;USD_OIS_SOFR_1Y;0.00133;0.00153
2014-06-04;USD_OIS_SOFR_1Y;0.00133;0.00153
2014-06-05;USD_OIS_SOFR_1Y;0.00133;0.00153
2014-06-06;USD_OIS_SOFR_1Y;0.00133;0.00153
2014-06-09;USD_OIS_SOFR_1Y;0.00133;0.00153
2014-06-10;USD_OIS_SOFR_1Y;0.00133;0.00153
2014-06-11;USD_OIS_SOFR_1Y;0.00133;0.00153
2014-06-12;USD_OIS_SOFR_1Y;0.00133;0.00153
2014-06-13;USD_OIS_SOFR_1Y;0.00133;0.00153
2014-06-16;USD_OIS_SOFR_1Y;0.00133;0.00153
2014-06-17;USD_OIS_SOFR_1Y;0.00133;0.00153
2014-06-18;USD_OIS_SOFR_1Y;0.00143;0.00163
2014-06-19;USD_OIS_SOFR_1Y;0.00143;0.00163
2014-06-20;USD_OIS_SOFR_1Y;0.00143;0.00163
2014-06-23;USD_OIS_SOFR_1Y;0.00143;0.00163
2014-06-24;USD_OIS_SOFR_1Y;0.00143;0.00163
2014-06-25;USD_OIS_SOFR_1Y;0.00143;0.00163
2014-06-26;USD_OIS_SOFR_1Y;0.00143;0.00163
2014-06-27;USD_OIS_SOFR_1Y;0.00143;0.00163
2014-06-30;USD_OIS_SOFR_1Y;0.00143;0.00163
2014-07-01;USD_OIS_SOFR_1Y;0.00143;0.00163
2014-07-02;USD_OIS_SOFR_1Y;0.00143;0.00163
2014-07-03;USD_OIS_SOFR_1Y;0.00143;0.00163
2014-07-07;USD_OIS_SOFR_1Y;0.00143;0.00163
2014-07-08;USD_OIS_SOFR_1Y;0.00143;0.00163
2014-07-09;USD_OIS_SOFR_1Y;0.00133;0.00153
2014-07-10;USD_OIS_SOFR_1Y;0.00133;0.00153
2014-07-11;USD_OIS_SOFR_1Y;0.00133;0.00153
2014-07-14;USD_OIS_SOFR_1Y;0.00133;0.00153
2014-07-15;USD_OIS_SOFR_1Y;0.00133;0.00153
2014-07-16;USD_OIS_SOFR_1Y;0.00133;0.00153
2014-07-17;USD_OIS_SOFR_1Y;0.00133;0.00153
2014-07-18;USD_OIS_SOFR_1Y;0.00133;0.00153
2014-07-21;USD_OIS_SOFR_1Y;0.00133;0.00153
2014-07-22;USD_OIS_SOFR_1Y;0.00133;0.00153
2014-07-23;USD_OIS_SOFR_1Y;0.00133;0.00153
2014-07-24;USD_OIS_SOFR_1Y;0.00133;0.00153
2014-07-25;USD_OIS_SOFR_1Y;0.00133;0.00153
2014-07-28;USD_OIS_SOFR_1Y;0.00133;0.00153
2014-07-29;USD_OIS_SOFR_1Y;0.00133;0.00153
2014-07-30;USD_OIS_SOFR_1Y;0.00133;0.00153
2014-07-31;USD_OIS_SOFR_1Y;0.00133;0.00153
2014-08-01;USD_OIS_SOFR_1Y;0.00133;0.00153
2014-08-04;USD_OIS_SOFR_1Y;0.00133;0.00153
2014-08-05;USD_OIS_SOFR_1Y;0.00133;0.00153
2014-08-06;USD_OIS_SOFR_1Y;0.00133;0.00153
2014-08-07;USD_OIS_SOFR_1Y;0.00133;0.00153
2014-08-08;USD_OIS_SOFR_1Y;0.00133;0.00153
2014-08-11;USD_OIS_SOFR_1Y;0.00133;0.00153
2014-08-12;USD_OIS_SOFR_1Y;0.00133;0.00153
2014-08-13;USD_OIS_SOFR_1Y;0.00133;0.00153
2014-08-14;USD_OIS_SOFR_1Y;0.00133;0.00153
2014-08-15;USD_OIS_SOFR_1Y;0.00133;0.00153
2014-08-18;USD_OIS_SOFR_1Y;0.00133;0.00153
2014-08-19;USD_OIS_SOFR_1Y;0.00133;0.00153
2014-08-20;USD_OIS_SOFR_1Y;0.00133;0.00153
2014-08-21;USD_OIS_SOFR_1Y;0.00133;0.00153
2014-08-22;USD_OIS_SOFR_1Y;0.00133;0.00153
2014-08-25;USD_OIS_SOFR_1Y;0.00133;0.00153
2014-08-26;USD_OIS_SOFR_1Y;0.00133;0.00153
2014-08-27;USD_OIS_SOFR_1Y;0.00133;0.00153
2014-08-28;USD_OIS_SOFR_1Y;0.00133;0.00153
2014-08-29;USD_OIS_SOFR_1Y;0.00133;0.00153
2014-09-02;USD_OIS_SOFR_1Y;0.00133;0.00153
2014-09-03;USD_OIS_SOFR_1Y;0.00123;0.00143
2014-09-04;USD_OIS_SOFR_1Y;0.00123;0.00143
2014-09-05;USD_OIS_SOFR_1Y;0.00123;0.00143
2014-09-08;USD_OIS_SOFR_1Y;0.00123;0.00143
2014-09-09;USD_OIS_SOFR_1Y;0.00123;0.00143
2014-09-10;USD_OIS_SOFR_1Y;0.00133;0.00153
2014-09-11;USD_OIS_SOFR_1Y;0.00133;0.00153
2014-09-12;USD_OIS_SOFR_1Y;0.00133;0.00153
2014-09-15;USD_OIS_SOFR_1Y;0.00133;0.00153
2014-09-16;USD_OIS_SOFR_1Y;0.00133;0.00153
2014-09-17;USD_OIS_SOFR_1Y;0.00133;0.00153
2014-09-18;USD_OIS_SOFR_1Y;0.00133;0.00153
2014-09-19;USD_OIS_SOFR_1Y;0.00133;0.00153
2014-09-22;USD_OIS_SOFR_1Y;0.00133;0.00153
2014-09-23;USD_OIS_SOFR_1Y;0.00133;0.00153
2014-09-24;USD_OIS_SOFR_1Y;0.00133;0.00153
2014-09-25;USD_OIS_SOFR_1Y;0.00133;0.00153
2014-09-26;USD_OIS_SOFR_1Y;0.00133;0.00153
2014-09-29;USD_OIS_SOFR_1Y;0.00133;0.00153
2014-09-30;USD_OIS_SOFR_1Y;0.00133;0.00153
2014-10-01;USD_OIS_SOFR_1Y;0.00133;0.00153
2014-10-02;USD_OIS_SOFR_1Y;0.00133;0.00153
2014-10-03;USD_OIS_SOFR_1Y;0.00133;0.00153
2014-10-06;USD_OIS_SOFR_1Y;0.00133;0.00153
2014-10-07;USD_OIS_SOFR_1Y;0.00133;0.00153
2014-10-08;USD_OIS_SOFR_1Y;0.00133;0.00153
2014-10-09;USD_OIS_SOFR_1Y;0.00133;0.00153
2014-10-10;USD_OIS_SOFR_1Y;0.00133;0.00153
2014-10-14;USD_OIS_SOFR_1Y;0.00133;0.00153
2014-10-15;USD_OIS_SOFR_1Y;0.00133;0.00153
2014-10-16;USD_OIS_SOFR_1Y;0.00133;0.00153
2014-10-17;USD_OIS_SOFR_1Y;0.00133;0.00153
2014-10-20;USD_OIS_SOFR_1Y;0.00133;0.00153
2014-10-21;USD_OIS_SOFR_1Y;0.00133;0.00153
2014-10-22;USD_OIS_SOFR_1Y;0.00133;0.00153
2014-10-23;USD_OIS_SOFR_1Y;0.00133;0.00153
2014-10-24;USD_OIS_SOFR_1Y;0.00133;0.00153
2014-10-27;USD_OIS_SOFR_1Y;0.00133;0.00153
2014-10-28;USD_OIS_SOFR_1Y;0.00133;0.00153
2014-10-29;USD_OIS_SOFR_1Y;0.00133;0.00153
2014-10-30;USD_OIS_SOFR_1Y;0.00133;0.00153
2014-10-31;USD_OIS_SOFR_1Y;0.00133;0.00153
2014-11-03;USD_OIS_SOFR_1Y;0.00133;0.00153
2014-11-04;USD_OIS_SOFR_1Y;0.00133;0.00153
2014-11-05;USD_OIS_SOFR_1Y;0.00123;0.00143
2014-11-06;USD_OIS_SOFR_1Y;0.00123;0.00143
2014-11-07;USD_OIS_SOFR_1Y;0.00123;0.00143
2014-11-10;USD_OIS_SOFR_1Y;0.00123;0.00143
2014-11-12;USD_OIS_SOFR_1Y;0.00133;0.00153
2014-11-13;USD_OIS_SOFR_1Y;0.00133;0.00153
2014-11-14;USD_OIS_SOFR_1Y;0.00133;0.00153
2014-11-17;USD_OIS_SOFR_1Y;0.00133;0.00153
2014-11-18;USD_OIS_SOFR_1Y;0.00133;0.00153
2014-11-19;USD_OIS_SOFR_1Y;0.00143;0.00163
2014-11-20;USD_OIS_SOFR_1Y;0.00143;0.00163
2014-11-21;USD_OIS_SOFR_1Y;0.00143;0.00163
2014-11-24;USD_OIS_SOFR_1Y;0.00143;0.00163
2014-11-25;USD_OIS_SOFR_1Y;0.00143;0.00163
2014-11-26;USD_OIS_SOFR_1Y;0.00143;0.00163
2014-11-28;USD_OIS_SOFR_1Y;0.00143;0.00163
2014-12-01;USD_OIS_SOFR_1Y;0.00143;0.00163
2014-12-02;USD_OIS_SOFR_1Y;0.00143;0.00163
2014-12-03;USD_OIS_SOFR_1Y;0.00143;0.00163
2014-12-04;USD_OIS_SOFR_1Y;0.00143;0.00163
2014-12-05;USD_OIS_SOFR_1Y;0.00143;0.00163
2014-12-08;USD_OIS_SOFR_1Y;0.00143;0.00163
2014-12-09;USD_OIS_SOFR_1Y;0.00143;0.00163
2014-12-10;USD_OIS_SOFR_1Y;0.00163;0.00183
2014-12-11;USD_OIS_SOFR_1Y;0.00163;0.00183
2014-12-12;USD_OIS_SOFR_1Y;0.00163;0.00183
2014-12-15;USD_OIS_SOFR_1Y;0.00163;0.00183
2014-12-16;USD_OIS_SOFR_1Y;0.00163;0.00183
2014-12-17;USD_OIS_SOFR_1Y;0.00163;0.00183
2014-12-18;USD_OIS_SOFR_1Y;0.00163;0.00183
2014-12-19;USD_OIS_SOFR_1Y;0.00163;0.00183
2014-12-22;USD_OIS_SOFR_1Y;0.00163;0.00183
2014-12-23;USD_OIS_SOFR_1Y;0.00163;0.00183
2014-12-24;USD_OIS_SOFR_1Y;0.00173;0.00193
2014-12-26;USD_OIS_SOFR_1Y;0.00173;0.00193
2014-12-29;USD_OIS_SOFR_1Y;0.00173;0.00193
2014-12-30;USD_OIS_SOFR_1Y;0.00173;0.00193
2014-12-31;USD_OIS_SOFR_1Y;0.00163;0.00183
2015-01-02;USD_OIS_SOFR_1Y;0.00163;0.00183
2015-01-05;USD_OIS_SOFR_1Y;0.00163;0.00183
2015-01-06;USD_OIS_SOFR_1Y;0.00163;0.00183
2015-01-07;USD_OIS_SOFR_1Y;0.00153;0.00173
2015-01-08;USD_OIS_SOFR_1Y;0.00153;0.00173
2015-01-09;USD_OIS_SOFR_1Y;0.00153;0.00173
2015-01-12;USD_OIS_SOFR_1Y;0.00153;0.00173
2015-01-13;USD_OIS_SOFR_1Y;0.00153;0.00173
2015-01-14;USD_OIS_SOFR_1Y;0.00163;0.00183
2015-01-15;USD_OIS_SOFR_1Y;0.00163;0.00183
2015-01-16;USD_OIS_SOFR_1Y;0.00163;0.00183
2015-01-20;USD_OIS_SOFR_1Y;0.00163;0.00183
2015-01-21;USD_OIS_SOFR_1Y;0.00173;0.00193
2015-01-22;USD_OIS_SOFR_1Y;0.00173;0.00193
2015-01-23;USD_OIS_SOFR_1Y;0.00173;0.00193
2015-01-26;USD_OIS_SOFR_1Y;0.00173;0.00193
2015-01-27;USD_OIS_SOFR_1Y;0.00173;0.00193
2015-01-28;USD_OIS_SOFR_1Y;0.00163;0.00183
2015-01-29;USD_OIS_SOFR_1Y;0.00163;0.00183
2015-01-30;USD_OIS_SOFR_1Y;0.00163;0.00183
2015-02-02;USD_OIS_SOFR_1Y;0.00163;0.00183
2015-02-03;USD_OIS_SOFR_1Y;0.00163;0.00183
2015-02-04;USD_OIS_SOFR_1Y;0.001303;0.001557
2015-02-05;USD_OIS_SOFR_1Y;0.001307;0.001553
2015-02-06;USD_OIS_SOFR_1Y;0.001311;0.001549
2015-02-09;USD_OIS_SOFR_1Y;0.001314;0.001546
2015-02-10;USD_OIS_SOFR_1Y;0.001318;0.001542
2015-02-11;USD_OIS_SOFR_1Y;0.001575;0.001885
2015-02-12;USD_OIS_SOFR_1Y;0.00158;0.00188
2015-02-13;USD_OIS_SOFR_1Y;0.001584;0.001876
2015-02-17;USD_OIS_SOFR_1Y;0.001589;0.001871
2015-02-18;USD_OIS_SOFR_1Y;0.001593;0.001867
2015-02-19;USD_OIS_SOFR_1Y;0.001597;0.001863
2015-02-20;USD_OIS_SOFR_1Y;0.001601;0.001859
2015-02-23;USD_OIS_SOFR_1Y;0.001605;0.001855
2015-02-24;USD_OIS_SOFR_1Y;0.001609;0.001851
2015-02-25;USD_OIS_SOFR_1Y;0.001613;0.001847
2015-02-26;USD_OIS_SOFR_1Y;0.001616;0.001844
2015-02-27;USD_OIS_SOFR_1Y;0.00162;0.00184
2015-03-02;USD_OIS_SOFR_1Y;0.001623;0.001837
2015-03-03;USD_OIS_SOFR_1Y;0.001626;0.001834
2015-03-04;USD_OIS_SOFR_1Y;0.001281;0.001579
2015-03-05;USD_OIS_SOFR_1Y;0.001285;0.001575
2015-03-06;USD_OIS_SOFR_1Y;0.00129;0.00157
2015-03-09;USD_OIS_SOFR_1Y;0.001294;0.001566
2015-03-10;USD_OIS_SOFR_1Y;0.001298;0.001562
2015-03-11;USD_OIS_SOFR_1Y;0.001561;0.001899
2015-03-12;USD_OIS_SOFR_1Y;0.001566;0.001894
2015-03-13;USD_OIS_SOFR_1Y;0.001571;0.001889
2015-03-16;USD_OIS_SOFR_1Y;0.001576;0.001884
2015-03-17;USD_OIS_SOFR_1Y;0.001581;0.001879
2015-03-18;USD_OIS_SOFR_1Y;0.001481;0.001779
2015-03-19;USD_OIS_SOFR_1Y;0.001485;0.001775
2015-03-20;USD_OIS_SOFR_1Y;0.00149;0.00177
2015-03-23;USD_OIS_SOFR_1Y;0.001494;0.001766
2015-03-24;USD_OIS_SOFR_1Y;0.001498;0.001762
2015-03-25;USD_OIS_SOFR_1Y;0.001597;0.001863
2015-03-26;USD_OIS_SOFR_1Y;0.001601;0.001859
2015-03-27;USD_OIS_SOFR_1Y;0.001605;0.001855
2015-03-30;USD_OIS_SOFR_1Y;0.001609;0.001851
2015-03-31;USD_OIS_SOFR_1Y;0.001613;0.001847
2015-04-01;USD_OIS_SOFR_1Y;0.00151;0.00175
2015-04-02;USD_OIS_SOFR_1Y;0.001514;0.001746
2015-04-03;USD_OIS_SOFR_1Y;0.001518;0.001742
2015-04-06;USD_OIS_SOFR_1Y;0.001521;0.001739
2015-04-07;USD_OIS_SOFR_1Y;0.001524;0.001736
2015-04-08;USD_OIS_SOFR_1Y;0.001621;0.001839
2015-04-09;USD_OIS_SOFR_1Y;0.001624;0.001836
2015-04-10;USD_OIS_SOFR_1Y;0.001628;0.001832
2015-04-13;USD_OIS_SOFR_1Y;0.00163;0.00183
2015-04-14;USD_OIS_SOFR_1Y;0.00163;0.00183
2015-04-15;USD_OIS_SOFR_1Y;0.00163;0.00183
2015-04-16;USD_OIS_SOFR_1Y;0.00163;0.00183
2015-04-17;USD_OIS_SOFR_1Y;0.00163;0.00183
2015-04-20;USD_OIS_SOFR_1Y;0.00163;0.00183
2015-04-21;USD_OIS_SOFR_1Y;0.00163;0.00183
2015-04-22;USD_OIS_SOFR_1Y;0.00173;0.00193
2015-04-23;USD_OIS_SOFR_1Y;0.00173;0.00193
2015-04-24;USD_OIS_SOFR_1Y;0.00173;0.00193
2015-04-27;USD_OIS_SOFR_1Y;0.00173;0.00193
2015-04-28;USD_OIS_SOFR_1Y;0.00173;0.00193
2015-04-29;USD_OIS_SOFR_1Y;0.00173;0.00193
2015-04-30;USD_OIS_SOFR_1Y;0.00173;0.00193
2015-05-01;USD_OIS_SOFR_1Y;0.00173;0.00193
2015-05-04;USD_OIS_SOFR_1Y;0.00173;0.00193
2015-05-05;USD_OIS_SOFR_1Y;0.00173;0.00193
2015-05-06;USD_OIS_SOFR_1Y;0.00163;0.00183
2015-05-07;USD_OIS_SOFR_1Y;0.00163;0.00183
2015-05-08;USD_OIS_SOFR_1Y;0.00163;0.00183
2015-05-11;USD_OIS_SOFR_1Y;0.00163;0.00183
2015-05-12;USD_OIS_SOFR_1Y;0.00163;0.00183
2015-05-13;USD_OIS_SOFR_1Y;0.00173;0.00193
2015-05-14;USD_OIS_SOFR_1Y;0.00173;0.00193
2015-05-15;USD_OIS_SOFR_1Y;0.00173;0.00193
2015-05-18;USD_OIS_SOFR_1Y;0.00173;0.00193
2015-05-19;USD_OIS_SOFR_1Y;0.00173;0.00193
2015-05-20;USD_OIS_SOFR_1Y;0.00173;0.00193
2015-05-21;USD_OIS_SOFR_1Y;0.00173;0.00193
2015-05-22;USD_OIS_SOFR_1Y;0.00173;0.00193
2015-05-26;USD_OIS_SOFR_1Y;0.00173;0.00193
2015-05-27;USD_OIS_SOFR_1Y;0.00173;0.00193
2015-05-28;USD_OIS_SOFR_1Y;0.00173;0.00193
2015-05-29;USD_OIS_SOFR_1Y;0.00173;0.00193
2015-06-01;USD_OIS_SOFR_1Y;0.00173;0.00193
2015-06-02;USD_OIS_SOFR_1Y;0.00173;0.00193
2015-06-03;USD_OIS_SOFR_1Y;0.00141;0.00165
2015-06-04;USD_OIS_SOFR_1Y;0.001414;0.001646
2015-06-05;USD_OIS_SOFR_1Y;0.001417;0.001643
2015-06-08;USD_OIS_SOFR_1Y;0.001421;0.001639
2015-06-09;USD_OIS_SOFR_1Y;0.001424;0.001636
2015-06-10;USD_OIS_SOFR_1Y;0.001679;0.001981
2015-06-11;USD_OIS_SOFR_1Y;0.001684;0.001976
2015-06-12;USD_OIS_SOFR_1Y;0.001688;0.001972
2015-06-15;USD_OIS_SOFR_1Y;0.001693;0.001967
2015-06-16;USD_OIS_SOFR_1Y;0.001697;0.001963
2015-06-17;USD_OIS_SOFR_1Y;0.001701;0.001959
2015-06-18;USD_OIS_SOFR_1Y;0.001705;0.001955
2015-06-19;USD_OIS_SOFR_1Y;0.001709;0.001951
2015-06-22;USD_OIS_SOFR_1Y;0.001712;0.001948
2015-06-23;USD_OIS_SOFR_1Y;0.001716;0.001944
2015-06-24;USD_OIS_SOFR_1Y;0.001719;0.001941
2015-06-25;USD_OIS_SOFR_1Y;0.001723;0.001937
2015-06-26;USD_OIS_SOFR_1Y;0.001726;0.001934
2015-06-29;USD_OIS_SOFR_1Y;0.001729;0.001931
2015-06-30;USD_OIS_SOFR_1Y;0.00173;0.00193
2015-07-01;USD_OIS_SOFR_1Y;0.001628;0.001832
2015-07-02;USD_OIS_SOFR_1Y;0.00163;0.00183
2015-07-06;USD_OIS_SOFR_1Y;0.00163;0.00183
2015-07-07;USD_OIS_SOFR_1Y;0.00163;0.00183
2015-07-08;USD_OIS_SOFR_1Y;0.00173;0.00193
2015-07-09;USD_OIS_SOFR_1Y;0.00173;0.00193
2015-07-10;USD_OIS_SOFR_1Y;0.00173;0.00193
2015-07-13;USD_OIS_SOFR_1Y;0.00173;0.00193
2015-07-14;USD_OIS_SOFR_1Y;0.00173;0.00193
2015-07-15;USD_OIS_SOFR_1Y;0.00173;0.00193
2015-07-16;USD_OIS_SOFR_1Y;0.00173;0.00193
2015-07-17;USD_OIS_SOFR_1Y;0.00173;0.00193
2015-07-20;USD_OIS_SOFR_1Y;0.00173;0.00193
2015-07-21;USD_OIS_SOFR_1Y;0.00173;0.00193
2015-07-22;USD_OIS_SOFR_1Y;0.00173;0.00193
2015-07-23;USD_OIS_SOFR_1Y;0.00173;0.00193
2015-07-24;USD_OIS_SOFR_1Y;0.00173;0.00193
2015-07-27;USD_OIS_SOFR_1Y;0.00173;0.00193
2015-07-28;USD_OIS_SOFR_1Y;0.00173;0.00193
2015-07-29;USD_OIS_SOFR_1Y;0.00173;0.00193
2015-07-30;USD_OIS_SOFR_1Y;0.00173;0.00193
2015-07-31;USD_OIS_SOFR_1Y;0.00173;0.00193
2015-08-03;USD_OIS_SOFR_1Y;0.00173;0.00193
2015-08-04;USD_OIS_SOFR_1Y;0.00173;0.00193
2015-08-05;USD_OIS_SOFR_1Y;0.00153;0.00173
2015-08-06;USD_OIS_SOFR_1Y;0.00153;0.00173
2015-08-07;USD_OIS_SOFR_1Y;0.00153;0.00173
2015-08-10;USD_OIS_SOFR_1Y;0.00153;0.00173
2015-08-11;USD_OIS_SOFR_1Y;0.00153;0.00173
2015-08-12;USD_OIS_SOFR_1Y;0.001795;0.002065
2015-08-13;USD_OIS_SOFR_1Y;0.001799;0.002061
2015-08-14;USD_OIS_SOFR_1Y;0.001803;0.002057
2015-08-17;USD_OIS_SOFR_1Y;0.001807;0.002053
2015-08-18;USD_OIS_SOFR_1Y;0.001811;0.002049
2015-08-19;USD_OIS_SOFR_1Y;0.001909;0.002151
2015-08-20;USD_OIS_SOFR_1Y;0.001913;0.002147
2015-08-21;USD_OIS_SOFR_1Y;0.001916;0.002144
2015-08-24;USD_OIS_SOFR_1Y;0.00192;0.00214
2015-08-25;USD_OIS_SOFR_1Y;0.001923;0.002137
2015-08-26;USD_OIS_SOFR_1Y;0.001926;0.002134
2015-08-27;USD_OIS_SOFR_1Y;0.001929;0.002131
2015-08-28;USD_OIS_SOFR_1Y;0.00193;0.00213
2015-08-31;USD_OIS_SOFR_1Y;0.00193;0.00213
2015-09-01;USD_OIS_SOFR_1Y;0.00193;0.00213
2015-09-02;USD_OIS_SOFR_1Y;0.001715;0.001945
2015-09-03;USD_OIS_SOFR_1Y;0.001718;0.001942
2015-09-04;USD_OIS_SOFR_1Y;0.001722;0.001938
2015-09-08;USD_OIS_SOFR_1Y;0.001725;0.001935
2015-09-09;USD_OIS_SOFR_1Y;0.001822;0.002038
2015-09-10;USD_OIS_SOFR_1Y;0.001825;0.002035
2015-09-11;USD_OIS_SOFR_1Y;0.001828;0.002032
2015-09-14;USD_OIS_SOFR_1Y;0.00183;0.00203
2015-09-15;USD_OIS_SOFR_1Y;0.00183;0.00203
2015-09-16;USD_OIS_SOFR_1Y;0.00183;0.00203
2015-09-17;USD_OIS_SOFR_1Y;0.00183;0.00203
2015-09-18;USD_OIS_SOFR_1Y;0.00183;0.00203
2015-09-21;USD_OIS_SOFR_1Y;0.00183;0.00203
2015-09-22;USD_OIS_SOFR_1Y;0.00183;0.00203
2015-09-23;USD_OIS_SOFR_1Y;0.00183;0.00203
2015-09-24;USD_OIS_SOFR_1Y;0.00183;0.00203
2015-09-25;USD_OIS_SOFR_1Y;0.00183;0.00203
2015-09-28;USD_OIS_SOFR_1Y;0.00183;0.00203
2015-09-29;USD_OIS_SOFR_1Y;0.00183;0.00203
2015-09-30;USD_OIS_SOFR_1Y;0.00163;0.00183
2015-10-01;USD_OIS_SOFR_1Y;0.00163;0.00183
2015-10-02;USD_OIS_SOFR_1Y;0.00163;0.00183
2015-10-05;USD_OIS_SOFR_1Y;0.00163;0.00183
2015-10-06;USD_OIS_SOFR_1Y;0.00163;0.00183
2015-10-07;USD_OIS_SOFR_1Y;0.00173;0.00193
2015-10-08;USD_OIS_SOFR_1Y;0.00173;0.00193
2015-10-09;USD_OIS_SOFR_1Y;0.00173;0.00193
2015-10-13;USD_OIS_SOFR_1Y;0.00173;0.00193
2015-10-14;USD_OIS_SOFR_1Y;0.00173;0.00193
2015-10-15;USD_OIS_SOFR_1Y;0.00173;0.00193
2015-10-16;USD_OIS_SOFR_1Y;0.00173;0.00193
2015-10-19;USD_OIS_SOFR_1Y;0.00173;0.00193
2015-10-20;USD_OIS_SOFR_1Y;0.00173;0.00193
2015-10-21;USD_OIS_SOFR_1Y;0.00173;0.00193
2015-10-22;USD_OIS_SOFR_1Y;0.00173;0.00193
2015-10-23;USD_OIS_SOFR_1Y;0.00173;0.00193
2015-10-26;USD_OIS_SOFR_1Y;0.00173;0.00193
2015-10-27;USD_OIS_SOFR_1Y;0.00173;0.00193
2015-10-28;USD_OIS_SOFR_1Y;0.00163;0.00183
2015-10-29;USD_OIS_SOFR_1Y;0.00163;0.00183
2015-10-30;USD_OIS_SOFR_1Y;0.00163;0.00183
2015-11-02;USD_OIS_SOFR_1Y;0.00163;0.00183
2015-11-03;USD_OIS_SOFR_1Y;0.00163;0.00183
2015-11-04;USD_OIS_SOFR_1Y;0.00143;0.00163
2015-11-05;USD_OIS_SOFR_1Y;0.00143;0.00163
2015-11-06;USD_OIS_SOFR_1Y;0.00143;0.00163
2015-11-09;USD_OIS_SOFR_1Y;0.00143;0.00163
2015-11-10;USD_OIS_SOFR_1Y;0.00143;0.00163
2015-11-12;USD_OIS_SOFR_1Y;0.00162;0.00184
2015-11-13;USD_OIS_SOFR_1Y;0.001624;0.001836
2015-11-16;USD_OIS_SOFR_1Y;0.001627;0.001833
2015-11-17;USD_OIS_SOFR_1Y;0.00163;0.00183
2015-11-18;USD_OIS_SOFR_1Y;0.00163;0.00183
2015-11-19;USD_OIS_SOFR_1Y;0.00163;0.00183
2015-11-20;USD_OIS_SOFR_1Y;0.00163;0.00183
2015-11-23;USD_OIS_SOFR_1Y;0.00163;0.00183
2015-11-24;USD_OIS_SOFR_1Y;0.00163;0.00183
2015-11-25;USD_OIS_SOFR_1Y;0.00163;0.00183
2015-11-27;USD_OIS_SOFR_1Y;0.00163;0.00183
2015-11-30;USD_OIS_SOFR_1Y;0.00163;0.00183
2015-12-01;USD_OIS_SOFR_1Y;0.00163;0.00183
2015-12-02;USD_OIS_SOFR_1Y;0.00163;0.00183
2015-12-03;USD_OIS_SOFR_1Y;0.00163;0.00183
2015-12-04;USD_OIS_SOFR_1Y;0.00163;0.00183
2015-12-07;USD_OIS_SOFR_1Y;0.00163;0.00183
2015-12-08;USD_OIS_SOFR_1Y;0.00163;0.00183
2015-12-09;USD_OIS_SOFR_1Y;0.00173;0.00193
2015-12-10;USD_OIS_SOFR_1Y;0.00173;0.00193
2015-12-11;USD_OIS_SOFR_1Y;0.00173;0.00193
2015-12-14;USD_OIS_SOFR_1Y;0.00173;0.00193
2015-12-15;USD_OIS_SOFR_1Y;0.00173;0.00193
2015-12-16;USD_OIS_SOFR_1Y;0.00183;0.00203
2015-12-17;USD_OIS_SOFR_1Y;0.00183;0.00203
2015-12-18;USD_OIS_SOFR_1Y;0.00183;0.00203
2015-12-21;USD_OIS_SOFR_1Y;0.00183;0.00203
2015-12-22;USD_OIS_SOFR_1Y;0.00183;0.00203
2015-12-23;USD_OIS_SOFR_1Y;0.003383;0.005077
2015-12-24;USD_OIS_SOFR_1Y;0.003408;0.005052
2015-12-28;USD_OIS_SOFR_1Y;0.003433;0.005027
2015-12-29;USD_OIS_SOFR_1Y;0.003458;0.005002
2015-12-30;USD_OIS_SOFR_1Y;0.00338;0.00488
2015-12-31;USD_OIS_SOFR_1Y;0.003403;0.004857
2016-01-04;USD_OIS_SOFR_1Y;0.003425;0.004835
2016-01-05;USD_OIS_SOFR_1Y;0.003447;0.004813
2016-01-06;USD_OIS_SOFR_1Y;0.00249;0.00397
2016-01-07;USD_OIS_SOFR_1Y;0.002512;0.003948
2016-01-08;USD_OIS_SOFR_1Y;0.002534;0.003926
2016-01-11;USD_OIS_SOFR_1Y;0.002555;0.003905
2016-01-12;USD_OIS_SOFR_1Y;0.002576;0.003884
2016-01-13;USD_OIS_SOFR_1Y;0.003415;0.004845
2016-01-14;USD_OIS_SOFR_1Y;0.003437;0.004823
2016-01-15;USD_OIS_SOFR_1Y;0.003458;0.004802
2016-01-19;USD_OIS_SOFR_1Y;0.003478;0.004782
2016-01-20;USD_OIS_SOFR_1Y;0.003498;0.004762
2016-01-21;USD_OIS_SOFR_1Y;0.003517;0.004743
2016-01-22;USD_OIS_SOFR_1Y;0.003536;0.004724
2016-01-25;USD_OIS_SOFR_1Y;0.003554;0.004706
2016-01-26;USD_OIS_SOFR_1Y;0.003572;0.004688
2016-01-27;USD_OIS_SOFR_1Y;0.003784;0.004876
2016-01-28;USD_OIS_SOFR_1Y;0.0038;0.00486
2016-01-29;USD_OIS_SOFR_1Y;0.003816;0.004844
2016-02-01;USD_OIS_SOFR_1Y;0.003832;0.004828
2016-02-02;USD_OIS_SOFR_1Y;0.003847;0.004813
2016-02-03;USD_OIS_SOFR_1Y;0.003439;0.004421
2016-02-04;USD_OIS_SOFR_1Y;0.003454;0.004406
2016-02-05;USD_OIS_SOFR_1Y;0.003469;0.004391
2016-02-08;USD_OIS_SOFR_1Y;0.003483;0.004377
2016-02-09;USD_OIS_SOFR_1Y;0.003496;0.004364
2016-02-10;USD_OIS_SOFR_1Y;0.003885;0.004775
2016-02-11;USD_OIS_SOFR_1Y;0.003898;0.004762
2016-02-12;USD_OIS_SOFR_1Y;0.003911;0.004749
2016-02-16;USD_OIS_SOFR_1Y;0.003924;0.004736
2016-02-17;USD_OIS_SOFR_1Y;0.003937;0.004723
2016-02-18;USD_OIS_SOFR_1Y;0.003949;0.004711
2016-02-19;USD_OIS_SOFR_1Y;0.00396;0.0047
2016-02-22;USD_OIS_SOFR_1Y;0.003971;0.004689
2016-02-23;USD_OIS_SOFR_1Y;0.003982;0.004678
2016-02-24;USD_OIS_SOFR_1Y;0.003993;0.004667
2016-02-25;USD_OIS_SOFR_1Y;0.004003;0.004657
2016-02-26;USD_OIS_SOFR_1Y;0.004013;0.004647
2016-02-29;USD_OIS_SOFR_1Y;0.004023;0.004637
2016-03-01;USD_OIS_SOFR_1Y;0.004032;0.004628
2016-03-02;USD_OIS_SOFR_1Y;0.003832;0.004428
2016-03-03;USD_OIS_SOFR_1Y;0.003841;0.004419
2016-03-04;USD_OIS_SOFR_1Y;0.00385;0.00441
2016-03-07;USD_OIS_SOFR_1Y;0.003858;0.004402
2016-03-08;USD_OIS_SOFR_1Y;0.003867;0.004393
2016-03-09;USD_OIS_SOFR_1Y;0.003875;0.004385
2016-03-10;USD_OIS_SOFR_1Y;0.003883;0.004377
2016-03-11;USD_OIS_SOFR_1Y;0.00389;0.00437
2016-03-14;USD_OIS_SOFR_1Y;0.003897;0.004363
2016-03-15;USD_OIS_SOFR_1Y;0.003904;0.004356
2016-03-16;USD_OIS_SOFR_1Y;0.003911;0.004349
2016-03-17;USD_OIS_SOFR_1Y;0.003918;0.004342
2016-03-18;USD_OIS_SOFR_1Y;0.003924;0.004336
2016-03-21;USD_OIS_SOFR_1Y;0.003931;0.004329
2016-03-22;USD_OIS_SOFR_1Y;0.003937;0.004323
2016-03-23;USD_OIS_SOFR_1Y;0.004039;0.004421
2016-03-24;USD_OIS_SOFR_1Y;0.004045;0.004415
2016-03-28;USD_OIS_SOFR_1Y;0.004051;0.004409
2016-03-29;USD_OIS_SOFR_1Y;0.004056;0.004404
2016-03-30;USD_OIS_SOFR_1Y;0.004061;0.004399
2016-03-31;USD_OIS_SOFR_1Y;0.004066;0.004394
2016-04-01;USD_OIS_SOFR_1Y;0.004071;0.004389
2016-04-04;USD_OIS_SOFR_1Y;0.004076;0.004384
2016-04-05;USD_OIS_SOFR_1Y;0.004081;0.004379
2016-04-06;USD_OIS_SOFR_1Y;0.003868;0.004192
2016-04-07;USD_OIS_SOFR_1Y;0.003873;0.004187
2016-04-08;USD_OIS_SOFR_1Y;0.003878;0.004182
2016-04-11;USD_OIS_SOFR_1Y;0.003882;0.004178
2016-04-12;USD_OIS_SOFR_1Y;0.003887;0.004173
2016-04-13;USD_OIS_SOFR_1Y;0.004073;0.004387
2016-04-14;USD_OIS_SOFR_1Y;0.004078;0.004382
2016-04-15;USD_OIS_SOFR_1Y;0.004082;0.004378
2016-04-18;USD_OIS_SOFR_1Y;0.004087;0.004373
2016-04-19;USD_OIS_SOFR_1Y;0.004091;0.004369
2016-04-20;USD_OIS_SOFR_1Y;0.004095;0.004365
2016-04-21;USD_OIS_SOFR_1Y;0.004099;0.004361
2016-04-22;USD_OIS_SOFR_1Y;0.004103;0.004357
2016-04-25;USD_OIS_SOFR_1Y;0.004107;0.004353
2016-04-26;USD_OIS_SOFR_1Y;0.004111;0.004349
2016-04-27;USD_OIS_SOFR_1Y;0.004115;0.004345
2016-04-28;USD_OIS_SOFR_1Y;0.004118;0.004342
2016-04-29;USD_OIS_SOFR_1Y;0.004122;0.004338
2016-05-02;USD_OIS_SOFR_1Y;0.004125;0.004335
2016-05-03;USD_OIS_SOFR_1Y;0.004128;0.004332
2016-05-04;USD_OIS_SOFR_1Y;0.003782;0.004078
2016-05-05;USD_OIS_SOFR_1Y;0.003786;0.004074
2016-05-06;USD_OIS_SOFR_1Y;0.003791;0.004069
2016-05-09;USD_OIS_SOFR_1Y;0.003795;0.004065
2016-05-10;USD_OIS_SOFR_1Y;0.003799;0.004061
2016-05-11;USD_OIS_SOFR_1Y;0.004062;0.004398
2016-05-12;USD_OIS_SOFR_1Y;0.004067;0.004393
2016-05-13;USD_OIS_SOFR_1Y;0.004072;0.004388
2016-05-16;USD_OIS_SOFR_1Y;0.004077;0.004383
2016-05-17;USD_OIS_SOFR_1Y;0.004082;0.004378
2016-05-18;USD_OIS_SOFR_1Y;0.004086;0.004374
2016-05-19;USD_OIS_SOFR_1Y;0.00409;0.00437
2016-05-20;USD_OIS_SOFR_1Y;0.004095;0.004365
2016-05-23;USD_OIS_SOFR_1Y;0.004099;0.004361
2016-05-24;USD_OIS_SOFR_1Y;0.004103;0.004357
2016-05-25;USD_OIS_SOFR_1Y;0.004107;0.004353
2016-05-26;USD_OIS_SOFR_1Y;0.00411;0.00435
2016-05-27;USD_OIS_SOFR_1Y;0.004114;0.004346
2016-05-31;USD_OIS_SOFR_1Y;0.004118;0.004342
2016-06-01;USD_OIS_SOFR_1Y;0.004015;0.004245
2016-06-02;USD_OIS_SOFR_1Y;0.004019;0.004241
2016-06-03;USD_OIS_SOFR_1Y;0.004022;0.004238
2016-06-06;USD_OIS_SOFR_1Y;0.004025;0.004235
2016-06-07;USD_OIS_SOFR_1Y;0.004028;0.004232
2016-06-08;USD_OIS_SOFR_1Y;0.004125;0.004335
2016-06-09;USD_OIS_SOFR_1Y;0.004128;0.004332
2016-06-10;USD_OIS_SOFR_1Y;0.00413;0.00433
2016-06-13;USD_OIS_SOFR_1Y;0.00413;0.00433
2016-06-14;USD_OIS_SOFR_1Y;0.00413;0.00433
2016-06-15;USD_OIS_SOFR_1Y;0.00413;0.00433
2016-06-16;USD_OIS_SOFR_1Y;0.00413;0.00433
2016-06-17;USD_OIS_SOFR_1Y;0.00413;0.00433
2016-06-20;USD_OIS_SOFR_1Y;0.00413;0.00433
2016-06-21;USD_OIS_SOFR_1Y;0.00413;0.00433
2016-06-22;USD_OIS_SOFR_1Y;0.00423;0.00443
2016-06-23;USD_OIS_SOFR_1Y;0.00423;0.00443
2016-06-24;USD_OIS_SOFR_1Y;0.00423;0.00443
2016-06-27;USD_OIS_SOFR_1Y;0.00423;0.00443
2016-06-28;USD_OIS_SOFR_1Y;0.00423;0.00443
2016-06-29;USD_OIS_SOFR_1Y;0.004426;0.004634
2016-06-30;USD_OIS_SOFR_1Y;0.004429;0.004631
2016-07-01;USD_OIS_SOFR_1Y;0.00443;0.00463
2016-07-05;USD_OIS_SOFR_1Y;0.00443;0.00463
2016-07-06;USD_OIS_SOFR_1Y;0.00433;0.00453
2016-07-07;USD_OIS_SOFR_1Y;0.00433;0.00453
2016-07-08;USD_OIS_SOFR_1Y;0.00433;0.00453
2016-07-11;USD_OIS_SOFR_1Y;0.00433;0.00453
2016-07-12;USD_OIS_SOFR_1Y;0.00433;0.00453
2016-07-13;USD_OIS_SOFR_1Y;0.00443;0.00463
2016-07-14;USD_OIS_SOFR_1Y;0.00443;0.00463
2016-07-15;USD_OIS_SOFR_1Y;0.00443;0.00463
2016-07-18;USD_OIS_SOFR_1Y;0.00443;0.00463
2016-07-19;USD_OIS_SOFR_1Y;0.00443;0.00463
2016-07-20;USD_OIS_SOFR_1Y;0.00443;0.00463
2016-07-21;USD_OIS_SOFR_1Y;0.00443;0.00463
2016-07-22;USD_OIS_SOFR_1Y;0.00443;0.00463
2016-07-25;USD_OIS_SOFR_1Y;0.00443;0.00463
2016-07-26;USD_OIS_SOFR_1Y;0.00443;0.00463
2016-07-27;USD_OIS_SOFR_1Y;0.00443;0.00463
2016-07-28;USD_OIS_SOFR_1Y;0.00443;0.00463
2016-07-29;USD_OIS_SOFR_1Y;0.00443;0.00463
2016-08-01;USD_OIS_SOFR_1Y;0.00443;0.00463
2016-08-02;USD_OIS_SOFR_1Y;0.00443;0.00463
2016-08-03;USD_OIS_SOFR_1Y;0.003972;0.004288
2016-08-04;USD_OIS_SOFR_1Y;0.003977;0.004283
2016-08-05;USD_OIS_SOFR_1Y;0.003981;0.004279
2016-08-08;USD_OIS_SOFR_1Y;0.003986;0.004274
2016-08-09;USD_OIS_SOFR_1Y;0.00399;0.00427
2016-08-10;USD_OIS_SOFR_1Y;0.00433;0.00473
2016-08-11;USD_OIS_SOFR_1Y;0.004336;0.004724
2016-08-12;USD_OIS_SOFR_1Y;0.004342;0.004718
2016-08-15;USD_OIS_SOFR_1Y;0.004348;0.004712
2016-08-16;USD_OIS_SOFR_1Y;0.004353;0.004707
2016-08-17;USD_OIS_SOFR_1Y;0.004359;0.004701
2016-08-18;USD_OIS_SOFR_1Y;0.004364;0.004696
2016-08-19;USD_OIS_SOFR_1Y;0.004369;0.004691
2016-08-22;USD_OIS_SOFR_1Y;0.004374;0.004686
2016-08-23;USD_OIS_SOFR_1Y;0.004379;0.004681
2016-08-24;USD_OIS_SOFR_1Y;0.004383;0.004677
2016-08-25;USD_OIS_SOFR_1Y;0.004388;0.004672
2016-08-26;USD_OIS_SOFR_1Y;0.004392;0.004668
2016-08-29;USD_OIS_SOFR_1Y;0.004396;0.004664
2016-08-30;USD_OIS_SOFR_1Y;0.0044;0.00466
2016-08-31;USD_OIS_SOFR_1Y;0.004299;0.004561
2016-09-01;USD_OIS_SOFR_1Y;0.004303;0.004557
2016-09-02;USD_OIS_SOFR_1Y;0.004307;0.004553
2016-09-06;USD_OIS_SOFR_1Y;0.004311;0.004549
2016-09-07;USD_OIS_SOFR_1Y;0.004409;0.004651
2016-09-08;USD_OIS_SOFR_1Y;0.004412;0.004648
2016-09-09;USD_OIS_SOFR_1Y;0.004416;0.004644
2016-09-12;USD_OIS_SOFR_1Y;0.004419;0.004641
2016-09-13;USD_OIS_SOFR_1Y;0.004423;0.004637
2016-09-14;USD_OIS_SOFR_1Y;0.004426;0.004634
2016-09-15;USD_OIS_SOFR_1Y;0.004429;0.004631
2016-09-16;USD_OIS_SOFR_1Y;0.00443;0.00463
2016-09-19;USD_OIS_SOFR_1Y;0.00443;0.00463
2016-09-20;USD_OIS_SOFR_1Y;0.00443;0.00463
2016-09-21;USD_OIS_SOFR_1Y;0.00443;0.00463
2016-09-22;USD_OIS_SOFR_1Y;0.00443;0.00463
2016-09-23;USD_OIS_SOFR_1Y;0.00443;0.00463
2016-09-26;USD_OIS_SOFR_1Y;0.00443;0.00463
2016-09-27;USD_OIS_SOFR_1Y;0.00443;0.00463
2016-09-28;USD_OIS_SOFR_1Y;0.00443;0.00463
2016-09-29;USD_OIS_SOFR_1Y;0.00443;0.00463
2016-09-30;USD_OIS_SOFR_1Y;0.00443;0.00463
2016-10-03;USD_OIS_SOFR_1Y;0.00443;0.00463
2016-10-04;USD_OIS_SOFR_1Y;0.00443;0.00463
2016-10-05;USD_OIS_SOFR_1Y;0.003835;0.004225
2016-10-06;USD_OIS_SOFR_1Y;0.003841;0.004219
2016-10-07;USD_OIS_SOFR_1Y;0.003847;0.004213
2016-10-11;USD_OIS_SOFR_1Y;0.003852;0.004208
2016-10-12;USD_OIS_SOFR_1Y;0.004278;0.004782
2016-10-13;USD_OIS_SOFR_1Y;0.004286;0.004774
2016-10-14;USD_OIS_SOFR_1Y;0.004293;0.004767
2016-10-17;USD_OIS_SOFR_1Y;0.0043;0.00476
2016-10-18;USD_OIS_SOFR_1Y;0.004307;0.004753
2016-10-19;USD_OIS_SOFR_1Y;0.004411;0.004849
2016-10-20;USD_OIS_SOFR_1Y;0.004418;0.004842
2016-10-21;USD_OIS_SOFR_1Y;0.004424;0.004836
2016-10-24;USD_OIS_SOFR_1Y;0.004431;0.004829
2016-10-25;USD_OIS_SOFR_1Y;0.004437;0.004823
2016-10-26;USD_OIS_SOFR_1Y;0.004442;0.004818
2016-10-27;USD_OIS_SOFR_1Y;0.004448;0.004812
2016-10-28;USD_OIS_SOFR_1Y;0.004454;0.004806
2016-10-31;USD_OIS_SOFR_1Y;0.004459;0.004801
2016-11-01;USD_OIS_SOFR_1Y;0.004464;0.004796
2016-11-02;USD_OIS_SOFR_1Y;0.004365;0.004695
2016-11-03;USD_OIS_SOFR_1Y;0.00437;0.00469
2016-11-04;USD_OIS_SOFR_1Y;0.004375;0.004685
2016-11-07;USD_OIS_SOFR_1Y;0.00438;0.00468
2016-11-08;USD_OIS_SOFR_1Y;0.004384;0.004676
2016-11-09;USD_OIS_SOFR_1Y;0.004484;0.004776
2016-11-10;USD_OIS_SOFR_1Y;0.004489;0.004771
2016-11-14;USD_OIS_SOFR_1Y;0.004493;0.004767
2016-11-15;USD_OIS_SOFR_1Y;0.004497;0.004763
2016-11-16;USD_OIS_SOFR_1Y;0.004501;0.004759
2016-11-17;USD_OIS_SOFR_1Y;0.004505;0.004755
2016-11-18;USD_OIS_SOFR_1Y;0.004509;0.004751
2016-11-21;USD_OIS_SOFR_1Y;0.004513;0.004747
2016-11-22;USD_OIS_SOFR_1Y;0.004516;0.004744
2016-11-23;USD_OIS_SOFR_1Y;0.00452;0.00474
2016-11-25;USD_OIS_SOFR_1Y;0.004523;0.004737
2016-11-28;USD_OIS_SOFR_1Y;0.004526;0.004734
2016-11-29;USD_OIS_SOFR_1Y;0.004529;0.004731
2016-11-30;USD_OIS_SOFR_1Y;0.004426;0.004634
2016-12-01;USD_OIS_SOFR_1Y;0.004429;0.004631
2016-12-02;USD_OIS_SOFR_1Y;0.00443;0.00463
2016-12-05;USD_OIS_SOFR_1Y;0.00443;0.00463
2016-12-06;USD_OIS_SOFR_1Y;0.00443;0.00463
2016-12-07;USD_OIS_SOFR_1Y;0.00453;0.00473
2016-12-08;USD_OIS_SOFR_1Y;0.00453;0.00473
2016-12-09;USD_OIS_SOFR_1Y;0.00453;0.00473
2016-12-12;USD_OIS_SOFR_1Y;0.00453;0.00473
2016-12-13;USD_OIS_SOFR_1Y;0.00453;0.00473
2016-12-14;USD_OIS_SOFR_1Y;0.00453;0.00473
2016-12-15;USD_OIS_SOFR_1Y;0.00453;0.00473
2016-12-16;USD_OIS_SOFR_1Y;0.00453;0.00473
2016-12-19;USD_OIS_SOFR_1Y;0.00453;0.00473
2016-12-20;USD_OIS_SOFR_1Y;0.00453;0.00473
2016-12-21;USD_OIS_SOFR_1Y;0.006209;0.008051
2016-12-22;USD_OIS_SOFR_1Y;0.006237;0.008023
2016-12-23;USD_OIS_SOFR_1Y;0.006264;0.007996
2016-12-27;USD_OIS_SOFR_1Y;0.00629;0.00797
2016-12-28;USD_OIS_SOFR_1Y;0.006316;0.007944
2016-12-29;USD_OIS_SOFR_1Y;0.006341;0.007919
2016-12-30;USD_OIS_SOFR_1Y;0.006365;0.007895
2017-01-03;USD_OIS_SOFR_1Y;0.006388;0.007872
2017-01-04;USD_OIS_SOFR_1Y;0.005778;0.007282
2017-01-05;USD_OIS_SOFR_1Y;0.005801;0.007259
2017-01-06;USD_OIS_SOFR_1Y;0.005823;0.007237
2017-01-09;USD_OIS_SOFR_1Y;0.005844;0.007216
2017-01-10;USD_OIS_SOFR_1Y;0.005865;0.007195
2017-01-11;USD_OIS_SOFR_1Y;0.006449;0.007811
2017-01-12;USD_OIS_SOFR_1Y;0.00647;0.00779
2017-01-13;USD_OIS_SOFR_1Y;0.00649;0.00777
2017-01-17;USD_OIS_SOFR_1Y;0.006509;0.007751
2017-01-18;USD_OIS_SOFR_1Y;0.006528;0.007732
2017-01-19;USD_OIS_SOFR_1Y;0.006546;0.007714
2017-01-20;USD_OIS_SOFR_1Y;0.006564;0.007696
2017-01-23;USD_OIS_SOFR_1Y;0.006581;0.007679
2017-01-24;USD_OIS_SOFR_1Y;0.006598;0.007662
2017-01-25;USD_OIS_SOFR_1Y;0.006614;0.007646
2017-01-26;USD_OIS_SOFR_1Y;0.00663;0.00763
2017-01-27;USD_OIS_SOFR_1Y;0.006645;0.007615
2017-01-30;USD_OIS_SOFR_1Y;0.00666;0.0076
2017-01-31;USD_OIS_SOFR_1Y;0.006674;0.007586
2017-02-01;USD_OIS_SOFR_1Y;0.006587;0.007473
2017-02-02;USD_OIS_SOFR_1Y;0.0066;0.00746
2017-02-03;USD_OIS_SOFR_1Y;0.006613;0.007447
2017-02-06;USD_OIS_SOFR_1Y;0.006626;0.007434
2017-02-07;USD_OIS_SOFR_1Y;0.006638;0.007422
2017-02-08;USD_OIS_SOFR_1Y;0.006749;0.007511
2017-02-09;USD_OIS_SOFR_1Y;0.00676;0.0075
2017-02-10;USD_OIS_SOFR_1Y;0.006771;0.007489
2017-02-13;USD_OIS_SOFR_1Y;0.006782;0.007478
2017-02-14;USD_OIS_SOFR_1Y;0.006793;0.007467
2017-02-15;USD_OIS_SOFR_1Y;0.006803;0.007457
2017-02-16;USD_OIS_SOFR_1Y;0.006813;0.007447
2017-02-17;USD_OIS_SOFR_1Y;0.006823;0.007437
2017-02-21;USD_OIS_SOFR_1Y;0.006832;0.007428
2017-02-22;USD_OIS_SOFR_1Y;0.006841;0.007419
2017-02-23;USD_OIS_SOFR_1Y;0.00685;0.00741
2017-02-24;USD_OIS_SOFR_1Y;0.006859;0.007401
2017-02-27;USD_OIS_SOFR_1Y;0.006867;0.007393
2017-02-28;USD_OIS_SOFR_1Y;0.006875;0.007385
2017-03-01;USD_OIS_SOFR_1Y;0.00678;0.00728
2017-03-02;USD_OIS_SOFR_1Y;0.006788;0.007272
2017-03-03;USD_OIS_SOFR_1Y;0.006795;0.007265
2017-03-06;USD_OIS_SOFR_1Y;0.006802;0.007258
2017-03-07;USD_OIS_SOFR_1Y;0.006809;0.007251
2017-03-08;USD_OIS_SOFR_1Y;0.006913;0.007347
2017-03-09;USD_OIS_SOFR_1Y;0.006919;0.007341
2017-03-10;USD_OIS_SOFR_1Y;0.006926;0.007334
2017-03-13;USD_OIS_SOFR_1Y;0.006932;0.007328
2017-03-14;USD_OIS_SOFR_1Y;0.006938;0.007322
2017-03-15;USD_OIS_SOFR_1Y;0.006944;0.007316
2017-03-16;USD_OIS_SOFR_1Y;0.006949;0.007311
2017-03-17;USD_OIS_SOFR_1Y;0.006955;0.007305
2017-03-20;USD_OIS_SOFR_1Y;0.00696;0.0073
2017-03-21;USD_OIS_SOFR_1Y;0.006965;0.007295
2017-03-22;USD_OIS_SOFR_1Y;0.008698;0.010562
2017-03-23;USD_OIS_SOFR_1Y;0.008726;0.010534
2017-03-24;USD_OIS_SOFR_1Y;0.008754;0.010506
2017-03-27;USD_OIS_SOFR_1Y;0.00878;0.01048
2017-03-28;USD_OIS_SOFR_1Y;0.008806;0.010454
2017-03-29;USD_OIS_SOFR_1Y;0.008831;0.010429
2017-03-30;USD_OIS_SOFR_1Y;0.008856;0.010404
2017-03-31;USD_OIS_SOFR_1Y;0.008879;0.010381
2017-04-03;USD_OIS_SOFR_1Y;0.008902;0.010358
2017-04-04;USD_OIS_SOFR_1Y;0.008924;0.010336
2017-04-05;USD_OIS_SOFR_1Y;0.00853;0.00993
2017-04-06;USD_OIS_SOFR_1Y;0.008551;0.009909
2017-04-07;USD_OIS_SOFR_1Y;0.008572;0.009888
2017-04-10;USD_OIS_SOFR_1Y;0.008592;0.009868
2017-04-11;USD_OIS_SOFR_1Y;0.008612;0.009848
2017-04-12;USD_OIS_SOFR_1Y;0.009013;0.010247
2017-04-13;USD_OIS_SOFR_1Y;0.009032;0.010228
2017-04-17;USD_OIS_SOFR_1Y;0.00905;0.01021
2017-04-18;USD_OIS_SOFR_1Y;0.009067;0.010193
2017-04-19;USD_OIS_SOFR_1Y;0.009085;0.010175
2017-04-20;USD_OIS_SOFR_1Y;0.009101;0.010159
2017-04-21;USD_OIS_SOFR_1Y;0.009117;0.010143
2017-04-24;USD_OIS_SOFR_1Y;0.009133;0.010127
2017-04-25;USD_OIS_SOFR_1Y;0.009148;0.010112
2017-04-26;USD_OIS_SOFR_1Y;0.009163;0.010097
2017-04-27;USD_OIS_SOFR_1Y;0.009177;0.010083
2017-04-28;USD_OIS_SOFR_1Y;0.009191;0.010069
2017-05-01;USD_OIS_SOFR_1Y;0.009204;0.010056
2017-05-02;USD_OIS_SOFR_1Y;0.009217;0.010043
2017-05-03;USD_OIS_SOFR_1Y;0.008915;0.009745
2017-05-04;USD_OIS_SOFR_1Y;0.008927;0.009733
2017-05-05;USD_OIS_SOFR_1Y;0.00894;0.00972
2017-05-08;USD_OIS_SOFR_1Y;0.008952;0.009708
2017-05-09;USD_OIS_SOFR_1Y;0.008963;0.009697
2017-05-10;USD_OIS_SOFR_1Y;0.009258;0.010002
2017-05-11;USD_OIS_SOFR_1Y;0.009269;0.009991
2017-05-12;USD_OIS_SOFR_1Y;0.00928;0.00998
2017-05-15;USD_OIS_SOFR_1Y;0.009291;0.009969
2017-05-16;USD_OIS_SOFR_1Y;0.009301;0.009959
2017-05-17;USD_OIS_SOFR_1Y;0.009311;0.009949
2017-05-18;USD_OIS_SOFR_1Y;0.009321;0.009939
2017-05-19;USD_OIS_SOFR_1Y;0.00933;0.00993
2017-05-22;USD_OIS_SOFR_1Y;0.009339;0.009921
2017-05-23;USD_OIS_SOFR_1Y;0.009348;0.009912
2017-05-24;USD_OIS_SOFR_1Y;0.009357;0.009903
2017-05-25;USD_OIS_SOFR_1Y;0.009365;0.009895
2017-05-26;USD_OIS_SOFR_1Y;0.009373;0.009887
2017-05-30;USD_OIS_SOFR_1Y;0.009381;0.009879
2017-05-31;USD_OIS_SOFR_1Y;0.009286;0.009774
2017-06-01;USD_OIS_SOFR_1Y;0.009293;0.009767
2017-06-02;USD_OIS_SOFR_1Y;0.0093;0.00976
2017-06-05;USD_OIS_SOFR_1Y;0.009307;0.009753
2017-06-06;USD_OIS_SOFR_1Y;0.009314;0.009746
2017-06-07;USD_OIS_SOFR_1Y;0.009418;0.009842
2017-06-08;USD_OIS_SOFR_1Y;0.009424;0.009836
2017-06-09;USD_OIS_SOFR_1Y;0.00943;0.00983
2017-06-12;USD_OIS_SOFR_1Y;0.009436;0.009824
2017-06-13;USD_OIS_SOFR_1Y;0.009442;0.009818
2017-06-14;USD_OIS_SOFR_1Y;0.009448;0.009812
2017-06-15;USD_OIS_SOFR_1Y;0.009454;0.009806
2017-06-16;USD_OIS_SOFR_1Y;0.009459;0.009801
2017-06-19;USD_OIS_SOFR_1Y;0.009464;0.009796
2017-06-20;USD_OIS_SOFR_1Y;0.009469;0.009791
2017-06-21;USD_OIS_SOFR_1Y;0.011198;0.013062
2017-06-22;USD_OIS_SOFR_1Y;0.011227;0.013033
2017-06-23;USD_OIS_SOFR_1Y;0.011254;0.013006
2017-06-26;USD_OIS_SOFR_1Y;0.011281;0.012979
2017-06-27;USD_OIS_SOFR_1Y;0.011307;0.012953
2017-06-28;USD_OIS_SOFR_1Y;0.011332;0.012928
2017-06-29;USD_OIS_SOFR_1Y;0.011356;0.012904
2017-06-30;USD_OIS_SOFR_1Y;0.01138;0.01288
2017-07-03;USD_OIS_SOFR_1Y;0.011403;0.012857
2017-07-05;USD_OIS_SOFR_1Y;0.01101;0.01245
2017-07-06;USD_OIS_SOFR_1Y;0.011032;0.012428
2017-07-07;USD_OIS_SOFR_1Y;0.011053;0.012407
2017-07-10;USD_OIS_SOFR_1Y;0.011073;0.012387
2017-07-11;USD_OIS_SOFR_1Y;0.011093;0.012367
2017-07-12;USD_OIS_SOFR_1Y;0.011496;0.012764
2017-07-13;USD_OIS_SOFR_1Y;0.011515;0.012745
2017-07-14;USD_OIS_SOFR_1Y;0.011534;0.012726
2017-07-17;USD_OIS_SOFR_1Y;0.011552;0.012708
2017-07-18;USD_OIS_SOFR_1Y;0.011569;0.012691
2017-07-19;USD_OIS_SOFR_1Y;0.011587;0.012673
2017-07-20;USD_OIS_SOFR_1Y;0.011603;0.012657
2017-07-21;USD_OIS_SOFR_1Y;0.011619;0.012641
2017-07-24;USD_OIS_SOFR_1Y;0.011635;0.012625
2017-07-25;USD_OIS_SOFR_1Y;0.01165;0.01261
2017-07-26;USD_OIS_SOFR_1Y;0.011664;0.012596
2017-07-27;USD_OIS_SOFR_1Y;0.011679;0.012581
2017-07-28;USD_OIS_SOFR_1Y;0.011692;0.012568
2017-07-31;USD_OIS_SOFR_1Y;0.011706;0.012554
2017-08-01;USD_OIS_SOFR_1Y;0.011719;0.012541
2017-08-02;USD_OIS_SOFR_1Y;0.011629;0.012431
2017-08-03;USD_OIS_SOFR_1Y;0.011642;0.012418
2017-08-04;USD_OIS_SOFR_1Y;0.011653;0.012407
2017-08-07;USD_OIS_SOFR_1Y;0.011665;0.012395
2017-08-08;USD_OIS_SOFR_1Y;0.011676;0.012384
2017-08-09;USD_OIS_SOFR_1Y;0.011785;0.012475
2017-08-10;USD_OIS_SOFR_1Y;0.011795;0.012465
2017-08-11;USD_OIS_SOFR_1Y;0.011806;0.012454
2017-08-14;USD_OIS_SOFR_1Y;0.011815;0.012445
2017-08-15;USD_OIS_SOFR_1Y;0.011825;0.012435
2017-08-16;USD_OIS_SOFR_1Y;0.011834;0.012426
2017-08-17;USD_OIS_SOFR_1Y;0.011843;0.012417
2017-08-18;USD_OIS_SOFR_1Y;0.011852;0.012408
2017-08-21;USD_OIS_SOFR_1Y;0.011861;0.012399
2017-08-22;USD_OIS_SOFR_1Y;0.011869;0.012391
2017-08-23;USD_OIS_SOFR_1Y;0.011877;0.012383
2017-08-24;USD_OIS_SOFR_1Y;0.011884;0.012376
2017-08-25;USD_OIS_SOFR_1Y;0.011892;0.012368
2017-08-28;USD_OIS_SOFR_1Y;0.011899;0.012361
2017-08-29;USD_OIS_SOFR_1Y;0.011906;0.012354
2017-08-30;USD_OIS_SOFR_1Y;0.011913;0.012347
2017-08-31;USD_OIS_SOFR_1Y;0.01192;0.01234
2017-09-01;USD_OIS_SOFR_1Y;0.011926;0.012334
2017-09-05;USD_OIS_SOFR_1Y;0.011932;0.012328
2017-09-06;USD_OIS_SOFR_1Y;0.011835;0.012225
2017-09-07;USD_OIS_SOFR_1Y;0.011841;0.012219
2017-09-08;USD_OIS_SOFR_1Y;0.011846;0.012214
2017-09-11;USD_OIS_SOFR_1Y;0.011852;0.012208
2017-09-12;USD_OIS_SOFR_1Y;0.011858;0.012202
2017-09-13;USD_OIS_SOFR_1Y;0.011959;0.012301
2017-09-14;USD_OIS_SOFR_1Y;0.011964;0.012296
2017-09-15;USD_OIS_SOFR_1Y;0.011969;0.012291
2017-09-18;USD_OIS_SOFR_1Y;0.011974;0.012286
2017-09-19;USD_OIS_SOFR_1Y;0.011979;0.012281
2017-09-20;USD_OIS_SOFR_1Y;0.011983;0.012277
2017-09-21;USD_OIS_SOFR_1Y;0.011988;0.012272
2017-09-22;USD_OIS_SOFR_1Y;0.011992;0.012268
2017-09-25;USD_OIS_SOFR_1Y;0.011996;0.012264
2017-09-26;USD_OIS_SOFR_1Y;0.012;0.01226
2017-09-27;USD_OIS_SOFR_1Y;0.012004;0.012256
2017-09-28;USD_OIS_SOFR_1Y;0.012008;0.012252
2017-09-29;USD_OIS_SOFR_1Y;0.012012;0.012248
2017-10-02;USD_OIS_SOFR_1Y;0.012015;0.012245
2017-10-03;USD_OIS_SOFR_1Y;0.012019;0.012241
2017-10-04;USD_OIS_SOFR_1Y;0.011548;0.011912
2017-10-05;USD_OIS_SOFR_1Y;0.011553;0.011907
2017-10-06;USD_OIS_SOFR_1Y;0.011559;0.011901
2017-10-10;USD_OIS_SOFR_1Y;0.011564;0.011896
2017-10-11;USD_OIS_SOFR_1Y;0.011912;0.012348
2017-10-12;USD_OIS_SOFR_1Y;0.011919;0.012341
2017-10-13;USD_OIS_SOFR_1Y;0.011925;0.012335
2017-10-16;USD_OIS_SOFR_1Y;0.011931;0.012329
2017-10-17;USD_OIS_SOFR_1Y;0.011937;0.012323
2017-10-18;USD_OIS_SOFR_1Y;0.011943;0.012317
2017-10-19;USD_OIS_SOFR_1Y;0.011949;0.012311
2017-10-20;USD_OIS_SOFR_1Y;0.011954;0.012306
2017-10-23;USD_OIS_SOFR_1Y;0.01196;0.0123
2017-10-24;USD_OIS_SOFR_1Y;0.011965;0.012295
2017-10-25;USD_OIS_SOFR_1Y;0.01197;0.01229
2017-10-26;USD_OIS_SOFR_1Y;0.011975;0.012285
2017-10-27;USD_OIS_SOFR_1Y;0.01198;0.01228
2017-10-30;USD_OIS_SOFR_1Y;0.011984;0.012276
2017-10-31;USD_OIS_SOFR_1Y;0.011989;0.012271
2017-11-01;USD_OIS_SOFR_1Y;0.011888;0.012172
2017-11-02;USD_OIS_SOFR_1Y;0.011892;0.012168
2017-11-03;USD_OIS_SOFR_1Y;0.011897;0.012163
2017-11-06;USD_OIS_SOFR_1Y;0.011901;0.012159
2017-11-07;USD_OIS_SOFR_1Y;0.011905;0.012155
2017-11-08;USD_OIS_SOFR_1Y;0.012003;0.012257
2017-11-09;USD_OIS_SOFR_1Y;0.012007;0.012253
2017-11-10;USD_OIS_SOFR_1Y;0.012011;0.012249
2017-11-13;USD_OIS_SOFR_1Y;0.012014;0.012246
2017-11-14;USD_OIS_SOFR_1Y;0.012018;0.012242
2017-11-15;USD_OIS_SOFR_1Y;0.012021;0.012239
2017-11-16;USD_OIS_SOFR_1Y;0.012025;0.012235
2017-11-17;USD_OIS_SOFR_1Y;0.012028;0.012232
2017-11-20;USD_OIS_SOFR_1Y;0.01203;0.01223
2017-11-21;USD_OIS_SOFR_1Y;0.01203;0.01223
2017-11-22;USD_OIS_SOFR_1Y;0.01203;0.01223
2017-11-24;USD_OIS_SOFR_1Y;0.01203;0.01223
2017-11-27;USD_OIS_SOFR_1Y;0.01203;0.01223
2017-11-28;USD_OIS_SOFR_1Y;0.01203;0.01223
2017-11-29;USD_OIS_SOFR_1Y;0.01203;0.01223
2017-11-30;USD_OIS_SOFR_1Y;0.01203;0.01223
2017-12-01;USD_OIS_SOFR_1Y;0.01203;0.01223
2017-12-04;USD_OIS_SOFR_1Y;0.01203;0.01223
2017-12-05;USD_OIS_SOFR_1Y;0.01203;0.01223
2017-12-06;USD_OIS_SOFR_1Y;0.01193;0.01213
2017-12-07;USD_OIS_SOFR_1Y;0.01193;0.01213
2017-12-08;USD_OIS_SOFR_1Y;0.01193;0.01213
2017-12-11;USD_OIS_SOFR_1Y;0.01193;0.01213
2017-12-12;USD_OIS_SOFR_1Y;0.01193;0.01213
2017-12-13;USD_OIS_SOFR_1Y;0.01203;0.01223
2017-12-14;USD_OIS_SOFR_1Y;0.01203;0.01223
2017-12-15;USD_OIS_SOFR_1Y;0.01203;0.01223
2017-12-18;USD_OIS_SOFR_1Y;0.01203;0.01223
2017-12-19;USD_OIS_SOFR_1Y;0.01203;0.01223
2017-12-20;USD_OIS_SOFR_1Y;0.013709;0.015551
2017-12-21;USD_OIS_SOFR_1Y;0.013737;0.015523
2017-12-22;USD_OIS_SOFR_1Y;0.013764;0.015496
2017-12-26;USD_OIS_SOFR_1Y;0.013791;0.015469
2017-12-27;USD_OIS_SOFR_1Y;0.013915;0.015545
2017-12-28;USD_OIS_SOFR_1Y;0.01394;0.01552
2017-12-29;USD_OIS_SOFR_1Y;0.013964;0.015496
2018-01-02;USD_OIS_SOFR_1Y;0.013988;0.015472
2018-01-03;USD_OIS_SOFR_1Y;0.013487;0.014973
2018-01-04;USD_OIS_SOFR_1Y;0.01351;0.01495
2018-01-05;USD_OIS_SOFR_1Y;0.013532;0.014928
2018-01-08;USD_OIS_SOFR_1Y;0.013553;0.014907
2018-01-09;USD_OIS_SOFR_1Y;0.013574;0.014886
2018-01-10;USD_OIS_SOFR_1Y;0.014068;0.015392
2018-01-11;USD_OIS_SOFR_1Y;0.014088;0.015372
2018-01-12;USD_OIS_SOFR_1Y;0.014107;0.015353
2018-01-16;USD_OIS_SOFR_1Y;0.014126;0.015334
2018-01-17;USD_OIS_SOFR_1Y;0.014145;0.015315
2018-01-18;USD_OIS_SOFR_1Y;0.014163;0.015297
2018-01-19;USD_OIS_SOFR_1Y;0.01418;0.01528
2018-01-22;USD_OIS_SOFR_1Y;0.014197;0.015263
2018-01-23;USD_OIS_SOFR_1Y;0.014213;0.015247
2018-01-24;USD_OIS_SOFR_1Y;0.014229;0.015231
2018-01-25;USD_OIS_SOFR_1Y;0.014244;0.015216
2018-01-26;USD_OIS_SOFR_1Y;0.014259;0.015201
2018-01-29;USD_OIS_SOFR_1Y;0.014273;0.015187
2018-01-30;USD_OIS_SOFR_1Y;0.014287;0.015173
2018-01-31;USD_OIS_SOFR_1Y;0.014199;0.015061
2018-02-01;USD_OIS_SOFR_1Y;0.014212;0.015048
2018-02-02;USD_OIS_SOFR_1Y;0.014225;0.015035
2018-02-05;USD_OIS_SOFR_1Y;0.014237;0.015023
2018-02-06;USD_OIS_SOFR_1Y;0.014249;0.015011
2018-02-07;USD_OIS_SOFR_1Y;0.014359;0.015101
2018-02-08;USD_OIS_SOFR_1Y;0.01437;0.01509
2018-02-09;USD_OIS_SOFR_1Y;0.014381;0.015079
2018-02-12;USD_OIS_SOFR_1Y;0.014392;0.015068
2018-02-13;USD_OIS_SOFR_1Y;0.014402;0.015058
2018-02-14;USD_OIS_SOFR_1Y;0.014412;0.015048
2018-02-15;USD_OIS_SOFR_1Y;0.014422;0.015038
2018-02-16;USD_OIS_SOFR_1Y;0.014431;0.015029
2018-02-20;USD_OIS_SOFR_1Y;0.01444;0.01502
2018-02-21;USD_OIS_SOFR_1Y;0.014449;0.015011
2018-02-22;USD_OIS_SOFR_1Y;0.014458;0.015002
2018-02-23;USD_OIS_SOFR_1Y;0.014466;0.014994
2018-02-26;USD_OIS_SOFR_1Y;0.014474;0.014986
2018-02-27;USD_OIS_SOFR_1Y;0.014482;0.014978
2018-02-28;USD_OIS_SOFR_1Y;0.014387;0.014873
2018-03-01;USD_OIS_SOFR_1Y;0.014394;0.014866
2018-03-02;USD_OIS_SOFR_1Y;0.014401;0.014859
2018-03-05;USD_OIS_SOFR_1Y;0.014408;0.014852
2018-03-06;USD_OIS_SOFR_1Y;0.014415;0.014845
2018-03-07;USD_OIS_SOFR_1Y;0.014518;0.014942
2018-03-08;USD_OIS_SOFR_1Y;0.014525;0.014935
2018-03-09;USD_OIS_SOFR_1Y;0.014531;0.014929
2018-03-12;USD_OIS_SOFR_1Y;0.014537;0.014923
2018-03-13;USD_OIS_SOFR_1Y;0.014543;0.014917
2018-03-14;USD_OIS_SOFR_1Y;0.014549;0.014911
2018-03-15;USD_OIS_SOFR_1Y;0.014554;0.014906
2018-03-16;USD_OIS_SOFR_1Y;0.014559;0.014901
2018-03-19;USD_OIS_SOFR_1Y;0.014565;0.014895
2018-03-20;USD_OIS_SOFR_1Y;0.01457;0.01489
2018-03-21;USD_OIS_SOFR_1Y;0.01467;0.01499
2018-03-22;USD_OIS_SOFR_1Y;0.014675;0.014985
2018-03-23;USD_OIS_SOFR_1Y;0.01468;0.01498
2018-03-26;USD_OIS_SOFR_1Y;0.014684;0.014976
2018-03-27;USD_OIS_SOFR_1Y;0.014689;0.014971
2018-03-28;USD_OIS_SOFR_1Y;0.016401;0.018259
2018-03-29;USD_OIS_SOFR_1Y;0.01643;0.01823
2018-04-02;USD_OIS_SOFR_1Y;0.016457;0.018203
2018-04-03;USD_OIS_SOFR_1Y;0.017382;0.019218
2018-04-04;USD_OIS_SOFR_1Y;0.01645;0.01835
2018-04-05;USD_OIS_SOFR_1Y;0.016578;0.018422
2018-04-06;USD_OIS_SOFR_1Y;0.016606;0.018394
2018-04-09;USD_OIS_SOFR_1Y;0.016634;0.018366
2018-04-10;USD_OIS_SOFR_1Y;0.01666;0.01834
2018-04-11;USD_OIS_SOFR_1Y;0.016785;0.018415
2018-04-12;USD_OIS_SOFR_1Y;0.016502;0.018098
2018-04-13;USD_OIS_SOFR_1Y;0.016425;0.017975
2018-04-16;USD_OIS_SOFR_1Y;0.016927;0.018473
2018-04-17;USD_OIS_SOFR_1Y;0.01685;0.01835
2018-04-18;USD_OIS_SOFR_1Y;0.016772;0.018228
2018-04-19;USD_OIS_SOFR_1Y;0.01659;0.01801
2018-04-20;USD_OIS_SOFR_1Y;0.016511;0.017889
2018-04-23;USD_OIS_SOFR_1Y;0.016328;0.017672
2018-04-24;USD_OIS_SOFR_1Y;0.016447;0.017753
2018-04-25;USD_OIS_SOFR_1Y;0.016467;0.017733
2018-04-26;USD_OIS_SOFR_1Y;0.016585;0.017815
2018-04-27;USD_OIS_SOFR_1Y;0.016604;0.017796
2018-04-30;USD_OIS_SOFR_1Y;0.017093;0.018307
2018-05-01;USD_OIS_SOFR_1Y;0.017011;0.018189
2018-05-02;USD_OIS_SOFR_1Y;0.016928;0.018072
2018-05-03;USD_OIS_SOFR_1Y;0.016844;0.017956
2018-05-04;USD_OIS_SOFR_1Y;0.016656;0.017744
2018-05-07;USD_OIS_SOFR_1Y;0.016571;0.017629
2018-05-08;USD_OIS_SOFR_1Y;0.016686;0.017714
2018-05-09;USD_OIS_SOFR_1Y;0.016702;0.017698
2018-05-10;USD_OIS_SOFR_1Y;0.016815;0.017785
2018-05-11;USD_OIS_SOFR_1Y;0.01683;0.01777
2018-05-14;USD_OIS_SOFR_1Y;0.017038;0.017962
2018-05-15;USD_OIS_SOFR_1Y;0.017429;0.018371
2018-05-16;USD_OIS_SOFR_1Y;0.01702;0.01798
2018-05-17;USD_OIS_SOFR_1Y;0.016933;0.017867
2018-05-18;USD_OIS_SOFR_1Y;0.016846;0.017754
2018-05-21;USD_OIS_SOFR_1Y;0.016436;0.017364
2018-05-22;USD_OIS_SOFR_1Y;0.016027;0.016973
2018-05-23;USD_OIS_SOFR_1Y;0.016235;0.017165
2018-05-24;USD_OIS_SOFR_1Y;0.016881;0.017919
2018-05-25;USD_OIS_SOFR_1Y;0.016796;0.017804
2018-05-29;USD_OIS_SOFR_1Y;0.01671;0.01769
2018-05-30;USD_OIS_SOFR_1Y;0.016725;0.017675
2018-05-31;USD_OIS_SOFR_1Y;0.017533;0.018667
2018-06-01;USD_OIS_SOFR_1Y;0.01755;0.01865
2018-06-04;USD_OIS_SOFR_1Y;0.017466;0.018534
2018-06-05;USD_OIS_SOFR_1Y;0.01695;0.01805
2018-06-06;USD_OIS_SOFR_1Y;0.016762;0.017838
2018-06-07;USD_OIS_SOFR_1Y;0.016573;0.017627
2018-06-08;USD_OIS_SOFR_1Y;0.016384;0.017416
2018-06-11;USD_OIS_SOFR_1Y;0.0164;0.0174
2018-06-12;USD_OIS_SOFR_1Y;0.016209;0.017191
2018-06-13;USD_OIS_SOFR_1Y;0.016602;0.017598
2018-06-14;USD_OIS_SOFR_1Y;0.018151;0.019849
2018-06-15;USD_OIS_SOFR_1Y;0.018276;0.019924
2018-06-18;USD_OIS_SOFR_1Y;0.018201;0.019799
2018-06-19;USD_OIS_SOFR_1Y;0.018021;0.019579
2018-06-20;USD_OIS_SOFR_1Y;0.017944;0.019456
2018-06-21;USD_OIS_SOFR_1Y;0.017967;0.019433
2018-06-22;USD_OIS_SOFR_1Y;0.018466;0.019934
2018-06-25;USD_OIS_SOFR_1Y;0.018388;0.019812
2018-06-26;USD_OIS_SOFR_1Y;0.018308;0.019692
2018-06-27;USD_OIS_SOFR_1Y;0.018329;0.019671
2018-06-28;USD_OIS_SOFR_1Y;0.018641;0.019959
2018-06-29;USD_OIS_SOFR_1Y;0.020253;0.022147
2018-07-02;USD_OIS_SOFR_1Y;0.019436;0.021364
2018-07-03;USD_OIS_SOFR_1Y;0.019054;0.020946
2018-07-05;USD_OIS_SOFR_1Y;0.018776;0.020624
2018-07-06;USD_OIS_SOFR_1Y;0.018393;0.020207
2018-07-09;USD_OIS_SOFR_1Y;0.018008;0.019792
2018-07-10;USD_OIS_SOFR_1Y;0.018035;0.019765
2018-07-11;USD_OIS_SOFR_1Y;0.018062;0.019738
2018-07-12;USD_OIS_SOFR_1Y;0.018186;0.019814
2018-07-13;USD_OIS_SOFR_1Y;0.018211;0.019789
2018-07-16;USD_OIS_SOFR_1Y;0.018713;0.020287
2018-07-17;USD_OIS_SOFR_1Y;0.018429;0.019971
2018-07-18;USD_OIS_SOFR_1Y;0.018249;0.019751
2018-07-19;USD_OIS_SOFR_1Y;0.018272;0.019728
2018-07-20;USD_OIS_SOFR_1Y;0.01809;0.01951
2018-07-23;USD_OIS_SOFR_1Y;0.018011;0.019389
2018-07-24;USD_OIS_SOFR_1Y;0.018323;0.019677
2018-07-25;USD_OIS_SOFR_1Y;0.018034;0.019366
2018-07-26;USD_OIS_SOFR_1Y;0.018345;0.019655
2018-07-27;USD_OIS_SOFR_1Y;0.018161;0.019439
2018-07-30;USD_OIS_SOFR_1Y;0.018181;0.019419
2018-07-31;USD_OIS_SOFR_1Y;0.018672;0.019928
2018-08-01;USD_OIS_SOFR_1Y;0.018164;0.019436
2018-08-02;USD_OIS_SOFR_1Y;0.018474;0.019726
2018-08-03;USD_OIS_SOFR_1Y;0.017965;0.019235
2018-08-06;USD_OIS_SOFR_1Y;0.017985;0.019215
2018-08-07;USD_OIS_SOFR_1Y;0.018102;0.019298
2018-08-08;USD_OIS_SOFR_1Y;0.018219;0.019381
2018-08-09;USD_OIS_SOFR_1Y;0.018526;0.019674
2018-08-10;USD_OIS_SOFR_1Y;0.018443;0.019557
2018-08-13;USD_OIS_SOFR_1Y;0.018558;0.019642
2018-08-14;USD_OIS_SOFR_1Y;0.01877;0.01983
2018-08-15;USD_OIS_SOFR_1Y;0.019254;0.020346
2018-08-16;USD_OIS_SOFR_1Y;0.019369;0.020431
2018-08-17;USD_OIS_SOFR_1Y;0.018389;0.019611
2018-08-20;USD_OIS_SOFR_1Y;0.018407;0.019593
2018-08-21;USD_OIS_SOFR_1Y;0.018425;0.019575
2018-08-22;USD_OIS_SOFR_1Y;0.018443;0.019557
2018-08-23;USD_OIS_SOFR_1Y;0.01884;0.01996
2018-08-24;USD_OIS_SOFR_1Y;0.018956;0.020044
2018-08-27;USD_OIS_SOFR_1Y;0.018972;0.020028
2018-08-28;USD_OIS_SOFR_1Y;0.018989;0.020011
2018-08-29;USD_OIS_SOFR_1Y;0.018799;0.019801
2018-08-30;USD_OIS_SOFR_1Y;0.018814;0.019786
2018-08-31;USD_OIS_SOFR_1Y;0.019206;0.020194
2018-09-04;USD_OIS_SOFR_1Y;0.019016;0.019984
2018-09-05;USD_OIS_SOFR_1Y;0.019031;0.019969
2018-09-06;USD_OIS_SOFR_1Y;0.018943;0.019857
2018-09-07;USD_OIS_SOFR_1Y;0.018957;0.019843
2018-09-10;USD_OIS_SOFR_1Y;0.018971;0.019829
2018-09-11;USD_OIS_SOFR_1Y;0.018984;0.019816
2018-09-12;USD_OIS_SOFR_1Y;0.018997;0.019803
2018-09-13;USD_OIS_SOFR_1Y;0.019009;0.019791
2018-09-14;USD_OIS_SOFR_1Y;0.019119;0.019881
2018-09-17;USD_OIS_SOFR_1Y;0.019587;0.020413
2018-09-18;USD_OIS_SOFR_1Y;0.018943;0.019857
2018-09-19;USD_OIS_SOFR_1Y;0.018751;0.019649
2018-09-20;USD_OIS_SOFR_1Y;0.018765;0.019635
2018-09-21;USD_OIS_SOFR_1Y;0.018778;0.019622
2018-09-24;USD_OIS_SOFR_1Y;0.019076;0.019924
2018-09-25;USD_OIS_SOFR_1Y;0.018883;0.019717
2018-09-26;USD_OIS_SOFR_1Y;0.018794;0.019606
2018-09-27;USD_OIS_SOFR_1Y;0.020634;0.022566
2018-09-28;USD_OIS_SOFR_1Y;0.021507;0.023493
2018-10-01;USD_OIS_SOFR_1Y;0.021231;0.023169
2018-10-02;USD_OIS_SOFR_1Y;0.021058;0.022942
2018-10-03;USD_OIS_SOFR_1Y;0.021086;0.022914
2018-10-04;USD_OIS_SOFR_1Y;0.020911;0.022689
2018-10-05;USD_OIS_SOFR_1Y;0.020735;0.022465
2018-10-09;USD_OIS_SOFR_1Y;0.020661;0.022339
2018-10-10;USD_OIS_SOFR_1Y;0.020686;0.022314
2018-10-11;USD_OIS_SOFR_1Y;0.020908;0.022492
2018-10-12;USD_OIS_SOFR_1Y;0.021031;0.022569
2018-10-15;USD_OIS_SOFR_1Y;0.021346;0.022854
2018-10-16;USD_OIS_SOFR_1Y;0.021061;0.022539
2018-10-17;USD_OIS_SOFR_1Y;0.021083;0.022517
2018-10-18;USD_OIS_SOFR_1Y;0.021204;0.022596
2018-10-19;USD_OIS_SOFR_1Y;0.021225;0.022575
2018-10-22;USD_OIS_SOFR_1Y;0.021145;0.022455
2018-10-23;USD_OIS_SOFR_1Y;0.021064;0.022336
2018-10-24;USD_OIS_SOFR_1Y;0.021182;0.022418
2018-10-25;USD_OIS_SOFR_1Y;0.0213;0.0225
2018-10-26;USD_OIS_SOFR_1Y;0.021318;0.022482
2018-10-29;USD_OIS_SOFR_1Y;0.021235;0.022365
2018-10-30;USD_OIS_SOFR_1Y;0.021252;0.022348
2018-10-31;USD_OIS_SOFR_1Y;0.021649;0.022751
2018-11-01;USD_OIS_SOFR_1Y;0.021665;0.022735
2018-11-02;USD_OIS_SOFR_1Y;0.02197;0.02303
2018-11-05;USD_OIS_SOFR_1Y;0.021885;0.022915
2018-11-06;USD_OIS_SOFR_1Y;0.021695;0.022705
2018-11-07;USD_OIS_SOFR_1Y;0.021289;0.022311
2018-11-08;USD_OIS_SOFR_1Y;0.021592;0.022608
2018-11-09;USD_OIS_SOFR_1Y;0.021507;0.022493
2018-11-13;USD_OIS_SOFR_1Y;0.021522;0.022478
2018-11-14;USD_OIS_SOFR_1Y;0.021536;0.022464
2018-11-15;USD_OIS_SOFR_1Y;0.022263;0.023337
2018-11-16;USD_OIS_SOFR_1Y;0.022074;0.023126
2018-11-19;USD_OIS_SOFR_1Y;0.021885;0.022915
2018-11-20;USD_OIS_SOFR_1Y;0.021479;0.022521
2018-11-21;USD_OIS_SOFR_1Y;0.02129;0.02231
2018-11-23;USD_OIS_SOFR_1Y;0.021772;0.022828
2018-11-26;USD_OIS_SOFR_1Y;0.021477;0.022523
2018-11-27;USD_OIS_SOFR_1Y;0.021391;0.022409
2018-11-28;USD_OIS_SOFR_1Y;0.021407;0.022393
2018-11-29;USD_OIS_SOFR_1Y;0.021888;0.022912
2018-11-30;USD_OIS_SOFR_1Y;0.022282;0.023318
2018-12-03;USD_OIS_SOFR_1Y;0.021765;0.022835
2018-12-04;USD_OIS_SOFR_1Y;0.022161;0.023239
2018-12-06;USD_OIS_SOFR_1Y;0.022818;0.023982
2018-12-07;USD_OIS_SOFR_1Y;0.022417;0.023583
2018-12-10;USD_OIS_SOFR_1Y;0.021563;0.022837
2018-12-11;USD_OIS_SOFR_1Y;0.021272;0.022528
2018-12-12;USD_OIS_SOFR_1Y;0.02139;0.02261
2018-12-13;USD_OIS_SOFR_1Y;0.021508;0.022692
2018-12-14;USD_OIS_SOFR_1Y;0.021526;0.022674
2018-12-17;USD_OIS_SOFR_1Y;0.022433;0.023767
2018-12-18;USD_OIS_SOFR_1Y;0.022552;0.023848
2018-12-19;USD_OIS_SOFR_1Y;0.022368;0.023632
2018-12-20;USD_OIS_SOFR_1Y;0.023366;0.024834
2018-12-21;USD_OIS_SOFR_1Y;0.023287;0.024713
2018-12-24;USD_OIS_SOFR_1Y;0.023408;0.024792
2018-12-26;USD_OIS_SOFR_1Y;0.02372;0.02508
2018-12-27;USD_OIS_SOFR_1Y;0.023741;0.025059
2018-12-28;USD_OIS_SOFR_1Y;0.023957;0.025243
2018-12-31;USD_OIS_SOFR_1Y;0.02792;0.03208
2019-01-02;USD_OIS_SOFR_1Y;0.02941;0.03359
2019-01-03;USD_OIS_SOFR_1Y;0.024384;0.029616
2019-01-04;USD_OIS_SOFR_1Y;0.021803;0.027197
2019-01-07;USD_OIS_SOFR_1Y;0.021481;0.026719
2019-01-08;USD_OIS_SOFR_1Y;0.02166;0.02674
2019-01-09;USD_OIS_SOFR_1Y;0.022035;0.026965
2019-01-10;USD_OIS_SOFR_1Y;0.021909;0.026691
2019-01-11;USD_OIS_SOFR_1Y;0.021781;0.026419
2019-01-14;USD_OIS_SOFR_1Y;0.021751;0.026249
2019-01-15;USD_OIS_SOFR_1Y;0.022409;0.026791
2019-01-16;USD_OIS_SOFR_1Y;0.022173;0.026427
2019-01-17;USD_OIS_SOFR_1Y;0.022036;0.026164
2019-01-18;USD_OIS_SOFR_1Y;0.022199;0.026201
2019-01-22;USD_OIS_SOFR_1Y;0.022159;0.026041
2019-01-23;USD_OIS_SOFR_1Y;0.022118;0.025882
2019-01-24;USD_OIS_SOFR_1Y;0.022275;0.025925
2019-01-25;USD_OIS_SOFR_1Y;0.02223;0.02577
2019-01-28;USD_OIS_SOFR_1Y;0.022184;0.025616
2019-01-29;USD_OIS_SOFR_1Y;0.022336;0.025664
2019-01-30;USD_OIS_SOFR_1Y;0.022286;0.025514
2019-01-31;USD_OIS_SOFR_1Y;0.024086;0.027514
2019-02-01;USD_OIS_SOFR_1Y;0.02299;0.02641
2019-02-04;USD_OIS_SOFR_1Y;0.022322;0.025678
2019-02-05;USD_OIS_SOFR_1Y;0.022373;0.025627
2019-02-06;USD_OIS_SOFR_1Y;0.022221;0.025379
2019-02-07;USD_OIS_SOFR_1Y;0.022269;0.025331
2019-02-08;USD_OIS_SOFR_1Y;0.022216;0.025184
2019-02-11;USD_OIS_SOFR_1Y;0.022557;0.025443
2019-02-12;USD_OIS_SOFR_1Y;0.0225;0.0253
2019-02-13;USD_OIS_SOFR_1Y;0.022442;0.025158
2019-02-14;USD_OIS_SOFR_1Y;0.022583;0.025217
2019-02-15;USD_OIS_SOFR_1Y;0.023015;0.025585
2019-02-19;USD_OIS_SOFR_1Y;0.022749;0.025251
2019-02-20;USD_OIS_SOFR_1Y;0.022687;0.025113
2019-02-21;USD_OIS_SOFR_1Y;0.022724;0.025076
2019-02-22;USD_OIS_SOFR_1Y;0.022859;0.025141
2019-02-25;USD_OIS_SOFR_1Y;0.022691;0.024909
2019-02-26;USD_OIS_SOFR_1Y;0.022725;0.024875
2019-02-27;USD_OIS_SOFR_1Y;0.022657;0.024743
2019-02-28;USD_OIS_SOFR_1Y;0.024528;0.027072
2019-03-01;USD_OIS_SOFR_1Y;0.022364;0.025236
2019-03-04;USD_OIS_SOFR_1Y;0.022408;0.025192
2019-03-05;USD_OIS_SOFR_1Y;0.022451;0.025149
2019-03-06;USD_OIS_SOFR_1Y;0.022492;0.025108
2019-03-07;USD_OIS_SOFR_1Y;0.022532;0.025068
2019-03-08;USD_OIS_SOFR_1Y;0.02267;0.02513
2019-03-11;USD_OIS_SOFR_1Y;0.022607;0.024993
2019-03-12;USD_OIS_SOFR_1Y;0.022742;0.025058
2019-03-13;USD_OIS_SOFR_1Y;0.022877;0.025123
2019-03-14;USD_OIS_SOFR_1Y;0.023109;0.025291
2019-03-15;USD_OIS_SOFR_1Y;0.023532;0.025668
2019-03-18;USD_OIS_SOFR_1Y;0.023048;0.025152
2019-03-19;USD_OIS_SOFR_1Y;0.02318;0.02522
2019-03-20;USD_OIS_SOFR_1Y;0.023694;0.025706
2019-03-21;USD_OIS_SOFR_1Y;0.023418;0.025382
2019-03-22;USD_OIS_SOFR_1Y;0.023037;0.024963
2019-03-25;USD_OIS_SOFR_1Y;0.023066;0.024934
2019-03-26;USD_OIS_SOFR_1Y;0.023095;0.024905
2019-03-27;USD_OIS_SOFR_1Y;0.023122;0.024878
2019-03-28;USD_OIS_SOFR_1Y;0.023442;0.025158
2019-03-29;USD_OIS_SOFR_1Y;0.02534;0.02766
2019-04-01;USD_OIS_SOFR_1Y;0.023276;0.025924
2019-04-02;USD_OIS_SOFR_1Y;0.023317;0.025883
2019-04-03;USD_OIS_SOFR_1Y;0.023455;0.025945
2019-04-04;USD_OIS_SOFR_1Y;0.023393;0.025807
2019-04-05;USD_OIS_SOFR_1Y;0.023429;0.025771
2019-04-08;USD_OIS_SOFR_1Y;0.023465;0.025735
2019-04-09;USD_OIS_SOFR_1Y;0.023399;0.025601
2019-04-10;USD_OIS_SOFR_1Y;0.023432;0.025568
2019-04-11;USD_OIS_SOFR_1Y;0.023364;0.025436
2019-04-12;USD_OIS_SOFR_1Y;0.023396;0.025404
2019-04-15;USD_OIS_SOFR_1Y;0.02372;0.02568
2019-04-16;USD_OIS_SOFR_1Y;0.02375;0.02565
2019-04-17;USD_OIS_SOFR_1Y;0.024072;0.025928
2019-04-18;USD_OIS_SOFR_1Y;0.024101;0.025899
2019-04-22;USD_OIS_SOFR_1Y;0.023716;0.025484
2019-04-23;USD_OIS_SOFR_1Y;0.023743;0.025457
2019-04-24;USD_OIS_SOFR_1Y;0.023566;0.025234
2019-04-25;USD_OIS_SOFR_1Y;0.02369;0.02531
2019-04-26;USD_OIS_SOFR_1Y;0.023814;0.025386
2019-04-29;USD_OIS_SOFR_1Y;0.024034;0.025566
2019-04-30;USD_OIS_SOFR_1Y;0.026331;0.028869
2019-05-01;USD_OIS_SOFR_1Y;0.023928;0.026872
2019-05-02;USD_OIS_SOFR_1Y;0.023565;0.026435
2019-05-03;USD_OIS_SOFR_1Y;0.022886;0.025714
2019-05-06;USD_OIS_SOFR_1Y;0.022828;0.025572
2019-05-07;USD_OIS_SOFR_1Y;0.023068;0.025732
2019-05-08;USD_OIS_SOFR_1Y;0.023008;0.025592
2019-05-09;USD_OIS_SOFR_1Y;0.022845;0.025355
2019-05-10;USD_OIS_SOFR_1Y;0.022783;0.025217
2019-05-13;USD_OIS_SOFR_1Y;0.022618;0.024982
2019-05-14;USD_OIS_SOFR_1Y;0.022753;0.025047
2019-05-15;USD_OIS_SOFR_1Y;0.02364;0.02596
2019-05-16;USD_OIS_SOFR_1Y;0.02316;0.02544
2019-05-17;USD_OIS_SOFR_1Y;0.023094;0.025306
2019-05-20;USD_OIS_SOFR_1Y;0.022823;0.024977
2019-05-21;USD_OIS_SOFR_1Y;0.022755;0.024845
2019-05-22;USD_OIS_SOFR_1Y;0.022686;0.024714
2019-05-23;USD_OIS_SOFR_1Y;0.022717;0.024683
2019-05-24;USD_OIS_SOFR_1Y;0.022747;0.024653
2019-05-28;USD_OIS_SOFR_1Y;0.023164;0.025036
2019-05-29;USD_OIS_SOFR_1Y;0.023092;0.024908
2019-05-30;USD_OIS_SOFR_1Y;0.02312;0.02488
2019-05-31;USD_OIS_SOFR_1Y;0.023985;0.025815
2019-06-03;USD_OIS_SOFR_1Y;0.023053;0.024947
2019-06-04;USD_OIS_SOFR_1Y;0.022981;0.024819
2019-06-05;USD_OIS_SOFR_1Y;0.023108;0.024892
2019-06-06;USD_OIS_SOFR_1Y;0.023135;0.024865
2019-06-07;USD_OIS_SOFR_1Y;0.023061;0.024739
2019-06-10;USD_OIS_SOFR_1Y;0.023086;0.024714
2019-06-11;USD_OIS_SOFR_1Y;0.02301;0.02459
2019-06-12;USD_OIS_SOFR_1Y;0.022934;0.024466
2019-06-13;USD_OIS_SOFR_1Y;0.022753;0.024247
2019-06-14;USD_OIS_SOFR_1Y;0.022776;0.024224
2019-06-17;USD_OIS_SOFR_1Y;0.023364;0.024836
2019-06-18;USD_OIS_SOFR_1Y;0.023183;0.024617
2019-06-19;USD_OIS_SOFR_1Y;0.022896;0.024304
2019-06-20;USD_OIS_SOFR_1Y;0.022918;0.024282
2019-06-21;USD_OIS_SOFR_1Y;0.023037;0.024363
2019-06-24;USD_OIS_SOFR_1Y;0.023253;0.024547
2019-06-25;USD_OIS_SOFR_1Y;0.023469;0.024731
2019-06-26;USD_OIS_SOFR_1Y;0.023684;0.024916
2019-06-27;USD_OIS_SOFR_1Y;0.023601;0.024799
2019-06-28;USD_OIS_SOFR_1Y;0.024349;0.025651
2019-07-01;USD_OIS_SOFR_1Y;0.023504;0.024896
2019-07-02;USD_OIS_SOFR_1Y;0.024349;0.025851
2019-07-03;USD_OIS_SOFR_1Y;0.024849;0.026351
2019-07-05;USD_OIS_SOFR_1Y;0.025163;0.026637
2019-07-08;USD_OIS_SOFR_1Y;0.023979;0.025621
2019-07-09;USD_OIS_SOFR_1Y;0.023697;0.025303
2019-07-10;USD_OIS_SOFR_1Y;0.02382;0.02538
2019-07-11;USD_OIS_SOFR_1Y;0.023322;0.024878
2019-07-12;USD_OIS_SOFR_1Y;0.022824;0.024376
2019-07-15;USD_OIS_SOFR_1Y;0.023762;0.025438
2019-07-16;USD_OIS_SOFR_1Y;0.023887;0.025513
2019-07-17;USD_OIS_SOFR_1Y;0.023912;0.025488
2019-07-18;USD_OIS_SOFR_1Y;0.023835;0.025365
2019-07-19;USD_OIS_SOFR_1Y;0.023336;0.024864
2019-07-22;USD_OIS_SOFR_1Y;0.023258;0.024742
2019-07-23;USD_OIS_SOFR_1Y;0.023281;0.024719
2019-07-24;USD_OIS_SOFR_1Y;0.023402;0.024798
2019-07-25;USD_OIS_SOFR_1Y;0.023522;0.024878
2019-07-26;USD_OIS_SOFR_1Y;0.023442;0.024758
2019-07-29;USD_OIS_SOFR_1Y;0.023361;0.024639
2019-07-30;USD_OIS_SOFR_1Y;0.023279;0.024521
2019-07-31;USD_OIS_SOFR_1Y;0.024659;0.026341
2019-08-01;USD_OIS_SOFR_1Y;0.020346;0.023454
2019-08-02;USD_OIS_SOFR_1Y;0.020393;0.023407
2019-08-05;USD_OIS_SOFR_1Y;0.019823;0.022777
2019-08-06;USD_OIS_SOFR_1Y;0.019666;0.022534
2019-08-07;USD_OIS_SOFR_1Y;0.019609;0.022391
2019-08-08;USD_OIS_SOFR_1Y;0.019551;0.022249
2019-08-09;USD_OIS_SOFR_1Y;0.01979;0.02241
2019-08-12;USD_OIS_SOFR_1Y;0.019929;0.022471
2019-08-13;USD_OIS_SOFR_1Y;0.020359;0.022841
2019-08-14;USD_OIS_SOFR_1Y;0.020092;0.022508
2019-08-15;USD_OIS_SOFR_1Y;0.020614;0.022986
2019-08-16;USD_OIS_SOFR_1Y;0.020136;0.022464
2019-08-19;USD_OIS_SOFR_1Y;0.019969;0.022231
2019-08-20;USD_OIS_SOFR_1Y;0.020201;0.022399
2019-08-21;USD_OIS_SOFR_1Y;0.019929;0.022071
2019-08-22;USD_OIS_SOFR_1Y;0.019861;0.021939
2019-08-23;USD_OIS_SOFR_1Y;0.019992;0.022008
2019-08-26;USD_OIS_SOFR_1Y;0.020023;0.021977
2019-08-27;USD_OIS_SOFR_1Y;0.020535;0.022465
2019-08-28;USD_OIS_SOFR_1Y;0.020258;0.022142
2019-08-29;USD_OIS_SOFR_1Y;0.020286;0.022114
2019-08-30;USD_OIS_SOFR_1Y;0.020702;0.022498
2019-09-03;USD_OIS_SOFR_1Y;0.020829;0.022571
2019-09-04;USD_OIS_SOFR_1Y;0.021242;0.022958
2019-09-05;USD_OIS_SOFR_1Y;0.021269;0.022931
2019-09-06;USD_OIS_SOFR_1Y;0.020664;0.022336
2019-09-09;USD_OIS_SOFR_1Y;0.020382;0.022018
2019-09-10;USD_OIS_SOFR_1Y;0.020604;0.022196
2019-09-11;USD_OIS_SOFR_1Y;0.020727;0.022273
2019-09-12;USD_OIS_SOFR_1Y;0.021229;0.022771
2019-09-13;USD_OIS_SOFR_1Y;0.021252;0.022748
2019-09-16;USD_OIS_SOFR_1Y;0.023186;0.025414
2019-09-17;USD_OIS_SOFR_1Y;0.042083;0.062917
2019-09-18;USD_OIS_SOFR_1Y;0.011343;0.039657
2019-09-19;USD_OIS_SOFR_1Y;0.005598;0.033402
2019-09-20;USD_OIS_SOFR_1Y;0.005118;0.032082
2019-09-23;USD_OIS_SOFR_1Y;0.005428;0.031572
2019-09-24;USD_OIS_SOFR_1Y;0.00692;0.03228
2019-09-25;USD_OIS_SOFR_1Y;0.007805;0.032395
2019-09-26;USD_OIS_SOFR_1Y;0.006565;0.030435
2019-09-27;USD_OIS_SOFR_1Y;0.006628;0.029772
2019-09-30;USD_OIS_SOFR_1Y;0.012113;0.034887
2019-10-01;USD_OIS_SOFR_1Y;0.007626;0.029974
2019-10-02;USD_OIS_SOFR_1Y;0.007665;0.029335
2019-10-03;USD_OIS_SOFR_1Y;0.007895;0.028905
2019-10-04;USD_OIS_SOFR_1Y;0.008015;0.028385
2019-10-07;USD_OIS_SOFR_1Y;0.008425;0.028175
2019-10-08;USD_OIS_SOFR_1Y;0.008926;0.028074
2019-10-09;USD_OIS_SOFR_1Y;0.009218;0.027782
2019-10-10;USD_OIS_SOFR_1Y;0.0095;0.0275
2019-10-11;USD_OIS_SOFR_1Y;0.009775;0.027225
2019-10-15;USD_OIS_SOFR_1Y;0.011522;0.028478
2019-10-16;USD_OIS_SOFR_1Y;0.012279;0.028721
2019-10-17;USD_OIS_SOFR_1Y;0.011521;0.027479
2019-10-18;USD_OIS_SOFR_1Y;0.011059;0.026541
2019-10-21;USD_OIS_SOFR_1Y;0.011095;0.026105
2019-10-22;USD_OIS_SOFR_1Y;0.011423;0.025977
2019-10-23;USD_OIS_SOFR_1Y;0.011645;0.025755
2019-10-24;USD_OIS_SOFR_1Y;0.01176;0.02544
2019-10-25;USD_OIS_SOFR_1Y;0.011768;0.025032
2019-10-28;USD_OIS_SOFR_1Y;0.011769;0.024631
2019-10-29;USD_OIS_SOFR_1Y;0.011865;0.024335
2019-10-30;USD_OIS_SOFR_1Y;0.012155;0.024245
2019-10-31;USD_OIS_SOFR_1Y;0.011735;0.023465
2019-11-01;USD_OIS_SOFR_1Y;0.010075;0.021525
2019-11-04;USD_OIS_SOFR_1Y;0.010049;0.021151
2019-11-05;USD_OIS_SOFR_1Y;0.010418;0.021182
2019-11-06;USD_OIS_SOFR_1Y;0.010482;0.020918
2019-11-07;USD_OIS_SOFR_1Y;0.010541;0.020659
2019-11-08;USD_OIS_SOFR_1Y;0.010695;0.020505
2019-11-12;USD_OIS_SOFR_1Y;0.010944;0.020456
2019-11-13;USD_OIS_SOFR_1Y;0.011089;0.020311
2019-11-14;USD_OIS_SOFR_1Y;0.011329;0.020271
2019-11-15;USD_OIS_SOFR_1Y;0.011565;0.020235
2019-11-18;USD_OIS_SOFR_1Y;0.011396;0.019804
2019-11-19;USD_OIS_SOFR_1Y;0.011624;0.019776
2019-11-20;USD_OIS_SOFR_1Y;0.011748;0.019652
2019-11-21;USD_OIS_SOFR_1Y;0.011968;0.019632
2019-11-22;USD_OIS_SOFR_1Y;0.012085;0.019515
2019-11-25;USD_OIS_SOFR_1Y;0.011997;0.019203
2019-11-26;USD_OIS_SOFR_1Y;0.011906;0.018894
2019-11-27;USD_OIS_SOFR_1Y;0.012113;0.018887
2019-11-29;USD_OIS_SOFR_1Y;0.013195;0.019805
2019-12-02;USD_OIS_SOFR_1Y;0.013095;0.019505
2019-12-03;USD_OIS_SOFR_1Y;0.012379;0.018621
2019-12-04;USD_OIS_SOFR_1Y;0.012374;0.018426
2019-12-05;USD_OIS_SOFR_1Y;0.012566;0.018434
2019-12-06;USD_OIS_SOFR_1Y;0.012655;0.018345
2019-12-09;USD_OIS_SOFR_1Y;0.012841;0.018359
2019-12-10;USD_OIS_SOFR_1Y;0.012825;0.018175
2019-12-11;USD_OIS_SOFR_1Y;0.012807;0.017993
2019-12-12;USD_OIS_SOFR_1Y;0.012785;0.017815
2019-12-13;USD_OIS_SOFR_1Y;0.012962;0.017838
2019-12-16;USD_OIS_SOFR_1Y;0.013818;0.018582
2019-12-17;USD_OIS_SOFR_1Y;0.013072;0.017728
2019-12-18;USD_OIS_SOFR_1Y;0.013042;0.017558
2019-12-19;USD_OIS_SOFR_1Y;0.013111;0.017489
2019-12-20;USD_OIS_SOFR_1Y;0.013178;0.017422
2019-12-23;USD_OIS_SOFR_1Y;0.013142;0.017258
2019-12-24;USD_OIS_SOFR_1Y;0.013205;0.017195
2019-12-26;USD_OIS_SOFR_1Y;0.013266;0.017134
2019-12-27;USD_OIS_SOFR_1Y;0.013424;0.017176
2019-12-30;USD_OIS_SOFR_1Y;0.013581;0.017219
2019-12-31;USD_OIS_SOFR_1Y;0.013736;0.017264
2020-01-02;USD_OIS_SOFR_1Y;0.013689;0.017111
2020-01-03;USD_OIS_SOFR_1Y;0.013841;0.017159
2020-01-06;USD_OIS_SOFR_1Y;0.013891;0.017109
2020-01-07;USD_OIS_SOFR_1Y;0.01404;0.01716
2020-01-08;USD_OIS_SOFR_1Y;0.013987;0.017013
2020-01-09;USD_OIS_SOFR_1Y;0.014033;0.016967
2020-01-10;USD_OIS_SOFR_1Y;0.014078;0.016922
2020-01-13;USD_OIS_SOFR_1Y;0.014021;0.016779
2020-01-14;USD_OIS_SOFR_1Y;0.014162;0.016838
2020-01-15;USD_OIS_SOFR_1Y;0.014302;0.016898
2020-01-16;USD_OIS_SOFR_1Y;0.014241;0.016759
2020-01-17;USD_OIS_SOFR_1Y;0.014179;0.016621
2020-01-21;USD_OIS_SOFR_1Y;0.014216;0.016584
2020-01-22;USD_OIS_SOFR_1Y;0.014253;0.016547
2020-01-23;USD_OIS_SOFR_1Y;0.014287;0.016513
2020-01-24;USD_OIS_SOFR_1Y;0.014221;0.016379
2020-01-27;USD_OIS_SOFR_1Y;0.014254;0.016346
2020-01-28;USD_OIS_SOFR_1Y;0.014285;0.016315
2020-01-29;USD_OIS_SOFR_1Y;0.014316;0.016284
2020-01-30;USD_OIS_SOFR_1Y;0.014829;0.016771
2020-01-31;USD_OIS_SOFR_1Y;0.015056;0.016944
2020-02-03;USD_OIS_SOFR_1Y;0.014984;0.016816
2020-02-04;USD_OIS_SOFR_1Y;0.015111;0.016889
2020-02-05;USD_OIS_SOFR_1Y;0.015037;0.016763
2020-02-06;USD_OIS_SOFR_1Y;0.015063;0.016737
2020-02-07;USD_OIS_SOFR_1Y;0.014988;0.016612
2020-02-10;USD_OIS_SOFR_1Y;0.015013;0.016587
2020-02-11;USD_OIS_SOFR_1Y;0.015037;0.016563
2020-02-12;USD_OIS_SOFR_1Y;0.014959;0.016441
2020-02-13;USD_OIS_SOFR_1Y;0.014982;0.016418
2020-02-14;USD_OIS_SOFR_1Y;0.015103;0.016497
2020-02-18;USD_OIS_SOFR_1Y;0.01532;0.01668
2020-02-19;USD_OIS_SOFR_1Y;0.01524;0.01656
2020-02-20;USD_OIS_SOFR_1Y;0.015359;0.016641
2020-02-21;USD_OIS_SOFR_1Y;0.015174;0.016426
2020-02-24;USD_OIS_SOFR_1Y;0.015193;0.016407
2020-02-25;USD_OIS_SOFR_1Y;0.01531;0.01649
2020-02-26;USD_OIS_SOFR_1Y;0.015227;0.016373
2020-02-27;USD_OIS_SOFR_1Y;0.015244;0.016356
2020-02-28;USD_OIS_SOFR_1Y;0.015456;0.016544
2020-03-02;USD_OIS_SOFR_1Y;0.015372;0.016428
2020-03-03;USD_OIS_SOFR_1Y;0.015856;0.016944
2020-03-04;USD_OIS_SOFR_1Y;0.010704;0.013896
2020-03-05;USD_OIS_SOFR_1Y;0.009601;0.012799
2020-03-06;USD_OIS_SOFR_1Y;0.009448;0.012552
2020-03-09;USD_OIS_SOFR_1Y;0.009394;0.012406
2020-03-10;USD_OIS_SOFR_1Y;0.009638;0.012562
2020-03-11;USD_OIS_SOFR_1Y;0.010075;0.012925
2020-03-12;USD_OIS_SOFR_1Y;0.010607;0.013393
2020-03-13;USD_OIS_SOFR_1Y;0.0096;0.0124
2020-03-16;USD_OIS_SOFR_1Y;-0.000772;0.005972
2020-03-17;USD_OIS_SOFR_1Y;0.001973;0.008827
2020-03-18;USD_OIS_SOFR_1Y;-0.002695;0.004695
2020-03-19;USD_OIS_SOFR_1Y;-0.002985;0.004185
2020-03-20;USD_OIS_SOFR_1Y;-0.003077;0.003877
2020-03-23;USD_OIS_SOFR_1Y;-0.003172;0.003572
2020-03-24;USD_OIS_SOFR_1Y;-0.003169;0.003369
2020-03-25;USD_OIS_SOFR_1Y;-0.00307;0.00327
2020-03-26;USD_OIS_SOFR_1Y;-0.002973;0.003173
2020-03-27;USD_OIS_SOFR_1Y;-0.00288;0.00308
2020-03-30;USD_OIS_SOFR_1Y;-0.002789;0.002989
2020-03-31;USD_OIS_SOFR_1Y;-0.002701;0.002901
2020-04-01;USD_OIS_SOFR_1Y;-0.002616;0.002816
2020-04-02;USD_OIS_SOFR_1Y;-0.002533;0.002733
2020-04-03;USD_OIS_SOFR_1Y;-0.002453;0.002653
2020-04-06;USD_OIS_SOFR_1Y;-0.002375;0.002575
2020-04-07;USD_OIS_SOFR_1Y;-0.002299;0.002499
2020-04-08;USD_OIS_SOFR_1Y;-0.002226;0.002426
2020-04-09;USD_OIS_SOFR_1Y;-0.002155;0.002355
2020-04-13;USD_OIS_SOFR_1Y;-0.001987;0.002387
2020-04-14;USD_OIS_SOFR_1Y;-0.001526;0.002726
2020-04-15;USD_OIS_SOFR_1Y;-0.001764;0.002364
2020-04-16;USD_OIS_SOFR_1Y;-0.001701;0.002301
2020-04-17;USD_OIS_SOFR_1Y;-0.00164;0.00224
2020-04-20;USD_OIS_SOFR_1Y;-0.001681;0.002081
2020-04-21;USD_OIS_SOFR_1Y;-0.001724;0.001924
2020-04-22;USD_OIS_SOFR_1Y;-0.001669;0.001869
2020-04-23;USD_OIS_SOFR_1Y;-0.001615;0.001815
2020-04-24;USD_OIS_SOFR_1Y;-0.001364;0.001964
2020-04-27;USD_OIS_SOFR_1Y;-0.001313;0.001913
2020-04-28;USD_OIS_SOFR_1Y;-0.001466;0.001666
2020-04-29;USD_OIS_SOFR_1Y;-0.001418;0.001618
2020-04-30;USD_OIS_SOFR_1Y;-0.001076;0.001876
2020-05-01;USD_OIS_SOFR_1Y;-0.001132;0.001732
2020-05-04;USD_OIS_SOFR_1Y;-0.00089;0.00189
2020-05-05;USD_OIS_SOFR_1Y;-0.000848;0.001848
2020-05-06;USD_OIS_SOFR_1Y;-0.000807;0.001807
2020-05-07;USD_OIS_SOFR_1Y;-0.000767;0.001767
2020-05-08;USD_OIS_SOFR_1Y;-0.000629;0.001829
2020-05-11;USD_OIS_SOFR_1Y;-0.000591;0.001791
2020-05-12;USD_OIS_SOFR_1Y;-0.000555;0.001755
2020-05-13;USD_OIS_SOFR_1Y;-0.000722;0.001522
2020-05-14;USD_OIS_SOFR_1Y;-0.000891;0.001291
2020-05-15;USD_OIS_SOFR_1Y;-0.000563;0.001563
2020-05-18;USD_OIS_SOFR_1Y;-0.000631;0.001431
2020-05-19;USD_OIS_SOFR_1Y;-0.0006;0.0014
2020-05-20;USD_OIS_SOFR_1Y;-0.000876;0.001076
2020-05-21;USD_OIS_SOFR_1Y;-0.000747;0.001147
2020-05-22;USD_OIS_SOFR_1Y;-0.000521;0.001321
2020-05-26;USD_OIS_SOFR_1Y;-0.000296;0.001496
2020-05-27;USD_OIS_SOFR_1Y;-0.000268;0.001468
2020-05-28;USD_OIS_SOFR_1Y;-0.000242;0.001442
2020-05-29;USD_OIS_SOFR_1Y;-0.000216;0.001416
2020-06-01;USD_OIS_SOFR_1Y;-0.000191;0.001391
2020-06-02;USD_OIS_SOFR_1Y;-6.8e-05;0.001468
2020-06-03;USD_OIS_SOFR_1Y;-0.000146;0.001346
2020-06-04;USD_OIS_SOFR_1Y;-2.4e-05;0.001424
2020-06-05;USD_OIS_SOFR_1Y;-2e-06;0.001402
2020-06-08;USD_OIS_SOFR_1Y;1.9e-05;0.001381
2020-06-09;USD_OIS_SOFR_1Y;0.000139;0.001461
2020-06-10;USD_OIS_SOFR_1Y;5.8e-05;0.001342
2020-06-11;USD_OIS_SOFR_1Y;0.000177;0.001423
2020-06-12;USD_OIS_SOFR_1Y;0.000196;0.001404
2020-06-15;USD_OIS_SOFR_1Y;0.000313;0.001487
2020-06-16;USD_OIS_SOFR_1Y;0.000331;0.001469
2020-06-17;USD_OIS_SOFR_1Y;0.000348;0.001452
2020-06-18;USD_OIS_SOFR_1Y;0.000365;0.001435
2020-06-19;USD_OIS_SOFR_1Y;0.000381;0.001419
2020-06-22;USD_OIS_SOFR_1Y;0.000296;0.001304
2020-06-23;USD_OIS_SOFR_1Y;0.00021;0.00119
2020-06-24;USD_OIS_SOFR_1Y;0.000323;0.001277
2020-06-25;USD_OIS_SOFR_1Y;0.000436;0.001364
2020-06-26;USD_OIS_SOFR_1Y;0.000349;0.001251
2020-06-29;USD_OIS_SOFR_1Y;0.000363;0.001237
2020-06-30;USD_OIS_SOFR_1Y;0.00057;0.00143
2020-07-01;USD_OIS_SOFR_1Y;0.000681;0.001519
2020-07-02;USD_OIS_SOFR_1Y;0.000694;0.001506
2020-07-06;USD_OIS_SOFR_1Y;0.000605;0.001395
2020-07-07;USD_OIS_SOFR_1Y;0.000617;0.001383
2020-07-08;USD_OIS_SOFR_1Y;0.000628;0.001372
2020-07-09;USD_OIS_SOFR_1Y;0.00064;0.00136
2020-07-10;USD_OIS_SOFR_1Y;0.000651;0.001349
2020-07-13;USD_OIS_SOFR_1Y;0.000661;0.001339
2020-07-14;USD_OIS_SOFR_1Y;0.00077;0.00143
2020-07-15;USD_OIS_SOFR_1Y;0.000971;0.001629
2020-07-16;USD_OIS_SOFR_1Y;0.000879;0.001521
2020-07-17;USD_OIS_SOFR_1Y;0.000889;0.001511
2020-07-20;USD_OIS_SOFR_1Y;0.000898;0.001502
2020-07-21;USD_OIS_SOFR_1Y;0.000805;0.001395
2020-07-22;USD_OIS_SOFR_1Y;0.000712;0.001288
2020-07-23;USD_OIS_SOFR_1Y;0.000721;0.001279
2020-07-24;USD_OIS_SOFR_1Y;0.000729;0.001271
2020-07-27;USD_OIS_SOFR_1Y;0.000737;0.001263
2020-07-28;USD_OIS_SOFR_1Y;0.000745;0.001255
2020-07-29;USD_OIS_SOFR_1Y;0.000651;0.001149
2020-07-30;USD_OIS_SOFR_1Y;0.000755;0.001245
2020-07-31;USD_OIS_SOFR_1Y;0.000763;0.001237
2020-08-03;USD_OIS_SOFR_1Y;0.00077;0.00123
2020-08-04;USD_OIS_SOFR_1Y;0.000674;0.001126
2020-08-05;USD_OIS_SOFR_1Y;0.000681;0.001119
2020-08-06;USD_OIS_SOFR_1Y;0.000688;0.001112
2020-08-07;USD_OIS_SOFR_1Y;0.000694;0.001106
2020-08-10;USD_OIS_SOFR_1Y;0.0007;0.0011
2020-08-11;USD_OIS_SOFR_1Y;0.000803;0.001197
2020-08-12;USD_OIS_SOFR_1Y;0.000705;0.001095
2020-08-13;USD_OIS_SOFR_1Y;0.000711;0.001089
2020-08-14;USD_OIS_SOFR_1Y;0.000717;0.001083
2020-08-17;USD_OIS_SOFR_1Y;0.000819;0.001181
2020-08-18;USD_OIS_SOFR_1Y;0.000721;0.001079
2020-08-19;USD_OIS_SOFR_1Y;0.000726;0.001074
2020-08-20;USD_OIS_SOFR_1Y;0.000516;0.000884
2020-08-21;USD_OIS_SOFR_1Y;0.000522;0.000878
2020-08-24;USD_OIS_SOFR_1Y;0.000623;0.000977
2020-08-25;USD_OIS_SOFR_1Y;0.000629;0.000971
2020-08-26;USD_OIS_SOFR_1Y;0.00053;0.00087
2020-08-27;USD_OIS_SOFR_1Y;0.000535;0.000865
2020-08-28;USD_OIS_SOFR_1Y;0.00054;0.00086
2020-08-31;USD_OIS_SOFR_1Y;0.000728;0.001072
2020-09-01;USD_OIS_SOFR_1Y;0.000734;0.001066
2020-09-02;USD_OIS_SOFR_1Y;0.000739;0.001061
2020-09-03;USD_OIS_SOFR_1Y;0.000839;0.001161
2020-09-04;USD_OIS_SOFR_1Y;0.00074;0.00106
2020-09-08;USD_OIS_SOFR_1Y;0.000745;0.001055
2020-09-09;USD_OIS_SOFR_1Y;0.00075;0.00105
2020-09-10;USD_OIS_SOFR_1Y;0.000754;0.001046
2020-09-11;USD_OIS_SOFR_1Y;0.000759;0.001041
2020-09-14;USD_OIS_SOFR_1Y;0.000763;0.001037
2020-09-15;USD_OIS_SOFR_1Y;0.000862;0.001138
2020-09-16;USD_OIS_SOFR_1Y;0.000866;0.001134
2020-09-17;USD_OIS_SOFR_1Y;0.00087;0.00113
2020-09-18;USD_OIS_SOFR_1Y;0.000769;0.001031
2020-09-21;USD_OIS_SOFR_1Y;0.000668;0.000932
2020-09-22;USD_OIS_SOFR_1Y;0.000567;0.000833
2020-09-23;USD_OIS_SOFR_1Y;0.000466;0.000734
2020-09-24;USD_OIS_SOFR_1Y;0.000565;0.000835
2020-09-25;USD_OIS_SOFR_1Y;0.000664;0.000936
2020-09-28;USD_OIS_SOFR_1Y;0.000668;0.000932
2020-09-29;USD_OIS_SOFR_1Y;0.000567;0.000833
2020-09-30;USD_OIS_SOFR_1Y;0.000666;0.000934
2020-10-01;USD_OIS_SOFR_1Y;0.00067;0.00093
2020-10-02;USD_OIS_SOFR_1Y;0.000854;0.001146
2020-10-05;USD_OIS_SOFR_1Y;0.000754;0.001046
2020-10-06;USD_OIS_SOFR_1Y;0.000853;0.001147
2020-10-07;USD_OIS_SOFR_1Y;0.000753;0.001047
2020-10-08;USD_OIS_SOFR_1Y;0.000653;0.000947
2020-10-09;USD_OIS_SOFR_1Y;0.000753;0.001047
2020-10-13;USD_OIS_SOFR_1Y;0.000757;0.001043
2020-10-14;USD_OIS_SOFR_1Y;0.000762;0.001038
2020-10-15;USD_OIS_SOFR_1Y;0.000861;0.001139
2020-10-16;USD_OIS_SOFR_1Y;0.00076;0.00104
2020-10-19;USD_OIS_SOFR_1Y;0.000765;0.001035
2020-10-20;USD_OIS_SOFR_1Y;0.000664;0.000936
2020-10-21;USD_OIS_SOFR_1Y;0.000563;0.000837
2020-10-22;USD_OIS_SOFR_1Y;0.000567;0.000833
2020-10-23;USD_OIS_SOFR_1Y;0.000666;0.000934
2020-10-26;USD_OIS_SOFR_1Y;0.000765;0.001035
2020-10-27;USD_OIS_SOFR_1Y;0.000769;0.001031
2020-10-28;USD_OIS_SOFR_1Y;0.000668;0.000932
2020-10-29;USD_OIS_SOFR_1Y;0.000767;0.001033
2020-10-30;USD_OIS_SOFR_1Y;0.000771;0.001029
2020-11-02;USD_OIS_SOFR_1Y;0.000955;0.001245
2020-11-03;USD_OIS_SOFR_1Y;0.000854;0.001146
2020-11-04;USD_OIS_SOFR_1Y;0.000859;0.001141
2020-11-05;USD_OIS_SOFR_1Y;0.000958;0.001242
2020-11-06;USD_OIS_SOFR_1Y;0.000858;0.001142
2020-11-09;USD_OIS_SOFR_1Y;0.000862;0.001138
2020-11-10;USD_OIS_SOFR_1Y;0.000866;0.001134
2020-11-12;USD_OIS_SOFR_1Y;0.000765;0.001035
2020-11-13;USD_OIS_SOFR_1Y;0.000769;0.001031
2020-11-16;USD_OIS_SOFR_1Y;0.000868;0.001132
2020-11-17;USD_OIS_SOFR_1Y;0.000767;0.001033
2020-11-18;USD_OIS_SOFR_1Y;0.000552;0.000848
2020-11-19;USD_OIS_SOFR_1Y;0.000451;0.000749
2020-11-20;USD_OIS_SOFR_1Y;0.000351;0.000649
2020-11-23;USD_OIS_SOFR_1Y;0.000356;0.000644
2020-11-24;USD_OIS_SOFR_1Y;0.000542;0.000858
2020-11-25;USD_OIS_SOFR_1Y;0.000643;0.000957
2020-11-27;USD_OIS_SOFR_1Y;0.000647;0.000953
2020-11-30;USD_OIS_SOFR_1Y;0.000748;0.001052
2020-12-01;USD_OIS_SOFR_1Y;0.000648;0.000952
2020-12-02;USD_OIS_SOFR_1Y;0.000652;0.000948
2020-12-03;USD_OIS_SOFR_1Y;0.000657;0.000943
2020-12-04;USD_OIS_SOFR_1Y;0.000756;0.001044
2020-12-07;USD_OIS_SOFR_1Y;0.000656;0.000944
2020-12-08;USD_OIS_SOFR_1Y;0.000556;0.000844
2020-12-09;USD_OIS_SOFR_1Y;0.000655;0.000945
2020-12-10;USD_OIS_SOFR_1Y;0.00066;0.00094
2020-12-11;USD_OIS_SOFR_1Y;0.000664;0.000936
2020-12-14;USD_OIS_SOFR_1Y;0.000668;0.000932
2020-12-15;USD_OIS_SOFR_1Y;0.000767;0.001033
2020-12-16;USD_OIS_SOFR_1Y;0.000771;0.001029
2020-12-17;USD_OIS_SOFR_1Y;0.000775;0.001025
2020-12-18;USD_OIS_SOFR_1Y;0.000779;0.001021
2020-12-21;USD_OIS_SOFR_1Y;0.000782;0.001018
2020-12-22;USD_OIS_SOFR_1Y;0.000564;0.000836
2020-12-23;USD_OIS_SOFR_1Y;0.000463;0.000737
2020-12-24;USD_OIS_SOFR_1Y;0.000649;0.000951
2020-12-28;USD_OIS_SOFR_1Y;0.000749;0.001051
2020-12-29;USD_OIS_SOFR_1Y;0.000849;0.001151
2020-12-30;USD_OIS_SOFR_1Y;0.000749;0.001051
2020-12-31;USD_OIS_SOFR_1Y;0.000536;0.000864
2021-01-04;USD_OIS_SOFR_1Y;0.000807;0.001193
2021-01-05;USD_OIS_SOFR_1Y;0.000909;0.001291
2021-01-06;USD_OIS_SOFR_1Y;0.000811;0.001189
2021-01-07;USD_OIS_SOFR_1Y;0.000817;0.001183
2021-01-08;USD_OIS_SOFR_1Y;0.000719;0.001081
2021-01-11;USD_OIS_SOFR_1Y;0.000724;0.001076
2021-01-12;USD_OIS_SOFR_1Y;0.000626;0.000974
2021-01-13;USD_OIS_SOFR_1Y;0.000631;0.000969
2021-01-14;USD_OIS_SOFR_1Y;0.000636;0.000964
2021-01-15;USD_OIS_SOFR_1Y;0.000641;0.000959
2021-01-19;USD_OIS_SOFR_1Y;0.000542;0.000858
2021-01-20;USD_OIS_SOFR_1Y;0.000442;0.000758
2021-01-21;USD_OIS_SOFR_1Y;0.00023;0.00057
2021-01-22;USD_OIS_SOFR_1Y;0.000331;0.000669
2021-01-25;USD_OIS_SOFR_1Y;0.000432;0.000768
2021-01-26;USD_OIS_SOFR_1Y;0.000104;0.000496
2021-01-27;USD_OIS_SOFR_1Y;0.00011;0.00049
2021-01-28;USD_OIS_SOFR_1Y;0.000212;0.000588
2021-01-29;USD_OIS_SOFR_1Y;0.000403;0.000797
2021-02-01;USD_OIS_SOFR_1Y;0.000506;0.000894
2021-02-02;USD_OIS_SOFR_1Y;0.000512;0.000888
2021-02-03;USD_OIS_SOFR_1Y;0.000517;0.000883
2021-02-04;USD_OIS_SOFR_1Y;0.000308;0.000692
2021-02-05;USD_OIS_SOFR_1Y;-1.6e-05;0.000416
2021-02-08;USD_OIS_SOFR_1Y;-9e-06;0.000409
2021-02-09;USD_OIS_SOFR_1Y;0.000269;0.000731
2021-02-10;USD_OIS_SOFR_1Y;0.000373;0.000827
2021-02-11;USD_OIS_SOFR_1Y;0.00038;0.00082
2021-02-12;USD_OIS_SOFR_1Y;0.000283;0.000717
2021-02-16;USD_OIS_SOFR_1Y;0.000387;0.000813
2021-02-17;USD_OIS_SOFR_1Y;0.000393;0.000807
2021-02-18;USD_OIS_SOFR_1Y;7.1e-05;0.000529
2021-02-19;USD_OIS_SOFR_1Y;-2.5e-05;0.000425
2021-02-22;USD_OIS_SOFR_1Y;7.9e-05;0.000521
2021-02-23;USD_OIS_SOFR_1Y;-0.000126;0.000326
2021-02-24;USD_OIS_SOFR_1Y;-2.3e-05;0.000423
2021-02-25;USD_OIS_SOFR_1Y;8.1e-05;0.000519
2021-02-26;USD_OIS_SOFR_1Y;-0.000125;0.000325
2021-03-01;USD_OIS_SOFR_1Y;-2.1e-05;0.000421
2021-03-02;USD_OIS_SOFR_1Y;0.000174;0.000626
2021-03-03;USD_OIS_SOFR_1Y;0.00018;0.00062
2021-03-04;USD_OIS_SOFR_1Y;-2.5e-05;0.000425
2021-03-05;USD_OIS_SOFR_1Y;-1.8e-05;0.000418
2021-03-08;USD_OIS_SOFR_1Y;-1.2e-05;0.000412
2021-03-09;USD_OIS_SOFR_1Y;-5e-06;0.000405
2021-03-10;USD_OIS_SOFR_1Y;1e-06;0.000399
2021-03-11;USD_OIS_SOFR_1Y;-9.6e-05;0.000296
2021-03-12;USD_OIS_SOFR_1Y;-9e-05;0.00029
2021-03-15;USD_OIS_SOFR_1Y;-8.5e-05;0.000285
2021-03-16;USD_OIS_SOFR_1Y;-7.9e-05;0.000279
2021-03-17;USD_OIS_SOFR_1Y;-7.3e-05;0.000273
2021-03-18;USD_OIS_SOFR_1Y;-6.8e-05;0.000268
2021-03-19;USD_OIS_SOFR_1Y;-6.3e-05;0.000263
2021-03-22;USD_OIS_SOFR_1Y;-5.8e-05;0.000258
2021-03-23;USD_OIS_SOFR_1Y;-5.3e-05;0.000253
2021-03-24;USD_OIS_SOFR_1Y;-4.9e-05;0.000249
2021-03-25;USD_OIS_SOFR_1Y;-4.4e-05;0.000244
2021-03-26;USD_OIS_SOFR_1Y;-4e-05;0.00024
2021-03-29;USD_OIS_SOFR_1Y;-3.5e-05;0.000235
2021-03-30;USD_OIS_SOFR_1Y;-3.1e-05;0.000231
2021-03-31;USD_OIS_SOFR_1Y;-2.7e-05;0.000227
2021-04-01;USD_OIS_SOFR_1Y;-2.3e-05;0.000223
2021-04-05;USD_OIS_SOFR_1Y;-2e-05;0.00022
2021-04-06;USD_OIS_SOFR_1Y;-1.6e-05;0.000216
2021-04-07;USD_OIS_SOFR_1Y;-1.3e-05;0.000213
2021-04-08;USD_OIS_SOFR_1Y;-9e-06;0.000209
2021-04-09;USD_OIS_SOFR_1Y;-6e-06;0.000206
2021-04-12;USD_OIS_SOFR_1Y;-3e-06;0.000203
2021-04-13;USD_OIS_SOFR_1Y;0.0;0.0002
2021-04-14;USD_OIS_SOFR_1Y;0.0;0.0002
2021-04-15;USD_OIS_SOFR_1Y;0.0;0.0002
2021-04-16;USD_OIS_SOFR_1Y;0.0;0.0002
2021-04-19;USD_OIS_SOFR_1Y;0.0;0.0002
2021-04-20;USD_OIS_SOFR_1Y;0.0;0.0002
2021-04-21;USD_OIS_SOFR_1Y;0.0;0.0002
2021-04-22;USD_OIS_SOFR_1Y;0.0;0.0002
2021-04-23;USD_OIS_SOFR_1Y;0.0;0.0002
2021-04-26;USD_OIS_SOFR_1Y;0.0;0.0002
2021-04-27;USD_OIS_SOFR_1Y;0.0;0.0002
2021-04-28;USD_OIS_SOFR_1Y;0.0;0.0002
2021-04-29;USD_OIS_SOFR_1Y;0.0;0.0002
2021-04-30;USD_OIS_SOFR_1Y;0.0;0.0002
2021-05-03;USD_OIS_SOFR_1Y;0.0;0.0002
2021-05-04;USD_OIS_SOFR_1Y;0.0;0.0002
2021-05-05;USD_OIS_SOFR_1Y;0.0;0.0002
2021-05-06;USD_OIS_SOFR_1Y;0.0;0.0002
2021-05-07;USD_OIS_SOFR_1Y;0.0;0.0002
2021-05-10;USD_OIS_SOFR_1Y;0.0;0.0002
2021-05-11;USD_OIS_SOFR_1Y;0.0;0.0002
2021-05-12;USD_OIS_SOFR_1Y;0.0;0.0002
2021-05-13;USD_OIS_SOFR_1Y;0.0;0.0002
2021-05-14;USD_OIS_SOFR_1Y;0.0;0.0002
2021-05-17;USD_OIS_SOFR_1Y;0.0;0.0002
2021-05-18;USD_OIS_SOFR_1Y;0.0;0.0002
2021-05-19;USD_OIS_SOFR_1Y;0.0;0.0002
2021-05-20;USD_OIS_SOFR_1Y;0.0;0.0002
2021-05-21;USD_OIS_SOFR_1Y;0.0;0.0002
2021-05-24;USD_OIS_SOFR_1Y;0.0;0.0002
2021-05-25;USD_OIS_SOFR_1Y;0.0;0.0002
2021-05-26;USD_OIS_SOFR_1Y;0.0;0.0002
2021-05-27;USD_OIS_SOFR_1Y;0.0;0.0002
2021-05-28;USD_OIS_SOFR_1Y;0.0;0.0002
2021-06-01;USD_OIS_SOFR_1Y;0.0;0.0002
2021-06-02;USD_OIS_SOFR_1Y;0.0;0.0002
2021-06-03;USD_OIS_SOFR_1Y;0.0;0.0002
2021-06-04;USD_OIS_SOFR_1Y;0.0;0.0002
2021-06-07;USD_OIS_SOFR_1Y;0.0;0.0002
2021-06-08;USD_OIS_SOFR_1Y;0.0;0.0002
2021-06-09;USD_OIS_SOFR_1Y;0.0;0.0002
2021-06-10;USD_OIS_SOFR_1Y;0.0;0.0002
2021-06-11;USD_OIS_SOFR_1Y;0.0;0.0002
2021-06-14;USD_OIS_SOFR_1Y;0.0;0.0002
2021-06-15;USD_OIS_SOFR_1Y;0.0;0.0002
2021-06-16;USD_OIS_SOFR_1Y;0.0;0.0002
2021-06-17;USD_OIS_SOFR_1Y;0.000351;0.000649
2021-06-18;USD_OIS_SOFR_1Y;0.000356;0.000644
2021-06-21;USD_OIS_SOFR_1Y;0.00036;0.00064
2021-06-22;USD_OIS_SOFR_1Y;0.000364;0.000636
2021-06-23;USD_OIS_SOFR_1Y;0.000368;0.000632
2021-06-24;USD_OIS_SOFR_1Y;0.000372;0.000628
2021-06-25;USD_OIS_SOFR_1Y;0.000376;0.000624
2021-06-28;USD_OIS_SOFR_1Y;0.00038;0.00062
2021-06-29;USD_OIS_SOFR_1Y;0.000384;0.000616
2021-06-30;USD_OIS_SOFR_1Y;0.000387;0.000613
2021-07-01;USD_OIS_SOFR_1Y;0.000391;0.000609
2021-07-02;USD_OIS_SOFR_1Y;0.000394;0.000606
2021-07-06;USD_OIS_SOFR_1Y;0.000397;0.000603
2021-07-07;USD_OIS_SOFR_1Y;0.0004;0.0006
2021-07-08;USD_OIS_SOFR_1Y;0.0004;0.0006
2021-07-09;USD_OIS_SOFR_1Y;0.0004;0.0006
2021-07-12;USD_OIS_SOFR_1Y;0.0004;0.0006
2021-07-13;USD_OIS_SOFR_1Y;0.0004;0.0006
2021-07-14;USD_OIS_SOFR_1Y;0.0004;0.0006
2021-07-15;USD_OIS_SOFR_1Y;0.0004;0.0006
2021-07-16;USD_OIS_SOFR_1Y;0.0004;0.0006
2021-07-19;USD_OIS_SOFR_1Y;0.0004;0.0006
2021-07-20;USD_OIS_SOFR_1Y;0.0004;0.0006
2021-07-21;USD_OIS_SOFR_1Y;0.0004;0.0006
2021-07-22;USD_OIS_SOFR_1Y;0.0004;0.0006
2021-07-23;USD_OIS_SOFR_1Y;0.0004;0.0006
2021-07-26;USD_OIS_SOFR_1Y;0.0004;0.0006
2021-07-27;USD_OIS_SOFR_1Y;0.0004;0.0006
2021-07-28;USD_OIS_SOFR_1Y;0.0004;0.0006
2021-07-29;USD_OIS_SOFR_1Y;0.0004;0.0006
2021-07-30;USD_OIS_SOFR_1Y;0.0004;0.0006
2021-08-02;USD_OIS_SOFR_1Y;0.0004;0.0006
2021-08-03;USD_OIS_SOFR_1Y;0.0004;0.0006
2021-08-04;USD_OIS_SOFR_1Y;0.0004;0.0006
2021-08-05;USD_OIS_SOFR_1Y;0.0004;0.0006
2021-08-06;USD_OIS_SOFR_1Y;0.0004;0.0006
2021-08-09;USD_OIS_SOFR_1Y;0.0004;0.0006
2021-08-10;USD_OIS_SOFR_1Y;0.0004;0.0006
2021-08-11;USD_OIS_SOFR_1Y;0.0004;0.0006
2021-08-12;USD_OIS_SOFR_1Y;0.0004;0.0006
2021-08-13;USD_OIS_SOFR_1Y;0.0004;0.0006
2021-08-16;USD_OIS_SOFR_1Y;0.0004;0.0006
2021-08-17;USD_OIS_SOFR_1Y;0.0004;0.0006
2021-08-18;USD_OIS_SOFR_1Y;0.0004;0.0006
2021-08-19;USD_OIS_SOFR_1Y;0.0004;0.0006
2021-08-20;USD_OIS_SOFR_1Y;0.0004;0.0006
2021-08-23;USD_OIS_SOFR_1Y;0.0004;0.0006
2021-08-24;USD_OIS_SOFR_1Y;0.0004;0.0006
2021-08-25;USD_OIS_SOFR_1Y;0.0004;0.0006
2021-08-26;USD_OIS_SOFR_1Y;0.0004;0.0006
2021-08-27;USD_OIS_SOFR_1Y;0.0004;0.0006
2021-08-30;USD_OIS_SOFR_1Y;0.0004;0.0006
2021-08-31;USD_OIS_SOFR_1Y;0.0004;0.0006
2021-09-01;USD_OIS_SOFR_1Y;0.0004;0.0006
2021-09-02;USD_OIS_SOFR_1Y;0.0004;0.0006
2021-09-03;USD_OIS_SOFR_1Y;0.0004;0.0006
2021-09-07;USD_OIS_SOFR_1Y;0.0004;0.0006
2021-09-08;USD_OIS_SOFR_1Y;0.0004;0.0006
2021-09-09;USD_OIS_SOFR_1Y;0.0004;0.0006
2021-09-10;USD_OIS_SOFR_1Y;0.0004;0.0006
2021-09-13;USD_OIS_SOFR_1Y;0.0004;0.0006
2021-09-14;USD_OIS_SOFR_1Y;0.0004;0.0006
2021-09-15;USD_OIS_SOFR_1Y;0.0004;0.0006
2021-09-16;USD_OIS_SOFR_1Y;0.0004;0.0006
2021-09-17;USD_OIS_SOFR_1Y;0.0004;0.0006
2021-09-20;USD_OIS_SOFR_1Y;0.0004;0.0006
2021-09-21;USD_OIS_SOFR_1Y;0.0004;0.0006
2021-09-22;USD_OIS_SOFR_1Y;0.0004;0.0006
2021-09-23;USD_OIS_SOFR_1Y;0.0004;0.0006
2021-09-24;USD_OIS_SOFR_1Y;0.0004;0.0006
2021-09-27;USD_OIS_SOFR_1Y;0.0004;0.0006
2021-09-28;USD_OIS_SOFR_1Y;0.0004;0.0006
2021-09-29;USD_OIS_SOFR_1Y;0.0004;0.0006
2021-09-30;USD_OIS_SOFR_1Y;0.0004;0.0006
2021-10-01;USD_OIS_SOFR_1Y;0.0004;0.0006
2021-10-04;USD_OIS_SOFR_1Y;0.0004;0.0006
2021-10-05;USD_OIS_SOFR_1Y;0.0004;0.0006
2021-10-06;USD_OIS_SOFR_1Y;0.0004;0.0006
2021-10-07;USD_OIS_SOFR_1Y;0.0004;0.0006
2021-10-08;USD_OIS_SOFR_1Y;0.0004;0.0006
2021-10-12;USD_OIS_SOFR_1Y;0.0004;0.0006
2021-10-13;USD_OIS_SOFR_1Y;0.0004;0.0006
2021-10-14;USD_OIS_SOFR_1Y;0.0004;0.0006
2021-10-15;USD_OIS_SOFR_1Y;0.0004;0.0006
2021-10-18;USD_OIS_SOFR_1Y;0.0004;0.0006
2021-10-19;USD_OIS_SOFR_1Y;0.0002;0.0004
2021-10-20;USD_OIS_SOFR_1Y;0.0002;0.0004
2021-10-21;USD_OIS_SOFR_1Y;0.0002;0.0004
2021-10-22;USD_OIS_SOFR_1Y;0.0004;0.0006
2021-10-25;USD_OIS_SOFR_1Y;0.000296;0.000504
2021-10-26;USD_OIS_SOFR_1Y;0.000393;0.000607
2021-10-27;USD_OIS_SOFR_1Y;0.000396;0.000604
2021-10-28;USD_OIS_SOFR_1Y;0.000399;0.000601
2021-10-29;USD_OIS_SOFR_1Y;0.0004;0.0006
2021-11-01;USD_OIS_SOFR_1Y;0.0004;0.0006
2021-11-02;USD_OIS_SOFR_1Y;0.0004;0.0006
2021-11-03;USD_OIS_SOFR_1Y;0.0004;0.0006
2021-11-04;USD_OIS_SOFR_1Y;0.0004;0.0006
2021-11-05;USD_OIS_SOFR_1Y;0.0004;0.0006
2021-11-08;USD_OIS_SOFR_1Y;0.0004;0.0006
2021-11-09;USD_OIS_SOFR_1Y;0.0004;0.0006
2021-11-10;USD_OIS_SOFR_1Y;0.0004;0.0006
2021-11-12;USD_OIS_SOFR_1Y;0.0004;0.0006
2021-11-15;USD_OIS_SOFR_1Y;0.0004;0.0006
2021-11-16;USD_OIS_SOFR_1Y;0.0004;0.0006
2021-11-17;USD_OIS_SOFR_1Y;0.0004;0.0006
2021-11-18;USD_OIS_SOFR_1Y;0.0004;0.0006
2021-11-19;USD_OIS_SOFR_1Y;0.0004;0.0006
2021-11-22;USD_OIS_SOFR_1Y;0.0004;0.0006
2021-11-23;USD_OIS_SOFR_1Y;0.0004;0.0006
2021-11-24;USD_OIS_SOFR_1Y;0.0004;0.0006
2021-11-26;USD_OIS_SOFR_1Y;0.0004;0.0006
2021-11-29;USD_OIS_SOFR_1Y;0.0004;0.0006
2021-11-30;USD_OIS_SOFR_1Y;0.0004;0.0006
2021-12-01;USD_OIS_SOFR_1Y;0.0004;0.0006
2021-12-02;USD_OIS_SOFR_1Y;0.0004;0.0006
2021-12-03;USD_OIS_SOFR_1Y;0.0004;0.0006
2021-12-06;USD_OIS_SOFR_1Y;0.0004;0.0006
2021-12-07;USD_OIS_SOFR_1Y;0.0004;0.0006
2021-12-08;USD_OIS_SOFR_1Y;0.0004;0.0006
2021-12-09;USD_OIS_SOFR_1Y;0.0004;0.0006
2021-12-10;USD_OIS_SOFR_1Y;0.0004;0.0006
2021-12-13;USD_OIS_SOFR_1Y;0.0004;0.0006
2021-12-14;USD_OIS_SOFR_1Y;0.0004;0.0006
2021-12-15;USD_OIS_SOFR_1Y;0.0004;0.0006
2021-12-16;USD_OIS_SOFR_1Y;0.0004;0.0006
2021-12-17;USD_OIS_SOFR_1Y;0.0004;0.0006
2021-12-20;USD_OIS_SOFR_1Y;0.0003;0.0005
2021-12-21;USD_OIS_SOFR_1Y;0.0004;0.0006
2021-12-22;USD_OIS_SOFR_1Y;0.0004;0.0006
2021-12-23;USD_OIS_SOFR_1Y;0.0004;0.0006
2021-12-27;USD_OIS_SOFR_1Y;0.0004;0.0006
2021-12-28;USD_OIS_SOFR_1Y;0.0004;0.0006
2021-12-29;USD_OIS_SOFR_1Y;0.0004;0.0006
2021-12-30;USD_OIS_SOFR_1Y;0.0004;0.0006
2021-12-31;USD_OIS_SOFR_1Y;0.0004;0.0006
2022-01-03;USD_OIS_SOFR_1Y;0.0004;0.0006
2022-01-04;USD_OIS_SOFR_1Y;0.0004;0.0006
2022-01-05;USD_OIS_SOFR_1Y;0.0004;0.0006
2022-01-06;USD_OIS_SOFR_1Y;0.0004;0.0006
2022-01-07;USD_OIS_SOFR_1Y;0.0004;0.0006
2022-01-10;USD_OIS_SOFR_1Y;0.0004;0.0006
2022-01-11;USD_OIS_SOFR_1Y;0.0004;0.0006
2022-01-12;USD_OIS_SOFR_1Y;0.0004;0.0006
2022-01-13;USD_OIS_SOFR_1Y;0.0004;0.0006
2022-01-14;USD_OIS_SOFR_1Y;0.0004;0.0006
2022-01-18;USD_OIS_SOFR_1Y;0.0004;0.0006
2022-01-19;USD_OIS_SOFR_1Y;0.0004;0.0006
2022-01-20;USD_OIS_SOFR_1Y;0.0003;0.0005
2022-01-21;USD_OIS_SOFR_1Y;0.0004;0.0006
2022-01-24;USD_OIS_SOFR_1Y;0.0003;0.0005
2022-01-25;USD_OIS_SOFR_1Y;0.0004;0.0006
2022-01-26;USD_OIS_SOFR_1Y;0.0003;0.0005
2022-01-27;USD_OIS_SOFR_1Y;0.0003;0.0005
2022-01-28;USD_OIS_SOFR_1Y;0.0004;0.0006
2022-01-31;USD_OIS_SOFR_1Y;0.0004;0.0006
2022-02-01;USD_OIS_SOFR_1Y;0.0004;0.0006
2022-02-02;USD_OIS_SOFR_1Y;0.0004;0.0006
2022-02-03;USD_OIS_SOFR_1Y;0.0004;0.0006
2022-02-04;USD_OIS_SOFR_1Y;0.0004;0.0006
2022-02-07;USD_OIS_SOFR_1Y;0.0004;0.0006
2022-02-08;USD_OIS_SOFR_1Y;0.0004;0.0006
2022-02-09;USD_OIS_SOFR_1Y;0.0003;0.0005
2022-02-10;USD_OIS_SOFR_1Y;0.0004;0.0006
2022-02-11;USD_OIS_SOFR_1Y;0.0004;0.0006
2022-02-14;USD_OIS_SOFR_1Y;0.0004;0.0006
2022-02-15;USD_OIS_SOFR_1Y;0.0004;0.0006
2022-02-16;USD_OIS_SOFR_1Y;0.0004;0.0006
2022-02-17;USD_OIS_SOFR_1Y;0.0004;0.0006
2022-02-18;USD_OIS_SOFR_1Y;0.0004;0.0006
2022-02-22;USD_OIS_SOFR_1Y;0.0004;0.0006
2022-02-23;USD_OIS_SOFR_1Y;0.0004;0.0006
2022-02-24;USD_OIS_SOFR_1Y;0.0004;0.0006
2022-02-25;USD_OIS_SOFR_1Y;0.0004;0.0006
2022-02-28;USD_OIS_SOFR_1Y;0.0004;0.0006
2022-03-01;USD_OIS_SOFR_1Y;0.0004;0.0006
2022-03-02;USD_OIS_SOFR_1Y;0.0004;0.0006
2022-03-03;USD_OIS_SOFR_1Y;0.0004;0.0006
2022-03-04;USD_OIS_SOFR_1Y;0.0004;0.0006
2022-03-07;USD_OIS_SOFR_1Y;0.0004;0.0006
2022-03-08;USD_OIS_SOFR_1Y;0.0004;0.0006
2022-03-09;USD_OIS_SOFR_1Y;0.0004;0.0006
2022-03-10;USD_OIS_SOFR_1Y;0.0004;0.0006
2022-03-11;USD_OIS_SOFR_1Y;0.0004;0.0006
2022-03-14;USD_OIS_SOFR_1Y;0.0004;0.0006
2022-03-15;USD_OIS_SOFR_1Y;0.0004;0.0006
2022-03-16;USD_OIS_SOFR_1Y;0.0004;0.0006
2022-03-17;USD_OIS_SOFR_1Y;0.002081;0.003919
2022-03-18;USD_OIS_SOFR_1Y;0.002109;0.003891
2022-03-21;USD_OIS_SOFR_1Y;0.002035;0.003765
2022-03-22;USD_OIS_SOFR_1Y;0.001961;0.003639
2022-03-23;USD_OIS_SOFR_1Y;0.001885;0.003515
2022-03-24;USD_OIS_SOFR_1Y;0.00191;0.00349
2022-03-25;USD_OIS_SOFR_1Y;0.002033;0.003567
2022-03-28;USD_OIS_SOFR_1Y;0.002057;0.003543
2022-03-29;USD_OIS_SOFR_1Y;0.002079;0.003521
2022-03-30;USD_OIS_SOFR_1Y;0.002;0.0034
2022-03-31;USD_OIS_SOFR_1Y;0.002218;0.003582
2022-04-01;USD_OIS_SOFR_1Y;0.002337;0.003663
2022-04-04;USD_OIS_SOFR_1Y;0.002358;0.003642
2022-04-05;USD_OIS_SOFR_1Y;0.002377;0.003623
2022-04-06;USD_OIS_SOFR_1Y;0.002396;0.003604
2022-04-07;USD_OIS_SOFR_1Y;0.002415;0.003585
2022-04-08;USD_OIS_SOFR_1Y;0.002432;0.003568
2022-04-11;USD_OIS_SOFR_1Y;0.00245;0.00355
2022-04-12;USD_OIS_SOFR_1Y;0.002365;0.003435
2022-04-13;USD_OIS_SOFR_1Y;0.002381;0.003419
2022-04-14;USD_OIS_SOFR_1Y;0.002397;0.003403
2022-04-18;USD_OIS_SOFR_1Y;0.002413;0.003387
2022-04-19;USD_OIS_SOFR_1Y;0.002326;0.003274
2022-04-20;USD_OIS_SOFR_1Y;0.002239;0.003161
2022-04-21;USD_OIS_SOFR_1Y;0.002151;0.003049
2022-04-22;USD_OIS_SOFR_1Y;0.002264;0.003136
2022-04-25;USD_OIS_SOFR_1Y;0.002277;0.003123
2022-04-26;USD_OIS_SOFR_1Y;0.00229;0.00311
2022-04-27;USD_OIS_SOFR_1Y;0.002401;0.003199
2022-04-28;USD_OIS_SOFR_1Y;0.002413;0.003187
2022-04-29;USD_OIS_SOFR_1Y;0.002425;0.003175
2022-05-02;USD_OIS_SOFR_1Y;0.002629;0.003371
2022-05-03;USD_OIS_SOFR_1Y;0.00264;0.00336
2022-05-04;USD_OIS_SOFR_1Y;0.002651;0.003349
2022-05-05;USD_OIS_SOFR_1Y;0.006068;0.009732
2022-05-06;USD_OIS_SOFR_1Y;0.006024;0.009576
2022-05-09;USD_OIS_SOFR_1Y;0.006078;0.009522
2022-05-10;USD_OIS_SOFR_1Y;0.00613;0.00947
2022-05-11;USD_OIS_SOFR_1Y;0.006181;0.009419
2022-05-12;USD_OIS_SOFR_1Y;0.00633;0.00947
2022-05-13;USD_OIS_SOFR_1Y;0.006378;0.009422
2022-05-16;USD_OIS_SOFR_1Y;0.006524;0.009476
2022-05-17;USD_OIS_SOFR_1Y;0.006569;0.009431
2022-05-18;USD_OIS_SOFR_1Y;0.006512;0.009288
2022-05-19;USD_OIS_SOFR_1Y;0.006554;0.009246
2022-05-20;USD_OIS_SOFR_1Y;0.006494;0.009106
2022-05-23;USD_OIS_SOFR_1Y;0.006534;0.009066
2022-05-24;USD_OIS_SOFR_1Y;0.006573;0.009027
2022-05-25;USD_OIS_SOFR_1Y;0.00661;0.00899
2022-05-26;USD_OIS_SOFR_1Y;0.006646;0.008954
2022-05-27;USD_OIS_SOFR_1Y;0.006682;0.008918
2022-05-31;USD_OIS_SOFR_1Y;0.006815;0.008985
2022-06-01;USD_OIS_SOFR_1Y;0.006947;0.009053
2022-06-02;USD_OIS_SOFR_1Y;0.006879;0.008921
2022-06-03;USD_OIS_SOFR_1Y;0.006809;0.008791
2022-06-06;USD_OIS_SOFR_1Y;0.006839;0.008761
2022-06-07;USD_OIS_SOFR_1Y;0.006768;0.008632
2022-06-08;USD_OIS_SOFR_1Y;0.006696;0.008504
2022-06-09;USD_OIS_SOFR_1Y;0.006622;0.008378
2022-06-10;USD_OIS_SOFR_1Y;0.006649;0.008351
2022-06-13;USD_OIS_SOFR_1Y;0.006472;0.008128
2022-06-14;USD_OIS_SOFR_1Y;0.006084;0.007716
2022-06-15;USD_OIS_SOFR_1Y;0.006208;0.007792
2022-06-16;USD_OIS_SOFR_1Y;0.011639;0.017361
2022-06-17;USD_OIS_SOFR_1Y;0.011726;0.017274
2022-06-21;USD_OIS_SOFR_1Y;0.011811;0.017189
2022-06-22;USD_OIS_SOFR_1Y;0.011893;0.017107
2022-06-23;USD_OIS_SOFR_1Y;0.011872;0.016928
2022-06-24;USD_OIS_SOFR_1Y;0.012148;0.017052
2022-06-27;USD_OIS_SOFR_1Y;0.012618;0.017382
2022-06-28;USD_OIS_SOFR_1Y;0.012889;0.017511
2022-06-29;USD_OIS_SOFR_1Y;0.01286;0.01734
2022-06-30;USD_OIS_SOFR_1Y;0.012827;0.017173
2022-07-01;USD_OIS_SOFR_1Y;0.013092;0.017308
2022-07-05;USD_OIS_SOFR_1Y;0.013355;0.017445
2022-07-06;USD_OIS_SOFR_1Y;0.013418;0.017382
2022-07-07;USD_OIS_SOFR_1Y;0.013478;0.017322
2022-07-08;USD_OIS_SOFR_1Y;0.013436;0.017164
2022-07-11;USD_OIS_SOFR_1Y;0.013493;0.017107
2022-07-12;USD_OIS_SOFR_1Y;0.013648;0.017152
2022-07-13;USD_OIS_SOFR_1Y;0.013601;0.016999
2022-07-14;USD_OIS_SOFR_1Y;0.013652;0.016948
2022-07-15;USD_OIS_SOFR_1Y;0.013802;0.016998
2022-07-18;USD_OIS_SOFR_1Y;0.013851;0.016949
2022-07-19;USD_OIS_SOFR_1Y;0.013898;0.016902
2022-07-20;USD_OIS_SOFR_1Y;0.013843;0.016757
2022-07-21;USD_OIS_SOFR_1Y;0.013888;0.016712
2022-07-22;USD_OIS_SOFR_1Y;0.01383;0.01657
2022-07-25;USD_OIS_SOFR_1Y;0.013971;0.016629
2022-07-26;USD_OIS_SOFR_1Y;0.014012;0.016588
2022-07-27;USD_OIS_SOFR_1Y;0.014051;0.016549
2022-07-28;USD_OIS_SOFR_1Y;0.01979;0.02581
2022-07-29;USD_OIS_SOFR_1Y;0.019782;0.025618
2022-08-01;USD_OIS_SOFR_1Y;0.01997;0.02563
2022-08-02;USD_OIS_SOFR_1Y;0.020255;0.025745
2022-08-03;USD_OIS_SOFR_1Y;0.020239;0.025561
2022-08-04;USD_OIS_SOFR_1Y;0.02032;0.02548
2022-08-05;USD_OIS_SOFR_1Y;0.020298;0.025302
2022-08-08;USD_OIS_SOFR_1Y;0.020374;0.025226
2022-08-09;USD_OIS_SOFR_1Y;0.020548;0.025252
2022-08-10;USD_OIS_SOFR_1Y;0.020519;0.025081
2022-08-11;USD_OIS_SOFR_1Y;0.020589;0.025011
2022-08-12;USD_OIS_SOFR_1Y;0.020656;0.024944
2022-08-15;USD_OIS_SOFR_1Y;0.020821;0.024979
2022-08-16;USD_OIS_SOFR_1Y;0.020884;0.024916
2022-08-17;USD_OIS_SOFR_1Y;0.020946;0.024854
2022-08-18;USD_OIS_SOFR_1Y;0.020905;0.024695
2022-08-19;USD_OIS_SOFR_1Y;0.020963;0.024637
2022-08-22;USD_OIS_SOFR_1Y;0.021019;0.024581
2022-08-23;USD_OIS_SOFR_1Y;0.020973;0.024427
2022-08-24;USD_OIS_SOFR_1Y;0.021025;0.024375
2022-08-25;USD_OIS_SOFR_1Y;0.021176;0.024424
2022-08-26;USD_OIS_SOFR_1Y;0.021225;0.024375
2022-08-29;USD_OIS_SOFR_1Y;0.021273;0.024327
2022-08-30;USD_OIS_SOFR_1Y;0.021419;0.024381
2022-08-31;USD_OIS_SOFR_1Y;0.021464;0.024336
2022-09-01;USD_OIS_SOFR_1Y;0.021508;0.024292
2022-09-02;USD_OIS_SOFR_1Y;0.021551;0.024249
2022-09-06;USD_OIS_SOFR_1Y;0.021592;0.024208
2022-09-07;USD_OIS_SOFR_1Y;0.021531;0.024069
2022-09-08;USD_OIS_SOFR_1Y;0.02157;0.02403
2022-09-09;USD_OIS_SOFR_1Y;0.021607;0.023993
2022-09-12;USD_OIS_SOFR_1Y;0.021644;0.023956
2022-09-13;USD_OIS_SOFR_1Y;0.021679;0.023921
2022-09-14;USD_OIS_SOFR_1Y;0.021612;0.023788
2022-09-15;USD_OIS_SOFR_1Y;0.021745;0.023855
2022-09-16;USD_OIS_SOFR_1Y;0.021676;0.023724
2022-09-19;USD_OIS_SOFR_1Y;0.021707;0.023693
2022-09-20;USD_OIS_SOFR_1Y;0.021637;0.023563
2022-09-21;USD_OIS_SOFR_1Y;0.021566;0.023434
2022-09-22;USD_OIS_SOFR_1Y;0.027034;0.032766
2022-09-23;USD_OIS_SOFR_1Y;0.027121;0.032679
2022-09-26;USD_OIS_SOFR_1Y;0.027206;0.032594
2022-09-27;USD_OIS_SOFR_1Y;0.027188;0.032412
2022-09-28;USD_OIS_SOFR_1Y;0.027267;0.032333
2022-09-29;USD_OIS_SOFR_1Y;0.027144;0.032056
2022-09-30;USD_OIS_SOFR_1Y;0.027417;0.032183
2022-10-03;USD_OIS_SOFR_1Y;0.027689;0.032311
2022-10-04;USD_OIS_SOFR_1Y;0.028154;0.032646
2022-10-05;USD_OIS_SOFR_1Y;0.028223;0.032577
2022-10-06;USD_OIS_SOFR_1Y;0.028389;0.032611
2022-10-07;USD_OIS_SOFR_1Y;0.028453;0.032547
2022-10-11;USD_OIS_SOFR_1Y;0.028515;0.032485
2022-10-12;USD_OIS_SOFR_1Y;0.028475;0.032325
2022-10-13;USD_OIS_SOFR_1Y;0.028534;0.032266
2022-10-14;USD_OIS_SOFR_1Y;0.028591;0.032209
2022-10-17;USD_OIS_SOFR_1Y;0.028746;0.032254
2022-10-18;USD_OIS_SOFR_1Y;0.028699;0.032101
2022-10-19;USD_OIS_SOFR_1Y;0.028751;0.032049
2022-10-20;USD_OIS_SOFR_1Y;0.0287;0.0319
2022-10-21;USD_OIS_SOFR_1Y;0.028649;0.031751
2022-10-24;USD_OIS_SOFR_1Y;0.028595;0.031605
2022-10-25;USD_OIS_SOFR_1Y;0.028741;0.031659
2022-10-26;USD_OIS_SOFR_1Y;0.028885;0.031715
2022-10-27;USD_OIS_SOFR_1Y;0.029027;0.031773
2022-10-28;USD_OIS_SOFR_1Y;0.029169;0.031831
2022-10-31;USD_OIS_SOFR_1Y;0.029209;0.031791
2022-11-01;USD_OIS_SOFR_1Y;0.029249;0.031751
2022-11-02;USD_OIS_SOFR_1Y;0.029287;0.031713
2022-11-03;USD_OIS_SOFR_1Y;0.035004;0.040996
2022-11-04;USD_OIS_SOFR_1Y;0.035095;0.040905
2022-11-07;USD_OIS_SOFR_1Y;0.034983;0.040617
2022-11-08;USD_OIS_SOFR_1Y;0.035068;0.040532
2022-11-09;USD_OIS_SOFR_1Y;0.035152;0.040448
2022-11-10;USD_OIS_SOFR_1Y;0.035232;0.040368
2022-11-14;USD_OIS_SOFR_1Y;0.03541;0.04039
2022-11-15;USD_OIS_SOFR_1Y;0.035586;0.040414
2022-11-16;USD_OIS_SOFR_1Y;0.035759;0.040441
2022-11-17;USD_OIS_SOFR_1Y;0.03573;0.04027
2022-11-18;USD_OIS_SOFR_1Y;0.035799;0.040201
2022-11-21;USD_OIS_SOFR_1Y;0.035866;0.040134
2022-11-22;USD_OIS_SOFR_1Y;0.035931;0.040069
2022-11-23;USD_OIS_SOFR_1Y;0.035894;0.039906
2022-11-25;USD_OIS_SOFR_1Y;0.036055;0.039945
2022-11-28;USD_OIS_SOFR_1Y;0.036114;0.039886
2022-11-29;USD_OIS_SOFR_1Y;0.036271;0.039929
2022-11-30;USD_OIS_SOFR_1Y;0.036426;0.039974
2022-12-01;USD_OIS_SOFR_1Y;0.03648;0.03992
2022-12-02;USD_OIS_SOFR_1Y;0.036432;0.039768
2022-12-05;USD_OIS_SOFR_1Y;0.036483;0.039717
2022-12-06;USD_OIS_SOFR_1Y;0.036432;0.039568
2022-12-07;USD_OIS_SOFR_1Y;0.03648;0.03952
2022-12-08;USD_OIS_SOFR_1Y;0.036526;0.039474
2022-12-09;USD_OIS_SOFR_1Y;0.036571;0.039429
2022-12-12;USD_OIS_SOFR_1Y;0.036615;0.039385
2022-12-13;USD_OIS_SOFR_1Y;0.036657;0.039343
2022-12-14;USD_OIS_SOFR_1Y;0.036698;0.039302
2022-12-15;USD_OIS_SOFR_1Y;0.04091;0.04549
2022-12-16;USD_OIS_SOFR_1Y;0.04098;0.04542
2022-12-19;USD_OIS_SOFR_1Y;0.040846;0.045154
2022-12-20;USD_OIS_SOFR_1Y;0.040912;0.045088
2022-12-21;USD_OIS_SOFR_1Y;0.040975;0.045025
2022-12-22;USD_OIS_SOFR_1Y;0.041037;0.044963
2022-12-23;USD_OIS_SOFR_1Y;0.041097;0.044903
2022-12-27;USD_OIS_SOFR_1Y;0.041155;0.044845
2022-12-28;USD_OIS_SOFR_1Y;0.041211;0.044789
2022-12-29;USD_OIS_SOFR_1Y;0.041265;0.044735
2022-12-30;USD_OIS_SOFR_1Y;0.041318;0.044682
2023-01-03;USD_OIS_SOFR_1Y;0.041469;0.044731
2023-01-04;USD_OIS_SOFR_1Y;0.041418;0.044582
2023-01-05;USD_OIS_SOFR_1Y;0.041566;0.044634
2023-01-06;USD_OIS_SOFR_1Y;0.041613;0.044587
2023-01-09;USD_OIS_SOFR_1Y;0.041658;0.044542
2023-01-10;USD_OIS_SOFR_1Y;0.041702;0.044498
2023-01-11;USD_OIS_SOFR_1Y;0.041644;0.044356
2023-01-12;USD_OIS_SOFR_1Y;0.041685;0.044315
2023-01-13;USD_OIS_SOFR_1Y;0.041726;0.044274
2023-01-17;USD_OIS_SOFR_1Y;0.041864;0.044336
2023-01-18;USD_OIS_SOFR_1Y;0.041801;0.044199
2023-01-19;USD_OIS_SOFR_1Y;0.041937;0.044263
2023-01-20;USD_OIS_SOFR_1Y;0.041872;0.044128
2023-01-23;USD_OIS_SOFR_1Y;0.041906;0.044094
2023-01-24;USD_OIS_SOFR_1Y;0.041939;0.044061
2023-01-25;USD_OIS_SOFR_1Y;0.042071;0.044129
2023-01-26;USD_OIS_SOFR_1Y;0.042002;0.043998
2023-01-27;USD_OIS_SOFR_1Y;0.042032;0.043968
2023-01-30;USD_OIS_SOFR_1Y;0.042062;0.043938
2023-01-31;USD_OIS_SOFR_1Y;0.042189;0.044011
2023-02-01;USD_OIS_SOFR_1Y;0.042217;0.043983
2023-02-02;USD_OIS_SOFR_1Y;0.044344;0.046856
2023-02-03;USD_OIS_SOFR_1Y;0.044282;0.046718
2023-02-06;USD_OIS_SOFR_1Y;0.044319;0.046681
2023-02-07;USD_OIS_SOFR_1Y;0.044355;0.046645
2023-02-08;USD_OIS_SOFR_1Y;0.04439;0.04661
2023-02-09;USD_OIS_SOFR_1Y;0.044424;0.046576
2023-02-10;USD_OIS_SOFR_1Y;0.044457;0.046543
2023-02-13;USD_OIS_SOFR_1Y;0.044488;0.046512
2023-02-14;USD_OIS_SOFR_1Y;0.044519;0.046481
2023-02-15;USD_OIS_SOFR_1Y;0.044549;0.046451
2023-02-16;USD_OIS_SOFR_1Y;0.044578;0.046422
2023-02-17;USD_OIS_SOFR_1Y;0.044606;0.046394
2023-02-21;USD_OIS_SOFR_1Y;0.044633;0.046367
2023-02-22;USD_OIS_SOFR_1Y;0.04466;0.04634
2023-02-23;USD_OIS_SOFR_1Y;0.044685;0.046315
2023-02-24;USD_OIS_SOFR_1Y;0.04471;0.04629
2023-02-27;USD_OIS_SOFR_1Y;0.044734;0.046266
2023-02-28;USD_OIS_SOFR_1Y;0.044758;0.046242
2023-03-01;USD_OIS_SOFR_1Y;0.04478;0.04622
2023-03-02;USD_OIS_SOFR_1Y;0.044802;0.046198
2023-03-03;USD_OIS_SOFR_1Y;0.044823;0.046177
2023-03-06;USD_OIS_SOFR_1Y;0.044844;0.046156
2023-03-07;USD_OIS_SOFR_1Y;0.044864;0.046136
2023-03-08;USD_OIS_SOFR_1Y;0.044883;0.046117
2023-03-09;USD_OIS_SOFR_1Y;0.044902;0.046098
2023-03-10;USD_OIS_SOFR_1Y;0.04492;0.04608
2023-03-13;USD_OIS_SOFR_1Y;0.044938;0.046062
2023-03-14;USD_OIS_SOFR_1Y;0.044955;0.046045
2023-03-15;USD_OIS_SOFR_1Y;0.04526;0.04634
2023-03-16;USD_OIS_SOFR_1Y;0.045176;0.046224
2023-03-17;USD_OIS_SOFR_1Y;0.044986;0.046014
2023-03-20;USD_OIS_SOFR_1Y;0.045002;0.045998
2023-03-21;USD_OIS_SOFR_1Y;0.045017;0.045983
2023-03-22;USD_OIS_SOFR_1Y;0.045032;0.045968
2023-03-23;USD_OIS_SOFR_1Y;0.046975;0.049025
2023-03-24;USD_OIS_SOFR_1Y;0.047007;0.048993
2023-03-27;USD_OIS_SOFR_1Y;0.047136;0.049064
2023-03-28;USD_OIS_SOFR_1Y;0.047459;0.049341
2023-03-29;USD_OIS_SOFR_1Y;0.047387;0.049213
2023-03-30;USD_OIS_SOFR_1Y;0.047314;0.049086
2023-03-31;USD_OIS_SOFR_1Y;0.047822;0.049578
2023-04-03;USD_OIS_SOFR_1Y;0.047541;0.049259
2023-04-04;USD_OIS_SOFR_1Y;0.047467;0.049133
2023-04-05;USD_OIS_SOFR_1Y;0.047289;0.048911
2023-04-06;USD_OIS_SOFR_1Y;0.047313;0.048887
2023-04-10;USD_OIS_SOFR_1Y;0.047337;0.048863
2023-04-11;USD_OIS_SOFR_1Y;0.04726;0.04874
2023-04-12;USD_OIS_SOFR_1Y;0.047282;0.048718
2023-04-13;USD_OIS_SOFR_1Y;0.047304;0.048696
2023-04-14;USD_OIS_SOFR_1Y;0.047325;0.048675
2023-04-17;USD_OIS_SOFR_1Y;0.047346;0.048654
2023-04-18;USD_OIS_SOFR_1Y;0.047366;0.048634
2023-04-19;USD_OIS_SOFR_1Y;0.047385;0.048615
2023-04-20;USD_OIS_SOFR_1Y;0.047404;0.048596
2023-04-21;USD_OIS_SOFR_1Y;0.047422;0.048578
2023-04-24;USD_OIS_SOFR_1Y;0.04744;0.04856
2023-04-25;USD_OIS_SOFR_1Y;0.047457;0.048543
2023-04-26;USD_OIS_SOFR_1Y;0.047473;0.048527
2023-04-27;USD_OIS_SOFR_1Y;0.047588;0.048612
2023-04-28;USD_OIS_SOFR_1Y;0.047604;0.048596
2023-05-01;USD_OIS_SOFR_1Y;0.047619;0.048581
2023-05-02;USD_OIS_SOFR_1Y;0.047633;0.048567
2023-05-03;USD_OIS_SOFR_1Y;0.047648;0.048552
2023-05-04;USD_OIS_SOFR_1Y;0.049582;0.051618
2023-05-05;USD_OIS_SOFR_1Y;0.049613;0.051587
2023-05-08;USD_OIS_SOFR_1Y;0.049643;0.051557
2023-05-09;USD_OIS_SOFR_1Y;0.049672;0.051528
2023-05-10;USD_OIS_SOFR_1Y;0.049701;0.051499
2023-05-11;USD_OIS_SOFR_1Y;0.049627;0.051373
2023-05-12;USD_OIS_SOFR_1Y;0.049654;0.051346
2023-05-15;USD_OIS_SOFR_1Y;0.049779;0.051421
2023-05-16;USD_OIS_SOFR_1Y;0.049703;0.051297
2023-05-17;USD_OIS_SOFR_1Y;0.049727;0.051273
2023-05-18;USD_OIS_SOFR_1Y;0.049751;0.051249
2023-05-19;USD_OIS_SOFR_1Y;0.049774;0.051226
2023-05-22;USD_OIS_SOFR_1Y;0.049796;0.051204
2023-05-23;USD_OIS_SOFR_1Y;0.049817;0.051183
2023-05-24;USD_OIS_SOFR_1Y;0.049838;0.051162
2023-05-25;USD_OIS_SOFR_1Y;0.049957;0.051243
2023-05-26;USD_OIS_SOFR_1Y;0.049977;0.051223
2023-05-30;USD_OIS_SOFR_1Y;0.049996;0.051204
2023-05-31;USD_OIS_SOFR_1Y;0.050209;0.051391
2023-06-01;USD_OIS_SOFR_1Y;0.050227;0.051373
2023-06-02;USD_OIS_SOFR_1Y;0.050144;0.051256
2023-06-05;USD_OIS_SOFR_1Y;0.050059;0.051141
2023-06-06;USD_OIS_SOFR_1Y;0.049975;0.051025
2023-06-07;USD_OIS_SOFR_1Y;0.049991;0.051009
2023-06-08;USD_OIS_SOFR_1Y;0.050006;0.050994
2023-06-09;USD_OIS_SOFR_1Y;0.050021;0.050979
2023-06-12;USD_OIS_SOFR_1Y;0.050036;0.050964
2023-06-13;USD_OIS_SOFR_1Y;0.05005;0.05095
2023-06-14;USD_OIS_SOFR_1Y;0.050064;0.050936
2023-06-15;USD_OIS_SOFR_1Y;0.050175;0.051025
2023-06-16;USD_OIS_SOFR_1Y;0.050087;0.050913
2023-06-20;USD_OIS_SOFR_1Y;0.050099;0.050901
2023-06-21;USD_OIS_SOFR_1Y;0.050111;0.050889
2023-06-22;USD_OIS_SOFR_1Y;0.050123;0.050877
2023-06-23;USD_OIS_SOFR_1Y;0.050135;0.050865
2023-06-26;USD_OIS_SOFR_1Y;0.050146;0.050854
2023-06-27;USD_OIS_SOFR_1Y;0.050157;0.050843
2023-06-28;USD_OIS_SOFR_1Y;0.050265;0.050935
2023-06-29;USD_OIS_SOFR_1Y;0.050275;0.050925
2023-06-30;USD_OIS_SOFR_1Y;0.050566;0.051234
2023-07-03;USD_OIS_SOFR_1Y;0.050258;0.050942
2023-07-05;USD_OIS_SOFR_1Y;0.050269;0.050931
2023-07-06;USD_OIS_SOFR_1Y;0.050279;0.050921
2023-07-07;USD_OIS_SOFR_1Y;0.050289;0.050911
2023-07-10;USD_OIS_SOFR_1Y;0.050298;0.050902
2023-07-11;USD_OIS_SOFR_1Y;0.050307;0.050893
2023-07-12;USD_OIS_SOFR_1Y;0.050214;0.050786
2023-07-13;USD_OIS_SOFR_1Y;0.05032;0.05088
2023-07-14;USD_OIS_SOFR_1Y;0.050226;0.050774
2023-07-17;USD_OIS_SOFR_1Y;0.050332;0.050868
2023-07-18;USD_OIS_SOFR_1Y;0.05034;0.05086
2023-07-19;USD_OIS_SOFR_1Y;0.050245;0.050755
2023-07-20;USD_OIS_SOFR_1Y;0.05035;0.05085
2023-07-21;USD_OIS_SOFR_1Y;0.050255;0.050745
2023-07-24;USD_OIS_SOFR_1Y;0.050263;0.050737
2023-07-25;USD_OIS_SOFR_1Y;0.050367;0.050833
2023-07-26;USD_OIS_SOFR_1Y;0.050374;0.050826
2023-07-27;USD_OIS_SOFR_1Y;0.052156;0.054044
2023-07-28;USD_OIS_SOFR_1Y;0.052084;0.053916
2023-07-31;USD_OIS_SOFR_1Y;0.052211;0.053989
2023-08-01;USD_OIS_SOFR_1Y;0.052238;0.053962
2023-08-02;USD_OIS_SOFR_1Y;0.052163;0.053837
2023-08-03;USD_OIS_SOFR_1Y;0.052189;0.053811
2023-08-04;USD_OIS_SOFR_1Y;0.052214;0.053786
2023-08-07;USD_OIS_SOFR_1Y;0.052238;0.053762
2023-08-08;USD_OIS_SOFR_1Y;0.052261;0.053739
2023-08-09;USD_OIS_SOFR_1Y;0.052283;0.053717
2023-08-10;USD_OIS_SOFR_1Y;0.052305;0.053695
2023-08-11;USD_OIS_SOFR_1Y;0.052326;0.053674
2023-08-14;USD_OIS_SOFR_1Y;0.052347;0.053653
2023-08-15;USD_OIS_SOFR_1Y;0.052367;0.053633
2023-08-16;USD_OIS_SOFR_1Y;0.052386;0.053614
2023-08-17;USD_OIS_SOFR_1Y;0.052405;0.053595
2023-08-18;USD_OIS_SOFR_1Y;0.052423;0.053577
2023-08-21;USD_OIS_SOFR_1Y;0.05244;0.05356
2023-08-22;USD_OIS_SOFR_1Y;0.052457;0.053543
2023-08-23;USD_OIS_SOFR_1Y;0.052474;0.053526
2023-08-24;USD_OIS_SOFR_1Y;0.05249;0.05351
2023-08-25;USD_OIS_SOFR_1Y;0.052506;0.053494
2023-08-28;USD_OIS_SOFR_1Y;0.052521;0.053479
2023-08-29;USD_OIS_SOFR_1Y;0.052535;0.053465
2023-08-30;USD_OIS_SOFR_1Y;0.052549;0.053451
2023-08-31;USD_OIS_SOFR_1Y;0.052662;0.053538
2023-09-01;USD_OIS_SOFR_1Y;0.052675;0.053525
2023-09-05;USD_OIS_SOFR_1Y;0.052688;0.053512
2023-09-06;USD_OIS_SOFR_1Y;0.052599;0.053401
2023-09-07;USD_OIS_SOFR_1Y;0.052709;0.053491
2023-09-08;USD_OIS_SOFR_1Y;0.052619;0.053381
2023-09-11;USD_OIS_SOFR_1Y;0.052631;0.053369
2023-09-12;USD_OIS_SOFR_1Y;0.052642;0.053358
2023-09-13;USD_OIS_SOFR_1Y;0.052653;0.053347
2023-09-14;USD_OIS_SOFR_1Y;0.052664;0.053336
2023-09-15;USD_OIS_SOFR_1Y;0.052772;0.053428
2023-09-18;USD_OIS_SOFR_1Y;0.052782;0.053418
2023-09-19;USD_OIS_SOFR_1Y;0.052792;0.053408
2023-09-20;USD_OIS_SOFR_1Y;0.052699;0.053301
2023-09-21;USD_OIS_SOFR_1Y;0.052708;0.053292
2023-09-22;USD_OIS_SOFR_1Y;0.052717;0.053283
2023-09-25;USD_OIS_SOFR_1Y;0.052823;0.053377
2023-09-26;USD_OIS_SOFR_1Y;0.052831;0.053369
2023-09-27;USD_OIS_SOFR_1Y;0.052937;0.053463
2023-09-28;USD_OIS_SOFR_1Y;0.052842;0.053358
2023-09-29;USD_OIS_SOFR_1Y;0.05285;0.05335
2023-10-02;USD_OIS_SOFR_1Y;0.052955;0.053445
2023-10-03;USD_OIS_SOFR_1Y;0.05306;0.05354
2023-10-04;USD_OIS_SOFR_1Y;0.052964;0.053436
2023-10-05;USD_OIS_SOFR_1Y;0.052971;0.053429
2023-10-06;USD_OIS_SOFR_1Y;0.052875;0.053325
2023-10-10;USD_OIS_SOFR_1Y;0.052882;0.053318
2023-10-11;USD_OIS_SOFR_1Y;0.052889;0.053311
2023-10-12;USD_OIS_SOFR_1Y;0.052895;0.053305
2023-10-13;USD_OIS_SOFR_1Y;0.052901;0.053299
2023-10-16;USD_OIS_SOFR_1Y;0.052907;0.053293
2023-10-17;USD_OIS_SOFR_1Y;0.052913;0.053287
2023-10-18;USD_OIS_SOFR_1Y;0.052815;0.053185
2023-10-19;USD_OIS_SOFR_1Y;0.052821;0.053179
2023-10-20;USD_OIS_SOFR_1Y;0.052826;0.053174
2023-10-23;USD_OIS_SOFR_1Y;0.052832;0.053168
2023-10-24;USD_OIS_SOFR_1Y;0.052837;0.053163
2023-10-25;USD_OIS_SOFR_1Y;0.052842;0.053158
2023-10-26;USD_OIS_SOFR_1Y;0.052942;0.053258
2023-10-27;USD_OIS_SOFR_1Y;0.052947;0.053253
2023-10-30;USD_OIS_SOFR_1Y;0.052952;0.053248
2023-10-31;USD_OIS_SOFR_1Y;0.053294;0.053706
2023-11-01;USD_OIS_SOFR_1Y;0.052972;0.053428
2023-11-02;USD_OIS_SOFR_1Y;0.053076;0.053524
2023-11-03;USD_OIS_SOFR_1Y;0.05298;0.05342
2023-11-06;USD_OIS_SOFR_1Y;0.052987;0.053413
2023-11-07;USD_OIS_SOFR_1Y;0.052993;0.053407
2023-11-08;USD_OIS_SOFR_1Y;0.052999;0.053401
2023-11-09;USD_OIS_SOFR_1Y;0.053005;0.053395
2023-11-10;USD_OIS_SOFR_1Y;0.053011;0.053389
2023-11-13;USD_OIS_SOFR_1Y;0.053017;0.053383
2023-11-14;USD_OIS_SOFR_1Y;0.053023;0.053377
2023-11-15;USD_OIS_SOFR_1Y;0.053028;0.053372
2023-11-16;USD_OIS_SOFR_1Y;0.053033;0.053367
2023-11-17;USD_OIS_SOFR_1Y;0.053038;0.053362
2023-11-20;USD_OIS_SOFR_1Y;0.052939;0.053261
2023-11-21;USD_OIS_SOFR_1Y;0.052944;0.053256
2023-11-22;USD_OIS_SOFR_1Y;0.052949;0.053251
2023-11-24;USD_OIS_SOFR_1Y;0.053049;0.053351
2023-11-27;USD_OIS_SOFR_1Y;0.053053;0.053347
2023-11-28;USD_OIS_SOFR_1Y;0.053058;0.053342
2023-11-29;USD_OIS_SOFR_1Y;0.052957;0.053243
2023-11-30;USD_OIS_SOFR_1Y;0.053143;0.053457
2023-12-01;USD_OIS_SOFR_1Y;0.053632;0.054168
2023-12-04;USD_OIS_SOFR_1Y;0.05343;0.05397
2023-12-05;USD_OIS_SOFR_1Y;0.053;0.0536
2023-12-06;USD_OIS_SOFR_1Y;0.052907;0.053493
2023-12-07;USD_OIS_SOFR_1Y;0.052916;0.053484
2023-12-08;USD_OIS_SOFR_1Y;0.052924;0.053476
2023-12-11;USD_OIS_SOFR_1Y;0.052933;0.053467
2023-12-12;USD_OIS_SOFR_1Y;0.052838;0.053362
2023-12-13;USD_OIS_SOFR_1Y;0.052846;0.053354
2023-12-14;USD_OIS_SOFR_1Y;0.052854;0.053346
2023-12-15;USD_OIS_SOFR_1Y;0.052959;0.053441
2023-12-18;USD_OIS_SOFR_1Y;0.052966;0.053434
2023-12-19;USD_OIS_SOFR_1Y;0.05287;0.05333
2023-12-20;USD_OIS_SOFR_1Y;0.052877;0.053323
2023-12-21;USD_OIS_SOFR_1Y;0.052884;0.053316
2023-12-22;USD_OIS_SOFR_1Y;0.052987;0.053413
2023-12-26;USD_OIS_SOFR_1Y;0.053266;0.053734
2023-12-27;USD_OIS_SOFR_1Y;0.05363;0.05417
2023-12-28;USD_OIS_SOFR_1Y;0.053736;0.054264
2023-12-29;USD_OIS_SOFR_1Y;0.053533;0.054067
2024-01-02;USD_OIS_SOFR_1Y;0.053731;0.054269
2024-01-03;USD_OIS_SOFR_1Y;0.053637;0.054163
2024-01-04;USD_OIS_SOFR_1Y;0.052838;0.053562
2024-01-05;USD_OIS_SOFR_1Y;0.052747;0.053453
2024-01-08;USD_OIS_SOFR_1Y;0.052758;0.053442
2024-01-09;USD_OIS_SOFR_1Y;0.052768;0.053432
2024-01-10;USD_OIS_SOFR_1Y;0.052778;0.053422
2024-01-11;USD_OIS_SOFR_1Y;0.052788;0.053412
2024-01-12;USD_OIS_SOFR_1Y;0.052797;0.053403
2024-01-16;USD_OIS_SOFR_1Y;0.052904;0.053496
2024-01-17;USD_OIS_SOFR_1Y;0.052913;0.053487
2024-01-18;USD_OIS_SOFR_1Y;0.05282;0.05338
2024-01-19;USD_OIS_SOFR_1Y;0.052828;0.053372
2024-01-22;USD_OIS_SOFR_1Y;0.052837;0.053363
2024-01-23;USD_OIS_SOFR_1Y;0.052845;0.053355
2024-01-24;USD_OIS_SOFR_1Y;0.052852;0.053348
2024-01-25;USD_OIS_SOFR_1Y;0.052957;0.053443
2024-01-26;USD_OIS_SOFR_1Y;0.052964;0.053436
2024-01-29;USD_OIS_SOFR_1Y;0.052869;0.053331
2024-01-30;USD_OIS_SOFR_1Y;0.052876;0.053324
2024-01-31;USD_OIS_SOFR_1Y;0.052979;0.053421
2024-02-01;USD_OIS_SOFR_1Y;0.052986;0.053414
2024-02-02;USD_OIS_SOFR_1Y;0.052993;0.053407
2024-02-05;USD_OIS_SOFR_1Y;0.052896;0.053304
2024-02-06;USD_OIS_SOFR_1Y;0.052902;0.053298
2024-02-07;USD_OIS_SOFR_1Y;0.052908;0.053292
2024-02-08;USD_OIS_SOFR_1Y;0.052914;0.053286
2024-02-09;USD_OIS_SOFR_1Y;0.052919;0.053281
2024-02-12;USD_OIS_SOFR_1Y;0.052925;0.053275
2024-02-13;USD_OIS_SOFR_1Y;0.05293;0.05327
2024-02-14;USD_OIS_SOFR_1Y;0.052831;0.053169
2024-02-15;USD_OIS_SOFR_1Y;0.052932;0.053268
2024-02-16;USD_OIS_SOFR_1Y;0.052833;0.053167
2024-02-20;USD_OIS_SOFR_1Y;0.052839;0.053161
2024-02-21;USD_OIS_SOFR_1Y;0.052843;0.053157
2024-02-22;USD_OIS_SOFR_1Y;0.052848;0.053152
2024-02-23;USD_OIS_SOFR_1Y;0.052948;0.053252
2024-02-26;USD_OIS_SOFR_1Y;0.052953;0.053247
2024-02-27;USD_OIS_SOFR_1Y;0.052957;0.053243
2024-02-28;USD_OIS_SOFR_1Y;0.052962;0.053238
2024-02-29;USD_OIS_SOFR_1Y;0.053061;0.053339
2024-03-01;USD_OIS_SOFR_1Y;0.05296;0.05324
2024-03-04;USD_OIS_SOFR_1Y;0.052965;0.053235
2024-03-05;USD_OIS_SOFR_1Y;0.052969;0.053231
2024-03-06;USD_OIS_SOFR_1Y;0.052973;0.053227
2024-03-07;USD_OIS_SOFR_1Y;0.052977;0.053223
2024-03-08;USD_OIS_SOFR_1Y;0.05298;0.05322
2024-03-11;USD_OIS_SOFR_1Y;0.052984;0.053216
2024-03-12;USD_OIS_SOFR_1Y;0.052988;0.053212
2024-03-13;USD_OIS_SOFR_1Y;0.052991;0.053209
2024-03-14;USD_OIS_SOFR_1Y;0.052994;0.053206
2024-03-15;USD_OIS_SOFR_1Y;0.052998;0.053202
2024-03-18;USD_OIS_SOFR_1Y;0.053;0.0532
2024-03-19;USD_OIS_SOFR_1Y;0.053;0.0532
2024-03-20;USD_OIS_SOFR_1Y;0.053;0.0532
2024-03-21;USD_OIS_SOFR_1Y;0.053;0.0532
2024-03-22;USD_OIS_SOFR_1Y;0.053;0.0532
2024-03-25;USD_OIS_SOFR_1Y;0.053;0.0532
2024-03-26;USD_OIS_SOFR_1Y;0.0531;0.0533
2024-03-27;USD_OIS_SOFR_1Y;0.0532;0.0534
2024-03-28;USD_OIS_SOFR_1Y;0.0533;0.0535
2024-04-01;USD_OIS_SOFR_1Y;0.053397;0.053603
2024-04-02;USD_OIS_SOFR_1Y;0.053294;0.053506
2024-04-03;USD_OIS_SOFR_1Y;0.053073;0.053327
2024-04-04;USD_OIS_SOFR_1Y;0.053077;0.053323
2024-04-05;USD_OIS_SOFR_1Y;0.053081;0.053319
2024-04-08;USD_OIS_SOFR_1Y;0.052979;0.053221
2024-04-09;USD_OIS_SOFR_1Y;0.052983;0.053217
2024-04-10;USD_OIS_SOFR_1Y;0.052986;0.053214
2024-04-11;USD_OIS_SOFR_1Y;0.05299;0.05321
2024-04-12;USD_OIS_SOFR_1Y;0.052993;0.053207
2024-04-15;USD_OIS_SOFR_1Y;0.05309;0.05331
2024-04-16;USD_OIS_SOFR_1Y;0.052987;0.053213
2024-04-17;USD_OIS_SOFR_1Y;0.052991;0.053209
2024-04-18;USD_OIS_SOFR_1Y;0.052888;0.053112
2024-04-19;USD_OIS_SOFR_1Y;0.052985;0.053215
2024-04-22;USD_OIS_SOFR_1Y;0.052989;0.053211
2024-04-23;USD_OIS_SOFR_1Y;0.052992;0.053208
2024-04-24;USD_OIS_SOFR_1Y;0.052995;0.053205
2024-04-25;USD_OIS_SOFR_1Y;0.052999;0.053201
2024-04-26;USD_OIS_SOFR_1Y;0.053095;0.053305
2024-04-29;USD_OIS_SOFR_1Y;0.053098;0.053302
2024-04-30;USD_OIS_SOFR_1Y;0.053277;0.053523
2024-05-01;USD_OIS_SOFR_1Y;0.05306;0.05334
2024-05-02;USD_OIS_SOFR_1Y;0.052959;0.053241
2024-05-03;USD_OIS_SOFR_1Y;0.052964;0.053236
2024-05-06;USD_OIS_SOFR_1Y;0.052968;0.053232
2024-05-07;USD_OIS_SOFR_1Y;0.052972;0.053228
2024-05-08;USD_OIS_SOFR_1Y;0.052976;0.053224
2024-05-09;USD_OIS_SOFR_1Y;0.052979;0.053221
2024-05-10;USD_OIS_SOFR_1Y;0.052983;0.053217
2024-05-13;USD_OIS_SOFR_1Y;0.052987;0.053213
2024-05-14;USD_OIS_SOFR_1Y;0.05299;0.05321
2024-05-15;USD_OIS_SOFR_1Y;0.052993;0.053207
2024-05-16;USD_OIS_SOFR_1Y;0.052997;0.053203
2024-05-17;USD_OIS_SOFR_1Y;0.053;0.0532
2024-05-20;USD_OIS_SOFR_1Y;0.053;0.0532
2024-05-21;USD_OIS_SOFR_1Y;0.053;0.0532
2024-05-22;USD_OIS_SOFR_1Y;0.053;0.0532
2024-05-23;USD_OIS_SOFR_1Y;0.053;0.0532
2024-05-24;USD_OIS_SOFR_1Y;0.0531;0.0533
2024-05-28;USD_OIS_SOFR_1Y;0.0531;0.0533
2024-05-29;USD_OIS_SOFR_1Y;0.0532;0.0534
2024-05-30;USD_OIS_SOFR_1Y;0.0532;0.0534
2024-05-31;USD_OIS_SOFR_1Y;0.0533;0.0535
2024-06-03;USD_OIS_SOFR_1Y;0.053399;0.053601
2024-06-04;USD_OIS_SOFR_1Y;0.053178;0.053422
2024-06-05;USD_OIS_SOFR_1Y;0.053182;0.053418
2024-06-06;USD_OIS_SOFR_1Y;0.053185;0.053415
2024-06-07;USD_OIS_SOFR_1Y;0.053189;0.053411
2024-06-10;USD_OIS_SOFR_1Y;0.053086;0.053314
2024-06-11;USD_OIS_SOFR_1Y;0.053089;0.053311
2024-06-12;USD_OIS_SOFR_1Y;0.052987;0.053213
2024-06-13;USD_OIS_SOFR_1Y;0.05299;0.05321
2024-06-14;USD_OIS_SOFR_1Y;0.052993;0.053207
2024-06-17;USD_OIS_SOFR_1Y;0.053173;0.053427
2024-06-18;USD_OIS_SOFR_1Y;0.053177;0.053423
2024-06-20;USD_OIS_SOFR_1Y;0.053075;0.053325
2024-06-21;USD_OIS_SOFR_1Y;0.052974;0.053226
2024-06-24;USD_OIS_SOFR_1Y;0.052978;0.053222
2024-06-25;USD_OIS_SOFR_1Y;0.05316;0.05344
2024-06-26;USD_OIS_SOFR_1Y;0.05326;0.05354
2024-06-27;USD_OIS_SOFR_1Y;0.053264;0.053536
2024-06-28;USD_OIS_SOFR_1Y;0.053163;0.053437
2024-07-01;USD_OIS_SOFR_1Y;0.053711;0.054289
2024-07-02;USD_OIS_SOFR_1Y;0.053165;0.053835
2024-07-03;USD_OIS_SOFR_1Y;0.052967;0.053633
2024-07-05;USD_OIS_SOFR_1Y;0.052875;0.053525
2024-07-08;USD_OIS_SOFR_1Y;0.052885;0.053515
2024-07-09;USD_OIS_SOFR_1Y;0.053086;0.053714
2024-07-10;USD_OIS_SOFR_1Y;0.053095;0.053705
2024-07-11;USD_OIS_SOFR_1Y;0.053104;0.053696
2024-07-12;USD_OIS_SOFR_1Y;0.053113;0.053687
2024-07-15;USD_OIS_SOFR_1Y;0.053122;0.053678
2024-07-16;USD_OIS_SOFR_1Y;0.053228;0.053772
2024-07-17;USD_OIS_SOFR_1Y;0.053236;0.053764
2024-07-18;USD_OIS_SOFR_1Y;0.053142;0.053658
2024-07-19;USD_OIS_SOFR_1Y;0.05315;0.05365
2024-07-22;USD_OIS_SOFR_1Y;0.053055;0.053545
2024-07-23;USD_OIS_SOFR_1Y;0.053159;0.053641
2024-07-24;USD_OIS_SOFR_1Y;0.053166;0.053634
2024-07-25;USD_OIS_SOFR_1Y;0.053271;0.053729
2024-07-26;USD_OIS_SOFR_1Y;0.053278;0.053722
2024-07-29;USD_OIS_SOFR_1Y;0.053072;0.053528
2024-07-30;USD_OIS_SOFR_1Y;0.053079;0.053521
2024-07-31;USD_OIS_SOFR_1Y;0.053518;0.054082
2024-08-01;USD_OIS_SOFR_1Y;0.053205;0.053795
2024-08-02;USD_OIS_SOFR_1Y;0.053214;0.053786
2024-08-05;USD_OIS_SOFR_1Y;0.052902;0.053498
2024-08-06;USD_OIS_SOFR_1Y;0.053008;0.053592
2024-08-07;USD_OIS_SOFR_1Y;0.053017;0.053583
2024-08-08;USD_OIS_SOFR_1Y;0.053123;0.053677
2024-08-09;USD_OIS_SOFR_1Y;0.053132;0.053668
2024-08-12;USD_OIS_SOFR_1Y;0.05314;0.05366
2024-08-13;USD_OIS_SOFR_1Y;0.053148;0.053652
2024-08-14;USD_OIS_SOFR_1Y;0.053053;0.053547
2024-08-15;USD_OIS_SOFR_1Y;0.053249;0.053751
2024-08-16;USD_OIS_SOFR_1Y;0.052933;0.053467
2024-08-19;USD_OIS_SOFR_1Y;0.052941;0.053459
2024-08-20;USD_OIS_SOFR_1Y;0.052949;0.053451
2024-08-21;USD_OIS_SOFR_1Y;0.052854;0.053346
2024-08-22;USD_OIS_SOFR_1Y;0.052862;0.053338
2024-08-23;USD_OIS_SOFR_1Y;0.053057;0.053543
2024-08-26;USD_OIS_SOFR_1Y;0.053162;0.053638
2024-08-27;USD_OIS_SOFR_1Y;0.053266;0.053734
2024-08-28;USD_OIS_SOFR_1Y;0.053273;0.053727
2024-08-29;USD_OIS_SOFR_1Y;0.053068;0.053532
2024-08-30;USD_OIS_SOFR_1Y;0.052972;0.053428
2024-09-03;USD_OIS_SOFR_1Y;0.053167;0.053633
2024-09-04;USD_OIS_SOFR_1Y;0.053272;0.053728
2024-09-05;USD_OIS_SOFR_1Y;0.053279;0.053721
2024-09-06;USD_OIS_SOFR_1Y;0.053182;0.053618
2024-09-09;USD_OIS_SOFR_1Y;0.053189;0.053611
2024-09-10;USD_OIS_SOFR_1Y;0.053092;0.053508
2024-09-11;USD_OIS_SOFR_1Y;0.052995;0.053405
2024-09-12;USD_OIS_SOFR_1Y;0.053098;0.053502
2024-09-13;USD_OIS_SOFR_1Y;0.053104;0.053496
2024-09-16;USD_OIS_SOFR_1Y;0.053536;0.054064
2024-09-17;USD_OIS_SOFR_1Y;0.053544;0.054056
2024-09-18;USD_OIS_SOFR_1Y;0.052991;0.053609
2024-09-19;USD_OIS_SOFR_1Y;0.046302;0.050098
2024-09-20;USD_OIS_SOFR_1Y;0.04646;0.05014
2024-09-23;USD_OIS_SOFR_1Y;0.046516;0.050084
2024-09-24;USD_OIS_SOFR_1Y;0.04667;0.05013
2024-09-25;USD_OIS_SOFR_1Y;0.046723;0.050077
2024-09-26;USD_OIS_SOFR_1Y;0.046673;0.049927
2024-09-27;USD_OIS_SOFR_1Y;0.046822;0.049978
2024-09-30;USD_OIS_SOFR_1Y;0.048008;0.051192
2024-10-01;USD_OIS_SOFR_1Y;0.048922;0.052078
2024-10-02;USD_OIS_SOFR_1Y;0.047597;0.050803
2024-10-03;USD_OIS_SOFR_1Y;0.046925;0.050075
2024-10-04;USD_OIS_SOFR_1Y;0.046771;0.049829
2024-10-07;USD_OIS_SOFR_1Y;0.046817;0.049783
2024-10-08;USD_OIS_SOFR_1Y;0.046962;0.049838
2024-10-09;USD_OIS_SOFR_1Y;0.046905;0.049695
2024-10-10;USD_OIS_SOFR_1Y;0.046847;0.049553
2024-10-11;USD_OIS_SOFR_1Y;0.046788;0.049412
2024-10-15;USD_OIS_SOFR_1Y;0.047315;0.049885
2024-10-16;USD_OIS_SOFR_1Y;0.047354;0.049846
2024-10-17;USD_OIS_SOFR_1Y;0.047291;0.049709
2024-10-18;USD_OIS_SOFR_1Y;0.047228;0.049572
2024-10-21;USD_OIS_SOFR_1Y;0.047061;0.049339
2024-10-22;USD_OIS_SOFR_1Y;0.047195;0.049405
2024-10-23;USD_OIS_SOFR_1Y;0.047229;0.049371
2024-10-24;USD_OIS_SOFR_1Y;0.047261;0.049339
2024-10-25;USD_OIS_SOFR_1Y;0.047293;0.049307
2024-10-28;USD_OIS_SOFR_1Y;0.047223;0.049177
2024-10-29;USD_OIS_SOFR_1Y;0.047253;0.049147
2024-10-30;USD_OIS_SOFR_1Y;0.047181;0.049019
2024-10-31;USD_OIS_SOFR_1Y;0.048049;0.049951
2024-11-01;USD_OIS_SOFR_1Y;0.047667;0.049533
2024-11-04;USD_OIS_SOFR_1Y;0.047283;0.049117
2024-11-05;USD_OIS_SOFR_1Y;0.047311;0.049089
2024-11-06;USD_OIS_SOFR_1Y;0.047238;0.048962
2024-11-07;USD_OIS_SOFR_1Y;0.047363;0.049037
2024-11-08;USD_OIS_SOFR_1Y;0.044855;0.047145
2024-11-12;USD_OIS_SOFR_1Y;0.04489;0.04711
2024-11-13;USD_OIS_SOFR_1Y;0.044823;0.046977
2024-11-14;USD_OIS_SOFR_1Y;0.044755;0.046845
2024-11-15;USD_OIS_SOFR_1Y;0.044686;0.046714
2024-11-18;USD_OIS_SOFR_1Y;0.044717;0.046683
2024-11-19;USD_OIS_SOFR_1Y;0.044747;0.046653
2024-11-20;USD_OIS_SOFR_1Y;0.044675;0.046525
2024-11-21;USD_OIS_SOFR_1Y;0.044803;0.046597
2024-11-22;USD_OIS_SOFR_1Y;0.04483;0.04657
2024-11-25;USD_OIS_SOFR_1Y;0.044956;0.046644
2024-11-26;USD_OIS_SOFR_1Y;0.044981;0.046619
2024-11-27;USD_OIS_SOFR_1Y;0.044905;0.046495
2024-11-29;USD_OIS_SOFR_1Y;0.045126;0.046674
2024-12-02;USD_OIS_SOFR_1Y;0.045628;0.047172
2024-12-03;USD_OIS_SOFR_1Y;0.045651;0.047149
2024-12-04;USD_OIS_SOFR_1Y;0.045151;0.046649
2024-12-05;USD_OIS_SOFR_1Y;0.045174;0.046626
2024-12-06;USD_OIS_SOFR_1Y;0.045295;0.046705
2024-12-09;USD_OIS_SOFR_1Y;0.045608;0.046992
2024-12-10;USD_OIS_SOFR_1Y;0.045728;0.047072
2024-12-11;USD_OIS_SOFR_1Y;0.045544;0.046856
2024-12-12;USD_OIS_SOFR_1Y;0.045564;0.046836
2024-12-13;USD_OIS_SOFR_1Y;0.045379;0.046621
2024-12-16;USD_OIS_SOFR_1Y;0.045871;0.047129
2024-12-17;USD_OIS_SOFR_1Y;0.04558;0.04682
2024-12-18;USD_OIS_SOFR_1Y;0.045071;0.046329
2024-12-19;USD_OIS_SOFR_1Y;0.041836;0.044164
2024-12-20;USD_OIS_SOFR_1Y;0.041871;0.044129
2024-12-23;USD_OIS_SOFR_1Y;0.042005;0.044195
2024-12-24;USD_OIS_SOFR_1Y;0.042888;0.045112
2024-12-26;USD_OIS_SOFR_1Y;0.044121;0.046479
2024-12-27;USD_OIS_SOFR_1Y;0.043428;0.045772
2024-12-30;USD_OIS_SOFR_1Y;0.042517;0.044883
2024-12-31;USD_OIS_SOFR_1Y;0.043671;0.046129
2025-01-02;USD_OIS_SOFR_1Y;0.042763;0.045237
2025-01-03;USD_OIS_SOFR_1Y;0.041856;0.044344
2025-01-06;USD_OIS_SOFR_1Y;0.041485;0.043915
2025-01-07;USD_OIS_SOFR_1Y;0.041522;0.043878
2025-01-08;USD_OIS_SOFR_1Y;0.041756;0.044044
2025-01-09;USD_OIS_SOFR_1Y;0.04189;0.04411
2025-01-10;USD_OIS_SOFR_1Y;0.041924;0.044076
2025-01-13;USD_OIS_SOFR_1Y;0.041856;0.043944
2025-01-14;USD_OIS_SOFR_1Y;0.041787;0.043813
2025-01-15;USD_OIS_SOFR_1Y;0.041818;0.043782
2025-01-16;USD_OIS_SOFR_1Y;0.041947;0.043853
2025-01-17;USD_OIS_SOFR_1Y;0.041976;0.043824
2025-01-21;USD_OIS_SOFR_1Y;0.042004;0.043796
2025-01-22;USD_OIS_SOFR_1Y;0.042131;0.043869
2025-01-23;USD_OIS_SOFR_1Y;0.042638;0.044362
2025-01-24;USD_OIS_SOFR_1Y;0.042563;0.044237
2025-01-27;USD_OIS_SOFR_1Y;0.042588;0.044212
2025-01-28;USD_OIS_SOFR_1Y;0.042712;0.044288
2025-01-29;USD_OIS_SOFR_1Y;0.042736;0.044264
2025-01-30;USD_OIS_SOFR_1Y;0.042859;0.044341
2025-01-31;USD_OIS_SOFR_1Y;0.043078;0.044522
2025-02-03;USD_OIS_SOFR_1Y;0.042791;0.044209
2025-02-04;USD_OIS_SOFR_1Y;0.042609;0.043991
2025-02-05;USD_OIS_SOFR_1Y;0.04263;0.04397
2025-02-06;USD_OIS_SOFR_1Y;0.042941;0.044259
2025-02-07;USD_OIS_SOFR_1Y;0.04286;0.04414
2025-02-10;USD_OIS_SOFR_1Y;0.042879;0.044121
2025-02-11;USD_OIS_SOFR_1Y;0.042797;0.044003
2025-02-12;USD_OIS_SOFR_1Y;0.042611;0.043789
2025-02-13;USD_OIS_SOFR_1Y;0.042728;0.043872
2025-02-14;USD_OIS_SOFR_1Y;0.042745;0.043855
2025-02-18;USD_OIS_SOFR_1Y;0.043142;0.044258
2025-02-19;USD_OIS_SOFR_1Y;0.042954;0.044046
2025-02-20;USD_OIS_SOFR_1Y;0.042766;0.043834
2025-02-21;USD_OIS_SOFR_1Y;0.042881;0.043919
2025-02-24;USD_OIS_SOFR_1Y;0.042897;0.043903
2025-02-25;USD_OIS_SOFR_1Y;0.042811;0.043789
2025-02-26;USD_OIS_SOFR_1Y;0.042825;0.043775
2025-02-27;USD_OIS_SOFR_1Y;0.043127;0.044073
2025-02-28;USD_OIS_SOFR_1Y;0.043428;0.044372
2025-03-03;USD_OIS_SOFR_1Y;0.042792;0.043808
2025-03-04;USD_OIS_SOFR_1Y;0.042808;0.043792
2025-03-05;USD_OIS_SOFR_1Y;0.042921;0.043879
2025-03-06;USD_OIS_SOFR_1Y;0.043034;0.043966
2025-03-07;USD_OIS_SOFR_1Y;0.042947;0.043853
2025-03-10;USD_OIS_SOFR_1Y;0.042859;0.043741
2025-03-11;USD_OIS_SOFR_1Y;0.042771;0.043629
2025-03-12;USD_OIS_SOFR_1Y;0.042683;0.043517
2025-03-13;USD_OIS_SOFR_1Y;0.042594;0.043406
2025-03-14;USD_OIS_SOFR_1Y;0.042606;0.043394
2025-03-17;USD_OIS_SOFR_1Y;0.042811;0.043589
2025-03-18;USD_OIS_SOFR_1Y;0.042721;0.043479
2025-03-19;USD_OIS_SOFR_1Y;0.042525;0.043275
2025-03-20;USD_OIS_SOFR_1Y;0.042537;0.043263
2025-03-21;USD_OIS_SOFR_1Y;0.042646;0.043354
2025-03-24;USD_OIS_SOFR_1Y;0.042755;0.043445
2025-03-25;USD_OIS_SOFR_1Y;0.042957;0.043643
2025-03-26;USD_OIS_SOFR_1Y;0.04316;0.04384
2025-03-27;USD_OIS_SOFR_1Y;0.043268;0.043932
2025-03-28;USD_OIS_SOFR_1Y;0.04307;0.04373
2025-03-31;USD_OIS_SOFR_1Y;0.043689;0.044511
2025-04-01;USD_OIS_SOFR_1Y;0.043495;0.044305
2025-04-02;USD_OIS_SOFR_1Y;0.043301;0.044099
2025-04-03;USD_OIS_SOFR_1Y;0.043506;0.044294
2025-04-04;USD_OIS_SOFR_1Y;0.043091;0.043909
2025-04-07;USD_OIS_SOFR_1Y;0.042896;0.043704
2025-04-08;USD_OIS_SOFR_1Y;0.043532;0.044468
2025-04-09;USD_OIS_SOFR_1Y;0.04374;0.04466
2025-04-10;USD_OIS_SOFR_1Y;0.043218;0.044182
2025-04-11;USD_OIS_SOFR_1Y;0.04281;0.04379
2025-04-14;USD_OIS_SOFR_1Y;0.042825;0.043775
2025-04-15;USD_OIS_SOFR_1Y;0.043126;0.044074
2025-04-16;USD_OIS_SOFR_1Y;0.042605;0.043595
2025-04-17;USD_OIS_SOFR_1Y;0.042719;0.043681
2025-04-21;USD_OIS_SOFR_1Y;0.042734;0.043666
2025-04-22;USD_OIS_SOFR_1Y;0.042542;0.043458
2025-04-23;USD_OIS_SOFR_1Y;0.04235;0.04325
2025-04-24;USD_OIS_SOFR_1Y;0.042462;0.043338
2025-04-25;USD_OIS_SOFR_1Y;0.042851;0.043749
2025-04-28;USD_OIS_SOFR_1Y;0.043151;0.044049
2025-04-29;USD_OIS_SOFR_1Y;0.043164;0.044036
2025-04-30;USD_OIS_SOFR_1Y;0.043639;0.044561
2025-05-01;USD_OIS_SOFR_1Y;0.043447;0.044353
2025-05-02;USD_OIS_SOFR_1Y;0.043148;0.044052
2025-05-05;USD_OIS_SOFR_1Y;0.042848;0.043752
2025-05-06;USD_OIS_SOFR_1Y;0.04276;0.04364
2025-05-07;USD_OIS_SOFR_1Y;0.042567;0.043433
2025-05-08;USD_OIS_SOFR_1Y;0.042479;0.043321
2025-05-09;USD_OIS_SOFR_1Y;0.04239;0.04321
2025-05-12;USD_OIS_SOFR_1Y;0.042402;0.043198
2025-05-13;USD_OIS_SOFR_1Y;0.042607;0.043393
2025-05-14;USD_OIS_SOFR_1Y;0.042518;0.043282
2025-05-15;USD_OIS_SOFR_1Y;0.042722;0.043478
2025-05-16;USD_OIS_SOFR_1Y;0.042632;0.043368
2025-05-19;USD_OIS_SOFR_1Y;0.042541;0.043259
2025-05-20;USD_OIS_SOFR_1Y;0.042344;0.043056
2025-05-21;USD_OIS_SOFR_1Y;0.042253;0.042947
2025-05-22;USD_OIS_SOFR_1Y;0.042264;0.042936
2025-05-23;USD_OIS_SOFR_1Y;0.042274;0.042926
2025-05-27;USD_OIS_SOFR_1Y;0.042734;0.043466
2025-05-28;USD_OIS_SOFR_1Y;0.042938;0.043662
2025-05-29;USD_OIS_SOFR_1Y;0.042949;0.043651
2025-05-30;USD_OIS_SOFR_1Y;0.043152;0.043848
2025-06-02;USD_OIS_SOFR_1Y;0.043163;0.043837
2025-06-03;USD_OIS_SOFR_1Y;0.042855;0.043545
2025-06-04;USD_OIS_SOFR_1Y;0.042434;0.043166
2025-06-05;USD_OIS_SOFR_1Y;0.042544;0.043256
2025-06-06;USD_OIS_SOFR_1Y;0.042555;0.043245
2025-06-09;USD_OIS_SOFR_1Y;0.042565;0.043235
2025-06-10;USD_OIS_SOFR_1Y;0.042473;0.043127
2025-06-11;USD_OIS_SOFR_1Y;0.042483;0.043117
2025-06-12;USD_OIS_SOFR_1Y;0.042493;0.043107
2025-06-13;USD_OIS_SOFR_1Y;0.042502;0.043098
2025-06-16;USD_OIS_SOFR_1Y;0.042876;0.043524
2025-06-17;USD_OIS_SOFR_1Y;0.042784;0.043416
2025-06-18;USD_OIS_SOFR_1Y;0.042474;0.043126
2025-06-20;USD_OIS_SOFR_1Y;0.042582;0.043218
2025-06-23;USD_OIS_SOFR_1Y;0.042592;0.043208
2025-06-24;USD_OIS_SOFR_1Y;0.042699;0.043301
2025-06-25;USD_OIS_SOFR_1Y;0.043234;0.043966
2025-06-26;USD_OIS_SOFR_1Y;0.043616;0.044384
2025-06-27;USD_OIS_SOFR_1Y;0.043526;0.044274
2025-06-30;USD_OIS_SOFR_1Y;0.044076;0.044924
2025-07-01;USD_OIS_SOFR_1Y;0.043987;0.044813
2025-07-02;USD_OIS_SOFR_1Y;0.043573;0.044427
2025-07-03;USD_OIS_SOFR_1Y;0.043047;0.043953
2025-07-07;USD_OIS_SOFR_1Y;0.042855;0.043745
2025-07-08;USD_OIS_SOFR_1Y;0.042967;0.043833
2025-07-09;USD_OIS_SOFR_1Y;0.042774;0.043626
2025-07-10;USD_OIS_SOFR_1Y;0.042685;0.043515
2025-07-11;USD_OIS_SOFR_1Y;0.042698;0.043502
2025-07-14;USD_OIS_SOFR_1Y;0.042903;0.043697
2025-07-15;USD_OIS_SOFR_1Y;0.043288;0.044112
2025-07-16;USD_OIS_SOFR_1Y;0.042986;0.043814
2025-07-17;USD_OIS_SOFR_1Y;0.042998;0.043802
2025-07-18;USD_OIS_SOFR_1Y;0.042584;0.043416
2025-07-21;USD_OIS_SOFR_1Y;0.04239;0.04321
2025-07-22;USD_OIS_SOFR_1Y;0.042402;0.043198
2025-07-23;USD_OIS_SOFR_1Y;0.042414;0.043186
2025-07-24;USD_OIS_SOFR_1Y;0.042619;0.043381
2025-07-25;USD_OIS_SOFR_1Y;0.04317;0.04403
2025-07-28;USD_OIS_SOFR_1Y;0.043183;0.044017
2025-07-29;USD_OIS_SOFR_1Y;0.043196;0.044004
2025-07-30;USD_OIS_SOFR_1Y;0.042781;0.043619
2025-07-31;USD_OIS_SOFR_1Y;0.043419;0.044381
2025-08-01;USD_OIS_SOFR_1Y;0.042899;0.043901
2025-08-04;USD_OIS_SOFR_1Y;0.042813;0.043787
2025-08-05;USD_OIS_SOFR_1Y;0.042926;0.043874
2025-08-06;USD_OIS_SOFR_1Y;0.042941;0.043859
2025-08-07;USD_OIS_SOFR_1Y;0.043053;0.043947
2025-08-08;USD_OIS_SOFR_1Y;0.043067;0.043933
2025-08-11;USD_OIS_SOFR_1Y;0.042979;0.043821
2025-08-12;USD_OIS_SOFR_1Y;0.043185;0.044015
2025-08-13;USD_OIS_SOFR_1Y;0.042883;0.043717
2025-08-14;USD_OIS_SOFR_1Y;0.042994;0.043806
2025-08-15;USD_OIS_SOFR_1Y;0.043199;0.044001
2025-08-18;USD_OIS_SOFR_1Y;0.043005;0.043795
2025-08-19;USD_OIS_SOFR_1Y;0.042915;0.043685
2025-08-20;USD_OIS_SOFR_1Y;0.042719;0.043481
2025-08-21;USD_OIS_SOFR_1Y;0.042829;0.043571
2025-08-22;USD_OIS_SOFR_1Y;0.043212;0.043988
2025-08-25;USD_OIS_SOFR_1Y;0.043322;0.044078
2025-08-26;USD_OIS_SOFR_1Y;0.043431;0.044169
2025-08-27;USD_OIS_SOFR_1Y;0.043235;0.043965
2025-08-28;USD_OIS_SOFR_1Y;0.043039;0.043761
2025-08-29;USD_OIS_SOFR_1Y;0.04305;0.04375
2025-09-02;USD_OIS_SOFR_1Y;0.043514;0.044286
2025-09-03;USD_OIS_SOFR_1Y;0.043526;0.044274
2025-09-04;USD_OIS_SOFR_1Y;0.04373;0.04447
2025-09-05;USD_OIS_SOFR_1Y;0.043839;0.044561
2025-09-08;USD_OIS_SOFR_1Y;0.043642;0.044358
2025-09-09;USD_OIS_SOFR_1Y;0.043653;0.044347
2025-09-10;USD_OIS_SOFR_1Y;0.043562;0.044238
2025-09-11;USD_OIS_SOFR_1Y;0.043764;0.044436
2025-09-12;USD_OIS_SOFR_1Y;0.043872;0.044528
2025-09-15;USD_OIS_SOFR_1Y;0.044641;0.045559
2025-09-16;USD_OIS_SOFR_1Y;0.043274;0.044526
2025-09-17;USD_OIS_SOFR_1Y;0.043192;0.044408
2025-09-18;USD_OIS_SOFR_1Y;0.040339;0.042461
2025-09-19;USD_OIS_SOFR_1Y;0.040371;0.042429
2025-09-22;USD_OIS_SOFR_1Y;0.040403;0.042397
2025-09-23;USD_OIS_SOFR_1Y;0.04023;0.04217
2025-09-24;USD_OIS_SOFR_1Y;0.040359;0.042241
2025-09-25;USD_OIS_SOFR_1Y;0.04087;0.04273
2025-09-26;USD_OIS_SOFR_1Y;0.040695;0.042505
2025-09-29;USD_OIS_SOFR_1Y;0.040416;0.042184
2025-09-30;USD_OIS_SOFR_1Y;0.041452;0.043348
2025-10-01;USD_OIS_SOFR_1Y;0.041069;0.042931
2025-10-02;USD_OIS_SOFR_1Y;0.041098;0.042902
2025-10-03;USD_OIS_SOFR_1Y;0.040922;0.042678
2025-10-06;USD_OIS_SOFR_1Y;0.040642;0.042358
2025-10-07;USD_OIS_SOFR_1Y;0.040567;0.042233
2025-10-08;USD_OIS_SOFR_1Y;0.040389;0.042011
2025-10-09;USD_OIS_SOFR_1Y;0.040513;0.042087
2025-10-10;USD_OIS_SOFR_1Y;0.040733;0.042267
2025-10-14;USD_OIS_SOFR_1Y;0.041142;0.042658
2025-10-15;USD_OIS_SOFR_1Y;0.042079;0.043721
2025-10-16;USD_OIS_SOFR_1Y;0.042203;0.043797
2025-10-17;USD_OIS_SOFR_1Y;0.04091;0.04269
2025-10-20;USD_OIS_SOFR_1Y;0.040734;0.042466
2025-10-21;USD_OIS_SOFR_1Y;0.041422;0.043178
2025-10-22;USD_OIS_SOFR_1Y;0.041246;0.042954
2025-10-23;USD_OIS_SOFR_1Y;0.041564;0.043236
2025-10-24;USD_OIS_SOFR_1Y;0.04159;0.04321
2025-10-27;USD_OIS_SOFR_1Y;0.041907;0.043493
2025-10-28;USD_OIS_SOFR_1Y;0.042317;0.043883
2025-10-29;USD_OIS_SOFR_1Y;0.041927;0.043473
2025-10-30;USD_OIS_SOFR_1Y;0.03927;0.04153
2025-10-31;USD_OIS_SOFR_1Y;0.040921;0.043479
2025-11-03;USD_OIS_SOFR_1Y;0.040016;0.042584
2025-11-04;USD_OIS_SOFR_1Y;0.038667;0.041333
2025-11-05;USD_OIS_SOFR_1Y;0.037766;0.040434
2025-11-06;USD_OIS_SOFR_1Y;0.037906;0.040494
2025-11-07;USD_OIS_SOFR_1Y;0.038045;0.040555
2025-11-10;USD_OIS_SOFR_1Y;0.038281;0.040719
2025-11-12;USD_OIS_SOFR_1Y;0.038613;0.040987
2025-11-13;USD_OIS_SOFR_1Y;0.038847;0.041153
2025-11-14;USD_OIS_SOFR_1Y;0.038367;0.040633
2025-11-17;USD_OIS_SOFR_1Y;0.038886;0.041114
2025-11-18;USD_OIS_SOFR_1Y;0.038298;0.040502
2025-11-19;USD_OIS_SOFR_1Y;0.038026;0.040174
2025-11-20;USD_OIS_SOFR_1Y;0.038058;0.040142
2025-11-21;USD_OIS_SOFR_1Y;0.038287;0.040313
2025-11-24;USD_OIS_SOFR_1Y;0.038612;0.040588
2025-11-25;USD_OIS_SOFR_1Y;0.039125;0.041075
2025-11-26;USD_OIS_SOFR_1Y;0.039543;0.041457
2025-11-28;USD_OIS_SOFR_1Y;0.040237;0.042163
2025-12-01;USD_OIS_SOFR_1Y;0.040267;0.042133
2025-12-02;USD_OIS_SOFR_1Y;0.039109;0.041091
2025-12-03;USD_OIS_SOFR_1Y;0.038514;0.040486
2025-12-04;USD_OIS_SOFR_1Y;0.038238;0.040162
2025-12-05;USD_OIS_SOFR_1Y;0.038366;0.040234
2025-12-08;USD_OIS_SOFR_1Y;0.038592;0.040408
2025-12-09;USD_OIS_SOFR_1Y;0.038416;0.040184
2025-12-10;USD_OIS_SOFR_1Y;0.038136;0.039864
2025-12-11;USD_OIS_SOFR_1Y;0.035384;0.037816
2025-12-12;USD_OIS_SOFR_1Y;0.03552;0.03788
2025-12-15;USD_OIS_SOFR_1Y;0.036319;0.038681
2025-12-16;USD_OIS_SOFR_1Y;0.035734;0.038066
2025-12-17;USD_OIS_SOFR_1Y;0.03577;0.03803
2025-12-18;USD_OIS_SOFR_1Y;0.035499;0.037701
2025-12-19;USD_OIS_SOFR_1Y;0.035532;0.037668
2025-12-22;USD_OIS_SOFR_1Y;0.035762;0.037838
2025-12-23;USD_OIS_SOFR_1Y;0.035591;0.037609
2025-12-24;USD_OIS_SOFR_1Y;0.035622;0.037578
2025-12-26;USD_OIS_SOFR_1Y;0.036583;0.038617
2025-12-29;USD_OIS_SOFR_1Y;0.036713;0.038687
2025-12-30;USD_OIS_SOFR_1Y;0.036118;0.038082
2025-12-31;USD_OIS_SOFR_1Y;0.037581;0.039819
2026-01-02;USD_OIS_SOFR_1Y;0.036329;0.038671
2026-01-05;USD_OIS_SOFR_1Y;0.03585;0.03815
2026-01-06;USD_OIS_SOFR_1Y;0.035475;0.037725
2026-01-07;USD_OIS_SOFR_1Y;0.035409;0.037591
2026-01-08;USD_OIS_SOFR_1Y;0.035342;0.037458
2026-01-09;USD_OIS_SOFR_1Y;0.035374;0.037426
2026-01-12;USD_OIS_SOFR_1Y;0.035405;0.037395
2026-01-13;USD_OIS_SOFR_1Y;0.035535;0.037465
2026-01-14;USD_OIS_SOFR_1Y;0.035463;0.037337
2026-01-15;USD_OIS_SOFR_1Y;0.035689;0.037511
2026-01-16;USD_OIS_SOFR_1Y;0.035616;0.037384
2026-01-20;USD_OIS_SOFR_1Y;0.035542;0.037258
2026-01-21;USD_OIS_SOFR_1Y;0.035467;0.037133
2026-01-22;USD_OIS_SOFR_1Y;0.035592;0.037208
2026-01-23;USD_OIS_SOFR_1Y;0.035716;0.037284
2026-01-26;USD_OIS_SOFR_1Y;0.035839;0.037361
2026-01-27;USD_OIS_SOFR_1Y;0.035862;0.037338
2026-01-28;USD_OIS_SOFR_1Y;0.035681;0.037119
2026-01-29;USD_OIS_SOFR_1Y;0.035802;0.037198
2026-01-30;USD_OIS_SOFR_1Y;0.036114;0.037486
2026-02-02;USD_OIS_SOFR_1Y;0.036234;0.037566
2026-02-03;USD_OIS_SOFR_1Y;0.036254;0.037546
2026-02-04;USD_OIS_SOFR_1Y;0.035857;0.037143
2026-02-05;USD_OIS_SOFR_1Y;0.035876;0.037124
2026-02-06;USD_OIS_SOFR_1Y;0.035794;0.037006
2026-02-09;USD_OIS_SOFR_1Y;0.035712;0.036888
2026-02-10;USD_OIS_SOFR_1Y;0.035925;0.037075
2026-02-11;USD_OIS_SOFR_1Y;0.035942;0.037058
2026-02-12;USD_OIS_SOFR_1Y;0.035959;0.037041
2026-02-13;USD_OIS_SOFR_1Y;0.036074;0.037126
2026-02-17;USD_OIS_SOFR_1Y;0.036558;0.037642
2026-02-18;USD_OIS_SOFR_1Y;0.03677;0.03783
2026-02-19;USD_OIS_SOFR_1Y;0.036141;0.037259
2026-02-20;USD_OIS_SOFR_1Y;0.036056;0.037144
2026-02-23;USD_OIS_SOFR_1Y;0.036073;0.037127
2026-02-24;USD_OIS_SOFR_1Y;0.036188;0.037212
2026-02-25;USD_OIS_SOFR_1Y;0.036203;0.037197
2026-02-26;USD_OIS_SOFR_1Y;0.036218;0.037182
2026-02-27;USD_OIS_SOFR_1Y;0.036332;0.037268
2026-03-02;USD_OIS_SOFR_1Y;0.036633;0.037567
2026-03-03;USD_OIS_SOFR_1Y;0.036546;0.037454
2026-03-04;USD_OIS_SOFR_1Y;0.036246;0.037154
2026-03-05;USD_OIS_SOFR_1Y;0.036158;0.037042
2026-03-06;USD_OIS_SOFR_1Y;0.03607;0.03693
2026-03-09;USD_OIS_SOFR_1Y;0.036083;0.036917
2026-03-10;USD_OIS_SOFR_1Y;0.035994;0.036806
2026-03-11;USD_OIS_SOFR_1Y;0.036006;0.036794
2026-03-12;USD_OIS_SOFR_1Y;0.036117;0.036883
2026-03-13;USD_OIS_SOFR_1Y;0.036128;0.036872
2026-03-16;USD_OIS_SOFR_1Y;0.036596;0.037404
2026-03-17;USD_OIS_SOFR_1Y;0.036067;0.036933
2026-03-18;USD_OIS_SOFR_1Y;0.035766;0.036634
2026-03-19;USD_OIS_SOFR_1Y;0.035779;0.036621
2026-03-20;USD_OIS_SOFR_1Y;0.035792;0.036608
2026-03-23;USD_OIS_SOFR_1Y;0.035804;0.036596
2026-03-24;USD_OIS_SOFR_1Y;0.035915;0.036685
2026-03-25;USD_OIS_SOFR_1Y;0.036025;0.036775
2026-03-26;USD_OIS_SOFR_1Y;0.036134;0.036866
2026-03-27;USD_OIS_SOFR_1Y;0.035938;0.036662
2026-03-30;USD_OIS_SOFR_1Y;0.035949;0.036651
2026-03-31;USD_OIS_SOFR_1Y;0.036413;0.037187
2026-04-01;USD_OIS_SOFR_1Y;0.036109;0.036891
2026-04-02;USD_OIS_SOFR_1Y;0.036219;0.036981
2026-04-06;USD_OIS_SOFR_1Y;0.036129;0.036871
2026-04-07;USD_OIS_SOFR_1Y;0.035824;0.036576
2026-04-08;USD_OIS_SOFR_1Y;0.035519;0.036281
2026-04-09;USD_OIS_SOFR_1Y;0.035323;0.036077
2026-04-10;USD_OIS_SOFR_1Y;0.035706;0.036494
2026-04-13;USD_OIS_SOFR_1Y;0.035911;0.036689
2026-04-14;USD_OIS_SOFR_1Y;0.036207;0.036993
2026-04-15;USD_OIS_SOFR_1Y;0.03676;0.03764
2026-04-16;USD_OIS_SOFR_1Y;0.036236;0.037164
2026-04-17;USD_OIS_SOFR_1Y;0.036044;0.036956
2026-04-20;USD_OIS_SOFR_1Y;0.035852;0.036748
2026-04-21;USD_OIS_SOFR_1Y;0.035865;0.036735
2026-04-22;USD_OIS_SOFR_1Y;0.035977;0.036823
2014-02-18;USD_OIS_SOFR_2Y;0.00103;0.00123
2014-02-19;USD_OIS_SOFR_2Y;0.00103;0.00123
2014-02-20;USD_OIS_SOFR_2Y;0.00103;0.00123
2014-02-21;USD_OIS_SOFR_2Y;0.00103;0.00123
2014-02-24;USD_OIS_SOFR_2Y;0.00103;0.00123
2014-02-25;USD_OIS_SOFR_2Y;0.00103;0.00123
2014-02-26;USD_OIS_SOFR_2Y;0.00113;0.00133
2014-02-27;USD_OIS_SOFR_2Y;0.00113;0.00133
2014-02-28;USD_OIS_SOFR_2Y;0.00113;0.00133
2014-03-03;USD_OIS_SOFR_2Y;0.00113;0.00133
2014-03-04;USD_OIS_SOFR_2Y;0.00113;0.00133
2014-03-05;USD_OIS_SOFR_2Y;0.00113;0.00133
2014-03-06;USD_OIS_SOFR_2Y;0.00113;0.00133
2014-03-07;USD_OIS_SOFR_2Y;0.00113;0.00133
2014-03-10;USD_OIS_SOFR_2Y;0.00113;0.00133
2014-03-11;USD_OIS_SOFR_2Y;0.00113;0.00133
2014-03-12;USD_OIS_SOFR_2Y;0.00123;0.00143
2014-03-13;USD_OIS_SOFR_2Y;0.00123;0.00143
2014-03-14;USD_OIS_SOFR_2Y;0.00123;0.00143
2014-03-17;USD_OIS_SOFR_2Y;0.00123;0.00143
2014-03-18;USD_OIS_SOFR_2Y;0.00123;0.00143
2014-03-19;USD_OIS_SOFR_2Y;0.00123;0.00143
2014-03-20;USD_OIS_SOFR_2Y;0.00123;0.00143
2014-03-21;USD_OIS_SOFR_2Y;0.00123;0.00143
2014-03-24;USD_OIS_SOFR_2Y;0.00123;0.00143
2014-03-25;USD_OIS_SOFR_2Y;0.00123;0.00143
2014-03-26;USD_OIS_SOFR_2Y;0.00123;0.00143
2014-03-27;USD_OIS_SOFR_2Y;0.00123;0.00143
2014-03-28;USD_OIS_SOFR_2Y;0.00123;0.00143
2014-03-31;USD_OIS_SOFR_2Y;0.00123;0.00143
2014-04-01;USD_OIS_SOFR_2Y;0.00123;0.00143
2014-04-02;USD_OIS_SOFR_2Y;0.00123;0.00143
2014-04-03;USD_OIS_SOFR_2Y;0.00123;0.00143
2014-04-04;USD_OIS_SOFR_2Y;0.00123;0.00143
2014-04-07;USD_OIS_SOFR_2Y;0.00123;0.00143
2014-04-08;USD_OIS_SOFR_2Y;0.00123;0.00143
2014-04-09;USD_OIS_SOFR_2Y;0.00123;0.00143
2014-04-10;USD_OIS_SOFR_2Y;0.00123;0.00143
2014-04-11;USD_OIS_SOFR_2Y;0.00123;0.00143
2014-04-14;USD_OIS_SOFR_2Y;0.00123;0.00143
2014-04-15;USD_OIS_SOFR_2Y;0.00123;0.00143
2014-04-16;USD_OIS_SOFR_2Y;0.00133;0.00153
2014-04-17;USD_OIS_SOFR_2Y;0.00133;0.00153
2014-04-21;USD_OIS_SOFR_2Y;0.00133;0.00153
2014-04-22;USD_OIS_SOFR_2Y;0.00133;0.00153
2014-04-23;USD_OIS_SOFR_2Y;0.00143;0.00163
2014-04-24;USD_OIS_SOFR_2Y;0.00143;0.00163
2014-04-25;USD_OIS_SOFR_2Y;0.00143;0.00163
2014-04-28;USD_OIS_SOFR_2Y;0.00143;0.00163
2014-04-29;USD_OIS_SOFR_2Y;0.00143;0.00163
2014-04-30;USD_OIS_SOFR_2Y;0.00133;0.00153
2014-05-01;USD_OIS_SOFR_2Y;0.00133;0.00153
2014-05-02;USD_OIS_SOFR_2Y;0.00133;0.00153
2014-05-05;USD_OIS_SOFR_2Y;0.00133;0.00153
2014-05-06;USD_OIS_SOFR_2Y;0.00133;0.00153
2014-05-07;USD_OIS_SOFR_2Y;0.00133;0.00153
2014-05-08;USD_OIS_SOFR_2Y;0.00133;0.00153
2014-05-09;USD_OIS_SOFR_2Y;0.00133;0.00153
2014-05-12;USD_OIS_SOFR_2Y;0.00133;0.00153
2014-05-13;USD_OIS_SOFR_2Y;0.00133;0.00153
2014-05-14;USD_OIS_SOFR_2Y;0.00123;0.00143
2014-05-15;USD_OIS_SOFR_2Y;0.00123;0.00143
2014-05-16;USD_OIS_SOFR_2Y;0.00123;0.00143
2014-05-19;USD_OIS_SOFR_2Y;0.00123;0.00143
2014-05-20;USD_OIS_SOFR_2Y;0.00123;0.00143
2014-05-21;USD_OIS_SOFR_2Y;0.00133;0.00153
2014-05-22;USD_OIS_SOFR_2Y;0.00133;0.00153
2014-05-23;USD_OIS_SOFR_2Y;0.00133;0.00153
2014-05-27;USD_OIS_SOFR_2Y;0.00133;0.00153
2014-05-28;USD_OIS_SOFR_2Y;0.00133;0.00153
2014-05-29;USD_OIS_SOFR_2Y;0.00133;0.00153
2014-05-30;USD_OIS_SOFR_2Y;0.00133;0.00153
2014-06-02;USD_OIS_SOFR_2Y;0.00133;0.00153
2014-06-03;USD_OIS_SOFR_2Y;0.00133;0.00153
2014-06-04;USD_OIS_SOFR_2Y;0.00133;0.00153
2014-06-05;USD_OIS_SOFR_2Y;0.00133;0.00153
2014-06-06;USD_OIS_SOFR_2Y;0.00133;0.00153
2014-06-09;USD_OIS_SOFR_2Y;0.00133;0.00153
2014-06-10;USD_OIS_SOFR_2Y;0.00133;0.00153
2014-06-11;USD_OIS_SOFR_2Y;0.00133;0.00153
2014-06-12;USD_OIS_SOFR_2Y;0.00133;0.00153
2014-06-13;USD_OIS_SOFR_2Y;0.00133;0.00153
2014-06-16;USD_OIS_SOFR_2Y;0.00133;0.00153
2014-06-17;USD_OIS_SOFR_2Y;0.00133;0.00153
2014-06-18;USD_OIS_SOFR_2Y;0.00143;0.00163
2014-06-19;USD_OIS_SOFR_2Y;0.00143;0.00163
2014-06-20;USD_OIS_SOFR_2Y;0.00143;0.00163
2014-06-23;USD_OIS_SOFR_2Y;0.00143;0.00163
2014-06-24;USD_OIS_SOFR_2Y;0.00143;0.00163
2014-06-25;USD_OIS_SOFR_2Y;0.00143;0.00163
2014-06-26;USD_OIS_SOFR_2Y;0.00143;0.00163
2014-06-27;USD_OIS_SOFR_2Y;0.00143;0.00163
2014-06-30;USD_OIS_SOFR_2Y;0.00143;0.00163
2014-07-01;USD_OIS_SOFR_2Y;0.00143;0.00163
2014-07-02;USD_OIS_SOFR_2Y;0.00143;0.00163
2014-07-03;USD_OIS_SOFR_2Y;0.00143;0.00163
2014-07-07;USD_OIS_SOFR_2Y;0.00143;0.00163
2014-07-08;USD_OIS_SOFR_2Y;0.00143;0.00163
2014-07-09;USD_OIS_SOFR_2Y;0.00133;0.00153
2014-07-10;USD_OIS_SOFR_2Y;0.00133;0.00153
2014-07-11;USD_OIS_SOFR_2Y;0.00133;0.00153
2014-07-14;USD_OIS_SOFR_2Y;0.00133;0.00153
2014-07-15;USD_OIS_SOFR_2Y;0.00133;0.00153
2014-07-16;USD_OIS_SOFR_2Y;0.00133;0.00153
2014-07-17;USD_OIS_SOFR_2Y;0.00133;0.00153
2014-07-18;USD_OIS_SOFR_2Y;0.00133;0.00153
2014-07-21;USD_OIS_SOFR_2Y;0.00133;0.00153
2014-07-22;USD_OIS_SOFR_2Y;0.00133;0.00153
2014-07-23;USD_OIS_SOFR_2Y;0.00133;0.00153
2014-07-24;USD_OIS_SOFR_2Y;0.00133;0.00153
2014-07-25;USD_OIS_SOFR_2Y;0.00133;0.00153
2014-07-28;USD_OIS_SOFR_2Y;0.00133;0.00153
2014-07-29;USD_OIS_SOFR_2Y;0.00133;0.00153
2014-07-30;USD_OIS_SOFR_2Y;0.00133;0.00153
2014-07-31;USD_OIS_SOFR_2Y;0.00133;0.00153
2014-08-01;USD_OIS_SOFR_2Y;0.00133;0.00153
2014-08-04;USD_OIS_SOFR_2Y;0.00133;0.00153
2014-08-05;USD_OIS_SOFR_2Y;0.00133;0.00153
2014-08-06;USD_OIS_SOFR_2Y;0.00133;0.00153
2014-08-07;USD_OIS_SOFR_2Y;0.00133;0.00153
2014-08-08;USD_OIS_SOFR_2Y;0.00133;0.00153
2014-08-11;USD_OIS_SOFR_2Y;0.00133;0.00153
2014-08-12;USD_OIS_SOFR_2Y;0.00133;0.00153
2014-08-13;USD_OIS_SOFR_2Y;0.00133;0.00153
2014-08-14;USD_OIS_SOFR_2Y;0.00133;0.00153
2014-08-15;USD_OIS_SOFR_2Y;0.00133;0.00153
2014-08-18;USD_OIS_SOFR_2Y;0.00133;0.00153
2014-08-19;USD_OIS_SOFR_2Y;0.00133;0.00153
2014-08-20;USD_OIS_SOFR_2Y;0.00133;0.00153
2014-08-21;USD_OIS_SOFR_2Y;0.00133;0.00153
2014-08-22;USD_OIS_SOFR_2Y;0.00133;0.00153
2014-08-25;USD_OIS_SOFR_2Y;0.00133;0.00153
2014-08-26;USD_OIS_SOFR_2Y;0.00133;0.00153
2014-08-27;USD_OIS_SOFR_2Y;0.00133;0.00153
2014-08-28;USD_OIS_SOFR_2Y;0.00133;0.00153
2014-08-29;USD_OIS_SOFR_2Y;0.00133;0.00153
2014-09-02;USD_OIS_SOFR_2Y;0.00133;0.00153
2014-09-03;USD_OIS_SOFR_2Y;0.00123;0.00143
2014-09-04;USD_OIS_SOFR_2Y;0.00123;0.00143
2014-09-05;USD_OIS_SOFR_2Y;0.00123;0.00143
2014-09-08;USD_OIS_SOFR_2Y;0.00123;0.00143
2014-09-09;USD_OIS_SOFR_2Y;0.00123;0.00143
2014-09-10;USD_OIS_SOFR_2Y;0.00133;0.00153
2014-09-11;USD_OIS_SOFR_2Y;0.00133;0.00153
2014-09-12;USD_OIS_SOFR_2Y;0.00133;0.00153
2014-09-15;USD_OIS_SOFR_2Y;0.00133;0.00153
2014-09-16;USD_OIS_SOFR_2Y;0.00133;0.00153
2014-09-17;USD_OIS_SOFR_2Y;0.00133;0.00153
2014-09-18;USD_OIS_SOFR_2Y;0.00133;0.00153
2014-09-19;USD_OIS_SOFR_2Y;0.00133;0.00153
2014-09-22;USD_OIS_SOFR_2Y;0.00133;0.00153
2014-09-23;USD_OIS_SOFR_2Y;0.00133;0.00153
2014-09-24;USD_OIS_SOFR_2Y;0.00133;0.00153
2014-09-25;USD_OIS_SOFR_2Y;0.00133;0.00153
2014-09-26;USD_OIS_SOFR_2Y;0.00133;0.00153
2014-09-29;USD_OIS_SOFR_2Y;0.00133;0.00153
2014-09-30;USD_OIS_SOFR_2Y;0.00133;0.00153
2014-10-01;USD_OIS_SOFR_2Y;0.00133;0.00153
2014-10-02;USD_OIS_SOFR_2Y;0.00133;0.00153
2014-10-03;USD_OIS_SOFR_2Y;0.00133;0.00153
2014-10-06;USD_OIS_SOFR_2Y;0.00133;0.00153
2014-10-07;USD_OIS_SOFR_2Y;0.00133;0.00153
2014-10-08;USD_OIS_SOFR_2Y;0.00133;0.00153
2014-10-09;USD_OIS_SOFR_2Y;0.00133;0.00153
2014-10-10;USD_OIS_SOFR_2Y;0.00133;0.00153
2014-10-14;USD_OIS_SOFR_2Y;0.00133;0.00153
2014-10-15;USD_OIS_SOFR_2Y;0.00133;0.00153
2014-10-16;USD_OIS_SOFR_2Y;0.00133;0.00153
2014-10-17;USD_OIS_SOFR_2Y;0.00133;0.00153
2014-10-20;USD_OIS_SOFR_2Y;0.00133;0.00153
2014-10-21;USD_OIS_SOFR_2Y;0.00133;0.00153
2014-10-22;USD_OIS_SOFR_2Y;0.00133;0.00153
2014-10-23;USD_OIS_SOFR_2Y;0.00133;0.00153
2014-10-24;USD_OIS_SOFR_2Y;0.00133;0.00153
2014-10-27;USD_OIS_SOFR_2Y;0.00133;0.00153
2014-10-28;USD_OIS_SOFR_2Y;0.00133;0.00153
2014-10-29;USD_OIS_SOFR_2Y;0.00133;0.00153
2014-10-30;USD_OIS_SOFR_2Y;0.00133;0.00153
2014-10-31;USD_OIS_SOFR_2Y;0.00133;0.00153
2014-11-03;USD_OIS_SOFR_2Y;0.00133;0.00153
2014-11-04;USD_OIS_SOFR_2Y;0.00133;0.00153
2014-11-05;USD_OIS_SOFR_2Y;0.00123;0.00143
2014-11-06;USD_OIS_SOFR_2Y;0.00123;0.00143
2014-11-07;USD_OIS_SOFR_2Y;0.00123;0.00143
2014-11-10;USD_OIS_SOFR_2Y;0.00123;0.00143
2014-11-12;USD_OIS_SOFR_2Y;0.00133;0.00153
2014-11-13;USD_OIS_SOFR_2Y;0.00133;0.00153
2014-11-14;USD_OIS_SOFR_2Y;0.00133;0.00153
2014-11-17;USD_OIS_SOFR_2Y;0.00133;0.00153
2014-11-18;USD_OIS_SOFR_2Y;0.00133;0.00153
2014-11-19;USD_OIS_SOFR_2Y;0.00143;0.00163
2014-11-20;USD_OIS_SOFR_2Y;0.00143;0.00163
2014-11-21;USD_OIS_SOFR_2Y;0.00143;0.00163
2014-11-24;USD_OIS_SOFR_2Y;0.00143;0.00163
2014-11-25;USD_OIS_SOFR_2Y;0.00143;0.00163
2014-11-26;USD_OIS_SOFR_2Y;0.00143;0.00163
2014-11-28;USD_OIS_SOFR_2Y;0.00143;0.00163
2014-12-01;USD_OIS_SOFR_2Y;0.00143;0.00163
2014-12-02;USD_OIS_SOFR_2Y;0.00143;0.00163
2014-12-03;USD_OIS_SOFR_2Y;0.00143;0.00163
2014-12-04;USD_OIS_SOFR_2Y;0.00143;0.00163
2014-12-05;USD_OIS_SOFR_2Y;0.00143;0.00163
2014-12-08;USD_OIS_SOFR_2Y;0.00143;0.00163
2014-12-09;USD_OIS_SOFR_2Y;0.00143;0.00163
2014-12-10;USD_OIS_SOFR_2Y;0.001614;0.001846
2014-12-11;USD_OIS_SOFR_2Y;0.001617;0.001843
2014-12-12;USD_OIS_SOFR_2Y;0.001621;0.001839
2014-12-15;USD_OIS_SOFR_2Y;0.001624;0.001836
2014-12-16;USD_OIS_SOFR_2Y;0.001627;0.001833
2014-12-17;USD_OIS_SOFR_2Y;0.00163;0.00183
2014-12-18;USD_OIS_SOFR_2Y;0.00163;0.00183
2014-12-19;USD_OIS_SOFR_2Y;0.00163;0.00183
2014-12-22;USD_OIS_SOFR_2Y;0.00163;0.00183
2014-12-23;USD_OIS_SOFR_2Y;0.00163;0.00183
2014-12-24;USD_OIS_SOFR_2Y;0.00173;0.00193
2014-12-26;USD_OIS_SOFR_2Y;0.00173;0.00193
2014-12-29;USD_OIS_SOFR_2Y;0.00173;0.00193
2014-12-30;USD_OIS_SOFR_2Y;0.00173;0.00193
2014-12-31;USD_OIS_SOFR_2Y;0.001628;0.001832
2015-01-02;USD_OIS_SOFR_2Y;0.00163;0.00183
2015-01-05;USD_OIS_SOFR_2Y;0.00163;0.00183
2015-01-06;USD_OIS_SOFR_2Y;0.00163;0.00183
2015-01-07;USD_OIS_SOFR_2Y;0.001526;0.001734
2015-01-08;USD_OIS_SOFR_2Y;0.001529;0.001731
2015-01-09;USD_OIS_SOFR_2Y;0.00153;0.00173
2015-01-12;USD_OIS_SOFR_2Y;0.00153;0.00173
2015-01-13;USD_OIS_SOFR_2Y;0.00153;0.00173
2015-01-14;USD_OIS_SOFR_2Y;0.001627;0.001833
2015-01-15;USD_OIS_SOFR_2Y;0.00163;0.00183
2015-01-16;USD_OIS_SOFR_2Y;0.00163;0.00183
2015-01-20;USD_OIS_SOFR_2Y;0.00163;0.00183
2015-01-21;USD_OIS_SOFR_2Y;0.001725;0.001935
2015-01-22;USD_OIS_SOFR_2Y;0.001728;0.001932
2015-01-23;USD_OIS_SOFR_2Y;0.00173;0.00193
2015-01-26;USD_OIS_SOFR_2Y;0.00173;0.00193
2015-01-27;USD_OIS_SOFR_2Y;0.00173;0.00193
2015-01-28;USD_OIS_SOFR_2Y;0.001626;0.001834
2015-01-29;USD_OIS_SOFR_2Y;0.001629;0.001831
2015-01-30;USD_OIS_SOFR_2Y;0.00163;0.00183
2015-02-02;USD_OIS_SOFR_2Y;0.00163;0.00183
2015-02-03;USD_OIS_SOFR_2Y;0.00163;0.00183
2015-02-04;USD_OIS_SOFR_2Y;0.00125;0.00161
2015-02-05;USD_OIS_SOFR_2Y;0.001256;0.001604
2015-02-06;USD_OIS_SOFR_2Y;0.001261;0.001599
2015-02-09;USD_OIS_SOFR_2Y;0.001266;0.001594
2015-02-10;USD_OIS_SOFR_2Y;0.001271;0.001589
2015-02-11;USD_OIS_SOFR_2Y;0.001511;0.001949
2015-02-12;USD_OIS_SOFR_2Y;0.001518;0.001942
2015-02-13;USD_OIS_SOFR_2Y;0.001524;0.001936
2015-02-17;USD_OIS_SOFR_2Y;0.00153;0.00193
2015-02-18;USD_OIS_SOFR_2Y;0.001537;0.001923
2015-02-19;USD_OIS_SOFR_2Y;0.001542;0.001918
2015-02-20;USD_OIS_SOFR_2Y;0.001548;0.001912
2015-02-23;USD_OIS_SOFR_2Y;0.001554;0.001906
2015-02-24;USD_OIS_SOFR_2Y;0.001559;0.001901
2015-02-25;USD_OIS_SOFR_2Y;0.001564;0.001896
2015-02-26;USD_OIS_SOFR_2Y;0.001569;0.001891
2015-02-27;USD_OIS_SOFR_2Y;0.001574;0.001886
2015-03-02;USD_OIS_SOFR_2Y;0.001579;0.001881
2015-03-03;USD_OIS_SOFR_2Y;0.001584;0.001876
2015-03-04;USD_OIS_SOFR_2Y;0.001219;0.001641
2015-03-05;USD_OIS_SOFR_2Y;0.001226;0.001634
2015-03-06;USD_OIS_SOFR_2Y;0.001232;0.001628
2015-03-09;USD_OIS_SOFR_2Y;0.001238;0.001622
2015-03-10;USD_OIS_SOFR_2Y;0.001244;0.001616
2015-03-11;USD_OIS_SOFR_2Y;0.001491;0.001969
2015-03-12;USD_OIS_SOFR_2Y;0.001499;0.001961
2015-03-13;USD_OIS_SOFR_2Y;0.001506;0.001954
2015-03-16;USD_OIS_SOFR_2Y;0.001513;0.001947
2015-03-17;USD_OIS_SOFR_2Y;0.001519;0.001941
2015-03-18;USD_OIS_SOFR_2Y;0.001419;0.001841
2015-03-19;USD_OIS_SOFR_2Y;0.001426;0.001834
2015-03-20;USD_OIS_SOFR_2Y;0.001432;0.001828
2015-03-23;USD_OIS_SOFR_2Y;0.001438;0.001822
2015-03-24;USD_OIS_SOFR_2Y;0.001444;0.001816
2015-03-25;USD_OIS_SOFR_2Y;0.001542;0.001918
2015-03-26;USD_OIS_SOFR_2Y;0.001548;0.001912
2015-03-27;USD_OIS_SOFR_2Y;0.001553;0.001907
2015-03-30;USD_OIS_SOFR_2Y;0.001559;0.001901
2015-03-31;USD_OIS_SOFR_2Y;0.001564;0.001896
2015-04-01;USD_OIS_SOFR_2Y;0.001461;0.001799
2015-04-02;USD_OIS_SOFR_2Y;0.001466;0.001794
2015-04-03;USD_OIS_SOFR_2Y;0.001471;0.001789
2015-04-06;USD_OIS_SOFR_2Y;0.001476;0.001784
2015-04-07;USD_OIS_SOFR_2Y;0.00148;0.00178
2015-04-08;USD_OIS_SOFR_2Y;0.001576;0.001884
2015-04-09;USD_OIS_SOFR_2Y;0.001581;0.001879
2015-04-10;USD_OIS_SOFR_2Y;0.001585;0.001875
2015-04-13;USD_OIS_SOFR_2Y;0.00159;0.00187
2015-04-14;USD_OIS_SOFR_2Y;0.001594;0.001866
2015-04-15;USD_OIS_SOFR_2Y;0.001598;0.001862
2015-04-16;USD_OIS_SOFR_2Y;0.001602;0.001858
2015-04-17;USD_OIS_SOFR_2Y;0.001606;0.001854
2015-04-20;USD_OIS_SOFR_2Y;0.00161;0.00185
2015-04-21;USD_OIS_SOFR_2Y;0.001613;0.001847
2015-04-22;USD_OIS_SOFR_2Y;0.001706;0.001954
2015-04-23;USD_OIS_SOFR_2Y;0.001709;0.001951
2015-04-24;USD_OIS_SOFR_2Y;0.001713;0.001947
2015-04-27;USD_OIS_SOFR_2Y;0.001717;0.001943
2015-04-28;USD_OIS_SOFR_2Y;0.00172;0.00194
2015-04-29;USD_OIS_SOFR_2Y;0.001723;0.001937
2015-04-30;USD_OIS_SOFR_2Y;0.001727;0.001933
2015-05-01;USD_OIS_SOFR_2Y;0.00173;0.00193
2015-05-04;USD_OIS_SOFR_2Y;0.00173;0.00193
2015-05-05;USD_OIS_SOFR_2Y;0.00173;0.00193
2015-05-06;USD_OIS_SOFR_2Y;0.001625;0.001835
2015-05-07;USD_OIS_SOFR_2Y;0.001628;0.001832
2015-05-08;USD_OIS_SOFR_2Y;0.00163;0.00183
2015-05-11;USD_OIS_SOFR_2Y;0.00163;0.00183
2015-05-12;USD_OIS_SOFR_2Y;0.00163;0.00183
2015-05-13;USD_OIS_SOFR_2Y;0.001726;0.001934
2015-05-14;USD_OIS_SOFR_2Y;0.001729;0.001931
2015-05-15;USD_OIS_SOFR_2Y;0.00173;0.00193
2015-05-18;USD_OIS_SOFR_2Y;0.00173;0.00193
2015-05-19;USD_OIS_SOFR_2Y;0.00173;0.00193
2015-05-20;USD_OIS_SOFR_2Y;0.00173;0.00193
2015-05-21;USD_OIS_SOFR_2Y;0.00173;0.00193
2015-05-22;USD_OIS_SOFR_2Y;0.00173;0.00193
2015-05-26;USD_OIS_SOFR_2Y;0.00173;0.00193
2015-05-27;USD_OIS_SOFR_2Y;0.00173;0.00193
2015-05-28;USD_OIS_SOFR_2Y;0.00173;0.00193
2015-05-29;USD_OIS_SOFR_2Y;0.00173;0.00193
2015-06-01;USD_OIS_SOFR_2Y;0.00173;0.00193
2015-06-02;USD_OIS_SOFR_2Y;0.00173;0.00193
2015-06-03;USD_OIS_SOFR_2Y;0.00136;0.0017
2015-06-04;USD_OIS_SOFR_2Y;0.001365;0.001695
2015-06-05;USD_OIS_SOFR_2Y;0.00137;0.00169
2015-06-08;USD_OIS_SOFR_2Y;0.001375;0.001685
2015-06-09;USD_OIS_SOFR_2Y;0.00138;0.00168
2015-06-10;USD_OIS_SOFR_2Y;0.001617;0.002043
2015-06-11;USD_OIS_SOFR_2Y;0.001623;0.002037
2015-06-12;USD_OIS_SOFR_2Y;0.00163;0.00203
2015-06-15;USD_OIS_SOFR_2Y;0.001636;0.002024
2015-06-16;USD_OIS_SOFR_2Y;0.001642;0.002018
2015-06-17;USD_OIS_SOFR_2Y;0.001647;0.002013
2015-06-18;USD_OIS_SOFR_2Y;0.001653;0.002007
2015-06-19;USD_OIS_SOFR_2Y;0.001658;0.002002
2015-06-22;USD_OIS_SOFR_2Y;0.001664;0.001996
2015-06-23;USD_OIS_SOFR_2Y;0.001669;0.001991
2015-06-24;USD_OIS_SOFR_2Y;0.001674;0.001986
2015-06-25;USD_OIS_SOFR_2Y;0.001678;0.001982
2015-06-26;USD_OIS_SOFR_2Y;0.001683;0.001977
2015-06-29;USD_OIS_SOFR_2Y;0.001687;0.001973
2015-06-30;USD_OIS_SOFR_2Y;0.001692;0.001968
2015-07-01;USD_OIS_SOFR_2Y;0.001586;0.001874
2015-07-02;USD_OIS_SOFR_2Y;0.001591;0.001869
2015-07-06;USD_OIS_SOFR_2Y;0.001595;0.001865
2015-07-07;USD_OIS_SOFR_2Y;0.001599;0.001861
2015-07-08;USD_OIS_SOFR_2Y;0.001693;0.001967
2015-07-09;USD_OIS_SOFR_2Y;0.001697;0.001963
2015-07-10;USD_OIS_SOFR_2Y;0.001701;0.001959
2015-07-13;USD_OIS_SOFR_2Y;0.001705;0.001955
2015-07-14;USD_OIS_SOFR_2Y;0.001709;0.001951
2015-07-15;USD_OIS_SOFR_2Y;0.001712;0.001948
2015-07-16;USD_OIS_SOFR_2Y;0.001716;0.001944
2015-07-17;USD_OIS_SOFR_2Y;0.001719;0.001941
2015-07-20;USD_OIS_SOFR_2Y;0.001723;0.001937
2015-07-21;USD_OIS_SOFR_2Y;0.001726;0.001934
2015-07-22;USD_OIS_SOFR_2Y;0.001729;0.001931
2015-07-23;USD_OIS_SOFR_2Y;0.00173;0.00193
2015-07-24;USD_OIS_SOFR_2Y;0.00173;0.00193
2015-07-27;USD_OIS_SOFR_2Y;0.00173;0.00193
2015-07-28;USD_OIS_SOFR_2Y;0.00173;0.00193
2015-07-29;USD_OIS_SOFR_2Y;0.00173;0.00193
2015-07-30;USD_OIS_SOFR_2Y;0.00173;0.00193
2015-07-31;USD_OIS_SOFR_2Y;0.00173;0.00193
2015-08-03;USD_OIS_SOFR_2Y;0.00173;0.00193
2015-08-04;USD_OIS_SOFR_2Y;0.00173;0.00193
2015-08-05;USD_OIS_SOFR_2Y;0.001502;0.001758
2015-08-06;USD_OIS_SOFR_2Y;0.001506;0.001754
2015-08-07;USD_OIS_SOFR_2Y;0.00151;0.00175
2015-08-10;USD_OIS_SOFR_2Y;0.001514;0.001746
2015-08-11;USD_OIS_SOFR_2Y;0.001517;0.001743
2015-08-12;USD_OIS_SOFR_2Y;0.00174;0.00212
2015-08-13;USD_OIS_SOFR_2Y;0.001745;0.002115
2015-08-14;USD_OIS_SOFR_2Y;0.001751;0.002109
2015-08-17;USD_OIS_SOFR_2Y;0.001757;0.002103
2015-08-18;USD_OIS_SOFR_2Y;0.001762;0.002098
2015-08-19;USD_OIS_SOFR_2Y;0.001859;0.002201
2015-08-20;USD_OIS_SOFR_2Y;0.001864;0.002196
2015-08-21;USD_OIS_SOFR_2Y;0.001869;0.002191
2015-08-24;USD_OIS_SOFR_2Y;0.001874;0.002186
2015-08-25;USD_OIS_SOFR_2Y;0.001879;0.002181
2015-08-26;USD_OIS_SOFR_2Y;0.001883;0.002177
2015-08-27;USD_OIS_SOFR_2Y;0.001888;0.002172
2015-08-28;USD_OIS_SOFR_2Y;0.001892;0.002168
2015-08-31;USD_OIS_SOFR_2Y;0.001896;0.002164
2015-09-01;USD_OIS_SOFR_2Y;0.0019;0.00216
2015-09-02;USD_OIS_SOFR_2Y;0.001667;0.001993
2015-09-03;USD_OIS_SOFR_2Y;0.001672;0.001988
2015-09-04;USD_OIS_SOFR_2Y;0.001677;0.001983
2015-09-08;USD_OIS_SOFR_2Y;0.001681;0.001979
2015-09-09;USD_OIS_SOFR_2Y;0.001777;0.002083
2015-09-10;USD_OIS_SOFR_2Y;0.001782;0.002078
2015-09-11;USD_OIS_SOFR_2Y;0.001786;0.002074
2015-09-14;USD_OIS_SOFR_2Y;0.00179;0.00207
2015-09-15;USD_OIS_SOFR_2Y;0.001795;0.002065
2015-09-16;USD_OIS_SOFR_2Y;0.001799;0.002061
2015-09-17;USD_OIS_SOFR_2Y;0.001803;0.002057
2015-09-18;USD_OIS_SOFR_2Y;0.001807;0.002053
2015-09-21;USD_OIS_SOFR_2Y;0.00181;0.00205
2015-09-22;USD_OIS_SOFR_2Y;0.001814;0.002046
2015-09-23;USD_OIS_SOFR_2Y;0.001818;0.002042
2015-09-24;USD_OIS_SOFR_2Y;0.001821;0.002039
2015-09-25;USD_OIS_SOFR_2Y;0.001824;0.002036
2015-09-28;USD_OIS_SOFR_2Y;0.001828;0.002032
2015-09-29;USD_OIS_SOFR_2Y;0.00183;0.00203
2015-09-30;USD_OIS_SOFR_2Y;0.001588;0.001872
2015-10-01;USD_OIS_SOFR_2Y;0.001593;0.001867
2015-10-02;USD_OIS_SOFR_2Y;0.001597;0.001863
2015-10-05;USD_OIS_SOFR_2Y;0.001601;0.001859
2015-10-06;USD_OIS_SOFR_2Y;0.001605;0.001855
2015-10-07;USD_OIS_SOFR_2Y;0.001698;0.001962
2015-10-08;USD_OIS_SOFR_2Y;0.001702;0.001958
2015-10-09;USD_OIS_SOFR_2Y;0.001706;0.001954
2015-10-13;USD_OIS_SOFR_2Y;0.00171;0.00195
2015-10-14;USD_OIS_SOFR_2Y;0.001713;0.001947
2015-10-15;USD_OIS_SOFR_2Y;0.001717;0.001943
2015-10-16;USD_OIS_SOFR_2Y;0.00172;0.00194
2015-10-19;USD_OIS_SOFR_2Y;0.001724;0.001936
2015-10-20;USD_OIS_SOFR_2Y;0.001727;0.001933
2015-10-21;USD_OIS_SOFR_2Y;0.00173;0.00193
2015-10-22;USD_OIS_SOFR_2Y;0.00173;0.00193
2015-10-23;USD_OIS_SOFR_2Y;0.00173;0.00193
2015-10-26;USD_OIS_SOFR_2Y;0.00173;0.00193
2015-10-27;USD_OIS_SOFR_2Y;0.00173;0.00193
2015-10-28;USD_OIS_SOFR_2Y;0.00163;0.00183
2015-10-29;USD_OIS_SOFR_2Y;0.00163;0.00183
2015-10-30;USD_OIS_SOFR_2Y;0.00163;0.00183
2015-11-02;USD_OIS_SOFR_2Y;0.00163;0.00183
2015-11-03;USD_OIS_SOFR_2Y;0.00163;0.00183
2015-11-04;USD_OIS_SOFR_2Y;0.001395;0.001665
2015-11-05;USD_OIS_SOFR_2Y;0.001399;0.001661
2015-11-06;USD_OIS_SOFR_2Y;0.001403;0.001657
2015-11-09;USD_OIS_SOFR_2Y;0.001407;0.001653
2015-11-10;USD_OIS_SOFR_2Y;0.001411;0.001649
2015-11-12;USD_OIS_SOFR_2Y;0.001575;0.001885
2015-11-13;USD_OIS_SOFR_2Y;0.001579;0.001881
2015-11-16;USD_OIS_SOFR_2Y;0.001584;0.001876
2015-11-17;USD_OIS_SOFR_2Y;0.001588;0.001872
2015-11-18;USD_OIS_SOFR_2Y;0.001593;0.001867
2015-11-19;USD_OIS_SOFR_2Y;0.001597;0.001863
2015-11-20;USD_OIS_SOFR_2Y;0.001601;0.001859
2015-11-23;USD_OIS_SOFR_2Y;0.001605;0.001855
2015-11-24;USD_OIS_SOFR_2Y;0.001609;0.001851
2015-11-25;USD_OIS_SOFR_2Y;0.001612;0.001848
2015-11-27;USD_OIS_SOFR_2Y;0.001616;0.001844
2015-11-30;USD_OIS_SOFR_2Y;0.001619;0.001841
2015-12-01;USD_OIS_SOFR_2Y;0.001623;0.001837
2015-12-02;USD_OIS_SOFR_2Y;0.001626;0.001834
2015-12-03;USD_OIS_SOFR_2Y;0.001629;0.001831
2015-12-04;USD_OIS_SOFR_2Y;0.00163;0.00183
2015-12-07;USD_OIS_SOFR_2Y;0.00163;0.00183
2015-12-08;USD_OIS_SOFR_2Y;0.00163;0.00183
2015-12-09;USD_OIS_SOFR_2Y;0.001727;0.001933
2015-12-10;USD_OIS_SOFR_2Y;0.00173;0.00193
2015-12-11;USD_OIS_SOFR_2Y;0.00173;0.00193
2015-12-14;USD_OIS_SOFR_2Y;0.00173;0.00193
2015-12-15;USD_OIS_SOFR_2Y;0.00173;0.00193
2015-12-16;USD_OIS_SOFR_2Y;0.001828;0.002032
2015-12-17;USD_OIS_SOFR_2Y;0.00183;0.00203
2015-12-18;USD_OIS_SOFR_2Y;0.00183;0.00203
2015-12-21;USD_OIS_SOFR_2Y;0.00183;0.00203
2015-12-22;USD_OIS_SOFR_2Y;0.00183;0.00203
2015-12-23;USD_OIS_SOFR_2Y;0.003032;0.005428
2015-12-24;USD_OIS_SOFR_2Y;0.003068;0.005392
2015-12-28;USD_OIS_SOFR_2Y;0.003104;0.005356
2015-12-29;USD_OIS_SOFR_2Y;0.003138;0.005322
2015-12-30;USD_OIS_SOFR_2Y;0.00307;0.00519
2015-12-31;USD_OIS_SOFR_2Y;0.003102;0.005158
2016-01-04;USD_OIS_SOFR_2Y;0.003133;0.005127
2016-01-05;USD_OIS_SOFR_2Y;0.003164;0.005096
2016-01-06;USD_OIS_SOFR_2Y;0.002183;0.004277
2016-01-07;USD_OIS_SOFR_2Y;0.002215;0.004245
2016-01-08;USD_OIS_SOFR_2Y;0.002246;0.004214
2016-01-11;USD_OIS_SOFR_2Y;0.002276;0.004184
2016-01-12;USD_OIS_SOFR_2Y;0.002305;0.004155
2016-01-13;USD_OIS_SOFR_2Y;0.003118;0.005142
2016-01-14;USD_OIS_SOFR_2Y;0.003149;0.005111
2016-01-15;USD_OIS_SOFR_2Y;0.003179;0.005081
2016-01-19;USD_OIS_SOFR_2Y;0.003208;0.005052
2016-01-20;USD_OIS_SOFR_2Y;0.003236;0.005024
2016-01-21;USD_OIS_SOFR_2Y;0.003263;0.004997
2016-01-22;USD_OIS_SOFR_2Y;0.00329;0.00497
2016-01-25;USD_OIS_SOFR_2Y;0.003315;0.004945
2016-01-26;USD_OIS_SOFR_2Y;0.00334;0.00492
2016-01-27;USD_OIS_SOFR_2Y;0.003557;0.005103
2016-01-28;USD_OIS_SOFR_2Y;0.003581;0.005079
2016-01-29;USD_OIS_SOFR_2Y;0.003604;0.005056
2016-02-01;USD_OIS_SOFR_2Y;0.003626;0.005034
2016-02-02;USD_OIS_SOFR_2Y;0.003647;0.005013
2016-02-03;USD_OIS_SOFR_2Y;0.003236;0.004624
2016-02-04;USD_OIS_SOFR_2Y;0.003257;0.004603
2016-02-05;USD_OIS_SOFR_2Y;0.003278;0.004582
2016-02-08;USD_OIS_SOFR_2Y;0.003298;0.004562
2016-02-09;USD_OIS_SOFR_2Y;0.003317;0.004543
2016-02-10;USD_OIS_SOFR_2Y;0.0037;0.00496
2016-02-11;USD_OIS_SOFR_2Y;0.00372;0.00494
2016-02-12;USD_OIS_SOFR_2Y;0.003738;0.004922
2016-02-16;USD_OIS_SOFR_2Y;0.003756;0.004904
2016-02-17;USD_OIS_SOFR_2Y;0.003774;0.004886
2016-02-18;USD_OIS_SOFR_2Y;0.003791;0.004869
2016-02-19;USD_OIS_SOFR_2Y;0.003807;0.004853
2016-02-22;USD_OIS_SOFR_2Y;0.003823;0.004837
2016-02-23;USD_OIS_SOFR_2Y;0.003838;0.004822
2016-02-24;USD_OIS_SOFR_2Y;0.003853;0.004807
2016-02-25;USD_OIS_SOFR_2Y;0.003868;0.004792
2016-02-26;USD_OIS_SOFR_2Y;0.003882;0.004778
2016-02-29;USD_OIS_SOFR_2Y;0.003896;0.004764
2016-03-01;USD_OIS_SOFR_2Y;0.003909;0.004751
2016-03-02;USD_OIS_SOFR_2Y;0.003709;0.004551
2016-03-03;USD_OIS_SOFR_2Y;0.003721;0.004539
2016-03-04;USD_OIS_SOFR_2Y;0.003734;0.004526
2016-03-07;USD_OIS_SOFR_2Y;0.003746;0.004514
2016-03-08;USD_OIS_SOFR_2Y;0.003758;0.004502
2016-03-09;USD_OIS_SOFR_2Y;0.003769;0.004491
2016-03-10;USD_OIS_SOFR_2Y;0.00378;0.00448
2016-03-11;USD_OIS_SOFR_2Y;0.003791;0.004469
2016-03-14;USD_OIS_SOFR_2Y;0.003801;0.004459
2016-03-15;USD_OIS_SOFR_2Y;0.003811;0.004449
2016-03-16;USD_OIS_SOFR_2Y;0.003821;0.004439
2016-03-17;USD_OIS_SOFR_2Y;0.00383;0.00443
2016-03-18;USD_OIS_SOFR_2Y;0.003839;0.004421
2016-03-21;USD_OIS_SOFR_2Y;0.003848;0.004412
2016-03-22;USD_OIS_SOFR_2Y;0.003857;0.004403
2016-03-23;USD_OIS_SOFR_2Y;0.00396;0.0045
2016-03-24;USD_OIS_SOFR_2Y;0.003968;0.004492
2016-03-28;USD_OIS_SOFR_2Y;0.003976;0.004484
2016-03-29;USD_OIS_SOFR_2Y;0.003984;0.004476
2016-03-30;USD_OIS_SOFR_2Y;0.003991;0.004469
2016-03-31;USD_OIS_SOFR_2Y;0.003999;0.004461
2016-04-01;USD_OIS_SOFR_2Y;0.004006;0.004454
2016-04-04;USD_OIS_SOFR_2Y;0.004013;0.004447
2016-04-05;USD_OIS_SOFR_2Y;0.004019;0.004441
2016-04-06;USD_OIS_SOFR_2Y;0.003801;0.004259
2016-04-07;USD_OIS_SOFR_2Y;0.003808;0.004252
2016-04-08;USD_OIS_SOFR_2Y;0.003814;0.004246
2016-04-11;USD_OIS_SOFR_2Y;0.003821;0.004239
2016-04-12;USD_OIS_SOFR_2Y;0.003827;0.004233
2016-04-13;USD_OIS_SOFR_2Y;0.004008;0.004452
2016-04-14;USD_OIS_SOFR_2Y;0.004015;0.004445
2016-04-15;USD_OIS_SOFR_2Y;0.004021;0.004439
2016-04-18;USD_OIS_SOFR_2Y;0.004027;0.004433
2016-04-19;USD_OIS_SOFR_2Y;0.004034;0.004426
2016-04-20;USD_OIS_SOFR_2Y;0.00404;0.00442
2016-04-21;USD_OIS_SOFR_2Y;0.004045;0.004415
2016-04-22;USD_OIS_SOFR_2Y;0.004051;0.004409
2016-04-25;USD_OIS_SOFR_2Y;0.004057;0.004403
2016-04-26;USD_OIS_SOFR_2Y;0.004062;0.004398
2016-04-27;USD_OIS_SOFR_2Y;0.004067;0.004393
2016-04-28;USD_OIS_SOFR_2Y;0.004072;0.004388
2016-04-29;USD_OIS_SOFR_2Y;0.004077;0.004383
2016-05-02;USD_OIS_SOFR_2Y;0.004081;0.004379
2016-05-03;USD_OIS_SOFR_2Y;0.004086;0.004374
2016-05-04;USD_OIS_SOFR_2Y;0.003721;0.004139
2016-05-05;USD_OIS_SOFR_2Y;0.003727;0.004133
2016-05-06;USD_OIS_SOFR_2Y;0.003733;0.004127
2016-05-09;USD_OIS_SOFR_2Y;0.003739;0.004121
2016-05-10;USD_OIS_SOFR_2Y;0.003745;0.004115
2016-05-11;USD_OIS_SOFR_2Y;0.003992;0.004468
2016-05-12;USD_OIS_SOFR_2Y;0.004;0.00446
2016-05-13;USD_OIS_SOFR_2Y;0.004007;0.004453
2016-05-16;USD_OIS_SOFR_2Y;0.004013;0.004447
2016-05-17;USD_OIS_SOFR_2Y;0.00402;0.00444
2016-05-18;USD_OIS_SOFR_2Y;0.004026;0.004434
2016-05-19;USD_OIS_SOFR_2Y;0.004033;0.004427
2016-05-20;USD_OIS_SOFR_2Y;0.004039;0.004421
2016-05-23;USD_OIS_SOFR_2Y;0.004044;0.004416
2016-05-24;USD_OIS_SOFR_2Y;0.00405;0.00441
2016-05-25;USD_OIS_SOFR_2Y;0.004056;0.004404
2016-05-26;USD_OIS_SOFR_2Y;0.004061;0.004399
2016-05-27;USD_OIS_SOFR_2Y;0.004066;0.004394
2016-05-31;USD_OIS_SOFR_2Y;0.004071;0.004389
2016-06-01;USD_OIS_SOFR_2Y;0.003967;0.004293
2016-06-02;USD_OIS_SOFR_2Y;0.003972;0.004288
2016-06-03;USD_OIS_SOFR_2Y;0.003977;0.004283
2016-06-06;USD_OIS_SOFR_2Y;0.003982;0.004278
2016-06-07;USD_OIS_SOFR_2Y;0.003986;0.004274
2016-06-08;USD_OIS_SOFR_2Y;0.004081;0.004379
2016-06-09;USD_OIS_SOFR_2Y;0.004086;0.004374
2016-06-10;USD_OIS_SOFR_2Y;0.00409;0.00437
2016-06-13;USD_OIS_SOFR_2Y;0.004094;0.004366
2016-06-14;USD_OIS_SOFR_2Y;0.004099;0.004361
2016-06-15;USD_OIS_SOFR_2Y;0.004103;0.004357
2016-06-16;USD_OIS_SOFR_2Y;0.004107;0.004353
2016-06-17;USD_OIS_SOFR_2Y;0.00411;0.00435
2016-06-20;USD_OIS_SOFR_2Y;0.004114;0.004346
2016-06-21;USD_OIS_SOFR_2Y;0.004117;0.004343
2016-06-22;USD_OIS_SOFR_2Y;0.004209;0.004451
2016-06-23;USD_OIS_SOFR_2Y;0.004213;0.004447
2016-06-24;USD_OIS_SOFR_2Y;0.004216;0.004444
2016-06-27;USD_OIS_SOFR_2Y;0.00422;0.00444
2016-06-28;USD_OIS_SOFR_2Y;0.004223;0.004437
2016-06-29;USD_OIS_SOFR_2Y;0.004383;0.004677
2016-06-30;USD_OIS_SOFR_2Y;0.004388;0.004672
2016-07-01;USD_OIS_SOFR_2Y;0.004392;0.004668
2016-07-05;USD_OIS_SOFR_2Y;0.004396;0.004664
2016-07-06;USD_OIS_SOFR_2Y;0.00429;0.00457
2016-07-07;USD_OIS_SOFR_2Y;0.004295;0.004565
2016-07-08;USD_OIS_SOFR_2Y;0.004299;0.004561
2016-07-11;USD_OIS_SOFR_2Y;0.004303;0.004557
2016-07-12;USD_OIS_SOFR_2Y;0.004307;0.004553
2016-07-13;USD_OIS_SOFR_2Y;0.0044;0.00466
2016-07-14;USD_OIS_SOFR_2Y;0.004404;0.004656
2016-07-15;USD_OIS_SOFR_2Y;0.004407;0.004653
2016-07-18;USD_OIS_SOFR_2Y;0.004411;0.004649
2016-07-19;USD_OIS_SOFR_2Y;0.004415;0.004645
2016-07-20;USD_OIS_SOFR_2Y;0.004418;0.004642
2016-07-21;USD_OIS_SOFR_2Y;0.004422;0.004638
2016-07-22;USD_OIS_SOFR_2Y;0.004425;0.004635
2016-07-25;USD_OIS_SOFR_2Y;0.004428;0.004632
2016-07-26;USD_OIS_SOFR_2Y;0.00443;0.00463
2016-07-27;USD_OIS_SOFR_2Y;0.00443;0.00463
2016-07-28;USD_OIS_SOFR_2Y;0.00443;0.00463
2016-07-29;USD_OIS_SOFR_2Y;0.00443;0.00463
2016-08-01;USD_OIS_SOFR_2Y;0.00443;0.00463
2016-08-02;USD_OIS_SOFR_2Y;0.00443;0.00463
2016-08-03;USD_OIS_SOFR_2Y;0.003907;0.004353
2016-08-04;USD_OIS_SOFR_2Y;0.003913;0.004347
2016-08-05;USD_OIS_SOFR_2Y;0.00392;0.00434
2016-08-08;USD_OIS_SOFR_2Y;0.003926;0.004334
2016-08-09;USD_OIS_SOFR_2Y;0.003933;0.004327
2016-08-10;USD_OIS_SOFR_2Y;0.004247;0.004813
2016-08-11;USD_OIS_SOFR_2Y;0.004256;0.004804
2016-08-12;USD_OIS_SOFR_2Y;0.004264;0.004796
2016-08-15;USD_OIS_SOFR_2Y;0.004272;0.004788
2016-08-16;USD_OIS_SOFR_2Y;0.00428;0.00478
2016-08-17;USD_OIS_SOFR_2Y;0.004288;0.004772
2016-08-18;USD_OIS_SOFR_2Y;0.004295;0.004765
2016-08-19;USD_OIS_SOFR_2Y;0.004302;0.004758
2016-08-22;USD_OIS_SOFR_2Y;0.004309;0.004751
2016-08-23;USD_OIS_SOFR_2Y;0.004316;0.004744
2016-08-24;USD_OIS_SOFR_2Y;0.004323;0.004737
2016-08-25;USD_OIS_SOFR_2Y;0.004329;0.004731
2016-08-26;USD_OIS_SOFR_2Y;0.004335;0.004725
2016-08-29;USD_OIS_SOFR_2Y;0.004341;0.004719
2016-08-30;USD_OIS_SOFR_2Y;0.004347;0.004713
2016-08-31;USD_OIS_SOFR_2Y;0.004245;0.004615
2016-09-01;USD_OIS_SOFR_2Y;0.004251;0.004609
2016-09-02;USD_OIS_SOFR_2Y;0.004256;0.004604
2016-09-06;USD_OIS_SOFR_2Y;0.004261;0.004599
2016-09-07;USD_OIS_SOFR_2Y;0.004358;0.004702
2016-09-08;USD_OIS_SOFR_2Y;0.004364;0.004696
2016-09-09;USD_OIS_SOFR_2Y;0.004369;0.004691
2016-09-12;USD_OIS_SOFR_2Y;0.004374;0.004686
2016-09-13;USD_OIS_SOFR_2Y;0.004378;0.004682
2016-09-14;USD_OIS_SOFR_2Y;0.004383;0.004677
2016-09-15;USD_OIS_SOFR_2Y;0.004387;0.004673
2016-09-16;USD_OIS_SOFR_2Y;0.004392;0.004668
2016-09-19;USD_OIS_SOFR_2Y;0.004396;0.004664
2016-09-20;USD_OIS_SOFR_2Y;0.0044;0.00466
2016-09-21;USD_OIS_SOFR_2Y;0.004404;0.004656
2016-09-22;USD_OIS_SOFR_2Y;0.004408;0.004652
2016-09-23;USD_OIS_SOFR_2Y;0.004412;0.004648
2016-09-26;USD_OIS_SOFR_2Y;0.004415;0.004645
2016-09-27;USD_OIS_SOFR_2Y;0.004419;0.004641
2016-09-28;USD_OIS_SOFR_2Y;0.004422;0.004638
2016-09-29;USD_OIS_SOFR_2Y;0.004425;0.004635
2016-09-30;USD_OIS_SOFR_2Y;0.004429;0.004631
2016-10-03;USD_OIS_SOFR_2Y;0.00443;0.00463
2016-10-04;USD_OIS_SOFR_2Y;0.00443;0.00463
2016-10-05;USD_OIS_SOFR_2Y;0.003754;0.004306
2016-10-06;USD_OIS_SOFR_2Y;0.003763;0.004297
2016-10-07;USD_OIS_SOFR_2Y;0.003771;0.004289
2016-10-11;USD_OIS_SOFR_2Y;0.003779;0.004281
2016-10-12;USD_OIS_SOFR_2Y;0.004174;0.004886
2016-10-13;USD_OIS_SOFR_2Y;0.004185;0.004875
2016-10-14;USD_OIS_SOFR_2Y;0.004195;0.004865
2016-10-17;USD_OIS_SOFR_2Y;0.004205;0.004855
2016-10-18;USD_OIS_SOFR_2Y;0.004215;0.004845
2016-10-19;USD_OIS_SOFR_2Y;0.00432;0.00494
2016-10-20;USD_OIS_SOFR_2Y;0.00433;0.00493
2016-10-21;USD_OIS_SOFR_2Y;0.004339;0.004921
2016-10-24;USD_OIS_SOFR_2Y;0.004348;0.004912
2016-10-25;USD_OIS_SOFR_2Y;0.004356;0.004904
2016-10-26;USD_OIS_SOFR_2Y;0.004365;0.004895
2016-10-27;USD_OIS_SOFR_2Y;0.004373;0.004887
2016-10-28;USD_OIS_SOFR_2Y;0.004381;0.004879
2016-10-31;USD_OIS_SOFR_2Y;0.004388;0.004872
2016-11-01;USD_OIS_SOFR_2Y;0.004396;0.004864
2016-11-02;USD_OIS_SOFR_2Y;0.004297;0.004763
2016-11-03;USD_OIS_SOFR_2Y;0.004304;0.004756
2016-11-04;USD_OIS_SOFR_2Y;0.004311;0.004749
2016-11-07;USD_OIS_SOFR_2Y;0.004318;0.004742
2016-11-08;USD_OIS_SOFR_2Y;0.004324;0.004736
2016-11-09;USD_OIS_SOFR_2Y;0.004424;0.004836
2016-11-10;USD_OIS_SOFR_2Y;0.00443;0.00483
2016-11-14;USD_OIS_SOFR_2Y;0.004436;0.004824
2016-11-15;USD_OIS_SOFR_2Y;0.004442;0.004818
2016-11-16;USD_OIS_SOFR_2Y;0.004448;0.004812
2016-11-17;USD_OIS_SOFR_2Y;0.004453;0.004807
2016-11-18;USD_OIS_SOFR_2Y;0.004459;0.004801
2016-11-21;USD_OIS_SOFR_2Y;0.004464;0.004796
2016-11-22;USD_OIS_SOFR_2Y;0.004469;0.004791
2016-11-23;USD_OIS_SOFR_2Y;0.004474;0.004786
2016-11-25;USD_OIS_SOFR_2Y;0.004479;0.004781
2016-11-28;USD_OIS_SOFR_2Y;0.004483;0.004777
2016-11-29;USD_OIS_SOFR_2Y;0.004488;0.004772
2016-11-30;USD_OIS_SOFR_2Y;0.004383;0.004677
2016-12-01;USD_OIS_SOFR_2Y;0.004387;0.004673
2016-12-02;USD_OIS_SOFR_2Y;0.004391;0.004669
2016-12-05;USD_OIS_SOFR_2Y;0.004396;0.004664
2016-12-06;USD_OIS_SOFR_2Y;0.0044;0.00466
2016-12-07;USD_OIS_SOFR_2Y;0.004493;0.004767
2016-12-08;USD_OIS_SOFR_2Y;0.004498;0.004762
2016-12-09;USD_OIS_SOFR_2Y;0.004502;0.004758
2016-12-12;USD_OIS_SOFR_2Y;0.004506;0.004754
2016-12-13;USD_OIS_SOFR_2Y;0.004509;0.004751
2016-12-14;USD_OIS_SOFR_2Y;0.004513;0.004747
2016-12-15;USD_OIS_SOFR_2Y;0.004517;0.004743
2016-12-16;USD_OIS_SOFR_2Y;0.00452;0.00474
2016-12-19;USD_OIS_SOFR_2Y;0.004523;0.004737
2016-12-20;USD_OIS_SOFR_2Y;0.004527;0.004733
2016-12-21;USD_OIS_SOFR_2Y;0.005827;0.008433
2016-12-22;USD_OIS_SOFR_2Y;0.005867;0.008393
2016-12-23;USD_OIS_SOFR_2Y;0.005905;0.008355
2016-12-27;USD_OIS_SOFR_2Y;0.005943;0.008317
2016-12-28;USD_OIS_SOFR_2Y;0.005979;0.008281
2016-12-29;USD_OIS_SOFR_2Y;0.006014;0.008246
2016-12-30;USD_OIS_SOFR_2Y;0.006048;0.008212
2017-01-03;USD_OIS_SOFR_2Y;0.006081;0.008179
2017-01-04;USD_OIS_SOFR_2Y;0.005466;0.007594
2017-01-05;USD_OIS_SOFR_2Y;0.005498;0.007562
2017-01-06;USD_OIS_SOFR_2Y;0.00553;0.00753
2017-01-09;USD_OIS_SOFR_2Y;0.00556;0.0075
2017-01-10;USD_OIS_SOFR_2Y;0.00559;0.00747
2017-01-11;USD_OIS_SOFR_2Y;0.006167;0.008093
2017-01-12;USD_OIS_SOFR_2Y;0.006196;0.008064
2017-01-13;USD_OIS_SOFR_2Y;0.006224;0.008036
2017-01-17;USD_OIS_SOFR_2Y;0.006252;0.008008
2017-01-18;USD_OIS_SOFR_2Y;0.006279;0.007981
2017-01-19;USD_OIS_SOFR_2Y;0.006305;0.007955
2017-01-20;USD_OIS_SOFR_2Y;0.00633;0.00793
2017-01-23;USD_OIS_SOFR_2Y;0.006354;0.007906
2017-01-24;USD_OIS_SOFR_2Y;0.006378;0.007882
2017-01-25;USD_OIS_SOFR_2Y;0.006401;0.007859
2017-01-26;USD_OIS_SOFR_2Y;0.006423;0.007837
2017-01-27;USD_OIS_SOFR_2Y;0.006445;0.007815
2017-01-30;USD_OIS_SOFR_2Y;0.006465;0.007795
2017-01-31;USD_OIS_SOFR_2Y;0.006486;0.007774
2017-02-01;USD_OIS_SOFR_2Y;0.006403;0.007657
2017-02-02;USD_OIS_SOFR_2Y;0.006422;0.007638
2017-02-03;USD_OIS_SOFR_2Y;0.006441;0.007619
2017-02-06;USD_OIS_SOFR_2Y;0.006459;0.007601
2017-02-07;USD_OIS_SOFR_2Y;0.006476;0.007584
2017-02-08;USD_OIS_SOFR_2Y;0.00659;0.00767
2017-02-09;USD_OIS_SOFR_2Y;0.006607;0.007653
2017-02-10;USD_OIS_SOFR_2Y;0.006623;0.007637
2017-02-13;USD_OIS_SOFR_2Y;0.006638;0.007622
2017-02-14;USD_OIS_SOFR_2Y;0.006653;0.007607
2017-02-15;USD_OIS_SOFR_2Y;0.006668;0.007592
2017-02-16;USD_OIS_SOFR_2Y;0.006682;0.007578
2017-02-17;USD_OIS_SOFR_2Y;0.006696;0.007564
2017-02-21;USD_OIS_SOFR_2Y;0.006709;0.007551
2017-02-22;USD_OIS_SOFR_2Y;0.006722;0.007538
2017-02-23;USD_OIS_SOFR_2Y;0.006734;0.007526
2017-02-24;USD_OIS_SOFR_2Y;0.006746;0.007514
2017-02-27;USD_OIS_SOFR_2Y;0.006758;0.007502
2017-02-28;USD_OIS_SOFR_2Y;0.006769;0.007491
2017-03-01;USD_OIS_SOFR_2Y;0.006676;0.007384
2017-03-02;USD_OIS_SOFR_2Y;0.006687;0.007373
2017-03-03;USD_OIS_SOFR_2Y;0.006698;0.007362
2017-03-06;USD_OIS_SOFR_2Y;0.006708;0.007352
2017-03-07;USD_OIS_SOFR_2Y;0.006717;0.007343
2017-03-08;USD_OIS_SOFR_2Y;0.006823;0.007437
2017-03-09;USD_OIS_SOFR_2Y;0.006832;0.007428
2017-03-10;USD_OIS_SOFR_2Y;0.006841;0.007419
2017-03-13;USD_OIS_SOFR_2Y;0.00685;0.00741
2017-03-14;USD_OIS_SOFR_2Y;0.006858;0.007402
2017-03-15;USD_OIS_SOFR_2Y;0.006867;0.007393
2017-03-16;USD_OIS_SOFR_2Y;0.006875;0.007385
2017-03-17;USD_OIS_SOFR_2Y;0.006882;0.007378
2017-03-20;USD_OIS_SOFR_2Y;0.00689;0.00737
2017-03-21;USD_OIS_SOFR_2Y;0.006897;0.007363
2017-03-22;USD_OIS_SOFR_2Y;0.008312;0.010948
2017-03-23;USD_OIS_SOFR_2Y;0.008352;0.010908
2017-03-24;USD_OIS_SOFR_2Y;0.008391;0.010869
2017-03-27;USD_OIS_SOFR_2Y;0.008428;0.010832
2017-03-28;USD_OIS_SOFR_2Y;0.008465;0.010795
2017-03-29;USD_OIS_SOFR_2Y;0.0085;0.01076
2017-03-30;USD_OIS_SOFR_2Y;0.008535;0.010725
2017-03-31;USD_OIS_SOFR_2Y;0.008568;0.010692
2017-04-03;USD_OIS_SOFR_2Y;0.008601;0.010659
2017-04-04;USD_OIS_SOFR_2Y;0.008632;0.010628
2017-04-05;USD_OIS_SOFR_2Y;0.00824;0.01022
2017-04-06;USD_OIS_SOFR_2Y;0.00827;0.01019
2017-04-07;USD_OIS_SOFR_2Y;0.0083;0.01016
2017-04-10;USD_OIS_SOFR_2Y;0.008328;0.010132
2017-04-11;USD_OIS_SOFR_2Y;0.008355;0.010105
2017-04-12;USD_OIS_SOFR_2Y;0.008757;0.010503
2017-04-13;USD_OIS_SOFR_2Y;0.008784;0.010476
2017-04-17;USD_OIS_SOFR_2Y;0.008809;0.010451
2017-04-18;USD_OIS_SOFR_2Y;0.008834;0.010426
2017-04-19;USD_OIS_SOFR_2Y;0.008859;0.010401
2017-04-20;USD_OIS_SOFR_2Y;0.008882;0.010378
2017-04-21;USD_OIS_SOFR_2Y;0.008905;0.010355
2017-04-24;USD_OIS_SOFR_2Y;0.008927;0.010333
2017-04-25;USD_OIS_SOFR_2Y;0.008948;0.010312
2017-04-26;USD_OIS_SOFR_2Y;0.008969;0.010291
2017-04-27;USD_OIS_SOFR_2Y;0.008989;0.010271
2017-04-28;USD_OIS_SOFR_2Y;0.009009;0.010251
2017-05-01;USD_OIS_SOFR_2Y;0.009028;0.010232
2017-05-02;USD_OIS_SOFR_2Y;0.009046;0.010214
2017-05-03;USD_OIS_SOFR_2Y;0.008743;0.009917
2017-05-04;USD_OIS_SOFR_2Y;0.008761;0.009899
2017-05-05;USD_OIS_SOFR_2Y;0.008778;0.009882
2017-05-08;USD_OIS_SOFR_2Y;0.008795;0.009865
2017-05-09;USD_OIS_SOFR_2Y;0.008811;0.009849
2017-05-10;USD_OIS_SOFR_2Y;0.009103;0.010157
2017-05-11;USD_OIS_SOFR_2Y;0.009119;0.010141
2017-05-12;USD_OIS_SOFR_2Y;0.009135;0.010125
2017-05-15;USD_OIS_SOFR_2Y;0.00915;0.01011
2017-05-16;USD_OIS_SOFR_2Y;0.009165;0.010095
2017-05-17;USD_OIS_SOFR_2Y;0.009179;0.010081
2017-05-18;USD_OIS_SOFR_2Y;0.009193;0.010067
2017-05-19;USD_OIS_SOFR_2Y;0.009206;0.010054
2017-05-22;USD_OIS_SOFR_2Y;0.009219;0.010041
2017-05-23;USD_OIS_SOFR_2Y;0.009231;0.010029
2017-05-24;USD_OIS_SOFR_2Y;0.009244;0.010016
2017-05-25;USD_OIS_SOFR_2Y;0.009255;0.010005
2017-05-26;USD_OIS_SOFR_2Y;0.009267;0.009993
2017-05-30;USD_OIS_SOFR_2Y;0.009278;0.009982
2017-05-31;USD_OIS_SOFR_2Y;0.009185;0.009875
2017-06-01;USD_OIS_SOFR_2Y;0.009195;0.009865
2017-06-02;USD_OIS_SOFR_2Y;0.009205;0.009855
2017-06-05;USD_OIS_SOFR_2Y;0.009215;0.009845
2017-06-06;USD_OIS_SOFR_2Y;0.009225;0.009835
2017-06-07;USD_OIS_SOFR_2Y;0.00933;0.00993
2017-06-08;USD_OIS_SOFR_2Y;0.009339;0.009921
2017-06-09;USD_OIS_SOFR_2Y;0.009348;0.009912
2017-06-12;USD_OIS_SOFR_2Y;0.009356;0.009904
2017-06-13;USD_OIS_SOFR_2Y;0.009365;0.009895
2017-06-14;USD_OIS_SOFR_2Y;0.009373;0.009887
2017-06-15;USD_OIS_SOFR_2Y;0.00938;0.00988
2017-06-16;USD_OIS_SOFR_2Y;0.009388;0.009872
2017-06-19;USD_OIS_SOFR_2Y;0.009395;0.009865
2017-06-20;USD_OIS_SOFR_2Y;0.009403;0.009857
2017-06-21;USD_OIS_SOFR_2Y;0.010812;0.013448
2017-06-22;USD_OIS_SOFR_2Y;0.010853;0.013407
2017-06-23;USD_OIS_SOFR_2Y;0.010891;0.013369
2017-06-26;USD_OIS_SOFR_2Y;0.010929;0.013331
2017-06-27;USD_OIS_SOFR_2Y;0.010966;0.013294
2017-06-28;USD_OIS_SOFR_2Y;0.011001;0.013259
2017-06-29;USD_OIS_SOFR_2Y;0.011036;0.013224
2017-06-30;USD_OIS_SOFR_2Y;0.011069;0.013191
2017-07-03;USD_OIS_SOFR_2Y;0.011101;0.013159
2017-07-05;USD_OIS_SOFR_2Y;0.010711;0.012749
2017-07-06;USD_OIS_SOFR_2Y;0.010742;0.012718
2017-07-07;USD_OIS_SOFR_2Y;0.010772;0.012688
2017-07-10;USD_OIS_SOFR_2Y;0.010801;0.012659
2017-07-11;USD_OIS_SOFR_2Y;0.01083;0.01263
2017-07-12;USD_OIS_SOFR_2Y;0.011233;0.013027
2017-07-13;USD_OIS_SOFR_2Y;0.01126;0.013
2017-07-14;USD_OIS_SOFR_2Y;0.011287;0.012973
2017-07-17;USD_OIS_SOFR_2Y;0.011312;0.012948
2017-07-18;USD_OIS_SOFR_2Y;0.011337;0.012923
2017-07-19;USD_OIS_SOFR_2Y;0.011361;0.012899
2017-07-20;USD_OIS_SOFR_2Y;0.011385;0.012875
2017-07-21;USD_OIS_SOFR_2Y;0.011407;0.012853
2017-07-24;USD_OIS_SOFR_2Y;0.01143;0.01283
2017-07-25;USD_OIS_SOFR_2Y;0.011451;0.012809
2017-07-26;USD_OIS_SOFR_2Y;0.011472;0.012788
2017-07-27;USD_OIS_SOFR_2Y;0.011492;0.012768
2017-07-28;USD_OIS_SOFR_2Y;0.011511;0.012749
2017-07-31;USD_OIS_SOFR_2Y;0.01153;0.01273
2017-08-01;USD_OIS_SOFR_2Y;0.011548;0.012712
2017-08-02;USD_OIS_SOFR_2Y;0.011464;0.012596
2017-08-03;USD_OIS_SOFR_2Y;0.011481;0.012579
2017-08-04;USD_OIS_SOFR_2Y;0.011498;0.012562
2017-08-07;USD_OIS_SOFR_2Y;0.011514;0.012546
2017-08-08;USD_OIS_SOFR_2Y;0.011529;0.012531
2017-08-09;USD_OIS_SOFR_2Y;0.011642;0.012618
2017-08-10;USD_OIS_SOFR_2Y;0.011657;0.012603
2017-08-11;USD_OIS_SOFR_2Y;0.011671;0.012589
2017-08-14;USD_OIS_SOFR_2Y;0.011685;0.012575
2017-08-15;USD_OIS_SOFR_2Y;0.011699;0.012561
2017-08-16;USD_OIS_SOFR_2Y;0.011712;0.012548
2017-08-17;USD_OIS_SOFR_2Y;0.011725;0.012535
2017-08-18;USD_OIS_SOFR_2Y;0.011737;0.012523
2017-08-21;USD_OIS_SOFR_2Y;0.011749;0.012511
2017-08-22;USD_OIS_SOFR_2Y;0.011761;0.012499
2017-08-23;USD_OIS_SOFR_2Y;0.011772;0.012488
2017-08-24;USD_OIS_SOFR_2Y;0.011783;0.012477
2017-08-25;USD_OIS_SOFR_2Y;0.011793;0.012467
2017-08-28;USD_OIS_SOFR_2Y;0.011804;0.012456
2017-08-29;USD_OIS_SOFR_2Y;0.011813;0.012447
2017-08-30;USD_OIS_SOFR_2Y;0.011823;0.012437
2017-08-31;USD_OIS_SOFR_2Y;0.011832;0.012428
2017-09-01;USD_OIS_SOFR_2Y;0.011842;0.012418
2017-09-05;USD_OIS_SOFR_2Y;0.01185;0.01241
2017-09-06;USD_OIS_SOFR_2Y;0.011754;0.012306
2017-09-07;USD_OIS_SOFR_2Y;0.011762;0.012298
2017-09-08;USD_OIS_SOFR_2Y;0.01177;0.01229
2017-09-11;USD_OIS_SOFR_2Y;0.011778;0.012282
2017-09-12;USD_OIS_SOFR_2Y;0.011786;0.012274
2017-09-13;USD_OIS_SOFR_2Y;0.011888;0.012372
2017-09-14;USD_OIS_SOFR_2Y;0.011895;0.012365
2017-09-15;USD_OIS_SOFR_2Y;0.011902;0.012358
2017-09-18;USD_OIS_SOFR_2Y;0.011909;0.012351
2017-09-19;USD_OIS_SOFR_2Y;0.011916;0.012344
2017-09-20;USD_OIS_SOFR_2Y;0.011923;0.012337
2017-09-21;USD_OIS_SOFR_2Y;0.011929;0.012331
2017-09-22;USD_OIS_SOFR_2Y;0.011935;0.012325
2017-09-25;USD_OIS_SOFR_2Y;0.011941;0.012319
2017-09-26;USD_OIS_SOFR_2Y;0.011947;0.012313
2017-09-27;USD_OIS_SOFR_2Y;0.011952;0.012308
2017-09-28;USD_OIS_SOFR_2Y;0.011958;0.012302
2017-09-29;USD_OIS_SOFR_2Y;0.011963;0.012297
2017-10-02;USD_OIS_SOFR_2Y;0.011968;0.012292
2017-10-03;USD_OIS_SOFR_2Y;0.011973;0.012287
2017-10-04;USD_OIS_SOFR_2Y;0.011472;0.011988
2017-10-05;USD_OIS_SOFR_2Y;0.01148;0.01198
2017-10-06;USD_OIS_SOFR_2Y;0.011488;0.011972
2017-10-10;USD_OIS_SOFR_2Y;0.011495;0.011965
2017-10-11;USD_OIS_SOFR_2Y;0.011822;0.012438
2017-10-12;USD_OIS_SOFR_2Y;0.011831;0.012429
2017-10-13;USD_OIS_SOFR_2Y;0.01184;0.01242
2017-10-16;USD_OIS_SOFR_2Y;0.011849;0.012411
2017-10-17;USD_OIS_SOFR_2Y;0.011858;0.012402
2017-10-18;USD_OIS_SOFR_2Y;0.011866;0.012394
2017-10-19;USD_OIS_SOFR_2Y;0.011874;0.012386
2017-10-20;USD_OIS_SOFR_2Y;0.011882;0.012378
2017-10-23;USD_OIS_SOFR_2Y;0.011889;0.012371
2017-10-24;USD_OIS_SOFR_2Y;0.011897;0.012363
2017-10-25;USD_OIS_SOFR_2Y;0.011904;0.012356
2017-10-26;USD_OIS_SOFR_2Y;0.011911;0.012349
2017-10-27;USD_OIS_SOFR_2Y;0.011917;0.012343
2017-10-30;USD_OIS_SOFR_2Y;0.011924;0.012336
2017-10-31;USD_OIS_SOFR_2Y;0.01193;0.01233
2017-11-01;USD_OIS_SOFR_2Y;0.011829;0.012231
2017-11-02;USD_OIS_SOFR_2Y;0.011835;0.012225
2017-11-03;USD_OIS_SOFR_2Y;0.011841;0.012219
2017-11-06;USD_OIS_SOFR_2Y;0.011847;0.012213
2017-11-07;USD_OIS_SOFR_2Y;0.011853;0.012207
2017-11-08;USD_OIS_SOFR_2Y;0.01195;0.01231
2017-11-09;USD_OIS_SOFR_2Y;0.011956;0.012304
2017-11-10;USD_OIS_SOFR_2Y;0.011961;0.012299
2017-11-13;USD_OIS_SOFR_2Y;0.011966;0.012294
2017-11-14;USD_OIS_SOFR_2Y;0.011971;0.012289
2017-11-15;USD_OIS_SOFR_2Y;0.011976;0.012284
2017-11-16;USD_OIS_SOFR_2Y;0.011981;0.012279
2017-11-17;USD_OIS_SOFR_2Y;0.011985;0.012275
2017-11-20;USD_OIS_SOFR_2Y;0.01199;0.01227
2017-11-21;USD_OIS_SOFR_2Y;0.011994;0.012266
2017-11-22;USD_OIS_SOFR_2Y;0.011998;0.012262
2017-11-24;USD_OIS_SOFR_2Y;0.012002;0.012258
2017-11-27;USD_OIS_SOFR_2Y;0.012006;0.012254
2017-11-28;USD_OIS_SOFR_2Y;0.01201;0.01225
2017-11-29;USD_OIS_SOFR_2Y;0.012014;0.012246
2017-11-30;USD_OIS_SOFR_2Y;0.012017;0.012243
2017-12-01;USD_OIS_SOFR_2Y;0.012021;0.012239
2017-12-04;USD_OIS_SOFR_2Y;0.012024;0.012236
2017-12-05;USD_OIS_SOFR_2Y;0.012027;0.012233
2017-12-06;USD_OIS_SOFR_2Y;0.011918;0.012142
2017-12-07;USD_OIS_SOFR_2Y;0.011921;0.012139
2017-12-08;USD_OIS_SOFR_2Y;0.011924;0.012136
2017-12-11;USD_OIS_SOFR_2Y;0.011927;0.012133
2017-12-12;USD_OIS_SOFR_2Y;0.01193;0.01213
2017-12-13;USD_OIS_SOFR_2Y;0.012021;0.012239
2017-12-14;USD_OIS_SOFR_2Y;0.012024;0.012236
2017-12-15;USD_OIS_SOFR_2Y;0.012027;0.012233
2017-12-18;USD_OIS_SOFR_2Y;0.01203;0.01223
2017-12-19;USD_OIS_SOFR_2Y;0.01203;0.01223
2017-12-20;USD_OIS_SOFR_2Y;0.013328;0.015932
2017-12-21;USD_OIS_SOFR_2Y;0.013367;0.015893
2017-12-22;USD_OIS_SOFR_2Y;0.013406;0.015854
2017-12-26;USD_OIS_SOFR_2Y;0.013443;0.015817
2017-12-27;USD_OIS_SOFR_2Y;0.013578;0.015882
2017-12-28;USD_OIS_SOFR_2Y;0.013613;0.015847
2017-12-29;USD_OIS_SOFR_2Y;0.013647;0.015813
2018-01-02;USD_OIS_SOFR_2Y;0.01368;0.01578
2018-01-03;USD_OIS_SOFR_2Y;0.013179;0.015281
2018-01-04;USD_OIS_SOFR_2Y;0.013211;0.015249
2018-01-05;USD_OIS_SOFR_2Y;0.013242;0.015218
2018-01-08;USD_OIS_SOFR_2Y;0.013273;0.015187
2018-01-09;USD_OIS_SOFR_2Y;0.013302;0.015158
2018-01-10;USD_OIS_SOFR_2Y;0.013793;0.015667
2018-01-11;USD_OIS_SOFR_2Y;0.013822;0.015638
2018-01-12;USD_OIS_SOFR_2Y;0.013849;0.015611
2018-01-16;USD_OIS_SOFR_2Y;0.013876;0.015584
2018-01-17;USD_OIS_SOFR_2Y;0.013902;0.015558
2018-01-18;USD_OIS_SOFR_2Y;0.013928;0.015532
2018-01-19;USD_OIS_SOFR_2Y;0.013952;0.015508
2018-01-22;USD_OIS_SOFR_2Y;0.013976;0.015484
2018-01-23;USD_OIS_SOFR_2Y;0.013999;0.015461
2018-01-24;USD_OIS_SOFR_2Y;0.014021;0.015439
2018-01-25;USD_OIS_SOFR_2Y;0.014043;0.015417
2018-01-26;USD_OIS_SOFR_2Y;0.014063;0.015397
2018-01-29;USD_OIS_SOFR_2Y;0.014084;0.015376
2018-01-30;USD_OIS_SOFR_2Y;0.014103;0.015357
2018-01-31;USD_OIS_SOFR_2Y;0.01402;0.01524
2018-02-01;USD_OIS_SOFR_2Y;0.014039;0.015221
2018-02-02;USD_OIS_SOFR_2Y;0.014057;0.015203
2018-02-05;USD_OIS_SOFR_2Y;0.014074;0.015186
2018-02-06;USD_OIS_SOFR_2Y;0.014091;0.015169
2018-02-07;USD_OIS_SOFR_2Y;0.014205;0.015255
2018-02-08;USD_OIS_SOFR_2Y;0.014221;0.015239
2018-02-09;USD_OIS_SOFR_2Y;0.014237;0.015223
2018-02-12;USD_OIS_SOFR_2Y;0.014252;0.015208
2018-02-13;USD_OIS_SOFR_2Y;0.014266;0.015194
2018-02-14;USD_OIS_SOFR_2Y;0.01428;0.01518
2018-02-15;USD_OIS_SOFR_2Y;0.014294;0.015166
2018-02-16;USD_OIS_SOFR_2Y;0.014307;0.015153
2018-02-20;USD_OIS_SOFR_2Y;0.01432;0.01514
2018-02-21;USD_OIS_SOFR_2Y;0.014333;0.015127
2018-02-22;USD_OIS_SOFR_2Y;0.014345;0.015115
2018-02-23;USD_OIS_SOFR_2Y;0.014357;0.015103
2018-02-26;USD_OIS_SOFR_2Y;0.014368;0.015092
2018-02-27;USD_OIS_SOFR_2Y;0.014379;0.015081
2018-02-28;USD_OIS_SOFR_2Y;0.014286;0.014974
2018-03-01;USD_OIS_SOFR_2Y;0.014296;0.014964
2018-03-02;USD_OIS_SOFR_2Y;0.014306;0.014954
2018-03-05;USD_OIS_SOFR_2Y;0.014316;0.014944
2018-03-06;USD_OIS_SOFR_2Y;0.014326;0.014934
2018-03-07;USD_OIS_SOFR_2Y;0.01443;0.01503
2018-03-08;USD_OIS_SOFR_2Y;0.01444;0.01502
2018-03-09;USD_OIS_SOFR_2Y;0.014448;0.015012
2018-03-12;USD_OIS_SOFR_2Y;0.014457;0.015003
2018-03-13;USD_OIS_SOFR_2Y;0.014465;0.014995
2018-03-14;USD_OIS_SOFR_2Y;0.014473;0.014987
2018-03-15;USD_OIS_SOFR_2Y;0.014481;0.014979
2018-03-16;USD_OIS_SOFR_2Y;0.014489;0.014971
2018-03-19;USD_OIS_SOFR_2Y;0.014496;0.014964
2018-03-20;USD_OIS_SOFR_2Y;0.014503;0.014957
2018-03-21;USD_OIS_SOFR_2Y;0.014604;0.015056
2018-03-22;USD_OIS_SOFR_2Y;0.014611;0.015049
2018-03-23;USD_OIS_SOFR_2Y;0.014618;0.015042
2018-03-26;USD_OIS_SOFR_2Y;0.014624;0.015036
2018-03-27;USD_OIS_SOFR_2Y;0.01463;0.01503
2018-03-28;USD_OIS_SOFR_2Y;0.016017;0.018643
2018-03-29;USD_OIS_SOFR_2Y;0.016057;0.018603
2018-04-02;USD_OIS_SOFR_2Y;0.016095;0.018565
2018-04-03;USD_OIS_SOFR_2Y;0.017001;0.019599
2018-04-04;USD_OIS_SOFR_2Y;0.016057;0.018743
2018-04-05;USD_OIS_SOFR_2Y;0.016197;0.018803
2018-04-06;USD_OIS_SOFR_2Y;0.016236;0.018764
2018-04-09;USD_OIS_SOFR_2Y;0.016275;0.018725
2018-04-10;USD_OIS_SOFR_2Y;0.016312;0.018688
2018-04-11;USD_OIS_SOFR_2Y;0.016447;0.018753
2018-04-12;USD_OIS_SOFR_2Y;0.016171;0.018429
2018-04-13;USD_OIS_SOFR_2Y;0.016105;0.018295
2018-04-16;USD_OIS_SOFR_2Y;0.016607;0.018793
2018-04-17;USD_OIS_SOFR_2Y;0.016539;0.018661
2018-04-18;USD_OIS_SOFR_2Y;0.01647;0.01853
2018-04-19;USD_OIS_SOFR_2Y;0.016296;0.018304
2018-04-20;USD_OIS_SOFR_2Y;0.016225;0.018175
2018-04-23;USD_OIS_SOFR_2Y;0.016049;0.017951
2018-04-24;USD_OIS_SOFR_2Y;0.016176;0.018024
2018-04-25;USD_OIS_SOFR_2Y;0.016205;0.017995
2018-04-26;USD_OIS_SOFR_2Y;0.01633;0.01807
2018-04-27;USD_OIS_SOFR_2Y;0.016357;0.018043
2018-04-30;USD_OIS_SOFR_2Y;0.016842;0.018558
2018-05-01;USD_OIS_SOFR_2Y;0.016767;0.018433
2018-05-02;USD_OIS_SOFR_2Y;0.01669;0.01831
2018-05-03;USD_OIS_SOFR_2Y;0.016613;0.018187
2018-05-04;USD_OIS_SOFR_2Y;0.01643;0.01797
2018-05-07;USD_OIS_SOFR_2Y;0.016352;0.017848
2018-05-08;USD_OIS_SOFR_2Y;0.016473;0.017927
2018-05-09;USD_OIS_SOFR_2Y;0.016495;0.017905
2018-05-10;USD_OIS_SOFR_2Y;0.016615;0.017985
2018-05-11;USD_OIS_SOFR_2Y;0.016635;0.017965
2018-05-14;USD_OIS_SOFR_2Y;0.016847;0.018153
2018-05-15;USD_OIS_SOFR_2Y;0.017234;0.018566
2018-05-16;USD_OIS_SOFR_2Y;0.016822;0.018178
2018-05-17;USD_OIS_SOFR_2Y;0.01674;0.01806
2018-05-18;USD_OIS_SOFR_2Y;0.016658;0.017942
2018-05-21;USD_OIS_SOFR_2Y;0.016244;0.017556
2018-05-22;USD_OIS_SOFR_2Y;0.015831;0.017169
2018-05-23;USD_OIS_SOFR_2Y;0.016043;0.017357
2018-05-24;USD_OIS_SOFR_2Y;0.016666;0.018134
2018-05-25;USD_OIS_SOFR_2Y;0.016587;0.018013
2018-05-29;USD_OIS_SOFR_2Y;0.016507;0.017893
2018-05-30;USD_OIS_SOFR_2Y;0.016528;0.017872
2018-05-31;USD_OIS_SOFR_2Y;0.017298;0.018902
2018-06-01;USD_OIS_SOFR_2Y;0.017322;0.018878
2018-06-04;USD_OIS_SOFR_2Y;0.017244;0.018756
2018-06-05;USD_OIS_SOFR_2Y;0.016723;0.018277
2018-06-06;USD_OIS_SOFR_2Y;0.016539;0.018061
2018-06-07;USD_OIS_SOFR_2Y;0.016355;0.017845
2018-06-08;USD_OIS_SOFR_2Y;0.01617;0.01763
2018-06-11;USD_OIS_SOFR_2Y;0.016192;0.017608
2018-06-12;USD_OIS_SOFR_2Y;0.016006;0.017394
2018-06-13;USD_OIS_SOFR_2Y;0.016396;0.017804
2018-06-14;USD_OIS_SOFR_2Y;0.0178;0.0202
2018-06-15;USD_OIS_SOFR_2Y;0.017935;0.020265
2018-06-18;USD_OIS_SOFR_2Y;0.017869;0.020131
2018-06-19;USD_OIS_SOFR_2Y;0.017699;0.019901
2018-06-20;USD_OIS_SOFR_2Y;0.017631;0.019769
2018-06-21;USD_OIS_SOFR_2Y;0.017664;0.019736
2018-06-22;USD_OIS_SOFR_2Y;0.018162;0.020238
2018-06-25;USD_OIS_SOFR_2Y;0.018093;0.020107
2018-06-26;USD_OIS_SOFR_2Y;0.018022;0.019978
2018-06-27;USD_OIS_SOFR_2Y;0.018052;0.019948
2018-06-28;USD_OIS_SOFR_2Y;0.018367;0.020233
2018-06-29;USD_OIS_SOFR_2Y;0.019861;0.022539
2018-07-02;USD_OIS_SOFR_2Y;0.019037;0.021763
2018-07-03;USD_OIS_SOFR_2Y;0.018662;0.021338
2018-07-05;USD_OIS_SOFR_2Y;0.018394;0.021006
2018-07-06;USD_OIS_SOFR_2Y;0.018017;0.020583
2018-07-09;USD_OIS_SOFR_2Y;0.017639;0.020161
2018-07-10;USD_OIS_SOFR_2Y;0.017677;0.020123
2018-07-11;USD_OIS_SOFR_2Y;0.017714;0.020086
2018-07-12;USD_OIS_SOFR_2Y;0.017849;0.020151
2018-07-13;USD_OIS_SOFR_2Y;0.017884;0.020116
2018-07-16;USD_OIS_SOFR_2Y;0.018387;0.020613
2018-07-17;USD_OIS_SOFR_2Y;0.01811;0.02029
2018-07-18;USD_OIS_SOFR_2Y;0.017938;0.020062
2018-07-19;USD_OIS_SOFR_2Y;0.017971;0.020029
2018-07-20;USD_OIS_SOFR_2Y;0.017797;0.019803
2018-07-23;USD_OIS_SOFR_2Y;0.017726;0.019674
2018-07-24;USD_OIS_SOFR_2Y;0.018043;0.019957
2018-07-25;USD_OIS_SOFR_2Y;0.017759;0.019641
2018-07-26;USD_OIS_SOFR_2Y;0.018074;0.019926
2018-07-27;USD_OIS_SOFR_2Y;0.017896;0.019704
2018-07-30;USD_OIS_SOFR_2Y;0.017924;0.019676
2018-07-31;USD_OIS_SOFR_2Y;0.018412;0.020188
2018-08-01;USD_OIS_SOFR_2Y;0.017901;0.019699
2018-08-02;USD_OIS_SOFR_2Y;0.018214;0.019986
2018-08-03;USD_OIS_SOFR_2Y;0.017703;0.019497
2018-08-06;USD_OIS_SOFR_2Y;0.01773;0.01947
2018-08-07;USD_OIS_SOFR_2Y;0.017855;0.019545
2018-08-08;USD_OIS_SOFR_2Y;0.017979;0.019621
2018-08-09;USD_OIS_SOFR_2Y;0.018289;0.019911
2018-08-10;USD_OIS_SOFR_2Y;0.018212;0.019788
2018-08-13;USD_OIS_SOFR_2Y;0.018334;0.019866
2018-08-14;USD_OIS_SOFR_2Y;0.01855;0.02005
2018-08-15;USD_OIS_SOFR_2Y;0.019028;0.020572
2018-08-16;USD_OIS_SOFR_2Y;0.01915;0.02065
2018-08-17;USD_OIS_SOFR_2Y;0.018135;0.019865
2018-08-20;USD_OIS_SOFR_2Y;0.018162;0.019838
2018-08-21;USD_OIS_SOFR_2Y;0.018187;0.019813
2018-08-22;USD_OIS_SOFR_2Y;0.018212;0.019788
2018-08-23;USD_OIS_SOFR_2Y;0.018608;0.020192
2018-08-24;USD_OIS_SOFR_2Y;0.018731;0.020269
2018-08-27;USD_OIS_SOFR_2Y;0.018754;0.020246
2018-08-28;USD_OIS_SOFR_2Y;0.018777;0.020223
2018-08-29;USD_OIS_SOFR_2Y;0.018591;0.020009
2018-08-30;USD_OIS_SOFR_2Y;0.018613;0.019987
2018-08-31;USD_OIS_SOFR_2Y;0.019002;0.020398
2018-09-04;USD_OIS_SOFR_2Y;0.018815;0.020185
2018-09-05;USD_OIS_SOFR_2Y;0.018836;0.020164
2018-09-06;USD_OIS_SOFR_2Y;0.018754;0.020046
2018-09-07;USD_OIS_SOFR_2Y;0.018774;0.020026
2018-09-10;USD_OIS_SOFR_2Y;0.018793;0.020007
2018-09-11;USD_OIS_SOFR_2Y;0.018811;0.019989
2018-09-12;USD_OIS_SOFR_2Y;0.018829;0.019971
2018-09-13;USD_OIS_SOFR_2Y;0.018847;0.019953
2018-09-14;USD_OIS_SOFR_2Y;0.018961;0.020039
2018-09-17;USD_OIS_SOFR_2Y;0.019417;0.020583
2018-09-18;USD_OIS_SOFR_2Y;0.018754;0.020046
2018-09-19;USD_OIS_SOFR_2Y;0.018565;0.019835
2018-09-20;USD_OIS_SOFR_2Y;0.018585;0.019815
2018-09-21;USD_OIS_SOFR_2Y;0.018603;0.019797
2018-09-24;USD_OIS_SOFR_2Y;0.018901;0.020099
2018-09-25;USD_OIS_SOFR_2Y;0.01871;0.01989
2018-09-26;USD_OIS_SOFR_2Y;0.018625;0.019775
2018-09-27;USD_OIS_SOFR_2Y;0.020234;0.022966
2018-09-28;USD_OIS_SOFR_2Y;0.021096;0.023904
2018-10-01;USD_OIS_SOFR_2Y;0.02083;0.02357
2018-10-02;USD_OIS_SOFR_2Y;0.020667;0.023333
2018-10-03;USD_OIS_SOFR_2Y;0.020708;0.023292
2018-10-04;USD_OIS_SOFR_2Y;0.020543;0.023057
2018-10-05;USD_OIS_SOFR_2Y;0.020377;0.022823
2018-10-09;USD_OIS_SOFR_2Y;0.020313;0.022687
2018-10-10;USD_OIS_SOFR_2Y;0.020349;0.022651
2018-10-11;USD_OIS_SOFR_2Y;0.020579;0.022821
2018-10-12;USD_OIS_SOFR_2Y;0.020712;0.022888
2018-10-15;USD_OIS_SOFR_2Y;0.021034;0.023166
2018-10-16;USD_OIS_SOFR_2Y;0.020755;0.022845
2018-10-17;USD_OIS_SOFR_2Y;0.020786;0.022814
2018-10-18;USD_OIS_SOFR_2Y;0.020916;0.022884
2018-10-19;USD_OIS_SOFR_2Y;0.020946;0.022854
2018-10-22;USD_OIS_SOFR_2Y;0.020874;0.022726
2018-10-23;USD_OIS_SOFR_2Y;0.0208;0.0226
2018-10-24;USD_OIS_SOFR_2Y;0.020926;0.022674
2018-10-25;USD_OIS_SOFR_2Y;0.021051;0.022749
2018-10-26;USD_OIS_SOFR_2Y;0.021077;0.022723
2018-10-29;USD_OIS_SOFR_2Y;0.021;0.0226
2018-10-30;USD_OIS_SOFR_2Y;0.021025;0.022575
2018-10-31;USD_OIS_SOFR_2Y;0.02142;0.02298
2018-11-01;USD_OIS_SOFR_2Y;0.021444;0.022956
2018-11-02;USD_OIS_SOFR_2Y;0.021751;0.023249
2018-11-05;USD_OIS_SOFR_2Y;0.021672;0.023128
2018-11-06;USD_OIS_SOFR_2Y;0.021486;0.022914
2018-11-07;USD_OIS_SOFR_2Y;0.021077;0.022523
2018-11-08;USD_OIS_SOFR_2Y;0.021382;0.022818
2018-11-09;USD_OIS_SOFR_2Y;0.021302;0.022698
2018-11-13;USD_OIS_SOFR_2Y;0.021323;0.022677
2018-11-14;USD_OIS_SOFR_2Y;0.021344;0.022656
2018-11-15;USD_OIS_SOFR_2Y;0.02204;0.02356
2018-11-16;USD_OIS_SOFR_2Y;0.021856;0.023344
2018-11-19;USD_OIS_SOFR_2Y;0.021671;0.023129
2018-11-20;USD_OIS_SOFR_2Y;0.021264;0.022736
2018-11-21;USD_OIS_SOFR_2Y;0.021078;0.022522
2018-11-23;USD_OIS_SOFR_2Y;0.021554;0.023046
2018-11-26;USD_OIS_SOFR_2Y;0.02126;0.02274
2018-11-27;USD_OIS_SOFR_2Y;0.021181;0.022619
2018-11-28;USD_OIS_SOFR_2Y;0.021202;0.022598
2018-11-29;USD_OIS_SOFR_2Y;0.021676;0.023124
2018-11-30;USD_OIS_SOFR_2Y;0.022067;0.023533
2018-12-03;USD_OIS_SOFR_2Y;0.021544;0.023056
2018-12-04;USD_OIS_SOFR_2Y;0.021938;0.023462
2018-12-06;USD_OIS_SOFR_2Y;0.022576;0.024224
2018-12-07;USD_OIS_SOFR_2Y;0.022175;0.023825
2018-12-10;USD_OIS_SOFR_2Y;0.021299;0.023101
2018-12-11;USD_OIS_SOFR_2Y;0.021012;0.022788
2018-12-12;USD_OIS_SOFR_2Y;0.021138;0.022862
2018-12-13;USD_OIS_SOFR_2Y;0.021262;0.022938
2018-12-14;USD_OIS_SOFR_2Y;0.021288;0.022912
2018-12-17;USD_OIS_SOFR_2Y;0.022157;0.024043
2018-12-18;USD_OIS_SOFR_2Y;0.022284;0.024116
2018-12-19;USD_OIS_SOFR_2Y;0.022106;0.023894
2018-12-20;USD_OIS_SOFR_2Y;0.023062;0.025138
2018-12-21;USD_OIS_SOFR_2Y;0.022992;0.025008
2018-12-24;USD_OIS_SOFR_2Y;0.023121;0.025079
2018-12-26;USD_OIS_SOFR_2Y;0.023438;0.025362
2018-12-27;USD_OIS_SOFR_2Y;0.023468;0.025332
2018-12-28;USD_OIS_SOFR_2Y;0.02369;0.02551
2018-12-31;USD_OIS_SOFR_2Y;0.027059;0.032941
2019-01-02;USD_OIS_SOFR_2Y;0.028544;0.034456
2019-01-03;USD_OIS_SOFR_2Y;0.023301;0.030699
2019-01-04;USD_OIS_SOFR_2Y;0.020686;0.028314
2019-01-07;USD_OIS_SOFR_2Y;0.020396;0.027804
2019-01-08;USD_OIS_SOFR_2Y;0.020608;0.027792
2019-01-09;USD_OIS_SOFR_2Y;0.021014;0.027986
2019-01-10;USD_OIS_SOFR_2Y;0.020919;0.027681
2019-01-11;USD_OIS_SOFR_2Y;0.02082;0.02738
2019-01-14;USD_OIS_SOFR_2Y;0.02082;0.02718
2019-01-15;USD_OIS_SOFR_2Y;0.021501;0.027699
2019-01-16;USD_OIS_SOFR_2Y;0.021291;0.027309
2019-01-17;USD_OIS_SOFR_2Y;0.021181;0.027019
2019-01-18;USD_OIS_SOFR_2Y;0.02137;0.02703
2019-01-22;USD_OIS_SOFR_2Y;0.021355;0.026845
2019-01-23;USD_OIS_SOFR_2Y;0.021338;0.026662
2019-01-24;USD_OIS_SOFR_2Y;0.021519;0.026681
2019-01-25;USD_OIS_SOFR_2Y;0.021497;0.026503
2019-01-28;USD_OIS_SOFR_2Y;0.021473;0.026327
2019-01-29;USD_OIS_SOFR_2Y;0.021646;0.026354
2019-01-30;USD_OIS_SOFR_2Y;0.021617;0.026183
2019-01-31;USD_OIS_SOFR_2Y;0.023377;0.028223
2019-02-01;USD_OIS_SOFR_2Y;0.022282;0.027118
2019-02-04;USD_OIS_SOFR_2Y;0.021627;0.026373
2019-02-05;USD_OIS_SOFR_2Y;0.0217;0.0263
2019-02-06;USD_OIS_SOFR_2Y;0.021567;0.026033
2019-02-07;USD_OIS_SOFR_2Y;0.021635;0.025965
2019-02-08;USD_OIS_SOFR_2Y;0.021601;0.025799
2019-02-11;USD_OIS_SOFR_2Y;0.021959;0.026041
2019-02-12;USD_OIS_SOFR_2Y;0.02192;0.02588
2019-02-13;USD_OIS_SOFR_2Y;0.02188;0.02572
2019-02-14;USD_OIS_SOFR_2Y;0.022038;0.025762
2019-02-15;USD_OIS_SOFR_2Y;0.022482;0.026118
2019-02-19;USD_OIS_SOFR_2Y;0.022231;0.025769
2019-02-20;USD_OIS_SOFR_2Y;0.022184;0.025616
2019-02-21;USD_OIS_SOFR_2Y;0.022236;0.025564
2019-02-22;USD_OIS_SOFR_2Y;0.022386;0.025614
2019-02-25;USD_OIS_SOFR_2Y;0.022232;0.025368
2019-02-26;USD_OIS_SOFR_2Y;0.02228;0.02532
2019-02-27;USD_OIS_SOFR_2Y;0.022225;0.025175
2019-02-28;USD_OIS_SOFR_2Y;0.024001;0.027599
2019-03-01;USD_OIS_SOFR_2Y;0.02177;0.02583
2019-03-04;USD_OIS_SOFR_2Y;0.021832;0.025768
2019-03-05;USD_OIS_SOFR_2Y;0.021892;0.025708
2019-03-06;USD_OIS_SOFR_2Y;0.02195;0.02565
2019-03-07;USD_OIS_SOFR_2Y;0.022006;0.025594
2019-03-08;USD_OIS_SOFR_2Y;0.02216;0.02564
2019-03-11;USD_OIS_SOFR_2Y;0.022112;0.025488
2019-03-12;USD_OIS_SOFR_2Y;0.022263;0.025537
2019-03-13;USD_OIS_SOFR_2Y;0.022412;0.025588
2019-03-14;USD_OIS_SOFR_2Y;0.022657;0.025743
2019-03-15;USD_OIS_SOFR_2Y;0.023089;0.026111
2019-03-18;USD_OIS_SOFR_2Y;0.022613;0.025587
2019-03-19;USD_OIS_SOFR_2Y;0.022757;0.025643
2019-03-20;USD_OIS_SOFR_2Y;0.023277;0.026123
2019-03-21;USD_OIS_SOFR_2Y;0.023012;0.025788
2019-03-22;USD_OIS_SOFR_2Y;0.022638;0.025362
2019-03-25;USD_OIS_SOFR_2Y;0.022679;0.025321
2019-03-26;USD_OIS_SOFR_2Y;0.02272;0.02528
2019-03-27;USD_OIS_SOFR_2Y;0.022759;0.025241
2019-03-28;USD_OIS_SOFR_2Y;0.023086;0.025514
2019-03-29;USD_OIS_SOFR_2Y;0.024859;0.028141
2019-04-01;USD_OIS_SOFR_2Y;0.022728;0.026472
2019-04-02;USD_OIS_SOFR_2Y;0.022785;0.026415
2019-04-03;USD_OIS_SOFR_2Y;0.02294;0.02646
2019-04-04;USD_OIS_SOFR_2Y;0.022892;0.026308
2019-04-05;USD_OIS_SOFR_2Y;0.022944;0.026256
2019-04-08;USD_OIS_SOFR_2Y;0.022995;0.026205
2019-04-09;USD_OIS_SOFR_2Y;0.022943;0.026057
2019-04-10;USD_OIS_SOFR_2Y;0.02299;0.02601
2019-04-11;USD_OIS_SOFR_2Y;0.022935;0.025865
2019-04-12;USD_OIS_SOFR_2Y;0.02298;0.02582
2019-04-15;USD_OIS_SOFR_2Y;0.023314;0.026086
2019-04-16;USD_OIS_SOFR_2Y;0.023357;0.026043
2019-04-17;USD_OIS_SOFR_2Y;0.023688;0.026312
2019-04-18;USD_OIS_SOFR_2Y;0.023728;0.026272
2019-04-22;USD_OIS_SOFR_2Y;0.02335;0.02585
2019-04-23;USD_OIS_SOFR_2Y;0.023388;0.025812
2019-04-24;USD_OIS_SOFR_2Y;0.02322;0.02558
2019-04-25;USD_OIS_SOFR_2Y;0.023355;0.025645
2019-04-26;USD_OIS_SOFR_2Y;0.023488;0.025712
2019-04-29;USD_OIS_SOFR_2Y;0.023717;0.025883
2019-04-30;USD_OIS_SOFR_2Y;0.025806;0.029394
2019-05-01;USD_OIS_SOFR_2Y;0.023319;0.027481
2019-05-02;USD_OIS_SOFR_2Y;0.022971;0.027029
2019-05-03;USD_OIS_SOFR_2Y;0.0223;0.0263
2019-05-06;USD_OIS_SOFR_2Y;0.02226;0.02614
2019-05-07;USD_OIS_SOFR_2Y;0.022516;0.026284
2019-05-08;USD_OIS_SOFR_2Y;0.022473;0.026127
2019-05-09;USD_OIS_SOFR_2Y;0.022325;0.025875
2019-05-10;USD_OIS_SOFR_2Y;0.022279;0.025721
2019-05-13;USD_OIS_SOFR_2Y;0.022128;0.025472
2019-05-14;USD_OIS_SOFR_2Y;0.022278;0.025522
2019-05-15;USD_OIS_SOFR_2Y;0.023159;0.026441
2019-05-16;USD_OIS_SOFR_2Y;0.022688;0.025912
2019-05-17;USD_OIS_SOFR_2Y;0.022637;0.025763
2019-05-20;USD_OIS_SOFR_2Y;0.022376;0.025424
2019-05-21;USD_OIS_SOFR_2Y;0.022322;0.025278
2019-05-22;USD_OIS_SOFR_2Y;0.022266;0.025134
2019-05-23;USD_OIS_SOFR_2Y;0.022309;0.025091
2019-05-24;USD_OIS_SOFR_2Y;0.022352;0.025048
2019-05-28;USD_OIS_SOFR_2Y;0.022776;0.025424
2019-05-29;USD_OIS_SOFR_2Y;0.022716;0.025284
2019-05-30;USD_OIS_SOFR_2Y;0.022755;0.025245
2019-05-31;USD_OIS_SOFR_2Y;0.023605;0.026195
2019-06-03;USD_OIS_SOFR_2Y;0.022661;0.025339
2019-06-04;USD_OIS_SOFR_2Y;0.0226;0.0252
2019-06-05;USD_OIS_SOFR_2Y;0.022739;0.025261
2019-06-06;USD_OIS_SOFR_2Y;0.022777;0.025223
2019-06-07;USD_OIS_SOFR_2Y;0.022713;0.025087
2019-06-10;USD_OIS_SOFR_2Y;0.02275;0.02505
2019-06-11;USD_OIS_SOFR_2Y;0.022683;0.024917
2019-06-12;USD_OIS_SOFR_2Y;0.022616;0.024784
2019-06-13;USD_OIS_SOFR_2Y;0.022444;0.024556
2019-06-14;USD_OIS_SOFR_2Y;0.022476;0.024524
2019-06-17;USD_OIS_SOFR_2Y;0.02306;0.02514
2019-06-18;USD_OIS_SOFR_2Y;0.022886;0.024914
2019-06-19;USD_OIS_SOFR_2Y;0.022605;0.024595
2019-06-20;USD_OIS_SOFR_2Y;0.022635;0.024565
2019-06-21;USD_OIS_SOFR_2Y;0.022763;0.024637
2019-06-24;USD_OIS_SOFR_2Y;0.022985;0.024815
2019-06-25;USD_OIS_SOFR_2Y;0.023207;0.024993
2019-06-26;USD_OIS_SOFR_2Y;0.023428;0.025172
2019-06-27;USD_OIS_SOFR_2Y;0.023353;0.025047
2019-06-28;USD_OIS_SOFR_2Y;0.02408;0.02592
2019-07-01;USD_OIS_SOFR_2Y;0.023216;0.025184
2019-07-02;USD_OIS_SOFR_2Y;0.024037;0.026163
2019-07-03;USD_OIS_SOFR_2Y;0.024537;0.026663
2019-07-05;USD_OIS_SOFR_2Y;0.024858;0.026942
2019-07-08;USD_OIS_SOFR_2Y;0.023639;0.025961
2019-07-09;USD_OIS_SOFR_2Y;0.023364;0.025636
2019-07-10;USD_OIS_SOFR_2Y;0.023497;0.025703
2019-07-11;USD_OIS_SOFR_2Y;0.023;0.0252
2019-07-12;USD_OIS_SOFR_2Y;0.022502;0.024698
2019-07-15;USD_OIS_SOFR_2Y;0.023415;0.025785
2019-07-16;USD_OIS_SOFR_2Y;0.02355;0.02585
2019-07-17;USD_OIS_SOFR_2Y;0.023585;0.025815
2019-07-18;USD_OIS_SOFR_2Y;0.023518;0.025682
2019-07-19;USD_OIS_SOFR_2Y;0.023019;0.025181
2019-07-22;USD_OIS_SOFR_2Y;0.022951;0.025049
2019-07-23;USD_OIS_SOFR_2Y;0.022983;0.025017
2019-07-24;USD_OIS_SOFR_2Y;0.023113;0.025087
2019-07-25;USD_OIS_SOFR_2Y;0.023241;0.025159
2019-07-26;USD_OIS_SOFR_2Y;0.023169;0.025031
2019-07-29;USD_OIS_SOFR_2Y;0.023096;0.024904
2019-07-30;USD_OIS_SOFR_2Y;0.023022;0.024778
2019-07-31;USD_OIS_SOFR_2Y;0.02431;0.02669
2019-08-01;USD_OIS_SOFR_2Y;0.019702;0.024098
2019-08-02;USD_OIS_SOFR_2Y;0.019769;0.024031
2019-08-05;USD_OIS_SOFR_2Y;0.019211;0.023389
2019-08-06;USD_OIS_SOFR_2Y;0.019072;0.023128
2019-08-07;USD_OIS_SOFR_2Y;0.019033;0.022967
2019-08-08;USD_OIS_SOFR_2Y;0.018992;0.022808
2019-08-09;USD_OIS_SOFR_2Y;0.019247;0.022953
2019-08-12;USD_OIS_SOFR_2Y;0.019403;0.022997
2019-08-13;USD_OIS_SOFR_2Y;0.019845;0.023355
2019-08-14;USD_OIS_SOFR_2Y;0.019592;0.023008
2019-08-15;USD_OIS_SOFR_2Y;0.020123;0.023477
2019-08-16;USD_OIS_SOFR_2Y;0.019654;0.022946
2019-08-19;USD_OIS_SOFR_2Y;0.019501;0.022699
2019-08-20;USD_OIS_SOFR_2Y;0.019746;0.022854
2019-08-21;USD_OIS_SOFR_2Y;0.019485;0.022515
2019-08-22;USD_OIS_SOFR_2Y;0.01943;0.02237
2019-08-23;USD_OIS_SOFR_2Y;0.019574;0.022426
2019-08-26;USD_OIS_SOFR_2Y;0.019618;0.022382
2019-08-27;USD_OIS_SOFR_2Y;0.020135;0.022865
2019-08-28;USD_OIS_SOFR_2Y;0.019867;0.022533
2019-08-29;USD_OIS_SOFR_2Y;0.019908;0.022492
2019-08-30;USD_OIS_SOFR_2Y;0.02033;0.02287
2019-09-03;USD_OIS_SOFR_2Y;0.020468;0.022932
2019-09-04;USD_OIS_SOFR_2Y;0.020887;0.023313
2019-09-05;USD_OIS_SOFR_2Y;0.020924;0.023276
2019-09-06;USD_OIS_SOFR_2Y;0.020318;0.022682
2019-09-09;USD_OIS_SOFR_2Y;0.020044;0.022356
2019-09-10;USD_OIS_SOFR_2Y;0.020274;0.022526
2019-09-11;USD_OIS_SOFR_2Y;0.020407;0.022593
2019-09-12;USD_OIS_SOFR_2Y;0.020909;0.023091
2019-09-13;USD_OIS_SOFR_2Y;0.020942;0.023058
2019-09-16;USD_OIS_SOFR_2Y;0.022725;0.025875
2019-09-17;USD_OIS_SOFR_2Y;0.037768;0.067232
2019-09-18;USD_OIS_SOFR_2Y;0.005479;0.045521
2019-09-19;USD_OIS_SOFR_2Y;-0.00016;0.03916
2019-09-20;USD_OIS_SOFR_2Y;-0.000467;0.037667
2019-09-23;USD_OIS_SOFR_2Y;1.4e-05;0.036986
2019-09-24;USD_OIS_SOFR_2Y;0.001668;0.037532
2019-09-25;USD_OIS_SOFR_2Y;0.002712;0.037488
2019-09-26;USD_OIS_SOFR_2Y;0.001621;0.035379
2019-09-27;USD_OIS_SOFR_2Y;0.001835;0.034565
2019-09-30;USD_OIS_SOFR_2Y;0.007396;0.039604
2019-10-01;USD_OIS_SOFR_2Y;0.002997;0.034603
2019-10-02;USD_OIS_SOFR_2Y;0.003178;0.033822
2019-10-03;USD_OIS_SOFR_2Y;0.003544;0.033256
2019-10-04;USD_OIS_SOFR_2Y;0.003796;0.032604
2019-10-07;USD_OIS_SOFR_2Y;0.004335;0.032265
2019-10-08;USD_OIS_SOFR_2Y;0.00496;0.03204
2019-10-09;USD_OIS_SOFR_2Y;0.005373;0.031627
2019-10-10;USD_OIS_SOFR_2Y;0.005773;0.031227
2019-10-11;USD_OIS_SOFR_2Y;0.00616;0.03084
2019-10-15;USD_OIS_SOFR_2Y;0.008011;0.031989
2019-10-16;USD_OIS_SOFR_2Y;0.008873;0.032127
2019-10-17;USD_OIS_SOFR_2Y;0.008215;0.030785
2019-10-18;USD_OIS_SOFR_2Y;0.007853;0.029747
2019-10-21;USD_OIS_SOFR_2Y;0.007986;0.029214
2019-10-22;USD_OIS_SOFR_2Y;0.008409;0.028991
2019-10-23;USD_OIS_SOFR_2Y;0.008723;0.028677
2019-10-24;USD_OIS_SOFR_2Y;0.008927;0.028273
2019-10-25;USD_OIS_SOFR_2Y;0.009021;0.027779
2019-10-28;USD_OIS_SOFR_2Y;0.009106;0.027294
2019-10-29;USD_OIS_SOFR_2Y;0.009283;0.026917
2019-10-30;USD_OIS_SOFR_2Y;0.009651;0.026749
2019-10-31;USD_OIS_SOFR_2Y;0.009306;0.025894
2019-11-01;USD_OIS_SOFR_2Y;0.007704;0.023896
2019-11-04;USD_OIS_SOFR_2Y;0.00775;0.02345
2019-11-05;USD_OIS_SOFR_2Y;0.008189;0.023411
2019-11-06;USD_OIS_SOFR_2Y;0.00832;0.02308
2019-11-07;USD_OIS_SOFR_2Y;0.008445;0.022755
2019-11-08;USD_OIS_SOFR_2Y;0.008663;0.022537
2019-11-12;USD_OIS_SOFR_2Y;0.008974;0.022426
2019-11-13;USD_OIS_SOFR_2Y;0.009179;0.022221
2019-11-14;USD_OIS_SOFR_2Y;0.009477;0.022123
2019-11-15;USD_OIS_SOFR_2Y;0.00977;0.02203
2019-11-18;USD_OIS_SOFR_2Y;0.009654;0.021546
2019-11-19;USD_OIS_SOFR_2Y;0.009935;0.021465
2019-11-20;USD_OIS_SOFR_2Y;0.010111;0.021289
2019-11-21;USD_OIS_SOFR_2Y;0.010381;0.021219
2019-11-22;USD_OIS_SOFR_2Y;0.010546;0.021054
2019-11-25;USD_OIS_SOFR_2Y;0.010505;0.020695
2019-11-26;USD_OIS_SOFR_2Y;0.010459;0.020341
2019-11-27;USD_OIS_SOFR_2Y;0.010709;0.020291
2019-11-29;USD_OIS_SOFR_2Y;0.011826;0.021174
2019-12-02;USD_OIS_SOFR_2Y;0.011768;0.020832
2019-12-03;USD_OIS_SOFR_2Y;0.011086;0.019914
2019-12-04;USD_OIS_SOFR_2Y;0.01112;0.01968
2019-12-05;USD_OIS_SOFR_2Y;0.01135;0.01965
2019-12-06;USD_OIS_SOFR_2Y;0.011477;0.019523
2019-12-09;USD_OIS_SOFR_2Y;0.011699;0.019501
2019-12-10;USD_OIS_SOFR_2Y;0.011717;0.019283
2019-12-11;USD_OIS_SOFR_2Y;0.011732;0.019068
2019-12-12;USD_OIS_SOFR_2Y;0.011744;0.018856
2019-12-13;USD_OIS_SOFR_2Y;0.011952;0.018848
2019-12-16;USD_OIS_SOFR_2Y;0.012831;0.019569
2019-12-17;USD_OIS_SOFR_2Y;0.012107;0.018693
2019-12-18;USD_OIS_SOFR_2Y;0.012107;0.018493
2019-12-19;USD_OIS_SOFR_2Y;0.012204;0.018396
2019-12-20;USD_OIS_SOFR_2Y;0.012299;0.018301
2019-12-23;USD_OIS_SOFR_2Y;0.01229;0.01811
2019-12-24;USD_OIS_SOFR_2Y;0.012378;0.018022
2019-12-26;USD_OIS_SOFR_2Y;0.012464;0.017936
2019-12-27;USD_OIS_SOFR_2Y;0.012647;0.017953
2019-12-30;USD_OIS_SOFR_2Y;0.012827;0.017973
2019-12-31;USD_OIS_SOFR_2Y;0.013005;0.017995
2020-01-02;USD_OIS_SOFR_2Y;0.012981;0.017819
2020-01-03;USD_OIS_SOFR_2Y;0.013154;0.017846
2020-01-06;USD_OIS_SOFR_2Y;0.013225;0.017775
2020-01-07;USD_OIS_SOFR_2Y;0.013394;0.017806
2020-01-08;USD_OIS_SOFR_2Y;0.01336;0.01764
2020-01-09;USD_OIS_SOFR_2Y;0.013426;0.017574
2020-01-10;USD_OIS_SOFR_2Y;0.013489;0.017511
2020-01-13;USD_OIS_SOFR_2Y;0.013449;0.017351
2020-01-14;USD_OIS_SOFR_2Y;0.013608;0.017392
2020-01-15;USD_OIS_SOFR_2Y;0.013765;0.017435
2020-01-16;USD_OIS_SOFR_2Y;0.01372;0.01728
2020-01-17;USD_OIS_SOFR_2Y;0.013674;0.017126
2020-01-21;USD_OIS_SOFR_2Y;0.013726;0.017074
2020-01-22;USD_OIS_SOFR_2Y;0.013777;0.017023
2020-01-23;USD_OIS_SOFR_2Y;0.013827;0.016973
2020-01-24;USD_OIS_SOFR_2Y;0.013774;0.016826
2020-01-27;USD_OIS_SOFR_2Y;0.01382;0.01678
2020-01-28;USD_OIS_SOFR_2Y;0.013865;0.016735
2020-01-29;USD_OIS_SOFR_2Y;0.013909;0.016691
2020-01-30;USD_OIS_SOFR_2Y;0.014427;0.017173
2020-01-31;USD_OIS_SOFR_2Y;0.014664;0.017336
2020-02-03;USD_OIS_SOFR_2Y;0.014604;0.017196
2020-02-04;USD_OIS_SOFR_2Y;0.014742;0.017258
2020-02-05;USD_OIS_SOFR_2Y;0.01468;0.01712
2020-02-06;USD_OIS_SOFR_2Y;0.014717;0.017083
2020-02-07;USD_OIS_SOFR_2Y;0.014652;0.016948
2020-02-10;USD_OIS_SOFR_2Y;0.014687;0.016913
2020-02-11;USD_OIS_SOFR_2Y;0.014721;0.016879
2020-02-12;USD_OIS_SOFR_2Y;0.014652;0.016748
2020-02-13;USD_OIS_SOFR_2Y;0.014684;0.016716
2020-02-14;USD_OIS_SOFR_2Y;0.014814;0.016786
2020-02-18;USD_OIS_SOFR_2Y;0.015038;0.016962
2020-02-19;USD_OIS_SOFR_2Y;0.014966;0.016834
2020-02-20;USD_OIS_SOFR_2Y;0.015093;0.016907
2020-02-21;USD_OIS_SOFR_2Y;0.014914;0.016686
2020-02-24;USD_OIS_SOFR_2Y;0.014941;0.016659
2020-02-25;USD_OIS_SOFR_2Y;0.015066;0.016734
2020-02-26;USD_OIS_SOFR_2Y;0.01499;0.01661
2020-02-27;USD_OIS_SOFR_2Y;0.015014;0.016586
2020-02-28;USD_OIS_SOFR_2Y;0.015231;0.016769
2020-03-02;USD_OIS_SOFR_2Y;0.015153;0.016647
2020-03-03;USD_OIS_SOFR_2Y;0.01563;0.01717
2020-03-04;USD_OIS_SOFR_2Y;0.010043;0.014557
2020-03-05;USD_OIS_SOFR_2Y;0.008938;0.013462
2020-03-06;USD_OIS_SOFR_2Y;0.008805;0.013195
2020-03-09;USD_OIS_SOFR_2Y;0.008771;0.013029
2020-03-10;USD_OIS_SOFR_2Y;0.009033;0.013167
2020-03-11;USD_OIS_SOFR_2Y;0.009485;0.013515
2020-03-12;USD_OIS_SOFR_2Y;0.010029;0.013971
2020-03-13;USD_OIS_SOFR_2Y;0.00902;0.01298
2020-03-16;USD_OIS_SOFR_2Y;-0.002168;0.007368
2020-03-17;USD_OIS_SOFR_2Y;0.000553;0.010247
2020-03-18;USD_OIS_SOFR_2Y;-0.004226;0.006226
2020-03-19;USD_OIS_SOFR_2Y;-0.004471;0.005671
2020-03-20;USD_OIS_SOFR_2Y;-0.004517;0.005317
2020-03-23;USD_OIS_SOFR_2Y;-0.004569;0.004969
2020-03-24;USD_OIS_SOFR_2Y;-0.004524;0.004724
2020-03-25;USD_OIS_SOFR_2Y;-0.004383;0.004583
2020-03-26;USD_OIS_SOFR_2Y;-0.004246;0.004446
2020-03-27;USD_OIS_SOFR_2Y;-0.004114;0.004314
2020-03-30;USD_OIS_SOFR_2Y;-0.003985;0.004185
2020-03-31;USD_OIS_SOFR_2Y;-0.003861;0.004061
2020-04-01;USD_OIS_SOFR_2Y;-0.00374;0.00394
2020-04-02;USD_OIS_SOFR_2Y;-0.003623;0.003823
2020-04-03;USD_OIS_SOFR_2Y;-0.00351;0.00371
2020-04-06;USD_OIS_SOFR_2Y;-0.0034;0.0036
2020-04-07;USD_OIS_SOFR_2Y;-0.003293;0.003493
2020-04-08;USD_OIS_SOFR_2Y;-0.00319;0.00339
2020-04-09;USD_OIS_SOFR_2Y;-0.00309;0.00329
2020-04-13;USD_OIS_SOFR_2Y;-0.002893;0.003293
2020-04-14;USD_OIS_SOFR_2Y;-0.002406;0.003606
2020-04-15;USD_OIS_SOFR_2Y;-0.002619;0.003219
2020-04-16;USD_OIS_SOFR_2Y;-0.00253;0.00313
2020-04-17;USD_OIS_SOFR_2Y;-0.002443;0.003043
2020-04-20;USD_OIS_SOFR_2Y;-0.00246;0.00286
2020-04-21;USD_OIS_SOFR_2Y;-0.00248;0.00268
2020-04-22;USD_OIS_SOFR_2Y;-0.002401;0.002601
2020-04-23;USD_OIS_SOFR_2Y;-0.002325;0.002525
2020-04-24;USD_OIS_SOFR_2Y;-0.002053;0.002653
2020-04-27;USD_OIS_SOFR_2Y;-0.001982;0.002582
2020-04-28;USD_OIS_SOFR_2Y;-0.002115;0.002315
2020-04-29;USD_OIS_SOFR_2Y;-0.002047;0.002247
2020-04-30;USD_OIS_SOFR_2Y;-0.001688;0.002488
2020-05-01;USD_OIS_SOFR_2Y;-0.001725;0.002325
2020-05-04;USD_OIS_SOFR_2Y;-0.001466;0.002466
2020-05-05;USD_OIS_SOFR_2Y;-0.001406;0.002406
2020-05-06;USD_OIS_SOFR_2Y;-0.001348;0.002348
2020-05-07;USD_OIS_SOFR_2Y;-0.001292;0.002292
2020-05-08;USD_OIS_SOFR_2Y;-0.001138;0.002338
2020-05-11;USD_OIS_SOFR_2Y;-0.001085;0.002285
2020-05-12;USD_OIS_SOFR_2Y;-0.001033;0.002233
2020-05-13;USD_OIS_SOFR_2Y;-0.001187;0.001987
2020-05-14;USD_OIS_SOFR_2Y;-0.001342;0.001742
2020-05-15;USD_OIS_SOFR_2Y;-0.001003;0.002003
2020-05-18;USD_OIS_SOFR_2Y;-0.001059;0.001859
2020-05-19;USD_OIS_SOFR_2Y;-0.001014;0.001814
2020-05-20;USD_OIS_SOFR_2Y;-0.00128;0.00148
2020-05-21;USD_OIS_SOFR_2Y;-0.001139;0.001539
2020-05-22;USD_OIS_SOFR_2Y;-0.000902;0.001702
2020-05-26;USD_OIS_SOFR_2Y;-0.000667;0.001867
2020-05-27;USD_OIS_SOFR_2Y;-0.000628;0.001828
2020-05-28;USD_OIS_SOFR_2Y;-0.000591;0.001791
2020-05-29;USD_OIS_SOFR_2Y;-0.000554;0.001754
2020-06-01;USD_OIS_SOFR_2Y;-0.000519;0.001719
2020-06-02;USD_OIS_SOFR_2Y;-0.000386;0.001786
2020-06-03;USD_OIS_SOFR_2Y;-0.000455;0.001655
2020-06-04;USD_OIS_SOFR_2Y;-0.000324;0.001724
2020-06-05;USD_OIS_SOFR_2Y;-0.000293;0.001693
2020-06-08;USD_OIS_SOFR_2Y;-0.000262;0.001662
2020-06-09;USD_OIS_SOFR_2Y;-0.000135;0.001735
2020-06-10;USD_OIS_SOFR_2Y;-0.000208;0.001608
2020-06-11;USD_OIS_SOFR_2Y;-8.1e-05;0.001681
2020-06-12;USD_OIS_SOFR_2Y;-5.5e-05;0.001655
2020-06-15;USD_OIS_SOFR_2Y;7e-05;0.00173
2020-06-16;USD_OIS_SOFR_2Y;9.5e-05;0.001705
2020-06-17;USD_OIS_SOFR_2Y;0.00012;0.00168
2020-06-18;USD_OIS_SOFR_2Y;0.000143;0.001657
2020-06-19;USD_OIS_SOFR_2Y;0.000166;0.001634
2020-06-22;USD_OIS_SOFR_2Y;8.7e-05;0.001513
2020-06-23;USD_OIS_SOFR_2Y;7e-06;0.001393
2020-06-24;USD_OIS_SOFR_2Y;0.000126;0.001474
2020-06-25;USD_OIS_SOFR_2Y;0.000244;0.001556
2020-06-26;USD_OIS_SOFR_2Y;0.000162;0.001438
2020-06-29;USD_OIS_SOFR_2Y;0.000182;0.001418
2020-06-30;USD_OIS_SOFR_2Y;0.000391;0.001609
2020-07-01;USD_OIS_SOFR_2Y;0.000508;0.001692
2020-07-02;USD_OIS_SOFR_2Y;0.000526;0.001674
2020-07-06;USD_OIS_SOFR_2Y;0.000441;0.001559
2020-07-07;USD_OIS_SOFR_2Y;0.000458;0.001542
2020-07-08;USD_OIS_SOFR_2Y;0.000474;0.001526
2020-07-09;USD_OIS_SOFR_2Y;0.00049;0.00151
2020-07-10;USD_OIS_SOFR_2Y;0.000506;0.001494
2020-07-13;USD_OIS_SOFR_2Y;0.000521;0.001479
2020-07-14;USD_OIS_SOFR_2Y;0.000633;0.001567
2020-07-15;USD_OIS_SOFR_2Y;0.000835;0.001765
2020-07-16;USD_OIS_SOFR_2Y;0.000746;0.001654
2020-07-17;USD_OIS_SOFR_2Y;0.00076;0.00164
2020-07-20;USD_OIS_SOFR_2Y;0.000774;0.001626
2020-07-21;USD_OIS_SOFR_2Y;0.000683;0.001517
2020-07-22;USD_OIS_SOFR_2Y;0.000593;0.001407
2020-07-23;USD_OIS_SOFR_2Y;0.000605;0.001395
2020-07-24;USD_OIS_SOFR_2Y;0.000617;0.001383
2020-07-27;USD_OIS_SOFR_2Y;0.000629;0.001371
2020-07-28;USD_OIS_SOFR_2Y;0.00064;0.00136
2020-07-29;USD_OIS_SOFR_2Y;0.000547;0.001253
2020-07-30;USD_OIS_SOFR_2Y;0.000654;0.001346
2020-07-31;USD_OIS_SOFR_2Y;0.000665;0.001335
2020-08-03;USD_OIS_SOFR_2Y;0.000675;0.001325
2020-08-04;USD_OIS_SOFR_2Y;0.00058;0.00122
2020-08-05;USD_OIS_SOFR_2Y;0.00059;0.00121
2020-08-06;USD_OIS_SOFR_2Y;0.0006;0.0012
2020-08-07;USD_OIS_SOFR_2Y;0.000609;0.001191
2020-08-10;USD_OIS_SOFR_2Y;0.000618;0.001182
2020-08-11;USD_OIS_SOFR_2Y;0.000721;0.001279
2020-08-12;USD_OIS_SOFR_2Y;0.000625;0.001175
2020-08-13;USD_OIS_SOFR_2Y;0.000633;0.001167
2020-08-14;USD_OIS_SOFR_2Y;0.000641;0.001159
2020-08-17;USD_OIS_SOFR_2Y;0.000744;0.001256
2020-08-18;USD_OIS_SOFR_2Y;0.000646;0.001154
2020-08-19;USD_OIS_SOFR_2Y;0.000654;0.001146
2020-08-20;USD_OIS_SOFR_2Y;0.00044;0.00096
2020-08-21;USD_OIS_SOFR_2Y;0.000448;0.000952
2020-08-24;USD_OIS_SOFR_2Y;0.00055;0.00105
2020-08-25;USD_OIS_SOFR_2Y;0.000558;0.001042
2020-08-26;USD_OIS_SOFR_2Y;0.000459;0.000941
2020-08-27;USD_OIS_SOFR_2Y;0.000467;0.000933
2020-08-28;USD_OIS_SOFR_2Y;0.000474;0.000926
2020-08-31;USD_OIS_SOFR_2Y;0.000657;0.001143
2020-09-01;USD_OIS_SOFR_2Y;0.000665;0.001135
2020-09-02;USD_OIS_SOFR_2Y;0.000672;0.001128
2020-09-03;USD_OIS_SOFR_2Y;0.000773;0.001227
2020-09-04;USD_OIS_SOFR_2Y;0.000674;0.001126
2020-09-08;USD_OIS_SOFR_2Y;0.000681;0.001119
2020-09-09;USD_OIS_SOFR_2Y;0.000687;0.001113
2020-09-10;USD_OIS_SOFR_2Y;0.000694;0.001106
2020-09-11;USD_OIS_SOFR_2Y;0.0007;0.0011
2020-09-14;USD_OIS_SOFR_2Y;0.000706;0.001094
2020-09-15;USD_OIS_SOFR_2Y;0.000805;0.001195
2020-09-16;USD_OIS_SOFR_2Y;0.000811;0.001189
2020-09-17;USD_OIS_SOFR_2Y;0.000817;0.001183
2020-09-18;USD_OIS_SOFR_2Y;0.000715;0.001085
2020-09-21;USD_OIS_SOFR_2Y;0.000613;0.000987
2020-09-22;USD_OIS_SOFR_2Y;0.000511;0.000889
2020-09-23;USD_OIS_SOFR_2Y;0.00041;0.00079
2020-09-24;USD_OIS_SOFR_2Y;0.000509;0.000891
2020-09-25;USD_OIS_SOFR_2Y;0.000607;0.000993
2020-09-28;USD_OIS_SOFR_2Y;0.000613;0.000987
2020-09-29;USD_OIS_SOFR_2Y;0.000512;0.000888
2020-09-30;USD_OIS_SOFR_2Y;0.00061;0.00099
2020-10-01;USD_OIS_SOFR_2Y;0.000616;0.000984
2020-10-02;USD_OIS_SOFR_2Y;0.000793;0.001207
2020-10-05;USD_OIS_SOFR_2Y;0.000693;0.001107
2020-10-06;USD_OIS_SOFR_2Y;0.000793;0.001207
2020-10-07;USD_OIS_SOFR_2Y;0.000692;0.001108
2020-10-08;USD_OIS_SOFR_2Y;0.000592;0.001008
2020-10-09;USD_OIS_SOFR_2Y;0.000692;0.001108
2020-10-13;USD_OIS_SOFR_2Y;0.000698;0.001102
2020-10-14;USD_OIS_SOFR_2Y;0.000704;0.001096
2020-10-15;USD_OIS_SOFR_2Y;0.000803;0.001197
2020-10-16;USD_OIS_SOFR_2Y;0.000702;0.001098
2020-10-19;USD_OIS_SOFR_2Y;0.000708;0.001092
2020-10-20;USD_OIS_SOFR_2Y;0.000607;0.000993
2020-10-21;USD_OIS_SOFR_2Y;0.000506;0.000894
2020-10-22;USD_OIS_SOFR_2Y;0.000512;0.000888
2020-10-23;USD_OIS_SOFR_2Y;0.00061;0.00099
2020-10-26;USD_OIS_SOFR_2Y;0.000709;0.001091
2020-10-27;USD_OIS_SOFR_2Y;0.000715;0.001085
2020-10-28;USD_OIS_SOFR_2Y;0.000613;0.000987
2020-10-29;USD_OIS_SOFR_2Y;0.000711;0.001089
2020-10-30;USD_OIS_SOFR_2Y;0.000717;0.001083
2020-11-02;USD_OIS_SOFR_2Y;0.000894;0.001306
2020-11-03;USD_OIS_SOFR_2Y;0.000794;0.001206
2020-11-04;USD_OIS_SOFR_2Y;0.0008;0.0012
2020-11-05;USD_OIS_SOFR_2Y;0.0009;0.0013
2020-11-06;USD_OIS_SOFR_2Y;0.000799;0.001201
2020-11-09;USD_OIS_SOFR_2Y;0.000805;0.001195
2020-11-10;USD_OIS_SOFR_2Y;0.000811;0.001189
2020-11-12;USD_OIS_SOFR_2Y;0.000709;0.001091
2020-11-13;USD_OIS_SOFR_2Y;0.000715;0.001085
2020-11-16;USD_OIS_SOFR_2Y;0.000814;0.001186
2020-11-17;USD_OIS_SOFR_2Y;0.000712;0.001088
2020-11-18;USD_OIS_SOFR_2Y;0.00049;0.00091
2020-11-19;USD_OIS_SOFR_2Y;0.00039;0.00081
2020-11-20;USD_OIS_SOFR_2Y;0.00029;0.00071
2020-11-23;USD_OIS_SOFR_2Y;0.000296;0.000704
2020-11-24;USD_OIS_SOFR_2Y;0.000477;0.000923
2020-11-25;USD_OIS_SOFR_2Y;0.000577;0.001023
2020-11-27;USD_OIS_SOFR_2Y;0.000584;0.001016
2020-11-30;USD_OIS_SOFR_2Y;0.000684;0.001116
2020-12-01;USD_OIS_SOFR_2Y;0.000585;0.001015
2020-12-02;USD_OIS_SOFR_2Y;0.000591;0.001009
2020-12-03;USD_OIS_SOFR_2Y;0.000598;0.001002
2020-12-04;USD_OIS_SOFR_2Y;0.000697;0.001103
2020-12-07;USD_OIS_SOFR_2Y;0.000596;0.001004
2020-12-08;USD_OIS_SOFR_2Y;0.000496;0.000904
2020-12-09;USD_OIS_SOFR_2Y;0.000595;0.001005
2020-12-10;USD_OIS_SOFR_2Y;0.000602;0.000998
2020-12-11;USD_OIS_SOFR_2Y;0.000608;0.000992
2020-12-14;USD_OIS_SOFR_2Y;0.000614;0.000986
2020-12-15;USD_OIS_SOFR_2Y;0.000712;0.001088
2020-12-16;USD_OIS_SOFR_2Y;0.000718;0.001082
2020-12-17;USD_OIS_SOFR_2Y;0.000723;0.001077
2020-12-18;USD_OIS_SOFR_2Y;0.000729;0.001071
2020-12-21;USD_OIS_SOFR_2Y;0.000734;0.001066
2020-12-22;USD_OIS_SOFR_2Y;0.000508;0.000892
2020-12-23;USD_OIS_SOFR_2Y;0.000407;0.000793
2020-12-24;USD_OIS_SOFR_2Y;0.000586;0.001014
2020-12-28;USD_OIS_SOFR_2Y;0.000686;0.001114
2020-12-29;USD_OIS_SOFR_2Y;0.000786;0.001214
2020-12-30;USD_OIS_SOFR_2Y;0.000686;0.001114
2020-12-31;USD_OIS_SOFR_2Y;0.000468;0.000932
2021-01-04;USD_OIS_SOFR_2Y;0.000726;0.001274
2021-01-05;USD_OIS_SOFR_2Y;0.00083;0.00137
2021-01-06;USD_OIS_SOFR_2Y;0.000733;0.001267
2021-01-07;USD_OIS_SOFR_2Y;0.000741;0.001259
2021-01-08;USD_OIS_SOFR_2Y;0.000644;0.001156
2021-01-11;USD_OIS_SOFR_2Y;0.000651;0.001149
2021-01-12;USD_OIS_SOFR_2Y;0.000553;0.001047
2021-01-13;USD_OIS_SOFR_2Y;0.000561;0.001039
2021-01-14;USD_OIS_SOFR_2Y;0.000568;0.001032
2021-01-15;USD_OIS_SOFR_2Y;0.000575;0.001025
2021-01-19;USD_OIS_SOFR_2Y;0.000476;0.000924
2021-01-20;USD_OIS_SOFR_2Y;0.000377;0.000823
2021-01-21;USD_OIS_SOFR_2Y;0.00016;0.00064
2021-01-22;USD_OIS_SOFR_2Y;0.000261;0.000739
2021-01-25;USD_OIS_SOFR_2Y;0.000363;0.000837
2021-01-26;USD_OIS_SOFR_2Y;2.2e-05;0.000578
2021-01-27;USD_OIS_SOFR_2Y;3.1e-05;0.000569
2021-01-28;USD_OIS_SOFR_2Y;0.000134;0.000666
2021-01-29;USD_OIS_SOFR_2Y;0.000322;0.000878
2021-02-01;USD_OIS_SOFR_2Y;0.000425;0.000975
2021-02-02;USD_OIS_SOFR_2Y;0.000434;0.000966
2021-02-03;USD_OIS_SOFR_2Y;0.000442;0.000958
2021-02-04;USD_OIS_SOFR_2Y;0.000229;0.000771
2021-02-05;USD_OIS_SOFR_2Y;-0.000106;0.000506
2021-02-08;USD_OIS_SOFR_2Y;-9.6e-05;0.000496
2021-02-09;USD_OIS_SOFR_2Y;0.000173;0.000827
2021-02-10;USD_OIS_SOFR_2Y;0.000279;0.000921
2021-02-11;USD_OIS_SOFR_2Y;0.000289;0.000911
2021-02-12;USD_OIS_SOFR_2Y;0.000194;0.000806
2021-02-16;USD_OIS_SOFR_2Y;0.000299;0.000901
2021-02-17;USD_OIS_SOFR_2Y;0.000308;0.000892
2021-02-18;USD_OIS_SOFR_2Y;-2.3e-05;0.000623
2021-02-19;USD_OIS_SOFR_2Y;-0.000118;0.000518
2021-02-22;USD_OIS_SOFR_2Y;-1.2e-05;0.000612
2021-02-23;USD_OIS_SOFR_2Y;-0.00022;0.00042
2021-02-24;USD_OIS_SOFR_2Y;-0.000115;0.000515
2021-02-25;USD_OIS_SOFR_2Y;-1e-05;0.00061
2021-02-26;USD_OIS_SOFR_2Y;-0.000218;0.000418
2021-03-01;USD_OIS_SOFR_2Y;-0.000112;0.000512
2021-03-02;USD_OIS_SOFR_2Y;8e-05;0.00072
2021-03-03;USD_OIS_SOFR_2Y;9e-05;0.00071
2021-03-04;USD_OIS_SOFR_2Y;-0.000118;0.000518
2021-03-05;USD_OIS_SOFR_2Y;-0.000109;0.000509
2021-03-08;USD_OIS_SOFR_2Y;-9.9e-05;0.000499
2021-03-09;USD_OIS_SOFR_2Y;-9e-05;0.00049
2021-03-10;USD_OIS_SOFR_2Y;-8.1e-05;0.000481
2021-03-11;USD_OIS_SOFR_2Y;-0.000178;0.000378
2021-03-12;USD_OIS_SOFR_2Y;-0.000169;0.000369
2021-03-15;USD_OIS_SOFR_2Y;-0.000161;0.000361
2021-03-16;USD_OIS_SOFR_2Y;-0.000153;0.000353
2021-03-17;USD_OIS_SOFR_2Y;-0.000145;0.000345
2021-03-18;USD_OIS_SOFR_2Y;-0.000138;0.000338
2021-03-19;USD_OIS_SOFR_2Y;-0.000131;0.000331
2021-03-22;USD_OIS_SOFR_2Y;-0.000124;0.000324
2021-03-23;USD_OIS_SOFR_2Y;-0.000117;0.000317
2021-03-24;USD_OIS_SOFR_2Y;-0.00011;0.00031
2021-03-25;USD_OIS_SOFR_2Y;-0.000104;0.000304
2021-03-26;USD_OIS_SOFR_2Y;-9.8e-05;0.000298
2021-03-29;USD_OIS_SOFR_2Y;-9.2e-05;0.000292
2021-03-30;USD_OIS_SOFR_2Y;-8.6e-05;0.000286
2021-03-31;USD_OIS_SOFR_2Y;-8e-05;0.00028
2021-04-01;USD_OIS_SOFR_2Y;-7.5e-05;0.000275
2021-04-05;USD_OIS_SOFR_2Y;-6.9e-05;0.000269
2021-04-06;USD_OIS_SOFR_2Y;-6.4e-05;0.000264
2021-04-07;USD_OIS_SOFR_2Y;-5.9e-05;0.000259
2021-04-08;USD_OIS_SOFR_2Y;-5.4e-05;0.000254
2021-04-09;USD_OIS_SOFR_2Y;-5e-05;0.00025
2021-04-12;USD_OIS_SOFR_2Y;-4.5e-05;0.000245
2021-04-13;USD_OIS_SOFR_2Y;-4.1e-05;0.000241
2021-04-14;USD_OIS_SOFR_2Y;-3.6e-05;0.000236
2021-04-15;USD_OIS_SOFR_2Y;-3.2e-05;0.000232
2021-04-16;USD_OIS_SOFR_2Y;-2.8e-05;0.000228
2021-04-19;USD_OIS_SOFR_2Y;-2.4e-05;0.000224
2021-04-20;USD_OIS_SOFR_2Y;-2e-05;0.00022
2021-04-21;USD_OIS_SOFR_2Y;-1.7e-05;0.000217
2021-04-22;USD_OIS_SOFR_2Y;-1.3e-05;0.000213
2021-04-23;USD_OIS_SOFR_2Y;-1e-05;0.00021
2021-04-26;USD_OIS_SOFR_2Y;-6e-06;0.000206
2021-04-27;USD_OIS_SOFR_2Y;-3e-06;0.000203
2021-04-28;USD_OIS_SOFR_2Y;-0.0;0.0002
2021-04-29;USD_OIS_SOFR_2Y;0.0;0.0002
2021-04-30;USD_OIS_SOFR_2Y;0.0;0.0002
2021-05-03;USD_OIS_SOFR_2Y;0.0;0.0002
2021-05-04;USD_OIS_SOFR_2Y;0.0;0.0002
2021-05-05;USD_OIS_SOFR_2Y;0.0;0.0002
2021-05-06;USD_OIS_SOFR_2Y;0.0;0.0002
2021-05-07;USD_OIS_SOFR_2Y;0.0;0.0002
2021-05-10;USD_OIS_SOFR_2Y;0.0;0.0002
2021-05-11;USD_OIS_SOFR_2Y;0.0;0.0002
2021-05-12;USD_OIS_SOFR_2Y;0.0;0.0002
2021-05-13;USD_OIS_SOFR_2Y;0.0;0.0002
2021-05-14;USD_OIS_SOFR_2Y;0.0;0.0002
2021-05-17;USD_OIS_SOFR_2Y;0.0;0.0002
2021-05-18;USD_OIS_SOFR_2Y;0.0;0.0002
2021-05-19;USD_OIS_SOFR_2Y;0.0;0.0002
2021-05-20;USD_OIS_SOFR_2Y;0.0;0.0002
2021-05-21;USD_OIS_SOFR_2Y;0.0;0.0002
2021-05-24;USD_OIS_SOFR_2Y;0.0;0.0002
2021-05-25;USD_OIS_SOFR_2Y;0.0;0.0002
2021-05-26;USD_OIS_SOFR_2Y;0.0;0.0002
2021-05-27;USD_OIS_SOFR_2Y;0.0;0.0002
2021-05-28;USD_OIS_SOFR_2Y;0.0;0.0002
2021-06-01;USD_OIS_SOFR_2Y;0.0;0.0002
2021-06-02;USD_OIS_SOFR_2Y;0.0;0.0002
2021-06-03;USD_OIS_SOFR_2Y;0.0;0.0002
2021-06-04;USD_OIS_SOFR_2Y;0.0;0.0002
2021-06-07;USD_OIS_SOFR_2Y;0.0;0.0002
2021-06-08;USD_OIS_SOFR_2Y;0.0;0.0002
2021-06-09;USD_OIS_SOFR_2Y;0.0;0.0002
2021-06-10;USD_OIS_SOFR_2Y;0.0;0.0002
2021-06-11;USD_OIS_SOFR_2Y;0.0;0.0002
2021-06-14;USD_OIS_SOFR_2Y;0.0;0.0002
2021-06-15;USD_OIS_SOFR_2Y;0.0;0.0002
2021-06-16;USD_OIS_SOFR_2Y;0.0;0.0002
2021-06-17;USD_OIS_SOFR_2Y;0.000289;0.000711
2021-06-18;USD_OIS_SOFR_2Y;0.000296;0.000704
2021-06-21;USD_OIS_SOFR_2Y;0.000302;0.000698
2021-06-22;USD_OIS_SOFR_2Y;0.000308;0.000692
2021-06-23;USD_OIS_SOFR_2Y;0.000314;0.000686
2021-06-24;USD_OIS_SOFR_2Y;0.00032;0.00068
2021-06-25;USD_OIS_SOFR_2Y;0.000325;0.000675
2021-06-28;USD_OIS_SOFR_2Y;0.00033;0.00067
2021-06-29;USD_OIS_SOFR_2Y;0.000336;0.000664
2021-06-30;USD_OIS_SOFR_2Y;0.000341;0.000659
2021-07-01;USD_OIS_SOFR_2Y;0.000345;0.000655
2021-07-02;USD_OIS_SOFR_2Y;0.00035;0.00065
2021-07-06;USD_OIS_SOFR_2Y;0.000355;0.000645
2021-07-07;USD_OIS_SOFR_2Y;0.000359;0.000641
2021-07-08;USD_OIS_SOFR_2Y;0.000363;0.000637
2021-07-09;USD_OIS_SOFR_2Y;0.000368;0.000632
2021-07-12;USD_OIS_SOFR_2Y;0.000372;0.000628
2021-07-13;USD_OIS_SOFR_2Y;0.000376;0.000624
2021-07-14;USD_OIS_SOFR_2Y;0.000379;0.000621
2021-07-15;USD_OIS_SOFR_2Y;0.000383;0.000617
2021-07-16;USD_OIS_SOFR_2Y;0.000387;0.000613
2021-07-19;USD_OIS_SOFR_2Y;0.00039;0.00061
2021-07-20;USD_OIS_SOFR_2Y;0.000393;0.000607
2021-07-21;USD_OIS_SOFR_2Y;0.000397;0.000603
2021-07-22;USD_OIS_SOFR_2Y;0.0004;0.0006
2021-07-23;USD_OIS_SOFR_2Y;0.0004;0.0006
2021-07-26;USD_OIS_SOFR_2Y;0.0004;0.0006
2021-07-27;USD_OIS_SOFR_2Y;0.0004;0.0006
2021-07-28;USD_OIS_SOFR_2Y;0.0004;0.0006
2021-07-29;USD_OIS_SOFR_2Y;0.0004;0.0006
2021-07-30;USD_OIS_SOFR_2Y;0.0004;0.0006
2021-08-02;USD_OIS_SOFR_2Y;0.0004;0.0006
2021-08-03;USD_OIS_SOFR_2Y;0.0004;0.0006
2021-08-04;USD_OIS_SOFR_2Y;0.0004;0.0006
2021-08-05;USD_OIS_SOFR_2Y;0.0004;0.0006
2021-08-06;USD_OIS_SOFR_2Y;0.0004;0.0006
2021-08-09;USD_OIS_SOFR_2Y;0.0004;0.0006
2021-08-10;USD_OIS_SOFR_2Y;0.0004;0.0006
2021-08-11;USD_OIS_SOFR_2Y;0.0004;0.0006
2021-08-12;USD_OIS_SOFR_2Y;0.0004;0.0006
2021-08-13;USD_OIS_SOFR_2Y;0.0004;0.0006
2021-08-16;USD_OIS_SOFR_2Y;0.0004;0.0006
2021-08-17;USD_OIS_SOFR_2Y;0.0004;0.0006
2021-08-18;USD_OIS_SOFR_2Y;0.0004;0.0006
2021-08-19;USD_OIS_SOFR_2Y;0.0004;0.0006
2021-08-20;USD_OIS_SOFR_2Y;0.0004;0.0006
2021-08-23;USD_OIS_SOFR_2Y;0.0004;0.0006
2021-08-24;USD_OIS_SOFR_2Y;0.0004;0.0006
2021-08-25;USD_OIS_SOFR_2Y;0.0004;0.0006
2021-08-26;USD_OIS_SOFR_2Y;0.0004;0.0006
2021-08-27;USD_OIS_SOFR_2Y;0.0004;0.0006
2021-08-30;USD_OIS_SOFR_2Y;0.0004;0.0006
2021-08-31;USD_OIS_SOFR_2Y;0.0004;0.0006
2021-09-01;USD_OIS_SOFR_2Y;0.0004;0.0006
2021-09-02;USD_OIS_SOFR_2Y;0.0004;0.0006
2021-09-03;USD_OIS_SOFR_2Y;0.0004;0.0006
2021-09-07;USD_OIS_SOFR_2Y;0.0004;0.0006
2021-09-08;USD_OIS_SOFR_2Y;0.0004;0.0006
2021-09-09;USD_OIS_SOFR_2Y;0.0004;0.0006
2021-09-10;USD_OIS_SOFR_2Y;0.0004;0.0006
2021-09-13;USD_OIS_SOFR_2Y;0.0004;0.0006
2021-09-14;USD_OIS_SOFR_2Y;0.0004;0.0006
2021-09-15;USD_OIS_SOFR_2Y;0.0004;0.0006
2021-09-16;USD_OIS_SOFR_2Y;0.0004;0.0006
2021-09-17;USD_OIS_SOFR_2Y;0.0004;0.0006
2021-09-20;USD_OIS_SOFR_2Y;0.0004;0.0006
2021-09-21;USD_OIS_SOFR_2Y;0.0004;0.0006
2021-09-22;USD_OIS_SOFR_2Y;0.0004;0.0006
2021-09-23;USD_OIS_SOFR_2Y;0.0004;0.0006
2021-09-24;USD_OIS_SOFR_2Y;0.0004;0.0006
2021-09-27;USD_OIS_SOFR_2Y;0.0004;0.0006
2021-09-28;USD_OIS_SOFR_2Y;0.0004;0.0006
2021-09-29;USD_OIS_SOFR_2Y;0.0004;0.0006
2021-09-30;USD_OIS_SOFR_2Y;0.0004;0.0006
2021-10-01;USD_OIS_SOFR_2Y;0.0004;0.0006
2021-10-04;USD_OIS_SOFR_2Y;0.0004;0.0006
2021-10-05;USD_OIS_SOFR_2Y;0.0004;0.0006
2021-10-06;USD_OIS_SOFR_2Y;0.0004;0.0006
2021-10-07;USD_OIS_SOFR_2Y;0.0004;0.0006
2021-10-08;USD_OIS_SOFR_2Y;0.0004;0.0006
2021-10-12;USD_OIS_SOFR_2Y;0.0004;0.0006
2021-10-13;USD_OIS_SOFR_2Y;0.0004;0.0006
2021-10-14;USD_OIS_SOFR_2Y;0.0004;0.0006
2021-10-15;USD_OIS_SOFR_2Y;0.0004;0.0006
2021-10-18;USD_OIS_SOFR_2Y;0.0004;0.0006
2021-10-19;USD_OIS_SOFR_2Y;0.000195;0.000405
2021-10-20;USD_OIS_SOFR_2Y;0.000198;0.000402
2021-10-21;USD_OIS_SOFR_2Y;0.0002;0.0004
2021-10-22;USD_OIS_SOFR_2Y;0.000359;0.000641
2021-10-25;USD_OIS_SOFR_2Y;0.000253;0.000547
2021-10-26;USD_OIS_SOFR_2Y;0.000349;0.000651
2021-10-27;USD_OIS_SOFR_2Y;0.000353;0.000647
2021-10-28;USD_OIS_SOFR_2Y;0.000358;0.000642
2021-10-29;USD_OIS_SOFR_2Y;0.000362;0.000638
2021-11-01;USD_OIS_SOFR_2Y;0.000366;0.000634
2021-11-02;USD_OIS_SOFR_2Y;0.00037;0.00063
2021-11-03;USD_OIS_SOFR_2Y;0.000374;0.000626
2021-11-04;USD_OIS_SOFR_2Y;0.000378;0.000622
2021-11-05;USD_OIS_SOFR_2Y;0.000382;0.000618
2021-11-08;USD_OIS_SOFR_2Y;0.000386;0.000614
2021-11-09;USD_OIS_SOFR_2Y;0.000389;0.000611
2021-11-10;USD_OIS_SOFR_2Y;0.000392;0.000608
2021-11-12;USD_OIS_SOFR_2Y;0.000396;0.000604
2021-11-15;USD_OIS_SOFR_2Y;0.000399;0.000601
2021-11-16;USD_OIS_SOFR_2Y;0.0004;0.0006
2021-11-17;USD_OIS_SOFR_2Y;0.0004;0.0006
2021-11-18;USD_OIS_SOFR_2Y;0.0004;0.0006
2021-11-19;USD_OIS_SOFR_2Y;0.0004;0.0006
2021-11-22;USD_OIS_SOFR_2Y;0.0004;0.0006
2021-11-23;USD_OIS_SOFR_2Y;0.0004;0.0006
2021-11-24;USD_OIS_SOFR_2Y;0.0004;0.0006
2021-11-26;USD_OIS_SOFR_2Y;0.0004;0.0006
2021-11-29;USD_OIS_SOFR_2Y;0.0004;0.0006
2021-11-30;USD_OIS_SOFR_2Y;0.0004;0.0006
2021-12-01;USD_OIS_SOFR_2Y;0.0004;0.0006
2021-12-02;USD_OIS_SOFR_2Y;0.0004;0.0006
2021-12-03;USD_OIS_SOFR_2Y;0.0004;0.0006
2021-12-06;USD_OIS_SOFR_2Y;0.0004;0.0006
2021-12-07;USD_OIS_SOFR_2Y;0.0004;0.0006
2021-12-08;USD_OIS_SOFR_2Y;0.0004;0.0006
2021-12-09;USD_OIS_SOFR_2Y;0.0004;0.0006
2021-12-10;USD_OIS_SOFR_2Y;0.0004;0.0006
2021-12-13;USD_OIS_SOFR_2Y;0.0004;0.0006
2021-12-14;USD_OIS_SOFR_2Y;0.0004;0.0006
2021-12-15;USD_OIS_SOFR_2Y;0.0004;0.0006
2021-12-16;USD_OIS_SOFR_2Y;0.0004;0.0006
2021-12-17;USD_OIS_SOFR_2Y;0.0004;0.0006
2021-12-20;USD_OIS_SOFR_2Y;0.0003;0.0005
2021-12-21;USD_OIS_SOFR_2Y;0.0004;0.0006
2021-12-22;USD_OIS_SOFR_2Y;0.0004;0.0006
2021-12-23;USD_OIS_SOFR_2Y;0.0004;0.0006
2021-12-27;USD_OIS_SOFR_2Y;0.0004;0.0006
2021-12-28;USD_OIS_SOFR_2Y;0.0004;0.0006
2021-12-29;USD_OIS_SOFR_2Y;0.0004;0.0006
2021-12-30;USD_OIS_SOFR_2Y;0.0004;0.0006
2021-12-31;USD_OIS_SOFR_2Y;0.0004;0.0006
2022-01-03;USD_OIS_SOFR_2Y;0.0004;0.0006
2022-01-04;USD_OIS_SOFR_2Y;0.0004;0.0006
2022-01-05;USD_OIS_SOFR_2Y;0.0004;0.0006
2022-01-06;USD_OIS_SOFR_2Y;0.0004;0.0006
2022-01-07;USD_OIS_SOFR_2Y;0.0004;0.0006
2022-01-10;USD_OIS_SOFR_2Y;0.0004;0.0006
2022-01-11;USD_OIS_SOFR_2Y;0.0004;0.0006
2022-01-12;USD_OIS_SOFR_2Y;0.0004;0.0006
2022-01-13;USD_OIS_SOFR_2Y;0.0004;0.0006
2022-01-14;USD_OIS_SOFR_2Y;0.0004;0.0006
2022-01-18;USD_OIS_SOFR_2Y;0.0004;0.0006
2022-01-19;USD_OIS_SOFR_2Y;0.0004;0.0006
2022-01-20;USD_OIS_SOFR_2Y;0.0003;0.0005
2022-01-21;USD_OIS_SOFR_2Y;0.0004;0.0006
2022-01-24;USD_OIS_SOFR_2Y;0.0003;0.0005
2022-01-25;USD_OIS_SOFR_2Y;0.000392;0.000608
2022-01-26;USD_OIS_SOFR_2Y;0.000283;0.000517
2022-01-27;USD_OIS_SOFR_2Y;0.000287;0.000513
2022-01-28;USD_OIS_SOFR_2Y;0.000378;0.000622
2022-01-31;USD_OIS_SOFR_2Y;0.000382;0.000618
2022-02-01;USD_OIS_SOFR_2Y;0.000386;0.000614
2022-02-02;USD_OIS_SOFR_2Y;0.000389;0.000611
2022-02-03;USD_OIS_SOFR_2Y;0.000393;0.000607
2022-02-04;USD_OIS_SOFR_2Y;0.000396;0.000604
2022-02-07;USD_OIS_SOFR_2Y;0.000399;0.000601
2022-02-08;USD_OIS_SOFR_2Y;0.0004;0.0006
2022-02-09;USD_OIS_SOFR_2Y;0.000292;0.000508
2022-02-10;USD_OIS_SOFR_2Y;0.000383;0.000617
2022-02-11;USD_OIS_SOFR_2Y;0.000387;0.000613
2022-02-14;USD_OIS_SOFR_2Y;0.00039;0.00061
2022-02-15;USD_OIS_SOFR_2Y;0.000393;0.000607
2022-02-16;USD_OIS_SOFR_2Y;0.000397;0.000603
2022-02-17;USD_OIS_SOFR_2Y;0.0004;0.0006
2022-02-18;USD_OIS_SOFR_2Y;0.0004;0.0006
2022-02-22;USD_OIS_SOFR_2Y;0.0004;0.0006
2022-02-23;USD_OIS_SOFR_2Y;0.0004;0.0006
2022-02-24;USD_OIS_SOFR_2Y;0.0004;0.0006
2022-02-25;USD_OIS_SOFR_2Y;0.0004;0.0006
2022-02-28;USD_OIS_SOFR_2Y;0.0004;0.0006
2022-03-01;USD_OIS_SOFR_2Y;0.0004;0.0006
2022-03-02;USD_OIS_SOFR_2Y;0.0004;0.0006
2022-03-03;USD_OIS_SOFR_2Y;0.0004;0.0006
2022-03-04;USD_OIS_SOFR_2Y;0.0004;0.0006
2022-03-07;USD_OIS_SOFR_2Y;0.0004;0.0006
2022-03-08;USD_OIS_SOFR_2Y;0.0004;0.0006
2022-03-09;USD_OIS_SOFR_2Y;0.0004;0.0006
2022-03-10;USD_OIS_SOFR_2Y;0.0004;0.0006
2022-03-11;USD_OIS_SOFR_2Y;0.0004;0.0006
2022-03-14;USD_OIS_SOFR_2Y;0.0004;0.0006
2022-03-15;USD_OIS_SOFR_2Y;0.0004;0.0006
2022-03-16;USD_OIS_SOFR_2Y;0.0004;0.0006
2022-03-17;USD_OIS_SOFR_2Y;0.0017;0.0043
2022-03-18;USD_OIS_SOFR_2Y;0.001739;0.004261
2022-03-21;USD_OIS_SOFR_2Y;0.001677;0.004123
2022-03-22;USD_OIS_SOFR_2Y;0.001613;0.003987
2022-03-23;USD_OIS_SOFR_2Y;0.001548;0.003852
2022-03-24;USD_OIS_SOFR_2Y;0.001583;0.003817
2022-03-25;USD_OIS_SOFR_2Y;0.001716;0.003884
2022-03-28;USD_OIS_SOFR_2Y;0.001749;0.003851
2022-03-29;USD_OIS_SOFR_2Y;0.001781;0.003819
2022-03-30;USD_OIS_SOFR_2Y;0.00171;0.00369
2022-03-31;USD_OIS_SOFR_2Y;0.001935;0.003865
2022-04-01;USD_OIS_SOFR_2Y;0.002063;0.003937
2022-04-04;USD_OIS_SOFR_2Y;0.002091;0.003909
2022-04-05;USD_OIS_SOFR_2Y;0.002119;0.003881
2022-04-06;USD_OIS_SOFR_2Y;0.002146;0.003854
2022-04-07;USD_OIS_SOFR_2Y;0.002172;0.003828
2022-04-08;USD_OIS_SOFR_2Y;0.002197;0.003803
2022-04-11;USD_OIS_SOFR_2Y;0.002222;0.003778
2022-04-12;USD_OIS_SOFR_2Y;0.002144;0.003656
2022-04-13;USD_OIS_SOFR_2Y;0.002167;0.003633
2022-04-14;USD_OIS_SOFR_2Y;0.002189;0.003611
2022-04-18;USD_OIS_SOFR_2Y;0.002211;0.003589
2022-04-19;USD_OIS_SOFR_2Y;0.00213;0.00347
2022-04-20;USD_OIS_SOFR_2Y;0.002048;0.003352
2022-04-21;USD_OIS_SOFR_2Y;0.001966;0.003234
2022-04-22;USD_OIS_SOFR_2Y;0.002083;0.003317
2022-04-25;USD_OIS_SOFR_2Y;0.002102;0.003298
2022-04-26;USD_OIS_SOFR_2Y;0.00212;0.00328
2022-04-27;USD_OIS_SOFR_2Y;0.002235;0.003365
2022-04-28;USD_OIS_SOFR_2Y;0.002252;0.003348
2022-04-29;USD_OIS_SOFR_2Y;0.002269;0.003331
2022-05-02;USD_OIS_SOFR_2Y;0.002475;0.003525
2022-05-03;USD_OIS_SOFR_2Y;0.002491;0.003509
2022-05-04;USD_OIS_SOFR_2Y;0.002506;0.003494
2022-05-05;USD_OIS_SOFR_2Y;0.005309;0.010491
2022-05-06;USD_OIS_SOFR_2Y;0.005288;0.010312
2022-05-09;USD_OIS_SOFR_2Y;0.005364;0.010236
2022-05-10;USD_OIS_SOFR_2Y;0.005438;0.010162
2022-05-11;USD_OIS_SOFR_2Y;0.00551;0.01009
2022-05-12;USD_OIS_SOFR_2Y;0.00568;0.01012
2022-05-13;USD_OIS_SOFR_2Y;0.005747;0.010053
2022-05-16;USD_OIS_SOFR_2Y;0.005912;0.010088
2022-05-17;USD_OIS_SOFR_2Y;0.005976;0.010024
2022-05-18;USD_OIS_SOFR_2Y;0.005937;0.009863
2022-05-19;USD_OIS_SOFR_2Y;0.005996;0.009804
2022-05-20;USD_OIS_SOFR_2Y;0.005954;0.009646
2022-05-23;USD_OIS_SOFR_2Y;0.00601;0.00959
2022-05-24;USD_OIS_SOFR_2Y;0.006065;0.009535
2022-05-25;USD_OIS_SOFR_2Y;0.006117;0.009483
2022-05-26;USD_OIS_SOFR_2Y;0.006169;0.009431
2022-05-27;USD_OIS_SOFR_2Y;0.006218;0.009382
2022-05-31;USD_OIS_SOFR_2Y;0.006366;0.009434
2022-06-01;USD_OIS_SOFR_2Y;0.006511;0.009489
2022-06-02;USD_OIS_SOFR_2Y;0.006456;0.009344
2022-06-03;USD_OIS_SOFR_2Y;0.006399;0.009201
2022-06-06;USD_OIS_SOFR_2Y;0.006442;0.009158
2022-06-07;USD_OIS_SOFR_2Y;0.006382;0.009018
2022-06-08;USD_OIS_SOFR_2Y;0.006321;0.008879
2022-06-09;USD_OIS_SOFR_2Y;0.006259;0.008741
2022-06-10;USD_OIS_SOFR_2Y;0.006297;0.008703
2022-06-13;USD_OIS_SOFR_2Y;0.006129;0.008471
2022-06-14;USD_OIS_SOFR_2Y;0.005746;0.008054
2022-06-15;USD_OIS_SOFR_2Y;0.00588;0.00812
2022-06-16;USD_OIS_SOFR_2Y;0.010454;0.018546
2022-06-17;USD_OIS_SOFR_2Y;0.010578;0.018422
2022-06-21;USD_OIS_SOFR_2Y;0.010697;0.018303
2022-06-22;USD_OIS_SOFR_2Y;0.010813;0.018187
2022-06-23;USD_OIS_SOFR_2Y;0.010825;0.017975
2022-06-24;USD_OIS_SOFR_2Y;0.011132;0.018068
2022-06-27;USD_OIS_SOFR_2Y;0.011631;0.018369
2022-06-28;USD_OIS_SOFR_2Y;0.011932;0.018468
2022-06-29;USD_OIS_SOFR_2Y;0.011932;0.018268
2022-06-30;USD_OIS_SOFR_2Y;0.011928;0.018072
2022-07-01;USD_OIS_SOFR_2Y;0.012219;0.018181
2022-07-05;USD_OIS_SOFR_2Y;0.012508;0.018292
2022-07-06;USD_OIS_SOFR_2Y;0.012596;0.018204
2022-07-07;USD_OIS_SOFR_2Y;0.012682;0.018118
2022-07-08;USD_OIS_SOFR_2Y;0.012664;0.017936
2022-07-11;USD_OIS_SOFR_2Y;0.012744;0.017856
2022-07-12;USD_OIS_SOFR_2Y;0.012922;0.017878
2022-07-13;USD_OIS_SOFR_2Y;0.012897;0.017703
2022-07-14;USD_OIS_SOFR_2Y;0.01297;0.01763
2022-07-15;USD_OIS_SOFR_2Y;0.01314;0.01766
2022-07-18;USD_OIS_SOFR_2Y;0.013209;0.017591
2022-07-19;USD_OIS_SOFR_2Y;0.013276;0.017524
2022-07-20;USD_OIS_SOFR_2Y;0.01324;0.01736
2022-07-21;USD_OIS_SOFR_2Y;0.013303;0.017297
2022-07-22;USD_OIS_SOFR_2Y;0.013263;0.017137
2022-07-25;USD_OIS_SOFR_2Y;0.013421;0.017179
2022-07-26;USD_OIS_SOFR_2Y;0.013478;0.017122
2022-07-27;USD_OIS_SOFR_2Y;0.013534;0.017066
2022-07-28;USD_OIS_SOFR_2Y;0.018543;0.027057
2022-07-29;USD_OIS_SOFR_2Y;0.018573;0.026827
2022-08-01;USD_OIS_SOFR_2Y;0.018798;0.026802
2022-08-02;USD_OIS_SOFR_2Y;0.019119;0.026881
2022-08-03;USD_OIS_SOFR_2Y;0.019136;0.026664
2022-08-04;USD_OIS_SOFR_2Y;0.019251;0.026549
2022-08-05;USD_OIS_SOFR_2Y;0.019262;0.026338
2022-08-08;USD_OIS_SOFR_2Y;0.01937;0.02623
2022-08-09;USD_OIS_SOFR_2Y;0.019574;0.026226
2022-08-10;USD_OIS_SOFR_2Y;0.019575;0.026025
2022-08-11;USD_OIS_SOFR_2Y;0.019673;0.025927
2022-08-12;USD_OIS_SOFR_2Y;0.019768;0.025832
2022-08-15;USD_OIS_SOFR_2Y;0.01996;0.02584
2022-08-16;USD_OIS_SOFR_2Y;0.02005;0.02575
2022-08-17;USD_OIS_SOFR_2Y;0.020136;0.025664
2022-08-18;USD_OIS_SOFR_2Y;0.02012;0.02548
2022-08-19;USD_OIS_SOFR_2Y;0.020202;0.025398
2022-08-22;USD_OIS_SOFR_2Y;0.020281;0.025319
2022-08-23;USD_OIS_SOFR_2Y;0.020257;0.025143
2022-08-24;USD_OIS_SOFR_2Y;0.020332;0.025068
2022-08-25;USD_OIS_SOFR_2Y;0.020503;0.025097
2022-08-26;USD_OIS_SOFR_2Y;0.020573;0.025027
2022-08-29;USD_OIS_SOFR_2Y;0.020641;0.024959
2022-08-30;USD_OIS_SOFR_2Y;0.020806;0.024994
2022-08-31;USD_OIS_SOFR_2Y;0.02087;0.02493
2022-09-01;USD_OIS_SOFR_2Y;0.020932;0.024868
2022-09-02;USD_OIS_SOFR_2Y;0.020992;0.024808
2022-09-06;USD_OIS_SOFR_2Y;0.02105;0.02475
2022-09-07;USD_OIS_SOFR_2Y;0.021005;0.024595
2022-09-08;USD_OIS_SOFR_2Y;0.02106;0.02454
2022-09-09;USD_OIS_SOFR_2Y;0.021113;0.024487
2022-09-12;USD_OIS_SOFR_2Y;0.021164;0.024436
2022-09-13;USD_OIS_SOFR_2Y;0.021214;0.024386
2022-09-14;USD_OIS_SOFR_2Y;0.021162;0.024238
2022-09-15;USD_OIS_SOFR_2Y;0.021308;0.024292
2022-09-16;USD_OIS_SOFR_2Y;0.021252;0.024148
2022-09-19;USD_OIS_SOFR_2Y;0.021296;0.024104
2022-09-20;USD_OIS_SOFR_2Y;0.021238;0.023962
2022-09-21;USD_OIS_SOFR_2Y;0.021179;0.023821
2022-09-22;USD_OIS_SOFR_2Y;0.025847;0.033953
2022-09-23;USD_OIS_SOFR_2Y;0.02597;0.03383
2022-09-26;USD_OIS_SOFR_2Y;0.02609;0.03371
2022-09-27;USD_OIS_SOFR_2Y;0.026106;0.033494
2022-09-28;USD_OIS_SOFR_2Y;0.026218;0.033382
2022-09-29;USD_OIS_SOFR_2Y;0.026126;0.033074
2022-09-30;USD_OIS_SOFR_2Y;0.02643;0.03317
2022-10-03;USD_OIS_SOFR_2Y;0.026731;0.033269
2022-10-04;USD_OIS_SOFR_2Y;0.027224;0.033576
2022-10-05;USD_OIS_SOFR_2Y;0.027321;0.033479
2022-10-06;USD_OIS_SOFR_2Y;0.027514;0.033486
2022-10-07;USD_OIS_SOFR_2Y;0.027605;0.033395
2022-10-11;USD_OIS_SOFR_2Y;0.027693;0.033307
2022-10-12;USD_OIS_SOFR_2Y;0.027678;0.033122
2022-10-13;USD_OIS_SOFR_2Y;0.027761;0.033039
2022-10-14;USD_OIS_SOFR_2Y;0.027842;0.032958
2022-10-17;USD_OIS_SOFR_2Y;0.028019;0.032981
2022-10-18;USD_OIS_SOFR_2Y;0.027994;0.032806
2022-10-19;USD_OIS_SOFR_2Y;0.028067;0.032733
2022-10-20;USD_OIS_SOFR_2Y;0.028038;0.032562
2022-10-21;USD_OIS_SOFR_2Y;0.028006;0.032394
2022-10-24;USD_OIS_SOFR_2Y;0.027972;0.032228
2022-10-25;USD_OIS_SOFR_2Y;0.028136;0.032264
2022-10-26;USD_OIS_SOFR_2Y;0.028299;0.032301
2022-10-27;USD_OIS_SOFR_2Y;0.028459;0.032341
2022-10-28;USD_OIS_SOFR_2Y;0.028617;0.032383
2022-10-31;USD_OIS_SOFR_2Y;0.028675;0.032325
2022-11-01;USD_OIS_SOFR_2Y;0.02873;0.03227
2022-11-02;USD_OIS_SOFR_2Y;0.028784;0.032216
2022-11-03;USD_OIS_SOFR_2Y;0.033763;0.042237
2022-11-04;USD_OIS_SOFR_2Y;0.033892;0.042108
2022-11-07;USD_OIS_SOFR_2Y;0.033816;0.041784
2022-11-08;USD_OIS_SOFR_2Y;0.033937;0.041663
2022-11-09;USD_OIS_SOFR_2Y;0.034055;0.041545
2022-11-10;USD_OIS_SOFR_2Y;0.034169;0.041431
2022-11-14;USD_OIS_SOFR_2Y;0.034379;0.041421
2022-11-15;USD_OIS_SOFR_2Y;0.034586;0.041414
2022-11-16;USD_OIS_SOFR_2Y;0.034789;0.041411
2022-11-17;USD_OIS_SOFR_2Y;0.03479;0.04121
2022-11-18;USD_OIS_SOFR_2Y;0.034888;0.041112
2022-11-21;USD_OIS_SOFR_2Y;0.034982;0.041018
2022-11-22;USD_OIS_SOFR_2Y;0.035074;0.040926
2022-11-23;USD_OIS_SOFR_2Y;0.035063;0.040737
2022-11-25;USD_OIS_SOFR_2Y;0.035249;0.040751
2022-11-28;USD_OIS_SOFR_2Y;0.035333;0.040667
2022-11-29;USD_OIS_SOFR_2Y;0.035514;0.040686
2022-11-30;USD_OIS_SOFR_2Y;0.035692;0.040708
2022-12-01;USD_OIS_SOFR_2Y;0.035768;0.040632
2022-12-02;USD_OIS_SOFR_2Y;0.035742;0.040458
2022-12-05;USD_OIS_SOFR_2Y;0.035814;0.040386
2022-12-06;USD_OIS_SOFR_2Y;0.035783;0.040217
2022-12-07;USD_OIS_SOFR_2Y;0.03585;0.04015
2022-12-08;USD_OIS_SOFR_2Y;0.035916;0.040084
2022-12-09;USD_OIS_SOFR_2Y;0.035979;0.040021
2022-12-12;USD_OIS_SOFR_2Y;0.036041;0.039959
2022-12-13;USD_OIS_SOFR_2Y;0.0361;0.0399
2022-12-14;USD_OIS_SOFR_2Y;0.036158;0.039842
2022-12-15;USD_OIS_SOFR_2Y;0.039961;0.046439
2022-12-16;USD_OIS_SOFR_2Y;0.04006;0.04634
2022-12-19;USD_OIS_SOFR_2Y;0.039954;0.046046
2022-12-20;USD_OIS_SOFR_2Y;0.040047;0.045953
2022-12-21;USD_OIS_SOFR_2Y;0.040137;0.045863
2022-12-22;USD_OIS_SOFR_2Y;0.040224;0.045776
2022-12-23;USD_OIS_SOFR_2Y;0.040308;0.045692
2022-12-27;USD_OIS_SOFR_2Y;0.04039;0.04561
2022-12-28;USD_OIS_SOFR_2Y;0.04047;0.04553
2022-12-29;USD_OIS_SOFR_2Y;0.040547;0.045453
2022-12-30;USD_OIS_SOFR_2Y;0.040622;0.045378
2023-01-03;USD_OIS_SOFR_2Y;0.040794;0.045406
2023-01-04;USD_OIS_SOFR_2Y;0.040763;0.045237
2023-01-05;USD_OIS_SOFR_2Y;0.040931;0.045269
2023-01-06;USD_OIS_SOFR_2Y;0.040997;0.045203
2023-01-09;USD_OIS_SOFR_2Y;0.041061;0.045139
2023-01-10;USD_OIS_SOFR_2Y;0.041123;0.045077
2023-01-11;USD_OIS_SOFR_2Y;0.041083;0.044917
2023-01-12;USD_OIS_SOFR_2Y;0.041141;0.044859
2023-01-13;USD_OIS_SOFR_2Y;0.041198;0.044802
2023-01-17;USD_OIS_SOFR_2Y;0.041352;0.044848
2023-01-18;USD_OIS_SOFR_2Y;0.041304;0.044696
2023-01-19;USD_OIS_SOFR_2Y;0.041455;0.044745
2023-01-20;USD_OIS_SOFR_2Y;0.041404;0.044596
2023-01-23;USD_OIS_SOFR_2Y;0.041453;0.044547
2023-01-24;USD_OIS_SOFR_2Y;0.0415;0.0445
2023-01-25;USD_OIS_SOFR_2Y;0.041645;0.044555
2023-01-26;USD_OIS_SOFR_2Y;0.041588;0.044412
2023-01-27;USD_OIS_SOFR_2Y;0.041631;0.044369
2023-01-30;USD_OIS_SOFR_2Y;0.041673;0.044327
2023-01-31;USD_OIS_SOFR_2Y;0.041812;0.044388
2023-02-01;USD_OIS_SOFR_2Y;0.041852;0.044348
2023-02-02;USD_OIS_SOFR_2Y;0.043824;0.047376
2023-02-03;USD_OIS_SOFR_2Y;0.043778;0.047222
2023-02-06;USD_OIS_SOFR_2Y;0.04383;0.04717
2023-02-07;USD_OIS_SOFR_2Y;0.043881;0.047119
2023-02-08;USD_OIS_SOFR_2Y;0.04393;0.04707
2023-02-09;USD_OIS_SOFR_2Y;0.043978;0.047022
2023-02-10;USD_OIS_SOFR_2Y;0.044025;0.046975
2023-02-13;USD_OIS_SOFR_2Y;0.044069;0.046931
2023-02-14;USD_OIS_SOFR_2Y;0.044113;0.046887
2023-02-15;USD_OIS_SOFR_2Y;0.044155;0.046845
2023-02-16;USD_OIS_SOFR_2Y;0.044196;0.046804
2023-02-17;USD_OIS_SOFR_2Y;0.044236;0.046764
2023-02-21;USD_OIS_SOFR_2Y;0.044275;0.046725
2023-02-22;USD_OIS_SOFR_2Y;0.044312;0.046688
2023-02-23;USD_OIS_SOFR_2Y;0.044348;0.046652
2023-02-24;USD_OIS_SOFR_2Y;0.044383;0.046617
2023-02-27;USD_OIS_SOFR_2Y;0.044417;0.046583
2023-02-28;USD_OIS_SOFR_2Y;0.04445;0.04655
2023-03-01;USD_OIS_SOFR_2Y;0.044482;0.046518
2023-03-02;USD_OIS_SOFR_2Y;0.044513;0.046487
2023-03-03;USD_OIS_SOFR_2Y;0.044543;0.046457
2023-03-06;USD_OIS_SOFR_2Y;0.044572;0.046428
2023-03-07;USD_OIS_SOFR_2Y;0.044601;0.046399
2023-03-08;USD_OIS_SOFR_2Y;0.044628;0.046372
2023-03-09;USD_OIS_SOFR_2Y;0.044655;0.046345
2023-03-10;USD_OIS_SOFR_2Y;0.04468;0.04632
2023-03-13;USD_OIS_SOFR_2Y;0.044705;0.046295
2023-03-14;USD_OIS_SOFR_2Y;0.04473;0.04627
2023-03-15;USD_OIS_SOFR_2Y;0.045037;0.046563
2023-03-16;USD_OIS_SOFR_2Y;0.044958;0.046442
2023-03-17;USD_OIS_SOFR_2Y;0.044773;0.046227
2023-03-20;USD_OIS_SOFR_2Y;0.044796;0.046204
2023-03-21;USD_OIS_SOFR_2Y;0.044817;0.046183
2023-03-22;USD_OIS_SOFR_2Y;0.044838;0.046162
2023-03-23;USD_OIS_SOFR_2Y;0.046551;0.049449
2023-03-24;USD_OIS_SOFR_2Y;0.046595;0.049405
2023-03-27;USD_OIS_SOFR_2Y;0.046737;0.049463
2023-03-28;USD_OIS_SOFR_2Y;0.047069;0.049731
2023-03-29;USD_OIS_SOFR_2Y;0.047009;0.049591
2023-03-30;USD_OIS_SOFR_2Y;0.046947;0.049453
2023-03-31;USD_OIS_SOFR_2Y;0.047458;0.049942
2023-04-03;USD_OIS_SOFR_2Y;0.047186;0.049614
2023-04-04;USD_OIS_SOFR_2Y;0.047121;0.049479
2023-04-05;USD_OIS_SOFR_2Y;0.046953;0.049247
2023-04-06;USD_OIS_SOFR_2Y;0.046988;0.049212
2023-04-10;USD_OIS_SOFR_2Y;0.047021;0.049179
2023-04-11;USD_OIS_SOFR_2Y;0.046953;0.049047
2023-04-12;USD_OIS_SOFR_2Y;0.046985;0.049015
2023-04-13;USD_OIS_SOFR_2Y;0.047016;0.048984
2023-04-14;USD_OIS_SOFR_2Y;0.047046;0.048954
2023-04-17;USD_OIS_SOFR_2Y;0.047075;0.048925
2023-04-18;USD_OIS_SOFR_2Y;0.047103;0.048897
2023-04-19;USD_OIS_SOFR_2Y;0.04713;0.04887
2023-04-20;USD_OIS_SOFR_2Y;0.047157;0.048843
2023-04-21;USD_OIS_SOFR_2Y;0.047183;0.048817
2023-04-24;USD_OIS_SOFR_2Y;0.047207;0.048793
2023-04-25;USD_OIS_SOFR_2Y;0.047232;0.048768
2023-04-26;USD_OIS_SOFR_2Y;0.047255;0.048745
2023-04-27;USD_OIS_SOFR_2Y;0.047376;0.048824
2023-04-28;USD_OIS_SOFR_2Y;0.047398;0.048802
2023-05-01;USD_OIS_SOFR_2Y;0.047419;0.048781
2023-05-02;USD_OIS_SOFR_2Y;0.04744;0.04876
2023-05-03;USD_OIS_SOFR_2Y;0.04746;0.04874
2023-05-04;USD_OIS_SOFR_2Y;0.04916;0.05204
2023-05-05;USD_OIS_SOFR_2Y;0.049204;0.051996
2023-05-08;USD_OIS_SOFR_2Y;0.049247;0.051953
2023-05-09;USD_OIS_SOFR_2Y;0.049288;0.051912
2023-05-10;USD_OIS_SOFR_2Y;0.049328;0.051872
2023-05-11;USD_OIS_SOFR_2Y;0.049266;0.051734
2023-05-12;USD_OIS_SOFR_2Y;0.049303;0.051697
2023-05-15;USD_OIS_SOFR_2Y;0.049439;0.051761
2023-05-16;USD_OIS_SOFR_2Y;0.049373;0.051627
2023-05-17;USD_OIS_SOFR_2Y;0.049407;0.051593
2023-05-18;USD_OIS_SOFR_2Y;0.04944;0.05156
2023-05-19;USD_OIS_SOFR_2Y;0.049473;0.051527
2023-05-22;USD_OIS_SOFR_2Y;0.049504;0.051496
2023-05-23;USD_OIS_SOFR_2Y;0.049534;0.051466
2023-05-24;USD_OIS_SOFR_2Y;0.049564;0.051436
2023-05-25;USD_OIS_SOFR_2Y;0.049691;0.051509
2023-05-26;USD_OIS_SOFR_2Y;0.049718;0.051482
2023-05-30;USD_OIS_SOFR_2Y;0.049745;0.051455
2023-05-31;USD_OIS_SOFR_2Y;0.049965;0.051635
2023-06-01;USD_OIS_SOFR_2Y;0.04999;0.05161
2023-06-02;USD_OIS_SOFR_2Y;0.049913;0.051487
2023-06-05;USD_OIS_SOFR_2Y;0.049835;0.051365
2023-06-06;USD_OIS_SOFR_2Y;0.049757;0.051243
2023-06-07;USD_OIS_SOFR_2Y;0.04978;0.05122
2023-06-08;USD_OIS_SOFR_2Y;0.049801;0.051199
2023-06-09;USD_OIS_SOFR_2Y;0.049823;0.051177
2023-06-12;USD_OIS_SOFR_2Y;0.049843;0.051157
2023-06-13;USD_OIS_SOFR_2Y;0.049863;0.051137
2023-06-14;USD_OIS_SOFR_2Y;0.049883;0.051117
2023-06-15;USD_OIS_SOFR_2Y;0.049999;0.051201
2023-06-16;USD_OIS_SOFR_2Y;0.049915;0.051085
2023-06-20;USD_OIS_SOFR_2Y;0.049933;0.051067
2023-06-21;USD_OIS_SOFR_2Y;0.04995;0.05105
2023-06-22;USD_OIS_SOFR_2Y;0.049967;0.051033
2023-06-23;USD_OIS_SOFR_2Y;0.049983;0.051017
2023-06-26;USD_OIS_SOFR_2Y;0.049999;0.051001
2023-06-27;USD_OIS_SOFR_2Y;0.050014;0.050986
2023-06-28;USD_OIS_SOFR_2Y;0.050126;0.051074
2023-06-29;USD_OIS_SOFR_2Y;0.050141;0.051059
2023-06-30;USD_OIS_SOFR_2Y;0.050428;0.051372
2023-07-03;USD_OIS_SOFR_2Y;0.050117;0.051083
2023-07-05;USD_OIS_SOFR_2Y;0.050132;0.051068
2023-07-06;USD_OIS_SOFR_2Y;0.050146;0.051054
2023-07-07;USD_OIS_SOFR_2Y;0.05016;0.05104
2023-07-10;USD_OIS_SOFR_2Y;0.050173;0.051027
2023-07-11;USD_OIS_SOFR_2Y;0.050186;0.051014
2023-07-12;USD_OIS_SOFR_2Y;0.050095;0.050905
2023-07-13;USD_OIS_SOFR_2Y;0.050204;0.050996
2023-07-14;USD_OIS_SOFR_2Y;0.050113;0.050887
2023-07-17;USD_OIS_SOFR_2Y;0.050221;0.050979
2023-07-18;USD_OIS_SOFR_2Y;0.050233;0.050967
2023-07-19;USD_OIS_SOFR_2Y;0.05014;0.05086
2023-07-20;USD_OIS_SOFR_2Y;0.050247;0.050953
2023-07-21;USD_OIS_SOFR_2Y;0.050154;0.050846
2023-07-24;USD_OIS_SOFR_2Y;0.050164;0.050836
2023-07-25;USD_OIS_SOFR_2Y;0.050271;0.050929
2023-07-26;USD_OIS_SOFR_2Y;0.050281;0.050919
2023-07-27;USD_OIS_SOFR_2Y;0.051765;0.054435
2023-07-28;USD_OIS_SOFR_2Y;0.051704;0.054296
2023-07-31;USD_OIS_SOFR_2Y;0.051843;0.054357
2023-08-01;USD_OIS_SOFR_2Y;0.051881;0.054319
2023-08-02;USD_OIS_SOFR_2Y;0.051817;0.054183
2023-08-03;USD_OIS_SOFR_2Y;0.051853;0.054147
2023-08-04;USD_OIS_SOFR_2Y;0.051888;0.054112
2023-08-07;USD_OIS_SOFR_2Y;0.051922;0.054078
2023-08-08;USD_OIS_SOFR_2Y;0.051955;0.054045
2023-08-09;USD_OIS_SOFR_2Y;0.051986;0.054014
2023-08-10;USD_OIS_SOFR_2Y;0.052017;0.053983
2023-08-11;USD_OIS_SOFR_2Y;0.052047;0.053953
2023-08-14;USD_OIS_SOFR_2Y;0.052076;0.053924
2023-08-15;USD_OIS_SOFR_2Y;0.052104;0.053896
2023-08-16;USD_OIS_SOFR_2Y;0.052132;0.053868
2023-08-17;USD_OIS_SOFR_2Y;0.052158;0.053842
2023-08-18;USD_OIS_SOFR_2Y;0.052184;0.053816
2023-08-21;USD_OIS_SOFR_2Y;0.052209;0.053791
2023-08-22;USD_OIS_SOFR_2Y;0.052233;0.053767
2023-08-23;USD_OIS_SOFR_2Y;0.052256;0.053744
2023-08-24;USD_OIS_SOFR_2Y;0.052279;0.053721
2023-08-25;USD_OIS_SOFR_2Y;0.052301;0.053699
2023-08-28;USD_OIS_SOFR_2Y;0.052322;0.053678
2023-08-29;USD_OIS_SOFR_2Y;0.052343;0.053657
2023-08-30;USD_OIS_SOFR_2Y;0.052363;0.053637
2023-08-31;USD_OIS_SOFR_2Y;0.05248;0.05372
2023-09-01;USD_OIS_SOFR_2Y;0.052499;0.053701
2023-09-05;USD_OIS_SOFR_2Y;0.052517;0.053683
2023-09-06;USD_OIS_SOFR_2Y;0.052433;0.053567
2023-09-07;USD_OIS_SOFR_2Y;0.052547;0.053653
2023-09-08;USD_OIS_SOFR_2Y;0.052462;0.053538
2023-09-11;USD_OIS_SOFR_2Y;0.052478;0.053522
2023-09-12;USD_OIS_SOFR_2Y;0.052494;0.053506
2023-09-13;USD_OIS_SOFR_2Y;0.052509;0.053491
2023-09-14;USD_OIS_SOFR_2Y;0.052524;0.053476
2023-09-15;USD_OIS_SOFR_2Y;0.052636;0.053564
2023-09-18;USD_OIS_SOFR_2Y;0.05265;0.05355
2023-09-19;USD_OIS_SOFR_2Y;0.052664;0.053536
2023-09-20;USD_OIS_SOFR_2Y;0.052574;0.053426
2023-09-21;USD_OIS_SOFR_2Y;0.052587;0.053413
2023-09-22;USD_OIS_SOFR_2Y;0.052599;0.053401
2023-09-25;USD_OIS_SOFR_2Y;0.052708;0.053492
2023-09-26;USD_OIS_SOFR_2Y;0.05272;0.05348
2023-09-27;USD_OIS_SOFR_2Y;0.052828;0.053572
2023-09-28;USD_OIS_SOFR_2Y;0.052736;0.053464
2023-09-29;USD_OIS_SOFR_2Y;0.052747;0.053453
2023-10-02;USD_OIS_SOFR_2Y;0.052854;0.053546
2023-10-03;USD_OIS_SOFR_2Y;0.05296;0.05364
2023-10-04;USD_OIS_SOFR_2Y;0.052866;0.053534
2023-10-05;USD_OIS_SOFR_2Y;0.052877;0.053523
2023-10-06;USD_OIS_SOFR_2Y;0.052782;0.053418
2023-10-10;USD_OIS_SOFR_2Y;0.052792;0.053408
2023-10-11;USD_OIS_SOFR_2Y;0.052801;0.053399
2023-10-12;USD_OIS_SOFR_2Y;0.05281;0.05339
2023-10-13;USD_OIS_SOFR_2Y;0.052819;0.053381
2023-10-16;USD_OIS_SOFR_2Y;0.052828;0.053372
2023-10-17;USD_OIS_SOFR_2Y;0.052836;0.053364
2023-10-18;USD_OIS_SOFR_2Y;0.052739;0.053261
2023-10-19;USD_OIS_SOFR_2Y;0.052747;0.053253
2023-10-20;USD_OIS_SOFR_2Y;0.052755;0.053245
2023-10-23;USD_OIS_SOFR_2Y;0.052762;0.053238
2023-10-24;USD_OIS_SOFR_2Y;0.052769;0.053231
2023-10-25;USD_OIS_SOFR_2Y;0.052776;0.053224
2023-10-26;USD_OIS_SOFR_2Y;0.052877;0.053323
2023-10-27;USD_OIS_SOFR_2Y;0.052884;0.053316
2023-10-30;USD_OIS_SOFR_2Y;0.05289;0.05331
2023-10-31;USD_OIS_SOFR_2Y;0.053209;0.053791
2023-11-01;USD_OIS_SOFR_2Y;0.052878;0.053522
2023-11-02;USD_OIS_SOFR_2Y;0.052983;0.053617
2023-11-03;USD_OIS_SOFR_2Y;0.052889;0.053511
2023-11-06;USD_OIS_SOFR_2Y;0.052898;0.053502
2023-11-07;USD_OIS_SOFR_2Y;0.052907;0.053493
2023-11-08;USD_OIS_SOFR_2Y;0.052916;0.053484
2023-11-09;USD_OIS_SOFR_2Y;0.052925;0.053475
2023-11-10;USD_OIS_SOFR_2Y;0.052933;0.053467
2023-11-13;USD_OIS_SOFR_2Y;0.052941;0.053459
2023-11-14;USD_OIS_SOFR_2Y;0.052949;0.053451
2023-11-15;USD_OIS_SOFR_2Y;0.052957;0.053443
2023-11-16;USD_OIS_SOFR_2Y;0.052964;0.053436
2023-11-17;USD_OIS_SOFR_2Y;0.052972;0.053428
2023-11-20;USD_OIS_SOFR_2Y;0.052872;0.053328
2023-11-21;USD_OIS_SOFR_2Y;0.052879;0.053321
2023-11-22;USD_OIS_SOFR_2Y;0.052886;0.053314
2023-11-24;USD_OIS_SOFR_2Y;0.052986;0.053414
2023-11-27;USD_OIS_SOFR_2Y;0.052993;0.053407
2023-11-28;USD_OIS_SOFR_2Y;0.052999;0.053401
2023-11-29;USD_OIS_SOFR_2Y;0.052898;0.053302
2023-11-30;USD_OIS_SOFR_2Y;0.053079;0.053521
2023-12-01;USD_OIS_SOFR_2Y;0.053521;0.054279
2023-12-04;USD_OIS_SOFR_2Y;0.053319;0.054081
2023-12-05;USD_OIS_SOFR_2Y;0.052876;0.053724
2023-12-06;USD_OIS_SOFR_2Y;0.052785;0.053615
2023-12-07;USD_OIS_SOFR_2Y;0.052798;0.053602
2023-12-08;USD_OIS_SOFR_2Y;0.05281;0.05359
2023-12-11;USD_OIS_SOFR_2Y;0.052822;0.053578
2023-12-12;USD_OIS_SOFR_2Y;0.05273;0.05347
2023-12-13;USD_OIS_SOFR_2Y;0.052741;0.053459
2023-12-14;USD_OIS_SOFR_2Y;0.052752;0.053448
2023-12-15;USD_OIS_SOFR_2Y;0.052859;0.053541
2023-12-18;USD_OIS_SOFR_2Y;0.052869;0.053531
2023-12-19;USD_OIS_SOFR_2Y;0.052775;0.053425
2023-12-20;USD_OIS_SOFR_2Y;0.052785;0.053415
2023-12-21;USD_OIS_SOFR_2Y;0.052795;0.053405
2023-12-22;USD_OIS_SOFR_2Y;0.052899;0.053501
2023-12-26;USD_OIS_SOFR_2Y;0.053169;0.053831
2023-12-27;USD_OIS_SOFR_2Y;0.053518;0.054282
2023-12-28;USD_OIS_SOFR_2Y;0.053626;0.054374
2023-12-29;USD_OIS_SOFR_2Y;0.053423;0.054177
2024-01-02;USD_OIS_SOFR_2Y;0.05362;0.05438
2024-01-03;USD_OIS_SOFR_2Y;0.053528;0.054272
2024-01-04;USD_OIS_SOFR_2Y;0.052688;0.053712
2024-01-05;USD_OIS_SOFR_2Y;0.052601;0.053599
2024-01-08;USD_OIS_SOFR_2Y;0.052616;0.053584
2024-01-09;USD_OIS_SOFR_2Y;0.05263;0.05357
2024-01-10;USD_OIS_SOFR_2Y;0.052645;0.053555
2024-01-11;USD_OIS_SOFR_2Y;0.052659;0.053541
2024-01-12;USD_OIS_SOFR_2Y;0.052672;0.053528
2024-01-16;USD_OIS_SOFR_2Y;0.052782;0.053618
2024-01-17;USD_OIS_SOFR_2Y;0.052795;0.053605
2024-01-18;USD_OIS_SOFR_2Y;0.052704;0.053496
2024-01-19;USD_OIS_SOFR_2Y;0.052716;0.053484
2024-01-22;USD_OIS_SOFR_2Y;0.052727;0.053473
2024-01-23;USD_OIS_SOFR_2Y;0.052739;0.053461
2024-01-24;USD_OIS_SOFR_2Y;0.05275;0.05345
2024-01-25;USD_OIS_SOFR_2Y;0.052856;0.053544
2024-01-26;USD_OIS_SOFR_2Y;0.052867;0.053533
2024-01-29;USD_OIS_SOFR_2Y;0.052773;0.053427
2024-01-30;USD_OIS_SOFR_2Y;0.052783;0.053417
2024-01-31;USD_OIS_SOFR_2Y;0.052888;0.053512
2024-02-01;USD_OIS_SOFR_2Y;0.052898;0.053502
2024-02-02;USD_OIS_SOFR_2Y;0.052907;0.053493
2024-02-05;USD_OIS_SOFR_2Y;0.052811;0.053389
2024-02-06;USD_OIS_SOFR_2Y;0.05282;0.05338
2024-02-07;USD_OIS_SOFR_2Y;0.052828;0.053372
2024-02-08;USD_OIS_SOFR_2Y;0.052837;0.053363
2024-02-09;USD_OIS_SOFR_2Y;0.052845;0.053355
2024-02-12;USD_OIS_SOFR_2Y;0.052852;0.053348
2024-02-13;USD_OIS_SOFR_2Y;0.05286;0.05334
2024-02-14;USD_OIS_SOFR_2Y;0.052762;0.053238
2024-02-15;USD_OIS_SOFR_2Y;0.052863;0.053337
2024-02-16;USD_OIS_SOFR_2Y;0.052765;0.053235
2024-02-20;USD_OIS_SOFR_2Y;0.052772;0.053228
2024-02-21;USD_OIS_SOFR_2Y;0.052779;0.053221
2024-02-22;USD_OIS_SOFR_2Y;0.052785;0.053215
2024-02-23;USD_OIS_SOFR_2Y;0.052886;0.053314
2024-02-26;USD_OIS_SOFR_2Y;0.052892;0.053308
2024-02-27;USD_OIS_SOFR_2Y;0.052898;0.053302
2024-02-28;USD_OIS_SOFR_2Y;0.052905;0.053295
2024-02-29;USD_OIS_SOFR_2Y;0.053004;0.053396
2024-03-01;USD_OIS_SOFR_2Y;0.052903;0.053297
2024-03-04;USD_OIS_SOFR_2Y;0.052909;0.053291
2024-03-05;USD_OIS_SOFR_2Y;0.052914;0.053286
2024-03-06;USD_OIS_SOFR_2Y;0.05292;0.05328
2024-03-07;USD_OIS_SOFR_2Y;0.052926;0.053274
2024-03-08;USD_OIS_SOFR_2Y;0.052931;0.053269
2024-03-11;USD_OIS_SOFR_2Y;0.052936;0.053264
2024-03-12;USD_OIS_SOFR_2Y;0.052941;0.053259
2024-03-13;USD_OIS_SOFR_2Y;0.052946;0.053254
2024-03-14;USD_OIS_SOFR_2Y;0.052951;0.053249
2024-03-15;USD_OIS_SOFR_2Y;0.052955;0.053245
2024-03-18;USD_OIS_SOFR_2Y;0.052959;0.053241
2024-03-19;USD_OIS_SOFR_2Y;0.052964;0.053236
2024-03-20;USD_OIS_SOFR_2Y;0.052968;0.053232
2024-03-21;USD_OIS_SOFR_2Y;0.052972;0.053228
2024-03-22;USD_OIS_SOFR_2Y;0.052976;0.053224
2024-03-25;USD_OIS_SOFR_2Y;0.05298;0.05322
2024-03-26;USD_OIS_SOFR_2Y;0.053072;0.053328
2024-03-27;USD_OIS_SOFR_2Y;0.053166;0.053434
2024-03-28;USD_OIS_SOFR_2Y;0.05326;0.05354
2024-04-01;USD_OIS_SOFR_2Y;0.053354;0.053646
2024-04-02;USD_OIS_SOFR_2Y;0.05325;0.05355
2024-04-03;USD_OIS_SOFR_2Y;0.053021;0.053379
2024-04-04;USD_OIS_SOFR_2Y;0.053026;0.053374
2024-04-05;USD_OIS_SOFR_2Y;0.053032;0.053368
2024-04-08;USD_OIS_SOFR_2Y;0.052929;0.053271
2024-04-09;USD_OIS_SOFR_2Y;0.052934;0.053266
2024-04-10;USD_OIS_SOFR_2Y;0.052939;0.053261
2024-04-11;USD_OIS_SOFR_2Y;0.052944;0.053256
2024-04-12;USD_OIS_SOFR_2Y;0.052949;0.053251
2024-04-15;USD_OIS_SOFR_2Y;0.053044;0.053356
2024-04-16;USD_OIS_SOFR_2Y;0.05294;0.05326
2024-04-17;USD_OIS_SOFR_2Y;0.052945;0.053255
2024-04-18;USD_OIS_SOFR_2Y;0.052841;0.053159
2024-04-19;USD_OIS_SOFR_2Y;0.052938;0.053262
2024-04-22;USD_OIS_SOFR_2Y;0.052943;0.053257
2024-04-23;USD_OIS_SOFR_2Y;0.052947;0.053253
2024-04-24;USD_OIS_SOFR_2Y;0.052952;0.053248
2024-04-25;USD_OIS_SOFR_2Y;0.052956;0.053244
2024-04-26;USD_OIS_SOFR_2Y;0.053051;0.053349
2024-04-29;USD_OIS_SOFR_2Y;0.053056;0.053344
2024-04-30;USD_OIS_SOFR_2Y;0.053226;0.053574
2024-05-01;USD_OIS_SOFR_2Y;0.053002;0.053398
2024-05-02;USD_OIS_SOFR_2Y;0.052901;0.053299
2024-05-03;USD_OIS_SOFR_2Y;0.052907;0.053293
2024-05-06;USD_OIS_SOFR_2Y;0.052913;0.053287
2024-05-07;USD_OIS_SOFR_2Y;0.052919;0.053281
2024-05-08;USD_OIS_SOFR_2Y;0.052924;0.053276
2024-05-09;USD_OIS_SOFR_2Y;0.052929;0.053271
2024-05-10;USD_OIS_SOFR_2Y;0.052935;0.053265
2024-05-13;USD_OIS_SOFR_2Y;0.05294;0.05326
2024-05-14;USD_OIS_SOFR_2Y;0.052945;0.053255
2024-05-15;USD_OIS_SOFR_2Y;0.052949;0.053251
2024-05-16;USD_OIS_SOFR_2Y;0.052954;0.053246
2024-05-17;USD_OIS_SOFR_2Y;0.052958;0.053242
2024-05-20;USD_OIS_SOFR_2Y;0.052963;0.053237
2024-05-21;USD_OIS_SOFR_2Y;0.052967;0.053233
2024-05-22;USD_OIS_SOFR_2Y;0.052971;0.053229
2024-05-23;USD_OIS_SOFR_2Y;0.052975;0.053225
2024-05-24;USD_OIS_SOFR_2Y;0.053068;0.053332
2024-05-28;USD_OIS_SOFR_2Y;0.053072;0.053328
2024-05-29;USD_OIS_SOFR_2Y;0.053165;0.053435
2024-05-30;USD_OIS_SOFR_2Y;0.05317;0.05343
2024-05-31;USD_OIS_SOFR_2Y;0.053263;0.053537
2024-06-03;USD_OIS_SOFR_2Y;0.053358;0.053642
2024-06-04;USD_OIS_SOFR_2Y;0.053127;0.053473
2024-06-05;USD_OIS_SOFR_2Y;0.053132;0.053468
2024-06-06;USD_OIS_SOFR_2Y;0.053138;0.053462
2024-06-07;USD_OIS_SOFR_2Y;0.053143;0.053457
2024-06-10;USD_OIS_SOFR_2Y;0.053039;0.053361
2024-06-11;USD_OIS_SOFR_2Y;0.053044;0.053356
2024-06-12;USD_OIS_SOFR_2Y;0.05294;0.05326
2024-06-13;USD_OIS_SOFR_2Y;0.052945;0.053255
2024-06-14;USD_OIS_SOFR_2Y;0.052949;0.053251
2024-06-17;USD_OIS_SOFR_2Y;0.053121;0.053479
2024-06-18;USD_OIS_SOFR_2Y;0.053126;0.053474
2024-06-20;USD_OIS_SOFR_2Y;0.053024;0.053376
2024-06-21;USD_OIS_SOFR_2Y;0.052921;0.053279
2024-06-24;USD_OIS_SOFR_2Y;0.052927;0.053273
2024-06-25;USD_OIS_SOFR_2Y;0.053102;0.053498
2024-06-26;USD_OIS_SOFR_2Y;0.053202;0.053598
2024-06-27;USD_OIS_SOFR_2Y;0.053208;0.053592
2024-06-28;USD_OIS_SOFR_2Y;0.053106;0.053494
2024-07-01;USD_OIS_SOFR_2Y;0.053591;0.054409
2024-07-02;USD_OIS_SOFR_2Y;0.053026;0.053974
2024-07-03;USD_OIS_SOFR_2Y;0.052829;0.053771
2024-07-05;USD_OIS_SOFR_2Y;0.05274;0.05366
2024-07-08;USD_OIS_SOFR_2Y;0.052754;0.053646
2024-07-09;USD_OIS_SOFR_2Y;0.052955;0.053845
2024-07-10;USD_OIS_SOFR_2Y;0.052969;0.053831
2024-07-11;USD_OIS_SOFR_2Y;0.052982;0.053818
2024-07-12;USD_OIS_SOFR_2Y;0.052995;0.053805
2024-07-15;USD_OIS_SOFR_2Y;0.053007;0.053793
2024-07-16;USD_OIS_SOFR_2Y;0.053115;0.053885
2024-07-17;USD_OIS_SOFR_2Y;0.053127;0.053873
2024-07-18;USD_OIS_SOFR_2Y;0.053035;0.053765
2024-07-19;USD_OIS_SOFR_2Y;0.053046;0.053754
2024-07-22;USD_OIS_SOFR_2Y;0.052953;0.053647
2024-07-23;USD_OIS_SOFR_2Y;0.053059;0.053741
2024-07-24;USD_OIS_SOFR_2Y;0.05307;0.05373
2024-07-25;USD_OIS_SOFR_2Y;0.053176;0.053824
2024-07-26;USD_OIS_SOFR_2Y;0.053186;0.053814
2024-07-29;USD_OIS_SOFR_2Y;0.052978;0.053622
2024-07-30;USD_OIS_SOFR_2Y;0.052988;0.053612
2024-07-31;USD_OIS_SOFR_2Y;0.053401;0.054199
2024-08-01;USD_OIS_SOFR_2Y;0.053083;0.053917
2024-08-02;USD_OIS_SOFR_2Y;0.053096;0.053904
2024-08-05;USD_OIS_SOFR_2Y;0.052778;0.053622
2024-08-06;USD_OIS_SOFR_2Y;0.052888;0.053712
2024-08-07;USD_OIS_SOFR_2Y;0.0529;0.0537
2024-08-08;USD_OIS_SOFR_2Y;0.053009;0.053791
2024-08-09;USD_OIS_SOFR_2Y;0.053021;0.053779
2024-08-12;USD_OIS_SOFR_2Y;0.053032;0.053768
2024-08-13;USD_OIS_SOFR_2Y;0.053044;0.053756
2024-08-14;USD_OIS_SOFR_2Y;0.052951;0.053649
2024-08-15;USD_OIS_SOFR_2Y;0.053146;0.053854
2024-08-16;USD_OIS_SOFR_2Y;0.052823;0.053577
2024-08-19;USD_OIS_SOFR_2Y;0.052834;0.053566
2024-08-20;USD_OIS_SOFR_2Y;0.052845;0.053555
2024-08-21;USD_OIS_SOFR_2Y;0.052752;0.053448
2024-08-22;USD_OIS_SOFR_2Y;0.052763;0.053437
2024-08-23;USD_OIS_SOFR_2Y;0.052957;0.053643
2024-08-26;USD_OIS_SOFR_2Y;0.053063;0.053737
2024-08-27;USD_OIS_SOFR_2Y;0.05317;0.05383
2024-08-28;USD_OIS_SOFR_2Y;0.05318;0.05382
2024-08-29;USD_OIS_SOFR_2Y;0.052972;0.053628
2024-08-30;USD_OIS_SOFR_2Y;0.052878;0.053522
2024-09-03;USD_OIS_SOFR_2Y;0.053071;0.053729
2024-09-04;USD_OIS_SOFR_2Y;0.053177;0.053823
2024-09-05;USD_OIS_SOFR_2Y;0.053187;0.053813
2024-09-06;USD_OIS_SOFR_2Y;0.053092;0.053708
2024-09-09;USD_OIS_SOFR_2Y;0.053101;0.053699
2024-09-10;USD_OIS_SOFR_2Y;0.053006;0.053594
2024-09-11;USD_OIS_SOFR_2Y;0.05291;0.05349
2024-09-12;USD_OIS_SOFR_2Y;0.053014;0.053586
2024-09-13;USD_OIS_SOFR_2Y;0.053023;0.053577
2024-09-16;USD_OIS_SOFR_2Y;0.053426;0.054174
2024-09-17;USD_OIS_SOFR_2Y;0.053438;0.054162
2024-09-18;USD_OIS_SOFR_2Y;0.052863;0.053737
2024-09-19;USD_OIS_SOFR_2Y;0.045516;0.050884
2024-09-20;USD_OIS_SOFR_2Y;0.045698;0.050902
2024-09-23;USD_OIS_SOFR_2Y;0.045777;0.050823
2024-09-24;USD_OIS_SOFR_2Y;0.045953;0.050847
2024-09-25;USD_OIS_SOFR_2Y;0.046028;0.050772
2024-09-26;USD_OIS_SOFR_2Y;0.045999;0.050601
2024-09-27;USD_OIS_SOFR_2Y;0.046169;0.050631
2024-09-30;USD_OIS_SOFR_2Y;0.047349;0.051851
2024-10-01;USD_OIS_SOFR_2Y;0.048268;0.052732
2024-10-02;USD_OIS_SOFR_2Y;0.046933;0.051467
2024-10-03;USD_OIS_SOFR_2Y;0.046272;0.050728
2024-10-04;USD_OIS_SOFR_2Y;0.046137;0.050463
2024-10-07;USD_OIS_SOFR_2Y;0.046203;0.050397
2024-10-08;USD_OIS_SOFR_2Y;0.046366;0.050434
2024-10-09;USD_OIS_SOFR_2Y;0.046328;0.050272
2024-10-10;USD_OIS_SOFR_2Y;0.046287;0.050113
2024-10-11;USD_OIS_SOFR_2Y;0.046245;0.049955
2024-10-15;USD_OIS_SOFR_2Y;0.046783;0.050417
2024-10-16;USD_OIS_SOFR_2Y;0.046838;0.050362
2024-10-17;USD_OIS_SOFR_2Y;0.046791;0.050209
2024-10-18;USD_OIS_SOFR_2Y;0.046742;0.050058
2024-10-21;USD_OIS_SOFR_2Y;0.046589;0.049811
2024-10-22;USD_OIS_SOFR_2Y;0.046737;0.049863
2024-10-23;USD_OIS_SOFR_2Y;0.046785;0.049815
2024-10-24;USD_OIS_SOFR_2Y;0.046831;0.049769
2024-10-25;USD_OIS_SOFR_2Y;0.046876;0.049724
2024-10-28;USD_OIS_SOFR_2Y;0.046818;0.049582
2024-10-29;USD_OIS_SOFR_2Y;0.04686;0.04954
2024-10-30;USD_OIS_SOFR_2Y;0.0468;0.0494
2024-10-31;USD_OIS_SOFR_2Y;0.047656;0.050344
2024-11-01;USD_OIS_SOFR_2Y;0.04728;0.04992
2024-11-04;USD_OIS_SOFR_2Y;0.046904;0.049496
2024-11-05;USD_OIS_SOFR_2Y;0.046943;0.049457
2024-11-06;USD_OIS_SOFR_2Y;0.04688;0.04932
2024-11-07;USD_OIS_SOFR_2Y;0.047016;0.049384
2024-11-08;USD_OIS_SOFR_2Y;0.04438;0.04762
2024-11-12;USD_OIS_SOFR_2Y;0.04443;0.04757
2024-11-13;USD_OIS_SOFR_2Y;0.044377;0.047423
2024-11-14;USD_OIS_SOFR_2Y;0.044322;0.047278
2024-11-15;USD_OIS_SOFR_2Y;0.044266;0.047134
2024-11-18;USD_OIS_SOFR_2Y;0.04431;0.04709
2024-11-19;USD_OIS_SOFR_2Y;0.044352;0.047048
2024-11-20;USD_OIS_SOFR_2Y;0.044292;0.046908
2024-11-21;USD_OIS_SOFR_2Y;0.044431;0.046969
2024-11-22;USD_OIS_SOFR_2Y;0.04447;0.04693
2024-11-25;USD_OIS_SOFR_2Y;0.044606;0.046994
2024-11-26;USD_OIS_SOFR_2Y;0.044642;0.046958
2024-11-27;USD_OIS_SOFR_2Y;0.044576;0.046824
2024-11-29;USD_OIS_SOFR_2Y;0.044806;0.046994
2024-12-02;USD_OIS_SOFR_2Y;0.045308;0.047492
2024-12-03;USD_OIS_SOFR_2Y;0.045341;0.047459
2024-12-04;USD_OIS_SOFR_2Y;0.044841;0.046959
2024-12-05;USD_OIS_SOFR_2Y;0.044873;0.046927
2024-12-06;USD_OIS_SOFR_2Y;0.045003;0.046997
2024-12-09;USD_OIS_SOFR_2Y;0.045321;0.047279
2024-12-10;USD_OIS_SOFR_2Y;0.045449;0.047351
2024-12-11;USD_OIS_SOFR_2Y;0.045272;0.047128
2024-12-12;USD_OIS_SOFR_2Y;0.045301;0.047099
2024-12-13;USD_OIS_SOFR_2Y;0.045122;0.046878
2024-12-16;USD_OIS_SOFR_2Y;0.04561;0.04739
2024-12-17;USD_OIS_SOFR_2Y;0.045323;0.047077
2024-12-18;USD_OIS_SOFR_2Y;0.044811;0.046589
2024-12-19;USD_OIS_SOFR_2Y;0.041353;0.044647
2024-12-20;USD_OIS_SOFR_2Y;0.041404;0.044596
2024-12-23;USD_OIS_SOFR_2Y;0.041551;0.044649
2024-12-24;USD_OIS_SOFR_2Y;0.042427;0.045573
2024-12-26;USD_OIS_SOFR_2Y;0.043632;0.046968
2024-12-27;USD_OIS_SOFR_2Y;0.042943;0.046257
2024-12-30;USD_OIS_SOFR_2Y;0.042027;0.045373
2024-12-31;USD_OIS_SOFR_2Y;0.043162;0.046638
2025-01-02;USD_OIS_SOFR_2Y;0.042251;0.045749
2025-01-03;USD_OIS_SOFR_2Y;0.041341;0.044859
2025-01-06;USD_OIS_SOFR_2Y;0.040982;0.044418
2025-01-07;USD_OIS_SOFR_2Y;0.041034;0.044366
2025-01-08;USD_OIS_SOFR_2Y;0.041282;0.044518
2025-01-09;USD_OIS_SOFR_2Y;0.04143;0.04457
2025-01-10;USD_OIS_SOFR_2Y;0.041478;0.044522
2025-01-13;USD_OIS_SOFR_2Y;0.041423;0.044377
2025-01-14;USD_OIS_SOFR_2Y;0.041368;0.044232
2025-01-15;USD_OIS_SOFR_2Y;0.041411;0.044189
2025-01-16;USD_OIS_SOFR_2Y;0.041552;0.044248
2025-01-17;USD_OIS_SOFR_2Y;0.041594;0.044206
2025-01-21;USD_OIS_SOFR_2Y;0.041633;0.044167
2025-01-22;USD_OIS_SOFR_2Y;0.041771;0.044229
2025-01-23;USD_OIS_SOFR_2Y;0.04228;0.04472
2025-01-24;USD_OIS_SOFR_2Y;0.042216;0.044584
2025-01-27;USD_OIS_SOFR_2Y;0.042252;0.044548
2025-01-28;USD_OIS_SOFR_2Y;0.042386;0.044614
2025-01-29;USD_OIS_SOFR_2Y;0.04242;0.04458
2025-01-30;USD_OIS_SOFR_2Y;0.042552;0.044648
2025-01-31;USD_OIS_SOFR_2Y;0.042778;0.044822
2025-02-03;USD_OIS_SOFR_2Y;0.042497;0.044503
2025-02-04;USD_OIS_SOFR_2Y;0.042322;0.044278
2025-02-05;USD_OIS_SOFR_2Y;0.042352;0.044248
2025-02-06;USD_OIS_SOFR_2Y;0.042668;0.044532
2025-02-07;USD_OIS_SOFR_2Y;0.042595;0.044405
2025-02-10;USD_OIS_SOFR_2Y;0.042622;0.044378
2025-02-11;USD_OIS_SOFR_2Y;0.042547;0.044253
2025-02-12;USD_OIS_SOFR_2Y;0.042367;0.044033
2025-02-13;USD_OIS_SOFR_2Y;0.042491;0.044109
2025-02-14;USD_OIS_SOFR_2Y;0.042515;0.044085
2025-02-18;USD_OIS_SOFR_2Y;0.042911;0.044489
2025-02-19;USD_OIS_SOFR_2Y;0.042728;0.044272
2025-02-20;USD_OIS_SOFR_2Y;0.042545;0.044055
2025-02-21;USD_OIS_SOFR_2Y;0.042666;0.044134
2025-02-24;USD_OIS_SOFR_2Y;0.042688;0.044112
2025-02-25;USD_OIS_SOFR_2Y;0.042608;0.043992
2025-02-26;USD_OIS_SOFR_2Y;0.042629;0.043971
2025-02-27;USD_OIS_SOFR_2Y;0.042931;0.044269
2025-02-28;USD_OIS_SOFR_2Y;0.043233;0.044567
2025-03-03;USD_OIS_SOFR_2Y;0.042582;0.044018
2025-03-04;USD_OIS_SOFR_2Y;0.042604;0.043996
2025-03-05;USD_OIS_SOFR_2Y;0.042723;0.044077
2025-03-06;USD_OIS_SOFR_2Y;0.042842;0.044158
2025-03-07;USD_OIS_SOFR_2Y;0.04276;0.04404
2025-03-10;USD_OIS_SOFR_2Y;0.042677;0.043923
2025-03-11;USD_OIS_SOFR_2Y;0.042594;0.043806
2025-03-12;USD_OIS_SOFR_2Y;0.04251;0.04369
2025-03-13;USD_OIS_SOFR_2Y;0.042425;0.043575
2025-03-14;USD_OIS_SOFR_2Y;0.042443;0.043557
2025-03-17;USD_OIS_SOFR_2Y;0.04265;0.04375
2025-03-18;USD_OIS_SOFR_2Y;0.042564;0.043636
2025-03-19;USD_OIS_SOFR_2Y;0.04237;0.04343
2025-03-20;USD_OIS_SOFR_2Y;0.042386;0.043414
2025-03-21;USD_OIS_SOFR_2Y;0.042499;0.043501
2025-03-24;USD_OIS_SOFR_2Y;0.042612;0.043588
2025-03-25;USD_OIS_SOFR_2Y;0.042815;0.043785
2025-03-26;USD_OIS_SOFR_2Y;0.043019;0.043981
2025-03-27;USD_OIS_SOFR_2Y;0.043131;0.044069
2025-03-28;USD_OIS_SOFR_2Y;0.042933;0.043867
2025-03-31;USD_OIS_SOFR_2Y;0.043519;0.044681
2025-04-01;USD_OIS_SOFR_2Y;0.043328;0.044472
2025-04-02;USD_OIS_SOFR_2Y;0.043135;0.044265
2025-04-03;USD_OIS_SOFR_2Y;0.043343;0.044457
2025-04-04;USD_OIS_SOFR_2Y;0.042921;0.044079
2025-04-07;USD_OIS_SOFR_2Y;0.042729;0.043871
2025-04-08;USD_OIS_SOFR_2Y;0.043338;0.044662
2025-04-09;USD_OIS_SOFR_2Y;0.04355;0.04485
2025-04-10;USD_OIS_SOFR_2Y;0.043018;0.044382
2025-04-11;USD_OIS_SOFR_2Y;0.042607;0.043993
2025-04-14;USD_OIS_SOFR_2Y;0.042628;0.043972
2025-04-15;USD_OIS_SOFR_2Y;0.04293;0.04427
2025-04-16;USD_OIS_SOFR_2Y;0.0424;0.0438
2025-04-17;USD_OIS_SOFR_2Y;0.04252;0.04388
2025-04-21;USD_OIS_SOFR_2Y;0.04254;0.04386
2025-04-22;USD_OIS_SOFR_2Y;0.042352;0.043648
2025-04-23;USD_OIS_SOFR_2Y;0.042163;0.043437
2025-04-24;USD_OIS_SOFR_2Y;0.042281;0.043519
2025-04-25;USD_OIS_SOFR_2Y;0.042665;0.043935
2025-04-28;USD_OIS_SOFR_2Y;0.042964;0.044236
2025-04-29;USD_OIS_SOFR_2Y;0.042984;0.044216
2025-04-30;USD_OIS_SOFR_2Y;0.043449;0.044751
2025-05-01;USD_OIS_SOFR_2Y;0.04326;0.04454
2025-05-02;USD_OIS_SOFR_2Y;0.04296;0.04424
2025-05-05;USD_OIS_SOFR_2Y;0.04266;0.04394
2025-05-06;USD_OIS_SOFR_2Y;0.042578;0.043822
2025-05-07;USD_OIS_SOFR_2Y;0.042388;0.043612
2025-05-08;USD_OIS_SOFR_2Y;0.042304;0.043496
2025-05-09;USD_OIS_SOFR_2Y;0.04222;0.04338
2025-05-12;USD_OIS_SOFR_2Y;0.042238;0.043362
2025-05-13;USD_OIS_SOFR_2Y;0.042445;0.043555
2025-05-14;USD_OIS_SOFR_2Y;0.042359;0.043441
2025-05-15;USD_OIS_SOFR_2Y;0.042566;0.043634
2025-05-16;USD_OIS_SOFR_2Y;0.042479;0.043521
2025-05-19;USD_OIS_SOFR_2Y;0.042392;0.043408
2025-05-20;USD_OIS_SOFR_2Y;0.042197;0.043203
2025-05-21;USD_OIS_SOFR_2Y;0.04211;0.04309
2025-05-22;USD_OIS_SOFR_2Y;0.042125;0.043075
2025-05-23;USD_OIS_SOFR_2Y;0.042139;0.043061
2025-05-27;USD_OIS_SOFR_2Y;0.042583;0.043617
2025-05-28;USD_OIS_SOFR_2Y;0.042788;0.043812
2025-05-29;USD_OIS_SOFR_2Y;0.042804;0.043796
2025-05-30;USD_OIS_SOFR_2Y;0.043008;0.043992
2025-06-02;USD_OIS_SOFR_2Y;0.043023;0.043977
2025-06-03;USD_OIS_SOFR_2Y;0.042712;0.043688
2025-06-04;USD_OIS_SOFR_2Y;0.042283;0.043317
2025-06-05;USD_OIS_SOFR_2Y;0.042396;0.043404
2025-06-06;USD_OIS_SOFR_2Y;0.042411;0.043389
2025-06-09;USD_OIS_SOFR_2Y;0.042426;0.043374
2025-06-10;USD_OIS_SOFR_2Y;0.042338;0.043262
2025-06-11;USD_OIS_SOFR_2Y;0.042352;0.043248
2025-06-12;USD_OIS_SOFR_2Y;0.042366;0.043234
2025-06-13;USD_OIS_SOFR_2Y;0.042379;0.043221
2025-06-16;USD_OIS_SOFR_2Y;0.042742;0.043658
2025-06-17;USD_OIS_SOFR_2Y;0.042653;0.043547
2025-06-18;USD_OIS_SOFR_2Y;0.042339;0.043261
2025-06-20;USD_OIS_SOFR_2Y;0.04245;0.04335
2025-06-23;USD_OIS_SOFR_2Y;0.042464;0.043336
2025-06-24;USD_OIS_SOFR_2Y;0.042574;0.043426
2025-06-25;USD_OIS_SOFR_2Y;0.043083;0.044117
2025-06-26;USD_OIS_SOFR_2Y;0.043457;0.044543
2025-06-27;USD_OIS_SOFR_2Y;0.043371;0.044429
2025-06-30;USD_OIS_SOFR_2Y;0.0439;0.0451
2025-07-01;USD_OIS_SOFR_2Y;0.043816;0.044984
2025-07-02;USD_OIS_SOFR_2Y;0.043397;0.044603
2025-07-03;USD_OIS_SOFR_2Y;0.04286;0.04414
2025-07-07;USD_OIS_SOFR_2Y;0.042671;0.043929
2025-07-08;USD_OIS_SOFR_2Y;0.042788;0.044012
2025-07-09;USD_OIS_SOFR_2Y;0.042597;0.043803
2025-07-10;USD_OIS_SOFR_2Y;0.042513;0.043687
2025-07-11;USD_OIS_SOFR_2Y;0.042531;0.043669
2025-07-14;USD_OIS_SOFR_2Y;0.042739;0.043861
2025-07-15;USD_OIS_SOFR_2Y;0.043118;0.044282
2025-07-16;USD_OIS_SOFR_2Y;0.042814;0.043986
2025-07-17;USD_OIS_SOFR_2Y;0.042832;0.043968
2025-07-18;USD_OIS_SOFR_2Y;0.042411;0.043589
2025-07-21;USD_OIS_SOFR_2Y;0.04222;0.04338
2025-07-22;USD_OIS_SOFR_2Y;0.042238;0.043362
2025-07-23;USD_OIS_SOFR_2Y;0.042255;0.043345
2025-07-24;USD_OIS_SOFR_2Y;0.042461;0.043539
2025-07-25;USD_OIS_SOFR_2Y;0.042992;0.044208
2025-07-28;USD_OIS_SOFR_2Y;0.04301;0.04419
2025-07-29;USD_OIS_SOFR_2Y;0.043028;0.044172
2025-07-30;USD_OIS_SOFR_2Y;0.042608;0.043792
2025-07-31;USD_OIS_SOFR_2Y;0.04322;0.04458
2025-08-01;USD_OIS_SOFR_2Y;0.042692;0.044108
2025-08-04;USD_OIS_SOFR_2Y;0.042611;0.043989
2025-08-05;USD_OIS_SOFR_2Y;0.04273;0.04407
2025-08-06;USD_OIS_SOFR_2Y;0.042751;0.044049
2025-08-07;USD_OIS_SOFR_2Y;0.042868;0.044132
2025-08-08;USD_OIS_SOFR_2Y;0.042888;0.044112
2025-08-11;USD_OIS_SOFR_2Y;0.042804;0.043996
2025-08-12;USD_OIS_SOFR_2Y;0.043013;0.044187
2025-08-13;USD_OIS_SOFR_2Y;0.04271;0.04389
2025-08-14;USD_OIS_SOFR_2Y;0.042825;0.043975
2025-08-15;USD_OIS_SOFR_2Y;0.043033;0.044167
2025-08-18;USD_OIS_SOFR_2Y;0.042841;0.043959
2025-08-19;USD_OIS_SOFR_2Y;0.042755;0.043845
2025-08-20;USD_OIS_SOFR_2Y;0.042562;0.043638
2025-08-21;USD_OIS_SOFR_2Y;0.042676;0.043724
2025-08-22;USD_OIS_SOFR_2Y;0.043051;0.044149
2025-08-25;USD_OIS_SOFR_2Y;0.043165;0.044235
2025-08-26;USD_OIS_SOFR_2Y;0.043279;0.044321
2025-08-27;USD_OIS_SOFR_2Y;0.043084;0.044116
2025-08-28;USD_OIS_SOFR_2Y;0.042889;0.043911
2025-08-29;USD_OIS_SOFR_2Y;0.042905;0.043895
2025-09-02;USD_OIS_SOFR_2Y;0.043354;0.044446
2025-09-03;USD_OIS_SOFR_2Y;0.043371;0.044429
2025-09-04;USD_OIS_SOFR_2Y;0.043576;0.044624
2025-09-05;USD_OIS_SOFR_2Y;0.04369;0.04471
2025-09-08;USD_OIS_SOFR_2Y;0.043494;0.044506
2025-09-09;USD_OIS_SOFR_2Y;0.04351;0.04449
2025-09-10;USD_OIS_SOFR_2Y;0.043422;0.044378
2025-09-11;USD_OIS_SOFR_2Y;0.043625;0.044575
2025-09-12;USD_OIS_SOFR_2Y;0.043736;0.044664
2025-09-15;USD_OIS_SOFR_2Y;0.044451;0.045749
2025-09-16;USD_OIS_SOFR_2Y;0.043014;0.044786
2025-09-17;USD_OIS_SOFR_2Y;0.04294;0.04466
2025-09-18;USD_OIS_SOFR_2Y;0.0399;0.0429
2025-09-19;USD_OIS_SOFR_2Y;0.039945;0.042855
2025-09-22;USD_OIS_SOFR_2Y;0.03999;0.04281
2025-09-23;USD_OIS_SOFR_2Y;0.039829;0.042571
2025-09-24;USD_OIS_SOFR_2Y;0.03997;0.04263
2025-09-25;USD_OIS_SOFR_2Y;0.040484;0.043116
2025-09-26;USD_OIS_SOFR_2Y;0.04032;0.04288
2025-09-29;USD_OIS_SOFR_2Y;0.040049;0.042551
2025-09-30;USD_OIS_SOFR_2Y;0.041059;0.043741
2025-10-01;USD_OIS_SOFR_2Y;0.040684;0.043316
2025-10-02;USD_OIS_SOFR_2Y;0.040724;0.043276
2025-10-03;USD_OIS_SOFR_2Y;0.040558;0.043042
2025-10-06;USD_OIS_SOFR_2Y;0.040286;0.042714
2025-10-07;USD_OIS_SOFR_2Y;0.040222;0.042578
2025-10-08;USD_OIS_SOFR_2Y;0.040053;0.042347
2025-10-09;USD_OIS_SOFR_2Y;0.040187;0.042413
2025-10-10;USD_OIS_SOFR_2Y;0.040416;0.042584
2025-10-14;USD_OIS_SOFR_2Y;0.040828;0.042972
2025-10-15;USD_OIS_SOFR_2Y;0.041738;0.044062
2025-10-16;USD_OIS_SOFR_2Y;0.041873;0.044127
2025-10-17;USD_OIS_SOFR_2Y;0.040542;0.043058
2025-10-20;USD_OIS_SOFR_2Y;0.040376;0.042824
2025-10-21;USD_OIS_SOFR_2Y;0.041058;0.043542
2025-10-22;USD_OIS_SOFR_2Y;0.040892;0.043308
2025-10-23;USD_OIS_SOFR_2Y;0.041218;0.043582
2025-10-24;USD_OIS_SOFR_2Y;0.041254;0.043546
2025-10-27;USD_OIS_SOFR_2Y;0.041578;0.043822
2025-10-28;USD_OIS_SOFR_2Y;0.041993;0.044207
2025-10-29;USD_OIS_SOFR_2Y;0.041606;0.043794
2025-10-30;USD_OIS_SOFR_2Y;0.038802;0.041998
2025-10-31;USD_OIS_SOFR_2Y;0.040391;0.044009
2025-11-03;USD_OIS_SOFR_2Y;0.039484;0.043116
2025-11-04;USD_OIS_SOFR_2Y;0.038115;0.041885
2025-11-05;USD_OIS_SOFR_2Y;0.037213;0.040987
2025-11-06;USD_OIS_SOFR_2Y;0.03737;0.04103
2025-11-07;USD_OIS_SOFR_2Y;0.037525;0.041075
2025-11-10;USD_OIS_SOFR_2Y;0.037776;0.041224
2025-11-12;USD_OIS_SOFR_2Y;0.038121;0.041479
2025-11-13;USD_OIS_SOFR_2Y;0.038369;0.041631
2025-11-14;USD_OIS_SOFR_2Y;0.037897;0.041103
2025-11-17;USD_OIS_SOFR_2Y;0.038425;0.041575
2025-11-18;USD_OIS_SOFR_2Y;0.037841;0.040959
2025-11-19;USD_OIS_SOFR_2Y;0.037581;0.040619
2025-11-20;USD_OIS_SOFR_2Y;0.037627;0.040573
2025-11-21;USD_OIS_SOFR_2Y;0.037868;0.040732
2025-11-24;USD_OIS_SOFR_2Y;0.038203;0.040997
2025-11-25;USD_OIS_SOFR_2Y;0.038721;0.041479
2025-11-26;USD_OIS_SOFR_2Y;0.039147;0.041853
2025-11-28;USD_OIS_SOFR_2Y;0.039838;0.042562
2025-12-01;USD_OIS_SOFR_2Y;0.03988;0.04252
2025-12-02;USD_OIS_SOFR_2Y;0.038698;0.041502
2025-12-03;USD_OIS_SOFR_2Y;0.038106;0.040894
2025-12-04;USD_OIS_SOFR_2Y;0.037839;0.040561
2025-12-05;USD_OIS_SOFR_2Y;0.03798;0.04062
2025-12-08;USD_OIS_SOFR_2Y;0.038216;0.040784
2025-12-09;USD_OIS_SOFR_2Y;0.03805;0.04055
2025-12-10;USD_OIS_SOFR_2Y;0.037779;0.040221
2025-12-11;USD_OIS_SOFR_2Y;0.03488;0.03832
2025-12-12;USD_OIS_SOFR_2Y;0.035032;0.038368
2025-12-15;USD_OIS_SOFR_2Y;0.03583;0.03917
2025-12-16;USD_OIS_SOFR_2Y;0.035251;0.038549
2025-12-17;USD_OIS_SOFR_2Y;0.035301;0.038499
2025-12-18;USD_OIS_SOFR_2Y;0.035042;0.038158
2025-12-19;USD_OIS_SOFR_2Y;0.03509;0.03811
2025-12-22;USD_OIS_SOFR_2Y;0.035332;0.038268
2025-12-23;USD_OIS_SOFR_2Y;0.035173;0.038027
2025-12-24;USD_OIS_SOFR_2Y;0.035216;0.037984
2025-12-26;USD_OIS_SOFR_2Y;0.036162;0.039038
2025-12-29;USD_OIS_SOFR_2Y;0.036304;0.039096
2025-12-30;USD_OIS_SOFR_2Y;0.035711;0.038489
2025-12-31;USD_OIS_SOFR_2Y;0.037118;0.040282
2026-01-02;USD_OIS_SOFR_2Y;0.035844;0.039156
2026-01-05;USD_OIS_SOFR_2Y;0.035374;0.038626
2026-01-06;USD_OIS_SOFR_2Y;0.03501;0.03819
2026-01-07;USD_OIS_SOFR_2Y;0.034957;0.038043
2026-01-08;USD_OIS_SOFR_2Y;0.034903;0.037897
2026-01-09;USD_OIS_SOFR_2Y;0.034949;0.037851
2026-01-12;USD_OIS_SOFR_2Y;0.034993;0.037807
2026-01-13;USD_OIS_SOFR_2Y;0.035135;0.037865
2026-01-14;USD_OIS_SOFR_2Y;0.035075;0.037725
2026-01-15;USD_OIS_SOFR_2Y;0.035312;0.037888
2026-01-16;USD_OIS_SOFR_2Y;0.03525;0.03775
2026-01-20;USD_OIS_SOFR_2Y;0.035187;0.037613
2026-01-21;USD_OIS_SOFR_2Y;0.035123;0.037477
2026-01-22;USD_OIS_SOFR_2Y;0.035257;0.037543
2026-01-23;USD_OIS_SOFR_2Y;0.035391;0.037609
2026-01-26;USD_OIS_SOFR_2Y;0.035523;0.037677
2026-01-27;USD_OIS_SOFR_2Y;0.035556;0.037644
2026-01-28;USD_OIS_SOFR_2Y;0.035383;0.037417
2026-01-29;USD_OIS_SOFR_2Y;0.035512;0.037488
2026-01-30;USD_OIS_SOFR_2Y;0.03583;0.03777
2026-02-02;USD_OIS_SOFR_2Y;0.035958;0.037842
2026-02-03;USD_OIS_SOFR_2Y;0.035987;0.037813
2026-02-04;USD_OIS_SOFR_2Y;0.03559;0.03741
2026-02-05;USD_OIS_SOFR_2Y;0.035618;0.037382
2026-02-06;USD_OIS_SOFR_2Y;0.035543;0.037257
2026-02-09;USD_OIS_SOFR_2Y;0.035468;0.037132
2026-02-10;USD_OIS_SOFR_2Y;0.035687;0.037313
2026-02-11;USD_OIS_SOFR_2Y;0.035711;0.037289
2026-02-12;USD_OIS_SOFR_2Y;0.035735;0.037265
2026-02-13;USD_OIS_SOFR_2Y;0.035857;0.037343
2026-02-17;USD_OIS_SOFR_2Y;0.036334;0.037866
2026-02-18;USD_OIS_SOFR_2Y;0.03655;0.03805
2026-02-19;USD_OIS_SOFR_2Y;0.035909;0.037491
2026-02-20;USD_OIS_SOFR_2Y;0.035831;0.037369
2026-02-23;USD_OIS_SOFR_2Y;0.035855;0.037345
2026-02-24;USD_OIS_SOFR_2Y;0.035976;0.037424
2026-02-25;USD_OIS_SOFR_2Y;0.035998;0.037402
2026-02-26;USD_OIS_SOFR_2Y;0.036019;0.037381
2026-02-27;USD_OIS_SOFR_2Y;0.036138;0.037462
2026-03-02;USD_OIS_SOFR_2Y;0.036439;0.037761
2026-03-03;USD_OIS_SOFR_2Y;0.036357;0.037643
2026-03-04;USD_OIS_SOFR_2Y;0.036058;0.037342
2026-03-05;USD_OIS_SOFR_2Y;0.035975;0.037225
2026-03-06;USD_OIS_SOFR_2Y;0.035892;0.037108
2026-03-09;USD_OIS_SOFR_2Y;0.03591;0.03709
2026-03-10;USD_OIS_SOFR_2Y;0.035826;0.036974
2026-03-11;USD_OIS_SOFR_2Y;0.035843;0.036957
2026-03-12;USD_OIS_SOFR_2Y;0.035958;0.037042
2026-03-13;USD_OIS_SOFR_2Y;0.035974;0.037026
2026-03-16;USD_OIS_SOFR_2Y;0.036428;0.037572
2026-03-17;USD_OIS_SOFR_2Y;0.035888;0.037112
2026-03-18;USD_OIS_SOFR_2Y;0.035586;0.036814
2026-03-19;USD_OIS_SOFR_2Y;0.035605;0.036795
2026-03-20;USD_OIS_SOFR_2Y;0.035623;0.036777
2026-03-23;USD_OIS_SOFR_2Y;0.035641;0.036759
2026-03-24;USD_OIS_SOFR_2Y;0.035755;0.036845
2026-03-25;USD_OIS_SOFR_2Y;0.035869;0.036931
2026-03-26;USD_OIS_SOFR_2Y;0.035983;0.037017
2026-03-27;USD_OIS_SOFR_2Y;0.035788;0.036812
2026-03-30;USD_OIS_SOFR_2Y;0.035803;0.036797
2026-03-31;USD_OIS_SOFR_2Y;0.036253;0.037347
2026-04-01;USD_OIS_SOFR_2Y;0.035947;0.037053
2026-04-02;USD_OIS_SOFR_2Y;0.036061;0.037139
2026-04-06;USD_OIS_SOFR_2Y;0.035975;0.037025
2026-04-07;USD_OIS_SOFR_2Y;0.035668;0.036732
2026-04-08;USD_OIS_SOFR_2Y;0.035361;0.036439
2026-04-09;USD_OIS_SOFR_2Y;0.035167;0.036233
2026-04-10;USD_OIS_SOFR_2Y;0.035543;0.036657
2026-04-13;USD_OIS_SOFR_2Y;0.03575;0.03685
2026-04-14;USD_OIS_SOFR_2Y;0.036045;0.037155
2026-04-15;USD_OIS_SOFR_2Y;0.036578;0.037822
2026-04-16;USD_OIS_SOFR_2Y;0.036043;0.037357
2026-04-17;USD_OIS_SOFR_2Y;0.035855;0.037145
2026-04-20;USD_OIS_SOFR_2Y;0.035666;0.036934
2026-04-21;USD_OIS_SOFR_2Y;0.035685;0.036915
2026-04-22;USD_OIS_SOFR_2Y;0.035802;0.036998
2014-02-18;USD_OIS_SOFR_3Y;0.00103;0.00123
2014-02-19;USD_OIS_SOFR_3Y;0.00103;0.00123
2014-02-20;USD_OIS_SOFR_3Y;0.00103;0.00123
2014-02-21;USD_OIS_SOFR_3Y;0.00103;0.00123
2014-02-24;USD_OIS_SOFR_3Y;0.00103;0.00123
2014-02-25;USD_OIS_SOFR_3Y;0.00103;0.00123
2014-02-26;USD_OIS_SOFR_3Y;0.00113;0.00133
2014-02-27;USD_OIS_SOFR_3Y;0.00113;0.00133
2014-02-28;USD_OIS_SOFR_3Y;0.00113;0.00133
2014-03-03;USD_OIS_SOFR_3Y;0.00113;0.00133
2014-03-04;USD_OIS_SOFR_3Y;0.00113;0.00133
2014-03-05;USD_OIS_SOFR_3Y;0.00113;0.00133
2014-03-06;USD_OIS_SOFR_3Y;0.00113;0.00133
2014-03-07;USD_OIS_SOFR_3Y;0.00113;0.00133
2014-03-10;USD_OIS_SOFR_3Y;0.00113;0.00133
2014-03-11;USD_OIS_SOFR_3Y;0.00113;0.00133
2014-03-12;USD_OIS_SOFR_3Y;0.00123;0.00143
2014-03-13;USD_OIS_SOFR_3Y;0.00123;0.00143
2014-03-14;USD_OIS_SOFR_3Y;0.00123;0.00143
2014-03-17;USD_OIS_SOFR_3Y;0.00123;0.00143
2014-03-18;USD_OIS_SOFR_3Y;0.00123;0.00143
2014-03-19;USD_OIS_SOFR_3Y;0.00123;0.00143
2014-03-20;USD_OIS_SOFR_3Y;0.00123;0.00143
2014-03-21;USD_OIS_SOFR_3Y;0.00123;0.00143
2014-03-24;USD_OIS_SOFR_3Y;0.00123;0.00143
2014-03-25;USD_OIS_SOFR_3Y;0.00123;0.00143
2014-03-26;USD_OIS_SOFR_3Y;0.00123;0.00143
2014-03-27;USD_OIS_SOFR_3Y;0.00123;0.00143
2014-03-28;USD_OIS_SOFR_3Y;0.00123;0.00143
2014-03-31;USD_OIS_SOFR_3Y;0.00123;0.00143
2014-04-01;USD_OIS_SOFR_3Y;0.00123;0.00143
2014-04-02;USD_OIS_SOFR_3Y;0.00123;0.00143
2014-04-03;USD_OIS_SOFR_3Y;0.00123;0.00143
2014-04-04;USD_OIS_SOFR_3Y;0.00123;0.00143
2014-04-07;USD_OIS_SOFR_3Y;0.00123;0.00143
2014-04-08;USD_OIS_SOFR_3Y;0.00123;0.00143
2014-04-09;USD_OIS_SOFR_3Y;0.00123;0.00143
2014-04-10;USD_OIS_SOFR_3Y;0.00123;0.00143
2014-04-11;USD_OIS_SOFR_3Y;0.00123;0.00143
2014-04-14;USD_OIS_SOFR_3Y;0.00123;0.00143
2014-04-15;USD_OIS_SOFR_3Y;0.00123;0.00143
2014-04-16;USD_OIS_SOFR_3Y;0.00133;0.00153
2014-04-17;USD_OIS_SOFR_3Y;0.00133;0.00153
2014-04-21;USD_OIS_SOFR_3Y;0.00133;0.00153
2014-04-22;USD_OIS_SOFR_3Y;0.00133;0.00153
2014-04-23;USD_OIS_SOFR_3Y;0.00143;0.00163
2014-04-24;USD_OIS_SOFR_3Y;0.00143;0.00163
2014-04-25;USD_OIS_SOFR_3Y;0.00143;0.00163
2014-04-28;USD_OIS_SOFR_3Y;0.00143;0.00163
2014-04-29;USD_OIS_SOFR_3Y;0.00143;0.00163
2014-04-30;USD_OIS_SOFR_3Y;0.001329;0.001531
2014-05-01;USD_OIS_SOFR_3Y;0.00133;0.00153
2014-05-02;USD_OIS_SOFR_3Y;0.00133;0.00153
2014-05-05;USD_OIS_SOFR_3Y;0.00133;0.00153
2014-05-06;USD_OIS_SOFR_3Y;0.00133;0.00153
2014-05-07;USD_OIS_SOFR_3Y;0.00133;0.00153
2014-05-08;USD_OIS_SOFR_3Y;0.00133;0.00153
2014-05-09;USD_OIS_SOFR_3Y;0.00133;0.00153
2014-05-12;USD_OIS_SOFR_3Y;0.00133;0.00153
2014-05-13;USD_OIS_SOFR_3Y;0.00133;0.00153
2014-05-14;USD_OIS_SOFR_3Y;0.00123;0.00143
2014-05-15;USD_OIS_SOFR_3Y;0.00123;0.00143
2014-05-16;USD_OIS_SOFR_3Y;0.00123;0.00143
2014-05-19;USD_OIS_SOFR_3Y;0.00123;0.00143
2014-05-20;USD_OIS_SOFR_3Y;0.00123;0.00143
2014-05-21;USD_OIS_SOFR_3Y;0.001325;0.001535
2014-05-22;USD_OIS_SOFR_3Y;0.001328;0.001532
2014-05-23;USD_OIS_SOFR_3Y;0.00133;0.00153
2014-05-27;USD_OIS_SOFR_3Y;0.00133;0.00153
2014-05-28;USD_OIS_SOFR_3Y;0.00133;0.00153
2014-05-29;USD_OIS_SOFR_3Y;0.00133;0.00153
2014-05-30;USD_OIS_SOFR_3Y;0.00133;0.00153
2014-06-02;USD_OIS_SOFR_3Y;0.00133;0.00153
2014-06-03;USD_OIS_SOFR_3Y;0.00133;0.00153
2014-06-04;USD_OIS_SOFR_3Y;0.00133;0.00153
2014-06-05;USD_OIS_SOFR_3Y;0.00133;0.00153
2014-06-06;USD_OIS_SOFR_3Y;0.00133;0.00153
2014-06-09;USD_OIS_SOFR_3Y;0.00133;0.00153
2014-06-10;USD_OIS_SOFR_3Y;0.00133;0.00153
2014-06-11;USD_OIS_SOFR_3Y;0.00133;0.00153
2014-06-12;USD_OIS_SOFR_3Y;0.00133;0.00153
2014-06-13;USD_OIS_SOFR_3Y;0.00133;0.00153
2014-06-16;USD_OIS_SOFR_3Y;0.00133;0.00153
2014-06-17;USD_OIS_SOFR_3Y;0.00133;0.00153
2014-06-18;USD_OIS_SOFR_3Y;0.00143;0.00163
2014-06-19;USD_OIS_SOFR_3Y;0.00143;0.00163
2014-06-20;USD_OIS_SOFR_3Y;0.00143;0.00163
2014-06-23;USD_OIS_SOFR_3Y;0.00143;0.00163
2014-06-24;USD_OIS_SOFR_3Y;0.00143;0.00163
2014-06-25;USD_OIS_SOFR_3Y;0.00143;0.00163
2014-06-26;USD_OIS_SOFR_3Y;0.00143;0.00163
2014-06-27;USD_OIS_SOFR_3Y;0.00143;0.00163
2014-06-30;USD_OIS_SOFR_3Y;0.00143;0.00163
2014-07-01;USD_OIS_SOFR_3Y;0.00143;0.00163
2014-07-02;USD_OIS_SOFR_3Y;0.00143;0.00163
2014-07-03;USD_OIS_SOFR_3Y;0.00143;0.00163
2014-07-07;USD_OIS_SOFR_3Y;0.00143;0.00163
2014-07-08;USD_OIS_SOFR_3Y;0.00143;0.00163
2014-07-09;USD_OIS_SOFR_3Y;0.00133;0.00153
2014-07-10;USD_OIS_SOFR_3Y;0.00133;0.00153
2014-07-11;USD_OIS_SOFR_3Y;0.00133;0.00153
2014-07-14;USD_OIS_SOFR_3Y;0.00133;0.00153
2014-07-15;USD_OIS_SOFR_3Y;0.00133;0.00153
2014-07-16;USD_OIS_SOFR_3Y;0.00133;0.00153
2014-07-17;USD_OIS_SOFR_3Y;0.00133;0.00153
2014-07-18;USD_OIS_SOFR_3Y;0.00133;0.00153
2014-07-21;USD_OIS_SOFR_3Y;0.00133;0.00153
2014-07-22;USD_OIS_SOFR_3Y;0.00133;0.00153
2014-07-23;USD_OIS_SOFR_3Y;0.00133;0.00153
2014-07-24;USD_OIS_SOFR_3Y;0.00133;0.00153
2014-07-25;USD_OIS_SOFR_3Y;0.00133;0.00153
2014-07-28;USD_OIS_SOFR_3Y;0.00133;0.00153
2014-07-29;USD_OIS_SOFR_3Y;0.00133;0.00153
2014-07-30;USD_OIS_SOFR_3Y;0.00133;0.00153
2014-07-31;USD_OIS_SOFR_3Y;0.00133;0.00153
2014-08-01;USD_OIS_SOFR_3Y;0.00133;0.00153
2014-08-04;USD_OIS_SOFR_3Y;0.00133;0.00153
2014-08-05;USD_OIS_SOFR_3Y;0.00133;0.00153
2014-08-06;USD_OIS_SOFR_3Y;0.00133;0.00153
2014-08-07;USD_OIS_SOFR_3Y;0.00133;0.00153
2014-08-08;USD_OIS_SOFR_3Y;0.00133;0.00153
2014-08-11;USD_OIS_SOFR_3Y;0.00133;0.00153
2014-08-12;USD_OIS_SOFR_3Y;0.00133;0.00153
2014-08-13;USD_OIS_SOFR_3Y;0.00133;0.00153
2014-08-14;USD_OIS_SOFR_3Y;0.00133;0.00153
2014-08-15;USD_OIS_SOFR_3Y;0.00133;0.00153
2014-08-18;USD_OIS_SOFR_3Y;0.00133;0.00153
2014-08-19;USD_OIS_SOFR_3Y;0.00133;0.00153
2014-08-20;USD_OIS_SOFR_3Y;0.00133;0.00153
2014-08-21;USD_OIS_SOFR_3Y;0.00133;0.00153
2014-08-22;USD_OIS_SOFR_3Y;0.00133;0.00153
2014-08-25;USD_OIS_SOFR_3Y;0.00133;0.00153
2014-08-26;USD_OIS_SOFR_3Y;0.00133;0.00153
2014-08-27;USD_OIS_SOFR_3Y;0.00133;0.00153
2014-08-28;USD_OIS_SOFR_3Y;0.00133;0.00153
2014-08-29;USD_OIS_SOFR_3Y;0.00133;0.00153
2014-09-02;USD_OIS_SOFR_3Y;0.00133;0.00153
2014-09-03;USD_OIS_SOFR_3Y;0.00123;0.00143
2014-09-04;USD_OIS_SOFR_3Y;0.00123;0.00143
2014-09-05;USD_OIS_SOFR_3Y;0.00123;0.00143
2014-09-08;USD_OIS_SOFR_3Y;0.00123;0.00143
2014-09-09;USD_OIS_SOFR_3Y;0.00123;0.00143
2014-09-10;USD_OIS_SOFR_3Y;0.00133;0.00153
2014-09-11;USD_OIS_SOFR_3Y;0.00133;0.00153
2014-09-12;USD_OIS_SOFR_3Y;0.00133;0.00153
2014-09-15;USD_OIS_SOFR_3Y;0.00133;0.00153
2014-09-16;USD_OIS_SOFR_3Y;0.00133;0.00153
2014-09-17;USD_OIS_SOFR_3Y;0.00133;0.00153
2014-09-18;USD_OIS_SOFR_3Y;0.00133;0.00153
2014-09-19;USD_OIS_SOFR_3Y;0.00133;0.00153
2014-09-22;USD_OIS_SOFR_3Y;0.00133;0.00153
2014-09-23;USD_OIS_SOFR_3Y;0.00133;0.00153
2014-09-24;USD_OIS_SOFR_3Y;0.00133;0.00153
2014-09-25;USD_OIS_SOFR_3Y;0.00133;0.00153
2014-09-26;USD_OIS_SOFR_3Y;0.00133;0.00153
2014-09-29;USD_OIS_SOFR_3Y;0.00133;0.00153
2014-09-30;USD_OIS_SOFR_3Y;0.00133;0.00153
2014-10-01;USD_OIS_SOFR_3Y;0.00133;0.00153
2014-10-02;USD_OIS_SOFR_3Y;0.00133;0.00153
2014-10-03;USD_OIS_SOFR_3Y;0.00133;0.00153
2014-10-06;USD_OIS_SOFR_3Y;0.00133;0.00153
2014-10-07;USD_OIS_SOFR_3Y;0.00133;0.00153
2014-10-08;USD_OIS_SOFR_3Y;0.00133;0.00153
2014-10-09;USD_OIS_SOFR_3Y;0.00133;0.00153
2014-10-10;USD_OIS_SOFR_3Y;0.00133;0.00153
2014-10-14;USD_OIS_SOFR_3Y;0.00133;0.00153
2014-10-15;USD_OIS_SOFR_3Y;0.00133;0.00153
2014-10-16;USD_OIS_SOFR_3Y;0.00133;0.00153
2014-10-17;USD_OIS_SOFR_3Y;0.00133;0.00153
2014-10-20;USD_OIS_SOFR_3Y;0.00133;0.00153
2014-10-21;USD_OIS_SOFR_3Y;0.00133;0.00153
2014-10-22;USD_OIS_SOFR_3Y;0.00133;0.00153
2014-10-23;USD_OIS_SOFR_3Y;0.00133;0.00153
2014-10-24;USD_OIS_SOFR_3Y;0.00133;0.00153
2014-10-27;USD_OIS_SOFR_3Y;0.00133;0.00153
2014-10-28;USD_OIS_SOFR_3Y;0.00133;0.00153
2014-10-29;USD_OIS_SOFR_3Y;0.00133;0.00153
2014-10-30;USD_OIS_SOFR_3Y;0.00133;0.00153
2014-10-31;USD_OIS_SOFR_3Y;0.00133;0.00153
2014-11-03;USD_OIS_SOFR_3Y;0.00133;0.00153
2014-11-04;USD_OIS_SOFR_3Y;0.00133;0.00153
2014-11-05;USD_OIS_SOFR_3Y;0.00123;0.00143
2014-11-06;USD_OIS_SOFR_3Y;0.00123;0.00143
2014-11-07;USD_OIS_SOFR_3Y;0.00123;0.00143
2014-11-10;USD_OIS_SOFR_3Y;0.00123;0.00143
2014-11-12;USD_OIS_SOFR_3Y;0.00133;0.00153
2014-11-13;USD_OIS_SOFR_3Y;0.00133;0.00153
2014-11-14;USD_OIS_SOFR_3Y;0.00133;0.00153
2014-11-17;USD_OIS_SOFR_3Y;0.00133;0.00153
2014-11-18;USD_OIS_SOFR_3Y;0.00133;0.00153
2014-11-19;USD_OIS_SOFR_3Y;0.00143;0.00163
2014-11-20;USD_OIS_SOFR_3Y;0.00143;0.00163
2014-11-21;USD_OIS_SOFR_3Y;0.00143;0.00163
2014-11-24;USD_OIS_SOFR_3Y;0.00143;0.00163
2014-11-25;USD_OIS_SOFR_3Y;0.00143;0.00163
2014-11-26;USD_OIS_SOFR_3Y;0.00143;0.00163
2014-11-28;USD_OIS_SOFR_3Y;0.00143;0.00163
2014-12-01;USD_OIS_SOFR_3Y;0.00143;0.00163
2014-12-02;USD_OIS_SOFR_3Y;0.00143;0.00163
2014-12-03;USD_OIS_SOFR_3Y;0.00143;0.00163
2014-12-04;USD_OIS_SOFR_3Y;0.00143;0.00163
2014-12-05;USD_OIS_SOFR_3Y;0.00143;0.00163
2014-12-08;USD_OIS_SOFR_3Y;0.00143;0.00163
2014-12-09;USD_OIS_SOFR_3Y;0.00143;0.00163
2014-12-10;USD_OIS_SOFR_3Y;0.001588;0.001872
2014-12-11;USD_OIS_SOFR_3Y;0.001592;0.001868
2014-12-12;USD_OIS_SOFR_3Y;0.001596;0.001864
2014-12-15;USD_OIS_SOFR_3Y;0.0016;0.00186
2014-12-16;USD_OIS_SOFR_3Y;0.001604;0.001856
2014-12-17;USD_OIS_SOFR_3Y;0.001608;0.001852
2014-12-18;USD_OIS_SOFR_3Y;0.001612;0.001848
2014-12-19;USD_OIS_SOFR_3Y;0.001615;0.001845
2014-12-22;USD_OIS_SOFR_3Y;0.001619;0.001841
2014-12-23;USD_OIS_SOFR_3Y;0.001622;0.001838
2014-12-24;USD_OIS_SOFR_3Y;0.001708;0.001952
2014-12-26;USD_OIS_SOFR_3Y;0.001711;0.001949
2014-12-29;USD_OIS_SOFR_3Y;0.001715;0.001945
2014-12-30;USD_OIS_SOFR_3Y;0.001718;0.001942
2014-12-31;USD_OIS_SOFR_3Y;0.001605;0.001855
2015-01-02;USD_OIS_SOFR_3Y;0.001608;0.001852
2015-01-05;USD_OIS_SOFR_3Y;0.001612;0.001848
2015-01-06;USD_OIS_SOFR_3Y;0.001616;0.001844
2015-01-07;USD_OIS_SOFR_3Y;0.001502;0.001758
2015-01-08;USD_OIS_SOFR_3Y;0.001506;0.001754
2015-01-09;USD_OIS_SOFR_3Y;0.00151;0.00175
2015-01-12;USD_OIS_SOFR_3Y;0.001513;0.001747
2015-01-13;USD_OIS_SOFR_3Y;0.001517;0.001743
2015-01-14;USD_OIS_SOFR_3Y;0.001603;0.001857
2015-01-15;USD_OIS_SOFR_3Y;0.001607;0.001853
2015-01-16;USD_OIS_SOFR_3Y;0.001611;0.001849
2015-01-20;USD_OIS_SOFR_3Y;0.001615;0.001845
2015-01-21;USD_OIS_SOFR_3Y;0.001701;0.001959
2015-01-22;USD_OIS_SOFR_3Y;0.001705;0.001955
2015-01-23;USD_OIS_SOFR_3Y;0.001709;0.001951
2015-01-26;USD_OIS_SOFR_3Y;0.001713;0.001947
2015-01-27;USD_OIS_SOFR_3Y;0.001716;0.001944
2015-01-28;USD_OIS_SOFR_3Y;0.001603;0.001857
2015-01-29;USD_OIS_SOFR_3Y;0.001607;0.001853
2015-01-30;USD_OIS_SOFR_3Y;0.00161;0.00185
2015-02-02;USD_OIS_SOFR_3Y;0.001614;0.001846
2015-02-03;USD_OIS_SOFR_3Y;0.001617;0.001843
2015-02-04;USD_OIS_SOFR_3Y;0.00121;0.00165
2015-02-05;USD_OIS_SOFR_3Y;0.001217;0.001643
2015-02-06;USD_OIS_SOFR_3Y;0.001223;0.001637
2015-02-09;USD_OIS_SOFR_3Y;0.00123;0.00163
2015-02-10;USD_OIS_SOFR_3Y;0.001236;0.001624
2015-02-11;USD_OIS_SOFR_3Y;0.001462;0.001998
2015-02-12;USD_OIS_SOFR_3Y;0.00147;0.00199
2015-02-13;USD_OIS_SOFR_3Y;0.001478;0.001982
2015-02-17;USD_OIS_SOFR_3Y;0.001486;0.001974
2015-02-18;USD_OIS_SOFR_3Y;0.001493;0.001967
2015-02-19;USD_OIS_SOFR_3Y;0.0015;0.00196
2015-02-20;USD_OIS_SOFR_3Y;0.001507;0.001953
2015-02-23;USD_OIS_SOFR_3Y;0.001514;0.001946
2015-02-24;USD_OIS_SOFR_3Y;0.001521;0.001939
2015-02-25;USD_OIS_SOFR_3Y;0.001527;0.001933
2015-02-26;USD_OIS_SOFR_3Y;0.001533;0.001927
2015-02-27;USD_OIS_SOFR_3Y;0.001539;0.001921
2015-03-02;USD_OIS_SOFR_3Y;0.001545;0.001915
2015-03-03;USD_OIS_SOFR_3Y;0.001551;0.001909
2015-03-04;USD_OIS_SOFR_3Y;0.001172;0.001688
2015-03-05;USD_OIS_SOFR_3Y;0.00118;0.00168
2015-03-06;USD_OIS_SOFR_3Y;0.001187;0.001673
2015-03-09;USD_OIS_SOFR_3Y;0.001195;0.001665
2015-03-10;USD_OIS_SOFR_3Y;0.001202;0.001658
2015-03-11;USD_OIS_SOFR_3Y;0.001438;0.002022
2015-03-12;USD_OIS_SOFR_3Y;0.001447;0.002013
2015-03-13;USD_OIS_SOFR_3Y;0.001455;0.002005
2015-03-16;USD_OIS_SOFR_3Y;0.001464;0.001996
2015-03-17;USD_OIS_SOFR_3Y;0.001472;0.001988
2015-03-18;USD_OIS_SOFR_3Y;0.001372;0.001888
2015-03-19;USD_OIS_SOFR_3Y;0.00138;0.00188
2015-03-20;USD_OIS_SOFR_3Y;0.001387;0.001873
2015-03-23;USD_OIS_SOFR_3Y;0.001395;0.001865
2015-03-24;USD_OIS_SOFR_3Y;0.001402;0.001858
2015-03-25;USD_OIS_SOFR_3Y;0.0015;0.00196
2015-03-26;USD_OIS_SOFR_3Y;0.001507;0.001953
2015-03-27;USD_OIS_SOFR_3Y;0.001514;0.001946
2015-03-30;USD_OIS_SOFR_3Y;0.00152;0.00194
2015-03-31;USD_OIS_SOFR_3Y;0.001527;0.001933
2015-04-01;USD_OIS_SOFR_3Y;0.001423;0.001837
2015-04-02;USD_OIS_SOFR_3Y;0.001429;0.001831
2015-04-03;USD_OIS_SOFR_3Y;0.001435;0.001825
2015-04-06;USD_OIS_SOFR_3Y;0.001441;0.001819
2015-04-07;USD_OIS_SOFR_3Y;0.001447;0.001813
2015-04-08;USD_OIS_SOFR_3Y;0.001541;0.001919
2015-04-09;USD_OIS_SOFR_3Y;0.001547;0.001913
2015-04-10;USD_OIS_SOFR_3Y;0.001553;0.001907
2015-04-13;USD_OIS_SOFR_3Y;0.001558;0.001902
2015-04-14;USD_OIS_SOFR_3Y;0.001563;0.001897
2015-04-15;USD_OIS_SOFR_3Y;0.001568;0.001892
2015-04-16;USD_OIS_SOFR_3Y;0.001573;0.001887
2015-04-17;USD_OIS_SOFR_3Y;0.001578;0.001882
2015-04-20;USD_OIS_SOFR_3Y;0.001583;0.001877
2015-04-21;USD_OIS_SOFR_3Y;0.001587;0.001873
2015-04-22;USD_OIS_SOFR_3Y;0.001678;0.001982
2015-04-23;USD_OIS_SOFR_3Y;0.001682;0.001978
2015-04-24;USD_OIS_SOFR_3Y;0.001687;0.001973
2015-04-27;USD_OIS_SOFR_3Y;0.001691;0.001969
2015-04-28;USD_OIS_SOFR_3Y;0.001695;0.001965
2015-04-29;USD_OIS_SOFR_3Y;0.001699;0.001961
2015-04-30;USD_OIS_SOFR_3Y;0.001703;0.001957
2015-05-01;USD_OIS_SOFR_3Y;0.001707;0.001953
2015-05-04;USD_OIS_SOFR_3Y;0.001711;0.001949
2015-05-05;USD_OIS_SOFR_3Y;0.001715;0.001945
2015-05-06;USD_OIS_SOFR_3Y;0.001601;0.001859
2015-05-07;USD_OIS_SOFR_3Y;0.001605;0.001855
2015-05-08;USD_OIS_SOFR_3Y;0.001609;0.001851
2015-05-11;USD_OIS_SOFR_3Y;0.001613;0.001847
2015-05-12;USD_OIS_SOFR_3Y;0.001616;0.001844
2015-05-13;USD_OIS_SOFR_3Y;0.001703;0.001957
2015-05-14;USD_OIS_SOFR_3Y;0.001707;0.001953
2015-05-15;USD_OIS_SOFR_3Y;0.00171;0.00195
2015-05-18;USD_OIS_SOFR_3Y;0.001714;0.001946
2015-05-19;USD_OIS_SOFR_3Y;0.001718;0.001942
2015-05-20;USD_OIS_SOFR_3Y;0.001721;0.001939
2015-05-21;USD_OIS_SOFR_3Y;0.001724;0.001936
2015-05-22;USD_OIS_SOFR_3Y;0.001728;0.001932
2015-05-26;USD_OIS_SOFR_3Y;0.00173;0.00193
2015-05-27;USD_OIS_SOFR_3Y;0.00173;0.00193
2015-05-28;USD_OIS_SOFR_3Y;0.00173;0.00193
2015-05-29;USD_OIS_SOFR_3Y;0.00173;0.00193
2015-06-01;USD_OIS_SOFR_3Y;0.00173;0.00193
2015-06-02;USD_OIS_SOFR_3Y;0.00173;0.00193
2015-06-03;USD_OIS_SOFR_3Y;0.001322;0.001738
2015-06-04;USD_OIS_SOFR_3Y;0.001328;0.001732
2015-06-05;USD_OIS_SOFR_3Y;0.001334;0.001726
2015-06-08;USD_OIS_SOFR_3Y;0.00134;0.00172
2015-06-09;USD_OIS_SOFR_3Y;0.001346;0.001714
2015-06-10;USD_OIS_SOFR_3Y;0.001569;0.002091
2015-06-11;USD_OIS_SOFR_3Y;0.001577;0.002083
2015-06-12;USD_OIS_SOFR_3Y;0.001585;0.002075
2015-06-15;USD_OIS_SOFR_3Y;0.001592;0.002068
2015-06-16;USD_OIS_SOFR_3Y;0.001599;0.002061
2015-06-17;USD_OIS_SOFR_3Y;0.001606;0.002054
2015-06-18;USD_OIS_SOFR_3Y;0.001613;0.002047
2015-06-19;USD_OIS_SOFR_3Y;0.00162;0.00204
2015-06-22;USD_OIS_SOFR_3Y;0.001626;0.002034
2015-06-23;USD_OIS_SOFR_3Y;0.001632;0.002028
2015-06-24;USD_OIS_SOFR_3Y;0.001638;0.002022
2015-06-25;USD_OIS_SOFR_3Y;0.001644;0.002016
2015-06-26;USD_OIS_SOFR_3Y;0.00165;0.00201
2015-06-29;USD_OIS_SOFR_3Y;0.001655;0.002005
2015-06-30;USD_OIS_SOFR_3Y;0.001661;0.001999
2015-07-01;USD_OIS_SOFR_3Y;0.001554;0.001906
2015-07-02;USD_OIS_SOFR_3Y;0.001559;0.001901
2015-07-06;USD_OIS_SOFR_3Y;0.001564;0.001896
2015-07-07;USD_OIS_SOFR_3Y;0.00157;0.00189
2015-07-08;USD_OIS_SOFR_3Y;0.001662;0.001998
2015-07-09;USD_OIS_SOFR_3Y;0.001667;0.001993
2015-07-10;USD_OIS_SOFR_3Y;0.001672;0.001988
2015-07-13;USD_OIS_SOFR_3Y;0.001677;0.001983
2015-07-14;USD_OIS_SOFR_3Y;0.001681;0.001979
2015-07-15;USD_OIS_SOFR_3Y;0.001686;0.001974
2015-07-16;USD_OIS_SOFR_3Y;0.00169;0.00197
2015-07-17;USD_OIS_SOFR_3Y;0.001695;0.001965
2015-07-20;USD_OIS_SOFR_3Y;0.001699;0.001961
2015-07-21;USD_OIS_SOFR_3Y;0.001703;0.001957
2015-07-22;USD_OIS_SOFR_3Y;0.001707;0.001953
2015-07-23;USD_OIS_SOFR_3Y;0.00171;0.00195
2015-07-24;USD_OIS_SOFR_3Y;0.001714;0.001946
2015-07-27;USD_OIS_SOFR_3Y;0.001718;0.001942
2015-07-28;USD_OIS_SOFR_3Y;0.001721;0.001939
2015-07-29;USD_OIS_SOFR_3Y;0.001724;0.001936
2015-07-30;USD_OIS_SOFR_3Y;0.001728;0.001932
2015-07-31;USD_OIS_SOFR_3Y;0.00173;0.00193
2015-08-03;USD_OIS_SOFR_3Y;0.00173;0.00193
2015-08-04;USD_OIS_SOFR_3Y;0.00173;0.00193
2015-08-05;USD_OIS_SOFR_3Y;0.001474;0.001786
2015-08-06;USD_OIS_SOFR_3Y;0.001479;0.001781
2015-08-07;USD_OIS_SOFR_3Y;0.001483;0.001777
2015-08-10;USD_OIS_SOFR_3Y;0.001488;0.001772
2015-08-11;USD_OIS_SOFR_3Y;0.001492;0.001768
2015-08-12;USD_OIS_SOFR_3Y;0.001697;0.002163
2015-08-13;USD_OIS_SOFR_3Y;0.001704;0.002156
2015-08-14;USD_OIS_SOFR_3Y;0.001711;0.002149
2015-08-17;USD_OIS_SOFR_3Y;0.001718;0.002142
2015-08-18;USD_OIS_SOFR_3Y;0.001724;0.002136
2015-08-19;USD_OIS_SOFR_3Y;0.00182;0.00224
2015-08-20;USD_OIS_SOFR_3Y;0.001827;0.002233
2015-08-21;USD_OIS_SOFR_3Y;0.001833;0.002227
2015-08-24;USD_OIS_SOFR_3Y;0.001839;0.002221
2015-08-25;USD_OIS_SOFR_3Y;0.001845;0.002215
2015-08-26;USD_OIS_SOFR_3Y;0.00185;0.00221
2015-08-27;USD_OIS_SOFR_3Y;0.001856;0.002204
2015-08-28;USD_OIS_SOFR_3Y;0.001861;0.002199
2015-08-31;USD_OIS_SOFR_3Y;0.001866;0.002194
2015-09-01;USD_OIS_SOFR_3Y;0.001871;0.002189
2015-09-02;USD_OIS_SOFR_3Y;0.00163;0.00203
2015-09-03;USD_OIS_SOFR_3Y;0.001636;0.002024
2015-09-04;USD_OIS_SOFR_3Y;0.001642;0.002018
2015-09-08;USD_OIS_SOFR_3Y;0.001648;0.002012
2015-09-09;USD_OIS_SOFR_3Y;0.001742;0.002118
2015-09-10;USD_OIS_SOFR_3Y;0.001748;0.002112
2015-09-11;USD_OIS_SOFR_3Y;0.001754;0.002106
2015-09-14;USD_OIS_SOFR_3Y;0.001759;0.002101
2015-09-15;USD_OIS_SOFR_3Y;0.001764;0.002096
2015-09-16;USD_OIS_SOFR_3Y;0.001769;0.002091
2015-09-17;USD_OIS_SOFR_3Y;0.001774;0.002086
2015-09-18;USD_OIS_SOFR_3Y;0.001779;0.002081
2015-09-21;USD_OIS_SOFR_3Y;0.001784;0.002076
2015-09-22;USD_OIS_SOFR_3Y;0.001788;0.002072
2015-09-23;USD_OIS_SOFR_3Y;0.001792;0.002068
2015-09-24;USD_OIS_SOFR_3Y;0.001797;0.002063
2015-09-25;USD_OIS_SOFR_3Y;0.001801;0.002059
2015-09-28;USD_OIS_SOFR_3Y;0.001805;0.002055
2015-09-29;USD_OIS_SOFR_3Y;0.001808;0.002052
2015-09-30;USD_OIS_SOFR_3Y;0.001556;0.001904
2015-10-01;USD_OIS_SOFR_3Y;0.001562;0.001898
2015-10-02;USD_OIS_SOFR_3Y;0.001567;0.001893
2015-10-05;USD_OIS_SOFR_3Y;0.001572;0.001888
2015-10-06;USD_OIS_SOFR_3Y;0.001577;0.001883
2015-10-07;USD_OIS_SOFR_3Y;0.001668;0.001992
2015-10-08;USD_OIS_SOFR_3Y;0.001673;0.001987
2015-10-09;USD_OIS_SOFR_3Y;0.001678;0.001982
2015-10-13;USD_OIS_SOFR_3Y;0.001683;0.001977
2015-10-14;USD_OIS_SOFR_3Y;0.001687;0.001973
2015-10-15;USD_OIS_SOFR_3Y;0.001691;0.001969
2015-10-16;USD_OIS_SOFR_3Y;0.001696;0.001964
2015-10-19;USD_OIS_SOFR_3Y;0.0017;0.00196
2015-10-20;USD_OIS_SOFR_3Y;0.001704;0.001956
2015-10-21;USD_OIS_SOFR_3Y;0.001708;0.001952
2015-10-22;USD_OIS_SOFR_3Y;0.001711;0.001949
2015-10-23;USD_OIS_SOFR_3Y;0.001715;0.001945
2015-10-26;USD_OIS_SOFR_3Y;0.001718;0.001942
2015-10-27;USD_OIS_SOFR_3Y;0.001722;0.001938
2015-10-28;USD_OIS_SOFR_3Y;0.001607;0.001853
2015-10-29;USD_OIS_SOFR_3Y;0.001611;0.001849
2015-10-30;USD_OIS_SOFR_3Y;0.001615;0.001845
2015-11-02;USD_OIS_SOFR_3Y;0.001618;0.001842
2015-11-03;USD_OIS_SOFR_3Y;0.001622;0.001838
2015-11-04;USD_OIS_SOFR_3Y;0.001365;0.001695
2015-11-05;USD_OIS_SOFR_3Y;0.00137;0.00169
2015-11-06;USD_OIS_SOFR_3Y;0.001375;0.001685
2015-11-09;USD_OIS_SOFR_3Y;0.00138;0.00168
2015-11-10;USD_OIS_SOFR_3Y;0.001384;0.001676
2015-11-12;USD_OIS_SOFR_3Y;0.00154;0.00192
2015-11-13;USD_OIS_SOFR_3Y;0.001546;0.001914
2015-11-16;USD_OIS_SOFR_3Y;0.001551;0.001909
2015-11-17;USD_OIS_SOFR_3Y;0.001557;0.001903
2015-11-18;USD_OIS_SOFR_3Y;0.001562;0.001898
2015-11-19;USD_OIS_SOFR_3Y;0.001567;0.001893
2015-11-20;USD_OIS_SOFR_3Y;0.001572;0.001888
2015-11-23;USD_OIS_SOFR_3Y;0.001577;0.001883
2015-11-24;USD_OIS_SOFR_3Y;0.001581;0.001879
2015-11-25;USD_OIS_SOFR_3Y;0.001586;0.001874
2015-11-27;USD_OIS_SOFR_3Y;0.00159;0.00187
2015-11-30;USD_OIS_SOFR_3Y;0.001595;0.001865
2015-12-01;USD_OIS_SOFR_3Y;0.001599;0.001861
2015-12-02;USD_OIS_SOFR_3Y;0.001603;0.001857
2015-12-03;USD_OIS_SOFR_3Y;0.001607;0.001853
2015-12-04;USD_OIS_SOFR_3Y;0.00161;0.00185
2015-12-07;USD_OIS_SOFR_3Y;0.001614;0.001846
2015-12-08;USD_OIS_SOFR_3Y;0.001618;0.001842
2015-12-09;USD_OIS_SOFR_3Y;0.001704;0.001956
2015-12-10;USD_OIS_SOFR_3Y;0.001708;0.001952
2015-12-11;USD_OIS_SOFR_3Y;0.001711;0.001949
2015-12-14;USD_OIS_SOFR_3Y;0.001715;0.001945
2015-12-15;USD_OIS_SOFR_3Y;0.001718;0.001942
2015-12-16;USD_OIS_SOFR_3Y;0.001805;0.002055
2015-12-17;USD_OIS_SOFR_3Y;0.001808;0.002052
2015-12-18;USD_OIS_SOFR_3Y;0.001812;0.002048
2015-12-21;USD_OIS_SOFR_3Y;0.001816;0.002044
2015-12-22;USD_OIS_SOFR_3Y;0.001819;0.002041
2015-12-23;USD_OIS_SOFR_3Y;0.002762;0.005698
2015-12-24;USD_OIS_SOFR_3Y;0.002807;0.005653
2015-12-28;USD_OIS_SOFR_3Y;0.00285;0.00561
2015-12-29;USD_OIS_SOFR_3Y;0.002892;0.005568
2015-12-30;USD_OIS_SOFR_3Y;0.002832;0.005428
2015-12-31;USD_OIS_SOFR_3Y;0.002871;0.005389
2016-01-04;USD_OIS_SOFR_3Y;0.00291;0.00535
2016-01-05;USD_OIS_SOFR_3Y;0.002947;0.005313
2016-01-06;USD_OIS_SOFR_3Y;0.001948;0.004512
2016-01-07;USD_OIS_SOFR_3Y;0.001987;0.004473
2016-01-08;USD_OIS_SOFR_3Y;0.002025;0.004435
2016-01-11;USD_OIS_SOFR_3Y;0.002061;0.004399
2016-01-12;USD_OIS_SOFR_3Y;0.002097;0.004363
2016-01-13;USD_OIS_SOFR_3Y;0.002891;0.005369
2016-01-14;USD_OIS_SOFR_3Y;0.002929;0.005331
2016-01-15;USD_OIS_SOFR_3Y;0.002965;0.005295
2016-01-19;USD_OIS_SOFR_3Y;0.003001;0.005259
2016-01-20;USD_OIS_SOFR_3Y;0.003035;0.005225
2016-01-21;USD_OIS_SOFR_3Y;0.003069;0.005191
2016-01-22;USD_OIS_SOFR_3Y;0.003101;0.005159
2016-01-25;USD_OIS_SOFR_3Y;0.003132;0.005128
2016-01-26;USD_OIS_SOFR_3Y;0.003163;0.005097
2016-01-27;USD_OIS_SOFR_3Y;0.003384;0.005276
2016-01-28;USD_OIS_SOFR_3Y;0.003412;0.005248
2016-01-29;USD_OIS_SOFR_3Y;0.00344;0.00522
2016-02-01;USD_OIS_SOFR_3Y;0.003468;0.005192
2016-02-02;USD_OIS_SOFR_3Y;0.003494;0.005166
2016-02-03;USD_OIS_SOFR_3Y;0.00308;0.00478
2016-02-04;USD_OIS_SOFR_3Y;0.003106;0.004754
2016-02-05;USD_OIS_SOFR_3Y;0.003131;0.004729
2016-02-08;USD_OIS_SOFR_3Y;0.003156;0.004704
2016-02-09;USD_OIS_SOFR_3Y;0.003179;0.004681
2016-02-10;USD_OIS_SOFR_3Y;0.003559;0.005101
2016-02-11;USD_OIS_SOFR_3Y;0.003582;0.005078
2016-02-12;USD_OIS_SOFR_3Y;0.003605;0.005055
2016-02-16;USD_OIS_SOFR_3Y;0.003627;0.005033
2016-02-17;USD_OIS_SOFR_3Y;0.003649;0.005011
2016-02-18;USD_OIS_SOFR_3Y;0.003669;0.004991
2016-02-19;USD_OIS_SOFR_3Y;0.003689;0.004971
2016-02-22;USD_OIS_SOFR_3Y;0.003709;0.004951
2016-02-23;USD_OIS_SOFR_3Y;0.003728;0.004932
2016-02-24;USD_OIS_SOFR_3Y;0.003746;0.004914
2016-02-25;USD_OIS_SOFR_3Y;0.003764;0.004896
2016-02-26;USD_OIS_SOFR_3Y;0.003781;0.004879
2016-02-29;USD_OIS_SOFR_3Y;0.003798;0.004862
2016-03-01;USD_OIS_SOFR_3Y;0.003814;0.004846
2016-03-02;USD_OIS_SOFR_3Y;0.003614;0.004646
2016-03-03;USD_OIS_SOFR_3Y;0.00363;0.00463
2016-03-04;USD_OIS_SOFR_3Y;0.003645;0.004615
2016-03-07;USD_OIS_SOFR_3Y;0.00366;0.0046
2016-03-08;USD_OIS_SOFR_3Y;0.003674;0.004586
2016-03-09;USD_OIS_SOFR_3Y;0.003688;0.004572
2016-03-10;USD_OIS_SOFR_3Y;0.003701;0.004559
2016-03-11;USD_OIS_SOFR_3Y;0.003714;0.004546
2016-03-14;USD_OIS_SOFR_3Y;0.003727;0.004533
2016-03-15;USD_OIS_SOFR_3Y;0.003739;0.004521
2016-03-16;USD_OIS_SOFR_3Y;0.003751;0.004509
2016-03-17;USD_OIS_SOFR_3Y;0.003763;0.004497
2016-03-18;USD_OIS_SOFR_3Y;0.003774;0.004486
2016-03-21;USD_OIS_SOFR_3Y;0.003785;0.004475
2016-03-22;USD_OIS_SOFR_3Y;0.003795;0.004465
2016-03-23;USD_OIS_SOFR_3Y;0.003899;0.004561
2016-03-24;USD_OIS_SOFR_3Y;0.003909;0.004551
2016-03-28;USD_OIS_SOFR_3Y;0.003919;0.004541
2016-03-29;USD_OIS_SOFR_3Y;0.003929;0.004531
2016-03-30;USD_OIS_SOFR_3Y;0.003938;0.004522
2016-03-31;USD_OIS_SOFR_3Y;0.003947;0.004513
2016-04-01;USD_OIS_SOFR_3Y;0.003955;0.004505
2016-04-04;USD_OIS_SOFR_3Y;0.003964;0.004496
2016-04-05;USD_OIS_SOFR_3Y;0.003972;0.004488
2016-04-06;USD_OIS_SOFR_3Y;0.003749;0.004311
2016-04-07;USD_OIS_SOFR_3Y;0.003758;0.004302
2016-04-08;USD_OIS_SOFR_3Y;0.003766;0.004294
2016-04-11;USD_OIS_SOFR_3Y;0.003774;0.004286
2016-04-12;USD_OIS_SOFR_3Y;0.003782;0.004278
2016-04-13;USD_OIS_SOFR_3Y;0.003958;0.004502
2016-04-14;USD_OIS_SOFR_3Y;0.003966;0.004494
2016-04-15;USD_OIS_SOFR_3Y;0.003974;0.004486
2016-04-18;USD_OIS_SOFR_3Y;0.003982;0.004478
2016-04-19;USD_OIS_SOFR_3Y;0.00399;0.00447
2016-04-20;USD_OIS_SOFR_3Y;0.003997;0.004463
2016-04-21;USD_OIS_SOFR_3Y;0.004004;0.004456
2016-04-22;USD_OIS_SOFR_3Y;0.004011;0.004449
2016-04-25;USD_OIS_SOFR_3Y;0.004018;0.004442
2016-04-26;USD_OIS_SOFR_3Y;0.004024;0.004436
2016-04-27;USD_OIS_SOFR_3Y;0.00403;0.00443
2016-04-28;USD_OIS_SOFR_3Y;0.004036;0.004424
2016-04-29;USD_OIS_SOFR_3Y;0.004042;0.004418
2016-05-02;USD_OIS_SOFR_3Y;0.004048;0.004412
2016-05-03;USD_OIS_SOFR_3Y;0.004054;0.004406
2016-05-04;USD_OIS_SOFR_3Y;0.003674;0.004186
2016-05-05;USD_OIS_SOFR_3Y;0.003681;0.004179
2016-05-06;USD_OIS_SOFR_3Y;0.003689;0.004171
2016-05-09;USD_OIS_SOFR_3Y;0.003696;0.004164
2016-05-10;USD_OIS_SOFR_3Y;0.003703;0.004157
2016-05-11;USD_OIS_SOFR_3Y;0.003939;0.004521
2016-05-12;USD_OIS_SOFR_3Y;0.003948;0.004512
2016-05-13;USD_OIS_SOFR_3Y;0.003956;0.004504
2016-05-16;USD_OIS_SOFR_3Y;0.003965;0.004495
2016-05-17;USD_OIS_SOFR_3Y;0.003973;0.004487
2016-05-18;USD_OIS_SOFR_3Y;0.003981;0.004479
2016-05-19;USD_OIS_SOFR_3Y;0.003988;0.004472
2016-05-20;USD_OIS_SOFR_3Y;0.003996;0.004464
2016-05-23;USD_OIS_SOFR_3Y;0.004003;0.004457
2016-05-24;USD_OIS_SOFR_3Y;0.00401;0.00445
2016-05-25;USD_OIS_SOFR_3Y;0.004016;0.004444
2016-05-26;USD_OIS_SOFR_3Y;0.004023;0.004437
2016-05-27;USD_OIS_SOFR_3Y;0.004029;0.004431
2016-05-31;USD_OIS_SOFR_3Y;0.004035;0.004425
2016-06-01;USD_OIS_SOFR_3Y;0.003931;0.004329
2016-06-02;USD_OIS_SOFR_3Y;0.003937;0.004323
2016-06-03;USD_OIS_SOFR_3Y;0.003943;0.004317
2016-06-06;USD_OIS_SOFR_3Y;0.003948;0.004312
2016-06-07;USD_OIS_SOFR_3Y;0.003954;0.004306
2016-06-08;USD_OIS_SOFR_3Y;0.004048;0.004412
2016-06-09;USD_OIS_SOFR_3Y;0.004053;0.004407
2016-06-10;USD_OIS_SOFR_3Y;0.004059;0.004401
2016-06-13;USD_OIS_SOFR_3Y;0.004064;0.004396
2016-06-14;USD_OIS_SOFR_3Y;0.004069;0.004391
2016-06-15;USD_OIS_SOFR_3Y;0.004074;0.004386
2016-06-16;USD_OIS_SOFR_3Y;0.004079;0.004381
2016-06-17;USD_OIS_SOFR_3Y;0.004083;0.004377
2016-06-20;USD_OIS_SOFR_3Y;0.004088;0.004372
2016-06-21;USD_OIS_SOFR_3Y;0.004092;0.004368
2016-06-22;USD_OIS_SOFR_3Y;0.004182;0.004478
2016-06-23;USD_OIS_SOFR_3Y;0.004186;0.004474
2016-06-24;USD_OIS_SOFR_3Y;0.004191;0.004469
2016-06-27;USD_OIS_SOFR_3Y;0.004195;0.004465
2016-06-28;USD_OIS_SOFR_3Y;0.004199;0.004461
2016-06-29;USD_OIS_SOFR_3Y;0.00435;0.00471
2016-06-30;USD_OIS_SOFR_3Y;0.004356;0.004704
2016-07-01;USD_OIS_SOFR_3Y;0.004361;0.004699
2016-07-05;USD_OIS_SOFR_3Y;0.004366;0.004694
2016-07-06;USD_OIS_SOFR_3Y;0.004259;0.004601
2016-07-07;USD_OIS_SOFR_3Y;0.004264;0.004596
2016-07-08;USD_OIS_SOFR_3Y;0.004269;0.004591
2016-07-11;USD_OIS_SOFR_3Y;0.004274;0.004586
2016-07-12;USD_OIS_SOFR_3Y;0.004279;0.004581
2016-07-13;USD_OIS_SOFR_3Y;0.00437;0.00469
2016-07-14;USD_OIS_SOFR_3Y;0.004375;0.004685
2016-07-15;USD_OIS_SOFR_3Y;0.00438;0.00468
2016-07-18;USD_OIS_SOFR_3Y;0.004384;0.004676
2016-07-19;USD_OIS_SOFR_3Y;0.004389;0.004671
2016-07-20;USD_OIS_SOFR_3Y;0.004393;0.004667
2016-07-21;USD_OIS_SOFR_3Y;0.004397;0.004663
2016-07-22;USD_OIS_SOFR_3Y;0.004401;0.004659
2016-07-25;USD_OIS_SOFR_3Y;0.004405;0.004655
2016-07-26;USD_OIS_SOFR_3Y;0.004409;0.004651
2016-07-27;USD_OIS_SOFR_3Y;0.004413;0.004647
2016-07-28;USD_OIS_SOFR_3Y;0.004416;0.004644
2016-07-29;USD_OIS_SOFR_3Y;0.00442;0.00464
2016-08-01;USD_OIS_SOFR_3Y;0.004423;0.004637
2016-08-02;USD_OIS_SOFR_3Y;0.004426;0.004634
2016-08-03;USD_OIS_SOFR_3Y;0.003856;0.004404
2016-08-04;USD_OIS_SOFR_3Y;0.003865;0.004395
2016-08-05;USD_OIS_SOFR_3Y;0.003873;0.004387
2016-08-08;USD_OIS_SOFR_3Y;0.003881;0.004379
2016-08-09;USD_OIS_SOFR_3Y;0.003888;0.004372
2016-08-10;USD_OIS_SOFR_3Y;0.004184;0.004876
2016-08-11;USD_OIS_SOFR_3Y;0.004194;0.004866
2016-08-12;USD_OIS_SOFR_3Y;0.004205;0.004855
2016-08-15;USD_OIS_SOFR_3Y;0.004215;0.004845
2016-08-16;USD_OIS_SOFR_3Y;0.004224;0.004836
2016-08-17;USD_OIS_SOFR_3Y;0.004234;0.004826
2016-08-18;USD_OIS_SOFR_3Y;0.004243;0.004817
2016-08-19;USD_OIS_SOFR_3Y;0.004251;0.004809
2016-08-22;USD_OIS_SOFR_3Y;0.00426;0.0048
2016-08-23;USD_OIS_SOFR_3Y;0.004268;0.004792
2016-08-24;USD_OIS_SOFR_3Y;0.004276;0.004784
2016-08-25;USD_OIS_SOFR_3Y;0.004284;0.004776
2016-08-26;USD_OIS_SOFR_3Y;0.004291;0.004769
2016-08-29;USD_OIS_SOFR_3Y;0.004299;0.004761
2016-08-30;USD_OIS_SOFR_3Y;0.004306;0.004754
2016-08-31;USD_OIS_SOFR_3Y;0.004203;0.004657
2016-09-01;USD_OIS_SOFR_3Y;0.00421;0.00465
2016-09-02;USD_OIS_SOFR_3Y;0.004217;0.004643
2016-09-06;USD_OIS_SOFR_3Y;0.004223;0.004637
2016-09-07;USD_OIS_SOFR_3Y;0.00432;0.00474
2016-09-08;USD_OIS_SOFR_3Y;0.004326;0.004734
2016-09-09;USD_OIS_SOFR_3Y;0.004332;0.004728
2016-09-12;USD_OIS_SOFR_3Y;0.004338;0.004722
2016-09-13;USD_OIS_SOFR_3Y;0.004344;0.004716
2016-09-14;USD_OIS_SOFR_3Y;0.00435;0.00471
2016-09-15;USD_OIS_SOFR_3Y;0.004355;0.004705
2016-09-16;USD_OIS_SOFR_3Y;0.004361;0.004699
2016-09-19;USD_OIS_SOFR_3Y;0.004366;0.004694
2016-09-20;USD_OIS_SOFR_3Y;0.004371;0.004689
2016-09-21;USD_OIS_SOFR_3Y;0.004376;0.004684
2016-09-22;USD_OIS_SOFR_3Y;0.00438;0.00468
2016-09-23;USD_OIS_SOFR_3Y;0.004385;0.004675
2016-09-26;USD_OIS_SOFR_3Y;0.004389;0.004671
2016-09-27;USD_OIS_SOFR_3Y;0.004394;0.004666
2016-09-28;USD_OIS_SOFR_3Y;0.004398;0.004662
2016-09-29;USD_OIS_SOFR_3Y;0.004402;0.004658
2016-09-30;USD_OIS_SOFR_3Y;0.004406;0.004654
2016-10-03;USD_OIS_SOFR_3Y;0.00441;0.00465
2016-10-04;USD_OIS_SOFR_3Y;0.004413;0.004647
2016-10-05;USD_OIS_SOFR_3Y;0.003692;0.004368
2016-10-06;USD_OIS_SOFR_3Y;0.003703;0.004357
2016-10-07;USD_OIS_SOFR_3Y;0.003713;0.004347
2016-10-11;USD_OIS_SOFR_3Y;0.003722;0.004338
2016-10-12;USD_OIS_SOFR_3Y;0.004094;0.004966
2016-10-13;USD_OIS_SOFR_3Y;0.004107;0.004953
2016-10-14;USD_OIS_SOFR_3Y;0.00412;0.00494
2016-10-17;USD_OIS_SOFR_3Y;0.004132;0.004928
2016-10-18;USD_OIS_SOFR_3Y;0.004145;0.004915
2016-10-19;USD_OIS_SOFR_3Y;0.004251;0.005009
2016-10-20;USD_OIS_SOFR_3Y;0.004262;0.004998
2016-10-21;USD_OIS_SOFR_3Y;0.004274;0.004986
2016-10-24;USD_OIS_SOFR_3Y;0.004285;0.004975
2016-10-25;USD_OIS_SOFR_3Y;0.004295;0.004965
2016-10-26;USD_OIS_SOFR_3Y;0.004305;0.004955
2016-10-27;USD_OIS_SOFR_3Y;0.004315;0.004945
2016-10-28;USD_OIS_SOFR_3Y;0.004325;0.004935
2016-10-31;USD_OIS_SOFR_3Y;0.004334;0.004926
2016-11-01;USD_OIS_SOFR_3Y;0.004343;0.004917
2016-11-02;USD_OIS_SOFR_3Y;0.004245;0.004815
2016-11-03;USD_OIS_SOFR_3Y;0.004253;0.004807
2016-11-04;USD_OIS_SOFR_3Y;0.004262;0.004798
2016-11-07;USD_OIS_SOFR_3Y;0.00427;0.00479
2016-11-08;USD_OIS_SOFR_3Y;0.004278;0.004782
2016-11-09;USD_OIS_SOFR_3Y;0.004377;0.004883
2016-11-10;USD_OIS_SOFR_3Y;0.004385;0.004875
2016-11-14;USD_OIS_SOFR_3Y;0.004393;0.004867
2016-11-15;USD_OIS_SOFR_3Y;0.0044;0.00486
2016-11-16;USD_OIS_SOFR_3Y;0.004407;0.004853
2016-11-17;USD_OIS_SOFR_3Y;0.004414;0.004846
2016-11-18;USD_OIS_SOFR_3Y;0.00442;0.00484
2016-11-21;USD_OIS_SOFR_3Y;0.004427;0.004833
2016-11-22;USD_OIS_SOFR_3Y;0.004433;0.004827
2016-11-23;USD_OIS_SOFR_3Y;0.004439;0.004821
2016-11-25;USD_OIS_SOFR_3Y;0.004445;0.004815
2016-11-28;USD_OIS_SOFR_3Y;0.00445;0.00481
2016-11-29;USD_OIS_SOFR_3Y;0.004456;0.004804
2016-11-30;USD_OIS_SOFR_3Y;0.004349;0.004711
2016-12-01;USD_OIS_SOFR_3Y;0.004355;0.004705
2016-12-02;USD_OIS_SOFR_3Y;0.00436;0.0047
2016-12-05;USD_OIS_SOFR_3Y;0.004365;0.004695
2016-12-06;USD_OIS_SOFR_3Y;0.00437;0.00469
2016-12-07;USD_OIS_SOFR_3Y;0.004463;0.004797
2016-12-08;USD_OIS_SOFR_3Y;0.004468;0.004792
2016-12-09;USD_OIS_SOFR_3Y;0.004473;0.004787
2016-12-12;USD_OIS_SOFR_3Y;0.004478;0.004782
2016-12-13;USD_OIS_SOFR_3Y;0.004482;0.004778
2016-12-14;USD_OIS_SOFR_3Y;0.004487;0.004773
2016-12-15;USD_OIS_SOFR_3Y;0.004491;0.004769
2016-12-16;USD_OIS_SOFR_3Y;0.004495;0.004765
2016-12-19;USD_OIS_SOFR_3Y;0.004499;0.004761
2016-12-20;USD_OIS_SOFR_3Y;0.004503;0.004757
2016-12-21;USD_OIS_SOFR_3Y;0.005534;0.008726
2016-12-22;USD_OIS_SOFR_3Y;0.005583;0.008677
2016-12-23;USD_OIS_SOFR_3Y;0.00563;0.00863
2016-12-27;USD_OIS_SOFR_3Y;0.005676;0.008584
2016-12-28;USD_OIS_SOFR_3Y;0.00572;0.00854
2016-12-29;USD_OIS_SOFR_3Y;0.005763;0.008497
2016-12-30;USD_OIS_SOFR_3Y;0.005805;0.008455
2017-01-03;USD_OIS_SOFR_3Y;0.005845;0.008415
2017-01-04;USD_OIS_SOFR_3Y;0.005227;0.007833
2017-01-05;USD_OIS_SOFR_3Y;0.005267;0.007793
2017-01-06;USD_OIS_SOFR_3Y;0.005305;0.007755
2017-01-09;USD_OIS_SOFR_3Y;0.005342;0.007718
2017-01-10;USD_OIS_SOFR_3Y;0.005379;0.007681
2017-01-11;USD_OIS_SOFR_3Y;0.00595;0.00831
2017-01-12;USD_OIS_SOFR_3Y;0.005986;0.008274
2017-01-13;USD_OIS_SOFR_3Y;0.006021;0.008239
2017-01-17;USD_OIS_SOFR_3Y;0.006055;0.008205
2017-01-18;USD_OIS_SOFR_3Y;0.006088;0.008172
2017-01-19;USD_OIS_SOFR_3Y;0.006119;0.008141
2017-01-20;USD_OIS_SOFR_3Y;0.00615;0.00811
2017-01-23;USD_OIS_SOFR_3Y;0.00618;0.00808
2017-01-24;USD_OIS_SOFR_3Y;0.006209;0.008051
2017-01-25;USD_OIS_SOFR_3Y;0.006237;0.008023
2017-01-26;USD_OIS_SOFR_3Y;0.006264;0.007996
2017-01-27;USD_OIS_SOFR_3Y;0.006291;0.007969
2017-01-30;USD_OIS_SOFR_3Y;0.006316;0.007944
2017-01-31;USD_OIS_SOFR_3Y;0.006341;0.007919
2017-02-01;USD_OIS_SOFR_3Y;0.006262;0.007798
2017-02-02;USD_OIS_SOFR_3Y;0.006286;0.007774
2017-02-03;USD_OIS_SOFR_3Y;0.006308;0.007752
2017-02-06;USD_OIS_SOFR_3Y;0.00633;0.00773
2017-02-07;USD_OIS_SOFR_3Y;0.006352;0.007708
2017-02-08;USD_OIS_SOFR_3Y;0.006469;0.007791
2017-02-09;USD_OIS_SOFR_3Y;0.006489;0.007771
2017-02-10;USD_OIS_SOFR_3Y;0.006509;0.007751
2017-02-13;USD_OIS_SOFR_3Y;0.006528;0.007732
2017-02-14;USD_OIS_SOFR_3Y;0.006546;0.007714
2017-02-15;USD_OIS_SOFR_3Y;0.006564;0.007696
2017-02-16;USD_OIS_SOFR_3Y;0.006581;0.007679
2017-02-17;USD_OIS_SOFR_3Y;0.006598;0.007662
2017-02-21;USD_OIS_SOFR_3Y;0.006614;0.007646
2017-02-22;USD_OIS_SOFR_3Y;0.00663;0.00763
2017-02-23;USD_OIS_SOFR_3Y;0.006645;0.007615
2017-02-24;USD_OIS_SOFR_3Y;0.00666;0.0076
2017-02-27;USD_OIS_SOFR_3Y;0.006674;0.007586
2017-02-28;USD_OIS_SOFR_3Y;0.006688;0.007572
2017-03-01;USD_OIS_SOFR_3Y;0.006597;0.007463
2017-03-02;USD_OIS_SOFR_3Y;0.00661;0.00745
2017-03-03;USD_OIS_SOFR_3Y;0.006623;0.007437
2017-03-06;USD_OIS_SOFR_3Y;0.006635;0.007425
2017-03-07;USD_OIS_SOFR_3Y;0.006647;0.007413
2017-03-08;USD_OIS_SOFR_3Y;0.006753;0.007507
2017-03-09;USD_OIS_SOFR_3Y;0.006765;0.007495
2017-03-10;USD_OIS_SOFR_3Y;0.006776;0.007484
2017-03-13;USD_OIS_SOFR_3Y;0.006787;0.007473
2017-03-14;USD_OIS_SOFR_3Y;0.006797;0.007463
2017-03-15;USD_OIS_SOFR_3Y;0.006807;0.007453
2017-03-16;USD_OIS_SOFR_3Y;0.006817;0.007443
2017-03-17;USD_OIS_SOFR_3Y;0.006827;0.007433
2017-03-20;USD_OIS_SOFR_3Y;0.006836;0.007424
2017-03-21;USD_OIS_SOFR_3Y;0.006845;0.007415
2017-03-22;USD_OIS_SOFR_3Y;0.008015;0.011245
2017-03-23;USD_OIS_SOFR_3Y;0.008064;0.011196
2017-03-24;USD_OIS_SOFR_3Y;0.008112;0.011148
2017-03-27;USD_OIS_SOFR_3Y;0.008158;0.011102
2017-03-28;USD_OIS_SOFR_3Y;0.008203;0.011057
2017-03-29;USD_OIS_SOFR_3Y;0.008247;0.011013
2017-03-30;USD_OIS_SOFR_3Y;0.008289;0.010971
2017-03-31;USD_OIS_SOFR_3Y;0.00833;0.01093
2017-04-03;USD_OIS_SOFR_3Y;0.008369;0.010891
2017-04-04;USD_OIS_SOFR_3Y;0.008408;0.010852
2017-04-05;USD_OIS_SOFR_3Y;0.008018;0.010442
2017-04-06;USD_OIS_SOFR_3Y;0.008055;0.010405
2017-04-07;USD_OIS_SOFR_3Y;0.008091;0.010369
2017-04-10;USD_OIS_SOFR_3Y;0.008125;0.010335
2017-04-11;USD_OIS_SOFR_3Y;0.008159;0.010301
2017-04-12;USD_OIS_SOFR_3Y;0.008561;0.010699
2017-04-13;USD_OIS_SOFR_3Y;0.008593;0.010667
2017-04-17;USD_OIS_SOFR_3Y;0.008625;0.010635
2017-04-18;USD_OIS_SOFR_3Y;0.008656;0.010604
2017-04-19;USD_OIS_SOFR_3Y;0.008685;0.010575
2017-04-20;USD_OIS_SOFR_3Y;0.008714;0.010546
2017-04-21;USD_OIS_SOFR_3Y;0.008742;0.010518
2017-04-24;USD_OIS_SOFR_3Y;0.008769;0.010491
2017-04-25;USD_OIS_SOFR_3Y;0.008795;0.010465
2017-04-26;USD_OIS_SOFR_3Y;0.008821;0.010439
2017-04-27;USD_OIS_SOFR_3Y;0.008845;0.010415
2017-04-28;USD_OIS_SOFR_3Y;0.008869;0.010391
2017-05-01;USD_OIS_SOFR_3Y;0.008892;0.010368
2017-05-02;USD_OIS_SOFR_3Y;0.008915;0.010345
2017-05-03;USD_OIS_SOFR_3Y;0.008611;0.010049
2017-05-04;USD_OIS_SOFR_3Y;0.008633;0.010027
2017-05-05;USD_OIS_SOFR_3Y;0.008654;0.010006
2017-05-08;USD_OIS_SOFR_3Y;0.008675;0.009985
2017-05-09;USD_OIS_SOFR_3Y;0.008695;0.009965
2017-05-10;USD_OIS_SOFR_3Y;0.008985;0.010275
2017-05-11;USD_OIS_SOFR_3Y;0.009005;0.010255
2017-05-12;USD_OIS_SOFR_3Y;0.009024;0.010236
2017-05-15;USD_OIS_SOFR_3Y;0.009042;0.010218
2017-05-16;USD_OIS_SOFR_3Y;0.00906;0.0102
2017-05-17;USD_OIS_SOFR_3Y;0.009077;0.010183
2017-05-18;USD_OIS_SOFR_3Y;0.009094;0.010166
2017-05-19;USD_OIS_SOFR_3Y;0.009111;0.010149
2017-05-22;USD_OIS_SOFR_3Y;0.009126;0.010134
2017-05-23;USD_OIS_SOFR_3Y;0.009142;0.010118
2017-05-24;USD_OIS_SOFR_3Y;0.009157;0.010103
2017-05-25;USD_OIS_SOFR_3Y;0.009171;0.010089
2017-05-26;USD_OIS_SOFR_3Y;0.009185;0.010075
2017-05-30;USD_OIS_SOFR_3Y;0.009199;0.010061
2017-05-31;USD_OIS_SOFR_3Y;0.009107;0.009953
2017-06-01;USD_OIS_SOFR_3Y;0.00912;0.00994
2017-06-02;USD_OIS_SOFR_3Y;0.009132;0.009928
2017-06-05;USD_OIS_SOFR_3Y;0.009144;0.009916
2017-06-06;USD_OIS_SOFR_3Y;0.009156;0.009904
2017-06-07;USD_OIS_SOFR_3Y;0.009262;0.009998
2017-06-08;USD_OIS_SOFR_3Y;0.009273;0.009987
2017-06-09;USD_OIS_SOFR_3Y;0.009284;0.009976
2017-06-12;USD_OIS_SOFR_3Y;0.009295;0.009965
2017-06-13;USD_OIS_SOFR_3Y;0.009305;0.009955
2017-06-14;USD_OIS_SOFR_3Y;0.009315;0.009945
2017-06-15;USD_OIS_SOFR_3Y;0.009324;0.009936
2017-06-16;USD_OIS_SOFR_3Y;0.009334;0.009926
2017-06-19;USD_OIS_SOFR_3Y;0.009343;0.009917
2017-06-20;USD_OIS_SOFR_3Y;0.009351;0.009909
2017-06-21;USD_OIS_SOFR_3Y;0.010516;0.013744
2017-06-22;USD_OIS_SOFR_3Y;0.010565;0.013695
2017-06-23;USD_OIS_SOFR_3Y;0.010613;0.013647
2017-06-26;USD_OIS_SOFR_3Y;0.010659;0.013601
2017-06-27;USD_OIS_SOFR_3Y;0.010704;0.013556
2017-06-28;USD_OIS_SOFR_3Y;0.010748;0.013512
2017-06-29;USD_OIS_SOFR_3Y;0.01079;0.01347
2017-06-30;USD_OIS_SOFR_3Y;0.01083;0.01343
2017-07-03;USD_OIS_SOFR_3Y;0.01087;0.01339
2017-07-05;USD_OIS_SOFR_3Y;0.010482;0.012978
2017-07-06;USD_OIS_SOFR_3Y;0.01052;0.01294
2017-07-07;USD_OIS_SOFR_3Y;0.010557;0.012903
2017-07-10;USD_OIS_SOFR_3Y;0.010593;0.012867
2017-07-11;USD_OIS_SOFR_3Y;0.010627;0.012833
2017-07-12;USD_OIS_SOFR_3Y;0.011031;0.013229
2017-07-13;USD_OIS_SOFR_3Y;0.011065;0.013195
2017-07-14;USD_OIS_SOFR_3Y;0.011097;0.013163
2017-07-17;USD_OIS_SOFR_3Y;0.011129;0.013131
2017-07-18;USD_OIS_SOFR_3Y;0.011159;0.013101
2017-07-19;USD_OIS_SOFR_3Y;0.011189;0.013071
2017-07-20;USD_OIS_SOFR_3Y;0.011217;0.013043
2017-07-21;USD_OIS_SOFR_3Y;0.011245;0.013015
2017-07-24;USD_OIS_SOFR_3Y;0.011272;0.012988
2017-07-25;USD_OIS_SOFR_3Y;0.011298;0.012962
2017-07-26;USD_OIS_SOFR_3Y;0.011324;0.012936
2017-07-27;USD_OIS_SOFR_3Y;0.011348;0.012912
2017-07-28;USD_OIS_SOFR_3Y;0.011372;0.012888
2017-07-31;USD_OIS_SOFR_3Y;0.011395;0.012865
2017-08-01;USD_OIS_SOFR_3Y;0.011417;0.012843
2017-08-02;USD_OIS_SOFR_3Y;0.011336;0.012724
2017-08-03;USD_OIS_SOFR_3Y;0.011357;0.012703
2017-08-04;USD_OIS_SOFR_3Y;0.011378;0.012682
2017-08-07;USD_OIS_SOFR_3Y;0.011398;0.012662
2017-08-08;USD_OIS_SOFR_3Y;0.011417;0.012643
2017-08-09;USD_OIS_SOFR_3Y;0.011532;0.012728
2017-08-10;USD_OIS_SOFR_3Y;0.01155;0.01271
2017-08-11;USD_OIS_SOFR_3Y;0.011568;0.012692
2017-08-14;USD_OIS_SOFR_3Y;0.011585;0.012675
2017-08-15;USD_OIS_SOFR_3Y;0.011602;0.012658
2017-08-16;USD_OIS_SOFR_3Y;0.011618;0.012642
2017-08-17;USD_OIS_SOFR_3Y;0.011634;0.012626
2017-08-18;USD_OIS_SOFR_3Y;0.011649;0.012611
2017-08-21;USD_OIS_SOFR_3Y;0.011663;0.012597
2017-08-22;USD_OIS_SOFR_3Y;0.011678;0.012582
2017-08-23;USD_OIS_SOFR_3Y;0.011691;0.012569
2017-08-24;USD_OIS_SOFR_3Y;0.011705;0.012555
2017-08-25;USD_OIS_SOFR_3Y;0.011718;0.012542
2017-08-28;USD_OIS_SOFR_3Y;0.01173;0.01253
2017-08-29;USD_OIS_SOFR_3Y;0.011742;0.012518
2017-08-30;USD_OIS_SOFR_3Y;0.011754;0.012506
2017-08-31;USD_OIS_SOFR_3Y;0.011766;0.012494
2017-09-01;USD_OIS_SOFR_3Y;0.011777;0.012483
2017-09-05;USD_OIS_SOFR_3Y;0.011787;0.012473
2017-09-06;USD_OIS_SOFR_3Y;0.011692;0.012368
2017-09-07;USD_OIS_SOFR_3Y;0.011702;0.012358
2017-09-08;USD_OIS_SOFR_3Y;0.011712;0.012348
2017-09-11;USD_OIS_SOFR_3Y;0.011722;0.012338
2017-09-12;USD_OIS_SOFR_3Y;0.011731;0.012329
2017-09-13;USD_OIS_SOFR_3Y;0.011833;0.012427
2017-09-14;USD_OIS_SOFR_3Y;0.011842;0.012418
2017-09-15;USD_OIS_SOFR_3Y;0.011851;0.012409
2017-09-18;USD_OIS_SOFR_3Y;0.01186;0.0124
2017-09-19;USD_OIS_SOFR_3Y;0.011868;0.012392
2017-09-20;USD_OIS_SOFR_3Y;0.011876;0.012384
2017-09-21;USD_OIS_SOFR_3Y;0.011884;0.012376
2017-09-22;USD_OIS_SOFR_3Y;0.011891;0.012369
2017-09-25;USD_OIS_SOFR_3Y;0.011898;0.012362
2017-09-26;USD_OIS_SOFR_3Y;0.011906;0.012354
2017-09-27;USD_OIS_SOFR_3Y;0.011912;0.012348
2017-09-28;USD_OIS_SOFR_3Y;0.011919;0.012341
2017-09-29;USD_OIS_SOFR_3Y;0.011925;0.012335
2017-10-02;USD_OIS_SOFR_3Y;0.011932;0.012328
2017-10-03;USD_OIS_SOFR_3Y;0.011938;0.012322
2017-10-04;USD_OIS_SOFR_3Y;0.011414;0.012046
2017-10-05;USD_OIS_SOFR_3Y;0.011424;0.012036
2017-10-06;USD_OIS_SOFR_3Y;0.011433;0.012027
2017-10-10;USD_OIS_SOFR_3Y;0.011442;0.012018
2017-10-11;USD_OIS_SOFR_3Y;0.011752;0.012508
2017-10-12;USD_OIS_SOFR_3Y;0.011764;0.012496
2017-10-13;USD_OIS_SOFR_3Y;0.011775;0.012485
2017-10-16;USD_OIS_SOFR_3Y;0.011786;0.012474
2017-10-17;USD_OIS_SOFR_3Y;0.011796;0.012464
2017-10-18;USD_OIS_SOFR_3Y;0.011807;0.012453
2017-10-19;USD_OIS_SOFR_3Y;0.011816;0.012444
2017-10-20;USD_OIS_SOFR_3Y;0.011826;0.012434
2017-10-23;USD_OIS_SOFR_3Y;0.011835;0.012425
2017-10-24;USD_OIS_SOFR_3Y;0.011844;0.012416
2017-10-25;USD_OIS_SOFR_3Y;0.011853;0.012407
2017-10-26;USD_OIS_SOFR_3Y;0.011861;0.012399
2017-10-27;USD_OIS_SOFR_3Y;0.01187;0.01239
2017-10-30;USD_OIS_SOFR_3Y;0.011877;0.012383
2017-10-31;USD_OIS_SOFR_3Y;0.011885;0.012375
2017-11-01;USD_OIS_SOFR_3Y;0.011784;0.012276
2017-11-02;USD_OIS_SOFR_3Y;0.011792;0.012268
2017-11-03;USD_OIS_SOFR_3Y;0.011799;0.012261
2017-11-06;USD_OIS_SOFR_3Y;0.011806;0.012254
2017-11-07;USD_OIS_SOFR_3Y;0.011813;0.012247
2017-11-08;USD_OIS_SOFR_3Y;0.01191;0.01235
2017-11-09;USD_OIS_SOFR_3Y;0.011917;0.012343
2017-11-10;USD_OIS_SOFR_3Y;0.011923;0.012337
2017-11-13;USD_OIS_SOFR_3Y;0.01193;0.01233
2017-11-14;USD_OIS_SOFR_3Y;0.011936;0.012324
2017-11-15;USD_OIS_SOFR_3Y;0.011942;0.012318
2017-11-16;USD_OIS_SOFR_3Y;0.011947;0.012313
2017-11-17;USD_OIS_SOFR_3Y;0.011953;0.012307
2017-11-20;USD_OIS_SOFR_3Y;0.011958;0.012302
2017-11-21;USD_OIS_SOFR_3Y;0.011964;0.012296
2017-11-22;USD_OIS_SOFR_3Y;0.011969;0.012291
2017-11-24;USD_OIS_SOFR_3Y;0.011974;0.012286
2017-11-27;USD_OIS_SOFR_3Y;0.011978;0.012282
2017-11-28;USD_OIS_SOFR_3Y;0.011983;0.012277
2017-11-29;USD_OIS_SOFR_3Y;0.011987;0.012273
2017-11-30;USD_OIS_SOFR_3Y;0.011992;0.012268
2017-12-01;USD_OIS_SOFR_3Y;0.011996;0.012264
2017-12-04;USD_OIS_SOFR_3Y;0.012;0.01226
2017-12-05;USD_OIS_SOFR_3Y;0.012004;0.012256
2017-12-06;USD_OIS_SOFR_3Y;0.011892;0.012168
2017-12-07;USD_OIS_SOFR_3Y;0.011896;0.012164
2017-12-08;USD_OIS_SOFR_3Y;0.011901;0.012159
2017-12-11;USD_OIS_SOFR_3Y;0.011904;0.012156
2017-12-12;USD_OIS_SOFR_3Y;0.011908;0.012152
2017-12-13;USD_OIS_SOFR_3Y;0.011996;0.012264
2017-12-14;USD_OIS_SOFR_3Y;0.012;0.01226
2017-12-15;USD_OIS_SOFR_3Y;0.012004;0.012256
2017-12-18;USD_OIS_SOFR_3Y;0.012008;0.012252
2017-12-19;USD_OIS_SOFR_3Y;0.012012;0.012248
2017-12-20;USD_OIS_SOFR_3Y;0.013035;0.016225
2017-12-21;USD_OIS_SOFR_3Y;0.013083;0.016177
2017-12-22;USD_OIS_SOFR_3Y;0.013131;0.016129
2017-12-26;USD_OIS_SOFR_3Y;0.013176;0.016084
2017-12-27;USD_OIS_SOFR_3Y;0.013319;0.016141
2017-12-28;USD_OIS_SOFR_3Y;0.013362;0.016098
2017-12-29;USD_OIS_SOFR_3Y;0.013404;0.016056
2018-01-02;USD_OIS_SOFR_3Y;0.013444;0.016016
2018-01-03;USD_OIS_SOFR_3Y;0.012943;0.015517
2018-01-04;USD_OIS_SOFR_3Y;0.012983;0.015477
2018-01-05;USD_OIS_SOFR_3Y;0.013021;0.015439
2018-01-08;USD_OIS_SOFR_3Y;0.013057;0.015403
2018-01-09;USD_OIS_SOFR_3Y;0.013093;0.015367
2018-01-10;USD_OIS_SOFR_3Y;0.013583;0.015877
2018-01-11;USD_OIS_SOFR_3Y;0.013618;0.015842
2018-01-12;USD_OIS_SOFR_3Y;0.013652;0.015808
2018-01-16;USD_OIS_SOFR_3Y;0.013684;0.015776
2018-01-17;USD_OIS_SOFR_3Y;0.013716;0.015744
2018-01-18;USD_OIS_SOFR_3Y;0.013747;0.015713
2018-01-19;USD_OIS_SOFR_3Y;0.013777;0.015683
2018-01-22;USD_OIS_SOFR_3Y;0.013806;0.015654
2018-01-23;USD_OIS_SOFR_3Y;0.013834;0.015626
2018-01-24;USD_OIS_SOFR_3Y;0.013862;0.015598
2018-01-25;USD_OIS_SOFR_3Y;0.013888;0.015572
2018-01-26;USD_OIS_SOFR_3Y;0.013914;0.015546
2018-01-29;USD_OIS_SOFR_3Y;0.013939;0.015521
2018-01-30;USD_OIS_SOFR_3Y;0.013963;0.015497
2018-01-31;USD_OIS_SOFR_3Y;0.013883;0.015377
2018-02-01;USD_OIS_SOFR_3Y;0.013906;0.015354
2018-02-02;USD_OIS_SOFR_3Y;0.013928;0.015332
2018-02-05;USD_OIS_SOFR_3Y;0.01395;0.01531
2018-02-06;USD_OIS_SOFR_3Y;0.01397;0.01529
2018-02-07;USD_OIS_SOFR_3Y;0.014087;0.015373
2018-02-08;USD_OIS_SOFR_3Y;0.014107;0.015353
2018-02-09;USD_OIS_SOFR_3Y;0.014126;0.015334
2018-02-12;USD_OIS_SOFR_3Y;0.014144;0.015316
2018-02-13;USD_OIS_SOFR_3Y;0.014162;0.015298
2018-02-14;USD_OIS_SOFR_3Y;0.014179;0.015281
2018-02-15;USD_OIS_SOFR_3Y;0.014196;0.015264
2018-02-16;USD_OIS_SOFR_3Y;0.014212;0.015248
2018-02-20;USD_OIS_SOFR_3Y;0.014228;0.015232
2018-02-21;USD_OIS_SOFR_3Y;0.014243;0.015217
2018-02-22;USD_OIS_SOFR_3Y;0.014258;0.015202
2018-02-23;USD_OIS_SOFR_3Y;0.014273;0.015187
2018-02-26;USD_OIS_SOFR_3Y;0.014287;0.015173
2018-02-27;USD_OIS_SOFR_3Y;0.0143;0.01516
2018-02-28;USD_OIS_SOFR_3Y;0.014208;0.015052
2018-03-01;USD_OIS_SOFR_3Y;0.014221;0.015039
2018-03-02;USD_OIS_SOFR_3Y;0.014234;0.015026
2018-03-05;USD_OIS_SOFR_3Y;0.014246;0.015014
2018-03-06;USD_OIS_SOFR_3Y;0.014257;0.015003
2018-03-07;USD_OIS_SOFR_3Y;0.014363;0.015097
2018-03-08;USD_OIS_SOFR_3Y;0.014374;0.015086
2018-03-09;USD_OIS_SOFR_3Y;0.014385;0.015075
2018-03-12;USD_OIS_SOFR_3Y;0.014396;0.015064
2018-03-13;USD_OIS_SOFR_3Y;0.014406;0.015054
2018-03-14;USD_OIS_SOFR_3Y;0.014416;0.015044
2018-03-15;USD_OIS_SOFR_3Y;0.014425;0.015035
2018-03-16;USD_OIS_SOFR_3Y;0.014435;0.015025
2018-03-19;USD_OIS_SOFR_3Y;0.014444;0.015016
2018-03-20;USD_OIS_SOFR_3Y;0.014452;0.015008
2018-03-21;USD_OIS_SOFR_3Y;0.014553;0.015107
2018-03-22;USD_OIS_SOFR_3Y;0.014562;0.015098
2018-03-23;USD_OIS_SOFR_3Y;0.01457;0.01509
2018-03-26;USD_OIS_SOFR_3Y;0.014578;0.015082
2018-03-27;USD_OIS_SOFR_3Y;0.014586;0.015074
2018-03-28;USD_OIS_SOFR_3Y;0.015721;0.018939
2018-03-29;USD_OIS_SOFR_3Y;0.01577;0.01889
2018-04-02;USD_OIS_SOFR_3Y;0.015818;0.018842
2018-04-03;USD_OIS_SOFR_3Y;0.016709;0.019891
2018-04-04;USD_OIS_SOFR_3Y;0.015755;0.019045
2018-04-05;USD_OIS_SOFR_3Y;0.015904;0.019096
2018-04-06;USD_OIS_SOFR_3Y;0.015952;0.019048
2018-04-09;USD_OIS_SOFR_3Y;0.016;0.019
2018-04-10;USD_OIS_SOFR_3Y;0.016045;0.018955
2018-04-11;USD_OIS_SOFR_3Y;0.016188;0.019012
2018-04-12;USD_OIS_SOFR_3Y;0.015918;0.018682
2018-04-13;USD_OIS_SOFR_3Y;0.015858;0.018542
2018-04-16;USD_OIS_SOFR_3Y;0.016361;0.019039
2018-04-17;USD_OIS_SOFR_3Y;0.0163;0.0189
2018-04-18;USD_OIS_SOFR_3Y;0.016238;0.018762
2018-04-19;USD_OIS_SOFR_3Y;0.01607;0.01853
2018-04-20;USD_OIS_SOFR_3Y;0.016006;0.018394
2018-04-23;USD_OIS_SOFR_3Y;0.015835;0.018165
2018-04-24;USD_OIS_SOFR_3Y;0.015969;0.018231
2018-04-25;USD_OIS_SOFR_3Y;0.016003;0.018197
2018-04-26;USD_OIS_SOFR_3Y;0.016135;0.018265
2018-04-27;USD_OIS_SOFR_3Y;0.016167;0.018233
2018-04-30;USD_OIS_SOFR_3Y;0.016649;0.018751
2018-05-01;USD_OIS_SOFR_3Y;0.016579;0.018621
2018-05-02;USD_OIS_SOFR_3Y;0.016508;0.018492
2018-05-03;USD_OIS_SOFR_3Y;0.016437;0.018363
2018-05-04;USD_OIS_SOFR_3Y;0.016257;0.018143
2018-05-07;USD_OIS_SOFR_3Y;0.016184;0.018016
2018-05-08;USD_OIS_SOFR_3Y;0.016309;0.018091
2018-05-09;USD_OIS_SOFR_3Y;0.016337;0.018063
2018-05-10;USD_OIS_SOFR_3Y;0.01646;0.01814
2018-05-11;USD_OIS_SOFR_3Y;0.016486;0.018114
2018-05-14;USD_OIS_SOFR_3Y;0.016701;0.018299
2018-05-15;USD_OIS_SOFR_3Y;0.017084;0.018716
2018-05-16;USD_OIS_SOFR_3Y;0.016669;0.018331
2018-05-17;USD_OIS_SOFR_3Y;0.016592;0.018208
2018-05-18;USD_OIS_SOFR_3Y;0.016514;0.018086
2018-05-21;USD_OIS_SOFR_3Y;0.016097;0.017703
2018-05-22;USD_OIS_SOFR_3Y;0.01568;0.01732
2018-05-23;USD_OIS_SOFR_3Y;0.015895;0.017505
2018-05-24;USD_OIS_SOFR_3Y;0.016502;0.018298
2018-05-25;USD_OIS_SOFR_3Y;0.016427;0.018173
2018-05-29;USD_OIS_SOFR_3Y;0.016351;0.018049
2018-05-30;USD_OIS_SOFR_3Y;0.016377;0.018023
2018-05-31;USD_OIS_SOFR_3Y;0.017118;0.019082
2018-06-01;USD_OIS_SOFR_3Y;0.017148;0.019052
2018-06-04;USD_OIS_SOFR_3Y;0.017074;0.018926
2018-06-05;USD_OIS_SOFR_3Y;0.016548;0.018452
2018-06-06;USD_OIS_SOFR_3Y;0.016368;0.018232
2018-06-07;USD_OIS_SOFR_3Y;0.016188;0.018012
2018-06-08;USD_OIS_SOFR_3Y;0.016006;0.017794
2018-06-11;USD_OIS_SOFR_3Y;0.016033;0.017767
2018-06-12;USD_OIS_SOFR_3Y;0.01585;0.01755
2018-06-13;USD_OIS_SOFR_3Y;0.016238;0.017962
2018-06-14;USD_OIS_SOFR_3Y;0.01753;0.02047
2018-06-15;USD_OIS_SOFR_3Y;0.017673;0.020527
2018-06-18;USD_OIS_SOFR_3Y;0.017615;0.020385
2018-06-19;USD_OIS_SOFR_3Y;0.017452;0.020148
2018-06-20;USD_OIS_SOFR_3Y;0.017391;0.020009
2018-06-21;USD_OIS_SOFR_3Y;0.017431;0.019969
2018-06-22;USD_OIS_SOFR_3Y;0.017929;0.020471
2018-06-25;USD_OIS_SOFR_3Y;0.017866;0.020334
2018-06-26;USD_OIS_SOFR_3Y;0.017802;0.020198
2018-06-27;USD_OIS_SOFR_3Y;0.017839;0.020161
2018-06-28;USD_OIS_SOFR_3Y;0.018158;0.020442
2018-06-29;USD_OIS_SOFR_3Y;0.01956;0.02284
2018-07-02;USD_OIS_SOFR_3Y;0.018731;0.022069
2018-07-03;USD_OIS_SOFR_3Y;0.018362;0.021638
2018-07-05;USD_OIS_SOFR_3Y;0.0181;0.0213
2018-07-06;USD_OIS_SOFR_3Y;0.017728;0.020872
2018-07-09;USD_OIS_SOFR_3Y;0.017355;0.020445
2018-07-10;USD_OIS_SOFR_3Y;0.017402;0.020398
2018-07-11;USD_OIS_SOFR_3Y;0.017448;0.020352
2018-07-12;USD_OIS_SOFR_3Y;0.017591;0.020409
2018-07-13;USD_OIS_SOFR_3Y;0.017633;0.020367
2018-07-16;USD_OIS_SOFR_3Y;0.018137;0.020863
2018-07-17;USD_OIS_SOFR_3Y;0.017865;0.020535
2018-07-18;USD_OIS_SOFR_3Y;0.0177;0.0203
2018-07-19;USD_OIS_SOFR_3Y;0.017739;0.020261
2018-07-20;USD_OIS_SOFR_3Y;0.017571;0.020029
2018-07-23;USD_OIS_SOFR_3Y;0.017507;0.019893
2018-07-24;USD_OIS_SOFR_3Y;0.017827;0.020173
2018-07-25;USD_OIS_SOFR_3Y;0.017547;0.019853
2018-07-26;USD_OIS_SOFR_3Y;0.017866;0.020134
2018-07-27;USD_OIS_SOFR_3Y;0.017693;0.019907
2018-07-30;USD_OIS_SOFR_3Y;0.017727;0.019873
2018-07-31;USD_OIS_SOFR_3Y;0.018212;0.020388
2018-08-01;USD_OIS_SOFR_3Y;0.017698;0.019902
2018-08-02;USD_OIS_SOFR_3Y;0.018015;0.020185
2018-08-03;USD_OIS_SOFR_3Y;0.017501;0.019699
2018-08-06;USD_OIS_SOFR_3Y;0.017534;0.019666
2018-08-07;USD_OIS_SOFR_3Y;0.017665;0.019735
2018-08-08;USD_OIS_SOFR_3Y;0.017794;0.019806
2018-08-09;USD_OIS_SOFR_3Y;0.018107;0.020093
2018-08-10;USD_OIS_SOFR_3Y;0.018035;0.019965
2018-08-13;USD_OIS_SOFR_3Y;0.018162;0.020038
2018-08-14;USD_OIS_SOFR_3Y;0.018382;0.020218
2018-08-15;USD_OIS_SOFR_3Y;0.018855;0.020745
2018-08-16;USD_OIS_SOFR_3Y;0.018981;0.020819
2018-08-17;USD_OIS_SOFR_3Y;0.017941;0.020059
2018-08-20;USD_OIS_SOFR_3Y;0.017973;0.020027
2018-08-21;USD_OIS_SOFR_3Y;0.018004;0.019996
2018-08-22;USD_OIS_SOFR_3Y;0.018035;0.019965
2018-08-23;USD_OIS_SOFR_3Y;0.01843;0.02037
2018-08-24;USD_OIS_SOFR_3Y;0.018558;0.020442
2018-08-27;USD_OIS_SOFR_3Y;0.018586;0.020414
2018-08-28;USD_OIS_SOFR_3Y;0.018614;0.020386
2018-08-29;USD_OIS_SOFR_3Y;0.018432;0.020168
2018-08-30;USD_OIS_SOFR_3Y;0.018458;0.020142
2018-08-31;USD_OIS_SOFR_3Y;0.018845;0.020555
2018-09-04;USD_OIS_SOFR_3Y;0.018661;0.020339
2018-09-05;USD_OIS_SOFR_3Y;0.018687;0.020313
2018-09-06;USD_OIS_SOFR_3Y;0.018609;0.020191
2018-09-07;USD_OIS_SOFR_3Y;0.018633;0.020167
2018-09-10;USD_OIS_SOFR_3Y;0.018657;0.020143
2018-09-11;USD_OIS_SOFR_3Y;0.018679;0.020121
2018-09-12;USD_OIS_SOFR_3Y;0.018701;0.020099
2018-09-13;USD_OIS_SOFR_3Y;0.018722;0.020078
2018-09-14;USD_OIS_SOFR_3Y;0.01884;0.02016
2018-09-17;USD_OIS_SOFR_3Y;0.019285;0.020715
2018-09-18;USD_OIS_SOFR_3Y;0.018609;0.020191
2018-09-19;USD_OIS_SOFR_3Y;0.018423;0.019977
2018-09-20;USD_OIS_SOFR_3Y;0.018446;0.019954
2018-09-21;USD_OIS_SOFR_3Y;0.018469;0.019931
2018-09-24;USD_OIS_SOFR_3Y;0.018766;0.020234
2018-09-25;USD_OIS_SOFR_3Y;0.018577;0.020023
2018-09-26;USD_OIS_SOFR_3Y;0.018496;0.019904
2018-09-27;USD_OIS_SOFR_3Y;0.019927;0.023273
2018-09-28;USD_OIS_SOFR_3Y;0.02078;0.02422
2018-10-01;USD_OIS_SOFR_3Y;0.020522;0.023878
2018-10-02;USD_OIS_SOFR_3Y;0.020368;0.023632
2018-10-03;USD_OIS_SOFR_3Y;0.020417;0.023583
2018-10-04;USD_OIS_SOFR_3Y;0.02026;0.02334
2018-10-05;USD_OIS_SOFR_3Y;0.020102;0.023098
2018-10-09;USD_OIS_SOFR_3Y;0.020046;0.022954
2018-10-10;USD_OIS_SOFR_3Y;0.02009;0.02291
2018-10-11;USD_OIS_SOFR_3Y;0.020327;0.023073
2018-10-12;USD_OIS_SOFR_3Y;0.020468;0.023132
2018-10-15;USD_OIS_SOFR_3Y;0.020794;0.023406
2018-10-16;USD_OIS_SOFR_3Y;0.02052;0.02308
2018-10-17;USD_OIS_SOFR_3Y;0.020559;0.023041
2018-10-18;USD_OIS_SOFR_3Y;0.020695;0.023105
2018-10-19;USD_OIS_SOFR_3Y;0.020732;0.023068
2018-10-22;USD_OIS_SOFR_3Y;0.020665;0.022935
2018-10-23;USD_OIS_SOFR_3Y;0.020598;0.022802
2018-10-24;USD_OIS_SOFR_3Y;0.02073;0.02287
2018-10-25;USD_OIS_SOFR_3Y;0.02086;0.02294
2018-10-26;USD_OIS_SOFR_3Y;0.020892;0.022908
2018-10-29;USD_OIS_SOFR_3Y;0.020821;0.022779
2018-10-30;USD_OIS_SOFR_3Y;0.020851;0.022749
2018-10-31;USD_OIS_SOFR_3Y;0.021245;0.023155
2018-11-01;USD_OIS_SOFR_3Y;0.021274;0.023126
2018-11-02;USD_OIS_SOFR_3Y;0.021582;0.023418
2018-11-05;USD_OIS_SOFR_3Y;0.021508;0.023292
2018-11-06;USD_OIS_SOFR_3Y;0.021326;0.023074
2018-11-07;USD_OIS_SOFR_3Y;0.020915;0.022685
2018-11-08;USD_OIS_SOFR_3Y;0.021221;0.022979
2018-11-09;USD_OIS_SOFR_3Y;0.021145;0.022855
2018-11-13;USD_OIS_SOFR_3Y;0.021171;0.022829
2018-11-14;USD_OIS_SOFR_3Y;0.021197;0.022803
2018-11-15;USD_OIS_SOFR_3Y;0.021869;0.023731
2018-11-16;USD_OIS_SOFR_3Y;0.021689;0.023511
2018-11-19;USD_OIS_SOFR_3Y;0.021508;0.023292
2018-11-20;USD_OIS_SOFR_3Y;0.021098;0.022902
2018-11-21;USD_OIS_SOFR_3Y;0.020916;0.022684
2018-11-23;USD_OIS_SOFR_3Y;0.021386;0.023214
2018-11-26;USD_OIS_SOFR_3Y;0.021094;0.022906
2018-11-27;USD_OIS_SOFR_3Y;0.021019;0.022781
2018-11-28;USD_OIS_SOFR_3Y;0.021046;0.022754
2018-11-29;USD_OIS_SOFR_3Y;0.021513;0.023287
2018-11-30;USD_OIS_SOFR_3Y;0.021903;0.023697
2018-12-03;USD_OIS_SOFR_3Y;0.021374;0.023226
2018-12-04;USD_OIS_SOFR_3Y;0.021767;0.023633
2018-12-06;USD_OIS_SOFR_3Y;0.022391;0.024409
2018-12-07;USD_OIS_SOFR_3Y;0.02199;0.02401
2018-12-10;USD_OIS_SOFR_3Y;0.021096;0.023304
2018-12-11;USD_OIS_SOFR_3Y;0.020813;0.022987
2018-12-12;USD_OIS_SOFR_3Y;0.020944;0.023056
2018-12-13;USD_OIS_SOFR_3Y;0.021074;0.023126
2018-12-14;USD_OIS_SOFR_3Y;0.021105;0.023095
2018-12-17;USD_OIS_SOFR_3Y;0.021945;0.024255
2018-12-18;USD_OIS_SOFR_3Y;0.022078;0.024322
2018-12-19;USD_OIS_SOFR_3Y;0.021905;0.024095
2018-12-20;USD_OIS_SOFR_3Y;0.022828;0.025372
2018-12-21;USD_OIS_SOFR_3Y;0.022765;0.025235
2018-12-24;USD_OIS_SOFR_3Y;0.022901;0.025299
2018-12-26;USD_OIS_SOFR_3Y;0.023222;0.025578
2018-12-27;USD_OIS_SOFR_3Y;0.023258;0.025542
2018-12-28;USD_OIS_SOFR_3Y;0.023485;0.025715
2018-12-31;USD_OIS_SOFR_3Y;0.026398;0.033602
2019-01-02;USD_OIS_SOFR_3Y;0.027879;0.035121
2019-01-03;USD_OIS_SOFR_3Y;0.02247;0.03153
2019-01-04;USD_OIS_SOFR_3Y;0.019828;0.029172
2019-01-07;USD_OIS_SOFR_3Y;0.019564;0.028636
2019-01-08;USD_OIS_SOFR_3Y;0.019801;0.028599
2019-01-09;USD_OIS_SOFR_3Y;0.020231;0.028769
2019-01-10;USD_OIS_SOFR_3Y;0.020159;0.028441
2019-01-11;USD_OIS_SOFR_3Y;0.020083;0.028117
2019-01-14;USD_OIS_SOFR_3Y;0.020105;0.027895
2019-01-15;USD_OIS_SOFR_3Y;0.020804;0.028396
2019-01-16;USD_OIS_SOFR_3Y;0.020615;0.027985
2019-01-17;USD_OIS_SOFR_3Y;0.020525;0.027675
2019-01-18;USD_OIS_SOFR_3Y;0.020733;0.027667
2019-01-22;USD_OIS_SOFR_3Y;0.020738;0.027462
2019-01-23;USD_OIS_SOFR_3Y;0.02074;0.02726
2019-01-24;USD_OIS_SOFR_3Y;0.020939;0.027261
2019-01-25;USD_OIS_SOFR_3Y;0.020935;0.027065
2019-01-28;USD_OIS_SOFR_3Y;0.020927;0.026873
2019-01-29;USD_OIS_SOFR_3Y;0.021117;0.026883
2019-01-30;USD_OIS_SOFR_3Y;0.021104;0.026696
2019-01-31;USD_OIS_SOFR_3Y;0.022832;0.028768
2019-02-01;USD_OIS_SOFR_3Y;0.021738;0.027662
2019-02-04;USD_OIS_SOFR_3Y;0.021094;0.026906
2019-02-05;USD_OIS_SOFR_3Y;0.021183;0.026817
2019-02-06;USD_OIS_SOFR_3Y;0.021066;0.026534
2019-02-07;USD_OIS_SOFR_3Y;0.021149;0.026451
2019-02-08;USD_OIS_SOFR_3Y;0.021129;0.026271
2019-02-11;USD_OIS_SOFR_3Y;0.0215;0.0265
2019-02-12;USD_OIS_SOFR_3Y;0.021475;0.026325
2019-02-13;USD_OIS_SOFR_3Y;0.021448;0.026152
2019-02-14;USD_OIS_SOFR_3Y;0.021619;0.026181
2019-02-15;USD_OIS_SOFR_3Y;0.022074;0.026526
2019-02-19;USD_OIS_SOFR_3Y;0.021833;0.026167
2019-02-20;USD_OIS_SOFR_3Y;0.021798;0.026002
2019-02-21;USD_OIS_SOFR_3Y;0.021862;0.025938
2019-02-22;USD_OIS_SOFR_3Y;0.022023;0.025977
2019-02-25;USD_OIS_SOFR_3Y;0.021879;0.025721
2019-02-26;USD_OIS_SOFR_3Y;0.021938;0.025662
2019-02-27;USD_OIS_SOFR_3Y;0.021894;0.025506
2019-02-28;USD_OIS_SOFR_3Y;0.023597;0.028003
2019-03-01;USD_OIS_SOFR_3Y;0.021314;0.026286
2019-03-04;USD_OIS_SOFR_3Y;0.021389;0.026211
2019-03-05;USD_OIS_SOFR_3Y;0.021463;0.026137
2019-03-06;USD_OIS_SOFR_3Y;0.021534;0.026066
2019-03-07;USD_OIS_SOFR_3Y;0.021603;0.025997
2019-03-08;USD_OIS_SOFR_3Y;0.021769;0.026031
2019-03-11;USD_OIS_SOFR_3Y;0.021733;0.025867
2019-03-12;USD_OIS_SOFR_3Y;0.021895;0.025905
2019-03-13;USD_OIS_SOFR_3Y;0.022055;0.025945
2019-03-14;USD_OIS_SOFR_3Y;0.02231;0.02609
2019-03-15;USD_OIS_SOFR_3Y;0.02275;0.02645
2019-03-18;USD_OIS_SOFR_3Y;0.022278;0.025922
2019-03-19;USD_OIS_SOFR_3Y;0.022433;0.025967
2019-03-20;USD_OIS_SOFR_3Y;0.022957;0.026443
2019-03-21;USD_OIS_SOFR_3Y;0.022699;0.026101
2019-03-22;USD_OIS_SOFR_3Y;0.022332;0.025668
2019-03-25;USD_OIS_SOFR_3Y;0.022383;0.025617
2019-03-26;USD_OIS_SOFR_3Y;0.022432;0.025568
2019-03-27;USD_OIS_SOFR_3Y;0.02248;0.02552
2019-03-28;USD_OIS_SOFR_3Y;0.022814;0.025786
2019-03-29;USD_OIS_SOFR_3Y;0.024491;0.028509
2019-04-01;USD_OIS_SOFR_3Y;0.022307;0.026893
2019-04-02;USD_OIS_SOFR_3Y;0.022377;0.026823
2019-04-03;USD_OIS_SOFR_3Y;0.022544;0.026856
2019-04-04;USD_OIS_SOFR_3Y;0.022509;0.026691
2019-04-05;USD_OIS_SOFR_3Y;0.022572;0.026628
2019-04-08;USD_OIS_SOFR_3Y;0.022634;0.026566
2019-04-09;USD_OIS_SOFR_3Y;0.022593;0.026407
2019-04-10;USD_OIS_SOFR_3Y;0.022651;0.026349
2019-04-11;USD_OIS_SOFR_3Y;0.022606;0.026194
2019-04-12;USD_OIS_SOFR_3Y;0.022661;0.026139
2019-04-15;USD_OIS_SOFR_3Y;0.023003;0.026397
2019-04-16;USD_OIS_SOFR_3Y;0.023055;0.026345
2019-04-17;USD_OIS_SOFR_3Y;0.023393;0.026607
2019-04-18;USD_OIS_SOFR_3Y;0.023442;0.026558
2019-04-22;USD_OIS_SOFR_3Y;0.023069;0.026131
2019-04-23;USD_OIS_SOFR_3Y;0.023115;0.026085
2019-04-24;USD_OIS_SOFR_3Y;0.022955;0.025845
2019-04-25;USD_OIS_SOFR_3Y;0.023097;0.025903
2019-04-26;USD_OIS_SOFR_3Y;0.023239;0.025961
2019-04-29;USD_OIS_SOFR_3Y;0.023474;0.026126
2019-04-30;USD_OIS_SOFR_3Y;0.025403;0.029797
2019-05-01;USD_OIS_SOFR_3Y;0.022851;0.027949
2019-05-02;USD_OIS_SOFR_3Y;0.022515;0.027485
2019-05-03;USD_OIS_SOFR_3Y;0.02185;0.02675
2019-05-06;USD_OIS_SOFR_3Y;0.021824;0.026576
2019-05-07;USD_OIS_SOFR_3Y;0.022093;0.026707
2019-05-08;USD_OIS_SOFR_3Y;0.022062;0.026538
2019-05-09;USD_OIS_SOFR_3Y;0.021927;0.026273
2019-05-10;USD_OIS_SOFR_3Y;0.021892;0.026108
2019-05-13;USD_OIS_SOFR_3Y;0.021752;0.025848
2019-05-14;USD_OIS_SOFR_3Y;0.021914;0.025886
2019-05-15;USD_OIS_SOFR_3Y;0.022791;0.026809
2019-05-16;USD_OIS_SOFR_3Y;0.022326;0.026274
2019-05-17;USD_OIS_SOFR_3Y;0.022285;0.026115
2019-05-20;USD_OIS_SOFR_3Y;0.022034;0.025766
2019-05-21;USD_OIS_SOFR_3Y;0.021989;0.025611
2019-05-22;USD_OIS_SOFR_3Y;0.021943;0.025457
2019-05-23;USD_OIS_SOFR_3Y;0.021997;0.025403
2019-05-24;USD_OIS_SOFR_3Y;0.022049;0.025351
2019-05-28;USD_OIS_SOFR_3Y;0.022479;0.025721
2019-05-29;USD_OIS_SOFR_3Y;0.022427;0.025573
2019-05-30;USD_OIS_SOFR_3Y;0.022475;0.025525
2019-05-31;USD_OIS_SOFR_3Y;0.023314;0.026486
2019-06-03;USD_OIS_SOFR_3Y;0.02236;0.02564
2019-06-04;USD_OIS_SOFR_3Y;0.022308;0.025492
2019-06-05;USD_OIS_SOFR_3Y;0.022455;0.025545
2019-06-06;USD_OIS_SOFR_3Y;0.022502;0.025498
2019-06-07;USD_OIS_SOFR_3Y;0.022447;0.025353
2019-06-10;USD_OIS_SOFR_3Y;0.022491;0.025309
2019-06-11;USD_OIS_SOFR_3Y;0.022432;0.025168
2019-06-12;USD_OIS_SOFR_3Y;0.022373;0.025027
2019-06-13;USD_OIS_SOFR_3Y;0.022207;0.024793
2019-06-14;USD_OIS_SOFR_3Y;0.022246;0.024754
2019-06-17;USD_OIS_SOFR_3Y;0.022826;0.025374
2019-06-18;USD_OIS_SOFR_3Y;0.022658;0.025142
2019-06-19;USD_OIS_SOFR_3Y;0.022381;0.024819
2019-06-20;USD_OIS_SOFR_3Y;0.022418;0.024782
2019-06-21;USD_OIS_SOFR_3Y;0.022552;0.024848
2019-06-24;USD_OIS_SOFR_3Y;0.02278;0.02502
2019-06-25;USD_OIS_SOFR_3Y;0.023007;0.025193
2019-06-26;USD_OIS_SOFR_3Y;0.023232;0.025368
2019-06-27;USD_OIS_SOFR_3Y;0.023163;0.025237
2019-06-28;USD_OIS_SOFR_3Y;0.023873;0.026127
2019-07-01;USD_OIS_SOFR_3Y;0.022994;0.025406
2019-07-02;USD_OIS_SOFR_3Y;0.023798;0.026402
2019-07-03;USD_OIS_SOFR_3Y;0.024299;0.026901
2019-07-05;USD_OIS_SOFR_3Y;0.024624;0.027176
2019-07-08;USD_OIS_SOFR_3Y;0.023378;0.026222
2019-07-09;USD_OIS_SOFR_3Y;0.023109;0.025891
2019-07-10;USD_OIS_SOFR_3Y;0.023249;0.025951
2019-07-11;USD_OIS_SOFR_3Y;0.022752;0.025448
2019-07-12;USD_OIS_SOFR_3Y;0.022255;0.024945
2019-07-15;USD_OIS_SOFR_3Y;0.023149;0.026051
2019-07-16;USD_OIS_SOFR_3Y;0.023292;0.026108
2019-07-17;USD_OIS_SOFR_3Y;0.023335;0.026065
2019-07-18;USD_OIS_SOFR_3Y;0.023275;0.025925
2019-07-19;USD_OIS_SOFR_3Y;0.022777;0.025423
2019-07-22;USD_OIS_SOFR_3Y;0.022715;0.025285
2019-07-23;USD_OIS_SOFR_3Y;0.022754;0.025246
2019-07-24;USD_OIS_SOFR_3Y;0.022891;0.025309
2019-07-25;USD_OIS_SOFR_3Y;0.023026;0.025374
2019-07-26;USD_OIS_SOFR_3Y;0.02296;0.02524
2019-07-29;USD_OIS_SOFR_3Y;0.022893;0.025107
2019-07-30;USD_OIS_SOFR_3Y;0.022825;0.024975
2019-07-31;USD_OIS_SOFR_3Y;0.024043;0.026957
2019-08-01;USD_OIS_SOFR_3Y;0.019208;0.024592
2019-08-02;USD_OIS_SOFR_3Y;0.01929;0.02451
2019-08-05;USD_OIS_SOFR_3Y;0.018741;0.023859
2019-08-06;USD_OIS_SOFR_3Y;0.018616;0.023584
2019-08-07;USD_OIS_SOFR_3Y;0.018591;0.023409
2019-08-08;USD_OIS_SOFR_3Y;0.018563;0.023237
2019-08-09;USD_OIS_SOFR_3Y;0.018831;0.023369
2019-08-12;USD_OIS_SOFR_3Y;0.018999;0.023401
2019-08-13;USD_OIS_SOFR_3Y;0.019451;0.023749
2019-08-14;USD_OIS_SOFR_3Y;0.019208;0.023392
2019-08-15;USD_OIS_SOFR_3Y;0.019747;0.023853
2019-08-16;USD_OIS_SOFR_3Y;0.019284;0.023316
2019-08-19;USD_OIS_SOFR_3Y;0.019141;0.023059
2019-08-20;USD_OIS_SOFR_3Y;0.019397;0.023203
2019-08-21;USD_OIS_SOFR_3Y;0.019145;0.022855
2019-08-22;USD_OIS_SOFR_3Y;0.0191;0.0227
2019-08-23;USD_OIS_SOFR_3Y;0.019254;0.022746
2019-08-26;USD_OIS_SOFR_3Y;0.019307;0.022693
2019-08-27;USD_OIS_SOFR_3Y;0.019828;0.023172
2019-08-28;USD_OIS_SOFR_3Y;0.019568;0.022832
2019-08-29;USD_OIS_SOFR_3Y;0.019617;0.022783
2019-08-30;USD_OIS_SOFR_3Y;0.020045;0.023155
2019-09-03;USD_OIS_SOFR_3Y;0.020191;0.023209
2019-09-04;USD_OIS_SOFR_3Y;0.020615;0.023585
2019-09-05;USD_OIS_SOFR_3Y;0.02066;0.02354
2019-09-06;USD_OIS_SOFR_3Y;0.020053;0.022947
2019-09-09;USD_OIS_SOFR_3Y;0.019784;0.022616
2019-09-10;USD_OIS_SOFR_3Y;0.020021;0.022779
2019-09-11;USD_OIS_SOFR_3Y;0.020162;0.022838
2019-09-12;USD_OIS_SOFR_3Y;0.020664;0.023336
2019-09-13;USD_OIS_SOFR_3Y;0.020705;0.023295
2019-09-16;USD_OIS_SOFR_3Y;0.022371;0.026229
2019-09-17;USD_OIS_SOFR_3Y;0.034456;0.070544
2019-09-18;USD_OIS_SOFR_3Y;0.000979;0.050021
2019-09-19;USD_OIS_SOFR_3Y;-0.004579;0.043579
2019-09-20;USD_OIS_SOFR_3Y;-0.004752;0.041952
2019-09-23;USD_OIS_SOFR_3Y;-0.004141;0.041141
2019-09-24;USD_OIS_SOFR_3Y;-0.002362;0.041562
2019-09-25;USD_OIS_SOFR_3Y;-0.001196;0.041396
2019-09-26;USD_OIS_SOFR_3Y;-0.002172;0.039172
2019-09-27;USD_OIS_SOFR_3Y;-0.001843;0.038243
2019-09-30;USD_OIS_SOFR_3Y;0.003777;0.043223
2019-10-01;USD_OIS_SOFR_3Y;-0.000555;0.038155
2019-10-02;USD_OIS_SOFR_3Y;-0.000266;0.037266
2019-10-03;USD_OIS_SOFR_3Y;0.000205;0.036595
2019-10-04;USD_OIS_SOFR_3Y;0.000559;0.035841
2019-10-07;USD_OIS_SOFR_3Y;0.001197;0.035403
2019-10-08;USD_OIS_SOFR_3Y;0.001917;0.035083
2019-10-09;USD_OIS_SOFR_3Y;0.002422;0.034578
2019-10-10;USD_OIS_SOFR_3Y;0.002912;0.034088
2019-10-11;USD_OIS_SOFR_3Y;0.003387;0.033613
2019-10-15;USD_OIS_SOFR_3Y;0.005316;0.034684
2019-10-16;USD_OIS_SOFR_3Y;0.00626;0.03474
2019-10-17;USD_OIS_SOFR_3Y;0.005679;0.033321
2019-10-18;USD_OIS_SOFR_3Y;0.005393;0.032207
2019-10-21;USD_OIS_SOFR_3Y;0.005601;0.031599
2019-10-22;USD_OIS_SOFR_3Y;0.006097;0.031303
2019-10-23;USD_OIS_SOFR_3Y;0.00648;0.03092
2019-10-24;USD_OIS_SOFR_3Y;0.006753;0.030447
2019-10-25;USD_OIS_SOFR_3Y;0.006913;0.029887
2019-10-28;USD_OIS_SOFR_3Y;0.007062;0.029338
2019-10-29;USD_OIS_SOFR_3Y;0.007301;0.028899
2019-10-30;USD_OIS_SOFR_3Y;0.00773;0.02867
2019-10-31;USD_OIS_SOFR_3Y;0.007442;0.027758
2019-11-01;USD_OIS_SOFR_3Y;0.005885;0.025715
2019-11-04;USD_OIS_SOFR_3Y;0.005986;0.025214
2019-11-05;USD_OIS_SOFR_3Y;0.006478;0.025122
2019-11-06;USD_OIS_SOFR_3Y;0.006662;0.024738
2019-11-07;USD_OIS_SOFR_3Y;0.006837;0.024363
2019-11-08;USD_OIS_SOFR_3Y;0.007104;0.024096
2019-11-12;USD_OIS_SOFR_3Y;0.007462;0.023938
2019-11-13;USD_OIS_SOFR_3Y;0.007713;0.023687
2019-11-14;USD_OIS_SOFR_3Y;0.008056;0.023544
2019-11-15;USD_OIS_SOFR_3Y;0.008392;0.023408
2019-11-18;USD_OIS_SOFR_3Y;0.008318;0.022882
2019-11-19;USD_OIS_SOFR_3Y;0.00864;0.02276
2019-11-20;USD_OIS_SOFR_3Y;0.008855;0.022545
2019-11-21;USD_OIS_SOFR_3Y;0.009163;0.022437
2019-11-22;USD_OIS_SOFR_3Y;0.009365;0.022235
2019-11-25;USD_OIS_SOFR_3Y;0.00936;0.02184
2019-11-26;USD_OIS_SOFR_3Y;0.009349;0.021451
2019-11-27;USD_OIS_SOFR_3Y;0.009633;0.021367
2019-11-29;USD_OIS_SOFR_3Y;0.010776;0.022224
2019-12-02;USD_OIS_SOFR_3Y;0.010749;0.021851
2019-12-03;USD_OIS_SOFR_3Y;0.010094;0.020906
2019-12-04;USD_OIS_SOFR_3Y;0.010158;0.020642
2019-12-05;USD_OIS_SOFR_3Y;0.010418;0.020582
2019-12-06;USD_OIS_SOFR_3Y;0.010572;0.020428
2019-12-09;USD_OIS_SOFR_3Y;0.010822;0.020378
2019-12-10;USD_OIS_SOFR_3Y;0.010867;0.020133
2019-12-11;USD_OIS_SOFR_3Y;0.010908;0.019892
2019-12-12;USD_OIS_SOFR_3Y;0.010944;0.019656
2019-12-13;USD_OIS_SOFR_3Y;0.011177;0.019623
2019-12-16;USD_OIS_SOFR_3Y;0.012074;0.020326
2019-12-17;USD_OIS_SOFR_3Y;0.011367;0.019433
2019-12-18;USD_OIS_SOFR_3Y;0.011389;0.019211
2019-12-19;USD_OIS_SOFR_3Y;0.011509;0.019091
2019-12-20;USD_OIS_SOFR_3Y;0.011624;0.018976
2019-12-23;USD_OIS_SOFR_3Y;0.011635;0.018765
2019-12-24;USD_OIS_SOFR_3Y;0.011744;0.018656
2019-12-26;USD_OIS_SOFR_3Y;0.011849;0.018551
2019-12-27;USD_OIS_SOFR_3Y;0.012051;0.018549
2019-12-30;USD_OIS_SOFR_3Y;0.012249;0.018551
2019-12-31;USD_OIS_SOFR_3Y;0.012444;0.018556
2020-01-02;USD_OIS_SOFR_3Y;0.012437;0.018363
2020-01-03;USD_OIS_SOFR_3Y;0.012626;0.018374
2020-01-06;USD_OIS_SOFR_3Y;0.012714;0.018286
2020-01-07;USD_OIS_SOFR_3Y;0.012898;0.018302
2020-01-08;USD_OIS_SOFR_3Y;0.01288;0.01812
2020-01-09;USD_OIS_SOFR_3Y;0.012959;0.018041
2020-01-10;USD_OIS_SOFR_3Y;0.013037;0.017963
2020-01-13;USD_OIS_SOFR_3Y;0.013011;0.017789
2020-01-14;USD_OIS_SOFR_3Y;0.013183;0.017817
2020-01-15;USD_OIS_SOFR_3Y;0.013353;0.017847
2020-01-16;USD_OIS_SOFR_3Y;0.01332;0.01768
2020-01-17;USD_OIS_SOFR_3Y;0.013286;0.017514
2020-01-21;USD_OIS_SOFR_3Y;0.01335;0.01745
2020-01-22;USD_OIS_SOFR_3Y;0.013412;0.017388
2020-01-23;USD_OIS_SOFR_3Y;0.013473;0.017327
2020-01-24;USD_OIS_SOFR_3Y;0.013431;0.017169
2020-01-27;USD_OIS_SOFR_3Y;0.013488;0.017112
2020-01-28;USD_OIS_SOFR_3Y;0.013543;0.017057
2020-01-29;USD_OIS_SOFR_3Y;0.013596;0.017004
2020-01-30;USD_OIS_SOFR_3Y;0.014118;0.017482
2020-01-31;USD_OIS_SOFR_3Y;0.014364;0.017636
2020-02-03;USD_OIS_SOFR_3Y;0.014313;0.017487
2020-02-04;USD_OIS_SOFR_3Y;0.01446;0.01754
2020-02-05;USD_OIS_SOFR_3Y;0.014405;0.017395
2020-02-06;USD_OIS_SOFR_3Y;0.014451;0.017349
2020-02-07;USD_OIS_SOFR_3Y;0.014394;0.017206
2020-02-10;USD_OIS_SOFR_3Y;0.014436;0.017164
2020-02-11;USD_OIS_SOFR_3Y;0.014478;0.017122
2020-02-12;USD_OIS_SOFR_3Y;0.014417;0.016983
2020-02-13;USD_OIS_SOFR_3Y;0.014456;0.016944
2020-02-14;USD_OIS_SOFR_3Y;0.014592;0.017008
2020-02-18;USD_OIS_SOFR_3Y;0.014822;0.017178
2020-02-19;USD_OIS_SOFR_3Y;0.014756;0.017044
2020-02-20;USD_OIS_SOFR_3Y;0.014889;0.017111
2020-02-21;USD_OIS_SOFR_3Y;0.014715;0.016885
2020-02-24;USD_OIS_SOFR_3Y;0.014748;0.016852
2020-02-25;USD_OIS_SOFR_3Y;0.014878;0.016922
2020-02-26;USD_OIS_SOFR_3Y;0.014808;0.016792
2020-02-27;USD_OIS_SOFR_3Y;0.014838;0.016762
2020-02-28;USD_OIS_SOFR_3Y;0.015058;0.016942
2020-03-02;USD_OIS_SOFR_3Y;0.014985;0.016815
2020-03-03;USD_OIS_SOFR_3Y;0.015457;0.017343
2020-03-04;USD_OIS_SOFR_3Y;0.009535;0.015065
2020-03-05;USD_OIS_SOFR_3Y;0.00843;0.01397
2020-03-06;USD_OIS_SOFR_3Y;0.008311;0.013689
2020-03-09;USD_OIS_SOFR_3Y;0.008292;0.013508
2020-03-10;USD_OIS_SOFR_3Y;0.008568;0.013632
2020-03-11;USD_OIS_SOFR_3Y;0.009032;0.013968
2020-03-12;USD_OIS_SOFR_3Y;0.009587;0.014413
2020-03-13;USD_OIS_SOFR_3Y;0.008575;0.013425
2020-03-16;USD_OIS_SOFR_3Y;-0.00324;0.00844
2020-03-17;USD_OIS_SOFR_3Y;-0.000536;0.011336
2020-03-18;USD_OIS_SOFR_3Y;-0.0054;0.0074
2020-03-19;USD_OIS_SOFR_3Y;-0.00561;0.00681
2020-03-20;USD_OIS_SOFR_3Y;-0.005622;0.006422
2020-03-23;USD_OIS_SOFR_3Y;-0.00564;0.00604
2020-03-24;USD_OIS_SOFR_3Y;-0.005563;0.005763
2020-03-25;USD_OIS_SOFR_3Y;-0.00539;0.00559
2020-03-26;USD_OIS_SOFR_3Y;-0.005223;0.005423
2020-03-27;USD_OIS_SOFR_3Y;-0.005061;0.005261
2020-03-30;USD_OIS_SOFR_3Y;-0.004904;0.005104
2020-03-31;USD_OIS_SOFR_3Y;-0.004751;0.004951
2020-04-01;USD_OIS_SOFR_3Y;-0.004603;0.004803
2020-04-02;USD_OIS_SOFR_3Y;-0.00446;0.00466
2020-04-03;USD_OIS_SOFR_3Y;-0.004321;0.004521
2020-04-06;USD_OIS_SOFR_3Y;-0.004187;0.004387
2020-04-07;USD_OIS_SOFR_3Y;-0.004056;0.004256
2020-04-08;USD_OIS_SOFR_3Y;-0.003929;0.004129
2020-04-09;USD_OIS_SOFR_3Y;-0.003807;0.004007
2020-04-13;USD_OIS_SOFR_3Y;-0.003588;0.003988
2020-04-14;USD_OIS_SOFR_3Y;-0.003082;0.004282
2020-04-15;USD_OIS_SOFR_3Y;-0.003274;0.003874
2020-04-16;USD_OIS_SOFR_3Y;-0.003166;0.003766
2020-04-17;USD_OIS_SOFR_3Y;-0.00306;0.00366
2020-04-20;USD_OIS_SOFR_3Y;-0.003058;0.003458
2020-04-21;USD_OIS_SOFR_3Y;-0.00306;0.00326
2020-04-22;USD_OIS_SOFR_3Y;-0.002963;0.003163
2020-04-23;USD_OIS_SOFR_3Y;-0.00287;0.00307
2020-04-24;USD_OIS_SOFR_3Y;-0.002582;0.003182
2020-04-27;USD_OIS_SOFR_3Y;-0.002495;0.003095
2020-04-28;USD_OIS_SOFR_3Y;-0.002612;0.002812
2020-04-29;USD_OIS_SOFR_3Y;-0.00253;0.00273
2020-04-30;USD_OIS_SOFR_3Y;-0.002157;0.002957
2020-05-01;USD_OIS_SOFR_3Y;-0.00218;0.00278
2020-05-04;USD_OIS_SOFR_3Y;-0.001908;0.002908
2020-05-05;USD_OIS_SOFR_3Y;-0.001834;0.002834
2020-05-06;USD_OIS_SOFR_3Y;-0.001763;0.002763
2020-05-07;USD_OIS_SOFR_3Y;-0.001694;0.002694
2020-05-08;USD_OIS_SOFR_3Y;-0.001528;0.002728
2020-05-11;USD_OIS_SOFR_3Y;-0.001463;0.002663
2020-05-12;USD_OIS_SOFR_3Y;-0.001401;0.002601
2020-05-13;USD_OIS_SOFR_3Y;-0.001544;0.002344
2020-05-14;USD_OIS_SOFR_3Y;-0.001689;0.002089
2020-05-15;USD_OIS_SOFR_3Y;-0.001341;0.002341
2020-05-18;USD_OIS_SOFR_3Y;-0.001386;0.002186
2020-05-19;USD_OIS_SOFR_3Y;-0.001332;0.002132
2020-05-20;USD_OIS_SOFR_3Y;-0.00159;0.00179
2020-05-21;USD_OIS_SOFR_3Y;-0.00144;0.00184
2020-05-22;USD_OIS_SOFR_3Y;-0.001195;0.001995
2020-05-26;USD_OIS_SOFR_3Y;-0.000951;0.002151
2020-05-27;USD_OIS_SOFR_3Y;-0.000904;0.002104
2020-05-28;USD_OIS_SOFR_3Y;-0.000858;0.002058
2020-05-29;USD_OIS_SOFR_3Y;-0.000814;0.002014
2020-06-01;USD_OIS_SOFR_3Y;-0.000771;0.001971
2020-06-02;USD_OIS_SOFR_3Y;-0.000631;0.002031
2020-06-03;USD_OIS_SOFR_3Y;-0.000692;0.001892
2020-06-04;USD_OIS_SOFR_3Y;-0.000554;0.001954
2020-06-05;USD_OIS_SOFR_3Y;-0.000516;0.001916
2020-06-08;USD_OIS_SOFR_3Y;-0.000479;0.001879
2020-06-09;USD_OIS_SOFR_3Y;-0.000345;0.001945
2020-06-10;USD_OIS_SOFR_3Y;-0.000412;0.001812
2020-06-11;USD_OIS_SOFR_3Y;-0.00028;0.00188
2020-06-12;USD_OIS_SOFR_3Y;-0.000247;0.001847
2020-06-15;USD_OIS_SOFR_3Y;-0.000117;0.001917
2020-06-16;USD_OIS_SOFR_3Y;-8.6e-05;0.001886
2020-06-17;USD_OIS_SOFR_3Y;-5.6e-05;0.001856
2020-06-18;USD_OIS_SOFR_3Y;-2.7e-05;0.001827
2020-06-19;USD_OIS_SOFR_3Y;2e-06;0.001798
2020-06-22;USD_OIS_SOFR_3Y;-7.3e-05;0.001673
2020-06-23;USD_OIS_SOFR_3Y;-0.000149;0.001549
2020-06-24;USD_OIS_SOFR_3Y;-2.6e-05;0.001626
2020-06-25;USD_OIS_SOFR_3Y;9.7e-05;0.001703
2020-06-26;USD_OIS_SOFR_3Y;1.9e-05;0.001581
2020-06-29;USD_OIS_SOFR_3Y;4.3e-05;0.001557
2020-06-30;USD_OIS_SOFR_3Y;0.000255;0.001745
2020-07-01;USD_OIS_SOFR_3Y;0.000375;0.001825
2020-07-02;USD_OIS_SOFR_3Y;0.000397;0.001803
2020-07-06;USD_OIS_SOFR_3Y;0.000315;0.001685
2020-07-07;USD_OIS_SOFR_3Y;0.000336;0.001664
2020-07-08;USD_OIS_SOFR_3Y;0.000356;0.001644
2020-07-09;USD_OIS_SOFR_3Y;0.000376;0.001624
2020-07-10;USD_OIS_SOFR_3Y;0.000395;0.001605
2020-07-13;USD_OIS_SOFR_3Y;0.000413;0.001587
2020-07-14;USD_OIS_SOFR_3Y;0.000528;0.001672
2020-07-15;USD_OIS_SOFR_3Y;0.000731;0.001869
2020-07-16;USD_OIS_SOFR_3Y;0.000644;0.001756
2020-07-17;USD_OIS_SOFR_3Y;0.000661;0.001739
2020-07-20;USD_OIS_SOFR_3Y;0.000678;0.001722
2020-07-21;USD_OIS_SOFR_3Y;0.00059;0.00161
2020-07-22;USD_OIS_SOFR_3Y;0.000501;0.001499
2020-07-23;USD_OIS_SOFR_3Y;0.000516;0.001484
2020-07-24;USD_OIS_SOFR_3Y;0.000531;0.001469
2020-07-27;USD_OIS_SOFR_3Y;0.000545;0.001455
2020-07-28;USD_OIS_SOFR_3Y;0.000559;0.001441
2020-07-29;USD_OIS_SOFR_3Y;0.000468;0.001332
2020-07-30;USD_OIS_SOFR_3Y;0.000576;0.001424
2020-07-31;USD_OIS_SOFR_3Y;0.000589;0.001411
2020-08-03;USD_OIS_SOFR_3Y;0.000602;0.001398
2020-08-04;USD_OIS_SOFR_3Y;0.000509;0.001291
2020-08-05;USD_OIS_SOFR_3Y;0.000521;0.001279
2020-08-06;USD_OIS_SOFR_3Y;0.000532;0.001268
2020-08-07;USD_OIS_SOFR_3Y;0.000543;0.001257
2020-08-10;USD_OIS_SOFR_3Y;0.000554;0.001246
2020-08-11;USD_OIS_SOFR_3Y;0.000659;0.001341
2020-08-12;USD_OIS_SOFR_3Y;0.000563;0.001237
2020-08-13;USD_OIS_SOFR_3Y;0.000573;0.001227
2020-08-14;USD_OIS_SOFR_3Y;0.000583;0.001217
2020-08-17;USD_OIS_SOFR_3Y;0.000686;0.001314
2020-08-18;USD_OIS_SOFR_3Y;0.000589;0.001211
2020-08-19;USD_OIS_SOFR_3Y;0.000599;0.001201
2020-08-20;USD_OIS_SOFR_3Y;0.000381;0.001019
2020-08-21;USD_OIS_SOFR_3Y;0.000391;0.001009
2020-08-24;USD_OIS_SOFR_3Y;0.000494;0.001106
2020-08-25;USD_OIS_SOFR_3Y;0.000503;0.001097
2020-08-26;USD_OIS_SOFR_3Y;0.000405;0.000995
2020-08-27;USD_OIS_SOFR_3Y;0.000414;0.000986
2020-08-28;USD_OIS_SOFR_3Y;0.000423;0.000977
2020-08-31;USD_OIS_SOFR_3Y;0.000603;0.001197
2020-09-01;USD_OIS_SOFR_3Y;0.000612;0.001188
2020-09-02;USD_OIS_SOFR_3Y;0.000621;0.001179
2020-09-03;USD_OIS_SOFR_3Y;0.000722;0.001278
2020-09-04;USD_OIS_SOFR_3Y;0.000623;0.001177
2020-09-08;USD_OIS_SOFR_3Y;0.000631;0.001169
2020-09-09;USD_OIS_SOFR_3Y;0.000639;0.001161
2020-09-10;USD_OIS_SOFR_3Y;0.000647;0.001153
2020-09-11;USD_OIS_SOFR_3Y;0.000655;0.001145
2020-09-14;USD_OIS_SOFR_3Y;0.000663;0.001137
2020-09-15;USD_OIS_SOFR_3Y;0.000761;0.001239
2020-09-16;USD_OIS_SOFR_3Y;0.000768;0.001232
2020-09-17;USD_OIS_SOFR_3Y;0.000775;0.001225
2020-09-18;USD_OIS_SOFR_3Y;0.000673;0.001127
2020-09-21;USD_OIS_SOFR_3Y;0.000571;0.001029
2020-09-22;USD_OIS_SOFR_3Y;0.000469;0.000931
2020-09-23;USD_OIS_SOFR_3Y;0.000367;0.000833
2020-09-24;USD_OIS_SOFR_3Y;0.000466;0.000934
2020-09-25;USD_OIS_SOFR_3Y;0.000564;0.001036
2020-09-28;USD_OIS_SOFR_3Y;0.000571;0.001029
2020-09-29;USD_OIS_SOFR_3Y;0.000469;0.000931
2020-09-30;USD_OIS_SOFR_3Y;0.000567;0.001033
2020-10-01;USD_OIS_SOFR_3Y;0.000574;0.001026
2020-10-02;USD_OIS_SOFR_3Y;0.000747;0.001253
2020-10-05;USD_OIS_SOFR_3Y;0.000647;0.001153
2020-10-06;USD_OIS_SOFR_3Y;0.000746;0.001254
2020-10-07;USD_OIS_SOFR_3Y;0.000646;0.001154
2020-10-08;USD_OIS_SOFR_3Y;0.000545;0.001055
2020-10-09;USD_OIS_SOFR_3Y;0.000645;0.001155
2020-10-13;USD_OIS_SOFR_3Y;0.000653;0.001147
2020-10-14;USD_OIS_SOFR_3Y;0.00066;0.00114
2020-10-15;USD_OIS_SOFR_3Y;0.000759;0.001241
2020-10-16;USD_OIS_SOFR_3Y;0.000658;0.001142
2020-10-19;USD_OIS_SOFR_3Y;0.000665;0.001135
2020-10-20;USD_OIS_SOFR_3Y;0.000564;0.001036
2020-10-21;USD_OIS_SOFR_3Y;0.000462;0.000938
2020-10-22;USD_OIS_SOFR_3Y;0.00047;0.00093
2020-10-23;USD_OIS_SOFR_3Y;0.000568;0.001032
2020-10-26;USD_OIS_SOFR_3Y;0.000666;0.001134
2020-10-27;USD_OIS_SOFR_3Y;0.000673;0.001127
2020-10-28;USD_OIS_SOFR_3Y;0.000571;0.001029
2020-10-29;USD_OIS_SOFR_3Y;0.000669;0.001131
2020-10-30;USD_OIS_SOFR_3Y;0.000676;0.001124
2020-11-02;USD_OIS_SOFR_3Y;0.000848;0.001352
2020-11-03;USD_OIS_SOFR_3Y;0.000748;0.001252
2020-11-04;USD_OIS_SOFR_3Y;0.000755;0.001245
2020-11-05;USD_OIS_SOFR_3Y;0.000855;0.001345
2020-11-06;USD_OIS_SOFR_3Y;0.000754;0.001246
2020-11-09;USD_OIS_SOFR_3Y;0.000761;0.001239
2020-11-10;USD_OIS_SOFR_3Y;0.000768;0.001232
2020-11-12;USD_OIS_SOFR_3Y;0.000667;0.001133
2020-11-13;USD_OIS_SOFR_3Y;0.000674;0.001126
2020-11-16;USD_OIS_SOFR_3Y;0.000772;0.001228
2020-11-17;USD_OIS_SOFR_3Y;0.00067;0.00113
2020-11-18;USD_OIS_SOFR_3Y;0.000443;0.000957
2020-11-19;USD_OIS_SOFR_3Y;0.000343;0.000857
2020-11-20;USD_OIS_SOFR_3Y;0.000243;0.000757
2020-11-23;USD_OIS_SOFR_3Y;0.00025;0.00075
2020-11-24;USD_OIS_SOFR_3Y;0.000427;0.000973
2020-11-25;USD_OIS_SOFR_3Y;0.000527;0.001073
2020-11-27;USD_OIS_SOFR_3Y;0.000536;0.001064
2020-11-30;USD_OIS_SOFR_3Y;0.000636;0.001164
2020-12-01;USD_OIS_SOFR_3Y;0.000536;0.001064
2020-12-02;USD_OIS_SOFR_3Y;0.000544;0.001056
2020-12-03;USD_OIS_SOFR_3Y;0.000552;0.001048
2020-12-04;USD_OIS_SOFR_3Y;0.000651;0.001149
2020-12-07;USD_OIS_SOFR_3Y;0.000551;0.001049
2020-12-08;USD_OIS_SOFR_3Y;0.00045;0.00095
2020-12-09;USD_OIS_SOFR_3Y;0.000549;0.001051
2020-12-10;USD_OIS_SOFR_3Y;0.000557;0.001043
2020-12-11;USD_OIS_SOFR_3Y;0.000564;0.001036
2020-12-14;USD_OIS_SOFR_3Y;0.000572;0.001028
2020-12-15;USD_OIS_SOFR_3Y;0.00067;0.00113
2020-12-16;USD_OIS_SOFR_3Y;0.000677;0.001123
2020-12-17;USD_OIS_SOFR_3Y;0.000683;0.001117
2020-12-18;USD_OIS_SOFR_3Y;0.00069;0.00111
2020-12-21;USD_OIS_SOFR_3Y;0.000696;0.001104
2020-12-22;USD_OIS_SOFR_3Y;0.000465;0.000935
2020-12-23;USD_OIS_SOFR_3Y;0.000364;0.000836
2020-12-24;USD_OIS_SOFR_3Y;0.000538;0.001062
2020-12-28;USD_OIS_SOFR_3Y;0.000638;0.001162
2020-12-29;USD_OIS_SOFR_3Y;0.000738;0.001262
2020-12-30;USD_OIS_SOFR_3Y;0.000638;0.001162
2020-12-31;USD_OIS_SOFR_3Y;0.000416;0.000984
2021-01-04;USD_OIS_SOFR_3Y;0.000665;0.001335
2021-01-05;USD_OIS_SOFR_3Y;0.000769;0.001431
2021-01-06;USD_OIS_SOFR_3Y;0.000673;0.001327
2021-01-07;USD_OIS_SOFR_3Y;0.000683;0.001317
2021-01-08;USD_OIS_SOFR_3Y;0.000586;0.001214
2021-01-11;USD_OIS_SOFR_3Y;0.000596;0.001204
2021-01-12;USD_OIS_SOFR_3Y;0.000498;0.001102
2021-01-13;USD_OIS_SOFR_3Y;0.000507;0.001093
2021-01-14;USD_OIS_SOFR_3Y;0.000516;0.001084
2021-01-15;USD_OIS_SOFR_3Y;0.000525;0.001075
2021-01-19;USD_OIS_SOFR_3Y;0.000426;0.000974
2021-01-20;USD_OIS_SOFR_3Y;0.000327;0.000873
2021-01-21;USD_OIS_SOFR_3Y;0.000106;0.000694
2021-01-22;USD_OIS_SOFR_3Y;0.000208;0.000792
2021-01-25;USD_OIS_SOFR_3Y;0.00031;0.00089
2021-01-26;USD_OIS_SOFR_3Y;-4e-05;0.00064
2021-01-27;USD_OIS_SOFR_3Y;-3e-05;0.00063
2021-01-28;USD_OIS_SOFR_3Y;7.4e-05;0.000726
2021-01-29;USD_OIS_SOFR_3Y;0.000259;0.000941
2021-02-01;USD_OIS_SOFR_3Y;0.000364;0.001036
2021-02-02;USD_OIS_SOFR_3Y;0.000374;0.001026
2021-02-03;USD_OIS_SOFR_3Y;0.000384;0.001016
2021-02-04;USD_OIS_SOFR_3Y;0.000168;0.000832
2021-02-05;USD_OIS_SOFR_3Y;-0.000174;0.000574
2021-02-08;USD_OIS_SOFR_3Y;-0.000163;0.000563
2021-02-09;USD_OIS_SOFR_3Y;0.0001;0.0009
2021-02-10;USD_OIS_SOFR_3Y;0.000207;0.000993
2021-02-11;USD_OIS_SOFR_3Y;0.000219;0.000981
2021-02-12;USD_OIS_SOFR_3Y;0.000125;0.000875
2021-02-16;USD_OIS_SOFR_3Y;0.000231;0.000969
2021-02-17;USD_OIS_SOFR_3Y;0.000242;0.000958
2021-02-18;USD_OIS_SOFR_3Y;-9.6e-05;0.000696
2021-02-19;USD_OIS_SOFR_3Y;-0.000189;0.000589
2021-02-22;USD_OIS_SOFR_3Y;-8.3e-05;0.000683
2021-02-23;USD_OIS_SOFR_3Y;-0.000292;0.000492
2021-02-24;USD_OIS_SOFR_3Y;-0.000186;0.000586
2021-02-25;USD_OIS_SOFR_3Y;-7.9e-05;0.000679
2021-02-26;USD_OIS_SOFR_3Y;-0.000289;0.000489
2021-03-01;USD_OIS_SOFR_3Y;-0.000183;0.000583
2021-03-02;USD_OIS_SOFR_3Y;8e-06;0.000792
2021-03-03;USD_OIS_SOFR_3Y;2e-05;0.00078
2021-03-04;USD_OIS_SOFR_3Y;-0.00019;0.00059
2021-03-05;USD_OIS_SOFR_3Y;-0.000178;0.000578
2021-03-08;USD_OIS_SOFR_3Y;-0.000167;0.000567
2021-03-09;USD_OIS_SOFR_3Y;-0.000155;0.000555
2021-03-10;USD_OIS_SOFR_3Y;-0.000145;0.000545
2021-03-11;USD_OIS_SOFR_3Y;-0.00024;0.00044
2021-03-12;USD_OIS_SOFR_3Y;-0.00023;0.00043
2021-03-15;USD_OIS_SOFR_3Y;-0.00022;0.00042
2021-03-16;USD_OIS_SOFR_3Y;-0.00021;0.00041
2021-03-17;USD_OIS_SOFR_3Y;-0.000201;0.000401
2021-03-18;USD_OIS_SOFR_3Y;-0.000191;0.000391
2021-03-19;USD_OIS_SOFR_3Y;-0.000182;0.000382
2021-03-22;USD_OIS_SOFR_3Y;-0.000174;0.000374
2021-03-23;USD_OIS_SOFR_3Y;-0.000166;0.000366
2021-03-24;USD_OIS_SOFR_3Y;-0.000157;0.000357
2021-03-25;USD_OIS_SOFR_3Y;-0.00015;0.00035
2021-03-26;USD_OIS_SOFR_3Y;-0.000142;0.000342
2021-03-29;USD_OIS_SOFR_3Y;-0.000135;0.000335
2021-03-30;USD_OIS_SOFR_3Y;-0.000127;0.000327
2021-03-31;USD_OIS_SOFR_3Y;-0.000121;0.000321
2021-04-01;USD_OIS_SOFR_3Y;-0.000114;0.000314
2021-04-05;USD_OIS_SOFR_3Y;-0.000107;0.000307
2021-04-06;USD_OIS_SOFR_3Y;-0.000101;0.000301
2021-04-07;USD_OIS_SOFR_3Y;-9.5e-05;0.000295
2021-04-08;USD_OIS_SOFR_3Y;-8.9e-05;0.000289
2021-04-09;USD_OIS_SOFR_3Y;-8.3e-05;0.000283
2021-04-12;USD_OIS_SOFR_3Y;-7.8e-05;0.000278
2021-04-13;USD_OIS_SOFR_3Y;-7.2e-05;0.000272
2021-04-14;USD_OIS_SOFR_3Y;-6.7e-05;0.000267
2021-04-15;USD_OIS_SOFR_3Y;-6.2e-05;0.000262
2021-04-16;USD_OIS_SOFR_3Y;-5.7e-05;0.000257
2021-04-19;USD_OIS_SOFR_3Y;-5.2e-05;0.000252
2021-04-20;USD_OIS_SOFR_3Y;-4.8e-05;0.000248
2021-04-21;USD_OIS_SOFR_3Y;-4.3e-05;0.000243
2021-04-22;USD_OIS_SOFR_3Y;-3.9e-05;0.000239
2021-04-23;USD_OIS_SOFR_3Y;-3.4e-05;0.000234
2021-04-26;USD_OIS_SOFR_3Y;-3e-05;0.00023
2021-04-27;USD_OIS_SOFR_3Y;-2.6e-05;0.000226
2021-04-28;USD_OIS_SOFR_3Y;-2.3e-05;0.000223
2021-04-29;USD_OIS_SOFR_3Y;-1.9e-05;0.000219
2021-04-30;USD_OIS_SOFR_3Y;-1.5e-05;0.000215
2021-05-03;USD_OIS_SOFR_3Y;-1.2e-05;0.000212
2021-05-04;USD_OIS_SOFR_3Y;-8e-06;0.000208
2021-05-05;USD_OIS_SOFR_3Y;-5e-06;0.000205
2021-05-06;USD_OIS_SOFR_3Y;-2e-06;0.000202
2021-05-07;USD_OIS_SOFR_3Y;0.0;0.0002
2021-05-10;USD_OIS_SOFR_3Y;0.0;0.0002
2021-05-11;USD_OIS_SOFR_3Y;0.0;0.0002
2021-05-12;USD_OIS_SOFR_3Y;0.0;0.0002
2021-05-13;USD_OIS_SOFR_3Y;0.0;0.0002
2021-05-14;USD_OIS_SOFR_3Y;0.0;0.0002
2021-05-17;USD_OIS_SOFR_3Y;0.0;0.0002
2021-05-18;USD_OIS_SOFR_3Y;0.0;0.0002
2021-05-19;USD_OIS_SOFR_3Y;0.0;0.0002
2021-05-20;USD_OIS_SOFR_3Y;0.0;0.0002
2021-05-21;USD_OIS_SOFR_3Y;0.0;0.0002
2021-05-24;USD_OIS_SOFR_3Y;0.0;0.0002
2021-05-25;USD_OIS_SOFR_3Y;0.0;0.0002
2021-05-26;USD_OIS_SOFR_3Y;0.0;0.0002
2021-05-27;USD_OIS_SOFR_3Y;0.0;0.0002
2021-05-28;USD_OIS_SOFR_3Y;0.0;0.0002
2021-06-01;USD_OIS_SOFR_3Y;0.0;0.0002
2021-06-02;USD_OIS_SOFR_3Y;0.0;0.0002
2021-06-03;USD_OIS_SOFR_3Y;0.0;0.0002
2021-06-04;USD_OIS_SOFR_3Y;0.0;0.0002
2021-06-07;USD_OIS_SOFR_3Y;0.0;0.0002
2021-06-08;USD_OIS_SOFR_3Y;0.0;0.0002
2021-06-09;USD_OIS_SOFR_3Y;0.0;0.0002
2021-06-10;USD_OIS_SOFR_3Y;0.0;0.0002
2021-06-11;USD_OIS_SOFR_3Y;0.0;0.0002
2021-06-14;USD_OIS_SOFR_3Y;0.0;0.0002
2021-06-15;USD_OIS_SOFR_3Y;0.0;0.0002
2021-06-16;USD_OIS_SOFR_3Y;0.0;0.0002
2021-06-17;USD_OIS_SOFR_3Y;0.000242;0.000758
2021-06-18;USD_OIS_SOFR_3Y;0.00025;0.00075
2021-06-21;USD_OIS_SOFR_3Y;0.000258;0.000742
2021-06-22;USD_OIS_SOFR_3Y;0.000265;0.000735
2021-06-23;USD_OIS_SOFR_3Y;0.000272;0.000728
2021-06-24;USD_OIS_SOFR_3Y;0.000279;0.000721
2021-06-25;USD_OIS_SOFR_3Y;0.000286;0.000714
2021-06-28;USD_OIS_SOFR_3Y;0.000292;0.000708
2021-06-29;USD_OIS_SOFR_3Y;0.000299;0.000701
2021-06-30;USD_OIS_SOFR_3Y;0.000305;0.000695
2021-07-01;USD_OIS_SOFR_3Y;0.000311;0.000689
2021-07-02;USD_OIS_SOFR_3Y;0.000316;0.000684
2021-07-06;USD_OIS_SOFR_3Y;0.000322;0.000678
2021-07-07;USD_OIS_SOFR_3Y;0.000327;0.000673
2021-07-08;USD_OIS_SOFR_3Y;0.000333;0.000667
2021-07-09;USD_OIS_SOFR_3Y;0.000338;0.000662
2021-07-12;USD_OIS_SOFR_3Y;0.000343;0.000657
2021-07-13;USD_OIS_SOFR_3Y;0.000348;0.000652
2021-07-14;USD_OIS_SOFR_3Y;0.000352;0.000648
2021-07-15;USD_OIS_SOFR_3Y;0.000357;0.000643
2021-07-16;USD_OIS_SOFR_3Y;0.000361;0.000639
2021-07-19;USD_OIS_SOFR_3Y;0.000365;0.000635
2021-07-20;USD_OIS_SOFR_3Y;0.000369;0.000631
2021-07-21;USD_OIS_SOFR_3Y;0.000373;0.000627
2021-07-22;USD_OIS_SOFR_3Y;0.000377;0.000623
2021-07-23;USD_OIS_SOFR_3Y;0.000381;0.000619
2021-07-26;USD_OIS_SOFR_3Y;0.000385;0.000615
2021-07-27;USD_OIS_SOFR_3Y;0.000388;0.000612
2021-07-28;USD_OIS_SOFR_3Y;0.000392;0.000608
2021-07-29;USD_OIS_SOFR_3Y;0.000395;0.000605
2021-07-30;USD_OIS_SOFR_3Y;0.000398;0.000602
2021-08-02;USD_OIS_SOFR_3Y;0.0004;0.0006
2021-08-03;USD_OIS_SOFR_3Y;0.0004;0.0006
2021-08-04;USD_OIS_SOFR_3Y;0.0004;0.0006
2021-08-05;USD_OIS_SOFR_3Y;0.0004;0.0006
2021-08-06;USD_OIS_SOFR_3Y;0.0004;0.0006
2021-08-09;USD_OIS_SOFR_3Y;0.0004;0.0006
2021-08-10;USD_OIS_SOFR_3Y;0.0004;0.0006
2021-08-11;USD_OIS_SOFR_3Y;0.0004;0.0006
2021-08-12;USD_OIS_SOFR_3Y;0.0004;0.0006
2021-08-13;USD_OIS_SOFR_3Y;0.0004;0.0006
2021-08-16;USD_OIS_SOFR_3Y;0.0004;0.0006
2021-08-17;USD_OIS_SOFR_3Y;0.0004;0.0006
2021-08-18;USD_OIS_SOFR_3Y;0.0004;0.0006
2021-08-19;USD_OIS_SOFR_3Y;0.0004;0.0006
2021-08-20;USD_OIS_SOFR_3Y;0.0004;0.0006
2021-08-23;USD_OIS_SOFR_3Y;0.0004;0.0006
2021-08-24;USD_OIS_SOFR_3Y;0.0004;0.0006
2021-08-25;USD_OIS_SOFR_3Y;0.0004;0.0006
2021-08-26;USD_OIS_SOFR_3Y;0.0004;0.0006
2021-08-27;USD_OIS_SOFR_3Y;0.0004;0.0006
2021-08-30;USD_OIS_SOFR_3Y;0.0004;0.0006
2021-08-31;USD_OIS_SOFR_3Y;0.0004;0.0006
2021-09-01;USD_OIS_SOFR_3Y;0.0004;0.0006
2021-09-02;USD_OIS_SOFR_3Y;0.0004;0.0006
2021-09-03;USD_OIS_SOFR_3Y;0.0004;0.0006
2021-09-07;USD_OIS_SOFR_3Y;0.0004;0.0006
2021-09-08;USD_OIS_SOFR_3Y;0.0004;0.0006
2021-09-09;USD_OIS_SOFR_3Y;0.0004;0.0006
2021-09-10;USD_OIS_SOFR_3Y;0.0004;0.0006
2021-09-13;USD_OIS_SOFR_3Y;0.0004;0.0006
2021-09-14;USD_OIS_SOFR_3Y;0.0004;0.0006
2021-09-15;USD_OIS_SOFR_3Y;0.0004;0.0006
2021-09-16;USD_OIS_SOFR_3Y;0.0004;0.0006
2021-09-17;USD_OIS_SOFR_3Y;0.0004;0.0006
2021-09-20;USD_OIS_SOFR_3Y;0.0004;0.0006
2021-09-21;USD_OIS_SOFR_3Y;0.0004;0.0006
2021-09-22;USD_OIS_SOFR_3Y;0.0004;0.0006
2021-09-23;USD_OIS_SOFR_3Y;0.0004;0.0006
2021-09-24;USD_OIS_SOFR_3Y;0.0004;0.0006
2021-09-27;USD_OIS_SOFR_3Y;0.0004;0.0006
2021-09-28;USD_OIS_SOFR_3Y;0.0004;0.0006
2021-09-29;USD_OIS_SOFR_3Y;0.0004;0.0006
2021-09-30;USD_OIS_SOFR_3Y;0.0004;0.0006
2021-10-01;USD_OIS_SOFR_3Y;0.0004;0.0006
2021-10-04;USD_OIS_SOFR_3Y;0.0004;0.0006
2021-10-05;USD_OIS_SOFR_3Y;0.0004;0.0006
2021-10-06;USD_OIS_SOFR_3Y;0.0004;0.0006
2021-10-07;USD_OIS_SOFR_3Y;0.0004;0.0006
2021-10-08;USD_OIS_SOFR_3Y;0.0004;0.0006
2021-10-12;USD_OIS_SOFR_3Y;0.0004;0.0006
2021-10-13;USD_OIS_SOFR_3Y;0.0004;0.0006
2021-10-14;USD_OIS_SOFR_3Y;0.0004;0.0006
2021-10-15;USD_OIS_SOFR_3Y;0.0004;0.0006
2021-10-18;USD_OIS_SOFR_3Y;0.0004;0.0006
2021-10-19;USD_OIS_SOFR_3Y;0.000171;0.000429
2021-10-20;USD_OIS_SOFR_3Y;0.000175;0.000425
2021-10-21;USD_OIS_SOFR_3Y;0.000179;0.000421
2021-10-22;USD_OIS_SOFR_3Y;0.000327;0.000673
2021-10-25;USD_OIS_SOFR_3Y;0.000221;0.000579
2021-10-26;USD_OIS_SOFR_3Y;0.000315;0.000685
2021-10-27;USD_OIS_SOFR_3Y;0.00032;0.00068
2021-10-28;USD_OIS_SOFR_3Y;0.000326;0.000674
2021-10-29;USD_OIS_SOFR_3Y;0.000331;0.000669
2021-11-01;USD_OIS_SOFR_3Y;0.000336;0.000664
2021-11-02;USD_OIS_SOFR_3Y;0.000341;0.000659
2021-11-03;USD_OIS_SOFR_3Y;0.000346;0.000654
2021-11-04;USD_OIS_SOFR_3Y;0.000351;0.000649
2021-11-05;USD_OIS_SOFR_3Y;0.000355;0.000645
2021-11-08;USD_OIS_SOFR_3Y;0.00036;0.00064
2021-11-09;USD_OIS_SOFR_3Y;0.000364;0.000636
2021-11-10;USD_OIS_SOFR_3Y;0.000368;0.000632
2021-11-12;USD_OIS_SOFR_3Y;0.000372;0.000628
2021-11-15;USD_OIS_SOFR_3Y;0.000376;0.000624
2021-11-16;USD_OIS_SOFR_3Y;0.00038;0.00062
2021-11-17;USD_OIS_SOFR_3Y;0.000384;0.000616
2021-11-18;USD_OIS_SOFR_3Y;0.000387;0.000613
2021-11-19;USD_OIS_SOFR_3Y;0.000391;0.000609
2021-11-22;USD_OIS_SOFR_3Y;0.000394;0.000606
2021-11-23;USD_OIS_SOFR_3Y;0.000397;0.000603
2021-11-24;USD_OIS_SOFR_3Y;0.0004;0.0006
2021-11-26;USD_OIS_SOFR_3Y;0.0004;0.0006
2021-11-29;USD_OIS_SOFR_3Y;0.0004;0.0006
2021-11-30;USD_OIS_SOFR_3Y;0.0004;0.0006
2021-12-01;USD_OIS_SOFR_3Y;0.0004;0.0006
2021-12-02;USD_OIS_SOFR_3Y;0.0004;0.0006
2021-12-03;USD_OIS_SOFR_3Y;0.0004;0.0006
2021-12-06;USD_OIS_SOFR_3Y;0.0004;0.0006
2021-12-07;USD_OIS_SOFR_3Y;0.0004;0.0006
2021-12-08;USD_OIS_SOFR_3Y;0.0004;0.0006
2021-12-09;USD_OIS_SOFR_3Y;0.0004;0.0006
2021-12-10;USD_OIS_SOFR_3Y;0.0004;0.0006
2021-12-13;USD_OIS_SOFR_3Y;0.0004;0.0006
2021-12-14;USD_OIS_SOFR_3Y;0.0004;0.0006
2021-12-15;USD_OIS_SOFR_3Y;0.0004;0.0006
2021-12-16;USD_OIS_SOFR_3Y;0.0004;0.0006
2021-12-17;USD_OIS_SOFR_3Y;0.0004;0.0006
2021-12-20;USD_OIS_SOFR_3Y;0.0003;0.0005
2021-12-21;USD_OIS_SOFR_3Y;0.000395;0.000605
2021-12-22;USD_OIS_SOFR_3Y;0.000398;0.000602
2021-12-23;USD_OIS_SOFR_3Y;0.0004;0.0006
2021-12-27;USD_OIS_SOFR_3Y;0.0004;0.0006
2021-12-28;USD_OIS_SOFR_3Y;0.0004;0.0006
2021-12-29;USD_OIS_SOFR_3Y;0.0004;0.0006
2021-12-30;USD_OIS_SOFR_3Y;0.0004;0.0006
2021-12-31;USD_OIS_SOFR_3Y;0.0004;0.0006
2022-01-03;USD_OIS_SOFR_3Y;0.0004;0.0006
2022-01-04;USD_OIS_SOFR_3Y;0.0004;0.0006
2022-01-05;USD_OIS_SOFR_3Y;0.0004;0.0006
2022-01-06;USD_OIS_SOFR_3Y;0.0004;0.0006
2022-01-07;USD_OIS_SOFR_3Y;0.0004;0.0006
2022-01-10;USD_OIS_SOFR_3Y;0.0004;0.0006
2022-01-11;USD_OIS_SOFR_3Y;0.0004;0.0006
2022-01-12;USD_OIS_SOFR_3Y;0.0004;0.0006
2022-01-13;USD_OIS_SOFR_3Y;0.0004;0.0006
2022-01-14;USD_OIS_SOFR_3Y;0.0004;0.0006
2022-01-18;USD_OIS_SOFR_3Y;0.0004;0.0006
2022-01-19;USD_OIS_SOFR_3Y;0.0004;0.0006
2022-01-20;USD_OIS_SOFR_3Y;0.0003;0.0005
2022-01-21;USD_OIS_SOFR_3Y;0.000396;0.000604
2022-01-24;USD_OIS_SOFR_3Y;0.00028;0.00052
2022-01-25;USD_OIS_SOFR_3Y;0.000368;0.000632
2022-01-26;USD_OIS_SOFR_3Y;0.000257;0.000543
2022-01-27;USD_OIS_SOFR_3Y;0.000261;0.000539
2022-01-28;USD_OIS_SOFR_3Y;0.000351;0.000649
2022-01-31;USD_OIS_SOFR_3Y;0.000356;0.000644
2022-02-01;USD_OIS_SOFR_3Y;0.00036;0.00064
2022-02-02;USD_OIS_SOFR_3Y;0.000364;0.000636
2022-02-03;USD_OIS_SOFR_3Y;0.000369;0.000631
2022-02-04;USD_OIS_SOFR_3Y;0.000373;0.000627
2022-02-07;USD_OIS_SOFR_3Y;0.000376;0.000624
2022-02-08;USD_OIS_SOFR_3Y;0.00038;0.00062
2022-02-09;USD_OIS_SOFR_3Y;0.000268;0.000532
2022-02-10;USD_OIS_SOFR_3Y;0.000357;0.000643
2022-02-11;USD_OIS_SOFR_3Y;0.000361;0.000639
2022-02-14;USD_OIS_SOFR_3Y;0.000365;0.000635
2022-02-15;USD_OIS_SOFR_3Y;0.000369;0.000631
2022-02-16;USD_OIS_SOFR_3Y;0.000373;0.000627
2022-02-17;USD_OIS_SOFR_3Y;0.000377;0.000623
2022-02-18;USD_OIS_SOFR_3Y;0.000381;0.000619
2022-02-22;USD_OIS_SOFR_3Y;0.000385;0.000615
2022-02-23;USD_OIS_SOFR_3Y;0.000388;0.000612
2022-02-24;USD_OIS_SOFR_3Y;0.000391;0.000609
2022-02-25;USD_OIS_SOFR_3Y;0.000395;0.000605
2022-02-28;USD_OIS_SOFR_3Y;0.000398;0.000602
2022-03-01;USD_OIS_SOFR_3Y;0.0004;0.0006
2022-03-02;USD_OIS_SOFR_3Y;0.0004;0.0006
2022-03-03;USD_OIS_SOFR_3Y;0.0004;0.0006
2022-03-04;USD_OIS_SOFR_3Y;0.0004;0.0006
2022-03-07;USD_OIS_SOFR_3Y;0.0004;0.0006
2022-03-08;USD_OIS_SOFR_3Y;0.0004;0.0006
2022-03-09;USD_OIS_SOFR_3Y;0.0004;0.0006
2022-03-10;USD_OIS_SOFR_3Y;0.0004;0.0006
2022-03-11;USD_OIS_SOFR_3Y;0.0004;0.0006
2022-03-14;USD_OIS_SOFR_3Y;0.0004;0.0006
2022-03-15;USD_OIS_SOFR_3Y;0.0004;0.0006
2022-03-16;USD_OIS_SOFR_3Y;0.0004;0.0006
2022-03-17;USD_OIS_SOFR_3Y;0.001408;0.004592
2022-03-18;USD_OIS_SOFR_3Y;0.001456;0.004544
2022-03-21;USD_OIS_SOFR_3Y;0.001402;0.004398
2022-03-22;USD_OIS_SOFR_3Y;0.001346;0.004254
2022-03-23;USD_OIS_SOFR_3Y;0.001289;0.004111
2022-03-24;USD_OIS_SOFR_3Y;0.001332;0.004068
2022-03-25;USD_OIS_SOFR_3Y;0.001472;0.004128
2022-03-28;USD_OIS_SOFR_3Y;0.001512;0.004088
2022-03-29;USD_OIS_SOFR_3Y;0.001552;0.004048
2022-03-30;USD_OIS_SOFR_3Y;0.001488;0.003912
2022-03-31;USD_OIS_SOFR_3Y;0.001718;0.004082
2022-04-01;USD_OIS_SOFR_3Y;0.001852;0.004148
2022-04-04;USD_OIS_SOFR_3Y;0.001887;0.004113
2022-04-05;USD_OIS_SOFR_3Y;0.001921;0.004079
2022-04-06;USD_OIS_SOFR_3Y;0.001954;0.004046
2022-04-07;USD_OIS_SOFR_3Y;0.001986;0.004014
2022-04-08;USD_OIS_SOFR_3Y;0.002017;0.003983
2022-04-11;USD_OIS_SOFR_3Y;0.002047;0.003953
2022-04-12;USD_OIS_SOFR_3Y;0.001974;0.003826
2022-04-13;USD_OIS_SOFR_3Y;0.002002;0.003798
2022-04-14;USD_OIS_SOFR_3Y;0.002029;0.003771
2022-04-18;USD_OIS_SOFR_3Y;0.002056;0.003744
2022-04-19;USD_OIS_SOFR_3Y;0.001979;0.003621
2022-04-20;USD_OIS_SOFR_3Y;0.001901;0.003499
2022-04-21;USD_OIS_SOFR_3Y;0.001823;0.003377
2022-04-22;USD_OIS_SOFR_3Y;0.001944;0.003456
2022-04-25;USD_OIS_SOFR_3Y;0.001967;0.003433
2022-04-26;USD_OIS_SOFR_3Y;0.001989;0.003411
2022-04-27;USD_OIS_SOFR_3Y;0.002108;0.003492
2022-04-28;USD_OIS_SOFR_3Y;0.002129;0.003471
2022-04-29;USD_OIS_SOFR_3Y;0.00215;0.00345
2022-05-02;USD_OIS_SOFR_3Y;0.002357;0.003643
2022-05-03;USD_OIS_SOFR_3Y;0.002376;0.003624
2022-05-04;USD_OIS_SOFR_3Y;0.002395;0.003605
2022-05-05;USD_OIS_SOFR_3Y;0.004727;0.011073
2022-05-06;USD_OIS_SOFR_3Y;0.004723;0.010877
2022-05-09;USD_OIS_SOFR_3Y;0.004817;0.010783
2022-05-10;USD_OIS_SOFR_3Y;0.004908;0.010692
2022-05-11;USD_OIS_SOFR_3Y;0.004996;0.010604
2022-05-12;USD_OIS_SOFR_3Y;0.00518;0.01062
2022-05-13;USD_OIS_SOFR_3Y;0.005263;0.010537
2022-05-16;USD_OIS_SOFR_3Y;0.005443;0.010557
2022-05-17;USD_OIS_SOFR_3Y;0.005521;0.010479
2022-05-18;USD_OIS_SOFR_3Y;0.005495;0.010305
2022-05-19;USD_OIS_SOFR_3Y;0.005569;0.010231
2022-05-20;USD_OIS_SOFR_3Y;0.005539;0.010061
2022-05-23;USD_OIS_SOFR_3Y;0.005608;0.009992
2022-05-24;USD_OIS_SOFR_3Y;0.005674;0.009926
2022-05-25;USD_OIS_SOFR_3Y;0.005739;0.009861
2022-05-26;USD_OIS_SOFR_3Y;0.005802;0.009798
2022-05-27;USD_OIS_SOFR_3Y;0.005863;0.009737
2022-05-31;USD_OIS_SOFR_3Y;0.006021;0.009779
2022-06-01;USD_OIS_SOFR_3Y;0.006177;0.009823
2022-06-02;USD_OIS_SOFR_3Y;0.006131;0.009669
2022-06-03;USD_OIS_SOFR_3Y;0.006084;0.009516
2022-06-06;USD_OIS_SOFR_3Y;0.006136;0.009464
2022-06-07;USD_OIS_SOFR_3Y;0.006086;0.009314
2022-06-08;USD_OIS_SOFR_3Y;0.006034;0.009166
2022-06-09;USD_OIS_SOFR_3Y;0.00598;0.00902
2022-06-10;USD_OIS_SOFR_3Y;0.006026;0.008974
2022-06-13;USD_OIS_SOFR_3Y;0.005866;0.008734
2022-06-14;USD_OIS_SOFR_3Y;0.005486;0.008314
2022-06-15;USD_OIS_SOFR_3Y;0.005628;0.008372
2022-06-16;USD_OIS_SOFR_3Y;0.009545;0.019455
2022-06-17;USD_OIS_SOFR_3Y;0.009696;0.019304
2022-06-21;USD_OIS_SOFR_3Y;0.009842;0.019158
2022-06-22;USD_OIS_SOFR_3Y;0.009984;0.019016
2022-06-23;USD_OIS_SOFR_3Y;0.010021;0.018779
2022-06-24;USD_OIS_SOFR_3Y;0.010353;0.018847
2022-06-27;USD_OIS_SOFR_3Y;0.010874;0.019126
2022-06-28;USD_OIS_SOFR_3Y;0.011198;0.019202
2022-06-29;USD_OIS_SOFR_3Y;0.011219;0.018981
2022-06-30;USD_OIS_SOFR_3Y;0.011237;0.018763
2022-07-01;USD_OIS_SOFR_3Y;0.01155;0.01885
2022-07-05;USD_OIS_SOFR_3Y;0.011858;0.018942
2022-07-06;USD_OIS_SOFR_3Y;0.011966;0.018834
2022-07-07;USD_OIS_SOFR_3Y;0.012071;0.018729
2022-07-08;USD_OIS_SOFR_3Y;0.012072;0.018528
2022-07-11;USD_OIS_SOFR_3Y;0.01217;0.01843
2022-07-12;USD_OIS_SOFR_3Y;0.012365;0.018435
2022-07-13;USD_OIS_SOFR_3Y;0.012357;0.018243
2022-07-14;USD_OIS_SOFR_3Y;0.012446;0.018154
2022-07-15;USD_OIS_SOFR_3Y;0.012632;0.018168
2022-07-18;USD_OIS_SOFR_3Y;0.012717;0.018083
2022-07-19;USD_OIS_SOFR_3Y;0.012798;0.018002
2022-07-20;USD_OIS_SOFR_3Y;0.012777;0.017823
2022-07-21;USD_OIS_SOFR_3Y;0.012854;0.017746
2022-07-22;USD_OIS_SOFR_3Y;0.012827;0.017573
2022-07-25;USD_OIS_SOFR_3Y;0.012999;0.017601
2022-07-26;USD_OIS_SOFR_3Y;0.013069;0.017531
2022-07-27;USD_OIS_SOFR_3Y;0.013137;0.017463
2022-07-28;USD_OIS_SOFR_3Y;0.017587;0.028013
2022-07-29;USD_OIS_SOFR_3Y;0.017645;0.027755
2022-08-01;USD_OIS_SOFR_3Y;0.017899;0.027701
2022-08-02;USD_OIS_SOFR_3Y;0.018246;0.027754
2022-08-03;USD_OIS_SOFR_3Y;0.018291;0.027509
2022-08-04;USD_OIS_SOFR_3Y;0.018431;0.027369
2022-08-05;USD_OIS_SOFR_3Y;0.018467;0.027133
2022-08-08;USD_OIS_SOFR_3Y;0.018599;0.027001
2022-08-09;USD_OIS_SOFR_3Y;0.018826;0.026974
2022-08-10;USD_OIS_SOFR_3Y;0.01885;0.02675
2022-08-11;USD_OIS_SOFR_3Y;0.01897;0.02663
2022-08-12;USD_OIS_SOFR_3Y;0.019087;0.026513
2022-08-15;USD_OIS_SOFR_3Y;0.019299;0.026501
2022-08-16;USD_OIS_SOFR_3Y;0.019409;0.026391
2022-08-17;USD_OIS_SOFR_3Y;0.019515;0.026285
2022-08-18;USD_OIS_SOFR_3Y;0.019518;0.026082
2022-08-19;USD_OIS_SOFR_3Y;0.019618;0.025982
2022-08-22;USD_OIS_SOFR_3Y;0.019715;0.025885
2022-08-23;USD_OIS_SOFR_3Y;0.019708;0.025692
2022-08-24;USD_OIS_SOFR_3Y;0.019799;0.025601
2022-08-25;USD_OIS_SOFR_3Y;0.019987;0.025613
2022-08-26;USD_OIS_SOFR_3Y;0.020073;0.025527
2022-08-29;USD_OIS_SOFR_3Y;0.020156;0.025444
2022-08-30;USD_OIS_SOFR_3Y;0.020335;0.025465
2022-08-31;USD_OIS_SOFR_3Y;0.020414;0.025386
2022-09-01;USD_OIS_SOFR_3Y;0.020489;0.025311
2022-09-02;USD_OIS_SOFR_3Y;0.020563;0.025237
2022-09-06;USD_OIS_SOFR_3Y;0.020634;0.025166
2022-09-07;USD_OIS_SOFR_3Y;0.020602;0.024998
2022-09-08;USD_OIS_SOFR_3Y;0.020669;0.024931
2022-09-09;USD_OIS_SOFR_3Y;0.020734;0.024866
2022-09-12;USD_OIS_SOFR_3Y;0.020797;0.024803
2022-09-13;USD_OIS_SOFR_3Y;0.020858;0.024742
2022-09-14;USD_OIS_SOFR_3Y;0.020816;0.024584
2022-09-15;USD_OIS_SOFR_3Y;0.020972;0.024628
2022-09-16;USD_OIS_SOFR_3Y;0.020927;0.024473
2022-09-19;USD_OIS_SOFR_3Y;0.020981;0.024419
2022-09-20;USD_OIS_SOFR_3Y;0.020932;0.024268
2022-09-21;USD_OIS_SOFR_3Y;0.020882;0.024118
2022-09-22;USD_OIS_SOFR_3Y;0.024936;0.034864
2022-09-23;USD_OIS_SOFR_3Y;0.025087;0.034713
2022-09-26;USD_OIS_SOFR_3Y;0.025234;0.034566
2022-09-27;USD_OIS_SOFR_3Y;0.025276;0.034324
2022-09-28;USD_OIS_SOFR_3Y;0.025413;0.034187
2022-09-29;USD_OIS_SOFR_3Y;0.025345;0.033855
2022-09-30;USD_OIS_SOFR_3Y;0.025673;0.033927
2022-10-03;USD_OIS_SOFR_3Y;0.025997;0.034003
2022-10-04;USD_OIS_SOFR_3Y;0.02651;0.03429
2022-10-05;USD_OIS_SOFR_3Y;0.026629;0.034171
2022-10-06;USD_OIS_SOFR_3Y;0.026843;0.034157
2022-10-07;USD_OIS_SOFR_3Y;0.026954;0.034046
2022-10-11;USD_OIS_SOFR_3Y;0.027062;0.033938
2022-10-12;USD_OIS_SOFR_3Y;0.027067;0.033733
2022-10-13;USD_OIS_SOFR_3Y;0.027168;0.033632
2022-10-14;USD_OIS_SOFR_3Y;0.027267;0.033533
2022-10-17;USD_OIS_SOFR_3Y;0.027461;0.033539
2022-10-18;USD_OIS_SOFR_3Y;0.027453;0.033347
2022-10-19;USD_OIS_SOFR_3Y;0.027543;0.033257
2022-10-20;USD_OIS_SOFR_3Y;0.027529;0.033071
2022-10-21;USD_OIS_SOFR_3Y;0.027513;0.032887
2022-10-24;USD_OIS_SOFR_3Y;0.027494;0.032706
2022-10-25;USD_OIS_SOFR_3Y;0.027673;0.032727
2022-10-26;USD_OIS_SOFR_3Y;0.027849;0.032751
2022-10-27;USD_OIS_SOFR_3Y;0.028023;0.032777
2022-10-28;USD_OIS_SOFR_3Y;0.028194;0.032806
2022-10-31;USD_OIS_SOFR_3Y;0.028264;0.032736
2022-11-01;USD_OIS_SOFR_3Y;0.028333;0.032667
2022-11-02;USD_OIS_SOFR_3Y;0.028399;0.032601
2022-11-03;USD_OIS_SOFR_3Y;0.03281;0.04319
2022-11-04;USD_OIS_SOFR_3Y;0.032968;0.043032
2022-11-07;USD_OIS_SOFR_3Y;0.03292;0.04268
2022-11-08;USD_OIS_SOFR_3Y;0.033069;0.042531
2022-11-09;USD_OIS_SOFR_3Y;0.033213;0.042387
2022-11-10;USD_OIS_SOFR_3Y;0.033353;0.042247
2022-11-14;USD_OIS_SOFR_3Y;0.033588;0.042212
2022-11-15;USD_OIS_SOFR_3Y;0.033819;0.042181
2022-11-16;USD_OIS_SOFR_3Y;0.034045;0.042155
2022-11-17;USD_OIS_SOFR_3Y;0.034068;0.041932
2022-11-18;USD_OIS_SOFR_3Y;0.034188;0.041812
2022-11-21;USD_OIS_SOFR_3Y;0.034304;0.041696
2022-11-22;USD_OIS_SOFR_3Y;0.034417;0.041583
2022-11-23;USD_OIS_SOFR_3Y;0.034425;0.041375
2022-11-25;USD_OIS_SOFR_3Y;0.034631;0.041369
2022-11-28;USD_OIS_SOFR_3Y;0.034733;0.041267
2022-11-29;USD_OIS_SOFR_3Y;0.034932;0.041268
2022-11-30;USD_OIS_SOFR_3Y;0.035128;0.041272
2022-12-01;USD_OIS_SOFR_3Y;0.035222;0.041178
2022-12-02;USD_OIS_SOFR_3Y;0.035212;0.040988
2022-12-05;USD_OIS_SOFR_3Y;0.0353;0.0409
2022-12-06;USD_OIS_SOFR_3Y;0.035284;0.040716
2022-12-07;USD_OIS_SOFR_3Y;0.035367;0.040633
2022-12-08;USD_OIS_SOFR_3Y;0.035447;0.040553
2022-12-09;USD_OIS_SOFR_3Y;0.035525;0.040475
2022-12-12;USD_OIS_SOFR_3Y;0.0356;0.0404
2022-12-13;USD_OIS_SOFR_3Y;0.035673;0.040327
2022-12-14;USD_OIS_SOFR_3Y;0.035744;0.040256
2022-12-15;USD_OIS_SOFR_3Y;0.039233;0.047167
2022-12-16;USD_OIS_SOFR_3Y;0.039354;0.047046
2022-12-19;USD_OIS_SOFR_3Y;0.039269;0.046731
2022-12-20;USD_OIS_SOFR_3Y;0.039383;0.046617
2022-12-21;USD_OIS_SOFR_3Y;0.039493;0.046507
2022-12-22;USD_OIS_SOFR_3Y;0.0396;0.0464
2022-12-23;USD_OIS_SOFR_3Y;0.039703;0.046297
2022-12-27;USD_OIS_SOFR_3Y;0.039804;0.046196
2022-12-28;USD_OIS_SOFR_3Y;0.039901;0.046099
2022-12-29;USD_OIS_SOFR_3Y;0.039996;0.046004
2022-12-30;USD_OIS_SOFR_3Y;0.040087;0.045913
2023-01-03;USD_OIS_SOFR_3Y;0.040275;0.045925
2023-01-04;USD_OIS_SOFR_3Y;0.040261;0.045739
2023-01-05;USD_OIS_SOFR_3Y;0.040443;0.045757
2023-01-06;USD_OIS_SOFR_3Y;0.040524;0.045676
2023-01-09;USD_OIS_SOFR_3Y;0.040603;0.045597
2023-01-10;USD_OIS_SOFR_3Y;0.040679;0.045521
2023-01-11;USD_OIS_SOFR_3Y;0.040652;0.045348
2023-01-12;USD_OIS_SOFR_3Y;0.040723;0.045277
2023-01-13;USD_OIS_SOFR_3Y;0.040793;0.045207
2023-01-17;USD_OIS_SOFR_3Y;0.040959;0.045241
2023-01-18;USD_OIS_SOFR_3Y;0.040923;0.045077
2023-01-19;USD_OIS_SOFR_3Y;0.041085;0.045115
2023-01-20;USD_OIS_SOFR_3Y;0.041046;0.044954
2023-01-23;USD_OIS_SOFR_3Y;0.041105;0.044895
2023-01-24;USD_OIS_SOFR_3Y;0.041163;0.044837
2023-01-25;USD_OIS_SOFR_3Y;0.041318;0.044882
2023-01-26;USD_OIS_SOFR_3Y;0.041271;0.044729
2023-01-27;USD_OIS_SOFR_3Y;0.041324;0.044676
2023-01-30;USD_OIS_SOFR_3Y;0.041375;0.044625
2023-01-31;USD_OIS_SOFR_3Y;0.041523;0.044677
2023-02-01;USD_OIS_SOFR_3Y;0.041571;0.044629
2023-02-02;USD_OIS_SOFR_3Y;0.043425;0.047775
2023-02-03;USD_OIS_SOFR_3Y;0.043391;0.047609
2023-02-06;USD_OIS_SOFR_3Y;0.043455;0.047545
2023-02-07;USD_OIS_SOFR_3Y;0.043517;0.047483
2023-02-08;USD_OIS_SOFR_3Y;0.043578;0.047422
2023-02-09;USD_OIS_SOFR_3Y;0.043636;0.047364
2023-02-10;USD_OIS_SOFR_3Y;0.043693;0.047307
2023-02-13;USD_OIS_SOFR_3Y;0.043748;0.047252
2023-02-14;USD_OIS_SOFR_3Y;0.043801;0.047199
2023-02-15;USD_OIS_SOFR_3Y;0.043853;0.047147
2023-02-16;USD_OIS_SOFR_3Y;0.043903;0.047097
2023-02-17;USD_OIS_SOFR_3Y;0.043952;0.047048
2023-02-21;USD_OIS_SOFR_3Y;0.043999;0.047001
2023-02-22;USD_OIS_SOFR_3Y;0.044045;0.046955
2023-02-23;USD_OIS_SOFR_3Y;0.044089;0.046911
2023-02-24;USD_OIS_SOFR_3Y;0.044132;0.046868
2023-02-27;USD_OIS_SOFR_3Y;0.044174;0.046826
2023-02-28;USD_OIS_SOFR_3Y;0.044214;0.046786
2023-03-01;USD_OIS_SOFR_3Y;0.044253;0.046747
2023-03-02;USD_OIS_SOFR_3Y;0.044291;0.046709
2023-03-03;USD_OIS_SOFR_3Y;0.044328;0.046672
2023-03-06;USD_OIS_SOFR_3Y;0.044364;0.046636
2023-03-07;USD_OIS_SOFR_3Y;0.044398;0.046602
2023-03-08;USD_OIS_SOFR_3Y;0.044432;0.046568
2023-03-09;USD_OIS_SOFR_3Y;0.044465;0.046535
2023-03-10;USD_OIS_SOFR_3Y;0.044496;0.046504
2023-03-13;USD_OIS_SOFR_3Y;0.044527;0.046473
2023-03-14;USD_OIS_SOFR_3Y;0.044556;0.046444
2023-03-15;USD_OIS_SOFR_3Y;0.044865;0.046735
2023-03-16;USD_OIS_SOFR_3Y;0.044792;0.046608
2023-03-17;USD_OIS_SOFR_3Y;0.04461;0.04639
2023-03-20;USD_OIS_SOFR_3Y;0.044637;0.046363
2023-03-21;USD_OIS_SOFR_3Y;0.044664;0.046336
2023-03-22;USD_OIS_SOFR_3Y;0.044689;0.046311
2023-03-23;USD_OIS_SOFR_3Y;0.046225;0.049775
2023-03-24;USD_OIS_SOFR_3Y;0.046279;0.049721
2023-03-27;USD_OIS_SOFR_3Y;0.046431;0.049769
2023-03-28;USD_OIS_SOFR_3Y;0.04677;0.05003
2023-03-29;USD_OIS_SOFR_3Y;0.046719;0.049881
2023-03-30;USD_OIS_SOFR_3Y;0.046665;0.049735
2023-03-31;USD_OIS_SOFR_3Y;0.047179;0.050221
2023-04-03;USD_OIS_SOFR_3Y;0.046913;0.049887
2023-04-04;USD_OIS_SOFR_3Y;0.046857;0.049743
2023-04-05;USD_OIS_SOFR_3Y;0.046695;0.049505
2023-04-06;USD_OIS_SOFR_3Y;0.046738;0.049462
2023-04-10;USD_OIS_SOFR_3Y;0.046779;0.049421
2023-04-11;USD_OIS_SOFR_3Y;0.046718;0.049282
2023-04-12;USD_OIS_SOFR_3Y;0.046757;0.049243
2023-04-13;USD_OIS_SOFR_3Y;0.046795;0.049205
2023-04-14;USD_OIS_SOFR_3Y;0.046831;0.049169
2023-04-17;USD_OIS_SOFR_3Y;0.046867;0.049133
2023-04-18;USD_OIS_SOFR_3Y;0.046901;0.049099
2023-04-19;USD_OIS_SOFR_3Y;0.046935;0.049065
2023-04-20;USD_OIS_SOFR_3Y;0.046967;0.049033
2023-04-21;USD_OIS_SOFR_3Y;0.046999;0.049001
2023-04-24;USD_OIS_SOFR_3Y;0.047029;0.048971
2023-04-25;USD_OIS_SOFR_3Y;0.047059;0.048941
2023-04-26;USD_OIS_SOFR_3Y;0.047088;0.048912
2023-04-27;USD_OIS_SOFR_3Y;0.047213;0.048987
2023-04-28;USD_OIS_SOFR_3Y;0.04724;0.04896
2023-05-01;USD_OIS_SOFR_3Y;0.047266;0.048934
2023-05-02;USD_OIS_SOFR_3Y;0.047292;0.048908
2023-05-03;USD_OIS_SOFR_3Y;0.047316;0.048884
2023-05-04;USD_OIS_SOFR_3Y;0.048837;0.052363
2023-05-05;USD_OIS_SOFR_3Y;0.048891;0.052309
2023-05-08;USD_OIS_SOFR_3Y;0.048943;0.052257
2023-05-09;USD_OIS_SOFR_3Y;0.048993;0.052207
2023-05-10;USD_OIS_SOFR_3Y;0.049042;0.052158
2023-05-11;USD_OIS_SOFR_3Y;0.048988;0.052012
2023-05-12;USD_OIS_SOFR_3Y;0.049034;0.051966
2023-05-15;USD_OIS_SOFR_3Y;0.049178;0.052022
2023-05-16;USD_OIS_SOFR_3Y;0.049119;0.051881
2023-05-17;USD_OIS_SOFR_3Y;0.049161;0.051839
2023-05-18;USD_OIS_SOFR_3Y;0.049202;0.051798
2023-05-19;USD_OIS_SOFR_3Y;0.049242;0.051758
2023-05-22;USD_OIS_SOFR_3Y;0.04928;0.05172
2023-05-23;USD_OIS_SOFR_3Y;0.049317;0.051683
2023-05-24;USD_OIS_SOFR_3Y;0.049353;0.051647
2023-05-25;USD_OIS_SOFR_3Y;0.049486;0.051714
2023-05-26;USD_OIS_SOFR_3Y;0.04952;0.05168
2023-05-30;USD_OIS_SOFR_3Y;0.049553;0.051647
2023-05-31;USD_OIS_SOFR_3Y;0.049777;0.051823
2023-06-01;USD_OIS_SOFR_3Y;0.049808;0.051792
2023-06-02;USD_OIS_SOFR_3Y;0.049736;0.051664
2023-06-05;USD_OIS_SOFR_3Y;0.049664;0.051536
2023-06-06;USD_OIS_SOFR_3Y;0.04959;0.05141
2023-06-07;USD_OIS_SOFR_3Y;0.049618;0.051382
2023-06-08;USD_OIS_SOFR_3Y;0.049645;0.051355
2023-06-09;USD_OIS_SOFR_3Y;0.049671;0.051329
2023-06-12;USD_OIS_SOFR_3Y;0.049696;0.051304
2023-06-13;USD_OIS_SOFR_3Y;0.04972;0.05128
2023-06-14;USD_OIS_SOFR_3Y;0.049744;0.051256
2023-06-15;USD_OIS_SOFR_3Y;0.049864;0.051336
2023-06-16;USD_OIS_SOFR_3Y;0.049784;0.051216
2023-06-20;USD_OIS_SOFR_3Y;0.049806;0.051194
2023-06-21;USD_OIS_SOFR_3Y;0.049827;0.051173
2023-06-22;USD_OIS_SOFR_3Y;0.049847;0.051153
2023-06-23;USD_OIS_SOFR_3Y;0.049867;0.051133
2023-06-26;USD_OIS_SOFR_3Y;0.049887;0.051113
2023-06-27;USD_OIS_SOFR_3Y;0.049905;0.051095
2023-06-28;USD_OIS_SOFR_3Y;0.05002;0.05118
2023-06-29;USD_OIS_SOFR_3Y;0.050038;0.051162
2023-06-30;USD_OIS_SOFR_3Y;0.050322;0.051478
2023-07-03;USD_OIS_SOFR_3Y;0.050008;0.051192
2023-07-05;USD_OIS_SOFR_3Y;0.050026;0.051174
2023-07-06;USD_OIS_SOFR_3Y;0.050044;0.051156
2023-07-07;USD_OIS_SOFR_3Y;0.050061;0.051139
2023-07-10;USD_OIS_SOFR_3Y;0.050077;0.051123
2023-07-11;USD_OIS_SOFR_3Y;0.050093;0.051107
2023-07-12;USD_OIS_SOFR_3Y;0.050004;0.050996
2023-07-13;USD_OIS_SOFR_3Y;0.050115;0.051085
2023-07-14;USD_OIS_SOFR_3Y;0.050026;0.050974
2023-07-17;USD_OIS_SOFR_3Y;0.050136;0.051064
2023-07-18;USD_OIS_SOFR_3Y;0.05015;0.05105
2023-07-19;USD_OIS_SOFR_3Y;0.050059;0.050941
2023-07-20;USD_OIS_SOFR_3Y;0.050168;0.051032
2023-07-21;USD_OIS_SOFR_3Y;0.050076;0.050924
2023-07-24;USD_OIS_SOFR_3Y;0.050089;0.050911
2023-07-25;USD_OIS_SOFR_3Y;0.050196;0.051004
2023-07-26;USD_OIS_SOFR_3Y;0.050209;0.050991
2023-07-27;USD_OIS_SOFR_3Y;0.051464;0.054736
2023-07-28;USD_OIS_SOFR_3Y;0.051413;0.054587
2023-07-31;USD_OIS_SOFR_3Y;0.05156;0.05464
2023-08-01;USD_OIS_SOFR_3Y;0.051607;0.054593
2023-08-02;USD_OIS_SOFR_3Y;0.051551;0.054449
2023-08-03;USD_OIS_SOFR_3Y;0.051595;0.054405
2023-08-04;USD_OIS_SOFR_3Y;0.051638;0.054362
2023-08-07;USD_OIS_SOFR_3Y;0.051679;0.054321
2023-08-08;USD_OIS_SOFR_3Y;0.05172;0.05428
2023-08-09;USD_OIS_SOFR_3Y;0.051759;0.054241
2023-08-10;USD_OIS_SOFR_3Y;0.051796;0.054204
2023-08-11;USD_OIS_SOFR_3Y;0.051833;0.054167
2023-08-14;USD_OIS_SOFR_3Y;0.051869;0.054131
2023-08-15;USD_OIS_SOFR_3Y;0.051903;0.054097
2023-08-16;USD_OIS_SOFR_3Y;0.051937;0.054063
2023-08-17;USD_OIS_SOFR_3Y;0.051969;0.054031
2023-08-18;USD_OIS_SOFR_3Y;0.052;0.054
2023-08-21;USD_OIS_SOFR_3Y;0.052031;0.053969
2023-08-22;USD_OIS_SOFR_3Y;0.05206;0.05394
2023-08-23;USD_OIS_SOFR_3Y;0.052089;0.053911
2023-08-24;USD_OIS_SOFR_3Y;0.052117;0.053883
2023-08-25;USD_OIS_SOFR_3Y;0.052144;0.053856
2023-08-28;USD_OIS_SOFR_3Y;0.05217;0.05383
2023-08-29;USD_OIS_SOFR_3Y;0.052195;0.053805
2023-08-30;USD_OIS_SOFR_3Y;0.05222;0.05378
2023-08-31;USD_OIS_SOFR_3Y;0.052341;0.053859
2023-09-01;USD_OIS_SOFR_3Y;0.052364;0.053836
2023-09-05;USD_OIS_SOFR_3Y;0.052386;0.053814
2023-09-06;USD_OIS_SOFR_3Y;0.052305;0.053695
2023-09-07;USD_OIS_SOFR_3Y;0.052423;0.053777
2023-09-08;USD_OIS_SOFR_3Y;0.052341;0.053659
2023-09-11;USD_OIS_SOFR_3Y;0.052361;0.053639
2023-09-12;USD_OIS_SOFR_3Y;0.05238;0.05362
2023-09-13;USD_OIS_SOFR_3Y;0.052399;0.053601
2023-09-14;USD_OIS_SOFR_3Y;0.052417;0.053583
2023-09-15;USD_OIS_SOFR_3Y;0.052532;0.053668
2023-09-18;USD_OIS_SOFR_3Y;0.052549;0.053651
2023-09-19;USD_OIS_SOFR_3Y;0.052566;0.053634
2023-09-20;USD_OIS_SOFR_3Y;0.052478;0.053522
2023-09-21;USD_OIS_SOFR_3Y;0.052494;0.053506
2023-09-22;USD_OIS_SOFR_3Y;0.052509;0.053491
2023-09-25;USD_OIS_SOFR_3Y;0.05262;0.05358
2023-09-26;USD_OIS_SOFR_3Y;0.052635;0.053565
2023-09-27;USD_OIS_SOFR_3Y;0.052744;0.053656
2023-09-28;USD_OIS_SOFR_3Y;0.052654;0.053546
2023-09-29;USD_OIS_SOFR_3Y;0.052667;0.053533
2023-10-02;USD_OIS_SOFR_3Y;0.052776;0.053624
2023-10-03;USD_OIS_SOFR_3Y;0.052884;0.053716
2023-10-04;USD_OIS_SOFR_3Y;0.052791;0.053609
2023-10-05;USD_OIS_SOFR_3Y;0.052804;0.053596
2023-10-06;USD_OIS_SOFR_3Y;0.052711;0.053489
2023-10-10;USD_OIS_SOFR_3Y;0.052723;0.053477
2023-10-11;USD_OIS_SOFR_3Y;0.052734;0.053466
2023-10-12;USD_OIS_SOFR_3Y;0.052745;0.053455
2023-10-13;USD_OIS_SOFR_3Y;0.052756;0.053444
2023-10-16;USD_OIS_SOFR_3Y;0.052767;0.053433
2023-10-17;USD_OIS_SOFR_3Y;0.052777;0.053423
2023-10-18;USD_OIS_SOFR_3Y;0.05268;0.05332
2023-10-19;USD_OIS_SOFR_3Y;0.05269;0.05331
2023-10-20;USD_OIS_SOFR_3Y;0.052699;0.053301
2023-10-23;USD_OIS_SOFR_3Y;0.052709;0.053291
2023-10-24;USD_OIS_SOFR_3Y;0.052717;0.053283
2023-10-25;USD_OIS_SOFR_3Y;0.052726;0.053274
2023-10-26;USD_OIS_SOFR_3Y;0.052827;0.053373
2023-10-27;USD_OIS_SOFR_3Y;0.052835;0.053365
2023-10-30;USD_OIS_SOFR_3Y;0.052843;0.053357
2023-10-31;USD_OIS_SOFR_3Y;0.053144;0.053856
2023-11-01;USD_OIS_SOFR_3Y;0.052806;0.053594
2023-11-02;USD_OIS_SOFR_3Y;0.052912;0.053688
2023-11-03;USD_OIS_SOFR_3Y;0.052819;0.053581
2023-11-06;USD_OIS_SOFR_3Y;0.05283;0.05357
2023-11-07;USD_OIS_SOFR_3Y;0.052842;0.053558
2023-11-08;USD_OIS_SOFR_3Y;0.052853;0.053547
2023-11-09;USD_OIS_SOFR_3Y;0.052863;0.053537
2023-11-10;USD_OIS_SOFR_3Y;0.052873;0.053527
2023-11-13;USD_OIS_SOFR_3Y;0.052883;0.053517
2023-11-14;USD_OIS_SOFR_3Y;0.052893;0.053507
2023-11-15;USD_OIS_SOFR_3Y;0.052902;0.053498
2023-11-16;USD_OIS_SOFR_3Y;0.052911;0.053489
2023-11-17;USD_OIS_SOFR_3Y;0.05292;0.05348
2023-11-20;USD_OIS_SOFR_3Y;0.052821;0.053379
2023-11-21;USD_OIS_SOFR_3Y;0.05283;0.05337
2023-11-22;USD_OIS_SOFR_3Y;0.052838;0.053362
2023-11-24;USD_OIS_SOFR_3Y;0.052938;0.053462
2023-11-27;USD_OIS_SOFR_3Y;0.052946;0.053454
2023-11-28;USD_OIS_SOFR_3Y;0.052954;0.053446
2023-11-29;USD_OIS_SOFR_3Y;0.052853;0.053347
2023-11-30;USD_OIS_SOFR_3Y;0.053029;0.053571
2023-12-01;USD_OIS_SOFR_3Y;0.053436;0.054364
2023-12-04;USD_OIS_SOFR_3Y;0.053233;0.054167
2023-12-05;USD_OIS_SOFR_3Y;0.05278;0.05382
2023-12-06;USD_OIS_SOFR_3Y;0.052692;0.053708
2023-12-07;USD_OIS_SOFR_3Y;0.052708;0.053692
2023-12-08;USD_OIS_SOFR_3Y;0.052723;0.053677
2023-12-11;USD_OIS_SOFR_3Y;0.052737;0.053663
2023-12-12;USD_OIS_SOFR_3Y;0.052647;0.053553
2023-12-13;USD_OIS_SOFR_3Y;0.052661;0.053539
2023-12-14;USD_OIS_SOFR_3Y;0.052674;0.053526
2023-12-15;USD_OIS_SOFR_3Y;0.052782;0.053618
2023-12-18;USD_OIS_SOFR_3Y;0.052795;0.053605
2023-12-19;USD_OIS_SOFR_3Y;0.052702;0.053498
2023-12-20;USD_OIS_SOFR_3Y;0.052714;0.053486
2023-12-21;USD_OIS_SOFR_3Y;0.052726;0.053474
2023-12-22;USD_OIS_SOFR_3Y;0.052832;0.053568
2023-12-26;USD_OIS_SOFR_3Y;0.053095;0.053905
2023-12-27;USD_OIS_SOFR_3Y;0.053432;0.054368
2023-12-28;USD_OIS_SOFR_3Y;0.053542;0.054458
2023-12-29;USD_OIS_SOFR_3Y;0.053338;0.054262
2024-01-02;USD_OIS_SOFR_3Y;0.053534;0.054466
2024-01-03;USD_OIS_SOFR_3Y;0.053444;0.054356
2024-01-04;USD_OIS_SOFR_3Y;0.052572;0.053828
2024-01-05;USD_OIS_SOFR_3Y;0.052488;0.053712
2024-01-08;USD_OIS_SOFR_3Y;0.052507;0.053693
2024-01-09;USD_OIS_SOFR_3Y;0.052525;0.053675
2024-01-10;USD_OIS_SOFR_3Y;0.052542;0.053658
2024-01-11;USD_OIS_SOFR_3Y;0.052559;0.053641
2024-01-12;USD_OIS_SOFR_3Y;0.052576;0.053624
2024-01-16;USD_OIS_SOFR_3Y;0.052688;0.053712
2024-01-17;USD_OIS_SOFR_3Y;0.052704;0.053696
2024-01-18;USD_OIS_SOFR_3Y;0.052614;0.053586
2024-01-19;USD_OIS_SOFR_3Y;0.052629;0.053571
2024-01-22;USD_OIS_SOFR_3Y;0.052644;0.053556
2024-01-23;USD_OIS_SOFR_3Y;0.052658;0.053542
2024-01-24;USD_OIS_SOFR_3Y;0.052671;0.053529
2024-01-25;USD_OIS_SOFR_3Y;0.052779;0.053621
2024-01-26;USD_OIS_SOFR_3Y;0.052792;0.053608
2024-01-29;USD_OIS_SOFR_3Y;0.052699;0.053501
2024-01-30;USD_OIS_SOFR_3Y;0.052712;0.053488
2024-01-31;USD_OIS_SOFR_3Y;0.052818;0.053582
2024-02-01;USD_OIS_SOFR_3Y;0.05283;0.05357
2024-02-02;USD_OIS_SOFR_3Y;0.052841;0.053559
2024-02-05;USD_OIS_SOFR_3Y;0.052746;0.053454
2024-02-06;USD_OIS_SOFR_3Y;0.052757;0.053443
2024-02-07;USD_OIS_SOFR_3Y;0.052767;0.053433
2024-02-08;USD_OIS_SOFR_3Y;0.052778;0.053422
2024-02-09;USD_OIS_SOFR_3Y;0.052787;0.053413
2024-02-12;USD_OIS_SOFR_3Y;0.052797;0.053403
2024-02-13;USD_OIS_SOFR_3Y;0.052806;0.053394
2024-02-14;USD_OIS_SOFR_3Y;0.052708;0.053292
2024-02-15;USD_OIS_SOFR_3Y;0.05281;0.05339
2024-02-16;USD_OIS_SOFR_3Y;0.052712;0.053288
2024-02-20;USD_OIS_SOFR_3Y;0.05272;0.05328
2024-02-21;USD_OIS_SOFR_3Y;0.052729;0.053271
2024-02-22;USD_OIS_SOFR_3Y;0.052737;0.053263
2024-02-23;USD_OIS_SOFR_3Y;0.052837;0.053363
2024-02-26;USD_OIS_SOFR_3Y;0.052845;0.053355
2024-02-27;USD_OIS_SOFR_3Y;0.052853;0.053347
2024-02-28;USD_OIS_SOFR_3Y;0.052861;0.053339
2024-02-29;USD_OIS_SOFR_3Y;0.052959;0.053441
2024-03-01;USD_OIS_SOFR_3Y;0.052858;0.053342
2024-03-04;USD_OIS_SOFR_3Y;0.052866;0.053334
2024-03-05;USD_OIS_SOFR_3Y;0.052873;0.053327
2024-03-06;USD_OIS_SOFR_3Y;0.05288;0.05332
2024-03-07;USD_OIS_SOFR_3Y;0.052886;0.053314
2024-03-08;USD_OIS_SOFR_3Y;0.052893;0.053307
2024-03-11;USD_OIS_SOFR_3Y;0.052899;0.053301
2024-03-12;USD_OIS_SOFR_3Y;0.052905;0.053295
2024-03-13;USD_OIS_SOFR_3Y;0.052911;0.053289
2024-03-14;USD_OIS_SOFR_3Y;0.052917;0.053283
2024-03-15;USD_OIS_SOFR_3Y;0.052923;0.053277
2024-03-18;USD_OIS_SOFR_3Y;0.052928;0.053272
2024-03-19;USD_OIS_SOFR_3Y;0.052933;0.053267
2024-03-20;USD_OIS_SOFR_3Y;0.052938;0.053262
2024-03-21;USD_OIS_SOFR_3Y;0.052943;0.053257
2024-03-22;USD_OIS_SOFR_3Y;0.052948;0.053252
2024-03-25;USD_OIS_SOFR_3Y;0.052953;0.053247
2024-03-26;USD_OIS_SOFR_3Y;0.053044;0.053356
2024-03-27;USD_OIS_SOFR_3Y;0.053136;0.053464
2024-03-28;USD_OIS_SOFR_3Y;0.053228;0.053572
2024-04-01;USD_OIS_SOFR_3Y;0.053322;0.053678
2024-04-02;USD_OIS_SOFR_3Y;0.053216;0.053584
2024-04-03;USD_OIS_SOFR_3Y;0.052981;0.053419
2024-04-04;USD_OIS_SOFR_3Y;0.052987;0.053413
2024-04-05;USD_OIS_SOFR_3Y;0.052994;0.053406
2024-04-08;USD_OIS_SOFR_3Y;0.05289;0.05331
2024-04-09;USD_OIS_SOFR_3Y;0.052897;0.053303
2024-04-10;USD_OIS_SOFR_3Y;0.052903;0.053297
2024-04-11;USD_OIS_SOFR_3Y;0.052909;0.053291
2024-04-12;USD_OIS_SOFR_3Y;0.052915;0.053285
2024-04-15;USD_OIS_SOFR_3Y;0.053009;0.053391
2024-04-16;USD_OIS_SOFR_3Y;0.052905;0.053295
2024-04-17;USD_OIS_SOFR_3Y;0.052911;0.053289
2024-04-18;USD_OIS_SOFR_3Y;0.052806;0.053194
2024-04-19;USD_OIS_SOFR_3Y;0.052901;0.053299
2024-04-22;USD_OIS_SOFR_3Y;0.052907;0.053293
2024-04-23;USD_OIS_SOFR_3Y;0.052913;0.053287
2024-04-24;USD_OIS_SOFR_3Y;0.052919;0.053281
2024-04-25;USD_OIS_SOFR_3Y;0.052924;0.053276
2024-04-26;USD_OIS_SOFR_3Y;0.053018;0.053382
2024-04-29;USD_OIS_SOFR_3Y;0.053024;0.053376
2024-04-30;USD_OIS_SOFR_3Y;0.053187;0.053613
2024-05-01;USD_OIS_SOFR_3Y;0.052957;0.053443
2024-05-02;USD_OIS_SOFR_3Y;0.052856;0.053344
2024-05-03;USD_OIS_SOFR_3Y;0.052864;0.053336
2024-05-06;USD_OIS_SOFR_3Y;0.052871;0.053329
2024-05-07;USD_OIS_SOFR_3Y;0.052878;0.053322
2024-05-08;USD_OIS_SOFR_3Y;0.052885;0.053315
2024-05-09;USD_OIS_SOFR_3Y;0.052891;0.053309
2024-05-10;USD_OIS_SOFR_3Y;0.052898;0.053302
2024-05-13;USD_OIS_SOFR_3Y;0.052904;0.053296
2024-05-14;USD_OIS_SOFR_3Y;0.05291;0.05329
2024-05-15;USD_OIS_SOFR_3Y;0.052915;0.053285
2024-05-16;USD_OIS_SOFR_3Y;0.052921;0.053279
2024-05-17;USD_OIS_SOFR_3Y;0.052927;0.053273
2024-05-20;USD_OIS_SOFR_3Y;0.052932;0.053268
2024-05-21;USD_OIS_SOFR_3Y;0.052937;0.053263
2024-05-22;USD_OIS_SOFR_3Y;0.052942;0.053258
2024-05-23;USD_OIS_SOFR_3Y;0.052947;0.053253
2024-05-24;USD_OIS_SOFR_3Y;0.053038;0.053362
2024-05-28;USD_OIS_SOFR_3Y;0.053043;0.053357
2024-05-29;USD_OIS_SOFR_3Y;0.053135;0.053465
2024-05-30;USD_OIS_SOFR_3Y;0.05314;0.05346
2024-05-31;USD_OIS_SOFR_3Y;0.053233;0.053567
2024-06-03;USD_OIS_SOFR_3Y;0.053326;0.053674
2024-06-04;USD_OIS_SOFR_3Y;0.053088;0.053512
2024-06-05;USD_OIS_SOFR_3Y;0.053095;0.053505
2024-06-06;USD_OIS_SOFR_3Y;0.053101;0.053499
2024-06-07;USD_OIS_SOFR_3Y;0.053107;0.053493
2024-06-10;USD_OIS_SOFR_3Y;0.053002;0.053398
2024-06-11;USD_OIS_SOFR_3Y;0.053009;0.053391
2024-06-12;USD_OIS_SOFR_3Y;0.052904;0.053296
2024-06-13;USD_OIS_SOFR_3Y;0.05291;0.05329
2024-06-14;USD_OIS_SOFR_3Y;0.052916;0.053284
2024-06-17;USD_OIS_SOFR_3Y;0.05308;0.05352
2024-06-18;USD_OIS_SOFR_3Y;0.053087;0.053513
2024-06-20;USD_OIS_SOFR_3Y;0.052984;0.053416
2024-06-21;USD_OIS_SOFR_3Y;0.052881;0.053319
2024-06-24;USD_OIS_SOFR_3Y;0.052888;0.053312
2024-06-25;USD_OIS_SOFR_3Y;0.053058;0.053542
2024-06-26;USD_OIS_SOFR_3Y;0.053157;0.053643
2024-06-27;USD_OIS_SOFR_3Y;0.053164;0.053636
2024-06-28;USD_OIS_SOFR_3Y;0.053063;0.053537
2024-07-01;USD_OIS_SOFR_3Y;0.053499;0.054501
2024-07-02;USD_OIS_SOFR_3Y;0.052919;0.054081
2024-07-03;USD_OIS_SOFR_3Y;0.052723;0.053877
2024-07-05;USD_OIS_SOFR_3Y;0.052637;0.053763
2024-07-08;USD_OIS_SOFR_3Y;0.052654;0.053746
2024-07-09;USD_OIS_SOFR_3Y;0.052855;0.053945
2024-07-10;USD_OIS_SOFR_3Y;0.052872;0.053928
2024-07-11;USD_OIS_SOFR_3Y;0.052888;0.053912
2024-07-12;USD_OIS_SOFR_3Y;0.052904;0.053896
2024-07-15;USD_OIS_SOFR_3Y;0.052919;0.053881
2024-07-16;USD_OIS_SOFR_3Y;0.053029;0.053971
2024-07-17;USD_OIS_SOFR_3Y;0.053043;0.053957
2024-07-18;USD_OIS_SOFR_3Y;0.052953;0.053847
2024-07-19;USD_OIS_SOFR_3Y;0.052966;0.053834
2024-07-22;USD_OIS_SOFR_3Y;0.052875;0.053725
2024-07-23;USD_OIS_SOFR_3Y;0.052983;0.053817
2024-07-24;USD_OIS_SOFR_3Y;0.052996;0.053804
2024-07-25;USD_OIS_SOFR_3Y;0.053103;0.053897
2024-07-26;USD_OIS_SOFR_3Y;0.053115;0.053885
2024-07-29;USD_OIS_SOFR_3Y;0.052905;0.053695
2024-07-30;USD_OIS_SOFR_3Y;0.052918;0.053682
2024-07-31;USD_OIS_SOFR_3Y;0.053311;0.054289
2024-08-01;USD_OIS_SOFR_3Y;0.052989;0.054011
2024-08-02;USD_OIS_SOFR_3Y;0.053005;0.053995
2024-08-05;USD_OIS_SOFR_3Y;0.052683;0.053717
2024-08-06;USD_OIS_SOFR_3Y;0.052795;0.053805
2024-08-07;USD_OIS_SOFR_3Y;0.05281;0.05379
2024-08-08;USD_OIS_SOFR_3Y;0.052921;0.053879
2024-08-09;USD_OIS_SOFR_3Y;0.052936;0.053864
2024-08-12;USD_OIS_SOFR_3Y;0.05295;0.05385
2024-08-13;USD_OIS_SOFR_3Y;0.052964;0.053836
2024-08-14;USD_OIS_SOFR_3Y;0.052872;0.053728
2024-08-15;USD_OIS_SOFR_3Y;0.053066;0.053934
2024-08-16;USD_OIS_SOFR_3Y;0.052738;0.053662
2024-08-19;USD_OIS_SOFR_3Y;0.052752;0.053648
2024-08-20;USD_OIS_SOFR_3Y;0.052766;0.053634
2024-08-21;USD_OIS_SOFR_3Y;0.052674;0.053526
2024-08-22;USD_OIS_SOFR_3Y;0.052687;0.053513
2024-08-23;USD_OIS_SOFR_3Y;0.05288;0.05372
2024-08-26;USD_OIS_SOFR_3Y;0.052988;0.053812
2024-08-27;USD_OIS_SOFR_3Y;0.053095;0.053905
2024-08-28;USD_OIS_SOFR_3Y;0.053108;0.053892
2024-08-29;USD_OIS_SOFR_3Y;0.052899;0.053701
2024-08-30;USD_OIS_SOFR_3Y;0.052806;0.053594
2024-09-03;USD_OIS_SOFR_3Y;0.052997;0.053803
2024-09-04;USD_OIS_SOFR_3Y;0.053104;0.053896
2024-09-05;USD_OIS_SOFR_3Y;0.053116;0.053884
2024-09-06;USD_OIS_SOFR_3Y;0.053023;0.053777
2024-09-09;USD_OIS_SOFR_3Y;0.053034;0.053766
2024-09-10;USD_OIS_SOFR_3Y;0.05294;0.05366
2024-09-11;USD_OIS_SOFR_3Y;0.052845;0.053555
2024-09-12;USD_OIS_SOFR_3Y;0.05295;0.05365
2024-09-13;USD_OIS_SOFR_3Y;0.052961;0.053639
2024-09-16;USD_OIS_SOFR_3Y;0.053342;0.054258
2024-09-17;USD_OIS_SOFR_3Y;0.053356;0.054244
2024-09-18;USD_OIS_SOFR_3Y;0.052765;0.053835
2024-09-19;USD_OIS_SOFR_3Y;0.044913;0.051487
2024-09-20;USD_OIS_SOFR_3Y;0.045113;0.051487
2024-09-23;USD_OIS_SOFR_3Y;0.04521;0.05139
2024-09-24;USD_OIS_SOFR_3Y;0.045403;0.051397
2024-09-25;USD_OIS_SOFR_3Y;0.045495;0.051305
2024-09-26;USD_OIS_SOFR_3Y;0.045482;0.051118
2024-09-27;USD_OIS_SOFR_3Y;0.045667;0.051133
2024-09-30;USD_OIS_SOFR_3Y;0.046843;0.052357
2024-10-01;USD_OIS_SOFR_3Y;0.047766;0.053234
2024-10-02;USD_OIS_SOFR_3Y;0.046423;0.051977
2024-10-03;USD_OIS_SOFR_3Y;0.045771;0.051229
2024-10-04;USD_OIS_SOFR_3Y;0.045651;0.050949
2024-10-07;USD_OIS_SOFR_3Y;0.045732;0.050868
2024-10-08;USD_OIS_SOFR_3Y;0.045909;0.050891
2024-10-09;USD_OIS_SOFR_3Y;0.045884;0.050716
2024-10-10;USD_OIS_SOFR_3Y;0.045857;0.050543
2024-10-11;USD_OIS_SOFR_3Y;0.045828;0.050372
2024-10-15;USD_OIS_SOFR_3Y;0.046374;0.050826
2024-10-16;USD_OIS_SOFR_3Y;0.046442;0.050758
2024-10-17;USD_OIS_SOFR_3Y;0.046407;0.050593
2024-10-18;USD_OIS_SOFR_3Y;0.046369;0.050431
2024-10-21;USD_OIS_SOFR_3Y;0.046227;0.050173
2024-10-22;USD_OIS_SOFR_3Y;0.046386;0.050214
2024-10-23;USD_OIS_SOFR_3Y;0.046445;0.050155
2024-10-24;USD_OIS_SOFR_3Y;0.046501;0.050099
2024-10-25;USD_OIS_SOFR_3Y;0.046556;0.050044
2024-10-28;USD_OIS_SOFR_3Y;0.046508;0.049892
2024-10-29;USD_OIS_SOFR_3Y;0.046559;0.049841
2024-10-30;USD_OIS_SOFR_3Y;0.046508;0.049692
2024-10-31;USD_OIS_SOFR_3Y;0.047354;0.050646
2024-11-01;USD_OIS_SOFR_3Y;0.046984;0.050216
2024-11-04;USD_OIS_SOFR_3Y;0.046612;0.049788
2024-11-05;USD_OIS_SOFR_3Y;0.046661;0.049739
2024-11-06;USD_OIS_SOFR_3Y;0.046606;0.049594
2024-11-07;USD_OIS_SOFR_3Y;0.04675;0.04965
2024-11-08;USD_OIS_SOFR_3Y;0.044016;0.047984
2024-11-12;USD_OIS_SOFR_3Y;0.044077;0.047923
2024-11-13;USD_OIS_SOFR_3Y;0.044034;0.047766
2024-11-14;USD_OIS_SOFR_3Y;0.04399;0.04761
2024-11-15;USD_OIS_SOFR_3Y;0.043944;0.047456
2024-11-18;USD_OIS_SOFR_3Y;0.043997;0.047403
2024-11-19;USD_OIS_SOFR_3Y;0.044049;0.047351
2024-11-20;USD_OIS_SOFR_3Y;0.043998;0.047202
2024-11-21;USD_OIS_SOFR_3Y;0.044146;0.047254
2024-11-22;USD_OIS_SOFR_3Y;0.044193;0.047207
2024-11-25;USD_OIS_SOFR_3Y;0.044338;0.047262
2024-11-26;USD_OIS_SOFR_3Y;0.044382;0.047218
2024-11-27;USD_OIS_SOFR_3Y;0.044324;0.047076
2024-11-29;USD_OIS_SOFR_3Y;0.04456;0.04724
2024-12-02;USD_OIS_SOFR_3Y;0.045062;0.047738
2024-12-03;USD_OIS_SOFR_3Y;0.045103;0.047697
2024-12-04;USD_OIS_SOFR_3Y;0.044603;0.047197
2024-12-05;USD_OIS_SOFR_3Y;0.044642;0.047158
2024-12-06;USD_OIS_SOFR_3Y;0.044779;0.047221
2024-12-09;USD_OIS_SOFR_3Y;0.045101;0.047499
2024-12-10;USD_OIS_SOFR_3Y;0.045236;0.047564
2024-12-11;USD_OIS_SOFR_3Y;0.045064;0.047336
2024-12-12;USD_OIS_SOFR_3Y;0.045099;0.047301
2024-12-13;USD_OIS_SOFR_3Y;0.044925;0.047075
2024-12-16;USD_OIS_SOFR_3Y;0.04541;0.04759
2024-12-17;USD_OIS_SOFR_3Y;0.045126;0.047274
2024-12-18;USD_OIS_SOFR_3Y;0.044611;0.046789
2024-12-19;USD_OIS_SOFR_3Y;0.040983;0.045017
2024-12-20;USD_OIS_SOFR_3Y;0.041045;0.044955
2024-12-23;USD_OIS_SOFR_3Y;0.041203;0.044997
2024-12-24;USD_OIS_SOFR_3Y;0.042074;0.045926
2024-12-26;USD_OIS_SOFR_3Y;0.043258;0.047342
2024-12-27;USD_OIS_SOFR_3Y;0.04257;0.04663
2024-12-30;USD_OIS_SOFR_3Y;0.04165;0.04575
2024-12-31;USD_OIS_SOFR_3Y;0.042771;0.047029
2025-01-02;USD_OIS_SOFR_3Y;0.041858;0.046142
2025-01-03;USD_OIS_SOFR_3Y;0.040946;0.045254
2025-01-06;USD_OIS_SOFR_3Y;0.040596;0.044804
2025-01-07;USD_OIS_SOFR_3Y;0.04066;0.04474
2025-01-08;USD_OIS_SOFR_3Y;0.040918;0.044882
2025-01-09;USD_OIS_SOFR_3Y;0.041077;0.044923
2025-01-10;USD_OIS_SOFR_3Y;0.041136;0.044864
2025-01-13;USD_OIS_SOFR_3Y;0.041092;0.044708
2025-01-14;USD_OIS_SOFR_3Y;0.041046;0.044554
2025-01-15;USD_OIS_SOFR_3Y;0.041099;0.044501
2025-01-16;USD_OIS_SOFR_3Y;0.04125;0.04455
2025-01-17;USD_OIS_SOFR_3Y;0.0413;0.0445
2025-01-21;USD_OIS_SOFR_3Y;0.041349;0.044451
2025-01-22;USD_OIS_SOFR_3Y;0.041495;0.044505
2025-01-23;USD_OIS_SOFR_3Y;0.042006;0.044994
2025-01-24;USD_OIS_SOFR_3Y;0.04195;0.04485
2025-01-27;USD_OIS_SOFR_3Y;0.041994;0.044806
2025-01-28;USD_OIS_SOFR_3Y;0.042136;0.044864
2025-01-29;USD_OIS_SOFR_3Y;0.042177;0.044823
2025-01-30;USD_OIS_SOFR_3Y;0.042316;0.044884
2025-01-31;USD_OIS_SOFR_3Y;0.042549;0.045051
2025-02-03;USD_OIS_SOFR_3Y;0.042272;0.044728
2025-02-04;USD_OIS_SOFR_3Y;0.042102;0.044498
2025-02-05;USD_OIS_SOFR_3Y;0.042139;0.044461
2025-02-06;USD_OIS_SOFR_3Y;0.042458;0.044742
2025-02-07;USD_OIS_SOFR_3Y;0.042391;0.044609
2025-02-10;USD_OIS_SOFR_3Y;0.042425;0.044575
2025-02-11;USD_OIS_SOFR_3Y;0.042356;0.044444
2025-02-12;USD_OIS_SOFR_3Y;0.04218;0.04422
2025-02-13;USD_OIS_SOFR_3Y;0.042309;0.044291
2025-02-14;USD_OIS_SOFR_3Y;0.042339;0.044261
2025-02-18;USD_OIS_SOFR_3Y;0.042734;0.044666
2025-02-19;USD_OIS_SOFR_3Y;0.042555;0.044445
2025-02-20;USD_OIS_SOFR_3Y;0.042375;0.044225
2025-02-21;USD_OIS_SOFR_3Y;0.042501;0.044299
2025-02-24;USD_OIS_SOFR_3Y;0.042528;0.044272
2025-02-25;USD_OIS_SOFR_3Y;0.042452;0.044148
2025-02-26;USD_OIS_SOFR_3Y;0.042478;0.044122
2025-02-27;USD_OIS_SOFR_3Y;0.042781;0.044419
2025-02-28;USD_OIS_SOFR_3Y;0.043083;0.044717
2025-03-03;USD_OIS_SOFR_3Y;0.042421;0.044179
2025-03-04;USD_OIS_SOFR_3Y;0.042447;0.044153
2025-03-05;USD_OIS_SOFR_3Y;0.042571;0.044229
2025-03-06;USD_OIS_SOFR_3Y;0.042694;0.044306
2025-03-07;USD_OIS_SOFR_3Y;0.042616;0.044184
2025-03-10;USD_OIS_SOFR_3Y;0.042537;0.044063
2025-03-11;USD_OIS_SOFR_3Y;0.042457;0.043943
2025-03-12;USD_OIS_SOFR_3Y;0.042377;0.043823
2025-03-13;USD_OIS_SOFR_3Y;0.042296;0.043704
2025-03-14;USD_OIS_SOFR_3Y;0.042318;0.043682
2025-03-17;USD_OIS_SOFR_3Y;0.042526;0.043874
2025-03-18;USD_OIS_SOFR_3Y;0.042444;0.043756
2025-03-19;USD_OIS_SOFR_3Y;0.042251;0.043549
2025-03-20;USD_OIS_SOFR_3Y;0.042271;0.043529
2025-03-21;USD_OIS_SOFR_3Y;0.042387;0.043613
2025-03-24;USD_OIS_SOFR_3Y;0.042502;0.043698
2025-03-25;USD_OIS_SOFR_3Y;0.042707;0.043893
2025-03-26;USD_OIS_SOFR_3Y;0.042911;0.044089
2025-03-27;USD_OIS_SOFR_3Y;0.043025;0.044175
2025-03-28;USD_OIS_SOFR_3Y;0.042828;0.043972
2025-03-31;USD_OIS_SOFR_3Y;0.043389;0.044811
2025-04-01;USD_OIS_SOFR_3Y;0.043199;0.044601
2025-04-02;USD_OIS_SOFR_3Y;0.043008;0.044392
2025-04-03;USD_OIS_SOFR_3Y;0.043218;0.044582
2025-04-04;USD_OIS_SOFR_3Y;0.042791;0.044209
2025-04-07;USD_OIS_SOFR_3Y;0.042601;0.043999
2025-04-08;USD_OIS_SOFR_3Y;0.043189;0.044811
2025-04-09;USD_OIS_SOFR_3Y;0.043403;0.044997
2025-04-10;USD_OIS_SOFR_3Y;0.042865;0.044535
2025-04-11;USD_OIS_SOFR_3Y;0.042451;0.044149
2025-04-14;USD_OIS_SOFR_3Y;0.042477;0.044123
2025-04-15;USD_OIS_SOFR_3Y;0.04278;0.04442
2025-04-16;USD_OIS_SOFR_3Y;0.042243;0.043957
2025-04-17;USD_OIS_SOFR_3Y;0.042367;0.044033
2025-04-21;USD_OIS_SOFR_3Y;0.042392;0.044008
2025-04-22;USD_OIS_SOFR_3Y;0.042207;0.043793
2025-04-23;USD_OIS_SOFR_3Y;0.04202;0.04358
2025-04-24;USD_OIS_SOFR_3Y;0.042141;0.043659
2025-04-25;USD_OIS_SOFR_3Y;0.042522;0.044078
2025-04-28;USD_OIS_SOFR_3Y;0.042822;0.044378
2025-04-29;USD_OIS_SOFR_3Y;0.042845;0.044355
2025-04-30;USD_OIS_SOFR_3Y;0.043302;0.044898
2025-05-01;USD_OIS_SOFR_3Y;0.043116;0.044684
2025-05-02;USD_OIS_SOFR_3Y;0.042816;0.044384
2025-05-05;USD_OIS_SOFR_3Y;0.042517;0.044083
2025-05-06;USD_OIS_SOFR_3Y;0.042438;0.043962
2025-05-07;USD_OIS_SOFR_3Y;0.04225;0.04375
2025-05-08;USD_OIS_SOFR_3Y;0.04217;0.04363
2025-05-09;USD_OIS_SOFR_3Y;0.04209;0.04351
2025-05-12;USD_OIS_SOFR_3Y;0.042111;0.043489
2025-05-13;USD_OIS_SOFR_3Y;0.04232;0.04368
2025-05-14;USD_OIS_SOFR_3Y;0.042238;0.043562
2025-05-15;USD_OIS_SOFR_3Y;0.042445;0.043755
2025-05-16;USD_OIS_SOFR_3Y;0.042362;0.043638
2025-05-19;USD_OIS_SOFR_3Y;0.042278;0.043522
2025-05-20;USD_OIS_SOFR_3Y;0.042084;0.043316
2025-05-21;USD_OIS_SOFR_3Y;0.041999;0.043201
2025-05-22;USD_OIS_SOFR_3Y;0.042018;0.043182
2025-05-23;USD_OIS_SOFR_3Y;0.042035;0.043165
2025-05-27;USD_OIS_SOFR_3Y;0.042467;0.043733
2025-05-28;USD_OIS_SOFR_3Y;0.042673;0.043927
2025-05-29;USD_OIS_SOFR_3Y;0.042692;0.043908
2025-05-30;USD_OIS_SOFR_3Y;0.042897;0.044103
2025-06-02;USD_OIS_SOFR_3Y;0.042916;0.044084
2025-06-03;USD_OIS_SOFR_3Y;0.042602;0.043798
2025-06-04;USD_OIS_SOFR_3Y;0.042167;0.043433
2025-06-05;USD_OIS_SOFR_3Y;0.042283;0.043517
2025-06-06;USD_OIS_SOFR_3Y;0.042302;0.043498
2025-06-09;USD_OIS_SOFR_3Y;0.04232;0.04348
2025-06-10;USD_OIS_SOFR_3Y;0.042234;0.043366
2025-06-11;USD_OIS_SOFR_3Y;0.042251;0.043349
2025-06-12;USD_OIS_SOFR_3Y;0.042268;0.043332
2025-06-13;USD_OIS_SOFR_3Y;0.042284;0.043316
2025-06-16;USD_OIS_SOFR_3Y;0.042639;0.043761
2025-06-17;USD_OIS_SOFR_3Y;0.042552;0.043648
2025-06-18;USD_OIS_SOFR_3Y;0.042236;0.043364
2025-06-20;USD_OIS_SOFR_3Y;0.042349;0.043451
2025-06-23;USD_OIS_SOFR_3Y;0.042366;0.043434
2025-06-24;USD_OIS_SOFR_3Y;0.042478;0.043522
2025-06-25;USD_OIS_SOFR_3Y;0.042966;0.044234
2025-06-26;USD_OIS_SOFR_3Y;0.043335;0.044665
2025-06-27;USD_OIS_SOFR_3Y;0.043252;0.044548
2025-06-30;USD_OIS_SOFR_3Y;0.043765;0.045235
2025-07-01;USD_OIS_SOFR_3Y;0.043684;0.045116
2025-07-02;USD_OIS_SOFR_3Y;0.043261;0.044739
2025-07-03;USD_OIS_SOFR_3Y;0.042716;0.044284
2025-07-07;USD_OIS_SOFR_3Y;0.042529;0.044071
2025-07-08;USD_OIS_SOFR_3Y;0.04265;0.04415
2025-07-09;USD_OIS_SOFR_3Y;0.042462;0.043938
2025-07-10;USD_OIS_SOFR_3Y;0.042382;0.043818
2025-07-11;USD_OIS_SOFR_3Y;0.042403;0.043797
2025-07-14;USD_OIS_SOFR_3Y;0.042613;0.043987
2025-07-15;USD_OIS_SOFR_3Y;0.042987;0.044413
2025-07-16;USD_OIS_SOFR_3Y;0.042683;0.044117
2025-07-17;USD_OIS_SOFR_3Y;0.042704;0.044096
2025-07-18;USD_OIS_SOFR_3Y;0.042279;0.043721
2025-07-21;USD_OIS_SOFR_3Y;0.04209;0.04351
2025-07-22;USD_OIS_SOFR_3Y;0.042111;0.043489
2025-07-23;USD_OIS_SOFR_3Y;0.042132;0.043468
2025-07-24;USD_OIS_SOFR_3Y;0.04234;0.04366
2025-07-25;USD_OIS_SOFR_3Y;0.042855;0.044345
2025-07-28;USD_OIS_SOFR_3Y;0.042878;0.044322
2025-07-29;USD_OIS_SOFR_3Y;0.0429;0.0443
2025-07-30;USD_OIS_SOFR_3Y;0.042475;0.043925
2025-07-31;USD_OIS_SOFR_3Y;0.043068;0.044732
2025-08-01;USD_OIS_SOFR_3Y;0.042533;0.044267
2025-08-04;USD_OIS_SOFR_3Y;0.042457;0.044143
2025-08-05;USD_OIS_SOFR_3Y;0.04258;0.04422
2025-08-06;USD_OIS_SOFR_3Y;0.042605;0.044195
2025-08-07;USD_OIS_SOFR_3Y;0.042726;0.044274
2025-08-08;USD_OIS_SOFR_3Y;0.04275;0.04425
2025-08-11;USD_OIS_SOFR_3Y;0.04267;0.04413
2025-08-12;USD_OIS_SOFR_3Y;0.042881;0.044319
2025-08-13;USD_OIS_SOFR_3Y;0.042577;0.044023
2025-08-14;USD_OIS_SOFR_3Y;0.042696;0.044104
2025-08-15;USD_OIS_SOFR_3Y;0.042906;0.044294
2025-08-18;USD_OIS_SOFR_3Y;0.042715;0.044085
2025-08-19;USD_OIS_SOFR_3Y;0.042633;0.043967
2025-08-20;USD_OIS_SOFR_3Y;0.042441;0.043759
2025-08-21;USD_OIS_SOFR_3Y;0.042558;0.043842
2025-08-22;USD_OIS_SOFR_3Y;0.042927;0.044273
2025-08-25;USD_OIS_SOFR_3Y;0.043045;0.044355
2025-08-26;USD_OIS_SOFR_3Y;0.043162;0.044438
2025-08-27;USD_OIS_SOFR_3Y;0.042968;0.044232
2025-08-28;USD_OIS_SOFR_3Y;0.042774;0.044026
2025-08-29;USD_OIS_SOFR_3Y;0.042793;0.044007
2025-09-02;USD_OIS_SOFR_3Y;0.043231;0.044569
2025-09-03;USD_OIS_SOFR_3Y;0.043252;0.044548
2025-09-04;USD_OIS_SOFR_3Y;0.043459;0.044741
2025-09-05;USD_OIS_SOFR_3Y;0.043575;0.044825
2025-09-08;USD_OIS_SOFR_3Y;0.043381;0.044619
2025-09-09;USD_OIS_SOFR_3Y;0.0434;0.0446
2025-09-10;USD_OIS_SOFR_3Y;0.043314;0.044486
2025-09-11;USD_OIS_SOFR_3Y;0.043518;0.044682
2025-09-12;USD_OIS_SOFR_3Y;0.043632;0.044768
2025-09-15;USD_OIS_SOFR_3Y;0.044306;0.045894
2025-09-16;USD_OIS_SOFR_3Y;0.042815;0.044985
2025-09-17;USD_OIS_SOFR_3Y;0.042747;0.044853
2025-09-18;USD_OIS_SOFR_3Y;0.039563;0.043237
2025-09-19;USD_OIS_SOFR_3Y;0.039619;0.043181
2025-09-22;USD_OIS_SOFR_3Y;0.039673;0.043127
2025-09-23;USD_OIS_SOFR_3Y;0.039521;0.042879
2025-09-24;USD_OIS_SOFR_3Y;0.039671;0.042929
2025-09-25;USD_OIS_SOFR_3Y;0.040188;0.043412
2025-09-26;USD_OIS_SOFR_3Y;0.040032;0.043168
2025-09-29;USD_OIS_SOFR_3Y;0.039768;0.042832
2025-09-30;USD_OIS_SOFR_3Y;0.040758;0.044042
2025-10-01;USD_OIS_SOFR_3Y;0.040388;0.043612
2025-10-02;USD_OIS_SOFR_3Y;0.040437;0.043563
2025-10-03;USD_OIS_SOFR_3Y;0.040279;0.043321
2025-10-06;USD_OIS_SOFR_3Y;0.040013;0.042987
2025-10-07;USD_OIS_SOFR_3Y;0.039957;0.042843
2025-10-08;USD_OIS_SOFR_3Y;0.039795;0.042605
2025-10-09;USD_OIS_SOFR_3Y;0.039937;0.042663
2025-10-10;USD_OIS_SOFR_3Y;0.040172;0.042828
2025-10-14;USD_OIS_SOFR_3Y;0.040588;0.043212
2025-10-15;USD_OIS_SOFR_3Y;0.041477;0.044323
2025-10-16;USD_OIS_SOFR_3Y;0.041619;0.044381
2025-10-17;USD_OIS_SOFR_3Y;0.040259;0.043341
2025-10-20;USD_OIS_SOFR_3Y;0.0401;0.0431
2025-10-21;USD_OIS_SOFR_3Y;0.040779;0.043821
2025-10-22;USD_OIS_SOFR_3Y;0.04062;0.04358
2025-10-23;USD_OIS_SOFR_3Y;0.040953;0.043847
2025-10-24;USD_OIS_SOFR_3Y;0.040997;0.043803
2025-10-27;USD_OIS_SOFR_3Y;0.041326;0.044074
2025-10-28;USD_OIS_SOFR_3Y;0.041744;0.044456
2025-10-29;USD_OIS_SOFR_3Y;0.041361;0.044039
2025-10-30;USD_OIS_SOFR_3Y;0.038443;0.042357
2025-10-31;USD_OIS_SOFR_3Y;0.039984;0.044416
2025-11-03;USD_OIS_SOFR_3Y;0.039076;0.043524
2025-11-04;USD_OIS_SOFR_3Y;0.037691;0.042309
2025-11-05;USD_OIS_SOFR_3Y;0.036789;0.041411
2025-11-06;USD_OIS_SOFR_3Y;0.036959;0.041441
2025-11-07;USD_OIS_SOFR_3Y;0.037126;0.041474
2025-11-10;USD_OIS_SOFR_3Y;0.037388;0.041612
2025-11-12;USD_OIS_SOFR_3Y;0.037744;0.041856
2025-11-13;USD_OIS_SOFR_3Y;0.038002;0.041998
2025-11-14;USD_OIS_SOFR_3Y;0.037537;0.041463
2025-11-17;USD_OIS_SOFR_3Y;0.038071;0.041929
2025-11-18;USD_OIS_SOFR_3Y;0.037491;0.041309
2025-11-19;USD_OIS_SOFR_3Y;0.037239;0.040961
2025-11-20;USD_OIS_SOFR_3Y;0.037296;0.040904
2025-11-21;USD_OIS_SOFR_3Y;0.037546;0.041054
2025-11-24;USD_OIS_SOFR_3Y;0.037889;0.041311
2025-11-25;USD_OIS_SOFR_3Y;0.038411;0.041789
2025-11-26;USD_OIS_SOFR_3Y;0.038843;0.042157
2025-11-28;USD_OIS_SOFR_3Y;0.039533;0.042867
2025-12-01;USD_OIS_SOFR_3Y;0.039583;0.042817
2025-12-02;USD_OIS_SOFR_3Y;0.038383;0.041817
2025-12-03;USD_OIS_SOFR_3Y;0.037792;0.041208
2025-12-04;USD_OIS_SOFR_3Y;0.037533;0.040867
2025-12-05;USD_OIS_SOFR_3Y;0.037683;0.040917
2025-12-08;USD_OIS_SOFR_3Y;0.037927;0.041073
2025-12-09;USD_OIS_SOFR_3Y;0.03777;0.04083
2025-12-10;USD_OIS_SOFR_3Y;0.037504;0.040496
2025-12-11;USD_OIS_SOFR_3Y;0.034494;0.038706
2025-12-12;USD_OIS_SOFR_3Y;0.034657;0.038743
2025-12-15;USD_OIS_SOFR_3Y;0.035455;0.039545
2025-12-16;USD_OIS_SOFR_3Y;0.034881;0.038919
2025-12-17;USD_OIS_SOFR_3Y;0.034942;0.038858
2025-12-18;USD_OIS_SOFR_3Y;0.034692;0.038508
2025-12-19;USD_OIS_SOFR_3Y;0.03475;0.03845
2025-12-22;USD_OIS_SOFR_3Y;0.035002;0.038598
2025-12-23;USD_OIS_SOFR_3Y;0.034852;0.038348
2025-12-24;USD_OIS_SOFR_3Y;0.034906;0.038294
2025-12-26;USD_OIS_SOFR_3Y;0.035838;0.039362
2025-12-29;USD_OIS_SOFR_3Y;0.035991;0.039409
2025-12-30;USD_OIS_SOFR_3Y;0.035399;0.038801
2025-12-31;USD_OIS_SOFR_3Y;0.036762;0.040638
2026-01-02;USD_OIS_SOFR_3Y;0.035472;0.039528
2026-01-05;USD_OIS_SOFR_3Y;0.035008;0.038992
2026-01-06;USD_OIS_SOFR_3Y;0.034652;0.038548
2026-01-07;USD_OIS_SOFR_3Y;0.03461;0.03839
2026-01-08;USD_OIS_SOFR_3Y;0.034567;0.038233
2026-01-09;USD_OIS_SOFR_3Y;0.034623;0.038177
2026-01-12;USD_OIS_SOFR_3Y;0.034677;0.038123
2026-01-13;USD_OIS_SOFR_3Y;0.034828;0.038172
2026-01-14;USD_OIS_SOFR_3Y;0.034778;0.038022
2026-01-15;USD_OIS_SOFR_3Y;0.035022;0.038178
2026-01-16;USD_OIS_SOFR_3Y;0.034969;0.038031
2026-01-20;USD_OIS_SOFR_3Y;0.034914;0.037886
2026-01-21;USD_OIS_SOFR_3Y;0.034858;0.037742
2026-01-22;USD_OIS_SOFR_3Y;0.035;0.0378
2026-01-23;USD_OIS_SOFR_3Y;0.035142;0.037858
2026-01-26;USD_OIS_SOFR_3Y;0.035281;0.037919
2026-01-27;USD_OIS_SOFR_3Y;0.035322;0.037878
2026-01-28;USD_OIS_SOFR_3Y;0.035154;0.037646
2026-01-29;USD_OIS_SOFR_3Y;0.03529;0.03771
2026-01-30;USD_OIS_SOFR_3Y;0.035612;0.037988
2026-02-02;USD_OIS_SOFR_3Y;0.035746;0.038054
2026-02-03;USD_OIS_SOFR_3Y;0.035781;0.038019
2026-02-04;USD_OIS_SOFR_3Y;0.035386;0.037614
2026-02-05;USD_OIS_SOFR_3Y;0.03542;0.03758
2026-02-06;USD_OIS_SOFR_3Y;0.035351;0.037449
2026-02-09;USD_OIS_SOFR_3Y;0.035281;0.037319
2026-02-10;USD_OIS_SOFR_3Y;0.035504;0.037496
2026-02-11;USD_OIS_SOFR_3Y;0.035534;0.037466
2026-02-12;USD_OIS_SOFR_3Y;0.035563;0.037437
2026-02-13;USD_OIS_SOFR_3Y;0.03569;0.03751
2026-02-17;USD_OIS_SOFR_3Y;0.036162;0.038038
2026-02-18;USD_OIS_SOFR_3Y;0.036382;0.038218
2026-02-19;USD_OIS_SOFR_3Y;0.035731;0.037669
2026-02-20;USD_OIS_SOFR_3Y;0.035659;0.037541
2026-02-23;USD_OIS_SOFR_3Y;0.035687;0.037513
2026-02-24;USD_OIS_SOFR_3Y;0.035813;0.037587
2026-02-25;USD_OIS_SOFR_3Y;0.03584;0.03756
2026-02-26;USD_OIS_SOFR_3Y;0.035866;0.037534
2026-02-27;USD_OIS_SOFR_3Y;0.035989;0.037611
2026-03-02;USD_OIS_SOFR_3Y;0.036291;0.037909
2026-03-03;USD_OIS_SOFR_3Y;0.036213;0.037787
2026-03-04;USD_OIS_SOFR_3Y;0.035913;0.037487
2026-03-05;USD_OIS_SOFR_3Y;0.035835;0.037365
2026-03-06;USD_OIS_SOFR_3Y;0.035755;0.037245
2026-03-09;USD_OIS_SOFR_3Y;0.035778;0.037222
2026-03-10;USD_OIS_SOFR_3Y;0.035697;0.037103
2026-03-11;USD_OIS_SOFR_3Y;0.035718;0.037082
2026-03-12;USD_OIS_SOFR_3Y;0.035836;0.037164
2026-03-13;USD_OIS_SOFR_3Y;0.035856;0.037144
2026-03-16;USD_OIS_SOFR_3Y;0.0363;0.0377
2026-03-17;USD_OIS_SOFR_3Y;0.03575;0.03725
2026-03-18;USD_OIS_SOFR_3Y;0.035448;0.036952
2026-03-19;USD_OIS_SOFR_3Y;0.035471;0.036929
2026-03-20;USD_OIS_SOFR_3Y;0.035493;0.036907
2026-03-23;USD_OIS_SOFR_3Y;0.035515;0.036885
2026-03-24;USD_OIS_SOFR_3Y;0.035633;0.036967
2026-03-25;USD_OIS_SOFR_3Y;0.03575;0.03705
2026-03-26;USD_OIS_SOFR_3Y;0.035866;0.037134
2026-03-27;USD_OIS_SOFR_3Y;0.035673;0.036927
2026-03-30;USD_OIS_SOFR_3Y;0.035692;0.036908
2026-03-31;USD_OIS_SOFR_3Y;0.03613;0.03747
2026-04-01;USD_OIS_SOFR_3Y;0.035823;0.037177
2026-04-02;USD_OIS_SOFR_3Y;0.03594;0.03726
2026-04-06;USD_OIS_SOFR_3Y;0.035857;0.037143
2026-04-07;USD_OIS_SOFR_3Y;0.035548;0.036852
2026-04-08;USD_OIS_SOFR_3Y;0.03524;0.03656
2026-04-09;USD_OIS_SOFR_3Y;0.035048;0.036352
2026-04-10;USD_OIS_SOFR_3Y;0.035418;0.036782
2026-04-13;USD_OIS_SOFR_3Y;0.035627;0.036973
2026-04-14;USD_OIS_SOFR_3Y;0.03592;0.03728
2026-04-15;USD_OIS_SOFR_3Y;0.036438;0.037962
2026-04-16;USD_OIS_SOFR_3Y;0.035896;0.037504
2026-04-17;USD_OIS_SOFR_3Y;0.03571;0.03729
2026-04-20;USD_OIS_SOFR_3Y;0.035523;0.037077
2026-04-21;USD_OIS_SOFR_3Y;0.035547;0.037053
2026-04-22;USD_OIS_SOFR_3Y;0.035667;0.037133
2014-02-18;USD_OIS_SOFR_5Y;0.00103;0.00123
2014-02-19;USD_OIS_SOFR_5Y;0.00103;0.00123
2014-02-20;USD_OIS_SOFR_5Y;0.00103;0.00123
2014-02-21;USD_OIS_SOFR_5Y;0.00103;0.00123
2014-02-24;USD_OIS_SOFR_5Y;0.00103;0.00123
2014-02-25;USD_OIS_SOFR_5Y;0.00103;0.00123
2014-02-26;USD_OIS_SOFR_5Y;0.00113;0.00133
2014-02-27;USD_OIS_SOFR_5Y;0.00113;0.00133
2014-02-28;USD_OIS_SOFR_5Y;0.00113;0.00133
2014-03-03;USD_OIS_SOFR_5Y;0.00113;0.00133
2014-03-04;USD_OIS_SOFR_5Y;0.00113;0.00133
2014-03-05;USD_OIS_SOFR_5Y;0.00113;0.00133
2014-03-06;USD_OIS_SOFR_5Y;0.00113;0.00133
2014-03-07;USD_OIS_SOFR_5Y;0.00113;0.00133
2014-03-10;USD_OIS_SOFR_5Y;0.00113;0.00133
2014-03-11;USD_OIS_SOFR_5Y;0.00113;0.00133
2014-03-12;USD_OIS_SOFR_5Y;0.001228;0.001432
2014-03-13;USD_OIS_SOFR_5Y;0.00123;0.00143
2014-03-14;USD_OIS_SOFR_5Y;0.00123;0.00143
2014-03-17;USD_OIS_SOFR_5Y;0.00123;0.00143
2014-03-18;USD_OIS_SOFR_5Y;0.00123;0.00143
2014-03-19;USD_OIS_SOFR_5Y;0.00123;0.00143
2014-03-20;USD_OIS_SOFR_5Y;0.00123;0.00143
2014-03-21;USD_OIS_SOFR_5Y;0.00123;0.00143
2014-03-24;USD_OIS_SOFR_5Y;0.00123;0.00143
2014-03-25;USD_OIS_SOFR_5Y;0.00123;0.00143
2014-03-26;USD_OIS_SOFR_5Y;0.00123;0.00143
2014-03-27;USD_OIS_SOFR_5Y;0.00123;0.00143
2014-03-28;USD_OIS_SOFR_5Y;0.00123;0.00143
2014-03-31;USD_OIS_SOFR_5Y;0.00123;0.00143
2014-04-01;USD_OIS_SOFR_5Y;0.00123;0.00143
2014-04-02;USD_OIS_SOFR_5Y;0.00123;0.00143
2014-04-03;USD_OIS_SOFR_5Y;0.00123;0.00143
2014-04-04;USD_OIS_SOFR_5Y;0.00123;0.00143
2014-04-07;USD_OIS_SOFR_5Y;0.00123;0.00143
2014-04-08;USD_OIS_SOFR_5Y;0.00123;0.00143
2014-04-09;USD_OIS_SOFR_5Y;0.00123;0.00143
2014-04-10;USD_OIS_SOFR_5Y;0.00123;0.00143
2014-04-11;USD_OIS_SOFR_5Y;0.00123;0.00143
2014-04-14;USD_OIS_SOFR_5Y;0.00123;0.00143
2014-04-15;USD_OIS_SOFR_5Y;0.00123;0.00143
2014-04-16;USD_OIS_SOFR_5Y;0.00133;0.00153
2014-04-17;USD_OIS_SOFR_5Y;0.00133;0.00153
2014-04-21;USD_OIS_SOFR_5Y;0.00133;0.00153
2014-04-22;USD_OIS_SOFR_5Y;0.00133;0.00153
2014-04-23;USD_OIS_SOFR_5Y;0.001413;0.001647
2014-04-24;USD_OIS_SOFR_5Y;0.001416;0.001644
2014-04-25;USD_OIS_SOFR_5Y;0.00142;0.00164
2014-04-28;USD_OIS_SOFR_5Y;0.001423;0.001637
2014-04-29;USD_OIS_SOFR_5Y;0.001426;0.001634
2014-04-30;USD_OIS_SOFR_5Y;0.0013;0.00156
2014-05-01;USD_OIS_SOFR_5Y;0.001304;0.001556
2014-05-02;USD_OIS_SOFR_5Y;0.001308;0.001552
2014-05-05;USD_OIS_SOFR_5Y;0.001312;0.001548
2014-05-06;USD_OIS_SOFR_5Y;0.001315;0.001545
2014-05-07;USD_OIS_SOFR_5Y;0.001319;0.001541
2014-05-08;USD_OIS_SOFR_5Y;0.001322;0.001538
2014-05-09;USD_OIS_SOFR_5Y;0.001326;0.001534
2014-05-12;USD_OIS_SOFR_5Y;0.001329;0.001531
2014-05-13;USD_OIS_SOFR_5Y;0.00133;0.00153
2014-05-14;USD_OIS_SOFR_5Y;0.001204;0.001456
2014-05-15;USD_OIS_SOFR_5Y;0.001208;0.001452
2014-05-16;USD_OIS_SOFR_5Y;0.001212;0.001448
2014-05-19;USD_OIS_SOFR_5Y;0.001215;0.001445
2014-05-20;USD_OIS_SOFR_5Y;0.001219;0.001441
2014-05-21;USD_OIS_SOFR_5Y;0.001295;0.001565
2014-05-22;USD_OIS_SOFR_5Y;0.001299;0.001561
2014-05-23;USD_OIS_SOFR_5Y;0.001303;0.001557
2014-05-27;USD_OIS_SOFR_5Y;0.001307;0.001553
2014-05-28;USD_OIS_SOFR_5Y;0.00131;0.00155
2014-05-29;USD_OIS_SOFR_5Y;0.001314;0.001546
2014-05-30;USD_OIS_SOFR_5Y;0.001317;0.001543
2014-06-02;USD_OIS_SOFR_5Y;0.001321;0.001539
2014-06-03;USD_OIS_SOFR_5Y;0.001324;0.001536
2014-06-04;USD_OIS_SOFR_5Y;0.001327;0.001533
2014-06-05;USD_OIS_SOFR_5Y;0.00133;0.00153
2014-06-06;USD_OIS_SOFR_5Y;0.00133;0.00153
2014-06-09;USD_OIS_SOFR_5Y;0.00133;0.00153
2014-06-10;USD_OIS_SOFR_5Y;0.00133;0.00153
2014-06-11;USD_OIS_SOFR_5Y;0.00133;0.00153
2014-06-12;USD_OIS_SOFR_5Y;0.00133;0.00153
2014-06-13;USD_OIS_SOFR_5Y;0.00133;0.00153
2014-06-16;USD_OIS_SOFR_5Y;0.00133;0.00153
2014-06-17;USD_OIS_SOFR_5Y;0.00133;0.00153
2014-06-18;USD_OIS_SOFR_5Y;0.001419;0.001641
2014-06-19;USD_OIS_SOFR_5Y;0.001422;0.001638
2014-06-20;USD_OIS_SOFR_5Y;0.001425;0.001635
2014-06-23;USD_OIS_SOFR_5Y;0.001428;0.001632
2014-06-24;USD_OIS_SOFR_5Y;0.00143;0.00163
2014-06-25;USD_OIS_SOFR_5Y;0.00143;0.00163
2014-06-26;USD_OIS_SOFR_5Y;0.00143;0.00163
2014-06-27;USD_OIS_SOFR_5Y;0.00143;0.00163
2014-06-30;USD_OIS_SOFR_5Y;0.00143;0.00163
2014-07-01;USD_OIS_SOFR_5Y;0.00143;0.00163
2014-07-02;USD_OIS_SOFR_5Y;0.00143;0.00163
2014-07-03;USD_OIS_SOFR_5Y;0.00143;0.00163
2014-07-07;USD_OIS_SOFR_5Y;0.00143;0.00163
2014-07-08;USD_OIS_SOFR_5Y;0.00143;0.00163
2014-07-09;USD_OIS_SOFR_5Y;0.001321;0.001539
2014-07-10;USD_OIS_SOFR_5Y;0.001324;0.001536
2014-07-11;USD_OIS_SOFR_5Y;0.001327;0.001533
2014-07-14;USD_OIS_SOFR_5Y;0.00133;0.00153
2014-07-15;USD_OIS_SOFR_5Y;0.00133;0.00153
2014-07-16;USD_OIS_SOFR_5Y;0.00133;0.00153
2014-07-17;USD_OIS_SOFR_5Y;0.00133;0.00153
2014-07-18;USD_OIS_SOFR_5Y;0.00133;0.00153
2014-07-21;USD_OIS_SOFR_5Y;0.00133;0.00153
2014-07-22;USD_OIS_SOFR_5Y;0.00133;0.00153
2014-07-23;USD_OIS_SOFR_5Y;0.00133;0.00153
2014-07-24;USD_OIS_SOFR_5Y;0.00133;0.00153
2014-07-25;USD_OIS_SOFR_5Y;0.00133;0.00153
2014-07-28;USD_OIS_SOFR_5Y;0.00133;0.00153
2014-07-29;USD_OIS_SOFR_5Y;0.00133;0.00153
2014-07-30;USD_OIS_SOFR_5Y;0.00133;0.00153
2014-07-31;USD_OIS_SOFR_5Y;0.00133;0.00153
2014-08-01;USD_OIS_SOFR_5Y;0.00133;0.00153
2014-08-04;USD_OIS_SOFR_5Y;0.00133;0.00153
2014-08-05;USD_OIS_SOFR_5Y;0.00133;0.00153
2014-08-06;USD_OIS_SOFR_5Y;0.00133;0.00153
2014-08-07;USD_OIS_SOFR_5Y;0.00133;0.00153
2014-08-08;USD_OIS_SOFR_5Y;0.00133;0.00153
2014-08-11;USD_OIS_SOFR_5Y;0.00133;0.00153
2014-08-12;USD_OIS_SOFR_5Y;0.00133;0.00153
2014-08-13;USD_OIS_SOFR_5Y;0.00133;0.00153
2014-08-14;USD_OIS_SOFR_5Y;0.00133;0.00153
2014-08-15;USD_OIS_SOFR_5Y;0.00133;0.00153
2014-08-18;USD_OIS_SOFR_5Y;0.00133;0.00153
2014-08-19;USD_OIS_SOFR_5Y;0.00133;0.00153
2014-08-20;USD_OIS_SOFR_5Y;0.00133;0.00153
2014-08-21;USD_OIS_SOFR_5Y;0.00133;0.00153
2014-08-22;USD_OIS_SOFR_5Y;0.00133;0.00153
2014-08-25;USD_OIS_SOFR_5Y;0.00133;0.00153
2014-08-26;USD_OIS_SOFR_5Y;0.00133;0.00153
2014-08-27;USD_OIS_SOFR_5Y;0.00133;0.00153
2014-08-28;USD_OIS_SOFR_5Y;0.00133;0.00153
2014-08-29;USD_OIS_SOFR_5Y;0.00133;0.00153
2014-09-02;USD_OIS_SOFR_5Y;0.00133;0.00153
2014-09-03;USD_OIS_SOFR_5Y;0.00123;0.00143
2014-09-04;USD_OIS_SOFR_5Y;0.00123;0.00143
2014-09-05;USD_OIS_SOFR_5Y;0.00123;0.00143
2014-09-08;USD_OIS_SOFR_5Y;0.00123;0.00143
2014-09-09;USD_OIS_SOFR_5Y;0.00123;0.00143
2014-09-10;USD_OIS_SOFR_5Y;0.001318;0.001542
2014-09-11;USD_OIS_SOFR_5Y;0.001322;0.001538
2014-09-12;USD_OIS_SOFR_5Y;0.001325;0.001535
2014-09-15;USD_OIS_SOFR_5Y;0.001328;0.001532
2014-09-16;USD_OIS_SOFR_5Y;0.00133;0.00153
2014-09-17;USD_OIS_SOFR_5Y;0.00133;0.00153
2014-09-18;USD_OIS_SOFR_5Y;0.00133;0.00153
2014-09-19;USD_OIS_SOFR_5Y;0.00133;0.00153
2014-09-22;USD_OIS_SOFR_5Y;0.00133;0.00153
2014-09-23;USD_OIS_SOFR_5Y;0.00133;0.00153
2014-09-24;USD_OIS_SOFR_5Y;0.00133;0.00153
2014-09-25;USD_OIS_SOFR_5Y;0.00133;0.00153
2014-09-26;USD_OIS_SOFR_5Y;0.00133;0.00153
2014-09-29;USD_OIS_SOFR_5Y;0.00133;0.00153
2014-09-30;USD_OIS_SOFR_5Y;0.00133;0.00153
2014-10-01;USD_OIS_SOFR_5Y;0.00133;0.00153
2014-10-02;USD_OIS_SOFR_5Y;0.00133;0.00153
2014-10-03;USD_OIS_SOFR_5Y;0.00133;0.00153
2014-10-06;USD_OIS_SOFR_5Y;0.00133;0.00153
2014-10-07;USD_OIS_SOFR_5Y;0.00133;0.00153
2014-10-08;USD_OIS_SOFR_5Y;0.00133;0.00153
2014-10-09;USD_OIS_SOFR_5Y;0.00133;0.00153
2014-10-10;USD_OIS_SOFR_5Y;0.00133;0.00153
2014-10-14;USD_OIS_SOFR_5Y;0.00133;0.00153
2014-10-15;USD_OIS_SOFR_5Y;0.00133;0.00153
2014-10-16;USD_OIS_SOFR_5Y;0.00133;0.00153
2014-10-17;USD_OIS_SOFR_5Y;0.00133;0.00153
2014-10-20;USD_OIS_SOFR_5Y;0.00133;0.00153
2014-10-21;USD_OIS_SOFR_5Y;0.00133;0.00153
2014-10-22;USD_OIS_SOFR_5Y;0.00133;0.00153
2014-10-23;USD_OIS_SOFR_5Y;0.00133;0.00153
2014-10-24;USD_OIS_SOFR_5Y;0.00133;0.00153
2014-10-27;USD_OIS_SOFR_5Y;0.00133;0.00153
2014-10-28;USD_OIS_SOFR_5Y;0.00133;0.00153
2014-10-29;USD_OIS_SOFR_5Y;0.00133;0.00153
2014-10-30;USD_OIS_SOFR_5Y;0.00133;0.00153
2014-10-31;USD_OIS_SOFR_5Y;0.00133;0.00153
2014-11-03;USD_OIS_SOFR_5Y;0.00133;0.00153
2014-11-04;USD_OIS_SOFR_5Y;0.00133;0.00153
2014-11-05;USD_OIS_SOFR_5Y;0.00123;0.00143
2014-11-06;USD_OIS_SOFR_5Y;0.00123;0.00143
2014-11-07;USD_OIS_SOFR_5Y;0.00123;0.00143
2014-11-10;USD_OIS_SOFR_5Y;0.00123;0.00143
2014-11-12;USD_OIS_SOFR_5Y;0.001316;0.001544
2014-11-13;USD_OIS_SOFR_5Y;0.00132;0.00154
2014-11-14;USD_OIS_SOFR_5Y;0.001323;0.001537
2014-11-17;USD_OIS_SOFR_5Y;0.001327;0.001533
2014-11-18;USD_OIS_SOFR_5Y;0.00133;0.00153
2014-11-19;USD_OIS_SOFR_5Y;0.001403;0.001657
2014-11-20;USD_OIS_SOFR_5Y;0.001407;0.001653
2014-11-21;USD_OIS_SOFR_5Y;0.00141;0.00165
2014-11-24;USD_OIS_SOFR_5Y;0.001414;0.001646
2014-11-25;USD_OIS_SOFR_5Y;0.001417;0.001643
2014-11-26;USD_OIS_SOFR_5Y;0.001421;0.001639
2014-11-28;USD_OIS_SOFR_5Y;0.001424;0.001636
2014-12-01;USD_OIS_SOFR_5Y;0.001427;0.001633
2014-12-02;USD_OIS_SOFR_5Y;0.00143;0.00163
2014-12-03;USD_OIS_SOFR_5Y;0.00143;0.00163
2014-12-04;USD_OIS_SOFR_5Y;0.00143;0.00163
2014-12-05;USD_OIS_SOFR_5Y;0.00143;0.00163
2014-12-08;USD_OIS_SOFR_5Y;0.00143;0.00163
2014-12-09;USD_OIS_SOFR_5Y;0.00143;0.00163
2014-12-10;USD_OIS_SOFR_5Y;0.001546;0.001914
2014-12-11;USD_OIS_SOFR_5Y;0.001552;0.001908
2014-12-12;USD_OIS_SOFR_5Y;0.001557;0.001903
2014-12-15;USD_OIS_SOFR_5Y;0.001562;0.001898
2014-12-16;USD_OIS_SOFR_5Y;0.001568;0.001892
2014-12-17;USD_OIS_SOFR_5Y;0.001572;0.001888
2014-12-18;USD_OIS_SOFR_5Y;0.001577;0.001883
2014-12-19;USD_OIS_SOFR_5Y;0.001582;0.001878
2014-12-22;USD_OIS_SOFR_5Y;0.001586;0.001874
2014-12-23;USD_OIS_SOFR_5Y;0.001591;0.001869
2014-12-24;USD_OIS_SOFR_5Y;0.001672;0.001988
2014-12-26;USD_OIS_SOFR_5Y;0.001677;0.001983
2014-12-29;USD_OIS_SOFR_5Y;0.001681;0.001979
2014-12-30;USD_OIS_SOFR_5Y;0.001686;0.001974
2014-12-31;USD_OIS_SOFR_5Y;0.001568;0.001892
2015-01-02;USD_OIS_SOFR_5Y;0.001573;0.001887
2015-01-05;USD_OIS_SOFR_5Y;0.001578;0.001882
2015-01-06;USD_OIS_SOFR_5Y;0.001582;0.001878
2015-01-07;USD_OIS_SOFR_5Y;0.001465;0.001795
2015-01-08;USD_OIS_SOFR_5Y;0.00147;0.00179
2015-01-09;USD_OIS_SOFR_5Y;0.001475;0.001785
2015-01-12;USD_OIS_SOFR_5Y;0.00148;0.00178
2015-01-13;USD_OIS_SOFR_5Y;0.001484;0.001776
2015-01-14;USD_OIS_SOFR_5Y;0.001566;0.001894
2015-01-15;USD_OIS_SOFR_5Y;0.001571;0.001889
2015-01-16;USD_OIS_SOFR_5Y;0.001576;0.001884
2015-01-20;USD_OIS_SOFR_5Y;0.001581;0.001879
2015-01-21;USD_OIS_SOFR_5Y;0.001664;0.001996
2015-01-22;USD_OIS_SOFR_5Y;0.001669;0.001991
2015-01-23;USD_OIS_SOFR_5Y;0.001674;0.001986
2015-01-26;USD_OIS_SOFR_5Y;0.001679;0.001981
2015-01-27;USD_OIS_SOFR_5Y;0.001683;0.001977
2015-01-28;USD_OIS_SOFR_5Y;0.001566;0.001894
2015-01-29;USD_OIS_SOFR_5Y;0.001571;0.001889
2015-01-30;USD_OIS_SOFR_5Y;0.001575;0.001885
2015-02-02;USD_OIS_SOFR_5Y;0.00158;0.00188
2015-02-03;USD_OIS_SOFR_5Y;0.001585;0.001875
2015-02-04;USD_OIS_SOFR_5Y;0.001146;0.001714
2015-02-05;USD_OIS_SOFR_5Y;0.001155;0.001705
2015-02-06;USD_OIS_SOFR_5Y;0.001163;0.001697
2015-02-09;USD_OIS_SOFR_5Y;0.001171;0.001689
2015-02-10;USD_OIS_SOFR_5Y;0.001179;0.001681
2015-02-11;USD_OIS_SOFR_5Y;0.001384;0.002076
2015-02-12;USD_OIS_SOFR_5Y;0.001394;0.002066
2015-02-13;USD_OIS_SOFR_5Y;0.001405;0.002055
2015-02-17;USD_OIS_SOFR_5Y;0.001414;0.002046
2015-02-18;USD_OIS_SOFR_5Y;0.001424;0.002036
2015-02-19;USD_OIS_SOFR_5Y;0.001433;0.002027
2015-02-20;USD_OIS_SOFR_5Y;0.001442;0.002018
2015-02-23;USD_OIS_SOFR_5Y;0.001451;0.002009
2015-02-24;USD_OIS_SOFR_5Y;0.00146;0.002
2015-02-25;USD_OIS_SOFR_5Y;0.001468;0.001992
2015-02-26;USD_OIS_SOFR_5Y;0.001476;0.001984
2015-02-27;USD_OIS_SOFR_5Y;0.001484;0.001976
2015-03-02;USD_OIS_SOFR_5Y;0.001491;0.001969
2015-03-03;USD_OIS_SOFR_5Y;0.001498;0.001962
2015-03-04;USD_OIS_SOFR_5Y;0.001097;0.001763
2015-03-05;USD_OIS_SOFR_5Y;0.001107;0.001753
2015-03-06;USD_OIS_SOFR_5Y;0.001117;0.001743
2015-03-09;USD_OIS_SOFR_5Y;0.001126;0.001734
2015-03-10;USD_OIS_SOFR_5Y;0.001135;0.001725
2015-03-11;USD_OIS_SOFR_5Y;0.001353;0.002107
2015-03-12;USD_OIS_SOFR_5Y;0.001364;0.002096
2015-03-13;USD_OIS_SOFR_5Y;0.001375;0.002085
2015-03-16;USD_OIS_SOFR_5Y;0.001386;0.002074
2015-03-17;USD_OIS_SOFR_5Y;0.001397;0.002063
2015-03-18;USD_OIS_SOFR_5Y;0.001297;0.001963
2015-03-19;USD_OIS_SOFR_5Y;0.001307;0.001953
2015-03-20;USD_OIS_SOFR_5Y;0.001317;0.001943
2015-03-23;USD_OIS_SOFR_5Y;0.001326;0.001934
2015-03-24;USD_OIS_SOFR_5Y;0.001335;0.001925
2015-03-25;USD_OIS_SOFR_5Y;0.001433;0.002027
2015-03-26;USD_OIS_SOFR_5Y;0.001442;0.002018
2015-03-27;USD_OIS_SOFR_5Y;0.001451;0.002009
2015-03-30;USD_OIS_SOFR_5Y;0.001459;0.002001
2015-03-31;USD_OIS_SOFR_5Y;0.001467;0.001993
2015-04-01;USD_OIS_SOFR_5Y;0.001362;0.001898
2015-04-02;USD_OIS_SOFR_5Y;0.001371;0.001889
2015-04-03;USD_OIS_SOFR_5Y;0.001378;0.001882
2015-04-06;USD_OIS_SOFR_5Y;0.001386;0.001874
2015-04-07;USD_OIS_SOFR_5Y;0.001394;0.001866
2015-04-08;USD_OIS_SOFR_5Y;0.001486;0.001974
2015-04-09;USD_OIS_SOFR_5Y;0.001494;0.001966
2015-04-10;USD_OIS_SOFR_5Y;0.001501;0.001959
2015-04-13;USD_OIS_SOFR_5Y;0.001508;0.001952
2015-04-14;USD_OIS_SOFR_5Y;0.001515;0.001945
2015-04-15;USD_OIS_SOFR_5Y;0.001521;0.001939
2015-04-16;USD_OIS_SOFR_5Y;0.001528;0.001932
2015-04-17;USD_OIS_SOFR_5Y;0.001534;0.001926
2015-04-20;USD_OIS_SOFR_5Y;0.00154;0.00192
2015-04-21;USD_OIS_SOFR_5Y;0.001546;0.001914
2015-04-22;USD_OIS_SOFR_5Y;0.001633;0.002027
2015-04-23;USD_OIS_SOFR_5Y;0.001639;0.002021
2015-04-24;USD_OIS_SOFR_5Y;0.001645;0.002015
2015-04-27;USD_OIS_SOFR_5Y;0.001651;0.002009
2015-04-28;USD_OIS_SOFR_5Y;0.001656;0.002004
2015-04-29;USD_OIS_SOFR_5Y;0.001661;0.001999
2015-04-30;USD_OIS_SOFR_5Y;0.001667;0.001993
2015-05-01;USD_OIS_SOFR_5Y;0.001672;0.001988
2015-05-04;USD_OIS_SOFR_5Y;0.001676;0.001984
2015-05-05;USD_OIS_SOFR_5Y;0.001681;0.001979
2015-05-06;USD_OIS_SOFR_5Y;0.001564;0.001896
2015-05-07;USD_OIS_SOFR_5Y;0.001569;0.001891
2015-05-08;USD_OIS_SOFR_5Y;0.001574;0.001886
2015-05-11;USD_OIS_SOFR_5Y;0.001579;0.001881
2015-05-12;USD_OIS_SOFR_5Y;0.001583;0.001877
2015-05-13;USD_OIS_SOFR_5Y;0.001666;0.001994
2015-05-14;USD_OIS_SOFR_5Y;0.001671;0.001989
2015-05-15;USD_OIS_SOFR_5Y;0.001676;0.001984
2015-05-18;USD_OIS_SOFR_5Y;0.00168;0.00198
2015-05-19;USD_OIS_SOFR_5Y;0.001685;0.001975
2015-05-20;USD_OIS_SOFR_5Y;0.001689;0.001971
2015-05-21;USD_OIS_SOFR_5Y;0.001694;0.001966
2015-05-22;USD_OIS_SOFR_5Y;0.001698;0.001962
2015-05-26;USD_OIS_SOFR_5Y;0.001702;0.001958
2015-05-27;USD_OIS_SOFR_5Y;0.001706;0.001954
2015-05-28;USD_OIS_SOFR_5Y;0.001709;0.001951
2015-05-29;USD_OIS_SOFR_5Y;0.001713;0.001947
2015-06-01;USD_OIS_SOFR_5Y;0.001717;0.001943
2015-06-02;USD_OIS_SOFR_5Y;0.00172;0.00194
2015-06-03;USD_OIS_SOFR_5Y;0.001261;0.001799
2015-06-04;USD_OIS_SOFR_5Y;0.00127;0.00179
2015-06-05;USD_OIS_SOFR_5Y;0.001278;0.001782
2015-06-08;USD_OIS_SOFR_5Y;0.001285;0.001775
2015-06-09;USD_OIS_SOFR_5Y;0.001293;0.001767
2015-06-10;USD_OIS_SOFR_5Y;0.001493;0.002167
2015-06-11;USD_OIS_SOFR_5Y;0.001503;0.002157
2015-06-12;USD_OIS_SOFR_5Y;0.001513;0.002147
2015-06-15;USD_OIS_SOFR_5Y;0.001523;0.002137
2015-06-16;USD_OIS_SOFR_5Y;0.001532;0.002128
2015-06-17;USD_OIS_SOFR_5Y;0.001541;0.002119
2015-06-18;USD_OIS_SOFR_5Y;0.00155;0.00211
2015-06-19;USD_OIS_SOFR_5Y;0.001559;0.002101
2015-06-22;USD_OIS_SOFR_5Y;0.001567;0.002093
2015-06-23;USD_OIS_SOFR_5Y;0.001575;0.002085
2015-06-24;USD_OIS_SOFR_5Y;0.001583;0.002077
2015-06-25;USD_OIS_SOFR_5Y;0.00159;0.00207
2015-06-26;USD_OIS_SOFR_5Y;0.001597;0.002063
2015-06-29;USD_OIS_SOFR_5Y;0.001604;0.002056
2015-06-30;USD_OIS_SOFR_5Y;0.001611;0.002049
2015-07-01;USD_OIS_SOFR_5Y;0.001503;0.001957
2015-07-02;USD_OIS_SOFR_5Y;0.00151;0.00195
2015-07-06;USD_OIS_SOFR_5Y;0.001516;0.001944
2015-07-07;USD_OIS_SOFR_5Y;0.001523;0.001937
2015-07-08;USD_OIS_SOFR_5Y;0.001613;0.002047
2015-07-09;USD_OIS_SOFR_5Y;0.00162;0.00204
2015-07-10;USD_OIS_SOFR_5Y;0.001626;0.002034
2015-07-13;USD_OIS_SOFR_5Y;0.001632;0.002028
2015-07-14;USD_OIS_SOFR_5Y;0.001638;0.002022
2015-07-15;USD_OIS_SOFR_5Y;0.001644;0.002016
2015-07-16;USD_OIS_SOFR_5Y;0.00165;0.00201
2015-07-17;USD_OIS_SOFR_5Y;0.001655;0.002005
2015-07-20;USD_OIS_SOFR_5Y;0.001661;0.001999
2015-07-21;USD_OIS_SOFR_5Y;0.001666;0.001994
2015-07-22;USD_OIS_SOFR_5Y;0.001671;0.001989
2015-07-23;USD_OIS_SOFR_5Y;0.001676;0.001984
2015-07-24;USD_OIS_SOFR_5Y;0.00168;0.00198
2015-07-27;USD_OIS_SOFR_5Y;0.001685;0.001975
2015-07-28;USD_OIS_SOFR_5Y;0.001689;0.001971
2015-07-29;USD_OIS_SOFR_5Y;0.001694;0.001966
2015-07-30;USD_OIS_SOFR_5Y;0.001698;0.001962
2015-07-31;USD_OIS_SOFR_5Y;0.001702;0.001958
2015-08-03;USD_OIS_SOFR_5Y;0.001706;0.001954
2015-08-04;USD_OIS_SOFR_5Y;0.001709;0.001951
2015-08-05;USD_OIS_SOFR_5Y;0.001428;0.001832
2015-08-06;USD_OIS_SOFR_5Y;0.001434;0.001826
2015-08-07;USD_OIS_SOFR_5Y;0.00144;0.00182
2015-08-10;USD_OIS_SOFR_5Y;0.001446;0.001814
2015-08-11;USD_OIS_SOFR_5Y;0.001452;0.001808
2015-08-12;USD_OIS_SOFR_5Y;0.001629;0.002231
2015-08-13;USD_OIS_SOFR_5Y;0.001638;0.002222
2015-08-14;USD_OIS_SOFR_5Y;0.001647;0.002213
2015-08-17;USD_OIS_SOFR_5Y;0.001656;0.002204
2015-08-18;USD_OIS_SOFR_5Y;0.001664;0.002196
2015-08-19;USD_OIS_SOFR_5Y;0.001759;0.002301
2015-08-20;USD_OIS_SOFR_5Y;0.001768;0.002292
2015-08-21;USD_OIS_SOFR_5Y;0.001776;0.002284
2015-08-24;USD_OIS_SOFR_5Y;0.001783;0.002277
2015-08-25;USD_OIS_SOFR_5Y;0.001791;0.002269
2015-08-26;USD_OIS_SOFR_5Y;0.001798;0.002262
2015-08-27;USD_OIS_SOFR_5Y;0.001805;0.002255
2015-08-28;USD_OIS_SOFR_5Y;0.001812;0.002248
2015-08-31;USD_OIS_SOFR_5Y;0.001819;0.002241
2015-09-01;USD_OIS_SOFR_5Y;0.001825;0.002235
2015-09-02;USD_OIS_SOFR_5Y;0.001572;0.002088
2015-09-03;USD_OIS_SOFR_5Y;0.00158;0.00208
2015-09-04;USD_OIS_SOFR_5Y;0.001588;0.002072
2015-09-08;USD_OIS_SOFR_5Y;0.001595;0.002065
2015-09-09;USD_OIS_SOFR_5Y;0.001688;0.002172
2015-09-10;USD_OIS_SOFR_5Y;0.001695;0.002165
2015-09-11;USD_OIS_SOFR_5Y;0.001702;0.002158
2015-09-14;USD_OIS_SOFR_5Y;0.001709;0.002151
2015-09-15;USD_OIS_SOFR_5Y;0.001716;0.002144
2015-09-16;USD_OIS_SOFR_5Y;0.001723;0.002137
2015-09-17;USD_OIS_SOFR_5Y;0.001729;0.002131
2015-09-18;USD_OIS_SOFR_5Y;0.001735;0.002125
2015-09-21;USD_OIS_SOFR_5Y;0.001741;0.002119
2015-09-22;USD_OIS_SOFR_5Y;0.001747;0.002113
2015-09-23;USD_OIS_SOFR_5Y;0.001752;0.002108
2015-09-24;USD_OIS_SOFR_5Y;0.001758;0.002102
2015-09-25;USD_OIS_SOFR_5Y;0.001763;0.002097
2015-09-28;USD_OIS_SOFR_5Y;0.001768;0.002092
2015-09-29;USD_OIS_SOFR_5Y;0.001773;0.002087
2015-09-30;USD_OIS_SOFR_5Y;0.001506;0.001954
2015-10-01;USD_OIS_SOFR_5Y;0.001513;0.001947
2015-10-02;USD_OIS_SOFR_5Y;0.001519;0.001941
2015-10-05;USD_OIS_SOFR_5Y;0.001526;0.001934
2015-10-06;USD_OIS_SOFR_5Y;0.001532;0.001928
2015-10-07;USD_OIS_SOFR_5Y;0.001621;0.002039
2015-10-08;USD_OIS_SOFR_5Y;0.001628;0.002032
2015-10-09;USD_OIS_SOFR_5Y;0.001634;0.002026
2015-10-13;USD_OIS_SOFR_5Y;0.00164;0.00202
2015-10-14;USD_OIS_SOFR_5Y;0.001646;0.002014
2015-10-15;USD_OIS_SOFR_5Y;0.001651;0.002009
2015-10-16;USD_OIS_SOFR_5Y;0.001657;0.002003
2015-10-19;USD_OIS_SOFR_5Y;0.001662;0.001998
2015-10-20;USD_OIS_SOFR_5Y;0.001667;0.001993
2015-10-21;USD_OIS_SOFR_5Y;0.001672;0.001988
2015-10-22;USD_OIS_SOFR_5Y;0.001677;0.001983
2015-10-23;USD_OIS_SOFR_5Y;0.001681;0.001979
2015-10-26;USD_OIS_SOFR_5Y;0.001686;0.001974
2015-10-27;USD_OIS_SOFR_5Y;0.00169;0.00197
2015-10-28;USD_OIS_SOFR_5Y;0.001572;0.001888
2015-10-29;USD_OIS_SOFR_5Y;0.001576;0.001884
2015-10-30;USD_OIS_SOFR_5Y;0.001581;0.001879
2015-11-02;USD_OIS_SOFR_5Y;0.001586;0.001874
2015-11-03;USD_OIS_SOFR_5Y;0.00159;0.00187
2015-11-04;USD_OIS_SOFR_5Y;0.001317;0.001743
2015-11-05;USD_OIS_SOFR_5Y;0.001323;0.001737
2015-11-06;USD_OIS_SOFR_5Y;0.00133;0.00173
2015-11-09;USD_OIS_SOFR_5Y;0.001336;0.001724
2015-11-10;USD_OIS_SOFR_5Y;0.001342;0.001718
2015-11-12;USD_OIS_SOFR_5Y;0.001484;0.001976
2015-11-13;USD_OIS_SOFR_5Y;0.001492;0.001968
2015-11-16;USD_OIS_SOFR_5Y;0.001499;0.001961
2015-11-17;USD_OIS_SOFR_5Y;0.001506;0.001954
2015-11-18;USD_OIS_SOFR_5Y;0.001513;0.001947
2015-11-19;USD_OIS_SOFR_5Y;0.00152;0.00194
2015-11-20;USD_OIS_SOFR_5Y;0.001526;0.001934
2015-11-23;USD_OIS_SOFR_5Y;0.001532;0.001928
2015-11-24;USD_OIS_SOFR_5Y;0.001538;0.001922
2015-11-25;USD_OIS_SOFR_5Y;0.001544;0.001916
2015-11-27;USD_OIS_SOFR_5Y;0.00155;0.00191
2015-11-30;USD_OIS_SOFR_5Y;0.001555;0.001905
2015-12-01;USD_OIS_SOFR_5Y;0.001561;0.001899
2015-12-02;USD_OIS_SOFR_5Y;0.001566;0.001894
2015-12-03;USD_OIS_SOFR_5Y;0.001571;0.001889
2015-12-04;USD_OIS_SOFR_5Y;0.001576;0.001884
2015-12-07;USD_OIS_SOFR_5Y;0.00158;0.00188
2015-12-08;USD_OIS_SOFR_5Y;0.001585;0.001875
2015-12-09;USD_OIS_SOFR_5Y;0.001667;0.001993
2015-12-10;USD_OIS_SOFR_5Y;0.001672;0.001988
2015-12-11;USD_OIS_SOFR_5Y;0.001677;0.001983
2015-12-14;USD_OIS_SOFR_5Y;0.001681;0.001979
2015-12-15;USD_OIS_SOFR_5Y;0.001686;0.001974
2015-12-16;USD_OIS_SOFR_5Y;0.001768;0.002092
2015-12-17;USD_OIS_SOFR_5Y;0.001773;0.002087
2015-12-18;USD_OIS_SOFR_5Y;0.001778;0.002082
2015-12-21;USD_OIS_SOFR_5Y;0.001782;0.002078
2015-12-22;USD_OIS_SOFR_5Y;0.001787;0.002073
2015-12-23;USD_OIS_SOFR_5Y;0.002335;0.006125
2015-12-24;USD_OIS_SOFR_5Y;0.002393;0.006067
2015-12-28;USD_OIS_SOFR_5Y;0.002449;0.006011
2015-12-29;USD_OIS_SOFR_5Y;0.002503;0.005957
2015-12-30;USD_OIS_SOFR_5Y;0.002454;0.005806
2015-12-31;USD_OIS_SOFR_5Y;0.002505;0.005755
2016-01-04;USD_OIS_SOFR_5Y;0.002554;0.005706
2016-01-05;USD_OIS_SOFR_5Y;0.002602;0.005658
2016-01-06;USD_OIS_SOFR_5Y;0.001575;0.004885
2016-01-07;USD_OIS_SOFR_5Y;0.001625;0.004835
2016-01-08;USD_OIS_SOFR_5Y;0.001674;0.004786
2016-01-11;USD_OIS_SOFR_5Y;0.001721;0.004739
2016-01-12;USD_OIS_SOFR_5Y;0.001767;0.004693
2016-01-13;USD_OIS_SOFR_5Y;0.002531;0.005729
2016-01-14;USD_OIS_SOFR_5Y;0.002579;0.005681
2016-01-15;USD_OIS_SOFR_5Y;0.002627;0.005633
2016-01-19;USD_OIS_SOFR_5Y;0.002672;0.005588
2016-01-20;USD_OIS_SOFR_5Y;0.002717;0.005543
2016-01-21;USD_OIS_SOFR_5Y;0.00276;0.0055
2016-01-22;USD_OIS_SOFR_5Y;0.002802;0.005458
2016-01-25;USD_OIS_SOFR_5Y;0.002842;0.005418
2016-01-26;USD_OIS_SOFR_5Y;0.002881;0.005379
2016-01-27;USD_OIS_SOFR_5Y;0.003108;0.005552
2016-01-28;USD_OIS_SOFR_5Y;0.003145;0.005515
2016-01-29;USD_OIS_SOFR_5Y;0.003182;0.005478
2016-02-01;USD_OIS_SOFR_5Y;0.003217;0.005443
2016-02-02;USD_OIS_SOFR_5Y;0.00325;0.00541
2016-02-03;USD_OIS_SOFR_5Y;0.002833;0.005027
2016-02-04;USD_OIS_SOFR_5Y;0.002866;0.004994
2016-02-05;USD_OIS_SOFR_5Y;0.002899;0.004961
2016-02-08;USD_OIS_SOFR_5Y;0.00293;0.00493
2016-02-09;USD_OIS_SOFR_5Y;0.002961;0.004899
2016-02-10;USD_OIS_SOFR_5Y;0.003334;0.005326
2016-02-11;USD_OIS_SOFR_5Y;0.003365;0.005295
2016-02-12;USD_OIS_SOFR_5Y;0.003394;0.005266
2016-02-16;USD_OIS_SOFR_5Y;0.003423;0.005237
2016-02-17;USD_OIS_SOFR_5Y;0.00345;0.00521
2016-02-18;USD_OIS_SOFR_5Y;0.003477;0.005183
2016-02-19;USD_OIS_SOFR_5Y;0.003503;0.005157
2016-02-22;USD_OIS_SOFR_5Y;0.003528;0.005132
2016-02-23;USD_OIS_SOFR_5Y;0.003553;0.005107
2016-02-24;USD_OIS_SOFR_5Y;0.003576;0.005084
2016-02-25;USD_OIS_SOFR_5Y;0.003599;0.005061
2016-02-26;USD_OIS_SOFR_5Y;0.003622;0.005038
2016-02-29;USD_OIS_SOFR_5Y;0.003643;0.005017
2016-03-01;USD_OIS_SOFR_5Y;0.003664;0.004996
2016-03-02;USD_OIS_SOFR_5Y;0.003464;0.004796
2016-03-03;USD_OIS_SOFR_5Y;0.003484;0.004776
2016-03-04;USD_OIS_SOFR_5Y;0.003504;0.004756
2016-03-07;USD_OIS_SOFR_5Y;0.003523;0.004737
2016-03-08;USD_OIS_SOFR_5Y;0.003541;0.004719
2016-03-09;USD_OIS_SOFR_5Y;0.003559;0.004701
2016-03-10;USD_OIS_SOFR_5Y;0.003577;0.004683
2016-03-11;USD_OIS_SOFR_5Y;0.003594;0.004666
2016-03-14;USD_OIS_SOFR_5Y;0.00361;0.00465
2016-03-15;USD_OIS_SOFR_5Y;0.003626;0.004634
2016-03-16;USD_OIS_SOFR_5Y;0.003641;0.004619
2016-03-17;USD_OIS_SOFR_5Y;0.003656;0.004604
2016-03-18;USD_OIS_SOFR_5Y;0.00367;0.00459
2016-03-21;USD_OIS_SOFR_5Y;0.003684;0.004576
2016-03-22;USD_OIS_SOFR_5Y;0.003698;0.004562
2016-03-23;USD_OIS_SOFR_5Y;0.003803;0.004657
2016-03-24;USD_OIS_SOFR_5Y;0.003816;0.004644
2016-03-28;USD_OIS_SOFR_5Y;0.003829;0.004631
2016-03-29;USD_OIS_SOFR_5Y;0.003841;0.004619
2016-03-30;USD_OIS_SOFR_5Y;0.003853;0.004607
2016-03-31;USD_OIS_SOFR_5Y;0.003864;0.004596
2016-04-01;USD_OIS_SOFR_5Y;0.003875;0.004585
2016-04-04;USD_OIS_SOFR_5Y;0.003886;0.004574
2016-04-05;USD_OIS_SOFR_5Y;0.003897;0.004563
2016-04-06;USD_OIS_SOFR_5Y;0.003668;0.004392
2016-04-07;USD_OIS_SOFR_5Y;0.003679;0.004381
2016-04-08;USD_OIS_SOFR_5Y;0.003689;0.004371
2016-04-11;USD_OIS_SOFR_5Y;0.0037;0.00436
2016-04-12;USD_OIS_SOFR_5Y;0.00371;0.00435
2016-04-13;USD_OIS_SOFR_5Y;0.003879;0.004581
2016-04-14;USD_OIS_SOFR_5Y;0.003889;0.004571
2016-04-15;USD_OIS_SOFR_5Y;0.0039;0.00456
2016-04-18;USD_OIS_SOFR_5Y;0.00391;0.00455
2016-04-19;USD_OIS_SOFR_5Y;0.00392;0.00454
2016-04-20;USD_OIS_SOFR_5Y;0.003929;0.004531
2016-04-21;USD_OIS_SOFR_5Y;0.003938;0.004522
2016-04-22;USD_OIS_SOFR_5Y;0.003947;0.004513
2016-04-25;USD_OIS_SOFR_5Y;0.003956;0.004504
2016-04-26;USD_OIS_SOFR_5Y;0.003964;0.004496
2016-04-27;USD_OIS_SOFR_5Y;0.003972;0.004488
2016-04-28;USD_OIS_SOFR_5Y;0.00398;0.00448
2016-04-29;USD_OIS_SOFR_5Y;0.003988;0.004472
2016-05-02;USD_OIS_SOFR_5Y;0.003995;0.004465
2016-05-03;USD_OIS_SOFR_5Y;0.004002;0.004458
2016-05-04;USD_OIS_SOFR_5Y;0.003599;0.004261
2016-05-05;USD_OIS_SOFR_5Y;0.003609;0.004251
2016-05-06;USD_OIS_SOFR_5Y;0.003619;0.004241
2016-05-09;USD_OIS_SOFR_5Y;0.003628;0.004232
2016-05-10;USD_OIS_SOFR_5Y;0.003638;0.004222
2016-05-11;USD_OIS_SOFR_5Y;0.003854;0.004606
2016-05-12;USD_OIS_SOFR_5Y;0.003866;0.004594
2016-05-13;USD_OIS_SOFR_5Y;0.003877;0.004583
2016-05-16;USD_OIS_SOFR_5Y;0.003888;0.004572
2016-05-17;USD_OIS_SOFR_5Y;0.003898;0.004562
2016-05-18;USD_OIS_SOFR_5Y;0.003908;0.004552
2016-05-19;USD_OIS_SOFR_5Y;0.003918;0.004542
2016-05-20;USD_OIS_SOFR_5Y;0.003927;0.004533
2016-05-23;USD_OIS_SOFR_5Y;0.003937;0.004523
2016-05-24;USD_OIS_SOFR_5Y;0.003946;0.004514
2016-05-25;USD_OIS_SOFR_5Y;0.003954;0.004506
2016-05-26;USD_OIS_SOFR_5Y;0.003963;0.004497
2016-05-27;USD_OIS_SOFR_5Y;0.003971;0.004489
2016-05-31;USD_OIS_SOFR_5Y;0.003979;0.004481
2016-06-01;USD_OIS_SOFR_5Y;0.003873;0.004387
2016-06-02;USD_OIS_SOFR_5Y;0.003881;0.004379
2016-06-03;USD_OIS_SOFR_5Y;0.003888;0.004372
2016-06-06;USD_OIS_SOFR_5Y;0.003896;0.004364
2016-06-07;USD_OIS_SOFR_5Y;0.003903;0.004357
2016-06-08;USD_OIS_SOFR_5Y;0.003995;0.004465
2016-06-09;USD_OIS_SOFR_5Y;0.004002;0.004458
2016-06-10;USD_OIS_SOFR_5Y;0.004009;0.004451
2016-06-13;USD_OIS_SOFR_5Y;0.004016;0.004444
2016-06-14;USD_OIS_SOFR_5Y;0.004022;0.004438
2016-06-15;USD_OIS_SOFR_5Y;0.004029;0.004431
2016-06-16;USD_OIS_SOFR_5Y;0.004035;0.004425
2016-06-17;USD_OIS_SOFR_5Y;0.004041;0.004419
2016-06-20;USD_OIS_SOFR_5Y;0.004046;0.004414
2016-06-21;USD_OIS_SOFR_5Y;0.004052;0.004408
2016-06-22;USD_OIS_SOFR_5Y;0.004139;0.004521
2016-06-23;USD_OIS_SOFR_5Y;0.004145;0.004515
2016-06-24;USD_OIS_SOFR_5Y;0.00415;0.00451
2016-06-27;USD_OIS_SOFR_5Y;0.004156;0.004504
2016-06-28;USD_OIS_SOFR_5Y;0.004161;0.004499
2016-06-29;USD_OIS_SOFR_5Y;0.004298;0.004762
2016-06-30;USD_OIS_SOFR_5Y;0.004305;0.004755
2016-07-01;USD_OIS_SOFR_5Y;0.004312;0.004748
2016-07-05;USD_OIS_SOFR_5Y;0.004319;0.004741
2016-07-06;USD_OIS_SOFR_5Y;0.004209;0.004651
2016-07-07;USD_OIS_SOFR_5Y;0.004216;0.004644
2016-07-08;USD_OIS_SOFR_5Y;0.004222;0.004638
2016-07-11;USD_OIS_SOFR_5Y;0.004229;0.004631
2016-07-12;USD_OIS_SOFR_5Y;0.004235;0.004625
2016-07-13;USD_OIS_SOFR_5Y;0.004324;0.004736
2016-07-14;USD_OIS_SOFR_5Y;0.00433;0.00473
2016-07-15;USD_OIS_SOFR_5Y;0.004336;0.004724
2016-07-18;USD_OIS_SOFR_5Y;0.004342;0.004718
2016-07-19;USD_OIS_SOFR_5Y;0.004348;0.004712
2016-07-20;USD_OIS_SOFR_5Y;0.004353;0.004707
2016-07-21;USD_OIS_SOFR_5Y;0.004359;0.004701
2016-07-22;USD_OIS_SOFR_5Y;0.004364;0.004696
2016-07-25;USD_OIS_SOFR_5Y;0.004369;0.004691
2016-07-26;USD_OIS_SOFR_5Y;0.004374;0.004686
2016-07-27;USD_OIS_SOFR_5Y;0.004379;0.004681
2016-07-28;USD_OIS_SOFR_5Y;0.004383;0.004677
2016-07-29;USD_OIS_SOFR_5Y;0.004388;0.004672
2016-08-01;USD_OIS_SOFR_5Y;0.004392;0.004668
2016-08-02;USD_OIS_SOFR_5Y;0.004396;0.004664
2016-08-03;USD_OIS_SOFR_5Y;0.003777;0.004483
2016-08-04;USD_OIS_SOFR_5Y;0.003787;0.004473
2016-08-05;USD_OIS_SOFR_5Y;0.003798;0.004462
2016-08-08;USD_OIS_SOFR_5Y;0.003808;0.004452
2016-08-09;USD_OIS_SOFR_5Y;0.003818;0.004442
2016-08-10;USD_OIS_SOFR_5Y;0.004083;0.004977
2016-08-11;USD_OIS_SOFR_5Y;0.004097;0.004963
2016-08-12;USD_OIS_SOFR_5Y;0.00411;0.00495
2016-08-15;USD_OIS_SOFR_5Y;0.004123;0.004937
2016-08-16;USD_OIS_SOFR_5Y;0.004135;0.004925
2016-08-17;USD_OIS_SOFR_5Y;0.004147;0.004913
2016-08-18;USD_OIS_SOFR_5Y;0.004159;0.004901
2016-08-19;USD_OIS_SOFR_5Y;0.00417;0.00489
2016-08-22;USD_OIS_SOFR_5Y;0.004181;0.004879
2016-08-23;USD_OIS_SOFR_5Y;0.004192;0.004868
2016-08-24;USD_OIS_SOFR_5Y;0.004202;0.004858
2016-08-25;USD_OIS_SOFR_5Y;0.004212;0.004848
2016-08-26;USD_OIS_SOFR_5Y;0.004222;0.004838
2016-08-29;USD_OIS_SOFR_5Y;0.004231;0.004829
2016-08-30;USD_OIS_SOFR_5Y;0.00424;0.00482
2016-08-31;USD_OIS_SOFR_5Y;0.004137;0.004723
2016-09-01;USD_OIS_SOFR_5Y;0.004146;0.004714
2016-09-02;USD_OIS_SOFR_5Y;0.004155;0.004705
2016-09-06;USD_OIS_SOFR_5Y;0.004163;0.004697
2016-09-07;USD_OIS_SOFR_5Y;0.004259;0.004801
2016-09-08;USD_OIS_SOFR_5Y;0.004267;0.004793
2016-09-09;USD_OIS_SOFR_5Y;0.004275;0.004785
2016-09-12;USD_OIS_SOFR_5Y;0.004283;0.004777
2016-09-13;USD_OIS_SOFR_5Y;0.00429;0.00477
2016-09-14;USD_OIS_SOFR_5Y;0.004298;0.004762
2016-09-15;USD_OIS_SOFR_5Y;0.004305;0.004755
2016-09-16;USD_OIS_SOFR_5Y;0.004312;0.004748
2016-09-19;USD_OIS_SOFR_5Y;0.004318;0.004742
2016-09-20;USD_OIS_SOFR_5Y;0.004325;0.004735
2016-09-21;USD_OIS_SOFR_5Y;0.004331;0.004729
2016-09-22;USD_OIS_SOFR_5Y;0.004337;0.004723
2016-09-23;USD_OIS_SOFR_5Y;0.004343;0.004717
2016-09-26;USD_OIS_SOFR_5Y;0.004349;0.004711
2016-09-27;USD_OIS_SOFR_5Y;0.004354;0.004706
2016-09-28;USD_OIS_SOFR_5Y;0.004359;0.004701
2016-09-29;USD_OIS_SOFR_5Y;0.004365;0.004695
2016-09-30;USD_OIS_SOFR_5Y;0.00437;0.00469
2016-10-03;USD_OIS_SOFR_5Y;0.004375;0.004685
2016-10-04;USD_OIS_SOFR_5Y;0.004379;0.004681
2016-10-05;USD_OIS_SOFR_5Y;0.003594;0.004466
2016-10-06;USD_OIS_SOFR_5Y;0.003607;0.004453
2016-10-07;USD_OIS_SOFR_5Y;0.00362;0.00444
2016-10-11;USD_OIS_SOFR_5Y;0.003633;0.004427
2016-10-12;USD_OIS_SOFR_5Y;0.003967;0.005093
2016-10-13;USD_OIS_SOFR_5Y;0.003984;0.005076
2016-10-14;USD_OIS_SOFR_5Y;0.004001;0.005059
2016-10-17;USD_OIS_SOFR_5Y;0.004017;0.005043
2016-10-18;USD_OIS_SOFR_5Y;0.004032;0.005028
2016-10-19;USD_OIS_SOFR_5Y;0.004141;0.005119
2016-10-20;USD_OIS_SOFR_5Y;0.004155;0.005105
2016-10-21;USD_OIS_SOFR_5Y;0.00417;0.00509
2016-10-24;USD_OIS_SOFR_5Y;0.004184;0.005076
2016-10-25;USD_OIS_SOFR_5Y;0.004198;0.005062
2016-10-26;USD_OIS_SOFR_5Y;0.004211;0.005049
2016-10-27;USD_OIS_SOFR_5Y;0.004223;0.005037
2016-10-28;USD_OIS_SOFR_5Y;0.004236;0.005024
2016-10-31;USD_OIS_SOFR_5Y;0.004248;0.005012
2016-11-01;USD_OIS_SOFR_5Y;0.00426;0.005
2016-11-02;USD_OIS_SOFR_5Y;0.004162;0.004898
2016-11-03;USD_OIS_SOFR_5Y;0.004173;0.004887
2016-11-04;USD_OIS_SOFR_5Y;0.004184;0.004876
2016-11-07;USD_OIS_SOFR_5Y;0.004194;0.004866
2016-11-08;USD_OIS_SOFR_5Y;0.004204;0.004856
2016-11-09;USD_OIS_SOFR_5Y;0.004304;0.004956
2016-11-10;USD_OIS_SOFR_5Y;0.004314;0.004946
2016-11-14;USD_OIS_SOFR_5Y;0.004323;0.004937
2016-11-15;USD_OIS_SOFR_5Y;0.004333;0.004927
2016-11-16;USD_OIS_SOFR_5Y;0.004342;0.004918
2016-11-17;USD_OIS_SOFR_5Y;0.004351;0.004909
2016-11-18;USD_OIS_SOFR_5Y;0.004359;0.004901
2016-11-21;USD_OIS_SOFR_5Y;0.004367;0.004893
2016-11-22;USD_OIS_SOFR_5Y;0.004375;0.004885
2016-11-23;USD_OIS_SOFR_5Y;0.004383;0.004877
2016-11-25;USD_OIS_SOFR_5Y;0.004391;0.004869
2016-11-28;USD_OIS_SOFR_5Y;0.004398;0.004862
2016-11-29;USD_OIS_SOFR_5Y;0.004405;0.004855
2016-11-30;USD_OIS_SOFR_5Y;0.004297;0.004763
2016-12-01;USD_OIS_SOFR_5Y;0.004304;0.004756
2016-12-02;USD_OIS_SOFR_5Y;0.004311;0.004749
2016-12-05;USD_OIS_SOFR_5Y;0.004318;0.004742
2016-12-06;USD_OIS_SOFR_5Y;0.004324;0.004736
2016-12-07;USD_OIS_SOFR_5Y;0.004414;0.004846
2016-12-08;USD_OIS_SOFR_5Y;0.004421;0.004839
2016-12-09;USD_OIS_SOFR_5Y;0.004427;0.004833
2016-12-12;USD_OIS_SOFR_5Y;0.004433;0.004827
2016-12-13;USD_OIS_SOFR_5Y;0.004439;0.004821
2016-12-14;USD_OIS_SOFR_5Y;0.004445;0.004815
2016-12-15;USD_OIS_SOFR_5Y;0.004451;0.004809
2016-12-16;USD_OIS_SOFR_5Y;0.004456;0.004804
2016-12-19;USD_OIS_SOFR_5Y;0.004461;0.004799
2016-12-20;USD_OIS_SOFR_5Y;0.004467;0.004793
2016-12-21;USD_OIS_SOFR_5Y;0.00507;0.00919
2016-12-22;USD_OIS_SOFR_5Y;0.005133;0.009127
2016-12-23;USD_OIS_SOFR_5Y;0.005194;0.009066
2016-12-27;USD_OIS_SOFR_5Y;0.005253;0.009007
2016-12-28;USD_OIS_SOFR_5Y;0.00531;0.00895
2016-12-29;USD_OIS_SOFR_5Y;0.005365;0.008895
2016-12-30;USD_OIS_SOFR_5Y;0.005419;0.008841
2017-01-03;USD_OIS_SOFR_5Y;0.005471;0.008789
2017-01-04;USD_OIS_SOFR_5Y;0.004848;0.008212
2017-01-05;USD_OIS_SOFR_5Y;0.004899;0.008161
2017-01-06;USD_OIS_SOFR_5Y;0.004949;0.008111
2017-01-09;USD_OIS_SOFR_5Y;0.004997;0.008063
2017-01-10;USD_OIS_SOFR_5Y;0.005044;0.008016
2017-01-11;USD_OIS_SOFR_5Y;0.005607;0.008653
2017-01-12;USD_OIS_SOFR_5Y;0.005653;0.008607
2017-01-13;USD_OIS_SOFR_5Y;0.005698;0.008562
2017-01-17;USD_OIS_SOFR_5Y;0.005742;0.008518
2017-01-18;USD_OIS_SOFR_5Y;0.005784;0.008476
2017-01-19;USD_OIS_SOFR_5Y;0.005825;0.008435
2017-01-20;USD_OIS_SOFR_5Y;0.005865;0.008395
2017-01-23;USD_OIS_SOFR_5Y;0.005903;0.008357
2017-01-24;USD_OIS_SOFR_5Y;0.005941;0.008319
2017-01-25;USD_OIS_SOFR_5Y;0.005977;0.008283
2017-01-26;USD_OIS_SOFR_5Y;0.006012;0.008248
2017-01-27;USD_OIS_SOFR_5Y;0.006046;0.008214
2017-01-30;USD_OIS_SOFR_5Y;0.006079;0.008181
2017-01-31;USD_OIS_SOFR_5Y;0.006111;0.008149
2017-02-01;USD_OIS_SOFR_5Y;0.006039;0.008021
2017-02-02;USD_OIS_SOFR_5Y;0.006069;0.007991
2017-02-03;USD_OIS_SOFR_5Y;0.006098;0.007962
2017-02-06;USD_OIS_SOFR_5Y;0.006127;0.007933
2017-02-07;USD_OIS_SOFR_5Y;0.006154;0.007906
2017-02-08;USD_OIS_SOFR_5Y;0.006277;0.007983
2017-02-09;USD_OIS_SOFR_5Y;0.006303;0.007957
2017-02-10;USD_OIS_SOFR_5Y;0.006328;0.007932
2017-02-13;USD_OIS_SOFR_5Y;0.006353;0.007907
2017-02-14;USD_OIS_SOFR_5Y;0.006376;0.007884
2017-02-15;USD_OIS_SOFR_5Y;0.006399;0.007861
2017-02-16;USD_OIS_SOFR_5Y;0.006421;0.007839
2017-02-17;USD_OIS_SOFR_5Y;0.006443;0.007817
2017-02-21;USD_OIS_SOFR_5Y;0.006464;0.007796
2017-02-22;USD_OIS_SOFR_5Y;0.006484;0.007776
2017-02-23;USD_OIS_SOFR_5Y;0.006504;0.007756
2017-02-24;USD_OIS_SOFR_5Y;0.006523;0.007737
2017-02-27;USD_OIS_SOFR_5Y;0.006542;0.007718
2017-02-28;USD_OIS_SOFR_5Y;0.006559;0.007701
2017-03-01;USD_OIS_SOFR_5Y;0.006471;0.007589
2017-03-02;USD_OIS_SOFR_5Y;0.006488;0.007572
2017-03-03;USD_OIS_SOFR_5Y;0.006504;0.007556
2017-03-06;USD_OIS_SOFR_5Y;0.00652;0.00754
2017-03-07;USD_OIS_SOFR_5Y;0.006536;0.007524
2017-03-08;USD_OIS_SOFR_5Y;0.006644;0.007616
2017-03-09;USD_OIS_SOFR_5Y;0.006659;0.007601
2017-03-10;USD_OIS_SOFR_5Y;0.006673;0.007587
2017-03-13;USD_OIS_SOFR_5Y;0.006687;0.007573
2017-03-14;USD_OIS_SOFR_5Y;0.0067;0.00756
2017-03-15;USD_OIS_SOFR_5Y;0.006714;0.007546
2017-03-16;USD_OIS_SOFR_5Y;0.006726;0.007534
2017-03-17;USD_OIS_SOFR_5Y;0.006739;0.007521
2017-03-20;USD_OIS_SOFR_5Y;0.00675;0.00751
2017-03-21;USD_OIS_SOFR_5Y;0.006762;0.007498
2017-03-22;USD_OIS_SOFR_5Y;0.007545;0.011715
2017-03-23;USD_OIS_SOFR_5Y;0.007609;0.011651
2017-03-24;USD_OIS_SOFR_5Y;0.00767;0.01159
2017-03-27;USD_OIS_SOFR_5Y;0.00773;0.01153
2017-03-28;USD_OIS_SOFR_5Y;0.007788;0.011472
2017-03-29;USD_OIS_SOFR_5Y;0.007844;0.011416
2017-03-30;USD_OIS_SOFR_5Y;0.007898;0.011362
2017-03-31;USD_OIS_SOFR_5Y;0.007951;0.011309
2017-04-03;USD_OIS_SOFR_5Y;0.008002;0.011258
2017-04-04;USD_OIS_SOFR_5Y;0.008052;0.011208
2017-04-05;USD_OIS_SOFR_5Y;0.007665;0.010795
2017-04-06;USD_OIS_SOFR_5Y;0.007713;0.010747
2017-04-07;USD_OIS_SOFR_5Y;0.007759;0.010701
2017-04-10;USD_OIS_SOFR_5Y;0.007804;0.010656
2017-04-11;USD_OIS_SOFR_5Y;0.007847;0.010613
2017-04-12;USD_OIS_SOFR_5Y;0.00825;0.01101
2017-04-13;USD_OIS_SOFR_5Y;0.008292;0.010968
2017-04-17;USD_OIS_SOFR_5Y;0.008333;0.010927
2017-04-18;USD_OIS_SOFR_5Y;0.008372;0.010888
2017-04-19;USD_OIS_SOFR_5Y;0.00841;0.01085
2017-04-20;USD_OIS_SOFR_5Y;0.008448;0.010812
2017-04-21;USD_OIS_SOFR_5Y;0.008484;0.010776
2017-04-24;USD_OIS_SOFR_5Y;0.008518;0.010742
2017-04-25;USD_OIS_SOFR_5Y;0.008552;0.010708
2017-04-26;USD_OIS_SOFR_5Y;0.008585;0.010675
2017-04-27;USD_OIS_SOFR_5Y;0.008617;0.010643
2017-04-28;USD_OIS_SOFR_5Y;0.008648;0.010612
2017-05-01;USD_OIS_SOFR_5Y;0.008678;0.010582
2017-05-02;USD_OIS_SOFR_5Y;0.008707;0.010553
2017-05-03;USD_OIS_SOFR_5Y;0.008402;0.010258
2017-05-04;USD_OIS_SOFR_5Y;0.00843;0.01023
2017-05-05;USD_OIS_SOFR_5Y;0.008457;0.010203
2017-05-08;USD_OIS_SOFR_5Y;0.008484;0.010176
2017-05-09;USD_OIS_SOFR_5Y;0.00851;0.01015
2017-05-10;USD_OIS_SOFR_5Y;0.008797;0.010463
2017-05-11;USD_OIS_SOFR_5Y;0.008823;0.010437
2017-05-12;USD_OIS_SOFR_5Y;0.008847;0.010413
2017-05-15;USD_OIS_SOFR_5Y;0.008871;0.010389
2017-05-16;USD_OIS_SOFR_5Y;0.008894;0.010366
2017-05-17;USD_OIS_SOFR_5Y;0.008917;0.010343
2017-05-18;USD_OIS_SOFR_5Y;0.008938;0.010322
2017-05-19;USD_OIS_SOFR_5Y;0.008959;0.010301
2017-05-22;USD_OIS_SOFR_5Y;0.00898;0.01028
2017-05-23;USD_OIS_SOFR_5Y;0.009;0.01026
2017-05-24;USD_OIS_SOFR_5Y;0.009019;0.010241
2017-05-25;USD_OIS_SOFR_5Y;0.009038;0.010222
2017-05-26;USD_OIS_SOFR_5Y;0.009056;0.010204
2017-05-30;USD_OIS_SOFR_5Y;0.009073;0.010187
2017-05-31;USD_OIS_SOFR_5Y;0.008984;0.010076
2017-06-01;USD_OIS_SOFR_5Y;0.009;0.01006
2017-06-02;USD_OIS_SOFR_5Y;0.009017;0.010043
2017-06-05;USD_OIS_SOFR_5Y;0.009032;0.010028
2017-06-06;USD_OIS_SOFR_5Y;0.009047;0.010013
2017-06-07;USD_OIS_SOFR_5Y;0.009155;0.010105
2017-06-08;USD_OIS_SOFR_5Y;0.009169;0.010091
2017-06-09;USD_OIS_SOFR_5Y;0.009183;0.010077
2017-06-12;USD_OIS_SOFR_5Y;0.009197;0.010063
2017-06-13;USD_OIS_SOFR_5Y;0.00921;0.01005
2017-06-14;USD_OIS_SOFR_5Y;0.009223;0.010037
2017-06-15;USD_OIS_SOFR_5Y;0.009235;0.010025
2017-06-16;USD_OIS_SOFR_5Y;0.009247;0.010013
2017-06-19;USD_OIS_SOFR_5Y;0.009259;0.010001
2017-06-20;USD_OIS_SOFR_5Y;0.00927;0.00999
2017-06-21;USD_OIS_SOFR_5Y;0.010047;0.014213
2017-06-22;USD_OIS_SOFR_5Y;0.01011;0.01415
2017-06-23;USD_OIS_SOFR_5Y;0.010172;0.014088
2017-06-26;USD_OIS_SOFR_5Y;0.010231;0.014029
2017-06-27;USD_OIS_SOFR_5Y;0.010289;0.013971
2017-06-28;USD_OIS_SOFR_5Y;0.010345;0.013915
2017-06-29;USD_OIS_SOFR_5Y;0.0104;0.01386
2017-06-30;USD_OIS_SOFR_5Y;0.010452;0.013808
2017-07-03;USD_OIS_SOFR_5Y;0.010503;0.013757
2017-07-05;USD_OIS_SOFR_5Y;0.010119;0.013341
2017-07-06;USD_OIS_SOFR_5Y;0.010168;0.013292
2017-07-07;USD_OIS_SOFR_5Y;0.010216;0.013244
2017-07-10;USD_OIS_SOFR_5Y;0.010262;0.013198
2017-07-11;USD_OIS_SOFR_5Y;0.010307;0.013153
2017-07-12;USD_OIS_SOFR_5Y;0.010711;0.013549
2017-07-13;USD_OIS_SOFR_5Y;0.010755;0.013505
2017-07-14;USD_OIS_SOFR_5Y;0.010797;0.013463
2017-07-17;USD_OIS_SOFR_5Y;0.010837;0.013423
2017-07-18;USD_OIS_SOFR_5Y;0.010877;0.013383
2017-07-19;USD_OIS_SOFR_5Y;0.010915;0.013345
2017-07-20;USD_OIS_SOFR_5Y;0.010952;0.013308
2017-07-21;USD_OIS_SOFR_5Y;0.010988;0.013272
2017-07-24;USD_OIS_SOFR_5Y;0.011022;0.013238
2017-07-25;USD_OIS_SOFR_5Y;0.011056;0.013204
2017-07-26;USD_OIS_SOFR_5Y;0.011089;0.013171
2017-07-27;USD_OIS_SOFR_5Y;0.011121;0.013139
2017-07-28;USD_OIS_SOFR_5Y;0.011151;0.013109
2017-07-31;USD_OIS_SOFR_5Y;0.011181;0.013079
2017-08-01;USD_OIS_SOFR_5Y;0.01121;0.01305
2017-08-02;USD_OIS_SOFR_5Y;0.011134;0.012926
2017-08-03;USD_OIS_SOFR_5Y;0.011162;0.012898
2017-08-04;USD_OIS_SOFR_5Y;0.011188;0.012872
2017-08-07;USD_OIS_SOFR_5Y;0.011214;0.012846
2017-08-08;USD_OIS_SOFR_5Y;0.011239;0.012821
2017-08-09;USD_OIS_SOFR_5Y;0.011358;0.012902
2017-08-10;USD_OIS_SOFR_5Y;0.011382;0.012878
2017-08-11;USD_OIS_SOFR_5Y;0.011405;0.012855
2017-08-14;USD_OIS_SOFR_5Y;0.011427;0.012833
2017-08-15;USD_OIS_SOFR_5Y;0.011448;0.012812
2017-08-16;USD_OIS_SOFR_5Y;0.011469;0.012791
2017-08-17;USD_OIS_SOFR_5Y;0.011489;0.012771
2017-08-18;USD_OIS_SOFR_5Y;0.011509;0.012751
2017-08-21;USD_OIS_SOFR_5Y;0.011527;0.012733
2017-08-22;USD_OIS_SOFR_5Y;0.011546;0.012714
2017-08-23;USD_OIS_SOFR_5Y;0.011564;0.012696
2017-08-24;USD_OIS_SOFR_5Y;0.011581;0.012679
2017-08-25;USD_OIS_SOFR_5Y;0.011598;0.012662
2017-08-28;USD_OIS_SOFR_5Y;0.011614;0.012646
2017-08-29;USD_OIS_SOFR_5Y;0.01163;0.01263
2017-08-30;USD_OIS_SOFR_5Y;0.011645;0.012615
2017-08-31;USD_OIS_SOFR_5Y;0.01166;0.0126
2017-09-01;USD_OIS_SOFR_5Y;0.011674;0.012586
2017-09-05;USD_OIS_SOFR_5Y;0.011688;0.012572
2017-09-06;USD_OIS_SOFR_5Y;0.011593;0.012467
2017-09-07;USD_OIS_SOFR_5Y;0.011607;0.012453
2017-09-08;USD_OIS_SOFR_5Y;0.01162;0.01244
2017-09-11;USD_OIS_SOFR_5Y;0.011632;0.012428
2017-09-12;USD_OIS_SOFR_5Y;0.011644;0.012416
2017-09-13;USD_OIS_SOFR_5Y;0.011747;0.012513
2017-09-14;USD_OIS_SOFR_5Y;0.011759;0.012501
2017-09-15;USD_OIS_SOFR_5Y;0.01177;0.01249
2017-09-18;USD_OIS_SOFR_5Y;0.011781;0.012479
2017-09-19;USD_OIS_SOFR_5Y;0.011792;0.012468
2017-09-20;USD_OIS_SOFR_5Y;0.011802;0.012458
2017-09-21;USD_OIS_SOFR_5Y;0.011812;0.012448
2017-09-22;USD_OIS_SOFR_5Y;0.011822;0.012438
2017-09-25;USD_OIS_SOFR_5Y;0.011831;0.012429
2017-09-26;USD_OIS_SOFR_5Y;0.01184;0.01242
2017-09-27;USD_OIS_SOFR_5Y;0.011849;0.012411
2017-09-28;USD_OIS_SOFR_5Y;0.011858;0.012402
2017-09-29;USD_OIS_SOFR_5Y;0.011866;0.012394
2017-10-02;USD_OIS_SOFR_5Y;0.011874;0.012386
2017-10-03;USD_OIS_SOFR_5Y;0.011882;0.012378
2017-10-04;USD_OIS_SOFR_5Y;0.011323;0.012137
2017-10-05;USD_OIS_SOFR_5Y;0.011335;0.012125
2017-10-06;USD_OIS_SOFR_5Y;0.011347;0.012113
2017-10-10;USD_OIS_SOFR_5Y;0.011359;0.012101
2017-10-11;USD_OIS_SOFR_5Y;0.011643;0.012617
2017-10-12;USD_OIS_SOFR_5Y;0.011657;0.012603
2017-10-13;USD_OIS_SOFR_5Y;0.011672;0.012588
2017-10-16;USD_OIS_SOFR_5Y;0.011686;0.012574
2017-10-17;USD_OIS_SOFR_5Y;0.011699;0.012561
2017-10-18;USD_OIS_SOFR_5Y;0.011712;0.012548
2017-10-19;USD_OIS_SOFR_5Y;0.011725;0.012535
2017-10-20;USD_OIS_SOFR_5Y;0.011738;0.012522
2017-10-23;USD_OIS_SOFR_5Y;0.011749;0.012511
2017-10-24;USD_OIS_SOFR_5Y;0.011761;0.012499
2017-10-25;USD_OIS_SOFR_5Y;0.011772;0.012488
2017-10-26;USD_OIS_SOFR_5Y;0.011783;0.012477
2017-10-27;USD_OIS_SOFR_5Y;0.011794;0.012466
2017-10-30;USD_OIS_SOFR_5Y;0.011804;0.012456
2017-10-31;USD_OIS_SOFR_5Y;0.011814;0.012446
2017-11-01;USD_OIS_SOFR_5Y;0.011713;0.012347
2017-11-02;USD_OIS_SOFR_5Y;0.011722;0.012338
2017-11-03;USD_OIS_SOFR_5Y;0.011732;0.012328
2017-11-06;USD_OIS_SOFR_5Y;0.011741;0.012319
2017-11-07;USD_OIS_SOFR_5Y;0.01175;0.01231
2017-11-08;USD_OIS_SOFR_5Y;0.011846;0.012414
2017-11-09;USD_OIS_SOFR_5Y;0.011855;0.012405
2017-11-10;USD_OIS_SOFR_5Y;0.011863;0.012397
2017-11-13;USD_OIS_SOFR_5Y;0.011871;0.012389
2017-11-14;USD_OIS_SOFR_5Y;0.011879;0.012381
2017-11-15;USD_OIS_SOFR_5Y;0.011887;0.012373
2017-11-16;USD_OIS_SOFR_5Y;0.011894;0.012366
2017-11-17;USD_OIS_SOFR_5Y;0.011901;0.012359
2017-11-20;USD_OIS_SOFR_5Y;0.011908;0.012352
2017-11-21;USD_OIS_SOFR_5Y;0.011915;0.012345
2017-11-22;USD_OIS_SOFR_5Y;0.011922;0.012338
2017-11-24;USD_OIS_SOFR_5Y;0.011928;0.012332
2017-11-27;USD_OIS_SOFR_5Y;0.011934;0.012326
2017-11-28;USD_OIS_SOFR_5Y;0.01194;0.01232
2017-11-29;USD_OIS_SOFR_5Y;0.011946;0.012314
2017-11-30;USD_OIS_SOFR_5Y;0.011951;0.012309
2017-12-01;USD_OIS_SOFR_5Y;0.011957;0.012303
2017-12-04;USD_OIS_SOFR_5Y;0.011962;0.012298
2017-12-05;USD_OIS_SOFR_5Y;0.011967;0.012293
2017-12-06;USD_OIS_SOFR_5Y;0.011852;0.012208
2017-12-07;USD_OIS_SOFR_5Y;0.011858;0.012202
2017-12-08;USD_OIS_SOFR_5Y;0.011863;0.012197
2017-12-11;USD_OIS_SOFR_5Y;0.011868;0.012192
2017-12-12;USD_OIS_SOFR_5Y;0.011873;0.012187
2017-12-13;USD_OIS_SOFR_5Y;0.011957;0.012303
2017-12-14;USD_OIS_SOFR_5Y;0.011962;0.012298
2017-12-15;USD_OIS_SOFR_5Y;0.011967;0.012293
2017-12-18;USD_OIS_SOFR_5Y;0.011972;0.012288
2017-12-19;USD_OIS_SOFR_5Y;0.011977;0.012283
2017-12-20;USD_OIS_SOFR_5Y;0.012571;0.016689
2017-12-21;USD_OIS_SOFR_5Y;0.012633;0.016627
2017-12-22;USD_OIS_SOFR_5Y;0.012694;0.016566
2017-12-26;USD_OIS_SOFR_5Y;0.012753;0.016507
2017-12-27;USD_OIS_SOFR_5Y;0.012909;0.016551
2017-12-28;USD_OIS_SOFR_5Y;0.012964;0.016496
2017-12-29;USD_OIS_SOFR_5Y;0.013018;0.016442
2018-01-02;USD_OIS_SOFR_5Y;0.01307;0.01639
2018-01-03;USD_OIS_SOFR_5Y;0.012569;0.015891
2018-01-04;USD_OIS_SOFR_5Y;0.01262;0.01584
2018-01-05;USD_OIS_SOFR_5Y;0.012669;0.015791
2018-01-08;USD_OIS_SOFR_5Y;0.012716;0.015744
2018-01-09;USD_OIS_SOFR_5Y;0.012762;0.015698
2018-01-10;USD_OIS_SOFR_5Y;0.013249;0.016211
2018-01-11;USD_OIS_SOFR_5Y;0.013294;0.016166
2018-01-12;USD_OIS_SOFR_5Y;0.013338;0.016122
2018-01-16;USD_OIS_SOFR_5Y;0.01338;0.01608
2018-01-17;USD_OIS_SOFR_5Y;0.013421;0.016039
2018-01-18;USD_OIS_SOFR_5Y;0.013461;0.015999
2018-01-19;USD_OIS_SOFR_5Y;0.0135;0.01596
2018-01-22;USD_OIS_SOFR_5Y;0.013537;0.015923
2018-01-23;USD_OIS_SOFR_5Y;0.013574;0.015886
2018-01-24;USD_OIS_SOFR_5Y;0.013609;0.015851
2018-01-25;USD_OIS_SOFR_5Y;0.013643;0.015817
2018-01-26;USD_OIS_SOFR_5Y;0.013676;0.015784
2018-01-29;USD_OIS_SOFR_5Y;0.013708;0.015752
2018-01-30;USD_OIS_SOFR_5Y;0.013739;0.015721
2018-01-31;USD_OIS_SOFR_5Y;0.013666;0.015594
2018-02-01;USD_OIS_SOFR_5Y;0.013695;0.015565
2018-02-02;USD_OIS_SOFR_5Y;0.013724;0.015536
2018-02-05;USD_OIS_SOFR_5Y;0.013751;0.015509
2018-02-06;USD_OIS_SOFR_5Y;0.013778;0.015482
2018-02-07;USD_OIS_SOFR_5Y;0.0139;0.01556
2018-02-08;USD_OIS_SOFR_5Y;0.013925;0.015535
2018-02-09;USD_OIS_SOFR_5Y;0.01395;0.01551
2018-02-12;USD_OIS_SOFR_5Y;0.013974;0.015486
2018-02-13;USD_OIS_SOFR_5Y;0.013997;0.015463
2018-02-14;USD_OIS_SOFR_5Y;0.014019;0.015441
2018-02-15;USD_OIS_SOFR_5Y;0.014041;0.015419
2018-02-16;USD_OIS_SOFR_5Y;0.014062;0.015398
2018-02-20;USD_OIS_SOFR_5Y;0.014082;0.015378
2018-02-21;USD_OIS_SOFR_5Y;0.014102;0.015358
2018-02-22;USD_OIS_SOFR_5Y;0.014121;0.015339
2018-02-23;USD_OIS_SOFR_5Y;0.014139;0.015321
2018-02-26;USD_OIS_SOFR_5Y;0.014157;0.015303
2018-02-27;USD_OIS_SOFR_5Y;0.014175;0.015285
2018-02-28;USD_OIS_SOFR_5Y;0.014086;0.015174
2018-03-01;USD_OIS_SOFR_5Y;0.014102;0.015158
2018-03-02;USD_OIS_SOFR_5Y;0.014118;0.015142
2018-03-05;USD_OIS_SOFR_5Y;0.014134;0.015126
2018-03-06;USD_OIS_SOFR_5Y;0.014149;0.015111
2018-03-07;USD_OIS_SOFR_5Y;0.014256;0.015204
2018-03-08;USD_OIS_SOFR_5Y;0.014271;0.015189
2018-03-09;USD_OIS_SOFR_5Y;0.014285;0.015175
2018-03-12;USD_OIS_SOFR_5Y;0.014298;0.015162
2018-03-13;USD_OIS_SOFR_5Y;0.014312;0.015148
2018-03-14;USD_OIS_SOFR_5Y;0.014324;0.015136
2018-03-15;USD_OIS_SOFR_5Y;0.014337;0.015123
2018-03-16;USD_OIS_SOFR_5Y;0.014349;0.015111
2018-03-19;USD_OIS_SOFR_5Y;0.01436;0.0151
2018-03-20;USD_OIS_SOFR_5Y;0.014372;0.015088
2018-03-21;USD_OIS_SOFR_5Y;0.014473;0.015187
2018-03-22;USD_OIS_SOFR_5Y;0.014484;0.015176
2018-03-23;USD_OIS_SOFR_5Y;0.014494;0.015166
2018-03-26;USD_OIS_SOFR_5Y;0.014505;0.015155
2018-03-27;USD_OIS_SOFR_5Y;0.014514;0.015146
2018-03-28;USD_OIS_SOFR_5Y;0.015253;0.019407
2018-03-29;USD_OIS_SOFR_5Y;0.015317;0.019343
2018-04-02;USD_OIS_SOFR_5Y;0.015378;0.019282
2018-04-03;USD_OIS_SOFR_5Y;0.016246;0.020354
2018-04-04;USD_OIS_SOFR_5Y;0.015276;0.019524
2018-04-05;USD_OIS_SOFR_5Y;0.015439;0.019561
2018-04-06;USD_OIS_SOFR_5Y;0.015502;0.019498
2018-04-09;USD_OIS_SOFR_5Y;0.015563;0.019437
2018-04-10;USD_OIS_SOFR_5Y;0.015622;0.019378
2018-04-11;USD_OIS_SOFR_5Y;0.015777;0.019423
2018-04-12;USD_OIS_SOFR_5Y;0.015516;0.019084
2018-04-13;USD_OIS_SOFR_5Y;0.015468;0.018932
2018-04-16;USD_OIS_SOFR_5Y;0.015971;0.019429
2018-04-17;USD_OIS_SOFR_5Y;0.015922;0.019278
2018-04-18;USD_OIS_SOFR_5Y;0.015871;0.019129
2018-04-19;USD_OIS_SOFR_5Y;0.015712;0.018888
2018-04-20;USD_OIS_SOFR_5Y;0.015658;0.018742
2018-04-23;USD_OIS_SOFR_5Y;0.015496;0.018504
2018-04-24;USD_OIS_SOFR_5Y;0.01564;0.01856
2018-04-25;USD_OIS_SOFR_5Y;0.015684;0.018516
2018-04-26;USD_OIS_SOFR_5Y;0.015825;0.018575
2018-04-27;USD_OIS_SOFR_5Y;0.015867;0.018533
2018-04-30;USD_OIS_SOFR_5Y;0.016344;0.019056
2018-05-01;USD_OIS_SOFR_5Y;0.016282;0.018918
2018-05-02;USD_OIS_SOFR_5Y;0.01622;0.01878
2018-05-03;USD_OIS_SOFR_5Y;0.016156;0.018644
2018-05-04;USD_OIS_SOFR_5Y;0.015983;0.018417
2018-05-07;USD_OIS_SOFR_5Y;0.015917;0.018283
2018-05-08;USD_OIS_SOFR_5Y;0.01605;0.01835
2018-05-09;USD_OIS_SOFR_5Y;0.016085;0.018315
2018-05-10;USD_OIS_SOFR_5Y;0.016216;0.018384
2018-05-11;USD_OIS_SOFR_5Y;0.016249;0.018351
2018-05-14;USD_OIS_SOFR_5Y;0.016468;0.018532
2018-05-15;USD_OIS_SOFR_5Y;0.016847;0.018953
2018-05-16;USD_OIS_SOFR_5Y;0.016427;0.018573
2018-05-17;USD_OIS_SOFR_5Y;0.016357;0.018443
2018-05-18;USD_OIS_SOFR_5Y;0.016285;0.018315
2018-05-21;USD_OIS_SOFR_5Y;0.015863;0.017937
2018-05-22;USD_OIS_SOFR_5Y;0.015442;0.017558
2018-05-23;USD_OIS_SOFR_5Y;0.015661;0.017739
2018-05-24;USD_OIS_SOFR_5Y;0.01624;0.01856
2018-05-25;USD_OIS_SOFR_5Y;0.016173;0.018427
2018-05-29;USD_OIS_SOFR_5Y;0.016104;0.018296
2018-05-30;USD_OIS_SOFR_5Y;0.016137;0.018263
2018-05-31;USD_OIS_SOFR_5Y;0.016832;0.019368
2018-06-01;USD_OIS_SOFR_5Y;0.01687;0.01933
2018-06-04;USD_OIS_SOFR_5Y;0.016805;0.019195
2018-06-05;USD_OIS_SOFR_5Y;0.016271;0.018729
2018-06-06;USD_OIS_SOFR_5Y;0.016097;0.018503
2018-06-07;USD_OIS_SOFR_5Y;0.015922;0.018278
2018-06-08;USD_OIS_SOFR_5Y;0.015746;0.018054
2018-06-11;USD_OIS_SOFR_5Y;0.015781;0.018019
2018-06-12;USD_OIS_SOFR_5Y;0.015603;0.017797
2018-06-13;USD_OIS_SOFR_5Y;0.015987;0.018213
2018-06-14;USD_OIS_SOFR_5Y;0.017102;0.020898
2018-06-15;USD_OIS_SOFR_5Y;0.017258;0.020942
2018-06-18;USD_OIS_SOFR_5Y;0.017212;0.020788
2018-06-19;USD_OIS_SOFR_5Y;0.017059;0.020541
2018-06-20;USD_OIS_SOFR_5Y;0.01701;0.02039
2018-06-21;USD_OIS_SOFR_5Y;0.017062;0.020338
2018-06-22;USD_OIS_SOFR_5Y;0.017559;0.020841
2018-06-25;USD_OIS_SOFR_5Y;0.017507;0.020693
2018-06-26;USD_OIS_SOFR_5Y;0.017453;0.020547
2018-06-27;USD_OIS_SOFR_5Y;0.017501;0.020499
2018-06-28;USD_OIS_SOFR_5Y;0.017826;0.020774
2018-06-29;USD_OIS_SOFR_5Y;0.019083;0.023317
2018-07-02;USD_OIS_SOFR_5Y;0.018245;0.022555
2018-07-03;USD_OIS_SOFR_5Y;0.017885;0.022115
2018-07-05;USD_OIS_SOFR_5Y;0.017635;0.021765
2018-07-06;USD_OIS_SOFR_5Y;0.017271;0.021329
2018-07-09;USD_OIS_SOFR_5Y;0.016905;0.020895
2018-07-10;USD_OIS_SOFR_5Y;0.016966;0.020834
2018-07-11;USD_OIS_SOFR_5Y;0.017025;0.020775
2018-07-12;USD_OIS_SOFR_5Y;0.01718;0.02082
2018-07-13;USD_OIS_SOFR_5Y;0.017236;0.020764
2018-07-16;USD_OIS_SOFR_5Y;0.017741;0.021259
2018-07-17;USD_OIS_SOFR_5Y;0.017477;0.020923
2018-07-18;USD_OIS_SOFR_5Y;0.017321;0.020679
2018-07-19;USD_OIS_SOFR_5Y;0.017372;0.020628
2018-07-20;USD_OIS_SOFR_5Y;0.017213;0.020387
2018-07-23;USD_OIS_SOFR_5Y;0.01716;0.02024
2018-07-24;USD_OIS_SOFR_5Y;0.017486;0.020514
2018-07-25;USD_OIS_SOFR_5Y;0.017212;0.020188
2018-07-26;USD_OIS_SOFR_5Y;0.017536;0.020464
2018-07-27;USD_OIS_SOFR_5Y;0.017371;0.020229
2018-07-30;USD_OIS_SOFR_5Y;0.017415;0.020185
2018-07-31;USD_OIS_SOFR_5Y;0.017896;0.020704
2018-08-01;USD_OIS_SOFR_5Y;0.017378;0.020222
2018-08-02;USD_OIS_SOFR_5Y;0.017699;0.020501
2018-08-03;USD_OIS_SOFR_5Y;0.017181;0.020019
2018-08-06;USD_OIS_SOFR_5Y;0.017224;0.019976
2018-08-07;USD_OIS_SOFR_5Y;0.017364;0.020036
2018-08-08;USD_OIS_SOFR_5Y;0.017502;0.020098
2018-08-09;USD_OIS_SOFR_5Y;0.017818;0.020382
2018-08-10;USD_OIS_SOFR_5Y;0.017754;0.020246
2018-08-13;USD_OIS_SOFR_5Y;0.017889;0.020311
2018-08-14;USD_OIS_SOFR_5Y;0.018115;0.020485
2018-08-15;USD_OIS_SOFR_5Y;0.018579;0.021021
2018-08-16;USD_OIS_SOFR_5Y;0.018714;0.021086
2018-08-17;USD_OIS_SOFR_5Y;0.017633;0.020367
2018-08-20;USD_OIS_SOFR_5Y;0.017674;0.020326
2018-08-21;USD_OIS_SOFR_5Y;0.017715;0.020285
2018-08-22;USD_OIS_SOFR_5Y;0.017754;0.020246
2018-08-23;USD_OIS_SOFR_5Y;0.018148;0.020652
2018-08-24;USD_OIS_SOFR_5Y;0.018283;0.020717
2018-08-27;USD_OIS_SOFR_5Y;0.01832;0.02068
2018-08-28;USD_OIS_SOFR_5Y;0.018356;0.020644
2018-08-29;USD_OIS_SOFR_5Y;0.018179;0.020421
2018-08-30;USD_OIS_SOFR_5Y;0.018213;0.020387
2018-08-31;USD_OIS_SOFR_5Y;0.018596;0.020804
2018-09-04;USD_OIS_SOFR_5Y;0.018417;0.020583
2018-09-05;USD_OIS_SOFR_5Y;0.01845;0.02055
2018-09-06;USD_OIS_SOFR_5Y;0.018379;0.020421
2018-09-07;USD_OIS_SOFR_5Y;0.01841;0.02039
2018-09-10;USD_OIS_SOFR_5Y;0.01844;0.02036
2018-09-11;USD_OIS_SOFR_5Y;0.018469;0.020331
2018-09-12;USD_OIS_SOFR_5Y;0.018498;0.020302
2018-09-13;USD_OIS_SOFR_5Y;0.018525;0.020275
2018-09-14;USD_OIS_SOFR_5Y;0.018648;0.020352
2018-09-17;USD_OIS_SOFR_5Y;0.019077;0.020923
2018-09-18;USD_OIS_SOFR_5Y;0.018379;0.020421
2018-09-19;USD_OIS_SOFR_5Y;0.018196;0.020204
2018-09-20;USD_OIS_SOFR_5Y;0.018227;0.020173
2018-09-21;USD_OIS_SOFR_5Y;0.018256;0.020144
2018-09-24;USD_OIS_SOFR_5Y;0.018553;0.020447
2018-09-25;USD_OIS_SOFR_5Y;0.018367;0.020233
2018-09-26;USD_OIS_SOFR_5Y;0.018292;0.020108
2018-09-27;USD_OIS_SOFR_5Y;0.01944;0.02376
2018-09-28;USD_OIS_SOFR_5Y;0.02028;0.02472
2018-10-01;USD_OIS_SOFR_5Y;0.020033;0.024367
2018-10-02;USD_OIS_SOFR_5Y;0.019893;0.024107
2018-10-03;USD_OIS_SOFR_5Y;0.019957;0.024043
2018-10-04;USD_OIS_SOFR_5Y;0.019812;0.023788
2018-10-05;USD_OIS_SOFR_5Y;0.019666;0.023534
2018-10-09;USD_OIS_SOFR_5Y;0.019623;0.023377
2018-10-10;USD_OIS_SOFR_5Y;0.01968;0.02332
2018-10-11;USD_OIS_SOFR_5Y;0.019928;0.023472
2018-10-12;USD_OIS_SOFR_5Y;0.02008;0.02352
2018-10-15;USD_OIS_SOFR_5Y;0.020414;0.023786
2018-10-16;USD_OIS_SOFR_5Y;0.020147;0.023453
2018-10-17;USD_OIS_SOFR_5Y;0.020198;0.023402
2018-10-18;USD_OIS_SOFR_5Y;0.020344;0.023456
2018-10-19;USD_OIS_SOFR_5Y;0.020392;0.023408
2018-10-22;USD_OIS_SOFR_5Y;0.020335;0.023265
2018-10-23;USD_OIS_SOFR_5Y;0.020277;0.023123
2018-10-24;USD_OIS_SOFR_5Y;0.020418;0.023182
2018-10-25;USD_OIS_SOFR_5Y;0.020558;0.023242
2018-10-26;USD_OIS_SOFR_5Y;0.020599;0.023201
2018-10-29;USD_OIS_SOFR_5Y;0.020536;0.023064
2018-10-30;USD_OIS_SOFR_5Y;0.020574;0.023026
2018-10-31;USD_OIS_SOFR_5Y;0.020967;0.023433
2018-11-01;USD_OIS_SOFR_5Y;0.021005;0.023395
2018-11-02;USD_OIS_SOFR_5Y;0.021315;0.023685
2018-11-05;USD_OIS_SOFR_5Y;0.021248;0.023552
2018-11-06;USD_OIS_SOFR_5Y;0.021071;0.023329
2018-11-07;USD_OIS_SOFR_5Y;0.020657;0.022943
2018-11-08;USD_OIS_SOFR_5Y;0.020965;0.023235
2018-11-09;USD_OIS_SOFR_5Y;0.020897;0.023103
2018-11-13;USD_OIS_SOFR_5Y;0.02093;0.02307
2018-11-14;USD_OIS_SOFR_5Y;0.020963;0.023037
2018-11-15;USD_OIS_SOFR_5Y;0.021599;0.024001
2018-11-16;USD_OIS_SOFR_5Y;0.021424;0.023776
2018-11-19;USD_OIS_SOFR_5Y;0.021248;0.023552
2018-11-20;USD_OIS_SOFR_5Y;0.020836;0.023164
2018-11-21;USD_OIS_SOFR_5Y;0.020659;0.022941
2018-11-23;USD_OIS_SOFR_5Y;0.02112;0.02348
2018-11-26;USD_OIS_SOFR_5Y;0.02083;0.02317
2018-11-27;USD_OIS_SOFR_5Y;0.020762;0.023038
2018-11-28;USD_OIS_SOFR_5Y;0.020797;0.023003
2018-11-29;USD_OIS_SOFR_5Y;0.021255;0.023545
2018-11-30;USD_OIS_SOFR_5Y;0.021642;0.023958
2018-12-03;USD_OIS_SOFR_5Y;0.021104;0.023496
2018-12-04;USD_OIS_SOFR_5Y;0.021495;0.023905
2018-12-06;USD_OIS_SOFR_5Y;0.022098;0.024702
2018-12-07;USD_OIS_SOFR_5Y;0.021695;0.024305
2018-12-10;USD_OIS_SOFR_5Y;0.020775;0.023625
2018-12-11;USD_OIS_SOFR_5Y;0.020496;0.023304
2018-12-12;USD_OIS_SOFR_5Y;0.020637;0.023363
2018-12-13;USD_OIS_SOFR_5Y;0.020776;0.023424
2018-12-14;USD_OIS_SOFR_5Y;0.020816;0.023384
2018-12-17;USD_OIS_SOFR_5Y;0.021608;0.024592
2018-12-18;USD_OIS_SOFR_5Y;0.021751;0.024649
2018-12-19;USD_OIS_SOFR_5Y;0.021586;0.024414
2018-12-20;USD_OIS_SOFR_5Y;0.022458;0.025742
2018-12-21;USD_OIS_SOFR_5Y;0.022406;0.025594
2018-12-24;USD_OIS_SOFR_5Y;0.022552;0.025648
2018-12-26;USD_OIS_SOFR_5Y;0.022879;0.025921
2018-12-27;USD_OIS_SOFR_5Y;0.022926;0.025874
2018-12-28;USD_OIS_SOFR_5Y;0.023161;0.026039
2018-12-31;USD_OIS_SOFR_5Y;0.025349;0.034651
2019-01-02;USD_OIS_SOFR_5Y;0.026826;0.036174
2019-01-03;USD_OIS_SOFR_5Y;0.021151;0.032849
2019-01-04;USD_OIS_SOFR_5Y;0.018469;0.030531
2019-01-07;USD_OIS_SOFR_5Y;0.018243;0.029957
2019-01-08;USD_OIS_SOFR_5Y;0.018521;0.029879
2019-01-09;USD_OIS_SOFR_5Y;0.018989;0.030011
2019-01-10;USD_OIS_SOFR_5Y;0.018954;0.029646
2019-01-11;USD_OIS_SOFR_5Y;0.018914;0.029286
2019-01-14;USD_OIS_SOFR_5Y;0.018972;0.029028
2019-01-15;USD_OIS_SOFR_5Y;0.0197;0.0295
2019-01-16;USD_OIS_SOFR_5Y;0.019543;0.029057
2019-01-17;USD_OIS_SOFR_5Y;0.019485;0.028715
2019-01-18;USD_OIS_SOFR_5Y;0.019725;0.028675
2019-01-22;USD_OIS_SOFR_5Y;0.01976;0.02844
2019-01-23;USD_OIS_SOFR_5Y;0.019792;0.028208
2019-01-24;USD_OIS_SOFR_5Y;0.020019;0.028181
2019-01-25;USD_OIS_SOFR_5Y;0.020042;0.027958
2019-01-28;USD_OIS_SOFR_5Y;0.020062;0.027738
2019-01-29;USD_OIS_SOFR_5Y;0.020278;0.027722
2019-01-30;USD_OIS_SOFR_5Y;0.020291;0.027509
2019-01-31;USD_OIS_SOFR_5Y;0.021968;0.029632
2019-02-01;USD_OIS_SOFR_5Y;0.020877;0.028523
2019-02-04;USD_OIS_SOFR_5Y;0.020249;0.027751
2019-02-05;USD_OIS_SOFR_5Y;0.020363;0.027637
2019-02-06;USD_OIS_SOFR_5Y;0.02027;0.02733
2019-02-07;USD_OIS_SOFR_5Y;0.020378;0.027222
2019-02-08;USD_OIS_SOFR_5Y;0.020381;0.027019
2019-02-11;USD_OIS_SOFR_5Y;0.020772;0.027228
2019-02-12;USD_OIS_SOFR_5Y;0.02077;0.02703
2019-02-13;USD_OIS_SOFR_5Y;0.020764;0.026836
2019-02-14;USD_OIS_SOFR_5Y;0.020955;0.026845
2019-02-15;USD_OIS_SOFR_5Y;0.021426;0.027174
2019-02-19;USD_OIS_SOFR_5Y;0.021203;0.026797
2019-02-20;USD_OIS_SOFR_5Y;0.021187;0.026613
2019-02-21;USD_OIS_SOFR_5Y;0.021269;0.026531
2019-02-22;USD_OIS_SOFR_5Y;0.021448;0.026552
2019-02-25;USD_OIS_SOFR_5Y;0.021321;0.026279
2019-02-26;USD_OIS_SOFR_5Y;0.021396;0.026204
2019-02-27;USD_OIS_SOFR_5Y;0.021368;0.026032
2019-02-28;USD_OIS_SOFR_5Y;0.022956;0.028644
2019-03-01;USD_OIS_SOFR_5Y;0.02059;0.02701
2019-03-04;USD_OIS_SOFR_5Y;0.020688;0.026912
2019-03-05;USD_OIS_SOFR_5Y;0.020783;0.026817
2019-03-06;USD_OIS_SOFR_5Y;0.020875;0.026725
2019-03-07;USD_OIS_SOFR_5Y;0.020964;0.026636
2019-03-08;USD_OIS_SOFR_5Y;0.021149;0.026651
2019-03-11;USD_OIS_SOFR_5Y;0.021131;0.026469
2019-03-12;USD_OIS_SOFR_5Y;0.021311;0.026489
2019-03-13;USD_OIS_SOFR_5Y;0.021489;0.026511
2019-03-14;USD_OIS_SOFR_5Y;0.02176;0.02664
2019-03-15;USD_OIS_SOFR_5Y;0.022211;0.026989
2019-03-18;USD_OIS_SOFR_5Y;0.021748;0.026452
2019-03-19;USD_OIS_SOFR_5Y;0.021918;0.026482
2019-03-20;USD_OIS_SOFR_5Y;0.02245;0.02695
2019-03-21;USD_OIS_SOFR_5Y;0.022205;0.026595
2019-03-22;USD_OIS_SOFR_5Y;0.021846;0.026154
2019-03-25;USD_OIS_SOFR_5Y;0.021912;0.026088
2019-03-26;USD_OIS_SOFR_5Y;0.021976;0.026024
2019-03-27;USD_OIS_SOFR_5Y;0.022037;0.025963
2019-03-28;USD_OIS_SOFR_5Y;0.022381;0.026219
2019-03-29;USD_OIS_SOFR_5Y;0.023906;0.029094
2019-04-01;USD_OIS_SOFR_5Y;0.02164;0.02756
2019-04-02;USD_OIS_SOFR_5Y;0.02173;0.02747
2019-04-03;USD_OIS_SOFR_5Y;0.021916;0.027484
2019-04-04;USD_OIS_SOFR_5Y;0.0219;0.0273
2019-04-05;USD_OIS_SOFR_5Y;0.021982;0.027218
2019-04-08;USD_OIS_SOFR_5Y;0.022062;0.027138
2019-04-09;USD_OIS_SOFR_5Y;0.022038;0.026962
2019-04-10;USD_OIS_SOFR_5Y;0.022113;0.026887
2019-04-11;USD_OIS_SOFR_5Y;0.022084;0.026716
2019-04-12;USD_OIS_SOFR_5Y;0.022155;0.026645
2019-04-15;USD_OIS_SOFR_5Y;0.022509;0.026891
2019-04-16;USD_OIS_SOFR_5Y;0.022576;0.026824
2019-04-17;USD_OIS_SOFR_5Y;0.022926;0.027074
2019-04-18;USD_OIS_SOFR_5Y;0.022989;0.027011
2019-04-22;USD_OIS_SOFR_5Y;0.022623;0.026577
2019-04-23;USD_OIS_SOFR_5Y;0.022683;0.026517
2019-04-24;USD_OIS_SOFR_5Y;0.022534;0.026266
2019-04-25;USD_OIS_SOFR_5Y;0.022689;0.026311
2019-04-26;USD_OIS_SOFR_5Y;0.022843;0.026357
2019-04-29;USD_OIS_SOFR_5Y;0.023088;0.026512
2019-04-30;USD_OIS_SOFR_5Y;0.024763;0.030437
2019-05-01;USD_OIS_SOFR_5Y;0.022109;0.028691
2019-05-02;USD_OIS_SOFR_5Y;0.021792;0.028208
2019-05-03;USD_OIS_SOFR_5Y;0.021137;0.027463
2019-05-06;USD_OIS_SOFR_5Y;0.021133;0.027267
2019-05-07;USD_OIS_SOFR_5Y;0.021421;0.027379
2019-05-08;USD_OIS_SOFR_5Y;0.021411;0.027189
2019-05-09;USD_OIS_SOFR_5Y;0.021294;0.026906
2019-05-10;USD_OIS_SOFR_5Y;0.021278;0.026722
2019-05-13;USD_OIS_SOFR_5Y;0.021156;0.026444
2019-05-14;USD_OIS_SOFR_5Y;0.021336;0.026464
2019-05-15;USD_OIS_SOFR_5Y;0.022206;0.027394
2019-05-16;USD_OIS_SOFR_5Y;0.021752;0.026848
2019-05-17;USD_OIS_SOFR_5Y;0.021728;0.026672
2019-05-20;USD_OIS_SOFR_5Y;0.021491;0.026309
2019-05-21;USD_OIS_SOFR_5Y;0.021463;0.026137
2019-05-22;USD_OIS_SOFR_5Y;0.021432;0.025968
2019-05-23;USD_OIS_SOFR_5Y;0.021501;0.025899
2019-05-24;USD_OIS_SOFR_5Y;0.021568;0.025832
2019-05-28;USD_OIS_SOFR_5Y;0.022007;0.026193
2019-05-29;USD_OIS_SOFR_5Y;0.021969;0.026031
2019-05-30;USD_OIS_SOFR_5Y;0.022031;0.025969
2019-05-31;USD_OIS_SOFR_5Y;0.022853;0.026947
2019-06-03;USD_OIS_SOFR_5Y;0.021882;0.026118
2019-06-04;USD_OIS_SOFR_5Y;0.021845;0.025955
2019-06-05;USD_OIS_SOFR_5Y;0.022006;0.025994
2019-06-06;USD_OIS_SOFR_5Y;0.022067;0.025933
2019-06-07;USD_OIS_SOFR_5Y;0.022024;0.025776
2019-06-10;USD_OIS_SOFR_5Y;0.022081;0.025719
2019-06-11;USD_OIS_SOFR_5Y;0.022034;0.025566
2019-06-12;USD_OIS_SOFR_5Y;0.021986;0.025414
2019-06-13;USD_OIS_SOFR_5Y;0.02183;0.02517
2019-06-14;USD_OIS_SOFR_5Y;0.021881;0.025119
2019-06-17;USD_OIS_SOFR_5Y;0.022455;0.025745
2019-06-18;USD_OIS_SOFR_5Y;0.022297;0.025503
2019-06-19;USD_OIS_SOFR_5Y;0.022026;0.025174
2019-06-20;USD_OIS_SOFR_5Y;0.022074;0.025126
2019-06-21;USD_OIS_SOFR_5Y;0.022218;0.025182
2019-06-24;USD_OIS_SOFR_5Y;0.022454;0.025346
2019-06-25;USD_OIS_SOFR_5Y;0.022688;0.025512
2019-06-26;USD_OIS_SOFR_5Y;0.022922;0.025678
2019-06-27;USD_OIS_SOFR_5Y;0.022861;0.025539
2019-06-28;USD_OIS_SOFR_5Y;0.023545;0.026455
2019-07-01;USD_OIS_SOFR_5Y;0.022644;0.025756
2019-07-02;USD_OIS_SOFR_5Y;0.02342;0.02678
2019-07-03;USD_OIS_SOFR_5Y;0.02392;0.02728
2019-07-05;USD_OIS_SOFR_5Y;0.024252;0.027548
2019-07-08;USD_OIS_SOFR_5Y;0.022965;0.026635
2019-07-09;USD_OIS_SOFR_5Y;0.022704;0.026296
2019-07-10;USD_OIS_SOFR_5Y;0.022856;0.026344
2019-07-11;USD_OIS_SOFR_5Y;0.02236;0.02584
2019-07-12;USD_OIS_SOFR_5Y;0.021864;0.025336
2019-07-15;USD_OIS_SOFR_5Y;0.022727;0.026473
2019-07-16;USD_OIS_SOFR_5Y;0.022882;0.026518
2019-07-17;USD_OIS_SOFR_5Y;0.022938;0.026462
2019-07-18;USD_OIS_SOFR_5Y;0.022889;0.026311
2019-07-19;USD_OIS_SOFR_5Y;0.022391;0.025809
2019-07-22;USD_OIS_SOFR_5Y;0.022341;0.025659
2019-07-23;USD_OIS_SOFR_5Y;0.022392;0.025608
2019-07-24;USD_OIS_SOFR_5Y;0.022539;0.025661
2019-07-25;USD_OIS_SOFR_5Y;0.022684;0.025716
2019-07-26;USD_OIS_SOFR_5Y;0.022628;0.025572
2019-07-29;USD_OIS_SOFR_5Y;0.02257;0.02543
2019-07-30;USD_OIS_SOFR_5Y;0.022512;0.025288
2019-07-31;USD_OIS_SOFR_5Y;0.023618;0.027382
2019-08-01;USD_OIS_SOFR_5Y;0.018425;0.025375
2019-08-02;USD_OIS_SOFR_5Y;0.018531;0.025269
2019-08-05;USD_OIS_SOFR_5Y;0.017997;0.024603
2019-08-06;USD_OIS_SOFR_5Y;0.017893;0.024307
2019-08-07;USD_OIS_SOFR_5Y;0.01789;0.02411
2019-08-08;USD_OIS_SOFR_5Y;0.017883;0.023917
2019-08-09;USD_OIS_SOFR_5Y;0.01817;0.02403
2019-08-12;USD_OIS_SOFR_5Y;0.018359;0.024041
2019-08-13;USD_OIS_SOFR_5Y;0.018826;0.024374
2019-08-14;USD_OIS_SOFR_5Y;0.018599;0.024001
2019-08-15;USD_OIS_SOFR_5Y;0.019149;0.024451
2019-08-16;USD_OIS_SOFR_5Y;0.018697;0.023903
2019-08-19;USD_OIS_SOFR_5Y;0.018571;0.023629
2019-08-20;USD_OIS_SOFR_5Y;0.018843;0.023757
2019-08-21;USD_OIS_SOFR_5Y;0.018605;0.023395
2019-08-22;USD_OIS_SOFR_5Y;0.018576;0.023224
2019-08-23;USD_OIS_SOFR_5Y;0.018746;0.023254
2019-08-26;USD_OIS_SOFR_5Y;0.018814;0.023186
2019-08-27;USD_OIS_SOFR_5Y;0.019341;0.023659
2019-08-28;USD_OIS_SOFR_5Y;0.019093;0.023307
2019-08-29;USD_OIS_SOFR_5Y;0.019157;0.023243
2019-08-30;USD_OIS_SOFR_5Y;0.019592;0.023608
2019-09-03;USD_OIS_SOFR_5Y;0.019752;0.023648
2019-09-04;USD_OIS_SOFR_5Y;0.020183;0.024017
2019-09-05;USD_OIS_SOFR_5Y;0.020241;0.023959
2019-09-06;USD_OIS_SOFR_5Y;0.019631;0.023369
2019-09-09;USD_OIS_SOFR_5Y;0.019372;0.023028
2019-09-10;USD_OIS_SOFR_5Y;0.01962;0.02318
2019-09-11;USD_OIS_SOFR_5Y;0.019772;0.023228
2019-09-12;USD_OIS_SOFR_5Y;0.020275;0.023725
2019-09-13;USD_OIS_SOFR_5Y;0.020328;0.023672
2019-09-16;USD_OIS_SOFR_5Y;0.02181;0.02679
2019-09-17;USD_OIS_SOFR_5Y;0.029206;0.075794
2019-09-18;USD_OIS_SOFR_5Y;-0.006156;0.057156
2019-09-19;USD_OIS_SOFR_5Y;-0.011585;0.050585
2019-09-20;USD_OIS_SOFR_5Y;-0.011548;0.048748
2019-09-23;USD_OIS_SOFR_5Y;-0.010729;0.047729
2019-09-24;USD_OIS_SOFR_5Y;-0.008753;0.047953
2019-09-25;USD_OIS_SOFR_5Y;-0.007393;0.047593
2019-09-26;USD_OIS_SOFR_5Y;-0.008187;0.045187
2019-09-27;USD_OIS_SOFR_5Y;-0.007676;0.044076
2019-09-30;USD_OIS_SOFR_5Y;-0.001962;0.048962
2019-10-01;USD_OIS_SOFR_5Y;-0.006187;0.043787
2019-10-02;USD_OIS_SOFR_5Y;-0.005727;0.042727
2019-10-03;USD_OIS_SOFR_5Y;-0.005089;0.041889
2019-10-04;USD_OIS_SOFR_5Y;-0.004574;0.040974
2019-10-07;USD_OIS_SOFR_5Y;-0.00378;0.04038
2019-10-08;USD_OIS_SOFR_5Y;-0.002908;0.039908
2019-10-09;USD_OIS_SOFR_5Y;-0.002256;0.039256
2019-10-10;USD_OIS_SOFR_5Y;-0.001624;0.038624
2019-10-11;USD_OIS_SOFR_5Y;-0.001011;0.038011
2019-10-15;USD_OIS_SOFR_5Y;0.001043;0.038957
2019-10-16;USD_OIS_SOFR_5Y;0.002116;0.038884
2019-10-17;USD_OIS_SOFR_5Y;0.001657;0.037343
2019-10-18;USD_OIS_SOFR_5Y;0.001491;0.036109
2019-10-21;USD_OIS_SOFR_5Y;0.001818;0.035382
2019-10-22;USD_OIS_SOFR_5Y;0.002429;0.034971
2019-10-23;USD_OIS_SOFR_5Y;0.002925;0.034475
2019-10-24;USD_OIS_SOFR_5Y;0.003305;0.033895
2019-10-25;USD_OIS_SOFR_5Y;0.00357;0.03323
2019-10-28;USD_OIS_SOFR_5Y;0.003821;0.032579
2019-10-29;USD_OIS_SOFR_5Y;0.004159;0.032041
2019-10-30;USD_OIS_SOFR_5Y;0.004683;0.031717
2019-10-31;USD_OIS_SOFR_5Y;0.004486;0.030714
2019-11-01;USD_OIS_SOFR_5Y;0.002999;0.028601
2019-11-04;USD_OIS_SOFR_5Y;0.003188;0.028012
2019-11-05;USD_OIS_SOFR_5Y;0.003765;0.027835
2019-11-06;USD_OIS_SOFR_5Y;0.004032;0.027368
2019-11-07;USD_OIS_SOFR_5Y;0.004287;0.026913
2019-11-08;USD_OIS_SOFR_5Y;0.004631;0.026569
2019-11-12;USD_OIS_SOFR_5Y;0.005065;0.026335
2019-11-13;USD_OIS_SOFR_5Y;0.005389;0.026011
2019-11-14;USD_OIS_SOFR_5Y;0.005803;0.025797
2019-11-15;USD_OIS_SOFR_5Y;0.006207;0.025593
2019-11-18;USD_OIS_SOFR_5Y;0.006199;0.025001
2019-11-19;USD_OIS_SOFR_5Y;0.006585;0.024815
2019-11-20;USD_OIS_SOFR_5Y;0.006863;0.024537
2019-11-21;USD_OIS_SOFR_5Y;0.007232;0.024368
2019-11-22;USD_OIS_SOFR_5Y;0.007493;0.024107
2019-11-25;USD_OIS_SOFR_5Y;0.007544;0.023656
2019-11-26;USD_OIS_SOFR_5Y;0.007588;0.023212
2019-11-27;USD_OIS_SOFR_5Y;0.007925;0.023075
2019-11-29;USD_OIS_SOFR_5Y;0.00911;0.02389
2019-12-02;USD_OIS_SOFR_5Y;0.009134;0.023466
2019-12-03;USD_OIS_SOFR_5Y;0.008521;0.022479
2019-12-04;USD_OIS_SOFR_5Y;0.008633;0.022167
2019-12-05;USD_OIS_SOFR_5Y;0.008939;0.022061
2019-12-06;USD_OIS_SOFR_5Y;0.009139;0.021861
2019-12-09;USD_OIS_SOFR_5Y;0.009432;0.021768
2019-12-10;USD_OIS_SOFR_5Y;0.009519;0.021481
2019-12-11;USD_OIS_SOFR_5Y;0.009601;0.021199
2019-12-12;USD_OIS_SOFR_5Y;0.009677;0.020923
2019-12-13;USD_OIS_SOFR_5Y;0.009948;0.020852
2019-12-16;USD_OIS_SOFR_5Y;0.010873;0.021527
2019-12-17;USD_OIS_SOFR_5Y;0.010194;0.020606
2019-12-18;USD_OIS_SOFR_5Y;0.010251;0.020349
2019-12-19;USD_OIS_SOFR_5Y;0.010405;0.020195
2019-12-20;USD_OIS_SOFR_5Y;0.010554;0.020046
2019-12-23;USD_OIS_SOFR_5Y;0.010598;0.019802
2019-12-24;USD_OIS_SOFR_5Y;0.010738;0.019662
2019-12-26;USD_OIS_SOFR_5Y;0.010874;0.019526
2019-12-27;USD_OIS_SOFR_5Y;0.011105;0.019495
2019-12-30;USD_OIS_SOFR_5Y;0.011332;0.019468
2019-12-31;USD_OIS_SOFR_5Y;0.011555;0.019445
2020-01-02;USD_OIS_SOFR_5Y;0.011575;0.019225
2020-01-03;USD_OIS_SOFR_5Y;0.01179;0.01921
2020-01-06;USD_OIS_SOFR_5Y;0.011903;0.019097
2020-01-07;USD_OIS_SOFR_5Y;0.012112;0.019088
2020-01-08;USD_OIS_SOFR_5Y;0.012117;0.018883
2020-01-09;USD_OIS_SOFR_5Y;0.01222;0.01878
2020-01-10;USD_OIS_SOFR_5Y;0.01232;0.01868
2020-01-13;USD_OIS_SOFR_5Y;0.012316;0.018484
2020-01-14;USD_OIS_SOFR_5Y;0.012509;0.018491
2020-01-15;USD_OIS_SOFR_5Y;0.012699;0.018501
2020-01-16;USD_OIS_SOFR_5Y;0.012686;0.018314
2020-01-17;USD_OIS_SOFR_5Y;0.01267;0.01813
2020-01-21;USD_OIS_SOFR_5Y;0.012754;0.018046
2020-01-22;USD_OIS_SOFR_5Y;0.012834;0.017966
2020-01-23;USD_OIS_SOFR_5Y;0.012912;0.017888
2020-01-24;USD_OIS_SOFR_5Y;0.012887;0.017713
2020-01-27;USD_OIS_SOFR_5Y;0.01296;0.01764
2020-01-28;USD_OIS_SOFR_5Y;0.013031;0.017569
2020-01-29;USD_OIS_SOFR_5Y;0.013101;0.017499
2020-01-30;USD_OIS_SOFR_5Y;0.013628;0.017972
2020-01-31;USD_OIS_SOFR_5Y;0.013888;0.018112
2020-02-03;USD_OIS_SOFR_5Y;0.013851;0.017949
2020-02-04;USD_OIS_SOFR_5Y;0.014012;0.017988
2020-02-05;USD_OIS_SOFR_5Y;0.01397;0.01783
2020-02-06;USD_OIS_SOFR_5Y;0.014029;0.017771
2020-02-07;USD_OIS_SOFR_5Y;0.013984;0.017616
2020-02-10;USD_OIS_SOFR_5Y;0.01404;0.01756
2020-02-11;USD_OIS_SOFR_5Y;0.014093;0.017507
2020-02-12;USD_OIS_SOFR_5Y;0.014043;0.017357
2020-02-13;USD_OIS_SOFR_5Y;0.014094;0.017306
2020-02-14;USD_OIS_SOFR_5Y;0.01424;0.01736
2020-02-18;USD_OIS_SOFR_5Y;0.014479;0.017521
2020-02-19;USD_OIS_SOFR_5Y;0.014423;0.017377
2020-02-20;USD_OIS_SOFR_5Y;0.014566;0.017434
2020-02-21;USD_OIS_SOFR_5Y;0.0144;0.0172
2020-02-24;USD_OIS_SOFR_5Y;0.014442;0.017158
2020-02-25;USD_OIS_SOFR_5Y;0.014581;0.017219
2020-02-26;USD_OIS_SOFR_5Y;0.014519;0.017081
2020-02-27;USD_OIS_SOFR_5Y;0.014558;0.017042
2020-02-28;USD_OIS_SOFR_5Y;0.014784;0.017216
2020-03-02;USD_OIS_SOFR_5Y;0.014719;0.017081
2020-03-03;USD_OIS_SOFR_5Y;0.015183;0.017617
2020-03-04;USD_OIS_SOFR_5Y;0.008731;0.015869
2020-03-05;USD_OIS_SOFR_5Y;0.007624;0.014776
2020-03-06;USD_OIS_SOFR_5Y;0.007529;0.014471
2020-03-09;USD_OIS_SOFR_5Y;0.007533;0.014267
2020-03-10;USD_OIS_SOFR_5Y;0.007832;0.014368
2020-03-11;USD_OIS_SOFR_5Y;0.008314;0.014686
2020-03-12;USD_OIS_SOFR_5Y;0.008884;0.015116
2020-03-13;USD_OIS_SOFR_5Y;0.007869;0.014131
2020-03-16;USD_OIS_SOFR_5Y;-0.004939;0.010139
2020-03-17;USD_OIS_SOFR_5Y;-0.002263;0.013063
2020-03-18;USD_OIS_SOFR_5Y;-0.007262;0.009262
2020-03-19;USD_OIS_SOFR_5Y;-0.007417;0.008617
2020-03-20;USD_OIS_SOFR_5Y;-0.007375;0.008175
2020-03-23;USD_OIS_SOFR_5Y;-0.00734;0.00774
2020-03-24;USD_OIS_SOFR_5Y;-0.007211;0.007411
2020-03-25;USD_OIS_SOFR_5Y;-0.006988;0.007188
2020-03-26;USD_OIS_SOFR_5Y;-0.006772;0.006972
2020-03-27;USD_OIS_SOFR_5Y;-0.006563;0.006763
2020-03-30;USD_OIS_SOFR_5Y;-0.00636;0.00656
2020-03-31;USD_OIS_SOFR_5Y;-0.006163;0.006363
2020-04-01;USD_OIS_SOFR_5Y;-0.005972;0.006172
2020-04-02;USD_OIS_SOFR_5Y;-0.005787;0.005987
2020-04-03;USD_OIS_SOFR_5Y;-0.005608;0.005808
2020-04-06;USD_OIS_SOFR_5Y;-0.005434;0.005634
2020-04-07;USD_OIS_SOFR_5Y;-0.005265;0.005465
2020-04-08;USD_OIS_SOFR_5Y;-0.005102;0.005302
2020-04-09;USD_OIS_SOFR_5Y;-0.004943;0.005143
2020-04-13;USD_OIS_SOFR_5Y;-0.00469;0.00509
2020-04-14;USD_OIS_SOFR_5Y;-0.004153;0.005353
2020-04-15;USD_OIS_SOFR_5Y;-0.004315;0.004915
2020-04-16;USD_OIS_SOFR_5Y;-0.004174;0.004774
2020-04-17;USD_OIS_SOFR_5Y;-0.004038;0.004638
2020-04-20;USD_OIS_SOFR_5Y;-0.004006;0.004406
2020-04-21;USD_OIS_SOFR_5Y;-0.003979;0.004179
2020-04-22;USD_OIS_SOFR_5Y;-0.003855;0.004055
2020-04-23;USD_OIS_SOFR_5Y;-0.003734;0.003934
2020-04-24;USD_OIS_SOFR_5Y;-0.003421;0.004021
2020-04-27;USD_OIS_SOFR_5Y;-0.003308;0.003908
2020-04-28;USD_OIS_SOFR_5Y;-0.003402;0.003602
2020-04-29;USD_OIS_SOFR_5Y;-0.003295;0.003495
2020-04-30;USD_OIS_SOFR_5Y;-0.002901;0.003701
2020-05-01;USD_OIS_SOFR_5Y;-0.002901;0.003501
2020-05-04;USD_OIS_SOFR_5Y;-0.002608;0.003608
2020-05-05;USD_OIS_SOFR_5Y;-0.002513;0.003513
2020-05-06;USD_OIS_SOFR_5Y;-0.002422;0.003422
2020-05-07;USD_OIS_SOFR_5Y;-0.002333;0.003333
2020-05-08;USD_OIS_SOFR_5Y;-0.002148;0.003348
2020-05-11;USD_OIS_SOFR_5Y;-0.002064;0.003264
2020-05-12;USD_OIS_SOFR_5Y;-0.001983;0.003183
2020-05-13;USD_OIS_SOFR_5Y;-0.002109;0.002909
2020-05-14;USD_OIS_SOFR_5Y;-0.002239;0.002639
2020-05-15;USD_OIS_SOFR_5Y;-0.001877;0.002877
2020-05-18;USD_OIS_SOFR_5Y;-0.001906;0.002706
2020-05-19;USD_OIS_SOFR_5Y;-0.001836;0.002636
2020-05-20;USD_OIS_SOFR_5Y;-0.002082;0.002282
2020-05-21;USD_OIS_SOFR_5Y;-0.001917;0.002317
2020-05-22;USD_OIS_SOFR_5Y;-0.001659;0.002459
2020-05-26;USD_OIS_SOFR_5Y;-0.001403;0.002603
2020-05-27;USD_OIS_SOFR_5Y;-0.001342;0.002542
2020-05-28;USD_OIS_SOFR_5Y;-0.001283;0.002483
2020-05-29;USD_OIS_SOFR_5Y;-0.001225;0.002425
2020-06-01;USD_OIS_SOFR_5Y;-0.00117;0.00237
2020-06-02;USD_OIS_SOFR_5Y;-0.001018;0.002418
2020-06-03;USD_OIS_SOFR_5Y;-0.001068;0.002268
2020-06-04;USD_OIS_SOFR_5Y;-0.000919;0.002319
2020-06-05;USD_OIS_SOFR_5Y;-0.00087;0.00227
2020-06-08;USD_OIS_SOFR_5Y;-0.000822;0.002222
2020-06-09;USD_OIS_SOFR_5Y;-0.000678;0.002278
2020-06-10;USD_OIS_SOFR_5Y;-0.000735;0.002135
2020-06-11;USD_OIS_SOFR_5Y;-0.000594;0.002194
2020-06-12;USD_OIS_SOFR_5Y;-0.000551;0.002151
2020-06-15;USD_OIS_SOFR_5Y;-0.000413;0.002213
2020-06-16;USD_OIS_SOFR_5Y;-0.000373;0.002173
2020-06-17;USD_OIS_SOFR_5Y;-0.000334;0.002134
2020-06-18;USD_OIS_SOFR_5Y;-0.000296;0.002096
2020-06-19;USD_OIS_SOFR_5Y;-0.00026;0.00206
2020-06-22;USD_OIS_SOFR_5Y;-0.000328;0.001928
2020-06-23;USD_OIS_SOFR_5Y;-0.000396;0.001796
2020-06-24;USD_OIS_SOFR_5Y;-0.000266;0.001866
2020-06-25;USD_OIS_SOFR_5Y;-0.000137;0.001937
2020-06-26;USD_OIS_SOFR_5Y;-0.000209;0.001809
2020-06-29;USD_OIS_SOFR_5Y;-0.000178;0.001778
2020-06-30;USD_OIS_SOFR_5Y;3.8e-05;0.001962
2020-07-01;USD_OIS_SOFR_5Y;0.000164;0.002036
2020-07-02;USD_OIS_SOFR_5Y;0.000192;0.002008
2020-07-06;USD_OIS_SOFR_5Y;0.000116;0.001884
2020-07-07;USD_OIS_SOFR_5Y;0.000143;0.001857
2020-07-08;USD_OIS_SOFR_5Y;0.000169;0.001831
2020-07-09;USD_OIS_SOFR_5Y;0.000194;0.001806
2020-07-10;USD_OIS_SOFR_5Y;0.000219;0.001781
2020-07-13;USD_OIS_SOFR_5Y;0.000243;0.001757
2020-07-14;USD_OIS_SOFR_5Y;0.000361;0.001839
2020-07-15;USD_OIS_SOFR_5Y;0.000565;0.002035
2020-07-16;USD_OIS_SOFR_5Y;0.000483;0.001917
2020-07-17;USD_OIS_SOFR_5Y;0.000505;0.001895
2020-07-20;USD_OIS_SOFR_5Y;0.000526;0.001874
2020-07-21;USD_OIS_SOFR_5Y;0.000441;0.001759
2020-07-22;USD_OIS_SOFR_5Y;0.000356;0.001644
2020-07-23;USD_OIS_SOFR_5Y;0.000376;0.001624
2020-07-24;USD_OIS_SOFR_5Y;0.000395;0.001605
2020-07-27;USD_OIS_SOFR_5Y;0.000413;0.001587
2020-07-28;USD_OIS_SOFR_5Y;0.000431;0.001569
2020-07-29;USD_OIS_SOFR_5Y;0.000342;0.001458
2020-07-30;USD_OIS_SOFR_5Y;0.000453;0.001547
2020-07-31;USD_OIS_SOFR_5Y;0.00047;0.00153
2020-08-03;USD_OIS_SOFR_5Y;0.000486;0.001514
2020-08-04;USD_OIS_SOFR_5Y;0.000395;0.001405
2020-08-05;USD_OIS_SOFR_5Y;0.00041;0.00139
2020-08-06;USD_OIS_SOFR_5Y;0.000425;0.001375
2020-08-07;USD_OIS_SOFR_5Y;0.000439;0.001361
2020-08-10;USD_OIS_SOFR_5Y;0.000454;0.001346
2020-08-11;USD_OIS_SOFR_5Y;0.000559;0.001441
2020-08-12;USD_OIS_SOFR_5Y;0.000465;0.001335
2020-08-13;USD_OIS_SOFR_5Y;0.000478;0.001322
2020-08-14;USD_OIS_SOFR_5Y;0.000491;0.001309
2020-08-17;USD_OIS_SOFR_5Y;0.000595;0.001405
2020-08-18;USD_OIS_SOFR_5Y;0.000499;0.001301
2020-08-19;USD_OIS_SOFR_5Y;0.000511;0.001289
2020-08-20;USD_OIS_SOFR_5Y;0.000289;0.001111
2020-08-21;USD_OIS_SOFR_5Y;0.000301;0.001099
2020-08-24;USD_OIS_SOFR_5Y;0.000405;0.001195
2020-08-25;USD_OIS_SOFR_5Y;0.000417;0.001183
2020-08-26;USD_OIS_SOFR_5Y;0.00032;0.00108
2020-08-27;USD_OIS_SOFR_5Y;0.000331;0.001069
2020-08-28;USD_OIS_SOFR_5Y;0.000342;0.001058
2020-08-31;USD_OIS_SOFR_5Y;0.000516;0.001284
2020-09-01;USD_OIS_SOFR_5Y;0.000528;0.001272
2020-09-02;USD_OIS_SOFR_5Y;0.000539;0.001261
2020-09-03;USD_OIS_SOFR_5Y;0.000641;0.001359
2020-09-04;USD_OIS_SOFR_5Y;0.000542;0.001258
2020-09-08;USD_OIS_SOFR_5Y;0.000553;0.001247
2020-09-09;USD_OIS_SOFR_5Y;0.000564;0.001236
2020-09-10;USD_OIS_SOFR_5Y;0.000574;0.001226
2020-09-11;USD_OIS_SOFR_5Y;0.000584;0.001216
2020-09-14;USD_OIS_SOFR_5Y;0.000593;0.001207
2020-09-15;USD_OIS_SOFR_5Y;0.000692;0.001308
2020-09-16;USD_OIS_SOFR_5Y;0.000701;0.001299
2020-09-17;USD_OIS_SOFR_5Y;0.00071;0.00129
2020-09-18;USD_OIS_SOFR_5Y;0.000607;0.001193
2020-09-21;USD_OIS_SOFR_5Y;0.000504;0.001096
2020-09-22;USD_OIS_SOFR_5Y;0.000402;0.000998
2020-09-23;USD_OIS_SOFR_5Y;0.0003;0.0009
2020-09-24;USD_OIS_SOFR_5Y;0.000397;0.001003
2020-09-25;USD_OIS_SOFR_5Y;0.000495;0.001105
2020-09-28;USD_OIS_SOFR_5Y;0.000505;0.001095
2020-09-29;USD_OIS_SOFR_5Y;0.000402;0.000998
2020-09-30;USD_OIS_SOFR_5Y;0.0005;0.0011
2020-10-01;USD_OIS_SOFR_5Y;0.000509;0.001091
2020-10-02;USD_OIS_SOFR_5Y;0.000673;0.001327
2020-10-05;USD_OIS_SOFR_5Y;0.000573;0.001227
2020-10-06;USD_OIS_SOFR_5Y;0.000672;0.001328
2020-10-07;USD_OIS_SOFR_5Y;0.000572;0.001228
2020-10-08;USD_OIS_SOFR_5Y;0.000471;0.001129
2020-10-09;USD_OIS_SOFR_5Y;0.000571;0.001229
2020-10-13;USD_OIS_SOFR_5Y;0.000581;0.001219
2020-10-14;USD_OIS_SOFR_5Y;0.000591;0.001209
2020-10-15;USD_OIS_SOFR_5Y;0.000689;0.001311
2020-10-16;USD_OIS_SOFR_5Y;0.000588;0.001212
2020-10-19;USD_OIS_SOFR_5Y;0.000597;0.001203
2020-10-20;USD_OIS_SOFR_5Y;0.000495;0.001105
2020-10-21;USD_OIS_SOFR_5Y;0.000393;0.001007
2020-10-22;USD_OIS_SOFR_5Y;0.000402;0.000998
2020-10-23;USD_OIS_SOFR_5Y;0.0005;0.0011
2020-10-26;USD_OIS_SOFR_5Y;0.000598;0.001202
2020-10-27;USD_OIS_SOFR_5Y;0.000607;0.001193
2020-10-28;USD_OIS_SOFR_5Y;0.000504;0.001096
2020-10-29;USD_OIS_SOFR_5Y;0.000602;0.001198
2020-10-30;USD_OIS_SOFR_5Y;0.000611;0.001189
2020-11-02;USD_OIS_SOFR_5Y;0.000775;0.001425
2020-11-03;USD_OIS_SOFR_5Y;0.000674;0.001326
2020-11-04;USD_OIS_SOFR_5Y;0.000684;0.001316
2020-11-05;USD_OIS_SOFR_5Y;0.000783;0.001417
2020-11-06;USD_OIS_SOFR_5Y;0.000682;0.001318
2020-11-09;USD_OIS_SOFR_5Y;0.000692;0.001308
2020-11-10;USD_OIS_SOFR_5Y;0.000701;0.001299
2020-11-12;USD_OIS_SOFR_5Y;0.000599;0.001201
2020-11-13;USD_OIS_SOFR_5Y;0.000608;0.001192
2020-11-16;USD_OIS_SOFR_5Y;0.000705;0.001295
2020-11-17;USD_OIS_SOFR_5Y;0.000603;0.001197
2020-11-18;USD_OIS_SOFR_5Y;0.000368;0.001032
2020-11-19;USD_OIS_SOFR_5Y;0.000268;0.000932
2020-11-20;USD_OIS_SOFR_5Y;0.000168;0.000832
2020-11-23;USD_OIS_SOFR_5Y;0.000178;0.000822
2020-11-24;USD_OIS_SOFR_5Y;0.000347;0.001053
2020-11-25;USD_OIS_SOFR_5Y;0.000448;0.001152
2020-11-27;USD_OIS_SOFR_5Y;0.000459;0.001141
2020-11-30;USD_OIS_SOFR_5Y;0.000559;0.001241
2020-12-01;USD_OIS_SOFR_5Y;0.000459;0.001141
2020-12-02;USD_OIS_SOFR_5Y;0.00047;0.00113
2020-12-03;USD_OIS_SOFR_5Y;0.00048;0.00112
2020-12-04;USD_OIS_SOFR_5Y;0.000579;0.001221
2020-12-07;USD_OIS_SOFR_5Y;0.000478;0.001122
2020-12-08;USD_OIS_SOFR_5Y;0.000377;0.001023
2020-12-09;USD_OIS_SOFR_5Y;0.000476;0.001124
2020-12-10;USD_OIS_SOFR_5Y;0.000486;0.001114
2020-12-11;USD_OIS_SOFR_5Y;0.000496;0.001104
2020-12-14;USD_OIS_SOFR_5Y;0.000505;0.001095
2020-12-15;USD_OIS_SOFR_5Y;0.000603;0.001197
2020-12-16;USD_OIS_SOFR_5Y;0.000612;0.001188
2020-12-17;USD_OIS_SOFR_5Y;0.00062;0.00118
2020-12-18;USD_OIS_SOFR_5Y;0.000629;0.001171
2020-12-21;USD_OIS_SOFR_5Y;0.000637;0.001163
2020-12-22;USD_OIS_SOFR_5Y;0.000397;0.001003
2020-12-23;USD_OIS_SOFR_5Y;0.000295;0.000905
2020-12-24;USD_OIS_SOFR_5Y;0.000462;0.001138
2020-12-28;USD_OIS_SOFR_5Y;0.000562;0.001238
2020-12-29;USD_OIS_SOFR_5Y;0.000662;0.001338
2020-12-30;USD_OIS_SOFR_5Y;0.000562;0.001238
2020-12-31;USD_OIS_SOFR_5Y;0.000333;0.001067
2021-01-04;USD_OIS_SOFR_5Y;0.000567;0.001433
2021-01-05;USD_OIS_SOFR_5Y;0.000673;0.001527
2021-01-06;USD_OIS_SOFR_5Y;0.000578;0.001422
2021-01-07;USD_OIS_SOFR_5Y;0.000591;0.001409
2021-01-08;USD_OIS_SOFR_5Y;0.000495;0.001305
2021-01-11;USD_OIS_SOFR_5Y;0.000507;0.001293
2021-01-12;USD_OIS_SOFR_5Y;0.00041;0.00119
2021-01-13;USD_OIS_SOFR_5Y;0.000422;0.001178
2021-01-14;USD_OIS_SOFR_5Y;0.000434;0.001166
2021-01-15;USD_OIS_SOFR_5Y;0.000445;0.001155
2021-01-19;USD_OIS_SOFR_5Y;0.000346;0.001054
2021-01-20;USD_OIS_SOFR_5Y;0.000247;0.000953
2021-01-21;USD_OIS_SOFR_5Y;2e-05;0.00078
2021-01-22;USD_OIS_SOFR_5Y;0.000123;0.000877
2021-01-25;USD_OIS_SOFR_5Y;0.000225;0.000975
2021-01-26;USD_OIS_SOFR_5Y;-0.000139;0.000739
2021-01-27;USD_OIS_SOFR_5Y;-0.000126;0.000726
2021-01-28;USD_OIS_SOFR_5Y;-2.1e-05;0.000821
2021-01-29;USD_OIS_SOFR_5Y;0.00016;0.00104
2021-02-01;USD_OIS_SOFR_5Y;0.000266;0.001134
2021-02-02;USD_OIS_SOFR_5Y;0.000279;0.001121
2021-02-03;USD_OIS_SOFR_5Y;0.000292;0.001108
2021-02-04;USD_OIS_SOFR_5Y;7.1e-05;0.000929
2021-02-05;USD_OIS_SOFR_5Y;-0.000283;0.000683
2021-02-08;USD_OIS_SOFR_5Y;-0.000268;0.000668
2021-02-09;USD_OIS_SOFR_5Y;-1.7e-05;0.001017
2021-02-10;USD_OIS_SOFR_5Y;9.2e-05;0.001108
2021-02-11;USD_OIS_SOFR_5Y;0.000108;0.001092
2021-02-12;USD_OIS_SOFR_5Y;1.6e-05;0.000984
2021-02-16;USD_OIS_SOFR_5Y;0.000123;0.001077
2021-02-17;USD_OIS_SOFR_5Y;0.000138;0.001062
2021-02-18;USD_OIS_SOFR_5Y;-0.000211;0.000811
2021-02-19;USD_OIS_SOFR_5Y;-0.000303;0.000703
2021-02-22;USD_OIS_SOFR_5Y;-0.000194;0.000794
2021-02-23;USD_OIS_SOFR_5Y;-0.000406;0.000606
2021-02-24;USD_OIS_SOFR_5Y;-0.000298;0.000698
2021-02-25;USD_OIS_SOFR_5Y;-0.00019;0.00079
2021-02-26;USD_OIS_SOFR_5Y;-0.000402;0.000602
2021-03-01;USD_OIS_SOFR_5Y;-0.000294;0.000694
2021-03-02;USD_OIS_SOFR_5Y;-0.000106;0.000906
2021-03-03;USD_OIS_SOFR_5Y;-9.1e-05;0.000891
2021-03-04;USD_OIS_SOFR_5Y;-0.000303;0.000703
2021-03-05;USD_OIS_SOFR_5Y;-0.000288;0.000688
2021-03-08;USD_OIS_SOFR_5Y;-0.000273;0.000673
2021-03-09;USD_OIS_SOFR_5Y;-0.000259;0.000659
2021-03-10;USD_OIS_SOFR_5Y;-0.000245;0.000645
2021-03-11;USD_OIS_SOFR_5Y;-0.000339;0.000539
2021-03-12;USD_OIS_SOFR_5Y;-0.000326;0.000526
2021-03-15;USD_OIS_SOFR_5Y;-0.000313;0.000513
2021-03-16;USD_OIS_SOFR_5Y;-0.0003;0.0005
2021-03-17;USD_OIS_SOFR_5Y;-0.000288;0.000488
2021-03-18;USD_OIS_SOFR_5Y;-0.000276;0.000476
2021-03-19;USD_OIS_SOFR_5Y;-0.000265;0.000465
2021-03-22;USD_OIS_SOFR_5Y;-0.000254;0.000454
2021-03-23;USD_OIS_SOFR_5Y;-0.000243;0.000443
2021-03-24;USD_OIS_SOFR_5Y;-0.000232;0.000432
2021-03-25;USD_OIS_SOFR_5Y;-0.000222;0.000422
2021-03-26;USD_OIS_SOFR_5Y;-0.000212;0.000412
2021-03-29;USD_OIS_SOFR_5Y;-0.000203;0.000403
2021-03-30;USD_OIS_SOFR_5Y;-0.000194;0.000394
2021-03-31;USD_OIS_SOFR_5Y;-0.000185;0.000385
2021-04-01;USD_OIS_SOFR_5Y;-0.000176;0.000376
2021-04-05;USD_OIS_SOFR_5Y;-0.000168;0.000368
2021-04-06;USD_OIS_SOFR_5Y;-0.000159;0.000359
2021-04-07;USD_OIS_SOFR_5Y;-0.000152;0.000352
2021-04-08;USD_OIS_SOFR_5Y;-0.000144;0.000344
2021-04-09;USD_OIS_SOFR_5Y;-0.000136;0.000336
2021-04-12;USD_OIS_SOFR_5Y;-0.000129;0.000329
2021-04-13;USD_OIS_SOFR_5Y;-0.000122;0.000322
2021-04-14;USD_OIS_SOFR_5Y;-0.000116;0.000316
2021-04-15;USD_OIS_SOFR_5Y;-0.000109;0.000309
2021-04-16;USD_OIS_SOFR_5Y;-0.000103;0.000303
2021-04-19;USD_OIS_SOFR_5Y;-9.6e-05;0.000296
2021-04-20;USD_OIS_SOFR_5Y;-9e-05;0.00029
2021-04-21;USD_OIS_SOFR_5Y;-8.5e-05;0.000285
2021-04-22;USD_OIS_SOFR_5Y;-7.9e-05;0.000279
2021-04-23;USD_OIS_SOFR_5Y;-7.4e-05;0.000274
2021-04-26;USD_OIS_SOFR_5Y;-6.8e-05;0.000268
2021-04-27;USD_OIS_SOFR_5Y;-6.3e-05;0.000263
2021-04-28;USD_OIS_SOFR_5Y;-5.8e-05;0.000258
2021-04-29;USD_OIS_SOFR_5Y;-5.3e-05;0.000253
2021-04-30;USD_OIS_SOFR_5Y;-4.9e-05;0.000249
2021-05-03;USD_OIS_SOFR_5Y;-4.4e-05;0.000244
2021-05-04;USD_OIS_SOFR_5Y;-4e-05;0.00024
2021-05-05;USD_OIS_SOFR_5Y;-3.6e-05;0.000236
2021-05-06;USD_OIS_SOFR_5Y;-3.1e-05;0.000231
2021-05-07;USD_OIS_SOFR_5Y;-2.7e-05;0.000227
2021-05-10;USD_OIS_SOFR_5Y;-2.3e-05;0.000223
2021-05-11;USD_OIS_SOFR_5Y;-2e-05;0.00022
2021-05-12;USD_OIS_SOFR_5Y;-1.6e-05;0.000216
2021-05-13;USD_OIS_SOFR_5Y;-1.3e-05;0.000213
2021-05-14;USD_OIS_SOFR_5Y;-9e-06;0.000209
2021-05-17;USD_OIS_SOFR_5Y;-6e-06;0.000206
2021-05-18;USD_OIS_SOFR_5Y;-3e-06;0.000203
2021-05-19;USD_OIS_SOFR_5Y;0.0;0.0002
2021-05-20;USD_OIS_SOFR_5Y;0.0;0.0002
2021-05-21;USD_OIS_SOFR_5Y;0.0;0.0002
2021-05-24;USD_OIS_SOFR_5Y;0.0;0.0002
2021-05-25;USD_OIS_SOFR_5Y;0.0;0.0002
2021-05-26;USD_OIS_SOFR_5Y;0.0;0.0002
2021-05-27;USD_OIS_SOFR_5Y;0.0;0.0002
2021-05-28;USD_OIS_SOFR_5Y;0.0;0.0002
2021-06-01;USD_OIS_SOFR_5Y;0.0;0.0002
2021-06-02;USD_OIS_SOFR_5Y;0.0;0.0002
2021-06-03;USD_OIS_SOFR_5Y;0.0;0.0002
2021-06-04;USD_OIS_SOFR_5Y;0.0;0.0002
2021-06-07;USD_OIS_SOFR_5Y;0.0;0.0002
2021-06-08;USD_OIS_SOFR_5Y;0.0;0.0002
2021-06-09;USD_OIS_SOFR_5Y;0.0;0.0002
2021-06-10;USD_OIS_SOFR_5Y;0.0;0.0002
2021-06-11;USD_OIS_SOFR_5Y;0.0;0.0002
2021-06-14;USD_OIS_SOFR_5Y;0.0;0.0002
2021-06-15;USD_OIS_SOFR_5Y;0.0;0.0002
2021-06-16;USD_OIS_SOFR_5Y;0.0;0.0002
2021-06-17;USD_OIS_SOFR_5Y;0.000167;0.000833
2021-06-18;USD_OIS_SOFR_5Y;0.000177;0.000823
2021-06-21;USD_OIS_SOFR_5Y;0.000187;0.000813
2021-06-22;USD_OIS_SOFR_5Y;0.000197;0.000803
2021-06-23;USD_OIS_SOFR_5Y;0.000206;0.000794
2021-06-24;USD_OIS_SOFR_5Y;0.000215;0.000785
2021-06-25;USD_OIS_SOFR_5Y;0.000223;0.000777
2021-06-28;USD_OIS_SOFR_5Y;0.000232;0.000768
2021-06-29;USD_OIS_SOFR_5Y;0.00024;0.00076
2021-06-30;USD_OIS_SOFR_5Y;0.000248;0.000752
2021-07-01;USD_OIS_SOFR_5Y;0.000256;0.000744
2021-07-02;USD_OIS_SOFR_5Y;0.000263;0.000737
2021-07-06;USD_OIS_SOFR_5Y;0.00027;0.00073
2021-07-07;USD_OIS_SOFR_5Y;0.000277;0.000723
2021-07-08;USD_OIS_SOFR_5Y;0.000284;0.000716
2021-07-09;USD_OIS_SOFR_5Y;0.000291;0.000709
2021-07-12;USD_OIS_SOFR_5Y;0.000297;0.000703
2021-07-13;USD_OIS_SOFR_5Y;0.000303;0.000697
2021-07-14;USD_OIS_SOFR_5Y;0.000309;0.000691
2021-07-15;USD_OIS_SOFR_5Y;0.000315;0.000685
2021-07-16;USD_OIS_SOFR_5Y;0.000321;0.000679
2021-07-19;USD_OIS_SOFR_5Y;0.000326;0.000674
2021-07-20;USD_OIS_SOFR_5Y;0.000331;0.000669
2021-07-21;USD_OIS_SOFR_5Y;0.000337;0.000663
2021-07-22;USD_OIS_SOFR_5Y;0.000342;0.000658
2021-07-23;USD_OIS_SOFR_5Y;0.000346;0.000654
2021-07-26;USD_OIS_SOFR_5Y;0.000351;0.000649
2021-07-27;USD_OIS_SOFR_5Y;0.000356;0.000644
2021-07-28;USD_OIS_SOFR_5Y;0.00036;0.00064
2021-07-29;USD_OIS_SOFR_5Y;0.000364;0.000636
2021-07-30;USD_OIS_SOFR_5Y;0.000368;0.000632
2021-08-02;USD_OIS_SOFR_5Y;0.000372;0.000628
2021-08-03;USD_OIS_SOFR_5Y;0.000376;0.000624
2021-08-04;USD_OIS_SOFR_5Y;0.00038;0.00062
2021-08-05;USD_OIS_SOFR_5Y;0.000384;0.000616
2021-08-06;USD_OIS_SOFR_5Y;0.000387;0.000613
2021-08-09;USD_OIS_SOFR_5Y;0.000391;0.000609
2021-08-10;USD_OIS_SOFR_5Y;0.000394;0.000606
2021-08-11;USD_OIS_SOFR_5Y;0.000397;0.000603
2021-08-12;USD_OIS_SOFR_5Y;0.0004;0.0006
2021-08-13;USD_OIS_SOFR_5Y;0.0004;0.0006
2021-08-16;USD_OIS_SOFR_5Y;0.0004;0.0006
2021-08-17;USD_OIS_SOFR_5Y;0.0004;0.0006
2021-08-18;USD_OIS_SOFR_5Y;0.0004;0.0006
2021-08-19;USD_OIS_SOFR_5Y;0.0004;0.0006
2021-08-20;USD_OIS_SOFR_5Y;0.0004;0.0006
2021-08-23;USD_OIS_SOFR_5Y;0.0004;0.0006
2021-08-24;USD_OIS_SOFR_5Y;0.0004;0.0006
2021-08-25;USD_OIS_SOFR_5Y;0.0004;0.0006
2021-08-26;USD_OIS_SOFR_5Y;0.0004;0.0006
2021-08-27;USD_OIS_SOFR_5Y;0.0004;0.0006
2021-08-30;USD_OIS_SOFR_5Y;0.0004;0.0006
2021-08-31;USD_OIS_SOFR_5Y;0.0004;0.0006
2021-09-01;USD_OIS_SOFR_5Y;0.0004;0.0006
2021-09-02;USD_OIS_SOFR_5Y;0.0004;0.0006
2021-09-03;USD_OIS_SOFR_5Y;0.0004;0.0006
2021-09-07;USD_OIS_SOFR_5Y;0.0004;0.0006
2021-09-08;USD_OIS_SOFR_5Y;0.0004;0.0006
2021-09-09;USD_OIS_SOFR_5Y;0.0004;0.0006
2021-09-10;USD_OIS_SOFR_5Y;0.0004;0.0006
2021-09-13;USD_OIS_SOFR_5Y;0.0004;0.0006
2021-09-14;USD_OIS_SOFR_5Y;0.0004;0.0006
2021-09-15;USD_OIS_SOFR_5Y;0.0004;0.0006
2021-09-16;USD_OIS_SOFR_5Y;0.0004;0.0006
2021-09-17;USD_OIS_SOFR_5Y;0.0004;0.0006
2021-09-20;USD_OIS_SOFR_5Y;0.0004;0.0006
2021-09-21;USD_OIS_SOFR_5Y;0.0004;0.0006
2021-09-22;USD_OIS_SOFR_5Y;0.0004;0.0006
2021-09-23;USD_OIS_SOFR_5Y;0.0004;0.0006
2021-09-24;USD_OIS_SOFR_5Y;0.0004;0.0006
2021-09-27;USD_OIS_SOFR_5Y;0.0004;0.0006
2021-09-28;USD_OIS_SOFR_5Y;0.0004;0.0006
2021-09-29;USD_OIS_SOFR_5Y;0.0004;0.0006
2021-09-30;USD_OIS_SOFR_5Y;0.0004;0.0006
2021-10-01;USD_OIS_SOFR_5Y;0.0004;0.0006
2021-10-04;USD_OIS_SOFR_5Y;0.0004;0.0006
2021-10-05;USD_OIS_SOFR_5Y;0.0004;0.0006
2021-10-06;USD_OIS_SOFR_5Y;0.0004;0.0006
2021-10-07;USD_OIS_SOFR_5Y;0.0004;0.0006
2021-10-08;USD_OIS_SOFR_5Y;0.0004;0.0006
2021-10-12;USD_OIS_SOFR_5Y;0.0004;0.0006
2021-10-13;USD_OIS_SOFR_5Y;0.0004;0.0006
2021-10-14;USD_OIS_SOFR_5Y;0.0004;0.0006
2021-10-15;USD_OIS_SOFR_5Y;0.0004;0.0006
2021-10-18;USD_OIS_SOFR_5Y;0.0004;0.0006
2021-10-19;USD_OIS_SOFR_5Y;0.000134;0.000466
2021-10-20;USD_OIS_SOFR_5Y;0.000139;0.000461
2021-10-21;USD_OIS_SOFR_5Y;0.000144;0.000456
2021-10-22;USD_OIS_SOFR_5Y;0.000277;0.000723
2021-10-25;USD_OIS_SOFR_5Y;0.000168;0.000632
2021-10-26;USD_OIS_SOFR_5Y;0.000261;0.000739
2021-10-27;USD_OIS_SOFR_5Y;0.000268;0.000732
2021-10-28;USD_OIS_SOFR_5Y;0.000275;0.000725
2021-10-29;USD_OIS_SOFR_5Y;0.000282;0.000718
2021-11-01;USD_OIS_SOFR_5Y;0.000289;0.000711
2021-11-02;USD_OIS_SOFR_5Y;0.000295;0.000705
2021-11-03;USD_OIS_SOFR_5Y;0.000301;0.000699
2021-11-04;USD_OIS_SOFR_5Y;0.000307;0.000693
2021-11-05;USD_OIS_SOFR_5Y;0.000313;0.000687
2021-11-08;USD_OIS_SOFR_5Y;0.000319;0.000681
2021-11-09;USD_OIS_SOFR_5Y;0.000324;0.000676
2021-11-10;USD_OIS_SOFR_5Y;0.00033;0.00067
2021-11-12;USD_OIS_SOFR_5Y;0.000335;0.000665
2021-11-15;USD_OIS_SOFR_5Y;0.00034;0.00066
2021-11-16;USD_OIS_SOFR_5Y;0.000345;0.000655
2021-11-17;USD_OIS_SOFR_5Y;0.00035;0.00065
2021-11-18;USD_OIS_SOFR_5Y;0.000354;0.000646
2021-11-19;USD_OIS_SOFR_5Y;0.000359;0.000641
2021-11-22;USD_OIS_SOFR_5Y;0.000363;0.000637
2021-11-23;USD_OIS_SOFR_5Y;0.000367;0.000633
2021-11-24;USD_OIS_SOFR_5Y;0.000371;0.000629
2021-11-26;USD_OIS_SOFR_5Y;0.000375;0.000625
2021-11-29;USD_OIS_SOFR_5Y;0.000379;0.000621
2021-11-30;USD_OIS_SOFR_5Y;0.000383;0.000617
2021-12-01;USD_OIS_SOFR_5Y;0.000386;0.000614
2021-12-02;USD_OIS_SOFR_5Y;0.00039;0.00061
2021-12-03;USD_OIS_SOFR_5Y;0.000393;0.000607
2021-12-06;USD_OIS_SOFR_5Y;0.000396;0.000604
2021-12-07;USD_OIS_SOFR_5Y;0.000399;0.000601
2021-12-08;USD_OIS_SOFR_5Y;0.0004;0.0006
2021-12-09;USD_OIS_SOFR_5Y;0.0004;0.0006
2021-12-10;USD_OIS_SOFR_5Y;0.0004;0.0006
2021-12-13;USD_OIS_SOFR_5Y;0.0004;0.0006
2021-12-14;USD_OIS_SOFR_5Y;0.0004;0.0006
2021-12-15;USD_OIS_SOFR_5Y;0.0004;0.0006
2021-12-16;USD_OIS_SOFR_5Y;0.0004;0.0006
2021-12-17;USD_OIS_SOFR_5Y;0.0004;0.0006
2021-12-20;USD_OIS_SOFR_5Y;0.000288;0.000512
2021-12-21;USD_OIS_SOFR_5Y;0.000364;0.000636
2021-12-22;USD_OIS_SOFR_5Y;0.000368;0.000632
2021-12-23;USD_OIS_SOFR_5Y;0.000372;0.000628
2021-12-27;USD_OIS_SOFR_5Y;0.000376;0.000624
2021-12-28;USD_OIS_SOFR_5Y;0.00038;0.00062
2021-12-29;USD_OIS_SOFR_5Y;0.000383;0.000617
2021-12-30;USD_OIS_SOFR_5Y;0.000387;0.000613
2021-12-31;USD_OIS_SOFR_5Y;0.00039;0.00061
2022-01-03;USD_OIS_SOFR_5Y;0.000394;0.000606
2022-01-04;USD_OIS_SOFR_5Y;0.000397;0.000603
2022-01-05;USD_OIS_SOFR_5Y;0.0004;0.0006
2022-01-06;USD_OIS_SOFR_5Y;0.0004;0.0006
2022-01-07;USD_OIS_SOFR_5Y;0.0004;0.0006
2022-01-10;USD_OIS_SOFR_5Y;0.0004;0.0006
2022-01-11;USD_OIS_SOFR_5Y;0.0004;0.0006
2022-01-12;USD_OIS_SOFR_5Y;0.0004;0.0006
2022-01-13;USD_OIS_SOFR_5Y;0.0004;0.0006
2022-01-14;USD_OIS_SOFR_5Y;0.0004;0.0006
2022-01-18;USD_OIS_SOFR_5Y;0.0004;0.0006
2022-01-19;USD_OIS_SOFR_5Y;0.0004;0.0006
2022-01-20;USD_OIS_SOFR_5Y;0.00029;0.00051
2022-01-21;USD_OIS_SOFR_5Y;0.000365;0.000635
2022-01-24;USD_OIS_SOFR_5Y;0.000246;0.000554
2022-01-25;USD_OIS_SOFR_5Y;0.000329;0.000671
2022-01-26;USD_OIS_SOFR_5Y;0.000215;0.000585
2022-01-27;USD_OIS_SOFR_5Y;0.000221;0.000579
2022-01-28;USD_OIS_SOFR_5Y;0.000308;0.000692
2022-01-31;USD_OIS_SOFR_5Y;0.000314;0.000686
2022-02-01;USD_OIS_SOFR_5Y;0.000319;0.000681
2022-02-02;USD_OIS_SOFR_5Y;0.000325;0.000675
2022-02-03;USD_OIS_SOFR_5Y;0.00033;0.00067
2022-02-04;USD_OIS_SOFR_5Y;0.000335;0.000665
2022-02-07;USD_OIS_SOFR_5Y;0.00034;0.00066
2022-02-08;USD_OIS_SOFR_5Y;0.000345;0.000655
2022-02-09;USD_OIS_SOFR_5Y;0.000229;0.000571
2022-02-10;USD_OIS_SOFR_5Y;0.000315;0.000685
2022-02-11;USD_OIS_SOFR_5Y;0.000321;0.000679
2022-02-14;USD_OIS_SOFR_5Y;0.000326;0.000674
2022-02-15;USD_OIS_SOFR_5Y;0.000331;0.000669
2022-02-16;USD_OIS_SOFR_5Y;0.000336;0.000664
2022-02-17;USD_OIS_SOFR_5Y;0.000341;0.000659
2022-02-18;USD_OIS_SOFR_5Y;0.000346;0.000654
2022-02-22;USD_OIS_SOFR_5Y;0.000351;0.000649
2022-02-23;USD_OIS_SOFR_5Y;0.000356;0.000644
2022-02-24;USD_OIS_SOFR_5Y;0.00036;0.00064
2022-02-25;USD_OIS_SOFR_5Y;0.000364;0.000636
2022-02-28;USD_OIS_SOFR_5Y;0.000368;0.000632
2022-03-01;USD_OIS_SOFR_5Y;0.000372;0.000628
2022-03-02;USD_OIS_SOFR_5Y;0.000376;0.000624
2022-03-03;USD_OIS_SOFR_5Y;0.00038;0.00062
2022-03-04;USD_OIS_SOFR_5Y;0.000384;0.000616
2022-03-07;USD_OIS_SOFR_5Y;0.000387;0.000613
2022-03-08;USD_OIS_SOFR_5Y;0.000391;0.000609
2022-03-09;USD_OIS_SOFR_5Y;0.000394;0.000606
2022-03-10;USD_OIS_SOFR_5Y;0.000397;0.000603
2022-03-11;USD_OIS_SOFR_5Y;0.0004;0.0006
2022-03-14;USD_OIS_SOFR_5Y;0.0004;0.0006
2022-03-15;USD_OIS_SOFR_5Y;0.0004;0.0006
2022-03-16;USD_OIS_SOFR_5Y;0.0004;0.0006
2022-03-17;USD_OIS_SOFR_5Y;0.000944;0.005056
2022-03-18;USD_OIS_SOFR_5Y;0.001007;0.004993
2022-03-21;USD_OIS_SOFR_5Y;0.000966;0.004834
2022-03-22;USD_OIS_SOFR_5Y;0.000923;0.004677
2022-03-23;USD_OIS_SOFR_5Y;0.000878;0.004522
2022-03-24;USD_OIS_SOFR_5Y;0.000934;0.004466
2022-03-25;USD_OIS_SOFR_5Y;0.001086;0.004514
2022-03-28;USD_OIS_SOFR_5Y;0.001138;0.004462
2022-03-29;USD_OIS_SOFR_5Y;0.001188;0.004412
2022-03-30;USD_OIS_SOFR_5Y;0.001135;0.004265
2022-03-31;USD_OIS_SOFR_5Y;0.001374;0.004426
2022-04-01;USD_OIS_SOFR_5Y;0.001518;0.004482
2022-04-04;USD_OIS_SOFR_5Y;0.001563;0.004437
2022-04-05;USD_OIS_SOFR_5Y;0.001607;0.004393
2022-04-06;USD_OIS_SOFR_5Y;0.00165;0.00435
2022-04-07;USD_OIS_SOFR_5Y;0.001691;0.004309
2022-04-08;USD_OIS_SOFR_5Y;0.001731;0.004269
2022-04-11;USD_OIS_SOFR_5Y;0.001769;0.004231
2022-04-12;USD_OIS_SOFR_5Y;0.001704;0.004096
2022-04-13;USD_OIS_SOFR_5Y;0.00174;0.00406
2022-04-14;USD_OIS_SOFR_5Y;0.001776;0.004024
2022-04-18;USD_OIS_SOFR_5Y;0.00181;0.00399
2022-04-19;USD_OIS_SOFR_5Y;0.00174;0.00386
2022-04-20;USD_OIS_SOFR_5Y;0.001669;0.003731
2022-04-21;USD_OIS_SOFR_5Y;0.001597;0.003603
2022-04-22;USD_OIS_SOFR_5Y;0.001724;0.003676
2022-04-25;USD_OIS_SOFR_5Y;0.001754;0.003646
2022-04-26;USD_OIS_SOFR_5Y;0.001783;0.003617
2022-04-27;USD_OIS_SOFR_5Y;0.001907;0.003693
2022-04-28;USD_OIS_SOFR_5Y;0.001934;0.003666
2022-04-29;USD_OIS_SOFR_5Y;0.00196;0.00364
2022-05-02;USD_OIS_SOFR_5Y;0.00217;0.00383
2022-05-03;USD_OIS_SOFR_5Y;0.002195;0.003805
2022-05-04;USD_OIS_SOFR_5Y;0.002219;0.003781
2022-05-05;USD_OIS_SOFR_5Y;0.003804;0.011996
2022-05-06;USD_OIS_SOFR_5Y;0.003828;0.011772
2022-05-09;USD_OIS_SOFR_5Y;0.003949;0.011651
2022-05-10;USD_OIS_SOFR_5Y;0.004066;0.011534
2022-05-11;USD_OIS_SOFR_5Y;0.00418;0.01142
2022-05-12;USD_OIS_SOFR_5Y;0.004389;0.011411
2022-05-13;USD_OIS_SOFR_5Y;0.004496;0.011304
2022-05-16;USD_OIS_SOFR_5Y;0.004699;0.011301
2022-05-17;USD_OIS_SOFR_5Y;0.004799;0.011201
2022-05-18;USD_OIS_SOFR_5Y;0.004796;0.011004
2022-05-19;USD_OIS_SOFR_5Y;0.00489;0.01091
2022-05-20;USD_OIS_SOFR_5Y;0.004881;0.010719
2022-05-23;USD_OIS_SOFR_5Y;0.00497;0.01063
2022-05-24;USD_OIS_SOFR_5Y;0.005056;0.010544
2022-05-25;USD_OIS_SOFR_5Y;0.00514;0.01046
2022-05-26;USD_OIS_SOFR_5Y;0.005221;0.010379
2022-05-27;USD_OIS_SOFR_5Y;0.005299;0.010301
2022-05-31;USD_OIS_SOFR_5Y;0.005474;0.010326
2022-06-01;USD_OIS_SOFR_5Y;0.005646;0.010354
2022-06-02;USD_OIS_SOFR_5Y;0.005617;0.010183
2022-06-03;USD_OIS_SOFR_5Y;0.005585;0.010015
2022-06-06;USD_OIS_SOFR_5Y;0.005652;0.009948
2022-06-07;USD_OIS_SOFR_5Y;0.005616;0.009784
2022-06-08;USD_OIS_SOFR_5Y;0.005578;0.009622
2022-06-09;USD_OIS_SOFR_5Y;0.005538;0.009462
2022-06-10;USD_OIS_SOFR_5Y;0.005597;0.009403
2022-06-13;USD_OIS_SOFR_5Y;0.005448;0.009152
2022-06-14;USD_OIS_SOFR_5Y;0.005075;0.008725
2022-06-15;USD_OIS_SOFR_5Y;0.005228;0.008772
2022-06-16;USD_OIS_SOFR_5Y;0.008103;0.020897
2022-06-17;USD_OIS_SOFR_5Y;0.008298;0.020702
2022-06-21;USD_OIS_SOFR_5Y;0.008487;0.020513
2022-06-22;USD_OIS_SOFR_5Y;0.00867;0.02033
2022-06-23;USD_OIS_SOFR_5Y;0.008747;0.020053
2022-06-24;USD_OIS_SOFR_5Y;0.009117;0.020083
2022-06-27;USD_OIS_SOFR_5Y;0.009674;0.020326
2022-06-28;USD_OIS_SOFR_5Y;0.010033;0.020367
2022-06-29;USD_OIS_SOFR_5Y;0.01009;0.02011
2022-06-30;USD_OIS_SOFR_5Y;0.010142;0.019858
2022-07-01;USD_OIS_SOFR_5Y;0.010487;0.019913
2022-07-05;USD_OIS_SOFR_5Y;0.010828;0.019972
2022-07-06;USD_OIS_SOFR_5Y;0.010967;0.019833
2022-07-07;USD_OIS_SOFR_5Y;0.011102;0.019698
2022-07-08;USD_OIS_SOFR_5Y;0.011132;0.019468
2022-07-11;USD_OIS_SOFR_5Y;0.011259;0.019341
2022-07-12;USD_OIS_SOFR_5Y;0.011482;0.019318
2022-07-13;USD_OIS_SOFR_5Y;0.0115;0.0191
2022-07-14;USD_OIS_SOFR_5Y;0.011616;0.018984
2022-07-15;USD_OIS_SOFR_5Y;0.011827;0.018973
2022-07-18;USD_OIS_SOFR_5Y;0.011936;0.018864
2022-07-19;USD_OIS_SOFR_5Y;0.012041;0.018759
2022-07-20;USD_OIS_SOFR_5Y;0.012043;0.018557
2022-07-21;USD_OIS_SOFR_5Y;0.012142;0.018458
2022-07-22;USD_OIS_SOFR_5Y;0.012137;0.018263
2022-07-25;USD_OIS_SOFR_5Y;0.012329;0.018271
2022-07-26;USD_OIS_SOFR_5Y;0.01242;0.01818
2022-07-27;USD_OIS_SOFR_5Y;0.012507;0.018093
2022-07-28;USD_OIS_SOFR_5Y;0.01607;0.02953
2022-07-29;USD_OIS_SOFR_5Y;0.016174;0.029226
2022-08-01;USD_OIS_SOFR_5Y;0.016472;0.029128
2022-08-02;USD_OIS_SOFR_5Y;0.016863;0.029137
2022-08-03;USD_OIS_SOFR_5Y;0.016949;0.028851
2022-08-04;USD_OIS_SOFR_5Y;0.017131;0.028669
2022-08-05;USD_OIS_SOFR_5Y;0.017206;0.028394
2022-08-08;USD_OIS_SOFR_5Y;0.017376;0.028224
2022-08-09;USD_OIS_SOFR_5Y;0.017641;0.028159
2022-08-10;USD_OIS_SOFR_5Y;0.0177;0.0279
2022-08-11;USD_OIS_SOFR_5Y;0.017856;0.027744
2022-08-12;USD_OIS_SOFR_5Y;0.018006;0.027594
2022-08-15;USD_OIS_SOFR_5Y;0.018252;0.027548
2022-08-16;USD_OIS_SOFR_5Y;0.018393;0.027407
2022-08-17;USD_OIS_SOFR_5Y;0.01853;0.02727
2022-08-18;USD_OIS_SOFR_5Y;0.018563;0.027037
2022-08-19;USD_OIS_SOFR_5Y;0.018692;0.026908
2022-08-22;USD_OIS_SOFR_5Y;0.018817;0.026783
2022-08-23;USD_OIS_SOFR_5Y;0.018838;0.026562
2022-08-24;USD_OIS_SOFR_5Y;0.018955;0.026445
2022-08-25;USD_OIS_SOFR_5Y;0.019168;0.026432
2022-08-26;USD_OIS_SOFR_5Y;0.019279;0.026321
2022-08-29;USD_OIS_SOFR_5Y;0.019386;0.026214
2022-08-30;USD_OIS_SOFR_5Y;0.019589;0.026211
2022-08-31;USD_OIS_SOFR_5Y;0.01969;0.02611
2022-09-01;USD_OIS_SOFR_5Y;0.019788;0.026012
2022-09-02;USD_OIS_SOFR_5Y;0.019883;0.025917
2022-09-06;USD_OIS_SOFR_5Y;0.019975;0.025825
2022-09-07;USD_OIS_SOFR_5Y;0.019963;0.025637
2022-09-08;USD_OIS_SOFR_5Y;0.020049;0.025551
2022-09-09;USD_OIS_SOFR_5Y;0.020133;0.025467
2022-09-12;USD_OIS_SOFR_5Y;0.020214;0.025386
2022-09-13;USD_OIS_SOFR_5Y;0.020293;0.025307
2022-09-14;USD_OIS_SOFR_5Y;0.020268;0.025132
2022-09-15;USD_OIS_SOFR_5Y;0.02044;0.02516
2022-09-16;USD_OIS_SOFR_5Y;0.020411;0.024989
2022-09-19;USD_OIS_SOFR_5Y;0.020481;0.024919
2022-09-20;USD_OIS_SOFR_5Y;0.020447;0.024753
2022-09-21;USD_OIS_SOFR_5Y;0.020411;0.024589
2022-09-22;USD_OIS_SOFR_5Y;0.023492;0.036308
2022-09-23;USD_OIS_SOFR_5Y;0.023687;0.036113
2022-09-26;USD_OIS_SOFR_5Y;0.023876;0.035924
2022-09-27;USD_OIS_SOFR_5Y;0.023959;0.035641
2022-09-28;USD_OIS_SOFR_5Y;0.024137;0.035463
2022-09-29;USD_OIS_SOFR_5Y;0.024107;0.035093
2022-09-30;USD_OIS_SOFR_5Y;0.024472;0.035128
2022-10-03;USD_OIS_SOFR_5Y;0.024832;0.035168
2022-10-04;USD_OIS_SOFR_5Y;0.025378;0.035422
2022-10-05;USD_OIS_SOFR_5Y;0.025531;0.035269
2022-10-06;USD_OIS_SOFR_5Y;0.025779;0.035221
2022-10-07;USD_OIS_SOFR_5Y;0.025923;0.035077
2022-10-11;USD_OIS_SOFR_5Y;0.026062;0.034938
2022-10-12;USD_OIS_SOFR_5Y;0.026097;0.034703
2022-10-13;USD_OIS_SOFR_5Y;0.026228;0.034572
2022-10-14;USD_OIS_SOFR_5Y;0.026355;0.034445
2022-10-17;USD_OIS_SOFR_5Y;0.026577;0.034423
2022-10-18;USD_OIS_SOFR_5Y;0.026596;0.034204
2022-10-19;USD_OIS_SOFR_5Y;0.026712;0.034088
2022-10-20;USD_OIS_SOFR_5Y;0.026723;0.033877
2022-10-21;USD_OIS_SOFR_5Y;0.026731;0.033669
2022-10-24;USD_OIS_SOFR_5Y;0.026736;0.033464
2022-10-25;USD_OIS_SOFR_5Y;0.026937;0.033463
2022-10-26;USD_OIS_SOFR_5Y;0.027136;0.033464
2022-10-27;USD_OIS_SOFR_5Y;0.027331;0.033469
2022-10-28;USD_OIS_SOFR_5Y;0.027523;0.033477
2022-10-31;USD_OIS_SOFR_5Y;0.027614;0.033386
2022-11-01;USD_OIS_SOFR_5Y;0.027702;0.033298
2022-11-02;USD_OIS_SOFR_5Y;0.027787;0.033213
2022-11-03;USD_OIS_SOFR_5Y;0.0313;0.0447
2022-11-04;USD_OIS_SOFR_5Y;0.031504;0.044496
2022-11-07;USD_OIS_SOFR_5Y;0.0315;0.0441
2022-11-08;USD_OIS_SOFR_5Y;0.031692;0.043908
2022-11-09;USD_OIS_SOFR_5Y;0.031878;0.043722
2022-11-10;USD_OIS_SOFR_5Y;0.032058;0.043542
2022-11-14;USD_OIS_SOFR_5Y;0.032333;0.043467
2022-11-15;USD_OIS_SOFR_5Y;0.032602;0.043398
2022-11-16;USD_OIS_SOFR_5Y;0.032866;0.043334
2022-11-17;USD_OIS_SOFR_5Y;0.032924;0.043076
2022-11-18;USD_OIS_SOFR_5Y;0.033079;0.042921
2022-11-21;USD_OIS_SOFR_5Y;0.033229;0.042771
2022-11-22;USD_OIS_SOFR_5Y;0.033374;0.042626
2022-11-23;USD_OIS_SOFR_5Y;0.033414;0.042386
2022-11-25;USD_OIS_SOFR_5Y;0.03365;0.04235
2022-11-28;USD_OIS_SOFR_5Y;0.033783;0.042217
2022-11-29;USD_OIS_SOFR_5Y;0.03401;0.04219
2022-11-30;USD_OIS_SOFR_5Y;0.034234;0.042166
2022-12-01;USD_OIS_SOFR_5Y;0.034355;0.042045
2022-12-02;USD_OIS_SOFR_5Y;0.034371;0.041829
2022-12-05;USD_OIS_SOFR_5Y;0.034485;0.041715
2022-12-06;USD_OIS_SOFR_5Y;0.034494;0.041506
2022-12-07;USD_OIS_SOFR_5Y;0.034601;0.041399
2022-12-08;USD_OIS_SOFR_5Y;0.034704;0.041296
2022-12-09;USD_OIS_SOFR_5Y;0.034805;0.041195
2022-12-12;USD_OIS_SOFR_5Y;0.034902;0.041098
2022-12-13;USD_OIS_SOFR_5Y;0.034996;0.041004
2022-12-14;USD_OIS_SOFR_5Y;0.035088;0.040912
2022-12-15;USD_OIS_SOFR_5Y;0.038079;0.048321
2022-12-16;USD_OIS_SOFR_5Y;0.038235;0.048165
2022-12-19;USD_OIS_SOFR_5Y;0.038184;0.047816
2022-12-20;USD_OIS_SOFR_5Y;0.03833;0.04767
2022-12-21;USD_OIS_SOFR_5Y;0.038473;0.047527
2022-12-22;USD_OIS_SOFR_5Y;0.03861;0.04739
2022-12-23;USD_OIS_SOFR_5Y;0.038744;0.047256
2022-12-27;USD_OIS_SOFR_5Y;0.038874;0.047126
2022-12-28;USD_OIS_SOFR_5Y;0.039;0.047
2022-12-29;USD_OIS_SOFR_5Y;0.039121;0.046879
2022-12-30;USD_OIS_SOFR_5Y;0.03924;0.04676
2023-01-03;USD_OIS_SOFR_5Y;0.039453;0.046747
2023-01-04;USD_OIS_SOFR_5Y;0.039463;0.046537
2023-01-05;USD_OIS_SOFR_5Y;0.03967;0.04653
2023-01-06;USD_OIS_SOFR_5Y;0.039775;0.046425
2023-01-09;USD_OIS_SOFR_5Y;0.039876;0.046324
2023-01-10;USD_OIS_SOFR_5Y;0.039974;0.046226
2023-01-11;USD_OIS_SOFR_5Y;0.039968;0.046032
2023-01-12;USD_OIS_SOFR_5Y;0.040061;0.045939
2023-01-13;USD_OIS_SOFR_5Y;0.04015;0.04585
2023-01-17;USD_OIS_SOFR_5Y;0.040336;0.045864
2023-01-18;USD_OIS_SOFR_5Y;0.040319;0.045681
2023-01-19;USD_OIS_SOFR_5Y;0.040499;0.045701
2023-01-20;USD_OIS_SOFR_5Y;0.040477;0.045523
2023-01-23;USD_OIS_SOFR_5Y;0.040554;0.045446
2023-01-24;USD_OIS_SOFR_5Y;0.040628;0.045372
2023-01-25;USD_OIS_SOFR_5Y;0.040799;0.045401
2023-01-26;USD_OIS_SOFR_5Y;0.040768;0.045232
2023-01-27;USD_OIS_SOFR_5Y;0.040836;0.045164
2023-01-30;USD_OIS_SOFR_5Y;0.040902;0.045098
2023-01-31;USD_OIS_SOFR_5Y;0.041064;0.045136
2023-02-01;USD_OIS_SOFR_5Y;0.041126;0.045074
2023-02-02;USD_OIS_SOFR_5Y;0.042793;0.048407
2023-02-03;USD_OIS_SOFR_5Y;0.042777;0.048223
2023-02-06;USD_OIS_SOFR_5Y;0.04286;0.04814
2023-02-07;USD_OIS_SOFR_5Y;0.04294;0.04806
2023-02-08;USD_OIS_SOFR_5Y;0.043018;0.047982
2023-02-09;USD_OIS_SOFR_5Y;0.043094;0.047906
2023-02-10;USD_OIS_SOFR_5Y;0.043167;0.047833
2023-02-13;USD_OIS_SOFR_5Y;0.043238;0.047762
2023-02-14;USD_OIS_SOFR_5Y;0.043307;0.047693
2023-02-15;USD_OIS_SOFR_5Y;0.043374;0.047626
2023-02-16;USD_OIS_SOFR_5Y;0.043439;0.047561
2023-02-17;USD_OIS_SOFR_5Y;0.043501;0.047499
2023-02-21;USD_OIS_SOFR_5Y;0.043562;0.047438
2023-02-22;USD_OIS_SOFR_5Y;0.043621;0.047379
2023-02-23;USD_OIS_SOFR_5Y;0.043679;0.047321
2023-02-24;USD_OIS_SOFR_5Y;0.043734;0.047266
2023-02-27;USD_OIS_SOFR_5Y;0.043788;0.047212
2023-02-28;USD_OIS_SOFR_5Y;0.04384;0.04716
2023-03-01;USD_OIS_SOFR_5Y;0.043891;0.047109
2023-03-02;USD_OIS_SOFR_5Y;0.04394;0.04706
2023-03-03;USD_OIS_SOFR_5Y;0.043987;0.047013
2023-03-06;USD_OIS_SOFR_5Y;0.044033;0.046967
2023-03-07;USD_OIS_SOFR_5Y;0.044078;0.046922
2023-03-08;USD_OIS_SOFR_5Y;0.044121;0.046879
2023-03-09;USD_OIS_SOFR_5Y;0.044163;0.046837
2023-03-10;USD_OIS_SOFR_5Y;0.044204;0.046796
2023-03-13;USD_OIS_SOFR_5Y;0.044243;0.046757
2023-03-14;USD_OIS_SOFR_5Y;0.044282;0.046718
2023-03-15;USD_OIS_SOFR_5Y;0.044593;0.047007
2023-03-16;USD_OIS_SOFR_5Y;0.044527;0.046873
2023-03-17;USD_OIS_SOFR_5Y;0.044351;0.046649
2023-03-20;USD_OIS_SOFR_5Y;0.044386;0.046614
2023-03-21;USD_OIS_SOFR_5Y;0.04442;0.04658
2023-03-22;USD_OIS_SOFR_5Y;0.044453;0.046547
2023-03-23;USD_OIS_SOFR_5Y;0.045709;0.050291
2023-03-24;USD_OIS_SOFR_5Y;0.045779;0.050221
2023-03-27;USD_OIS_SOFR_5Y;0.045945;0.050255
2023-03-28;USD_OIS_SOFR_5Y;0.046296;0.050504
2023-03-29;USD_OIS_SOFR_5Y;0.046258;0.050342
2023-03-30;USD_OIS_SOFR_5Y;0.046219;0.050181
2023-03-31;USD_OIS_SOFR_5Y;0.046736;0.050664
2023-04-03;USD_OIS_SOFR_5Y;0.04648;0.05032
2023-04-04;USD_OIS_SOFR_5Y;0.046436;0.050164
2023-04-05;USD_OIS_SOFR_5Y;0.046286;0.049914
2023-04-06;USD_OIS_SOFR_5Y;0.046341;0.049859
2023-04-10;USD_OIS_SOFR_5Y;0.046395;0.049805
2023-04-11;USD_OIS_SOFR_5Y;0.046345;0.049655
2023-04-12;USD_OIS_SOFR_5Y;0.046395;0.049605
2023-04-13;USD_OIS_SOFR_5Y;0.046444;0.049556
2023-04-14;USD_OIS_SOFR_5Y;0.046491;0.049509
2023-04-17;USD_OIS_SOFR_5Y;0.046537;0.049463
2023-04-18;USD_OIS_SOFR_5Y;0.046582;0.049418
2023-04-19;USD_OIS_SOFR_5Y;0.046625;0.049375
2023-04-20;USD_OIS_SOFR_5Y;0.046667;0.049333
2023-04-21;USD_OIS_SOFR_5Y;0.046708;0.049292
2023-04-24;USD_OIS_SOFR_5Y;0.046747;0.049253
2023-04-25;USD_OIS_SOFR_5Y;0.046785;0.049215
2023-04-26;USD_OIS_SOFR_5Y;0.046822;0.049178
2023-04-27;USD_OIS_SOFR_5Y;0.046955;0.049245
2023-04-28;USD_OIS_SOFR_5Y;0.04699;0.04921
2023-05-01;USD_OIS_SOFR_5Y;0.047024;0.049176
2023-05-02;USD_OIS_SOFR_5Y;0.047056;0.049144
2023-05-03;USD_OIS_SOFR_5Y;0.047088;0.049112
2023-05-04;USD_OIS_SOFR_5Y;0.048324;0.052876
2023-05-05;USD_OIS_SOFR_5Y;0.048393;0.052807
2023-05-08;USD_OIS_SOFR_5Y;0.04846;0.05274
2023-05-09;USD_OIS_SOFR_5Y;0.048526;0.052674
2023-05-10;USD_OIS_SOFR_5Y;0.048589;0.052611
2023-05-11;USD_OIS_SOFR_5Y;0.048548;0.052452
2023-05-12;USD_OIS_SOFR_5Y;0.048608;0.052392
2023-05-15;USD_OIS_SOFR_5Y;0.048764;0.052436
2023-05-16;USD_OIS_SOFR_5Y;0.048718;0.052282
2023-05-17;USD_OIS_SOFR_5Y;0.048772;0.052228
2023-05-18;USD_OIS_SOFR_5Y;0.048825;0.052175
2023-05-19;USD_OIS_SOFR_5Y;0.048876;0.052124
2023-05-22;USD_OIS_SOFR_5Y;0.048925;0.052075
2023-05-23;USD_OIS_SOFR_5Y;0.048973;0.052027
2023-05-24;USD_OIS_SOFR_5Y;0.04902;0.05198
2023-05-25;USD_OIS_SOFR_5Y;0.049162;0.052038
2023-05-26;USD_OIS_SOFR_5Y;0.049206;0.051994
2023-05-30;USD_OIS_SOFR_5Y;0.049249;0.051951
2023-05-31;USD_OIS_SOFR_5Y;0.04948;0.05212
2023-06-01;USD_OIS_SOFR_5Y;0.04952;0.05208
2023-06-02;USD_OIS_SOFR_5Y;0.049456;0.051944
2023-06-05;USD_OIS_SOFR_5Y;0.049391;0.051809
2023-06-06;USD_OIS_SOFR_5Y;0.049325;0.051675
2023-06-07;USD_OIS_SOFR_5Y;0.049361;0.051639
2023-06-08;USD_OIS_SOFR_5Y;0.049396;0.051604
2023-06-09;USD_OIS_SOFR_5Y;0.049429;0.051571
2023-06-12;USD_OIS_SOFR_5Y;0.049462;0.051538
2023-06-13;USD_OIS_SOFR_5Y;0.049493;0.051507
2023-06-14;USD_OIS_SOFR_5Y;0.049524;0.051476
2023-06-15;USD_OIS_SOFR_5Y;0.04965;0.05155
2023-06-16;USD_OIS_SOFR_5Y;0.049576;0.051424
2023-06-20;USD_OIS_SOFR_5Y;0.049604;0.051396
2023-06-21;USD_OIS_SOFR_5Y;0.049631;0.051369
2023-06-22;USD_OIS_SOFR_5Y;0.049658;0.051342
2023-06-23;USD_OIS_SOFR_5Y;0.049683;0.051317
2023-06-26;USD_OIS_SOFR_5Y;0.049708;0.051292
2023-06-27;USD_OIS_SOFR_5Y;0.049732;0.051268
2023-06-28;USD_OIS_SOFR_5Y;0.049851;0.051349
2023-06-29;USD_OIS_SOFR_5Y;0.049874;0.051326
2023-06-30;USD_OIS_SOFR_5Y;0.050154;0.051646
2023-07-03;USD_OIS_SOFR_5Y;0.049836;0.051364
2023-07-05;USD_OIS_SOFR_5Y;0.049859;0.051341
2023-07-06;USD_OIS_SOFR_5Y;0.049882;0.051318
2023-07-07;USD_OIS_SOFR_5Y;0.049904;0.051296
2023-07-10;USD_OIS_SOFR_5Y;0.049925;0.051275
2023-07-11;USD_OIS_SOFR_5Y;0.049945;0.051255
2023-07-12;USD_OIS_SOFR_5Y;0.04986;0.05114
2023-07-13;USD_OIS_SOFR_5Y;0.049974;0.051226
2023-07-14;USD_OIS_SOFR_5Y;0.049888;0.051112
2023-07-17;USD_OIS_SOFR_5Y;0.050001;0.051199
2023-07-18;USD_OIS_SOFR_5Y;0.050019;0.051181
2023-07-19;USD_OIS_SOFR_5Y;0.049931;0.051069
2023-07-20;USD_OIS_SOFR_5Y;0.050042;0.051158
2023-07-21;USD_OIS_SOFR_5Y;0.049953;0.051047
2023-07-24;USD_OIS_SOFR_5Y;0.049969;0.051031
2023-07-25;USD_OIS_SOFR_5Y;0.050079;0.051121
2023-07-26;USD_OIS_SOFR_5Y;0.050095;0.051105
2023-07-27;USD_OIS_SOFR_5Y;0.050988;0.055212
2023-07-28;USD_OIS_SOFR_5Y;0.050951;0.055049
2023-07-31;USD_OIS_SOFR_5Y;0.051112;0.055088
2023-08-01;USD_OIS_SOFR_5Y;0.051172;0.055028
2023-08-02;USD_OIS_SOFR_5Y;0.051129;0.054871
2023-08-03;USD_OIS_SOFR_5Y;0.051186;0.054814
2023-08-04;USD_OIS_SOFR_5Y;0.051242;0.054758
2023-08-07;USD_OIS_SOFR_5Y;0.051295;0.054705
2023-08-08;USD_OIS_SOFR_5Y;0.051347;0.054653
2023-08-09;USD_OIS_SOFR_5Y;0.051397;0.054603
2023-08-10;USD_OIS_SOFR_5Y;0.051446;0.054554
2023-08-11;USD_OIS_SOFR_5Y;0.051494;0.054506
2023-08-14;USD_OIS_SOFR_5Y;0.051539;0.054461
2023-08-15;USD_OIS_SOFR_5Y;0.051584;0.054416
2023-08-16;USD_OIS_SOFR_5Y;0.051627;0.054373
2023-08-17;USD_OIS_SOFR_5Y;0.051669;0.054331
2023-08-18;USD_OIS_SOFR_5Y;0.051709;0.054291
2023-08-21;USD_OIS_SOFR_5Y;0.051749;0.054251
2023-08-22;USD_OIS_SOFR_5Y;0.051787;0.054213
2023-08-23;USD_OIS_SOFR_5Y;0.051824;0.054176
2023-08-24;USD_OIS_SOFR_5Y;0.05186;0.05414
2023-08-25;USD_OIS_SOFR_5Y;0.051894;0.054106
2023-08-28;USD_OIS_SOFR_5Y;0.051928;0.054072
2023-08-29;USD_OIS_SOFR_5Y;0.051961;0.054039
2023-08-30;USD_OIS_SOFR_5Y;0.051992;0.054008
2023-08-31;USD_OIS_SOFR_5Y;0.05212;0.05408
2023-09-01;USD_OIS_SOFR_5Y;0.05215;0.05405
2023-09-05;USD_OIS_SOFR_5Y;0.052179;0.054021
2023-09-06;USD_OIS_SOFR_5Y;0.052103;0.053897
2023-09-07;USD_OIS_SOFR_5Y;0.052226;0.053974
2023-09-08;USD_OIS_SOFR_5Y;0.052149;0.053851
2023-09-11;USD_OIS_SOFR_5Y;0.052175;0.053825
2023-09-12;USD_OIS_SOFR_5Y;0.0522;0.0538
2023-09-13;USD_OIS_SOFR_5Y;0.052224;0.053776
2023-09-14;USD_OIS_SOFR_5Y;0.052248;0.053752
2023-09-15;USD_OIS_SOFR_5Y;0.052366;0.053834
2023-09-18;USD_OIS_SOFR_5Y;0.052389;0.053811
2023-09-19;USD_OIS_SOFR_5Y;0.05241;0.05379
2023-09-20;USD_OIS_SOFR_5Y;0.052326;0.053674
2023-09-21;USD_OIS_SOFR_5Y;0.052347;0.053653
2023-09-22;USD_OIS_SOFR_5Y;0.052367;0.053633
2023-09-25;USD_OIS_SOFR_5Y;0.052481;0.053719
2023-09-26;USD_OIS_SOFR_5Y;0.052499;0.053701
2023-09-27;USD_OIS_SOFR_5Y;0.052612;0.053788
2023-09-28;USD_OIS_SOFR_5Y;0.052524;0.053676
2023-09-29;USD_OIS_SOFR_5Y;0.052542;0.053658
2023-10-02;USD_OIS_SOFR_5Y;0.052652;0.053748
2023-10-03;USD_OIS_SOFR_5Y;0.052763;0.053837
2023-10-04;USD_OIS_SOFR_5Y;0.052673;0.053727
2023-10-05;USD_OIS_SOFR_5Y;0.052689;0.053711
2023-10-06;USD_OIS_SOFR_5Y;0.052597;0.053603
2023-10-10;USD_OIS_SOFR_5Y;0.052613;0.053587
2023-10-11;USD_OIS_SOFR_5Y;0.052628;0.053572
2023-10-12;USD_OIS_SOFR_5Y;0.052642;0.053558
2023-10-13;USD_OIS_SOFR_5Y;0.052656;0.053544
2023-10-16;USD_OIS_SOFR_5Y;0.05267;0.05353
2023-10-17;USD_OIS_SOFR_5Y;0.052683;0.053517
2023-10-18;USD_OIS_SOFR_5Y;0.052587;0.053413
2023-10-19;USD_OIS_SOFR_5Y;0.0526;0.0534
2023-10-20;USD_OIS_SOFR_5Y;0.052612;0.053388
2023-10-23;USD_OIS_SOFR_5Y;0.052624;0.053376
2023-10-24;USD_OIS_SOFR_5Y;0.052635;0.053365
2023-10-25;USD_OIS_SOFR_5Y;0.052646;0.053354
2023-10-26;USD_OIS_SOFR_5Y;0.052747;0.053453
2023-10-27;USD_OIS_SOFR_5Y;0.052758;0.053442
2023-10-30;USD_OIS_SOFR_5Y;0.052768;0.053432
2023-10-31;USD_OIS_SOFR_5Y;0.05304;0.05396
2023-11-01;USD_OIS_SOFR_5Y;0.052691;0.053709
2023-11-02;USD_OIS_SOFR_5Y;0.052799;0.053801
2023-11-03;USD_OIS_SOFR_5Y;0.052708;0.053692
2023-11-06;USD_OIS_SOFR_5Y;0.052723;0.053677
2023-11-07;USD_OIS_SOFR_5Y;0.052737;0.053663
2023-11-08;USD_OIS_SOFR_5Y;0.052751;0.053649
2023-11-09;USD_OIS_SOFR_5Y;0.052765;0.053635
2023-11-10;USD_OIS_SOFR_5Y;0.052778;0.053622
2023-11-13;USD_OIS_SOFR_5Y;0.052791;0.053609
2023-11-14;USD_OIS_SOFR_5Y;0.052804;0.053596
2023-11-15;USD_OIS_SOFR_5Y;0.052816;0.053584
2023-11-16;USD_OIS_SOFR_5Y;0.052827;0.053573
2023-11-17;USD_OIS_SOFR_5Y;0.052839;0.053561
2023-11-20;USD_OIS_SOFR_5Y;0.05274;0.05346
2023-11-21;USD_OIS_SOFR_5Y;0.052751;0.053449
2023-11-22;USD_OIS_SOFR_5Y;0.052762;0.053438
2023-11-24;USD_OIS_SOFR_5Y;0.052862;0.053538
2023-11-27;USD_OIS_SOFR_5Y;0.052872;0.053528
2023-11-28;USD_OIS_SOFR_5Y;0.052882;0.053518
2023-11-29;USD_OIS_SOFR_5Y;0.052781;0.053419
2023-11-30;USD_OIS_SOFR_5Y;0.05295;0.05365
2023-12-01;USD_OIS_SOFR_5Y;0.053302;0.054498
2023-12-04;USD_OIS_SOFR_5Y;0.053097;0.054303
2023-12-05;USD_OIS_SOFR_5Y;0.052629;0.053971
2023-12-06;USD_OIS_SOFR_5Y;0.052545;0.053855
2023-12-07;USD_OIS_SOFR_5Y;0.052565;0.053835
2023-12-08;USD_OIS_SOFR_5Y;0.052584;0.053816
2023-12-11;USD_OIS_SOFR_5Y;0.052603;0.053797
2023-12-12;USD_OIS_SOFR_5Y;0.052515;0.053685
2023-12-13;USD_OIS_SOFR_5Y;0.052533;0.053667
2023-12-14;USD_OIS_SOFR_5Y;0.05255;0.05365
2023-12-15;USD_OIS_SOFR_5Y;0.052661;0.053739
2023-12-18;USD_OIS_SOFR_5Y;0.052677;0.053723
2023-12-19;USD_OIS_SOFR_5Y;0.052586;0.053614
2023-12-20;USD_OIS_SOFR_5Y;0.052602;0.053598
2023-12-21;USD_OIS_SOFR_5Y;0.052617;0.053583
2023-12-22;USD_OIS_SOFR_5Y;0.052725;0.053675
2023-12-26;USD_OIS_SOFR_5Y;0.052977;0.054023
2023-12-27;USD_OIS_SOFR_5Y;0.053296;0.054504
2023-12-28;USD_OIS_SOFR_5Y;0.053409;0.054591
2023-12-29;USD_OIS_SOFR_5Y;0.053204;0.054396
2024-01-02;USD_OIS_SOFR_5Y;0.053399;0.054601
2024-01-03;USD_OIS_SOFR_5Y;0.053311;0.054489
2024-01-04;USD_OIS_SOFR_5Y;0.05239;0.05401
2024-01-05;USD_OIS_SOFR_5Y;0.05231;0.05389
2024-01-08;USD_OIS_SOFR_5Y;0.052334;0.053866
2024-01-09;USD_OIS_SOFR_5Y;0.052358;0.053842
2024-01-10;USD_OIS_SOFR_5Y;0.05238;0.05382
2024-01-11;USD_OIS_SOFR_5Y;0.052402;0.053798
2024-01-12;USD_OIS_SOFR_5Y;0.052423;0.053777
2024-01-16;USD_OIS_SOFR_5Y;0.052539;0.053861
2024-01-17;USD_OIS_SOFR_5Y;0.052559;0.053841
2024-01-18;USD_OIS_SOFR_5Y;0.052473;0.053727
2024-01-19;USD_OIS_SOFR_5Y;0.052492;0.053708
2024-01-22;USD_OIS_SOFR_5Y;0.052511;0.053689
2024-01-23;USD_OIS_SOFR_5Y;0.052529;0.053671
2024-01-24;USD_OIS_SOFR_5Y;0.052546;0.053654
2024-01-25;USD_OIS_SOFR_5Y;0.052657;0.053743
2024-01-26;USD_OIS_SOFR_5Y;0.052673;0.053727
2024-01-29;USD_OIS_SOFR_5Y;0.052583;0.053617
2024-01-30;USD_OIS_SOFR_5Y;0.052599;0.053601
2024-01-31;USD_OIS_SOFR_5Y;0.052707;0.053693
2024-02-01;USD_OIS_SOFR_5Y;0.052722;0.053678
2024-02-02;USD_OIS_SOFR_5Y;0.052737;0.053663
2024-02-05;USD_OIS_SOFR_5Y;0.052643;0.053557
2024-02-06;USD_OIS_SOFR_5Y;0.052657;0.053543
2024-02-07;USD_OIS_SOFR_5Y;0.052671;0.053529
2024-02-08;USD_OIS_SOFR_5Y;0.052684;0.053516
2024-02-09;USD_OIS_SOFR_5Y;0.052696;0.053504
2024-02-12;USD_OIS_SOFR_5Y;0.052709;0.053491
2024-02-13;USD_OIS_SOFR_5Y;0.052721;0.053479
2024-02-14;USD_OIS_SOFR_5Y;0.052623;0.053377
2024-02-15;USD_OIS_SOFR_5Y;0.052725;0.053475
2024-02-16;USD_OIS_SOFR_5Y;0.052628;0.053372
2024-02-20;USD_OIS_SOFR_5Y;0.052639;0.053361
2024-02-21;USD_OIS_SOFR_5Y;0.05265;0.05335
2024-02-22;USD_OIS_SOFR_5Y;0.052661;0.053339
2024-02-23;USD_OIS_SOFR_5Y;0.052761;0.053439
2024-02-26;USD_OIS_SOFR_5Y;0.052771;0.053429
2024-02-27;USD_OIS_SOFR_5Y;0.052781;0.053419
2024-02-28;USD_OIS_SOFR_5Y;0.052791;0.053409
2024-02-29;USD_OIS_SOFR_5Y;0.052889;0.053511
2024-03-01;USD_OIS_SOFR_5Y;0.052788;0.053412
2024-03-04;USD_OIS_SOFR_5Y;0.052797;0.053403
2024-03-05;USD_OIS_SOFR_5Y;0.052807;0.053393
2024-03-06;USD_OIS_SOFR_5Y;0.052815;0.053385
2024-03-07;USD_OIS_SOFR_5Y;0.052824;0.053376
2024-03-08;USD_OIS_SOFR_5Y;0.052833;0.053367
2024-03-11;USD_OIS_SOFR_5Y;0.052841;0.053359
2024-03-12;USD_OIS_SOFR_5Y;0.052849;0.053351
2024-03-13;USD_OIS_SOFR_5Y;0.052856;0.053344
2024-03-14;USD_OIS_SOFR_5Y;0.052864;0.053336
2024-03-15;USD_OIS_SOFR_5Y;0.052871;0.053329
2024-03-18;USD_OIS_SOFR_5Y;0.052878;0.053322
2024-03-19;USD_OIS_SOFR_5Y;0.052885;0.053315
2024-03-20;USD_OIS_SOFR_5Y;0.052891;0.053309
2024-03-21;USD_OIS_SOFR_5Y;0.052898;0.053302
2024-03-22;USD_OIS_SOFR_5Y;0.052904;0.053296
2024-03-25;USD_OIS_SOFR_5Y;0.05291;0.05329
2024-03-26;USD_OIS_SOFR_5Y;0.052998;0.053402
2024-03-27;USD_OIS_SOFR_5Y;0.053088;0.053512
2024-03-28;USD_OIS_SOFR_5Y;0.053178;0.053622
2024-04-01;USD_OIS_SOFR_5Y;0.05327;0.05373
2024-04-02;USD_OIS_SOFR_5Y;0.053162;0.053638
2024-04-03;USD_OIS_SOFR_5Y;0.052917;0.053483
2024-04-04;USD_OIS_SOFR_5Y;0.052926;0.053474
2024-04-05;USD_OIS_SOFR_5Y;0.052934;0.053466
2024-04-08;USD_OIS_SOFR_5Y;0.052829;0.053371
2024-04-09;USD_OIS_SOFR_5Y;0.052838;0.053362
2024-04-10;USD_OIS_SOFR_5Y;0.052845;0.053355
2024-04-11;USD_OIS_SOFR_5Y;0.052853;0.053347
2024-04-12;USD_OIS_SOFR_5Y;0.052861;0.053339
2024-04-15;USD_OIS_SOFR_5Y;0.052954;0.053446
2024-04-16;USD_OIS_SOFR_5Y;0.052848;0.053352
2024-04-17;USD_OIS_SOFR_5Y;0.052855;0.053345
2024-04-18;USD_OIS_SOFR_5Y;0.052749;0.053251
2024-04-19;USD_OIS_SOFR_5Y;0.052843;0.053357
2024-04-22;USD_OIS_SOFR_5Y;0.052851;0.053349
2024-04-23;USD_OIS_SOFR_5Y;0.052859;0.053341
2024-04-24;USD_OIS_SOFR_5Y;0.052866;0.053334
2024-04-25;USD_OIS_SOFR_5Y;0.052873;0.053327
2024-04-26;USD_OIS_SOFR_5Y;0.052965;0.053435
2024-04-29;USD_OIS_SOFR_5Y;0.052972;0.053428
2024-04-30;USD_OIS_SOFR_5Y;0.053125;0.053675
2024-05-01;USD_OIS_SOFR_5Y;0.052887;0.053513
2024-05-02;USD_OIS_SOFR_5Y;0.052785;0.053415
2024-05-03;USD_OIS_SOFR_5Y;0.052795;0.053405
2024-05-06;USD_OIS_SOFR_5Y;0.052804;0.053396
2024-05-07;USD_OIS_SOFR_5Y;0.052813;0.053387
2024-05-08;USD_OIS_SOFR_5Y;0.052822;0.053378
2024-05-09;USD_OIS_SOFR_5Y;0.05283;0.05337
2024-05-10;USD_OIS_SOFR_5Y;0.052839;0.053361
2024-05-13;USD_OIS_SOFR_5Y;0.052847;0.053353
2024-05-14;USD_OIS_SOFR_5Y;0.052854;0.053346
2024-05-15;USD_OIS_SOFR_5Y;0.052862;0.053338
2024-05-16;USD_OIS_SOFR_5Y;0.052869;0.053331
2024-05-17;USD_OIS_SOFR_5Y;0.052876;0.053324
2024-05-20;USD_OIS_SOFR_5Y;0.052883;0.053317
2024-05-21;USD_OIS_SOFR_5Y;0.052889;0.053311
2024-05-22;USD_OIS_SOFR_5Y;0.052896;0.053304
2024-05-23;USD_OIS_SOFR_5Y;0.052902;0.053298
2024-05-24;USD_OIS_SOFR_5Y;0.052991;0.053409
2024-05-28;USD_OIS_SOFR_5Y;0.052998;0.053402
2024-05-29;USD_OIS_SOFR_5Y;0.053087;0.053513
2024-05-30;USD_OIS_SOFR_5Y;0.053094;0.053506
2024-05-31;USD_OIS_SOFR_5Y;0.053184;0.053616
2024-06-03;USD_OIS_SOFR_5Y;0.053275;0.053725
2024-06-04;USD_OIS_SOFR_5Y;0.053027;0.053573
2024-06-05;USD_OIS_SOFR_5Y;0.053035;0.053565
2024-06-06;USD_OIS_SOFR_5Y;0.053043;0.053557
2024-06-07;USD_OIS_SOFR_5Y;0.053051;0.053549
2024-06-10;USD_OIS_SOFR_5Y;0.052945;0.053455
2024-06-11;USD_OIS_SOFR_5Y;0.052953;0.053447
2024-06-12;USD_OIS_SOFR_5Y;0.052847;0.053353
2024-06-13;USD_OIS_SOFR_5Y;0.052854;0.053346
2024-06-14;USD_OIS_SOFR_5Y;0.052862;0.053338
2024-06-17;USD_OIS_SOFR_5Y;0.053017;0.053583
2024-06-18;USD_OIS_SOFR_5Y;0.053025;0.053575
2024-06-20;USD_OIS_SOFR_5Y;0.052921;0.053479
2024-06-21;USD_OIS_SOFR_5Y;0.052817;0.053383
2024-06-24;USD_OIS_SOFR_5Y;0.052826;0.053374
2024-06-25;USD_OIS_SOFR_5Y;0.052988;0.053612
2024-06-26;USD_OIS_SOFR_5Y;0.053086;0.053714
2024-06-27;USD_OIS_SOFR_5Y;0.053096;0.053704
2024-06-28;USD_OIS_SOFR_5Y;0.052994;0.053606
2024-07-01;USD_OIS_SOFR_5Y;0.053353;0.054647
2024-07-02;USD_OIS_SOFR_5Y;0.05275;0.05425
2024-07-03;USD_OIS_SOFR_5Y;0.052555;0.054045
2024-07-05;USD_OIS_SOFR_5Y;0.052473;0.053927
2024-07-08;USD_OIS_SOFR_5Y;0.052495;0.053905
2024-07-09;USD_OIS_SOFR_5Y;0.052697;0.054103
2024-07-10;USD_OIS_SOFR_5Y;0.052718;0.054082
2024-07-11;USD_OIS_SOFR_5Y;0.052739;0.054061
2024-07-12;USD_OIS_SOFR_5Y;0.052759;0.054041
2024-07-15;USD_OIS_SOFR_5Y;0.052779;0.054021
2024-07-16;USD_OIS_SOFR_5Y;0.052892;0.054108
2024-07-17;USD_OIS_SOFR_5Y;0.052911;0.054089
2024-07-18;USD_OIS_SOFR_5Y;0.052823;0.053977
2024-07-19;USD_OIS_SOFR_5Y;0.05284;0.05396
2024-07-22;USD_OIS_SOFR_5Y;0.052751;0.053849
2024-07-23;USD_OIS_SOFR_5Y;0.052861;0.053939
2024-07-24;USD_OIS_SOFR_5Y;0.052878;0.053922
2024-07-25;USD_OIS_SOFR_5Y;0.052987;0.054013
2024-07-26;USD_OIS_SOFR_5Y;0.053003;0.053997
2024-07-29;USD_OIS_SOFR_5Y;0.052791;0.053809
2024-07-30;USD_OIS_SOFR_5Y;0.052806;0.053794
2024-07-31;USD_OIS_SOFR_5Y;0.053169;0.054431
2024-08-01;USD_OIS_SOFR_5Y;0.052841;0.054159
2024-08-02;USD_OIS_SOFR_5Y;0.052861;0.054139
2024-08-05;USD_OIS_SOFR_5Y;0.052533;0.053867
2024-08-06;USD_OIS_SOFR_5Y;0.052648;0.053952
2024-08-07;USD_OIS_SOFR_5Y;0.052668;0.053932
2024-08-08;USD_OIS_SOFR_5Y;0.052782;0.054018
2024-08-09;USD_OIS_SOFR_5Y;0.052801;0.053999
2024-08-12;USD_OIS_SOFR_5Y;0.052819;0.053981
2024-08-13;USD_OIS_SOFR_5Y;0.052837;0.053963
2024-08-14;USD_OIS_SOFR_5Y;0.052748;0.053852
2024-08-15;USD_OIS_SOFR_5Y;0.05294;0.05406
2024-08-16;USD_OIS_SOFR_5Y;0.052603;0.053797
2024-08-19;USD_OIS_SOFR_5Y;0.052622;0.053778
2024-08-20;USD_OIS_SOFR_5Y;0.052639;0.053761
2024-08-21;USD_OIS_SOFR_5Y;0.05255;0.05365
2024-08-22;USD_OIS_SOFR_5Y;0.052567;0.053633
2024-08-23;USD_OIS_SOFR_5Y;0.052758;0.053842
2024-08-26;USD_OIS_SOFR_5Y;0.052868;0.053932
2024-08-27;USD_OIS_SOFR_5Y;0.052978;0.054022
2024-08-28;USD_OIS_SOFR_5Y;0.052993;0.054007
2024-08-29;USD_OIS_SOFR_5Y;0.052782;0.053818
2024-08-30;USD_OIS_SOFR_5Y;0.052691;0.053709
2024-09-03;USD_OIS_SOFR_5Y;0.05288;0.05392
2024-09-04;USD_OIS_SOFR_5Y;0.052989;0.054011
2024-09-05;USD_OIS_SOFR_5Y;0.053005;0.053995
2024-09-06;USD_OIS_SOFR_5Y;0.052913;0.053887
2024-09-09;USD_OIS_SOFR_5Y;0.052928;0.053872
2024-09-10;USD_OIS_SOFR_5Y;0.052835;0.053765
2024-09-11;USD_OIS_SOFR_5Y;0.052742;0.053658
2024-09-12;USD_OIS_SOFR_5Y;0.052848;0.053752
2024-09-13;USD_OIS_SOFR_5Y;0.052862;0.053738
2024-09-16;USD_OIS_SOFR_5Y;0.053209;0.054391
2024-09-17;USD_OIS_SOFR_5Y;0.053227;0.054373
2024-09-18;USD_OIS_SOFR_5Y;0.052609;0.053991
2024-09-19;USD_OIS_SOFR_5Y;0.043957;0.052443
2024-09-20;USD_OIS_SOFR_5Y;0.044185;0.052415
2024-09-23;USD_OIS_SOFR_5Y;0.044311;0.052289
2024-09-24;USD_OIS_SOFR_5Y;0.044531;0.052269
2024-09-25;USD_OIS_SOFR_5Y;0.044649;0.052151
2024-09-26;USD_OIS_SOFR_5Y;0.044662;0.051938
2024-09-27;USD_OIS_SOFR_5Y;0.044872;0.051928
2024-09-30;USD_OIS_SOFR_5Y;0.04604;0.05316
2024-10-01;USD_OIS_SOFR_5Y;0.046971;0.054029
2024-10-02;USD_OIS_SOFR_5Y;0.045615;0.052785
2024-10-03;USD_OIS_SOFR_5Y;0.044977;0.052023
2024-10-04;USD_OIS_SOFR_5Y;0.044881;0.051719
2024-10-07;USD_OIS_SOFR_5Y;0.044985;0.051615
2024-10-08;USD_OIS_SOFR_5Y;0.045185;0.051615
2024-10-09;USD_OIS_SOFR_5Y;0.045182;0.051418
2024-10-10;USD_OIS_SOFR_5Y;0.045175;0.051225
2024-10-11;USD_OIS_SOFR_5Y;0.045166;0.051034
2024-10-15;USD_OIS_SOFR_5Y;0.045726;0.051474
2024-10-16;USD_OIS_SOFR_5Y;0.045814;0.051386
2024-10-17;USD_OIS_SOFR_5Y;0.045797;0.051203
2024-10-18;USD_OIS_SOFR_5Y;0.045779;0.051021
2024-10-21;USD_OIS_SOFR_5Y;0.045653;0.050747
2024-10-22;USD_OIS_SOFR_5Y;0.045829;0.050771
2024-10-23;USD_OIS_SOFR_5Y;0.045905;0.050695
2024-10-24;USD_OIS_SOFR_5Y;0.045978;0.050622
2024-10-25;USD_OIS_SOFR_5Y;0.046048;0.050552
2024-10-28;USD_OIS_SOFR_5Y;0.046015;0.050385
2024-10-29;USD_OIS_SOFR_5Y;0.046082;0.050318
2024-10-30;USD_OIS_SOFR_5Y;0.046045;0.050155
2024-10-31;USD_OIS_SOFR_5Y;0.046875;0.051125
2024-11-01;USD_OIS_SOFR_5Y;0.046513;0.050687
2024-11-04;USD_OIS_SOFR_5Y;0.04615;0.05025
2024-11-05;USD_OIS_SOFR_5Y;0.046213;0.050187
2024-11-06;USD_OIS_SOFR_5Y;0.046172;0.050028
2024-11-07;USD_OIS_SOFR_5Y;0.046329;0.050071
2024-11-08;USD_OIS_SOFR_5Y;0.043439;0.048561
2024-11-12;USD_OIS_SOFR_5Y;0.043517;0.048483
2024-11-13;USD_OIS_SOFR_5Y;0.043491;0.048309
2024-11-14;USD_OIS_SOFR_5Y;0.043463;0.048137
2024-11-15;USD_OIS_SOFR_5Y;0.043433;0.047967
2024-11-18;USD_OIS_SOFR_5Y;0.043502;0.047898
2024-11-19;USD_OIS_SOFR_5Y;0.043569;0.047831
2024-11-20;USD_OIS_SOFR_5Y;0.043532;0.047668
2024-11-21;USD_OIS_SOFR_5Y;0.043693;0.047707
2024-11-22;USD_OIS_SOFR_5Y;0.043755;0.047645
2024-11-25;USD_OIS_SOFR_5Y;0.043912;0.047688
2024-11-26;USD_OIS_SOFR_5Y;0.04397;0.04763
2024-11-27;USD_OIS_SOFR_5Y;0.043923;0.047477
2024-11-29;USD_OIS_SOFR_5Y;0.04417;0.04763
2024-12-02;USD_OIS_SOFR_5Y;0.044673;0.048127
2024-12-03;USD_OIS_SOFR_5Y;0.044725;0.048075
2024-12-04;USD_OIS_SOFR_5Y;0.044225;0.047575
2024-12-05;USD_OIS_SOFR_5Y;0.044276;0.047524
2024-12-06;USD_OIS_SOFR_5Y;0.044424;0.047576
2024-12-09;USD_OIS_SOFR_5Y;0.044752;0.047848
2024-12-10;USD_OIS_SOFR_5Y;0.044897;0.047903
2024-12-11;USD_OIS_SOFR_5Y;0.044733;0.047667
2024-12-12;USD_OIS_SOFR_5Y;0.044778;0.047622
2024-12-13;USD_OIS_SOFR_5Y;0.044612;0.047388
2024-12-16;USD_OIS_SOFR_5Y;0.045093;0.047907
2024-12-17;USD_OIS_SOFR_5Y;0.044813;0.047587
2024-12-18;USD_OIS_SOFR_5Y;0.044294;0.047106
2024-12-19;USD_OIS_SOFR_5Y;0.040397;0.045603
2024-12-20;USD_OIS_SOFR_5Y;0.040476;0.045524
2024-12-23;USD_OIS_SOFR_5Y;0.040651;0.045549
2024-12-24;USD_OIS_SOFR_5Y;0.041513;0.046487
2024-12-26;USD_OIS_SOFR_5Y;0.042663;0.047937
2024-12-27;USD_OIS_SOFR_5Y;0.04198;0.04722
2024-12-30;USD_OIS_SOFR_5Y;0.041054;0.046346
2024-12-31;USD_OIS_SOFR_5Y;0.042152;0.047648
2025-01-02;USD_OIS_SOFR_5Y;0.041235;0.046765
2025-01-03;USD_OIS_SOFR_5Y;0.040319;0.045881
2025-01-06;USD_OIS_SOFR_5Y;0.039984;0.045416
2025-01-07;USD_OIS_SOFR_5Y;0.040066;0.045334
2025-01-08;USD_OIS_SOFR_5Y;0.040341;0.045459
2025-01-09;USD_OIS_SOFR_5Y;0.040518;0.045482
2025-01-10;USD_OIS_SOFR_5Y;0.040594;0.045406
2025-01-13;USD_OIS_SOFR_5Y;0.040565;0.045235
2025-01-14;USD_OIS_SOFR_5Y;0.040535;0.045065
2025-01-15;USD_OIS_SOFR_5Y;0.040604;0.044996
2025-01-16;USD_OIS_SOFR_5Y;0.040769;0.045031
2025-01-17;USD_OIS_SOFR_5Y;0.040834;0.044966
2025-01-21;USD_OIS_SOFR_5Y;0.040897;0.044903
2025-01-22;USD_OIS_SOFR_5Y;0.041056;0.044944
2025-01-23;USD_OIS_SOFR_5Y;0.041571;0.045429
2025-01-24;USD_OIS_SOFR_5Y;0.041528;0.045272
2025-01-27;USD_OIS_SOFR_5Y;0.041585;0.045215
2025-01-28;USD_OIS_SOFR_5Y;0.041739;0.045261
2025-01-29;USD_OIS_SOFR_5Y;0.041792;0.045208
2025-01-30;USD_OIS_SOFR_5Y;0.041942;0.045258
2025-01-31;USD_OIS_SOFR_5Y;0.042185;0.045415
2025-02-03;USD_OIS_SOFR_5Y;0.041914;0.045086
2025-02-04;USD_OIS_SOFR_5Y;0.041754;0.044846
2025-02-05;USD_OIS_SOFR_5Y;0.041801;0.044799
2025-02-06;USD_OIS_SOFR_5Y;0.042126;0.045074
2025-02-07;USD_OIS_SOFR_5Y;0.042069;0.044931
2025-02-10;USD_OIS_SOFR_5Y;0.042112;0.044888
2025-02-11;USD_OIS_SOFR_5Y;0.042052;0.044748
2025-02-12;USD_OIS_SOFR_5Y;0.041883;0.044517
2025-02-13;USD_OIS_SOFR_5Y;0.04202;0.04458
2025-02-14;USD_OIS_SOFR_5Y;0.042059;0.044541
2025-02-18;USD_OIS_SOFR_5Y;0.042453;0.044947
2025-02-19;USD_OIS_SOFR_5Y;0.04228;0.04472
2025-02-20;USD_OIS_SOFR_5Y;0.042106;0.044494
2025-02-21;USD_OIS_SOFR_5Y;0.042239;0.044561
2025-02-24;USD_OIS_SOFR_5Y;0.042274;0.044526
2025-02-25;USD_OIS_SOFR_5Y;0.042206;0.044394
2025-02-26;USD_OIS_SOFR_5Y;0.042239;0.044361
2025-02-27;USD_OIS_SOFR_5Y;0.042542;0.044658
2025-02-28;USD_OIS_SOFR_5Y;0.042845;0.044955
2025-03-03;USD_OIS_SOFR_5Y;0.042165;0.044435
2025-03-04;USD_OIS_SOFR_5Y;0.042199;0.044401
2025-03-05;USD_OIS_SOFR_5Y;0.04233;0.04447
2025-03-06;USD_OIS_SOFR_5Y;0.042459;0.044541
2025-03-07;USD_OIS_SOFR_5Y;0.042387;0.044413
2025-03-10;USD_OIS_SOFR_5Y;0.042315;0.044285
2025-03-11;USD_OIS_SOFR_5Y;0.042241;0.044159
2025-03-12;USD_OIS_SOFR_5Y;0.042167;0.044033
2025-03-13;USD_OIS_SOFR_5Y;0.042092;0.043908
2025-03-14;USD_OIS_SOFR_5Y;0.042119;0.043881
2025-03-17;USD_OIS_SOFR_5Y;0.04233;0.04407
2025-03-18;USD_OIS_SOFR_5Y;0.042253;0.043947
2025-03-19;USD_OIS_SOFR_5Y;0.042062;0.043738
2025-03-20;USD_OIS_SOFR_5Y;0.042088;0.043712
2025-03-21;USD_OIS_SOFR_5Y;0.042208;0.043792
2025-03-24;USD_OIS_SOFR_5Y;0.042328;0.043872
2025-03-25;USD_OIS_SOFR_5Y;0.042534;0.044066
2025-03-26;USD_OIS_SOFR_5Y;0.042739;0.044261
2025-03-27;USD_OIS_SOFR_5Y;0.042858;0.044342
2025-03-28;USD_OIS_SOFR_5Y;0.042662;0.044138
2025-03-31;USD_OIS_SOFR_5Y;0.043182;0.045018
2025-04-01;USD_OIS_SOFR_5Y;0.042995;0.044805
2025-04-02;USD_OIS_SOFR_5Y;0.042807;0.044593
2025-04-03;USD_OIS_SOFR_5Y;0.043019;0.044781
2025-04-04;USD_OIS_SOFR_5Y;0.042585;0.044415
2025-04-07;USD_OIS_SOFR_5Y;0.042398;0.044202
2025-04-08;USD_OIS_SOFR_5Y;0.042953;0.045047
2025-04-09;USD_OIS_SOFR_5Y;0.043172;0.045228
2025-04-10;USD_OIS_SOFR_5Y;0.042622;0.044778
2025-04-11;USD_OIS_SOFR_5Y;0.042204;0.044396
2025-04-14;USD_OIS_SOFR_5Y;0.042237;0.044363
2025-04-15;USD_OIS_SOFR_5Y;0.042541;0.044659
2025-04-16;USD_OIS_SOFR_5Y;0.041994;0.044206
2025-04-17;USD_OIS_SOFR_5Y;0.042124;0.044276
2025-04-21;USD_OIS_SOFR_5Y;0.042157;0.044243
2025-04-22;USD_OIS_SOFR_5Y;0.041976;0.044024
2025-04-23;USD_OIS_SOFR_5Y;0.041793;0.043807
2025-04-24;USD_OIS_SOFR_5Y;0.041921;0.043879
2025-04-25;USD_OIS_SOFR_5Y;0.042295;0.044305
2025-04-28;USD_OIS_SOFR_5Y;0.042595;0.044605
2025-04-29;USD_OIS_SOFR_5Y;0.042626;0.044574
2025-04-30;USD_OIS_SOFR_5Y;0.04307;0.04513
2025-05-01;USD_OIS_SOFR_5Y;0.042888;0.044912
2025-05-02;USD_OIS_SOFR_5Y;0.042588;0.044612
2025-05-05;USD_OIS_SOFR_5Y;0.042289;0.044311
2025-05-06;USD_OIS_SOFR_5Y;0.042216;0.044184
2025-05-07;USD_OIS_SOFR_5Y;0.042032;0.043968
2025-05-08;USD_OIS_SOFR_5Y;0.041958;0.043842
2025-05-09;USD_OIS_SOFR_5Y;0.041883;0.043717
2025-05-12;USD_OIS_SOFR_5Y;0.041911;0.043689
2025-05-13;USD_OIS_SOFR_5Y;0.042122;0.043878
2025-05-14;USD_OIS_SOFR_5Y;0.042045;0.043755
2025-05-15;USD_OIS_SOFR_5Y;0.042255;0.043945
2025-05-16;USD_OIS_SOFR_5Y;0.042177;0.043823
2025-05-19;USD_OIS_SOFR_5Y;0.042098;0.043702
2025-05-20;USD_OIS_SOFR_5Y;0.041905;0.043495
2025-05-21;USD_OIS_SOFR_5Y;0.041825;0.043375
2025-05-22;USD_OIS_SOFR_5Y;0.041848;0.043352
2025-05-23;USD_OIS_SOFR_5Y;0.041871;0.043329
2025-05-27;USD_OIS_SOFR_5Y;0.042283;0.043917
2025-05-28;USD_OIS_SOFR_5Y;0.042491;0.044109
2025-05-29;USD_OIS_SOFR_5Y;0.042515;0.044085
2025-05-30;USD_OIS_SOFR_5Y;0.042722;0.044278
2025-06-02;USD_OIS_SOFR_5Y;0.042745;0.044255
2025-06-03;USD_OIS_SOFR_5Y;0.042428;0.043972
2025-06-04;USD_OIS_SOFR_5Y;0.041983;0.043617
2025-06-05;USD_OIS_SOFR_5Y;0.042103;0.043697
2025-06-06;USD_OIS_SOFR_5Y;0.042127;0.043673
2025-06-09;USD_OIS_SOFR_5Y;0.042151;0.043649
2025-06-10;USD_OIS_SOFR_5Y;0.042069;0.043531
2025-06-11;USD_OIS_SOFR_5Y;0.042091;0.043509
2025-06-12;USD_OIS_SOFR_5Y;0.042113;0.043487
2025-06-13;USD_OIS_SOFR_5Y;0.042134;0.043466
2025-06-16;USD_OIS_SOFR_5Y;0.042475;0.043925
2025-06-17;USD_OIS_SOFR_5Y;0.042393;0.043807
2025-06-18;USD_OIS_SOFR_5Y;0.042071;0.043529
2025-06-20;USD_OIS_SOFR_5Y;0.042189;0.043611
2025-06-23;USD_OIS_SOFR_5Y;0.04221;0.04359
2025-06-24;USD_OIS_SOFR_5Y;0.042326;0.043674
2025-06-25;USD_OIS_SOFR_5Y;0.042782;0.044418
2025-06-26;USD_OIS_SOFR_5Y;0.043141;0.044859
2025-06-27;USD_OIS_SOFR_5Y;0.043063;0.044737
2025-06-30;USD_OIS_SOFR_5Y;0.043551;0.045449
2025-07-01;USD_OIS_SOFR_5Y;0.043476;0.045324
2025-07-02;USD_OIS_SOFR_5Y;0.043046;0.044954
2025-07-03;USD_OIS_SOFR_5Y;0.042488;0.044512
2025-07-07;USD_OIS_SOFR_5Y;0.042305;0.044295
2025-07-08;USD_OIS_SOFR_5Y;0.042432;0.044368
2025-07-09;USD_OIS_SOFR_5Y;0.042247;0.044153
2025-07-10;USD_OIS_SOFR_5Y;0.042172;0.044028
2025-07-11;USD_OIS_SOFR_5Y;0.042201;0.043999
2025-07-14;USD_OIS_SOFR_5Y;0.042413;0.044187
2025-07-15;USD_OIS_SOFR_5Y;0.042779;0.044621
2025-07-16;USD_OIS_SOFR_5Y;0.042474;0.044326
2025-07-17;USD_OIS_SOFR_5Y;0.042502;0.044298
2025-07-18;USD_OIS_SOFR_5Y;0.042069;0.043931
2025-07-21;USD_OIS_SOFR_5Y;0.041883;0.043717
2025-07-22;USD_OIS_SOFR_5Y;0.041911;0.043689
2025-07-23;USD_OIS_SOFR_5Y;0.041938;0.043662
2025-07-24;USD_OIS_SOFR_5Y;0.042148;0.043852
2025-07-25;USD_OIS_SOFR_5Y;0.042638;0.044562
2025-07-28;USD_OIS_SOFR_5Y;0.042668;0.044532
2025-07-29;USD_OIS_SOFR_5Y;0.042696;0.044504
2025-07-30;USD_OIS_SOFR_5Y;0.042264;0.044136
2025-07-31;USD_OIS_SOFR_5Y;0.042826;0.044974
2025-08-01;USD_OIS_SOFR_5Y;0.04228;0.04452
2025-08-04;USD_OIS_SOFR_5Y;0.042211;0.044389
2025-08-05;USD_OIS_SOFR_5Y;0.042341;0.044459
2025-08-06;USD_OIS_SOFR_5Y;0.042373;0.044427
2025-08-07;USD_OIS_SOFR_5Y;0.042501;0.044499
2025-08-08;USD_OIS_SOFR_5Y;0.042532;0.044468
2025-08-11;USD_OIS_SOFR_5Y;0.042458;0.044342
2025-08-12;USD_OIS_SOFR_5Y;0.042672;0.044528
2025-08-13;USD_OIS_SOFR_5Y;0.042367;0.044233
2025-08-14;USD_OIS_SOFR_5Y;0.042492;0.044308
2025-08-15;USD_OIS_SOFR_5Y;0.042704;0.044496
2025-08-18;USD_OIS_SOFR_5Y;0.042516;0.044284
2025-08-19;USD_OIS_SOFR_5Y;0.042439;0.044161
2025-08-20;USD_OIS_SOFR_5Y;0.042249;0.043951
2025-08-21;USD_OIS_SOFR_5Y;0.042371;0.044029
2025-08-22;USD_OIS_SOFR_5Y;0.042732;0.044468
2025-08-25;USD_OIS_SOFR_5Y;0.042854;0.044546
2025-08-26;USD_OIS_SOFR_5Y;0.042976;0.044624
2025-08-27;USD_OIS_SOFR_5Y;0.042784;0.044416
2025-08-28;USD_OIS_SOFR_5Y;0.042592;0.044208
2025-08-29;USD_OIS_SOFR_5Y;0.042617;0.044183
2025-09-02;USD_OIS_SOFR_5Y;0.043037;0.044763
2025-09-03;USD_OIS_SOFR_5Y;0.043063;0.044737
2025-09-04;USD_OIS_SOFR_5Y;0.043272;0.044928
2025-09-05;USD_OIS_SOFR_5Y;0.043393;0.045007
2025-09-08;USD_OIS_SOFR_5Y;0.0432;0.0448
2025-09-09;USD_OIS_SOFR_5Y;0.043225;0.044775
2025-09-10;USD_OIS_SOFR_5Y;0.043144;0.044656
2025-09-11;USD_OIS_SOFR_5Y;0.043349;0.044851
2025-09-12;USD_OIS_SOFR_5Y;0.043467;0.044933
2025-09-15;USD_OIS_SOFR_5Y;0.044074;0.046126
2025-09-16;USD_OIS_SOFR_5Y;0.0425;0.0453
2025-09-17;USD_OIS_SOFR_5Y;0.04244;0.04516
2025-09-18;USD_OIS_SOFR_5Y;0.039028;0.043772
2025-09-19;USD_OIS_SOFR_5Y;0.0391;0.0437
2025-09-22;USD_OIS_SOFR_5Y;0.03917;0.04363
2025-09-23;USD_OIS_SOFR_5Y;0.039032;0.043368
2025-09-24;USD_OIS_SOFR_5Y;0.039196;0.043404
2025-09-25;USD_OIS_SOFR_5Y;0.03972;0.04388
2025-09-26;USD_OIS_SOFR_5Y;0.039576;0.043624
2025-09-29;USD_OIS_SOFR_5Y;0.039322;0.043278
2025-09-30;USD_OIS_SOFR_5Y;0.04028;0.04452
2025-10-01;USD_OIS_SOFR_5Y;0.039919;0.044081
2025-10-02;USD_OIS_SOFR_5Y;0.039982;0.044018
2025-10-03;USD_OIS_SOFR_5Y;0.039837;0.043763
2025-10-06;USD_OIS_SOFR_5Y;0.039581;0.043419
2025-10-07;USD_OIS_SOFR_5Y;0.039537;0.043263
2025-10-08;USD_OIS_SOFR_5Y;0.039387;0.043013
2025-10-09;USD_OIS_SOFR_5Y;0.03954;0.04306
2025-10-10;USD_OIS_SOFR_5Y;0.039786;0.043214
2025-10-14;USD_OIS_SOFR_5Y;0.040206;0.043594
2025-10-15;USD_OIS_SOFR_5Y;0.041063;0.044737
2025-10-16;USD_OIS_SOFR_5Y;0.041217;0.044783
2025-10-17;USD_OIS_SOFR_5Y;0.03981;0.04379
2025-10-20;USD_OIS_SOFR_5Y;0.039664;0.043536
2025-10-21;USD_OIS_SOFR_5Y;0.040337;0.044263
2025-10-22;USD_OIS_SOFR_5Y;0.04019;0.04401
2025-10-23;USD_OIS_SOFR_5Y;0.040531;0.044269
2025-10-24;USD_OIS_SOFR_5Y;0.040588;0.044212
2025-10-27;USD_OIS_SOFR_5Y;0.040926;0.044474
2025-10-28;USD_OIS_SOFR_5Y;0.041349;0.044851
2025-10-29;USD_OIS_SOFR_5Y;0.040971;0.044429
2025-10-30;USD_OIS_SOFR_5Y;0.037874;0.042926
2025-10-31;USD_OIS_SOFR_5Y;0.039339;0.045061
2025-11-03;USD_OIS_SOFR_5Y;0.038429;0.044171
2025-11-04;USD_OIS_SOFR_5Y;0.037019;0.042981
2025-11-05;USD_OIS_SOFR_5Y;0.036117;0.042083
2025-11-06;USD_OIS_SOFR_5Y;0.036306;0.042094
2025-11-07;USD_OIS_SOFR_5Y;0.036493;0.042107
2025-11-10;USD_OIS_SOFR_5Y;0.036774;0.042226
2025-11-12;USD_OIS_SOFR_5Y;0.037145;0.042455
2025-11-13;USD_OIS_SOFR_5Y;0.037421;0.042579
2025-11-14;USD_OIS_SOFR_5Y;0.036966;0.042034
2025-11-17;USD_OIS_SOFR_5Y;0.037509;0.042491
2025-11-18;USD_OIS_SOFR_5Y;0.036935;0.041865
2025-11-19;USD_OIS_SOFR_5Y;0.036698;0.041502
2025-11-20;USD_OIS_SOFR_5Y;0.036771;0.041429
2025-11-21;USD_OIS_SOFR_5Y;0.037036;0.041564
2025-11-24;USD_OIS_SOFR_5Y;0.037391;0.041809
2025-11-25;USD_OIS_SOFR_5Y;0.037919;0.042281
2025-11-26;USD_OIS_SOFR_5Y;0.03836;0.04264
2025-11-28;USD_OIS_SOFR_5Y;0.039047;0.043353
2025-12-01;USD_OIS_SOFR_5Y;0.039113;0.043287
2025-12-02;USD_OIS_SOFR_5Y;0.037884;0.042316
2025-12-03;USD_OIS_SOFR_5Y;0.037295;0.041705
2025-12-04;USD_OIS_SOFR_5Y;0.037048;0.041352
2025-12-05;USD_OIS_SOFR_5Y;0.037212;0.041388
2025-12-08;USD_OIS_SOFR_5Y;0.037469;0.041531
2025-12-09;USD_OIS_SOFR_5Y;0.037324;0.041276
2025-12-10;USD_OIS_SOFR_5Y;0.037069;0.040931
2025-12-11;USD_OIS_SOFR_5Y;0.033881;0.039319
2025-12-12;USD_OIS_SOFR_5Y;0.034062;0.039338
2025-12-15;USD_OIS_SOFR_5Y;0.03486;0.04014
2025-12-16;USD_OIS_SOFR_5Y;0.034293;0.039507
2025-12-17;USD_OIS_SOFR_5Y;0.034372;0.039428
2025-12-18;USD_OIS_SOFR_5Y;0.034137;0.039063
2025-12-19;USD_OIS_SOFR_5Y;0.034212;0.038988
2025-12-22;USD_OIS_SOFR_5Y;0.034479;0.039121
2025-12-23;USD_OIS_SOFR_5Y;0.034344;0.038856
2025-12-24;USD_OIS_SOFR_5Y;0.034412;0.038788
2025-12-26;USD_OIS_SOFR_5Y;0.035326;0.039874
2025-12-29;USD_OIS_SOFR_5Y;0.035493;0.039907
2025-12-30;USD_OIS_SOFR_5Y;0.034904;0.039296
2025-12-31;USD_OIS_SOFR_5Y;0.036198;0.041202
2026-01-02;USD_OIS_SOFR_5Y;0.034882;0.040118
2026-01-05;USD_OIS_SOFR_5Y;0.034428;0.039572
2026-01-06;USD_OIS_SOFR_5Y;0.034085;0.039115
2026-01-07;USD_OIS_SOFR_5Y;0.03406;0.03894
2026-01-08;USD_OIS_SOFR_5Y;0.034033;0.038767
2026-01-09;USD_OIS_SOFR_5Y;0.034105;0.038695
2026-01-12;USD_OIS_SOFR_5Y;0.034175;0.038625
2026-01-13;USD_OIS_SOFR_5Y;0.034342;0.038658
2026-01-14;USD_OIS_SOFR_5Y;0.034306;0.038494
2026-01-15;USD_OIS_SOFR_5Y;0.034563;0.038637
2026-01-16;USD_OIS_SOFR_5Y;0.034523;0.038477
2026-01-20;USD_OIS_SOFR_5Y;0.034482;0.038318
2026-01-21;USD_OIS_SOFR_5Y;0.034438;0.038162
2026-01-22;USD_OIS_SOFR_5Y;0.034593;0.038207
2026-01-23;USD_OIS_SOFR_5Y;0.034746;0.038254
2026-01-26;USD_OIS_SOFR_5Y;0.034898;0.038302
2026-01-27;USD_OIS_SOFR_5Y;0.03495;0.03825
2026-01-28;USD_OIS_SOFR_5Y;0.034791;0.038009
2026-01-29;USD_OIS_SOFR_5Y;0.034938;0.038062
2026-01-30;USD_OIS_SOFR_5Y;0.035266;0.038334
2026-02-02;USD_OIS_SOFR_5Y;0.03541;0.03839
2026-02-03;USD_OIS_SOFR_5Y;0.035456;0.038344
2026-02-04;USD_OIS_SOFR_5Y;0.035062;0.037938
2026-02-05;USD_OIS_SOFR_5Y;0.035106;0.037894
2026-02-06;USD_OIS_SOFR_5Y;0.035046;0.037754
2026-02-09;USD_OIS_SOFR_5Y;0.034984;0.037616
2026-02-10;USD_OIS_SOFR_5Y;0.035214;0.037786
2026-02-11;USD_OIS_SOFR_5Y;0.035253;0.037747
2026-02-12;USD_OIS_SOFR_5Y;0.035291;0.037709
2026-02-13;USD_OIS_SOFR_5Y;0.035425;0.037775
2026-02-17;USD_OIS_SOFR_5Y;0.035889;0.038311
2026-02-18;USD_OIS_SOFR_5Y;0.036114;0.038486
2026-02-19;USD_OIS_SOFR_5Y;0.035449;0.037951
2026-02-20;USD_OIS_SOFR_5Y;0.035385;0.037815
2026-02-23;USD_OIS_SOFR_5Y;0.035422;0.037778
2026-02-24;USD_OIS_SOFR_5Y;0.035555;0.037845
2026-02-25;USD_OIS_SOFR_5Y;0.035589;0.037811
2026-02-26;USD_OIS_SOFR_5Y;0.035623;0.037777
2026-02-27;USD_OIS_SOFR_5Y;0.035753;0.037847
2026-03-02;USD_OIS_SOFR_5Y;0.036055;0.038145
2026-03-03;USD_OIS_SOFR_5Y;0.035984;0.038016
2026-03-04;USD_OIS_SOFR_5Y;0.035684;0.037716
2026-03-05;USD_OIS_SOFR_5Y;0.035612;0.037588
2026-03-06;USD_OIS_SOFR_5Y;0.035538;0.037462
2026-03-09;USD_OIS_SOFR_5Y;0.035568;0.037432
2026-03-10;USD_OIS_SOFR_5Y;0.035492;0.037308
2026-03-11;USD_OIS_SOFR_5Y;0.03552;0.03728
2026-03-12;USD_OIS_SOFR_5Y;0.035643;0.037357
2026-03-13;USD_OIS_SOFR_5Y;0.035669;0.037331
2026-03-16;USD_OIS_SOFR_5Y;0.036096;0.037904
2026-03-17;USD_OIS_SOFR_5Y;0.035532;0.037468
2026-03-18;USD_OIS_SOFR_5Y;0.035229;0.037171
2026-03-19;USD_OIS_SOFR_5Y;0.035259;0.037141
2026-03-20;USD_OIS_SOFR_5Y;0.035288;0.037112
2026-03-23;USD_OIS_SOFR_5Y;0.035315;0.037085
2026-03-24;USD_OIS_SOFR_5Y;0.035438;0.037162
2026-03-25;USD_OIS_SOFR_5Y;0.035561;0.037239
2026-03-26;USD_OIS_SOFR_5Y;0.035682;0.037318
2026-03-27;USD_OIS_SOFR_5Y;0.03549;0.03711
2026-03-30;USD_OIS_SOFR_5Y;0.035515;0.037085
2026-03-31;USD_OIS_SOFR_5Y;0.035935;0.037665
2026-04-01;USD_OIS_SOFR_5Y;0.035626;0.037374
2026-04-02;USD_OIS_SOFR_5Y;0.035749;0.037451
2026-04-06;USD_OIS_SOFR_5Y;0.03567;0.03733
2026-04-07;USD_OIS_SOFR_5Y;0.035359;0.037041
2026-04-08;USD_OIS_SOFR_5Y;0.035048;0.036752
2026-04-09;USD_OIS_SOFR_5Y;0.034858;0.036542
2026-04-10;USD_OIS_SOFR_5Y;0.03522;0.03698
2026-04-13;USD_OIS_SOFR_5Y;0.035431;0.037169
2026-04-14;USD_OIS_SOFR_5Y;0.035722;0.037478
2026-04-15;USD_OIS_SOFR_5Y;0.036216;0.038184
2026-04-16;USD_OIS_SOFR_5Y;0.035662;0.037738
2026-04-17;USD_OIS_SOFR_5Y;0.03548;0.03752
2026-04-20;USD_OIS_SOFR_5Y;0.035297;0.037303
2026-04-21;USD_OIS_SOFR_5Y;0.035328;0.037272
2026-04-22;USD_OIS_SOFR_5Y;0.035454;0.037346
2014-02-18;USD_OIS_SOFR_7Y;0.00103;0.00123
2014-02-19;USD_OIS_SOFR_7Y;0.00103;0.00123
2014-02-20;USD_OIS_SOFR_7Y;0.00103;0.00123
2014-02-21;USD_OIS_SOFR_7Y;0.00103;0.00123
2014-02-24;USD_OIS_SOFR_7Y;0.00103;0.00123
2014-02-25;USD_OIS_SOFR_7Y;0.00103;0.00123
2014-02-26;USD_OIS_SOFR_7Y;0.00113;0.00133
2014-02-27;USD_OIS_SOFR_7Y;0.00113;0.00133
2014-02-28;USD_OIS_SOFR_7Y;0.00113;0.00133
2014-03-03;USD_OIS_SOFR_7Y;0.00113;0.00133
2014-03-04;USD_OIS_SOFR_7Y;0.00113;0.00133
2014-03-05;USD_OIS_SOFR_7Y;0.00113;0.00133
2014-03-06;USD_OIS_SOFR_7Y;0.00113;0.00133
2014-03-07;USD_OIS_SOFR_7Y;0.00113;0.00133
2014-03-10;USD_OIS_SOFR_7Y;0.00113;0.00133
2014-03-11;USD_OIS_SOFR_7Y;0.00113;0.00133
2014-03-12;USD_OIS_SOFR_7Y;0.001209;0.001451
2014-03-13;USD_OIS_SOFR_7Y;0.001213;0.001447
2014-03-14;USD_OIS_SOFR_7Y;0.001217;0.001443
2014-03-17;USD_OIS_SOFR_7Y;0.00122;0.00144
2014-03-18;USD_OIS_SOFR_7Y;0.001223;0.001437
2014-03-19;USD_OIS_SOFR_7Y;0.001227;0.001433
2014-03-20;USD_OIS_SOFR_7Y;0.00123;0.00143
2014-03-21;USD_OIS_SOFR_7Y;0.00123;0.00143
2014-03-24;USD_OIS_SOFR_7Y;0.00123;0.00143
2014-03-25;USD_OIS_SOFR_7Y;0.00123;0.00143
2014-03-26;USD_OIS_SOFR_7Y;0.00123;0.00143
2014-03-27;USD_OIS_SOFR_7Y;0.00123;0.00143
2014-03-28;USD_OIS_SOFR_7Y;0.00123;0.00143
2014-03-31;USD_OIS_SOFR_7Y;0.00123;0.00143
2014-04-01;USD_OIS_SOFR_7Y;0.00123;0.00143
2014-04-02;USD_OIS_SOFR_7Y;0.00123;0.00143
2014-04-03;USD_OIS_SOFR_7Y;0.00123;0.00143
2014-04-04;USD_OIS_SOFR_7Y;0.00123;0.00143
2014-04-07;USD_OIS_SOFR_7Y;0.00123;0.00143
2014-04-08;USD_OIS_SOFR_7Y;0.00123;0.00143
2014-04-09;USD_OIS_SOFR_7Y;0.00123;0.00143
2014-04-10;USD_OIS_SOFR_7Y;0.00123;0.00143
2014-04-11;USD_OIS_SOFR_7Y;0.00123;0.00143
2014-04-14;USD_OIS_SOFR_7Y;0.00123;0.00143
2014-04-15;USD_OIS_SOFR_7Y;0.00123;0.00143
2014-04-16;USD_OIS_SOFR_7Y;0.001318;0.001542
2014-04-17;USD_OIS_SOFR_7Y;0.001321;0.001539
2014-04-21;USD_OIS_SOFR_7Y;0.001325;0.001535
2014-04-22;USD_OIS_SOFR_7Y;0.001328;0.001532
2014-04-23;USD_OIS_SOFR_7Y;0.001391;0.001669
2014-04-24;USD_OIS_SOFR_7Y;0.001395;0.001665
2014-04-25;USD_OIS_SOFR_7Y;0.0014;0.00166
2014-04-28;USD_OIS_SOFR_7Y;0.001404;0.001656
2014-04-29;USD_OIS_SOFR_7Y;0.001407;0.001653
2014-04-30;USD_OIS_SOFR_7Y;0.001276;0.001584
2014-05-01;USD_OIS_SOFR_7Y;0.001281;0.001579
2014-05-02;USD_OIS_SOFR_7Y;0.001286;0.001574
2014-05-05;USD_OIS_SOFR_7Y;0.00129;0.00157
2014-05-06;USD_OIS_SOFR_7Y;0.001294;0.001566
2014-05-07;USD_OIS_SOFR_7Y;0.001298;0.001562
2014-05-08;USD_OIS_SOFR_7Y;0.001302;0.001558
2014-05-09;USD_OIS_SOFR_7Y;0.001306;0.001554
2014-05-12;USD_OIS_SOFR_7Y;0.00131;0.00155
2014-05-13;USD_OIS_SOFR_7Y;0.001314;0.001546
2014-05-14;USD_OIS_SOFR_7Y;0.001181;0.001479
2014-05-15;USD_OIS_SOFR_7Y;0.001186;0.001474
2014-05-16;USD_OIS_SOFR_7Y;0.00119;0.00147
2014-05-19;USD_OIS_SOFR_7Y;0.001194;0.001466
2014-05-20;USD_OIS_SOFR_7Y;0.001199;0.001461
2014-05-21;USD_OIS_SOFR_7Y;0.00127;0.00159
2014-05-22;USD_OIS_SOFR_7Y;0.001275;0.001585
2014-05-23;USD_OIS_SOFR_7Y;0.001279;0.001581
2014-05-27;USD_OIS_SOFR_7Y;0.001284;0.001576
2014-05-28;USD_OIS_SOFR_7Y;0.001288;0.001572
2014-05-29;USD_OIS_SOFR_7Y;0.001293;0.001567
2014-05-30;USD_OIS_SOFR_7Y;0.001297;0.001563
2014-06-02;USD_OIS_SOFR_7Y;0.001301;0.001559
2014-06-03;USD_OIS_SOFR_7Y;0.001305;0.001555
2014-06-04;USD_OIS_SOFR_7Y;0.001309;0.001551
2014-06-05;USD_OIS_SOFR_7Y;0.001312;0.001548
2014-06-06;USD_OIS_SOFR_7Y;0.001316;0.001544
2014-06-09;USD_OIS_SOFR_7Y;0.001319;0.001541
2014-06-10;USD_OIS_SOFR_7Y;0.001323;0.001537
2014-06-11;USD_OIS_SOFR_7Y;0.001326;0.001534
2014-06-12;USD_OIS_SOFR_7Y;0.001329;0.001531
2014-06-13;USD_OIS_SOFR_7Y;0.00133;0.00153
2014-06-16;USD_OIS_SOFR_7Y;0.00133;0.00153
2014-06-17;USD_OIS_SOFR_7Y;0.00133;0.00153
2014-06-18;USD_OIS_SOFR_7Y;0.001398;0.001662
2014-06-19;USD_OIS_SOFR_7Y;0.001402;0.001658
2014-06-20;USD_OIS_SOFR_7Y;0.001406;0.001654
2014-06-23;USD_OIS_SOFR_7Y;0.00141;0.00165
2014-06-24;USD_OIS_SOFR_7Y;0.001414;0.001646
2014-06-25;USD_OIS_SOFR_7Y;0.001417;0.001643
2014-06-26;USD_OIS_SOFR_7Y;0.00142;0.00164
2014-06-27;USD_OIS_SOFR_7Y;0.001424;0.001636
2014-06-30;USD_OIS_SOFR_7Y;0.001427;0.001633
2014-07-01;USD_OIS_SOFR_7Y;0.00143;0.00163
2014-07-02;USD_OIS_SOFR_7Y;0.00143;0.00163
2014-07-03;USD_OIS_SOFR_7Y;0.00143;0.00163
2014-07-07;USD_OIS_SOFR_7Y;0.00143;0.00163
2014-07-08;USD_OIS_SOFR_7Y;0.00143;0.00163
2014-07-09;USD_OIS_SOFR_7Y;0.001301;0.001559
2014-07-10;USD_OIS_SOFR_7Y;0.001304;0.001556
2014-07-11;USD_OIS_SOFR_7Y;0.001308;0.001552
2014-07-14;USD_OIS_SOFR_7Y;0.001312;0.001548
2014-07-15;USD_OIS_SOFR_7Y;0.001316;0.001544
2014-07-16;USD_OIS_SOFR_7Y;0.001319;0.001541
2014-07-17;USD_OIS_SOFR_7Y;0.001322;0.001538
2014-07-18;USD_OIS_SOFR_7Y;0.001326;0.001534
2014-07-21;USD_OIS_SOFR_7Y;0.001329;0.001531
2014-07-22;USD_OIS_SOFR_7Y;0.00133;0.00153
2014-07-23;USD_OIS_SOFR_7Y;0.00133;0.00153
2014-07-24;USD_OIS_SOFR_7Y;0.00133;0.00153
2014-07-25;USD_OIS_SOFR_7Y;0.00133;0.00153
2014-07-28;USD_OIS_SOFR_7Y;0.00133;0.00153
2014-07-29;USD_OIS_SOFR_7Y;0.00133;0.00153
2014-07-30;USD_OIS_SOFR_7Y;0.00133;0.00153
2014-07-31;USD_OIS_SOFR_7Y;0.00133;0.00153
2014-08-01;USD_OIS_SOFR_7Y;0.00133;0.00153
2014-08-04;USD_OIS_SOFR_7Y;0.00133;0.00153
2014-08-05;USD_OIS_SOFR_7Y;0.00133;0.00153
2014-08-06;USD_OIS_SOFR_7Y;0.00133;0.00153
2014-08-07;USD_OIS_SOFR_7Y;0.00133;0.00153
2014-08-08;USD_OIS_SOFR_7Y;0.00133;0.00153
2014-08-11;USD_OIS_SOFR_7Y;0.00133;0.00153
2014-08-12;USD_OIS_SOFR_7Y;0.00133;0.00153
2014-08-13;USD_OIS_SOFR_7Y;0.00133;0.00153
2014-08-14;USD_OIS_SOFR_7Y;0.00133;0.00153
2014-08-15;USD_OIS_SOFR_7Y;0.00133;0.00153
2014-08-18;USD_OIS_SOFR_7Y;0.00133;0.00153
2014-08-19;USD_OIS_SOFR_7Y;0.00133;0.00153
2014-08-20;USD_OIS_SOFR_7Y;0.00133;0.00153
2014-08-21;USD_OIS_SOFR_7Y;0.00133;0.00153
2014-08-22;USD_OIS_SOFR_7Y;0.00133;0.00153
2014-08-25;USD_OIS_SOFR_7Y;0.00133;0.00153
2014-08-26;USD_OIS_SOFR_7Y;0.00133;0.00153
2014-08-27;USD_OIS_SOFR_7Y;0.00133;0.00153
2014-08-28;USD_OIS_SOFR_7Y;0.00133;0.00153
2014-08-29;USD_OIS_SOFR_7Y;0.00133;0.00153
2014-09-02;USD_OIS_SOFR_7Y;0.00133;0.00153
2014-09-03;USD_OIS_SOFR_7Y;0.001225;0.001435
2014-09-04;USD_OIS_SOFR_7Y;0.001229;0.001431
2014-09-05;USD_OIS_SOFR_7Y;0.00123;0.00143
2014-09-08;USD_OIS_SOFR_7Y;0.00123;0.00143
2014-09-09;USD_OIS_SOFR_7Y;0.00123;0.00143
2014-09-10;USD_OIS_SOFR_7Y;0.001298;0.001562
2014-09-11;USD_OIS_SOFR_7Y;0.001302;0.001558
2014-09-12;USD_OIS_SOFR_7Y;0.001306;0.001554
2014-09-15;USD_OIS_SOFR_7Y;0.001309;0.001551
2014-09-16;USD_OIS_SOFR_7Y;0.001313;0.001547
2014-09-17;USD_OIS_SOFR_7Y;0.001317;0.001543
2014-09-18;USD_OIS_SOFR_7Y;0.00132;0.00154
2014-09-19;USD_OIS_SOFR_7Y;0.001324;0.001536
2014-09-22;USD_OIS_SOFR_7Y;0.001327;0.001533
2014-09-23;USD_OIS_SOFR_7Y;0.00133;0.00153
2014-09-24;USD_OIS_SOFR_7Y;0.00133;0.00153
2014-09-25;USD_OIS_SOFR_7Y;0.00133;0.00153
2014-09-26;USD_OIS_SOFR_7Y;0.00133;0.00153
2014-09-29;USD_OIS_SOFR_7Y;0.00133;0.00153
2014-09-30;USD_OIS_SOFR_7Y;0.00133;0.00153
2014-10-01;USD_OIS_SOFR_7Y;0.00133;0.00153
2014-10-02;USD_OIS_SOFR_7Y;0.00133;0.00153
2014-10-03;USD_OIS_SOFR_7Y;0.00133;0.00153
2014-10-06;USD_OIS_SOFR_7Y;0.00133;0.00153
2014-10-07;USD_OIS_SOFR_7Y;0.00133;0.00153
2014-10-08;USD_OIS_SOFR_7Y;0.00133;0.00153
2014-10-09;USD_OIS_SOFR_7Y;0.00133;0.00153
2014-10-10;USD_OIS_SOFR_7Y;0.00133;0.00153
2014-10-14;USD_OIS_SOFR_7Y;0.00133;0.00153
2014-10-15;USD_OIS_SOFR_7Y;0.00133;0.00153
2014-10-16;USD_OIS_SOFR_7Y;0.00133;0.00153
2014-10-17;USD_OIS_SOFR_7Y;0.00133;0.00153
2014-10-20;USD_OIS_SOFR_7Y;0.00133;0.00153
2014-10-21;USD_OIS_SOFR_7Y;0.00133;0.00153
2014-10-22;USD_OIS_SOFR_7Y;0.00133;0.00153
2014-10-23;USD_OIS_SOFR_7Y;0.00133;0.00153
2014-10-24;USD_OIS_SOFR_7Y;0.00133;0.00153
2014-10-27;USD_OIS_SOFR_7Y;0.00133;0.00153
2014-10-28;USD_OIS_SOFR_7Y;0.00133;0.00153
2014-10-29;USD_OIS_SOFR_7Y;0.00133;0.00153
2014-10-30;USD_OIS_SOFR_7Y;0.00133;0.00153
2014-10-31;USD_OIS_SOFR_7Y;0.00133;0.00153
2014-11-03;USD_OIS_SOFR_7Y;0.00133;0.00153
2014-11-04;USD_OIS_SOFR_7Y;0.00133;0.00153
2014-11-05;USD_OIS_SOFR_7Y;0.001225;0.001435
2014-11-06;USD_OIS_SOFR_7Y;0.001228;0.001432
2014-11-07;USD_OIS_SOFR_7Y;0.00123;0.00143
2014-11-10;USD_OIS_SOFR_7Y;0.00123;0.00143
2014-11-12;USD_OIS_SOFR_7Y;0.001296;0.001564
2014-11-13;USD_OIS_SOFR_7Y;0.0013;0.00156
2014-11-14;USD_OIS_SOFR_7Y;0.001304;0.001556
2014-11-17;USD_OIS_SOFR_7Y;0.001308;0.001552
2014-11-18;USD_OIS_SOFR_7Y;0.001311;0.001549
2014-11-19;USD_OIS_SOFR_7Y;0.001379;0.001681
2014-11-20;USD_OIS_SOFR_7Y;0.001384;0.001676
2014-11-21;USD_OIS_SOFR_7Y;0.001388;0.001672
2014-11-24;USD_OIS_SOFR_7Y;0.001393;0.001667
2014-11-25;USD_OIS_SOFR_7Y;0.001397;0.001663
2014-11-26;USD_OIS_SOFR_7Y;0.001401;0.001659
2014-11-28;USD_OIS_SOFR_7Y;0.001405;0.001655
2014-12-01;USD_OIS_SOFR_7Y;0.001409;0.001651
2014-12-02;USD_OIS_SOFR_7Y;0.001412;0.001648
2014-12-03;USD_OIS_SOFR_7Y;0.001416;0.001644
2014-12-04;USD_OIS_SOFR_7Y;0.001419;0.001641
2014-12-05;USD_OIS_SOFR_7Y;0.001423;0.001637
2014-12-08;USD_OIS_SOFR_7Y;0.001426;0.001634
2014-12-09;USD_OIS_SOFR_7Y;0.001429;0.001631
2014-12-10;USD_OIS_SOFR_7Y;0.001512;0.001948
2014-12-11;USD_OIS_SOFR_7Y;0.001519;0.001941
2014-12-12;USD_OIS_SOFR_7Y;0.001525;0.001935
2014-12-15;USD_OIS_SOFR_7Y;0.001532;0.001928
2014-12-16;USD_OIS_SOFR_7Y;0.001538;0.001922
2014-12-17;USD_OIS_SOFR_7Y;0.001544;0.001916
2014-12-18;USD_OIS_SOFR_7Y;0.001549;0.001911
2014-12-19;USD_OIS_SOFR_7Y;0.001555;0.001905
2014-12-22;USD_OIS_SOFR_7Y;0.00156;0.0019
2014-12-23;USD_OIS_SOFR_7Y;0.001565;0.001895
2014-12-24;USD_OIS_SOFR_7Y;0.001643;0.002017
2014-12-26;USD_OIS_SOFR_7Y;0.001649;0.002011
2014-12-29;USD_OIS_SOFR_7Y;0.001654;0.002006
2014-12-30;USD_OIS_SOFR_7Y;0.00166;0.002
2014-12-31;USD_OIS_SOFR_7Y;0.001538;0.001922
2015-01-02;USD_OIS_SOFR_7Y;0.001544;0.001916
2015-01-05;USD_OIS_SOFR_7Y;0.00155;0.00191
2015-01-06;USD_OIS_SOFR_7Y;0.001555;0.001905
2015-01-07;USD_OIS_SOFR_7Y;0.001435;0.001825
2015-01-08;USD_OIS_SOFR_7Y;0.001441;0.001819
2015-01-09;USD_OIS_SOFR_7Y;0.001446;0.001814
2015-01-12;USD_OIS_SOFR_7Y;0.001452;0.001808
2015-01-13;USD_OIS_SOFR_7Y;0.001457;0.001803
2015-01-14;USD_OIS_SOFR_7Y;0.001537;0.001923
2015-01-15;USD_OIS_SOFR_7Y;0.001542;0.001918
2015-01-16;USD_OIS_SOFR_7Y;0.001548;0.001912
2015-01-20;USD_OIS_SOFR_7Y;0.001554;0.001906
2015-01-21;USD_OIS_SOFR_7Y;0.001633;0.002027
2015-01-22;USD_OIS_SOFR_7Y;0.001639;0.002021
2015-01-23;USD_OIS_SOFR_7Y;0.001645;0.002015
2015-01-26;USD_OIS_SOFR_7Y;0.001651;0.002009
2015-01-27;USD_OIS_SOFR_7Y;0.001656;0.002004
2015-01-28;USD_OIS_SOFR_7Y;0.001535;0.001925
2015-01-29;USD_OIS_SOFR_7Y;0.001541;0.001919
2015-01-30;USD_OIS_SOFR_7Y;0.001547;0.001913
2015-02-02;USD_OIS_SOFR_7Y;0.001553;0.001907
2015-02-03;USD_OIS_SOFR_7Y;0.001558;0.001902
2015-02-04;USD_OIS_SOFR_7Y;0.001094;0.001766
2015-02-05;USD_OIS_SOFR_7Y;0.001104;0.001756
2015-02-06;USD_OIS_SOFR_7Y;0.001114;0.001746
2015-02-09;USD_OIS_SOFR_7Y;0.001124;0.001736
2015-02-10;USD_OIS_SOFR_7Y;0.001133;0.001727
2015-02-11;USD_OIS_SOFR_7Y;0.00132;0.00214
2015-02-12;USD_OIS_SOFR_7Y;0.001333;0.002127
2015-02-13;USD_OIS_SOFR_7Y;0.001345;0.002115
2015-02-17;USD_OIS_SOFR_7Y;0.001357;0.002103
2015-02-18;USD_OIS_SOFR_7Y;0.001368;0.002092
2015-02-19;USD_OIS_SOFR_7Y;0.001379;0.002081
2015-02-20;USD_OIS_SOFR_7Y;0.00139;0.00207
2015-02-23;USD_OIS_SOFR_7Y;0.0014;0.00206
2015-02-24;USD_OIS_SOFR_7Y;0.00141;0.00205
2015-02-25;USD_OIS_SOFR_7Y;0.00142;0.00204
2015-02-26;USD_OIS_SOFR_7Y;0.001429;0.002031
2015-02-27;USD_OIS_SOFR_7Y;0.001438;0.002022
2015-03-02;USD_OIS_SOFR_7Y;0.001447;0.002013
2015-03-03;USD_OIS_SOFR_7Y;0.001456;0.002004
2015-03-04;USD_OIS_SOFR_7Y;0.001035;0.001825
2015-03-05;USD_OIS_SOFR_7Y;0.001048;0.001812
2015-03-06;USD_OIS_SOFR_7Y;0.001059;0.001801
2015-03-09;USD_OIS_SOFR_7Y;0.00107;0.00179
2015-03-10;USD_OIS_SOFR_7Y;0.001081;0.001779
2015-03-11;USD_OIS_SOFR_7Y;0.001284;0.002176
2015-03-12;USD_OIS_SOFR_7Y;0.001297;0.002163
2015-03-13;USD_OIS_SOFR_7Y;0.00131;0.00215
2015-03-16;USD_OIS_SOFR_7Y;0.001323;0.002137
2015-03-17;USD_OIS_SOFR_7Y;0.001336;0.002124
2015-03-18;USD_OIS_SOFR_7Y;0.001235;0.002025
2015-03-19;USD_OIS_SOFR_7Y;0.001247;0.002013
2015-03-20;USD_OIS_SOFR_7Y;0.001259;0.002001
2015-03-23;USD_OIS_SOFR_7Y;0.00127;0.00199
2015-03-24;USD_OIS_SOFR_7Y;0.001281;0.001979
2015-03-25;USD_OIS_SOFR_7Y;0.001378;0.002082
2015-03-26;USD_OIS_SOFR_7Y;0.001389;0.002071
2015-03-27;USD_OIS_SOFR_7Y;0.001399;0.002061
2015-03-30;USD_OIS_SOFR_7Y;0.001409;0.002051
2015-03-31;USD_OIS_SOFR_7Y;0.001419;0.002041
2015-04-01;USD_OIS_SOFR_7Y;0.001313;0.001947
2015-04-02;USD_OIS_SOFR_7Y;0.001323;0.001937
2015-04-03;USD_OIS_SOFR_7Y;0.001332;0.001928
2015-04-06;USD_OIS_SOFR_7Y;0.001341;0.001919
2015-04-07;USD_OIS_SOFR_7Y;0.00135;0.00191
2015-04-08;USD_OIS_SOFR_7Y;0.001442;0.002018
2015-04-09;USD_OIS_SOFR_7Y;0.001451;0.002009
2015-04-10;USD_OIS_SOFR_7Y;0.001459;0.002001
2015-04-13;USD_OIS_SOFR_7Y;0.001467;0.001993
2015-04-14;USD_OIS_SOFR_7Y;0.001475;0.001985
2015-04-15;USD_OIS_SOFR_7Y;0.001483;0.001977
2015-04-16;USD_OIS_SOFR_7Y;0.001491;0.001969
2015-04-17;USD_OIS_SOFR_7Y;0.001498;0.001962
2015-04-20;USD_OIS_SOFR_7Y;0.001505;0.001955
2015-04-21;USD_OIS_SOFR_7Y;0.001512;0.001948
2015-04-22;USD_OIS_SOFR_7Y;0.001597;0.002063
2015-04-23;USD_OIS_SOFR_7Y;0.001604;0.002056
2015-04-24;USD_OIS_SOFR_7Y;0.001611;0.002049
2015-04-27;USD_OIS_SOFR_7Y;0.001618;0.002042
2015-04-28;USD_OIS_SOFR_7Y;0.001624;0.002036
2015-04-29;USD_OIS_SOFR_7Y;0.001631;0.002029
2015-04-30;USD_OIS_SOFR_7Y;0.001637;0.002023
2015-05-01;USD_OIS_SOFR_7Y;0.001643;0.002017
2015-05-04;USD_OIS_SOFR_7Y;0.001648;0.002012
2015-05-05;USD_OIS_SOFR_7Y;0.001654;0.002006
2015-05-06;USD_OIS_SOFR_7Y;0.001533;0.001927
2015-05-07;USD_OIS_SOFR_7Y;0.001539;0.001921
2015-05-08;USD_OIS_SOFR_7Y;0.001545;0.001915
2015-05-11;USD_OIS_SOFR_7Y;0.001551;0.001909
2015-05-12;USD_OIS_SOFR_7Y;0.001556;0.001904
2015-05-13;USD_OIS_SOFR_7Y;0.001636;0.002024
2015-05-14;USD_OIS_SOFR_7Y;0.001642;0.002018
2015-05-15;USD_OIS_SOFR_7Y;0.001647;0.002013
2015-05-18;USD_OIS_SOFR_7Y;0.001653;0.002007
2015-05-19;USD_OIS_SOFR_7Y;0.001658;0.002002
2015-05-20;USD_OIS_SOFR_7Y;0.001663;0.001997
2015-05-21;USD_OIS_SOFR_7Y;0.001669;0.001991
2015-05-22;USD_OIS_SOFR_7Y;0.001673;0.001987
2015-05-26;USD_OIS_SOFR_7Y;0.001678;0.001982
2015-05-27;USD_OIS_SOFR_7Y;0.001683;0.001977
2015-05-28;USD_OIS_SOFR_7Y;0.001687;0.001973
2015-05-29;USD_OIS_SOFR_7Y;0.001692;0.001968
2015-06-01;USD_OIS_SOFR_7Y;0.001696;0.001964
2015-06-02;USD_OIS_SOFR_7Y;0.0017;0.00196
2015-06-03;USD_OIS_SOFR_7Y;0.001212;0.001848
2015-06-04;USD_OIS_SOFR_7Y;0.001222;0.001838
2015-06-05;USD_OIS_SOFR_7Y;0.001231;0.001829
2015-06-08;USD_OIS_SOFR_7Y;0.00124;0.00182
2015-06-09;USD_OIS_SOFR_7Y;0.001249;0.001811
2015-06-10;USD_OIS_SOFR_7Y;0.001431;0.002229
2015-06-11;USD_OIS_SOFR_7Y;0.001443;0.002217
2015-06-12;USD_OIS_SOFR_7Y;0.001455;0.002205
2015-06-15;USD_OIS_SOFR_7Y;0.001466;0.002194
2015-06-16;USD_OIS_SOFR_7Y;0.001478;0.002182
2015-06-17;USD_OIS_SOFR_7Y;0.001488;0.002172
2015-06-18;USD_OIS_SOFR_7Y;0.001499;0.002161
2015-06-19;USD_OIS_SOFR_7Y;0.001509;0.002151
2015-06-22;USD_OIS_SOFR_7Y;0.001519;0.002141
2015-06-23;USD_OIS_SOFR_7Y;0.001528;0.002132
2015-06-24;USD_OIS_SOFR_7Y;0.001537;0.002123
2015-06-25;USD_OIS_SOFR_7Y;0.001546;0.002114
2015-06-26;USD_OIS_SOFR_7Y;0.001555;0.002105
2015-06-29;USD_OIS_SOFR_7Y;0.001563;0.002097
2015-06-30;USD_OIS_SOFR_7Y;0.001571;0.002089
2015-07-01;USD_OIS_SOFR_7Y;0.001461;0.001999
2015-07-02;USD_OIS_SOFR_7Y;0.001469;0.001991
2015-07-06;USD_OIS_SOFR_7Y;0.001477;0.001983
2015-07-07;USD_OIS_SOFR_7Y;0.001485;0.001975
2015-07-08;USD_OIS_SOFR_7Y;0.001573;0.002087
2015-07-09;USD_OIS_SOFR_7Y;0.001581;0.002079
2015-07-10;USD_OIS_SOFR_7Y;0.001589;0.002071
2015-07-13;USD_OIS_SOFR_7Y;0.001596;0.002064
2015-07-14;USD_OIS_SOFR_7Y;0.001603;0.002057
2015-07-15;USD_OIS_SOFR_7Y;0.00161;0.00205
2015-07-16;USD_OIS_SOFR_7Y;0.001617;0.002043
2015-07-17;USD_OIS_SOFR_7Y;0.001623;0.002037
2015-07-20;USD_OIS_SOFR_7Y;0.00163;0.00203
2015-07-21;USD_OIS_SOFR_7Y;0.001636;0.002024
2015-07-22;USD_OIS_SOFR_7Y;0.001642;0.002018
2015-07-23;USD_OIS_SOFR_7Y;0.001647;0.002013
2015-07-24;USD_OIS_SOFR_7Y;0.001653;0.002007
2015-07-27;USD_OIS_SOFR_7Y;0.001658;0.002002
2015-07-28;USD_OIS_SOFR_7Y;0.001663;0.001997
2015-07-29;USD_OIS_SOFR_7Y;0.001669;0.001991
2015-07-30;USD_OIS_SOFR_7Y;0.001673;0.001987
2015-07-31;USD_OIS_SOFR_7Y;0.001678;0.001982
2015-08-03;USD_OIS_SOFR_7Y;0.001683;0.001977
2015-08-04;USD_OIS_SOFR_7Y;0.001687;0.001973
2015-08-05;USD_OIS_SOFR_7Y;0.001391;0.001869
2015-08-06;USD_OIS_SOFR_7Y;0.001399;0.001861
2015-08-07;USD_OIS_SOFR_7Y;0.001406;0.001854
2015-08-10;USD_OIS_SOFR_7Y;0.001413;0.001847
2015-08-11;USD_OIS_SOFR_7Y;0.001419;0.001841
2015-08-12;USD_OIS_SOFR_7Y;0.001574;0.002286
2015-08-13;USD_OIS_SOFR_7Y;0.001585;0.002275
2015-08-14;USD_OIS_SOFR_7Y;0.001595;0.002265
2015-08-17;USD_OIS_SOFR_7Y;0.001605;0.002255
2015-08-18;USD_OIS_SOFR_7Y;0.001615;0.002245
2015-08-19;USD_OIS_SOFR_7Y;0.00171;0.00235
2015-08-20;USD_OIS_SOFR_7Y;0.00172;0.00234
2015-08-21;USD_OIS_SOFR_7Y;0.001729;0.002331
2015-08-24;USD_OIS_SOFR_7Y;0.001738;0.002322
2015-08-25;USD_OIS_SOFR_7Y;0.001747;0.002313
2015-08-26;USD_OIS_SOFR_7Y;0.001756;0.002304
2015-08-27;USD_OIS_SOFR_7Y;0.001764;0.002296
2015-08-28;USD_OIS_SOFR_7Y;0.001772;0.002288
2015-08-31;USD_OIS_SOFR_7Y;0.00178;0.00228
2015-09-01;USD_OIS_SOFR_7Y;0.001788;0.002272
2015-09-02;USD_OIS_SOFR_7Y;0.001525;0.002135
2015-09-03;USD_OIS_SOFR_7Y;0.001534;0.002126
2015-09-04;USD_OIS_SOFR_7Y;0.001543;0.002117
2015-09-08;USD_OIS_SOFR_7Y;0.001552;0.002108
2015-09-09;USD_OIS_SOFR_7Y;0.001644;0.002216
2015-09-10;USD_OIS_SOFR_7Y;0.001652;0.002208
2015-09-11;USD_OIS_SOFR_7Y;0.001661;0.002199
2015-09-14;USD_OIS_SOFR_7Y;0.001669;0.002191
2015-09-15;USD_OIS_SOFR_7Y;0.001677;0.002183
2015-09-16;USD_OIS_SOFR_7Y;0.001685;0.002175
2015-09-17;USD_OIS_SOFR_7Y;0.001692;0.002168
2015-09-18;USD_OIS_SOFR_7Y;0.001699;0.002161
2015-09-21;USD_OIS_SOFR_7Y;0.001706;0.002154
2015-09-22;USD_OIS_SOFR_7Y;0.001713;0.002147
2015-09-23;USD_OIS_SOFR_7Y;0.00172;0.00214
2015-09-24;USD_OIS_SOFR_7Y;0.001726;0.002134
2015-09-25;USD_OIS_SOFR_7Y;0.001732;0.002128
2015-09-28;USD_OIS_SOFR_7Y;0.001738;0.002122
2015-09-29;USD_OIS_SOFR_7Y;0.001744;0.002116
2015-09-30;USD_OIS_SOFR_7Y;0.001465;0.001995
2015-10-01;USD_OIS_SOFR_7Y;0.001473;0.001987
2015-10-02;USD_OIS_SOFR_7Y;0.001481;0.001979
2015-10-05;USD_OIS_SOFR_7Y;0.001488;0.001972
2015-10-06;USD_OIS_SOFR_7Y;0.001496;0.001964
2015-10-07;USD_OIS_SOFR_7Y;0.001583;0.002077
2015-10-08;USD_OIS_SOFR_7Y;0.001591;0.002069
2015-10-09;USD_OIS_SOFR_7Y;0.001598;0.002062
2015-10-13;USD_OIS_SOFR_7Y;0.001605;0.002055
2015-10-14;USD_OIS_SOFR_7Y;0.001612;0.002048
2015-10-15;USD_OIS_SOFR_7Y;0.001618;0.002042
2015-10-16;USD_OIS_SOFR_7Y;0.001625;0.002035
2015-10-19;USD_OIS_SOFR_7Y;0.001631;0.002029
2015-10-20;USD_OIS_SOFR_7Y;0.001637;0.002023
2015-10-21;USD_OIS_SOFR_7Y;0.001643;0.002017
2015-10-22;USD_OIS_SOFR_7Y;0.001649;0.002011
2015-10-23;USD_OIS_SOFR_7Y;0.001654;0.002006
2015-10-26;USD_OIS_SOFR_7Y;0.00166;0.002
2015-10-27;USD_OIS_SOFR_7Y;0.001665;0.001995
2015-10-28;USD_OIS_SOFR_7Y;0.001543;0.001917
2015-10-29;USD_OIS_SOFR_7Y;0.001548;0.001912
2015-10-30;USD_OIS_SOFR_7Y;0.001554;0.001906
2015-11-02;USD_OIS_SOFR_7Y;0.001559;0.001901
2015-11-03;USD_OIS_SOFR_7Y;0.001564;0.001896
2015-11-04;USD_OIS_SOFR_7Y;0.001278;0.001782
2015-11-05;USD_OIS_SOFR_7Y;0.001286;0.001774
2015-11-06;USD_OIS_SOFR_7Y;0.001293;0.001767
2015-11-09;USD_OIS_SOFR_7Y;0.0013;0.00176
2015-11-10;USD_OIS_SOFR_7Y;0.001307;0.001753
2015-11-12;USD_OIS_SOFR_7Y;0.001439;0.002021
2015-11-13;USD_OIS_SOFR_7Y;0.001448;0.002012
2015-11-16;USD_OIS_SOFR_7Y;0.001457;0.002003
2015-11-17;USD_OIS_SOFR_7Y;0.001465;0.001995
2015-11-18;USD_OIS_SOFR_7Y;0.001473;0.001987
2015-11-19;USD_OIS_SOFR_7Y;0.001481;0.001979
2015-11-20;USD_OIS_SOFR_7Y;0.001489;0.001971
2015-11-23;USD_OIS_SOFR_7Y;0.001496;0.001964
2015-11-24;USD_OIS_SOFR_7Y;0.001503;0.001957
2015-11-25;USD_OIS_SOFR_7Y;0.00151;0.00195
2015-11-27;USD_OIS_SOFR_7Y;0.001517;0.001943
2015-11-30;USD_OIS_SOFR_7Y;0.001523;0.001937
2015-12-01;USD_OIS_SOFR_7Y;0.00153;0.00193
2015-12-02;USD_OIS_SOFR_7Y;0.001536;0.001924
2015-12-03;USD_OIS_SOFR_7Y;0.001542;0.001918
2015-12-04;USD_OIS_SOFR_7Y;0.001547;0.001913
2015-12-07;USD_OIS_SOFR_7Y;0.001553;0.001907
2015-12-08;USD_OIS_SOFR_7Y;0.001558;0.001902
2015-12-09;USD_OIS_SOFR_7Y;0.001637;0.002023
2015-12-10;USD_OIS_SOFR_7Y;0.001643;0.002017
2015-12-11;USD_OIS_SOFR_7Y;0.001649;0.002011
2015-12-14;USD_OIS_SOFR_7Y;0.001654;0.002006
2015-12-15;USD_OIS_SOFR_7Y;0.00166;0.002
2015-12-16;USD_OIS_SOFR_7Y;0.001738;0.002122
2015-12-17;USD_OIS_SOFR_7Y;0.001744;0.002116
2015-12-18;USD_OIS_SOFR_7Y;0.00175;0.00211
2015-12-21;USD_OIS_SOFR_7Y;0.001755;0.002105
2015-12-22;USD_OIS_SOFR_7Y;0.001761;0.002099
2015-12-23;USD_OIS_SOFR_7Y;0.001988;0.006472
2015-12-24;USD_OIS_SOFR_7Y;0.002056;0.006404
2015-12-28;USD_OIS_SOFR_7Y;0.002123;0.006337
2015-12-29;USD_OIS_SOFR_7Y;0.002187;0.006273
2015-12-30;USD_OIS_SOFR_7Y;0.002147;0.006113
2015-12-31;USD_OIS_SOFR_7Y;0.002207;0.006053
2016-01-04;USD_OIS_SOFR_7Y;0.002266;0.005994
2016-01-05;USD_OIS_SOFR_7Y;0.002322;0.005938
2016-01-06;USD_OIS_SOFR_7Y;0.001271;0.005189
2016-01-07;USD_OIS_SOFR_7Y;0.001331;0.005129
2016-01-08;USD_OIS_SOFR_7Y;0.001389;0.005071
2016-01-11;USD_OIS_SOFR_7Y;0.001445;0.005015
2016-01-12;USD_OIS_SOFR_7Y;0.001499;0.004961
2016-01-13;USD_OIS_SOFR_7Y;0.002238;0.006022
2016-01-14;USD_OIS_SOFR_7Y;0.002295;0.005965
2016-01-15;USD_OIS_SOFR_7Y;0.002351;0.005909
2016-01-19;USD_OIS_SOFR_7Y;0.002405;0.005855
2016-01-20;USD_OIS_SOFR_7Y;0.002458;0.005802
2016-01-21;USD_OIS_SOFR_7Y;0.002509;0.005751
2016-01-22;USD_OIS_SOFR_7Y;0.002558;0.005702
2016-01-25;USD_OIS_SOFR_7Y;0.002606;0.005654
2016-01-26;USD_OIS_SOFR_7Y;0.002653;0.005607
2016-01-27;USD_OIS_SOFR_7Y;0.002884;0.005776
2016-01-28;USD_OIS_SOFR_7Y;0.002928;0.005732
2016-01-29;USD_OIS_SOFR_7Y;0.002971;0.005689
2016-02-01;USD_OIS_SOFR_7Y;0.003013;0.005647
2016-02-02;USD_OIS_SOFR_7Y;0.003053;0.005607
2016-02-03;USD_OIS_SOFR_7Y;0.002632;0.005228
2016-02-04;USD_OIS_SOFR_7Y;0.002672;0.005188
2016-02-05;USD_OIS_SOFR_7Y;0.00271;0.00515
2016-02-08;USD_OIS_SOFR_7Y;0.002747;0.005113
2016-02-09;USD_OIS_SOFR_7Y;0.002783;0.005077
2016-02-10;USD_OIS_SOFR_7Y;0.003152;0.005508
2016-02-11;USD_OIS_SOFR_7Y;0.003188;0.005472
2016-02-12;USD_OIS_SOFR_7Y;0.003223;0.005437
2016-02-16;USD_OIS_SOFR_7Y;0.003256;0.005404
2016-02-17;USD_OIS_SOFR_7Y;0.003289;0.005371
2016-02-18;USD_OIS_SOFR_7Y;0.003321;0.005339
2016-02-19;USD_OIS_SOFR_7Y;0.003352;0.005308
2016-02-22;USD_OIS_SOFR_7Y;0.003381;0.005279
2016-02-23;USD_OIS_SOFR_7Y;0.00341;0.00525
2016-02-24;USD_OIS_SOFR_7Y;0.003438;0.005222
2016-02-25;USD_OIS_SOFR_7Y;0.003465;0.005195
2016-02-26;USD_OIS_SOFR_7Y;0.003492;0.005168
2016-02-29;USD_OIS_SOFR_7Y;0.003517;0.005143
2016-03-01;USD_OIS_SOFR_7Y;0.003542;0.005118
2016-03-02;USD_OIS_SOFR_7Y;0.003342;0.004918
2016-03-03;USD_OIS_SOFR_7Y;0.003366;0.004894
2016-03-04;USD_OIS_SOFR_7Y;0.003389;0.004871
2016-03-07;USD_OIS_SOFR_7Y;0.003412;0.004848
2016-03-08;USD_OIS_SOFR_7Y;0.003433;0.004827
2016-03-09;USD_OIS_SOFR_7Y;0.003455;0.004805
2016-03-10;USD_OIS_SOFR_7Y;0.003475;0.004785
2016-03-11;USD_OIS_SOFR_7Y;0.003495;0.004765
2016-03-14;USD_OIS_SOFR_7Y;0.003515;0.004745
2016-03-15;USD_OIS_SOFR_7Y;0.003533;0.004727
2016-03-16;USD_OIS_SOFR_7Y;0.003551;0.004709
2016-03-17;USD_OIS_SOFR_7Y;0.003569;0.004691
2016-03-18;USD_OIS_SOFR_7Y;0.003586;0.004674
2016-03-21;USD_OIS_SOFR_7Y;0.003603;0.004657
2016-03-22;USD_OIS_SOFR_7Y;0.003619;0.004641
2016-03-23;USD_OIS_SOFR_7Y;0.003725;0.004735
2016-03-24;USD_OIS_SOFR_7Y;0.00374;0.00472
2016-03-28;USD_OIS_SOFR_7Y;0.003755;0.004705
2016-03-29;USD_OIS_SOFR_7Y;0.00377;0.00469
2016-03-30;USD_OIS_SOFR_7Y;0.003784;0.004676
2016-03-31;USD_OIS_SOFR_7Y;0.003797;0.004663
2016-04-01;USD_OIS_SOFR_7Y;0.003811;0.004649
2016-04-04;USD_OIS_SOFR_7Y;0.003823;0.004637
2016-04-05;USD_OIS_SOFR_7Y;0.003836;0.004624
2016-04-06;USD_OIS_SOFR_7Y;0.003601;0.004459
2016-04-07;USD_OIS_SOFR_7Y;0.003614;0.004446
2016-04-08;USD_OIS_SOFR_7Y;0.003627;0.004433
2016-04-11;USD_OIS_SOFR_7Y;0.003639;0.004421
2016-04-12;USD_OIS_SOFR_7Y;0.003651;0.004409
2016-04-13;USD_OIS_SOFR_7Y;0.003814;0.004646
2016-04-14;USD_OIS_SOFR_7Y;0.003827;0.004633
2016-04-15;USD_OIS_SOFR_7Y;0.003839;0.004621
2016-04-18;USD_OIS_SOFR_7Y;0.003851;0.004609
2016-04-19;USD_OIS_SOFR_7Y;0.003863;0.004597
2016-04-20;USD_OIS_SOFR_7Y;0.003874;0.004586
2016-04-21;USD_OIS_SOFR_7Y;0.003885;0.004575
2016-04-22;USD_OIS_SOFR_7Y;0.003895;0.004565
2016-04-25;USD_OIS_SOFR_7Y;0.003905;0.004555
2016-04-26;USD_OIS_SOFR_7Y;0.003915;0.004545
2016-04-27;USD_OIS_SOFR_7Y;0.003925;0.004535
2016-04-28;USD_OIS_SOFR_7Y;0.003934;0.004526
2016-04-29;USD_OIS_SOFR_7Y;0.003943;0.004517
2016-05-02;USD_OIS_SOFR_7Y;0.003952;0.004508
2016-05-03;USD_OIS_SOFR_7Y;0.00396;0.0045
2016-05-04;USD_OIS_SOFR_7Y;0.003538;0.004322
2016-05-05;USD_OIS_SOFR_7Y;0.00355;0.00431
2016-05-06;USD_OIS_SOFR_7Y;0.003562;0.004298
2016-05-09;USD_OIS_SOFR_7Y;0.003573;0.004287
2016-05-10;USD_OIS_SOFR_7Y;0.003584;0.004276
2016-05-11;USD_OIS_SOFR_7Y;0.003785;0.004675
2016-05-12;USD_OIS_SOFR_7Y;0.003799;0.004661
2016-05-13;USD_OIS_SOFR_7Y;0.003812;0.004648
2016-05-16;USD_OIS_SOFR_7Y;0.003825;0.004635
2016-05-17;USD_OIS_SOFR_7Y;0.003837;0.004623
2016-05-18;USD_OIS_SOFR_7Y;0.003849;0.004611
2016-05-19;USD_OIS_SOFR_7Y;0.003861;0.004599
2016-05-20;USD_OIS_SOFR_7Y;0.003872;0.004588
2016-05-23;USD_OIS_SOFR_7Y;0.003883;0.004577
2016-05-24;USD_OIS_SOFR_7Y;0.003894;0.004566
2016-05-25;USD_OIS_SOFR_7Y;0.003904;0.004556
2016-05-26;USD_OIS_SOFR_7Y;0.003914;0.004546
2016-05-27;USD_OIS_SOFR_7Y;0.003923;0.004537
2016-05-31;USD_OIS_SOFR_7Y;0.003933;0.004527
2016-06-01;USD_OIS_SOFR_7Y;0.003826;0.004434
2016-06-02;USD_OIS_SOFR_7Y;0.003835;0.004425
2016-06-03;USD_OIS_SOFR_7Y;0.003844;0.004416
2016-06-06;USD_OIS_SOFR_7Y;0.003853;0.004407
2016-06-07;USD_OIS_SOFR_7Y;0.003861;0.004399
2016-06-08;USD_OIS_SOFR_7Y;0.003952;0.004508
2016-06-09;USD_OIS_SOFR_7Y;0.00396;0.0045
2016-06-10;USD_OIS_SOFR_7Y;0.003969;0.004491
2016-06-13;USD_OIS_SOFR_7Y;0.003977;0.004483
2016-06-14;USD_OIS_SOFR_7Y;0.003984;0.004476
2016-06-15;USD_OIS_SOFR_7Y;0.003992;0.004468
2016-06-16;USD_OIS_SOFR_7Y;0.003999;0.004461
2016-06-17;USD_OIS_SOFR_7Y;0.004006;0.004454
2016-06-20;USD_OIS_SOFR_7Y;0.004013;0.004447
2016-06-21;USD_OIS_SOFR_7Y;0.004019;0.004441
2016-06-22;USD_OIS_SOFR_7Y;0.004104;0.004556
2016-06-23;USD_OIS_SOFR_7Y;0.004111;0.004549
2016-06-24;USD_OIS_SOFR_7Y;0.004117;0.004543
2016-06-27;USD_OIS_SOFR_7Y;0.004124;0.004536
2016-06-28;USD_OIS_SOFR_7Y;0.00413;0.00453
2016-06-29;USD_OIS_SOFR_7Y;0.004256;0.004804
2016-06-30;USD_OIS_SOFR_7Y;0.004264;0.004796
2016-07-01;USD_OIS_SOFR_7Y;0.004272;0.004788
2016-07-05;USD_OIS_SOFR_7Y;0.00428;0.00478
2016-07-06;USD_OIS_SOFR_7Y;0.004169;0.004691
2016-07-07;USD_OIS_SOFR_7Y;0.004177;0.004683
2016-07-08;USD_OIS_SOFR_7Y;0.004184;0.004676
2016-07-11;USD_OIS_SOFR_7Y;0.004192;0.004668
2016-07-12;USD_OIS_SOFR_7Y;0.004199;0.004661
2016-07-13;USD_OIS_SOFR_7Y;0.004286;0.004774
2016-07-14;USD_OIS_SOFR_7Y;0.004293;0.004767
2016-07-15;USD_OIS_SOFR_7Y;0.004301;0.004759
2016-07-18;USD_OIS_SOFR_7Y;0.004308;0.004752
2016-07-19;USD_OIS_SOFR_7Y;0.004314;0.004746
2016-07-20;USD_OIS_SOFR_7Y;0.004321;0.004739
2016-07-21;USD_OIS_SOFR_7Y;0.004327;0.004733
2016-07-22;USD_OIS_SOFR_7Y;0.004334;0.004726
2016-07-25;USD_OIS_SOFR_7Y;0.004339;0.004721
2016-07-26;USD_OIS_SOFR_7Y;0.004345;0.004715
2016-07-27;USD_OIS_SOFR_7Y;0.004351;0.004709
2016-07-28;USD_OIS_SOFR_7Y;0.004356;0.004704
2016-07-29;USD_OIS_SOFR_7Y;0.004362;0.004698
2016-08-01;USD_OIS_SOFR_7Y;0.004367;0.004693
2016-08-02;USD_OIS_SOFR_7Y;0.004372;0.004688
2016-08-03;USD_OIS_SOFR_7Y;0.003712;0.004548
2016-08-04;USD_OIS_SOFR_7Y;0.003725;0.004535
2016-08-05;USD_OIS_SOFR_7Y;0.003737;0.004523
2016-08-08;USD_OIS_SOFR_7Y;0.003749;0.004511
2016-08-09;USD_OIS_SOFR_7Y;0.003761;0.004499
2016-08-10;USD_OIS_SOFR_7Y;0.004001;0.005059
2016-08-11;USD_OIS_SOFR_7Y;0.004017;0.005043
2016-08-12;USD_OIS_SOFR_7Y;0.004033;0.005027
2016-08-15;USD_OIS_SOFR_7Y;0.004048;0.005012
2016-08-16;USD_OIS_SOFR_7Y;0.004063;0.004997
2016-08-17;USD_OIS_SOFR_7Y;0.004077;0.004983
2016-08-18;USD_OIS_SOFR_7Y;0.004091;0.004969
2016-08-19;USD_OIS_SOFR_7Y;0.004104;0.004956
2016-08-22;USD_OIS_SOFR_7Y;0.004117;0.004943
2016-08-23;USD_OIS_SOFR_7Y;0.00413;0.00493
2016-08-24;USD_OIS_SOFR_7Y;0.004142;0.004918
2016-08-25;USD_OIS_SOFR_7Y;0.004154;0.004906
2016-08-26;USD_OIS_SOFR_7Y;0.004165;0.004895
2016-08-29;USD_OIS_SOFR_7Y;0.004176;0.004884
2016-08-30;USD_OIS_SOFR_7Y;0.004187;0.004873
2016-08-31;USD_OIS_SOFR_7Y;0.004084;0.004776
2016-09-01;USD_OIS_SOFR_7Y;0.004094;0.004766
2016-09-02;USD_OIS_SOFR_7Y;0.004104;0.004756
2016-09-06;USD_OIS_SOFR_7Y;0.004114;0.004746
2016-09-07;USD_OIS_SOFR_7Y;0.004209;0.004851
2016-09-08;USD_OIS_SOFR_7Y;0.004219;0.004841
2016-09-09;USD_OIS_SOFR_7Y;0.004228;0.004832
2016-09-12;USD_OIS_SOFR_7Y;0.004237;0.004823
2016-09-13;USD_OIS_SOFR_7Y;0.004246;0.004814
2016-09-14;USD_OIS_SOFR_7Y;0.004255;0.004805
2016-09-15;USD_OIS_SOFR_7Y;0.004263;0.004797
2016-09-16;USD_OIS_SOFR_7Y;0.004271;0.004789
2016-09-19;USD_OIS_SOFR_7Y;0.004279;0.004781
2016-09-20;USD_OIS_SOFR_7Y;0.004287;0.004773
2016-09-21;USD_OIS_SOFR_7Y;0.004294;0.004766
2016-09-22;USD_OIS_SOFR_7Y;0.004302;0.004758
2016-09-23;USD_OIS_SOFR_7Y;0.004309;0.004751
2016-09-26;USD_OIS_SOFR_7Y;0.004315;0.004745
2016-09-27;USD_OIS_SOFR_7Y;0.004322;0.004738
2016-09-28;USD_OIS_SOFR_7Y;0.004328;0.004732
2016-09-29;USD_OIS_SOFR_7Y;0.004334;0.004726
2016-09-30;USD_OIS_SOFR_7Y;0.00434;0.00472
2016-10-03;USD_OIS_SOFR_7Y;0.004346;0.004714
2016-10-04;USD_OIS_SOFR_7Y;0.004352;0.004708
2016-10-05;USD_OIS_SOFR_7Y;0.003514;0.004546
2016-10-06;USD_OIS_SOFR_7Y;0.00353;0.00453
2016-10-07;USD_OIS_SOFR_7Y;0.003545;0.004515
2016-10-11;USD_OIS_SOFR_7Y;0.00356;0.0045
2016-10-12;USD_OIS_SOFR_7Y;0.003864;0.005196
2016-10-13;USD_OIS_SOFR_7Y;0.003884;0.005176
2016-10-14;USD_OIS_SOFR_7Y;0.003904;0.005156
2016-10-17;USD_OIS_SOFR_7Y;0.003923;0.005137
2016-10-18;USD_OIS_SOFR_7Y;0.003941;0.005119
2016-10-19;USD_OIS_SOFR_7Y;0.004051;0.005209
2016-10-20;USD_OIS_SOFR_7Y;0.004069;0.005191
2016-10-21;USD_OIS_SOFR_7Y;0.004086;0.005174
2016-10-24;USD_OIS_SOFR_7Y;0.004102;0.005158
2016-10-25;USD_OIS_SOFR_7Y;0.004118;0.005142
2016-10-26;USD_OIS_SOFR_7Y;0.004134;0.005126
2016-10-27;USD_OIS_SOFR_7Y;0.004149;0.005111
2016-10-28;USD_OIS_SOFR_7Y;0.004164;0.005096
2016-10-31;USD_OIS_SOFR_7Y;0.004178;0.005082
2016-11-01;USD_OIS_SOFR_7Y;0.004192;0.005068
2016-11-02;USD_OIS_SOFR_7Y;0.004094;0.004966
2016-11-03;USD_OIS_SOFR_7Y;0.004107;0.004953
2016-11-04;USD_OIS_SOFR_7Y;0.00412;0.00494
2016-11-07;USD_OIS_SOFR_7Y;0.004133;0.004927
2016-11-08;USD_OIS_SOFR_7Y;0.004145;0.004915
2016-11-09;USD_OIS_SOFR_7Y;0.004244;0.005016
2016-11-10;USD_OIS_SOFR_7Y;0.004256;0.005004
2016-11-14;USD_OIS_SOFR_7Y;0.004267;0.004993
2016-11-15;USD_OIS_SOFR_7Y;0.004278;0.004982
2016-11-16;USD_OIS_SOFR_7Y;0.004289;0.004971
2016-11-17;USD_OIS_SOFR_7Y;0.004299;0.004961
2016-11-18;USD_OIS_SOFR_7Y;0.004309;0.004951
2016-11-21;USD_OIS_SOFR_7Y;0.004319;0.004941
2016-11-22;USD_OIS_SOFR_7Y;0.004329;0.004931
2016-11-23;USD_OIS_SOFR_7Y;0.004338;0.004922
2016-11-25;USD_OIS_SOFR_7Y;0.004347;0.004913
2016-11-28;USD_OIS_SOFR_7Y;0.004355;0.004905
2016-11-29;USD_OIS_SOFR_7Y;0.004364;0.004896
2016-11-30;USD_OIS_SOFR_7Y;0.004254;0.004806
2016-12-01;USD_OIS_SOFR_7Y;0.004263;0.004797
2016-12-02;USD_OIS_SOFR_7Y;0.004271;0.004789
2016-12-05;USD_OIS_SOFR_7Y;0.004279;0.004781
2016-12-06;USD_OIS_SOFR_7Y;0.004286;0.004774
2016-12-07;USD_OIS_SOFR_7Y;0.004374;0.004886
2016-12-08;USD_OIS_SOFR_7Y;0.004382;0.004878
2016-12-09;USD_OIS_SOFR_7Y;0.00439;0.00487
2016-12-12;USD_OIS_SOFR_7Y;0.004397;0.004863
2016-12-13;USD_OIS_SOFR_7Y;0.004404;0.004856
2016-12-14;USD_OIS_SOFR_7Y;0.004411;0.004849
2016-12-15;USD_OIS_SOFR_7Y;0.004418;0.004842
2016-12-16;USD_OIS_SOFR_7Y;0.004424;0.004836
2016-12-19;USD_OIS_SOFR_7Y;0.004431;0.004829
2016-12-20;USD_OIS_SOFR_7Y;0.004437;0.004823
2016-12-21;USD_OIS_SOFR_7Y;0.004692;0.009568
2016-12-22;USD_OIS_SOFR_7Y;0.004767;0.009493
2016-12-23;USD_OIS_SOFR_7Y;0.004839;0.009421
2016-12-27;USD_OIS_SOFR_7Y;0.004909;0.009351
2016-12-28;USD_OIS_SOFR_7Y;0.004976;0.009284
2016-12-29;USD_OIS_SOFR_7Y;0.005042;0.009218
2016-12-30;USD_OIS_SOFR_7Y;0.005105;0.009155
2017-01-03;USD_OIS_SOFR_7Y;0.005167;0.009093
2017-01-04;USD_OIS_SOFR_7Y;0.00454;0.00852
2017-01-05;USD_OIS_SOFR_7Y;0.0046;0.00846
2017-01-06;USD_OIS_SOFR_7Y;0.004659;0.008401
2017-01-09;USD_OIS_SOFR_7Y;0.004716;0.008344
2017-01-10;USD_OIS_SOFR_7Y;0.004771;0.008289
2017-01-11;USD_OIS_SOFR_7Y;0.005328;0.008932
2017-01-12;USD_OIS_SOFR_7Y;0.005383;0.008877
2017-01-13;USD_OIS_SOFR_7Y;0.005436;0.008824
2017-01-17;USD_OIS_SOFR_7Y;0.005488;0.008772
2017-01-18;USD_OIS_SOFR_7Y;0.005538;0.008722
2017-01-19;USD_OIS_SOFR_7Y;0.005586;0.008674
2017-01-20;USD_OIS_SOFR_7Y;0.005633;0.008627
2017-01-23;USD_OIS_SOFR_7Y;0.005679;0.008581
2017-01-24;USD_OIS_SOFR_7Y;0.005723;0.008537
2017-01-25;USD_OIS_SOFR_7Y;0.005766;0.008494
2017-01-26;USD_OIS_SOFR_7Y;0.005807;0.008453
2017-01-27;USD_OIS_SOFR_7Y;0.005848;0.008412
2017-01-30;USD_OIS_SOFR_7Y;0.005887;0.008373
2017-01-31;USD_OIS_SOFR_7Y;0.005925;0.008335
2017-02-01;USD_OIS_SOFR_7Y;0.005857;0.008203
2017-02-02;USD_OIS_SOFR_7Y;0.005893;0.008167
2017-02-03;USD_OIS_SOFR_7Y;0.005928;0.008132
2017-02-06;USD_OIS_SOFR_7Y;0.005961;0.008099
2017-02-07;USD_OIS_SOFR_7Y;0.005994;0.008066
2017-02-08;USD_OIS_SOFR_7Y;0.006121;0.008139
2017-02-09;USD_OIS_SOFR_7Y;0.006151;0.008109
2017-02-10;USD_OIS_SOFR_7Y;0.006181;0.008079
2017-02-13;USD_OIS_SOFR_7Y;0.00621;0.00805
2017-02-14;USD_OIS_SOFR_7Y;0.006238;0.008022
2017-02-15;USD_OIS_SOFR_7Y;0.006265;0.007995
2017-02-16;USD_OIS_SOFR_7Y;0.006292;0.007968
2017-02-17;USD_OIS_SOFR_7Y;0.006317;0.007943
2017-02-21;USD_OIS_SOFR_7Y;0.006342;0.007918
2017-02-22;USD_OIS_SOFR_7Y;0.006366;0.007894
2017-02-23;USD_OIS_SOFR_7Y;0.006389;0.007871
2017-02-24;USD_OIS_SOFR_7Y;0.006412;0.007848
2017-02-27;USD_OIS_SOFR_7Y;0.006434;0.007826
2017-02-28;USD_OIS_SOFR_7Y;0.006455;0.007805
2017-03-01;USD_OIS_SOFR_7Y;0.006368;0.007692
2017-03-02;USD_OIS_SOFR_7Y;0.006388;0.007672
2017-03-03;USD_OIS_SOFR_7Y;0.006408;0.007652
2017-03-06;USD_OIS_SOFR_7Y;0.006427;0.007633
2017-03-07;USD_OIS_SOFR_7Y;0.006445;0.007615
2017-03-08;USD_OIS_SOFR_7Y;0.006555;0.007705
2017-03-09;USD_OIS_SOFR_7Y;0.006572;0.007688
2017-03-10;USD_OIS_SOFR_7Y;0.006589;0.007671
2017-03-13;USD_OIS_SOFR_7Y;0.006606;0.007654
2017-03-14;USD_OIS_SOFR_7Y;0.006622;0.007638
2017-03-15;USD_OIS_SOFR_7Y;0.006637;0.007623
2017-03-16;USD_OIS_SOFR_7Y;0.006652;0.007608
2017-03-17;USD_OIS_SOFR_7Y;0.006667;0.007593
2017-03-20;USD_OIS_SOFR_7Y;0.006681;0.007579
2017-03-21;USD_OIS_SOFR_7Y;0.006695;0.007565
2017-03-22;USD_OIS_SOFR_7Y;0.007163;0.012097
2017-03-23;USD_OIS_SOFR_7Y;0.007238;0.012022
2017-03-24;USD_OIS_SOFR_7Y;0.007311;0.011949
2017-03-27;USD_OIS_SOFR_7Y;0.007382;0.011878
2017-03-28;USD_OIS_SOFR_7Y;0.00745;0.01181
2017-03-29;USD_OIS_SOFR_7Y;0.007517;0.011743
2017-03-30;USD_OIS_SOFR_7Y;0.007581;0.011679
2017-03-31;USD_OIS_SOFR_7Y;0.007644;0.011616
2017-04-03;USD_OIS_SOFR_7Y;0.007704;0.011556
2017-04-04;USD_OIS_SOFR_7Y;0.007763;0.011497
2017-04-05;USD_OIS_SOFR_7Y;0.007378;0.011082
2017-04-06;USD_OIS_SOFR_7Y;0.007435;0.011025
2017-04-07;USD_OIS_SOFR_7Y;0.00749;0.01097
2017-04-10;USD_OIS_SOFR_7Y;0.007543;0.010917
2017-04-11;USD_OIS_SOFR_7Y;0.007594;0.010866
2017-04-12;USD_OIS_SOFR_7Y;0.007997;0.011263
2017-04-13;USD_OIS_SOFR_7Y;0.008047;0.011213
2017-04-17;USD_OIS_SOFR_7Y;0.008095;0.011165
2017-04-18;USD_OIS_SOFR_7Y;0.008142;0.011118
2017-04-19;USD_OIS_SOFR_7Y;0.008187;0.011073
2017-04-20;USD_OIS_SOFR_7Y;0.008231;0.011029
2017-04-21;USD_OIS_SOFR_7Y;0.008274;0.010986
2017-04-24;USD_OIS_SOFR_7Y;0.008315;0.010945
2017-04-25;USD_OIS_SOFR_7Y;0.008355;0.010905
2017-04-26;USD_OIS_SOFR_7Y;0.008394;0.010866
2017-04-27;USD_OIS_SOFR_7Y;0.008431;0.010829
2017-04-28;USD_OIS_SOFR_7Y;0.008468;0.010792
2017-05-01;USD_OIS_SOFR_7Y;0.008503;0.010757
2017-05-02;USD_OIS_SOFR_7Y;0.008538;0.010722
2017-05-03;USD_OIS_SOFR_7Y;0.008231;0.010429
2017-05-04;USD_OIS_SOFR_7Y;0.008265;0.010395
2017-05-05;USD_OIS_SOFR_7Y;0.008297;0.010363
2017-05-08;USD_OIS_SOFR_7Y;0.008329;0.010331
2017-05-09;USD_OIS_SOFR_7Y;0.008359;0.010301
2017-05-10;USD_OIS_SOFR_7Y;0.008645;0.010615
2017-05-11;USD_OIS_SOFR_7Y;0.008675;0.010585
2017-05-12;USD_OIS_SOFR_7Y;0.008704;0.010556
2017-05-15;USD_OIS_SOFR_7Y;0.008732;0.010528
2017-05-16;USD_OIS_SOFR_7Y;0.008759;0.010501
2017-05-17;USD_OIS_SOFR_7Y;0.008786;0.010474
2017-05-18;USD_OIS_SOFR_7Y;0.008812;0.010448
2017-05-19;USD_OIS_SOFR_7Y;0.008837;0.010423
2017-05-22;USD_OIS_SOFR_7Y;0.008861;0.010399
2017-05-23;USD_OIS_SOFR_7Y;0.008884;0.010376
2017-05-24;USD_OIS_SOFR_7Y;0.008907;0.010353
2017-05-25;USD_OIS_SOFR_7Y;0.008929;0.010331
2017-05-26;USD_OIS_SOFR_7Y;0.00895;0.01031
2017-05-30;USD_OIS_SOFR_7Y;0.008971;0.010289
2017-05-31;USD_OIS_SOFR_7Y;0.008884;0.010176
2017-06-01;USD_OIS_SOFR_7Y;0.008903;0.010157
2017-06-02;USD_OIS_SOFR_7Y;0.008923;0.010137
2017-06-05;USD_OIS_SOFR_7Y;0.008941;0.010119
2017-06-06;USD_OIS_SOFR_7Y;0.008959;0.010101
2017-06-07;USD_OIS_SOFR_7Y;0.009068;0.010192
2017-06-08;USD_OIS_SOFR_7Y;0.009085;0.010175
2017-06-09;USD_OIS_SOFR_7Y;0.009102;0.010158
2017-06-12;USD_OIS_SOFR_7Y;0.009118;0.010142
2017-06-13;USD_OIS_SOFR_7Y;0.009133;0.010127
2017-06-14;USD_OIS_SOFR_7Y;0.009148;0.010112
2017-06-15;USD_OIS_SOFR_7Y;0.009163;0.010097
2017-06-16;USD_OIS_SOFR_7Y;0.009177;0.010083
2017-06-19;USD_OIS_SOFR_7Y;0.009191;0.010069
2017-06-20;USD_OIS_SOFR_7Y;0.009205;0.010055
2017-06-21;USD_OIS_SOFR_7Y;0.009665;0.014595
2017-06-22;USD_OIS_SOFR_7Y;0.00974;0.01452
2017-06-23;USD_OIS_SOFR_7Y;0.009813;0.014447
2017-06-26;USD_OIS_SOFR_7Y;0.009883;0.014377
2017-06-27;USD_OIS_SOFR_7Y;0.009952;0.014308
2017-06-28;USD_OIS_SOFR_7Y;0.010018;0.014242
2017-06-29;USD_OIS_SOFR_7Y;0.010083;0.014177
2017-06-30;USD_OIS_SOFR_7Y;0.010145;0.014115
2017-07-03;USD_OIS_SOFR_7Y;0.010205;0.014055
2017-07-05;USD_OIS_SOFR_7Y;0.009824;0.013636
2017-07-06;USD_OIS_SOFR_7Y;0.009882;0.013578
2017-07-07;USD_OIS_SOFR_7Y;0.009938;0.013522
2017-07-10;USD_OIS_SOFR_7Y;0.009993;0.013467
2017-07-11;USD_OIS_SOFR_7Y;0.010046;0.013414
2017-07-12;USD_OIS_SOFR_7Y;0.010451;0.013809
2017-07-13;USD_OIS_SOFR_7Y;0.010503;0.013757
2017-07-14;USD_OIS_SOFR_7Y;0.010552;0.013708
2017-07-17;USD_OIS_SOFR_7Y;0.0106;0.01366
2017-07-18;USD_OIS_SOFR_7Y;0.010647;0.013613
2017-07-19;USD_OIS_SOFR_7Y;0.010692;0.013568
2017-07-20;USD_OIS_SOFR_7Y;0.010736;0.013524
2017-07-21;USD_OIS_SOFR_7Y;0.010778;0.013482
2017-07-24;USD_OIS_SOFR_7Y;0.010819;0.013441
2017-07-25;USD_OIS_SOFR_7Y;0.010859;0.013401
2017-07-26;USD_OIS_SOFR_7Y;0.010898;0.013362
2017-07-27;USD_OIS_SOFR_7Y;0.010936;0.013324
2017-07-28;USD_OIS_SOFR_7Y;0.010972;0.013288
2017-07-31;USD_OIS_SOFR_7Y;0.011007;0.013253
2017-08-01;USD_OIS_SOFR_7Y;0.011042;0.013218
2017-08-02;USD_OIS_SOFR_7Y;0.01097;0.01309
2017-08-03;USD_OIS_SOFR_7Y;0.011002;0.013058
2017-08-04;USD_OIS_SOFR_7Y;0.011034;0.013026
2017-08-07;USD_OIS_SOFR_7Y;0.011064;0.012996
2017-08-08;USD_OIS_SOFR_7Y;0.011094;0.012966
2017-08-09;USD_OIS_SOFR_7Y;0.011217;0.013043
2017-08-10;USD_OIS_SOFR_7Y;0.011245;0.013015
2017-08-11;USD_OIS_SOFR_7Y;0.011272;0.012988
2017-08-14;USD_OIS_SOFR_7Y;0.011298;0.012962
2017-08-15;USD_OIS_SOFR_7Y;0.011323;0.012937
2017-08-16;USD_OIS_SOFR_7Y;0.011348;0.012912
2017-08-17;USD_OIS_SOFR_7Y;0.011372;0.012888
2017-08-18;USD_OIS_SOFR_7Y;0.011395;0.012865
2017-08-21;USD_OIS_SOFR_7Y;0.011417;0.012843
2017-08-22;USD_OIS_SOFR_7Y;0.011439;0.012821
2017-08-23;USD_OIS_SOFR_7Y;0.01146;0.0128
2017-08-24;USD_OIS_SOFR_7Y;0.01148;0.01278
2017-08-25;USD_OIS_SOFR_7Y;0.0115;0.01276
2017-08-28;USD_OIS_SOFR_7Y;0.011519;0.012741
2017-08-29;USD_OIS_SOFR_7Y;0.011538;0.012722
2017-08-30;USD_OIS_SOFR_7Y;0.011556;0.012704
2017-08-31;USD_OIS_SOFR_7Y;0.011573;0.012687
2017-09-01;USD_OIS_SOFR_7Y;0.01159;0.01267
2017-09-05;USD_OIS_SOFR_7Y;0.011607;0.012653
2017-09-06;USD_OIS_SOFR_7Y;0.011514;0.012546
2017-09-07;USD_OIS_SOFR_7Y;0.011529;0.012531
2017-09-08;USD_OIS_SOFR_7Y;0.011544;0.012516
2017-09-11;USD_OIS_SOFR_7Y;0.011559;0.012501
2017-09-12;USD_OIS_SOFR_7Y;0.011574;0.012486
2017-09-13;USD_OIS_SOFR_7Y;0.011677;0.012583
2017-09-14;USD_OIS_SOFR_7Y;0.011691;0.012569
2017-09-15;USD_OIS_SOFR_7Y;0.011704;0.012556
2017-09-18;USD_OIS_SOFR_7Y;0.011717;0.012543
2017-09-19;USD_OIS_SOFR_7Y;0.01173;0.01253
2017-09-20;USD_OIS_SOFR_7Y;0.011742;0.012518
2017-09-21;USD_OIS_SOFR_7Y;0.011754;0.012506
2017-09-22;USD_OIS_SOFR_7Y;0.011765;0.012495
2017-09-25;USD_OIS_SOFR_7Y;0.011776;0.012484
2017-09-26;USD_OIS_SOFR_7Y;0.011787;0.012473
2017-09-27;USD_OIS_SOFR_7Y;0.011798;0.012462
2017-09-28;USD_OIS_SOFR_7Y;0.011808;0.012452
2017-09-29;USD_OIS_SOFR_7Y;0.011817;0.012443
2017-10-02;USD_OIS_SOFR_7Y;0.011827;0.012433
2017-10-03;USD_OIS_SOFR_7Y;0.011836;0.012424
2017-10-04;USD_OIS_SOFR_7Y;0.011248;0.012212
2017-10-05;USD_OIS_SOFR_7Y;0.011263;0.012197
2017-10-06;USD_OIS_SOFR_7Y;0.011277;0.012183
2017-10-10;USD_OIS_SOFR_7Y;0.011291;0.012169
2017-10-11;USD_OIS_SOFR_7Y;0.011553;0.012707
2017-10-12;USD_OIS_SOFR_7Y;0.011571;0.012689
2017-10-13;USD_OIS_SOFR_7Y;0.011588;0.012672
2017-10-16;USD_OIS_SOFR_7Y;0.011604;0.012656
2017-10-17;USD_OIS_SOFR_7Y;0.01162;0.01264
2017-10-18;USD_OIS_SOFR_7Y;0.011636;0.012624
2017-10-19;USD_OIS_SOFR_7Y;0.011651;0.012609
2017-10-20;USD_OIS_SOFR_7Y;0.011666;0.012594
2017-10-23;USD_OIS_SOFR_7Y;0.01168;0.01258
2017-10-24;USD_OIS_SOFR_7Y;0.011693;0.012567
2017-10-25;USD_OIS_SOFR_7Y;0.011707;0.012553
2017-10-26;USD_OIS_SOFR_7Y;0.01172;0.01254
2017-10-27;USD_OIS_SOFR_7Y;0.011732;0.012528
2017-10-30;USD_OIS_SOFR_7Y;0.011744;0.012516
2017-10-31;USD_OIS_SOFR_7Y;0.011756;0.012504
2017-11-01;USD_OIS_SOFR_7Y;0.011655;0.012405
2017-11-02;USD_OIS_SOFR_7Y;0.011666;0.012394
2017-11-03;USD_OIS_SOFR_7Y;0.011677;0.012383
2017-11-06;USD_OIS_SOFR_7Y;0.011688;0.012372
2017-11-07;USD_OIS_SOFR_7Y;0.011698;0.012362
2017-11-08;USD_OIS_SOFR_7Y;0.011794;0.012466
2017-11-09;USD_OIS_SOFR_7Y;0.011804;0.012456
2017-11-10;USD_OIS_SOFR_7Y;0.011814;0.012446
2017-11-13;USD_OIS_SOFR_7Y;0.011824;0.012436
2017-11-14;USD_OIS_SOFR_7Y;0.011833;0.012427
2017-11-15;USD_OIS_SOFR_7Y;0.011842;0.012418
2017-11-16;USD_OIS_SOFR_7Y;0.011851;0.012409
2017-11-17;USD_OIS_SOFR_7Y;0.011859;0.012401
2017-11-20;USD_OIS_SOFR_7Y;0.011868;0.012392
2017-11-21;USD_OIS_SOFR_7Y;0.011876;0.012384
2017-11-22;USD_OIS_SOFR_7Y;0.011883;0.012377
2017-11-24;USD_OIS_SOFR_7Y;0.011891;0.012369
2017-11-27;USD_OIS_SOFR_7Y;0.011898;0.012362
2017-11-28;USD_OIS_SOFR_7Y;0.011905;0.012355
2017-11-29;USD_OIS_SOFR_7Y;0.011912;0.012348
2017-11-30;USD_OIS_SOFR_7Y;0.011919;0.012341
2017-12-01;USD_OIS_SOFR_7Y;0.011925;0.012335
2017-12-04;USD_OIS_SOFR_7Y;0.011931;0.012329
2017-12-05;USD_OIS_SOFR_7Y;0.011937;0.012323
2017-12-06;USD_OIS_SOFR_7Y;0.01182;0.01224
2017-12-07;USD_OIS_SOFR_7Y;0.011826;0.012234
2017-12-08;USD_OIS_SOFR_7Y;0.011832;0.012228
2017-12-11;USD_OIS_SOFR_7Y;0.011838;0.012222
2017-12-12;USD_OIS_SOFR_7Y;0.011844;0.012216
2017-12-13;USD_OIS_SOFR_7Y;0.011925;0.012335
2017-12-14;USD_OIS_SOFR_7Y;0.011931;0.012329
2017-12-15;USD_OIS_SOFR_7Y;0.011937;0.012323
2017-12-18;USD_OIS_SOFR_7Y;0.011943;0.012317
2017-12-19;USD_OIS_SOFR_7Y;0.011949;0.012311
2017-12-20;USD_OIS_SOFR_7Y;0.012193;0.017067
2017-12-21;USD_OIS_SOFR_7Y;0.012268;0.016992
2017-12-22;USD_OIS_SOFR_7Y;0.01234;0.01692
2017-12-26;USD_OIS_SOFR_7Y;0.012409;0.016851
2017-12-27;USD_OIS_SOFR_7Y;0.012575;0.016885
2017-12-28;USD_OIS_SOFR_7Y;0.01264;0.01682
2017-12-29;USD_OIS_SOFR_7Y;0.012704;0.016756
2018-01-02;USD_OIS_SOFR_7Y;0.012766;0.016694
2018-01-03;USD_OIS_SOFR_7Y;0.012265;0.016195
2018-01-04;USD_OIS_SOFR_7Y;0.012325;0.016135
2018-01-05;USD_OIS_SOFR_7Y;0.012383;0.016077
2018-01-08;USD_OIS_SOFR_7Y;0.012439;0.016021
2018-01-09;USD_OIS_SOFR_7Y;0.012493;0.015967
2018-01-10;USD_OIS_SOFR_7Y;0.012978;0.016482
2018-01-11;USD_OIS_SOFR_7Y;0.013031;0.016429
2018-01-12;USD_OIS_SOFR_7Y;0.013083;0.016377
2018-01-16;USD_OIS_SOFR_7Y;0.013133;0.016327
2018-01-17;USD_OIS_SOFR_7Y;0.013182;0.016278
2018-01-18;USD_OIS_SOFR_7Y;0.013229;0.016231
2018-01-19;USD_OIS_SOFR_7Y;0.013274;0.016186
2018-01-22;USD_OIS_SOFR_7Y;0.013319;0.016141
2018-01-23;USD_OIS_SOFR_7Y;0.013362;0.016098
2018-01-24;USD_OIS_SOFR_7Y;0.013403;0.016057
2018-01-25;USD_OIS_SOFR_7Y;0.013444;0.016016
2018-01-26;USD_OIS_SOFR_7Y;0.013483;0.015977
2018-01-29;USD_OIS_SOFR_7Y;0.013521;0.015939
2018-01-30;USD_OIS_SOFR_7Y;0.013558;0.015902
2018-01-31;USD_OIS_SOFR_7Y;0.013489;0.015771
2018-02-01;USD_OIS_SOFR_7Y;0.013524;0.015736
2018-02-02;USD_OIS_SOFR_7Y;0.013558;0.015702
2018-02-05;USD_OIS_SOFR_7Y;0.013591;0.015669
2018-02-06;USD_OIS_SOFR_7Y;0.013622;0.015638
2018-02-07;USD_OIS_SOFR_7Y;0.013748;0.015712
2018-02-08;USD_OIS_SOFR_7Y;0.013778;0.015682
2018-02-09;USD_OIS_SOFR_7Y;0.013807;0.015653
2018-02-12;USD_OIS_SOFR_7Y;0.013835;0.015625
2018-02-13;USD_OIS_SOFR_7Y;0.013862;0.015598
2018-02-14;USD_OIS_SOFR_7Y;0.013889;0.015571
2018-02-15;USD_OIS_SOFR_7Y;0.013914;0.015546
2018-02-16;USD_OIS_SOFR_7Y;0.013939;0.015521
2018-02-20;USD_OIS_SOFR_7Y;0.013963;0.015497
2018-02-21;USD_OIS_SOFR_7Y;0.013987;0.015473
2018-02-22;USD_OIS_SOFR_7Y;0.014009;0.015451
2018-02-23;USD_OIS_SOFR_7Y;0.014031;0.015429
2018-02-26;USD_OIS_SOFR_7Y;0.014053;0.015407
2018-02-27;USD_OIS_SOFR_7Y;0.014073;0.015387
2018-02-28;USD_OIS_SOFR_7Y;0.013986;0.015274
2018-03-01;USD_OIS_SOFR_7Y;0.014005;0.015255
2018-03-02;USD_OIS_SOFR_7Y;0.014025;0.015235
2018-03-05;USD_OIS_SOFR_7Y;0.014043;0.015217
2018-03-06;USD_OIS_SOFR_7Y;0.014061;0.015199
2018-03-07;USD_OIS_SOFR_7Y;0.01417;0.01529
2018-03-08;USD_OIS_SOFR_7Y;0.014187;0.015273
2018-03-09;USD_OIS_SOFR_7Y;0.014203;0.015257
2018-03-12;USD_OIS_SOFR_7Y;0.014219;0.015241
2018-03-13;USD_OIS_SOFR_7Y;0.014235;0.015225
2018-03-14;USD_OIS_SOFR_7Y;0.01425;0.01521
2018-03-15;USD_OIS_SOFR_7Y;0.014265;0.015195
2018-03-16;USD_OIS_SOFR_7Y;0.014279;0.015181
2018-03-19;USD_OIS_SOFR_7Y;0.014293;0.015167
2018-03-20;USD_OIS_SOFR_7Y;0.014306;0.015154
2018-03-21;USD_OIS_SOFR_7Y;0.014407;0.015253
2018-03-22;USD_OIS_SOFR_7Y;0.01442;0.01524
2018-03-23;USD_OIS_SOFR_7Y;0.014433;0.015227
2018-03-26;USD_OIS_SOFR_7Y;0.014445;0.015215
2018-03-27;USD_OIS_SOFR_7Y;0.014457;0.015203
2018-03-28;USD_OIS_SOFR_7Y;0.014873;0.019787
2018-03-29;USD_OIS_SOFR_7Y;0.014948;0.019712
2018-04-02;USD_OIS_SOFR_7Y;0.01502;0.01964
2018-04-03;USD_OIS_SOFR_7Y;0.01587;0.02073
2018-04-04;USD_OIS_SOFR_7Y;0.014887;0.019913
2018-04-05;USD_OIS_SOFR_7Y;0.015062;0.019938
2018-04-06;USD_OIS_SOFR_7Y;0.015136;0.019864
2018-04-09;USD_OIS_SOFR_7Y;0.015208;0.019792
2018-04-10;USD_OIS_SOFR_7Y;0.015278;0.019722
2018-04-11;USD_OIS_SOFR_7Y;0.015443;0.019757
2018-04-12;USD_OIS_SOFR_7Y;0.015189;0.019411
2018-04-13;USD_OIS_SOFR_7Y;0.015151;0.019249
2018-04-16;USD_OIS_SOFR_7Y;0.015655;0.019745
2018-04-17;USD_OIS_SOFR_7Y;0.015615;0.019585
2018-04-18;USD_OIS_SOFR_7Y;0.015573;0.019427
2018-04-19;USD_OIS_SOFR_7Y;0.015421;0.019179
2018-04-20;USD_OIS_SOFR_7Y;0.015376;0.019024
2018-04-23;USD_OIS_SOFR_7Y;0.015221;0.018779
2018-04-24;USD_OIS_SOFR_7Y;0.015372;0.018828
2018-04-25;USD_OIS_SOFR_7Y;0.015425;0.018775
2018-04-26;USD_OIS_SOFR_7Y;0.015573;0.018827
2018-04-27;USD_OIS_SOFR_7Y;0.015623;0.018777
2018-04-30;USD_OIS_SOFR_7Y;0.016095;0.019305
2018-05-01;USD_OIS_SOFR_7Y;0.016041;0.019159
2018-05-02;USD_OIS_SOFR_7Y;0.015985;0.019015
2018-05-03;USD_OIS_SOFR_7Y;0.015928;0.018872
2018-05-04;USD_OIS_SOFR_7Y;0.01576;0.01864
2018-05-07;USD_OIS_SOFR_7Y;0.015701;0.018499
2018-05-08;USD_OIS_SOFR_7Y;0.01584;0.01856
2018-05-09;USD_OIS_SOFR_7Y;0.015881;0.018519
2018-05-10;USD_OIS_SOFR_7Y;0.016018;0.018582
2018-05-11;USD_OIS_SOFR_7Y;0.016057;0.018543
2018-05-14;USD_OIS_SOFR_7Y;0.016279;0.018721
2018-05-15;USD_OIS_SOFR_7Y;0.016654;0.019146
2018-05-16;USD_OIS_SOFR_7Y;0.016231;0.018769
2018-05-17;USD_OIS_SOFR_7Y;0.016166;0.018634
2018-05-18;USD_OIS_SOFR_7Y;0.016099;0.018501
2018-05-21;USD_OIS_SOFR_7Y;0.015673;0.018127
2018-05-22;USD_OIS_SOFR_7Y;0.015248;0.017752
2018-05-23;USD_OIS_SOFR_7Y;0.015471;0.017929
2018-05-24;USD_OIS_SOFR_7Y;0.016028;0.018772
2018-05-25;USD_OIS_SOFR_7Y;0.015966;0.018634
2018-05-29;USD_OIS_SOFR_7Y;0.015903;0.018497
2018-05-30;USD_OIS_SOFR_7Y;0.015942;0.018458
2018-05-31;USD_OIS_SOFR_7Y;0.016599;0.019601
2018-06-01;USD_OIS_SOFR_7Y;0.016645;0.019555
2018-06-04;USD_OIS_SOFR_7Y;0.016586;0.019414
2018-06-05;USD_OIS_SOFR_7Y;0.016045;0.018955
2018-06-06;USD_OIS_SOFR_7Y;0.015876;0.018724
2018-06-07;USD_OIS_SOFR_7Y;0.015706;0.018494
2018-06-08;USD_OIS_SOFR_7Y;0.015535;0.018265
2018-06-11;USD_OIS_SOFR_7Y;0.015576;0.018224
2018-06-12;USD_OIS_SOFR_7Y;0.015402;0.017998
2018-06-13;USD_OIS_SOFR_7Y;0.015783;0.018417
2018-06-14;USD_OIS_SOFR_7Y;0.016755;0.021245
2018-06-15;USD_OIS_SOFR_7Y;0.016921;0.021279
2018-06-18;USD_OIS_SOFR_7Y;0.016885;0.021115
2018-06-19;USD_OIS_SOFR_7Y;0.01674;0.02086
2018-06-20;USD_OIS_SOFR_7Y;0.016701;0.020699
2018-06-21;USD_OIS_SOFR_7Y;0.016761;0.020639
2018-06-22;USD_OIS_SOFR_7Y;0.017259;0.021141
2018-06-25;USD_OIS_SOFR_7Y;0.017215;0.020985
2018-06-26;USD_OIS_SOFR_7Y;0.01717;0.02083
2018-06-27;USD_OIS_SOFR_7Y;0.017226;0.020774
2018-06-28;USD_OIS_SOFR_7Y;0.017555;0.021045
2018-06-29;USD_OIS_SOFR_7Y;0.018695;0.023705
2018-07-02;USD_OIS_SOFR_7Y;0.01785;0.02295
2018-07-03;USD_OIS_SOFR_7Y;0.017498;0.022502
2018-07-05;USD_OIS_SOFR_7Y;0.017256;0.022144
2018-07-06;USD_OIS_SOFR_7Y;0.016899;0.021701
2018-07-09;USD_OIS_SOFR_7Y;0.01654;0.02126
2018-07-10;USD_OIS_SOFR_7Y;0.016612;0.021188
2018-07-11;USD_OIS_SOFR_7Y;0.016682;0.021118
2018-07-12;USD_OIS_SOFR_7Y;0.016847;0.021153
2018-07-13;USD_OIS_SOFR_7Y;0.016913;0.021087
2018-07-16;USD_OIS_SOFR_7Y;0.017419;0.021581
2018-07-17;USD_OIS_SOFR_7Y;0.017161;0.021239
2018-07-18;USD_OIS_SOFR_7Y;0.017014;0.020986
2018-07-19;USD_OIS_SOFR_7Y;0.017074;0.020926
2018-07-20;USD_OIS_SOFR_7Y;0.016923;0.020677
2018-07-23;USD_OIS_SOFR_7Y;0.016877;0.020523
2018-07-24;USD_OIS_SOFR_7Y;0.017209;0.020791
2018-07-25;USD_OIS_SOFR_7Y;0.016939;0.020461
2018-07-26;USD_OIS_SOFR_7Y;0.017268;0.020732
2018-07-27;USD_OIS_SOFR_7Y;0.01711;0.02049
2018-07-30;USD_OIS_SOFR_7Y;0.017161;0.020439
2018-07-31;USD_OIS_SOFR_7Y;0.017638;0.020962
2018-08-01;USD_OIS_SOFR_7Y;0.017117;0.020483
2018-08-02;USD_OIS_SOFR_7Y;0.017443;0.020757
2018-08-03;USD_OIS_SOFR_7Y;0.016921;0.020279
2018-08-06;USD_OIS_SOFR_7Y;0.016972;0.020228
2018-08-07;USD_OIS_SOFR_7Y;0.017119;0.020281
2018-08-08;USD_OIS_SOFR_7Y;0.017264;0.020336
2018-08-09;USD_OIS_SOFR_7Y;0.017583;0.020617
2018-08-10;USD_OIS_SOFR_7Y;0.017526;0.020474
2018-08-13;USD_OIS_SOFR_7Y;0.017667;0.020533
2018-08-14;USD_OIS_SOFR_7Y;0.017897;0.020703
2018-08-15;USD_OIS_SOFR_7Y;0.018356;0.021244
2018-08-16;USD_OIS_SOFR_7Y;0.018496;0.021304
2018-08-17;USD_OIS_SOFR_7Y;0.017382;0.020618
2018-08-20;USD_OIS_SOFR_7Y;0.017431;0.020569
2018-08-21;USD_OIS_SOFR_7Y;0.017479;0.020521
2018-08-22;USD_OIS_SOFR_7Y;0.017526;0.020474
2018-08-23;USD_OIS_SOFR_7Y;0.017919;0.020881
2018-08-24;USD_OIS_SOFR_7Y;0.01806;0.02094
2018-08-27;USD_OIS_SOFR_7Y;0.018104;0.020896
2018-08-28;USD_OIS_SOFR_7Y;0.018147;0.020853
2018-08-29;USD_OIS_SOFR_7Y;0.017974;0.020626
2018-08-30;USD_OIS_SOFR_7Y;0.018014;0.020586
2018-08-31;USD_OIS_SOFR_7Y;0.018394;0.021006
2018-09-04;USD_OIS_SOFR_7Y;0.018219;0.020781
2018-09-05;USD_OIS_SOFR_7Y;0.018258;0.020742
2018-09-06;USD_OIS_SOFR_7Y;0.018192;0.020608
2018-09-07;USD_OIS_SOFR_7Y;0.018229;0.020571
2018-09-10;USD_OIS_SOFR_7Y;0.018264;0.020536
2018-09-11;USD_OIS_SOFR_7Y;0.018299;0.020501
2018-09-12;USD_OIS_SOFR_7Y;0.018333;0.020467
2018-09-13;USD_OIS_SOFR_7Y;0.018365;0.020435
2018-09-14;USD_OIS_SOFR_7Y;0.018492;0.020508
2018-09-17;USD_OIS_SOFR_7Y;0.018908;0.021092
2018-09-18;USD_OIS_SOFR_7Y;0.018192;0.020608
2018-09-19;USD_OIS_SOFR_7Y;0.018012;0.020388
2018-09-20;USD_OIS_SOFR_7Y;0.018049;0.020351
2018-09-21;USD_OIS_SOFR_7Y;0.018084;0.020316
2018-09-24;USD_OIS_SOFR_7Y;0.018379;0.020621
2018-09-25;USD_OIS_SOFR_7Y;0.018196;0.020404
2018-09-26;USD_OIS_SOFR_7Y;0.018125;0.020275
2018-09-27;USD_OIS_SOFR_7Y;0.019045;0.024155
2018-09-28;USD_OIS_SOFR_7Y;0.019873;0.025127
2018-10-01;USD_OIS_SOFR_7Y;0.019636;0.024764
2018-10-02;USD_OIS_SOFR_7Y;0.019507;0.024493
2018-10-03;USD_OIS_SOFR_7Y;0.019583;0.024417
2018-10-04;USD_OIS_SOFR_7Y;0.019448;0.024152
2018-10-05;USD_OIS_SOFR_7Y;0.019312;0.023888
2018-10-09;USD_OIS_SOFR_7Y;0.019279;0.023721
2018-10-10;USD_OIS_SOFR_7Y;0.019347;0.023653
2018-10-11;USD_OIS_SOFR_7Y;0.019603;0.023797
2018-10-12;USD_OIS_SOFR_7Y;0.019765;0.023835
2018-10-15;USD_OIS_SOFR_7Y;0.020105;0.024095
2018-10-16;USD_OIS_SOFR_7Y;0.019844;0.023756
2018-10-17;USD_OIS_SOFR_7Y;0.019904;0.023696
2018-10-18;USD_OIS_SOFR_7Y;0.020059;0.023741
2018-10-19;USD_OIS_SOFR_7Y;0.020115;0.023685
2018-10-22;USD_OIS_SOFR_7Y;0.020067;0.023533
2018-10-23;USD_OIS_SOFR_7Y;0.020017;0.023383
2018-10-24;USD_OIS_SOFR_7Y;0.020165;0.023435
2018-10-25;USD_OIS_SOFR_7Y;0.020312;0.023488
2018-10-26;USD_OIS_SOFR_7Y;0.02036;0.02344
2018-10-29;USD_OIS_SOFR_7Y;0.020304;0.023296
2018-10-30;USD_OIS_SOFR_7Y;0.02035;0.02325
2018-10-31;USD_OIS_SOFR_7Y;0.020741;0.023659
2018-11-01;USD_OIS_SOFR_7Y;0.020786;0.023614
2018-11-02;USD_OIS_SOFR_7Y;0.021098;0.023902
2018-11-05;USD_OIS_SOFR_7Y;0.021037;0.023763
2018-11-06;USD_OIS_SOFR_7Y;0.020865;0.023535
2018-11-07;USD_OIS_SOFR_7Y;0.020448;0.023152
2018-11-08;USD_OIS_SOFR_7Y;0.020757;0.023443
2018-11-09;USD_OIS_SOFR_7Y;0.020694;0.023306
2018-11-13;USD_OIS_SOFR_7Y;0.020734;0.023266
2018-11-14;USD_OIS_SOFR_7Y;0.020773;0.023227
2018-11-15;USD_OIS_SOFR_7Y;0.021379;0.024221
2018-11-16;USD_OIS_SOFR_7Y;0.021208;0.023992
2018-11-19;USD_OIS_SOFR_7Y;0.021037;0.023763
2018-11-20;USD_OIS_SOFR_7Y;0.020622;0.023378
2018-11-21;USD_OIS_SOFR_7Y;0.02045;0.02315
2018-11-23;USD_OIS_SOFR_7Y;0.020904;0.023696
2018-11-26;USD_OIS_SOFR_7Y;0.020615;0.023385
2018-11-27;USD_OIS_SOFR_7Y;0.020554;0.023246
2018-11-28;USD_OIS_SOFR_7Y;0.020595;0.023205
2018-11-29;USD_OIS_SOFR_7Y;0.021045;0.023755
2018-11-30;USD_OIS_SOFR_7Y;0.02143;0.02417
2018-12-03;USD_OIS_SOFR_7Y;0.020885;0.023715
2018-12-04;USD_OIS_SOFR_7Y;0.021274;0.024126
2018-12-06;USD_OIS_SOFR_7Y;0.021859;0.024941
2018-12-07;USD_OIS_SOFR_7Y;0.021456;0.024544
2018-12-10;USD_OIS_SOFR_7Y;0.020513;0.023887
2018-12-11;USD_OIS_SOFR_7Y;0.020239;0.023561
2018-12-12;USD_OIS_SOFR_7Y;0.020387;0.023613
2018-12-13;USD_OIS_SOFR_7Y;0.020533;0.023667
2018-12-14;USD_OIS_SOFR_7Y;0.020581;0.023619
2018-12-17;USD_OIS_SOFR_7Y;0.021335;0.024865
2018-12-18;USD_OIS_SOFR_7Y;0.021486;0.024914
2018-12-19;USD_OIS_SOFR_7Y;0.021327;0.024673
2018-12-20;USD_OIS_SOFR_7Y;0.022157;0.026043
2018-12-21;USD_OIS_SOFR_7Y;0.022114;0.025886
2018-12-24;USD_OIS_SOFR_7Y;0.022269;0.025931
2018-12-26;USD_OIS_SOFR_7Y;0.022601;0.026199
2018-12-27;USD_OIS_SOFR_7Y;0.022656;0.026144
2018-12-28;USD_OIS_SOFR_7Y;0.022898;0.026302
2018-12-31;USD_OIS_SOFR_7Y;0.024497;0.035503
2019-01-02;USD_OIS_SOFR_7Y;0.025969;0.037031
2019-01-03;USD_OIS_SOFR_7Y;0.02008;0.03392
2019-01-04;USD_OIS_SOFR_7Y;0.017364;0.031636
2019-01-07;USD_OIS_SOFR_7Y;0.01717;0.03103
2019-01-08;USD_OIS_SOFR_7Y;0.017481;0.030919
2019-01-09;USD_OIS_SOFR_7Y;0.017979;0.031021
2019-01-10;USD_OIS_SOFR_7Y;0.017975;0.030625
2019-01-11;USD_OIS_SOFR_7Y;0.017964;0.030236
2019-01-14;USD_OIS_SOFR_7Y;0.01805;0.02995
2019-01-15;USD_OIS_SOFR_7Y;0.018802;0.030398
2019-01-16;USD_OIS_SOFR_7Y;0.018671;0.029929
2019-01-17;USD_OIS_SOFR_7Y;0.018639;0.029561
2019-01-18;USD_OIS_SOFR_7Y;0.018905;0.029495
2019-01-22;USD_OIS_SOFR_7Y;0.018965;0.029235
2019-01-23;USD_OIS_SOFR_7Y;0.019021;0.028979
2019-01-24;USD_OIS_SOFR_7Y;0.019271;0.028929
2019-01-25;USD_OIS_SOFR_7Y;0.019317;0.028683
2019-01-28;USD_OIS_SOFR_7Y;0.019359;0.028441
2019-01-29;USD_OIS_SOFR_7Y;0.019596;0.028404
2019-01-30;USD_OIS_SOFR_7Y;0.019629;0.028171
2019-01-31;USD_OIS_SOFR_7Y;0.021266;0.030334
2019-02-01;USD_OIS_SOFR_7Y;0.020176;0.029224
2019-02-04;USD_OIS_SOFR_7Y;0.019561;0.028439
2019-02-05;USD_OIS_SOFR_7Y;0.019697;0.028303
2019-02-06;USD_OIS_SOFR_7Y;0.019623;0.027977
2019-02-07;USD_OIS_SOFR_7Y;0.01975;0.02785
2019-02-08;USD_OIS_SOFR_7Y;0.019773;0.027627
2019-02-11;USD_OIS_SOFR_7Y;0.020181;0.027819
2019-02-12;USD_OIS_SOFR_7Y;0.020196;0.027604
2019-02-13;USD_OIS_SOFR_7Y;0.020208;0.027392
2019-02-14;USD_OIS_SOFR_7Y;0.020416;0.027384
2019-02-15;USD_OIS_SOFR_7Y;0.0209;0.0277
2019-02-19;USD_OIS_SOFR_7Y;0.02069;0.02731
2019-02-20;USD_OIS_SOFR_7Y;0.02069;0.02711
2019-02-21;USD_OIS_SOFR_7Y;0.020787;0.027013
2019-02-22;USD_OIS_SOFR_7Y;0.020981;0.027019
2019-02-25;USD_OIS_SOFR_7Y;0.020866;0.026734
2019-02-26;USD_OIS_SOFR_7Y;0.020956;0.026644
2019-02-27;USD_OIS_SOFR_7Y;0.020941;0.026459
2019-02-28;USD_OIS_SOFR_7Y;0.022435;0.029165
2019-03-01;USD_OIS_SOFR_7Y;0.020002;0.027598
2019-03-04;USD_OIS_SOFR_7Y;0.020118;0.027482
2019-03-05;USD_OIS_SOFR_7Y;0.02023;0.02737
2019-03-06;USD_OIS_SOFR_7Y;0.020339;0.027261
2019-03-07;USD_OIS_SOFR_7Y;0.020444;0.027156
2019-03-08;USD_OIS_SOFR_7Y;0.020645;0.027155
2019-03-11;USD_OIS_SOFR_7Y;0.020642;0.026958
2019-03-12;USD_OIS_SOFR_7Y;0.020837;0.026963
2019-03-13;USD_OIS_SOFR_7Y;0.021029;0.026971
2019-03-14;USD_OIS_SOFR_7Y;0.021313;0.027087
2019-03-15;USD_OIS_SOFR_7Y;0.021774;0.027426
2019-03-18;USD_OIS_SOFR_7Y;0.021317;0.026883
2019-03-19;USD_OIS_SOFR_7Y;0.0215;0.0269
2019-03-20;USD_OIS_SOFR_7Y;0.022038;0.027362
2019-03-21;USD_OIS_SOFR_7Y;0.021802;0.026998
2019-03-22;USD_OIS_SOFR_7Y;0.021452;0.026548
2019-03-25;USD_OIS_SOFR_7Y;0.021529;0.026471
2019-03-26;USD_OIS_SOFR_7Y;0.021605;0.026395
2019-03-27;USD_OIS_SOFR_7Y;0.021678;0.026322
2019-03-28;USD_OIS_SOFR_7Y;0.02203;0.02657
2019-03-29;USD_OIS_SOFR_7Y;0.023431;0.029569
2019-04-01;USD_OIS_SOFR_7Y;0.021098;0.028102
2019-04-02;USD_OIS_SOFR_7Y;0.021204;0.027996
2019-04-03;USD_OIS_SOFR_7Y;0.021406;0.027994
2019-04-04;USD_OIS_SOFR_7Y;0.021405;0.027795
2019-04-05;USD_OIS_SOFR_7Y;0.021503;0.027697
2019-04-08;USD_OIS_SOFR_7Y;0.021597;0.027603
2019-04-09;USD_OIS_SOFR_7Y;0.021587;0.027413
2019-04-10;USD_OIS_SOFR_7Y;0.021676;0.027324
2019-04-11;USD_OIS_SOFR_7Y;0.02166;0.02714
2019-04-12;USD_OIS_SOFR_7Y;0.021743;0.027057
2019-04-15;USD_OIS_SOFR_7Y;0.022108;0.027292
2019-04-16;USD_OIS_SOFR_7Y;0.022187;0.027213
2019-04-17;USD_OIS_SOFR_7Y;0.022546;0.027454
2019-04-18;USD_OIS_SOFR_7Y;0.022621;0.027379
2019-04-22;USD_OIS_SOFR_7Y;0.022261;0.026939
2019-04-23;USD_OIS_SOFR_7Y;0.022332;0.026868
2019-04-24;USD_OIS_SOFR_7Y;0.022192;0.026608
2019-04-25;USD_OIS_SOFR_7Y;0.022358;0.026642
2019-04-26;USD_OIS_SOFR_7Y;0.02252;0.02668
2019-04-29;USD_OIS_SOFR_7Y;0.022774;0.026826
2019-04-30;USD_OIS_SOFR_7Y;0.024244;0.030956
2019-05-01;USD_OIS_SOFR_7Y;0.021506;0.029294
2019-05-02;USD_OIS_SOFR_7Y;0.021205;0.028795
2019-05-03;USD_OIS_SOFR_7Y;0.020558;0.028042
2019-05-06;USD_OIS_SOFR_7Y;0.020571;0.027829
2019-05-07;USD_OIS_SOFR_7Y;0.020876;0.027924
2019-05-08;USD_OIS_SOFR_7Y;0.020882;0.027718
2019-05-09;USD_OIS_SOFR_7Y;0.02078;0.02742
2019-05-10;USD_OIS_SOFR_7Y;0.02078;0.02722
2019-05-13;USD_OIS_SOFR_7Y;0.020672;0.026928
2019-05-14;USD_OIS_SOFR_7Y;0.020866;0.026934
2019-05-15;USD_OIS_SOFR_7Y;0.021731;0.027869
2019-05-16;USD_OIS_SOFR_7Y;0.021285;0.027315
2019-05-17;USD_OIS_SOFR_7Y;0.021275;0.027125
2019-05-20;USD_OIS_SOFR_7Y;0.021049;0.026751
2019-05-21;USD_OIS_SOFR_7Y;0.021034;0.026566
2019-05-22;USD_OIS_SOFR_7Y;0.021017;0.026383
2019-05-23;USD_OIS_SOFR_7Y;0.021099;0.026301
2019-05-24;USD_OIS_SOFR_7Y;0.021178;0.026222
2019-05-28;USD_OIS_SOFR_7Y;0.021624;0.026576
2019-05-29;USD_OIS_SOFR_7Y;0.021597;0.026403
2019-05-30;USD_OIS_SOFR_7Y;0.021671;0.026329
2019-05-31;USD_OIS_SOFR_7Y;0.022478;0.027322
2019-06-03;USD_OIS_SOFR_7Y;0.021494;0.026506
2019-06-04;USD_OIS_SOFR_7Y;0.021469;0.026331
2019-06-05;USD_OIS_SOFR_7Y;0.021641;0.026359
2019-06-06;USD_OIS_SOFR_7Y;0.021712;0.026288
2019-06-07;USD_OIS_SOFR_7Y;0.02168;0.02612
2019-06-10;USD_OIS_SOFR_7Y;0.021748;0.026052
2019-06-11;USD_OIS_SOFR_7Y;0.021711;0.025889
2019-06-12;USD_OIS_SOFR_7Y;0.021672;0.025728
2019-06-13;USD_OIS_SOFR_7Y;0.021524;0.025476
2019-06-14;USD_OIS_SOFR_7Y;0.021585;0.025415
2019-06-17;USD_OIS_SOFR_7Y;0.022154;0.026046
2019-06-18;USD_OIS_SOFR_7Y;0.022003;0.025797
2019-06-19;USD_OIS_SOFR_7Y;0.021738;0.025462
2019-06-20;USD_OIS_SOFR_7Y;0.021794;0.025406
2019-06-21;USD_OIS_SOFR_7Y;0.021947;0.025453
2019-06-24;USD_OIS_SOFR_7Y;0.022189;0.025611
2019-06-25;USD_OIS_SOFR_7Y;0.02243;0.02577
2019-06-26;USD_OIS_SOFR_7Y;0.022669;0.025931
2019-06-27;USD_OIS_SOFR_7Y;0.022616;0.025784
2019-06-28;USD_OIS_SOFR_7Y;0.023278;0.026722
2019-07-01;USD_OIS_SOFR_7Y;0.022359;0.026041
2019-07-02;USD_OIS_SOFR_7Y;0.023112;0.027088
2019-07-03;USD_OIS_SOFR_7Y;0.023612;0.027588
2019-07-05;USD_OIS_SOFR_7Y;0.023951;0.027849
2019-07-08;USD_OIS_SOFR_7Y;0.022628;0.026972
2019-07-09;USD_OIS_SOFR_7Y;0.022375;0.026625
2019-07-10;USD_OIS_SOFR_7Y;0.022537;0.026663
2019-07-11;USD_OIS_SOFR_7Y;0.022042;0.026158
2019-07-12;USD_OIS_SOFR_7Y;0.021546;0.025654
2019-07-15;USD_OIS_SOFR_7Y;0.022384;0.026816
2019-07-16;USD_OIS_SOFR_7Y;0.022549;0.026851
2019-07-17;USD_OIS_SOFR_7Y;0.022615;0.026785
2019-07-18;USD_OIS_SOFR_7Y;0.022576;0.026624
2019-07-19;USD_OIS_SOFR_7Y;0.022078;0.026122
2019-07-22;USD_OIS_SOFR_7Y;0.022038;0.025962
2019-07-23;USD_OIS_SOFR_7Y;0.022097;0.025903
2019-07-24;USD_OIS_SOFR_7Y;0.022253;0.025947
2019-07-25;USD_OIS_SOFR_7Y;0.022406;0.025994
2019-07-26;USD_OIS_SOFR_7Y;0.022358;0.025842
2019-07-29;USD_OIS_SOFR_7Y;0.022309;0.025691
2019-07-30;USD_OIS_SOFR_7Y;0.022257;0.025543
2019-07-31;USD_OIS_SOFR_7Y;0.023274;0.027726
2019-08-01;USD_OIS_SOFR_7Y;0.017788;0.026012
2019-08-02;USD_OIS_SOFR_7Y;0.017914;0.025886
2019-08-05;USD_OIS_SOFR_7Y;0.017391;0.025209
2019-08-06;USD_OIS_SOFR_7Y;0.017305;0.024895
2019-08-07;USD_OIS_SOFR_7Y;0.01732;0.02468
2019-08-08;USD_OIS_SOFR_7Y;0.01733;0.02447
2019-08-09;USD_OIS_SOFR_7Y;0.017634;0.024566
2019-08-12;USD_OIS_SOFR_7Y;0.017838;0.024562
2019-08-13;USD_OIS_SOFR_7Y;0.018317;0.024883
2019-08-14;USD_OIS_SOFR_7Y;0.018104;0.024496
2019-08-15;USD_OIS_SOFR_7Y;0.018663;0.024937
2019-08-16;USD_OIS_SOFR_7Y;0.01822;0.02438
2019-08-19;USD_OIS_SOFR_7Y;0.018108;0.024092
2019-08-20;USD_OIS_SOFR_7Y;0.018392;0.024208
2019-08-21;USD_OIS_SOFR_7Y;0.018166;0.023834
2019-08-22;USD_OIS_SOFR_7Y;0.018151;0.023649
2019-08-23;USD_OIS_SOFR_7Y;0.018333;0.023667
2019-08-26;USD_OIS_SOFR_7Y;0.018414;0.023586
2019-08-27;USD_OIS_SOFR_7Y;0.018946;0.024054
2019-08-28;USD_OIS_SOFR_7Y;0.018707;0.023693
2019-08-29;USD_OIS_SOFR_7Y;0.018783;0.023617
2019-08-30;USD_OIS_SOFR_7Y;0.019224;0.023976
2019-09-03;USD_OIS_SOFR_7Y;0.019395;0.024005
2019-09-04;USD_OIS_SOFR_7Y;0.019831;0.024369
2019-09-05;USD_OIS_SOFR_7Y;0.0199;0.0243
2019-09-06;USD_OIS_SOFR_7Y;0.019289;0.023711
2019-09-09;USD_OIS_SOFR_7Y;0.019037;0.023363
2019-09-10;USD_OIS_SOFR_7Y;0.019294;0.023506
2019-09-11;USD_OIS_SOFR_7Y;0.019455;0.023545
2019-09-12;USD_OIS_SOFR_7Y;0.019959;0.024041
2019-09-13;USD_OIS_SOFR_7Y;0.020021;0.023979
2019-09-16;USD_OIS_SOFR_7Y;0.021354;0.027246
2019-09-17;USD_OIS_SOFR_7Y;0.024938;0.080062
2019-09-18;USD_OIS_SOFR_7Y;-0.011956;0.062956
2019-09-19;USD_OIS_SOFR_7Y;-0.017281;0.056281
2019-09-20;USD_OIS_SOFR_7Y;-0.017071;0.054271
2019-09-23;USD_OIS_SOFR_7Y;-0.016084;0.053084
2019-09-24;USD_OIS_SOFR_7Y;-0.013948;0.053148
2019-09-25;USD_OIS_SOFR_7Y;-0.01243;0.05263
2019-09-26;USD_OIS_SOFR_7Y;-0.013077;0.050077
2019-09-27;USD_OIS_SOFR_7Y;-0.012416;0.048816
2019-09-30;USD_OIS_SOFR_7Y;-0.006627;0.053627
2019-10-01;USD_OIS_SOFR_7Y;-0.010765;0.048365
2019-10-02;USD_OIS_SOFR_7Y;-0.010166;0.047166
2019-10-03;USD_OIS_SOFR_7Y;-0.009393;0.046193
2019-10-04;USD_OIS_SOFR_7Y;-0.008747;0.045147
2019-10-07;USD_OIS_SOFR_7Y;-0.007826;0.044426
2019-10-08;USD_OIS_SOFR_7Y;-0.006831;0.043831
2019-10-09;USD_OIS_SOFR_7Y;-0.006059;0.043059
2019-10-10;USD_OIS_SOFR_7Y;-0.005311;0.042311
2019-10-11;USD_OIS_SOFR_7Y;-0.004585;0.041585
2019-10-15;USD_OIS_SOFR_7Y;-0.00243;0.04243
2019-10-16;USD_OIS_SOFR_7Y;-0.001252;0.042252
2019-10-17;USD_OIS_SOFR_7Y;-0.001612;0.040612
2019-10-18;USD_OIS_SOFR_7Y;-0.00168;0.03928
2019-10-21;USD_OIS_SOFR_7Y;-0.001257;0.038457
2019-10-22;USD_OIS_SOFR_7Y;-0.000552;0.037952
2019-10-23;USD_OIS_SOFR_7Y;3.4e-05;0.037366
2019-10-24;USD_OIS_SOFR_7Y;0.000503;0.036697
2019-10-25;USD_OIS_SOFR_7Y;0.000853;0.035947
2019-10-28;USD_OIS_SOFR_7Y;0.001186;0.035214
2019-10-29;USD_OIS_SOFR_7Y;0.001604;0.034596
2019-10-30;USD_OIS_SOFR_7Y;0.002207;0.034193
2019-10-31;USD_OIS_SOFR_7Y;0.002083;0.033117
2019-11-01;USD_OIS_SOFR_7Y;0.000654;0.030946
2019-11-04;USD_OIS_SOFR_7Y;0.000914;0.030286
2019-11-05;USD_OIS_SOFR_7Y;0.00156;0.03004
2019-11-06;USD_OIS_SOFR_7Y;0.001894;0.029506
2019-11-07;USD_OIS_SOFR_7Y;0.002214;0.028986
2019-11-08;USD_OIS_SOFR_7Y;0.002622;0.028578
2019-11-12;USD_OIS_SOFR_7Y;0.003117;0.028283
2019-11-13;USD_OIS_SOFR_7Y;0.0035;0.0279
2019-11-14;USD_OIS_SOFR_7Y;0.003971;0.027629
2019-11-15;USD_OIS_SOFR_7Y;0.004431;0.027369
2019-11-18;USD_OIS_SOFR_7Y;0.004477;0.026723
2019-11-19;USD_OIS_SOFR_7Y;0.004915;0.026485
2019-11-20;USD_OIS_SOFR_7Y;0.005244;0.026156
2019-11-21;USD_OIS_SOFR_7Y;0.005662;0.025938
2019-11-22;USD_OIS_SOFR_7Y;0.005971;0.025629
2019-11-25;USD_OIS_SOFR_7Y;0.006068;0.025132
2019-11-26;USD_OIS_SOFR_7Y;0.006157;0.024643
2019-11-27;USD_OIS_SOFR_7Y;0.006538;0.024462
2019-11-29;USD_OIS_SOFR_7Y;0.007756;0.025244
2019-12-02;USD_OIS_SOFR_7Y;0.007821;0.024779
2019-12-03;USD_OIS_SOFR_7Y;0.007242;0.023758
2019-12-04;USD_OIS_SOFR_7Y;0.007393;0.023407
2019-12-05;USD_OIS_SOFR_7Y;0.007737;0.023263
2019-12-06;USD_OIS_SOFR_7Y;0.007973;0.023027
2019-12-09;USD_OIS_SOFR_7Y;0.008302;0.022898
2019-12-10;USD_OIS_SOFR_7Y;0.008423;0.022577
2019-12-11;USD_OIS_SOFR_7Y;0.008538;0.022262
2019-12-12;USD_OIS_SOFR_7Y;0.008647;0.021953
2019-12-13;USD_OIS_SOFR_7Y;0.008949;0.021851
2019-12-16;USD_OIS_SOFR_7Y;0.009897;0.022503
2019-12-17;USD_OIS_SOFR_7Y;0.00924;0.02156
2019-12-18;USD_OIS_SOFR_7Y;0.009327;0.021273
2019-12-19;USD_OIS_SOFR_7Y;0.009508;0.021092
2019-12-20;USD_OIS_SOFR_7Y;0.009685;0.020915
2019-12-23;USD_OIS_SOFR_7Y;0.009755;0.020645
2019-12-24;USD_OIS_SOFR_7Y;0.009921;0.020479
2019-12-26;USD_OIS_SOFR_7Y;0.010082;0.020318
2019-12-27;USD_OIS_SOFR_7Y;0.010337;0.020263
2019-12-30;USD_OIS_SOFR_7Y;0.010587;0.020213
2019-12-31;USD_OIS_SOFR_7Y;0.010833;0.020167
2020-01-02;USD_OIS_SOFR_7Y;0.010874;0.019926
2020-01-03;USD_OIS_SOFR_7Y;0.011111;0.019889
2020-01-06;USD_OIS_SOFR_7Y;0.011244;0.019756
2020-01-07;USD_OIS_SOFR_7Y;0.011473;0.019727
2020-01-08;USD_OIS_SOFR_7Y;0.011497;0.019503
2020-01-09;USD_OIS_SOFR_7Y;0.011619;0.019381
2020-01-10;USD_OIS_SOFR_7Y;0.011737;0.019263
2020-01-13;USD_OIS_SOFR_7Y;0.011751;0.019049
2020-01-14;USD_OIS_SOFR_7Y;0.011961;0.019039
2020-01-15;USD_OIS_SOFR_7Y;0.012167;0.019033
2020-01-16;USD_OIS_SOFR_7Y;0.01217;0.01883
2020-01-17;USD_OIS_SOFR_7Y;0.01217;0.01863
2020-01-21;USD_OIS_SOFR_7Y;0.012269;0.018531
2020-01-22;USD_OIS_SOFR_7Y;0.012364;0.018436
2020-01-23;USD_OIS_SOFR_7Y;0.012457;0.018343
2020-01-24;USD_OIS_SOFR_7Y;0.012445;0.018155
2020-01-27;USD_OIS_SOFR_7Y;0.012532;0.018068
2020-01-28;USD_OIS_SOFR_7Y;0.012616;0.017984
2020-01-29;USD_OIS_SOFR_7Y;0.012698;0.017902
2020-01-30;USD_OIS_SOFR_7Y;0.013231;0.018369
2020-01-31;USD_OIS_SOFR_7Y;0.013501;0.018499
2020-02-03;USD_OIS_SOFR_7Y;0.013475;0.018325
2020-02-04;USD_OIS_SOFR_7Y;0.013647;0.018353
2020-02-05;USD_OIS_SOFR_7Y;0.013617;0.018183
2020-02-06;USD_OIS_SOFR_7Y;0.013686;0.018114
2020-02-07;USD_OIS_SOFR_7Y;0.013652;0.017948
2020-02-10;USD_OIS_SOFR_7Y;0.013717;0.017883
2020-02-11;USD_OIS_SOFR_7Y;0.013781;0.017819
2020-02-12;USD_OIS_SOFR_7Y;0.01374;0.01766
2020-02-13;USD_OIS_SOFR_7Y;0.013799;0.017601
2020-02-14;USD_OIS_SOFR_7Y;0.013955;0.017645
2020-02-18;USD_OIS_SOFR_7Y;0.0142;0.0178
2020-02-19;USD_OIS_SOFR_7Y;0.014153;0.017647
2020-02-20;USD_OIS_SOFR_7Y;0.014303;0.017697
2020-02-21;USD_OIS_SOFR_7Y;0.014143;0.017457
2020-02-24;USD_OIS_SOFR_7Y;0.014194;0.017406
2020-02-25;USD_OIS_SOFR_7Y;0.01434;0.01746
2020-02-26;USD_OIS_SOFR_7Y;0.014284;0.017316
2020-02-27;USD_OIS_SOFR_7Y;0.01433;0.01727
2020-02-28;USD_OIS_SOFR_7Y;0.014562;0.017438
2020-03-02;USD_OIS_SOFR_7Y;0.014502;0.017298
2020-03-03;USD_OIS_SOFR_7Y;0.01496;0.01784
2020-03-04;USD_OIS_SOFR_7Y;0.008077;0.016523
2020-03-05;USD_OIS_SOFR_7Y;0.006968;0.015432
2020-03-06;USD_OIS_SOFR_7Y;0.006893;0.015107
2020-03-09;USD_OIS_SOFR_7Y;0.006917;0.014883
2020-03-10;USD_OIS_SOFR_7Y;0.007233;0.014967
2020-03-11;USD_OIS_SOFR_7Y;0.007731;0.015269
2020-03-12;USD_OIS_SOFR_7Y;0.008313;0.015687
2020-03-13;USD_OIS_SOFR_7Y;0.007296;0.014704
2020-03-16;USD_OIS_SOFR_7Y;-0.006321;0.011521
2020-03-17;USD_OIS_SOFR_7Y;-0.003667;0.014467
2020-03-18;USD_OIS_SOFR_7Y;-0.008776;0.010776
2020-03-19;USD_OIS_SOFR_7Y;-0.008886;0.010086
2020-03-20;USD_OIS_SOFR_7Y;-0.008799;0.009599
2020-03-23;USD_OIS_SOFR_7Y;-0.008721;0.009121
2020-03-24;USD_OIS_SOFR_7Y;-0.00855;0.00875
2020-03-25;USD_OIS_SOFR_7Y;-0.008287;0.008487
2020-03-26;USD_OIS_SOFR_7Y;-0.008031;0.008231
2020-03-27;USD_OIS_SOFR_7Y;-0.007783;0.007983
2020-03-30;USD_OIS_SOFR_7Y;-0.007543;0.007743
2020-03-31;USD_OIS_SOFR_7Y;-0.00731;0.00751
2020-04-01;USD_OIS_SOFR_7Y;-0.007085;0.007285
2020-04-02;USD_OIS_SOFR_7Y;-0.006866;0.007066
2020-04-03;USD_OIS_SOFR_7Y;-0.006653;0.006853
2020-04-06;USD_OIS_SOFR_7Y;-0.006448;0.006648
2020-04-07;USD_OIS_SOFR_7Y;-0.006248;0.006448
2020-04-08;USD_OIS_SOFR_7Y;-0.006055;0.006255
2020-04-09;USD_OIS_SOFR_7Y;-0.005867;0.006067
2020-04-13;USD_OIS_SOFR_7Y;-0.005586;0.005986
2020-04-14;USD_OIS_SOFR_7Y;-0.005024;0.006224
2020-04-15;USD_OIS_SOFR_7Y;-0.00516;0.00576
2020-04-16;USD_OIS_SOFR_7Y;-0.004994;0.005594
2020-04-17;USD_OIS_SOFR_7Y;-0.004832;0.005432
2020-04-20;USD_OIS_SOFR_7Y;-0.004777;0.005177
2020-04-21;USD_OIS_SOFR_7Y;-0.004726;0.004926
2020-04-22;USD_OIS_SOFR_7Y;-0.004579;0.004779
2020-04-23;USD_OIS_SOFR_7Y;-0.004437;0.004637
2020-04-24;USD_OIS_SOFR_7Y;-0.004103;0.004703
2020-04-27;USD_OIS_SOFR_7Y;-0.003969;0.004569
2020-04-28;USD_OIS_SOFR_7Y;-0.004043;0.004243
2020-04-29;USD_OIS_SOFR_7Y;-0.003917;0.004117
2020-04-30;USD_OIS_SOFR_7Y;-0.003506;0.004306
2020-05-01;USD_OIS_SOFR_7Y;-0.003488;0.004088
2020-05-04;USD_OIS_SOFR_7Y;-0.003178;0.004178
2020-05-05;USD_OIS_SOFR_7Y;-0.003066;0.004066
2020-05-06;USD_OIS_SOFR_7Y;-0.002957;0.003957
2020-05-07;USD_OIS_SOFR_7Y;-0.002852;0.003852
2020-05-08;USD_OIS_SOFR_7Y;-0.002651;0.003851
2020-05-11;USD_OIS_SOFR_7Y;-0.002552;0.003752
2020-05-12;USD_OIS_SOFR_7Y;-0.002456;0.003656
2020-05-13;USD_OIS_SOFR_7Y;-0.002569;0.003369
2020-05-14;USD_OIS_SOFR_7Y;-0.002685;0.003085
2020-05-15;USD_OIS_SOFR_7Y;-0.002313;0.003313
2020-05-18;USD_OIS_SOFR_7Y;-0.002329;0.003129
2020-05-19;USD_OIS_SOFR_7Y;-0.002246;0.003046
2020-05-20;USD_OIS_SOFR_7Y;-0.002481;0.002681
2020-05-21;USD_OIS_SOFR_7Y;-0.002305;0.002705
2020-05-22;USD_OIS_SOFR_7Y;-0.002036;0.002836
2020-05-26;USD_OIS_SOFR_7Y;-0.00177;0.00297
2020-05-27;USD_OIS_SOFR_7Y;-0.001698;0.002898
2020-05-28;USD_OIS_SOFR_7Y;-0.001628;0.002828
2020-05-29;USD_OIS_SOFR_7Y;-0.00156;0.00276
2020-06-01;USD_OIS_SOFR_7Y;-0.001494;0.002694
2020-06-02;USD_OIS_SOFR_7Y;-0.001333;0.002733
2020-06-03;USD_OIS_SOFR_7Y;-0.001373;0.002573
2020-06-04;USD_OIS_SOFR_7Y;-0.001215;0.002615
2020-06-05;USD_OIS_SOFR_7Y;-0.001157;0.002557
2020-06-08;USD_OIS_SOFR_7Y;-0.001101;0.002501
2020-06-09;USD_OIS_SOFR_7Y;-0.000948;0.002548
2020-06-10;USD_OIS_SOFR_7Y;-0.000998;0.002398
2020-06-11;USD_OIS_SOFR_7Y;-0.000849;0.002449
2020-06-12;USD_OIS_SOFR_7Y;-0.000799;0.002399
2020-06-15;USD_OIS_SOFR_7Y;-0.000653;0.002453
2020-06-16;USD_OIS_SOFR_7Y;-0.000606;0.002406
2020-06-17;USD_OIS_SOFR_7Y;-0.00056;0.00236
2020-06-18;USD_OIS_SOFR_7Y;-0.000515;0.002315
2020-06-19;USD_OIS_SOFR_7Y;-0.000472;0.002272
2020-06-22;USD_OIS_SOFR_7Y;-0.000534;0.002134
2020-06-23;USD_OIS_SOFR_7Y;-0.000597;0.001997
2020-06-24;USD_OIS_SOFR_7Y;-0.000461;0.002061
2020-06-25;USD_OIS_SOFR_7Y;-0.000327;0.002127
2020-06-26;USD_OIS_SOFR_7Y;-0.000393;0.001993
2020-06-29;USD_OIS_SOFR_7Y;-0.000357;0.001957
2020-06-30;USD_OIS_SOFR_7Y;-0.000138;0.002138
2020-07-01;USD_OIS_SOFR_7Y;-8e-06;0.002208
2020-07-02;USD_OIS_SOFR_7Y;2.6e-05;0.002174
2020-07-06;USD_OIS_SOFR_7Y;-4.6e-05;0.002046
2020-07-07;USD_OIS_SOFR_7Y;-1.4e-05;0.002014
2020-07-08;USD_OIS_SOFR_7Y;1.7e-05;0.001983
2020-07-09;USD_OIS_SOFR_7Y;4.7e-05;0.001953
2020-07-10;USD_OIS_SOFR_7Y;7.6e-05;0.001924
2020-07-13;USD_OIS_SOFR_7Y;0.000104;0.001896
2020-07-14;USD_OIS_SOFR_7Y;0.000226;0.001974
2020-07-15;USD_OIS_SOFR_7Y;0.00043;0.00217
2020-07-16;USD_OIS_SOFR_7Y;0.000351;0.002049
2020-07-17;USD_OIS_SOFR_7Y;0.000377;0.002023
2020-07-20;USD_OIS_SOFR_7Y;0.000402;0.001998
2020-07-21;USD_OIS_SOFR_7Y;0.00032;0.00188
2020-07-22;USD_OIS_SOFR_7Y;0.000238;0.001762
2020-07-23;USD_OIS_SOFR_7Y;0.000261;0.001739
2020-07-24;USD_OIS_SOFR_7Y;0.000284;0.001716
2020-07-27;USD_OIS_SOFR_7Y;0.000305;0.001695
2020-07-28;USD_OIS_SOFR_7Y;0.000327;0.001673
2020-07-29;USD_OIS_SOFR_7Y;0.00024;0.00156
2020-07-30;USD_OIS_SOFR_7Y;0.000353;0.001647
2020-07-31;USD_OIS_SOFR_7Y;0.000372;0.001628
2020-08-03;USD_OIS_SOFR_7Y;0.000392;0.001608
2020-08-04;USD_OIS_SOFR_7Y;0.000302;0.001498
2020-08-05;USD_OIS_SOFR_7Y;0.00032;0.00148
2020-08-06;USD_OIS_SOFR_7Y;0.000338;0.001462
2020-08-07;USD_OIS_SOFR_7Y;0.000355;0.001445
2020-08-10;USD_OIS_SOFR_7Y;0.000372;0.001428
2020-08-11;USD_OIS_SOFR_7Y;0.000479;0.001521
2020-08-12;USD_OIS_SOFR_7Y;0.000385;0.001415
2020-08-13;USD_OIS_SOFR_7Y;0.000401;0.001399
2020-08-14;USD_OIS_SOFR_7Y;0.000416;0.001384
2020-08-17;USD_OIS_SOFR_7Y;0.000521;0.001479
2020-08-18;USD_OIS_SOFR_7Y;0.000425;0.001375
2020-08-19;USD_OIS_SOFR_7Y;0.00044;0.00136
2020-08-20;USD_OIS_SOFR_7Y;0.000213;0.001187
2020-08-21;USD_OIS_SOFR_7Y;0.000228;0.001172
2020-08-24;USD_OIS_SOFR_7Y;0.000332;0.001268
2020-08-25;USD_OIS_SOFR_7Y;0.000347;0.001253
2020-08-26;USD_OIS_SOFR_7Y;0.00025;0.00115
2020-08-27;USD_OIS_SOFR_7Y;0.000264;0.001136
2020-08-28;USD_OIS_SOFR_7Y;0.000277;0.001123
2020-08-31;USD_OIS_SOFR_7Y;0.000446;0.001354
2020-09-01;USD_OIS_SOFR_7Y;0.00046;0.00134
2020-09-02;USD_OIS_SOFR_7Y;0.000473;0.001327
2020-09-03;USD_OIS_SOFR_7Y;0.000575;0.001425
2020-09-04;USD_OIS_SOFR_7Y;0.000477;0.001323
2020-09-08;USD_OIS_SOFR_7Y;0.000489;0.001311
2020-09-09;USD_OIS_SOFR_7Y;0.000502;0.001298
2020-09-10;USD_OIS_SOFR_7Y;0.000514;0.001286
2020-09-11;USD_OIS_SOFR_7Y;0.000526;0.001274
2020-09-14;USD_OIS_SOFR_7Y;0.000537;0.001263
2020-09-15;USD_OIS_SOFR_7Y;0.000635;0.001365
2020-09-16;USD_OIS_SOFR_7Y;0.000646;0.001354
2020-09-17;USD_OIS_SOFR_7Y;0.000657;0.001343
2020-09-18;USD_OIS_SOFR_7Y;0.000554;0.001246
2020-09-21;USD_OIS_SOFR_7Y;0.00045;0.00115
2020-09-22;USD_OIS_SOFR_7Y;0.000347;0.001053
2020-09-23;USD_OIS_SOFR_7Y;0.000245;0.000955
2020-09-24;USD_OIS_SOFR_7Y;0.000342;0.001058
2020-09-25;USD_OIS_SOFR_7Y;0.000439;0.001161
2020-09-28;USD_OIS_SOFR_7Y;0.00045;0.00115
2020-09-29;USD_OIS_SOFR_7Y;0.000347;0.001053
2020-09-30;USD_OIS_SOFR_7Y;0.000445;0.001155
2020-10-01;USD_OIS_SOFR_7Y;0.000455;0.001145
2020-10-02;USD_OIS_SOFR_7Y;0.000613;0.001387
2020-10-05;USD_OIS_SOFR_7Y;0.000513;0.001287
2020-10-06;USD_OIS_SOFR_7Y;0.000612;0.001388
2020-10-07;USD_OIS_SOFR_7Y;0.000512;0.001288
2020-10-08;USD_OIS_SOFR_7Y;0.000411;0.001189
2020-10-09;USD_OIS_SOFR_7Y;0.000511;0.001289
2020-10-13;USD_OIS_SOFR_7Y;0.000523;0.001277
2020-10-14;USD_OIS_SOFR_7Y;0.000534;0.001266
2020-10-15;USD_OIS_SOFR_7Y;0.000632;0.001368
2020-10-16;USD_OIS_SOFR_7Y;0.00053;0.00127
2020-10-19;USD_OIS_SOFR_7Y;0.000542;0.001258
2020-10-20;USD_OIS_SOFR_7Y;0.000439;0.001161
2020-10-21;USD_OIS_SOFR_7Y;0.000337;0.001063
2020-10-22;USD_OIS_SOFR_7Y;0.000348;0.001052
2020-10-23;USD_OIS_SOFR_7Y;0.000445;0.001155
2020-10-26;USD_OIS_SOFR_7Y;0.000542;0.001258
2020-10-27;USD_OIS_SOFR_7Y;0.000553;0.001247
2020-10-28;USD_OIS_SOFR_7Y;0.00045;0.00115
2020-10-29;USD_OIS_SOFR_7Y;0.000547;0.001253
2020-10-30;USD_OIS_SOFR_7Y;0.000558;0.001242
2020-11-02;USD_OIS_SOFR_7Y;0.000716;0.001484
2020-11-03;USD_OIS_SOFR_7Y;0.000615;0.001385
2020-11-04;USD_OIS_SOFR_7Y;0.000627;0.001373
2020-11-05;USD_OIS_SOFR_7Y;0.000725;0.001475
2020-11-06;USD_OIS_SOFR_7Y;0.000624;0.001376
2020-11-09;USD_OIS_SOFR_7Y;0.000635;0.001365
2020-11-10;USD_OIS_SOFR_7Y;0.000646;0.001354
2020-11-12;USD_OIS_SOFR_7Y;0.000544;0.001256
2020-11-13;USD_OIS_SOFR_7Y;0.000554;0.001246
2020-11-16;USD_OIS_SOFR_7Y;0.000651;0.001349
2020-11-17;USD_OIS_SOFR_7Y;0.000548;0.001252
2020-11-18;USD_OIS_SOFR_7Y;0.000307;0.001093
2020-11-19;USD_OIS_SOFR_7Y;0.000207;0.000993
2020-11-20;USD_OIS_SOFR_7Y;0.000107;0.000893
2020-11-23;USD_OIS_SOFR_7Y;0.000119;0.000881
2020-11-24;USD_OIS_SOFR_7Y;0.000282;0.001118
2020-11-25;USD_OIS_SOFR_7Y;0.000384;0.001216
2020-11-27;USD_OIS_SOFR_7Y;0.000396;0.001204
2020-11-30;USD_OIS_SOFR_7Y;0.000497;0.001303
2020-12-01;USD_OIS_SOFR_7Y;0.000397;0.001203
2020-12-02;USD_OIS_SOFR_7Y;0.000409;0.001191
2020-12-03;USD_OIS_SOFR_7Y;0.000421;0.001179
2020-12-04;USD_OIS_SOFR_7Y;0.00052;0.00128
2020-12-07;USD_OIS_SOFR_7Y;0.000419;0.001181
2020-12-08;USD_OIS_SOFR_7Y;0.000318;0.001082
2020-12-09;USD_OIS_SOFR_7Y;0.000417;0.001183
2020-12-10;USD_OIS_SOFR_7Y;0.000429;0.001171
2020-12-11;USD_OIS_SOFR_7Y;0.00044;0.00116
2020-12-14;USD_OIS_SOFR_7Y;0.000451;0.001149
2020-12-15;USD_OIS_SOFR_7Y;0.000548;0.001252
2020-12-16;USD_OIS_SOFR_7Y;0.000559;0.001241
2020-12-17;USD_OIS_SOFR_7Y;0.000569;0.001231
2020-12-18;USD_OIS_SOFR_7Y;0.000579;0.001221
2020-12-21;USD_OIS_SOFR_7Y;0.000589;0.001211
2020-12-22;USD_OIS_SOFR_7Y;0.000341;0.001059
2020-12-23;USD_OIS_SOFR_7Y;0.000239;0.000961
2020-12-24;USD_OIS_SOFR_7Y;0.000399;0.001201
2020-12-28;USD_OIS_SOFR_7Y;0.0005;0.0013
2020-12-29;USD_OIS_SOFR_7Y;0.0006;0.0014
2020-12-30;USD_OIS_SOFR_7Y;0.0005;0.0013
2020-12-31;USD_OIS_SOFR_7Y;0.000266;0.001134
2021-01-04;USD_OIS_SOFR_7Y;0.000488;0.001512
2021-01-05;USD_OIS_SOFR_7Y;0.000594;0.001606
2021-01-06;USD_OIS_SOFR_7Y;0.0005;0.0015
2021-01-07;USD_OIS_SOFR_7Y;0.000515;0.001485
2021-01-08;USD_OIS_SOFR_7Y;0.00042;0.00138
2021-01-11;USD_OIS_SOFR_7Y;0.000435;0.001365
2021-01-12;USD_OIS_SOFR_7Y;0.000339;0.001261
2021-01-13;USD_OIS_SOFR_7Y;0.000353;0.001247
2021-01-14;USD_OIS_SOFR_7Y;0.000366;0.001234
2021-01-15;USD_OIS_SOFR_7Y;0.00038;0.00122
2021-01-19;USD_OIS_SOFR_7Y;0.000281;0.001119
2021-01-20;USD_OIS_SOFR_7Y;0.000182;0.001018
2021-01-21;USD_OIS_SOFR_7Y;-4.9e-05;0.000849
2021-01-22;USD_OIS_SOFR_7Y;5.4e-05;0.000946
2021-01-25;USD_OIS_SOFR_7Y;0.000157;0.001043
2021-01-26;USD_OIS_SOFR_7Y;-0.00022;0.00082
2021-01-27;USD_OIS_SOFR_7Y;-0.000204;0.000804
2021-01-28;USD_OIS_SOFR_7Y;-9.8e-05;0.000898
2021-01-29;USD_OIS_SOFR_7Y;8e-05;0.00112
2021-02-01;USD_OIS_SOFR_7Y;0.000186;0.001214
2021-02-02;USD_OIS_SOFR_7Y;0.000202;0.001198
2021-02-03;USD_OIS_SOFR_7Y;0.000217;0.001183
2021-02-04;USD_OIS_SOFR_7Y;-7e-06;0.001007
2021-02-05;USD_OIS_SOFR_7Y;-0.000372;0.000772
2021-02-08;USD_OIS_SOFR_7Y;-0.000354;0.000754
2021-02-09;USD_OIS_SOFR_7Y;-0.000111;0.001111
2021-02-10;USD_OIS_SOFR_7Y;-1e-06;0.001201
2021-02-11;USD_OIS_SOFR_7Y;1.8e-05;0.001182
2021-02-12;USD_OIS_SOFR_7Y;-7.3e-05;0.001073
2021-02-16;USD_OIS_SOFR_7Y;3.6e-05;0.001164
2021-02-17;USD_OIS_SOFR_7Y;5.3e-05;0.001147
2021-02-18;USD_OIS_SOFR_7Y;-0.000305;0.000905
2021-02-19;USD_OIS_SOFR_7Y;-0.000395;0.000795
2021-02-22;USD_OIS_SOFR_7Y;-0.000285;0.000885
2021-02-23;USD_OIS_SOFR_7Y;-0.000499;0.000699
2021-02-24;USD_OIS_SOFR_7Y;-0.000389;0.000789
2021-02-25;USD_OIS_SOFR_7Y;-0.000279;0.000879
2021-02-26;USD_OIS_SOFR_7Y;-0.000494;0.000694
2021-03-01;USD_OIS_SOFR_7Y;-0.000384;0.000784
2021-03-02;USD_OIS_SOFR_7Y;-0.000199;0.000999
2021-03-03;USD_OIS_SOFR_7Y;-0.000181;0.000981
2021-03-04;USD_OIS_SOFR_7Y;-0.000396;0.000796
2021-03-05;USD_OIS_SOFR_7Y;-0.000378;0.000778
2021-03-08;USD_OIS_SOFR_7Y;-0.00036;0.00076
2021-03-09;USD_OIS_SOFR_7Y;-0.000343;0.000743
2021-03-10;USD_OIS_SOFR_7Y;-0.000326;0.000726
2021-03-11;USD_OIS_SOFR_7Y;-0.000419;0.000619
2021-03-12;USD_OIS_SOFR_7Y;-0.000404;0.000604
2021-03-15;USD_OIS_SOFR_7Y;-0.000388;0.000588
2021-03-16;USD_OIS_SOFR_7Y;-0.000373;0.000573
2021-03-17;USD_OIS_SOFR_7Y;-0.000359;0.000559
2021-03-18;USD_OIS_SOFR_7Y;-0.000345;0.000545
2021-03-19;USD_OIS_SOFR_7Y;-0.000331;0.000531
2021-03-22;USD_OIS_SOFR_7Y;-0.000318;0.000518
2021-03-23;USD_OIS_SOFR_7Y;-0.000306;0.000506
2021-03-24;USD_OIS_SOFR_7Y;-0.000293;0.000493
2021-03-25;USD_OIS_SOFR_7Y;-0.000281;0.000481
2021-03-26;USD_OIS_SOFR_7Y;-0.00027;0.00047
2021-03-29;USD_OIS_SOFR_7Y;-0.000258;0.000458
2021-03-30;USD_OIS_SOFR_7Y;-0.000247;0.000447
2021-03-31;USD_OIS_SOFR_7Y;-0.000237;0.000437
2021-04-01;USD_OIS_SOFR_7Y;-0.000227;0.000427
2021-04-05;USD_OIS_SOFR_7Y;-0.000217;0.000417
2021-04-06;USD_OIS_SOFR_7Y;-0.000207;0.000407
2021-04-07;USD_OIS_SOFR_7Y;-0.000198;0.000398
2021-04-08;USD_OIS_SOFR_7Y;-0.000189;0.000389
2021-04-09;USD_OIS_SOFR_7Y;-0.00018;0.00038
2021-04-12;USD_OIS_SOFR_7Y;-0.000171;0.000371
2021-04-13;USD_OIS_SOFR_7Y;-0.000163;0.000363
2021-04-14;USD_OIS_SOFR_7Y;-0.000155;0.000355
2021-04-15;USD_OIS_SOFR_7Y;-0.000147;0.000347
2021-04-16;USD_OIS_SOFR_7Y;-0.00014;0.00034
2021-04-19;USD_OIS_SOFR_7Y;-0.000132;0.000332
2021-04-20;USD_OIS_SOFR_7Y;-0.000125;0.000325
2021-04-21;USD_OIS_SOFR_7Y;-0.000118;0.000318
2021-04-22;USD_OIS_SOFR_7Y;-0.000112;0.000312
2021-04-23;USD_OIS_SOFR_7Y;-0.000105;0.000305
2021-04-26;USD_OIS_SOFR_7Y;-9.9e-05;0.000299
2021-04-27;USD_OIS_SOFR_7Y;-9.3e-05;0.000293
2021-04-28;USD_OIS_SOFR_7Y;-8.7e-05;0.000287
2021-04-29;USD_OIS_SOFR_7Y;-8.1e-05;0.000281
2021-04-30;USD_OIS_SOFR_7Y;-7.6e-05;0.000276
2021-05-03;USD_OIS_SOFR_7Y;-7.1e-05;0.000271
2021-05-04;USD_OIS_SOFR_7Y;-6.5e-05;0.000265
2021-05-05;USD_OIS_SOFR_7Y;-6e-05;0.00026
2021-05-06;USD_OIS_SOFR_7Y;-5.5e-05;0.000255
2021-05-07;USD_OIS_SOFR_7Y;-5.1e-05;0.000251
2021-05-10;USD_OIS_SOFR_7Y;-4.6e-05;0.000246
2021-05-11;USD_OIS_SOFR_7Y;-4.2e-05;0.000242
2021-05-12;USD_OIS_SOFR_7Y;-3.7e-05;0.000237
2021-05-13;USD_OIS_SOFR_7Y;-3.3e-05;0.000233
2021-05-14;USD_OIS_SOFR_7Y;-2.9e-05;0.000229
2021-05-17;USD_OIS_SOFR_7Y;-2.5e-05;0.000225
2021-05-18;USD_OIS_SOFR_7Y;-2.1e-05;0.000221
2021-05-19;USD_OIS_SOFR_7Y;-1.8e-05;0.000218
2021-05-20;USD_OIS_SOFR_7Y;-1.4e-05;0.000214
2021-05-21;USD_OIS_SOFR_7Y;-1.1e-05;0.000211
2021-05-24;USD_OIS_SOFR_7Y;-7e-06;0.000207
2021-05-25;USD_OIS_SOFR_7Y;-4e-06;0.000204
2021-05-26;USD_OIS_SOFR_7Y;-1e-06;0.000201
2021-05-27;USD_OIS_SOFR_7Y;0.0;0.0002
2021-05-28;USD_OIS_SOFR_7Y;0.0;0.0002
2021-06-01;USD_OIS_SOFR_7Y;0.0;0.0002
2021-06-02;USD_OIS_SOFR_7Y;0.0;0.0002
2021-06-03;USD_OIS_SOFR_7Y;0.0;0.0002
2021-06-04;USD_OIS_SOFR_7Y;0.0;0.0002
2021-06-07;USD_OIS_SOFR_7Y;0.0;0.0002
2021-06-08;USD_OIS_SOFR_7Y;0.0;0.0002
2021-06-09;USD_OIS_SOFR_7Y;0.0;0.0002
2021-06-10;USD_OIS_SOFR_7Y;0.0;0.0002
2021-06-11;USD_OIS_SOFR_7Y;0.0;0.0002
2021-06-14;USD_OIS_SOFR_7Y;0.0;0.0002
2021-06-15;USD_OIS_SOFR_7Y;0.0;0.0002
2021-06-16;USD_OIS_SOFR_7Y;0.0;0.0002
2021-06-17;USD_OIS_SOFR_7Y;0.000106;0.000894
2021-06-18;USD_OIS_SOFR_7Y;0.000118;0.000882
2021-06-21;USD_OIS_SOFR_7Y;0.00013;0.00087
2021-06-22;USD_OIS_SOFR_7Y;0.000141;0.000859
2021-06-23;USD_OIS_SOFR_7Y;0.000152;0.000848
2021-06-24;USD_OIS_SOFR_7Y;0.000162;0.000838
2021-06-25;USD_OIS_SOFR_7Y;0.000173;0.000827
2021-06-28;USD_OIS_SOFR_7Y;0.000183;0.000817
2021-06-29;USD_OIS_SOFR_7Y;0.000192;0.000808
2021-06-30;USD_OIS_SOFR_7Y;0.000202;0.000798
2021-07-01;USD_OIS_SOFR_7Y;0.000211;0.000789
2021-07-02;USD_OIS_SOFR_7Y;0.00022;0.00078
2021-07-06;USD_OIS_SOFR_7Y;0.000228;0.000772
2021-07-07;USD_OIS_SOFR_7Y;0.000236;0.000764
2021-07-08;USD_OIS_SOFR_7Y;0.000245;0.000755
2021-07-09;USD_OIS_SOFR_7Y;0.000252;0.000748
2021-07-12;USD_OIS_SOFR_7Y;0.00026;0.00074
2021-07-13;USD_OIS_SOFR_7Y;0.000267;0.000733
2021-07-14;USD_OIS_SOFR_7Y;0.000274;0.000726
2021-07-15;USD_OIS_SOFR_7Y;0.000281;0.000719
2021-07-16;USD_OIS_SOFR_7Y;0.000288;0.000712
2021-07-19;USD_OIS_SOFR_7Y;0.000294;0.000706
2021-07-20;USD_OIS_SOFR_7Y;0.000301;0.000699
2021-07-21;USD_OIS_SOFR_7Y;0.000307;0.000693
2021-07-22;USD_OIS_SOFR_7Y;0.000312;0.000688
2021-07-23;USD_OIS_SOFR_7Y;0.000318;0.000682
2021-07-26;USD_OIS_SOFR_7Y;0.000324;0.000676
2021-07-27;USD_OIS_SOFR_7Y;0.000329;0.000671
2021-07-28;USD_OIS_SOFR_7Y;0.000334;0.000666
2021-07-29;USD_OIS_SOFR_7Y;0.000339;0.000661
2021-07-30;USD_OIS_SOFR_7Y;0.000344;0.000656
2021-08-02;USD_OIS_SOFR_7Y;0.000349;0.000651
2021-08-03;USD_OIS_SOFR_7Y;0.000354;0.000646
2021-08-04;USD_OIS_SOFR_7Y;0.000358;0.000642
2021-08-05;USD_OIS_SOFR_7Y;0.000362;0.000638
2021-08-06;USD_OIS_SOFR_7Y;0.000367;0.000633
2021-08-09;USD_OIS_SOFR_7Y;0.000371;0.000629
2021-08-10;USD_OIS_SOFR_7Y;0.000375;0.000625
2021-08-11;USD_OIS_SOFR_7Y;0.000378;0.000622
2021-08-12;USD_OIS_SOFR_7Y;0.000382;0.000618
2021-08-13;USD_OIS_SOFR_7Y;0.000386;0.000614
2021-08-16;USD_OIS_SOFR_7Y;0.000389;0.000611
2021-08-17;USD_OIS_SOFR_7Y;0.000393;0.000607
2021-08-18;USD_OIS_SOFR_7Y;0.000396;0.000604
2021-08-19;USD_OIS_SOFR_7Y;0.000399;0.000601
2021-08-20;USD_OIS_SOFR_7Y;0.0004;0.0006
2021-08-23;USD_OIS_SOFR_7Y;0.0004;0.0006
2021-08-24;USD_OIS_SOFR_7Y;0.0004;0.0006
2021-08-25;USD_OIS_SOFR_7Y;0.0004;0.0006
2021-08-26;USD_OIS_SOFR_7Y;0.0004;0.0006
2021-08-27;USD_OIS_SOFR_7Y;0.0004;0.0006
2021-08-30;USD_OIS_SOFR_7Y;0.0004;0.0006
2021-08-31;USD_OIS_SOFR_7Y;0.0004;0.0006
2021-09-01;USD_OIS_SOFR_7Y;0.0004;0.0006
2021-09-02;USD_OIS_SOFR_7Y;0.0004;0.0006
2021-09-03;USD_OIS_SOFR_7Y;0.0004;0.0006
2021-09-07;USD_OIS_SOFR_7Y;0.0004;0.0006
2021-09-08;USD_OIS_SOFR_7Y;0.0004;0.0006
2021-09-09;USD_OIS_SOFR_7Y;0.0004;0.0006
2021-09-10;USD_OIS_SOFR_7Y;0.0004;0.0006
2021-09-13;USD_OIS_SOFR_7Y;0.0004;0.0006
2021-09-14;USD_OIS_SOFR_7Y;0.0004;0.0006
2021-09-15;USD_OIS_SOFR_7Y;0.0004;0.0006
2021-09-16;USD_OIS_SOFR_7Y;0.0004;0.0006
2021-09-17;USD_OIS_SOFR_7Y;0.0004;0.0006
2021-09-20;USD_OIS_SOFR_7Y;0.0004;0.0006
2021-09-21;USD_OIS_SOFR_7Y;0.0004;0.0006
2021-09-22;USD_OIS_SOFR_7Y;0.0004;0.0006
2021-09-23;USD_OIS_SOFR_7Y;0.0004;0.0006
2021-09-24;USD_OIS_SOFR_7Y;0.0004;0.0006
2021-09-27;USD_OIS_SOFR_7Y;0.0004;0.0006
2021-09-28;USD_OIS_SOFR_7Y;0.0004;0.0006
2021-09-29;USD_OIS_SOFR_7Y;0.0004;0.0006
2021-09-30;USD_OIS_SOFR_7Y;0.0004;0.0006
2021-10-01;USD_OIS_SOFR_7Y;0.0004;0.0006
2021-10-04;USD_OIS_SOFR_7Y;0.0004;0.0006
2021-10-05;USD_OIS_SOFR_7Y;0.0004;0.0006
2021-10-06;USD_OIS_SOFR_7Y;0.0004;0.0006
2021-10-07;USD_OIS_SOFR_7Y;0.0004;0.0006
2021-10-08;USD_OIS_SOFR_7Y;0.0004;0.0006
2021-10-12;USD_OIS_SOFR_7Y;0.0004;0.0006
2021-10-13;USD_OIS_SOFR_7Y;0.0004;0.0006
2021-10-14;USD_OIS_SOFR_7Y;0.0004;0.0006
2021-10-15;USD_OIS_SOFR_7Y;0.0004;0.0006
2021-10-18;USD_OIS_SOFR_7Y;0.0004;0.0006
2021-10-19;USD_OIS_SOFR_7Y;0.000104;0.000496
2021-10-20;USD_OIS_SOFR_7Y;0.000109;0.000491
2021-10-21;USD_OIS_SOFR_7Y;0.000115;0.000485
2021-10-22;USD_OIS_SOFR_7Y;0.000236;0.000764
2021-10-25;USD_OIS_SOFR_7Y;0.000126;0.000674
2021-10-26;USD_OIS_SOFR_7Y;0.000217;0.000783
2021-10-27;USD_OIS_SOFR_7Y;0.000226;0.000774
2021-10-28;USD_OIS_SOFR_7Y;0.000234;0.000766
2021-10-29;USD_OIS_SOFR_7Y;0.000242;0.000758
2021-11-01;USD_OIS_SOFR_7Y;0.00025;0.00075
2021-11-02;USD_OIS_SOFR_7Y;0.000258;0.000742
2021-11-03;USD_OIS_SOFR_7Y;0.000265;0.000735
2021-11-04;USD_OIS_SOFR_7Y;0.000272;0.000728
2021-11-05;USD_OIS_SOFR_7Y;0.000279;0.000721
2021-11-08;USD_OIS_SOFR_7Y;0.000286;0.000714
2021-11-09;USD_OIS_SOFR_7Y;0.000292;0.000708
2021-11-10;USD_OIS_SOFR_7Y;0.000299;0.000701
2021-11-12;USD_OIS_SOFR_7Y;0.000305;0.000695
2021-11-15;USD_OIS_SOFR_7Y;0.000311;0.000689
2021-11-16;USD_OIS_SOFR_7Y;0.000317;0.000683
2021-11-17;USD_OIS_SOFR_7Y;0.000322;0.000678
2021-11-18;USD_OIS_SOFR_7Y;0.000328;0.000672
2021-11-19;USD_OIS_SOFR_7Y;0.000333;0.000667
2021-11-22;USD_OIS_SOFR_7Y;0.000338;0.000662
2021-11-23;USD_OIS_SOFR_7Y;0.000343;0.000657
2021-11-24;USD_OIS_SOFR_7Y;0.000348;0.000652
2021-11-26;USD_OIS_SOFR_7Y;0.000352;0.000648
2021-11-29;USD_OIS_SOFR_7Y;0.000357;0.000643
2021-11-30;USD_OIS_SOFR_7Y;0.000361;0.000639
2021-12-01;USD_OIS_SOFR_7Y;0.000365;0.000635
2021-12-02;USD_OIS_SOFR_7Y;0.000369;0.000631
2021-12-03;USD_OIS_SOFR_7Y;0.000373;0.000627
2021-12-06;USD_OIS_SOFR_7Y;0.000377;0.000623
2021-12-07;USD_OIS_SOFR_7Y;0.000381;0.000619
2021-12-08;USD_OIS_SOFR_7Y;0.000385;0.000615
2021-12-09;USD_OIS_SOFR_7Y;0.000388;0.000612
2021-12-10;USD_OIS_SOFR_7Y;0.000392;0.000608
2021-12-13;USD_OIS_SOFR_7Y;0.000395;0.000605
2021-12-14;USD_OIS_SOFR_7Y;0.000398;0.000602
2021-12-15;USD_OIS_SOFR_7Y;0.0004;0.0006
2021-12-16;USD_OIS_SOFR_7Y;0.0004;0.0006
2021-12-17;USD_OIS_SOFR_7Y;0.0004;0.0006
2021-12-20;USD_OIS_SOFR_7Y;0.000267;0.000533
2021-12-21;USD_OIS_SOFR_7Y;0.000339;0.000661
2021-12-22;USD_OIS_SOFR_7Y;0.000344;0.000656
2021-12-23;USD_OIS_SOFR_7Y;0.000349;0.000651
2021-12-27;USD_OIS_SOFR_7Y;0.000353;0.000647
2021-12-28;USD_OIS_SOFR_7Y;0.000358;0.000642
2021-12-29;USD_OIS_SOFR_7Y;0.000362;0.000638
2021-12-30;USD_OIS_SOFR_7Y;0.000366;0.000634
2021-12-31;USD_OIS_SOFR_7Y;0.00037;0.00063
2022-01-03;USD_OIS_SOFR_7Y;0.000374;0.000626
2022-01-04;USD_OIS_SOFR_7Y;0.000378;0.000622
2022-01-05;USD_OIS_SOFR_7Y;0.000382;0.000618
2022-01-06;USD_OIS_SOFR_7Y;0.000385;0.000615
2022-01-07;USD_OIS_SOFR_7Y;0.000389;0.000611
2022-01-10;USD_OIS_SOFR_7Y;0.000392;0.000608
2022-01-11;USD_OIS_SOFR_7Y;0.000396;0.000604
2022-01-12;USD_OIS_SOFR_7Y;0.000399;0.000601
2022-01-13;USD_OIS_SOFR_7Y;0.0004;0.0006
2022-01-14;USD_OIS_SOFR_7Y;0.0004;0.0006
2022-01-18;USD_OIS_SOFR_7Y;0.0004;0.0006
2022-01-19;USD_OIS_SOFR_7Y;0.0004;0.0006
2022-01-20;USD_OIS_SOFR_7Y;0.00027;0.00053
2022-01-21;USD_OIS_SOFR_7Y;0.000341;0.000659
2022-01-24;USD_OIS_SOFR_7Y;0.000217;0.000583
2022-01-25;USD_OIS_SOFR_7Y;0.000298;0.000702
2022-01-26;USD_OIS_SOFR_7Y;0.000181;0.000619
2022-01-27;USD_OIS_SOFR_7Y;0.000188;0.000612
2022-01-28;USD_OIS_SOFR_7Y;0.000273;0.000727
2022-01-31;USD_OIS_SOFR_7Y;0.00028;0.00072
2022-02-01;USD_OIS_SOFR_7Y;0.000286;0.000714
2022-02-02;USD_OIS_SOFR_7Y;0.000293;0.000707
2022-02-03;USD_OIS_SOFR_7Y;0.000299;0.000701
2022-02-04;USD_OIS_SOFR_7Y;0.000305;0.000695
2022-02-07;USD_OIS_SOFR_7Y;0.000311;0.000689
2022-02-08;USD_OIS_SOFR_7Y;0.000317;0.000683
2022-02-09;USD_OIS_SOFR_7Y;0.000198;0.000602
2022-02-10;USD_OIS_SOFR_7Y;0.000281;0.000719
2022-02-11;USD_OIS_SOFR_7Y;0.000288;0.000712
2022-02-14;USD_OIS_SOFR_7Y;0.000294;0.000706
2022-02-15;USD_OIS_SOFR_7Y;0.0003;0.0007
2022-02-16;USD_OIS_SOFR_7Y;0.000307;0.000693
2022-02-17;USD_OIS_SOFR_7Y;0.000312;0.000688
2022-02-18;USD_OIS_SOFR_7Y;0.000318;0.000682
2022-02-22;USD_OIS_SOFR_7Y;0.000324;0.000676
2022-02-23;USD_OIS_SOFR_7Y;0.000329;0.000671
2022-02-24;USD_OIS_SOFR_7Y;0.000334;0.000666
2022-02-25;USD_OIS_SOFR_7Y;0.000339;0.000661
2022-02-28;USD_OIS_SOFR_7Y;0.000344;0.000656
2022-03-01;USD_OIS_SOFR_7Y;0.000349;0.000651
2022-03-02;USD_OIS_SOFR_7Y;0.000354;0.000646
2022-03-03;USD_OIS_SOFR_7Y;0.000358;0.000642
2022-03-04;USD_OIS_SOFR_7Y;0.000362;0.000638
2022-03-07;USD_OIS_SOFR_7Y;0.000367;0.000633
2022-03-08;USD_OIS_SOFR_7Y;0.000371;0.000629
2022-03-09;USD_OIS_SOFR_7Y;0.000375;0.000625
2022-03-10;USD_OIS_SOFR_7Y;0.000378;0.000622
2022-03-11;USD_OIS_SOFR_7Y;0.000382;0.000618
2022-03-14;USD_OIS_SOFR_7Y;0.000386;0.000614
2022-03-15;USD_OIS_SOFR_7Y;0.000389;0.000611
2022-03-16;USD_OIS_SOFR_7Y;0.000393;0.000607
2022-03-17;USD_OIS_SOFR_7Y;0.000567;0.005433
2022-03-18;USD_OIS_SOFR_7Y;0.000642;0.005358
2022-03-21;USD_OIS_SOFR_7Y;0.000611;0.005189
2022-03-22;USD_OIS_SOFR_7Y;0.000579;0.005021
2022-03-23;USD_OIS_SOFR_7Y;0.000544;0.004856
2022-03-24;USD_OIS_SOFR_7Y;0.00061;0.00479
2022-03-25;USD_OIS_SOFR_7Y;0.000771;0.004829
2022-03-28;USD_OIS_SOFR_7Y;0.000833;0.004767
2022-03-29;USD_OIS_SOFR_7Y;0.000893;0.004707
2022-03-30;USD_OIS_SOFR_7Y;0.000849;0.004551
2022-03-31;USD_OIS_SOFR_7Y;0.001095;0.004705
2022-04-01;USD_OIS_SOFR_7Y;0.001247;0.004753
2022-04-04;USD_OIS_SOFR_7Y;0.0013;0.0047
2022-04-05;USD_OIS_SOFR_7Y;0.001352;0.004648
2022-04-06;USD_OIS_SOFR_7Y;0.001402;0.004598
2022-04-07;USD_OIS_SOFR_7Y;0.001451;0.004549
2022-04-08;USD_OIS_SOFR_7Y;0.001498;0.004502
2022-04-11;USD_OIS_SOFR_7Y;0.001544;0.004456
2022-04-12;USD_OIS_SOFR_7Y;0.001485;0.004315
2022-04-13;USD_OIS_SOFR_7Y;0.001528;0.004272
2022-04-14;USD_OIS_SOFR_7Y;0.00157;0.00423
2022-04-18;USD_OIS_SOFR_7Y;0.00161;0.00419
2022-04-19;USD_OIS_SOFR_7Y;0.001546;0.004054
2022-04-20;USD_OIS_SOFR_7Y;0.00148;0.00392
2022-04-21;USD_OIS_SOFR_7Y;0.001413;0.003787
2022-04-22;USD_OIS_SOFR_7Y;0.001545;0.003855
2022-04-25;USD_OIS_SOFR_7Y;0.001581;0.003819
2022-04-26;USD_OIS_SOFR_7Y;0.001615;0.003785
2022-04-27;USD_OIS_SOFR_7Y;0.001743;0.003857
2022-04-28;USD_OIS_SOFR_7Y;0.001775;0.003825
2022-04-29;USD_OIS_SOFR_7Y;0.001807;0.003793
2022-05-02;USD_OIS_SOFR_7Y;0.002017;0.003983
2022-05-03;USD_OIS_SOFR_7Y;0.002047;0.003953
2022-05-04;USD_OIS_SOFR_7Y;0.002076;0.003924
2022-05-05;USD_OIS_SOFR_7Y;0.003053;0.012747
2022-05-06;USD_OIS_SOFR_7Y;0.0031;0.0125
2022-05-09;USD_OIS_SOFR_7Y;0.003243;0.012357
2022-05-10;USD_OIS_SOFR_7Y;0.003382;0.012218
2022-05-11;USD_OIS_SOFR_7Y;0.003516;0.012084
2022-05-12;USD_OIS_SOFR_7Y;0.003746;0.012054
2022-05-13;USD_OIS_SOFR_7Y;0.003872;0.011928
2022-05-16;USD_OIS_SOFR_7Y;0.004094;0.011906
2022-05-17;USD_OIS_SOFR_7Y;0.004213;0.011787
2022-05-18;USD_OIS_SOFR_7Y;0.004227;0.011573
2022-05-19;USD_OIS_SOFR_7Y;0.004339;0.011461
2022-05-20;USD_OIS_SOFR_7Y;0.004346;0.011254
2022-05-23;USD_OIS_SOFR_7Y;0.004451;0.011149
2022-05-24;USD_OIS_SOFR_7Y;0.004553;0.011047
2022-05-25;USD_OIS_SOFR_7Y;0.004652;0.010948
2022-05-26;USD_OIS_SOFR_7Y;0.004748;0.010852
2022-05-27;USD_OIS_SOFR_7Y;0.004841;0.010759
2022-05-31;USD_OIS_SOFR_7Y;0.005029;0.010771
2022-06-01;USD_OIS_SOFR_7Y;0.005215;0.010785
2022-06-02;USD_OIS_SOFR_7Y;0.005198;0.010602
2022-06-03;USD_OIS_SOFR_7Y;0.005179;0.010421
2022-06-06;USD_OIS_SOFR_7Y;0.005259;0.010341
2022-06-07;USD_OIS_SOFR_7Y;0.005234;0.010166
2022-06-08;USD_OIS_SOFR_7Y;0.005207;0.009993
2022-06-09;USD_OIS_SOFR_7Y;0.005178;0.009822
2022-06-10;USD_OIS_SOFR_7Y;0.005249;0.009751
2022-06-13;USD_OIS_SOFR_7Y;0.005109;0.009491
2022-06-14;USD_OIS_SOFR_7Y;0.00474;0.00906
2022-06-15;USD_OIS_SOFR_7Y;0.004904;0.009096
2022-06-16;USD_OIS_SOFR_7Y;0.006931;0.022069
2022-06-17;USD_OIS_SOFR_7Y;0.007162;0.021838
2022-06-21;USD_OIS_SOFR_7Y;0.007385;0.021615
2022-06-22;USD_OIS_SOFR_7Y;0.007602;0.021398
2022-06-23;USD_OIS_SOFR_7Y;0.007712;0.021088
2022-06-24;USD_OIS_SOFR_7Y;0.008112;0.021088
2022-06-27;USD_OIS_SOFR_7Y;0.008698;0.021302
2022-06-28;USD_OIS_SOFR_7Y;0.009087;0.021313
2022-06-29;USD_OIS_SOFR_7Y;0.009172;0.021028
2022-06-30;USD_OIS_SOFR_7Y;0.009252;0.020748
2022-07-01;USD_OIS_SOFR_7Y;0.009624;0.020776
2022-07-05;USD_OIS_SOFR_7Y;0.00999;0.02081
2022-07-06;USD_OIS_SOFR_7Y;0.010155;0.020645
2022-07-07;USD_OIS_SOFR_7Y;0.010315;0.020485
2022-07-08;USD_OIS_SOFR_7Y;0.010369;0.020231
2022-07-11;USD_OIS_SOFR_7Y;0.010519;0.020081
2022-07-12;USD_OIS_SOFR_7Y;0.010764;0.020036
2022-07-13;USD_OIS_SOFR_7Y;0.010804;0.019796
2022-07-14;USD_OIS_SOFR_7Y;0.010941;0.019659
2022-07-15;USD_OIS_SOFR_7Y;0.011172;0.019628
2022-07-18;USD_OIS_SOFR_7Y;0.011301;0.019499
2022-07-19;USD_OIS_SOFR_7Y;0.011426;0.019374
2022-07-20;USD_OIS_SOFR_7Y;0.011446;0.019154
2022-07-21;USD_OIS_SOFR_7Y;0.011563;0.019037
2022-07-22;USD_OIS_SOFR_7Y;0.011576;0.018824
2022-07-25;USD_OIS_SOFR_7Y;0.011785;0.018815
2022-07-26;USD_OIS_SOFR_7Y;0.011892;0.018708
2022-07-27;USD_OIS_SOFR_7Y;0.011996;0.018604
2022-07-28;USD_OIS_SOFR_7Y;0.014836;0.030764
2022-07-29;USD_OIS_SOFR_7Y;0.014978;0.030422
2022-08-01;USD_OIS_SOFR_7Y;0.015313;0.030287
2022-08-02;USD_OIS_SOFR_7Y;0.015738;0.030262
2022-08-03;USD_OIS_SOFR_7Y;0.015859;0.029941
2022-08-04;USD_OIS_SOFR_7Y;0.016074;0.029726
2022-08-05;USD_OIS_SOFR_7Y;0.016181;0.029419
2022-08-08;USD_OIS_SOFR_7Y;0.016382;0.029218
2022-08-09;USD_OIS_SOFR_7Y;0.016677;0.029123
2022-08-10;USD_OIS_SOFR_7Y;0.016766;0.028834
2022-08-11;USD_OIS_SOFR_7Y;0.01695;0.02865
2022-08-12;USD_OIS_SOFR_7Y;0.017128;0.028472
2022-08-15;USD_OIS_SOFR_7Y;0.0174;0.0284
2022-08-16;USD_OIS_SOFR_7Y;0.017567;0.028233
2022-08-17;USD_OIS_SOFR_7Y;0.01773;0.02807
2022-08-18;USD_OIS_SOFR_7Y;0.017786;0.027814
2022-08-19;USD_OIS_SOFR_7Y;0.017939;0.027661
2022-08-22;USD_OIS_SOFR_7Y;0.018087;0.027513
2022-08-23;USD_OIS_SOFR_7Y;0.01813;0.02727
2022-08-24;USD_OIS_SOFR_7Y;0.018269;0.027131
2022-08-25;USD_OIS_SOFR_7Y;0.018503;0.027097
2022-08-26;USD_OIS_SOFR_7Y;0.018634;0.026966
2022-08-29;USD_OIS_SOFR_7Y;0.018761;0.026839
2022-08-30;USD_OIS_SOFR_7Y;0.018983;0.026817
2022-08-31;USD_OIS_SOFR_7Y;0.019102;0.026698
2022-09-01;USD_OIS_SOFR_7Y;0.019218;0.026582
2022-09-02;USD_OIS_SOFR_7Y;0.01933;0.02647
2022-09-06;USD_OIS_SOFR_7Y;0.019439;0.026361
2022-09-07;USD_OIS_SOFR_7Y;0.019443;0.026157
2022-09-08;USD_OIS_SOFR_7Y;0.019545;0.026055
2022-09-09;USD_OIS_SOFR_7Y;0.019644;0.025956
2022-09-12;USD_OIS_SOFR_7Y;0.01974;0.02586
2022-09-13;USD_OIS_SOFR_7Y;0.019833;0.025767
2022-09-14;USD_OIS_SOFR_7Y;0.019822;0.025578
2022-09-15;USD_OIS_SOFR_7Y;0.020008;0.025592
2022-09-16;USD_OIS_SOFR_7Y;0.019991;0.025409
2022-09-19;USD_OIS_SOFR_7Y;0.020074;0.025326
2022-09-20;USD_OIS_SOFR_7Y;0.020052;0.025148
2022-09-21;USD_OIS_SOFR_7Y;0.020028;0.024972
2022-09-22;USD_OIS_SOFR_7Y;0.022318;0.037482
2022-09-23;USD_OIS_SOFR_7Y;0.022549;0.037251
2022-09-26;USD_OIS_SOFR_7Y;0.022773;0.037027
2022-09-27;USD_OIS_SOFR_7Y;0.022889;0.036711
2022-09-28;USD_OIS_SOFR_7Y;0.0231;0.0365
2022-09-29;USD_OIS_SOFR_7Y;0.023101;0.036099
2022-09-30;USD_OIS_SOFR_7Y;0.023496;0.036104
2022-10-03;USD_OIS_SOFR_7Y;0.023885;0.036115
2022-10-04;USD_OIS_SOFR_7Y;0.024458;0.036342
2022-10-05;USD_OIS_SOFR_7Y;0.024639;0.036161
2022-10-06;USD_OIS_SOFR_7Y;0.024914;0.036086
2022-10-07;USD_OIS_SOFR_7Y;0.025084;0.035916
2022-10-11;USD_OIS_SOFR_7Y;0.025249;0.035751
2022-10-12;USD_OIS_SOFR_7Y;0.025308;0.035492
2022-10-13;USD_OIS_SOFR_7Y;0.025463;0.035337
2022-10-14;USD_OIS_SOFR_7Y;0.025614;0.035186
2022-10-17;USD_OIS_SOFR_7Y;0.025858;0.035142
2022-10-18;USD_OIS_SOFR_7Y;0.025899;0.034901
2022-10-19;USD_OIS_SOFR_7Y;0.026036;0.034764
2022-10-20;USD_OIS_SOFR_7Y;0.026068;0.034532
2022-10-21;USD_OIS_SOFR_7Y;0.026095;0.034305
2022-10-24;USD_OIS_SOFR_7Y;0.026119;0.034081
2022-10-25;USD_OIS_SOFR_7Y;0.026339;0.034061
2022-10-26;USD_OIS_SOFR_7Y;0.026556;0.034044
2022-10-27;USD_OIS_SOFR_7Y;0.026769;0.034031
2022-10-28;USD_OIS_SOFR_7Y;0.026978;0.034022
2022-10-31;USD_OIS_SOFR_7Y;0.027085;0.033915
2022-11-01;USD_OIS_SOFR_7Y;0.027189;0.033811
2022-11-02;USD_OIS_SOFR_7Y;0.02729;0.03371
2022-11-03;USD_OIS_SOFR_7Y;0.030073;0.045927
2022-11-04;USD_OIS_SOFR_7Y;0.030314;0.045686
2022-11-07;USD_OIS_SOFR_7Y;0.030346;0.045254
2022-11-08;USD_OIS_SOFR_7Y;0.030573;0.045027
2022-11-09;USD_OIS_SOFR_7Y;0.030793;0.044807
2022-11-10;USD_OIS_SOFR_7Y;0.031007;0.044593
2022-11-14;USD_OIS_SOFR_7Y;0.031313;0.044487
2022-11-15;USD_OIS_SOFR_7Y;0.031613;0.044387
2022-11-16;USD_OIS_SOFR_7Y;0.031907;0.044293
2022-11-17;USD_OIS_SOFR_7Y;0.031994;0.044006
2022-11-18;USD_OIS_SOFR_7Y;0.032177;0.043823
2022-11-21;USD_OIS_SOFR_7Y;0.032355;0.043645
2022-11-22;USD_OIS_SOFR_7Y;0.032527;0.043473
2022-11-23;USD_OIS_SOFR_7Y;0.032593;0.043207
2022-11-25;USD_OIS_SOFR_7Y;0.032853;0.043147
2022-11-28;USD_OIS_SOFR_7Y;0.03301;0.04299
2022-11-29;USD_OIS_SOFR_7Y;0.033261;0.042939
2022-11-30;USD_OIS_SOFR_7Y;0.033508;0.042892
2022-12-01;USD_OIS_SOFR_7Y;0.033651;0.042749
2022-12-02;USD_OIS_SOFR_7Y;0.033688;0.042512
2022-12-05;USD_OIS_SOFR_7Y;0.033822;0.042378
2022-12-06;USD_OIS_SOFR_7Y;0.033852;0.042148
2022-12-07;USD_OIS_SOFR_7Y;0.033978;0.042022
2022-12-08;USD_OIS_SOFR_7Y;0.034101;0.041899
2022-12-09;USD_OIS_SOFR_7Y;0.034219;0.041781
2022-12-12;USD_OIS_SOFR_7Y;0.034334;0.041666
2022-12-13;USD_OIS_SOFR_7Y;0.034446;0.041554
2022-12-14;USD_OIS_SOFR_7Y;0.034554;0.041446
2022-12-15;USD_OIS_SOFR_7Y;0.037141;0.049259
2022-12-16;USD_OIS_SOFR_7Y;0.037325;0.049075
2022-12-19;USD_OIS_SOFR_7Y;0.037301;0.048699
2022-12-20;USD_OIS_SOFR_7Y;0.037475;0.048525
2022-12-21;USD_OIS_SOFR_7Y;0.037643;0.048357
2022-12-22;USD_OIS_SOFR_7Y;0.037806;0.048194
2022-12-23;USD_OIS_SOFR_7Y;0.037964;0.048036
2022-12-27;USD_OIS_SOFR_7Y;0.038118;0.047882
2022-12-28;USD_OIS_SOFR_7Y;0.038267;0.047733
2022-12-29;USD_OIS_SOFR_7Y;0.038411;0.047589
2022-12-30;USD_OIS_SOFR_7Y;0.038551;0.047449
2023-01-03;USD_OIS_SOFR_7Y;0.038785;0.047415
2023-01-04;USD_OIS_SOFR_7Y;0.038815;0.047185
2023-01-05;USD_OIS_SOFR_7Y;0.039042;0.047158
2023-01-06;USD_OIS_SOFR_7Y;0.039165;0.047035
2023-01-09;USD_OIS_SOFR_7Y;0.039285;0.046915
2023-01-10;USD_OIS_SOFR_7Y;0.039401;0.046799
2023-01-11;USD_OIS_SOFR_7Y;0.039413;0.046587
2023-01-12;USD_OIS_SOFR_7Y;0.039522;0.046478
2023-01-13;USD_OIS_SOFR_7Y;0.039628;0.046372
2023-01-17;USD_OIS_SOFR_7Y;0.039829;0.046371
2023-01-18;USD_OIS_SOFR_7Y;0.039827;0.046173
2023-01-19;USD_OIS_SOFR_7Y;0.040023;0.046177
2023-01-20;USD_OIS_SOFR_7Y;0.040015;0.045985
2023-01-23;USD_OIS_SOFR_7Y;0.040106;0.045894
2023-01-24;USD_OIS_SOFR_7Y;0.040194;0.045806
2023-01-25;USD_OIS_SOFR_7Y;0.040378;0.045822
2023-01-26;USD_OIS_SOFR_7Y;0.040359;0.045641
2023-01-27;USD_OIS_SOFR_7Y;0.040439;0.045561
2023-01-30;USD_OIS_SOFR_7Y;0.040517;0.045483
2023-01-31;USD_OIS_SOFR_7Y;0.040691;0.045509
2023-02-01;USD_OIS_SOFR_7Y;0.040764;0.045436
2023-02-02;USD_OIS_SOFR_7Y;0.042278;0.048922
2023-02-03;USD_OIS_SOFR_7Y;0.042278;0.048722
2023-02-06;USD_OIS_SOFR_7Y;0.042376;0.048624
2023-02-07;USD_OIS_SOFR_7Y;0.042471;0.048529
2023-02-08;USD_OIS_SOFR_7Y;0.042563;0.048437
2023-02-09;USD_OIS_SOFR_7Y;0.042653;0.048347
2023-02-10;USD_OIS_SOFR_7Y;0.04274;0.04826
2023-02-13;USD_OIS_SOFR_7Y;0.042824;0.048176
2023-02-14;USD_OIS_SOFR_7Y;0.042905;0.048095
2023-02-15;USD_OIS_SOFR_7Y;0.042984;0.048016
2023-02-16;USD_OIS_SOFR_7Y;0.043061;0.047939
2023-02-17;USD_OIS_SOFR_7Y;0.043135;0.047865
2023-02-21;USD_OIS_SOFR_7Y;0.043207;0.047793
2023-02-22;USD_OIS_SOFR_7Y;0.043277;0.047723
2023-02-23;USD_OIS_SOFR_7Y;0.043345;0.047655
2023-02-24;USD_OIS_SOFR_7Y;0.043411;0.047589
2023-02-27;USD_OIS_SOFR_7Y;0.043474;0.047526
2023-02-28;USD_OIS_SOFR_7Y;0.043536;0.047464
2023-03-01;USD_OIS_SOFR_7Y;0.043596;0.047404
2023-03-02;USD_OIS_SOFR_7Y;0.043654;0.047346
2023-03-03;USD_OIS_SOFR_7Y;0.04371;0.04729
2023-03-06;USD_OIS_SOFR_7Y;0.043765;0.047235
2023-03-07;USD_OIS_SOFR_7Y;0.043817;0.047183
2023-03-08;USD_OIS_SOFR_7Y;0.043869;0.047131
2023-03-09;USD_OIS_SOFR_7Y;0.043918;0.047082
2023-03-10;USD_OIS_SOFR_7Y;0.043967;0.047033
2023-03-13;USD_OIS_SOFR_7Y;0.044013;0.046987
2023-03-14;USD_OIS_SOFR_7Y;0.044059;0.046941
2023-03-15;USD_OIS_SOFR_7Y;0.044372;0.047228
2023-03-16;USD_OIS_SOFR_7Y;0.044312;0.047088
2023-03-17;USD_OIS_SOFR_7Y;0.044141;0.046859
2023-03-20;USD_OIS_SOFR_7Y;0.044182;0.046818
2023-03-21;USD_OIS_SOFR_7Y;0.044222;0.046778
2023-03-22;USD_OIS_SOFR_7Y;0.044261;0.046739
2023-03-23;USD_OIS_SOFR_7Y;0.045289;0.050711
2023-03-24;USD_OIS_SOFR_7Y;0.045372;0.050628
2023-03-27;USD_OIS_SOFR_7Y;0.04555;0.05065
2023-03-28;USD_OIS_SOFR_7Y;0.04591;0.05089
2023-03-29;USD_OIS_SOFR_7Y;0.045884;0.050716
2023-03-30;USD_OIS_SOFR_7Y;0.045856;0.050544
2023-03-31;USD_OIS_SOFR_7Y;0.046376;0.051024
2023-04-03;USD_OIS_SOFR_7Y;0.046128;0.050672
2023-04-04;USD_OIS_SOFR_7Y;0.046095;0.050505
2023-04-05;USD_OIS_SOFR_7Y;0.045953;0.050247
2023-04-06;USD_OIS_SOFR_7Y;0.046019;0.050181
2023-04-10;USD_OIS_SOFR_7Y;0.046082;0.050118
2023-04-11;USD_OIS_SOFR_7Y;0.046041;0.049959
2023-04-12;USD_OIS_SOFR_7Y;0.046101;0.049899
2023-04-13;USD_OIS_SOFR_7Y;0.046159;0.049841
2023-04-14;USD_OIS_SOFR_7Y;0.046215;0.049785
2023-04-17;USD_OIS_SOFR_7Y;0.046269;0.049731
2023-04-18;USD_OIS_SOFR_7Y;0.046322;0.049678
2023-04-19;USD_OIS_SOFR_7Y;0.046373;0.049627
2023-04-20;USD_OIS_SOFR_7Y;0.046423;0.049577
2023-04-21;USD_OIS_SOFR_7Y;0.046471;0.049529
2023-04-24;USD_OIS_SOFR_7Y;0.046517;0.049483
2023-04-25;USD_OIS_SOFR_7Y;0.046562;0.049438
2023-04-26;USD_OIS_SOFR_7Y;0.046606;0.049394
2023-04-27;USD_OIS_SOFR_7Y;0.046745;0.049455
2023-04-28;USD_OIS_SOFR_7Y;0.046786;0.049414
2023-05-01;USD_OIS_SOFR_7Y;0.046827;0.049373
2023-05-02;USD_OIS_SOFR_7Y;0.046865;0.049335
2023-05-03;USD_OIS_SOFR_7Y;0.046903;0.049297
2023-05-04;USD_OIS_SOFR_7Y;0.047907;0.053293
2023-05-05;USD_OIS_SOFR_7Y;0.047989;0.053211
2023-05-08;USD_OIS_SOFR_7Y;0.048068;0.053132
2023-05-09;USD_OIS_SOFR_7Y;0.048146;0.053054
2023-05-10;USD_OIS_SOFR_7Y;0.04822;0.05298
2023-05-11;USD_OIS_SOFR_7Y;0.048191;0.052809
2023-05-12;USD_OIS_SOFR_7Y;0.048261;0.052739
2023-05-15;USD_OIS_SOFR_7Y;0.048427;0.052773
2023-05-16;USD_OIS_SOFR_7Y;0.048391;0.052609
2023-05-17;USD_OIS_SOFR_7Y;0.048455;0.052545
2023-05-18;USD_OIS_SOFR_7Y;0.048518;0.052482
2023-05-19;USD_OIS_SOFR_7Y;0.048578;0.052422
2023-05-22;USD_OIS_SOFR_7Y;0.048637;0.052363
2023-05-23;USD_OIS_SOFR_7Y;0.048693;0.052307
2023-05-24;USD_OIS_SOFR_7Y;0.048748;0.052252
2023-05-25;USD_OIS_SOFR_7Y;0.048899;0.052301
2023-05-26;USD_OIS_SOFR_7Y;0.048951;0.052249
2023-05-30;USD_OIS_SOFR_7Y;0.049001;0.052199
2023-05-31;USD_OIS_SOFR_7Y;0.049238;0.052362
2023-06-01;USD_OIS_SOFR_7Y;0.049285;0.052315
2023-06-02;USD_OIS_SOFR_7Y;0.049228;0.052172
2023-06-05;USD_OIS_SOFR_7Y;0.04917;0.05203
2023-06-06;USD_OIS_SOFR_7Y;0.04911;0.05189
2023-06-07;USD_OIS_SOFR_7Y;0.049152;0.051848
2023-06-08;USD_OIS_SOFR_7Y;0.049193;0.051807
2023-06-09;USD_OIS_SOFR_7Y;0.049233;0.051767
2023-06-12;USD_OIS_SOFR_7Y;0.049272;0.051728
2023-06-13;USD_OIS_SOFR_7Y;0.049309;0.051691
2023-06-14;USD_OIS_SOFR_7Y;0.049345;0.051655
2023-06-15;USD_OIS_SOFR_7Y;0.049476;0.051724
2023-06-16;USD_OIS_SOFR_7Y;0.049406;0.051594
2023-06-20;USD_OIS_SOFR_7Y;0.04944;0.05156
2023-06-21;USD_OIS_SOFR_7Y;0.049472;0.051528
2023-06-22;USD_OIS_SOFR_7Y;0.049503;0.051497
2023-06-23;USD_OIS_SOFR_7Y;0.049534;0.051466
2023-06-26;USD_OIS_SOFR_7Y;0.049563;0.051437
2023-06-27;USD_OIS_SOFR_7Y;0.049592;0.051408
2023-06-28;USD_OIS_SOFR_7Y;0.049714;0.051486
2023-06-29;USD_OIS_SOFR_7Y;0.049741;0.051459
2023-06-30;USD_OIS_SOFR_7Y;0.050017;0.051783
2023-07-03;USD_OIS_SOFR_7Y;0.049696;0.051504
2023-07-05;USD_OIS_SOFR_7Y;0.049724;0.051476
2023-07-06;USD_OIS_SOFR_7Y;0.04975;0.05145
2023-07-07;USD_OIS_SOFR_7Y;0.049776;0.051424
2023-07-10;USD_OIS_SOFR_7Y;0.049801;0.051399
2023-07-11;USD_OIS_SOFR_7Y;0.049826;0.051374
2023-07-12;USD_OIS_SOFR_7Y;0.049743;0.051257
2023-07-13;USD_OIS_SOFR_7Y;0.04986;0.05134
2023-07-14;USD_OIS_SOFR_7Y;0.049776;0.051224
2023-07-17;USD_OIS_SOFR_7Y;0.049891;0.051309
2023-07-18;USD_OIS_SOFR_7Y;0.049913;0.051287
2023-07-19;USD_OIS_SOFR_7Y;0.049826;0.051174
2023-07-20;USD_OIS_SOFR_7Y;0.04994;0.05126
2023-07-21;USD_OIS_SOFR_7Y;0.049853;0.051147
2023-07-24;USD_OIS_SOFR_7Y;0.049872;0.051128
2023-07-25;USD_OIS_SOFR_7Y;0.049984;0.051216
2023-07-26;USD_OIS_SOFR_7Y;0.050002;0.051198
2023-07-27;USD_OIS_SOFR_7Y;0.050602;0.055598
2023-07-28;USD_OIS_SOFR_7Y;0.050576;0.055424
2023-07-31;USD_OIS_SOFR_7Y;0.050748;0.055452
2023-08-01;USD_OIS_SOFR_7Y;0.050819;0.055381
2023-08-02;USD_OIS_SOFR_7Y;0.050787;0.055213
2023-08-03;USD_OIS_SOFR_7Y;0.050854;0.055146
2023-08-04;USD_OIS_SOFR_7Y;0.050919;0.055081
2023-08-07;USD_OIS_SOFR_7Y;0.050983;0.055017
2023-08-08;USD_OIS_SOFR_7Y;0.051044;0.054956
2023-08-09;USD_OIS_SOFR_7Y;0.051104;0.054896
2023-08-10;USD_OIS_SOFR_7Y;0.051162;0.054838
2023-08-11;USD_OIS_SOFR_7Y;0.051218;0.054782
2023-08-14;USD_OIS_SOFR_7Y;0.051272;0.054728
2023-08-15;USD_OIS_SOFR_7Y;0.051325;0.054675
2023-08-16;USD_OIS_SOFR_7Y;0.051376;0.054624
2023-08-17;USD_OIS_SOFR_7Y;0.051425;0.054575
2023-08-18;USD_OIS_SOFR_7Y;0.051473;0.054527
2023-08-21;USD_OIS_SOFR_7Y;0.05152;0.05448
2023-08-22;USD_OIS_SOFR_7Y;0.051565;0.054435
2023-08-23;USD_OIS_SOFR_7Y;0.051608;0.054392
2023-08-24;USD_OIS_SOFR_7Y;0.051651;0.054349
2023-08-25;USD_OIS_SOFR_7Y;0.051692;0.054308
2023-08-28;USD_OIS_SOFR_7Y;0.051732;0.054268
2023-08-29;USD_OIS_SOFR_7Y;0.05177;0.05423
2023-08-30;USD_OIS_SOFR_7Y;0.051808;0.054192
2023-08-31;USD_OIS_SOFR_7Y;0.05194;0.05426
2023-09-01;USD_OIS_SOFR_7Y;0.051975;0.054225
2023-09-05;USD_OIS_SOFR_7Y;0.05201;0.05419
2023-09-06;USD_OIS_SOFR_7Y;0.051938;0.054062
2023-09-07;USD_OIS_SOFR_7Y;0.052066;0.054134
2023-09-08;USD_OIS_SOFR_7Y;0.051993;0.054007
2023-09-11;USD_OIS_SOFR_7Y;0.052024;0.053976
2023-09-12;USD_OIS_SOFR_7Y;0.052053;0.053947
2023-09-13;USD_OIS_SOFR_7Y;0.052082;0.053918
2023-09-14;USD_OIS_SOFR_7Y;0.05211;0.05389
2023-09-15;USD_OIS_SOFR_7Y;0.052232;0.053968
2023-09-18;USD_OIS_SOFR_7Y;0.052258;0.053942
2023-09-19;USD_OIS_SOFR_7Y;0.052284;0.053916
2023-09-20;USD_OIS_SOFR_7Y;0.052203;0.053797
2023-09-21;USD_OIS_SOFR_7Y;0.052227;0.053773
2023-09-22;USD_OIS_SOFR_7Y;0.052251;0.053749
2023-09-25;USD_OIS_SOFR_7Y;0.052367;0.053833
2023-09-26;USD_OIS_SOFR_7Y;0.052389;0.053811
2023-09-27;USD_OIS_SOFR_7Y;0.052504;0.053896
2023-09-28;USD_OIS_SOFR_7Y;0.052418;0.053782
2023-09-29;USD_OIS_SOFR_7Y;0.052439;0.053761
2023-10-02;USD_OIS_SOFR_7Y;0.052552;0.053848
2023-10-03;USD_OIS_SOFR_7Y;0.052664;0.053936
2023-10-04;USD_OIS_SOFR_7Y;0.052576;0.053824
2023-10-05;USD_OIS_SOFR_7Y;0.052595;0.053805
2023-10-06;USD_OIS_SOFR_7Y;0.052505;0.053695
2023-10-10;USD_OIS_SOFR_7Y;0.052524;0.053676
2023-10-11;USD_OIS_SOFR_7Y;0.052541;0.053659
2023-10-12;USD_OIS_SOFR_7Y;0.052558;0.053642
2023-10-13;USD_OIS_SOFR_7Y;0.052575;0.053625
2023-10-16;USD_OIS_SOFR_7Y;0.052591;0.053609
2023-10-17;USD_OIS_SOFR_7Y;0.052606;0.053594
2023-10-18;USD_OIS_SOFR_7Y;0.052511;0.053489
2023-10-19;USD_OIS_SOFR_7Y;0.052526;0.053474
2023-10-20;USD_OIS_SOFR_7Y;0.052541;0.053459
2023-10-23;USD_OIS_SOFR_7Y;0.052555;0.053445
2023-10-24;USD_OIS_SOFR_7Y;0.052568;0.053432
2023-10-25;USD_OIS_SOFR_7Y;0.052581;0.053419
2023-10-26;USD_OIS_SOFR_7Y;0.052683;0.053517
2023-10-27;USD_OIS_SOFR_7Y;0.052695;0.053505
2023-10-30;USD_OIS_SOFR_7Y;0.052708;0.053492
2023-10-31;USD_OIS_SOFR_7Y;0.052956;0.054044
2023-11-01;USD_OIS_SOFR_7Y;0.052597;0.053803
2023-11-02;USD_OIS_SOFR_7Y;0.052708;0.053892
2023-11-03;USD_OIS_SOFR_7Y;0.052618;0.053782
2023-11-06;USD_OIS_SOFR_7Y;0.052635;0.053765
2023-11-07;USD_OIS_SOFR_7Y;0.052653;0.053747
2023-11-08;USD_OIS_SOFR_7Y;0.052669;0.053731
2023-11-09;USD_OIS_SOFR_7Y;0.052685;0.053715
2023-11-10;USD_OIS_SOFR_7Y;0.052701;0.053699
2023-11-13;USD_OIS_SOFR_7Y;0.052716;0.053684
2023-11-14;USD_OIS_SOFR_7Y;0.052731;0.053669
2023-11-15;USD_OIS_SOFR_7Y;0.052745;0.053655
2023-11-16;USD_OIS_SOFR_7Y;0.052759;0.053641
2023-11-17;USD_OIS_SOFR_7Y;0.052773;0.053627
2023-11-20;USD_OIS_SOFR_7Y;0.052674;0.053526
2023-11-21;USD_OIS_SOFR_7Y;0.052687;0.053513
2023-11-22;USD_OIS_SOFR_7Y;0.0527;0.0535
2023-11-24;USD_OIS_SOFR_7Y;0.0528;0.0536
2023-11-27;USD_OIS_SOFR_7Y;0.052812;0.053588
2023-11-28;USD_OIS_SOFR_7Y;0.052824;0.053576
2023-11-29;USD_OIS_SOFR_7Y;0.052723;0.053477
2023-11-30;USD_OIS_SOFR_7Y;0.052886;0.053714
2023-12-01;USD_OIS_SOFR_7Y;0.053192;0.054608
2023-12-04;USD_OIS_SOFR_7Y;0.052986;0.054414
2023-12-05;USD_OIS_SOFR_7Y;0.052506;0.054094
2023-12-06;USD_OIS_SOFR_7Y;0.052424;0.053976
2023-12-07;USD_OIS_SOFR_7Y;0.052448;0.053952
2023-12-08;USD_OIS_SOFR_7Y;0.052471;0.053929
2023-12-11;USD_OIS_SOFR_7Y;0.052493;0.053907
2023-12-12;USD_OIS_SOFR_7Y;0.052408;0.053792
2023-12-13;USD_OIS_SOFR_7Y;0.052429;0.053771
2023-12-14;USD_OIS_SOFR_7Y;0.052449;0.053751
2023-12-15;USD_OIS_SOFR_7Y;0.052562;0.053838
2023-12-18;USD_OIS_SOFR_7Y;0.052581;0.053819
2023-12-19;USD_OIS_SOFR_7Y;0.052492;0.053708
2023-12-20;USD_OIS_SOFR_7Y;0.052511;0.053689
2023-12-21;USD_OIS_SOFR_7Y;0.052529;0.053671
2023-12-22;USD_OIS_SOFR_7Y;0.052638;0.053762
2023-12-26;USD_OIS_SOFR_7Y;0.052882;0.054118
2023-12-27;USD_OIS_SOFR_7Y;0.053185;0.054615
2023-12-28;USD_OIS_SOFR_7Y;0.0533;0.0547
2023-12-29;USD_OIS_SOFR_7Y;0.053094;0.054506
2024-01-02;USD_OIS_SOFR_7Y;0.053289;0.054711
2024-01-03;USD_OIS_SOFR_7Y;0.053204;0.054596
2024-01-04;USD_OIS_SOFR_7Y;0.052241;0.054159
2024-01-05;USD_OIS_SOFR_7Y;0.052166;0.054034
2024-01-08;USD_OIS_SOFR_7Y;0.052194;0.054006
2024-01-09;USD_OIS_SOFR_7Y;0.052222;0.053978
2024-01-10;USD_OIS_SOFR_7Y;0.052248;0.053952
2024-01-11;USD_OIS_SOFR_7Y;0.052274;0.053926
2024-01-12;USD_OIS_SOFR_7Y;0.052299;0.053901
2024-01-16;USD_OIS_SOFR_7Y;0.052418;0.053982
2024-01-17;USD_OIS_SOFR_7Y;0.052442;0.053958
2024-01-18;USD_OIS_SOFR_7Y;0.052358;0.053842
2024-01-19;USD_OIS_SOFR_7Y;0.052381;0.053819
2024-01-22;USD_OIS_SOFR_7Y;0.052403;0.053797
2024-01-23;USD_OIS_SOFR_7Y;0.052424;0.053776
2024-01-24;USD_OIS_SOFR_7Y;0.052445;0.053755
2024-01-25;USD_OIS_SOFR_7Y;0.052557;0.053843
2024-01-26;USD_OIS_SOFR_7Y;0.052577;0.053823
2024-01-29;USD_OIS_SOFR_7Y;0.052488;0.053712
2024-01-30;USD_OIS_SOFR_7Y;0.052507;0.053693
2024-01-31;USD_OIS_SOFR_7Y;0.052617;0.053783
2024-02-01;USD_OIS_SOFR_7Y;0.052634;0.053766
2024-02-02;USD_OIS_SOFR_7Y;0.052652;0.053748
2024-02-05;USD_OIS_SOFR_7Y;0.05256;0.05364
2024-02-06;USD_OIS_SOFR_7Y;0.052576;0.053624
2024-02-07;USD_OIS_SOFR_7Y;0.052592;0.053608
2024-02-08;USD_OIS_SOFR_7Y;0.052607;0.053593
2024-02-09;USD_OIS_SOFR_7Y;0.052622;0.053578
2024-02-12;USD_OIS_SOFR_7Y;0.052637;0.053563
2024-02-13;USD_OIS_SOFR_7Y;0.052651;0.053549
2024-02-14;USD_OIS_SOFR_7Y;0.052554;0.053446
2024-02-15;USD_OIS_SOFR_7Y;0.052657;0.053543
2024-02-16;USD_OIS_SOFR_7Y;0.052559;0.053441
2024-02-20;USD_OIS_SOFR_7Y;0.052573;0.053427
2024-02-21;USD_OIS_SOFR_7Y;0.052586;0.053414
2024-02-22;USD_OIS_SOFR_7Y;0.052599;0.053401
2024-02-23;USD_OIS_SOFR_7Y;0.052699;0.053501
2024-02-26;USD_OIS_SOFR_7Y;0.052711;0.053489
2024-02-27;USD_OIS_SOFR_7Y;0.052723;0.053477
2024-02-28;USD_OIS_SOFR_7Y;0.052734;0.053466
2024-02-29;USD_OIS_SOFR_7Y;0.052832;0.053568
2024-03-01;USD_OIS_SOFR_7Y;0.052731;0.053469
2024-03-04;USD_OIS_SOFR_7Y;0.052742;0.053458
2024-03-05;USD_OIS_SOFR_7Y;0.052753;0.053447
2024-03-06;USD_OIS_SOFR_7Y;0.052763;0.053437
2024-03-07;USD_OIS_SOFR_7Y;0.052774;0.053426
2024-03-08;USD_OIS_SOFR_7Y;0.052784;0.053416
2024-03-11;USD_OIS_SOFR_7Y;0.052793;0.053407
2024-03-12;USD_OIS_SOFR_7Y;0.052803;0.053397
2024-03-13;USD_OIS_SOFR_7Y;0.052812;0.053388
2024-03-14;USD_OIS_SOFR_7Y;0.05282;0.05338
2024-03-15;USD_OIS_SOFR_7Y;0.052829;0.053371
2024-03-18;USD_OIS_SOFR_7Y;0.052837;0.053363
2024-03-19;USD_OIS_SOFR_7Y;0.052845;0.053355
2024-03-20;USD_OIS_SOFR_7Y;0.052853;0.053347
2024-03-21;USD_OIS_SOFR_7Y;0.05286;0.05334
2024-03-22;USD_OIS_SOFR_7Y;0.052868;0.053332
2024-03-25;USD_OIS_SOFR_7Y;0.052875;0.053325
2024-03-26;USD_OIS_SOFR_7Y;0.052961;0.053439
2024-03-27;USD_OIS_SOFR_7Y;0.053049;0.053551
2024-03-28;USD_OIS_SOFR_7Y;0.053138;0.053662
2024-04-01;USD_OIS_SOFR_7Y;0.053228;0.053772
2024-04-02;USD_OIS_SOFR_7Y;0.053119;0.053681
2024-04-03;USD_OIS_SOFR_7Y;0.052865;0.053535
2024-04-04;USD_OIS_SOFR_7Y;0.052875;0.053525
2024-04-05;USD_OIS_SOFR_7Y;0.052885;0.053515
2024-04-08;USD_OIS_SOFR_7Y;0.05278;0.05342
2024-04-09;USD_OIS_SOFR_7Y;0.052789;0.053411
2024-04-10;USD_OIS_SOFR_7Y;0.052799;0.053401
2024-04-11;USD_OIS_SOFR_7Y;0.052808;0.053392
2024-04-12;USD_OIS_SOFR_7Y;0.052817;0.053383
2024-04-15;USD_OIS_SOFR_7Y;0.052909;0.053491
2024-04-16;USD_OIS_SOFR_7Y;0.052801;0.053399
2024-04-17;USD_OIS_SOFR_7Y;0.052811;0.053389
2024-04-18;USD_OIS_SOFR_7Y;0.052703;0.053297
2024-04-19;USD_OIS_SOFR_7Y;0.052796;0.053404
2024-04-22;USD_OIS_SOFR_7Y;0.052805;0.053395
2024-04-23;USD_OIS_SOFR_7Y;0.052814;0.053386
2024-04-24;USD_OIS_SOFR_7Y;0.052823;0.053377
2024-04-25;USD_OIS_SOFR_7Y;0.052831;0.053369
2024-04-26;USD_OIS_SOFR_7Y;0.052922;0.053478
2024-04-29;USD_OIS_SOFR_7Y;0.052931;0.053469
2024-04-30;USD_OIS_SOFR_7Y;0.053074;0.053726
2024-05-01;USD_OIS_SOFR_7Y;0.052829;0.053571
2024-05-02;USD_OIS_SOFR_7Y;0.052728;0.053472
2024-05-03;USD_OIS_SOFR_7Y;0.052739;0.053461
2024-05-06;USD_OIS_SOFR_7Y;0.05275;0.05345
2024-05-07;USD_OIS_SOFR_7Y;0.052761;0.053439
2024-05-08;USD_OIS_SOFR_7Y;0.052771;0.053429
2024-05-09;USD_OIS_SOFR_7Y;0.052781;0.053419
2024-05-10;USD_OIS_SOFR_7Y;0.052791;0.053409
2024-05-13;USD_OIS_SOFR_7Y;0.0528;0.0534
2024-05-14;USD_OIS_SOFR_7Y;0.052809;0.053391
2024-05-15;USD_OIS_SOFR_7Y;0.052818;0.053382
2024-05-16;USD_OIS_SOFR_7Y;0.052827;0.053373
2024-05-17;USD_OIS_SOFR_7Y;0.052835;0.053365
2024-05-20;USD_OIS_SOFR_7Y;0.052843;0.053357
2024-05-21;USD_OIS_SOFR_7Y;0.052851;0.053349
2024-05-22;USD_OIS_SOFR_7Y;0.052859;0.053341
2024-05-23;USD_OIS_SOFR_7Y;0.052866;0.053334
2024-05-24;USD_OIS_SOFR_7Y;0.052953;0.053447
2024-05-28;USD_OIS_SOFR_7Y;0.052961;0.053439
2024-05-29;USD_OIS_SOFR_7Y;0.053048;0.053552
2024-05-30;USD_OIS_SOFR_7Y;0.053056;0.053544
2024-05-31;USD_OIS_SOFR_7Y;0.053144;0.053656
2024-06-03;USD_OIS_SOFR_7Y;0.053234;0.053766
2024-06-04;USD_OIS_SOFR_7Y;0.052977;0.053623
2024-06-05;USD_OIS_SOFR_7Y;0.052987;0.053613
2024-06-06;USD_OIS_SOFR_7Y;0.052996;0.053604
2024-06-07;USD_OIS_SOFR_7Y;0.053005;0.053595
2024-06-10;USD_OIS_SOFR_7Y;0.052898;0.053502
2024-06-11;USD_OIS_SOFR_7Y;0.052907;0.053493
2024-06-12;USD_OIS_SOFR_7Y;0.0528;0.0534
2024-06-13;USD_OIS_SOFR_7Y;0.052809;0.053391
2024-06-14;USD_OIS_SOFR_7Y;0.052818;0.053382
2024-06-17;USD_OIS_SOFR_7Y;0.052965;0.053635
2024-06-18;USD_OIS_SOFR_7Y;0.052975;0.053625
2024-06-20;USD_OIS_SOFR_7Y;0.05287;0.05353
2024-06-21;USD_OIS_SOFR_7Y;0.052766;0.053434
2024-06-24;USD_OIS_SOFR_7Y;0.052776;0.053424
2024-06-25;USD_OIS_SOFR_7Y;0.052931;0.053669
2024-06-26;USD_OIS_SOFR_7Y;0.053029;0.053771
2024-06-27;USD_OIS_SOFR_7Y;0.05304;0.05376
2024-06-28;USD_OIS_SOFR_7Y;0.052938;0.053662
2024-07-01;USD_OIS_SOFR_7Y;0.053234;0.054766
2024-07-02;USD_OIS_SOFR_7Y;0.052613;0.054387
2024-07-03;USD_OIS_SOFR_7Y;0.052418;0.054182
2024-07-05;USD_OIS_SOFR_7Y;0.052339;0.054061
2024-07-08;USD_OIS_SOFR_7Y;0.052366;0.054034
2024-07-09;USD_OIS_SOFR_7Y;0.052568;0.054232
2024-07-10;USD_OIS_SOFR_7Y;0.052593;0.054207
2024-07-11;USD_OIS_SOFR_7Y;0.052618;0.054182
2024-07-12;USD_OIS_SOFR_7Y;0.052642;0.054158
2024-07-15;USD_OIS_SOFR_7Y;0.052665;0.054135
2024-07-16;USD_OIS_SOFR_7Y;0.052781;0.054219
2024-07-17;USD_OIS_SOFR_7Y;0.052802;0.054198
2024-07-18;USD_OIS_SOFR_7Y;0.052717;0.054083
2024-07-19;USD_OIS_SOFR_7Y;0.052738;0.054062
2024-07-22;USD_OIS_SOFR_7Y;0.05265;0.05395
2024-07-23;USD_OIS_SOFR_7Y;0.052763;0.054037
2024-07-24;USD_OIS_SOFR_7Y;0.052782;0.054018
2024-07-25;USD_OIS_SOFR_7Y;0.052893;0.054107
2024-07-26;USD_OIS_SOFR_7Y;0.052912;0.054088
2024-07-29;USD_OIS_SOFR_7Y;0.052697;0.053903
2024-07-30;USD_OIS_SOFR_7Y;0.052716;0.053884
2024-07-31;USD_OIS_SOFR_7Y;0.053054;0.054546
2024-08-01;USD_OIS_SOFR_7Y;0.05272;0.05428
2024-08-02;USD_OIS_SOFR_7Y;0.052744;0.054256
2024-08-05;USD_OIS_SOFR_7Y;0.052411;0.053989
2024-08-06;USD_OIS_SOFR_7Y;0.052529;0.054071
2024-08-07;USD_OIS_SOFR_7Y;0.052552;0.054048
2024-08-08;USD_OIS_SOFR_7Y;0.052668;0.054132
2024-08-09;USD_OIS_SOFR_7Y;0.052691;0.054109
2024-08-12;USD_OIS_SOFR_7Y;0.052712;0.054088
2024-08-13;USD_OIS_SOFR_7Y;0.052733;0.054067
2024-08-14;USD_OIS_SOFR_7Y;0.052646;0.053954
2024-08-15;USD_OIS_SOFR_7Y;0.052837;0.054163
2024-08-16;USD_OIS_SOFR_7Y;0.052494;0.053906
2024-08-19;USD_OIS_SOFR_7Y;0.052516;0.053884
2024-08-20;USD_OIS_SOFR_7Y;0.052537;0.053863
2024-08-21;USD_OIS_SOFR_7Y;0.052449;0.053751
2024-08-22;USD_OIS_SOFR_7Y;0.052469;0.053731
2024-08-23;USD_OIS_SOFR_7Y;0.052658;0.053942
2024-08-26;USD_OIS_SOFR_7Y;0.05277;0.05403
2024-08-27;USD_OIS_SOFR_7Y;0.052882;0.054118
2024-08-28;USD_OIS_SOFR_7Y;0.052901;0.054099
2024-08-29;USD_OIS_SOFR_7Y;0.052687;0.053913
2024-08-30;USD_OIS_SOFR_7Y;0.052598;0.053802
2024-09-03;USD_OIS_SOFR_7Y;0.052785;0.054015
2024-09-04;USD_OIS_SOFR_7Y;0.052896;0.054104
2024-09-05;USD_OIS_SOFR_7Y;0.052914;0.054086
2024-09-06;USD_OIS_SOFR_7Y;0.052824;0.053976
2024-09-09;USD_OIS_SOFR_7Y;0.052841;0.053959
2024-09-10;USD_OIS_SOFR_7Y;0.05275;0.05385
2024-09-11;USD_OIS_SOFR_7Y;0.052658;0.053742
2024-09-12;USD_OIS_SOFR_7Y;0.052765;0.053835
2024-09-13;USD_OIS_SOFR_7Y;0.052782;0.053818
2024-09-16;USD_OIS_SOFR_7Y;0.053101;0.054499
2024-09-17;USD_OIS_SOFR_7Y;0.053122;0.054478
2024-09-18;USD_OIS_SOFR_7Y;0.052483;0.054117
2024-09-19;USD_OIS_SOFR_7Y;0.043179;0.053221
2024-09-20;USD_OIS_SOFR_7Y;0.043431;0.053169
2024-09-23;USD_OIS_SOFR_7Y;0.04358;0.05302
2024-09-24;USD_OIS_SOFR_7Y;0.043822;0.052978
2024-09-25;USD_OIS_SOFR_7Y;0.043962;0.052838
2024-09-26;USD_OIS_SOFR_7Y;0.043996;0.052604
2024-09-27;USD_OIS_SOFR_7Y;0.044226;0.052574
2024-09-30;USD_OIS_SOFR_7Y;0.045388;0.053812
2024-10-01;USD_OIS_SOFR_7Y;0.046324;0.054676
2024-10-02;USD_OIS_SOFR_7Y;0.044958;0.053442
2024-10-03;USD_OIS_SOFR_7Y;0.044332;0.052668
2024-10-04;USD_OIS_SOFR_7Y;0.044254;0.052346
2024-10-07;USD_OIS_SOFR_7Y;0.044377;0.052223
2024-10-08;USD_OIS_SOFR_7Y;0.044596;0.052204
2024-10-09;USD_OIS_SOFR_7Y;0.04461;0.05199
2024-10-10;USD_OIS_SOFR_7Y;0.044621;0.051779
2024-10-11;USD_OIS_SOFR_7Y;0.044629;0.051571
2024-10-15;USD_OIS_SOFR_7Y;0.0452;0.052
2024-10-16;USD_OIS_SOFR_7Y;0.045303;0.051897
2024-10-17;USD_OIS_SOFR_7Y;0.045302;0.051698
2024-10-18;USD_OIS_SOFR_7Y;0.045298;0.051502
2024-10-21;USD_OIS_SOFR_7Y;0.045186;0.051214
2024-10-22;USD_OIS_SOFR_7Y;0.045377;0.051223
2024-10-23;USD_OIS_SOFR_7Y;0.045466;0.051134
2024-10-24;USD_OIS_SOFR_7Y;0.045552;0.051048
2024-10-25;USD_OIS_SOFR_7Y;0.045636;0.050964
2024-10-28;USD_OIS_SOFR_7Y;0.045615;0.050785
2024-10-29;USD_OIS_SOFR_7Y;0.045694;0.050706
2024-10-30;USD_OIS_SOFR_7Y;0.045668;0.050532
2024-10-31;USD_OIS_SOFR_7Y;0.046485;0.051515
2024-11-01;USD_OIS_SOFR_7Y;0.046131;0.051069
2024-11-04;USD_OIS_SOFR_7Y;0.045775;0.050625
2024-11-05;USD_OIS_SOFR_7Y;0.045849;0.050551
2024-11-06;USD_OIS_SOFR_7Y;0.045818;0.050382
2024-11-07;USD_OIS_SOFR_7Y;0.045986;0.050414
2024-11-08;USD_OIS_SOFR_7Y;0.04297;0.04903
2024-11-12;USD_OIS_SOFR_7Y;0.043062;0.048938
2024-11-13;USD_OIS_SOFR_7Y;0.04305;0.04875
2024-11-14;USD_OIS_SOFR_7Y;0.043035;0.048565
2024-11-15;USD_OIS_SOFR_7Y;0.043017;0.048383
2024-11-18;USD_OIS_SOFR_7Y;0.043099;0.048301
2024-11-19;USD_OIS_SOFR_7Y;0.043178;0.048222
2024-11-20;USD_OIS_SOFR_7Y;0.043153;0.048047
2024-11-21;USD_OIS_SOFR_7Y;0.043326;0.048074
2024-11-22;USD_OIS_SOFR_7Y;0.043398;0.048002
2024-11-25;USD_OIS_SOFR_7Y;0.043566;0.048034
2024-11-26;USD_OIS_SOFR_7Y;0.043634;0.047966
2024-11-27;USD_OIS_SOFR_7Y;0.043598;0.047802
2024-11-29;USD_OIS_SOFR_7Y;0.043853;0.047947
2024-12-02;USD_OIS_SOFR_7Y;0.044356;0.048444
2024-12-03;USD_OIS_SOFR_7Y;0.044419;0.048381
2024-12-04;USD_OIS_SOFR_7Y;0.043919;0.047881
2024-12-05;USD_OIS_SOFR_7Y;0.043979;0.047821
2024-12-06;USD_OIS_SOFR_7Y;0.044135;0.047865
2024-12-09;USD_OIS_SOFR_7Y;0.044468;0.048132
2024-12-10;USD_OIS_SOFR_7Y;0.044621;0.048179
2024-12-11;USD_OIS_SOFR_7Y;0.044465;0.047935
2024-12-12;USD_OIS_SOFR_7Y;0.044518;0.047882
2024-12-13;USD_OIS_SOFR_7Y;0.044357;0.047643
2024-12-16;USD_OIS_SOFR_7Y;0.044835;0.048165
2024-12-17;USD_OIS_SOFR_7Y;0.044559;0.047841
2024-12-18;USD_OIS_SOFR_7Y;0.044037;0.047363
2024-12-19;USD_OIS_SOFR_7Y;0.03992;0.04608
2024-12-20;USD_OIS_SOFR_7Y;0.040013;0.045987
2024-12-23;USD_OIS_SOFR_7Y;0.040203;0.045997
2024-12-24;USD_OIS_SOFR_7Y;0.041058;0.046942
2024-12-26;USD_OIS_SOFR_7Y;0.04218;0.04842
2024-12-27;USD_OIS_SOFR_7Y;0.0415;0.0477
2024-12-30;USD_OIS_SOFR_7Y;0.040569;0.046831
2024-12-31;USD_OIS_SOFR_7Y;0.041648;0.048152
2025-01-02;USD_OIS_SOFR_7Y;0.040728;0.047272
2025-01-03;USD_OIS_SOFR_7Y;0.039809;0.046391
2025-01-06;USD_OIS_SOFR_7Y;0.039486;0.045914
2025-01-07;USD_OIS_SOFR_7Y;0.039584;0.045816
2025-01-08;USD_OIS_SOFR_7Y;0.039873;0.045927
2025-01-09;USD_OIS_SOFR_7Y;0.040063;0.045937
2025-01-10;USD_OIS_SOFR_7Y;0.040153;0.045847
2025-01-13;USD_OIS_SOFR_7Y;0.040138;0.045662
2025-01-14;USD_OIS_SOFR_7Y;0.04012;0.04548
2025-01-15;USD_OIS_SOFR_7Y;0.040202;0.045398
2025-01-16;USD_OIS_SOFR_7Y;0.040379;0.045421
2025-01-17;USD_OIS_SOFR_7Y;0.040456;0.045344
2025-01-21;USD_OIS_SOFR_7Y;0.04053;0.04527
2025-01-22;USD_OIS_SOFR_7Y;0.0407;0.0453
2025-01-23;USD_OIS_SOFR_7Y;0.041218;0.045782
2025-01-24;USD_OIS_SOFR_7Y;0.041185;0.045615
2025-01-27;USD_OIS_SOFR_7Y;0.041253;0.045547
2025-01-28;USD_OIS_SOFR_7Y;0.041416;0.045584
2025-01-29;USD_OIS_SOFR_7Y;0.04148;0.04552
2025-01-30;USD_OIS_SOFR_7Y;0.041639;0.045561
2025-01-31;USD_OIS_SOFR_7Y;0.041889;0.045711
2025-02-03;USD_OIS_SOFR_7Y;0.041624;0.045376
2025-02-04;USD_OIS_SOFR_7Y;0.041471;0.045129
2025-02-05;USD_OIS_SOFR_7Y;0.041526;0.045074
2025-02-06;USD_OIS_SOFR_7Y;0.041856;0.045344
2025-02-07;USD_OIS_SOFR_7Y;0.041806;0.045194
2025-02-10;USD_OIS_SOFR_7Y;0.041858;0.045142
2025-02-11;USD_OIS_SOFR_7Y;0.041805;0.044995
2025-02-12;USD_OIS_SOFR_7Y;0.041641;0.044759
2025-02-13;USD_OIS_SOFR_7Y;0.041786;0.044814
2025-02-14;USD_OIS_SOFR_7Y;0.041832;0.044768
2025-02-18;USD_OIS_SOFR_7Y;0.042224;0.045176
2025-02-19;USD_OIS_SOFR_7Y;0.042056;0.044944
2025-02-20;USD_OIS_SOFR_7Y;0.041887;0.044713
2025-02-21;USD_OIS_SOFR_7Y;0.042026;0.044774
2025-02-24;USD_OIS_SOFR_7Y;0.042068;0.044732
2025-02-25;USD_OIS_SOFR_7Y;0.042005;0.044595
2025-02-26;USD_OIS_SOFR_7Y;0.042045;0.044555
2025-02-27;USD_OIS_SOFR_7Y;0.042348;0.044852
2025-02-28;USD_OIS_SOFR_7Y;0.042652;0.045148
2025-03-03;USD_OIS_SOFR_7Y;0.041957;0.044643
2025-03-04;USD_OIS_SOFR_7Y;0.041998;0.044602
2025-03-05;USD_OIS_SOFR_7Y;0.042134;0.044666
2025-03-06;USD_OIS_SOFR_7Y;0.042268;0.044732
2025-03-07;USD_OIS_SOFR_7Y;0.042202;0.044598
2025-03-10;USD_OIS_SOFR_7Y;0.042134;0.044466
2025-03-11;USD_OIS_SOFR_7Y;0.042066;0.044334
2025-03-12;USD_OIS_SOFR_7Y;0.041996;0.044204
2025-03-13;USD_OIS_SOFR_7Y;0.041925;0.044075
2025-03-14;USD_OIS_SOFR_7Y;0.041958;0.044042
2025-03-17;USD_OIS_SOFR_7Y;0.042171;0.044229
2025-03-18;USD_OIS_SOFR_7Y;0.042098;0.044102
2025-03-19;USD_OIS_SOFR_7Y;0.041909;0.043891
2025-03-20;USD_OIS_SOFR_7Y;0.041939;0.043861
2025-03-21;USD_OIS_SOFR_7Y;0.042063;0.043937
2025-03-24;USD_OIS_SOFR_7Y;0.042187;0.044013
2025-03-25;USD_OIS_SOFR_7Y;0.042393;0.044207
2025-03-26;USD_OIS_SOFR_7Y;0.0426;0.0444
2025-03-27;USD_OIS_SOFR_7Y;0.042722;0.044478
2025-03-28;USD_OIS_SOFR_7Y;0.042527;0.044273
2025-03-31;USD_OIS_SOFR_7Y;0.043014;0.045186
2025-04-01;USD_OIS_SOFR_7Y;0.042829;0.044971
2025-04-02;USD_OIS_SOFR_7Y;0.042644;0.044756
2025-04-03;USD_OIS_SOFR_7Y;0.042858;0.044942
2025-04-04;USD_OIS_SOFR_7Y;0.042417;0.044583
2025-04-07;USD_OIS_SOFR_7Y;0.042232;0.044368
2025-04-08;USD_OIS_SOFR_7Y;0.042761;0.045239
2025-04-09;USD_OIS_SOFR_7Y;0.042983;0.045417
2025-04-10;USD_OIS_SOFR_7Y;0.042424;0.044976
2025-04-11;USD_OIS_SOFR_7Y;0.042003;0.044597
2025-04-14;USD_OIS_SOFR_7Y;0.042043;0.044557
2025-04-15;USD_OIS_SOFR_7Y;0.042347;0.044853
2025-04-16;USD_OIS_SOFR_7Y;0.041791;0.044409
2025-04-17;USD_OIS_SOFR_7Y;0.041927;0.044473
2025-04-21;USD_OIS_SOFR_7Y;0.041966;0.044434
2025-04-22;USD_OIS_SOFR_7Y;0.041788;0.044212
2025-04-23;USD_OIS_SOFR_7Y;0.041609;0.043991
2025-04-24;USD_OIS_SOFR_7Y;0.041741;0.044059
2025-04-25;USD_OIS_SOFR_7Y;0.042111;0.044489
2025-04-28;USD_OIS_SOFR_7Y;0.042411;0.044789
2025-04-29;USD_OIS_SOFR_7Y;0.042447;0.044753
2025-04-30;USD_OIS_SOFR_7Y;0.042881;0.045319
2025-05-01;USD_OIS_SOFR_7Y;0.042702;0.045098
2025-05-02;USD_OIS_SOFR_7Y;0.042403;0.044797
2025-05-05;USD_OIS_SOFR_7Y;0.042103;0.044497
2025-05-06;USD_OIS_SOFR_7Y;0.042036;0.044364
2025-05-07;USD_OIS_SOFR_7Y;0.041855;0.044145
2025-05-08;USD_OIS_SOFR_7Y;0.041785;0.044015
2025-05-09;USD_OIS_SOFR_7Y;0.041715;0.043885
2025-05-12;USD_OIS_SOFR_7Y;0.041748;0.043852
2025-05-13;USD_OIS_SOFR_7Y;0.041962;0.044038
2025-05-14;USD_OIS_SOFR_7Y;0.041888;0.043912
2025-05-15;USD_OIS_SOFR_7Y;0.0421;0.0441
2025-05-16;USD_OIS_SOFR_7Y;0.042026;0.043974
2025-05-19;USD_OIS_SOFR_7Y;0.04195;0.04385
2025-05-20;USD_OIS_SOFR_7Y;0.041759;0.043641
2025-05-21;USD_OIS_SOFR_7Y;0.041683;0.043517
2025-05-22;USD_OIS_SOFR_7Y;0.041711;0.043489
2025-05-23;USD_OIS_SOFR_7Y;0.041738;0.043462
2025-05-27;USD_OIS_SOFR_7Y;0.042133;0.044067
2025-05-28;USD_OIS_SOFR_7Y;0.042342;0.044258
2025-05-29;USD_OIS_SOFR_7Y;0.042372;0.044228
2025-05-30;USD_OIS_SOFR_7Y;0.042579;0.044421
2025-06-02;USD_OIS_SOFR_7Y;0.042607;0.044393
2025-06-03;USD_OIS_SOFR_7Y;0.042287;0.044113
2025-06-04;USD_OIS_SOFR_7Y;0.041833;0.043767
2025-06-05;USD_OIS_SOFR_7Y;0.041957;0.043843
2025-06-06;USD_OIS_SOFR_7Y;0.041986;0.043814
2025-06-09;USD_OIS_SOFR_7Y;0.042014;0.043786
2025-06-10;USD_OIS_SOFR_7Y;0.041935;0.043665
2025-06-11;USD_OIS_SOFR_7Y;0.041962;0.043638
2025-06-12;USD_OIS_SOFR_7Y;0.041987;0.043613
2025-06-13;USD_OIS_SOFR_7Y;0.042012;0.043588
2025-06-16;USD_OIS_SOFR_7Y;0.042343;0.044057
2025-06-17;USD_OIS_SOFR_7Y;0.042263;0.043937
2025-06-18;USD_OIS_SOFR_7Y;0.041938;0.043662
2025-06-20;USD_OIS_SOFR_7Y;0.042058;0.043742
2025-06-23;USD_OIS_SOFR_7Y;0.042084;0.043716
2025-06-24;USD_OIS_SOFR_7Y;0.042203;0.043797
2025-06-25;USD_OIS_SOFR_7Y;0.042632;0.044568
2025-06-26;USD_OIS_SOFR_7Y;0.042984;0.045016
2025-06-27;USD_OIS_SOFR_7Y;0.04291;0.04489
2025-06-30;USD_OIS_SOFR_7Y;0.043377;0.045623
2025-07-01;USD_OIS_SOFR_7Y;0.043307;0.045493
2025-07-02;USD_OIS_SOFR_7Y;0.042871;0.045129
2025-07-03;USD_OIS_SOFR_7Y;0.042302;0.044698
2025-07-07;USD_OIS_SOFR_7Y;0.042123;0.044477
2025-07-08;USD_OIS_SOFR_7Y;0.042254;0.044546
2025-07-09;USD_OIS_SOFR_7Y;0.042072;0.044328
2025-07-10;USD_OIS_SOFR_7Y;0.042002;0.044198
2025-07-11;USD_OIS_SOFR_7Y;0.042036;0.044164
2025-07-14;USD_OIS_SOFR_7Y;0.04225;0.04435
2025-07-15;USD_OIS_SOFR_7Y;0.04261;0.04479
2025-07-16;USD_OIS_SOFR_7Y;0.042304;0.044496
2025-07-17;USD_OIS_SOFR_7Y;0.042337;0.044463
2025-07-18;USD_OIS_SOFR_7Y;0.041899;0.044101
2025-07-21;USD_OIS_SOFR_7Y;0.041715;0.043885
2025-07-22;USD_OIS_SOFR_7Y;0.041748;0.043852
2025-07-23;USD_OIS_SOFR_7Y;0.04178;0.04382
2025-07-24;USD_OIS_SOFR_7Y;0.041992;0.044008
2025-07-25;USD_OIS_SOFR_7Y;0.042462;0.044738
2025-07-28;USD_OIS_SOFR_7Y;0.042497;0.044703
2025-07-29;USD_OIS_SOFR_7Y;0.04253;0.04467
2025-07-30;USD_OIS_SOFR_7Y;0.042092;0.044308
2025-07-31;USD_OIS_SOFR_7Y;0.042629;0.045171
2025-08-01;USD_OIS_SOFR_7Y;0.042075;0.044725
2025-08-04;USD_OIS_SOFR_7Y;0.042012;0.044588
2025-08-05;USD_OIS_SOFR_7Y;0.042147;0.044653
2025-08-06;USD_OIS_SOFR_7Y;0.042185;0.044615
2025-08-07;USD_OIS_SOFR_7Y;0.042318;0.044682
2025-08-08;USD_OIS_SOFR_7Y;0.042354;0.044646
2025-08-11;USD_OIS_SOFR_7Y;0.042285;0.044515
2025-08-12;USD_OIS_SOFR_7Y;0.042502;0.044698
2025-08-13;USD_OIS_SOFR_7Y;0.042196;0.044404
2025-08-14;USD_OIS_SOFR_7Y;0.042325;0.044475
2025-08-15;USD_OIS_SOFR_7Y;0.04254;0.04466
2025-08-18;USD_OIS_SOFR_7Y;0.042354;0.044446
2025-08-19;USD_OIS_SOFR_7Y;0.042281;0.044319
2025-08-20;USD_OIS_SOFR_7Y;0.042093;0.044107
2025-08-21;USD_OIS_SOFR_7Y;0.042219;0.044181
2025-08-22;USD_OIS_SOFR_7Y;0.042573;0.044627
2025-08-25;USD_OIS_SOFR_7Y;0.042699;0.044701
2025-08-26;USD_OIS_SOFR_7Y;0.042825;0.044775
2025-08-27;USD_OIS_SOFR_7Y;0.042635;0.044565
2025-08-28;USD_OIS_SOFR_7Y;0.042444;0.044356
2025-08-29;USD_OIS_SOFR_7Y;0.042473;0.044327
2025-09-02;USD_OIS_SOFR_7Y;0.042878;0.044922
2025-09-03;USD_OIS_SOFR_7Y;0.04291;0.04489
2025-09-04;USD_OIS_SOFR_7Y;0.04312;0.04508
2025-09-05;USD_OIS_SOFR_7Y;0.043245;0.045155
2025-09-08;USD_OIS_SOFR_7Y;0.043054;0.044946
2025-09-09;USD_OIS_SOFR_7Y;0.043083;0.044917
2025-09-10;USD_OIS_SOFR_7Y;0.043005;0.044795
2025-09-11;USD_OIS_SOFR_7Y;0.043211;0.044989
2025-09-12;USD_OIS_SOFR_7Y;0.043333;0.045067
2025-09-15;USD_OIS_SOFR_7Y;0.043887;0.046313
2025-09-16;USD_OIS_SOFR_7Y;0.042243;0.045557
2025-09-17;USD_OIS_SOFR_7Y;0.042191;0.045409
2025-09-18;USD_OIS_SOFR_7Y;0.038593;0.044207
2025-09-19;USD_OIS_SOFR_7Y;0.038679;0.044121
2025-09-22;USD_OIS_SOFR_7Y;0.038762;0.044038
2025-09-23;USD_OIS_SOFR_7Y;0.038635;0.043765
2025-09-24;USD_OIS_SOFR_7Y;0.038811;0.043789
2025-09-25;USD_OIS_SOFR_7Y;0.039338;0.044262
2025-09-26;USD_OIS_SOFR_7Y;0.039205;0.043995
2025-09-29;USD_OIS_SOFR_7Y;0.03896;0.04364
2025-09-30;USD_OIS_SOFR_7Y;0.039892;0.044908
2025-10-01;USD_OIS_SOFR_7Y;0.039538;0.044462
2025-10-02;USD_OIS_SOFR_7Y;0.039613;0.044387
2025-10-03;USD_OIS_SOFR_7Y;0.039477;0.044123
2025-10-06;USD_OIS_SOFR_7Y;0.039229;0.043771
2025-10-07;USD_OIS_SOFR_7Y;0.039196;0.043604
2025-10-08;USD_OIS_SOFR_7Y;0.039054;0.043346
2025-10-09;USD_OIS_SOFR_7Y;0.039218;0.043382
2025-10-10;USD_OIS_SOFR_7Y;0.039472;0.043528
2025-10-14;USD_OIS_SOFR_7Y;0.039895;0.043905
2025-10-15;USD_OIS_SOFR_7Y;0.040727;0.045073
2025-10-16;USD_OIS_SOFR_7Y;0.040891;0.045109
2025-10-17;USD_OIS_SOFR_7Y;0.039446;0.044154
2025-10-20;USD_OIS_SOFR_7Y;0.039309;0.043891
2025-10-21;USD_OIS_SOFR_7Y;0.039977;0.044623
2025-10-22;USD_OIS_SOFR_7Y;0.039839;0.044361
2025-10-23;USD_OIS_SOFR_7Y;0.040189;0.044611
2025-10-24;USD_OIS_SOFR_7Y;0.040256;0.044544
2025-10-27;USD_OIS_SOFR_7Y;0.040601;0.044799
2025-10-28;USD_OIS_SOFR_7Y;0.041028;0.045172
2025-10-29;USD_OIS_SOFR_7Y;0.040654;0.044746
2025-10-30;USD_OIS_SOFR_7Y;0.037411;0.043389
2025-10-31;USD_OIS_SOFR_7Y;0.038815;0.045585
2025-11-03;USD_OIS_SOFR_7Y;0.037903;0.044697
2025-11-04;USD_OIS_SOFR_7Y;0.036473;0.043527
2025-11-05;USD_OIS_SOFR_7Y;0.03557;0.04263
2025-11-06;USD_OIS_SOFR_7Y;0.035776;0.042624
2025-11-07;USD_OIS_SOFR_7Y;0.035979;0.042621
2025-11-10;USD_OIS_SOFR_7Y;0.036274;0.042726
2025-11-12;USD_OIS_SOFR_7Y;0.036659;0.042941
2025-11-13;USD_OIS_SOFR_7Y;0.036949;0.043051
2025-11-14;USD_OIS_SOFR_7Y;0.036502;0.042498
2025-11-17;USD_OIS_SOFR_7Y;0.037053;0.042947
2025-11-18;USD_OIS_SOFR_7Y;0.036484;0.042316
2025-11-19;USD_OIS_SOFR_7Y;0.036258;0.041942
2025-11-20;USD_OIS_SOFR_7Y;0.036344;0.041856
2025-11-21;USD_OIS_SOFR_7Y;0.036621;0.041979
2025-11-24;USD_OIS_SOFR_7Y;0.036986;0.042214
2025-11-25;USD_OIS_SOFR_7Y;0.03752;0.04268
2025-11-26;USD_OIS_SOFR_7Y;0.037968;0.043032
2025-11-28;USD_OIS_SOFR_7Y;0.038653;0.043747
2025-12-01;USD_OIS_SOFR_7Y;0.03873;0.04367
2025-12-02;USD_OIS_SOFR_7Y;0.037478;0.042722
2025-12-03;USD_OIS_SOFR_7Y;0.036892;0.042108
2025-12-04;USD_OIS_SOFR_7Y;0.036654;0.041746
2025-12-05;USD_OIS_SOFR_7Y;0.03683;0.04177
2025-12-08;USD_OIS_SOFR_7Y;0.037097;0.041903
2025-12-09;USD_OIS_SOFR_7Y;0.036962;0.041638
2025-12-10;USD_OIS_SOFR_7Y;0.036715;0.041285
2025-12-11;USD_OIS_SOFR_7Y;0.033383;0.039817
2025-12-12;USD_OIS_SOFR_7Y;0.033579;0.039821
2025-12-15;USD_OIS_SOFR_7Y;0.034376;0.040624
2025-12-16;USD_OIS_SOFR_7Y;0.033815;0.039985
2025-12-17;USD_OIS_SOFR_7Y;0.033909;0.039891
2025-12-18;USD_OIS_SOFR_7Y;0.033686;0.039514
2025-12-19;USD_OIS_SOFR_7Y;0.033775;0.039425
2025-12-22;USD_OIS_SOFR_7Y;0.034054;0.039546
2025-12-23;USD_OIS_SOFR_7Y;0.03393;0.03927
2025-12-24;USD_OIS_SOFR_7Y;0.034012;0.039188
2025-12-26;USD_OIS_SOFR_7Y;0.034909;0.040291
2025-12-29;USD_OIS_SOFR_7Y;0.035089;0.040311
2025-12-30;USD_OIS_SOFR_7Y;0.034502;0.039698
2025-12-31;USD_OIS_SOFR_7Y;0.03574;0.04166
2026-01-02;USD_OIS_SOFR_7Y;0.034402;0.040598
2026-01-05;USD_OIS_SOFR_7Y;0.033957;0.040043
2026-01-06;USD_OIS_SOFR_7Y;0.033624;0.039576
2026-01-07;USD_OIS_SOFR_7Y;0.033613;0.039387
2026-01-08;USD_OIS_SOFR_7Y;0.0336;0.0392
2026-01-09;USD_OIS_SOFR_7Y;0.033685;0.039115
2026-01-12;USD_OIS_SOFR_7Y;0.033768;0.039032
2026-01-13;USD_OIS_SOFR_7Y;0.033946;0.039054
2026-01-14;USD_OIS_SOFR_7Y;0.033922;0.038878
2026-01-15;USD_OIS_SOFR_7Y;0.03419;0.03901
2026-01-16;USD_OIS_SOFR_7Y;0.034161;0.038839
2026-01-20;USD_OIS_SOFR_7Y;0.03413;0.03867
2026-01-21;USD_OIS_SOFR_7Y;0.034097;0.038503
2026-01-22;USD_OIS_SOFR_7Y;0.034262;0.038538
2026-01-23;USD_OIS_SOFR_7Y;0.034425;0.038575
2026-01-26;USD_OIS_SOFR_7Y;0.034586;0.038614
2026-01-27;USD_OIS_SOFR_7Y;0.034647;0.038553
2026-01-28;USD_OIS_SOFR_7Y;0.034497;0.038303
2026-01-29;USD_OIS_SOFR_7Y;0.034652;0.038348
2026-01-30;USD_OIS_SOFR_7Y;0.034985;0.038615
2026-02-02;USD_OIS_SOFR_7Y;0.035137;0.038663
2026-02-03;USD_OIS_SOFR_7Y;0.035191;0.038609
2026-02-04;USD_OIS_SOFR_7Y;0.034798;0.038202
2026-02-05;USD_OIS_SOFR_7Y;0.03485;0.03815
2026-02-06;USD_OIS_SOFR_7Y;0.034797;0.038003
2026-02-09;USD_OIS_SOFR_7Y;0.034743;0.037857
2026-02-10;USD_OIS_SOFR_7Y;0.034978;0.038022
2026-02-11;USD_OIS_SOFR_7Y;0.035024;0.037976
2026-02-12;USD_OIS_SOFR_7Y;0.035069;0.037931
2026-02-13;USD_OIS_SOFR_7Y;0.03521;0.03799
2026-02-17;USD_OIS_SOFR_7Y;0.035667;0.038533
2026-02-18;USD_OIS_SOFR_7Y;0.035897;0.038703
2026-02-19;USD_OIS_SOFR_7Y;0.03522;0.03818
2026-02-20;USD_OIS_SOFR_7Y;0.035162;0.038038
2026-02-23;USD_OIS_SOFR_7Y;0.035206;0.037994
2026-02-24;USD_OIS_SOFR_7Y;0.035345;0.038055
2026-02-25;USD_OIS_SOFR_7Y;0.035386;0.038014
2026-02-26;USD_OIS_SOFR_7Y;0.035426;0.037974
2026-02-27;USD_OIS_SOFR_7Y;0.035561;0.038039
2026-03-02;USD_OIS_SOFR_7Y;0.035864;0.038336
2026-03-03;USD_OIS_SOFR_7Y;0.035798;0.038202
2026-03-04;USD_OIS_SOFR_7Y;0.035498;0.037902
2026-03-05;USD_OIS_SOFR_7Y;0.035431;0.037769
2026-03-06;USD_OIS_SOFR_7Y;0.035362;0.037638
2026-03-09;USD_OIS_SOFR_7Y;0.035397;0.037603
2026-03-10;USD_OIS_SOFR_7Y;0.035326;0.037474
2026-03-11;USD_OIS_SOFR_7Y;0.035359;0.037441
2026-03-12;USD_OIS_SOFR_7Y;0.035486;0.037514
2026-03-13;USD_OIS_SOFR_7Y;0.035517;0.037483
2026-03-16;USD_OIS_SOFR_7Y;0.03593;0.03807
2026-03-17;USD_OIS_SOFR_7Y;0.035354;0.037646
2026-03-18;USD_OIS_SOFR_7Y;0.035052;0.037348
2026-03-19;USD_OIS_SOFR_7Y;0.035087;0.037313
2026-03-20;USD_OIS_SOFR_7Y;0.035121;0.037279
2026-03-23;USD_OIS_SOFR_7Y;0.035153;0.037247
2026-03-24;USD_OIS_SOFR_7Y;0.035281;0.037319
2026-03-25;USD_OIS_SOFR_7Y;0.035407;0.037393
2026-03-26;USD_OIS_SOFR_7Y;0.035532;0.037468
2026-03-27;USD_OIS_SOFR_7Y;0.035342;0.037258
2026-03-30;USD_OIS_SOFR_7Y;0.035371;0.037229
2026-03-31;USD_OIS_SOFR_7Y;0.035777;0.037823
2026-04-01;USD_OIS_SOFR_7Y;0.035466;0.037534
2026-04-02;USD_OIS_SOFR_7Y;0.035593;0.037607
2026-04-06;USD_OIS_SOFR_7Y;0.035518;0.037482
2026-04-07;USD_OIS_SOFR_7Y;0.035205;0.037195
2026-04-08;USD_OIS_SOFR_7Y;0.034892;0.036908
2026-04-09;USD_OIS_SOFR_7Y;0.034703;0.036697
2026-04-10;USD_OIS_SOFR_7Y;0.035058;0.037142
2026-04-13;USD_OIS_SOFR_7Y;0.035272;0.037328
2026-04-14;USD_OIS_SOFR_7Y;0.035561;0.037639
2026-04-15;USD_OIS_SOFR_7Y;0.036036;0.038364
2026-04-16;USD_OIS_SOFR_7Y;0.035471;0.037929
2026-04-17;USD_OIS_SOFR_7Y;0.035293;0.037707
2026-04-20;USD_OIS_SOFR_7Y;0.035114;0.037486
2026-04-21;USD_OIS_SOFR_7Y;0.03515;0.03745
2026-04-22;USD_OIS_SOFR_7Y;0.035281;0.037519
