Дата,Фиксинг
04.01.1999,0.03115
05.01.1999,0.03115
06.01.1999,0.03125
07.01.1999,0.03125
08.01.1999,0.03125
11.01.1999,0.03115
12.01.1999,0.03105
13.01.1999,0.03095
14.01.1999,0.03075
15.01.1999,0.03015
18.01.1999,0.02935
19.01.1999,0.02895
20.01.1999,0.02925
21.01.1999,0.02945
22.01.1999,0.02985
25.01.1999,0.03055
26.01.1999,0.03135
27.01.1999,0.03045
28.01.1999,0.03035
29.01.1999,0.03075
01.02.1999,0.03085
02.02.1999,0.03095
03.02.1999,0.03095
04.02.1999,0.03085
05.02.1999,0.03065
08.02.1999,0.03065
09.02.1999,0.03045
10.02.1999,0.03035
11.02.1999,0.03015
12.02.1999,0.02995
15.02.1999,0.02975
16.02.1999,0.02955
17.02.1999,0.02945
18.02.1999,0.02935
19.02.1999,0.02945
22.02.1999,0.02965
23.02.1999,0.03255
24.02.1999,0.03045
25.02.1999,0.03025
26.02.1999,0.03035
01.03.1999,0.03035
02.03.1999,0.03025
03.03.1999,0.02995
04.03.1999,0.02975
05.03.1999,0.02955
08.03.1999,0.02945
09.03.1999,0.02945
10.03.1999,0.02935
11.03.1999,0.02905
12.03.1999,0.02835
15.03.1999,0.02815
16.03.1999,0.02815
17.03.1999,0.02895
18.03.1999,0.02865
19.03.1999,0.02565
22.03.1999,0.02105
23.03.1999,0.02305
24.03.1999,0.02895
25.03.1999,0.02905
26.03.1999,0.02905
29.03.1999,0.02905
30.03.1999,0.02895
31.03.1999,0.02905
01.04.1999,0.02895
02.04.1999,0.02875
05.04.1999,0.02885
06.04.1999,0.02895
07.04.1999,0.02995
08.04.1999,0.03025
09.04.1999,0.02725
12.04.1999,0.02685
13.04.1999,0.02645
14.04.1999,0.02515
15.04.1999,0.02495
16.04.1999,0.02465
19.04.1999,0.02425
20.04.1999,0.02385
21.04.1999,0.02385
22.04.1999,0.02385
23.04.1999,0.02845
26.04.1999,0.02445
27.04.1999,0.02445
28.04.1999,0.02435
29.04.1999,0.02435
30.04.1999,0.02445
03.05.1999,0.02435
04.05.1999,0.02425
05.05.1999,0.02425
06.05.1999,0.02425
07.05.1999,0.02425
10.05.1999,0.02425
11.05.1999,0.02425
12.05.1999,0.02425
13.05.1999,0.02425
14.05.1999,0.02425
17.05.1999,0.02435
18.05.1999,0.02445
19.05.1999,0.02555
20.05.1999,0.02935
21.05.1999,0.02525
24.05.1999,0.02455
25.05.1999,0.02455
26.05.1999,0.02435
27.05.1999,0.02425
28.05.1999,0.02425
31.05.1999,0.02435
01.06.1999,0.02435
02.06.1999,0.02445
03.06.1999,0.02455
04.06.1999,0.02455
07.06.1999,0.02455
08.06.1999,0.02455
09.06.1999,0.02455
10.06.1999,0.02455
11.06.1999,0.02465
14.06.1999,0.02465
15.06.1999,0.02465
16.06.1999,0.02475
17.06.1999,0.02495
18.06.1999,0.02515
21.06.1999,0.02585
22.06.1999,0.02575
23.06.1999,0.02145
24.06.1999,0.02465
25.06.1999,0.02495
28.06.1999,0.02515
29.06.1999,0.02575
30.06.1999,0.02675
01.07.1999,0.02515
02.07.1999,0.02495
05.07.1999,0.02485
06.07.1999,0.02475
07.07.1999,0.02455
08.07.1999,0.02455
09.07.1999,0.02455
12.07.1999,0.02455
13.07.1999,0.02465
14.07.1999,0.02475
15.07.1999,0.02505
16.07.1999,0.02535
19.07.1999,0.02545
20.07.1999,0.02545
21.07.1999,0.02515
22.07.1999,0.01955
23.07.1999,0.01785
26.07.1999,0.02485
27.07.1999,0.02505
28.07.1999,0.02495
29.07.1999,0.02495
30.07.1999,0.02495
02.08.1999,0.02495
03.08.1999,0.02465
04.08.1999,0.02455
05.08.1999,0.02445
06.08.1999,0.02445
09.08.1999,0.02445
10.08.1999,0.02455
11.08.1999,0.02465
12.08.1999,0.02475
13.08.1999,0.02485
16.08.1999,0.02485
17.08.1999,0.02465
18.08.1999,0.02075
19.08.1999,0.01765
20.08.1999,0.01855
23.08.1999,0.01775
24.08.1999,0.02465
25.08.1999,0.02475
26.08.1999,0.02475
27.08.1999,0.02465
30.08.1999,0.02465
31.08.1999,0.02475
01.09.1999,0.02475
02.09.1999,0.02465
03.09.1999,0.02455
06.09.1999,0.02445
07.09.1999,0.02435
08.09.1999,0.02435
09.09.1999,0.02425
10.09.1999,0.02425
13.09.1999,0.02425
14.09.1999,0.02425
15.09.1999,0.02425
16.09.1999,0.02425
17.09.1999,0.02375
20.09.1999,0.01965
21.09.1999,0.02295
22.09.1999,0.01835
23.09.1999,0.01655
24.09.1999,0.02435
27.09.1999,0.02435
28.09.1999,0.02435
29.09.1999,0.02435
30.09.1999,0.02545
01.10.1999,0.02485
04.10.1999,0.02515
05.10.1999,0.02535
06.10.1999,0.02555
07.10.1999,0.02575
08.10.1999,0.02445
11.10.1999,0.02445
12.10.1999,0.02465
13.10.1999,0.02495
14.10.1999,0.02515
15.10.1999,0.02515
18.10.1999,0.02475
19.10.1999,0.02025
20.10.1999,0.02005
21.10.1999,0.01845
22.10.1999,0.01675
25.10.1999,0.02505
26.10.1999,0.02715
27.10.1999,0.02685
28.10.1999,0.02565
29.10.1999,0.02715
01.11.1999,0.02695
02.11.1999,0.02785
03.11.1999,0.02895
04.11.1999,0.02825
05.11.1999,0.02865
08.11.1999,0.02825
09.11.1999,0.02825
10.11.1999,0.02825
11.11.1999,0.02835
12.11.1999,0.02885
15.11.1999,0.02925
16.11.1999,0.02925
17.11.1999,0.02815
18.11.1999,0.02575
19.11.1999,0.02655
22.11.1999,0.02635
23.11.1999,0.03025
24.11.1999,0.02955
25.11.1999,0.02965
26.11.1999,0.02955
29.11.1999,0.02955
30.11.1999,0.03065
01.12.1999,0.02985
02.12.1999,0.02965
03.12.1999,0.02955
06.12.1999,0.02955
07.12.1999,0.02985
08.12.1999,0.02955
09.12.1999,0.02935
10.12.1999,0.02915
13.12.1999,0.02885
14.12.1999,0.02885
15.12.1999,0.02935
16.12.1999,0.02955
17.12.1999,0.02955
20.12.1999,0.02895
21.12.1999,0.02775
22.12.1999,0.02735
23.12.1999,0.02825
24.12.1999,0.02985
27.12.1999,0.02985
28.12.1999,0.02965
29.12.1999,0.02955
30.12.1999,0.03665
03.01.2000,0.02975
04.01.2000,0.02925
05.01.2000,0.02905
06.01.2000,0.02835
07.01.2000,0.02805
10.01.2000,0.02895
11.01.2000,0.02925
12.01.2000,0.02985
13.01.2000,0.02955
14.01.2000,0.02945
17.01.2000,0.02935
18.01.2000,0.02895
19.01.2000,0.02765
20.01.2000,0.02865
21.01.2000,0.03065
24.01.2000,0.03025
25.01.2000,0.03005
26.01.2000,0.02975
27.01.2000,0.03015
28.01.2000,0.03215
31.01.2000,0.03205
01.02.2000,0.03175
02.02.2000,0.03095
03.02.2000,0.03105
04.02.2000,0.03175
07.02.2000,0.03165
08.02.2000,0.03165
09.02.2000,0.03155
10.02.2000,0.03155
11.02.2000,0.03165
14.02.2000,0.03165
15.02.2000,0.03165
16.02.2000,0.03165
17.02.2000,0.03145
18.02.2000,0.03115
21.02.2000,0.03115
22.02.2000,0.03135
23.02.2000,0.03395
24.02.2000,0.03325
25.02.2000,0.03255
28.02.2000,0.03285
29.02.2000,0.03385
01.03.2000,0.03285
02.03.2000,0.03245
03.03.2000,0.03195
06.03.2000,0.03205
07.03.2000,0.03225
08.03.2000,0.03265
09.03.2000,0.03385
10.03.2000,0.03435
13.03.2000,0.03455
14.03.2000,0.03445
15.03.2000,0.03415
16.03.2000,0.03405
17.03.2000,0.03405
20.03.2000,0.03395
21.03.2000,0.03405
22.03.2000,0.03495
23.03.2000,0.03775
24.03.2000,0.03505
27.03.2000,0.03515
28.03.2000,0.03515
29.03.2000,0.03535
30.03.2000,0.03615
31.03.2000,0.03665
03.04.2000,0.03515
04.04.2000,0.03515
05.04.2000,0.03495
06.04.2000,0.03495
07.04.2000,0.03495
10.04.2000,0.03505
11.04.2000,0.03555
12.04.2000,0.03635
13.04.2000,0.03595
14.04.2000,0.03525
17.04.2000,0.03575
18.04.2000,0.03745
19.04.2000,0.03745
20.04.2000,0.03265
25.04.2000,0.03725
26.04.2000,0.03825
27.04.2000,0.03745
28.04.2000,0.03845
02.05.2000,0.03815
03.05.2000,0.03825
04.05.2000,0.03875
05.05.2000,0.03945
08.05.2000,0.03925
09.05.2000,0.03905
10.05.2000,0.03895
11.05.2000,0.03845
12.05.2000,0.03815
15.05.2000,0.03855
16.05.2000,0.03895
17.05.2000,0.03995
18.05.2000,0.03935
19.05.2000,0.03705
22.05.2000,0.03405
23.05.2000,0.02815
24.05.2000,0.03975
25.05.2000,0.03945
26.05.2000,0.03935
29.05.2000,0.03955
30.05.2000,0.03995
31.05.2000,0.04115
01.06.2000,0.04075
02.06.2000,0.04075
05.06.2000,0.04075
06.06.2000,0.04045
07.06.2000,0.03975
08.06.2000,0.04065
09.06.2000,0.04245
12.06.2000,0.04275
13.06.2000,0.04265
14.06.2000,0.04225
15.06.2000,0.04175
16.06.2000,0.04155
19.06.2000,0.04125
20.06.2000,0.04135
21.06.2000,0.04295
22.06.2000,0.04075
23.06.2000,0.04425
26.06.2000,0.04355
27.06.2000,0.04345
28.06.2000,0.04295
29.06.2000,0.04245
30.06.2000,0.04665
03.07.2000,0.04245
04.07.2000,0.04235
05.07.2000,0.04235
06.07.2000,0.04235
07.07.2000,0.04225
10.07.2000,0.04225
11.07.2000,0.04225
12.07.2000,0.04225
13.07.2000,0.04215
14.07.2000,0.04225
17.07.2000,0.04225
18.07.2000,0.04235
19.07.2000,0.04255
20.07.2000,0.04135
21.07.2000,0.03895
24.07.2000,0.04275
25.07.2000,0.04265
26.07.2000,0.04245
27.07.2000,0.04245
28.07.2000,0.04265
31.07.2000,0.04365
01.08.2000,0.04245
02.08.2000,0.04245
03.08.2000,0.04245
04.08.2000,0.04245
07.08.2000,0.04245
08.08.2000,0.04245
09.08.2000,0.04245
10.08.2000,0.04245
11.08.2000,0.04265
14.08.2000,0.04305
15.08.2000,0.04305
16.08.2000,0.04295
17.08.2000,0.04265
18.08.2000,0.04185
21.08.2000,0.04175
22.08.2000,0.04265
23.08.2000,0.03995
24.08.2000,0.04465
25.08.2000,0.04645
28.08.2000,0.04675
29.08.2000,0.04655
30.08.2000,0.04615
31.08.2000,0.04615
01.09.2000,0.04515
04.09.2000,0.04505
05.09.2000,0.04515
06.09.2000,0.04525
07.09.2000,0.04555
08.09.2000,0.04555
11.09.2000,0.04545
12.09.2000,0.04525
13.09.2000,0.04495
14.09.2000,0.04455
15.09.2000,0.04445
18.09.2000,0.04455
19.09.2000,0.04455
20.09.2000,0.04455
21.09.2000,0.04315
22.09.2000,0.04035
25.09.2000,0.04575
26.09.2000,0.04635
27.09.2000,0.04615
28.09.2000,0.04615
29.09.2000,0.04825
02.10.2000,0.04605
03.10.2000,0.04605
04.10.2000,0.04595
05.10.2000,0.04625
06.10.2000,0.04715
09.10.2000,0.04705
10.10.2000,0.04695
11.10.2000,0.04695
12.10.2000,0.04685
13.10.2000,0.04645
16.10.2000,0.04645
17.10.2000,0.04645
18.10.2000,0.04565
19.10.2000,0.04555
20.10.2000,0.04595
23.10.2000,0.04635
24.10.2000,0.04755
25.10.2000,0.04765
26.10.2000,0.04765
27.10.2000,0.04765
30.10.2000,0.04765
31.10.2000,0.04885
01.11.2000,0.04785
02.11.2000,0.04775
03.11.2000,0.04765
06.11.2000,0.04765
07.11.2000,0.04755
08.11.2000,0.04745
09.11.2000,0.04735
10.11.2000,0.04725
13.11.2000,0.04725
14.11.2000,0.04715
15.11.2000,0.04705
16.11.2000,0.04685
17.11.2000,0.04675
20.11.2000,0.04715
21.11.2000,0.04775
22.11.2000,0.04705
23.11.2000,0.04725
24.11.2000,0.04745
27.11.2000,0.04755
28.11.2000,0.04765
29.11.2000,0.04775
30.11.2000,0.04855
01.12.2000,0.04755
04.12.2000,0.04735
05.12.2000,0.04715
06.12.2000,0.04695
07.12.2000,0.04725
08.12.2000,0.04745
11.12.2000,0.04745
12.12.2000,0.04745
13.12.2000,0.04725
14.12.2000,0.04705
15.12.2000,0.04695
18.12.2000,0.04705
19.12.2000,0.04695
20.12.2000,0.04655
21.12.2000,0.04645
22.12.2000,0.04765
27.12.2000,0.04775
28.12.2000,0.04795
29.12.2000,0.05075
02.01.2001,0.04745
03.01.2001,0.04735
04.01.2001,0.04725
05.01.2001,0.04695
08.01.2001,0.04685
09.01.2001,0.04695
10.01.2001,0.04725
11.01.2001,0.04735
12.01.2001,0.04725
15.01.2001,0.04725
16.01.2001,0.04715
17.01.2001,0.04695
18.01.2001,0.04685
19.01.2001,0.04635
22.01.2001,0.04525
23.01.2001,0.04105
24.01.2001,0.04685
25.01.2001,0.04695
26.01.2001,0.04695
29.01.2001,0.04705
30.01.2001,0.04695
31.01.2001,0.04735
01.02.2001,0.04685
02.02.2001,0.04685
05.02.2001,0.04685
06.02.2001,0.04675
07.02.2001,0.04675
08.02.2001,0.04675
09.02.2001,0.04675
12.02.2001,0.04665
13.02.2001,0.04685
14.02.2001,0.04785
15.02.2001,0.04815
16.02.2001,0.04925
19.02.2001,0.05365
20.02.2001,0.05485
21.02.2001,0.05635
22.02.2001,0.05615
23.02.2001,0.04995
26.02.2001,0.04745
27.02.2001,0.04775
28.02.2001,0.04905
01.03.2001,0.04725
02.03.2001,0.04725
05.03.2001,0.04715
06.03.2001,0.04725
07.03.2001,0.04745
08.03.2001,0.04765
09.03.2001,0.04765
12.03.2001,0.04745
13.03.2001,0.04725
14.03.2001,0.04705
15.03.2001,0.04695
16.03.2001,0.04695
19.03.2001,0.04705
20.03.2001,0.04735
21.03.2001,0.04745
22.03.2001,0.04565
23.03.2001,0.04355
26.03.2001,0.04675
27.03.2001,0.04675
28.03.2001,0.04685
29.03.2001,0.04685
30.03.2001,0.04765
02.04.2001,0.04695
03.04.2001,0.04685
04.04.2001,0.04685
05.04.2001,0.04675
06.04.2001,0.04665
09.04.2001,0.04655
10.04.2001,0.04755
11.04.2001,0.05385
12.04.2001,0.05645
17.04.2001,0.05665
18.04.2001,0.05475
19.04.2001,0.05345
20.04.2001,0.05415
23.04.2001,0.05145
24.04.2001,0.04705
25.04.2001,0.04715
26.04.2001,0.04725
27.04.2001,0.04725
30.04.2001,0.04845
02.05.2001,0.04745
03.05.2001,0.04735
04.05.2001,0.04725
07.05.2001,0.04725
08.05.2001,0.04725
09.05.2001,0.04715
10.05.2001,0.04665
11.05.2001,0.04495
14.05.2001,0.04485
15.05.2001,0.04485
16.05.2001,0.04475
17.05.2001,0.04475
18.05.2001,0.04455
21.05.2001,0.04445
22.05.2001,0.04405
23.05.2001,0.04775
24.05.2001,0.04505
25.05.2001,0.04505
28.05.2001,0.04495
29.05.2001,0.04485
30.05.2001,0.04475
31.05.2001,0.04515
01.06.2001,0.04455
04.06.2001,0.04445
05.06.2001,0.04445
06.06.2001,0.04435
07.06.2001,0.04435
08.06.2001,0.04445
11.06.2001,0.04445
12.06.2001,0.04445
13.06.2001,0.04445
14.06.2001,0.04435
15.06.2001,0.04435
18.06.2001,0.04445
19.06.2001,0.04435
20.06.2001,0.04435
21.06.2001,0.04335
22.06.2001,0.04525
25.06.2001,0.04465
26.06.2001,0.04465
27.06.2001,0.04475
28.06.2001,0.04465
29.06.2001,0.04635
02.07.2001,0.04455
03.07.2001,0.04445
04.07.2001,0.04445
05.07.2001,0.04445
06.07.2001,0.04445
09.07.2001,0.04435
10.07.2001,0.04435
11.07.2001,0.04435
12.07.2001,0.04435
13.07.2001,0.04435
16.07.2001,0.04435
17.07.2001,0.04425
18.07.2001,0.04425
19.07.2001,0.04325
20.07.2001,0.04245
23.07.2001,0.04315
24.07.2001,0.04435
25.07.2001,0.04435
26.07.2001,0.04435
27.07.2001,0.04435
30.07.2001,0.04435
31.07.2001,0.04495
01.08.2001,0.04425
02.08.2001,0.04415
03.08.2001,0.04435
06.08.2001,0.04435
07.08.2001,0.04435
08.08.2001,0.04435
09.08.2001,0.04435
10.08.2001,0.04435
13.08.2001,0.04425
14.08.2001,0.04425
15.08.2001,0.04425
16.08.2001,0.04425
17.08.2001,0.04425
20.08.2001,0.04425
21.08.2001,0.04425
22.08.2001,0.04355
23.08.2001,0.04415
24.08.2001,0.04425
27.08.2001,0.04405
28.08.2001,0.04405
29.08.2001,0.04335
30.08.2001,0.04285
31.08.2001,0.04295
03.09.2001,0.04215
04.09.2001,0.04215
05.09.2001,0.04205
06.09.2001,0.04205
07.09.2001,0.04195
10.09.2001,0.04195
11.09.2001,0.04205
12.09.2001,0.04335
13.09.2001,0.04195
14.09.2001,0.04145
17.09.2001,0.04145
18.09.2001,0.03675
19.09.2001,0.03475
20.09.2001,0.03045
21.09.2001,0.03035
24.09.2001,0.03695
25.09.2001,0.03705
26.09.2001,0.03705
27.09.2001,0.03695
28.09.2001,0.03745
01.10.2001,0.03685
02.10.2001,0.03675
03.10.2001,0.03665
04.10.2001,0.03655
05.10.2001,0.03635
08.10.2001,0.03635
09.10.2001,0.03745
10.10.2001,0.03855
11.10.2001,0.03875
12.10.2001,0.03895
15.10.2001,0.03785
16.10.2001,0.03825
17.10.2001,0.04245
18.10.2001,0.04315
19.10.2001,0.04515
22.10.2001,0.04605
23.10.2001,0.04655
24.10.2001,0.03675
25.10.2001,0.03655
26.10.2001,0.03685
29.10.2001,0.03675
30.10.2001,0.03675
31.10.2001,0.03755
01.11.2001,0.03685
02.11.2001,0.03675
05.11.2001,0.03675
06.11.2001,0.03765
07.11.2001,0.03795
08.11.2001,0.03645
09.11.2001,0.03775
12.11.2001,0.03745
13.11.2001,0.03595
14.11.2001,0.03285
15.11.2001,0.03215
16.11.2001,0.03205
19.11.2001,0.03165
20.11.2001,0.03165
21.11.2001,0.03265
22.11.2001,0.03315
23.11.2001,0.03195
26.11.2001,0.03215
27.11.2001,0.03215
28.11.2001,0.03215
29.11.2001,0.03215
30.11.2001,0.03265
03.12.2001,0.03205
04.12.2001,0.03195
05.12.2001,0.03175
06.12.2001,0.03175
07.12.2001,0.03185
10.12.2001,0.03195
11.12.2001,0.03205
12.12.2001,0.03205
13.12.2001,0.03215
14.12.2001,0.03215
17.12.2001,0.03215
18.12.2001,0.03225
19.12.2001,0.03235
20.12.2001,0.03185
21.12.2001,0.02965
24.12.2001,0.03345
27.12.2001,0.03605
28.12.2001,0.03825
02.01.2002,0.03265
03.01.2002,0.03365
04.01.2002,0.03365
07.01.2002,0.03295
08.01.2002,0.03265
09.01.2002,0.03255
10.01.2002,0.03255
11.01.2002,0.03255
14.01.2002,0.03245
15.01.2002,0.03235
16.01.2002,0.03245
17.01.2002,0.03235
18.01.2002,0.03225
21.01.2002,0.03215
22.01.2002,0.02945
23.01.2002,0.02505
24.01.2002,0.03225
25.01.2002,0.03225
28.01.2002,0.03235
29.01.2002,0.03235
30.01.2002,0.03235
31.01.2002,0.03265
01.02.2002,0.03235
04.02.2002,0.03225
05.02.2002,0.03215
06.02.2002,0.03215
07.02.2002,0.03215
08.02.2002,0.03215
11.02.2002,0.03215
12.02.2002,0.03215
13.02.2002,0.03215
14.02.2002,0.03205
15.02.2002,0.03205
18.02.2002,0.03195
19.02.2002,0.03185
20.02.2002,0.03125
21.02.2002,0.02995
22.02.2002,0.03135
25.02.2002,0.03225
26.02.2002,0.03235
27.02.2002,0.03235
28.02.2002,0.03255
01.03.2002,0.03225
04.03.2002,0.03215
05.03.2002,0.03205
06.03.2002,0.03195
07.03.2002,0.03195
08.03.2002,0.03195
11.03.2002,0.03195
12.03.2002,0.03195
13.03.2002,0.03195
14.03.2002,0.03185
15.03.2002,0.03165
18.03.2002,0.03145
19.03.2002,0.03105
20.03.2002,0.03035
21.03.2002,0.02905
22.03.2002,0.03175
25.03.2002,0.03245
26.03.2002,0.03255
27.03.2002,0.03245
28.03.2002,0.03305
02.04.2002,0.03225
03.04.2002,0.03215
04.04.2002,0.03215
05.04.2002,0.03215
08.04.2002,0.03205
09.04.2002,0.03205
10.04.2002,0.03205
11.04.2002,0.03205
12.04.2002,0.03195
15.04.2002,0.03185
16.04.2002,0.03175
17.04.2002,0.03115
18.04.2002,0.03105
19.04.2002,0.03185
22.04.2002,0.03245
23.04.2002,0.03815
24.04.2002,0.03225
25.04.2002,0.03215
26.04.2002,0.03215
29.04.2002,0.03215
30.04.2002,0.03275
02.05.2002,0.03225
03.05.2002,0.03215
06.05.2002,0.03215
07.05.2002,0.03225
08.05.2002,0.03215
09.05.2002,0.03215
10.05.2002,0.03215
13.05.2002,0.03215
14.05.2002,0.03215
15.05.2002,0.03215
16.05.2002,0.03205
17.05.2002,0.03185
20.05.2002,0.03175
21.05.2002,0.03165
22.05.2002,0.03245
23.05.2002,0.03235
24.05.2002,0.03265
27.05.2002,0.03265
28.05.2002,0.03255
29.05.2002,0.03255
30.05.2002,0.03255
31.05.2002,0.03275
03.06.2002,0.03255
04.06.2002,0.03245
05.06.2002,0.03245
06.06.2002,0.03245
07.06.2002,0.03245
10.06.2002,0.03245
11.06.2002,0.03235
12.06.2002,0.03235
13.06.2002,0.03225
14.06.2002,0.03225
17.06.2002,0.03225
18.06.2002,0.03215
19.06.2002,0.03215
20.06.2002,0.03235
21.06.2002,0.03495
24.06.2002,0.03265
25.06.2002,0.03275
26.06.2002,0.03275
27.06.2002,0.03265
28.06.2002,0.03405
01.07.2002,0.03255
02.07.2002,0.03245
03.07.2002,0.03235
04.07.2002,0.03235
05.07.2002,0.03235
08.07.2002,0.03225
09.07.2002,0.03215
10.07.2002,0.03215
11.07.2002,0.03215
12.07.2002,0.03215
15.07.2002,0.03215
16.07.2002,0.03205
17.07.2002,0.03195
18.07.2002,0.03125
19.07.2002,0.03145
22.07.2002,0.03225
23.07.2002,0.03225
24.07.2002,0.03235
25.07.2002,0.03225
26.07.2002,0.03215
29.07.2002,0.03215
30.07.2002,0.03215
31.07.2002,0.03255
01.08.2002,0.03215
02.08.2002,0.03215
05.08.2002,0.03215
06.08.2002,0.03205
07.08.2002,0.03205
08.08.2002,0.03205
09.08.2002,0.03205
12.08.2002,0.03205
13.08.2002,0.03205
14.08.2002,0.03205
15.08.2002,0.03195
16.08.2002,0.03195
19.08.2002,0.03205
20.08.2002,0.03205
21.08.2002,0.03205
22.08.2002,0.03205
23.08.2002,0.03205
26.08.2002,0.03205
27.08.2002,0.03205
28.08.2002,0.03205
29.08.2002,0.03205
30.08.2002,0.03255
02.09.2002,0.03205
03.09.2002,0.03205
04.09.2002,0.03205
05.09.2002,0.03205
06.09.2002,0.03195
09.09.2002,0.03195
10.09.2002,0.03205
11.09.2002,0.03205
12.09.2002,0.03205
13.09.2002,0.03205
16.09.2002,0.03205
17.09.2002,0.03205
18.09.2002,0.03205
19.09.2002,0.03205
20.09.2002,0.03275
23.09.2002,0.03545
24.09.2002,0.03225
25.09.2002,0.03225
26.09.2002,0.03225
27.09.2002,0.03225
30.09.2002,0.03335
01.10.2002,0.03215
02.10.2002,0.03215
03.10.2002,0.03205
04.10.2002,0.03205
07.10.2002,0.03205
08.10.2002,0.03205
09.10.2002,0.03205
10.10.2002,0.03205
11.10.2002,0.03205
14.10.2002,0.03205
15.10.2002,0.03205
16.10.2002,0.03205
17.10.2002,0.03205
18.10.2002,0.03205
21.10.2002,0.03265
22.10.2002,0.03285
23.10.2002,0.03235
24.10.2002,0.03205
25.10.2002,0.03205
28.10.2002,0.03205
29.10.2002,0.03205
30.10.2002,0.03205
31.10.2002,0.03255
01.11.2002,0.03215
04.11.2002,0.03205
05.11.2002,0.03205
06.11.2002,0.03195
07.11.2002,0.03165
08.11.2002,0.03205
11.11.2002,0.03205
12.11.2002,0.03205
13.11.2002,0.03205
14.11.2002,0.03205
15.11.2002,0.03205
18.11.2002,0.03205
19.11.2002,0.03205
20.11.2002,0.03205
21.11.2002,0.03215
22.11.2002,0.03405
25.11.2002,0.03215
26.11.2002,0.03215
27.11.2002,0.03215
28.11.2002,0.03215
29.11.2002,0.03295
02.12.2002,0.03275
03.12.2002,0.03235
04.12.2002,0.02925
05.12.2002,0.02855
06.12.2002,0.02815
09.12.2002,0.02805
10.12.2002,0.02805
11.12.2002,0.02795
12.12.2002,0.02795
13.12.2002,0.02805
16.12.2002,0.02805
17.12.2002,0.02885
18.12.2002,0.02885
19.12.2002,0.03265
20.12.2002,0.03415
23.12.2002,0.03615
24.12.2002,0.02965
27.12.2002,0.02945
30.12.2002,0.02945
31.12.2002,0.03355
02.01.2003,0.02815
03.01.2003,0.02805
06.01.2003,0.02795
07.01.2003,0.02775
08.01.2003,0.02755
09.01.2003,0.02745
10.01.2003,0.02735
13.01.2003,0.02735
14.01.2003,0.02735
15.01.2003,0.02735
16.01.2003,0.02735
17.01.2003,0.02725
20.01.2003,0.02725
21.01.2003,0.02725
22.01.2003,0.02485
23.01.2003,0.02035
24.01.2003,0.02725
27.01.2003,0.02725
28.01.2003,0.02725
29.01.2003,0.02715
30.01.2003,0.02715
31.01.2003,0.02775
03.02.2003,0.02715
04.02.2003,0.02715
05.02.2003,0.02705
06.02.2003,0.02705
07.02.2003,0.02695
10.02.2003,0.02695
11.02.2003,0.02695
12.02.2003,0.02695
13.02.2003,0.02695
14.02.2003,0.02695
17.02.2003,0.02695
18.02.2003,0.02705
19.02.2003,0.02705
20.02.2003,0.02685
21.02.2003,0.02305
24.02.2003,0.02695
25.02.2003,0.02685
26.02.2003,0.02685
27.02.2003,0.02665
28.02.2003,0.02735
03.03.2003,0.02885
04.03.2003,0.03275
05.03.2003,0.03025
06.03.2003,0.02885
07.03.2003,0.03085
10.03.2003,0.03105
11.03.2003,0.02755
12.03.2003,0.02565
13.03.2003,0.02525
14.03.2003,0.02525
17.03.2003,0.02515
18.03.2003,0.02505
19.03.2003,0.02425
20.03.2003,0.02285
21.03.2003,0.02635
24.03.2003,0.02475
25.03.2003,0.02475
26.03.2003,0.02475
27.03.2003,0.02475
28.03.2003,0.02475
31.03.2003,0.02575
01.04.2003,0.02465
02.04.2003,0.02455
03.04.2003,0.02455
04.04.2003,0.02455
07.04.2003,0.02455
08.04.2003,0.02455
09.04.2003,0.02455
10.04.2003,0.02455
11.04.2003,0.02455
14.04.2003,0.02455
15.04.2003,0.02455
16.04.2003,0.02465
17.04.2003,0.02555
22.04.2003,0.02565
23.04.2003,0.02495
24.04.2003,0.02465
25.04.2003,0.02465
28.04.2003,0.02465
29.04.2003,0.02465
30.04.2003,0.02555
02.05.2003,0.02465
05.05.2003,0.02465
06.05.2003,0.02465
07.05.2003,0.02465
08.05.2003,0.02455
09.05.2003,0.02465
12.05.2003,0.02465
13.05.2003,0.02465
14.05.2003,0.02465
15.05.2003,0.02475
16.05.2003,0.02475
19.05.2003,0.02475
20.05.2003,0.02505
21.05.2003,0.02645
22.05.2003,0.02485
23.05.2003,0.02125
26.05.2003,0.02475
27.05.2003,0.02495
28.05.2003,0.02505
29.05.2003,0.02515
30.05.2003,0.02565
02.06.2003,0.02565
03.06.2003,0.02595
04.06.2003,0.02285
05.06.2003,0.02105
06.06.2003,0.02065
09.06.2003,0.02055
10.06.2003,0.02045
11.06.2003,0.02055
12.06.2003,0.02055
13.06.2003,0.02055
16.06.2003,0.02055
17.06.2003,0.02045
18.06.2003,0.02045
19.06.2003,0.02115
20.06.2003,0.02075
23.06.2003,0.02025
24.06.2003,0.02035
25.06.2003,0.02035
26.06.2003,0.02035
27.06.2003,0.02055
30.06.2003,0.02295
01.07.2003,0.02035
02.07.2003,0.02035
03.07.2003,0.02035
04.07.2003,0.02035
07.07.2003,0.02025
08.07.2003,0.02015
09.07.2003,0.02015
10.07.2003,0.02015
11.07.2003,0.02005
14.07.2003,0.02005
15.07.2003,0.02005
16.07.2003,0.02005
17.07.2003,0.02005
18.07.2003,0.01995
21.07.2003,0.01995
22.07.2003,0.02005
23.07.2003,0.01745
24.07.2003,0.01975
25.07.2003,0.01965
28.07.2003,0.01955
29.07.2003,0.01965
30.07.2003,0.01985
31.07.2003,0.02025
01.08.2003,0.01995
04.08.2003,0.01985
05.08.2003,0.01985
06.08.2003,0.01975
07.08.2003,0.01975
08.08.2003,0.01975
11.08.2003,0.01975
12.08.2003,0.01975
13.08.2003,0.01975
14.08.2003,0.01975
15.08.2003,0.01985
18.08.2003,0.01985
19.08.2003,0.01985
20.08.2003,0.02005
21.08.2003,0.02065
22.08.2003,0.02365
25.08.2003,0.02015
26.08.2003,0.02015
27.08.2003,0.02005
28.08.2003,0.02005
29.08.2003,0.02055
01.09.2003,0.02005
02.09.2003,0.02005
03.09.2003,0.02005
04.09.2003,0.01995
05.09.2003,0.01995
08.09.2003,0.01995
09.09.2003,0.01995
10.09.2003,0.01995
11.09.2003,0.01995
12.09.2003,0.01995
15.09.2003,0.01995
16.09.2003,0.01995
17.09.2003,0.01985
18.09.2003,0.01955
19.09.2003,0.01845
22.09.2003,0.01655
23.09.2003,0.01255
24.09.2003,0.01985
25.09.2003,0.01975
26.09.2003,0.01975
29.09.2003,0.01975
30.09.2003,0.02015
01.10.2003,0.01975
02.10.2003,0.01975
03.10.2003,0.01975
06.10.2003,0.01975
07.10.2003,0.01975
08.10.2003,0.01975
09.10.2003,0.01975
10.10.2003,0.01975
13.10.2003,0.01975
14.10.2003,0.01965
15.10.2003,0.01965
16.10.2003,0.01965
17.10.2003,0.01925
20.10.2003,0.01825
21.10.2003,0.01905
22.10.2003,0.01875
23.10.2003,0.01355
24.10.2003,0.01965
27.10.2003,0.01965
28.10.2003,0.01965
29.10.2003,0.01965
30.10.2003,0.01975
31.10.2003,0.01995
03.11.2003,0.01965
04.11.2003,0.01965
05.11.2003,0.01965
06.11.2003,0.01965
07.11.2003,0.01965
10.11.2003,0.01965
11.11.2003,0.01955
12.11.2003,0.01955
13.11.2003,0.01935
14.11.2003,0.01835
17.11.2003,0.01915
18.11.2003,0.01905
19.11.2003,0.01705
20.11.2003,0.01455
21.11.2003,0.01375
24.11.2003,0.01955
25.11.2003,0.01975
26.11.2003,0.01995
27.11.2003,0.02005
28.11.2003,0.02005
01.12.2003,0.01965
02.12.2003,0.01965
03.12.2003,0.01955
04.12.2003,0.01955
05.12.2003,0.01955
08.12.2003,0.01945
09.12.2003,0.01945
10.12.2003,0.01955
11.12.2003,0.01955
12.12.2003,0.01965
15.12.2003,0.01955
16.12.2003,0.01945
17.12.2003,0.01795
18.12.2003,0.01625
19.12.2003,0.01535
22.12.2003,0.01805
23.12.2003,0.02375
24.12.2003,0.02195
29.12.2003,0.02245
30.12.2003,0.02135
31.12.2003,0.02235
02.01.2004,0.01975
05.01.2004,0.01965
06.01.2004,0.01955
07.01.2004,0.01955
08.01.2004,0.01955
09.01.2004,0.01955
12.01.2004,0.01955
13.01.2004,0.01955
14.01.2004,0.01935
15.01.2004,0.01855
16.01.2004,0.01865
19.01.2004,0.01905
20.01.2004,0.01915
21.01.2004,0.01955
22.01.2004,0.01895
23.01.2004,0.01835
26.01.2004,0.01965
27.01.2004,0.01965
28.01.2004,0.01965
29.01.2004,0.01965
30.01.2004,0.01975
02.02.2004,0.01955
03.02.2004,0.01945
04.02.2004,0.01945
05.02.2004,0.01945
06.02.2004,0.01935
09.02.2004,0.01935
10.02.2004,0.01935
11.02.2004,0.01935
12.02.2004,0.01935
13.02.2004,0.01935
16.02.2004,0.01935
17.02.2004,0.01935
18.02.2004,0.01935
19.02.2004,0.01935
20.02.2004,0.01955
23.02.2004,0.01965
24.02.2004,0.01965
25.02.2004,0.01965
26.02.2004,0.01965
27.02.2004,0.01975
01.03.2004,0.01955
02.03.2004,0.01945
03.03.2004,0.01905
04.03.2004,0.01795
05.03.2004,0.01755
08.03.2004,0.01815
09.03.2004,0.01905
10.03.2004,0.01935
11.03.2004,0.01935
12.03.2004,0.01935
15.03.2004,0.01935
16.03.2004,0.01925
17.03.2004,0.01925
18.03.2004,0.01915
19.03.2004,0.01915
22.03.2004,0.01925
23.03.2004,0.01945
24.03.2004,0.01965
25.03.2004,0.01965
26.03.2004,0.01965
29.03.2004,0.01975
30.03.2004,0.01965
31.03.2004,0.01975
01.04.2004,0.01935
02.04.2004,0.01935
05.04.2004,0.02175
06.04.2004,0.02665
07.04.2004,0.01955
08.04.2004,0.01955
13.04.2004,0.01955
14.04.2004,0.01945
15.04.2004,0.01945
16.04.2004,0.01945
19.04.2004,0.01935
20.04.2004,0.01935
21.04.2004,0.01935
22.04.2004,0.01935
23.04.2004,0.01935
26.04.2004,0.01945
27.04.2004,0.01945
28.04.2004,0.01955
29.04.2004,0.01955
30.04.2004,0.01975
03.05.2004,0.01955
04.05.2004,0.01955
05.05.2004,0.01955
06.05.2004,0.01945
07.05.2004,0.01745
10.05.2004,0.01755
11.05.2004,0.01985
12.05.2004,0.01945
13.05.2004,0.01945
14.05.2004,0.01945
17.05.2004,0.01945
18.05.2004,0.01945
19.05.2004,0.01935
20.05.2004,0.01935
21.05.2004,0.01945
24.05.2004,0.01945
25.05.2004,0.01945
26.05.2004,0.01945
27.05.2004,0.01945
28.05.2004,0.01955
31.05.2004,0.01965
01.06.2004,0.01955
02.06.2004,0.01955
03.06.2004,0.02005
04.06.2004,0.02035
07.06.2004,0.01895
08.06.2004,0.01635
09.06.2004,0.01945
10.06.2004,0.01945
11.06.2004,0.01945
14.06.2004,0.01945
15.06.2004,0.01945
16.06.2004,0.01945
17.06.2004,0.01945
18.06.2004,0.01945
21.06.2004,0.01945
22.06.2004,0.01945
23.06.2004,0.01945
24.06.2004,0.01945
25.06.2004,0.01955
28.06.2004,0.01955
29.06.2004,0.01965
30.06.2004,0.02045
01.07.2004,0.01955
02.07.2004,0.01955
05.07.2004,0.02025
06.07.2004,0.02445
07.07.2004,0.01955
08.07.2004,0.01955
09.07.2004,0.01955
12.07.2004,0.01955
13.07.2004,0.01955
14.07.2004,0.01955
15.07.2004,0.01955
16.07.2004,0.01955
19.07.2004,0.01955
20.07.2004,0.01955
21.07.2004,0.01955
22.07.2004,0.01955
23.07.2004,0.01955
26.07.2004,0.01955
27.07.2004,0.01955
28.07.2004,0.01955
29.07.2004,0.01965
30.07.2004,0.01995
02.08.2004,0.01965
03.08.2004,0.01965
04.08.2004,0.01965
05.08.2004,0.01945
06.08.2004,0.01845
09.08.2004,0.01915
10.08.2004,0.02075
11.08.2004,0.01955
12.08.2004,0.01955
13.08.2004,0.01955
16.08.2004,0.01955
17.08.2004,0.01955
18.08.2004,0.01955
19.08.2004,0.01955
20.08.2004,0.01955
23.08.2004,0.01955
24.08.2004,0.01955
25.08.2004,0.01955
26.08.2004,0.01955
27.08.2004,0.01955
30.08.2004,0.01955
31.08.2004,0.01975
01.09.2004,0.01955
02.09.2004,0.01935
03.09.2004,0.01925
06.09.2004,0.02075
07.09.2004,0.02085
08.09.2004,0.01965
09.09.2004,0.01955
10.09.2004,0.01955
13.09.2004,0.01955
14.09.2004,0.01955
15.09.2004,0.01955
16.09.2004,0.01955
17.09.2004,0.01955
20.09.2004,0.01955
21.09.2004,0.01955
22.09.2004,0.01955
23.09.2004,0.01955
24.09.2004,0.01955
27.09.2004,0.01955
28.09.2004,0.01955
29.09.2004,0.01955
30.09.2004,0.02005
01.10.2004,0.01965
04.10.2004,0.01965
05.10.2004,0.02015
06.10.2004,0.02045
07.10.2004,0.02035
08.10.2004,0.02245
11.10.2004,0.02685
12.10.2004,0.01965
13.10.2004,0.01965
14.10.2004,0.01965
15.10.2004,0.01975
18.10.2004,0.01975
19.10.2004,0.01975
20.10.2004,0.01965
21.10.2004,0.01965
22.10.2004,0.01965
25.10.2004,0.01965
26.10.2004,0.01965
27.10.2004,0.01975
28.10.2004,0.01975
29.10.2004,0.02005
01.11.2004,0.01975
02.11.2004,0.01975
03.11.2004,0.02045
04.11.2004,0.02155
05.11.2004,0.02035
08.11.2004,0.01935
09.11.2004,0.01975
10.11.2004,0.01985
11.11.2004,0.01985
12.11.2004,0.01995
15.11.2004,0.01995
16.11.2004,0.01995
17.11.2004,0.01995
18.11.2004,0.01985
19.11.2004,0.01985
22.11.2004,0.01995
23.11.2004,0.01995
24.11.2004,0.01995
25.11.2004,0.01995
26.11.2004,0.01995
29.11.2004,0.01995
30.11.2004,0.02015
01.12.2004,0.01965
02.12.2004,0.01805
03.12.2004,0.01735
06.12.2004,0.01745
07.12.2004,0.01895
08.12.2004,0.01985
09.12.2004,0.01995
10.12.2004,0.02005
13.12.2004,0.02015
14.12.2004,0.02015
15.12.2004,0.02005
16.12.2004,0.01995
17.12.2004,0.01995
20.12.2004,0.01995
21.12.2004,0.02005
22.12.2004,0.01995
23.12.2004,0.01995
24.12.2004,0.01995
27.12.2004,0.01995
28.12.2004,0.01995
29.12.2004,0.01995
30.12.2004,0.02025
31.12.2004,0.02125
03.01.2005,0.02005
04.01.2005,0.02005
05.01.2005,0.01995
06.01.2005,0.01995
07.01.2005,0.01995
10.01.2005,0.02005
11.01.2005,0.02005
12.01.2005,0.01995
13.01.2005,0.01895
14.01.2005,0.01885
17.01.2005,0.02035
18.01.2005,0.02055
19.01.2005,0.01995
20.01.2005,0.01995
21.01.2005,0.01995
24.01.2005,0.01995
25.01.2005,0.01995
26.01.2005,0.01995
27.01.2005,0.01995
28.01.2005,0.01995
31.01.2005,0.02005
01.02.2005,0.01985
02.02.2005,0.01925
03.02.2005,0.01965
04.02.2005,0.01955
07.02.2005,0.01945
08.02.2005,0.01985
09.02.2005,0.01985
10.02.2005,0.01985
11.02.2005,0.01985
14.02.2005,0.01985
15.02.2005,0.01985
16.02.2005,0.01975
17.02.2005,0.01975
18.02.2005,0.01975
21.02.2005,0.01975
22.02.2005,0.01975
23.02.2005,0.01975
24.02.2005,0.01975
25.02.2005,0.01975
28.02.2005,0.01985
01.03.2005,0.01975
02.03.2005,0.01975
03.03.2005,0.01965
04.03.2005,0.01935
07.03.2005,0.01895
08.03.2005,0.01925
09.03.2005,0.01975
10.03.2005,0.01975
11.03.2005,0.01975
14.03.2005,0.01975
15.03.2005,0.01975
16.03.2005,0.01975
17.03.2005,0.01975
18.03.2005,0.01975
21.03.2005,0.01975
22.03.2005,0.01985
23.03.2005,0.01985
24.03.2005,0.01985
29.03.2005,0.01985
30.03.2005,0.01985
31.03.2005,0.02035
01.04.2005,0.01985
04.04.2005,0.01985
05.04.2005,0.01985
06.04.2005,0.01985
07.04.2005,0.01985
08.04.2005,0.01975
11.04.2005,0.02005
12.04.2005,0.02095
13.04.2005,0.01985
14.04.2005,0.01985
15.04.2005,0.01985
18.04.2005,0.01985
19.04.2005,0.01985
20.04.2005,0.01975
21.04.2005,0.01975
22.04.2005,0.01975
25.04.2005,0.01985
26.04.2005,0.01985
27.04.2005,0.01985
28.04.2005,0.01995
29.04.2005,0.02005
02.05.2005,0.01985
03.05.2005,0.01985
04.05.2005,0.01995
05.05.2005,0.02005
06.05.2005,0.01975
09.05.2005,0.01965
10.05.2005,0.01905
11.05.2005,0.01985
12.05.2005,0.01985
13.05.2005,0.01985
16.05.2005,0.01985
17.05.2005,0.01985
18.05.2005,0.01985
19.05.2005,0.01985
20.05.2005,0.01985
23.05.2005,0.01985
24.05.2005,0.01995
25.05.2005,0.01995
26.05.2005,0.01995
27.05.2005,0.01995
30.05.2005,0.01995
31.05.2005,0.02015
01.06.2005,0.01995
02.06.2005,0.01985
03.06.2005,0.01955
06.06.2005,0.01895
07.06.2005,0.01695
08.06.2005,0.01995
09.06.2005,0.01995
10.06.2005,0.01995
13.06.2005,0.01995
14.06.2005,0.01995
15.06.2005,0.01985
16.06.2005,0.01985
17.06.2005,0.01985
20.06.2005,0.01985
21.06.2005,0.01985
22.06.2005,0.01985
23.06.2005,0.01985
24.06.2005,0.01995
27.06.2005,0.02005
28.06.2005,0.02005
29.06.2005,0.02015
30.06.2005,0.02085
01.07.2005,0.01995
04.07.2005,0.01995
05.07.2005,0.01995
06.07.2005,0.01995
07.07.2005,0.02025
08.07.2005,0.01945
11.07.2005,0.01885
12.07.2005,0.01975
13.07.2005,0.01995
14.07.2005,0.01995
15.07.2005,0.01995
18.07.2005,0.01995
19.07.2005,0.01995
20.07.2005,0.01985
21.07.2005,0.01985
22.07.2005,0.01985
25.07.2005,0.01995
26.07.2005,0.01995
27.07.2005,0.01995
28.07.2005,0.01995
29.07.2005,0.02025
01.08.2005,0.01995
02.08.2005,0.01995
03.08.2005,0.01995
04.08.2005,0.02005
05.08.2005,0.02005
08.08.2005,0.01985
09.08.2005,0.01545
10.08.2005,0.01995
11.08.2005,0.01995
12.08.2005,0.01995
15.08.2005,0.01995
16.08.2005,0.01995
17.08.2005,0.01995
18.08.2005,0.01995
19.08.2005,0.01995
22.08.2005,0.01995
23.08.2005,0.01995
24.08.2005,0.01995
25.08.2005,0.01995
26.08.2005,0.01995
29.08.2005,0.01995
30.08.2005,0.01985
31.08.2005,0.02005
01.09.2005,0.01995
02.09.2005,0.02005
05.09.2005,0.02085
06.09.2005,0.02095
07.09.2005,0.01995
08.09.2005,0.01995
09.09.2005,0.01995
12.09.2005,0.01995
13.09.2005,0.01995
14.09.2005,0.01995
15.09.2005,0.01995
16.09.2005,0.01995
19.09.2005,0.01995
20.09.2005,0.01995
21.09.2005,0.01995
22.09.2005,0.01995
23.09.2005,0.01995
26.09.2005,0.01995
27.09.2005,0.02005
28.09.2005,0.02005
29.09.2005,0.02015
30.09.2005,0.02065
03.10.2005,0.02005
04.10.2005,0.02005
05.10.2005,0.02015
06.10.2005,0.02015
07.10.2005,0.01935
10.10.2005,0.01875
11.10.2005,0.01845
12.10.2005,0.01995
13.10.2005,0.01995
14.10.2005,0.01995
17.10.2005,0.01995
18.10.2005,0.01995
19.10.2005,0.01995
20.10.2005,0.01995
21.10.2005,0.01995
24.10.2005,0.01995
25.10.2005,0.01995
26.10.2005,0.01995
27.10.2005,0.01995
28.10.2005,0.01985
31.10.2005,0.02005
01.11.2005,0.01985
02.11.2005,0.01985
03.11.2005,0.01985
04.11.2005,0.02005
07.11.2005,0.02005
08.11.2005,0.01785
09.11.2005,0.01995
10.11.2005,0.01995
11.11.2005,0.01995
14.11.2005,0.01995
15.11.2005,0.01995
16.11.2005,0.01995
17.11.2005,0.01995
18.11.2005,0.01995
21.11.2005,0.02025
22.11.2005,0.02075
23.11.2005,0.02105
24.11.2005,0.02075
25.11.2005,0.02025
28.11.2005,0.02025
29.11.2005,0.02005
30.11.2005,0.01975
01.12.2005,0.01955
02.12.2005,0.01715
05.12.2005,0.01765
06.12.2005,0.02235
07.12.2005,0.02235
08.12.2005,0.02235
09.12.2005,0.02235
12.12.2005,0.02235
13.12.2005,0.02235
14.12.2005,0.02235
15.12.2005,0.02235
16.12.2005,0.02245
19.12.2005,0.02245
20.12.2005,0.02245
21.12.2005,0.02255
22.12.2005,0.02315
23.12.2005,0.02265
27.12.2005,0.02265
28.12.2005,0.02265
29.12.2005,0.02255
30.12.2005,0.02335
02.01.2006,0.02265
03.01.2006,0.02255
04.01.2006,0.02255
05.01.2006,0.02255
06.01.2006,0.02255
09.01.2006,0.02255
10.01.2006,0.02255
11.01.2006,0.02255
12.01.2006,0.02235
13.01.2006,0.02125
16.01.2006,0.02225
17.01.2006,0.02215
18.01.2006,0.02245
19.01.2006,0.02245
20.01.2006,0.02245
23.01.2006,0.02245
24.01.2006,0.02245
25.01.2006,0.02245
26.01.2006,0.02245
27.01.2006,0.02245
30.01.2006,0.02245
31.01.2006,0.02255
01.02.2006,0.02245
02.02.2006,0.02255
03.02.2006,0.02315
06.02.2006,0.02295
07.02.2006,0.02255
08.02.2006,0.02255
09.02.2006,0.02255
10.02.2006,0.02255
13.02.2006,0.02255
14.02.2006,0.02255
15.02.2006,0.02255
16.02.2006,0.02255
17.02.2006,0.02255
20.02.2006,0.02255
21.02.2006,0.02255
22.02.2006,0.02255
23.02.2006,0.02265
24.02.2006,0.02265
27.02.2006,0.02275
28.02.2006,0.02315
01.03.2006,0.02285
02.03.2006,0.02295
03.03.2006,0.02265
06.03.2006,0.02205
07.03.2006,0.01995
08.03.2006,0.02495
09.03.2006,0.02495
10.03.2006,0.02495
13.03.2006,0.02495
14.03.2006,0.02495
15.03.2006,0.02495
16.03.2006,0.02495
17.03.2006,0.02495
20.03.2006,0.02495
21.03.2006,0.02495
22.03.2006,0.02495
23.03.2006,0.02495
24.03.2006,0.02495
27.03.2006,0.02495
28.03.2006,0.02495
29.03.2006,0.02495
30.03.2006,0.02505
31.03.2006,0.02535
03.04.2006,0.02505
04.04.2006,0.02505
05.04.2006,0.02525
06.04.2006,0.02585
07.04.2006,0.02605
10.04.2006,0.02625
11.04.2006,0.02545
12.04.2006,0.02515
13.04.2006,0.02525
18.04.2006,0.02525
19.04.2006,0.02525
20.04.2006,0.02535
21.04.2006,0.02535
24.04.2006,0.02535
25.04.2006,0.02545
26.04.2006,0.02545
27.04.2006,0.02535
28.04.2006,0.02565
02.05.2006,0.02535
03.05.2006,0.02505
04.05.2006,0.02405
05.05.2006,0.02305
08.05.2006,0.02345
09.05.2006,0.02435
10.05.2006,0.02515
11.05.2006,0.02525
12.05.2006,0.02525
15.05.2006,0.02525
16.05.2006,0.02515
17.05.2006,0.02515
18.05.2006,0.02515
19.05.2006,0.02515
22.05.2006,0.02515
23.05.2006,0.02515
24.05.2006,0.02515
25.05.2006,0.02515
26.05.2006,0.02515
29.05.2006,0.02515
30.05.2006,0.02515
31.05.2006,0.02535
01.06.2006,0.02515
02.06.2006,0.02505
05.06.2006,0.02485
06.06.2006,0.02465
07.06.2006,0.02385
08.06.2006,0.02385
09.06.2006,0.02395
12.06.2006,0.02415
13.06.2006,0.02435
14.06.2006,0.02415
15.06.2006,0.02755
16.06.2006,0.02755
19.06.2006,0.02755
20.06.2006,0.02755
21.06.2006,0.02755
22.06.2006,0.02745
23.06.2006,0.02745
26.06.2006,0.02745
27.06.2006,0.02755
28.06.2006,0.02755
29.06.2006,0.02755
30.06.2006,0.02805
03.07.2006,0.02745
04.07.2006,0.02735
05.07.2006,0.02725
06.07.2006,0.02715
07.07.2006,0.02695
10.07.2006,0.02695
11.07.2006,0.02675
12.07.2006,0.02745
13.07.2006,0.02745
14.07.2006,0.02745
17.07.2006,0.02745
18.07.2006,0.02745
19.07.2006,0.02745
20.07.2006,0.02745
21.07.2006,0.02745
24.07.2006,0.02745
25.07.2006,0.02745
26.07.2006,0.02735
27.07.2006,0.02725
28.07.2006,0.02695
31.07.2006,0.02715
01.08.2006,0.02695
02.08.2006,0.02685
03.08.2006,0.02665
04.08.2006,0.02615
07.08.2006,0.02595
08.08.2006,0.02645
09.08.2006,0.02985
10.08.2006,0.02985
11.08.2006,0.02985
14.08.2006,0.02985
15.08.2006,0.02985
16.08.2006,0.02985
17.08.2006,0.02985
18.08.2006,0.02985
21.08.2006,0.02985
22.08.2006,0.02975
23.08.2006,0.02965
24.08.2006,0.02945
25.08.2006,0.02925
28.08.2006,0.02925
29.08.2006,0.02925
30.08.2006,0.02935
31.08.2006,0.02955
01.09.2006,0.02925
04.09.2006,0.02895
05.09.2006,0.02955
06.09.2006,0.02975
07.09.2006,0.02975
08.09.2006,0.02975
11.09.2006,0.02975
12.09.2006,0.02975
13.09.2006,0.02965
14.09.2006,0.02965
15.09.2006,0.02965
18.09.2006,0.02965
19.09.2006,0.02955
20.09.2006,0.02955
21.09.2006,0.02935
22.09.2006,0.02925
25.09.2006,0.02925
26.09.2006,0.02935
27.09.2006,0.02955
28.09.2006,0.02965
29.09.2006,0.03015
02.10.2006,0.02975
03.10.2006,0.03015
04.10.2006,0.03105
05.10.2006,0.03155
06.10.2006,0.03165
09.10.2006,0.03105
10.10.2006,0.03005
11.10.2006,0.03225
12.10.2006,0.03225
13.10.2006,0.03225
16.10.2006,0.03235
17.10.2006,0.03235
18.10.2006,0.03235
19.10.2006,0.03245
20.10.2006,0.03245
23.10.2006,0.03245
24.10.2006,0.03255
25.10.2006,0.03255
26.10.2006,0.03265
27.10.2006,0.03265
30.10.2006,0.03275
31.10.2006,0.03295
01.11.2006,0.03245
02.11.2006,0.03275
03.11.2006,0.03265
06.11.2006,0.03245
07.11.2006,0.03235
08.11.2006,0.03245
09.11.2006,0.03245
10.11.2006,0.03245
13.11.2006,0.03245
14.11.2006,0.03245
15.11.2006,0.03245
16.11.2006,0.03235
17.11.2006,0.03235
20.11.2006,0.03235
21.11.2006,0.03235
22.11.2006,0.03235
23.11.2006,0.03235
24.11.2006,0.03235
27.11.2006,0.03235
28.11.2006,0.03235
29.11.2006,0.03235
30.11.2006,0.03255
01.12.2006,0.03235
04.12.2006,0.03235
05.12.2006,0.03235
06.12.2006,0.03225
07.12.2006,0.03195
08.12.2006,0.03205
11.12.2006,0.03265
12.12.2006,0.03275
13.12.2006,0.03485
14.12.2006,0.03495
15.12.2006,0.03505
18.12.2006,0.03515
19.12.2006,0.03525
20.12.2006,0.03545
21.12.2006,0.03585
22.12.2006,0.03585
27.12.2006,0.03605
28.12.2006,0.03585
29.12.2006,0.03605
02.01.2007,0.03515
03.01.2007,0.03515
04.01.2007,0.03515
05.01.2007,0.03505
08.01.2007,0.03495
09.01.2007,0.03475
10.01.2007,0.03445
11.01.2007,0.03435
12.01.2007,0.03415
15.01.2007,0.03435
16.01.2007,0.03415
17.01.2007,0.03485
18.01.2007,0.03485
19.01.2007,0.03485
22.01.2007,0.03485
23.01.2007,0.03485
24.01.2007,0.03485
25.01.2007,0.03485
26.01.2007,0.03485
29.01.2007,0.03485
30.01.2007,0.03485
31.01.2007,0.03505
01.02.2007,0.03485
02.02.2007,0.03475
05.02.2007,0.03475
06.02.2007,0.03465
07.02.2007,0.03445
08.02.2007,0.03445
09.02.2007,0.03455
12.02.2007,0.03465
13.02.2007,0.03625
14.02.2007,0.03485
15.02.2007,0.03485
16.02.2007,0.03485
19.02.2007,0.03485
20.02.2007,0.03485
21.02.2007,0.03485
22.02.2007,0.03485
23.02.2007,0.03485
26.02.2007,0.03485
27.02.2007,0.03475
28.02.2007,0.03515
01.03.2007,0.03485
02.03.2007,0.03485
05.03.2007,0.03475
06.03.2007,0.03475
07.03.2007,0.03465
08.03.2007,0.03455
09.03.2007,0.03435
12.03.2007,0.03435
13.03.2007,0.03025
14.03.2007,0.03735
15.03.2007,0.03735
16.03.2007,0.03735
19.03.2007,0.03735
20.03.2007,0.03735
21.03.2007,0.03725
22.03.2007,0.03725
23.03.2007,0.03725
26.03.2007,0.03725
27.03.2007,0.03725
28.03.2007,0.03735
29.03.2007,0.03745
30.03.2007,0.03815
02.04.2007,0.03745
03.04.2007,0.03755
04.04.2007,0.03755
05.04.2007,0.03775
10.04.2007,0.03745
11.04.2007,0.03745
12.04.2007,0.03735
13.04.2007,0.03645
16.04.2007,0.03605
17.04.2007,0.03705
18.04.2007,0.03745
19.04.2007,0.03745
20.04.2007,0.03745
23.04.2007,0.03745
24.04.2007,0.03745
25.04.2007,0.03745
26.04.2007,0.03745
27.04.2007,0.03745
30.04.2007,0.03785
02.05.2007,0.03755
03.05.2007,0.03755
04.05.2007,0.03745
07.05.2007,0.03745
08.05.2007,0.03725
09.05.2007,0.03615
10.05.2007,0.03585
11.05.2007,0.03595
14.05.2007,0.03305
15.05.2007,0.03745
16.05.2007,0.03745
17.05.2007,0.03745
18.05.2007,0.03745
21.05.2007,0.03745
22.05.2007,0.03745
23.05.2007,0.03745
24.05.2007,0.03745
25.05.2007,0.03745
28.05.2007,0.03745
29.05.2007,0.03745
30.05.2007,0.03735
31.05.2007,0.03765
01.06.2007,0.03715
04.06.2007,0.03675
05.06.2007,0.03645
06.06.2007,0.03595
07.06.2007,0.03605
08.06.2007,0.03735
11.06.2007,0.03725
12.06.2007,0.03705
13.06.2007,0.03995
14.06.2007,0.03995
15.06.2007,0.03985
18.06.2007,0.03985
19.06.2007,0.03985
20.06.2007,0.03975
21.06.2007,0.03975
22.06.2007,0.03975
25.06.2007,0.03985
26.06.2007,0.03985
27.06.2007,0.03995
28.06.2007,0.03995
29.06.2007,0.04055
02.07.2007,0.03985
03.07.2007,0.03955
04.07.2007,0.03925
05.07.2007,0.03965
06.07.2007,0.03975
09.07.2007,0.03975
10.07.2007,0.03985
11.07.2007,0.03985
12.07.2007,0.03985
13.07.2007,0.03985
16.07.2007,0.03985
17.07.2007,0.03985
18.07.2007,0.03985
19.07.2007,0.03985
20.07.2007,0.03985
23.07.2007,0.03985
24.07.2007,0.03985
25.07.2007,0.03985
26.07.2007,0.03985
27.07.2007,0.03975
30.07.2007,0.03965
31.07.2007,0.03995
01.08.2007,0.03965
02.08.2007,0.03955
03.08.2007,0.03965
06.08.2007,0.03985
07.08.2007,0.04145
08.08.2007,0.04005
09.08.2007,0.04135
10.08.2007,0.04055
13.08.2007,0.04015
14.08.2007,0.03965
15.08.2007,0.03925
16.08.2007,0.03915
17.08.2007,0.03915
20.08.2007,0.03935
21.08.2007,0.03935
22.08.2007,0.03945
23.08.2007,0.03945
24.08.2007,0.03845
27.08.2007,0.03735
28.08.2007,0.03635
29.08.2007,0.03965
30.08.2007,0.04045
31.08.2007,0.04205
03.09.2007,0.04187
04.09.2007,0.04373
05.09.2007,0.04503
06.09.2007,0.03965
07.09.2007,0.03731
10.09.2007,0.03453
11.09.2007,0.0378
12.09.2007,0.04028
13.09.2007,0.03871
14.09.2007,0.03577
17.09.2007,0.03488
18.09.2007,0.03533
19.09.2007,0.0401
20.09.2007,0.03922
21.09.2007,0.03956
24.09.2007,0.04024
25.09.2007,0.04133
26.09.2007,0.04208
27.09.2007,0.04052
28.09.2007,0.04077
01.10.2007,0.03773
02.10.2007,0.03744
03.10.2007,0.0376
04.10.2007,0.03726
05.10.2007,0.03588
08.10.2007,0.03536
09.10.2007,0.0386
10.10.2007,0.03861
11.10.2007,0.03733
12.10.2007,0.03745
15.10.2007,0.03905
16.10.2007,0.03923
17.10.2007,0.03944
18.10.2007,0.03954
19.10.2007,0.03945
22.10.2007,0.03948
23.10.2007,0.03953
24.10.2007,0.03948
25.10.2007,0.03948
26.10.2007,0.03948
29.10.2007,0.03954
30.10.2007,0.03956
31.10.2007,0.04046
01.11.2007,0.03982
02.11.2007,0.03976
05.11.2007,0.03969
06.11.2007,0.03956
07.11.2007,0.03956
08.11.2007,0.0395
09.11.2007,0.03859
12.11.2007,0.03752
13.11.2007,0.0367
14.11.2007,0.03954
15.11.2007,0.03962
16.11.2007,0.03971
19.11.2007,0.03972
20.11.2007,0.03988
21.11.2007,0.03998
22.11.2007,0.04014
23.11.2007,0.04023
26.11.2007,0.03993
27.11.2007,0.03954
28.11.2007,0.0388
29.11.2007,0.03885
30.11.2007,0.03953
03.12.2007,0.03879
04.12.2007,0.03829
05.12.2007,0.03708
06.12.2007,0.0365
07.12.2007,0.03704
10.12.2007,0.03772
11.12.2007,0.03953
12.12.2007,0.03958
13.12.2007,0.03941
14.12.2007,0.03767
17.12.2007,0.03827
18.12.2007,0.03789
19.12.2007,0.03785
20.12.2007,0.03848
21.12.2007,0.03797
24.12.2007,0.03764
27.12.2007,0.03752
28.12.2007,0.03533
31.12.2007,0.03831
02.01.2008,0.03697
03.01.2008,0.03824
04.01.2008,0.04002
07.01.2008,0.04022
08.01.2008,0.04034
09.01.2008,0.04089
10.01.2008,0.03968
11.01.2008,0.03798
14.01.2008,0.03796
15.01.2008,0.03993
16.01.2008,0.03956
17.01.2008,0.03933
18.01.2008,0.03883
21.01.2008,0.03899
22.01.2008,0.03904
23.01.2008,0.03909
24.01.2008,0.03918
25.01.2008,0.0393
28.01.2008,0.03933
29.01.2008,0.0397
30.01.2008,0.0405
31.01.2008,0.04102
01.02.2008,0.04029
04.02.2008,0.03997
05.02.2008,0.03949
06.02.2008,0.03939
07.02.2008,0.03933
08.02.2008,0.03915
11.02.2008,0.03914
12.02.2008,0.04018
13.02.2008,0.0395
14.02.2008,0.03945
15.02.2008,0.03923
18.02.2008,0.03928
19.02.2008,0.03929
20.02.2008,0.03931
21.02.2008,0.0393
22.02.2008,0.03923
25.02.2008,0.03925
26.02.2008,0.03923
27.02.2008,0.03921
28.02.2008,0.03922
29.02.2008,0.03956
03.03.2008,0.03924
04.03.2008,0.03925
05.03.2008,0.03928
06.03.2008,0.03934
07.03.2008,0.03962
10.03.2008,0.04043
11.03.2008,0.04144
12.03.2008,0.03955
13.03.2008,0.03944
14.03.2008,0.03941
17.03.2008,0.03961
18.03.2008,0.03998
19.03.2008,0.04103
20.03.2008,0.04048
25.03.2008,0.04108
26.03.2008,0.04102
27.03.2008,0.0404
28.03.2008,0.0398
31.03.2008,0.04074
01.04.2008,0.0394
02.04.2008,0.0395
03.04.2008,0.03921
04.04.2008,0.03857
07.04.2008,0.03828
08.04.2008,0.0381
09.04.2008,0.03938
10.04.2008,0.03929
11.04.2008,0.03888
14.04.2008,0.03903
15.04.2008,0.03698
16.04.2008,0.0392
17.04.2008,0.03904
18.04.2008,0.03836
21.04.2008,0.03792
22.04.2008,0.03807
23.04.2008,0.03892
24.04.2008,0.03942
25.04.2008,0.03971
28.04.2008,0.03984
29.04.2008,0.04005
30.04.2008,0.04125
02.05.2008,0.03997
05.05.2008,0.0398
06.05.2008,0.03977
07.05.2008,0.03963
08.05.2008,0.03894
09.05.2008,0.03708
12.05.2008,0.03645
13.05.2008,0.03919
14.05.2008,0.03951
15.05.2008,0.03935
16.05.2008,0.03914
19.05.2008,0.03909
20.05.2008,0.03897
21.05.2008,0.03902
22.05.2008,0.03911
23.05.2008,0.03939
26.05.2008,0.03958
27.05.2008,0.03977
28.05.2008,0.03991
29.05.2008,0.04022
30.05.2008,0.04029
02.06.2008,0.03959
03.06.2008,0.03952
04.06.2008,0.03916
05.06.2008,0.03895
06.06.2008,0.03878
09.06.2008,0.0389
10.06.2008,0.04094
11.06.2008,0.03955
12.06.2008,0.03951
13.06.2008,0.03937
16.06.2008,0.03942
17.06.2008,0.03937
18.06.2008,0.03929
19.06.2008,0.03918
20.06.2008,0.03903
23.06.2008,0.03912
24.06.2008,0.03908
25.06.2008,0.03872
26.06.2008,0.03807
27.06.2008,0.03621
30.06.2008,0.0418
01.07.2008,0.03831
02.07.2008,0.0384
03.07.2008,0.03853
04.07.2008,0.03856
07.07.2008,0.03828
08.07.2008,0.03707
09.07.2008,0.042
10.07.2008,0.04195
11.07.2008,0.04188
14.07.2008,0.04192
15.07.2008,0.04192
16.07.2008,0.042
17.07.2008,0.04197
18.07.2008,0.04196
21.07.2008,0.04201
22.07.2008,0.04208
23.07.2008,0.04211
24.07.2008,0.04212
25.07.2008,0.04207
28.07.2008,0.04212
29.07.2008,0.04201
30.07.2008,0.04211
31.07.2008,0.04296
01.08.2008,0.04204
04.08.2008,0.04215
05.08.2008,0.04224
06.08.2008,0.04228
07.08.2008,0.04231
08.08.2008,0.0421
11.08.2008,0.0421
12.08.2008,0.04233
13.08.2008,0.04218
14.08.2008,0.04224
15.08.2008,0.04207
18.08.2008,0.04217
19.08.2008,0.042
20.08.2008,0.04192
21.08.2008,0.04188
22.08.2008,0.04189
25.08.2008,0.04199
26.08.2008,0.04204
27.08.2008,0.04213
28.08.2008,0.04216
29.08.2008,0.0427
01.09.2008,0.04211
02.09.2008,0.04215
03.09.2008,0.04223
04.09.2008,0.04224
05.09.2008,0.04224
08.09.2008,0.04215
09.09.2008,0.03831
10.09.2008,0.04218
11.09.2008,0.04221
12.09.2008,0.04213
15.09.2008,0.0438
16.09.2008,0.04131
17.09.2008,0.04336
18.09.2008,0.04289
19.09.2008,0.04293
22.09.2008,0.04295
23.09.2008,0.04384
24.09.2008,0.04172
25.09.2008,0.042
26.09.2008,0.03943
29.09.2008,0.03837
30.09.2008,0.04088
01.10.2008,0.04108
02.10.2008,0.04118
03.10.2008,0.04055
06.10.2008,0.04303
07.10.2008,0.04516
08.10.2008,0.04425
09.10.2008,0.03886
10.10.2008,0.03761
13.10.2008,0.03672
14.10.2008,0.03611
15.10.2008,0.03612
16.10.2008,0.0355
17.10.2008,0.0353
20.10.2008,0.03512
21.10.2008,0.03487
22.10.2008,0.03484
23.10.2008,0.03482
24.10.2008,0.03481
27.10.2008,0.0344
28.10.2008,0.03452
29.10.2008,0.0345
30.10.2008,0.03463
31.10.2008,0.03502
03.11.2008,0.03395
04.11.2008,0.03369
05.11.2008,0.03357
06.11.2008,0.03338
07.11.2008,0.03347
10.11.2008,0.03368
11.11.2008,0.03575
12.11.2008,0.03053
13.11.2008,0.02993
14.11.2008,0.02946
17.11.2008,0.02914
18.11.2008,0.02872
19.11.2008,0.02837
20.11.2008,0.02828
21.11.2008,0.02819
24.11.2008,0.02852
25.11.2008,0.02846
26.11.2008,0.02849
27.11.2008,0.02863
28.11.2008,0.02883
01.12.2008,0.02849
02.12.2008,0.02826
03.12.2008,0.02834
04.12.2008,0.02811
05.12.2008,0.02809
08.12.2008,0.02782
09.12.2008,0.02856
10.12.2008,0.02262
11.12.2008,0.02237
12.12.2008,0.02221
15.12.2008,0.02208
16.12.2008,0.02218
17.12.2008,0.02164
18.12.2008,0.02152
19.12.2008,0.02149
22.12.2008,0.0215
23.12.2008,0.02166
24.12.2008,0.0214
29.12.2008,0.02149
30.12.2008,0.0218
31.12.2008,0.02267
02.01.2009,0.02136
05.01.2009,0.02127
06.01.2009,0.02092
07.01.2009,0.02096
08.01.2009,0.02074
09.01.2009,0.02065
12.01.2009,0.02059
13.01.2009,0.02038
14.01.2009,0.0203
15.01.2009,0.02032
16.01.2009,0.02025
19.01.2009,0.02035
20.01.2009,0.02062
21.01.2009,0.01413
22.01.2009,0.01163
23.01.2009,0.01119
26.01.2009,0.01143
27.01.2009,0.01108
28.01.2009,0.01124
29.01.2009,0.01143
30.01.2009,0.01188
02.02.2009,0.01126
03.02.2009,0.01134
04.02.2009,0.01116
05.02.2009,0.01101
06.02.2009,0.01106
09.02.2009,0.01102
10.02.2009,0.01206
11.02.2009,0.0116
12.02.2009,0.01144
13.02.2009,0.0115
16.02.2009,0.01158
17.02.2009,0.01196
18.02.2009,0.01196
19.02.2009,0.01196
20.02.2009,0.0121
23.02.2009,0.01217
24.02.2009,0.01204
25.02.2009,0.0121
26.02.2009,0.01221
27.02.2009,0.01289
02.03.2009,0.01195
03.03.2009,0.01199
04.03.2009,0.01198
05.03.2009,0.01192
06.03.2009,0.01176
09.03.2009,0.01158
10.03.2009,0.0125
11.03.2009,0.0076
12.03.2009,0.00766
13.03.2009,0.0077
16.03.2009,0.0078
17.03.2009,0.008
18.03.2009,0.00803
19.03.2009,0.00816
20.03.2009,0.00835
23.03.2009,0.00852
24.03.2009,0.00846
25.03.2009,0.00886
26.03.2009,0.00894
27.03.2009,0.00887
30.03.2009,0.00879
31.03.2009,0.01551
01.04.2009,0.00875
02.04.2009,0.00806
03.04.2009,0.00741
06.04.2009,0.00701
07.04.2009,0.00921
08.04.2009,0.00773
09.04.2009,0.00873
14.04.2009,0.00806
15.04.2009,0.00835
16.04.2009,0.00889
17.04.2009,0.00879
20.04.2009,0.00893
21.04.2009,0.00915
22.04.2009,0.00869
23.04.2009,0.00768
24.04.2009,0.00614
27.04.2009,0.00553
28.04.2009,0.00498
29.04.2009,0.00426
30.04.2009,0.00503
04.05.2009,0.00415
05.05.2009,0.00438
06.05.2009,0.00447
07.05.2009,0.00434
08.05.2009,0.00427
11.05.2009,0.00401
12.05.2009,0.00766
13.05.2009,0.00644
14.05.2009,0.00632
15.05.2009,0.00643
18.05.2009,0.00684
19.05.2009,0.00753
20.05.2009,0.00837
21.05.2009,0.00839
22.05.2009,0.00997
25.05.2009,0.01037
26.05.2009,0.01061
27.05.2009,0.00925
28.05.2009,0.00816
29.05.2009,0.00746
01.06.2009,0.00602
02.06.2009,0.00522
03.06.2009,0.00495
04.06.2009,0.00496
05.06.2009,0.00465
08.06.2009,0.00417
09.06.2009,0.00652
10.06.2009,0.00712
11.06.2009,0.00703
12.06.2009,0.00752
15.06.2009,0.00762
16.06.2009,0.00771
17.06.2009,0.00767
18.06.2009,0.00758
19.06.2009,0.00708
22.06.2009,0.00675
23.06.2009,0.00667
24.06.2009,0.01301
25.06.2009,0.00347
26.06.2009,0.00303
29.06.2009,0.00296
30.06.2009,0.00316
01.07.2009,0.00259
02.07.2009,0.00275
03.07.2009,0.00243
06.07.2009,0.00247
07.07.2009,0.00391
08.07.2009,0.00277
09.07.2009,0.00275
10.07.2009,0.00255
13.07.2009,0.00268
14.07.2009,0.00278
15.07.2009,0.0026
16.07.2009,0.00273
17.07.2009,0.00271
20.07.2009,0.00269
21.07.2009,0.0028
22.07.2009,0.00281
23.07.2009,0.0027
24.07.2009,0.00261
27.07.2009,0.0026
28.07.2009,0.00264
29.07.2009,0.00264
30.07.2009,0.00275
31.07.2009,0.00273
03.08.2009,0.00261
04.08.2009,0.00266
05.08.2009,0.00258
06.08.2009,0.00249
07.08.2009,0.00256
10.08.2009,0.00247
11.08.2009,0.00388
12.08.2009,0.00254
13.08.2009,0.00257
14.08.2009,0.00253
17.08.2009,0.00263
18.08.2009,0.0026
19.08.2009,0.00258
20.08.2009,0.00248
21.08.2009,0.00255
24.08.2009,0.00262
25.08.2009,0.00261
26.08.2009,0.00256
27.08.2009,0.00257
28.08.2009,0.00249
31.08.2009,0.00254
01.09.2009,0.00249
02.09.2009,0.00249
03.09.2009,0.00244
04.09.2009,0.00248
07.09.2009,0.00253
08.09.2009,0.0045
09.09.2009,0.00247
10.09.2009,0.00253
11.09.2009,0.00255
14.09.2009,0.00265
15.09.2009,0.0027
16.09.2009,0.00284
17.09.2009,0.00274
18.09.2009,0.00281
21.09.2009,0.00265
22.09.2009,0.0027
23.09.2009,0.00259
24.09.2009,0.00262
25.09.2009,0.00257
28.09.2009,0.00268
29.09.2009,0.00269
30.09.2009,0.00448
01.10.2009,0.00255
02.10.2009,0.00276
05.10.2009,0.00269
06.10.2009,0.00285
07.10.2009,0.00251
08.10.2009,0.00245
09.10.2009,0.00248
12.10.2009,0.0025
13.10.2009,0.00485
14.10.2009,0.00282
15.10.2009,0.00255
16.10.2009,0.00258
19.10.2009,0.00265
20.10.2009,0.00267
21.10.2009,0.00262
22.10.2009,0.00262
23.10.2009,0.00258
26.10.2009,0.00255
27.10.2009,0.00254
28.10.2009,0.00264
29.10.2009,0.00263
30.10.2009,0.00312
02.11.2009,0.00243
03.11.2009,0.00239
04.11.2009,0.00246
05.11.2009,0.00248
06.11.2009,0.00241
09.11.2009,0.00246
10.11.2009,0.00605
11.11.2009,0.00254
12.11.2009,0.00258
13.11.2009,0.00271
16.11.2009,0.00262
17.11.2009,0.00259
18.11.2009,0.00265
19.11.2009,0.00265
20.11.2009,0.00265
23.11.2009,0.00265
24.11.2009,0.00261
25.11.2009,0.00264
26.11.2009,0.0027
27.11.2009,0.00257
30.11.2009,0.00341
01.12.2009,0.00259
02.12.2009,0.00264
03.12.2009,0.00251
04.12.2009,0.00254
07.12.2009,0.00557
08.12.2009,0.00266
09.12.2009,0.00267
10.12.2009,0.00266
11.12.2009,0.00268
14.12.2009,0.00267
15.12.2009,0.00267
16.12.2009,0.00262
17.12.2009,0.00258
18.12.2009,0.00258
21.12.2009,0.00247
22.12.2009,0.00238
23.12.2009,0.00214
24.12.2009,0.00217
28.12.2009,0.00249
29.12.2009,0.00241
30.12.2009,0.00236
31.12.2009,0.00325
04.01.2010,0.00256
05.01.2010,0.0024
06.01.2010,0.00237
07.01.2010,0.00266
08.01.2010,0.00262
11.01.2010,0.00251
12.01.2010,0.00248
13.01.2010,0.0024
14.01.2010,0.00233
15.01.2010,0.00231
18.01.2010,0.00243
19.01.2010,0.005
20.01.2010,0.0025
21.01.2010,0.00242
22.01.2010,0.00237
25.01.2010,0.00254
26.01.2010,0.00246
27.01.2010,0.0025
28.01.2010,0.00253
29.01.2010,0.00241
01.02.2010,0.00235
02.02.2010,0.00245
03.02.2010,0.00238
04.02.2010,0.00233
05.02.2010,0.00227
08.02.2010,0.0023
09.02.2010,0.00557
10.02.2010,0.00235
11.02.2010,0.00233
12.02.2010,0.00233
15.02.2010,0.00234
16.02.2010,0.00235
17.02.2010,0.00237
18.02.2010,0.00244
19.02.2010,0.00245
22.02.2010,0.0025
23.02.2010,0.00253
24.02.2010,0.00256
25.02.2010,0.00258
26.02.2010,0.00234
01.03.2010,0.00229
02.03.2010,0.00234
03.03.2010,0.00234
04.03.2010,0.00239
05.03.2010,0.00231
08.03.2010,0.00227
09.03.2010,0.00558
10.03.2010,0.00241
11.03.2010,0.00261
12.03.2010,0.00252
15.03.2010,0.00248
16.03.2010,0.00236
17.03.2010,0.00243
18.03.2010,0.00247
19.03.2010,0.00253
22.03.2010,0.00257
23.03.2010,0.00263
24.03.2010,0.00245
25.03.2010,0.00258
26.03.2010,0.00249
29.03.2010,0.00257
30.03.2010,0.00263
31.03.2010,0.00316
01.04.2010,0.0024
06.04.2010,0.00234
07.04.2010,0.00244
08.04.2010,0.00247
09.04.2010,0.0024
12.04.2010,0.00257
13.04.2010,0.00573
14.04.2010,0.00252
15.04.2010,0.00253
16.04.2010,0.00249
19.04.2010,0.00254
20.04.2010,0.00258
21.04.2010,0.00258
22.04.2010,0.00254
23.04.2010,0.00253
26.04.2010,0.0026
27.04.2010,0.00261
28.04.2010,0.00262
29.04.2010,0.00264
30.04.2010,0.00252
03.05.2010,0.00254
04.05.2010,0.00255
05.05.2010,0.00259
06.05.2010,0.0025
07.05.2010,0.00236
10.05.2010,0.00256
11.05.2010,0.0056
12.05.2010,0.00222
13.05.2010,0.00222
14.05.2010,0.00254
17.05.2010,0.0024
18.05.2010,0.00242
19.05.2010,0.00244
20.05.2010,0.00257
21.05.2010,0.00218
24.05.2010,0.00218
25.05.2010,0.00252
26.05.2010,0.00254
27.05.2010,0.00246
28.05.2010,0.00253
31.05.2010,0.00245
01.06.2010,0.00244
02.06.2010,0.00215
03.06.2010,0.0021
04.06.2010,0.00237
07.06.2010,0.00239
08.06.2010,0.00233
09.06.2010,0.00247
10.06.2010,0.00249
11.06.2010,0.00241
14.06.2010,0.00233
15.06.2010,0.0058
16.06.2010,0.00256
17.06.2010,0.00269
18.06.2010,0.00283
21.06.2010,0.00262
22.06.2010,0.00265
23.06.2010,0.00243
24.06.2010,0.00244
25.06.2010,0.00236
28.06.2010,0.00241
29.06.2010,0.0024
30.06.2010,0.00457
01.07.2010,0.00395
02.07.2010,0.00352
05.07.2010,0.0032
06.07.2010,0.00339
07.07.2010,0.00329
08.07.2010,0.00313
09.07.2010,0.00309
12.07.2010,0.00308
13.07.2010,0.00665
14.07.2010,0.00359
15.07.2010,0.00403
16.07.2010,0.00471
19.07.2010,0.0047
20.07.2010,0.00469
21.07.2010,0.00443
22.07.2010,0.00439
23.07.2010,0.00415
26.07.2010,0.00412
27.07.2010,0.00405
28.07.2010,0.00393
29.07.2010,0.00368
30.07.2010,0.00338
02.08.2010,0.00314
03.08.2010,0.00292
04.08.2010,0.0028
05.08.2010,0.00278
06.08.2010,0.00264
09.08.2010,0.00259
10.08.2010,0.00684
11.08.2010,0.00392
12.08.2010,0.00379
13.08.2010,0.00364
16.08.2010,0.00363
17.08.2010,0.00358
18.08.2010,0.00355
19.08.2010,0.00345
20.08.2010,0.00343
23.08.2010,0.00338
24.08.2010,0.00325
25.08.2010,0.00326
26.08.2010,0.00323
27.08.2010,0.00305
30.08.2010,0.00299
31.08.2010,0.00307
01.09.2010,0.00285
02.09.2010,0.00279
03.09.2010,0.00275
06.09.2010,0.00292
07.09.2010,0.0061
08.09.2010,0.00338
09.09.2010,0.00334
10.09.2010,0.0033
13.09.2010,0.00337
14.09.2010,0.00353
15.09.2010,0.0037
16.09.2010,0.0037
17.09.2010,0.00363
20.09.2010,0.00361
21.09.2010,0.00355
22.09.2010,0.00353
23.09.2010,0.00354
24.09.2010,0.00349
27.09.2010,0.00345
28.09.2010,0.0034
29.09.2010,0.00323
30.09.2010,0.00793
01.10.2010,0.00636
04.10.2010,0.00585
05.10.2010,0.00431
06.10.2010,0.00353
07.10.2010,0.00317
08.10.2010,0.00311
11.10.2010,0.00305
12.10.2010,0.00677
13.10.2010,0.00641
14.10.2010,0.00657
15.10.2010,0.0066
18.10.2010,0.00693
19.10.2010,0.00725
20.10.2010,0.00758
21.10.2010,0.00777
22.10.2010,0.00764
25.10.2010,0.00774
26.10.2010,0.00775
27.10.2010,0.00764
28.10.2010,0.007
29.10.2010,0.00639
01.11.2010,0.00598
02.11.2010,0.00579
03.11.2010,0.00494
04.11.2010,0.00371
05.11.2010,0.0028
08.11.2010,0.00286
09.11.2010,0.00644
10.11.2010,0.0072
11.11.2010,0.00713
12.11.2010,0.00706
15.11.2010,0.00679
16.11.2010,0.0066
17.11.2010,0.00622
18.11.2010,0.00547
19.11.2010,0.0046
22.11.2010,0.00436
23.11.2010,0.00429
24.11.2010,0.00397
25.11.2010,0.00389
26.11.2010,0.00361
29.11.2010,0.00343
30.11.2010,0.00454
01.12.2010,0.00383
02.12.2010,0.00377
03.12.2010,0.00329
06.12.2010,0.00301
07.12.2010,0.00653
08.12.2010,0.00636
09.12.2010,0.00561
10.12.2010,0.00542
13.12.2010,0.00503
14.12.2010,0.00481
15.12.2010,0.00423
16.12.2010,0.00368
17.12.2010,0.00347
20.12.2010,0.00313
21.12.2010,0.00306
22.12.2010,0.00294
23.12.2010,0.00271
24.12.2010,0.00311
27.12.2010,0.00356
28.12.2010,0.00362
29.12.2010,0.00345
30.12.2010,0.00308
31.12.2010,0.00732
03.01.2011,0.00336
04.01.2011,0.00337
05.01.2011,0.00312
06.01.2011,0.00294
07.01.2011,0.00295
10.01.2011,0.00304
11.01.2011,0.00291
12.01.2011,0.00291
13.01.2011,0.0029
14.01.2011,0.00276
17.01.2011,0.00282
18.01.2011,0.00729
19.01.2011,0.0062
20.01.2011,0.00628
21.01.2011,0.00739
24.01.2011,0.00831
25.01.2011,0.0095
26.01.2011,0.01087
27.01.2011,0.00978
28.01.2011,0.00955
31.01.2011,0.01228
01.02.2011,0.01233
02.02.2011,0.00707
03.02.2011,0.00441
04.02.2011,0.0028
07.02.2011,0.00262
08.02.2011,0.00592
09.02.2011,0.01008
10.02.2011,0.00938
11.02.2011,0.00839
14.02.2011,0.00742
15.02.2011,0.00664
16.02.2011,0.00615
17.02.2011,0.0054
18.02.2011,0.00419
21.02.2011,0.00412
22.02.2011,0.00446
23.02.2011,0.00576
24.02.2011,0.00581
25.02.2011,0.00543
28.02.2011,0.00604
01.03.2011,0.00517
02.03.2011,0.00387
03.03.2011,0.00291
04.03.2011,0.00296
07.03.2011,0.00362
08.03.2011,0.00722
09.03.2011,0.00755
10.03.2011,0.00714
11.03.2011,0.00662
14.03.2011,0.00645
15.03.2011,0.00633
16.03.2011,0.00621
17.03.2011,0.00615
18.03.2011,0.00625
21.03.2011,0.0061
22.03.2011,0.00607
23.03.2011,0.0061
24.03.2011,0.00587
25.03.2011,0.0055
28.03.2011,0.00537
29.03.2011,0.00527
30.03.2011,0.00505
31.03.2011,0.00817
01.04.2011,0.00503
04.04.2011,0.00495
05.04.2011,0.00498
06.04.2011,0.00474
07.04.2011,0.00469
08.04.2011,0.00455
11.04.2011,0.00446
12.04.2011,0.00717
13.04.2011,0.01054
14.04.2011,0.01061
15.04.2011,0.01055
18.04.2011,0.01044
19.04.2011,0.01046
20.04.2011,0.0113
21.04.2011,0.01349
26.04.2011,0.01212
27.04.2011,0.01201
28.04.2011,0.01197
29.04.2011,0.01335
02.05.2011,0.01204
03.05.2011,0.01175
04.05.2011,0.0096
05.05.2011,0.00769
06.05.2011,0.00505
09.05.2011,0.0051
10.05.2011,0.00842
11.05.2011,0.00966
12.05.2011,0.00976
13.05.2011,0.01025
16.05.2011,0.01044
17.05.2011,0.01048
18.05.2011,0.01067
19.05.2011,0.01076
20.05.2011,0.01073
23.05.2011,0.01075
24.05.2011,0.01053
25.05.2011,0.0104
26.05.2011,0.0099
27.05.2011,0.00836
30.05.2011,0.00762
31.05.2011,0.00868
01.06.2011,0.00764
02.06.2011,0.00791
03.06.2011,0.00801
06.06.2011,0.00795
07.06.2011,0.00813
08.06.2011,0.0098
09.06.2011,0.01211
10.06.2011,0.01464
13.06.2011,0.01319
14.06.2011,0.011
15.06.2011,0.01184
16.06.2011,0.01218
17.06.2011,0.01253
20.06.2011,0.01251
21.06.2011,0.01222
22.06.2011,0.01006
23.06.2011,0.00861
24.06.2011,0.00773
27.06.2011,0.00761
28.06.2011,0.00754
29.06.2011,0.00908
30.06.2011,0.0163
01.07.2011,0.00824
04.07.2011,0.0073
05.07.2011,0.00622
06.07.2011,0.00513
07.07.2011,0.00511
08.07.2011,0.00507
11.07.2011,0.00515
12.07.2011,0.00931
13.07.2011,0.01391
14.07.2011,0.01376
15.07.2011,0.01399
18.07.2011,0.01404
19.07.2011,0.01382
20.07.2011,0.01115
21.07.2011,0.00993
22.07.2011,0.00885
25.07.2011,0.0089
26.07.2011,0.00906
27.07.2011,0.00868
28.07.2011,0.00814
29.07.2011,0.00887
01.08.2011,0.00827
02.08.2011,0.00856
03.08.2011,0.00773
04.08.2011,0.00766
05.08.2011,0.00761
08.08.2011,0.00775
09.08.2011,0.01126
10.08.2011,0.00921
11.08.2011,0.00818
12.08.2011,0.00795
15.08.2011,0.00789
16.08.2011,0.008
17.08.2011,0.00791
18.08.2011,0.00798
19.08.2011,0.00805
22.08.2011,0.00823
23.08.2011,0.00815
24.08.2011,0.00811
25.08.2011,0.00805
26.08.2011,0.00789
29.08.2011,0.00784
30.08.2011,0.0078
31.08.2011,0.0087
01.09.2011,0.00799
02.09.2011,0.00783
05.09.2011,0.00788
06.09.2011,0.00786
07.09.2011,0.00785
08.09.2011,0.00778
09.09.2011,0.00765
12.09.2011,0.00772
13.09.2011,0.01129
14.09.2011,0.00845
15.09.2011,0.00867
16.09.2011,0.01027
19.09.2011,0.00956
20.09.2011,0.00976
21.09.2011,0.00976
22.09.2011,0.00955
23.09.2011,0.0097
26.09.2011,0.00973
27.09.2011,0.00986
28.09.2011,0.00984
29.09.2011,0.00972
30.09.2011,0.01378
03.10.2011,0.00986
04.10.2011,0.00912
05.10.2011,0.00885
06.10.2011,0.00862
07.10.2011,0.00834
10.10.2011,0.00807
11.10.2011,0.01135
12.10.2011,0.00901
13.10.2011,0.00873
14.10.2011,0.00845
17.10.2011,0.00843
18.10.2011,0.00839
19.10.2011,0.00864
20.10.2011,0.00847
21.10.2011,0.00852
24.10.2011,0.00849
25.10.2011,0.00847
26.10.2011,0.00861
27.10.2011,0.00838
28.10.2011,0.00834
31.10.2011,0.00852
01.11.2011,0.00787
02.11.2011,0.00814
03.11.2011,0.00824
04.11.2011,0.00807
07.11.2011,0.008
08.11.2011,0.01134
09.11.2011,0.00684
10.11.2011,0.00651
11.11.2011,0.00648
14.11.2011,0.00653
15.11.2011,0.00648
16.11.2011,0.00643
17.11.2011,0.00624
18.11.2011,0.00637
21.11.2011,0.0062
22.11.2011,0.00639
23.11.2011,0.00637
24.11.2011,0.00634
25.11.2011,0.00645
28.11.2011,0.00628
29.11.2011,0.00633
30.11.2011,0.0072
01.12.2011,0.00651
02.12.2011,0.0064
05.12.2011,0.00648
06.12.2011,0.0067
07.12.2011,0.00662
08.12.2011,0.00642
09.12.2011,0.0065
12.12.2011,0.00611
13.12.2011,0.00933
14.12.2011,0.00494
15.12.2011,0.00486
16.12.2011,0.00484
19.12.2011,0.00498
20.12.2011,0.0052
21.12.2011,0.00526
22.12.2011,0.00424
23.12.2011,0.00337
27.12.2011,0.00332
28.12.2011,0.00317
29.12.2011,0.00314
30.12.2011,0.00544
02.01.2012,0.00305
03.01.2012,0.00311
04.01.2012,0.0031
05.01.2012,0.00284
06.01.2012,0.00272
09.01.2012,0.00287
10.01.2012,0.00286
11.01.2012,0.0029
12.01.2012,0.00293
13.01.2012,0.003
16.01.2012,0.00301
17.01.2012,0.00294
18.01.2012,0.00306
19.01.2012,0.00289
20.01.2012,0.00309
23.01.2012,0.00286
24.01.2012,0.00293
25.01.2012,0.00294
26.01.2012,0.00292
27.01.2012,0.00294
30.01.2012,0.003
31.01.2012,0.00295
01.02.2012,0.00278
02.02.2012,0.00281
03.02.2012,0.00292
06.02.2012,0.00281
07.02.2012,0.00282
08.02.2012,0.00277
09.02.2012,0.00282
10.02.2012,0.00277
13.02.2012,0.00279
14.02.2012,0.00286
15.02.2012,0.00286
16.02.2012,0.00286
17.02.2012,0.00279
20.02.2012,0.00275
21.02.2012,0.00277
22.02.2012,0.00274
23.02.2012,0.00279
24.02.2012,0.00283
27.02.2012,0.00275
28.02.2012,0.00275
29.02.2012,0.00289
01.03.2012,0.00285
02.03.2012,0.00275
05.03.2012,0.00266
06.03.2012,0.00257
07.03.2012,0.0027
08.03.2012,0.00274
09.03.2012,0.00277
12.03.2012,0.0027
13.03.2012,0.0027
14.03.2012,0.00278
15.03.2012,0.00271
16.03.2012,0.00276
19.03.2012,0.00274
20.03.2012,0.00265
21.03.2012,0.00263
22.03.2012,0.00267
23.03.2012,0.00274
26.03.2012,0.00264
27.03.2012,0.00268
28.03.2012,0.00267
29.03.2012,0.00264
30.03.2012,0.00303
02.04.2012,0.00262
03.04.2012,0.00258
04.04.2012,0.00268
05.04.2012,0.00267
10.04.2012,0.00262
11.04.2012,0.00265
12.04.2012,0.00256
13.04.2012,0.00261
16.04.2012,0.00261
17.04.2012,0.00264
18.04.2012,0.00261
19.04.2012,0.00262
20.04.2012,0.00259
23.04.2012,0.00253
24.04.2012,0.00253
25.04.2012,0.00252
26.04.2012,0.00258
27.04.2012,0.00261
30.04.2012,0.00259
02.05.2012,0.00258
03.05.2012,0.00258
04.05.2012,0.00258
07.05.2012,0.00263
08.05.2012,0.00261
09.05.2012,0.00259
10.05.2012,0.00263
11.05.2012,0.00256
14.05.2012,0.00261
15.05.2012,0.00255
16.05.2012,0.00245
17.05.2012,0.00235
18.05.2012,0.00252
21.05.2012,0.00252
22.05.2012,0.00251
23.05.2012,0.0025
24.05.2012,0.0025
25.05.2012,0.00238
28.05.2012,0.00237
29.05.2012,0.0025
30.05.2012,0.00248
31.05.2012,0.00244
01.06.2012,0.00252
04.06.2012,0.00247
05.06.2012,0.0025
06.06.2012,0.00225
07.06.2012,0.00227
08.06.2012,0.00246
11.06.2012,0.00251
12.06.2012,0.00251
13.06.2012,0.0025
14.06.2012,0.00246
15.06.2012,0.00244
18.06.2012,0.00249
19.06.2012,0.00248
20.06.2012,0.00241
21.06.2012,0.00244
22.06.2012,0.0024
25.06.2012,0.00243
26.06.2012,0.00245
27.06.2012,0.00246
28.06.2012,0.00246
29.06.2012,0.00297
02.07.2012,0.00244
03.07.2012,0.00247
04.07.2012,0.00247
05.07.2012,0.00246
06.07.2012,0.00244
09.07.2012,0.0024
10.07.2012,0.00238
11.07.2012,0.00046
12.07.2012,0.00043
13.07.2012,0.00032
16.07.2012,0.00029
17.07.2012,0.00034
18.07.2012,0.00034
19.07.2012,0.00035
20.07.2012,0.0003
23.07.2012,0.00031
24.07.2012,0.00028
25.07.2012,0.00029
26.07.2012,0.00027
27.07.2012,0.00026
30.07.2012,0.00027
31.07.2012,0.00026
01.08.2012,0.00027
02.08.2012,0.00024
03.08.2012,0.00026
06.08.2012,0.00024
07.08.2012,0.00026
08.08.2012,0.00031
09.08.2012,0.00038
10.08.2012,0.0003
13.08.2012,0.00027
14.08.2012,0.00025
15.08.2012,0.00027
16.08.2012,0.00026
17.08.2012,0.00027
20.08.2012,0.00024
21.08.2012,0.00018
22.08.2012,0.00018
23.08.2012,0.00023
24.08.2012,0.00022
27.08.2012,0.00025
28.08.2012,0.00026
29.08.2012,0.00017
30.08.2012,0.00021
31.08.2012,0.00025
03.09.2012,0.00023
04.09.2012,0.00017
05.09.2012,0.00022
06.09.2012,0.00023
07.09.2012,0.0002
10.09.2012,0.00016
11.09.2012,0.00015
12.09.2012,0.00016
13.09.2012,0.00018
14.09.2012,0.0001
17.09.2012,4e-05
18.09.2012,0.00015
19.09.2012,5e-05
20.09.2012,0.00012
21.09.2012,0.0001
24.09.2012,0.0001
25.09.2012,7e-05
26.09.2012,0.00011
27.09.2012,0.0001
28.09.2012,0.00022
01.10.2012,0.0001
02.10.2012,2e-05
03.10.2012,0.0
04.10.2012,0.0001
05.10.2012,8e-05
08.10.2012,9e-05
09.10.2012,6e-05
10.10.2012,7e-05
11.10.2012,0.0001
12.10.2012,7e-05
15.10.2012,0.00011
16.10.2012,6e-05
17.10.2012,8e-05
18.10.2012,8e-05
19.10.2012,0.0001
22.10.2012,7e-05
23.10.2012,3e-05
24.10.2012,4e-05
25.10.2012,4e-05
26.10.2012,1e-05
29.10.2012,4e-05
30.10.2012,3e-05
31.10.2012,-7e-05
01.11.2012,-6e-05
02.11.2012,5e-05
05.11.2012,4e-05
06.11.2012,5e-05
07.11.2012,5e-05
08.11.2012,2e-05
09.11.2012,-0.00013
12.11.2012,-3e-05
13.11.2012,-5e-05
14.11.2012,-8e-05
15.11.2012,-7e-05
16.11.2012,-6e-05
19.11.2012,-8e-05
20.11.2012,-0.00011
21.11.2012,-0.00013
22.11.2012,-0.00014
23.11.2012,-0.00011
26.11.2012,-0.00013
27.11.2012,-0.00013
28.11.2012,-0.00012
29.11.2012,-0.00013
30.11.2012,-8e-05
03.12.2012,-8e-05
04.12.2012,-0.00012
05.12.2012,-0.00016
06.12.2012,-0.00013
07.12.2012,-0.00013
10.12.2012,-0.00016
11.12.2012,-0.00018
12.12.2012,-0.00019
13.12.2012,-0.00014
14.12.2012,-0.00011
17.12.2012,-0.00014
18.12.2012,-0.00013
19.12.2012,-0.00015
20.12.2012,-0.00016
21.12.2012,-0.00025
24.12.2012,-0.00024
27.12.2012,-0.00013
28.12.2012,-6e-05
31.12.2012,0.00046
02.01.2013,-0.00023
03.01.2013,-0.00019
04.01.2013,-0.00017
07.01.2013,-0.00019
08.01.2013,-0.00018
09.01.2013,-0.00016
10.01.2013,-0.00016
11.01.2013,-0.00018
14.01.2013,-0.0002
15.01.2013,-0.00021
16.01.2013,-0.00018
17.01.2013,-0.00017
18.01.2013,-0.00017
21.01.2013,-0.00017
22.01.2013,-0.00016
23.01.2013,-0.00017
24.01.2013,-0.00017
25.01.2013,-0.00014
28.01.2013,-0.00012
29.01.2013,-0.00011
30.01.2013,-4e-05
31.01.2013,-5e-05
01.02.2013,-4e-05
04.02.2013,-6e-05
05.02.2013,-0.00011
06.02.2013,-0.00018
07.02.2013,-0.00017
08.02.2013,-0.00017
11.02.2013,-0.00013
12.02.2013,-0.00012
13.02.2013,-0.00021
14.02.2013,-0.00019
15.02.2013,-0.00025
18.02.2013,-0.00027
19.02.2013,-0.00023
20.02.2013,-0.00016
21.02.2013,-0.00015
22.02.2013,-0.00014
25.02.2013,-0.00021
26.02.2013,-0.0002
27.02.2013,-0.00029
28.02.2013,-0.00019
01.03.2013,-0.00026
04.03.2013,-0.00025
05.03.2013,-0.00024
06.03.2013,-0.00015
07.03.2013,-0.00022
08.03.2013,-0.00025
11.03.2013,-0.00021
12.03.2013,-0.00017
13.03.2013,-0.00017
14.03.2013,-0.00017
15.03.2013,-0.00015
18.03.2013,-0.00016
19.03.2013,-0.00021
20.03.2013,-0.0002
21.03.2013,-0.00023
22.03.2013,-0.00024
25.03.2013,-0.00021
26.03.2013,-0.00021
27.03.2013,-0.00018
28.03.2013,0.00027
02.04.2013,-0.00015
03.04.2013,-0.00013
04.04.2013,-0.00011
05.04.2013,-0.0001
08.04.2013,-3e-05
09.04.2013,-7e-05
10.04.2013,-3e-05
11.04.2013,1e-05
12.04.2013,-3e-05
15.04.2013,-2e-05
16.04.2013,-5e-05
17.04.2013,-7e-05
18.04.2013,-5e-05
19.04.2013,-2e-05
22.04.2013,-3e-05
23.04.2013,-6e-05
24.04.2013,-2e-05
25.04.2013,-2e-05
26.04.2013,-3e-05
29.04.2013,0.0
30.04.2013,0.00017
02.05.2013,-7e-05
03.05.2013,-8e-05
06.05.2013,-2e-05
07.05.2013,-0.0001
08.05.2013,-0.00021
09.05.2013,-0.00013
10.05.2013,-0.00011
13.05.2013,1e-05
14.05.2013,-4e-05
15.05.2013,-7e-05
16.05.2013,-3e-05
17.05.2013,-0.00019
20.05.2013,-0.00016
21.05.2013,-9e-05
22.05.2013,-2e-05
23.05.2013,-7e-05
24.05.2013,-4e-05
27.05.2013,-3e-05
28.05.2013,-1e-05
29.05.2013,-9e-05
30.05.2013,-0.00012
31.05.2013,0.00029
03.06.2013,-7e-05
04.06.2013,-7e-05
05.06.2013,-4e-05
06.06.2013,-2e-05
07.06.2013,-7e-05
10.06.2013,-3e-05
11.06.2013,-0.0001
12.06.2013,-8e-05
13.06.2013,-0.00011
14.06.2013,-0.0001
17.06.2013,-5e-05
18.06.2013,-0.00012
19.06.2013,-3e-05
20.06.2013,-3e-05
21.06.2013,-1e-05
24.06.2013,-1e-05
25.06.2013,-6e-05
26.06.2013,-1e-05
27.06.2013,1e-05
28.06.2013,0.00123
01.07.2013,0.0
02.07.2013,-3e-05
03.07.2013,-3e-05
04.07.2013,2e-05
05.07.2013,2e-05
08.07.2013,-1e-05
09.07.2013,-2e-05
10.07.2013,3e-05
11.07.2013,5e-05
12.07.2013,2e-05
15.07.2013,1e-05
16.07.2013,-2e-05
17.07.2013,5e-05
18.07.2013,6e-05
19.07.2013,0.00013
22.07.2013,0.00016
23.07.2013,0.0002
24.07.2013,0.00019
25.07.2013,0.00013
26.07.2013,0.00012
29.07.2013,7e-05
30.07.2013,0.00014
31.07.2013,0.00058
01.08.2013,8e-05
02.08.2013,-1e-05
05.08.2013,-2e-05
06.08.2013,-7e-05
07.08.2013,0.00014
08.08.2013,-1e-05
09.08.2013,-3e-05
12.08.2013,-6e-05
13.08.2013,-8e-05
14.08.2013,-5e-05
15.08.2013,-8e-05
16.08.2013,-7e-05
19.08.2013,-6e-05
20.08.2013,-7e-05
21.08.2013,-7e-05
22.08.2013,-6e-05
23.08.2013,-8e-05
26.08.2013,-7e-05
27.08.2013,-5e-05
28.08.2013,-7e-05
29.08.2013,-9e-05
30.08.2013,0.00022
02.09.2013,-6e-05
03.09.2013,-5e-05
04.09.2013,-0.00012
05.09.2013,-0.00016
06.09.2013,-0.0001
09.09.2013,-0.00017
10.09.2013,-0.00014
11.09.2013,-0.00012
12.09.2013,-0.00017
13.09.2013,-0.00013
16.09.2013,-0.00012
17.09.2013,-0.0001
18.09.2013,-7e-05
19.09.2013,-0.0001
20.09.2013,-7e-05
23.09.2013,-5e-05
24.09.2013,-8e-05
25.09.2013,-8e-05
26.09.2013,-3e-05
27.09.2013,0.0
30.09.2013,0.00094
01.10.2013,-5e-05
02.10.2013,-6e-05
03.10.2013,-6e-05
04.10.2013,-1e-05
07.10.2013,-3e-05
08.10.2013,-1e-05
09.10.2013,-4e-05
10.10.2013,-5e-05
11.10.2013,0.0
14.10.2013,-7e-05
15.10.2013,-7e-05
16.10.2013,-3e-05
17.10.2013,3e-05
18.10.2013,8e-05
21.10.2013,6e-05
22.10.2013,8e-05
23.10.2013,9e-05
24.10.2013,0.00011
25.10.2013,0.00011
28.10.2013,0.0001
29.10.2013,0.00013
30.10.2013,0.00018
31.10.2013,0.00143
01.11.2013,7e-05
04.11.2013,7e-05
05.11.2013,4e-05
06.11.2013,1e-05
07.11.2013,-7e-05
08.11.2013,-8e-05
11.11.2013,-9e-05
12.11.2013,-0.00011
13.11.2013,-0.00015
14.11.2013,-9e-05
15.11.2013,-6e-05
18.11.2013,-1e-05
19.11.2013,1e-05
20.11.2013,6e-05
21.11.2013,0.00023
22.11.2013,0.00032
25.11.2013,0.00047
26.11.2013,0.00046
27.11.2013,0.00038
28.11.2013,0.00042
29.11.2013,0.00192
02.12.2013,0.00027
03.12.2013,0.00032
04.12.2013,0.00041
05.12.2013,0.00042
06.12.2013,0.00042
09.12.2013,0.0004
10.12.2013,0.00046
11.12.2013,0.00059
12.12.2013,0.00054
13.12.2013,0.00065
16.12.2013,0.00098
17.12.2013,0.00121
18.12.2013,0.00091
19.12.2013,0.00074
20.12.2013,0.00076
23.12.2013,0.00073
24.12.2013,0.00086
27.12.2013,0.00107
30.12.2013,0.00138
31.12.2013,0.00361
02.01.2014,0.00067
03.01.2014,0.00026
06.01.2014,0.00011
07.01.2014,0.00014
08.01.2014,0.00052
09.01.2014,0.00071
10.01.2014,0.00069
13.01.2014,0.00068
14.01.2014,0.00062
15.01.2014,0.00125
16.01.2014,0.00215
17.01.2014,0.00258
20.01.2014,0.00274
21.01.2014,0.00266
22.01.2014,0.00153
23.01.2014,0.00125
24.01.2014,0.00106
27.01.2014,0.00103
28.01.2014,0.00094
29.01.2014,0.00072
30.01.2014,0.0007
31.01.2014,0.00143
03.02.2014,0.00055
04.02.2014,0.00048
05.02.2014,0.0006
06.02.2014,0.00047
07.02.2014,0.00046
10.02.2014,0.00042
11.02.2014,0.00037
12.02.2014,0.00085
13.02.2014,0.00074
14.02.2014,0.00059
17.02.2014,0.00065
18.02.2014,0.00068
19.02.2014,0.00079
20.02.2014,0.00084
21.02.2014,0.00086
24.02.2014,0.00084
25.02.2014,0.00081
26.02.2014,0.00083
27.02.2014,0.00077
28.02.2014,0.00174
03.03.2014,0.00071
04.03.2014,0.00072
05.03.2014,0.00079
06.03.2014,0.00078
07.03.2014,0.00074
10.03.2014,0.00082
11.03.2014,0.00086
12.03.2014,0.00087
13.03.2014,0.00085
14.03.2014,0.00073
17.03.2014,0.00077
18.03.2014,0.00075
19.03.2014,0.00083
20.03.2014,0.00078
21.03.2014,0.00085
24.03.2014,0.00084
25.03.2014,0.00087
26.03.2014,0.00086
27.03.2014,0.00089
28.03.2014,0.0011
31.03.2014,0.00603
01.04.2014,0.00109
02.04.2014,0.00127
03.04.2014,0.00133
04.04.2014,0.00127
07.04.2014,0.00139
08.04.2014,0.00131
09.04.2014,0.00124
10.04.2014,0.00122
11.04.2014,0.00124
14.04.2014,0.00124
15.04.2014,0.00122
16.04.2014,0.00119
17.04.2014,0.00136
22.04.2014,0.00132
23.04.2014,0.00153
24.04.2014,0.00209
25.04.2014,0.00246
28.04.2014,0.00313
29.04.2014,0.00372
30.04.2014,0.00315
02.05.2014,0.00074
05.05.2014,0.00041
06.05.2014,0.00023
07.05.2014,0.00175
08.05.2014,0.00154
09.05.2014,0.00137
12.05.2014,0.00106
13.05.2014,0.00099
14.05.2014,0.00092
15.05.2014,0.00087
16.05.2014,0.00084
19.05.2014,0.00092
20.05.2014,0.00111
21.05.2014,0.00186
22.05.2014,0.00252
23.05.2014,0.00311
26.05.2014,0.0034
27.05.2014,0.00384
28.05.2014,0.00154
29.05.2014,0.00159
30.05.2014,0.00363
02.06.2014,0.00141
03.06.2014,0.00106
04.06.2014,0.00057
05.06.2014,0.00019
06.06.2014,-0.00018
09.06.2014,-0.00032
10.06.2014,-0.0002
11.06.2014,-0.00025
12.06.2014,-0.00042
13.06.2014,-0.00059
16.06.2014,-0.00058
17.06.2014,-0.00055
18.06.2014,-0.0007
19.06.2014,-0.00075
20.06.2014,-0.0006
23.06.2014,-0.00054
24.06.2014,-0.00049
25.06.2014,-0.00042
26.06.2014,-0.00049
27.06.2014,-0.0006
30.06.2014,0.00251
01.07.2014,-0.00059
02.07.2014,-0.00062
03.07.2014,-0.00053
04.07.2014,-0.00053
07.07.2014,-0.00056
08.07.2014,-0.00058
09.07.2014,-0.00052
10.07.2014,-0.00049
11.07.2014,-0.00035
14.07.2014,-0.00033
15.07.2014,-0.00051
16.07.2014,-0.00049
17.07.2014,-0.00046
18.07.2014,-0.00048
21.07.2014,-0.00037
22.07.2014,-0.00044
23.07.2014,-0.00038
24.07.2014,-0.00043
25.07.2014,-0.00042
28.07.2014,-0.00041
29.07.2014,-0.00053
30.07.2014,-0.0005
31.07.2014,0.00092
01.08.2014,-0.00062
04.08.2014,-0.00056
05.08.2014,-0.00054
06.08.2014,-0.00064
07.08.2014,-0.00071
08.08.2014,-0.00066
11.08.2014,-0.00075
12.08.2014,-0.00076
13.08.2014,-0.00066
14.08.2014,-0.00071
15.08.2014,-0.00078
18.08.2014,-0.00079
19.08.2014,-0.0008
20.08.2014,-0.00072
21.08.2014,-0.00071
22.08.2014,-0.00079
25.08.2014,-0.00066
26.08.2014,-0.00076
27.08.2014,-0.00074
28.08.2014,-0.00089
29.08.2014,0.00016
01.09.2014,-0.00098
02.09.2014,-0.00092
03.09.2014,-0.00091
04.09.2014,-0.00082
05.09.2014,-0.00085
08.09.2014,-0.00082
09.09.2014,-0.00073
10.09.2014,-0.00109
11.09.2014,-0.00101
12.09.2014,-0.00099
15.09.2014,-0.00096
16.09.2014,-0.00078
17.09.2014,-0.00078
18.09.2014,-0.00082
19.09.2014,-0.00078
22.09.2014,-0.00083
23.09.2014,-0.0007
24.09.2014,-0.00063
25.09.2014,-0.00088
26.09.2014,-0.00102
29.09.2014,-0.00107
30.09.2014,0.00112
01.10.2014,-0.00117
02.10.2014,-0.00118
03.10.2014,-0.0013
06.10.2014,-0.00099
07.10.2014,-0.00118
08.10.2014,-0.001
09.10.2014,-0.001
10.10.2014,-0.00091
13.10.2014,-0.00103
14.10.2014,-0.00111
15.10.2014,-0.00096
16.10.2014,-0.00097
17.10.2014,-0.00099
20.10.2014,-0.00088
21.10.2014,-0.00073
22.10.2014,-0.00068
23.10.2014,-0.00071
24.10.2014,-0.00067
27.10.2014,-0.00072
28.10.2014,-0.00075
29.10.2014,-0.00079
30.10.2014,-0.00083
31.10.2014,-3e-05
03.11.2014,-0.0012
04.11.2014,-0.00124
05.11.2014,-0.00127
06.11.2014,-0.00122
07.11.2014,-0.00123
10.11.2014,-0.00117
11.11.2014,-0.00121
12.11.2014,-0.00112
13.11.2014,-0.00113
14.11.2014,-0.00114
17.11.2014,-0.00112
18.11.2014,-0.00107
19.11.2014,-0.00108
20.11.2014,-0.00104
21.11.2014,-0.00096
24.11.2014,-0.00091
25.11.2014,-0.00068
26.11.2014,-0.00039
27.11.2014,-0.00056
28.11.2014,0.00043
01.12.2014,-0.00092
02.12.2014,-0.0011
03.12.2014,-0.00108
04.12.2014,-0.00121
05.12.2014,-0.00123
08.12.2014,-0.00137
09.12.2014,-0.00125
10.12.2014,-0.0011
11.12.2014,-0.00099
12.12.2014,-0.00106
15.12.2014,-0.00101
16.12.2014,-0.00104
17.12.2014,-0.00111
18.12.2014,-0.00115
19.12.2014,-0.0014
22.12.2014,-0.00136
23.12.2014,-0.00162
24.12.2014,-0.0017
29.12.2014,-0.00145
30.12.2014,-0.00162
31.12.2014,0.00059
02.01.2015,-0.00164
05.01.2015,-0.00159
06.01.2015,-0.0016
07.01.2015,-0.00154
08.01.2015,-0.00155
09.01.2015,-0.00132
12.01.2015,-0.00148
13.01.2015,-0.00154
14.01.2015,-0.00152
15.01.2015,-0.00152
16.01.2015,-0.00166
19.01.2015,-0.0016
20.01.2015,-0.00166
21.01.2015,-0.00153
22.01.2015,-0.00121
23.01.2015,-0.00104
26.01.2015,-0.00118
27.01.2015,-0.00104
28.01.2015,-0.00114
29.01.2015,-0.00113
30.01.2015,1e-05
02.02.2015,-0.00109
03.02.2015,-0.00119
04.02.2015,-0.00122
05.02.2015,-0.00111
06.02.2015,-0.00122
09.02.2015,-0.00127
10.02.2015,-0.00126
11.02.2015,-0.00133
12.02.2015,-0.0013
13.02.2015,-0.00131
16.02.2015,-0.00134
17.02.2015,-0.00125
18.02.2015,-0.00123
19.02.2015,-0.00119
20.02.2015,-0.00128
23.02.2015,-0.00129
24.02.2015,-0.00133
25.02.2015,-0.00131
26.02.2015,-0.00147
27.02.2015,-0.00021
02.03.2015,-0.0014
03.03.2015,-0.00148
04.03.2015,-0.00145
05.03.2015,-0.00141
06.03.2015,-0.00149
09.03.2015,-0.00149
10.03.2015,-0.00149
11.03.2015,-0.0014
12.03.2015,-0.0014
13.03.2015,-0.00125
16.03.2015,-0.00143
17.03.2015,-0.00126
18.03.2015,-0.00142
19.03.2015,-0.00125
20.03.2015,-0.0014
23.03.2015,-0.00133
24.03.2015,-0.00144
25.03.2015,-0.00148
26.03.2015,-0.00143
27.03.2015,-0.00138
30.03.2015,-0.00135
31.03.2015,-0.00035
01.04.2015,-0.00155
02.04.2015,-0.00164
07.04.2015,-0.00165
08.04.2015,-0.00159
09.04.2015,-0.00141
10.04.2015,-0.00155
13.04.2015,-0.00157
14.04.2015,-0.00174
15.04.2015,-0.00159
16.04.2015,-0.00178
17.04.2015,-0.00158
20.04.2015,-0.00164
21.04.2015,-0.00169
22.04.2015,-0.00162
23.04.2015,-0.00165
24.04.2015,-0.00166
27.04.2015,-0.00166
28.04.2015,-0.00164
29.04.2015,-0.00157
30.04.2015,-0.00112
04.05.2015,-0.00169
05.05.2015,-0.0017
06.05.2015,-0.00173
07.05.2015,-0.00174
08.05.2015,-0.00172
11.05.2015,-0.00174
12.05.2015,-0.00176
13.05.2015,-0.00222
14.05.2015,-0.00228
15.05.2015,-0.00195
18.05.2015,-0.0019
19.05.2015,-0.00191
20.05.2015,-0.0019
21.05.2015,-0.00191
22.05.2015,-0.00225
25.05.2015,-0.00228
26.05.2015,-0.00194
27.05.2015,-0.00199
28.05.2015,-0.00189
29.05.2015,-0.00165
01.06.2015,-0.00191
02.06.2015,-0.00207
03.06.2015,-0.00228
04.06.2015,-0.00223
05.06.2015,-0.002
08.06.2015,-0.00212
09.06.2015,-0.00211
10.06.2015,-0.00202
11.06.2015,-0.00205
12.06.2015,-0.0021
15.06.2015,-0.00204
16.06.2015,-0.0021
17.06.2015,-0.00195
18.06.2015,-0.00203
19.06.2015,-0.00205
22.06.2015,-0.00212
23.06.2015,-0.00206
24.06.2015,-0.00196
25.06.2015,-0.00201
26.06.2015,-0.00208
29.06.2015,-0.00203
30.06.2015,-0.00145
01.07.2015,-0.00208
02.07.2015,-0.00206
03.07.2015,-0.00201
06.07.2015,-0.00207
07.07.2015,-0.00205
08.07.2015,-0.00203
09.07.2015,-0.00206
10.07.2015,-0.00205
13.07.2015,-0.00203
14.07.2015,-0.00197
15.07.2015,-0.00207
16.07.2015,-0.00209
17.07.2015,-0.00207
20.07.2015,-0.00201
21.07.2015,-0.00206
22.07.2015,-0.00205
23.07.2015,-0.002
24.07.2015,-0.00199
27.07.2015,-0.00202
28.07.2015,-0.00199
29.07.2015,-0.00198
30.07.2015,-0.00201
31.07.2015,-0.00187
03.08.2015,-0.00193
04.08.2015,-0.00195
05.08.2015,-0.00193
06.08.2015,-0.00201
07.08.2015,-0.00204
10.08.2015,-0.00214
11.08.2015,-0.00202
12.08.2015,-0.00209
13.08.2015,-0.00214
14.08.2015,-0.00215
17.08.2015,-0.00207
18.08.2015,-0.00211
19.08.2015,-0.00204
20.08.2015,-0.00203
21.08.2015,-0.00204
24.08.2015,-0.00211
25.08.2015,-0.0022
26.08.2015,-0.00214
27.08.2015,-0.00212
28.08.2015,-0.00211
31.08.2015,-0.00195
01.09.2015,-0.0021
02.09.2015,-0.0021
03.09.2015,-0.00209
04.09.2015,-0.00218
07.09.2015,-0.00221
08.09.2015,-0.00219
09.09.2015,-0.00215
10.09.2015,-0.00217
11.09.2015,-0.00215
14.09.2015,-0.00225
15.09.2015,-0.00227
16.09.2015,-0.00221
17.09.2015,-0.00223
18.09.2015,-0.00226
21.09.2015,-0.0023
22.09.2015,-0.00227
23.09.2015,-0.00228
24.09.2015,-0.00228
25.09.2015,-0.00228
28.09.2015,-0.00231
29.09.2015,-0.0022
30.09.2015,-0.00207
01.10.2015,-0.00227
02.10.2015,-0.00224
05.10.2015,-0.00229
06.10.2015,-0.00219
07.10.2015,-0.00224
08.10.2015,-0.00223
09.10.2015,-0.00227
12.10.2015,-0.00219
13.10.2015,-0.00221
14.10.2015,-0.0022
15.10.2015,-0.00228
16.10.2015,-0.00227
19.10.2015,-0.00227
20.10.2015,-0.00224
21.10.2015,-0.00221
22.10.2015,-0.00224
23.10.2015,-0.00219
26.10.2015,-0.00229
27.10.2015,-0.00222
28.10.2015,-0.0023
29.10.2015,-0.00228
30.10.2015,-0.00214
02.11.2015,-0.00214
03.11.2015,-0.00219
04.11.2015,-0.00215
05.11.2015,-0.00214
06.11.2015,-0.00223
09.11.2015,-0.0023
10.11.2015,-0.00224
11.11.2015,-0.00216
12.11.2015,-0.00223
13.11.2015,-0.00217
16.11.2015,-0.00223
17.11.2015,-0.00216
18.11.2015,-0.00214
19.11.2015,-0.00222
20.11.2015,-0.00218
23.11.2015,-0.00223
24.11.2015,-0.00224
25.11.2015,-0.00219
26.11.2015,-0.00224
27.11.2015,-0.00223
30.11.2015,-0.00212
01.12.2015,-0.00216
02.12.2015,-0.00217
03.12.2015,-0.00221
04.12.2015,-0.00223
07.12.2015,-0.00227
08.12.2015,-0.00232
09.12.2015,-0.0032
10.12.2015,-0.00317
11.12.2015,-0.00316
14.12.2015,-0.00315
15.12.2015,-0.00324
16.12.2015,-0.00326
17.12.2015,-0.00323
18.12.2015,-0.00322
21.12.2015,-0.00316
22.12.2015,-0.00316
23.12.2015,-0.00319
24.12.2015,-0.00329
28.12.2015,-0.00323
29.12.2015,-0.00308
30.12.2015,-0.00225
31.12.2015,-0.00212
04.01.2016,-0.00326
05.01.2016,-0.00336
06.01.2016,-0.00338
07.01.2016,-0.00318
08.01.2016,-0.0032
11.01.2016,-0.00321
12.01.2016,-0.00318
13.01.2016,-0.00322
14.01.2016,-0.00325
15.01.2016,-0.00324
18.01.2016,-0.00325
19.01.2016,-0.00324
20.01.2016,-0.00323
21.01.2016,-0.00325
22.01.2016,-0.00326
25.01.2016,-0.00323
26.01.2016,-0.00321
27.01.2016,-0.00322
28.01.2016,-0.00324
29.01.2016,-0.00313
01.02.2016,-0.00322
02.02.2016,-0.00317
03.02.2016,-0.00332
04.02.2016,-0.00316
05.02.2016,-0.00321
08.02.2016,-0.00327
09.02.2016,-0.00322
10.02.2016,-0.00322
11.02.2016,-0.00324
12.02.2016,-0.00325
15.02.2016,-0.00328
16.02.2016,-0.00327
17.02.2016,-0.00329
18.02.2016,-0.00329
19.02.2016,-0.00328
22.02.2016,-0.00327
23.02.2016,-0.00331
24.02.2016,-0.00332
25.02.2016,-0.00334
26.02.2016,-0.00328
29.02.2016,-0.00312
01.03.2016,-0.00323
02.03.2016,-0.00319
03.03.2016,-0.00323
04.03.2016,-0.00321
07.03.2016,-0.00324
08.03.2016,-0.00319
09.03.2016,-0.00321
10.03.2016,-0.00327
11.03.2016,-0.00327
14.03.2016,-0.00328
15.03.2016,-0.00333
16.03.2016,-0.00424
17.03.2016,-0.00432
18.03.2016,-0.0043
21.03.2016,-0.0043
22.03.2016,-0.00429
23.03.2016,-0.00431
24.03.2016,-0.00434
29.03.2016,-0.00432
30.03.2016,-0.00432
31.03.2016,-0.00388
01.04.2016,-0.0042
04.04.2016,-0.00416
05.04.2016,-0.00417
06.04.2016,-0.00419
07.04.2016,-0.00415
08.04.2016,-0.00419
11.04.2016,-0.00418
12.04.2016,-0.00426
13.04.2016,-0.00422
14.04.2016,-0.00425
15.04.2016,-0.00426
18.04.2016,-0.00433
19.04.2016,-0.00425
20.04.2016,-0.00428
21.04.2016,-0.00427
22.04.2016,-0.00425
25.04.2016,-0.00426
26.04.2016,-0.00427
27.04.2016,-0.00425
28.04.2016,-0.00422
29.04.2016,-0.00418
02.05.2016,-0.00423
03.05.2016,-0.00416
04.05.2016,-0.00421
05.05.2016,-0.00426
06.05.2016,-0.00414
09.05.2016,-0.00411
10.05.2016,-0.00418
11.05.2016,-0.0042
12.05.2016,-0.00427
13.05.2016,-0.00426
16.05.2016,-0.00432
17.05.2016,-0.00419
18.05.2016,-0.00422
19.05.2016,-0.00425
20.05.2016,-0.0042
23.05.2016,-0.00423
24.05.2016,-0.00425
25.05.2016,-0.00427
26.05.2016,-0.00441
27.05.2016,-0.00431
30.05.2016,-0.0043
31.05.2016,-0.00409
01.06.2016,-0.00418
02.06.2016,-0.00415
03.06.2016,-0.00423
06.06.2016,-0.00416
07.06.2016,-0.00418
08.06.2016,-0.00422
09.06.2016,-0.00416
10.06.2016,-0.00414
13.06.2016,-0.00412
14.06.2016,-0.00415
15.06.2016,-0.00419
16.06.2016,-0.0042
17.06.2016,-0.00426
20.06.2016,-0.00426
21.06.2016,-0.0042
22.06.2016,-0.00425
23.06.2016,-0.0043
24.06.2016,-0.00408
27.06.2016,-0.00421
28.06.2016,-0.00422
29.06.2016,-0.00422
30.06.2016,-0.00378
01.07.2016,-0.00406
04.07.2016,-0.004
05.07.2016,-0.00408
06.07.2016,-0.00411
07.07.2016,-0.00414
08.07.2016,-0.00406
11.07.2016,-0.00411
12.07.2016,-0.00409
13.07.2016,-0.00411
14.07.2016,-0.00417
15.07.2016,-0.00418
18.07.2016,-0.00419
19.07.2016,-0.00421
20.07.2016,-0.00418
21.07.2016,-0.0042
22.07.2016,-0.0042
25.07.2016,-0.00419
26.07.2016,-0.00419
27.07.2016,-0.00416
28.07.2016,-0.0042
29.07.2016,-0.00406
01.08.2016,-0.00415
02.08.2016,-0.00416
03.08.2016,-0.00417
04.08.2016,-0.00422
05.08.2016,-0.00424
08.08.2016,-0.00427
09.08.2016,-0.00423
10.08.2016,-0.00418
11.08.2016,-0.00429
12.08.2016,-0.00432
15.08.2016,-0.00431
16.08.2016,-0.00421
17.08.2016,-0.00423
18.08.2016,-0.00424
19.08.2016,-0.00427
22.08.2016,-0.00426
23.08.2016,-0.00425
24.08.2016,-0.00424
25.08.2016,-0.00426
26.08.2016,-0.00428
29.08.2016,-0.0043
30.08.2016,-0.00426
31.08.2016,-0.00414
01.09.2016,-0.00423
02.09.2016,-0.00424
05.09.2016,-0.00424
06.09.2016,-0.00426
07.09.2016,-0.00439
08.09.2016,-0.00422
09.09.2016,-0.00427
12.09.2016,-0.00429
13.09.2016,-0.00431
14.09.2016,-0.00427
15.09.2016,-0.0043
16.09.2016,-0.00431
19.09.2016,-0.00432
20.09.2016,-0.00431
21.09.2016,-0.00432
22.09.2016,-0.00427
23.09.2016,-0.0043
26.09.2016,-0.0043
27.09.2016,-0.00428
28.09.2016,-0.00431
29.09.2016,-0.00428
30.09.2016,-0.00414
03.10.2016,-0.00406
04.10.2016,-0.00429
05.10.2016,-0.00427
06.10.2016,-0.00431
07.10.2016,-0.00434
10.10.2016,-0.0043
11.10.2016,-0.00433
12.10.2016,-0.00432
13.10.2016,-0.00433
14.10.2016,-0.00435
17.10.2016,-0.00437
18.10.2016,-0.00434
19.10.2016,-0.00436
20.10.2016,-0.00434
21.10.2016,-0.00433
24.10.2016,-0.00435
25.10.2016,-0.00437
26.10.2016,-0.00436
27.10.2016,-0.00439
28.10.2016,-0.00436
31.10.2016,-0.00417
01.11.2016,-0.00433
02.11.2016,-0.00428
03.11.2016,-0.00428
04.11.2016,-0.00428
07.11.2016,-0.00429
08.11.2016,-0.00429
09.11.2016,-0.00441
10.11.2016,-0.00438
11.11.2016,-0.00435
14.11.2016,-0.00432
15.11.2016,-0.00434
16.11.2016,-0.00441
17.11.2016,-0.00434
18.11.2016,-0.00435
21.11.2016,-0.00434
22.11.2016,-0.00436
23.11.2016,-0.00433
24.11.2016,-0.00437
25.11.2016,-0.00435
28.11.2016,-0.00438
29.11.2016,-0.00436
30.11.2016,-0.00428
01.12.2016,-0.00429
02.12.2016,-0.00432
05.12.2016,-0.00432
06.12.2016,-0.00436
07.12.2016,-0.00434
08.12.2016,-0.00431
09.12.2016,-0.00433
12.12.2016,-0.00435
13.12.2016,-0.00437
14.12.2016,-0.00436
15.12.2016,-0.00441
16.12.2016,-0.00439
19.12.2016,-0.00439
20.12.2016,-0.00439
21.12.2016,-0.00438
22.12.2016,-0.00439
23.12.2016,-0.00441
27.12.2016,-0.0044
28.12.2016,-0.00439
29.12.2016,-0.0044
30.12.2016,-0.00414
02.01.2017,-0.00441
03.01.2017,-0.00433
04.01.2017,-0.0043
05.01.2017,-0.00439
06.01.2017,-0.00441
09.01.2017,-0.00436
10.01.2017,-0.00436
11.01.2017,-0.00436
12.01.2017,-0.00438
13.01.2017,-0.00437
16.01.2017,-0.00438
17.01.2017,-0.00437
18.01.2017,-0.00437
19.01.2017,-0.00436
20.01.2017,-0.00436
23.01.2017,-0.00438
24.01.2017,-0.00438
25.01.2017,-0.00439
26.01.2017,-0.00437
27.01.2017,-0.00436
30.01.2017,-0.00435
31.01.2017,-0.0043
01.02.2017,-0.00432
02.02.2017,-0.00436
03.02.2017,-0.00433
06.02.2017,-0.00436
07.02.2017,-0.00434
08.02.2017,-0.00435
09.02.2017,-0.00438
10.02.2017,-0.00437
13.02.2017,-0.00439
14.02.2017,-0.00438
15.02.2017,-0.00438
16.02.2017,-0.00439
17.02.2017,-0.0044
20.02.2017,-0.00439
21.02.2017,-0.00441
22.02.2017,-0.00445
23.02.2017,-0.00441
24.02.2017,-0.00444
27.02.2017,-0.00442
28.02.2017,-0.0043
01.03.2017,-0.00435
02.03.2017,-0.00436
03.03.2017,-0.00434
06.03.2017,-0.00437
07.03.2017,-0.00438
08.03.2017,-0.00438
09.03.2017,-0.00438
10.03.2017,-0.00437
13.03.2017,-0.00438
14.03.2017,-0.00439
15.03.2017,-0.00439
16.03.2017,-0.00439
17.03.2017,-0.00438
20.03.2017,-0.00435
21.03.2017,-0.00432
22.03.2017,-0.00442
23.03.2017,-0.00442
24.03.2017,-0.00441
27.03.2017,-0.00442
28.03.2017,-0.00442
29.03.2017,-0.00442
30.03.2017,-0.00441
31.03.2017,-0.0044
03.04.2017,-0.00438
04.04.2017,-0.00436
05.04.2017,-0.00437
06.04.2017,-0.00438
07.04.2017,-0.00438
10.04.2017,-0.00442
11.04.2017,-0.00443
12.04.2017,-0.00444
13.04.2017,-0.00443
18.04.2017,-0.00444
19.04.2017,-0.00444
20.04.2017,-0.00443
21.04.2017,-0.00443
24.04.2017,-0.00443
25.04.2017,-0.00447
26.04.2017,-0.00448
27.04.2017,-0.00447
28.04.2017,-0.00436
02.05.2017,-0.00441
03.05.2017,-0.00442
04.05.2017,-0.00442
05.05.2017,-0.00442
08.05.2017,-0.00441
09.05.2017,-0.00442
10.05.2017,-0.00443
11.05.2017,-0.00446
12.05.2017,-0.00443
15.05.2017,-0.00443
16.05.2017,-0.00452
17.05.2017,-0.00444
18.05.2017,-0.00447
19.05.2017,-0.00445
22.05.2017,-0.00444
23.05.2017,-0.00445
24.05.2017,-0.00444
25.05.2017,-0.0045
26.05.2017,-0.00444
29.05.2017,-0.00446
30.05.2017,-0.00446
31.05.2017,-0.00433
01.06.2017,-0.0044
02.06.2017,-0.00416
05.06.2017,-0.00458
06.06.2017,-0.00443
07.06.2017,-0.00447
08.06.2017,-0.00443
09.06.2017,-0.00445
12.06.2017,-0.00443
13.06.2017,-0.00443
14.06.2017,-0.00443
15.06.2017,-0.00446
16.06.2017,-0.0044
19.06.2017,-0.00445
20.06.2017,-0.00447
21.06.2017,-0.00447
22.06.2017,-0.00447
23.06.2017,-0.00447
26.06.2017,-0.00447
27.06.2017,-0.00447
28.06.2017,-0.00447
29.06.2017,-0.00445
30.06.2017,-0.00435
03.07.2017,-0.00441
04.07.2017,-0.00442
05.07.2017,-0.00442
06.07.2017,-0.00444
07.07.2017,-0.00444
10.07.2017,-0.00445
11.07.2017,-0.00445
12.07.2017,-0.00444
13.07.2017,-0.00445
14.07.2017,-0.00446
17.07.2017,-0.00447
18.07.2017,-0.00447
19.07.2017,-0.00447
20.07.2017,-0.00447
21.07.2017,-0.00446
24.07.2017,-0.00446
25.07.2017,-0.00447
26.07.2017,-0.00446
27.07.2017,-0.00446
28.07.2017,-0.00444
31.07.2017,-0.00433
01.08.2017,-0.00441
02.08.2017,-0.00439
03.08.2017,-0.00435
04.08.2017,-0.00441
07.08.2017,-0.00438
08.08.2017,-0.0044
09.08.2017,-0.00439
10.08.2017,-0.00438
11.08.2017,-0.00441
14.08.2017,-0.0044
15.08.2017,-0.00441
16.08.2017,-0.00443
17.08.2017,-0.00443
18.08.2017,-0.00443
21.08.2017,-0.00443
22.08.2017,-0.00443
23.08.2017,-0.00443
24.08.2017,-0.00442
25.08.2017,-0.00443
28.08.2017,-0.00443
29.08.2017,-0.00445
30.08.2017,-0.00445
31.08.2017,-0.0043
01.09.2017,-0.00442
04.09.2017,-0.00441
05.09.2017,-0.00442
06.09.2017,-0.00441
07.09.2017,-0.00442
08.09.2017,-0.00433
11.09.2017,-0.00442
12.09.2017,-0.00443
13.09.2017,-0.00443
14.09.2017,-0.00444
15.09.2017,-0.00445
18.09.2017,-0.00448
19.09.2017,-0.00446
20.09.2017,-0.00445
21.09.2017,-0.00451
22.09.2017,-0.00444
25.09.2017,-0.00445
26.09.2017,-0.00444
27.09.2017,-0.00446
28.09.2017,-0.00445
29.09.2017,-0.00434
02.10.2017,-0.00441
03.10.2017,-0.00441
04.10.2017,-0.00444
05.10.2017,-0.00444
06.10.2017,-0.00444
09.10.2017,-0.00445
10.10.2017,-0.00446
11.10.2017,-0.00447
12.10.2017,-0.00446
13.10.2017,-0.00444
16.10.2017,-0.00444
17.10.2017,-0.00446
18.10.2017,-0.00445
19.10.2017,-0.00445
20.10.2017,-0.00446
23.10.2017,-0.00447
24.10.2017,-0.00446
25.10.2017,-0.00447
26.10.2017,-0.00449
27.10.2017,-0.00445
30.10.2017,-0.00433
31.10.2017,-0.00433
01.11.2017,-0.00435
02.11.2017,-0.00437
03.11.2017,-0.00438
06.11.2017,-0.00439
07.11.2017,-0.00442
08.11.2017,-0.00441
09.11.2017,-0.0044
10.11.2017,-0.00442
13.11.2017,-0.00441
14.11.2017,-0.00441
15.11.2017,-0.00442
16.11.2017,-0.00443
17.11.2017,-0.00444
20.11.2017,-0.00443
21.11.2017,-0.00444
22.11.2017,-0.00443
23.11.2017,-0.00444
24.11.2017,-0.00444
27.11.2017,-0.0045
28.11.2017,-0.00447
29.11.2017,-0.00386
30.11.2017,-0.00326
01.12.2017,-0.00376
04.12.2017,-0.00404
05.12.2017,-0.00409
06.12.2017,-0.00411
07.12.2017,-0.00412
08.12.2017,-0.00414
11.12.2017,-0.00415
12.12.2017,-0.0043
13.12.2017,-0.00445
14.12.2017,-0.00447
15.12.2017,-0.00448
18.12.2017,-0.00443
19.12.2017,-0.00435
20.12.2017,-0.0044
21.12.2017,-0.00438
22.12.2017,-0.00438
27.12.2017,-0.00442
28.12.2017,-0.0044
29.12.2017,-0.00431
02.01.2018,-0.00455
03.01.2018,-0.00441
04.01.2018,-0.00441
05.01.2018,-0.00442
08.01.2018,-0.00442
09.01.2018,-0.00443
10.01.2018,-0.00455
11.01.2018,-0.00445
12.01.2018,-0.00444
15.01.2018,-0.00454
16.01.2018,-0.00455
17.01.2018,-0.00448
18.01.2018,-0.00455
19.01.2018,-0.00447
22.01.2018,-0.00448
23.01.2018,-0.00448
24.01.2018,-0.00448
25.01.2018,-0.00448
26.01.2018,-0.00449
29.01.2018,-0.00448
30.01.2018,-0.00446
31.01.2018,-0.0044
01.02.2018,-0.00448
02.02.2018,-0.00448
05.02.2018,-0.00451
06.02.2018,-0.00452
07.02.2018,-0.0045
08.02.2018,-0.00448
09.02.2018,-0.0045
12.02.2018,-0.00448
13.02.2018,-0.00447
14.02.2018,-0.00449
15.02.2018,-0.00448
16.02.2018,-0.00451
19.02.2018,-0.00453
20.02.2018,-0.00454
21.02.2018,-0.00453
22.02.2018,-0.00454
23.02.2018,-0.00453
26.02.2018,-0.00455
27.02.2018,-0.00446
28.02.2018,-0.00436
01.03.2018,-0.00446
02.03.2018,-0.00447
05.03.2018,-0.00447
06.03.2018,-0.0045
07.03.2018,-0.00448
08.03.2018,-0.00446
09.03.2018,-0.00446
12.03.2018,-0.00448
13.03.2018,-0.00449
14.03.2018,-0.00448
15.03.2018,-0.00451
16.03.2018,-0.00451
19.03.2018,-0.00453
20.03.2018,-0.00453
21.03.2018,-0.00452
22.03.2018,-0.00453
23.03.2018,-0.00451
26.03.2018,-0.00452
27.03.2018,-0.00453
28.03.2018,-0.0045
29.03.2018,-0.00433
03.04.2018,-0.00447
04.04.2018,-0.00448
05.04.2018,-0.00452
06.04.2018,-0.00453
09.04.2018,-0.00451
10.04.2018,-0.00451
11.04.2018,-0.0045
12.04.2018,-0.00449
13.04.2018,-0.00449
16.04.2018,-0.00452
17.04.2018,-0.00453
18.04.2018,-0.00453
19.04.2018,-0.00453
20.04.2018,-0.00453
23.04.2018,-0.00453
24.04.2018,-0.00452
25.04.2018,-0.00451
26.04.2018,-0.00452
27.04.2018,-0.00452
30.04.2018,-0.0044
02.05.2018,-0.00443
03.05.2018,-0.00444
04.05.2018,-0.00445
07.05.2018,-0.00448
08.05.2018,-0.00448
09.05.2018,-0.00444
10.05.2018,-0.00446
11.05.2018,-0.00446
14.05.2018,-0.00445
15.05.2018,-0.00446
16.05.2018,-0.00454
17.05.2018,-0.0045
18.05.2018,-0.00456
21.05.2018,-0.00451
22.05.2018,-0.00449
23.05.2018,-0.0045
24.05.2018,-0.00449
25.05.2018,-0.00451
28.05.2018,-0.00452
29.05.2018,-0.00448
30.05.2018,-0.00442
31.05.2018,-0.00438
01.06.2018,-0.00443
04.06.2018,-0.00441
05.06.2018,-0.00445
06.06.2018,-0.00442
07.06.2018,-0.00441
08.06.2018,-0.00442
11.06.2018,-0.00445
12.06.2018,-0.00447
13.06.2018,-0.00447
14.06.2018,-0.00449
15.06.2018,-0.0045
18.06.2018,-0.0045
19.06.2018,-0.00448
20.06.2018,-0.00449
21.06.2018,-0.0045
22.06.2018,-0.00449
25.06.2018,-0.00448
26.06.2018,-0.00449
27.06.2018,-0.00453
28.06.2018,-0.00451
29.06.2018,-0.00443
02.07.2018,-0.00446
03.07.2018,-0.00449
04.07.2018,-0.00448
05.07.2018,-0.00446
06.07.2018,-0.00447
09.07.2018,-0.00446
10.07.2018,-0.00447
11.07.2018,-0.00447
12.07.2018,-0.00448
13.07.2018,-0.00447
16.07.2018,-0.00449
17.07.2018,-0.0045
18.07.2018,-0.00451
19.07.2018,-0.00451
20.07.2018,-0.00452
23.07.2018,-0.00451
24.07.2018,-0.00451
25.07.2018,-0.0045
26.07.2018,-0.00451
27.07.2018,-0.00451
30.07.2018,-0.00448
31.07.2018,-0.00443
01.08.2018,-0.00443
02.08.2018,-0.00443
03.08.2018,-0.0044
06.08.2018,-0.00446
07.08.2018,-0.00441
08.08.2018,-0.00442
09.08.2018,-0.00442
10.08.2018,-0.00442
13.08.2018,-0.00442
14.08.2018,-0.00444
15.08.2018,-0.00447
16.08.2018,-0.00444
17.08.2018,-0.00445
20.08.2018,-0.00446
21.08.2018,-0.00448
22.08.2018,-0.00448
23.08.2018,-0.00448
24.08.2018,-0.00448
27.08.2018,-0.00448
28.08.2018,-0.00448
29.08.2018,-0.00449
30.08.2018,-0.00444
31.08.2018,-0.00427
03.09.2018,-0.00441
04.09.2018,-0.00438
05.09.2018,-0.00441
06.09.2018,-0.00442
07.09.2018,-0.00446
10.09.2018,-0.00443
11.09.2018,-0.00449
12.09.2018,-0.00456
13.09.2018,-0.0045
14.09.2018,-0.00451
17.09.2018,-0.00451
18.09.2018,-0.00452
19.09.2018,-0.0045
20.09.2018,-0.00451
21.09.2018,-0.00452
24.09.2018,-0.00451
25.09.2018,-0.00452
26.09.2018,-0.00452
27.09.2018,-0.0045
28.09.2018,-0.00436
01.10.2018,-0.00448
02.10.2018,-0.0045
03.10.2018,-0.0045
04.10.2018,-0.00449
05.10.2018,-0.00447
08.10.2018,-0.0045
09.10.2018,-0.0045
10.10.2018,-0.00452
11.10.2018,-0.00451
12.10.2018,-0.00453
15.10.2018,-0.00454
16.10.2018,-0.00455
17.10.2018,-0.00456
18.10.2018,-0.00455
19.10.2018,-0.00453
22.10.2018,-0.00454
23.10.2018,-0.00454
24.10.2018,-0.00454
25.10.2018,-0.00453
26.10.2018,-0.00454
29.10.2018,-0.00455
30.10.2018,-0.00451
31.10.2018,-0.00426
01.11.2018,-0.00438
02.11.2018,-0.00447
05.11.2018,-0.00447
06.11.2018,-0.00447
07.11.2018,-0.00447
08.11.2018,-0.00448
09.11.2018,-0.00446
12.11.2018,-0.00445
13.11.2018,-0.00447
14.11.2018,-0.00445
15.11.2018,-0.00453
16.11.2018,-0.00447
19.11.2018,-0.00447
20.11.2018,-0.00447
21.11.2018,-0.00448
22.11.2018,-0.00447
23.11.2018,-0.00447
26.11.2018,-0.00447
27.11.2018,-0.00447
28.11.2018,-0.0045
29.11.2018,-0.00448
30.11.2018,-0.00434
03.12.2018,-0.0044
04.12.2018,-0.00454
05.12.2018,-0.00443
06.12.2018,-0.00444
07.12.2018,-0.00444
10.12.2018,-0.00443
11.12.2018,-0.00445
12.12.2018,-0.00445
13.12.2018,-0.00446
14.12.2018,-0.00447
17.12.2018,-0.00449
18.12.2018,-0.00451
19.12.2018,-0.00452
20.12.2018,-0.00447
21.12.2018,-0.00459
24.12.2018,-0.00454
27.12.2018,-0.0042
28.12.2018,-0.0044
31.12.2018,-0.00441
02.01.2019,-0.00453
03.01.2019,-0.00451
04.01.2019,-0.0045
07.01.2019,-0.0045
08.01.2019,-0.00447
09.01.2019,-0.0045
10.01.2019,-0.00451
11.01.2019,-0.00451
14.01.2019,-0.00451
15.01.2019,-0.00454
16.01.2019,-0.00455
17.01.2019,-0.00454
18.01.2019,-0.00456
21.01.2019,-0.00454
22.01.2019,-0.00453
23.01.2019,-0.00453
24.01.2019,-0.00454
25.01.2019,-0.00454
28.01.2019,-0.00453
29.01.2019,-0.00454
30.01.2019,-0.00454
31.01.2019,-0.00442
01.02.2019,-0.0045
04.02.2019,-0.00443
05.02.2019,-0.00448
06.02.2019,-0.00448
07.02.2019,-0.00448
08.02.2019,-0.00447
11.02.2019,-0.00451
12.02.2019,-0.00452
13.02.2019,-0.00454
14.02.2019,-0.00455
15.02.2019,-0.00454
18.02.2019,-0.00456
19.02.2019,-0.00454
20.02.2019,-0.00455
21.02.2019,-0.00455
22.02.2019,-0.00453
25.02.2019,-0.00455
26.02.2019,-0.00457
27.02.2019,-0.00456
28.02.2019,-0.0045
01.03.2019,-0.00453
04.03.2019,-0.00455
05.03.2019,-0.00457
06.03.2019,-0.00453
07.03.2019,-0.00449
08.03.2019,-0.00454
11.03.2019,-0.00456
12.03.2019,-0.00451
13.03.2019,-0.00452
14.03.2019,-0.00453
15.03.2019,-0.00451
18.03.2019,-0.00454
19.03.2019,-0.00453
20.03.2019,-0.00456
21.03.2019,-0.00456
22.03.2019,-0.00454
25.03.2019,-0.00453
26.03.2019,-0.00453
27.03.2019,-0.00455
28.03.2019,-0.00451
29.03.2019,-0.00441
01.04.2019,-0.00451
02.04.2019,-0.00452
03.04.2019,-0.00453
04.04.2019,-0.00453
05.04.2019,-0.00453
08.04.2019,-0.00455
09.04.2019,-0.00453
10.04.2019,-0.00452
11.04.2019,-0.00452
12.04.2019,-0.00449
15.04.2019,-0.00451
16.04.2019,-0.00451
17.04.2019,-0.00454
18.04.2019,-0.00451
23.04.2019,-0.00452
24.04.2019,-0.00454
25.04.2019,-0.00451
26.04.2019,-0.00455
29.04.2019,-0.00454
30.04.2019,-0.00444
02.05.2019,-0.00447
03.05.2019,-0.00441
06.05.2019,-0.00446
07.05.2019,-0.00448
08.05.2019,-0.00451
09.05.2019,-0.00449
10.05.2019,-0.0045
13.05.2019,-0.00453
14.05.2019,-0.00451
15.05.2019,-0.00453
16.05.2019,-0.00456
17.05.2019,-0.00455
20.05.2019,-0.00455
21.05.2019,-0.00456
22.05.2019,-0.00455
23.05.2019,-0.00453
24.05.2019,-0.00451
27.05.2019,-0.00454
28.05.2019,-0.00455
29.05.2019,-0.00455
30.05.2019,-0.00457
31.05.2019,-0.00444
03.06.2019,-0.0045
04.06.2019,-0.0045
05.06.2019,-0.00451
06.06.2019,-0.00452
07.06.2019,-0.00337
10.06.2019,-0.00453
11.06.2019,-0.00455
12.06.2019,-0.00452
13.06.2019,-0.00446
14.06.2019,-0.00453
17.06.2019,-0.00454
18.06.2019,-0.00453
19.06.2019,-0.00464
20.06.2019,-0.00459
21.06.2019,-0.00453
24.06.2019,-0.00444
25.06.2019,-0.00455
26.06.2019,-0.00455
27.06.2019,-0.0045
28.06.2019,-0.00445
01.07.2019,-0.00451
02.07.2019,-0.00452
03.07.2019,-0.00453
04.07.2019,-0.00452
05.07.2019,-0.00452
08.07.2019,-0.00453
09.07.2019,-0.00453
10.07.2019,-0.00453
11.07.2019,-0.00451
12.07.2019,-0.00451
15.07.2019,-0.00453
16.07.2019,-0.00455
17.07.2019,-0.00455
18.07.2019,-0.00453
19.07.2019,-0.00454
22.07.2019,-0.00454
23.07.2019,-0.00454
24.07.2019,-0.0045
25.07.2019,-0.00446
26.07.2019,-0.00451
29.07.2019,-0.00453
30.07.2019,-0.0045
31.07.2019,-0.00443
01.08.2019,-0.00446
02.08.2019,-0.00442
05.08.2019,-0.00441
06.08.2019,-0.00445
07.08.2019,-0.00444
08.08.2019,-0.00437
09.08.2019,-0.00443
12.08.2019,-0.00445
13.08.2019,-0.00444
14.08.2019,-0.00446
15.08.2019,-0.00447
16.08.2019,-0.00449
19.08.2019,-0.00449
20.08.2019,-0.00448
21.08.2019,-0.00454
22.08.2019,-0.00446
23.08.2019,-0.00446
26.08.2019,-0.00447
27.08.2019,-0.0045
28.08.2019,-0.00454
29.08.2019,-0.0045
30.08.2019,-0.00444
02.09.2019,-0.00447
03.09.2019,-0.00448
04.09.2019,-0.00447
05.09.2019,-0.00445
06.09.2019,-0.00447
09.09.2019,-0.00448
10.09.2019,-0.0045
11.09.2019,-0.00451
12.09.2019,-0.00451
13.09.2019,-0.00454
16.09.2019,-0.00452
17.09.2019,-0.00452
18.09.2019,-0.00542
19.09.2019,-0.00541
20.09.2019,-0.00543
23.09.2019,-0.00541
24.09.2019,-0.00539
25.09.2019,-0.0054
26.09.2019,-0.00542
27.09.2019,-0.00537
30.09.2019,-0.00536
01.10.2019,-0.00549
02.10.2019,-0.00551
03.10.2019,-0.00555
04.10.2019,-0.00553
07.10.2019,-0.005540000000000001
08.10.2019,-0.005520000000000001
09.10.2019,-0.005520000000000001
10.10.2019,-0.005520000000000001
11.10.2019,-0.0055000000000000005
14.10.2019,-0.00549
15.10.2019,-0.00551
16.10.2019,-0.0054800000000000005
17.10.2019,-0.0054800000000000005
18.10.2019,-0.00547
21.10.2019,-0.00549
22.10.2019,-0.0054800000000000005
23.10.2019,-0.00547
24.10.2019,-0.0054800000000000005
25.10.2019,-0.0054800000000000005
28.10.2019,-0.0054800000000000005
29.10.2019,-0.00545
30.10.2019,-0.00545
31.10.2019,-0.005430000000000001
01.11.2019,-0.00549
04.11.2019,-0.00536
05.11.2019,-0.005410000000000001
06.11.2019,-0.005390000000000001
07.11.2019,-0.005370000000000001
08.11.2019,-0.0054
11.11.2019,-0.005410000000000001
12.11.2019,-0.005370000000000001
13.11.2019,-0.0053100000000000005
14.11.2019,-0.00536
15.11.2019,-0.005410000000000001
18.11.2019,-0.005410000000000001
19.11.2019,-0.00542
20.11.2019,-0.00511
21.11.2019,-0.00542
22.11.2019,-0.00536
25.11.2019,-0.0053300000000000005
26.11.2019,-0.0053300000000000005
27.11.2019,-0.0053300000000000005
28.11.2019,-0.0053100000000000005
29.11.2019,-0.00532
02.12.2019,-0.005410000000000001
03.12.2019,-0.005390000000000001
04.12.2019,-0.0054
05.12.2019,-0.0054
06.12.2019,-0.005410000000000001
09.12.2019,-0.005410000000000001
10.12.2019,-0.00544
11.12.2019,-0.00544
12.12.2019,-0.00544
13.12.2019,-0.005430000000000001
16.12.2019,-0.005430000000000001
17.12.2019,-0.00536
18.12.2019,-0.0054
19.12.2019,-0.0054
20.12.2019,-0.0054
23.12.2019,-0.00545
24.12.2019,-0.00549
27.12.2019,-0.00542
30.12.2019,-0.005410000000000001
31.12.2019,-0.0053100000000000005
02.01.2020,-0.005390000000000001
03.01.2020,-0.005370000000000001
06.01.2020,-0.005390000000000001
07.01.2020,-0.0054
08.01.2020,-0.00536
09.01.2020,-0.005390000000000001
10.01.2020,-0.00538
13.01.2020,-0.005370000000000001
14.01.2020,-0.00538
15.01.2020,-0.00538
16.01.2020,-0.00536
17.01.2020,-0.005370000000000001
20.01.2020,-0.00538
21.01.2020,-0.005350000000000001
22.01.2020,-0.00536
23.01.2020,-0.005370000000000001
24.01.2020,-0.005370000000000001
27.01.2020,-0.00538
28.01.2020,-0.00536
29.01.2020,-0.0054
30.01.2020,-0.005390000000000001
31.01.2020,-0.005390000000000001
03.02.2020,-0.005370000000000001
04.02.2020,-0.00536
05.02.2020,-0.00536
06.02.2020,-0.005350000000000001
07.02.2020,-0.005370000000000001
10.02.2020,-0.005370000000000001
11.02.2020,-0.005410000000000001
12.02.2020,-0.005410000000000001
13.02.2020,-0.0054
14.02.2020,-0.00538
17.02.2020,-0.005410000000000001
18.02.2020,-0.00536
19.02.2020,-0.00538
20.02.2020,-0.00538
21.02.2020,-0.005390000000000001
24.02.2020,-0.0054
25.02.2020,-0.005390000000000001
26.02.2020,-0.005390000000000001
27.02.2020,-0.00538
28.02.2020,-0.0054
02.03.2020,-0.00542
03.03.2020,-0.00542
04.03.2020,-0.005410000000000001
05.03.2020,-0.0054
06.03.2020,-0.005410000000000001
09.03.2020,-0.005390000000000001
10.03.2020,-0.005410000000000001
11.03.2020,-0.005430000000000001
12.03.2020,-0.0054
13.03.2020,-0.005410000000000001
16.03.2020,-0.00536
17.03.2020,-0.0053100000000000005
18.03.2020,-0.00529
19.03.2020,-0.00526
20.03.2020,-0.00524
23.03.2020,-0.00525
24.03.2020,-0.00527
25.03.2020,-0.00527
26.03.2020,-0.00529
27.03.2020,-0.0053
30.03.2020,-0.00528
31.03.2020,-0.00522
01.04.2020,-0.00527
02.04.2020,-0.00534
03.04.2020,-0.005390000000000001
06.04.2020,-0.0053300000000000005
07.04.2020,-0.0053300000000000005
08.04.2020,-0.005350000000000001
09.04.2020,-0.00536
14.04.2020,-0.00534
15.04.2020,-0.005350000000000001
16.04.2020,-0.00534
17.04.2020,-0.00538
20.04.2020,-0.005410000000000001
21.04.2020,-0.005410000000000001
22.04.2020,-0.005390000000000001
23.04.2020,-0.005390000000000001
24.04.2020,-0.005390000000000001
27.04.2020,-0.005390000000000001
28.04.2020,-0.005410000000000001
29.04.2020,-0.005430000000000001
30.04.2020,-0.0053100000000000005
04.05.2020,-0.005430000000000001
05.05.2020,-0.005390000000000001
06.05.2020,-0.00542
07.05.2020,-0.005410000000000001
08.05.2020,-0.005410000000000001
11.05.2020,-0.00544
12.05.2020,-0.005430000000000001
13.05.2020,-0.00542
14.05.2020,-0.005410000000000001
15.05.2020,-0.005430000000000001
18.05.2020,-0.00542
19.05.2020,-0.00542
20.05.2020,-0.00545
21.05.2020,-0.00545
22.05.2020,-0.005390000000000001
25.05.2020,-0.0054
26.05.2020,-0.005410000000000001
27.05.2020,-0.005410000000000001
28.05.2020,-0.005410000000000001
29.05.2020,-0.0054
01.06.2020,-0.0054600000000000004
02.06.2020,-0.00542
03.06.2020,-0.005430000000000001
04.06.2020,-0.00545
05.06.2020,-0.00544
08.06.2020,-0.00547
09.06.2020,-0.00542
10.06.2020,-0.0054800000000000005
11.06.2020,-0.00547
12.06.2020,-0.0054600000000000004
15.06.2020,-0.00547
16.06.2020,-0.0054600000000000004
17.06.2020,-0.00544
18.06.2020,-0.00544
19.06.2020,-0.0054600000000000004
22.06.2020,-0.00545
23.06.2020,-0.00544
24.06.2020,-0.0054600000000000004
25.06.2020,-0.00547
26.06.2020,-0.00547
29.06.2020,-0.00545
30.06.2020,-0.00555
01.07.2020,-0.0054800000000000005
02.07.2020,-0.0054800000000000005
03.07.2020,-0.00549
06.07.2020,-0.0055000000000000005
07.07.2020,-0.0055000000000000005
08.07.2020,-0.00549
09.07.2020,-0.00549
10.07.2020,-0.00549
13.07.2020,-0.005520000000000001
14.07.2020,-0.00551
15.07.2020,-0.00551
16.07.2020,-0.005410000000000001
17.07.2020,-0.00551
20.07.2020,-0.00551
21.07.2020,-0.00549
22.07.2020,-0.0055000000000000005
23.07.2020,-0.0055000000000000005
24.07.2020,-0.00551
27.07.2020,-0.005520000000000001
28.07.2020,-0.00551
29.07.2020,-0.00553
30.07.2020,-0.005520000000000001
31.07.2020,-0.0055000000000000005
03.08.2020,-0.005520000000000001
04.08.2020,-0.00551
05.08.2020,-0.005520000000000001
06.08.2020,-0.00553
07.08.2020,-0.00553
10.08.2020,-0.005540000000000001
11.08.2020,-0.005520000000000001
12.08.2020,-0.005520000000000001
13.08.2020,-0.005520000000000001
14.08.2020,-0.00549
17.08.2020,-0.00553
18.08.2020,-0.005540000000000001
19.08.2020,-0.00553
20.08.2020,-0.00553
21.08.2020,-0.005540000000000001
24.08.2020,-0.005520000000000001
25.08.2020,-0.00553
26.08.2020,-0.005540000000000001
27.08.2020,-0.005520000000000001
28.08.2020,-0.005520000000000001
31.08.2020,-0.00557
01.09.2020,-0.005540000000000001
02.09.2020,-0.00555
03.09.2020,-0.00551
04.09.2020,-0.005520000000000001
07.09.2020,-0.00551
08.09.2020,-0.00553
09.09.2020,-0.005540000000000001
10.09.2020,-0.005540000000000001
11.09.2020,-0.00553
14.09.2020,-0.00555
15.09.2020,-0.00551
16.09.2020,-0.005560000000000001
17.09.2020,-0.00553
18.09.2020,-0.005520000000000001
21.09.2020,-0.005520000000000001
22.09.2020,-0.005520000000000001
23.09.2020,-0.00551
24.09.2020,-0.00553
25.09.2020,-0.005540000000000001
28.09.2020,-0.00555
29.09.2020,-0.005560000000000001
30.09.2020,-0.005699999999999999
01.10.2020,-0.005580000000000001
02.10.2020,-0.00555
05.10.2020,-0.00555
06.10.2020,-0.005560000000000001
07.10.2020,-0.00555
08.10.2020,-0.00553
09.10.2020,-0.00553
12.10.2020,-0.005560000000000001
13.10.2020,-0.00555
14.10.2020,-0.005560000000000001
15.10.2020,-0.005560000000000001
16.10.2020,-0.00553
19.10.2020,-0.00553
20.10.2020,-0.00553
21.10.2020,-0.005520000000000001
22.10.2020,-0.005540000000000001
23.10.2020,-0.00553
26.10.2020,-0.005520000000000001
27.10.2020,-0.005540000000000001
28.10.2020,-0.00555
29.10.2020,-0.005520000000000001
30.10.2020,-0.00557
02.11.2020,-0.00555
03.11.2020,-0.00553
04.11.2020,-0.005580000000000001
05.11.2020,-0.005560000000000001
06.11.2020,-0.005580000000000001
09.11.2020,-0.005580000000000001
10.11.2020,-0.00557
11.11.2020,-0.005580000000000001
12.11.2020,-0.0054800000000000005
13.11.2020,-0.005560000000000001
16.11.2020,-0.005580000000000001
17.11.2020,-0.00557
18.11.2020,-0.00557
19.11.2020,-0.00557
20.11.2020,-0.00557
23.11.2020,-0.00557
24.11.2020,-0.005560000000000001
25.11.2020,-0.005540000000000001
26.11.2020,-0.005560000000000001
27.11.2020,-0.00557
30.11.2020,-0.005600000000000001
01.12.2020,-0.00557
02.12.2020,-0.005560000000000001
03.12.2020,-0.005560000000000001
04.12.2020,-0.00555
07.12.2020,-0.00555
08.12.2020,-0.00559
09.12.2020,-0.005560000000000001
10.12.2020,-0.005560000000000001
11.12.2020,-0.00557
14.12.2020,-0.005580000000000001
15.12.2020,-0.00551
16.12.2020,-0.00557
17.12.2020,-0.005560000000000001
18.12.2020,-0.005580000000000001
21.12.2020,-0.00557
22.12.2020,-0.005580000000000001
23.12.2020,-0.00559
24.12.2020,-0.00555
28.12.2020,-0.00553
29.12.2020,-0.00557
30.12.2020,-0.00555
31.12.2020,-0.005829999999999999
04.01.2021,-0.005659999999999999
05.01.2021,-0.00563
06.01.2021,-0.005659999999999999
07.01.2021,-0.00565
08.01.2021,-0.005620000000000001
11.01.2021,-0.005639999999999999
12.01.2021,-0.00563
13.01.2021,-0.005620000000000001
14.01.2021,-0.005639999999999999
15.01.2021,-0.005659999999999999
18.01.2021,-0.00565
19.01.2021,-0.005639999999999999
20.01.2021,-0.005639999999999999
21.01.2021,-0.005620000000000001
22.01.2021,-0.00561
25.01.2021,-0.005639999999999999
26.01.2021,-0.005580000000000001
27.01.2021,-0.00563
28.01.2021,-0.00561
29.01.2021,-0.005639999999999999
01.02.2021,-0.005659999999999999
02.02.2021,-0.005639999999999999
03.02.2021,-0.005580000000000001
04.02.2021,-0.005639999999999999
05.02.2021,-0.00565
08.02.2021,-0.00563
09.02.2021,-0.005639999999999999
10.02.2021,-0.005639999999999999
11.02.2021,-0.00565
12.02.2021,-0.005639999999999999
15.02.2021,-0.00563
16.02.2021,-0.005639999999999999
17.02.2021,-0.00563
18.02.2021,-0.005620000000000001
19.02.2021,-0.00563
22.02.2021,-0.005639999999999999
23.02.2021,-0.00565
24.02.2021,-0.005639999999999999
25.02.2021,-0.005639999999999999
26.02.2021,-0.005659999999999999
01.03.2021,-0.00563
02.03.2021,-0.00565
03.03.2021,-0.00565
04.03.2021,-0.00565
05.03.2021,-0.005620000000000001
08.03.2021,-0.005580000000000001
09.03.2021,-0.005600000000000001
10.03.2021,-0.005620000000000001
11.03.2021,-0.00561
12.03.2021,-0.005620000000000001
15.03.2021,-0.005639999999999999
16.03.2021,-0.005620000000000001
17.03.2021,-0.00561
18.03.2021,-0.005659999999999999
19.03.2021,-0.00565
22.03.2021,-0.005659999999999999
23.03.2021,-0.00563
24.03.2021,-0.005639999999999999
25.03.2021,-0.005639999999999999
26.03.2021,-0.005679999999999999
29.03.2021,-0.005699999999999999
30.03.2021,-0.005699999999999999
31.03.2021,-0.0057399999999999994
01.04.2021,-0.005659999999999999
06.04.2021,-0.00567
07.04.2021,-0.00567
08.04.2021,-0.005699999999999999
09.04.2021,-0.005679999999999999
12.04.2021,-0.00567
13.04.2021,-0.00563
14.04.2021,-0.005600000000000001
15.04.2021,-0.005659999999999999
16.04.2021,-0.00565
19.04.2021,-0.00567
20.04.2021,-0.00567
21.04.2021,-0.00565
22.04.2021,-0.00565
23.04.2021,-0.00565
26.04.2021,-0.00567
27.04.2021,-0.005600000000000001
28.04.2021,-0.005659999999999999
29.04.2021,-0.005659999999999999
30.04.2021,-0.00569
03.05.2021,-0.00567
04.05.2021,-0.005639999999999999
05.05.2021,-0.005659999999999999
06.05.2021,-0.00565
07.05.2021,-0.00563
10.05.2021,-0.00567
11.05.2021,-0.005639999999999999
12.05.2021,-0.005639999999999999
13.05.2021,-0.005639999999999999
14.05.2021,-0.005639999999999999
17.05.2021,-0.00565
18.05.2021,-0.005580000000000001
19.05.2021,-0.005639999999999999
20.05.2021,-0.00563
21.05.2021,-0.005639999999999999
24.05.2021,-0.005659999999999999
25.05.2021,-0.00565
26.05.2021,-0.00565
27.05.2021,-0.005639999999999999
28.05.2021,-0.005659999999999999
31.05.2021,-0.00571
01.06.2021,-0.005639999999999999
02.06.2021,-0.00563
03.06.2021,-0.00563
04.06.2021,-0.00563
07.06.2021,-0.005639999999999999
08.06.2021,-0.00563
09.06.2021,-0.005639999999999999
10.06.2021,-0.00561
11.06.2021,-0.005659999999999999
14.06.2021,-0.00565
15.06.2021,-0.00561
16.06.2021,-0.005620000000000001
17.06.2021,-0.00563
18.06.2021,-0.00563
21.06.2021,-0.005639999999999999
22.06.2021,-0.005639999999999999
23.06.2021,-0.00563
24.06.2021,-0.00565
25.06.2021,-0.00565
28.06.2021,-0.005659999999999999
29.06.2021,-0.005679999999999999
30.06.2021,-0.005809999999999999
01.07.2021,-0.00565
02.07.2021,-0.00565
05.07.2021,-0.005659999999999999
06.07.2021,-0.00565
07.07.2021,-0.00565
08.07.2021,-0.005659999999999999
09.07.2021,-0.005659999999999999
12.07.2021,-0.005679999999999999
13.07.2021,-0.005659999999999999
14.07.2021,-0.005659999999999999
15.07.2021,-0.005659999999999999
16.07.2021,-0.00567
19.07.2021,-0.005659999999999999
20.07.2021,-0.00567
21.07.2021,-0.005679999999999999
22.07.2021,-0.00563
23.07.2021,-0.00567
26.07.2021,-0.00567
27.07.2021,-0.00563
28.07.2021,-0.00567
29.07.2021,-0.00567
30.07.2021,-0.00571
02.08.2021,-0.00565
03.08.2021,-0.005699999999999999
04.08.2021,-0.005699999999999999
05.08.2021,-0.005659999999999999
06.08.2021,-0.00569
09.08.2021,-0.005679999999999999
10.08.2021,-0.00567
11.08.2021,-0.00567
12.08.2021,-0.005679999999999999
13.08.2021,-0.00569
16.08.2021,-0.00569
17.08.2021,-0.005679999999999999
18.08.2021,-0.00567
19.08.2021,-0.00567
20.08.2021,-0.00567
23.08.2021,-0.005679999999999999
24.08.2021,-0.00567
25.08.2021,-0.005639999999999999
26.08.2021,-0.005699999999999999
27.08.2021,-0.005699999999999999
30.08.2021,-0.005679999999999999
31.08.2021,-0.005699999999999999
01.09.2021,-0.00569
02.09.2021,-0.00569
03.09.2021,-0.005679999999999999
06.09.2021,-0.00569
07.09.2021,-0.00569
08.09.2021,-0.00569
09.09.2021,-0.005699999999999999
10.09.2021,-0.005699999999999999
13.09.2021,-0.00571
14.09.2021,-0.005679999999999999
15.09.2021,-0.00573
16.09.2021,-0.00567
17.09.2021,-0.00571
20.09.2021,-0.005659999999999999
21.09.2021,-0.00571
22.09.2021,-0.005659999999999999
23.09.2021,-0.005699999999999999
24.09.2021,-0.00569
27.09.2021,-0.00571
28.09.2021,-0.00573
29.09.2021,-0.005719999999999999
30.09.2021,-0.0058
01.10.2021,-0.00571
04.10.2021,-0.00569
05.10.2021,-0.00569
06.10.2021,-0.00569
07.10.2021,-0.005679999999999999
08.10.2021,-0.005679999999999999
11.10.2021,-0.005699999999999999
12.10.2021,-0.005620000000000001
13.10.2021,-0.00569
14.10.2021,-0.005699999999999999
15.10.2021,-0.005719999999999999
18.10.2021,-0.0057399999999999994
19.10.2021,-0.00573
20.10.2021,-0.00571
21.10.2021,-0.00573
22.10.2021,-0.00569
25.10.2021,-0.00571
26.10.2021,-0.005699999999999999
27.10.2021,-0.00573
28.10.2021,-0.00573
29.10.2021,-0.0057799999999999995
01.11.2021,-0.00579
02.11.2021,-0.00569
03.11.2021,-0.0057399999999999994
04.11.2021,-0.00573
05.11.2021,-0.005719999999999999
08.11.2021,-0.00575
09.11.2021,-0.00575
10.11.2021,-0.0057599999999999995
11.11.2021,-0.00575
12.11.2021,-0.005719999999999999
15.11.2021,-0.00569
16.11.2021,-0.00571
17.11.2021,-0.00571
18.11.2021,-0.00571
19.11.2021,-0.00573
22.11.2021,-0.00573
23.11.2021,-0.0057399999999999994
24.11.2021,-0.005699999999999999
25.11.2021,-0.00573
26.11.2021,-0.00573
29.11.2021,-0.00573
30.11.2021,-0.00575
01.12.2021,-0.0057399999999999994
02.12.2021,-0.00575
03.12.2021,-0.0057799999999999995
06.12.2021,-0.0057799999999999995
07.12.2021,-0.00577
08.12.2021,-0.00577
09.12.2021,-0.0057799999999999995
10.12.2021,-0.00577
13.12.2021,-0.00579
14.12.2021,-0.00577
15.12.2021,-0.00577
16.12.2021,-0.00577
17.12.2021,-0.0057599999999999995
20.12.2021,-0.0057599999999999995
21.12.2021,-0.00571
22.12.2021,-0.0057399999999999994
23.12.2021,-0.0057599999999999995
24.12.2021,-0.0058
27.12.2021,-0.0057599999999999995
28.12.2021,-0.00575
29.12.2021,-0.0057799999999999995
30.12.2021,-0.0058
31.12.2021,-0.0059
03.01.2022,-0.0057799999999999995
04.01.2022,-0.0057799999999999995
05.01.2022,-0.0057799999999999995
06.01.2022,-0.0057799999999999995
07.01.2022,-0.0058
10.01.2022,-0.00579
11.01.2022,-0.00579
12.01.2022,-0.0057799999999999995
13.01.2022,-0.0057799999999999995
14.01.2022,-0.0057799999999999995
17.01.2022,-0.0057799999999999995
18.01.2022,-0.00579
19.01.2022,-0.0057799999999999995
20.01.2022,-0.00579
21.01.2022,-0.00579
24.01.2022,-0.00579
25.01.2022,-0.0057799999999999995
26.01.2022,-0.0057599999999999995
27.01.2022,-0.00573
28.01.2022,-0.00573
31.01.2022,-0.00579
01.02.2022,-0.0057799999999999995
02.02.2022,-0.0057799999999999995
03.02.2022,-0.00577
04.02.2022,-0.0057799999999999995
07.02.2022,-0.0057799999999999995
08.02.2022,-0.0057399999999999994
09.02.2022,-0.0057799999999999995
10.02.2022,-0.005719999999999999
11.02.2022,-0.0057799999999999995
14.02.2022,-0.0057799999999999995
15.02.2022,-0.0057599999999999995
16.02.2022,-0.0057599999999999995
17.02.2022,-0.0057599999999999995
18.02.2022,-0.0057599999999999995
21.02.2022,-0.0057599999999999995
22.02.2022,-0.00575
23.02.2022,-0.0057599999999999995
24.02.2022,-0.0057599999999999995
25.02.2022,-0.00575
28.02.2022,-0.0058
01.03.2022,-0.00577
02.03.2022,-0.0057799999999999995
03.03.2022,-0.00579
04.03.2022,-0.00577
07.03.2022,-0.00579
08.03.2022,-0.00579
09.03.2022,-0.0058
10.03.2022,-0.0057599999999999995
11.03.2022,-0.00577
14.03.2022,-0.00577
15.03.2022,-0.00573
16.03.2022,-0.00577
17.03.2022,-0.0057799999999999995
18.03.2022,-0.0057799999999999995
21.03.2022,-0.0057799999999999995
22.03.2022,-0.0057799999999999995
23.03.2022,-0.0057799999999999995
24.03.2022,-0.00579
25.03.2022,-0.005809999999999999
28.03.2022,-0.0058
29.03.2022,-0.00579
30.03.2022,-0.00579
31.03.2022,-0.0059299999999999995
01.04.2022,-0.00582
04.04.2022,-0.005849999999999999
05.04.2022,-0.00586
06.04.2022,-0.00584
07.04.2022,-0.00582
08.04.2022,-0.005829999999999999
11.04.2022,-0.00584
12.04.2022,-0.005829999999999999
13.04.2022,-0.005849999999999999
14.04.2022,-0.00586
19.04.2022,-0.0058
20.04.2022,-0.005829999999999999
21.04.2022,-0.005849999999999999
22.04.2022,-0.005829999999999999
25.04.2022,-0.005849999999999999
26.04.2022,-0.00582
27.04.2022,-0.005829999999999999
28.04.2022,-0.005829999999999999
29.04.2022,-0.00586
02.05.2022,-0.005829999999999999
03.05.2022,-0.00579
04.05.2022,-0.005849999999999999
05.05.2022,-0.005849999999999999
06.05.2022,-0.005849999999999999
09.05.2022,-0.00586
10.05.2022,-0.00584
11.05.2022,-0.00584
12.05.2022,-0.00577
13.05.2022,-0.00586
16.05.2022,-0.005849999999999999
17.05.2022,-0.005849999999999999
18.05.2022,-0.005849999999999999
19.05.2022,-0.005849999999999999
20.05.2022,-0.005849999999999999
23.05.2022,-0.00586
24.05.2022,-0.005869999999999999
25.05.2022,-0.005869999999999999
26.05.2022,-0.0059
27.05.2022,-0.005849999999999999
30.05.2022,-0.00586
31.05.2022,-0.005889999999999999
01.06.2022,-0.00582
02.06.2022,-0.005849999999999999
03.06.2022,-0.005869999999999999
06.06.2022,-0.0059
07.06.2022,-0.005829999999999999
08.06.2022,-0.00582
09.06.2022,-0.00582
10.06.2022,-0.005809999999999999
13.06.2022,-0.0058
14.06.2022,-0.0057799999999999995
15.06.2022,-0.0058
16.06.2022,-0.00582
17.06.2022,-0.00582
20.06.2022,-0.005809999999999999
21.06.2022,-0.00582
22.06.2022,-0.00579
23.06.2022,-0.0057799999999999995
24.06.2022,-0.0058
27.06.2022,-0.00579
28.06.2022,-0.005809999999999999
29.06.2022,-0.0057799999999999995
30.06.2022,-0.0059099999999999995
01.07.2022,-0.0058
04.07.2022,-0.0058
05.07.2022,-0.0058
06.07.2022,-0.0058
07.07.2022,-0.00579
08.07.2022,-0.00579
11.07.2022,-0.0058
12.07.2022,-0.0058
13.07.2022,-0.005809999999999999
14.07.2022,-0.00582
15.07.2022,-0.00582
18.07.2022,-0.00582
19.07.2022,-0.005829999999999999
20.07.2022,-0.00582
21.07.2022,-0.00584
22.07.2022,-0.00582
25.07.2022,-0.005829999999999999
26.07.2022,-0.005809999999999999
27.07.2022,-0.0008500000000000001
28.07.2022,-0.0008699999999999999
29.07.2022,-0.00091
01.08.2022,-0.0008799999999999999
02.08.2022,-0.0008699999999999999
03.08.2022,-0.0008699999999999999
04.08.2022,-0.00084
05.08.2022,-0.0008500000000000001
08.08.2022,-0.0008500000000000001
09.08.2022,-0.0008500000000000001
10.08.2022,-0.00086
11.08.2022,-0.0008500000000000001
12.08.2022,-0.0008799999999999999
15.08.2022,-0.0008799999999999999
16.08.2022,-0.0008699999999999999
17.08.2022,-0.0008699999999999999
18.08.2022,-0.00084
19.08.2022,-0.00084
22.08.2022,-0.00082
23.08.2022,-0.0008
24.08.2022,-0.00082
25.08.2022,-0.0008
26.08.2022,-0.0008
29.08.2022,-0.0008100000000000001
30.08.2022,-0.00084
31.08.2022,-0.00091
01.09.2022,-0.00084
02.09.2022,-0.00083
05.09.2022,-0.0008699999999999999
06.09.2022,-0.0008500000000000001
07.09.2022,-0.0007599999999999999
08.09.2022,-0.00086
09.09.2022,-0.0008500000000000001
12.09.2022,-0.00086
13.09.2022,-0.00083
14.09.2022,0.00662
15.09.2022,0.0066
16.09.2022,0.0066
19.09.2022,0.00657
20.09.2022,0.00659
21.09.2022,0.00661
22.09.2022,0.00661
23.09.2022,0.00662
26.09.2022,0.0066300000000000005
27.09.2022,0.00662
28.09.2022,0.00662
29.09.2022,0.00661
30.09.2022,0.00642
03.10.2022,0.00656
04.10.2022,0.00657
05.10.2022,0.006520000000000001
06.10.2022,0.00655
07.10.2022,0.00656
10.10.2022,0.00655
11.10.2022,0.00657
12.10.2022,0.00658
13.10.2022,0.00658
14.10.2022,0.00657
17.10.2022,0.00658
18.10.2022,0.00657
19.10.2022,0.00656
20.10.2022,0.00656
21.10.2022,0.00657
24.10.2022,0.00658
25.10.2022,0.00656
26.10.2022,0.00656
27.10.2022,0.00657
28.10.2022,0.00656
31.10.2022,0.0064800000000000005
01.11.2022,0.00659
02.11.2022,0.01403
03.11.2022,0.01403
04.11.2022,0.01401
07.11.2022,0.013999999999999999
08.11.2022,0.013999999999999999
09.11.2022,0.013999999999999999
10.11.2022,0.01402
11.11.2022,0.014039999999999999
14.11.2022,0.01401
15.11.2022,0.013999999999999999
16.11.2022,0.01401
17.11.2022,0.01402
18.11.2022,0.01403
21.11.2022,0.01403
22.11.2022,0.014039999999999999
23.11.2022,0.01405
24.11.2022,0.01405
25.11.2022,0.01403
28.11.2022,0.01403
29.11.2022,0.01402
30.11.2022,0.01391
01.12.2022,0.013999999999999999
02.12.2022,0.013999999999999999
05.12.2022,0.01398
06.12.2022,0.01406
07.12.2022,0.01399
08.12.2022,0.013999999999999999
09.12.2022,0.013999999999999999
12.12.2022,0.013999999999999999
13.12.2022,0.013999999999999999
14.12.2022,0.01402
15.12.2022,0.01403
16.12.2022,0.01402
19.12.2022,0.01403
20.12.2022,0.01403
21.12.2022,0.01902
22.12.2022,0.019039999999999998
23.12.2022,0.01907
27.12.2022,0.01906
28.12.2022,0.01906
29.12.2022,0.01905
30.12.2022,0.0189
02.01.2023,0.01906
03.01.2023,0.019039999999999998
04.01.2023,0.019039999999999998
05.01.2023,0.019
06.01.2023,0.01898
09.01.2023,0.019
10.01.2023,0.019
11.01.2023,0.019
12.01.2023,0.019
13.01.2023,0.01901
16.01.2023,0.01902
17.01.2023,0.01901
18.01.2023,0.01902
19.01.2023,0.019030000000000002
20.01.2023,0.019030000000000002
23.01.2023,0.01902
24.01.2023,0.019039999999999998
25.01.2023,0.019039999999999998
26.01.2023,0.019039999999999998
27.01.2023,0.01906
30.01.2023,0.019039999999999998
31.01.2023,0.01894
01.02.2023,0.01901
02.02.2023,0.01902
03.02.2023,0.01898
06.02.2023,0.01901
07.02.2023,0.01902
08.02.2023,0.024009999999999997
09.02.2023,0.024009999999999997
10.02.2023,0.024009999999999997
13.02.2023,0.024
14.02.2023,0.024
15.02.2023,0.02405
16.02.2023,0.024
17.02.2023,0.02398
20.02.2023,0.024
21.02.2023,0.02398
22.02.2023,0.02399
23.02.2023,0.02399
24.02.2023,0.02398
27.02.2023,0.02398
28.02.2023,0.02388
01.03.2023,0.02398
02.03.2023,0.02399
03.03.2023,0.024
06.03.2023,0.02399
07.03.2023,0.02398
08.03.2023,0.02399
09.03.2023,0.024009999999999997
10.03.2023,0.02403
13.03.2023,0.024009999999999997
14.03.2023,0.024009999999999997
15.03.2023,0.024
16.03.2023,0.02399
17.03.2023,0.02402
20.03.2023,0.02398
21.03.2023,0.02399
22.03.2023,0.028980000000000002
23.03.2023,0.028990000000000002
24.03.2023,0.028990000000000002
27.03.2023,0.028980000000000002
28.03.2023,0.02894
29.03.2023,0.02894
30.03.2023,0.02896
31.03.2023,0.028839999999999998
03.04.2023,0.028980000000000002
04.04.2023,0.028980000000000002
05.04.2023,0.02902
06.04.2023,0.02903
11.04.2023,0.02897
12.04.2023,0.028980000000000002
13.04.2023,0.028990000000000002
14.04.2023,0.02896
17.04.2023,0.02897
18.04.2023,0.029009999999999998
19.04.2023,0.02902
20.04.2023,0.02904
21.04.2023,0.02902
24.04.2023,0.02905
25.04.2023,0.029009999999999998
26.04.2023,0.028999999999999998
27.04.2023,0.028999999999999998
28.04.2023,0.02894
02.05.2023,0.02896
03.05.2023,0.02896
04.05.2023,0.02897
05.05.2023,0.028980000000000002
08.05.2023,0.028919999999999998
09.05.2023,0.02894
10.05.2023,0.03145
11.05.2023,0.03145
12.05.2023,0.03148
15.05.2023,0.03145
16.05.2023,0.03147
17.05.2023,0.031509999999999996
18.05.2023,0.03153
19.05.2023,0.031509999999999996
22.05.2023,0.0315
23.05.2023,0.03157
24.05.2023,0.03148
25.05.2023,0.03148
26.05.2023,0.03152
29.05.2023,0.03147
30.05.2023,0.03148
31.05.2023,0.03144
01.06.2023,0.03147
02.06.2023,0.03148
05.06.2023,0.03148
06.06.2023,0.03145
07.06.2023,0.03144
08.06.2023,0.03146
09.06.2023,0.03147
12.06.2023,0.03147
13.06.2023,0.03147
14.06.2023,0.0315
15.06.2023,0.03147
16.06.2023,0.03144
19.06.2023,0.03144
20.06.2023,0.03144
21.06.2023,0.03395
22.06.2023,0.03397
23.06.2023,0.034
26.06.2023,0.034
27.06.2023,0.03397
28.06.2023,0.034
29.06.2023,0.034
30.06.2023,0.034
03.07.2023,0.03399
04.07.2023,0.03401
05.07.2023,0.03404
06.07.2023,0.03406
07.07.2023,0.03406
10.07.2023,0.03402
11.07.2023,0.03404
12.07.2023,0.03404
13.07.2023,0.03401
14.07.2023,0.03402
17.07.2023,0.034
18.07.2023,0.03399
19.07.2023,0.034
20.07.2023,0.03403
21.07.2023,0.03404
24.07.2023,0.03405
25.07.2023,0.03405
26.07.2023,0.03402
27.07.2023,0.03403
28.07.2023,0.03404
31.07.2023,0.03392
01.08.2023,0.03404
02.08.2023,0.03655
03.08.2023,0.03653
04.08.2023,0.03653
07.08.2023,0.03653
08.08.2023,0.036520000000000004
09.08.2023,0.03649
10.08.2023,0.036520000000000004
11.08.2023,0.03653
14.08.2023,0.03656
15.08.2023,0.03657
16.08.2023,0.036539999999999996
17.08.2023,0.036539999999999996
18.08.2023,0.03655
21.08.2023,0.036539999999999996
22.08.2023,0.03655
23.08.2023,0.036520000000000004
24.08.2023,0.03649
25.08.2023,0.036520000000000004
28.08.2023,0.03651
29.08.2023,0.036520000000000004
30.08.2023,0.036520000000000004
31.08.2023,0.03646
01.09.2023,0.036520000000000004
04.09.2023,0.036520000000000004
05.09.2023,0.03651
06.09.2023,0.036520000000000004
07.09.2023,0.036520000000000004
08.09.2023,0.03653
11.09.2023,0.036520000000000004
12.09.2023,0.036539999999999996
13.09.2023,0.036520000000000004
14.09.2023,0.03653
15.09.2023,0.0365
18.09.2023,0.03648
19.09.2023,0.03651
20.09.2023,0.039009999999999996
21.09.2023,0.03902
22.09.2023,0.03905
25.09.2023,0.03904
26.09.2023,0.03904
27.09.2023,0.03905
28.09.2023,0.039060000000000004
29.09.2023,0.0388
02.10.2023,0.03899
03.10.2023,0.039
04.10.2023,0.039009999999999996
05.10.2023,0.039
06.10.2023,0.03899
09.10.2023,0.039
10.10.2023,0.03899
11.10.2023,0.039009999999999996
12.10.2023,0.039009999999999996
13.10.2023,0.03903
16.10.2023,0.03902
17.10.2023,0.03904
18.10.2023,0.03903
19.10.2023,0.03905
20.10.2023,0.03905
23.10.2023,0.03905
24.10.2023,0.03904
25.10.2023,0.039
26.10.2023,0.039009999999999996
27.10.2023,0.03903
30.10.2023,0.03899
31.10.2023,0.03882
01.11.2023,0.039
02.11.2023,0.03903
03.11.2023,0.03902
06.11.2023,0.039
07.11.2023,0.03902
08.11.2023,0.03902
09.11.2023,0.03902
10.11.2023,0.03904
13.11.2023,0.03903
14.11.2023,0.03902
15.11.2023,0.03899
16.11.2023,0.039060000000000004
17.11.2023,0.03902
20.11.2023,0.03903
21.11.2023,0.039009999999999996
22.11.2023,0.03902
23.11.2023,0.03902
24.11.2023,0.03904
27.11.2023,0.03903
28.11.2023,0.03903
29.11.2023,0.03902
30.11.2023,0.03891
01.12.2023,0.03904
04.12.2023,0.03904
05.12.2023,0.03905
06.12.2023,0.03904
07.12.2023,0.03903
08.12.2023,0.03903
11.12.2023,0.03902
12.12.2023,0.03905
13.12.2023,0.03905
14.12.2023,0.03907
15.12.2023,0.03904
18.12.2023,0.039009999999999996
19.12.2023,0.039009999999999996
20.12.2023,0.039009999999999996
21.12.2023,0.03899
22.12.2023,0.03899
27.12.2023,0.039
28.12.2023,0.039
29.12.2023,0.03882
02.01.2024,0.039060000000000004
03.01.2024,0.03904
04.01.2024,0.03902
05.01.2024,0.03905
08.01.2024,0.03904
09.01.2024,0.03904
10.01.2024,0.039060000000000004
11.01.2024,0.03905
12.01.2024,0.03904
15.01.2024,0.03902
16.01.2024,0.03905
17.01.2024,0.03904
18.01.2024,0.03907
19.01.2024,0.03904
22.01.2024,0.03902
23.01.2024,0.03902
24.01.2024,0.03905
25.01.2024,0.03905
26.01.2024,0.03904
29.01.2024,0.03907
30.01.2024,0.03907
31.01.2024,0.03894
01.02.2024,0.03905
02.02.2024,0.039060000000000004
05.02.2024,0.03907
06.02.2024,0.03908
07.02.2024,0.03908
08.02.2024,0.03908
09.02.2024,0.0391
12.02.2024,0.03909
13.02.2024,0.03909
14.02.2024,0.03911
15.02.2024,0.03911
16.02.2024,0.03909
19.02.2024,0.0391
20.02.2024,0.03911
21.02.2024,0.0391
22.02.2024,0.03909
23.02.2024,0.03907
26.02.2024,0.03904
27.02.2024,0.03905
28.02.2024,0.039060000000000004
29.02.2024,0.03887
01.03.2024,0.03904
04.03.2024,0.03903
05.03.2024,0.03911
06.03.2024,0.03905
07.03.2024,0.03908
08.03.2024,0.03907
11.03.2024,0.03904
12.03.2024,0.03905
13.03.2024,0.03907
14.03.2024,0.03908
15.03.2024,0.03909
18.03.2024,0.03909
19.03.2024,0.03908
20.03.2024,0.03908
21.03.2024,0.03907
22.03.2024,0.03909
25.03.2024,0.03909
26.03.2024,0.039060000000000004
27.03.2024,0.039060000000000004
28.03.2024,0.03899
02.04.2024,0.039060000000000004
03.04.2024,0.03911
04.04.2024,0.03912
05.04.2024,0.03907
08.04.2024,0.03908
09.04.2024,0.03909
10.04.2024,0.03907
11.04.2024,0.03907
12.04.2024,0.0391
15.04.2024,0.03907
16.04.2024,0.03911
17.04.2024,0.03908
18.04.2024,0.03909
19.04.2024,0.0391
22.04.2024,0.0391
23.04.2024,0.03908
24.04.2024,0.03911
25.04.2024,0.03909
26.04.2024,0.03907
29.04.2024,0.039060000000000004
30.04.2024,0.03889
02.05.2024,0.0391
03.05.2024,0.03908
06.05.2024,0.03909
07.05.2024,0.039060000000000004
08.05.2024,0.03905
09.05.2024,0.039009999999999996
10.05.2024,0.039060000000000004
13.05.2024,0.03907
14.05.2024,0.03907
15.05.2024,0.03908
16.05.2024,0.03904
17.05.2024,0.039009999999999996
20.05.2024,0.03904
21.05.2024,0.03912
22.05.2024,0.0391
23.05.2024,0.03912
24.05.2024,0.0391
27.05.2024,0.03911
28.05.2024,0.03909
29.05.2024,0.03909
30.05.2024,0.0391
31.05.2024,0.038919999999999996
03.06.2024,0.03913
04.06.2024,0.03911
05.06.2024,0.03913
06.06.2024,0.03911
07.06.2024,0.03912
10.06.2024,0.03912
11.06.2024,0.03909
12.06.2024,0.03662
13.06.2024,0.036610000000000004
14.06.2024,0.03662
17.06.2024,0.03662
18.06.2024,0.03666
19.06.2024,0.036629999999999996
20.06.2024,0.036629999999999996
21.06.2024,0.03664
24.06.2024,0.036629999999999996
25.06.2024,0.036629999999999996
26.06.2024,0.036610000000000004
27.06.2024,0.03662
28.06.2024,0.03656
01.07.2024,0.03665
02.07.2024,0.03662
03.07.2024,0.036629999999999996
04.07.2024,0.036629999999999996
05.07.2024,0.036629999999999996
08.07.2024,0.03662
09.07.2024,0.03662
10.07.2024,0.036629999999999996
11.07.2024,0.03662
12.07.2024,0.036610000000000004
15.07.2024,0.036610000000000004
16.07.2024,0.03662
17.07.2024,0.03662
18.07.2024,0.036629999999999996
19.07.2024,0.036629999999999996
22.07.2024,0.03664
23.07.2024,0.03665
24.07.2024,0.03665
25.07.2024,0.03665
26.07.2024,0.036629999999999996
29.07.2024,0.036629999999999996
30.07.2024,0.03665
31.07.2024,0.03653
01.08.2024,0.03664
02.08.2024,0.03664
05.08.2024,0.03664
06.08.2024,0.036629999999999996
07.08.2024,0.036629999999999996
08.08.2024,0.03665
09.08.2024,0.036629999999999996
12.08.2024,0.03664
13.08.2024,0.03664
14.08.2024,0.03662
15.08.2024,0.03662
16.08.2024,0.03664
19.08.2024,0.03664
20.08.2024,0.03664
21.08.2024,0.036629999999999996
22.08.2024,0.03664
23.08.2024,0.03664
26.08.2024,0.03665
27.08.2024,0.03665
28.08.2024,0.03666
29.08.2024,0.03664
30.08.2024,0.036539999999999996
02.09.2024,0.03664
03.09.2024,0.036629999999999996
04.09.2024,0.036629999999999996
05.09.2024,0.03662
06.09.2024,0.036629999999999996
09.09.2024,0.036629999999999996
10.09.2024,0.03664
11.09.2024,0.03664
12.09.2024,0.03664
13.09.2024,0.036629999999999996
16.09.2024,0.03662
17.09.2024,0.03665
18.09.2024,0.034159999999999996
19.09.2024,0.034140000000000004
20.09.2024,0.03412
23.09.2024,0.034140000000000004
24.09.2024,0.03415
25.09.2024,0.034159999999999996
26.09.2024,0.03415
27.09.2024,0.03415
30.09.2024,0.0341
01.10.2024,0.034159999999999996
02.10.2024,0.0341
03.10.2024,0.03407
04.10.2024,0.034140000000000004
07.10.2024,0.03413
08.10.2024,0.034140000000000004
09.10.2024,0.03415
10.10.2024,0.034140000000000004
11.10.2024,0.03413
14.10.2024,0.03413
15.10.2024,0.03413
16.10.2024,0.034140000000000004
17.10.2024,0.03415
18.10.2024,0.03415
21.10.2024,0.03415
22.10.2024,0.034159999999999996
23.10.2024,0.03166
24.10.2024,0.03166
25.10.2024,0.03166
28.10.2024,0.03164
29.10.2024,0.03164
30.10.2024,0.03165
31.10.2024,0.031549999999999995
01.11.2024,0.03163
04.11.2024,0.03163
05.11.2024,0.03163
06.11.2024,0.03162
07.11.2024,0.03163
08.11.2024,0.03163
11.11.2024,0.03162
12.11.2024,0.03163
13.11.2024,0.03164
14.11.2024,0.03165
15.11.2024,0.03165
18.11.2024,0.03165
19.11.2024,0.03166
20.11.2024,0.03167
21.11.2024,0.03167
22.11.2024,0.03168
25.11.2024,0.03167
26.11.2024,0.03165
27.11.2024,0.03165
28.11.2024,0.03164
29.11.2024,0.03163
02.12.2024,0.03165
03.12.2024,0.03164
04.12.2024,0.03165
05.12.2024,0.03165
06.12.2024,0.03165
09.12.2024,0.03164
10.12.2024,0.03163
11.12.2024,0.03164
12.12.2024,0.03164
13.12.2024,0.03167
16.12.2024,0.03165
17.12.2024,0.03164
18.12.2024,0.029169999999999998
19.12.2024,0.02919
20.12.2024,0.02916
23.12.2024,0.02911
24.12.2024,0.029089999999999998
27.12.2024,0.02916
30.12.2024,0.02915
31.12.2024,0.02905
02.01.2025,0.0292
03.01.2025,0.02919
06.01.2025,0.029169999999999998
07.01.2025,0.02918
08.01.2025,0.029169999999999998
09.01.2025,0.0292
10.01.2025,0.029169999999999998
13.01.2025,0.02918
14.01.2025,0.02919
15.01.2025,0.0292
16.01.2025,0.0292
17.01.2025,0.0292
20.01.2025,0.02919
21.01.2025,0.02921
22.01.2025,0.0292
23.01.2025,0.029220000000000003
24.01.2025,0.02921
27.01.2025,0.02921
28.01.2025,0.02921
29.01.2025,0.02923
30.01.2025,0.02923
31.01.2025,0.02912
03.02.2025,0.02918
04.02.2025,0.029169999999999998
05.02.2025,0.02666
06.02.2025,0.026690000000000002
07.02.2025,0.02665
10.02.2025,0.02664
11.02.2025,0.02666
12.02.2025,0.02665
13.02.2025,0.02667
14.02.2025,0.02666
17.02.2025,0.02665
18.02.2025,0.02666
19.02.2025,0.02665
20.02.2025,0.02667
21.02.2025,0.02666
24.02.2025,0.02666
25.02.2025,0.02666
26.02.2025,0.02665
27.02.2025,0.02666
28.02.2025,0.02658
03.03.2025,0.026629999999999997
04.03.2025,0.02664
05.03.2025,0.02664
06.03.2025,0.02666
07.03.2025,0.02665
10.03.2025,0.026629999999999997
11.03.2025,0.026629999999999997
12.03.2025,0.02412
13.03.2025,0.02413
14.03.2025,0.024169999999999997
17.03.2025,0.024169999999999997
18.03.2025,0.024169999999999997
19.03.2025,0.02416
20.03.2025,0.024169999999999997
21.03.2025,0.024169999999999997
24.03.2025,0.02418
25.03.2025,0.02418
26.03.2025,0.024169999999999997
27.03.2025,0.024169999999999997
28.03.2025,0.024169999999999997
31.03.2025,0.02415
01.04.2025,0.0242
02.04.2025,0.024169999999999997
03.04.2025,0.02416
04.04.2025,0.02415
07.04.2025,0.02414
08.04.2025,0.02415
09.04.2025,0.02415
10.04.2025,0.02416
11.04.2025,0.02416
14.04.2025,0.024169999999999997
15.04.2025,0.02416
16.04.2025,0.02418
17.04.2025,0.024169999999999997
22.04.2025,0.024169999999999997
23.04.2025,0.02167
24.04.2025,0.02169
25.04.2025,0.02167
28.04.2025,0.02167
29.04.2025,0.02167
30.04.2025,0.021560000000000003
02.05.2025,0.02168
05.05.2025,0.02167
06.05.2025,0.02167
07.05.2025,0.02169
08.05.2025,0.021709999999999997
09.05.2025,0.02169
12.05.2025,0.0217
13.05.2025,0.021720000000000003
14.05.2025,0.021720000000000003
15.05.2025,0.021720000000000003
16.05.2025,0.0217
19.05.2025,0.021709999999999997
20.05.2025,0.021720000000000003
21.05.2025,0.02169
22.05.2025,0.02173
23.05.2025,0.0217
26.05.2025,0.02168
27.05.2025,0.021720000000000003
28.05.2025,0.02167
29.05.2025,0.02161
30.05.2025,0.02161
02.06.2025,0.021720000000000003
03.06.2025,0.021720000000000003
04.06.2025,0.02173
05.06.2025,0.02174
06.06.2025,0.02173
09.06.2025,0.0217
10.06.2025,0.02174
11.06.2025,0.01924
12.06.2025,0.01923
13.06.2025,0.01925
16.06.2025,0.01924
17.06.2025,0.01924
18.06.2025,0.01922
19.06.2025,0.01917
20.06.2025,0.01923
23.06.2025,0.01925
24.06.2025,0.01926
25.06.2025,0.01925
26.06.2025,0.01929
27.06.2025,0.01928
30.06.2025,0.01921
01.07.2025,0.01921
02.07.2025,0.01923
03.07.2025,0.01922
04.07.2025,0.0192
07.07.2025,0.0192
08.07.2025,0.01919
09.07.2025,0.01919
10.07.2025,0.01921
11.07.2025,0.01923
14.07.2025,0.01923
15.07.2025,0.01922
16.07.2025,0.01923
17.07.2025,0.01925
18.07.2025,0.01923
21.07.2025,0.01924
22.07.2025,0.01923
23.07.2025,0.01924
24.07.2025,0.01924
25.07.2025,0.01925
28.07.2025,0.01923
29.07.2025,0.01923
30.07.2025,0.01924
31.07.2025,0.01919
01.08.2025,0.01927
04.08.2025,0.01925
05.08.2025,0.01924
06.08.2025,0.01922
07.08.2025,0.01923
08.08.2025,0.01922
11.08.2025,0.01918
12.08.2025,0.01922
13.08.2025,0.01923
14.08.2025,0.01926
15.08.2025,0.01924
18.08.2025,0.01924
19.08.2025,0.01925
20.08.2025,0.01926
21.08.2025,0.01926
22.08.2025,0.01926
25.08.2025,0.01925
26.08.2025,0.01926
27.08.2025,0.01925
28.08.2025,0.01925
29.08.2025,0.0192
01.09.2025,0.01925
02.09.2025,0.01922
03.09.2025,0.01923
04.09.2025,0.01925
05.09.2025,0.01923
08.09.2025,0.01922
09.09.2025,0.01923
10.09.2025,0.01922
11.09.2025,0.01925
12.09.2025,0.01925
15.09.2025,0.01926
16.09.2025,0.01926
17.09.2025,0.01927
18.09.2025,0.01926
19.09.2025,0.01925
22.09.2025,0.01925
23.09.2025,0.01927
24.09.2025,0.01928
25.09.2025,0.01927
26.09.2025,0.01926
29.09.2025,0.01926
30.09.2025,0.01916
01.10.2025,0.01927
02.10.2025,0.01923
03.10.2025,0.01921
06.10.2025,0.01925
07.10.2025,0.01926
08.10.2025,0.01924
09.10.2025,0.01927
10.10.2025,0.01926
13.10.2025,0.01926
14.10.2025,0.01927
15.10.2025,0.01928
16.10.2025,0.01928
17.10.2025,0.01928
20.10.2025,0.01927
21.10.2025,0.01928
22.10.2025,0.01927
23.10.2025,0.01929
24.10.2025,0.01928
27.10.2025,0.01929
28.10.2025,0.019299999999999998
29.10.2025,0.01931
30.10.2025,0.01931
31.10.2025,0.01921
03.11.2025,0.01932
04.11.2025,0.01931
05.11.2025,0.01929
06.11.2025,0.019299999999999998
07.11.2025,0.01932
10.11.2025,0.01931
11.11.2025,0.019299999999999998
12.11.2025,0.019299999999999998
13.11.2025,0.019299999999999998
14.11.2025,0.01931
17.11.2025,0.01929
18.11.2025,0.019299999999999998
19.11.2025,0.01929
20.11.2025,0.01929
21.11.2025,0.01926
24.11.2025,0.01924
25.11.2025,0.01926
26.11.2025,0.01928
27.11.2025,0.01927
28.11.2025,0.01925
01.12.2025,0.019299999999999998
02.12.2025,0.01929
03.12.2025,0.01926
04.12.2025,0.01929
05.12.2025,0.01929
08.12.2025,0.019299999999999998
09.12.2025,0.01929
10.12.2025,0.01929
11.12.2025,0.019299999999999998
12.12.2025,0.01932
15.12.2025,0.019299999999999998
16.12.2025,0.01932
17.12.2025,0.01932
18.12.2025,0.01931
19.12.2025,0.01933
22.12.2025,0.01932
23.12.2025,0.01925
24.12.2025,0.01926
29.12.2025,0.01934
30.12.2025,0.019299999999999998
31.12.2025,0.01921
02.01.2026,0.01936
05.01.2026,0.01933
06.01.2026,0.01933
07.01.2026,0.01933
08.01.2026,0.01933
09.01.2026,0.01932
12.01.2026,0.01931
13.01.2026,0.019299999999999998
14.01.2026,0.01931
15.01.2026,0.019299999999999998
16.01.2026,0.019299999999999998
19.01.2026,0.01929
20.01.2026,0.01932
21.01.2026,0.01932
22.01.2026,0.01933
23.01.2026,0.01933
26.01.2026,0.01934
27.01.2026,0.01934
28.01.2026,0.01933
29.01.2026,0.01933
30.01.2026,0.01926
02.02.2026,0.01933
03.02.2026,0.01931
04.02.2026,0.01932
05.02.2026,0.01931
06.02.2026,0.019299999999999998
09.02.2026,0.019299999999999998
10.02.2026,0.01929
11.02.2026,0.019299999999999998
12.02.2026,0.01931
13.02.2026,0.019299999999999998
16.02.2026,0.01929
17.02.2026,0.01931
18.02.2026,0.01931
19.02.2026,0.01933
20.02.2026,0.01932
23.02.2026,0.01931
24.02.2026,0.01932
25.02.2026,0.01933
26.02.2026,0.01935
27.02.2026,0.019299999999999998
02.03.2026,0.01934
03.03.2026,0.01934
04.03.2026,0.01934
05.03.2026,0.01935
06.03.2026,0.01933
09.03.2026,0.01932
10.03.2026,0.01933
11.03.2026,0.01931
12.03.2026,0.01932
13.03.2026,0.019299999999999998
16.03.2026,0.01932
17.03.2026,0.01932
18.03.2026,0.01933
19.03.2026,0.01934
20.03.2026,0.01932
23.03.2026,0.01932
24.03.2026,0.01932
25.03.2026,0.019299999999999998
26.03.2026,0.019299999999999998
27.03.2026,0.019299999999999998
30.03.2026,0.01932
31.03.2026,0.01929
01.04.2026,0.019299999999999998
02.04.2026,0.01931
07.04.2026,0.01931
08.04.2026,0.01931
09.04.2026,0.01931
10.04.2026,0.01932
13.04.2026,0.01932
14.04.2026,0.01932
15.04.2026,0.01932
16.04.2026,0.01932
17.04.2026,0.01932
20.04.2026,0.01931
21.04.2026,0.01932
22.04.2026,0.01931
