Дата,Фиксинг
01.01.1999,0.03254
04.01.1999,0.03242
05.01.1999,0.03233
06.01.1999,0.03226
07.01.1999,0.03224
08.01.1999,0.03217
11.01.1999,0.03214
12.01.1999,0.03213
13.01.1999,0.03206
14.01.1999,0.03191
15.01.1999,0.03159
18.01.1999,0.03121
19.01.1999,0.03074
20.01.1999,0.03074
21.01.1999,0.03074
22.01.1999,0.03086
25.01.1999,0.03111
26.01.1999,0.03134
27.01.1999,0.03126
28.01.1999,0.03123
29.01.1999,0.03119
01.02.1999,0.03126
02.02.1999,0.03142
03.02.1999,0.03151
04.02.1999,0.03157
05.02.1999,0.03156
08.02.1999,0.03158
09.02.1999,0.03157
10.02.1999,0.03151
11.02.1999,0.03146
12.02.1999,0.03135
15.02.1999,0.03123
16.02.1999,0.03113
17.02.1999,0.03103
18.02.1999,0.03093
19.02.1999,0.03092
22.02.1999,0.03093
23.02.1999,0.03098
24.02.1999,0.03102
25.02.1999,0.03111
26.02.1999,0.0312
01.03.1999,0.03122
02.03.1999,0.0313
03.03.1999,0.03123
04.03.1999,0.03115
05.03.1999,0.03109
08.03.1999,0.031
09.03.1999,0.03095
10.03.1999,0.03086
11.03.1999,0.03076
12.03.1999,0.03047
15.03.1999,0.03038
16.03.1999,0.03036
17.03.1999,0.03042
18.03.1999,0.03037
19.03.1999,0.03031
22.03.1999,0.03025
23.03.1999,0.03024
24.03.1999,0.0302
25.03.1999,0.03008
26.03.1999,0.03004
29.03.1999,0.03002
30.03.1999,0.02998
31.03.1999,0.02992
01.04.1999,0.02963
02.04.1999,0.02952
05.04.1999,0.02951
06.04.1999,0.02933
07.04.1999,0.02929
08.04.1999,0.02927
09.04.1999,0.0266
12.04.1999,0.02661
13.04.1999,0.02647
14.04.1999,0.02632
15.04.1999,0.02622
16.04.1999,0.02615
19.04.1999,0.02606
20.04.1999,0.02594
21.04.1999,0.02582
22.04.1999,0.02577
23.04.1999,0.02578
26.04.1999,0.02574
27.04.1999,0.02573
28.04.1999,0.02571
29.04.1999,0.02569
30.04.1999,0.02568
03.05.1999,0.02568
04.05.1999,0.02567
05.05.1999,0.02566
06.05.1999,0.02565
07.05.1999,0.02566
10.05.1999,0.02565
11.05.1999,0.02564
12.05.1999,0.02563
13.05.1999,0.0256
14.05.1999,0.02557
17.05.1999,0.0256
18.05.1999,0.0256
19.05.1999,0.02576
20.05.1999,0.02577
21.05.1999,0.02574
24.05.1999,0.02569
25.05.1999,0.02569
26.05.1999,0.02566
27.05.1999,0.02565
28.05.1999,0.02565
31.05.1999,0.02566
01.06.1999,0.02571
02.06.1999,0.02577
03.06.1999,0.02575
04.06.1999,0.02576
07.06.1999,0.02579
08.06.1999,0.02582
09.06.1999,0.02583
10.06.1999,0.02585
11.06.1999,0.02599
14.06.1999,0.02602
15.06.1999,0.02603
16.06.1999,0.02607
17.06.1999,0.02612
18.06.1999,0.02616
21.06.1999,0.02625
22.06.1999,0.02631
23.06.1999,0.02628
24.06.1999,0.02627
25.06.1999,0.02631
28.06.1999,0.02636
29.06.1999,0.02639
30.06.1999,0.02636
01.07.1999,0.02631
02.07.1999,0.02636
05.07.1999,0.02634
06.07.1999,0.02633
07.07.1999,0.02624
08.07.1999,0.02623
09.07.1999,0.02624
12.07.1999,0.02625
13.07.1999,0.02625
14.07.1999,0.02626
15.07.1999,0.02629
16.07.1999,0.0265
19.07.1999,0.02659
20.07.1999,0.02663
21.07.1999,0.02658
22.07.1999,0.02632
23.07.1999,0.02632
26.07.1999,0.0263
27.07.1999,0.02631
28.07.1999,0.0263
29.07.1999,0.02631
30.07.1999,0.02633
02.08.1999,0.02636
03.08.1999,0.02637
04.08.1999,0.02631
05.08.1999,0.02626
06.08.1999,0.02624
09.08.1999,0.02624
10.08.1999,0.02624
11.08.1999,0.02622
12.08.1999,0.02623
13.08.1999,0.02623
16.08.1999,0.02622
17.08.1999,0.02623
18.08.1999,0.02583
19.08.1999,0.02583
20.08.1999,0.02596
23.08.1999,0.026
24.08.1999,0.02602
25.08.1999,0.02602
26.08.1999,0.02602
27.08.1999,0.02604
30.08.1999,0.02605
31.08.1999,0.02605
01.09.1999,0.02605
02.09.1999,0.02604
03.09.1999,0.02602
06.09.1999,0.02597
07.09.1999,0.02593
08.09.1999,0.02589
09.09.1999,0.02585
10.09.1999,0.02584
13.09.1999,0.02584
14.09.1999,0.02583
15.09.1999,0.02583
16.09.1999,0.02582
17.09.1999,0.02579
20.09.1999,0.02558
21.09.1999,0.02568
22.09.1999,0.02571
23.09.1999,0.02577
24.09.1999,0.02576
27.09.1999,0.02577
28.09.1999,0.02578
29.09.1999,0.02579
30.09.1999,0.02584
01.10.1999,0.02637
04.10.1999,0.02775
05.10.1999,0.02798
06.10.1999,0.02813
07.10.1999,0.02827
08.10.1999,0.02643
11.10.1999,0.02644
12.10.1999,0.02662
13.10.1999,0.02723
14.10.1999,0.02731
15.10.1999,0.02782
18.10.1999,0.02774
19.10.1999,0.02734
20.10.1999,0.02775
21.10.1999,0.028
22.10.1999,0.02753
25.10.1999,0.02754
26.10.1999,0.02822
27.10.1999,0.02854
28.10.1999,0.02857
29.10.1999,0.02862
01.11.1999,0.02892
02.11.1999,0.03015
03.11.1999,0.03023
04.11.1999,0.02975
05.11.1999,0.03034
08.11.1999,0.03018
09.11.1999,0.02995
10.11.1999,0.02992
11.11.1999,0.02991
12.11.1999,0.03003
15.11.1999,0.03017
16.11.1999,0.03027
17.11.1999,0.0303
18.11.1999,0.03022
19.11.1999,0.03026
22.11.1999,0.03045
23.11.1999,0.03056
24.11.1999,0.03055
25.11.1999,0.03058
26.11.1999,0.03062
29.11.1999,0.03494
30.11.1999,0.03506
01.12.1999,0.03512
02.12.1999,0.03518
03.12.1999,0.03521
06.12.1999,0.03532
07.12.1999,0.03542
08.12.1999,0.03542
09.12.1999,0.03546
10.12.1999,0.03547
13.12.1999,0.03547
14.12.1999,0.03549
15.12.1999,0.03551
16.12.1999,0.03554
17.12.1999,0.03563
20.12.1999,0.03576
21.12.1999,0.03564
22.12.1999,0.03543
23.12.1999,0.03538
24.12.1999,0.03535
27.12.1999,0.03538
28.12.1999,0.03537
29.12.1999,0.0318
30.12.1999,0.03171
03.01.2000,0.03171
04.01.2000,0.03159
05.01.2000,0.03151
06.01.2000,0.03131
07.01.2000,0.03116
10.01.2000,0.03114
11.01.2000,0.03114
12.01.2000,0.03128
13.01.2000,0.03128
14.01.2000,0.03125
17.01.2000,0.03122
18.01.2000,0.0312
19.01.2000,0.03104
20.01.2000,0.0312
21.01.2000,0.03121
24.01.2000,0.03126
25.01.2000,0.03127
26.01.2000,0.03131
27.01.2000,0.03243
28.01.2000,0.03298
31.01.2000,0.03306
01.02.2000,0.03313
02.02.2000,0.03295
03.02.2000,0.03302
04.02.2000,0.03321
07.02.2000,0.03325
08.02.2000,0.03323
09.02.2000,0.03322
10.02.2000,0.03321
11.02.2000,0.03321
14.02.2000,0.0332
15.02.2000,0.03319
16.02.2000,0.03321
17.02.2000,0.03319
18.02.2000,0.03346
21.02.2000,0.03429
22.02.2000,0.03437
23.02.2000,0.03453
24.02.2000,0.03449
25.02.2000,0.03408
28.02.2000,0.0344
29.02.2000,0.03458
01.03.2000,0.03443
02.03.2000,0.03459
03.03.2000,0.03428
06.03.2000,0.03433
07.03.2000,0.0344
08.03.2000,0.03475
09.03.2000,0.03528
10.03.2000,0.0355
13.03.2000,0.03647
14.03.2000,0.03648
15.03.2000,0.03653
16.03.2000,0.03662
17.03.2000,0.03625
20.03.2000,0.03623
21.03.2000,0.03622
22.03.2000,0.03627
23.03.2000,0.03637
24.03.2000,0.03642
27.03.2000,0.03665
28.03.2000,0.03673
29.03.2000,0.03682
30.03.2000,0.03698
31.03.2000,0.03692
03.04.2000,0.03694
04.04.2000,0.03695
05.04.2000,0.03692
06.04.2000,0.03694
07.04.2000,0.03735
10.04.2000,0.03754
11.04.2000,0.03777
12.04.2000,0.03787
13.04.2000,0.03786
14.04.2000,0.03758
17.04.2000,0.03763
18.04.2000,0.03804
19.04.2000,0.03824
20.04.2000,0.03834
25.04.2000,0.03881
26.04.2000,0.03927
27.04.2000,0.03899
28.04.2000,0.03933
02.05.2000,0.03944
03.05.2000,0.04002
04.05.2000,0.04099
05.05.2000,0.04148
08.05.2000,0.04138
09.05.2000,0.04141
10.05.2000,0.04128
11.05.2000,0.04106
12.05.2000,0.04119
15.05.2000,0.04126
16.05.2000,0.04136
17.05.2000,0.04234
18.05.2000,0.04266
19.05.2000,0.04238
22.05.2000,0.04247
23.05.2000,0.04251
24.05.2000,0.04232
25.05.2000,0.04217
26.05.2000,0.04182
29.05.2000,0.04185
30.05.2000,0.04198
31.05.2000,0.04253
01.06.2000,0.04294
02.06.2000,0.04275
05.06.2000,0.04259
06.06.2000,0.0426
07.06.2000,0.04243
08.06.2000,0.04242
09.06.2000,0.0443
12.06.2000,0.04426
13.06.2000,0.04417
14.06.2000,0.04402
15.06.2000,0.04376
16.06.2000,0.04365
19.06.2000,0.04361
20.06.2000,0.04381
21.06.2000,0.04427
22.06.2000,0.04419
23.06.2000,0.04423
26.06.2000,0.04443
27.06.2000,0.04443
28.06.2000,0.04425
29.06.2000,0.04417
30.06.2000,0.04417
03.07.2000,0.04423
04.07.2000,0.04414
05.07.2000,0.04407
06.07.2000,0.04405
07.07.2000,0.04402
10.07.2000,0.044
11.07.2000,0.04399
12.07.2000,0.04398
13.07.2000,0.04391
14.07.2000,0.04391
17.07.2000,0.04393
18.07.2000,0.04394
19.07.2000,0.0442
20.07.2000,0.04421
21.07.2000,0.04416
24.07.2000,0.04415
25.07.2000,0.04412
26.07.2000,0.04411
27.07.2000,0.04413
28.07.2000,0.04419
31.07.2000,0.04417
01.08.2000,0.04416
02.08.2000,0.04417
03.08.2000,0.04417
04.08.2000,0.04416
07.08.2000,0.04414
08.08.2000,0.04406
09.08.2000,0.04406
10.08.2000,0.04408
11.08.2000,0.04465
14.08.2000,0.04554
15.08.2000,0.04564
16.08.2000,0.04598
17.08.2000,0.0463
18.08.2000,0.04626
21.08.2000,0.04642
22.08.2000,0.04686
23.08.2000,0.04682
24.08.2000,0.04675
25.08.2000,0.04736
28.08.2000,0.0478
29.08.2000,0.04781
30.08.2000,0.0475
31.08.2000,0.04741
01.09.2000,0.04664
04.09.2000,0.04648
05.09.2000,0.04657
06.09.2000,0.04671
07.09.2000,0.04711
08.09.2000,0.04706
11.09.2000,0.04705
12.09.2000,0.04702
13.09.2000,0.04682
14.09.2000,0.04663
15.09.2000,0.04649
18.09.2000,0.04664
19.09.2000,0.04669
20.09.2000,0.04669
21.09.2000,0.04678
22.09.2000,0.04685
25.09.2000,0.04704
26.09.2000,0.04774
27.09.2000,0.04774
28.09.2000,0.04786
29.09.2000,0.04791
02.10.2000,0.04787
03.10.2000,0.04783
04.10.2000,0.04777
05.10.2000,0.0477
06.10.2000,0.04846
09.10.2000,0.04845
10.10.2000,0.0484
11.10.2000,0.04824
12.10.2000,0.04821
13.10.2000,0.04808
16.10.2000,0.04821
17.10.2000,0.04828
18.10.2000,0.04825
19.10.2000,0.04843
20.10.2000,0.04859
23.10.2000,0.04876
24.10.2000,0.04914
25.10.2000,0.0492
26.10.2000,0.04938
27.10.2000,0.04949
30.10.2000,0.04956
31.10.2000,0.04957
01.11.2000,0.04956
02.11.2000,0.04951
03.11.2000,0.04948
06.11.2000,0.04945
07.11.2000,0.04943
08.11.2000,0.04939
09.11.2000,0.04937
10.11.2000,0.04932
13.11.2000,0.04919
14.11.2000,0.04908
15.11.2000,0.04892
16.11.2000,0.04886
17.11.2000,0.04873
20.11.2000,0.04872
21.11.2000,0.04886
22.11.2000,0.04891
23.11.2000,0.04893
24.11.2000,0.04896
27.11.2000,0.04899
28.11.2000,0.04905
29.11.2000,0.05046
30.11.2000,0.05031
01.12.2000,0.05017
04.12.2000,0.05007
05.12.2000,0.05001
06.12.2000,0.04987
07.12.2000,0.04974
08.12.2000,0.04967
11.12.2000,0.04975
12.12.2000,0.04979
13.12.2000,0.04977
14.12.2000,0.04971
15.12.2000,0.04965
18.12.2000,0.0494
19.12.2000,0.04929
20.12.2000,0.04913
21.12.2000,0.04905
22.12.2000,0.04898
25.12.2000,0.04898
26.12.2000,0.04898
27.12.2000,0.04896
28.12.2000,0.04859
29.12.2000,0.04857
02.01.2001,0.04851
03.01.2001,0.04835
04.01.2001,0.04789
05.01.2001,0.04766
08.01.2001,0.04762
09.01.2001,0.04778
10.01.2001,0.04812
11.01.2001,0.04824
12.01.2001,0.04827
15.01.2001,0.04832
16.01.2001,0.04823
17.01.2001,0.04812
18.01.2001,0.04797
19.01.2001,0.04796
22.01.2001,0.04789
23.01.2001,0.04788
24.01.2001,0.04796
25.01.2001,0.04804
26.01.2001,0.04816
29.01.2001,0.04812
30.01.2001,0.0481
31.01.2001,0.04789
01.02.2001,0.04776
02.02.2001,0.04776
05.02.2001,0.04773
06.02.2001,0.04774
07.02.2001,0.04774
08.02.2001,0.04776
09.02.2001,0.04775
12.02.2001,0.04774
13.02.2001,0.04773
14.02.2001,0.04796
15.02.2001,0.048
16.02.2001,0.04794
19.02.2001,0.04811
20.02.2001,0.04847
21.02.2001,0.04852
22.02.2001,0.04821
23.02.2001,0.0482
26.02.2001,0.04836
27.02.2001,0.04836
28.02.2001,0.04808
01.03.2001,0.04806
02.03.2001,0.04805
05.03.2001,0.04807
06.03.2001,0.04811
07.03.2001,0.04816
08.03.2001,0.04824
09.03.2001,0.04833
12.03.2001,0.04833
13.03.2001,0.04823
14.03.2001,0.04815
15.03.2001,0.04806
16.03.2001,0.04815
19.03.2001,0.04816
20.03.2001,0.04819
21.03.2001,0.04818
22.03.2001,0.04766
23.03.2001,0.04677
26.03.2001,0.04676
27.03.2001,0.0467
28.03.2001,0.04674
29.03.2001,0.04666
30.03.2001,0.04698
02.04.2001,0.04722
03.04.2001,0.0473
04.04.2001,0.04705
05.04.2001,0.047
06.04.2001,0.04696
09.04.2001,0.04689
10.04.2001,0.04669
11.04.2001,0.04729
12.04.2001,0.04883
17.04.2001,0.04887
18.04.2001,0.04899
19.04.2001,0.04789
20.04.2001,0.04817
23.04.2001,0.04811
24.04.2001,0.04813
25.04.2001,0.0482
26.04.2001,0.0482
27.04.2001,0.04817
30.04.2001,0.04822
02.05.2001,0.04845
03.05.2001,0.04843
04.05.2001,0.04831
07.05.2001,0.04829
08.05.2001,0.04822
09.05.2001,0.04816
10.05.2001,0.04807
11.05.2001,0.04596
14.05.2001,0.04594
15.05.2001,0.04593
16.05.2001,0.04592
17.05.2001,0.04589
18.05.2001,0.04586
21.05.2001,0.04581
22.05.2001,0.0458
23.05.2001,0.04583
24.05.2001,0.04586
25.05.2001,0.04587
28.05.2001,0.04587
29.05.2001,0.04589
30.05.2001,0.04584
31.05.2001,0.04574
01.06.2001,0.04562
04.06.2001,0.04555
05.06.2001,0.0455
06.06.2001,0.04514
07.06.2001,0.04488
08.06.2001,0.0453
11.06.2001,0.04532
12.06.2001,0.04529
13.06.2001,0.04541
14.06.2001,0.04541
15.06.2001,0.04541
18.06.2001,0.04541
19.06.2001,0.04536
20.06.2001,0.04529
21.06.2001,0.04511
22.06.2001,0.04525
25.06.2001,0.04525
26.06.2001,0.04523
27.06.2001,0.04526
28.06.2001,0.04508
29.06.2001,0.04523
02.07.2001,0.04517
03.07.2001,0.04502
04.07.2001,0.04529
05.07.2001,0.04516
06.07.2001,0.04536
09.07.2001,0.04541
10.07.2001,0.04538
11.07.2001,0.04533
12.07.2001,0.04534
13.07.2001,0.04533
16.07.2001,0.04536
17.07.2001,0.04534
18.07.2001,0.04534
19.07.2001,0.04505
20.07.2001,0.04518
23.07.2001,0.04519
24.07.2001,0.04523
25.07.2001,0.04523
26.07.2001,0.04523
27.07.2001,0.04519
30.07.2001,0.04516
31.07.2001,0.04514
01.08.2001,0.04505
02.08.2001,0.04489
03.08.2001,0.04529
06.08.2001,0.04525
07.08.2001,0.04523
08.08.2001,0.04524
09.08.2001,0.04518
10.08.2001,0.04507
13.08.2001,0.04499
14.08.2001,0.04497
15.08.2001,0.04495
16.08.2001,0.04487
17.08.2001,0.04484
20.08.2001,0.04475
21.08.2001,0.04466
22.08.2001,0.04433
23.08.2001,0.04426
24.08.2001,0.04421
27.08.2001,0.04422
28.08.2001,0.04419
29.08.2001,0.0436
30.08.2001,0.04368
31.08.2001,0.04315
03.09.2001,0.04314
04.09.2001,0.04314
05.09.2001,0.04316
06.09.2001,0.04314
07.09.2001,0.04308
10.09.2001,0.04301
11.09.2001,0.04301
12.09.2001,0.04291
13.09.2001,0.04297
14.09.2001,0.04286
17.09.2001,0.04226
18.09.2001,0.03808
19.09.2001,0.03754
20.09.2001,0.03758
21.09.2001,0.0375
24.09.2001,0.03749
25.09.2001,0.03739
26.09.2001,0.03735
27.09.2001,0.03728
28.09.2001,0.03727
01.10.2001,0.03727
02.10.2001,0.03722
03.10.2001,0.0371
04.10.2001,0.03692
05.10.2001,0.0364
08.10.2001,0.03669
09.10.2001,0.03688
10.10.2001,0.03789
11.10.2001,0.03742
12.10.2001,0.03783
15.10.2001,0.03776
16.10.2001,0.03769
17.10.2001,0.03821
18.10.2001,0.03782
19.10.2001,0.03761
22.10.2001,0.03708
23.10.2001,0.03698
24.10.2001,0.03684
25.10.2001,0.03651
26.10.2001,0.03709
29.10.2001,0.03701
30.10.2001,0.03671
31.10.2001,0.03642
01.11.2001,0.03623
02.11.2001,0.03616
05.11.2001,0.03613
06.11.2001,0.03621
07.11.2001,0.03542
08.11.2001,0.03438
09.11.2001,0.03423
12.11.2001,0.03419
13.11.2001,0.03422
14.11.2001,0.03367
15.11.2001,0.03357
16.11.2001,0.03356
19.11.2001,0.03327
20.11.2001,0.0331
21.11.2001,0.03349
22.11.2001,0.03358
23.11.2001,0.03345
26.11.2001,0.03343
27.11.2001,0.03343
28.11.2001,0.03341
29.11.2001,0.03449
30.11.2001,0.03425
03.12.2001,0.03422
04.12.2001,0.03424
05.12.2001,0.03424
06.12.2001,0.03423
07.12.2001,0.03422
10.12.2001,0.0342
11.12.2001,0.03423
12.12.2001,0.03429
13.12.2001,0.03425
14.12.2001,0.03424
17.12.2001,0.03426
18.12.2001,0.03428
19.12.2001,0.0344
20.12.2001,0.03439
21.12.2001,0.03436
24.12.2001,0.03434
27.12.2001,0.03359
28.12.2001,0.0333
02.01.2002,0.03312
03.01.2002,0.03318
04.01.2002,0.03357
07.01.2002,0.03353
08.01.2002,0.03347
09.01.2002,0.03356
10.01.2002,0.0336
11.01.2002,0.03353
14.01.2002,0.0335
15.01.2002,0.03345
16.01.2002,0.03346
17.01.2002,0.03348
18.01.2002,0.03349
21.01.2002,0.03346
22.01.2002,0.03349
23.01.2002,0.03347
24.01.2002,0.03353
25.01.2002,0.03354
28.01.2002,0.03356
29.01.2002,0.03353
30.01.2002,0.03352
31.01.2002,0.03353
01.02.2002,0.03351
04.02.2002,0.03349
05.02.2002,0.03346
06.02.2002,0.03343
07.02.2002,0.03334
08.02.2002,0.03335
11.02.2002,0.03335
12.02.2002,0.03334
13.02.2002,0.03335
14.02.2002,0.03335
15.02.2002,0.03333
18.02.2002,0.03332
19.02.2002,0.03329
20.02.2002,0.03323
21.02.2002,0.03327
22.02.2002,0.03329
25.02.2002,0.03333
26.02.2002,0.03338
27.02.2002,0.03343
28.02.2002,0.03342
01.03.2002,0.03342
04.03.2002,0.03344
05.03.2002,0.03344
06.03.2002,0.03343
07.03.2002,0.03341
08.03.2002,0.03342
11.03.2002,0.03342
12.03.2002,0.03343
13.03.2002,0.03344
14.03.2002,0.03339
15.03.2002,0.03336
18.03.2002,0.03334
19.03.2002,0.03332
20.03.2002,0.03333
21.03.2002,0.0334
22.03.2002,0.03347
25.03.2002,0.03362
26.03.2002,0.03379
27.03.2002,0.03363
28.03.2002,0.03362
02.04.2002,0.03361
03.04.2002,0.03357
04.04.2002,0.03353
05.04.2002,0.03348
08.04.2002,0.03346
09.04.2002,0.03341
10.04.2002,0.03335
11.04.2002,0.03331
12.04.2002,0.03327
15.04.2002,0.03325
16.04.2002,0.03324
17.04.2002,0.03321
18.04.2002,0.03323
19.04.2002,0.03326
22.04.2002,0.03328
23.04.2002,0.03332
24.04.2002,0.03334
25.04.2002,0.03334
26.04.2002,0.03335
29.04.2002,0.03335
30.04.2002,0.03333
02.05.2002,0.03333
03.05.2002,0.0334
06.05.2002,0.03341
07.05.2002,0.03341
08.05.2002,0.03341
09.05.2002,0.03344
10.05.2002,0.03343
13.05.2002,0.03343
14.05.2002,0.03374
15.05.2002,0.03379
16.05.2002,0.03382
17.05.2002,0.03418
20.05.2002,0.03415
21.05.2002,0.03425
22.05.2002,0.03383
23.05.2002,0.03388
24.05.2002,0.03388
27.05.2002,0.0339
28.05.2002,0.03391
29.05.2002,0.03392
30.05.2002,0.0339
31.05.2002,0.03388
03.06.2002,0.03387
04.06.2002,0.03386
05.06.2002,0.03384
06.06.2002,0.03383
07.06.2002,0.03377
10.06.2002,0.03375
11.06.2002,0.03374
12.06.2002,0.03373
13.06.2002,0.03375
14.06.2002,0.03374
17.06.2002,0.03374
18.06.2002,0.03381
19.06.2002,0.03382
20.06.2002,0.03387
21.06.2002,0.03388
24.06.2002,0.03393
25.06.2002,0.03397
26.06.2002,0.03395
27.06.2002,0.03393
28.06.2002,0.03392
01.07.2002,0.03389
02.07.2002,0.03385
03.07.2002,0.03382
04.07.2002,0.03383
05.07.2002,0.03383
08.07.2002,0.03376
09.07.2002,0.03369
10.07.2002,0.03364
11.07.2002,0.03361
12.07.2002,0.03362
15.07.2002,0.03361
16.07.2002,0.03362
17.07.2002,0.03354
18.07.2002,0.03349
19.07.2002,0.03345
22.07.2002,0.03345
23.07.2002,0.03352
24.07.2002,0.03349
25.07.2002,0.03351
26.07.2002,0.03351
29.07.2002,0.03345
30.07.2002,0.03345
31.07.2002,0.03345
01.08.2002,0.03345
02.08.2002,0.03341
05.08.2002,0.03334
06.08.2002,0.03326
07.08.2002,0.0333
08.08.2002,0.03332
09.08.2002,0.03332
12.08.2002,0.03332
13.08.2002,0.03331
14.08.2002,0.03325
15.08.2002,0.03325
16.08.2002,0.03327
19.08.2002,0.03327
20.08.2002,0.03326
21.08.2002,0.03327
22.08.2002,0.03333
23.08.2002,0.03337
26.08.2002,0.03339
27.08.2002,0.03339
28.08.2002,0.03339
29.08.2002,0.03338
30.08.2002,0.03337
02.09.2002,0.03335
03.09.2002,0.03335
04.09.2002,0.03324
05.09.2002,0.03317
06.09.2002,0.03312
09.09.2002,0.03315
10.09.2002,0.03315
11.09.2002,0.03314
12.09.2002,0.03313
13.09.2002,0.03313
16.09.2002,0.03314
17.09.2002,0.03314
18.09.2002,0.03313
19.09.2002,0.03315
20.09.2002,0.03314
23.09.2002,0.03314
24.09.2002,0.03314
25.09.2002,0.03315
26.09.2002,0.03319
27.09.2002,0.03322
30.09.2002,0.03319
01.10.2002,0.03313
02.10.2002,0.03314
03.10.2002,0.0331
04.10.2002,0.03303
07.10.2002,0.03285
08.10.2002,0.03288
09.10.2002,0.03298
10.10.2002,0.03295
11.10.2002,0.03312
14.10.2002,0.03314
15.10.2002,0.03316
16.10.2002,0.03319
17.10.2002,0.03323
18.10.2002,0.03317
21.10.2002,0.03311
22.10.2002,0.03311
23.10.2002,0.03306
24.10.2002,0.03298
25.10.2002,0.03296
28.10.2002,0.03303
29.10.2002,0.03308
30.10.2002,0.033
31.10.2002,0.03297
01.11.2002,0.03284
04.11.2002,0.03275
05.11.2002,0.03262
06.11.2002,0.0325
07.11.2002,0.0316
08.11.2002,0.03303
11.11.2002,0.03301
12.11.2002,0.033
13.11.2002,0.0329
14.11.2002,0.03279
15.11.2002,0.03272
18.11.2002,0.03247
19.11.2002,0.03235
20.11.2002,0.0322
21.11.2002,0.03172
22.11.2002,0.03162
25.11.2002,0.03163
26.11.2002,0.03162
27.11.2002,0.03153
28.11.2002,0.03183
29.11.2002,0.03183
02.12.2002,0.03138
03.12.2002,0.0312
04.12.2002,0.03015
05.12.2002,0.0299
06.12.2002,0.02924
09.12.2002,0.02925
10.12.2002,0.0293
11.12.2002,0.02937
12.12.2002,0.02947
13.12.2002,0.02959
16.12.2002,0.02975
17.12.2002,0.02974
18.12.2002,0.02972
19.12.2002,0.02999
20.12.2002,0.03005
23.12.2002,0.03005
24.12.2002,0.03
27.12.2002,0.02984
30.12.2002,0.029
02.01.2003,0.02899
03.01.2003,0.02898
06.01.2003,0.02886
07.01.2003,0.02882
08.01.2003,0.0287
09.01.2003,0.02854
10.01.2003,0.02854
13.01.2003,0.02853
14.01.2003,0.02853
15.01.2003,0.02853
16.01.2003,0.02853
17.01.2003,0.02854
20.01.2003,0.02853
21.01.2003,0.02853
22.01.2003,0.02842
23.01.2003,0.02839
24.01.2003,0.02839
27.01.2003,0.02835
28.01.2003,0.02835
29.01.2003,0.02834
30.01.2003,0.02833
31.01.2003,0.02833
03.02.2003,0.02832
04.02.2003,0.0283
05.02.2003,0.02824
06.02.2003,0.02822
07.02.2003,0.02812
10.02.2003,0.0281
11.02.2003,0.02811
12.02.2003,0.02807
13.02.2003,0.02796
14.02.2003,0.02795
17.02.2003,0.02798
18.02.2003,0.02798
19.02.2003,0.02798
20.02.2003,0.02797
21.02.2003,0.02795
24.02.2003,0.02709
25.02.2003,0.02697
26.02.2003,0.02681
27.02.2003,0.02632
28.02.2003,0.02651
03.03.2003,0.02609
04.03.2003,0.02605
05.03.2003,0.02567
06.03.2003,0.02518
07.03.2003,0.02646
10.03.2003,0.02666
11.03.2003,0.02657
12.03.2003,0.02641
13.03.2003,0.02637
14.03.2003,0.02638
17.03.2003,0.02628
18.03.2003,0.02631
19.03.2003,0.02601
20.03.2003,0.02585
21.03.2003,0.02572
24.03.2003,0.02566
25.03.2003,0.02565
26.03.2003,0.02565
27.03.2003,0.02577
28.03.2003,0.02574
31.03.2003,0.02572
01.04.2003,0.02568
02.04.2003,0.02551
03.04.2003,0.02545
04.04.2003,0.02576
07.04.2003,0.02583
08.04.2003,0.02578
09.04.2003,0.02574
10.04.2003,0.02573
11.04.2003,0.02574
14.04.2003,0.02587
15.04.2003,0.02589
16.04.2003,0.02587
17.04.2003,0.02589
22.04.2003,0.02586
23.04.2003,0.02583
24.04.2003,0.02583
25.04.2003,0.02576
28.04.2003,0.02575
29.04.2003,0.02574
30.04.2003,0.02574
02.05.2003,0.02572
05.05.2003,0.02572
06.05.2003,0.02569
07.05.2003,0.02555
08.05.2003,0.02548
09.05.2003,0.02577
12.05.2003,0.02575
13.05.2003,0.02578
14.05.2003,0.02583
15.05.2003,0.02584
16.05.2003,0.02579
19.05.2003,0.02546
20.05.2003,0.02531
21.05.2003,0.02526
22.05.2003,0.02499
23.05.2003,0.02469
26.05.2003,0.02445
27.05.2003,0.02422
28.05.2003,0.02412
29.05.2003,0.024
30.05.2003,0.02386
02.06.2003,0.02352
03.06.2003,0.02319
04.06.2003,0.02206
05.06.2003,0.02183
06.06.2003,0.02158
09.06.2003,0.0215
10.06.2003,0.0215
11.06.2003,0.02148
12.06.2003,0.02156
13.06.2003,0.02154
16.06.2003,0.02152
17.06.2003,0.02154
18.06.2003,0.02162
19.06.2003,0.02161
20.06.2003,0.02163
23.06.2003,0.02159
24.06.2003,0.02161
25.06.2003,0.02156
26.06.2003,0.02159
27.06.2003,0.02158
30.06.2003,0.02156
01.07.2003,0.02155
02.07.2003,0.02149
03.07.2003,0.02147
04.07.2003,0.02147
07.07.2003,0.02146
08.07.2003,0.02141
09.07.2003,0.02134
10.07.2003,0.02132
11.07.2003,0.02129
14.07.2003,0.02131
15.07.2003,0.02131
16.07.2003,0.02131
17.07.2003,0.02129
18.07.2003,0.02128
21.07.2003,0.02124
22.07.2003,0.02124
23.07.2003,0.0212
24.07.2003,0.02117
25.07.2003,0.02118
28.07.2003,0.02117
29.07.2003,0.02118
30.07.2003,0.02118
31.07.2003,0.02118
01.08.2003,0.0212
04.08.2003,0.02123
05.08.2003,0.02121
06.08.2003,0.02119
07.08.2003,0.02121
08.08.2003,0.02119
11.08.2003,0.02119
12.08.2003,0.02119
13.08.2003,0.02118
14.08.2003,0.02118
15.08.2003,0.02118
18.08.2003,0.02116
19.08.2003,0.02115
20.08.2003,0.02119
21.08.2003,0.02123
22.08.2003,0.02127
25.08.2003,0.02127
26.08.2003,0.02129
27.08.2003,0.02132
28.08.2003,0.02133
29.08.2003,0.02133
01.09.2003,0.02132
02.09.2003,0.02132
03.09.2003,0.02138
04.09.2003,0.02139
05.09.2003,0.02138
08.09.2003,0.02136
09.09.2003,0.02133
10.09.2003,0.0213
11.09.2003,0.02127
12.09.2003,0.02127
15.09.2003,0.02126
16.09.2003,0.02128
17.09.2003,0.02125
18.09.2003,0.02124
19.09.2003,0.02121
22.09.2003,0.0212
23.09.2003,0.02119
24.09.2003,0.02119
25.09.2003,0.02118
26.09.2003,0.02114
29.09.2003,0.02114
30.09.2003,0.02111
01.10.2003,0.02103
02.10.2003,0.02101
03.10.2003,0.02103
06.10.2003,0.02105
07.10.2003,0.02103
08.10.2003,0.02103
09.10.2003,0.02102
10.10.2003,0.02102
13.10.2003,0.02103
14.10.2003,0.02103
15.10.2003,0.02103
16.10.2003,0.02103
17.10.2003,0.02103
20.10.2003,0.02099
21.10.2003,0.02097
22.10.2003,0.02098
23.10.2003,0.02095
24.10.2003,0.02098
27.10.2003,0.02099
28.10.2003,0.02095
29.10.2003,0.02095
30.10.2003,0.02095
31.10.2003,0.02095
03.11.2003,0.02094
04.11.2003,0.02092
05.11.2003,0.02093
06.11.2003,0.02093
07.11.2003,0.02092
10.11.2003,0.02093
11.11.2003,0.02092
12.11.2003,0.02087
13.11.2003,0.02079
14.11.2003,0.02063
17.11.2003,0.02066
18.11.2003,0.02065
19.11.2003,0.02059
20.11.2003,0.02065
21.11.2003,0.02066
24.11.2003,0.02067
25.11.2003,0.02068
26.11.2003,0.02093
27.11.2003,0.02154
28.11.2003,0.02154
01.12.2003,0.02155
02.12.2003,0.02153
03.12.2003,0.02149
04.12.2003,0.02148
05.12.2003,0.02146
08.12.2003,0.02142
09.12.2003,0.02138
10.12.2003,0.02136
11.12.2003,0.02135
12.12.2003,0.02135
15.12.2003,0.02132
16.12.2003,0.02132
17.12.2003,0.02123
18.12.2003,0.02119
19.12.2003,0.02117
22.12.2003,0.02121
23.12.2003,0.02124
24.12.2003,0.02126
29.12.2003,0.02124
30.12.2003,0.02105
02.01.2004,0.02099
05.01.2004,0.02094
06.01.2004,0.02092
07.01.2004,0.02086
08.01.2004,0.02083
09.01.2004,0.02082
12.01.2004,0.02082
13.01.2004,0.0208
14.01.2004,0.02069
15.01.2004,0.02059
16.01.2004,0.02058
19.01.2004,0.0206
20.01.2004,0.02064
21.01.2004,0.02071
22.01.2004,0.02074
23.01.2004,0.02072
26.01.2004,0.02072
27.01.2004,0.02074
28.01.2004,0.02074
29.01.2004,0.02075
30.01.2004,0.02074
02.02.2004,0.02073
03.02.2004,0.02072
04.02.2004,0.02067
05.02.2004,0.02066
06.02.2004,0.02064
09.02.2004,0.02062
10.02.2004,0.0206
11.02.2004,0.02057
12.02.2004,0.02057
13.02.2004,0.02057
16.02.2004,0.02056
17.02.2004,0.02055
18.02.2004,0.02053
19.02.2004,0.02053
20.02.2004,0.02054
23.02.2004,0.02065
24.02.2004,0.02066
25.02.2004,0.02066
26.02.2004,0.02055
27.02.2004,0.02053
01.03.2004,0.02052
02.03.2004,0.02053
03.03.2004,0.02047
04.03.2004,0.02039
05.03.2004,0.02045
08.03.2004,0.02047
09.03.2004,0.02053
10.03.2004,0.02053
11.03.2004,0.02055
12.03.2004,0.02053
15.03.2004,0.02053
16.03.2004,0.02053
17.03.2004,0.02052
18.03.2004,0.02046
19.03.2004,0.02043
22.03.2004,0.02042
23.03.2004,0.02042
24.03.2004,0.02044
25.03.2004,0.02028
26.03.2004,0.0202
29.03.2004,0.02016
30.03.2004,0.02025
31.03.2004,0.02024
01.04.2004,0.02022
02.04.2004,0.02047
05.04.2004,0.02058
06.04.2004,0.02057
07.04.2004,0.02053
08.04.2004,0.02052
13.04.2004,0.02053
14.04.2004,0.02053
15.04.2004,0.02053
16.04.2004,0.02054
19.04.2004,0.02053
20.04.2004,0.02054
21.04.2004,0.02054
22.04.2004,0.02054
23.04.2004,0.02053
26.04.2004,0.02054
27.04.2004,0.02055
28.04.2004,0.02055
29.04.2004,0.02056
30.04.2004,0.02056
03.05.2004,0.02056
04.05.2004,0.02056
05.05.2004,0.02059
06.05.2004,0.02057
07.05.2004,0.02056
10.05.2004,0.02061
11.05.2004,0.02063
12.05.2004,0.02059
13.05.2004,0.02063
14.05.2004,0.02063
17.05.2004,0.02062
18.05.2004,0.02062
19.05.2004,0.02062
20.05.2004,0.02062
21.05.2004,0.02061
24.05.2004,0.02063
25.05.2004,0.02063
26.05.2004,0.02063
27.05.2004,0.02063
28.05.2004,0.02063
31.05.2004,0.02063
01.06.2004,0.02064
02.06.2004,0.02067
03.06.2004,0.02074
04.06.2004,0.02075
07.06.2004,0.02078
08.06.2004,0.02077
09.06.2004,0.02077
10.06.2004,0.02077
11.06.2004,0.02078
14.06.2004,0.02079
15.06.2004,0.02082
16.06.2004,0.02082
17.06.2004,0.02082
18.06.2004,0.02079
21.06.2004,0.02078
22.06.2004,0.02077
23.06.2004,0.02076
24.06.2004,0.02075
28.06.2004,0.02075
29.06.2004,0.02074
30.06.2004,0.02075
01.07.2004,0.02074
02.07.2004,0.02075
05.07.2004,0.02075
06.07.2004,0.02074
07.07.2004,0.02074
08.07.2004,0.02075
09.07.2004,0.02075
12.07.2004,0.02074
13.07.2004,0.02074
14.07.2004,0.02076
15.07.2004,0.02075
16.07.2004,0.02075
19.07.2004,0.02074
20.07.2004,0.02074
21.07.2004,0.02074
22.07.2004,0.02078
23.07.2004,0.02078
26.07.2004,0.02079
27.07.2004,0.02079
28.07.2004,0.02079
29.07.2004,0.02075
30.07.2004,0.02076
02.08.2004,0.02075
03.08.2004,0.02075
04.08.2004,0.02076
05.08.2004,0.02077
06.08.2004,0.02074
09.08.2004,0.02072
10.08.2004,0.02075
11.08.2004,0.02079
12.08.2004,0.02078
13.08.2004,0.02079
16.08.2004,0.0208
17.08.2004,0.0208
18.08.2004,0.02081
19.08.2004,0.02079
20.08.2004,0.02077
23.08.2004,0.02077
24.08.2004,0.02076
25.08.2004,0.02077
26.08.2004,0.02077
27.08.2004,0.02076
30.08.2004,0.02077
31.08.2004,0.02076
01.09.2004,0.02076
02.09.2004,0.02075
03.09.2004,0.02075
06.09.2004,0.02075
07.09.2004,0.02075
08.09.2004,0.02075
09.09.2004,0.02075
10.09.2004,0.02076
13.09.2004,0.02076
14.09.2004,0.02077
15.09.2004,0.02076
16.09.2004,0.02078
17.09.2004,0.02079
20.09.2004,0.02079
21.09.2004,0.0208
22.09.2004,0.02081
23.09.2004,0.0208
24.09.2004,0.02081
27.09.2004,0.02081
28.09.2004,0.02081
29.09.2004,0.02081
30.09.2004,0.0208
01.10.2004,0.02079
04.10.2004,0.0208
05.10.2004,0.02083
06.10.2004,0.02086
07.10.2004,0.02085
08.10.2004,0.02084
11.10.2004,0.02083
12.10.2004,0.02082
13.10.2004,0.02084
14.10.2004,0.02084
15.10.2004,0.02085
18.10.2004,0.02085
19.10.2004,0.02088
20.10.2004,0.02089
21.10.2004,0.02089
22.10.2004,0.02089
25.10.2004,0.02089
26.10.2004,0.02091
27.10.2004,0.02092
28.10.2004,0.02091
29.10.2004,0.02092
01.11.2004,0.02093
02.11.2004,0.02093
03.11.2004,0.02094
04.11.2004,0.02107
05.11.2004,0.02097
08.11.2004,0.02101
09.11.2004,0.02101
10.11.2004,0.021
11.11.2004,0.02101
12.11.2004,0.02103
15.11.2004,0.02103
16.11.2004,0.02103
17.11.2004,0.02104
18.11.2004,0.02105
19.11.2004,0.02104
22.11.2004,0.02105
23.11.2004,0.02112
24.11.2004,0.02114
25.11.2004,0.02116
26.11.2004,0.02118
29.11.2004,0.02174
30.11.2004,0.02174
01.12.2004,0.02169
02.12.2004,0.02165
03.12.2004,0.02165
06.12.2004,0.02165
07.12.2004,0.02165
08.12.2004,0.02166
09.12.2004,0.02166
10.12.2004,0.02167
13.12.2004,0.02168
14.12.2004,0.02174
15.12.2004,0.02175
16.12.2004,0.02174
17.12.2004,0.02174
20.12.2004,0.02174
21.12.2004,0.02175
22.12.2004,0.02175
23.12.2004,0.02174
24.12.2004,0.02173
27.12.2004,0.02174
28.12.2004,0.02174
29.12.2004,0.02171
30.12.2004,0.0213
03.01.2005,0.02125
04.01.2005,0.02123
05.01.2005,0.02116
06.01.2005,0.02116
07.01.2005,0.02114
10.01.2005,0.02114
11.01.2005,0.02115
12.01.2005,0.02113
13.01.2005,0.02107
14.01.2005,0.02106
17.01.2005,0.0211
18.01.2005,0.02109
19.01.2005,0.02107
20.01.2005,0.02108
21.01.2005,0.02107
24.01.2005,0.02107
25.01.2005,0.02107
26.01.2005,0.02107
27.01.2005,0.02107
28.01.2005,0.02106
31.01.2005,0.02107
01.02.2005,0.02106
02.02.2005,0.02104
03.02.2005,0.02105
04.02.2005,0.02105
07.02.2005,0.02105
08.02.2005,0.02105
09.02.2005,0.02105
10.02.2005,0.02105
11.02.2005,0.02104
14.02.2005,0.02104
15.02.2005,0.02105
16.02.2005,0.02104
17.02.2005,0.02103
18.02.2005,0.02102
21.02.2005,0.02102
22.02.2005,0.02102
23.02.2005,0.02103
24.02.2005,0.02102
25.02.2005,0.02103
28.02.2005,0.02104
01.03.2005,0.02103
02.03.2005,0.02103
03.03.2005,0.02102
04.03.2005,0.02103
07.03.2005,0.02102
08.03.2005,0.02099
09.03.2005,0.02101
10.03.2005,0.02103
11.03.2005,0.02102
14.03.2005,0.02103
15.03.2005,0.02103
16.03.2005,0.02103
17.03.2005,0.02104
18.03.2005,0.02104
21.03.2005,0.02103
22.03.2005,0.02103
23.03.2005,0.02104
24.03.2005,0.02104
29.03.2005,0.02105
30.03.2005,0.02104
31.03.2005,0.02105
01.04.2005,0.02104
04.04.2005,0.02105
05.04.2005,0.02104
06.04.2005,0.02105
07.04.2005,0.02106
08.04.2005,0.02106
11.04.2005,0.02105
12.04.2005,0.02105
13.04.2005,0.02106
14.04.2005,0.02105
15.04.2005,0.02105
18.04.2005,0.02105
19.04.2005,0.02105
20.04.2005,0.02105
21.04.2005,0.02104
22.04.2005,0.02104
25.04.2005,0.02103
26.04.2005,0.02103
27.04.2005,0.02104
28.04.2005,0.02105
29.04.2005,0.02104
02.05.2005,0.02105
03.05.2005,0.02105
04.05.2005,0.02104
05.05.2005,0.02105
06.05.2005,0.02104
09.05.2005,0.02104
10.05.2005,0.02104
11.05.2005,0.02104
12.05.2005,0.02105
13.05.2005,0.02104
16.05.2005,0.02105
17.05.2005,0.02104
18.05.2005,0.02103
19.05.2005,0.02103
20.05.2005,0.02104
23.05.2005,0.02104
24.05.2005,0.02104
25.05.2005,0.02103
26.05.2005,0.02104
27.05.2005,0.02104
30.05.2005,0.02104
31.05.2005,0.02105
01.06.2005,0.02104
02.06.2005,0.02104
03.06.2005,0.02104
06.06.2005,0.02104
07.06.2005,0.02104
08.06.2005,0.02103
09.06.2005,0.02104
10.06.2005,0.02104
13.06.2005,0.02104
14.06.2005,0.02105
15.06.2005,0.02105
16.06.2005,0.02104
17.06.2005,0.02104
20.06.2005,0.02104
21.06.2005,0.02104
22.06.2005,0.02103
23.06.2005,0.02103
24.06.2005,0.02104
27.06.2005,0.02103
28.06.2005,0.02104
29.06.2005,0.02104
30.06.2005,0.02104
01.07.2005,0.02104
04.07.2005,0.02104
05.07.2005,0.02104
06.07.2005,0.02105
07.07.2005,0.02105
08.07.2005,0.02107
11.07.2005,0.02108
12.07.2005,0.02107
13.07.2005,0.02107
14.07.2005,0.02106
15.07.2005,0.02106
18.07.2005,0.02106
19.07.2005,0.02106
20.07.2005,0.02106
21.07.2005,0.02106
22.07.2005,0.02106
25.07.2005,0.02106
26.07.2005,0.02106
27.07.2005,0.02108
28.07.2005,0.02109
29.07.2005,0.02112
01.08.2005,0.02111
02.08.2005,0.02112
03.08.2005,0.02112
04.08.2005,0.02112
05.08.2005,0.02112
08.08.2005,0.02113
09.08.2005,0.02113
10.08.2005,0.02113
11.08.2005,0.02114
12.08.2005,0.02114
15.08.2005,0.02114
16.08.2005,0.02114
17.08.2005,0.02114
18.08.2005,0.02112
19.08.2005,0.02111
22.08.2005,0.02111
23.08.2005,0.0211
24.08.2005,0.02112
25.08.2005,0.02113
26.08.2005,0.02113
29.08.2005,0.02114
30.08.2005,0.02114
31.08.2005,0.02112
01.09.2005,0.02112
02.09.2005,0.02112
05.09.2005,0.02112
06.09.2005,0.02113
07.09.2005,0.02114
08.09.2005,0.02114
09.09.2005,0.02114
12.09.2005,0.02113
13.09.2005,0.02115
14.09.2005,0.02114
15.09.2005,0.02115
16.09.2005,0.02115
19.09.2005,0.02114
20.09.2005,0.02114
21.09.2005,0.02114
22.09.2005,0.02114
23.09.2005,0.02114
26.09.2005,0.02117
27.09.2005,0.02119
28.09.2005,0.02122
29.09.2005,0.02121
30.09.2005,0.02122
03.10.2005,0.02122
04.10.2005,0.02121
05.10.2005,0.02123
06.10.2005,0.02123
07.10.2005,0.02124
10.10.2005,0.02123
11.10.2005,0.02123
12.10.2005,0.02121
13.10.2005,0.0212
14.10.2005,0.02121
17.10.2005,0.02121
18.10.2005,0.0212
19.10.2005,0.0212
20.10.2005,0.02117
21.10.2005,0.02116
24.10.2005,0.02115
25.10.2005,0.02116
26.10.2005,0.0212
27.10.2005,0.02122
28.10.2005,0.02126
31.10.2005,0.02125
01.11.2005,0.02125
02.11.2005,0.02124
03.11.2005,0.02132
04.11.2005,0.02125
07.11.2005,0.02132
08.11.2005,0.02145
09.11.2005,0.02155
10.11.2005,0.02171
11.11.2005,0.02171
14.11.2005,0.02175
15.11.2005,0.02192
16.11.2005,0.02192
17.11.2005,0.02196
18.11.2005,0.02201
21.11.2005,0.02279
22.11.2005,0.02304
23.11.2005,0.02323
24.11.2005,0.02328
25.11.2005,0.02325
28.11.2005,0.02326
29.11.2005,0.02386
30.11.2005,0.02389
01.12.2005,0.02406
02.12.2005,0.02399
05.12.2005,0.02401
06.12.2005,0.02404
07.12.2005,0.02402
08.12.2005,0.02403
09.12.2005,0.02404
12.12.2005,0.02404
13.12.2005,0.02406
14.12.2005,0.02408
15.12.2005,0.02413
16.12.2005,0.02415
19.12.2005,0.02417
20.12.2005,0.02419
21.12.2005,0.02418
22.12.2005,0.02426
23.12.2005,0.02428
26.12.2005,0.02428
27.12.2005,0.02426
28.12.2005,0.02428
29.12.2005,0.02407
30.12.2005,0.02401
02.01.2006,0.02399
03.01.2006,0.02398
04.01.2006,0.02393
05.01.2006,0.0239
06.01.2006,0.02387
09.01.2006,0.02389
10.01.2006,0.02386
11.01.2006,0.02391
12.01.2006,0.02396
13.01.2006,0.02389
16.01.2006,0.02387
17.01.2006,0.02386
18.01.2006,0.02385
19.01.2006,0.02386
20.01.2006,0.02387
23.01.2006,0.02385
24.01.2006,0.02385
25.01.2006,0.02386
26.01.2006,0.02385
27.01.2006,0.02384
30.01.2006,0.02385
31.01.2006,0.02387
01.02.2006,0.0239
02.02.2006,0.02392
03.02.2006,0.02386
06.02.2006,0.02389
07.02.2006,0.0239
08.02.2006,0.02397
09.02.2006,0.02413
10.02.2006,0.02426
13.02.2006,0.02437
14.02.2006,0.02443
15.02.2006,0.02448
16.02.2006,0.02468
17.02.2006,0.02476
20.02.2006,0.02483
21.02.2006,0.02492
22.02.2006,0.02504
23.02.2006,0.02528
24.02.2006,0.02551
27.02.2006,0.02571
28.02.2006,0.02589
01.03.2006,0.02601
02.03.2006,0.02615
03.03.2006,0.02624
06.03.2006,0.02628
07.03.2006,0.02629
08.03.2006,0.02631
09.03.2006,0.02632
10.03.2006,0.02632
13.03.2006,0.02633
14.03.2006,0.02634
15.03.2006,0.02633
16.03.2006,0.02633
17.03.2006,0.02634
20.03.2006,0.02636
21.03.2006,0.02636
22.03.2006,0.02637
23.03.2006,0.02638
24.03.2006,0.02638
27.03.2006,0.02638
28.03.2006,0.0264
29.03.2006,0.02647
30.03.2006,0.02649
31.03.2006,0.02647
03.04.2006,0.02647
04.04.2006,0.02649
05.04.2006,0.02651
06.04.2006,0.02654
07.04.2006,0.02641
10.04.2006,0.02638
11.04.2006,0.02637
12.04.2006,0.02637
13.04.2006,0.0264
18.04.2006,0.02642
19.04.2006,0.02643
20.04.2006,0.02644
21.04.2006,0.02651
24.04.2006,0.02653
25.04.2006,0.02655
26.04.2006,0.02667
27.04.2006,0.02666
28.04.2006,0.02666
02.05.2006,0.02667
03.05.2006,0.02667
04.05.2006,0.02645
05.05.2006,0.02635
08.05.2006,0.0264
09.05.2006,0.02641
10.05.2006,0.02644
11.05.2006,0.02647
12.05.2006,0.02653
15.05.2006,0.02664
16.05.2006,0.02664
17.05.2006,0.02664
18.05.2006,0.02694
19.05.2006,0.02698
22.05.2006,0.02715
23.05.2006,0.02724
24.05.2006,0.02731
25.05.2006,0.02751
26.05.2006,0.02757
29.05.2006,0.02765
30.05.2006,0.02779
31.05.2006,0.02792
01.06.2006,0.02821
02.06.2006,0.02823
05.06.2006,0.02827
06.06.2006,0.02834
07.06.2006,0.02836
08.06.2006,0.02869
09.06.2006,0.02845
12.06.2006,0.02859
13.06.2006,0.02874
14.06.2006,0.02874
15.06.2006,0.02876
16.06.2006,0.02876
19.06.2006,0.02876
20.06.2006,0.02881
21.06.2006,0.02884
22.06.2006,0.02885
23.06.2006,0.02886
26.06.2006,0.02887
27.06.2006,0.02901
28.06.2006,0.02908
29.06.2006,0.02901
30.06.2006,0.02897
03.07.2006,0.02898
04.07.2006,0.02894
05.07.2006,0.02889
06.07.2006,0.02889
07.07.2006,0.02884
10.07.2006,0.02895
11.07.2006,0.02895
12.07.2006,0.02895
13.07.2006,0.02916
14.07.2006,0.02922
17.07.2006,0.0293
18.07.2006,0.02934
19.07.2006,0.02942
20.07.2006,0.02955
21.07.2006,0.02963
24.07.2006,0.02978
25.07.2006,0.02985
26.07.2006,0.02992
27.07.2006,0.03011
28.07.2006,0.0302
31.07.2006,0.0303
01.08.2006,0.03033
02.08.2006,0.03042
03.08.2006,0.03064
04.08.2006,0.0309
07.08.2006,0.03103
08.08.2006,0.03104
09.08.2006,0.03105
10.08.2006,0.03104
11.08.2006,0.03105
14.08.2006,0.03107
15.08.2006,0.03105
16.08.2006,0.03105
17.08.2006,0.03106
18.08.2006,0.03105
21.08.2006,0.03106
22.08.2006,0.03106
23.08.2006,0.03106
24.08.2006,0.03099
25.08.2006,0.03095
28.08.2006,0.03094
29.08.2006,0.03094
30.08.2006,0.03093
31.08.2006,0.03094
01.09.2006,0.03096
04.09.2006,0.03096
05.09.2006,0.03095
06.09.2006,0.03096
07.09.2006,0.03096
08.09.2006,0.03097
11.09.2006,0.03102
12.09.2006,0.03121
13.09.2006,0.03125
14.09.2006,0.0314
15.09.2006,0.03144
18.09.2006,0.0315
19.09.2006,0.03172
20.09.2006,0.03173
21.09.2006,0.03196
22.09.2006,0.03201
25.09.2006,0.03205
26.09.2006,0.03221
27.09.2006,0.03242
28.09.2006,0.03262
29.09.2006,0.03272
02.10.2006,0.03291
03.10.2006,0.03303
04.10.2006,0.03324
05.10.2006,0.03336
06.10.2006,0.03339
09.10.2006,0.03343
10.10.2006,0.03345
11.10.2006,0.03346
12.10.2006,0.03347
13.10.2006,0.03347
16.10.2006,0.03348
17.10.2006,0.03349
18.10.2006,0.0335
19.10.2006,0.03354
20.10.2006,0.0336
23.10.2006,0.03364
24.10.2006,0.03365
25.10.2006,0.03368
26.10.2006,0.03378
27.10.2006,0.03381
30.10.2006,0.03382
31.10.2006,0.03383
01.11.2006,0.03365
02.11.2006,0.03366
03.11.2006,0.0337
06.11.2006,0.03366
07.11.2006,0.03366
08.11.2006,0.03365
09.11.2006,0.03368
10.11.2006,0.03371
13.11.2006,0.03379
14.11.2006,0.03396
15.11.2006,0.03395
16.11.2006,0.03404
17.11.2006,0.03411
20.11.2006,0.03416
21.11.2006,0.03443
22.11.2006,0.03452
23.11.2006,0.03464
24.11.2006,0.03474
27.11.2006,0.03484
28.11.2006,0.03494
29.11.2006,0.03548
30.11.2006,0.03574
01.12.2006,0.03588
04.12.2006,0.03594
05.12.2006,0.03596
06.12.2006,0.036
07.12.2006,0.03625
08.12.2006,0.03634
11.12.2006,0.0365
12.12.2006,0.03653
13.12.2006,0.03653
14.12.2006,0.03654
15.12.2006,0.03655
18.12.2006,0.03657
19.12.2006,0.03663
20.12.2006,0.03663
21.12.2006,0.03665
22.12.2006,0.03671
25.12.2006,0.03671
26.12.2006,0.03671
27.12.2006,0.03672
28.12.2006,0.03634
29.12.2006,0.03633
02.01.2007,0.03629
03.01.2007,0.03627
04.01.2007,0.03625
05.01.2007,0.03625
08.01.2007,0.0362
09.01.2007,0.03616
10.01.2007,0.03612
11.01.2007,0.03615
12.01.2007,0.0361
15.01.2007,0.0361
16.01.2007,0.03614
17.01.2007,0.03615
18.01.2007,0.03612
19.01.2007,0.03613
22.01.2007,0.03613
23.01.2007,0.03613
24.01.2007,0.03613
25.01.2007,0.03613
26.01.2007,0.03614
29.01.2007,0.03614
30.01.2007,0.03614
31.01.2007,0.03613
01.02.2007,0.03609
02.02.2007,0.03609
05.02.2007,0.03607
06.02.2007,0.03607
07.02.2007,0.03607
08.02.2007,0.03606
09.02.2007,0.03606
12.02.2007,0.03607
13.02.2007,0.03611
14.02.2007,0.03615
15.02.2007,0.0364
16.02.2007,0.0365
19.02.2007,0.03658
20.02.2007,0.03669
21.02.2007,0.03679
22.02.2007,0.03703
23.02.2007,0.03712
26.02.2007,0.03732
27.02.2007,0.03745
28.02.2007,0.0375
01.03.2007,0.03771
02.03.2007,0.03786
05.03.2007,0.03793
06.03.2007,0.03803
07.03.2007,0.03808
08.03.2007,0.03839
09.03.2007,0.03846
12.03.2007,0.03855
13.03.2007,0.03856
14.03.2007,0.03855
15.03.2007,0.03856
16.03.2007,0.03862
19.03.2007,0.03863
20.03.2007,0.03863
21.03.2007,0.03864
22.03.2007,0.03862
23.03.2007,0.03863
26.03.2007,0.03864
27.03.2007,0.03864
28.03.2007,0.03865
29.03.2007,0.03864
30.03.2007,0.03864
02.04.2007,0.03864
03.04.2007,0.03865
04.04.2007,0.03863
05.04.2007,0.03862
06.04.2007,0.03862
09.04.2007,0.03862
10.04.2007,0.03858
11.04.2007,0.03857
12.04.2007,0.03858
13.04.2007,0.03856
16.04.2007,0.03856
17.04.2007,0.03856
18.04.2007,0.03857
19.04.2007,0.03857
20.04.2007,0.03857
23.04.2007,0.03858
24.04.2007,0.03858
25.04.2007,0.03858
26.04.2007,0.03859
27.04.2007,0.03861
30.04.2007,0.03861
01.05.2007,0.03861
02.05.2007,0.03863
03.05.2007,0.03863
04.05.2007,0.03863
07.05.2007,0.03864
08.05.2007,0.03864
09.05.2007,0.03862
10.05.2007,0.03863
11.05.2007,0.03873
14.05.2007,0.0389
15.05.2007,0.03893
16.05.2007,0.03894
17.05.2007,0.03915
18.05.2007,0.03923
21.05.2007,0.03938
22.05.2007,0.03943
23.05.2007,0.0395
24.05.2007,0.03973
25.05.2007,0.0398
28.05.2007,0.03983
29.05.2007,0.03992
30.05.2007,0.04007
31.05.2007,0.0403
01.06.2007,0.04034
04.06.2007,0.04041
05.06.2007,0.04052
06.06.2007,0.04055
07.06.2007,0.04085
08.06.2007,0.04097
11.06.2007,0.04107
12.06.2007,0.04108
13.06.2007,0.04112
14.06.2007,0.04114
15.06.2007,0.04113
18.06.2007,0.04112
19.06.2007,0.04113
20.06.2007,0.04114
21.06.2007,0.04115
22.06.2007,0.04115
25.06.2007,0.04114
26.06.2007,0.04114
27.06.2007,0.04119
28.06.2007,0.04114
29.06.2007,0.04115
02.07.2007,0.04113
03.07.2007,0.04112
04.07.2007,0.04105
05.07.2007,0.04103
06.07.2007,0.04106
09.07.2007,0.04105
10.07.2007,0.04105
11.07.2007,0.04105
12.07.2007,0.04105
13.07.2007,0.04105
16.07.2007,0.04105
17.07.2007,0.04104
18.07.2007,0.04103
19.07.2007,0.04103
20.07.2007,0.04104
23.07.2007,0.04104
24.07.2007,0.04104
25.07.2007,0.04104
26.07.2007,0.04105
27.07.2007,0.04105
30.07.2007,0.04101
31.07.2007,0.04104
01.08.2007,0.04105
02.08.2007,0.04105
03.08.2007,0.04111
06.08.2007,0.04112
07.08.2007,0.04115
08.08.2007,0.04124
09.08.2007,0.04194
10.08.2007,0.04238
13.08.2007,0.04251
14.08.2007,0.0428
15.08.2007,0.04289
16.08.2007,0.04355
17.08.2007,0.04414
20.08.2007,0.04437
21.08.2007,0.04438
22.08.2007,0.04448
23.08.2007,0.04456
24.08.2007,0.04447
27.08.2007,0.04439
28.08.2007,0.04414
29.08.2007,0.04421
30.08.2007,0.04434
31.08.2007,0.04459
03.09.2007,0.04455
04.09.2007,0.0447
05.09.2007,0.04495
06.09.2007,0.04477
07.09.2007,0.04442
10.09.2007,0.04445
11.09.2007,0.04449
12.09.2007,0.04449
13.09.2007,0.04429
14.09.2007,0.04428
17.09.2007,0.0443
18.09.2007,0.04428
19.09.2007,0.04422
20.09.2007,0.04413
21.09.2007,0.04411
24.09.2007,0.04409
25.09.2007,0.04408
26.09.2007,0.04408
27.09.2007,0.04405
28.09.2007,0.04405
01.10.2007,0.04389
02.10.2007,0.04383
03.10.2007,0.04374
04.10.2007,0.04357
05.10.2007,0.0434
08.10.2007,0.04331
09.10.2007,0.04314
10.10.2007,0.04285
11.10.2007,0.04257
12.10.2007,0.04196
15.10.2007,0.04183
16.10.2007,0.04182
17.10.2007,0.04182
18.10.2007,0.04176
19.10.2007,0.04173
22.10.2007,0.04174
23.10.2007,0.04171
24.10.2007,0.04166
25.10.2007,0.04157
26.10.2007,0.04157
29.10.2007,0.04158
30.10.2007,0.04157
31.10.2007,0.04155
01.11.2007,0.0415
02.11.2007,0.04146
05.11.2007,0.04144
06.11.2007,0.04142
07.11.2007,0.0414
08.11.2007,0.04138
09.11.2007,0.04136
12.11.2007,0.04136
13.11.2007,0.04139
14.11.2007,0.0414
15.11.2007,0.04142
16.11.2007,0.04144
19.11.2007,0.04157
20.11.2007,0.04169
21.11.2007,0.04173
22.11.2007,0.04191
23.11.2007,0.04199
26.11.2007,0.04185
27.11.2007,0.0418
28.11.2007,0.04169
29.11.2007,0.04809
30.11.2007,0.04822
03.12.2007,0.04834
04.12.2007,0.04848
05.12.2007,0.04857
06.12.2007,0.04864
07.12.2007,0.04872
10.12.2007,0.04895
11.12.2007,0.04923
12.12.2007,0.04947
13.12.2007,0.04938
14.12.2007,0.04932
17.12.2007,0.0493
18.12.2007,0.04634
19.12.2007,0.04564
20.12.2007,0.04523
21.12.2007,0.04476
24.12.2007,0.04459
27.12.2007,0.04438
28.12.2007,0.04294
02.01.2008,0.04239
03.01.2008,0.04215
04.01.2008,0.04205
07.01.2008,0.04204
08.01.2008,0.04202
09.01.2008,0.0421
10.01.2008,0.04206
11.01.2008,0.04204
14.01.2008,0.04203
15.01.2008,0.04203
16.01.2008,0.042
17.01.2008,0.04195
18.01.2008,0.04191
21.01.2008,0.0419
22.01.2008,0.04174
23.01.2008,0.04175
24.01.2008,0.04179
25.01.2008,0.04187
28.01.2008,0.04189
29.01.2008,0.04189
30.01.2008,0.04191
31.01.2008,0.0419
01.02.2008,0.0419
04.02.2008,0.04186
05.02.2008,0.04184
06.02.2008,0.04178
07.02.2008,0.04175
08.02.2008,0.04172
11.02.2008,0.04175
12.02.2008,0.04177
13.02.2008,0.04178
14.02.2008,0.04179
15.02.2008,0.0418
18.02.2008,0.0418
19.02.2008,0.04179
20.02.2008,0.0418
21.02.2008,0.0418
22.02.2008,0.0418
25.02.2008,0.04181
26.02.2008,0.04185
27.02.2008,0.04185
28.02.2008,0.042
29.02.2008,0.042
03.03.2008,0.04199
04.03.2008,0.042
05.03.2008,0.04201
06.03.2008,0.04212
07.03.2008,0.04263
10.03.2008,0.04296
11.03.2008,0.04305
12.03.2008,0.04301
13.03.2008,0.04303
14.03.2008,0.04309
17.03.2008,0.0433
18.03.2008,0.04332
19.03.2008,0.04347
20.03.2008,0.04353
21.03.2008,0.04353
24.03.2008,0.04353
25.03.2008,0.04365
26.03.2008,0.04376
27.03.2008,0.04379
28.03.2008,0.04359
31.03.2008,0.04358
01.04.2008,0.04357
02.04.2008,0.04352
03.04.2008,0.04349
04.04.2008,0.04348
07.04.2008,0.04349
08.04.2008,0.04353
09.04.2008,0.04354
10.04.2008,0.04363
11.04.2008,0.04365
14.04.2008,0.04363
15.04.2008,0.04368
16.04.2008,0.04371
17.04.2008,0.04371
18.04.2008,0.04372
21.04.2008,0.04378
22.04.2008,0.04383
23.04.2008,0.04386
24.04.2008,0.04386
25.04.2008,0.04387
28.04.2008,0.04386
29.04.2008,0.04389
30.04.2008,0.0439
02.05.2008,0.04386
05.05.2008,0.04386
06.05.2008,0.04386
07.05.2008,0.04386
08.05.2008,0.04385
09.05.2008,0.04384
12.05.2008,0.04384
13.05.2008,0.04384
14.05.2008,0.04382
15.05.2008,0.04377
16.05.2008,0.04375
19.05.2008,0.04376
20.05.2008,0.04374
21.05.2008,0.04374
22.05.2008,0.04373
23.05.2008,0.04373
26.05.2008,0.04374
27.05.2008,0.04373
28.05.2008,0.04374
29.05.2008,0.04465
30.05.2008,0.04464
02.06.2008,0.04464
03.06.2008,0.04462
04.06.2008,0.0446
05.06.2008,0.04458
06.06.2008,0.04479
09.06.2008,0.04475
10.06.2008,0.04475
11.06.2008,0.04472
12.06.2008,0.04474
13.06.2008,0.04471
16.06.2008,0.04473
17.06.2008,0.04485
18.06.2008,0.04487
19.06.2008,0.04494
20.06.2008,0.04489
23.06.2008,0.04489
24.06.2008,0.04489
25.06.2008,0.04482
26.06.2008,0.04467
27.06.2008,0.04435
30.06.2008,0.0444
01.07.2008,0.04448
02.07.2008,0.04447
03.07.2008,0.04464
04.07.2008,0.0447
07.07.2008,0.0447
08.07.2008,0.04471
09.07.2008,0.0447
10.07.2008,0.04468
11.07.2008,0.04468
14.07.2008,0.04469
15.07.2008,0.04469
16.07.2008,0.0447
17.07.2008,0.04471
18.07.2008,0.04471
21.07.2008,0.04472
22.07.2008,0.04477
23.07.2008,0.04482
24.07.2008,0.04483
25.07.2008,0.04483
28.07.2008,0.04482
29.07.2008,0.04482
30.07.2008,0.0448
31.07.2008,0.04479
01.08.2008,0.04483
04.08.2008,0.04485
05.08.2008,0.04485
06.08.2008,0.04487
07.08.2008,0.04487
08.08.2008,0.04486
11.08.2008,0.04486
12.08.2008,0.04485
13.08.2008,0.04485
14.08.2008,0.04485
15.08.2008,0.04485
18.08.2008,0.04485
19.08.2008,0.04484
20.08.2008,0.04485
21.08.2008,0.04484
22.08.2008,0.04484
25.08.2008,0.04484
26.08.2008,0.04485
27.08.2008,0.04485
28.08.2008,0.04511
29.08.2008,0.04511
01.09.2008,0.04513
02.09.2008,0.04513
03.09.2008,0.04515
04.09.2008,0.04515
05.09.2008,0.04515
08.09.2008,0.04515
09.09.2008,0.04515
10.09.2008,0.04515
11.09.2008,0.04515
12.09.2008,0.04516
15.09.2008,0.04524
16.09.2008,0.04533
17.09.2008,0.04539
18.09.2008,0.04583
19.09.2008,0.04631
22.09.2008,0.04765
23.09.2008,0.04849
24.09.2008,0.04908
25.09.2008,0.04977
26.09.2008,0.05006
29.09.2008,0.05006
30.09.2008,0.0505
01.10.2008,0.05088
02.10.2008,0.05116
03.10.2008,0.0513
06.10.2008,0.0515
07.10.2008,0.05182
08.10.2008,0.05197
09.10.2008,0.05126
10.10.2008,0.05118
13.10.2008,0.05024
14.10.2008,0.0493
15.10.2008,0.04867
16.10.2008,0.04773
17.10.2008,0.04731
20.10.2008,0.04685
21.10.2008,0.04651
22.10.2008,0.04613
23.10.2008,0.04605
24.10.2008,0.04607
27.10.2008,0.0458
28.10.2008,0.04529
29.10.2008,0.04504
30.10.2008,0.04479
31.10.2008,0.04434
03.11.2008,0.04412
04.11.2008,0.04368
05.11.2008,0.04327
06.11.2008,0.04249
07.11.2008,0.04101
10.11.2008,0.04015
11.11.2008,0.03954
12.11.2008,0.03914
13.11.2008,0.03869
14.11.2008,0.03828
17.11.2008,0.03777
18.11.2008,0.03722
19.11.2008,0.03678
20.11.2008,0.03612
21.11.2008,0.03543
24.11.2008,0.03484
25.11.2008,0.03436
26.11.2008,0.03392
27.11.2008,0.0361
28.11.2008,0.03574
01.12.2008,0.03523
02.12.2008,0.03471
03.12.2008,0.03416
04.12.2008,0.03335
05.12.2008,0.03229
08.12.2008,0.03157
09.12.2008,0.03104
10.12.2008,0.03062
11.12.2008,0.0302
12.12.2008,0.0299
15.12.2008,0.02954
16.12.2008,0.02915
17.12.2008,0.02873
18.12.2008,0.02842
19.12.2008,0.02804
22.12.2008,0.02772
23.12.2008,0.02743
24.12.2008,0.02711
29.12.2008,0.02692
30.12.2008,0.02634
02.01.2009,0.0257
05.01.2009,0.02543
06.01.2009,0.02512
07.01.2009,0.0248
08.01.2009,0.02449
09.01.2009,0.02412
12.01.2009,0.02377
13.01.2009,0.02326
14.01.2009,0.02278
15.01.2009,0.022
16.01.2009,0.02116
19.01.2009,0.02066
20.01.2009,0.02029
21.01.2009,0.01974
22.01.2009,0.01913
23.01.2009,0.01862
26.01.2009,0.01812
27.01.2009,0.01785
28.01.2009,0.01771
29.01.2009,0.01758
30.01.2009,0.01745
02.02.2009,0.01735
03.02.2009,0.01723
04.02.2009,0.01711
05.02.2009,0.01698
06.02.2009,0.01692
09.02.2009,0.0168
10.02.2009,0.01668
11.02.2009,0.01659
12.02.2009,0.01647
13.02.2009,0.0163
16.02.2009,0.01613
17.02.2009,0.01603
18.02.2009,0.0159
19.02.2009,0.01582
20.02.2009,0.01576
23.02.2009,0.01571
24.02.2009,0.01561
25.02.2009,0.01553
26.02.2009,0.01543
27.02.2009,0.0153
02.03.2009,0.01518
03.03.2009,0.015
04.03.2009,0.01478
05.03.2009,0.01447
06.03.2009,0.01398
09.03.2009,0.01361
10.03.2009,0.01325
11.03.2009,0.0129
12.03.2009,0.01271
13.03.2009,0.01248
16.03.2009,0.01231
17.03.2009,0.01214
18.03.2009,0.01204
19.03.2009,0.0119
20.03.2009,0.01184
23.03.2009,0.01172
24.03.2009,0.01167
25.03.2009,0.01163
26.03.2009,0.01155
27.03.2009,0.01148
30.03.2009,0.01135
31.03.2009,0.01121
01.04.2009,0.01105
02.04.2009,0.01086
03.04.2009,0.01076
06.04.2009,0.01055
07.04.2009,0.01035
08.04.2009,0.01021
09.04.2009,0.01011
14.04.2009,0.01
15.04.2009,0.00992
16.04.2009,0.00991
17.04.2009,0.00992
20.04.2009,0.00999
21.04.2009,0.01005
22.04.2009,0.01009
23.04.2009,0.01007
24.04.2009,0.00999
27.04.2009,0.00988
28.04.2009,0.00973
29.04.2009,0.00953
30.04.2009,0.00944
04.05.2009,0.00931
05.05.2009,0.00918
06.05.2009,0.00904
07.05.2009,0.00894
08.05.2009,0.00876
11.05.2009,0.00864
12.05.2009,0.00854
13.05.2009,0.00845
14.05.2009,0.00833
15.05.2009,0.00823
18.05.2009,0.00816
19.05.2009,0.00816
20.05.2009,0.00849
21.05.2009,0.0088
22.05.2009,0.00906
25.05.2009,0.00923
26.05.2009,0.00939
27.05.2009,0.00941
28.05.2009,0.00941
29.05.2009,0.00935
01.06.2009,0.00933
02.06.2009,0.00926
03.06.2009,0.0092
04.06.2009,0.00923
05.06.2009,0.00938
08.06.2009,0.00953
09.06.2009,0.00962
10.06.2009,0.00965
11.06.2009,0.00963
12.06.2009,0.00961
15.06.2009,0.00959
16.06.2009,0.00957
17.06.2009,0.00951
18.06.2009,0.00948
19.06.2009,0.00941
22.06.2009,0.00934
23.06.2009,0.00925
24.06.2009,0.0091
25.06.2009,0.00828
26.06.2009,0.00783
29.06.2009,0.00764
30.06.2009,0.00751
01.07.2009,0.0074
02.07.2009,0.00728
03.07.2009,0.007
06.07.2009,0.00684
07.07.2009,0.00675
08.07.2009,0.0066
09.07.2009,0.00647
10.07.2009,0.00632
13.07.2009,0.00625
14.07.2009,0.00615
15.07.2009,0.00607
16.07.2009,0.00597
17.07.2009,0.00587
20.07.2009,0.00578
21.07.2009,0.0057
22.07.2009,0.00562
23.07.2009,0.00558
24.07.2009,0.00553
27.07.2009,0.00549
28.07.2009,0.00545
29.07.2009,0.00542
30.07.2009,0.00538
31.07.2009,0.00532
03.08.2009,0.00526
04.08.2009,0.00522
05.08.2009,0.00523
06.08.2009,0.00522
07.08.2009,0.00521
10.08.2009,0.00523
11.08.2009,0.00522
12.08.2009,0.0052
13.08.2009,0.00517
14.08.2009,0.00515
17.08.2009,0.00512
18.08.2009,0.00508
19.08.2009,0.00505
20.08.2009,0.005
21.08.2009,0.00498
24.08.2009,0.00497
25.08.2009,0.00491
26.08.2009,0.0049
27.08.2009,0.00487
28.08.2009,0.00485
31.08.2009,0.00483
01.09.2009,0.00481
02.09.2009,0.00479
03.09.2009,0.00476
04.09.2009,0.00474
07.09.2009,0.00469
08.09.2009,0.00464
09.09.2009,0.00461
10.09.2009,0.00458
11.09.2009,0.00454
14.09.2009,0.00454
15.09.2009,0.00452
16.09.2009,0.00452
17.09.2009,0.00451
18.09.2009,0.00449
21.09.2009,0.00449
22.09.2009,0.00447
23.09.2009,0.00446
24.09.2009,0.00443
25.09.2009,0.0044
28.09.2009,0.00438
29.09.2009,0.00438
30.09.2009,0.00438
01.10.2009,0.00439
02.10.2009,0.00437
05.10.2009,0.00433
06.10.2009,0.0043
07.10.2009,0.00431
08.10.2009,0.00432
09.10.2009,0.00431
12.10.2009,0.00431
13.10.2009,0.00431
14.10.2009,0.0043
15.10.2009,0.0043
16.10.2009,0.0043
19.10.2009,0.0043
20.10.2009,0.00428
21.10.2009,0.00429
22.10.2009,0.00428
23.10.2009,0.00426
26.10.2009,0.00428
27.10.2009,0.00426
28.10.2009,0.00426
29.10.2009,0.00426
30.10.2009,0.00422
02.11.2009,0.00424
03.11.2009,0.00426
04.11.2009,0.00427
05.11.2009,0.0043
06.11.2009,0.00431
09.11.2009,0.0043
10.11.2009,0.00431
11.11.2009,0.00433
12.11.2009,0.00433
13.11.2009,0.00432
16.11.2009,0.00432
17.11.2009,0.00431
18.11.2009,0.00433
19.11.2009,0.00433
20.11.2009,0.00433
23.11.2009,0.00434
24.11.2009,0.00435
25.11.2009,0.00436
26.11.2009,0.00438
27.11.2009,0.00466
30.11.2009,0.00472
01.12.2009,0.00476
02.12.2009,0.00478
03.12.2009,0.0048
04.12.2009,0.00481
07.12.2009,0.00481
08.12.2009,0.0048
09.12.2009,0.0048
10.12.2009,0.00481
11.12.2009,0.00484
14.12.2009,0.00486
15.12.2009,0.00488
16.12.2009,0.00487
17.12.2009,0.00483
18.12.2009,0.00482
21.12.2009,0.00481
22.12.2009,0.00478
23.12.2009,0.00475
24.12.2009,0.00476
28.12.2009,0.00473
29.12.2009,0.00473
30.12.2009,0.00459
04.01.2010,0.00453
05.01.2010,0.00452
06.01.2010,0.0045
07.01.2010,0.00448
08.01.2010,0.00445
11.01.2010,0.00443
12.01.2010,0.00441
13.01.2010,0.0044
14.01.2010,0.00439
15.01.2010,0.00438
18.01.2010,0.00435
19.01.2010,0.00435
20.01.2010,0.00432
21.01.2010,0.0043
22.01.2010,0.00429
25.01.2010,0.00427
26.01.2010,0.00426
27.01.2010,0.00425
28.01.2010,0.00426
29.01.2010,0.00426
01.02.2010,0.00425
02.02.2010,0.00425
03.02.2010,0.00424
04.02.2010,0.00424
05.02.2010,0.00424
08.02.2010,0.00423
09.02.2010,0.00421
10.02.2010,0.00423
11.02.2010,0.00423
12.02.2010,0.00423
15.02.2010,0.00421
16.02.2010,0.00422
17.02.2010,0.00421
18.02.2010,0.00419
19.02.2010,0.0042
22.02.2010,0.0042
23.02.2010,0.00419
24.02.2010,0.00418
25.02.2010,0.00418
26.02.2010,0.00416
01.03.2010,0.00415
02.03.2010,0.00415
03.03.2010,0.00414
04.03.2010,0.00414
05.03.2010,0.00415
08.03.2010,0.00413
09.03.2010,0.00411
10.03.2010,0.00411
11.03.2010,0.00409
12.03.2010,0.00407
15.03.2010,0.00406
16.03.2010,0.00406
17.03.2010,0.00404
18.03.2010,0.00402
19.03.2010,0.00401
22.03.2010,0.00403
23.03.2010,0.00401
24.03.2010,0.004
25.03.2010,0.004
26.03.2010,0.00401
29.03.2010,0.00399
30.03.2010,0.00398
31.03.2010,0.00397
01.04.2010,0.004
02.04.2010,0.004
05.04.2010,0.004
06.04.2010,0.00401
07.04.2010,0.00403
08.04.2010,0.00404
09.04.2010,0.00403
12.04.2010,0.00403
13.04.2010,0.00404
14.04.2010,0.00404
15.04.2010,0.00404
16.04.2010,0.00405
19.04.2010,0.00404
20.04.2010,0.00404
21.04.2010,0.00404
22.04.2010,0.00404
23.04.2010,0.00405
26.04.2010,0.00404
27.04.2010,0.00405
28.04.2010,0.00408
29.04.2010,0.00411
30.04.2010,0.00413
03.05.2010,0.00414
04.05.2010,0.00416
05.05.2010,0.00417
06.05.2010,0.00419
07.05.2010,0.00424
10.05.2010,0.00422
11.05.2010,0.00422
12.05.2010,0.00422
13.05.2010,0.00423
14.05.2010,0.00423
17.05.2010,0.00423
18.05.2010,0.00423
19.05.2010,0.00423
20.05.2010,0.00425
21.05.2010,0.00426
24.05.2010,0.00426
25.05.2010,0.00426
26.05.2010,0.00426
27.05.2010,0.00426
28.05.2010,0.00428
31.05.2010,0.00429
01.06.2010,0.00428
02.06.2010,0.0043
03.06.2010,0.00432
04.06.2010,0.00432
07.06.2010,0.00433
08.06.2010,0.00434
09.06.2010,0.00436
10.06.2010,0.00438
11.06.2010,0.00438
14.06.2010,0.00439
15.06.2010,0.00441
16.06.2010,0.00442
17.06.2010,0.00443
18.06.2010,0.00444
21.06.2010,0.00447
22.06.2010,0.0045
23.06.2010,0.00455
24.06.2010,0.00459
25.06.2010,0.00464
28.06.2010,0.00471
29.06.2010,0.00479
30.06.2010,0.00485
01.07.2010,0.00505
02.07.2010,0.00513
05.07.2010,0.00515
06.07.2010,0.00518
07.07.2010,0.00523
08.07.2010,0.00534
09.07.2010,0.00547
12.07.2010,0.00553
13.07.2010,0.00562
14.07.2010,0.00568
15.07.2010,0.00574
16.07.2010,0.00597
19.07.2010,0.00611
20.07.2010,0.0062
21.07.2010,0.00628
22.07.2010,0.00631
23.07.2010,0.00633
26.07.2010,0.00635
27.07.2010,0.00638
28.07.2010,0.0064
29.07.2010,0.00643
30.07.2010,0.00645
02.08.2010,0.00646
03.08.2010,0.00648
04.08.2010,0.00649
05.08.2010,0.0065
06.08.2010,0.00649
09.08.2010,0.00649
10.08.2010,0.00648
11.08.2010,0.00649
12.08.2010,0.00647
13.08.2010,0.00647
16.08.2010,0.00645
17.08.2010,0.00642
18.08.2010,0.00641
19.08.2010,0.00638
20.08.2010,0.00634
23.08.2010,0.00635
24.08.2010,0.00633
25.08.2010,0.0063
26.08.2010,0.00628
27.08.2010,0.00625
30.08.2010,0.00624
31.08.2010,0.00622
01.09.2010,0.00619
02.09.2010,0.0062
03.09.2010,0.0062
06.09.2010,0.00618
07.09.2010,0.00617
08.09.2010,0.00616
09.09.2010,0.00617
10.09.2010,0.00616
13.09.2010,0.00616
14.09.2010,0.00616
15.09.2010,0.00617
16.09.2010,0.00617
17.09.2010,0.00618
20.09.2010,0.00617
21.09.2010,0.00618
22.09.2010,0.00617
23.09.2010,0.00617
24.09.2010,0.00618
27.09.2010,0.00618
28.09.2010,0.00621
29.09.2010,0.00621
30.09.2010,0.00625
01.10.2010,0.00704
04.10.2010,0.00726
05.10.2010,0.00732
06.10.2010,0.00737
07.10.2010,0.00744
08.10.2010,0.00752
11.10.2010,0.0076
12.10.2010,0.00767
13.10.2010,0.00769
14.10.2010,0.00771
15.10.2010,0.00777
18.10.2010,0.00784
19.10.2010,0.00792
20.10.2010,0.00806
21.10.2010,0.00816
22.10.2010,0.00822
25.10.2010,0.0083
26.10.2010,0.00839
27.10.2010,0.00847
28.10.2010,0.00847
29.10.2010,0.00847
01.11.2010,0.00848
02.11.2010,0.00847
03.11.2010,0.00847
04.11.2010,0.00849
05.11.2010,0.0085
08.11.2010,0.00853
09.11.2010,0.00853
10.11.2010,0.00852
11.11.2010,0.00852
12.11.2010,0.00852
15.11.2010,0.0085
16.11.2010,0.00846
17.11.2010,0.00844
18.11.2010,0.00834
19.11.2010,0.00824
22.11.2010,0.00816
23.11.2010,0.00811
24.11.2010,0.00804
25.11.2010,0.00799
26.11.2010,0.00796
29.11.2010,0.00808
30.11.2010,0.0081
01.12.2010,0.00812
02.12.2010,0.00815
03.12.2010,0.00816
06.12.2010,0.00819
07.12.2010,0.00821
08.12.2010,0.00822
09.12.2010,0.00822
10.12.2010,0.00822
13.12.2010,0.00819
14.12.2010,0.00819
15.12.2010,0.00813
16.12.2010,0.00813
17.12.2010,0.00811
20.12.2010,0.00809
21.12.2010,0.0081
22.12.2010,0.00811
23.12.2010,0.00805
24.12.2010,0.00803
27.12.2010,0.00804
28.12.2010,0.00804
29.12.2010,0.00803
30.12.2010,0.0079
03.01.2011,0.00774
04.01.2011,0.00766
05.01.2011,0.00762
06.01.2011,0.0076
07.01.2011,0.00759
10.01.2011,0.00754
11.01.2011,0.00752
12.01.2011,0.00754
13.01.2011,0.00758
14.01.2011,0.00768
17.01.2011,0.00771
18.01.2011,0.00776
19.01.2011,0.0078
20.01.2011,0.00784
21.01.2011,0.00799
24.01.2011,0.00811
25.01.2011,0.00819
26.01.2011,0.00858
27.01.2011,0.00872
28.01.2011,0.00877
31.01.2011,0.00895
01.02.2011,0.00915
02.02.2011,0.0091
03.02.2011,0.00911
04.02.2011,0.00912
07.02.2011,0.0091
08.02.2011,0.00903
09.02.2011,0.00926
10.02.2011,0.00924
11.02.2011,0.00916
14.02.2011,0.00911
15.02.2011,0.00903
16.02.2011,0.00892
17.02.2011,0.00883
18.02.2011,0.00871
21.02.2011,0.00864
22.02.2011,0.00863
23.02.2011,0.00863
24.02.2011,0.00862
25.02.2011,0.00867
28.02.2011,0.00867
01.03.2011,0.00867
02.03.2011,0.00865
03.03.2011,0.00869
04.03.2011,0.00897
07.03.2011,0.00904
08.03.2011,0.00905
09.03.2011,0.00902
10.03.2011,0.00897
11.03.2011,0.00893
14.03.2011,0.00892
15.03.2011,0.00887
16.03.2011,0.00887
17.03.2011,0.00887
18.03.2011,0.0089
21.03.2011,0.00892
22.03.2011,0.00897
23.03.2011,0.00902
24.03.2011,0.00912
25.03.2011,0.00919
28.03.2011,0.00932
29.03.2011,0.00948
30.03.2011,0.0096
31.03.2011,0.00968
01.04.2011,0.00984
04.04.2011,0.00993
05.04.2011,0.01003
06.04.2011,0.01014
07.04.2011,0.01039
08.04.2011,0.01077
11.04.2011,0.01116
12.04.2011,0.01136
13.04.2011,0.01149
14.04.2011,0.01156
15.04.2011,0.01161
18.04.2011,0.01166
19.04.2011,0.01172
20.04.2011,0.01183
21.04.2011,0.01191
26.04.2011,0.012
27.04.2011,0.01211
28.04.2011,0.01227
29.04.2011,0.01237
02.05.2011,0.01244
03.05.2011,0.01251
04.05.2011,0.0125
05.05.2011,0.01254
06.05.2011,0.0125
09.05.2011,0.01252
10.05.2011,0.01253
11.05.2011,0.01245
12.05.2011,0.01241
13.05.2011,0.0124
16.05.2011,0.01242
17.05.2011,0.01241
18.05.2011,0.0124
19.05.2011,0.01243
20.05.2011,0.01243
23.05.2011,0.01245
24.05.2011,0.01245
25.05.2011,0.01245
26.05.2011,0.0124
27.05.2011,0.01232
30.05.2011,0.0123
31.05.2011,0.01228
01.06.2011,0.01223
02.06.2011,0.01224
03.06.2011,0.01223
06.06.2011,0.01225
07.06.2011,0.01226
08.06.2011,0.01239
09.06.2011,0.01258
10.06.2011,0.01262
13.06.2011,0.01266
14.06.2011,0.01274
15.06.2011,0.01281
16.06.2011,0.01289
17.06.2011,0.01302
20.06.2011,0.01311
21.06.2011,0.01324
22.06.2011,0.01318
23.06.2011,0.01312
24.06.2011,0.0131
27.06.2011,0.01311
28.06.2011,0.01316
29.06.2011,0.01319
30.06.2011,0.01325
01.07.2011,0.01332
04.07.2011,0.01336
05.07.2011,0.0134
06.07.2011,0.01342
07.07.2011,0.01371
08.07.2011,0.01405
11.07.2011,0.01433
12.07.2011,0.01442
13.07.2011,0.01456
14.07.2011,0.01458
15.07.2011,0.01458
18.07.2011,0.01465
19.07.2011,0.0147
20.07.2011,0.01452
21.07.2011,0.01447
22.07.2011,0.01445
25.07.2011,0.01447
26.07.2011,0.01448
27.07.2011,0.01442
28.07.2011,0.01436
29.07.2011,0.01433
01.08.2011,0.01434
02.08.2011,0.01433
03.08.2011,0.01431
04.08.2011,0.01434
05.08.2011,0.01405
08.08.2011,0.014
09.08.2011,0.01392
10.08.2011,0.0138
11.08.2011,0.01367
12.08.2011,0.01362
15.08.2011,0.01362
16.08.2011,0.01357
17.08.2011,0.01352
18.08.2011,0.01348
19.08.2011,0.01344
22.08.2011,0.01345
23.08.2011,0.01347
24.08.2011,0.01349
25.08.2011,0.01349
26.08.2011,0.01349
29.08.2011,0.01348
30.08.2011,0.0135
31.08.2011,0.01351
01.09.2011,0.01351
02.09.2011,0.0135
05.09.2011,0.01346
06.09.2011,0.01343
07.09.2011,0.01341
08.09.2011,0.01341
09.09.2011,0.01342
12.09.2011,0.0134
13.09.2011,0.0134
14.09.2011,0.01342
15.09.2011,0.0134
16.09.2011,0.01346
19.09.2011,0.01347
20.09.2011,0.01349
21.09.2011,0.01351
22.09.2011,0.0135
23.09.2011,0.0135
26.09.2011,0.01349
27.09.2011,0.01351
28.09.2011,0.01357
29.09.2011,0.01356
30.09.2011,0.01356
03.10.2011,0.01355
04.10.2011,0.01354
05.10.2011,0.01354
06.10.2011,0.01353
07.10.2011,0.01362
10.10.2011,0.01362
11.10.2011,0.01365
12.10.2011,0.01365
13.10.2011,0.01365
14.10.2011,0.01366
17.10.2011,0.01367
18.10.2011,0.01365
19.10.2011,0.01368
20.10.2011,0.01367
21.10.2011,0.01368
24.10.2011,0.01368
25.10.2011,0.01367
26.10.2011,0.01364
27.10.2011,0.01365
28.10.2011,0.01366
31.10.2011,0.01367
01.11.2011,0.01362
02.11.2011,0.01361
03.11.2011,0.0136
04.11.2011,0.01247
07.11.2011,0.01223
08.11.2011,0.01215
09.11.2011,0.01209
10.11.2011,0.01204
11.11.2011,0.01201
14.11.2011,0.012
15.11.2011,0.012
16.11.2011,0.01199
17.11.2011,0.012
18.11.2011,0.01199
21.11.2011,0.01199
22.11.2011,0.01198
23.11.2011,0.01198
24.11.2011,0.01196
25.11.2011,0.01197
28.11.2011,0.01197
29.11.2011,0.0121
30.11.2011,0.0121
01.12.2011,0.01205
02.12.2011,0.01205
05.12.2011,0.01206
06.12.2011,0.01205
07.12.2011,0.01205
08.12.2011,0.01201
09.12.2011,0.01169
12.12.2011,0.01155
13.12.2011,0.01146
14.12.2011,0.0114
15.12.2011,0.01139
16.12.2011,0.01137
19.12.2011,0.01138
20.12.2011,0.01138
21.12.2011,0.01131
22.12.2011,0.01121
23.12.2011,0.01109
26.12.2011,0.01109
27.12.2011,0.01097
28.12.2011,0.01083
29.12.2011,0.01048
30.12.2011,0.01024
02.01.2012,0.01005
03.01.2012,0.00988
04.01.2012,0.0097
05.01.2012,0.00951
06.01.2012,0.0093
09.01.2012,0.00912
10.01.2012,0.00894
11.01.2012,0.00878
12.01.2012,0.00864
13.01.2012,0.00845
16.01.2012,0.00829
17.01.2012,0.00812
18.01.2012,0.008
19.01.2012,0.00788
20.01.2012,0.00775
23.01.2012,0.00764
24.01.2012,0.00752
25.01.2012,0.00743
26.01.2012,0.00734
27.01.2012,0.00728
30.01.2012,0.00721
31.01.2012,0.00713
01.02.2012,0.00701
02.02.2012,0.00691
03.02.2012,0.00682
06.02.2012,0.00674
07.02.2012,0.00664
08.02.2012,0.00655
09.02.2012,0.00647
10.02.2012,0.00641
13.02.2012,0.00633
14.02.2012,0.00626
15.02.2012,0.0062
16.02.2012,0.00615
17.02.2012,0.0061
20.02.2012,0.00603
21.02.2012,0.006
22.02.2012,0.00595
23.02.2012,0.00592
24.02.2012,0.00585
27.02.2012,0.00576
28.02.2012,0.00572
29.02.2012,0.00564
01.03.2012,0.00549
02.03.2012,0.00532
05.03.2012,0.00521
06.03.2012,0.00511
07.03.2012,0.00504
08.03.2012,0.00495
09.03.2012,0.0049
12.03.2012,0.00482
13.03.2012,0.00477
14.03.2012,0.00472
15.03.2012,0.00465
16.03.2012,0.00458
19.03.2012,0.00452
20.03.2012,0.00447
21.03.2012,0.00442
22.03.2012,0.00436
23.03.2012,0.00433
26.03.2012,0.00429
27.03.2012,0.00426
28.03.2012,0.00423
29.03.2012,0.0042
30.03.2012,0.00419
02.04.2012,0.00417
03.04.2012,0.00416
04.04.2012,0.00415
05.04.2012,0.00414
10.04.2012,0.00414
11.04.2012,0.00412
12.04.2012,0.00411
13.04.2012,0.0041
16.04.2012,0.00409
17.04.2012,0.00408
18.04.2012,0.00408
19.04.2012,0.00407
20.04.2012,0.00407
23.04.2012,0.00406
24.04.2012,0.00406
25.04.2012,0.00404
26.04.2012,0.00402
27.04.2012,0.00402
30.04.2012,0.004
02.05.2012,0.00401
03.05.2012,0.00399
04.05.2012,0.00399
07.05.2012,0.00399
08.05.2012,0.00398
09.05.2012,0.00397
10.05.2012,0.00397
11.05.2012,0.00398
14.05.2012,0.00397
15.05.2012,0.00396
16.05.2012,0.00395
17.05.2012,0.00395
18.05.2012,0.00394
21.05.2012,0.00393
22.05.2012,0.00392
23.05.2012,0.00392
24.05.2012,0.00389
25.05.2012,0.00387
28.05.2012,0.00387
29.05.2012,0.00386
30.05.2012,0.00387
31.05.2012,0.00386
01.06.2012,0.00384
04.06.2012,0.00382
05.06.2012,0.00382
06.06.2012,0.00381
07.06.2012,0.00383
08.06.2012,0.00383
11.06.2012,0.00383
12.06.2012,0.00383
13.06.2012,0.00384
14.06.2012,0.00383
15.06.2012,0.00382
18.06.2012,0.00381
19.06.2012,0.00379
20.06.2012,0.00379
21.06.2012,0.00378
22.06.2012,0.00377
25.06.2012,0.00376
26.06.2012,0.00376
27.06.2012,0.00376
28.06.2012,0.00374
29.06.2012,0.00373
02.07.2012,0.00372
03.07.2012,0.00371
04.07.2012,0.00367
05.07.2012,0.00362
06.07.2012,0.00255
09.07.2012,0.00235
10.07.2012,0.00223
11.07.2012,0.00213
12.07.2012,0.00202
13.07.2012,0.00194
16.07.2012,0.00187
17.07.2012,0.00183
18.07.2012,0.00179
19.07.2012,0.00177
20.07.2012,0.00176
23.07.2012,0.00173
24.07.2012,0.00169
25.07.2012,0.00165
26.07.2012,0.00162
27.07.2012,0.0016
30.07.2012,0.00153
31.07.2012,0.00149
01.08.2012,0.00144
02.08.2012,0.0014
03.08.2012,0.00139
06.08.2012,0.00139
07.08.2012,0.00139
08.08.2012,0.00139
09.08.2012,0.00138
10.08.2012,0.00137
13.08.2012,0.00135
14.08.2012,0.00134
15.08.2012,0.00133
16.08.2012,0.00133
17.08.2012,0.00133
20.08.2012,0.0013
21.08.2012,0.00128
22.08.2012,0.00127
23.08.2012,0.00126
24.08.2012,0.00124
27.08.2012,0.00122
28.08.2012,0.00122
29.08.2012,0.00122
30.08.2012,0.00121
31.08.2012,0.00121
03.09.2012,0.00122
04.09.2012,0.00122
05.09.2012,0.00121
06.09.2012,0.00121
07.09.2012,0.00121
10.09.2012,0.0012
11.09.2012,0.0012
12.09.2012,0.0012
13.09.2012,0.0012
14.09.2012,0.0012
17.09.2012,0.0012
18.09.2012,0.00119
19.09.2012,0.00118
20.09.2012,0.00116
21.09.2012,0.00115
24.09.2012,0.00116
25.09.2012,0.00117
26.09.2012,0.00117
27.09.2012,0.00115
28.09.2012,0.00115
01.10.2012,0.00116
02.10.2012,0.00115
03.10.2012,0.00114
04.10.2012,0.00112
05.10.2012,0.00112
08.10.2012,0.00112
09.10.2012,0.00111
10.10.2012,0.00111
11.10.2012,0.00111
12.10.2012,0.00111
15.10.2012,0.00111
16.10.2012,0.00111
17.10.2012,0.00111
18.10.2012,0.0011
19.10.2012,0.0011
22.10.2012,0.0011
23.10.2012,0.0011
24.10.2012,0.0011
25.10.2012,0.0011
26.10.2012,0.0011
29.10.2012,0.0011
30.10.2012,0.0011
31.10.2012,0.0011
01.11.2012,0.0011
02.11.2012,0.0011
05.11.2012,0.00109
06.11.2012,0.00109
07.11.2012,0.00109
08.11.2012,0.00109
09.11.2012,0.00109
12.11.2012,0.00108
13.11.2012,0.00108
14.11.2012,0.00108
15.11.2012,0.00108
16.11.2012,0.00108
19.11.2012,0.00108
20.11.2012,0.00107
21.11.2012,0.00107
22.11.2012,0.00107
23.11.2012,0.00107
26.11.2012,0.00107
27.11.2012,0.00107
28.11.2012,0.00107
29.11.2012,0.00112
30.11.2012,0.00113
03.12.2012,0.00113
04.12.2012,0.00113
05.12.2012,0.00113
06.12.2012,0.00112
07.12.2012,0.00111
10.12.2012,0.0011
11.12.2012,0.0011
12.12.2012,0.0011
13.12.2012,0.0011
14.12.2012,0.0011
17.12.2012,0.0011
18.12.2012,0.0011
19.12.2012,0.0011
20.12.2012,0.0011
21.12.2012,0.0011
24.12.2012,0.0011
25.12.2012,0.0011
26.12.2012,0.0011
27.12.2012,0.00111
28.12.2012,0.00109
02.01.2013,0.00109
03.01.2013,0.00109
04.01.2013,0.0011
07.01.2013,0.0011
08.01.2013,0.0011
09.01.2013,0.0011
10.01.2013,0.0011
11.01.2013,0.00111
14.01.2013,0.00112
15.01.2013,0.00112
16.01.2013,0.00111
17.01.2013,0.00112
18.01.2013,0.00112
21.01.2013,0.00112
22.01.2013,0.00112
23.01.2013,0.00112
24.01.2013,0.00113
25.01.2013,0.00113
28.01.2013,0.00117
29.01.2013,0.00118
30.01.2013,0.0012
31.01.2013,0.00121
01.02.2013,0.00122
04.02.2013,0.00123
05.02.2013,0.00123
06.02.2013,0.00123
07.02.2013,0.00122
08.02.2013,0.0012
11.02.2013,0.00121
12.02.2013,0.00121
13.02.2013,0.00121
14.02.2013,0.00121
15.02.2013,0.0012
18.02.2013,0.0012
19.02.2013,0.0012
20.02.2013,0.0012
21.02.2013,0.00119
22.02.2013,0.00119
25.02.2013,0.00117
26.02.2013,0.00117
27.02.2013,0.00118
28.02.2013,0.00118
01.03.2013,0.00117
04.03.2013,0.00117
05.03.2013,0.00117
06.03.2013,0.00118
07.03.2013,0.00118
08.03.2013,0.00118
11.03.2013,0.00117
12.03.2013,0.00118
13.03.2013,0.00118
14.03.2013,0.00118
15.03.2013,0.00118
18.03.2013,0.00119
19.03.2013,0.00118
20.03.2013,0.00118
21.03.2013,0.00118
22.03.2013,0.0012
25.03.2013,0.00119
26.03.2013,0.00119
27.03.2013,0.00117
28.03.2013,0.00117
29.03.2013,0.00117
02.04.2013,0.00117
03.04.2013,0.00117
04.04.2013,0.00118
05.04.2013,0.00118
08.04.2013,0.00118
09.04.2013,0.00119
10.04.2013,0.00119
11.04.2013,0.00119
12.04.2013,0.00118
15.04.2013,0.00119
16.04.2013,0.00119
17.04.2013,0.00118
18.04.2013,0.00118
19.04.2013,0.00118
22.04.2013,0.00118
23.04.2013,0.00118
24.04.2013,0.00118
25.04.2013,0.00117
26.04.2013,0.00117
29.04.2013,0.00117
30.04.2013,0.00116
01.05.2013,0.00116
02.05.2013,0.00116
03.05.2013,0.00113
06.05.2013,0.00113
07.05.2013,0.00112
08.05.2013,0.00112
09.05.2013,0.00112
10.05.2013,0.00112
13.05.2013,0.00112
14.05.2013,0.00112
15.05.2013,0.00112
16.05.2013,0.00112
17.05.2013,0.00112
20.05.2013,0.00112
21.05.2013,0.00112
22.05.2013,0.00112
23.05.2013,0.00112
24.05.2013,0.00112
27.05.2013,0.00112
28.05.2013,0.00112
29.05.2013,0.00112
30.05.2013,0.00112
31.05.2013,0.00113
03.06.2013,0.00113
04.06.2013,0.00114
05.06.2013,0.00114
06.06.2013,0.00114
07.06.2013,0.00115
10.06.2013,0.00115
11.06.2013,0.00119
12.06.2013,0.0012
13.06.2013,0.0012
14.06.2013,0.00121
17.06.2013,0.0012
18.06.2013,0.00122
19.06.2013,0.00123
20.06.2013,0.00125
21.06.2013,0.00127
24.06.2013,0.00128
25.06.2013,0.00128
26.06.2013,0.00126
27.06.2013,0.00124
28.06.2013,0.00123
01.07.2013,0.00121
02.07.2013,0.00122
03.07.2013,0.00122
04.07.2013,0.00123
05.07.2013,0.00122
08.07.2013,0.00122
09.07.2013,0.00123
10.07.2013,0.00123
11.07.2013,0.00123
12.07.2013,0.00123
15.07.2013,0.00122
16.07.2013,0.00123
17.07.2013,0.00122
18.07.2013,0.00122
19.07.2013,0.00123
22.07.2013,0.00125
23.07.2013,0.00128
24.07.2013,0.00131
25.07.2013,0.00131
26.07.2013,0.00132
29.07.2013,0.0013
30.07.2013,0.00131
31.07.2013,0.00131
01.08.2013,0.0013
02.08.2013,0.00129
05.08.2013,0.00128
06.08.2013,0.00128
07.08.2013,0.00128
08.08.2013,0.00128
09.08.2013,0.00128
12.08.2013,0.00129
13.08.2013,0.00128
14.08.2013,0.00128
15.08.2013,0.00128
16.08.2013,0.00128
19.08.2013,0.00127
20.08.2013,0.00127
21.08.2013,0.00126
22.08.2013,0.00126
23.08.2013,0.00127
26.08.2013,0.00127
27.08.2013,0.00127
28.08.2013,0.00128
29.08.2013,0.00128
30.08.2013,0.00129
02.09.2013,0.00129
03.09.2013,0.00129
04.09.2013,0.00129
05.09.2013,0.00129
06.09.2013,0.00129
09.09.2013,0.00129
10.09.2013,0.00129
11.09.2013,0.00128
12.09.2013,0.00127
13.09.2013,0.00127
16.09.2013,0.00128
17.09.2013,0.00127
18.09.2013,0.00127
19.09.2013,0.00128
20.09.2013,0.00128
23.09.2013,0.00128
24.09.2013,0.00128
25.09.2013,0.00128
26.09.2013,0.00129
27.09.2013,0.00127
30.09.2013,0.00128
01.10.2013,0.00128
02.10.2013,0.00128
03.10.2013,0.00127
04.10.2013,0.00128
07.10.2013,0.00128
08.10.2013,0.00128
09.10.2013,0.00129
10.10.2013,0.00128
11.10.2013,0.00128
14.10.2013,0.00127
15.10.2013,0.00127
16.10.2013,0.00127
17.10.2013,0.00127
18.10.2013,0.00128
21.10.2013,0.00128
22.10.2013,0.00128
23.10.2013,0.00129
24.10.2013,0.00129
25.10.2013,0.0013
28.10.2013,0.0013
29.10.2013,0.00129
30.10.2013,0.00129
31.10.2013,0.0013
01.11.2013,0.00129
04.11.2013,0.00129
05.11.2013,0.00129
06.11.2013,0.0013
07.11.2013,0.00129
08.11.2013,0.00122
11.11.2013,0.00122
12.11.2013,0.00123
13.11.2013,0.00123
14.11.2013,0.00123
15.11.2013,0.00123
18.11.2013,0.00123
19.11.2013,0.00124
20.11.2013,0.00124
21.11.2013,0.00126
22.11.2013,0.00133
25.11.2013,0.00139
26.11.2013,0.00146
27.11.2013,0.00147
28.11.2013,0.00163
29.11.2013,0.00166
02.12.2013,0.0017
03.12.2013,0.00175
04.12.2013,0.0018
05.12.2013,0.00183
06.12.2013,0.00191
09.12.2013,0.002
10.12.2013,0.00207
11.12.2013,0.00212
12.12.2013,0.00219
13.12.2013,0.00225
16.12.2013,0.00234
17.12.2013,0.00243
18.12.2013,0.00245
19.12.2013,0.00236
20.12.2013,0.00232
23.12.2013,0.00232
24.12.2013,0.00232
27.12.2013,0.00234
30.12.2013,0.00221
02.01.2014,0.00214
03.01.2014,0.00208
06.01.2014,0.00204
07.01.2014,0.00202
08.01.2014,0.00203
09.01.2014,0.00205
10.01.2014,0.00208
13.01.2014,0.00207
14.01.2014,0.00208
15.01.2014,0.00216
16.01.2014,0.00234
17.01.2014,0.00243
20.01.2014,0.0024
21.01.2014,0.00242
22.01.2014,0.00241
23.01.2014,0.0024
24.01.2014,0.00238
27.01.2014,0.00239
28.01.2014,0.00241
29.01.2014,0.00237
30.01.2014,0.00232
31.01.2014,0.0023
03.02.2014,0.00225
04.02.2014,0.00222
05.02.2014,0.00223
06.02.2014,0.00221
07.02.2014,0.00229
10.02.2014,0.0023
11.02.2014,0.0023
12.02.2014,0.0023
13.02.2014,0.00225
14.02.2014,0.00226
17.02.2014,0.00224
18.02.2014,0.00224
19.02.2014,0.00224
20.02.2014,0.00221
21.02.2014,0.00222
24.02.2014,0.00221
25.02.2014,0.00222
26.02.2014,0.00222
27.02.2014,0.00219
28.02.2014,0.00218
03.03.2014,0.0022
04.03.2014,0.00218
05.03.2014,0.00216
06.03.2014,0.00216
07.03.2014,0.00229
10.03.2014,0.00236
11.03.2014,0.00233
12.03.2014,0.00233
13.03.2014,0.0023
14.03.2014,0.0023
17.03.2014,0.00232
18.03.2014,0.00234
19.03.2014,0.00237
20.03.2014,0.00238
21.03.2014,0.00239
24.03.2014,0.00242
25.03.2014,0.00241
26.03.2014,0.00237
27.03.2014,0.00237
28.03.2014,0.00233
31.03.2014,0.00237
01.04.2014,0.00235
02.04.2014,0.00242
03.04.2014,0.0024
04.04.2014,0.00249
07.04.2014,0.00252
08.04.2014,0.00251
09.04.2014,0.00251
10.04.2014,0.00251
11.04.2014,0.00253
14.04.2014,0.00252
15.04.2014,0.00251
16.04.2014,0.00248
17.04.2014,0.00246
22.04.2014,0.00248
23.04.2014,0.00253
24.04.2014,0.00261
25.04.2014,0.00269
28.04.2014,0.00269
29.04.2014,0.00269
30.04.2014,0.00261
02.05.2014,0.00258
05.05.2014,0.00258
06.05.2014,0.00257
07.05.2014,0.00262
08.05.2014,0.00262
09.05.2014,0.00266
12.05.2014,0.00267
13.05.2014,0.00268
14.05.2014,0.00263
15.05.2014,0.00259
16.05.2014,0.00257
19.05.2014,0.00257
20.05.2014,0.00256
21.05.2014,0.00259
22.05.2014,0.00262
23.05.2014,0.00261
26.05.2014,0.00258
27.05.2014,0.00257
28.05.2014,0.00255
29.05.2014,0.00251
30.05.2014,0.00251
02.06.2014,0.0025
03.06.2014,0.00248
04.06.2014,0.00241
05.06.2014,0.0023
06.06.2014,0.00197
09.06.2014,0.00192
10.06.2014,0.00188
11.06.2014,0.00179
12.06.2014,0.00156
13.06.2014,0.0014
16.06.2014,0.00126
17.06.2014,0.00119
18.06.2014,0.00113
19.06.2014,0.00109
20.06.2014,0.00108
23.06.2014,0.00105
24.06.2014,0.00104
25.06.2014,0.00103
26.06.2014,0.00103
27.06.2014,0.00101
30.06.2014,0.00099
01.07.2014,0.00098
02.07.2014,0.00096
03.07.2014,0.00097
04.07.2014,0.00097
07.07.2014,0.00097
08.07.2014,0.00096
09.07.2014,0.00095
10.07.2014,0.00094
11.07.2014,0.00093
14.07.2014,0.00092
15.07.2014,0.00092
16.07.2014,0.00091
17.07.2014,0.00091
18.07.2014,0.00092
21.07.2014,0.00096
22.07.2014,0.00096
23.07.2014,0.00098
24.07.2014,0.00099
25.07.2014,0.001
28.07.2014,0.00099
29.07.2014,0.00099
30.07.2014,0.00098
31.07.2014,0.00098
01.08.2014,0.00097
04.08.2014,0.00096
05.08.2014,0.00097
06.08.2014,0.00096
07.08.2014,0.00096
08.08.2014,0.00094
11.08.2014,0.00092
12.08.2014,0.00091
13.08.2014,0.0009
14.08.2014,0.00089
15.08.2014,0.00088
18.08.2014,0.00089
19.08.2014,0.00087
20.08.2014,0.00084
21.08.2014,0.00081
22.08.2014,0.00079
25.08.2014,0.00074
26.08.2014,0.00071
27.08.2014,0.00069
28.08.2014,0.00068
29.08.2014,0.00067
01.09.2014,0.00066
02.09.2014,0.0006
03.09.2014,0.00061
04.09.2014,0.00059
05.09.2014,0.00019
08.09.2014,0.00013
09.09.2014,0.0001
10.09.2014,0.0001
11.09.2014,0.00007
12.09.2014,0.00006
15.09.2014,0.00007
16.09.2014,0.00006
17.09.2014,0.00006
18.09.2014,0.00007
19.09.2014,0.00008
22.09.2014,0.00005
23.09.2014,0.00005
24.09.2014,0.00007
25.09.2014,0.00006
26.09.2014,0.00007
29.09.2014,0.00007
30.09.2014,0.00007
01.10.2014,0.00006
02.10.2014,0.00006
03.10.2014,0.00007
06.10.2014,0.00007
07.10.2014,0.00006
08.10.2014,0.00006
09.10.2014,0.00006
10.10.2014,0.00006
13.10.2014,0.00006
14.10.2014,0.00008
15.10.2014,0.00006
16.10.2014,0.00006
17.10.2014,0.00006
20.10.2014,0.00006
21.10.2014,0.00008
22.10.2014,0.00009
23.10.2014,0.00011
24.10.2014,0.00012
27.10.2014,0.00012
28.10.2014,0.00012
29.10.2014,0.0001
30.10.2014,0.0001
31.10.2014,0.0001
03.11.2014,0.0001
04.11.2014,0.00009
05.11.2014,0.00009
06.11.2014,0.00009
07.11.2014,0.00008
10.11.2014,0.00009
11.11.2014,0.00009
12.11.2014,0.00009
13.11.2014,0.00008
14.11.2014,0.00008
17.11.2014,0.00008
18.11.2014,0.00009
19.11.2014,0.00009
20.11.2014,0.00009
21.11.2014,0.00009
24.11.2014,0.00009
25.11.2014,0.00009
26.11.2014,0.00009
27.11.2014,0.00016
28.11.2014,0.0002
01.12.2014,0.00021
02.12.2014,0.00022
03.12.2014,0.00022
04.12.2014,0.00022
05.12.2014,0.00022
08.12.2014,0.00022
09.12.2014,0.00024
10.12.2014,0.00022
11.12.2014,0.00022
12.12.2014,0.00023
15.12.2014,0.00024
16.12.2014,0.00025
17.12.2014,0.00026
18.12.2014,0.00025
19.12.2014,0.00026
22.12.2014,0.00026
23.12.2014,0.00024
24.12.2014,0.00025
29.12.2014,0.00024
30.12.2014,0.00019
02.01.2015,0.00016
05.01.2015,0.00015
06.01.2015,0.00015
07.01.2015,0.00012
08.01.2015,0.0001
09.01.2015,0.00009
12.01.2015,0.00009
13.01.2015,0.00008
14.01.2015,0.00006
15.01.2015,0.00007
16.01.2015,0.00002
19.01.2015,-0.00002
20.01.2015,-0.00005
21.01.2015,-0.00004
22.01.2015,-0.00001
23.01.2015,0.00001
26.01.2015,0.00002
27.01.2015,0.00005
28.01.2015,0.00001
29.01.2015,0.00001
30.01.2015,0.00001
02.02.2015,0.00003
03.02.2015,0.00001
04.02.2015,0.00001
05.02.2015,0
06.02.2015,0.00002
09.02.2015,-0.00001
10.02.2015,0
11.02.2015,0.00001
12.02.2015,0.00002
13.02.2015,0.00002
16.02.2015,0.00001
17.02.2015,0.00001
18.02.2015,0
19.02.2015,0
20.02.2015,0.00001
23.02.2015,0.00001
24.02.2015,0.00001
25.02.2015,0.00001
26.02.2015,-0.00004
27.02.2015,-0.00005
02.03.2015,-0.00005
03.03.2015,-0.00006
04.03.2015,-0.00006
05.03.2015,-0.00007
06.03.2015,-0.00008
09.03.2015,-0.00008
10.03.2015,-0.00009
11.03.2015,-0.00011
12.03.2015,-0.00009
13.03.2015,-0.0001
16.03.2015,-0.00011
17.03.2015,-0.00012
18.03.2015,-0.00011
19.03.2015,-0.00011
20.03.2015,-0.00014
23.03.2015,-0.00012
24.03.2015,-0.00012
25.03.2015,-0.00012
26.03.2015,-0.00012
27.03.2015,-0.00012
30.03.2015,-0.00014
31.03.2015,-0.00015
01.04.2015,-0.00017
02.04.2015,-0.00019
07.04.2015,-0.00021
08.04.2015,-0.00021
09.04.2015,-0.00022
10.04.2015,-0.00022
13.04.2015,-0.00024
14.04.2015,-0.00025
15.04.2015,-0.00029
16.04.2015,-0.00032
17.04.2015,-0.00033
20.04.2015,-0.00032
21.04.2015,-0.00034
22.04.2015,-0.00034
23.04.2015,-0.00034
24.04.2015,-0.00034
27.04.2015,-0.00034
28.04.2015,-0.00034
29.04.2015,-0.00038
30.04.2015,-0.0004
04.05.2015,-0.00042
05.05.2015,-0.00043
06.05.2015,-0.00043
07.05.2015,-0.00043
08.05.2015,-0.00044
11.05.2015,-0.00045
12.05.2015,-0.00048
13.05.2015,-0.00048
14.05.2015,-0.00049
15.05.2015,-0.0005
18.05.2015,-0.00051
19.05.2015,-0.00052
20.05.2015,-0.00052
21.05.2015,-0.00052
22.05.2015,-0.00052
25.05.2015,-0.00053
26.05.2015,-0.00054
27.05.2015,-0.00054
28.05.2015,-0.00058
29.05.2015,-0.00059
01.06.2015,-0.00057
02.06.2015,-0.0006
03.06.2015,-0.00061
04.06.2015,-0.00062
05.06.2015,-0.00063
08.06.2015,-0.00063
09.06.2015,-0.00063
10.06.2015,-0.00063
11.06.2015,-0.00062
12.06.2015,-0.00064
15.06.2015,-0.00064
16.06.2015,-0.00064
17.06.2015,-0.00064
18.06.2015,-0.00063
19.06.2015,-0.00064
22.06.2015,-0.00065
23.06.2015,-0.00066
24.06.2015,-0.00066
25.06.2015,-0.00066
26.06.2015,-0.00066
29.06.2015,-0.00064
30.06.2015,-0.00064
01.07.2015,-0.00064
02.07.2015,-0.00066
03.07.2015,-0.00067
06.07.2015,-0.00068
07.07.2015,-0.00069
08.07.2015,-0.00071
09.07.2015,-0.00071
10.07.2015,-0.00071
13.07.2015,-0.00071
14.07.2015,-0.00071
15.07.2015,-0.00072
16.07.2015,-0.00071
17.07.2015,-0.00072
20.07.2015,-0.00073
21.07.2015,-0.00073
22.07.2015,-0.00073
23.07.2015,-0.00073
24.07.2015,-0.00074
27.07.2015,-0.00074
28.07.2015,-0.00073
29.07.2015,-0.00074
30.07.2015,-0.00074
31.07.2015,-0.00075
03.08.2015,-0.00078
04.08.2015,-0.00079
05.08.2015,-0.00079
06.08.2015,-0.0008
07.08.2015,-0.00081
10.08.2015,-0.00082
11.08.2015,-0.00082
12.08.2015,-0.00083
13.08.2015,-0.00084
14.08.2015,-0.00085
17.08.2015,-0.00088
18.08.2015,-0.00089
19.08.2015,-0.00089
20.08.2015,-0.00091
21.08.2015,-0.00092
24.08.2015,-0.00094
25.08.2015,-0.00096
26.08.2015,-0.00098
27.08.2015,-0.00099
28.08.2015,-0.00098
31.08.2015,-0.00098
01.09.2015,-0.00099
02.09.2015,-0.00102
03.09.2015,-0.00103
04.09.2015,-0.00104
07.09.2015,-0.00104
08.09.2015,-0.00104
09.09.2015,-0.00104
10.09.2015,-0.00103
11.09.2015,-0.00104
14.09.2015,-0.00104
15.09.2015,-0.00104
16.09.2015,-0.00103
17.09.2015,-0.00103
18.09.2015,-0.00102
21.09.2015,-0.00104
22.09.2015,-0.00103
23.09.2015,-0.00107
24.09.2015,-0.00109
25.09.2015,-0.00111
28.09.2015,-0.00111
29.09.2015,-0.00113
30.09.2015,-0.00113
01.10.2015,-0.00113
02.10.2015,-0.00113
05.10.2015,-0.00113
06.10.2015,-0.00112
07.10.2015,-0.00113
08.10.2015,-0.00114
09.10.2015,-0.00113
12.10.2015,-0.00113
13.10.2015,-0.00113
14.10.2015,-0.00113
15.10.2015,-0.00114
16.10.2015,-0.00116
19.10.2015,-0.00117
20.10.2015,-0.00117
21.10.2015,-0.00118
22.10.2015,-0.00118
23.10.2015,-0.00119
26.10.2015,-0.00119
27.10.2015,-0.00119
28.10.2015,-0.00119
29.10.2015,-0.00119
30.10.2015,-0.00119
02.11.2015,-0.00119
03.11.2015,-0.00121
04.11.2015,-0.00122
05.11.2015,-0.00123
06.11.2015,-0.00124
09.11.2015,-0.00125
10.11.2015,-0.00129
11.11.2015,-0.00132
12.11.2015,-0.00136
13.11.2015,-0.00137
16.11.2015,-0.00139
17.11.2015,-0.00144
18.11.2015,-0.00146
19.11.2015,-0.00149
20.11.2015,-0.00151
23.11.2015,-0.00155
24.11.2015,-0.00157
25.11.2015,-0.00156
26.11.2015,-0.00161
27.11.2015,-0.0016
30.11.2015,-0.00161
01.12.2015,-0.00161
02.12.2015,-0.00164
03.12.2015,-0.00171
04.12.2015,-0.00171
07.12.2015,-0.00175
08.12.2015,-0.00178
09.12.2015,-0.00181
10.12.2015,-0.00186
11.12.2015,-0.00189
14.12.2015,-0.00191
15.12.2015,-0.00194
16.12.2015,-0.00196
17.12.2015,-0.00198
18.12.2015,-0.00199
21.12.2015,-0.002
22.12.2015,-0.00201
23.12.2015,-0.00201
24.12.2015,-0.00201
28.12.2015,-0.00199
29.12.2015,-0.00202
30.12.2015,-0.00206
04.01.2016,-0.0021
05.01.2016,-0.00211
06.01.2016,-0.00214
07.01.2016,-0.00218
08.01.2016,-0.00218
11.01.2016,-0.00219
12.01.2016,-0.0022
13.01.2016,-0.0022
14.01.2016,-0.00221
15.01.2016,-0.00221
18.01.2016,-0.00222
19.01.2016,-0.00222
20.01.2016,-0.00225
21.01.2016,-0.0023
22.01.2016,-0.00231
25.01.2016,-0.00231
26.01.2016,-0.00231
27.01.2016,-0.00231
28.01.2016,-0.00229
29.01.2016,-0.00229
01.02.2016,-0.00232
02.02.2016,-0.00231
03.02.2016,-0.00232
04.02.2016,-0.00234
05.02.2016,-0.00234
08.02.2016,-0.00235
09.02.2016,-0.00237
10.02.2016,-0.00238
11.02.2016,-0.00239
12.02.2016,-0.0024
15.02.2016,-0.00241
16.02.2016,-0.00245
17.02.2016,-0.00249
18.02.2016,-0.00253
19.02.2016,-0.00255
22.02.2016,-0.00258
23.02.2016,-0.00261
24.02.2016,-0.00262
25.02.2016,-0.00262
26.02.2016,-0.00264
29.02.2016,-0.00265
01.03.2016,-0.0027
02.03.2016,-0.00273
03.03.2016,-0.00276
04.03.2016,-0.00281
07.03.2016,-0.00285
08.03.2016,-0.00287
09.03.2016,-0.00291
10.03.2016,-0.00295
11.03.2016,-0.00301
14.03.2016,-0.00311
15.03.2016,-0.00313
16.03.2016,-0.00317
17.03.2016,-0.00322
18.03.2016,-0.00324
21.03.2016,-0.00326
22.03.2016,-0.00328
23.03.2016,-0.0033
24.03.2016,-0.00331
29.03.2016,-0.00332
30.03.2016,-0.00332
31.03.2016,-0.00334
01.04.2016,-0.00335
04.04.2016,-0.00339
05.04.2016,-0.00339
06.04.2016,-0.00339
07.04.2016,-0.00339
08.04.2016,-0.00339
11.04.2016,-0.0034
12.04.2016,-0.00342
13.04.2016,-0.00342
14.04.2016,-0.00342
15.04.2016,-0.00342
18.04.2016,-0.00342
19.04.2016,-0.00343
20.04.2016,-0.00342
21.04.2016,-0.00342
22.04.2016,-0.00342
25.04.2016,-0.00343
26.04.2016,-0.00343
27.04.2016,-0.00343
28.04.2016,-0.00343
29.04.2016,-0.00344
02.05.2016,-0.00343
03.05.2016,-0.00343
04.05.2016,-0.00345
05.05.2016,-0.00346
06.05.2016,-0.00348
09.05.2016,-0.00349
10.05.2016,-0.00349
11.05.2016,-0.0035
12.05.2016,-0.00349
13.05.2016,-0.00349
16.05.2016,-0.00348
17.05.2016,-0.00348
18.05.2016,-0.00348
19.05.2016,-0.00349
20.05.2016,-0.00349
23.05.2016,-0.00349
24.05.2016,-0.00351
25.05.2016,-0.00349
26.05.2016,-0.00348
27.05.2016,-0.00349
30.05.2016,-0.00348
31.05.2016,-0.00349
01.06.2016,-0.00349
02.06.2016,-0.0035
03.06.2016,-0.00351
06.06.2016,-0.00352
07.06.2016,-0.00352
08.06.2016,-0.00352
09.06.2016,-0.00351
10.06.2016,-0.00353
13.06.2016,-0.00353
14.06.2016,-0.00353
15.06.2016,-0.00353
16.06.2016,-0.00356
17.06.2016,-0.00356
20.06.2016,-0.00358
21.06.2016,-0.00358
22.06.2016,-0.00358
23.06.2016,-0.00358
24.06.2016,-0.00364
27.06.2016,-0.00364
28.06.2016,-0.00361
29.06.2016,-0.00364
30.06.2016,-0.00364
01.07.2016,-0.00363
04.07.2016,-0.00363
05.07.2016,-0.00363
06.07.2016,-0.00365
07.07.2016,-0.00366
08.07.2016,-0.00367
11.07.2016,-0.00367
12.07.2016,-0.00369
13.07.2016,-0.00371
14.07.2016,-0.00371
15.07.2016,-0.00371
18.07.2016,-0.00371
19.07.2016,-0.00371
20.07.2016,-0.00371
21.07.2016,-0.0037
22.07.2016,-0.00371
25.07.2016,-0.00371
26.07.2016,-0.00371
27.07.2016,-0.00371
28.07.2016,-0.00371
29.07.2016,-0.00371
01.08.2016,-0.00371
02.08.2016,-0.00371
03.08.2016,-0.00371
04.08.2016,-0.0037
05.08.2016,-0.0037
08.08.2016,-0.00369
09.08.2016,-0.00369
10.08.2016,-0.00369
11.08.2016,-0.00369
12.08.2016,-0.00368
15.08.2016,-0.00369
16.08.2016,-0.00369
17.08.2016,-0.00369
18.08.2016,-0.00369
19.08.2016,-0.00369
22.08.2016,-0.00369
23.08.2016,-0.00369
24.08.2016,-0.00368
25.08.2016,-0.0037
26.08.2016,-0.00371
29.08.2016,-0.00371
30.08.2016,-0.00371
31.08.2016,-0.00372
01.09.2016,-0.00372
02.09.2016,-0.00373
05.09.2016,-0.00373
06.09.2016,-0.00372
07.09.2016,-0.00372
08.09.2016,-0.00373
09.09.2016,-0.00369
12.09.2016,-0.00371
13.09.2016,-0.00372
14.09.2016,-0.00372
15.09.2016,-0.00371
16.09.2016,-0.00371
19.09.2016,-0.00371
20.09.2016,-0.00371
21.09.2016,-0.00371
22.09.2016,-0.00371
23.09.2016,-0.0037
26.09.2016,-0.00371
27.09.2016,-0.00371
28.09.2016,-0.00371
29.09.2016,-0.00371
30.09.2016,-0.00371
03.10.2016,-0.00371
04.10.2016,-0.00372
05.10.2016,-0.00371
06.10.2016,-0.00371
07.10.2016,-0.00371
10.10.2016,-0.00371
11.10.2016,-0.00371
12.10.2016,-0.00371
13.10.2016,-0.00372
14.10.2016,-0.00371
17.10.2016,-0.00371
18.10.2016,-0.00371
19.10.2016,-0.00371
20.10.2016,-0.00372
21.10.2016,-0.00372
24.10.2016,-0.00371
25.10.2016,-0.00371
26.10.2016,-0.00372
27.10.2016,-0.00372
28.10.2016,-0.00373
31.10.2016,-0.00372
01.11.2016,-0.00374
02.11.2016,-0.00373
03.11.2016,-0.00373
04.11.2016,-0.00373
07.11.2016,-0.00373
08.11.2016,-0.00374
09.11.2016,-0.00373
10.11.2016,-0.00373
11.11.2016,-0.00374
14.11.2016,-0.00373
15.11.2016,-0.00371
16.11.2016,-0.00371
17.11.2016,-0.00372
18.11.2016,-0.00373
21.11.2016,-0.00371
22.11.2016,-0.00373
23.11.2016,-0.00373
24.11.2016,-0.00373
25.11.2016,-0.00373
28.11.2016,-0.00374
29.11.2016,-0.00372
30.11.2016,-0.00372
01.12.2016,-0.00372
02.12.2016,-0.00371
05.12.2016,-0.00373
06.12.2016,-0.00372
07.12.2016,-0.00372
08.12.2016,-0.00372
09.12.2016,-0.00371
12.12.2016,-0.00371
13.12.2016,-0.00371
14.12.2016,-0.00371
15.12.2016,-0.0037
16.12.2016,-0.00372
19.12.2016,-0.00371
20.12.2016,-0.00371
21.12.2016,-0.00369
22.12.2016,-0.00369
23.12.2016,-0.00369
27.12.2016,-0.00369
28.12.2016,-0.00366
29.12.2016,-0.00368
30.12.2016,-0.00368
02.01.2017,-0.00368
03.01.2017,-0.0037
04.01.2017,-0.00369
05.01.2017,-0.00369
06.01.2017,-0.00369
09.01.2017,-0.00371
10.01.2017,-0.00372
11.01.2017,-0.00372
12.01.2017,-0.00372
13.01.2017,-0.00372
16.01.2017,-0.00372
17.01.2017,-0.00372
18.01.2017,-0.00372
19.01.2017,-0.00372
20.01.2017,-0.00372
23.01.2017,-0.00372
24.01.2017,-0.00372
25.01.2017,-0.00372
26.01.2017,-0.00372
27.01.2017,-0.00372
30.01.2017,-0.00372
31.01.2017,-0.00372
01.02.2017,-0.00372
02.02.2017,-0.00373
03.02.2017,-0.00373
06.02.2017,-0.00373
07.02.2017,-0.00373
08.02.2017,-0.00373
09.02.2017,-0.00371
10.02.2017,-0.00371
13.02.2017,-0.00373
14.02.2017,-0.00374
15.02.2017,-0.00373
16.02.2017,-0.00372
17.02.2017,-0.00371
20.02.2017,-0.00369
21.02.2017,-0.0037
22.02.2017,-0.00371
23.02.2017,-0.00371
24.02.2017,-0.00371
27.02.2017,-0.00371
28.02.2017,-0.00371
01.03.2017,-0.00372
02.03.2017,-0.00372
03.03.2017,-0.00371
06.03.2017,-0.00374
07.03.2017,-0.00373
08.03.2017,-0.00373
09.03.2017,-0.00372
10.03.2017,-0.00372
13.03.2017,-0.00372
14.03.2017,-0.00372
15.03.2017,-0.00371
16.03.2017,-0.00371
17.03.2017,-0.00371
20.03.2017,-0.00371
21.03.2017,-0.00374
22.03.2017,-0.00373
23.03.2017,-0.00373
24.03.2017,-0.00372
27.03.2017,-0.00374
28.03.2017,-0.00373
29.03.2017,-0.00373
30.03.2017,-0.00373
31.03.2017,-0.00373
03.04.2017,-0.00372
04.04.2017,-0.00372
05.04.2017,-0.00373
06.04.2017,-0.00372
07.04.2017,-0.00373
10.04.2017,-0.00374
11.04.2017,-0.00375
12.04.2017,-0.00374
13.04.2017,-0.00372
18.04.2017,-0.00371
19.04.2017,-0.00371
20.04.2017,-0.00372
21.04.2017,-0.00371
24.04.2017,-0.00371
25.04.2017,-0.00371
26.04.2017,-0.00373
27.04.2017,-0.00373
28.04.2017,-0.00374
02.05.2017,-0.00374
03.05.2017,-0.00373
04.05.2017,-0.00374
05.05.2017,-0.00374
08.05.2017,-0.00374
09.05.2017,-0.00374
10.05.2017,-0.00374
11.05.2017,-0.00374
12.05.2017,-0.00373
15.05.2017,-0.00374
16.05.2017,-0.00371
17.05.2017,-0.00371
18.05.2017,-0.00371
19.05.2017,-0.00374
22.05.2017,-0.00374
23.05.2017,-0.00374
24.05.2017,-0.00373
25.05.2017,-0.00374
26.05.2017,-0.00371
29.05.2017,-0.00372
30.05.2017,-0.00373
31.05.2017,-0.00374
01.06.2017,-0.00374
02.06.2017,-0.00372
05.06.2017,-0.00371
06.06.2017,-0.00371
07.06.2017,-0.00371
08.06.2017,-0.00374
09.06.2017,-0.00374
12.06.2017,-0.00374
13.06.2017,-0.00373
14.06.2017,-0.00373
15.06.2017,-0.00372
16.06.2017,-0.00373
19.06.2017,-0.00374
20.06.2017,-0.00372
21.06.2017,-0.00373
22.06.2017,-0.00372
23.06.2017,-0.00374
26.06.2017,-0.00374
27.06.2017,-0.00373
28.06.2017,-0.00372
29.06.2017,-0.00373
30.06.2017,-0.00373
03.07.2017,-0.00373
04.07.2017,-0.00373
05.07.2017,-0.00373
06.07.2017,-0.00373
07.07.2017,-0.00372
10.07.2017,-0.00374
11.07.2017,-0.00374
12.07.2017,-0.00374
13.07.2017,-0.00373
14.07.2017,-0.00373
17.07.2017,-0.00373
18.07.2017,-0.00374
19.07.2017,-0.00373
20.07.2017,-0.00374
21.07.2017,-0.00374
24.07.2017,-0.00374
25.07.2017,-0.00371
26.07.2017,-0.00372
27.07.2017,-0.00371
28.07.2017,-0.00371
31.07.2017,-0.0037
01.08.2017,-0.00371
02.08.2017,-0.00373
03.08.2017,-0.00372
04.08.2017,-0.00372
07.08.2017,-0.00374
08.08.2017,-0.00374
09.08.2017,-0.00374
10.08.2017,-0.00373
11.08.2017,-0.00372
14.08.2017,-0.00372
15.08.2017,-0.00371
16.08.2017,-0.00371
17.08.2017,-0.00371
18.08.2017,-0.00371
21.08.2017,-0.00371
22.08.2017,-0.00371
23.08.2017,-0.00371
24.08.2017,-0.00371
25.08.2017,-0.00371
28.08.2017,-0.00372
29.08.2017,-0.00372
30.08.2017,-0.00372
31.08.2017,-0.00373
01.09.2017,-0.00373
04.09.2017,-0.00372
05.09.2017,-0.00372
06.09.2017,-0.00371
07.09.2017,-0.00372
08.09.2017,-0.00372
11.09.2017,-0.00373
12.09.2017,-0.00372
13.09.2017,-0.00373
14.09.2017,-0.00371
15.09.2017,-0.00371
18.09.2017,-0.00373
19.09.2017,-0.00373
20.09.2017,-0.00373
21.09.2017,-0.00373
22.09.2017,-0.00372
25.09.2017,-0.00371
26.09.2017,-0.00371
27.09.2017,-0.00372
28.09.2017,-0.00372
29.09.2017,-0.00372
02.10.2017,-0.00373
03.10.2017,-0.00373
04.10.2017,-0.00373
05.10.2017,-0.00372
06.10.2017,-0.00373
09.10.2017,-0.00373
10.10.2017,-0.00371
11.10.2017,-0.00372
12.10.2017,-0.00372
13.10.2017,-0.00371
16.10.2017,-0.00371
17.10.2017,-0.00373
18.10.2017,-0.00373
19.10.2017,-0.00373
20.10.2017,-0.00373
23.10.2017,-0.00373
24.10.2017,-0.00372
25.10.2017,-0.00373
26.10.2017,-0.00371
27.10.2017,-0.00372
30.10.2017,-0.00372
31.10.2017,-0.00372
01.11.2017,-0.00371
02.11.2017,-0.00372
03.11.2017,-0.00372
06.11.2017,-0.00371
07.11.2017,-0.00372
08.11.2017,-0.00372
09.11.2017,-0.00371
10.11.2017,-0.00371
13.11.2017,-0.00371
14.11.2017,-0.00372
15.11.2017,-0.00372
16.11.2017,-0.00372
17.11.2017,-0.00373
20.11.2017,-0.00372
21.11.2017,-0.00372
22.11.2017,-0.00371
23.11.2017,-0.00372
24.11.2017,-0.00372
27.11.2017,-0.00372
28.11.2017,-0.00371
29.11.2017,-0.00371
30.11.2017,-0.00371
01.12.2017,-0.00369
04.12.2017,-0.00368
05.12.2017,-0.00367
06.12.2017,-0.00367
07.12.2017,-0.00366
08.12.2017,-0.00369
11.12.2017,-0.00369
12.12.2017,-0.00369
13.12.2017,-0.00371
14.12.2017,-0.00371
15.12.2017,-0.00371
18.12.2017,-0.0037
19.12.2017,-0.0037
20.12.2017,-0.0037
21.12.2017,-0.00369
22.12.2017,-0.00367
27.12.2017,-0.00368
28.12.2017,-0.00367
29.12.2017,-0.00368
02.01.2018,-0.00368
03.01.2018,-0.00368
04.01.2018,-0.00368
05.01.2018,-0.00369
08.01.2018,-0.00368
09.01.2018,-0.00369
10.01.2018,-0.00369
11.01.2018,-0.00369
12.01.2018,-0.00369
15.01.2018,-0.00369
16.01.2018,-0.00369
17.01.2018,-0.00369
18.01.2018,-0.00369
19.01.2018,-0.00369
22.01.2018,-0.00369
23.01.2018,-0.00369
24.01.2018,-0.00369
25.01.2018,-0.00369
26.01.2018,-0.00369
29.01.2018,-0.00369
30.01.2018,-0.00369
31.01.2018,-0.00369
01.02.2018,-0.00369
02.02.2018,-0.00371
05.02.2018,-0.00369
06.02.2018,-0.00369
07.02.2018,-0.00369
08.02.2018,-0.00369
09.02.2018,-0.0037
12.02.2018,-0.00369
13.02.2018,-0.00369
14.02.2018,-0.00369
15.02.2018,-0.00369
16.02.2018,-0.00369
19.02.2018,-0.00369
20.02.2018,-0.0037
21.02.2018,-0.0037
22.02.2018,-0.0037
23.02.2018,-0.0037
26.02.2018,-0.00371
27.02.2018,-0.00371
28.02.2018,-0.0037
01.03.2018,-0.00371
02.03.2018,-0.0037
05.03.2018,-0.0037
06.03.2018,-0.00371
07.03.2018,-0.00371
08.03.2018,-0.00371
09.03.2018,-0.00371
12.03.2018,-0.0037
13.03.2018,-0.00371
14.03.2018,-0.00371
15.03.2018,-0.00371
16.03.2018,-0.0037
19.03.2018,-0.0037
20.03.2018,-0.0037
21.03.2018,-0.0037
22.03.2018,-0.00371
23.03.2018,-0.0037
26.03.2018,-0.0037
27.03.2018,-0.00371
28.03.2018,-0.00371
29.03.2018,-0.00372
03.04.2018,-0.00372
04.04.2018,-0.00372
05.04.2018,-0.00372
06.04.2018,-0.00372
09.04.2018,-0.00372
10.04.2018,-0.00372
11.04.2018,-0.00372
12.04.2018,-0.00371
13.04.2018,-0.00371
16.04.2018,-0.00371
17.04.2018,-0.00371
18.04.2018,-0.00371
19.04.2018,-0.00372
20.04.2018,-0.00372
23.04.2018,-0.00372
24.04.2018,-0.00372
25.04.2018,-0.00371
26.04.2018,-0.00372
27.04.2018,-0.00372
30.04.2018,-0.00371
02.05.2018,-0.00371
03.05.2018,-0.00372
04.05.2018,-0.00372
07.05.2018,-0.00372
08.05.2018,-0.00372
09.05.2018,-0.00371
10.05.2018,-0.00371
11.05.2018,-0.00371
14.05.2018,-0.00371
15.05.2018,-0.00369
16.05.2018,-0.00371
17.05.2018,-0.00371
18.05.2018,-0.00371
21.05.2018,-0.0037
22.05.2018,-0.00371
23.05.2018,-0.00371
24.05.2018,-0.00371
25.05.2018,-0.00369
28.05.2018,-0.00371
29.05.2018,-0.00371
30.05.2018,-0.0037
31.05.2018,-0.00369
01.06.2018,-0.00371
04.06.2018,-0.00371
05.06.2018,-0.00371
06.06.2018,-0.00371
07.06.2018,-0.00371
08.06.2018,-0.00371
11.06.2018,-0.00369
12.06.2018,-0.00371
13.06.2018,-0.0037
14.06.2018,-0.00369
15.06.2018,-0.0037
18.06.2018,-0.0037
19.06.2018,-0.0037
20.06.2018,-0.0037
21.06.2018,-0.0037
22.06.2018,-0.0037
25.06.2018,-0.00371
26.06.2018,-0.0037
27.06.2018,-0.0037
28.06.2018,-0.00371
29.06.2018,-0.0037
02.07.2018,-0.00369
03.07.2018,-0.00372
04.07.2018,-0.00372
05.07.2018,-0.00372
06.07.2018,-0.00371
09.07.2018,-0.00371
10.07.2018,-0.0037
11.07.2018,-0.00369
12.07.2018,-0.0037
13.07.2018,-0.00369
16.07.2018,-0.00369
17.07.2018,-0.00369
18.07.2018,-0.00369
19.07.2018,-0.00369
20.07.2018,-0.00369
23.07.2018,-0.00369
24.07.2018,-0.00369
25.07.2018,-0.00369
26.07.2018,-0.00369
27.07.2018,-0.00369
30.07.2018,-0.00369
31.07.2018,-0.00369
01.08.2018,-0.00369
02.08.2018,-0.00369
03.08.2018,-0.00369
06.08.2018,-0.00369
07.08.2018,-0.00369
08.08.2018,-0.00369
09.08.2018,-0.00369
10.08.2018,-0.00369
13.08.2018,-0.0037
14.08.2018,-0.0037
15.08.2018,-0.00368
16.08.2018,-0.00369
17.08.2018,-0.0037
20.08.2018,-0.00369
21.08.2018,-0.00371
22.08.2018,-0.00371
23.08.2018,-0.00371
24.08.2018,-0.00369
27.08.2018,-0.0037
28.08.2018,-0.00371
29.08.2018,-0.0037
30.08.2018,-0.0037
31.08.2018,-0.00369
03.09.2018,-0.0037
04.09.2018,-0.00369
05.09.2018,-0.00369
06.09.2018,-0.00371
07.09.2018,-0.00372
10.09.2018,-0.00371
11.09.2018,-0.00372
12.09.2018,-0.00371
13.09.2018,-0.00372
14.09.2018,-0.00371
17.09.2018,-0.00372
18.09.2018,-0.00372
19.09.2018,-0.00371
20.09.2018,-0.00372
21.09.2018,-0.00371
24.09.2018,-0.00372
25.09.2018,-0.0037
26.09.2018,-0.00369
27.09.2018,-0.00371
28.09.2018,-0.00371
01.10.2018,-0.00371
02.10.2018,-0.00371
03.10.2018,-0.00371
04.10.2018,-0.00371
05.10.2018,-0.00371
08.10.2018,-0.00371
09.10.2018,-0.00371
10.10.2018,-0.00369
11.10.2018,-0.00369
12.10.2018,-0.00369
15.10.2018,-0.00369
16.10.2018,-0.00369
17.10.2018,-0.00369
18.10.2018,-0.00369
19.10.2018,-0.0037
22.10.2018,-0.00369
23.10.2018,-0.00369
24.10.2018,-0.0037
25.10.2018,-0.00369
26.10.2018,-0.00369
29.10.2018,-0.00369
30.10.2018,-0.00369
31.10.2018,-0.00369
01.11.2018,-0.00368
02.11.2018,-0.00368
05.11.2018,-0.00369
06.11.2018,-0.00369
07.11.2018,-0.00369
08.11.2018,-0.00369
09.11.2018,-0.00369
12.11.2018,-0.00369
13.11.2018,-0.00369
14.11.2018,-0.00369
15.11.2018,-0.00371
16.11.2018,-0.00369
19.11.2018,-0.00369
20.11.2018,-0.00369
21.11.2018,-0.00369
22.11.2018,-0.00369
23.11.2018,-0.00369
26.11.2018,-0.00368
27.11.2018,-0.00369
28.11.2018,-0.00368
29.11.2018,-0.00368
30.11.2018,-0.00368
03.12.2018,-0.00368
04.12.2018,-0.00367
05.12.2018,-0.00367
06.12.2018,-0.00368
07.12.2018,-0.00368
10.12.2018,-0.00368
11.12.2018,-0.00368
12.12.2018,-0.00368
13.12.2018,-0.00368
14.12.2018,-0.00368
17.12.2018,-0.00369
18.12.2018,-0.00369
19.12.2018,-0.00369
20.12.2018,-0.00367
21.12.2018,-0.00366
24.12.2018,-0.00365
27.12.2018,-0.00364
28.12.2018,-0.00364
02.01.2019,-0.00362
03.01.2019,-0.00363
04.01.2019,-0.00363
07.01.2019,-0.00363
08.01.2019,-0.00363
09.01.2019,-0.00364
10.01.2019,-0.00364
11.01.2019,-0.00365
14.01.2019,-0.00368
15.01.2019,-0.00369
16.01.2019,-0.00369
17.01.2019,-0.00368
18.01.2019,-0.00368
21.01.2019,-0.00368
22.01.2019,-0.00368
23.01.2019,-0.00368
24.01.2019,-0.00367
25.01.2019,-0.00368
28.01.2019,-0.00368
29.01.2019,-0.00368
30.01.2019,-0.00368
31.01.2019,-0.00368
01.02.2019,-0.00369
04.02.2019,-0.00367
05.02.2019,-0.00368
06.02.2019,-0.00367
07.02.2019,-0.00369
08.02.2019,-0.00368
11.02.2019,-0.00368
12.02.2019,-0.00368
13.02.2019,-0.00367
14.02.2019,-0.00368
15.02.2019,-0.00368
18.02.2019,-0.00368
19.02.2019,-0.00367
20.02.2019,-0.00367
21.02.2019,-0.00368
22.02.2019,-0.00367
25.02.2019,-0.00366
26.02.2019,-0.00368
27.02.2019,-0.00368
28.02.2019,-0.00368
01.03.2019,-0.00368
04.03.2019,-0.00367
05.03.2019,-0.00367
06.03.2019,-0.00367
07.03.2019,-0.00367
08.03.2019,-0.00367
11.03.2019,-0.00368
12.03.2019,-0.00368
13.03.2019,-0.00368
14.03.2019,-0.00368
15.03.2019,-0.00368
18.03.2019,-0.00367
19.03.2019,-0.00367
20.03.2019,-0.00367
21.03.2019,-0.00367
22.03.2019,-0.00367
25.03.2019,-0.00368
26.03.2019,-0.00368
27.03.2019,-0.00368
28.03.2019,-0.00368
29.03.2019,-0.00367
01.04.2019,-0.00367
02.04.2019,-0.00367
03.04.2019,-0.00367
04.04.2019,-0.00367
05.04.2019,-0.00367
08.04.2019,-0.00367
09.04.2019,-0.00367
10.04.2019,-0.00367
11.04.2019,-0.00367
12.04.2019,-0.00367
15.04.2019,-0.00367
16.04.2019,-0.00367
17.04.2019,-0.00368
18.04.2019,-0.00368
23.04.2019,-0.00367
24.04.2019,-0.00368
25.04.2019,-0.00368
26.04.2019,-0.00367
29.04.2019,-0.00368
30.04.2019,-0.00367
02.05.2019,-0.00366
03.05.2019,-0.00365
06.05.2019,-0.00365
07.05.2019,-0.00367
08.05.2019,-0.00366
09.05.2019,-0.00366
10.05.2019,-0.00367
13.05.2019,-0.00366
14.05.2019,-0.00366
15.05.2019,-0.00366
16.05.2019,-0.00366
17.05.2019,-0.00368
20.05.2019,-0.00368
21.05.2019,-0.00371
22.05.2019,-0.00371
23.05.2019,-0.00368
24.05.2019,-0.00372
27.05.2019,-0.00372
28.05.2019,-0.00374
29.05.2019,-0.00374
30.05.2019,-0.00376
31.05.2019,-0.00378
03.06.2019,-0.00378
04.06.2019,-0.00379
05.06.2019,-0.00383
06.06.2019,-0.00383
07.06.2019,-0.00381
10.06.2019,-0.00377
11.06.2019,-0.00377
12.06.2019,-0.00377
13.06.2019,-0.00376
14.06.2019,-0.00378
17.06.2019,-0.00385
18.06.2019,-0.00388
19.06.2019,-0.00391
20.06.2019,-0.00396
21.06.2019,-0.00398
24.06.2019,-0.00393
25.06.2019,-0.00389
26.06.2019,-0.00388
27.06.2019,-0.00391
28.06.2019,-0.00388
01.07.2019,-0.00392
02.07.2019,-0.00386
03.07.2019,-0.0039
04.07.2019,-0.00393
05.07.2019,-0.00394
08.07.2019,-0.00393
09.07.2019,-0.00389
10.07.2019,-0.00389
11.07.2019,-0.00394
12.07.2019,-0.00393
15.07.2019,-0.00393
16.07.2019,-0.00395
17.07.2019,-0.00397
18.07.2019,-0.00399
19.07.2019,-0.00403
22.07.2019,-0.00406
23.07.2019,-0.00407
24.07.2019,-0.00401
25.07.2019,-0.00401
26.07.2019,-0.00395
29.07.2019,-0.00394
30.07.2019,-0.00392
31.07.2019,-0.00392
01.08.2019,-0.00393
02.08.2019,-0.00392
05.08.2019,-0.00401
06.08.2019,-0.004
07.08.2019,-0.00401
08.08.2019,-0.00409
09.08.2019,-0.00403
12.08.2019,-0.00405
13.08.2019,-0.00413
14.08.2019,-0.00403
15.08.2019,-0.00404
16.08.2019,-0.00423
19.08.2019,-0.00409
20.08.2019,-0.00405
21.08.2019,-0.00409
22.08.2019,-0.00415
23.08.2019,-0.00413
26.08.2019,-0.00423
27.08.2019,-0.00416
28.08.2019,-0.00417
29.08.2019,-0.0043
30.08.2019,-0.00427
02.09.2019,-0.00427
03.09.2019,-0.00435
04.09.2019,-0.00441
05.09.2019,-0.00443
06.09.2019,-0.00452
09.09.2019,-0.00448
10.09.2019,-0.00455
11.09.2019,-0.00453
12.09.2019,-0.00455
13.09.2019,-0.00438
16.09.2019,-0.00449
17.09.2019,-0.00447
18.09.2019,-0.00438
19.09.2019,-0.0045
20.09.2019,-0.00454
23.09.2019,-0.0045
24.09.2019,-0.00449
25.09.2019,-0.00453
26.09.2019,-0.00457
27.09.2019,-0.00462
30.09.2019,-0.00457
01.10.2019,-0.00467
02.10.2019,-0.00468
03.10.2019,-0.00474
04.10.2019,-0.00474
07.10.2019,-0.00468
08.10.2019,-0.00463
09.10.2019,-0.00464
10.10.2019,-0.00466
11.10.2019,-0.00473
14.10.2019,-0.00468
15.10.2019,-0.00458
16.10.2019,-0.00458
17.10.2019,-0.00448
18.10.2019,-0.00438
21.10.2019,-0.00438
22.10.2019,-0.00444
23.10.2019,-0.00443
24.10.2019,-0.00447
25.10.2019,-0.00456
28.10.2019,-0.00441
29.10.2019,-0.00443
30.10.2019,-0.0044
31.10.2019,-0.00437
01.11.2019,-0.00443
04.11.2019,-0.00443
05.11.2019,-0.00438
06.11.2019,-0.00445
07.11.2019,-0.00449
08.11.2019,-0.00463
11.11.2019,-0.00453
12.11.2019,-0.00457
13.11.2019,-0.00463
14.11.2019,-0.00455
15.11.2019,-0.0045
18.11.2019,-0.00455
19.11.2019,-0.00456
20.11.2019,-0.0045
21.11.2019,-0.00459
22.11.2019,-0.00445
25.11.2019,-0.00451
26.11.2019,-0.00451
27.11.2019,-0.00448
28.11.2019,-0.00439
29.11.2019,-0.00437
02.12.2019,-0.00439
03.12.2019,-0.00448
04.12.2019,-0.0045
05.12.2019,-0.00453
06.12.2019,-0.00456
09.12.2019,-0.00451
10.12.2019,-0.00448
11.12.2019,-0.00456
12.12.2019,-0.00464
13.12.2019,-0.00467
16.12.2019,-0.00466
17.12.2019,-0.00465
18.12.2019,-0.00461
19.12.2019,-0.00453
20.12.2019,-0.00449
23.12.2019,-0.00451
24.12.2019,-0.00452
27.12.2019,-0.00444
30.12.2019,-0.00447
02.01.2020,-0.00436
03.01.2020,-0.00443
06.01.2020,-0.0045
07.01.2020,-0.00452
08.01.2020,-0.00448
09.01.2020,-0.00456
10.01.2020,-0.00463
13.01.2020,-0.0046
14.01.2020,-0.0046
15.01.2020,-0.00458
16.01.2020,-0.00466
17.01.2020,-0.00462
20.01.2020,-0.00463
21.01.2020,-0.0047
22.01.2020,-0.00466
23.01.2020,-0.00467
24.01.2020,-0.00451
27.01.2020,-0.00453
28.01.2020,-0.00457
29.01.2020,-0.00458
30.01.2020,-0.00458
31.01.2020,-0.00454
03.02.2020,-0.00455
04.02.2020,-0.0046
05.02.2020,-0.00459
06.02.2020,-0.00459
07.02.2020,-0.00458
10.02.2020,-0.00471
11.02.2020,-0.00477
12.02.2020,-0.0047
13.02.2020,-0.0048
14.02.2020,-0.0048
17.02.2020,-0.0048
18.02.2020,-0.0048
19.02.2020,-0.00467
20.02.2020,-0.00483
21.02.2020,-0.00478
24.02.2020,-0.00477
25.02.2020,-0.00474
26.02.2020,-0.00479
27.02.2020,-0.00488
28.02.2020,-0.00488
02.03.2020,-0.00488
03.03.2020,-0.00508
04.03.2020,-0.00502
05.03.2020,-0.00513
06.03.2020,-0.00501
09.03.2020,-0.00496
10.03.2020,-0.00513
11.03.2020,-0.00503
12.03.2020,-0.0052
13.03.2020,-0.0048
16.03.2020,-0.00488
17.03.2020,-0.00495
18.03.2020,-0.00478
19.03.2020,-0.00474
20.03.2020,-0.0045
23.03.2020,-0.00445
24.03.2020,-0.00454
25.03.2020,-0.00458
26.03.2020,-0.00443
27.03.2020,-0.00438
30.03.2020,-0.00436
31.03.2020,-0.00423
01.04.2020,-0.00468
02.04.2020,-0.00454
03.04.2020,-0.00438
06.04.2020,-0.00431
07.04.2020,-0.00406
08.04.2020,-0.00379
09.04.2020,-0.00387
14.04.2020,-0.00404
15.04.2020,-0.00422
16.04.2020,-0.00438
17.04.2020,-0.00434
20.04.2020,-0.00433
21.04.2020,-0.00425
22.04.2020,-0.00418
23.04.2020,-0.00402
24.04.2020,-0.00418
27.04.2020,-0.00448
28.04.2020,-0.00432
29.04.2020,-0.00465
30.04.2020,-0.0046
04.05.2020,-0.00476
05.05.2020,-0.00469
06.05.2020,-0.00469
07.05.2020,-0.00445
08.05.2020,-0.00451
11.05.2020,-0.00446
12.05.2020,-0.00448
13.05.2020,-0.00454
14.05.2020,-0.00469
15.05.2020,-0.00467
18.05.2020,-0.00478
19.05.2020,-0.00454
20.05.2020,-0.00468
21.05.2020,-0.00475
22.05.2020,-0.00473
25.05.2020,-0.00465
26.05.2020,-0.00462
27.05.2020,-0.00475
28.05.2020,-0.00461
29.05.2020,-0.00482
01.06.2020,-0.00498
02.06.2020,-0.00478
03.06.2020,-0.00488
04.06.2020,-0.00472
05.06.2020,-0.00483
08.06.2020,-0.00481
09.06.2020,-0.00487
10.06.2020,-0.00478
11.06.2020,-0.00479
12.06.2020,-0.00482
15.06.2020,-0.00484
16.06.2020,-0.00481
17.06.2020,-0.00492
18.06.2020,-0.00503
19.06.2020,-0.00507
22.06.2020,-0.00509
23.06.2020,-0.00508
24.06.2020,-0.00508
25.06.2020,-0.00504
26.06.2020,-0.00504
29.06.2020,-0.00507
30.06.2020,-0.0051
01.07.2020,-0.00512
02.07.2020,-0.00509
03.07.2020,-0.00502
06.07.2020,-0.00508
07.07.2020,-0.00511
08.07.2020,-0.00507
09.07.2020,-0.00498
10.07.2020,-0.00503
13.07.2020,-0.00503
14.07.2020,-0.00508
15.07.2020,-0.00513
16.07.2020,-0.00501
17.07.2020,-0.00506
20.07.2020,-0.005
21.07.2020,-0.00501
22.07.2020,-0.0051
23.07.2020,-0.00515
24.07.2020,-0.00513
27.07.2020,-0.00516
28.07.2020,-0.00515
29.07.2020,-0.00523
30.07.2020,-0.00519
31.07.2020,-0.0051
03.08.2020,-0.00516
04.08.2020,-0.00521
05.08.2020,-0.00515
06.08.2020,-0.00512
07.08.2020,-0.0051
10.08.2020,-0.00519
11.08.2020,-0.00514
12.08.2020,-0.00511
13.08.2020,-0.00519
14.08.2020,-0.00519
17.08.2020,-0.00519
18.08.2020,-0.00517
19.08.2020,-0.00519
20.08.2020,-0.00523
21.08.2020,-0.00517
24.08.2020,-0.00518
25.08.2020,-0.00515
26.08.2020,-0.00515
27.08.2020,-0.0052
28.08.2020,-0.00523
31.08.2020,-0.00522
01.09.2020,-0.0051
02.09.2020,-0.00507
03.09.2020,-0.00512
04.09.2020,-0.00517
07.09.2020,-0.00513
08.09.2020,-0.00515
09.09.2020,-0.00519
10.09.2020,-0.00535
11.09.2020,-0.00516
14.09.2020,-0.00526
15.09.2020,-0.00523
16.09.2020,-0.00526
17.09.2020,-0.00529
18.09.2020,-0.00523
21.09.2020,-0.00533
22.09.2020,-0.00526
23.09.2020,-0.00531
24.09.2020,-0.00518
25.09.2020,-0.00523
28.09.2020,-0.00524
29.09.2020,-0.00523
30.09.2020,-0.00529
01.10.2020,-0.00526
02.10.2020,-0.00528
05.10.2020,-0.00534
06.10.2020,-0.0054
07.10.2020,-0.0054
08.10.2020,-0.00534
09.10.2020,-0.00526
12.10.2020,-0.00538
13.10.2020,-0.00535
14.10.2020,-0.00535
15.10.2020,-0.00539
16.10.2020,-0.00534
19.10.2020,-0.00538
20.10.2020,-0.00543
21.10.2020,-0.00539
22.10.2020,-0.00553
23.10.2020,-0.00539
26.10.2020,-0.00539
27.10.2020,-0.00543
28.10.2020,-0.00545
29.10.2020,-0.0055
30.10.2020,-0.00548
02.11.2020,-0.0054
03.11.2020,-0.0054
04.11.2020,-0.0055
05.11.2020,-0.00547
06.11.2020,-0.00533
09.11.2020,-0.00539
10.11.2020,-0.00527
11.11.2020,-0.00537
12.11.2020,-0.00542
13.11.2020,-0.00533
16.11.2020,-0.00537
17.11.2020,-0.00552
18.11.2020,-0.00546
19.11.2020,-0.00556
20.11.2020,-0.00543
23.11.2020,-0.00542
24.11.2020,-0.00537
25.11.2020,-0.00533
26.11.2020,-0.00539
27.11.2020,-0.00546
30.11.2020,-0.00551
01.12.2020,-0.00548
02.12.2020,-0.00548
03.12.2020,-0.00539
04.12.2020,-0.00545
07.12.2020,-0.0055
08.12.2020,-0.00549
09.12.2020,-0.00552
10.12.2020,-0.00573
11.12.2020,-0.00554
14.12.2020,-0.00573
15.12.2020,-0.0057
16.12.2020,-0.00575
17.12.2020,-0.00582
18.12.2020,-0.0056
21.12.2020,-0.00563
22.12.2020,-0.00574
23.12.2020,-0.00573
24.12.2020,-0.00568
28.12.2020,-0.00568
29.12.2020,-0.00555
30.12.2020,-0.00562
04.01.2021,-0.0057
05.01.2021,-0.00573
06.01.2021,-0.00567
07.01.2021,-0.00563
08.01.2021,-0.00555
11.01.2021,-0.00548
12.01.2021,-0.00553
13.01.2021,-0.00563
14.01.2021,-0.00564
15.01.2021,-0.00557
18.01.2021,-0.00567
19.01.2021,-0.00561
20.01.2021,-0.00559
21.01.2021,-0.00561
22.01.2021,-0.00557
25.01.2021,-0.00554
26.01.2021,-0.00563
27.01.2021,-0.00567
28.01.2021,-0.00568
29.01.2021,-0.00571
01.02.2021,-0.0056
02.02.2021,-0.00563
03.02.2021,-0.00568
04.02.2021,-0.00568
05.02.2021,-0.00554
08.02.2021,-0.00548
09.02.2021,-0.00551
10.02.2021,-0.0055
11.02.2021,-0.00548
12.02.2021,-0.00553
15.02.2021,-0.00553
16.02.2021,-0.0055
17.02.2021,-0.00552
18.02.2021,-0.00548
19.02.2021,-0.00553
22.02.2021,-0.0055
23.02.2021,-0.0055
24.02.2021,-0.00549
25.02.2021,-0.00553
26.02.2021,-0.00547
01.03.2021,-0.00553
02.03.2021,-0.00548
03.03.2021,-0.0056
04.03.2021,-0.0056
05.03.2021,-0.00554
08.03.2021,-0.00548
09.03.2021,-0.00557
10.03.2021,-0.00553
11.03.2021,-0.00561
12.03.2021,-0.00548
15.03.2021,-0.00556
16.03.2021,-0.00563
17.03.2021,-0.00553
18.03.2021,-0.00555
19.03.2021,-0.00553
22.03.2021,-0.00549
23.03.2021,-0.00549
24.03.2021,-0.00549
25.03.2021,-0.00551
26.03.2021,-0.0055
29.03.2021,-0.00545
30.03.2021,-0.00555
31.03.2021,-0.00556
01.04.2021,-0.00551
06.04.2021,-0.0055
07.04.2021,-0.00553
08.04.2021,-0.00556
09.04.2021,-0.00559
12.04.2021,-0.00558
13.04.2021,-0.00549
14.04.2021,-0.0055
15.04.2021,-0.00561
16.04.2021,-0.00553
19.04.2021,-0.00552
20.04.2021,-0.00558
21.04.2021,-0.00554
22.04.2021,-0.00555
23.04.2021,-0.00557
26.04.2021,-0.00556
27.04.2021,-0.00558
28.04.2021,-0.00557
29.04.2021,-0.00558
30.04.2021,-0.00556
03.05.2021,-0.00559
04.05.2021,-0.00562
05.05.2021,-0.00553
06.05.2021,-0.00558
07.05.2021,-0.00553
10.05.2021,-0.00551
11.05.2021,-0.00548
12.05.2021,-0.00552
13.05.2021,-0.00553
14.05.2021,-0.00561
17.05.2021,-0.00563
18.05.2021,-0.00559
19.05.2021,-0.00562
20.05.2021,-0.00562
21.05.2021,-0.00563
24.05.2021,-0.00561
25.05.2021,-0.00557
26.05.2021,-0.00561
27.05.2021,-0.00557
28.05.2021,-0.00558
31.05.2021,-0.00563
01.06.2021,-0.0056
02.06.2021,-0.00556
03.06.2021,-0.00558
04.06.2021,-0.00558
07.06.2021,-0.00557
08.06.2021,-0.00553
09.06.2021,-0.00547
10.06.2021,-0.00549
11.06.2021,-0.00551
14.06.2021,-0.0055
15.06.2021,-0.00547
16.06.2021,-0.00548
17.06.2021,-0.00555
18.06.2021,-0.00548
21.06.2021,-0.0055
22.06.2021,-0.00553
23.06.2021,-0.00553
24.06.2021,-0.00558
25.06.2021,-0.00562
28.06.2021,-0.00564
29.06.2021,-0.00555
30.06.2021,-0.00569
01.07.2021,-0.00561
02.07.2021,-0.00555
05.07.2021,-0.00553
06.07.2021,-0.00553
07.07.2021,-0.00554
08.07.2021,-0.00556
09.07.2021,-0.00552
12.07.2021,-0.00549
13.07.2021,-0.0056
14.07.2021,-0.00559
15.07.2021,-0.00557
16.07.2021,-0.00557
19.07.2021,-0.0056
20.07.2021,-0.00558
21.07.2021,-0.00553
22.07.2021,-0.00553
23.07.2021,-0.0056
26.07.2021,-0.00558
27.07.2021,-0.00557
28.07.2021,-0.00558
29.07.2021,-0.00558
30.07.2021,-0.00556
02.08.2021,-0.00556
03.08.2021,-0.00563
04.08.2021,-0.0056
05.08.2021,-0.00568
06.08.2021,-0.00561
09.08.2021,-0.00561
10.08.2021,-0.00561
11.08.2021,-0.00565
12.08.2021,-0.00566
13.08.2021,-0.00561
16.08.2021,-0.00564
17.08.2021,-0.00565
18.08.2021,-0.00558
19.08.2021,-0.0056
20.08.2021,-0.00552
23.08.2021,-0.00557
24.08.2021,-0.00557
25.08.2021,-0.00559
26.08.2021,-0.0056
27.08.2021,-0.00556
30.08.2021,-0.00559
31.08.2021,-0.00554
01.09.2021,-0.00554
02.09.2021,-0.00558
03.09.2021,-0.00553
06.09.2021,-0.00555
07.09.2021,-0.00552
08.09.2021,-0.00557
09.09.2021,-0.00558
10.09.2021,-0.00558
13.09.2021,-0.00557
14.09.2021,-0.00556
15.09.2021,-0.00557
16.09.2021,-0.00559
17.09.2021,-0.00562
20.09.2021,-0.00558
21.09.2021,-0.00563
22.09.2021,-0.00561
23.09.2021,-0.00557
24.09.2021,-0.00553
27.09.2021,-0.00561
28.09.2021,-0.00558
29.09.2021,-0.00558
30.09.2021,-0.00563
01.10.2021,-0.00557
04.10.2021,-0.00559
05.10.2021,-0.00567
06.10.2021,-0.00564
07.10.2021,-0.00562
08.10.2021,-0.00561
11.10.2021,-0.00563
12.10.2021,-0.00561
13.10.2021,-0.00561
14.10.2021,-0.00563
15.10.2021,-0.00564
18.10.2021,-0.00561
19.10.2021,-0.00557
20.10.2021,-0.00563
21.10.2021,-0.00559
22.10.2021,-0.00563
25.10.2021,-0.00557
26.10.2021,-0.00556
27.10.2021,-0.00558
28.10.2021,-0.00556
29.10.2021,-0.00557
01.11.2021,-0.00557
02.11.2021,-0.0056
03.11.2021,-0.00565
04.11.2021,-0.00567
05.11.2021,-0.00567
08.11.2021,-0.00573
09.11.2021,-0.00563
10.11.2021,-0.00566
11.11.2021,-0.00574
12.11.2021,-0.00566
15.11.2021,-0.00566
16.11.2021,-0.00563
17.11.2021,-0.00567
18.11.2021,-0.00563
19.11.2021,-0.00558
22.11.2021,-0.0056
23.11.2021,-0.0057
24.11.2021,-0.00565
25.11.2021,-0.00568
26.11.2021,-0.00567
29.11.2021,-0.00563
30.11.2021,-0.0057
01.12.2021,-0.00573
02.12.2021,-0.00568
03.12.2021,-0.00569
06.12.2021,-0.00567
07.12.2021,-0.00573
08.12.2021,-0.00565
09.12.2021,-0.00581
10.12.2021,-0.00576
13.12.2021,-0.00593
14.12.2021,-0.00625
15.12.2021,-0.00598
16.12.2021,-0.00593
17.12.2021,-0.00611
20.12.2021,-0.00625
21.12.2021,-0.00611
22.12.2021,-0.00643
23.12.2021,-0.00648
24.12.2021,-0.00621
27.12.2021,-0.00614
28.12.2021,-0.00598
29.12.2021,-0.00594
30.12.2021,-0.00585
03.01.2022,-0.00576
04.01.2022,-0.00569
05.01.2022,-0.00566
06.01.2022,-0.0057
07.01.2022,-0.00565
10.01.2022,-0.00563
11.01.2022,-0.00564
12.01.2022,-0.00563
13.01.2022,-0.00568
14.01.2022,-0.00565
17.01.2022,-0.00562
18.01.2022,-0.00563
19.01.2022,-0.00563
20.01.2022,-0.00561
21.01.2022,-0.00559
24.01.2022,-0.00563
25.01.2022,-0.00562
26.01.2022,-0.00565
27.01.2022,-0.00565
28.01.2022,-0.00563
31.01.2022,-0.00567
01.02.2022,-0.0056
02.02.2022,-0.00561
03.02.2022,-0.0056
04.02.2022,-0.00551
07.02.2022,-0.00548
08.02.2022,-0.00545
09.02.2022,-0.00547
10.02.2022,-0.00552
11.02.2022,-0.00557
14.02.2022,-0.00551
15.02.2022,-0.00555
16.02.2022,-0.00558
17.02.2022,-0.00562
18.02.2022,-0.00557
21.02.2022,-0.00556
22.02.2022,-0.00555
23.02.2022,-0.00544
24.02.2022,-0.00548
25.02.2022,-0.00543
28.02.2022,-0.00551
01.03.2022,-0.00553
02.03.2022,-0.00558
03.03.2022,-0.00549
04.03.2022,-0.00546
07.03.2022,-0.00517
08.03.2022,-0.00528
09.03.2022,-0.0053
10.03.2022,-0.00549
11.03.2022,-0.00548
14.03.2022,-0.00556
15.03.2022,-0.00553
16.03.2022,-0.00554
17.03.2022,-0.00548
18.03.2022,-0.00557
21.03.2022,-0.0055
22.03.2022,-0.00562
23.03.2022,-0.00549
24.03.2022,-0.00541
25.03.2022,-0.00546
28.03.2022,-0.00536
29.03.2022,-0.00533
30.03.2022,-0.00527
31.03.2022,-0.00532
01.04.2022,-0.00541
04.04.2022,-0.00551
05.04.2022,-0.00548
06.04.2022,-0.0054
07.04.2022,-0.00548
08.04.2022,-0.00541
11.04.2022,-0.00529
12.04.2022,-0.00538
13.04.2022,-0.00543
14.04.2022,-0.00547
19.04.2022,-0.0056
20.04.2022,-0.00569
21.04.2022,-0.00541
22.04.2022,-0.0052
25.04.2022,-0.005
26.04.2022,-0.00513
27.04.2022,-0.0052
28.04.2022,-0.00522
29.04.2022,-0.00538
02.05.2022,-0.00527
03.05.2022,-0.00543
04.05.2022,-0.00544
05.05.2022,-0.00553
06.05.2022,-0.00553
09.05.2022,-0.00533
10.05.2022,-0.00553
11.05.2022,-0.00566
12.05.2022,-0.00544
13.05.2022,-0.00546
16.05.2022,-0.00558
17.05.2022,-0.00544
18.05.2022,-0.00552
19.05.2022,-0.00542
20.05.2022,-0.00535
23.05.2022,-0.00543
24.05.2022,-0.00543
25.05.2022,-0.00547
26.05.2022,-0.00544
27.05.2022,-0.00545
30.05.2022,-0.00545
31.05.2022,-0.00546
01.06.2022,-0.00541
02.06.2022,-0.00538
03.06.2022,-0.00538
06.06.2022,-0.00531
07.06.2022,-0.00525
08.06.2022,-0.00537
09.06.2022,-0.00533
10.06.2022,-0.00539
13.06.2022,-0.00536
14.06.2022,-0.00512
15.06.2022,-0.00494
16.06.2022,-0.00498
17.06.2022,-0.00487
20.06.2022,-0.005
21.06.2022,-0.00512
22.06.2022,-0.00512
23.06.2022,-0.00528
24.06.2022,-0.00553
27.06.2022,-0.00551
28.06.2022,-0.00536
29.06.2022,-0.00535
30.06.2022,-0.00508
01.07.2022,-0.00506
04.07.2022,-0.00485
05.07.2022,-0.0046
06.07.2022,-0.00465
07.07.2022,-0.00464
08.07.2022,-0.00427
11.07.2022,-0.00398
12.07.2022,-0.004
13.07.2022,-0.00421
14.07.2022,-0.00378
15.07.2022,-0.00317
18.07.2022,-0.0032
19.07.2022,-0.00325
20.07.2022,-0.00259
21.07.2022,-0.00252
22.07.2022,-0.0017
25.07.2022,-0.00131
26.07.2022,-0.00089
27.07.2022,-0.00062
28.07.2022,-0.00035
29.07.2022,-0.00071
01.08.2022,-0.00062
02.08.2022,-0.00048
03.08.2022,-0.0004
04.08.2022,-0.00039
05.08.2022,-0.00041
08.08.2022,-0.00032
09.08.2022,-0.00015
10.08.2022,-0.00025
11.08.2022,-0.00027
12.08.2022,-0.00035
15.08.2022,-0.00016
16.08.2022,-0.00028
17.08.2022,-0.00014
18.08.2022,0.00003
19.08.2022,0.00026
22.08.2022,0.00046
23.08.2022,0.00059
24.08.2022,0.00079
25.08.2022,0.00085
26.08.2022,0.00094
29.08.2022,0.0012
30.08.2022,0.00196
31.08.2022,0.0023
01.09.2022,0.00228
02.09.2022,0.00314
05.09.2022,0.00298
06.09.2022,0.00368
07.09.2022,0.00394
08.09.2022,0.00381
09.09.2022,0.0048
12.09.2022,0.00586
13.09.2022,0.00619
14.09.2022,0.00669
15.09.2022,0.0068
16.09.2022,0.00678
19.09.2022,0.00692
20.09.2022,0.007
21.09.2022,0.00708
22.09.2022,0.0068
23.09.2022,0.00698
26.09.2022,0.007
27.09.2022,0.00722
28.09.2022,0.00685
29.09.2022,0.00666
30.09.2022,0.00679
03.10.2022,0.00674
04.10.2022,0.00664
05.10.2022,0.00706
06.10.2022,0.00733
07.10.2022,0.00783
10.10.2022,0.00809
11.10.2022,0.00843
12.10.2022,0.00854
13.10.2022,0.00845
14.10.2022,0.00892
17.10.2022,0.00913
18.10.2022,0.00919
19.10.2022,0.00938
20.10.2022,0.00943
21.10.2022,0.00983
24.10.2022,0.00979
25.10.2022,0.01038
26.10.2022,0.01109
27.10.2022,0.01133
28.10.2022,0.01208
31.10.2022,0.01253
01.11.2022,0.01376
02.11.2022,0.01385
03.11.2022,0.01401
04.11.2022,0.01398
07.11.2022,0.01405
08.11.2022,0.01415
09.11.2022,0.01415
10.11.2022,0.01395
11.11.2022,0.01362
14.11.2022,0.01405
15.11.2022,0.01414
16.11.2022,0.01395
17.11.2022,0.01425
18.11.2022,0.01413
21.11.2022,0.014
22.11.2022,0.01418
23.11.2022,0.01448
24.11.2022,0.01462
25.11.2022,0.01476
28.11.2022,0.01492
29.11.2022,0.01497
30.11.2022,0.01512
01.12.2022,0.01526
02.12.2022,0.01514
05.12.2022,0.01523
06.12.2022,0.01519
07.12.2022,0.01552
08.12.2022,0.01538
09.12.2022,0.01605
12.12.2022,0.01622
13.12.2022,0.01686
14.12.2022,0.01697
15.12.2022,0.01691
16.12.2022,0.01748
19.12.2022,0.01797
20.12.2022,0.01898
21.12.2022,0.01913
22.12.2022,0.01894
23.12.2022,0.0191
27.12.2022,0.01895
28.12.2022,0.01898
29.12.2022,0.01901
30.12.2022,0.01884
02.01.2023,0.01883
03.01.2023,0.01854
04.01.2023,0.01888
05.01.2023,0.01894
06.01.2023,0.01904
09.01.2023,0.01898
10.01.2023,0.01935
11.01.2023,0.01922
12.01.2023,0.01918
13.01.2023,0.01908
16.01.2023,0.0197
17.01.2023,0.0198
18.01.2023,0.01985
19.01.2023,0.0199
20.01.2023,0.01999
23.01.2023,0.02014
24.01.2023,0.02052
25.01.2023,0.02064
26.01.2023,0.02077
27.01.2023,0.0213
30.01.2023,0.02144
31.01.2023,0.02177
01.02.2023,0.0219
02.02.2023,0.02262
03.02.2023,0.02255
06.02.2023,0.02325
07.02.2023,0.02361
08.02.2023,0.02381
09.02.2023,0.02363
10.02.2023,0.02375
13.02.2023,0.02402
14.02.2023,0.02374
15.02.2023,0.02405
16.02.2023,0.02406
17.02.2023,0.02374
20.02.2023,0.02383
21.02.2023,0.02392
22.02.2023,0.02396
23.02.2023,0.02403
24.02.2023,0.02429
27.02.2023,0.02422
28.02.2023,0.02478
01.03.2023,0.02487
02.03.2023,0.02502
03.03.2023,0.02551
06.03.2023,0.02511
07.03.2023,0.02562
08.03.2023,0.02565
09.03.2023,0.02573
10.03.2023,0.0263
13.03.2023,0.02646
14.03.2023,0.02601
15.03.2023,0.02615
16.03.2023,0.02558
17.03.2023,0.02648
20.03.2023,0.02778
21.03.2023,0.02822
22.03.2023,0.02902
23.03.2023,0.02902
24.03.2023,0.02928
27.03.2023,0.02902
28.03.2023,0.02904
29.03.2023,0.02905
30.03.2023,0.02921
31.03.2023,0.02915
03.04.2023,0.02928
04.04.2023,0.02899
05.04.2023,0.02888
06.04.2023,0.02887
11.04.2023,0.02889
12.04.2023,0.02889
13.04.2023,0.02934
14.04.2023,0.02948
17.04.2023,0.02966
18.04.2023,0.02968
19.04.2023,0.02987
20.04.2023,0.02998
21.04.2023,0.02956
24.04.2023,0.03031
25.04.2023,0.03024
26.04.2023,0.03015
27.04.2023,0.03037
28.04.2023,0.03052
02.05.2023,0.03093
03.05.2023,0.03088
04.05.2023,0.03112
05.05.2023,0.03099
08.05.2023,0.03138
09.05.2023,0.03161
10.05.2023,0.03146
11.05.2023,0.03159
12.05.2023,0.03162
15.05.2023,0.0315
16.05.2023,0.03158
17.05.2023,0.03152
18.05.2023,0.03151
19.05.2023,0.03134
22.05.2023,0.03135
23.05.2023,0.03142
24.05.2023,0.03138
25.05.2023,0.03198
26.05.2023,0.03199
29.05.2023,0.03213
30.05.2023,0.03214
31.05.2023,0.03211
01.06.2023,0.0321
02.06.2023,0.03218
05.06.2023,0.03222
06.06.2023,0.03254
07.06.2023,0.03271
08.06.2023,0.03258
09.06.2023,0.0329
12.06.2023,0.03315
13.06.2023,0.03328
14.06.2023,0.03338
15.06.2023,0.0335
16.06.2023,0.03355
19.06.2023,0.03372
20.06.2023,0.03383
21.06.2023,0.03439
22.06.2023,0.03413
23.06.2023,0.03448
26.06.2023,0.03429
27.06.2023,0.03411
28.06.2023,0.03418
29.06.2023,0.03415
30.06.2023,0.03399
03.07.2023,0.03385
04.07.2023,0.03388
05.07.2023,0.03393
06.07.2023,0.03377
07.07.2023,0.03425
10.07.2023,0.03438
11.07.2023,0.03456
12.07.2023,0.03457
13.07.2023,0.03446
14.07.2023,0.03464
17.07.2023,0.03457
18.07.2023,0.03465
19.07.2023,0.03455
20.07.2023,0.03472
21.07.2023,0.03502
24.07.2023,0.03475
25.07.2023,0.03521
26.07.2023,0.03545
27.07.2023,0.03565
28.07.2023,0.03585
31.07.2023,0.03578
01.08.2023,0.0358
02.08.2023,0.0361
03.08.2023,0.03609
04.08.2023,0.03615
07.08.2023,0.03638
08.08.2023,0.03615
09.08.2023,0.03625
10.08.2023,0.03621
11.08.2023,0.03638
14.08.2023,0.03664
15.08.2023,0.03627
16.08.2023,0.03623
17.08.2023,0.03632
18.08.2023,0.03615
21.08.2023,0.03612
22.08.2023,0.03637
23.08.2023,0.03642
24.08.2023,0.03632
25.08.2023,0.0362
28.08.2023,0.03645
29.08.2023,0.03631
30.08.2023,0.03654
31.08.2023,0.03637
01.09.2023,0.03639
04.09.2023,0.03636
05.09.2023,0.03625
06.09.2023,0.03651
07.09.2023,0.0367
08.09.2023,0.03682
11.09.2023,0.03662
12.09.2023,0.03699
13.09.2023,0.03675
14.09.2023,0.03725
15.09.2023,0.03762
18.09.2023,0.03762
19.09.2023,0.03891
20.09.2023,0.03834
21.09.2023,0.03869
22.09.2023,0.03872
25.09.2023,0.03865
26.09.2023,0.03843
27.09.2023,0.03858
28.09.2023,0.03845
29.09.2023,0.03847
02.10.2023,0.03858
03.10.2023,0.03872
04.10.2023,0.03834
05.10.2023,0.03825
06.10.2023,0.03863
09.10.2023,0.03871
10.10.2023,0.03864
11.10.2023,0.03865
12.10.2023,0.03872
13.10.2023,0.0386
16.10.2023,0.03862
17.10.2023,0.03845
18.10.2023,0.03864
19.10.2023,0.03855
20.10.2023,0.03863
23.10.2023,0.03861
24.10.2023,0.03842
25.10.2023,0.03845
26.10.2023,0.03883
27.10.2023,0.03868
30.10.2023,0.03893
31.10.2023,0.03876
01.11.2023,0.03893
02.11.2023,0.03883
03.11.2023,0.03877
06.11.2023,0.0386
07.11.2023,0.0385
08.11.2023,0.03858
09.11.2023,0.03838
10.11.2023,0.03834
13.11.2023,0.03819
14.11.2023,0.03822
15.11.2023,0.03791
16.11.2023,0.03839
17.11.2023,0.03819
20.11.2023,0.03822
21.11.2023,0.03815
22.11.2023,0.03818
23.11.2023,0.03835
24.11.2023,0.03805
27.11.2023,0.03848
28.11.2023,0.03847
29.11.2023,0.03854
30.11.2023,0.03868
01.12.2023,0.03869
04.12.2023,0.03855
05.12.2023,0.03865
06.12.2023,0.03859
07.12.2023,0.03872
08.12.2023,0.03853
11.12.2023,0.03858
12.12.2023,0.03862
13.12.2023,0.03833
14.12.2023,0.03844
15.12.2023,0.03853
18.12.2023,0.03859
19.12.2023,0.03853
20.12.2023,0.03859
21.12.2023,0.03876
22.12.2023,0.03865
27.12.2023,0.03843
28.12.2023,0.03872
29.12.2023,0.03845
02.01.2024,0.03856
03.01.2024,0.03865
04.01.2024,0.03858
05.01.2024,0.03878
08.01.2024,0.03871
09.01.2024,0.03867
10.01.2024,0.03877
11.01.2024,0.0388
12.01.2024,0.03893
15.01.2024,0.03868
16.01.2024,0.03894
17.01.2024,0.03875
18.01.2024,0.03869
19.01.2024,0.03854
22.01.2024,0.03859
23.01.2024,0.03869
24.01.2024,0.03862
25.01.2024,0.03868
26.01.2024,0.03871
29.01.2024,0.03853
30.01.2024,0.03854
31.01.2024,0.03877
01.02.2024,0.03873
02.02.2024,0.03864
05.02.2024,0.03887
06.02.2024,0.03893
07.02.2024,0.03874
08.02.2024,0.03873
09.02.2024,0.03835
12.02.2024,0.03882
13.02.2024,0.03862
14.02.2024,0.03871
15.02.2024,0.03877
16.02.2024,0.03881
19.02.2024,0.03851
20.02.2024,0.03895
21.02.2024,0.03886
22.02.2024,0.03864
23.02.2024,0.03851
26.02.2024,0.03843
27.02.2024,0.03855
28.02.2024,0.03856
29.02.2024,0.03865
01.03.2024,0.03817
04.03.2024,0.03839
05.03.2024,0.03868
06.03.2024,0.03865
07.03.2024,0.03868
08.03.2024,0.03878
11.03.2024,0.03871
12.03.2024,0.03847
13.03.2024,0.03859
14.03.2024,0.03843
15.03.2024,0.03862
18.03.2024,0.03855
19.03.2024,0.03862
20.03.2024,0.03862
21.03.2024,0.03848
22.03.2024,0.03853
25.03.2024,0.03842
26.03.2024,0.0383
27.03.2024,0.03835
28.03.2024,0.03855
02.04.2024,0.03855
03.04.2024,0.03852
04.04.2024,0.03877
05.04.2024,0.03888
08.04.2024,0.03877
09.04.2024,0.03837
10.04.2024,0.03854
11.04.2024,0.03879
12.04.2024,0.03836
15.04.2024,0.03846
16.04.2024,0.03855
17.04.2024,0.03828
18.04.2024,0.03855
19.04.2024,0.03837
22.04.2024,0.03819
23.04.2024,0.03815
24.04.2024,0.03852
25.04.2024,0.03862
26.04.2024,0.03848
29.04.2024,0.03858
30.04.2024,0.03873
02.05.2024,0.03877
03.05.2024,0.03865
06.05.2024,0.03852
07.05.2024,0.03875
08.05.2024,0.0387
09.05.2024,0.03862
10.05.2024,0.03856
13.05.2024,0.03828
14.05.2024,0.03838
15.05.2024,0.0383
16.05.2024,0.03817
17.05.2024,0.03799
20.05.2024,0.03807
21.05.2024,0.03785
22.05.2024,0.03797
23.05.2024,0.03805
24.05.2024,0.03792
27.05.2024,0.03792
28.05.2024,0.03764
29.05.2024,0.03772
30.05.2024,0.0375
31.05.2024,0.03717
03.06.2024,0.0369
04.06.2024,0.03666
05.06.2024,0.03676
06.06.2024,0.03688
07.06.2024,0.03679
10.06.2024,0.03654
11.06.2024,0.03613
12.06.2024,0.0363
13.06.2024,0.03599
14.06.2024,0.03579
17.06.2024,0.03602
18.06.2024,0.03606
19.06.2024,0.03608
20.06.2024,0.03598
21.06.2024,0.036
24.06.2024,0.03622
25.06.2024,0.03642
26.06.2024,0.03646
27.06.2024,0.03664
28.06.2024,0.03632
01.07.2024,0.03655
02.07.2024,0.03654
03.07.2024,0.03635
04.07.2024,0.03624
05.07.2024,0.03635
08.07.2024,0.03628
09.07.2024,0.03615
10.07.2024,0.03598
11.07.2024,0.03611
12.07.2024,0.03625
15.07.2024,0.03572
16.07.2024,0.03583
17.07.2024,0.03601
18.07.2024,0.03633
19.07.2024,0.03626
22.07.2024,0.0363
23.07.2024,0.03618
24.07.2024,0.03598
25.07.2024,0.03604
26.07.2024,0.03621
29.07.2024,0.03596
30.07.2024,0.03611
31.07.2024,0.0363
01.08.2024,0.03606
02.08.2024,0.03611
05.08.2024,0.03569
06.08.2024,0.03558
07.08.2024,0.03594
08.08.2024,0.03592
09.08.2024,0.03618
12.08.2024,0.03625
13.08.2024,0.03635
14.08.2024,0.03606
15.08.2024,0.03599
16.08.2024,0.03595
19.08.2024,0.03584
20.08.2024,0.03587
21.08.2024,0.03596
22.08.2024,0.03608
23.08.2024,0.03595
26.08.2024,0.03583
27.08.2024,0.03584
28.08.2024,0.03592
29.08.2024,0.03602
30.08.2024,0.03589
02.09.2024,0.03588
03.09.2024,0.03561
04.09.2024,0.03536
05.09.2024,0.03542
06.09.2024,0.03521
09.09.2024,0.0351
10.09.2024,0.03489
11.09.2024,0.03444
12.09.2024,0.03436
13.09.2024,0.03405
16.09.2024,0.03412
17.09.2024,0.03414
18.09.2024,0.03398
19.09.2024,0.03395
20.09.2024,0.03374
23.09.2024,0.03346
24.09.2024,0.03358
25.09.2024,0.03375
26.09.2024,0.03378
27.09.2024,0.03365
30.09.2024,0.03353
01.10.2024,0.0333
02.10.2024,0.03329
03.10.2024,0.03293
04.10.2024,0.0327
07.10.2024,0.03282
08.10.2024,0.03272
09.10.2024,0.03256
10.10.2024,0.03255
11.10.2024,0.03245
14.10.2024,0.03258
15.10.2024,0.03235
16.10.2024,0.03207
17.10.2024,0.03174
18.10.2024,0.03147
21.10.2024,0.03145
22.10.2024,0.03131
23.10.2024,0.03105
24.10.2024,0.03102
25.10.2024,0.03127
28.10.2024,0.03152
29.10.2024,0.03146
30.10.2024,0.0313
31.10.2024,0.03135
01.11.2024,0.03119
04.11.2024,0.03128
05.11.2024,0.03092
06.11.2024,0.03102
07.11.2024,0.03095
08.11.2024,0.03087
11.11.2024,0.0308
12.11.2024,0.03088
13.11.2024,0.03099
14.11.2024,0.03083
15.11.2024,0.03062
18.11.2024,0.03043
19.11.2024,0.03035
20.11.2024,0.03045
21.11.2024,0.03079
22.11.2024,0.03075
25.11.2024,0.03078
26.11.2024,0.03002
27.11.2024,0.02977
28.11.2024,0.03022
29.11.2024,0.03004
02.12.2024,0.02987
03.12.2024,0.03002
04.12.2024,0.03025
05.12.2024,0.03027
06.12.2024,0.03005
09.12.2024,0.02944
10.12.2024,0.02887
11.12.2024,0.02889
12.12.2024,0.02902
13.12.2024,0.02871
16.12.2024,0.02845
17.12.2024,0.02775
18.12.2024,0.02762
19.12.2024,0.02795
20.12.2024,0.02801
23.12.2024,0.02846
24.12.2024,0.02863
27.12.2024,0.02863
30.12.2024,0.02867
02.01.2025,0.02785
03.01.2025,0.02792
06.01.2025,0.02835
07.01.2025,0.0284
08.01.2025,0.02862
09.01.2025,0.02883
10.01.2025,0.02839
13.01.2025,0.0285
14.01.2025,0.02852
15.01.2025,0.02843
16.01.2025,0.02824
17.01.2025,0.02798
20.01.2025,0.02785
21.01.2025,0.02774
22.01.2025,0.02776
23.01.2025,0.02755
24.01.2025,0.02735
27.01.2025,0.02735
28.01.2025,0.02744
29.01.2025,0.02725
30.01.2025,0.02729
31.01.2025,0.0266
03.02.2025,0.02644
04.02.2025,0.02614
05.02.2025,0.02616
06.02.2025,0.02655
07.02.2025,0.02646
10.02.2025,0.02653
11.02.2025,0.02615
12.02.2025,0.02616
13.02.2025,0.02619
14.02.2025,0.02604
17.02.2025,0.02616
18.02.2025,0.02624
19.02.2025,0.02641
20.02.2025,0.02653
21.02.2025,0.02595
24.02.2025,0.026
25.02.2025,0.02565
26.02.2025,0.0255
27.02.2025,0.02526
28.02.2025,0.02463
03.03.2025,0.02466
04.03.2025,0.02471
05.03.2025,0.02494
06.03.2025,0.02481
07.03.2025,0.02456
10.03.2025,0.02471
11.03.2025,0.02446
12.03.2025,0.02392
13.03.2025,0.02368
14.03.2025,0.02379
17.03.2025,0.02386
18.03.2025,0.02363
19.03.2025,0.02389
20.03.2025,0.02373
21.03.2025,0.02374
24.03.2025,0.0234
25.03.2025,0.02349
26.03.2025,0.02358
27.03.2025,0.02363
28.03.2025,0.02344
31.03.2025,0.02358
01.04.2025,0.02349
02.04.2025,0.0236
03.04.2025,0.02357
04.04.2025,0.02341
07.04.2025,0.02347
08.04.2025,0.02327
09.04.2025,0.02328
10.04.2025,0.02351
11.04.2025,0.02304
14.04.2025,0.02252
15.04.2025,0.02207
16.04.2025,0.02199
17.04.2025,0.02134
22.04.2025,0.02101
23.04.2025,0.02134
24.04.2025,0.02147
25.04.2025,0.02139
28.04.2025,0.02151
29.04.2025,0.0216
30.04.2025,0.02165
02.05.2025,0.02149
05.05.2025,0.02123
06.05.2025,0.02144
07.05.2025,0.02171
08.05.2025,0.02131
09.05.2025,0.02114
12.05.2025,0.02123
13.05.2025,0.02126
14.05.2025,0.02132
15.05.2025,0.0212
16.05.2025,0.02089
19.05.2025,0.02101
20.05.2025,0.02064
21.05.2025,0.02053
22.05.2025,0.02088
23.05.2025,0.02089
26.05.2025,0.02096
27.05.2025,0.02063
28.05.2025,0.02009
29.05.2025,0.01991
30.05.2025,0.01996
02.06.2025,0.01984
03.06.2025,0.01947
04.06.2025,0.01954
05.06.2025,0.01964
06.06.2025,0.01972
09.06.2025,0.01962
10.06.2025,0.01961
11.06.2025,0.01914
12.06.2025,0.01892
13.06.2025,0.01917
16.06.2025,0.01911
17.06.2025,0.01897
18.06.2025,0.01876
19.06.2025,0.01899
20.06.2025,0.01871
23.06.2025,0.01889
24.06.2025,0.01934
25.06.2025,0.01976
26.06.2025,0.01929
27.06.2025,0.01916
30.06.2025,0.01934
01.07.2025,0.01906
02.07.2025,0.01889
03.07.2025,0.01874
04.07.2025,0.01874
07.07.2025,0.01889
08.07.2025,0.01916
09.07.2025,0.01925
10.07.2025,0.01926
11.07.2025,0.01913
14.07.2025,0.01874
15.07.2025,0.01846
16.07.2025,0.01881
17.07.2025,0.01895
18.07.2025,0.01883
21.07.2025,0.01885
22.07.2025,0.01904
23.07.2025,0.01912
24.07.2025,0.01902
25.07.2025,0.01876
28.07.2025,0.01881
29.07.2025,0.01901
30.07.2025,0.01884
31.07.2025,0.01886
01.08.2025,0.01893
04.08.2025,0.01911
05.08.2025,0.01911
06.08.2025,0.01912
07.08.2025,0.01892
08.08.2025,0.019
11.08.2025,0.01904
12.08.2025,0.01866
13.08.2025,0.01844
14.08.2025,0.01874
15.08.2025,0.01901
18.08.2025,0.01921
19.08.2025,0.01917
20.08.2025,0.01911
21.08.2025,0.01893
22.08.2025,0.01889
25.08.2025,0.01881
26.08.2025,0.01881
27.08.2025,0.01867
28.08.2025,0.01863
29.08.2025,0.01859
01.09.2025,0.01875
02.09.2025,0.01898
03.09.2025,0.01891
04.09.2025,0.01872
05.09.2025,0.0188
08.09.2025,0.01886
09.09.2025,0.01901
10.09.2025,0.01893
11.09.2025,0.01877
12.09.2025,0.01879
15.09.2025,0.0188
16.09.2025,0.01909
17.09.2025,0.01923
18.09.2025,0.0193
19.09.2025,0.01909
22.09.2025,0.01908
23.09.2025,0.0187
24.09.2025,0.01889
25.09.2025,0.01896
26.09.2025,0.01913
29.09.2025,0.01931
30.09.2025,0.01929
01.10.2025,0.01909
02.10.2025,0.01926
03.10.2025,0.01939
06.10.2025,0.0192
07.10.2025,0.01897
08.10.2025,0.01918
09.10.2025,0.01926
10.10.2025,0.0192
13.10.2025,0.01891
14.10.2025,0.01897
15.10.2025,0.01906
16.10.2025,0.01922
17.10.2025,0.01919
20.10.2025,0.01931
21.10.2025,0.01904
22.10.2025,0.0189
23.10.2025,0.0187
24.10.2025,0.01857
27.10.2025,0.01886
28.10.2025,0.01895
29.10.2025,0.01893
30.10.2025,0.01911
31.10.2025,0.01917
03.11.2025,0.01914
04.11.2025,0.01881
05.11.2025,0.01865
06.11.2025,0.01859
07.11.2025,0.01891
10.11.2025,0.01902
11.11.2025,0.01892
12.11.2025,0.01871
13.11.2025,0.01876
14.11.2025,0.01894
17.11.2025,0.01905
18.11.2025,0.01899
19.11.2025,0.01918
20.11.2025,0.01922
21.11.2025,0.01926
24.11.2025,0.01914
25.11.2025,0.01926
26.11.2025,0.0196
27.11.2025,0.01951
28.11.2025,0.01946
01.12.2025,0.01961
02.12.2025,0.01896
03.12.2025,0.01886
04.12.2025,0.01912
05.12.2025,0.01911
08.12.2025,0.01904
09.12.2025,0.01915
10.12.2025,0.01906
11.12.2025,0.01935
12.12.2025,0.01934
15.12.2025,0.01929
16.12.2025,0.01943
17.12.2025,0.01931
18.12.2025,0.01921
19.12.2025,0.01908
22.12.2025,0.01903
23.12.2025,0.01894
29.12.2025,0.01901
30.12.2025,0.01912
02.01.2026,0.01953
05.01.2026,0.01976
06.01.2026,0.01938
07.01.2026,0.01941
08.01.2026,0.0196
09.01.2026,0.01971
12.01.2026,0.01989
13.01.2026,0.01944
14.01.2026,0.0194
15.01.2026,0.01969
16.01.2026,0.01985
19.01.2026,0.01958
20.01.2026,0.01981
21.01.2026,0.01956
22.01.2026,0.01967
23.01.2026,0.01959
26.01.2026,0.01939
27.01.2026,0.01944
28.01.2026,0.01954
29.01.2026,0.01984
30.01.2026,0.01968
02.02.2026,0.01959
03.02.2026,0.01956
04.02.2026,0.01948
05.02.2026,0.01953
06.02.2026,0.01972
09.02.2026,0.01969
10.02.2026,0.01976
11.02.2026,0.01994
12.02.2026,0.01968
13.02.2026,0.01951
16.02.2026,0.01947
17.02.2026,0.01932
18.02.2026,0.01921
19.02.2026,0.0193
20.02.2026,0.01942
23.02.2026,0.0196
24.02.2026,0.01942
25.02.2026,0.01928
26.02.2026,0.01954
27.02.2026,0.01943
02.03.2026,0.01937
03.03.2026,0.01925
04.03.2026,0.01948
05.03.2026,0.01955
06.03.2026,0.0194
09.03.2026,0.01941
10.03.2026,0.01951
11.03.2026,0.0194
12.03.2026,0.0194
13.03.2026,0.01948
16.03.2026,0.01958
17.03.2026,0.01942
18.03.2026,0.0194
19.03.2026,0.0192
20.03.2026,0.01919
23.03.2026,0.0194
24.03.2026,0.0196
25.03.2026,0.01947
26.03.2026,0.01907
27.03.2026,0.01892
30.03.2026,0.01878
31.03.2026,0.01893
01.04.2026,0.01902
02.04.2026,0.01909
07.04.2026,0.01918
08.04.2026,0.01935
09.04.2026,0.01962
10.04.2026,0.01998
13.04.2026,0.02003
14.04.2026,0.01992
15.04.2026,0.01998
16.04.2026,0.02004
17.04.2026,0.01996
20.04.2026,0.01995
21.04.2026,0.01982
22.04.2026,0.01936
